2026-10-06T23:13:03.7195680Z Current runner version: '2.337.0'
2026-10-06T23:13:03.7213230Z ##[group]Runner Image Provisioner
2026-10-06T23:13:03.7213970Z Hosted Compute Agent
2026-10-06T23:13:03.7214510Z Version: 20260828.587
2026-10-06T23:13:03.7215050Z Commit: abac92662cab4cc7352de4f9f9d2e2419aad9c29
2026-10-06T23:13:03.7215630Z Build Date: 2026-08-28T16:44:25Z
2026-10-06T23:13:03.7216230Z Worker ID: {02f7cc98-0803-41d0-bf86-e81443c8d0c1}
2026-10-06T23:13:03.7216770Z Azure Region: westus
2026-10-06T23:13:03.7217150Z ##[endgroup]
2026-10-06T23:13:03.7218230Z ##[group]Operating System
2026-10-06T23:13:03.7218710Z macOS
2026-10-06T23:13:03.7219510Z 15.7.9
2026-10-06T23:13:03.7219910Z 24G830
2026-10-06T23:13:03.7220440Z ##[endgroup]
2026-10-06T23:13:03.7220980Z ##[group]Runner Image
2026-10-06T23:13:03.7221380Z Image: macos-15-arm64
2026-10-06T23:13:03.7221940Z Version: 20260907.0337.1
2026-10-06T23:13:03.7222950Z Included Software: https://github.com/actions/runner-images/blob/macos-15-arm64/20260907.0337/images/macos/macos-15-arm64-Readme.md
2026-10-06T23:13:03.7224190Z Image Release: https://github.com/actions/runner-images/releases/tag/macos-15-arm64%2F20260907.0337
2026-10-06T23:13:03.7224860Z ##[endgroup]
2026-10-06T23:13:03.7225790Z ##[group]GITHUB_TOKEN Permissions
2026-10-06T23:13:03.7227230Z Contents: read
2026-10-06T23:13:03.7227680Z Metadata: read
2026-10-06T23:13:03.7228190Z ##[endgroup]
2026-10-06T23:13:03.7230580Z Secret source: Actions
2026-10-06T23:13:03.7232030Z Cache mode: write
2026-10-06T23:13:03.7232800Z Prepare workflow directory
2026-10-06T23:13:03.7673700Z Prepare all required actions
2026-10-06T23:13:03.7708360Z Getting action download info
2026-10-06T23:13:04.1057620Z Download action repository 'actions/checkout@v4' (SHA:11d5960a326750d5838078e36cf38b85af677262)
2026-10-06T23:13:04.4237980Z Download action repository 'dtolnay/rust-toolchain@stable' (SHA:89b12181fb390509a0842a86cc55eeb8eb928c1d)
2026-10-06T23:13:04.8180990Z Download action repository 'actions/cache@v4' (SHA:0057852bfaa89a56745cba8c7296529d2fc39830)
2026-10-06T23:13:04.8970180Z Download action repository 'actions/setup-python@v5' (SHA:a26af69be951a213d495a4c3e4e4022e16d87065)
2026-10-06T23:13:05.0028840Z Download action repository 'actions/setup-node@v4' (SHA:49933ea5288caeca8642d1e84afbd3f7d6820020)
2026-10-06T23:13:05.1447950Z Download action repository 'actions/upload-artifact@v4' (SHA:ea165f8d65b6e75b540449e92b4886f43607fa02)
2026-10-06T23:13:05.4910070Z Complete job name: nagi-package (macos-15, macos-arm64, nagic, aarch64-apple-darwin)
2026-10-06T23:13:05.5862950Z ##[group]Run actions/checkout@v4
2026-10-06T23:13:05.5863900Z with:
2026-10-06T23:13:05.5864450Z   repository: disnana/Nagi
2026-10-06T23:13:05.5869870Z   token: ***
2026-10-06T23:13:05.5870440Z   ssh-strict: true
2026-10-06T23:13:05.5871120Z   ssh-user: git
2026-10-06T23:13:05.5871680Z   persist-credentials: true
2026-10-06T23:13:05.5872310Z   clean: true
2026-10-06T23:13:05.5872880Z   sparse-checkout-cone-mode: true
2026-10-06T23:13:05.5873550Z   fetch-depth: 1
2026-10-06T23:13:05.5874140Z   fetch-tags: false
2026-10-06T23:13:05.5874720Z   show-progress: true
2026-10-06T23:13:05.5875300Z   lfs: false
2026-10-06T23:13:05.5875830Z   submodules: false
2026-10-06T23:13:05.5876410Z   set-safe-directory: true
2026-10-06T23:13:05.5877060Z   allow-unsafe-pr-checkout: false
2026-10-06T23:13:05.5878010Z env:
2026-10-06T23:13:05.5878770Z   NAGI_FAILURE_DIR: /Users/runner/work/Nagi/Nagi/build/compiler-failures
2026-10-06T23:13:05.5879690Z ##[endgroup]
2026-10-06T23:13:06.0917730Z Syncing repository: disnana/Nagi
2026-10-06T23:13:06.0921100Z ##[group]Getting Git version info
2026-10-06T23:13:06.0926980Z Working directory is '/Users/runner/work/Nagi/Nagi'
2026-10-06T23:13:06.0938360Z [command]/opt/homebrew/bin/git version
2026-10-06T23:13:06.1469010Z git version 2.55.0
2026-10-06T23:13:06.1487170Z ##[endgroup]
2026-10-06T23:13:06.1494920Z Copying '/Users/runner/.gitconfig' to '/Users/runner/work/_temp/3f8044dd-9526-4d1e-ac41-abbd62d294d6/.gitconfig'
2026-10-06T23:13:06.1503340Z Temporarily overriding HOME='/Users/runner/work/_temp/3f8044dd-9526-4d1e-ac41-abbd62d294d6' before making global git config changes
2026-10-06T23:13:06.1505940Z Adding repository directory to the temporary git global config as a safe directory
2026-10-06T23:13:06.1507460Z [command]/opt/homebrew/bin/git config --global --add safe.directory /Users/runner/work/Nagi/Nagi
2026-10-06T23:13:06.1627380Z Deleting the contents of '/Users/runner/work/Nagi/Nagi'
2026-10-06T23:13:06.1632610Z ##[group]Initializing the repository
2026-10-06T23:13:06.1633830Z [command]/opt/homebrew/bin/git init /Users/runner/work/Nagi/Nagi
2026-10-06T23:13:06.1925270Z hint: Using 'master' as the name for the initial branch. This default branch name
2026-10-06T23:13:06.1929770Z hint: will change to "main" in Git 3.0. To configure the initial branch name
2026-10-06T23:13:06.1933810Z hint: to use in all of your new repositories, which will suppress this warning,
2026-10-06T23:13:06.1936780Z hint: call:
2026-10-06T23:13:06.1938500Z hint:
2026-10-06T23:13:06.1940670Z hint: 	git config --global init.defaultBranch <name>
2026-10-06T23:13:06.1944140Z hint:
2026-10-06T23:13:06.1946870Z hint: Names commonly chosen instead of 'master' are 'main', 'trunk' and
2026-10-06T23:13:06.1949080Z hint: 'development'. The just-created branch can be renamed via this command:
2026-10-06T23:13:06.1950820Z hint:
2026-10-06T23:13:06.1951880Z hint: 	git branch -m <name>
2026-10-06T23:13:06.1952940Z hint:
2026-10-06T23:13:06.1954360Z hint: Disable this message with "git config set advice.defaultBranchName false"
2026-10-06T23:13:06.1957320Z Initialized empty Git repository in /Users/runner/work/Nagi/Nagi/.git/
2026-10-06T23:13:06.1962150Z [command]/opt/homebrew/bin/git remote add origin https://github.com/disnana/Nagi
2026-10-06T23:13:06.2052710Z ##[endgroup]
2026-10-06T23:13:06.2054200Z ##[group]Disabling automatic garbage collection
2026-10-06T23:13:06.2055150Z [command]/opt/homebrew/bin/git config --local gc.auto 0
2026-10-06T23:13:06.2139280Z ##[endgroup]
2026-10-06T23:13:06.2190610Z ##[group]Setting up auth
2026-10-06T23:13:06.2192940Z [command]/opt/homebrew/bin/git config --local --name-only --get-regexp core\.sshCommand
2026-10-06T23:13:06.2214450Z [command]/opt/homebrew/bin/git submodule foreach --recursive sh -c "git config --local --name-only --get-regexp 'core\.sshCommand' && git config --local --unset-all 'core.sshCommand' || :"
2026-10-06T23:13:06.3274090Z [command]/opt/homebrew/bin/git config --local --name-only --get-regexp http\.https\:\/\/github\.com\/\.extraheader
2026-10-06T23:13:06.3346430Z [command]/opt/homebrew/bin/git submodule foreach --recursive sh -c "git config --local --name-only --get-regexp 'http\.https\:\/\/github\.com\/\.extraheader' && git config --local --unset-all 'http.https://github.com/.extraheader' || :"
2026-10-06T23:13:06.4558270Z [command]/opt/homebrew/bin/git config --local --name-only --get-regexp ^includeIf\.gitdir:
2026-10-06T23:13:06.4713120Z [command]/opt/homebrew/bin/git submodule foreach --recursive git config --local --show-origin --name-only --get-regexp remote.origin.url
2026-10-06T23:13:06.6001680Z [command]/opt/homebrew/bin/git config --local http.https://github.com/.extraheader AUTHORIZATION: basic ***
2026-10-06T23:13:06.6071000Z ##[endgroup]
2026-10-06T23:13:06.6072300Z ##[group]Fetching the repository
2026-10-06T23:13:06.6075220Z [command]/opt/homebrew/bin/git -c protocol.version=2 fetch --no-tags --prune --no-recurse-submodules --depth=1 origin +c9c04bc44d57417ef8e0b1962bdae6c9163825b2:refs/remotes/pull/90/merge
2026-10-06T23:13:08.1946180Z From https://github.com/disnana/Nagi
2026-10-06T23:13:08.1947580Z  * [new ref]         c9c04bc44d57417ef8e0b1962bdae6c9163825b2 -> pull/90/merge
2026-10-06T23:13:08.1950870Z ##[endgroup]
2026-10-06T23:13:08.1951260Z ##[group]Determining the checkout info
2026-10-06T23:13:08.1954010Z ##[endgroup]
2026-10-06T23:13:08.1962680Z [command]/opt/homebrew/bin/git sparse-checkout disable
2026-10-06T23:13:08.2060150Z [command]/opt/homebrew/bin/git config --local --unset-all extensions.worktreeConfig
2026-10-06T23:13:08.2146680Z ##[group]Checking out the ref
2026-10-06T23:13:08.2153280Z [command]/opt/homebrew/bin/git checkout --progress --force refs/remotes/pull/90/merge
2026-10-06T23:13:08.5000250Z HEAD is now at c9c04bc Merge f149705308fb042f3633fcc0a6cc533579ce5c77 into aee1987a7ede5eeebb5e253afd65cb5ede327dde
2026-10-06T23:13:08.5029010Z ##[endgroup]
2026-10-06T23:13:08.5115080Z [command]/opt/homebrew/bin/git log -1 --format=%H
2026-10-06T23:13:08.5189230Z c9c04bc44d57417ef8e0b1962bdae6c9163825b2
2026-10-06T23:13:08.5576020Z ##[group]Run dtolnay/rust-toolchain@stable
2026-10-06T23:13:08.5576380Z with:
2026-10-06T23:13:08.5576590Z   toolchain: stable
2026-10-06T23:13:08.5576830Z env:
2026-10-06T23:13:08.5577070Z   NAGI_FAILURE_DIR: /Users/runner/work/Nagi/Nagi/build/compiler-failures
2026-10-06T23:13:08.5577400Z ##[endgroup]
2026-10-06T23:13:08.5633220Z ##[start-action display=Parse toolchain version;id=rust.parse]
2026-10-06T23:13:08.5675460Z ##[group]Run if [[ -z $toolchain ]]; then
2026-10-06T23:13:08.5675770Z [36;1mif [[ -z $toolchain ]]; then[0m
2026-10-06T23:13:08.5676260Z [36;1m  # GitHub does not enforce `required: true` inputs itself. https://github.com/actions/runner/issues/1070[0m
2026-10-06T23:13:08.5676780Z [36;1m  echo "'toolchain' is a required input" >&2[0m
2026-10-06T23:13:08.5677020Z [36;1m  exit 1[0m
2026-10-06T23:13:08.5677350Z [36;1melif [[ $toolchain =~ ^stable' '[0-9]+' '(year|month|week|day)s?' 'ago$ ]]; then[0m
2026-10-06T23:13:08.5677880Z [36;1m  if [[ macOS == macOS ]]; then[0m
2026-10-06T23:13:08.5678380Z [36;1m    echo "toolchain=1.$((($(date -v-$(sed 's/stable \([0-9]*\) \(.\).*/\1\2/' <<< $toolchain) +%s)/60/60/24-16569)/7/6))" >> $GITHUB_OUTPUT[0m
2026-10-06T23:13:08.5678830Z [36;1m  else[0m
2026-10-06T23:13:08.5679280Z [36;1m    echo "toolchain=1.$((($(date --date "${toolchain#stable }" +%s)/60/60/24-16569)/7/6))" >> $GITHUB_OUTPUT[0m
2026-10-06T23:13:08.5679740Z [36;1m  fi[0m
2026-10-06T23:13:08.5679980Z [36;1melif [[ $toolchain =~ ^stable' 'minus' '[0-9]+' 'releases?$ ]]; then[0m
2026-10-06T23:13:08.5680490Z [36;1m  echo "toolchain=1.$((($(date +%s)/60/60/24-16569)/7/6-${toolchain//[^0-9]/}))" >> $GITHUB_OUTPUT[0m
2026-10-06T23:13:08.5680930Z [36;1melif [[ $toolchain =~ ^1\.[0-9]+$ ]]; then[0m
2026-10-06T23:13:08.5681380Z [36;1m  echo "toolchain=1.$((i=${toolchain#1.}, c=($(date +%s)/60/60/24-16569)/7/6, i+9*i*(10*i<=c)+90*i*(100*i<=c)))" >> $GITHUB_OUTPUT[0m
2026-10-06T23:13:08.5683490Z [36;1melse[0m
2026-10-06T23:13:08.5684320Z [36;1m  echo "toolchain=$toolchain" >> $GITHUB_OUTPUT[0m
2026-10-06T23:13:08.5686030Z [36;1mfi[0m
2026-10-06T23:13:08.5736860Z shell: /bin/bash --noprofile --norc -e -o pipefail {0}
2026-10-06T23:13:08.5737190Z env:
2026-10-06T23:13:08.5737460Z   NAGI_FAILURE_DIR: /Users/runner/work/Nagi/Nagi/build/compiler-failures
2026-10-06T23:13:08.5737790Z   toolchain: stable
2026-10-06T23:13:08.5737940Z ##[endgroup]
2026-10-06T23:13:08.6340050Z ##[end-action id=rust.parse;outcome=success;conclusion=success;duration_ms=70]
2026-10-06T23:13:08.6349750Z ##[start-action display=Construct rustup command line;id=rust.flags]
2026-10-06T23:13:08.6382430Z ##[group]Run echo "targets=$(for t in ${targets//,/ }; do echo -n ' --target' $t; done)" >> $GITHUB_OUTPUT
2026-10-06T23:13:08.6383040Z [36;1mecho "targets=$(for t in ${targets//,/ }; do echo -n ' --target' $t; done)" >> $GITHUB_OUTPUT[0m
2026-10-06T23:13:08.6383570Z [36;1mecho "components=$(for c in ${components//,/ }; do echo -n ' --component' $c; done)" >> $GITHUB_OUTPUT[0m
2026-10-06T23:13:08.6384100Z [36;1mecho "downgrade=" >> $GITHUB_OUTPUT[0m
2026-10-06T23:13:08.6417730Z shell: /bin/bash --noprofile --norc -e -o pipefail {0}
2026-10-06T23:13:08.6418010Z env:
2026-10-06T23:13:08.6418280Z   NAGI_FAILURE_DIR: /Users/runner/work/Nagi/Nagi/build/compiler-failures
2026-10-06T23:13:08.6418650Z   targets: 
2026-10-06T23:13:08.6418820Z   components: 
2026-10-06T23:13:08.6418980Z ##[endgroup]
2026-10-06T23:13:08.6809610Z ##[end-action id=rust.flags;outcome=success;conclusion=success;duration_ms=45]
2026-10-06T23:13:08.6813000Z ##[start-action display=Set $CARGO_HOME;id=rust.__run]
2026-10-06T23:13:08.6861690Z ##[group]Run echo CARGO_HOME=${CARGO_HOME:-"$HOME/.cargo"} >> $GITHUB_ENV
2026-10-06T23:13:08.6862110Z [36;1mecho CARGO_HOME=${CARGO_HOME:-"$HOME/.cargo"} >> $GITHUB_ENV[0m
2026-10-06T23:13:08.6894770Z shell: /bin/bash --noprofile --norc -e -o pipefail {0}
2026-10-06T23:13:08.6895100Z env:
2026-10-06T23:13:08.6895750Z   NAGI_FAILURE_DIR: /Users/runner/work/Nagi/Nagi/build/compiler-failures
2026-10-06T23:13:08.6896120Z ##[endgroup]
2026-10-06T23:13:08.7116540Z ##[end-action id=rust.__run;outcome=success;conclusion=success;duration_ms=30]
2026-10-06T23:13:08.7118600Z ##[start-action display=Install rustup if needed;id=rust.__run_2]
2026-10-06T23:13:08.7148160Z ##[group]Run if ! command -v rustup &>/dev/null; then
2026-10-06T23:13:08.7148490Z [36;1mif ! command -v rustup &>/dev/null; then[0m
2026-10-06T23:13:08.7149160Z [36;1m  curl --proto '=https' --tlsv1.2 --retry 10 --retry-connrefused --location --silent --show-error --fail https://sh.rustup.rs | sh -s -- --default-toolchain none -y[0m
2026-10-06T23:13:08.7149920Z [36;1m  echo "$CARGO_HOME/bin" >> $GITHUB_PATH[0m
2026-10-06T23:13:08.7150210Z [36;1mfi[0m
2026-10-06T23:13:08.7183450Z shell: /bin/bash --noprofile --norc -e -o pipefail {0}
2026-10-06T23:13:08.7183750Z env:
2026-10-06T23:13:08.7184080Z   NAGI_FAILURE_DIR: /Users/runner/work/Nagi/Nagi/build/compiler-failures
2026-10-06T23:13:08.7184540Z   CARGO_HOME: /Users/runner/.cargo
2026-10-06T23:13:08.7184750Z ##[endgroup]
2026-10-06T23:13:08.7403330Z ##[end-action id=rust.__run_2;outcome=success;conclusion=success;duration_ms=28]
2026-10-06T23:13:08.7405550Z ##[start-action display=Install rustup if needed on windows;id=rust.__run_3]
2026-10-06T23:13:08.7412560Z ##[end-action id=rust.__run_3;outcome=skipped;conclusion=skipped;duration_ms=0]
2026-10-06T23:13:08.7421020Z ##[start-action display=rustup toolchain install stable;id=rust.__run_4]
2026-10-06T23:13:08.7447650Z ##[group]Run log=$(mktemp)
2026-10-06T23:13:08.7447990Z [36;1mlog=$(mktemp)[0m
2026-10-06T23:13:08.7448240Z [36;1mtrap 'rm -f "$log"' EXIT[0m
2026-10-06T23:13:08.7448510Z [36;1mfor attempt in 1 2 3 4 5; do[0m
2026-10-06T23:13:08.7449050Z [36;1m  if rustup toolchain install stable --profile minimal --no-self-update --force-non-host 2>&1 | tee "$log"; then[0m
2026-10-06T23:13:08.7449610Z [36;1m    break[0m
2026-10-06T23:13:08.7449820Z [36;1m  else[0m
2026-10-06T23:13:08.7450040Z [36;1m    status=$?[0m
2026-10-06T23:13:08.7450260Z [36;1m  fi[0m
2026-10-06T23:13:08.7450550Z [36;1m  if [[ $attempt == 5 ]] || ! grep -Fq 'checksum failed for ' "$log" \[0m
2026-10-06T23:13:08.7451110Z [36;1m      || ! grep -Fq 'this is likely due to an ongoing update of the official release server' "$log"; then[0m
2026-10-06T23:13:08.7451610Z [36;1m    exit "$status"[0m
2026-10-06T23:13:08.7451830Z [36;1m  fi[0m
2026-10-06T23:13:08.7452190Z [36;1m  echo "Retrying rustup toolchain install in 30 seconds (retry $attempt of 4)" >&2[0m
2026-10-06T23:13:08.7452550Z [36;1m  sleep 30[0m
2026-10-06T23:13:08.7452730Z [36;1mdone[0m
2026-10-06T23:13:08.7486900Z shell: /bin/bash --noprofile --norc -e -o pipefail {0}
2026-10-06T23:13:08.7487220Z env:
2026-10-06T23:13:08.7487490Z   NAGI_FAILURE_DIR: /Users/runner/work/Nagi/Nagi/build/compiler-failures
2026-10-06T23:13:08.7487820Z   CARGO_HOME: /Users/runner/.cargo
2026-10-06T23:13:08.7488290Z   RUSTUP_PERMIT_COPY_RENAME: 1
2026-10-06T23:13:08.7488510Z ##[endgroup]
2026-10-06T23:13:09.1542610Z info: syncing channel updates for stable-aarch64-apple-darwin
2026-10-06T23:13:09.3844810Z info: latest update on 2026-10-01 for version 1.99.0 (b940084d7 2026-09-28)
2026-10-06T23:13:09.3988050Z info: removing previous version of component clippy
2026-10-06T23:13:09.4049510Z info: removing previous version of component rustfmt
2026-10-06T23:13:09.4091020Z info: removing previous version of component cargo
2026-10-06T23:13:09.4151350Z info: removing previous version of component rust-std
2026-10-06T23:13:09.4266250Z info: removing previous version of component rustc
2026-10-06T23:13:09.4347830Z info: downloading 5 components
2026-10-06T23:13:16.8496120Z 
2026-10-06T23:13:17.0577500Z   stable-aarch64-apple-darwin updated - rustc 1.99.0 (b940084d7 2026-09-28) (from rustc 1.98.1 (48a229cea 2026-09-01))
2026-10-06T23:13:17.0578860Z 
2026-10-06T23:13:17.0580280Z info: self-update is disabled for this build of rustup
2026-10-06T23:13:17.0592970Z info: any updates to rustup will need to be fetched with your system package manager
2026-10-06T23:13:17.1041210Z ##[end-action id=rust.__run_4;outcome=success;conclusion=success;duration_ms=8361]
2026-10-06T23:13:17.1065960Z ##[start-action display=rustup default stable;id=rust.__run_5]
2026-10-06T23:13:17.1135300Z ##[group]Run rustup default stable --force-non-host
2026-10-06T23:13:17.1135850Z [36;1mrustup default stable --force-non-host[0m
2026-10-06T23:13:17.1191270Z shell: /bin/bash --noprofile --norc -e -o pipefail {0}
2026-10-06T23:13:17.1191610Z env:
2026-10-06T23:13:17.1192060Z   NAGI_FAILURE_DIR: /Users/runner/work/Nagi/Nagi/build/compiler-failures
2026-10-06T23:13:17.1192470Z   CARGO_HOME: /Users/runner/.cargo
2026-10-06T23:13:17.1192820Z ##[endgroup]
2026-10-06T23:13:17.2143380Z info: using existing install for stable-aarch64-apple-darwin
2026-10-06T23:13:17.2196010Z info: default toolchain set to stable-aarch64-apple-darwin
2026-10-06T23:13:17.2196360Z 
2026-10-06T23:13:17.2394120Z   stable-aarch64-apple-darwin unchanged - rustc 1.99.0 (b940084d7 2026-09-28)
2026-10-06T23:13:17.2399050Z 
2026-10-06T23:13:17.2407970Z ##[end-action id=rust.__run_5;outcome=success;conclusion=success;duration_ms=134]
2026-10-06T23:13:17.2410950Z ##[start-action display=Create cachekey;id=rust.rustc-version]
2026-10-06T23:13:17.2438090Z ##[group]Run DATE=$(rustc +stable --version --verbose | sed -ne 's/^commit-date: \(20[0-9][0-9]\)-\([01][0-9]\)-\([0-3][0-9]\)$/\1\2\3/p')
2026-10-06T23:13:17.2438900Z [36;1mDATE=$(rustc +stable --version --verbose | sed -ne 's/^commit-date: \(20[0-9][0-9]\)-\([01][0-9]\)-\([0-3][0-9]\)$/\1\2\3/p')[0m
2026-10-06T23:13:17.2439580Z [36;1mHASH=$(rustc +stable --version --verbose | sed -ne 's/^commit-hash: //p')[0m
2026-10-06T23:13:17.2440160Z [36;1mecho "cachekey=$(echo $DATE$HASH | head -c12)" >> $GITHUB_OUTPUT[0m
2026-10-06T23:13:17.2477370Z shell: /bin/bash --noprofile --norc -e -o pipefail {0}
2026-10-06T23:13:17.2477790Z env:
2026-10-06T23:13:17.2478090Z   NAGI_FAILURE_DIR: /Users/runner/work/Nagi/Nagi/build/compiler-failures
2026-10-06T23:13:17.2478580Z   CARGO_HOME: /Users/runner/.cargo
2026-10-06T23:13:17.2478860Z ##[endgroup]
2026-10-06T23:13:17.3849820Z ##[end-action id=rust.rustc-version;outcome=success;conclusion=success;duration_ms=143]
2026-10-06T23:13:17.3852830Z ##[start-action display=Disable incremental compilation;id=rust.__run_6]
2026-10-06T23:13:17.3900640Z ##[group]Run if [ -z "${CARGO_INCREMENTAL+set}" ]; then
2026-10-06T23:13:17.3901780Z [36;1mif [ -z "${CARGO_INCREMENTAL+set}" ]; then[0m
2026-10-06T23:13:17.3902680Z [36;1m  echo CARGO_INCREMENTAL=0 >> $GITHUB_ENV[0m
2026-10-06T23:13:17.3903140Z [36;1mfi[0m
2026-10-06T23:13:17.3972230Z shell: /bin/bash --noprofile --norc -e -o pipefail {0}
2026-10-06T23:13:17.3972750Z env:
2026-10-06T23:13:17.3973120Z   NAGI_FAILURE_DIR: /Users/runner/work/Nagi/Nagi/build/compiler-failures
2026-10-06T23:13:17.3973650Z   CARGO_HOME: /Users/runner/.cargo
2026-10-06T23:13:17.3973980Z ##[endgroup]
2026-10-06T23:13:17.4339680Z ##[end-action id=rust.__run_6;outcome=success;conclusion=success;duration_ms=48]
2026-10-06T23:13:17.4341860Z ##[start-action display=Enable colors in Cargo output;id=rust.__run_7]
2026-10-06T23:13:17.4366190Z ##[group]Run if [ -z "${CARGO_TERM_COLOR+set}" ]; then
2026-10-06T23:13:17.4366530Z [36;1mif [ -z "${CARGO_TERM_COLOR+set}" ]; then[0m
2026-10-06T23:13:17.4366830Z [36;1m  echo CARGO_TERM_COLOR=always >> $GITHUB_ENV[0m
2026-10-06T23:13:17.4367070Z [36;1mfi[0m
2026-10-06T23:13:17.4400810Z shell: /bin/bash --noprofile --norc -e -o pipefail {0}
2026-10-06T23:13:17.4401080Z env:
2026-10-06T23:13:17.4402200Z   NAGI_FAILURE_DIR: /Users/runner/work/Nagi/Nagi/build/compiler-failures
2026-10-06T23:13:17.4402560Z   CARGO_HOME: /Users/runner/.cargo
2026-10-06T23:13:17.4402780Z   CARGO_INCREMENTAL: 0
2026-10-06T23:13:17.4402970Z ##[endgroup]
2026-10-06T23:13:17.4709910Z ##[end-action id=rust.__run_7;outcome=success;conclusion=success;duration_ms=36]
2026-10-06T23:13:17.4712690Z ##[start-action display=Enable Cargo sparse registry;id=rust.__run_8]
2026-10-06T23:13:17.4734730Z ##[group]Run # implemented in 1.66, stabilized in 1.68, made default in 1.70
2026-10-06T23:13:17.4735250Z [36;1m# implemented in 1.66, stabilized in 1.68, made default in 1.70[0m
2026-10-06T23:13:17.4735880Z [36;1mif [ -z "${CARGO_REGISTRIES_CRATES_IO_PROTOCOL+set}" -o -f "/Users/runner/work/_temp"/.implicit_cargo_registries_crates_io_protocol ]; then[0m
2026-10-06T23:13:17.4736490Z [36;1m  if rustc +stable --version --verbose | grep -q '^release: 1\.6[89]\.'; then[0m
2026-10-06T23:13:17.4737020Z [36;1m    touch "/Users/runner/work/_temp"/.implicit_cargo_registries_crates_io_protocol || true[0m
2026-10-06T23:13:17.4737590Z [36;1m    echo CARGO_REGISTRIES_CRATES_IO_PROTOCOL=sparse >> $GITHUB_ENV[0m
2026-10-06T23:13:17.4738020Z [36;1m  elif rustc +stable --version --verbose | grep -q '^release: 1\.6[67]\.'; then[0m
2026-10-06T23:13:17.4738610Z [36;1m    touch "/Users/runner/work/_temp"/.implicit_cargo_registries_crates_io_protocol || true[0m
2026-10-06T23:13:17.4739100Z [36;1m    echo CARGO_REGISTRIES_CRATES_IO_PROTOCOL=git >> $GITHUB_ENV[0m
2026-10-06T23:13:17.4739450Z [36;1m  fi[0m
2026-10-06T23:13:17.4739640Z [36;1mfi[0m
2026-10-06T23:13:17.4774220Z shell: /bin/bash --noprofile --norc -e -o pipefail {0}
2026-10-06T23:13:17.4774480Z env:
2026-10-06T23:13:17.4774760Z   NAGI_FAILURE_DIR: /Users/runner/work/Nagi/Nagi/build/compiler-failures
2026-10-06T23:13:17.4775090Z   CARGO_HOME: /Users/runner/.cargo
2026-10-06T23:13:17.4775290Z   CARGO_INCREMENTAL: 0
2026-10-06T23:13:17.4775470Z   CARGO_TERM_COLOR: always
2026-10-06T23:13:17.4775660Z ##[endgroup]
2026-10-06T23:13:17.5717990Z ##[end-action id=rust.__run_8;outcome=success;conclusion=success;duration_ms=100]
2026-10-06T23:13:17.5720570Z ##[start-action display=Work around spurious network errors in curl 8.0;id=rust.__run_9]
2026-10-06T23:13:17.5945000Z ##[group]Run # https://rust-lang.zulipchat.com/#narrow/stream/246057-t-cargo/topic/timeout.20investigation
2026-10-06T23:13:17.5945640Z [36;1m# https://rust-lang.zulipchat.com/#narrow/stream/246057-t-cargo/topic/timeout.20investigation[0m
2026-10-06T23:13:17.5946110Z [36;1mif rustc +stable --version --verbose | grep -q '^release: 1\.7[01]\.'; then[0m
2026-10-06T23:13:17.5946480Z [36;1m  echo CARGO_HTTP_MULTIPLEXING=false >> $GITHUB_ENV[0m
2026-10-06T23:13:17.5946740Z [36;1mfi[0m
2026-10-06T23:13:17.5975760Z shell: /bin/bash --noprofile --norc -e -o pipefail {0}
2026-10-06T23:13:17.5976010Z env:
2026-10-06T23:13:17.5976250Z   NAGI_FAILURE_DIR: /Users/runner/work/Nagi/Nagi/build/compiler-failures
2026-10-06T23:13:17.5976580Z   CARGO_HOME: /Users/runner/.cargo
2026-10-06T23:13:17.5976780Z   CARGO_INCREMENTAL: 0
2026-10-06T23:13:17.5976950Z   CARGO_TERM_COLOR: always
2026-10-06T23:13:17.5977130Z ##[endgroup]
2026-10-06T23:13:17.6552720Z ##[end-action id=rust.__run_9;outcome=success;conclusion=success;duration_ms=83]
2026-10-06T23:13:17.6568850Z ##[start-action display=rustc +stable --version --verbose;id=rust.__run_10]
2026-10-06T23:13:17.6600340Z ##[group]Run rustc +stable --version --verbose
2026-10-06T23:13:17.6601100Z [36;1mrustc +stable --version --verbose[0m
2026-10-06T23:13:17.6675220Z shell: /bin/bash --noprofile --norc -e -o pipefail {0}
2026-10-06T23:13:17.6675830Z env:
2026-10-06T23:13:17.6676080Z   NAGI_FAILURE_DIR: /Users/runner/work/Nagi/Nagi/build/compiler-failures
2026-10-06T23:13:17.6676520Z   CARGO_HOME: /Users/runner/.cargo
2026-10-06T23:13:17.6676770Z   CARGO_INCREMENTAL: 0
2026-10-06T23:13:17.6676990Z   CARGO_TERM_COLOR: always
2026-10-06T23:13:17.6677210Z ##[endgroup]
2026-10-06T23:13:17.7321980Z rustc 1.99.0 (b940084d7 2026-09-28)
2026-10-06T23:13:17.7322370Z binary: rustc
2026-10-06T23:13:17.7322660Z commit-hash: b940084d7eb6a299eb4bfeb8e34901bc051e7ac4
2026-10-06T23:13:17.7322920Z commit-date: 2026-09-28
2026-10-06T23:13:17.7323140Z host: aarch64-apple-darwin
2026-10-06T23:13:17.7323330Z release: 1.99.0
2026-10-06T23:13:17.7324510Z LLVM version: 23.1.1
2026-10-06T23:13:17.7338050Z ##[end-action id=rust.__run_10;outcome=success;conclusion=success;duration_ms=76]
2026-10-06T23:13:18.5778290Z ##[group]Run actions/cache@v4
2026-10-06T23:13:18.5778710Z with:
2026-10-06T23:13:18.5779100Z   path: ~/.cargo/registry
~/.cargo/git
target
native-target

2026-10-06T23:13:18.5780070Z   key: nagi-rust-v1-package-macos-arm64-20260928b940-601958ff337592e5f2a53aba9b5ce590b2902bb894b23107ca273c3687ede46d-d7d5a574842cd0ba2bcdf6847a94fa768430ebc0b4a63ab7ed287a29e9b48b28
2026-10-06T23:13:18.5781500Z   restore-keys: nagi-rust-v1-package-macos-arm64-20260928b940-601958ff337592e5f2a53aba9b5ce590b2902bb894b23107ca273c3687ede46d-
nagi-rust-v1-package-macos-arm64-20260928b940-

2026-10-06T23:13:18.5782390Z   enableCrossOsArchive: false
2026-10-06T23:13:18.5782590Z   fail-on-cache-miss: false
2026-10-06T23:13:18.5782860Z   lookup-only: false
2026-10-06T23:13:18.5783040Z   save-always: false
2026-10-06T23:13:18.5783280Z env:
2026-10-06T23:13:18.5783610Z   NAGI_FAILURE_DIR: /Users/runner/work/Nagi/Nagi/build/compiler-failures
2026-10-06T23:13:18.5784000Z   CARGO_HOME: /Users/runner/.cargo
2026-10-06T23:13:18.5784350Z   CARGO_INCREMENTAL: 0
2026-10-06T23:13:18.5784570Z   CARGO_TERM_COLOR: always
2026-10-06T23:13:18.5784830Z ##[endgroup]
2026-10-06T23:13:18.8240030Z (node:4577) [DEP0040] DeprecationWarning: The `punycode` module is deprecated. Please use a userland alternative instead.
2026-10-06T23:13:18.8242310Z (Use `node --trace-deprecation ...` to show where the warning was created)
2026-10-06T23:13:19.0413360Z Cache hit for restore-key: nagi-rust-v1-package-macos-arm64-20260928b940-601958ff337592e5f2a53aba9b5ce590b2902bb894b23107ca273c3687ede46d-b74de34c25f75320d9f8e6336092c4e52acbe4bc56e559d6c34b895a14cf3e1a
2026-10-06T23:13:19.0494290Z (node:4577) [DEP0169] DeprecationWarning: `url.parse()` behavior is not standardized and prone to errors that have security implications. Use the WHATWG URL API instead. CVEs are not issued for `url.parse()` vulnerabilities.
2026-10-06T23:13:20.2131620Z Received 41943040 of 685259666 (6.1%), 40.0 MBs/sec
2026-10-06T23:13:21.2145780Z Received 134217728 of 685259666 (19.6%), 63.9 MBs/sec
2026-10-06T23:13:22.2208520Z Received 247463936 of 685259666 (36.1%), 78.4 MBs/sec
2026-10-06T23:13:23.2232610Z Received 310378496 of 685259666 (45.3%), 73.8 MBs/sec
2026-10-06T23:13:24.3017730Z Received 402653184 of 685259666 (58.8%), 75.4 MBs/sec
2026-10-06T23:13:25.3024950Z Received 486539264 of 685259666 (71.0%), 76.2 MBs/sec
2026-10-06T23:13:26.3097890Z Received 574619648 of 685259666 (83.9%), 77.3 MBs/sec
2026-10-06T23:13:27.3055680Z Received 666894336 of 685259666 (97.3%), 78.6 MBs/sec
2026-10-06T23:13:28.1012220Z Received 685259666 of 685259666 (100.0%), 73.5 MBs/sec
2026-10-06T23:13:28.1026350Z Cache Size: ~654 MB (685259666 B)
2026-10-06T23:13:28.1074250Z [command]/opt/homebrew/bin/gtar -xf /Users/runner/work/_temp/7ef4fc0a-a449-4f43-8700-dfd2b5f6c113/cache.tzst -P -C /Users/runner/work/Nagi/Nagi --delay-directory-restore --use-compress-program unzstd
2026-10-06T23:13:37.4939380Z Cache restored successfully
2026-10-06T23:13:37.5553580Z Cache restored from key: nagi-rust-v1-package-macos-arm64-20260928b940-601958ff337592e5f2a53aba9b5ce590b2902bb894b23107ca273c3687ede46d-b74de34c25f75320d9f8e6336092c4e52acbe4bc56e559d6c34b895a14cf3e1a
2026-10-06T23:13:37.5989990Z ##[group]Run actions/setup-python@v5
2026-10-06T23:13:37.5990390Z with:
2026-10-06T23:13:37.5990700Z   python-version: 3.12
2026-10-06T23:13:37.5991030Z   check-latest: false
2026-10-06T23:13:37.5993250Z   token: ***
2026-10-06T23:13:37.5993530Z   update-environment: true
2026-10-06T23:13:37.5993780Z   allow-prereleases: false
2026-10-06T23:13:37.6002130Z   freethreaded: false
2026-10-06T23:13:37.6002530Z env:
2026-10-06T23:13:37.6002840Z   NAGI_FAILURE_DIR: /Users/runner/work/Nagi/Nagi/build/compiler-failures
2026-10-06T23:13:37.6003270Z   CARGO_HOME: /Users/runner/.cargo
2026-10-06T23:13:37.6003500Z   CARGO_INCREMENTAL: 0
2026-10-06T23:13:37.6003760Z   CARGO_TERM_COLOR: always
2026-10-06T23:13:37.6004050Z ##[endgroup]
2026-10-06T23:13:37.8992970Z ##[group]Installed versions
2026-10-06T23:13:37.9104700Z (node:4943) [DEP0040] DeprecationWarning: The `punycode` module is deprecated. Please use a userland alternative instead.
2026-10-06T23:13:37.9111190Z Successfully set up CPython (3.12.10)
2026-10-06T23:13:37.9111750Z (Use `node --trace-deprecation ...` to show where the warning was created)
2026-10-06T23:13:37.9119890Z ##[endgroup]
2026-10-06T23:13:37.9334830Z ##[group]Run actions/setup-node@v4
2026-10-06T23:13:37.9335090Z with:
2026-10-06T23:13:37.9335250Z   node-version: 22
2026-10-06T23:13:37.9335440Z   always-auth: false
2026-10-06T23:13:37.9335670Z   check-latest: false
2026-10-06T23:13:37.9337510Z   token: ***
2026-10-06T23:13:37.9337690Z env:
2026-10-06T23:13:37.9337930Z   NAGI_FAILURE_DIR: /Users/runner/work/Nagi/Nagi/build/compiler-failures
2026-10-06T23:13:37.9338260Z   CARGO_HOME: /Users/runner/.cargo
2026-10-06T23:13:37.9338480Z   CARGO_INCREMENTAL: 0
2026-10-06T23:13:37.9338660Z   CARGO_TERM_COLOR: always
2026-10-06T23:13:37.9338940Z   pythonLocation: /Users/runner/hostedtoolcache/Python/3.12.10/arm64
2026-10-06T23:13:37.9339350Z   PKG_CONFIG_PATH: /Users/runner/hostedtoolcache/Python/3.12.10/arm64/lib/pkgconfig
2026-10-06T23:13:37.9339790Z   Python_ROOT_DIR: /Users/runner/hostedtoolcache/Python/3.12.10/arm64
2026-10-06T23:13:37.9340160Z   Python2_ROOT_DIR: /Users/runner/hostedtoolcache/Python/3.12.10/arm64
2026-10-06T23:13:37.9340540Z   Python3_ROOT_DIR: /Users/runner/hostedtoolcache/Python/3.12.10/arm64
2026-10-06T23:13:37.9341190Z ##[endgroup]
2026-10-06T23:13:38.1631270Z (node:4944) [DEP0040] DeprecationWarning: The `punycode` module is deprecated. Please use a userland alternative instead.
2026-10-06T23:13:38.1725570Z (Use `node --trace-deprecation ...` to show where the warning was created)
2026-10-06T23:13:38.1732900Z Found in cache @ /Users/runner/hostedtoolcache/node/22.23.2/arm64
2026-10-06T23:13:38.1733470Z ##[group]Environment details
2026-10-06T23:13:38.8384700Z node: v22.23.2
2026-10-06T23:13:38.8424490Z npm: 10.9.8
2026-10-06T23:13:38.8424910Z yarn: 1.22.22
2026-10-06T23:13:38.8425730Z ##[endgroup]
2026-10-06T23:13:38.8487460Z ##[group]Run python - <<'PY'
2026-10-06T23:13:38.8487800Z [36;1mpython - <<'PY'[0m
2026-10-06T23:13:38.8488010Z [36;1mimport os, subprocess[0m
2026-10-06T23:13:38.8488370Z [36;1mlines = subprocess.check_output(['rustc', '-vV'], text=True).splitlines()[0m
2026-10-06T23:13:38.8488860Z [36;1mhost = next(line.removeprefix('host: ') for line in lines if line.startswith('host: '))[0m
2026-10-06T23:13:38.8489300Z [36;1massert host == os.environ['RELEASE_RUST_HOST'], host[0m
2026-10-06T23:13:38.8489570Z [36;1mPY[0m
2026-10-06T23:13:38.8570830Z shell: /bin/bash --noprofile --norc -e -o pipefail {0}
2026-10-06T23:13:38.8572150Z env:
2026-10-06T23:13:38.8572750Z   NAGI_FAILURE_DIR: /Users/runner/work/Nagi/Nagi/build/compiler-failures
2026-10-06T23:13:38.8573140Z   CARGO_HOME: /Users/runner/.cargo
2026-10-06T23:13:38.8573360Z   CARGO_INCREMENTAL: 0
2026-10-06T23:13:38.8573550Z   CARGO_TERM_COLOR: always
2026-10-06T23:13:38.8573900Z   pythonLocation: /Users/runner/hostedtoolcache/Python/3.12.10/arm64
2026-10-06T23:13:38.8574420Z   PKG_CONFIG_PATH: /Users/runner/hostedtoolcache/Python/3.12.10/arm64/lib/pkgconfig
2026-10-06T23:13:38.8574830Z   Python_ROOT_DIR: /Users/runner/hostedtoolcache/Python/3.12.10/arm64
2026-10-06T23:13:38.8575240Z   Python2_ROOT_DIR: /Users/runner/hostedtoolcache/Python/3.12.10/arm64
2026-10-06T23:13:38.8575700Z   Python3_ROOT_DIR: /Users/runner/hostedtoolcache/Python/3.12.10/arm64
2026-10-06T23:13:38.8576050Z   RELEASE_RUST_HOST: aarch64-apple-darwin
2026-10-06T23:13:38.8576290Z ##[endgroup]
2026-10-06T23:13:39.4626700Z ##[group]Run cargo fetch --locked --target "$RELEASE_RUST_HOST"
2026-10-06T23:13:39.4627180Z [36;1mcargo fetch --locked --target "$RELEASE_RUST_HOST"[0m
2026-10-06T23:13:39.4661300Z shell: /bin/bash --noprofile --norc -e -o pipefail {0}
2026-10-06T23:13:39.4661570Z env:
2026-10-06T23:13:39.4661840Z   NAGI_FAILURE_DIR: /Users/runner/work/Nagi/Nagi/build/compiler-failures
2026-10-06T23:13:39.4662160Z   CARGO_HOME: /Users/runner/.cargo
2026-10-06T23:13:39.4662400Z   CARGO_INCREMENTAL: 0
2026-10-06T23:13:39.4662590Z   CARGO_TERM_COLOR: always
2026-10-06T23:13:39.4662870Z   pythonLocation: /Users/runner/hostedtoolcache/Python/3.12.10/arm64
2026-10-06T23:13:39.4663300Z   PKG_CONFIG_PATH: /Users/runner/hostedtoolcache/Python/3.12.10/arm64/lib/pkgconfig
2026-10-06T23:13:39.4663730Z   Python_ROOT_DIR: /Users/runner/hostedtoolcache/Python/3.12.10/arm64
2026-10-06T23:13:39.4664120Z   Python2_ROOT_DIR: /Users/runner/hostedtoolcache/Python/3.12.10/arm64
2026-10-06T23:13:39.4664530Z   Python3_ROOT_DIR: /Users/runner/hostedtoolcache/Python/3.12.10/arm64
2026-10-06T23:13:39.4664900Z   RELEASE_RUST_HOST: aarch64-apple-darwin
2026-10-06T23:13:39.4665130Z ##[endgroup]
2026-10-06T23:13:39.8398820Z ##[group]Run cargo build --release --locked -p nagic
2026-10-06T23:13:39.8399240Z [36;1mcargo build --release --locked -p nagic[0m
2026-10-06T23:13:39.8433640Z shell: /bin/bash -e {0}
2026-10-06T23:13:39.8433840Z env:
2026-10-06T23:13:39.8434160Z   NAGI_FAILURE_DIR: /Users/runner/work/Nagi/Nagi/build/compiler-failures
2026-10-06T23:13:39.8434520Z   CARGO_HOME: /Users/runner/.cargo
2026-10-06T23:13:39.8434750Z   CARGO_INCREMENTAL: 0
2026-10-06T23:13:39.8434940Z   CARGO_TERM_COLOR: always
2026-10-06T23:13:39.8435210Z   pythonLocation: /Users/runner/hostedtoolcache/Python/3.12.10/arm64
2026-10-06T23:13:39.8435640Z   PKG_CONFIG_PATH: /Users/runner/hostedtoolcache/Python/3.12.10/arm64/lib/pkgconfig
2026-10-06T23:13:39.8436090Z   Python_ROOT_DIR: /Users/runner/hostedtoolcache/Python/3.12.10/arm64
2026-10-06T23:13:39.8436530Z   Python2_ROOT_DIR: /Users/runner/hostedtoolcache/Python/3.12.10/arm64
2026-10-06T23:13:39.8437820Z   Python3_ROOT_DIR: /Users/runner/hostedtoolcache/Python/3.12.10/arm64
2026-10-06T23:13:39.8438270Z ##[endgroup]
2026-10-06T23:13:39.9418480Z [1m[92m   Compiling[0m nagic v0.1.10 (/Users/runner/work/Nagi/Nagi/compiler)
2026-10-06T23:14:25.8266650Z [1m[92m    Finished[0m `release` profile [optimized] target(s) in 45.93s
2026-10-06T23:14:25.8550790Z ##[group]Run cargo test --locked -p nagic --lib --test cli --test installation --test codegen --test loop_ownership --test ownership_calls --test ownership_boundaries --test comparison_ownership --test owned_copy_codegen --test build_diagnostics --test rust_dependencies --test expression_contracts --test frontend_contracts --test literal_contracts --test http_route_conflicts --test symbols --test modules --test module_parser --test module_emission --test module_symbols --test enum_parser --test enum_modules --test enum_emission --test enum_patterns --test nullable_database --test nullable_roundtrip --test owned_database --test borrow_free_returns --test static_callback_views --test view_iteration --test view_parameter_rebinding --test sql_check --test typed_errors --test error_routes --test class_field_types --test resource_contract_characterization --test stdlib_imports --test option_match --test http_stdlib --test http_codegen --test actor_stdlib --test actor_codegen --test graph_types --test graph_relations --test graph_render --test graph_html --test map_cli --test low_multiline --test list_ownership_inference --test list_borrow_iteration --test result_stdlib
2026-10-06T23:14:25.8559050Z [36;1mcargo test --locked -p nagic --lib --test cli --test installation --test codegen --test loop_ownership --test ownership_calls --test ownership_boundaries --test comparison_ownership --test owned_copy_codegen --test build_diagnostics --test rust_dependencies --test expression_contracts --test frontend_contracts --test literal_contracts --test http_route_conflicts --test symbols --test modules --test module_parser --test module_emission --test module_symbols --test enum_parser --test enum_modules --test enum_emission --test enum_patterns --test nullable_database --test nullable_roundtrip --test owned_database --test borrow_free_returns --test static_callback_views --test view_iteration --test view_parameter_rebinding --test sql_check --test typed_errors --test error_routes --test class_field_types --test resource_contract_characterization --test stdlib_imports --test option_match --test http_stdlib --test http_codegen --test actor_stdlib --test actor_codegen --test graph_types --test graph_relations --test graph_render --test graph_html --test map_cli --test low_multiline --test list_ownership_inference --test list_borrow_iteration --test result_stdlib[0m
2026-10-06T23:14:25.8745580Z shell: /bin/bash -e {0}
2026-10-06T23:14:25.8745910Z env:
2026-10-06T23:14:25.8746280Z   NAGI_FAILURE_DIR: /Users/runner/work/Nagi/Nagi/build/compiler-failures
2026-10-06T23:14:25.8746750Z   CARGO_HOME: /Users/runner/.cargo
2026-10-06T23:14:25.8747110Z   CARGO_INCREMENTAL: 0
2026-10-06T23:14:25.8747390Z   CARGO_TERM_COLOR: always
2026-10-06T23:14:25.8747720Z   pythonLocation: /Users/runner/hostedtoolcache/Python/3.12.10/arm64
2026-10-06T23:14:25.8748300Z   PKG_CONFIG_PATH: /Users/runner/hostedtoolcache/Python/3.12.10/arm64/lib/pkgconfig
2026-10-06T23:14:25.8748820Z   Python_ROOT_DIR: /Users/runner/hostedtoolcache/Python/3.12.10/arm64
2026-10-06T23:14:25.8749240Z   Python2_ROOT_DIR: /Users/runner/hostedtoolcache/Python/3.12.10/arm64
2026-10-06T23:14:25.8749780Z   Python3_ROOT_DIR: /Users/runner/hostedtoolcache/Python/3.12.10/arm64
2026-10-06T23:14:25.8750140Z ##[endgroup]
2026-10-06T23:14:26.2255160Z [1m[92m   Compiling[0m nagic v0.1.10 (/Users/runner/work/Nagi/Nagi/compiler)
2026-10-06T23:14:42.0430820Z [1m[92m    Finished[0m `test` profile [unoptimized + debuginfo] target(s) in 16.01s
2026-10-06T23:14:42.0504500Z [1m[92m     Running[0m unittests src/lib.rs (target/debug/deps/nagic-2444cc00a4cd2876)
2026-10-06T23:14:42.0553150Z 
2026-10-06T23:14:42.0559090Z running 122 tests
2026-10-06T23:14:42.0582550Z test capabilities::tests::charge_recursive_lists_have_known_storage_but_require_a_walk ... ok
2026-10-06T23:14:42.0601450Z test capabilities::tests::charge_inline_capability_accounts_for_every_enum_variant ... ok
2026-10-06T23:14:42.0604240Z test capabilities::tests::charge_rejects_excluded_storage_with_a_nested_field_path ... ok
2026-10-06T23:14:42.0616620Z test capabilities::tests::indirect_cycles_remain_serializable_only_with_serializable_fields ... ok
2026-10-06T23:14:42.0645890Z test capabilities::tests::native_debug_does_not_require_generic_payload_debug ... ok
2026-10-06T23:14:42.0749880Z test capabilities::tests::private_causes_prevent_serialization_through_nested_records ... ok
2026-10-06T23:14:42.0866620Z test capabilities::tests::serde_charge_and_owned_fields_are_distinct_capabilities ... ok
2026-10-06T23:14:42.0973520Z test capabilities::tests::native_payload_roles_are_purpose_specific ... ok
2026-10-06T23:14:42.1000620Z test check::checked::tests::final_diagnostic_transports_kind_without_changing_user_messages ... ok
2026-10-06T23:14:42.1034560Z test check::checked::tests::final_factory_rejects_invalid_input ... ok
2026-10-06T23:14:42.1036870Z test check::checked::tests::final_factory_checks_and_seals_owned_input ... ok
2026-10-06T23:14:42.1038550Z test check::checked::tests::facts_and_emission_are_deterministic_and_read_only ... ok
2026-10-06T23:14:42.1040000Z test check::checked::tests::missing_binding_and_pattern_types_are_rejected_without_rechecking ... ok
2026-10-06T23:14:42.1041340Z test check::checked::tests::missing_declaration_type_is_rejected_without_rechecking ... ok
2026-10-06T23:14:42.1042720Z test check::checked::tests::sealed_missing_expression_plan_fails_closed ... ok
2026-10-06T23:14:42.1044310Z test check::checked::tests::missing_name_resolution_is_rejected_without_rechecking ... ok
2026-10-06T23:14:42.1046350Z test check::checked::tests::sealed_missing_operand_role_fails_closed ... ok
2026-10-06T23:14:42.1051870Z test check::checked::tests::sealed_missing_rust_type_plan_fails_closed ... ok
2026-10-06T23:14:42.1085680Z test check::checked::tests::sealing_rejects_missing_expression_types ... ok
2026-10-06T23:14:42.1109620Z test check::checked::tests::symbolic_enum_owner_is_not_an_untyped_payload ... ok
2026-10-06T23:14:42.1111130Z test check::checked::tests::sealed_missing_required_flow_or_slots_fails_closed ... ok
2026-10-06T23:14:42.1114800Z test check::checked::tests::unknown_origin_is_not_user_blame ... ok
2026-10-06T23:14:42.1211800Z test check::flow_metadata_tests::checked_operand_roles_reach_codegen_and_missing_roles_fail ... ok
2026-10-06T23:14:42.1240940Z test check::flow_metadata_tests::content_mutation_events_survive_rhs_replacement_and_stay_in_their_statement ... ok
2026-10-06T23:14:42.1242360Z test check::checked::tests::generated_saved_native_replacement_and_synthetic_origins_are_distinct ... ok
2026-10-06T23:14:42.1248440Z test check::checked::tests::task_sealing_rejects_missing_or_mismatched_scope_and_use_facts ... ok
2026-10-06T23:14:42.1249430Z test check::flow_metadata_tests::flow_collection_is_gated_to_view_return_dependencies ... ok
2026-10-06T23:14:42.1250340Z test check::flow_metadata_tests::flow_facts_recompute_for_high_saved_low_and_self_consumption ... ok
2026-10-06T23:14:42.1254430Z test check::flow_metadata_tests::loop_regions_preserve_candidate_reads_and_assignments ... ok
2026-10-06T23:14:42.1255280Z test check::flow_metadata_tests::flow_snapshots_only_keep_return_dependency_bindings ... ok
2026-10-06T23:14:42.1256160Z test modules::metadata_tests::intrinsic_transport_rejects_forged_namespace_collisions_and_unknown_heads ... ok
2026-10-06T23:14:42.1257130Z test modules::metadata_tests::intrinsic_type_transport_is_structural_and_avoids_real_bindings ... ok
2026-10-06T23:14:42.1257970Z test modules::metadata_tests::low_identity_is_portable_between_unix_drive_and_unc_paths ... ok
2026-10-06T23:14:42.1258710Z test modules::metadata_tests::low_metadata_rejects_unknown_topology_and_span_fields ... ok
2026-10-06T23:14:42.1259570Z test modules::metadata_tests::malformed_internal_looking_names_keep_their_original_display ... ok
2026-10-06T23:14:42.1260500Z test modules::metadata_tests::metadata_cannot_rebind_a_definition_to_a_builtin_or_unrelated_id ... ok
2026-10-06T23:14:42.1261720Z test modules::metadata_tests::metadata_rejects_relative_noncanonical_and_traversing_ids ... ok
2026-10-06T23:14:42.1262670Z test check::flow_metadata_tests::semantic_value_edges_keep_mutation_inputs_without_scalar_overselection ... ok
2026-10-06T23:14:42.1263620Z test sql_check::collect::tests::checked_high_and_saved_low_preserve_supported_operations_and_source_fields ... ok
2026-10-06T23:14:42.1264520Z test sql_check::collect::tests::aliased_row_classes_use_canonical_identity_and_original_field_names ... ok
2026-10-06T23:14:42.1265360Z test sql_check::collect::tests::conditional_loop_and_match_bodies_are_collected_once ... ok
2026-10-06T23:14:42.1266190Z test sql_check::collect::tests::dynamic_sql_and_exec_scripts_remain_visible_as_excluded_sites ... ok
2026-10-06T23:14:42.1267140Z test sql_check::collect::tests::integrated_native_replacements_only_collect_the_final_function_body ... ok
2026-10-06T23:14:42.1268000Z test sql_check::collect::tests::nested_value_expressions_returns_and_scope_spawn_keep_each_actual_call ... ok
2026-10-06T23:14:42.1268900Z test sql_check::collect::tests::collection_rejects_excessive_sites_at_the_first_over_limit_call ... ok
2026-10-06T23:14:42.1269790Z test sql_check::collect::tests::same_named_user_function_and_local_function_value_are_not_sql_calls ... ok
2026-10-06T23:14:42.1270580Z test sql_check::engine::tests::columns_aliases_and_sqlite_parameter_numbering ... ok
2026-10-06T23:14:42.1271430Z test sql_check::engine::tests::every_default_expression_uses_the_function_allowlist_even_when_unused ... ok
2026-10-06T23:14:42.1272310Z test sql_check::engine::tests::external_files_and_extension_paths_are_never_opened_or_modified ... ok
2026-10-06T23:14:42.1273370Z test sql_check::collect::tests::repeated_row_metadata_is_bounded_before_building_the_worker_request ... ok
2026-10-06T23:14:42.1274250Z test sql_check::engine::tests::ordinary_tables_indexes_views_and_pure_functions_are_supported ... ok
2026-10-06T23:14:42.1275070Z test sql_check::engine::tests::prepare_authorizer_also_rejects_unsafe_view_functions ... ok
2026-10-06T23:14:42.1275870Z test sql_check::engine::tests::prepare_only_dml_does_not_write_application_rows ... ok
2026-10-06T23:14:42.1276570Z test sql_check::engine::tests::rejects_operation_shape_mismatches ... ok
2026-10-06T23:14:42.1277390Z test sql_check::engine::tests::schema_is_ddl_snapshot_not_migration_or_arbitrary_sql ... ok
2026-10-06T23:14:42.1278310Z test sql_check::engine::tests::sqlite_identifier_defaults_remain_literals_without_hiding_function_terms ... ok
2026-10-06T23:14:42.1291940Z test sql_check::tests::bounded_input_does_not_accept_a_truncated_prefix ... ok
2026-10-06T23:14:42.1900320Z test sql_check::engine::tests::finite_limits_reject_large_and_deep_inputs ... ok
2026-10-06T23:14:42.2384050Z test sql_check::tests::deadline_kills_and_reaps_a_worker_with_blocked_input ... ok
2026-10-06T23:14:42.2488680Z test sql_check::tests::terminating_a_worker_returns_its_reaped_exit_status ... ok
2026-10-06T23:14:42.2589410Z test sql_check::tests::worker_fixture ... ok
2026-10-06T23:14:42.2717230Z test stdlib::resource_contract_tests::descriptor_rejects_arity_parameter_mismatch - should panic ... ok
2026-10-06T23:14:42.2837520Z test stdlib::resource_contract_tests::descriptor_rejects_duplicate_in_one_role - should panic ... ok
2026-10-06T23:14:42.2939090Z test stdlib::resource_contract_tests::descriptor_rejects_missing_role - should panic ... ok
2026-10-06T23:14:42.3043050Z test stdlib::resource_contract_tests::descriptor_rejects_out_of_range_role - should panic ... ok
2026-10-06T23:14:42.3146070Z test stdlib::resource_contract_tests::descriptor_rejects_overlapping_roles - should panic ... ok
2026-10-06T23:14:42.3269960Z test stdlib::resource_contract_tests::descriptor_rejects_roles_on_zero_arity - should panic ... ok
2026-10-06T23:14:42.3372130Z test stdlib::resource_contract_tests::legacy_views_borrow_the_registered_descriptor ... ok
2026-10-06T23:14:42.3473340Z test stdlib::resource_contract_tests::registered_roles_match_the_independent_position_oracle ... ok
2026-10-06T23:14:42.3574190Z test tests::await_only_async ... ok
2026-10-06T23:14:42.3675380Z test tests::bad_string ... ok
2026-10-06T23:14:42.3776150Z test tests::class_field_check ... ok
2026-10-06T23:14:42.3876800Z test tests::class_move ... ok
2026-10-06T23:14:42.3977740Z test tests::console_io_roundtrip ... ok
2026-10-06T23:14:42.4079990Z test tests::copy_value_class ... ok
2026-10-06T23:14:42.4181800Z test tests::cost_not_dynamic_count ... ok
2026-10-06T23:14:42.4282860Z test tests::duplicate_class_fields ... ok
2026-10-06T23:14:42.4405790Z test tests::empty_list_inference ... ok
2026-10-06T23:14:42.4507430Z test tests::error_propagation ... ok
2026-10-06T23:14:42.4645500Z test tests::explicit_copy ... ok
2026-10-06T23:14:42.4747100Z test tests::floating_literals_accept_f32_boundary_and_roundtrip ... ok
2026-10-06T23:14:42.4849540Z test tests::floating_literals_keep_f64_range_and_default_inference ... ok
2026-10-06T23:14:42.4951480Z test tests::floating_literals_reject_f32_overflow_in_high_and_low ... ok
2026-10-06T23:14:42.5053210Z test tests::forgotten_await ... ok
2026-10-06T23:14:42.5172020Z test tests::hello ... ok
2026-10-06T23:14:42.5293860Z test tests::html_route_is_not_encoded_as_json ... ok
2026-10-06T23:14:42.5395950Z test tests::invalid_indent ... ok
2026-10-06T23:14:42.5497990Z test tests::low_standalone ... ok
2026-10-06T23:14:42.5611720Z test tests::mismatched_type ... ok
2026-10-06T23:14:42.5714430Z test tests::missing_return ... ok
2026-10-06T23:14:42.5847830Z test tests::native_numeric ... ok
2026-10-06T23:14:42.5948610Z test tests::nested_view_in_class_rejected ... ok
2026-10-06T23:14:42.6071380Z test tests::no_implicit_conversion ... ok
2026-10-06T23:14:42.6174590Z test tests::nullable ... ok
2026-10-06T23:14:42.6299240Z test tests::number_overflow ... ok
2026-10-06T23:14:42.6405080Z test tests::owned_parameter_cannot_return_view ... ok
2026-10-06T23:14:42.6509530Z test tests::precedence ... ok
2026-10-06T23:14:42.6613800Z test tests::recursive_value ... ok
2026-10-06T23:14:42.6714980Z test tests::replace_bad_signature ... ok
2026-10-06T23:14:42.6819570Z test tests::replace_exact_signature ... ok
2026-10-06T23:14:42.6922540Z test sql_check::tests::encoded_metadata_is_bounded_including_json_escaping ... ok
2026-10-06T23:14:42.6974270Z test tests::resource_contract_goldens::data_derives_golden ... ok
2026-10-06T23:14:42.6999800Z test tests::resource_contract_goldens::actor_data_golden ... ok
2026-10-06T23:14:42.7001790Z test tests::resource_contract_goldens::http_borrow_and_mappers_golden ... ok
2026-10-06T23:14:42.7002840Z test tests::result_must_handle ... ok
2026-10-06T23:14:42.7003770Z test tests::roundtrip_low ... ok
2026-10-06T23:14:42.7005180Z test tests::rust_extern_interface_and_low_roundtrip ... ok
2026-10-06T23:14:42.7006040Z test tests::scope_spawn ... ok
2026-10-06T23:14:42.7007050Z test tests::signed_minimum_literals_are_in_range_in_high_and_low ... ok
2026-10-06T23:14:42.7297480Z test tests::resource_contract_goldens::http_inspection_golden ... ok
2026-10-06T23:14:42.7381130Z test tests::string_move ... ok
2026-10-06T23:14:42.7402760Z test tests::tabs_rejected ... ok
2026-10-06T23:14:42.7403240Z test tests::unknown_class ... ok
2026-10-06T23:14:42.7403620Z test tests::unknown_name ... ok
2026-10-06T23:14:42.7404070Z test tests::unscoped_spawn ... ok
2026-10-06T23:14:42.7404600Z test tests::view_cannot_spawn ... ok
2026-10-06T23:14:42.7405010Z test tests::view_escape ... ok
2026-10-06T23:14:42.7405590Z test tests::view_prevents_move ... ok
2026-10-06T23:14:42.7406080Z test tests::view_prevents_mutation ... ok
2026-10-06T23:14:42.7406600Z test tests::view_return_parameter ... ok
2026-10-06T23:14:42.7573530Z test tests::signed_minimum_literals_compile_and_run_after_lowering ... ok
2026-10-06T23:14:43.8705200Z [1m[92m     Running[0m tests/actor_codegen.rs (target/debug/deps/actor_codegen-1b33f4e6f0bf1a83)
2026-10-06T23:14:43.8723910Z test check::flow_metadata_tests::return_alias_dependencies_keep_straight_line_snapshots_sparse ... ok
2026-10-06T23:14:43.8725220Z 
2026-10-06T23:14:43.8826220Z test result: ok. 122 passed; 0 failed; 0 ignored; 0 measured; 0 filtered out; finished in 1.81s
2026-10-06T23:14:43.8928280Z 
2026-10-06T23:14:43.9028750Z 
2026-10-06T23:14:43.9130110Z running 2 tests
2026-10-06T23:14:44.1649950Z test actor_charge_generation_survives_low_without_clones_reflection_or_serde_requirements ... ok
2026-10-06T23:14:52.9669960Z test generated_nominal_charges_execute_against_native_capacity_and_walk_limits ... ok
2026-10-06T23:14:52.9671540Z [1m[92m     Running[0m tests/actor_stdlib.rs (target/debug/deps/actor_stdlib-47d7dd2aec47f6ba)
2026-10-06T23:14:52.9671960Z 
2026-10-06T23:14:52.9672360Z test result: ok. 2 passed; 0 failed; 0 ignored; 0 measured; 0 filtered out; finished in 9.10s
2026-10-06T23:14:52.9672760Z 
2026-10-06T23:14:52.9701860Z 
2026-10-06T23:14:52.9702660Z running 12 tests
2026-10-06T23:14:53.8630670Z test actor_and_http_aliases_keep_distinct_registry_identity_without_fake_classes ... ok
2026-10-06T23:14:54.2814540Z test callback_shapes_and_custom_error_identity_are_checked_before_native_build ... ok
2026-10-06T23:14:54.6079930Z test lifecycle_text_views_follow_their_native_owner_and_cannot_serialize ... ok
2026-10-06T23:14:55.3144440Z test named_task_factory_aliases_require_shared_context_async_unit_and_builtin_error ... ok
2026-10-06T23:14:57.3244030Z test explicit_task_readiness_and_typed_event_deadlines_execute_from_high_and_low ... ok
2026-10-06T23:15:02.1414960Z test messages_replies_and_business_errors_reject_unaccounted_nested_payloads ... ok
2026-10-06T23:15:02.7248200Z test owned_custom_class_replies_and_errors_execute_without_clone_or_serde_bounds ... ok
2026-10-06T23:15:02.9092130Z test saved_low_cannot_invent_actor_types_capabilities_or_standard_implementations ... ok
2026-10-06T23:15:03.4733800Z test spawning_borrowing_native_futures_requires_an_owned_named_wrapper ... ok
2026-10-06T23:15:03.9404930Z test readiness_factory_and_wait_error_contracts_are_checked_before_native_build ... ok
2026-10-06T23:15:04.3314870Z test turn_inline_layout_generics_and_left_to_right_moves_are_not_erased ... ok
2026-10-06T23:15:09.2501660Z test pending_owned_state_business_failure_and_restart_execute_from_high_and_low ... ok
2026-10-06T23:15:09.2502370Z 
2026-10-06T23:15:09.2503020Z test result: ok. 12 passed; 0 failed; 0 ignored; 0 measured; 0 filtered out; finished in 16.28s
2026-10-06T23:15:09.2503530Z 
2026-10-06T23:15:09.2512700Z [1m[92m     Running[0m tests/borrow_free_returns.rs (target/debug/deps/borrow_free_returns-b41c073dee30252e)
2026-10-06T23:15:09.2545840Z 
2026-10-06T23:15:09.2546940Z running 5 tests
2026-10-06T23:15:09.2631890Z test adding_local_views_to_absent_values_still_rejects_escape ... ok
2026-10-06T23:15:09.2685220Z test clearing_values_does_not_erase_rust_lifetime_constraints ... ok
2026-10-06T23:15:09.2699820Z test unknown_native_origins_do_not_gain_an_absence_proof ... ok
2026-10-06T23:15:09.4930740Z test direct_absent_returns_remain_legal_after_local_borrows ... ok
2026-10-06T23:15:09.9278370Z test absent_views_in_nullable_empty_lists_and_failures_can_be_returned ... ok
2026-10-06T23:15:09.9279400Z 
2026-10-06T23:15:09.9282770Z [1m[92m     Running[0m tests/build_diagnostics.rs (target/debug/deps/build_diagnostics-c8555d1d4511f47c)
2026-10-06T23:15:09.9284880Z test result: ok. 5 passed; 0 failed; 0 ignored; 0 measured; 0 filtered out; finished in 0.67s
2026-10-06T23:15:09.9285770Z 
2026-10-06T23:15:09.9317250Z 
2026-10-06T23:15:09.9319590Z running 30 tests
2026-10-06T23:15:09.9390920Z test child_notes_cannot_relabel_an_unmapped_primary_or_dependency ... ok
2026-10-06T23:15:09.9446120Z test child_notes_keep_module_locations_and_readable_definition_names ... ok
2026-10-06T23:15:09.9449830Z test dependency_synthetic_and_incomplete_diagnostics_fall_back_without_guessing ... ok
2026-10-06T23:15:09.9515710Z test existing_path_aliases_match_only_the_generated_file ... ok
2026-10-06T23:15:10.2192330Z test a_successful_run_stays_quiet_and_passes_through_program_output ... ok
2026-10-06T23:15:10.5825050Z test finite_f32_extremes_compile_and_run_after_lowering ... ok
2026-10-06T23:15:10.6518170Z test cli_maps_adapter_mismatch_without_repeating_generated_rust_by_default ... ok
2026-10-06T23:15:10.7795480Z test high_build_points_to_nagi_and_keeps_rust_notes_and_failure_status ... ok
2026-10-06T23:15:10.9914410Z test imported_high_uses_the_dependency_path_and_local_line ... ok
2026-10-06T23:15:11.1751000Z test imported_low_uses_its_own_file_instead_of_the_entry_file ... ok
2026-10-06T23:15:11.2020800Z test extern_argument_and_sync_async_mismatches_fail_at_the_declaration_in_high_and_low ... ok
2026-10-06T23:15:11.2318880Z test invalid_operators_in_imports_report_nagi_lines_before_rust_or_cargo ... ok
2026-10-06T23:15:11.2504110Z test iterator_mutation_fails_in_check_and_build_before_backend_generation ... ok
2026-10-06T23:15:11.2580620Z test lowering_restores_nested_statement_expression_arm_and_field_lines ... ok
2026-10-06T23:15:11.3393500Z test invalid_entrypoints_are_rejected_before_cargo_with_source_locations ... ok
2026-10-06T23:15:11.3495290Z test native_signature_errors_also_keep_the_native_low_location ... ok
2026-10-06T23:15:11.3652020Z test overflowing_f32_is_rejected_at_the_source_before_backend_build ... ok
2026-10-06T23:15:11.3983010Z test repeated_moves_fail_in_check_and_build_before_invoking_rust ... ok
2026-10-06T23:15:11.4219750Z test repeated_moves_keep_imported_and_replacement_source_locations ... ok
2026-10-06T23:15:11.4437400Z test native_rust_errors_are_not_relabelled_as_nagi ... ok
2026-10-06T23:15:11.6050980Z test replacement_adapter_errors_point_to_the_handwritten_low_file ... ok
2026-10-06T23:15:11.9871950Z test safe_reinitialization_and_return_paths_check_build_and_run ... ok
2026-10-06T23:15:12.1969840Z test imported_async_ffi_send_failure_maps_the_cause_note_in_high_and_saved_low ... ok
2026-10-06T23:15:12.4215310Z test standalone_low_uses_the_original_low_lines ... ok
2026-10-06T23:15:12.5099410Z test try_result_reuse_reports_source_lines_before_invoking_cargo ... ok
2026-10-06T23:15:12.5118850Z test unix_backslashes_do_not_turn_a_dependency_path_into_the_generated_file ... ok
2026-10-06T23:15:12.6004990Z test unsupported_class_fields_and_async_reassignments_fail_before_backend_generation ... ok
2026-10-06T23:15:12.6006460Z test windows_paths_and_canonical_prefixes_match_only_the_generated_target ... ok
2026-10-06T23:15:12.6297760Z test run_preserves_json_stdout_with_and_without_a_cost_report_in_high_and_saved_low ... ok
2026-10-06T23:15:15.1902600Z test source_names_with_spaces_and_dots_build_and_run ... ok
2026-10-06T23:15:15.1902990Z 
2026-10-06T23:15:15.1904690Z test result: ok. 30 passed; 0 failed; 0 ignored; 0 measured; 0 filtered out; finished in 5.26s
2026-10-06T23:15:15.1906110Z [1m[92m     Running[0m tests/class_field_types.rs (target/debug/deps/class_field_types-6cb0afb6ec206073)
2026-10-06T23:15:15.1906550Z 
2026-10-06T23:15:15.1974030Z 
2026-10-06T23:15:15.1975410Z running 5 tests
2026-10-06T23:15:15.2112470Z test map_keys_with_missing_equality_or_hashing_fail_before_derivation ... ok
2026-10-06T23:15:15.2142890Z test nested_data_fields_and_bridge_defined_key_traits_remain_available ... ok
2026-10-06T23:15:15.2143640Z test unsupported_resource_and_function_fields_fail_at_the_field_line ... ok
2026-10-06T23:15:15.2157180Z test owned_database_fields_are_private_state_and_keep_high_low_emission_valid ... ok
2026-10-06T23:15:16.4497090Z test native_database_debug_hides_connection_details_inside_shared_state ... ok
2026-10-06T23:15:16.4499280Z [1m[92m     Running[0m tests/cli.rs (target/debug/deps/cli-39d6f84d7c26368d)
2026-10-06T23:15:16.4502330Z 
2026-10-06T23:15:16.4502820Z test result: ok. 5 passed; 0 failed; 0 ignored; 0 measured; 0 filtered out; finished in 1.25s
2026-10-06T23:15:16.4504430Z 
2026-10-06T23:15:16.4543730Z 
2026-10-06T23:15:16.4544910Z running 7 tests
2026-10-06T23:15:16.4940060Z test an_unusable_cargo_is_not_reported_as_a_missing_rust_installation ... ok
2026-10-06T23:15:16.5180090Z test check_and_lower_put_status_on_stderr_and_keep_cost_report_machine_readable ... ok
2026-10-06T23:15:16.5470950Z test check_needs_no_cargo_and_build_reports_the_missing_tool ... ok
2026-10-06T23:15:16.5596180Z test version_rejects_unexpected_arguments ... ok
2026-10-06T23:15:16.5724590Z test help_works_without_source_or_valid_project ... ok
2026-10-06T23:15:16.5858650Z test version_works_without_project_runtime_or_build_tools ... ok
2026-10-06T23:15:16.6523030Z test cargo_failure_preserves_the_cause_without_blaming_the_nagi_program ... ok
2026-10-06T23:15:16.6526020Z [1m[92m     Running[0m tests/codegen.rs (target/debug/deps/codegen-d1cdf29e740630cd)
2026-10-06T23:15:16.6526770Z 
2026-10-06T23:15:16.6527770Z test result: ok. 7 passed; 0 failed; 0 ignored; 0 measured; 0 filtered out; finished in 0.20s
2026-10-06T23:15:16.6528640Z 
2026-10-06T23:15:16.6637780Z 
2026-10-06T23:15:16.6640690Z running 16 tests
2026-10-06T23:15:16.6742800Z test a_record_named_fn_does_not_become_a_copy_function_value ... ok
2026-10-06T23:15:16.8342760Z test builtin_option_and_result_constructors_do_not_call_user_functions ... ok
2026-10-06T23:15:16.8570490Z test async_function_values_keep_their_future_return_type ... ok
2026-10-06T23:15:16.9107660Z test explicit_local_async_function_annotations_compile_and_run ... ok
2026-10-06T23:15:17.0975370Z test function_values_preserve_the_shared_view_lifetime ... ok
2026-10-06T23:15:17.0998890Z test for_bindings_can_be_reassigned_without_changing_the_iterator_or_outer_binding ... ok
2026-10-06T23:15:17.1647030Z test local_function_values_shadow_builtins_and_functions ... ok
2026-10-06T23:15:17.3272140Z test nested_views_compile_and_copy_strings_bytes_and_lists ... ok
2026-10-06T23:15:17.3583640Z test output_compiles_for_numbers_booleans_and_borrowed_strings ... ok
2026-10-06T23:15:17.3585650Z test numeric_negation_and_nested_view_comparisons_compile_and_run ... ok
2026-10-06T23:15:17.5194130Z test reassignment_of_the_same_async_function_through_aliases_compiles_and_runs ... ok
2026-10-06T23:15:17.5270940Z test result_match_compiles_and_runs_owned_and_borrowed_payloads ... ok
2026-10-06T23:15:17.5372520Z test returning_a_function_value_does_not_borrow_local_data ... ok
2026-10-06T23:15:17.6808550Z test rust_keywords_and_generated_helper_names_remain_valid_nagi_names ... ok
2026-10-06T23:15:17.6880960Z test user_functions_with_builtin_names_keep_their_call_targets ... ok
2026-10-06T23:15:18.0984500Z test user_and_local_functions_named_serve_compile_without_http_runtime ... ok
2026-10-06T23:15:18.0986870Z [1m[92m     Running[0m tests/comparison_ownership.rs (target/debug/deps/comparison_ownership-60b258f08d6e2d90)
2026-10-06T23:15:18.0987330Z 
2026-10-06T23:15:18.0987780Z test result: ok. 16 passed; 0 failed; 0 ignored; 0 measured; 0 filtered out; finished in 1.44s
2026-10-06T23:15:18.0988210Z 
2026-10-06T23:15:18.1020950Z 
2026-10-06T23:15:18.1022030Z running 4 tests
2026-10-06T23:15:18.1121560Z test copy_aggregate_comparisons_borrow_fields_and_indexed_containers ... ok
2026-10-06T23:15:18.1139380Z test comparisons_hold_the_left_operand_through_right_operand_evaluation ... ok
2026-10-06T23:15:18.1574050Z test native_resource_comparisons_do_not_allow_moving_the_borrowed_request ... ok
2026-10-06T23:15:18.2599610Z test completed_copy_operands_disjoint_fields_and_temporary_views_remain_valid ... ok
2026-10-06T23:15:18.2600410Z 
2026-10-06T23:15:18.2605850Z [1m[92m     Running[0m tests/enum_emission.rs (target/debug/deps/enum_emission-b19a43d5b60e7159)
2026-10-06T23:15:18.2606730Z test result: ok. 4 passed; 0 failed; 0 ignored; 0 measured; 0 filtered out; finished in 0.16s
2026-10-06T23:15:18.2607240Z 
2026-10-06T23:15:18.2753690Z 
2026-10-06T23:15:18.2754450Z running 5 tests
2026-10-06T23:15:18.2875500Z test data_records_keep_serde_while_enum_fields_remain_private ... ok
2026-10-06T23:15:18.4551040Z test error_cause_records_move_payloads_without_serde_or_clone_requirements ... ok
2026-10-06T23:15:18.4557400Z test custom_main_errors_need_only_debug_and_copy_enums_reuse_values ... ok
2026-10-06T23:15:18.4718030Z test module_enum_aliases_preserve_identity_and_escape_variant_fields ... ok
2026-10-06T23:15:18.6830190Z test native_enum_constructors_patterns_and_result_propagation_roundtrip ... ok
2026-10-06T23:15:18.6830760Z 
2026-10-06T23:15:18.6832580Z test result: ok. 5 passed; 0 failed; 0 ignored; 0 measured; 0 filtered out; finished in 0.41s
2026-10-06T23:15:18.6833130Z 
2026-10-06T23:15:18.6835650Z [1m[92m     Running[0m tests/enum_modules.rs (target/debug/deps/enum_modules-f36e74871a1e59f7)
2026-10-06T23:15:18.6905620Z 
2026-10-06T23:15:18.6921120Z running 9 tests
2026-10-06T23:15:18.7066070Z test builtin_spelled_enum_aliases_keep_intrinsic_types_distinct_in_generated_low ... ok
2026-10-06T23:15:18.7175710Z test different_files_have_distinct_enum_types_even_with_equal_names_and_variants ... ok
2026-10-06T23:15:18.7290320Z test enum_aliases_and_guessed_canonical_symbols_do_not_escape_module_scopes ... ok
2026-10-06T23:15:18.7339530Z test enum_payload_types_use_the_definition_file_scope_and_survive_low ... ok
2026-10-06T23:15:18.7352400Z test local_values_shadow_enum_value_syntax_but_named_constructor_uses_type_scope ... ok
2026-10-06T23:15:18.7436210Z test namespace_from_and_flat_imports_share_enum_identity_in_constructors_and_patterns ... ok
2026-10-06T23:15:18.7441680Z test native_fragments_reuse_high_enum_aliases_and_export_their_own_enum_identity ... ok
2026-10-06T23:15:19.0507500Z test saved_low_enum_variants_navigate_to_the_opened_file ... ok
2026-10-06T23:15:19.2339050Z test enum_symbols_keep_variant_targets_alias_signatures_and_payload_binding_types ... ok
2026-10-06T23:15:19.2341510Z [1m[92m     Running[0m tests/enum_parser.rs (target/debug/deps/enum_parser-369b60c537ae4da4)
2026-10-06T23:15:19.2342960Z 
2026-10-06T23:15:19.2347280Z test result: ok. 9 passed; 0 failed; 0 ignored; 0 measured; 0 filtered out; finished in 0.54s
2026-10-06T23:15:19.2381750Z 
2026-10-06T23:15:19.2424200Z [1m[92m     Running[0m tests/enum_patterns.rs (target/debug/deps/enum_patterns-44fe7b2ef7fdf573)
2026-10-06T23:15:19.2424830Z 
2026-10-06T23:15:19.2586550Z running 8 tests
2026-10-06T23:15:19.2588920Z test contextual_enum_word_remains_an_identifier_inside_declarations_and_calls ... ok
2026-10-06T23:15:19.2589730Z test enum_constructors_keep_the_existing_expression_forms ... ok
2026-10-06T23:15:19.2590440Z test enum_patterns_keep_qualified_names_and_each_payload_binding_span ... ok
2026-10-06T23:15:19.2592770Z test enums_keep_variant_names_fields_types_and_source_locations ... ok
2026-10-06T23:15:19.2596630Z test invalid_enum_declarations_return_parse_errors ... ok
2026-10-06T23:15:19.2597650Z test enum_payload_types_use_the_existing_nesting_limit ... ok
2026-10-06T23:15:19.2598950Z test result_patterns_preserve_ok_err_and_discard_bindings ... ok
2026-10-06T23:15:19.2599620Z test patterns_reject_wildcards_nested_matches_and_unnamed_variants ... ok
2026-10-06T23:15:19.2600090Z 
2026-10-06T23:15:19.2600510Z test result: ok. 8 passed; 0 failed; 0 ignored; 0 measured; 0 filtered out; finished in 0.00s
2026-10-06T23:15:19.2600960Z 
2026-10-06T23:15:19.2601140Z 
2026-10-06T23:15:19.2602330Z running 1 test
2026-10-06T23:15:19.4167620Z test mutable_enum_patterns_preserve_names_and_compile_without_shorthand_warnings ... ok
2026-10-06T23:15:19.4172560Z [1m[92m     Running[0m tests/error_routes.rs (target/debug/deps/error_routes-7a348f85f31a35a1)
2026-10-06T23:15:19.4173010Z 
2026-10-06T23:15:19.4236700Z test result: ok. 1 passed; 0 failed; 0 ignored; 0 measured; 0 filtered out; finished in 0.17s
2026-10-06T23:15:19.4237520Z 
2026-10-06T23:15:19.4237810Z 
2026-10-06T23:15:19.4238170Z running 2 tests
2026-10-06T23:15:19.4291680Z test existing_data_and_html_http_routes_keep_their_representations ... ok
2026-10-06T23:15:19.4335690Z test private_error_data_is_rejected_at_http_json_boundaries_in_high_and_low ... ok
2026-10-06T23:15:19.4336400Z 
2026-10-06T23:15:19.4337110Z test result: ok. 2 passed; 0 failed; 0 ignored; 0 measured; 0 filtered out; finished in 0.01s
2026-10-06T23:15:19.4337530Z 
2026-10-06T23:15:19.4341570Z [1m[92m     Running[0m tests/expression_contracts.rs (target/debug/deps/expression_contracts-348817459ce4ff4b)
2026-10-06T23:15:19.4405060Z 
2026-10-06T23:15:19.4463580Z running 2 tests
2026-10-06T23:15:19.6171840Z [1m[92m     Running[0m tests/frontend_contracts.rs (target/debug/deps/frontend_contracts-689012803f5b610d)
2026-10-06T23:15:19.6172580Z test inferred_i64_literals_keep_their_type_without_a_rust_type_context ... ok
2026-10-06T23:15:19.6178490Z test literal_suffixes_preserve_contextual_numeric_types_and_negative_boundaries ... ok
2026-10-06T23:15:19.6178990Z 
2026-10-06T23:15:19.6179480Z test result: ok. 2 passed; 0 failed; 0 ignored; 0 measured; 0 filtered out; finished in 0.17s
2026-10-06T23:15:19.6179910Z 
2026-10-06T23:15:19.6192750Z 
2026-10-06T23:15:19.6194740Z running 5 tests
2026-10-06T23:15:19.6307390Z test generic_builtins_and_ordinary_record_constructors_still_roundtrip ... ok
2026-10-06T23:15:19.7414030Z test record_constructors_reject_type_arguments_in_high_low_and_symbols ... ok
2026-10-06T23:15:19.7515670Z test speculative_index_recovery_preserves_actual_nesting_limits ... ok
2026-10-06T23:15:20.2780420Z test lowering_keeps_try_and_await_as_field_and_index_receivers ... ok
2026-10-06T23:15:20.9361550Z test index_lookahead_does_not_accumulate_nesting_across_statements_or_functions ... ok
2026-10-06T23:15:20.9361880Z 
2026-10-06T23:15:20.9362300Z test result: ok. 5 passed; 0 failed; 0 ignored; 0 measured; 0 filtered out; finished in 1.32s
2026-10-06T23:15:20.9362690Z 
2026-10-06T23:15:20.9364160Z [1m[92m     Running[0m tests/graph_html.rs (target/debug/deps/graph_html-09997142c4512490)
2026-10-06T23:15:20.9398720Z 
2026-10-06T23:15:20.9400700Z running 3 tests
2026-10-06T23:15:20.9409470Z test hostile_unicode_graph_data_remains_json_and_cannot_close_the_script ... ok
2026-10-06T23:15:20.9414550Z test standalone_viewer_keeps_assets_local_and_uses_safe_dom_text ... ok
2026-10-06T23:15:20.9415220Z test only_physical_absolute_sources_receive_encoded_user_action_links ... ok
2026-10-06T23:15:20.9416020Z 
2026-10-06T23:15:20.9417650Z test result: ok. 3 passed; 0 failed; 0 ignored; 0 measured; 0 filtered out; finished in 0.00s
2026-10-06T23:15:20.9421260Z [1m[92m     Running[0m tests/graph_relations.rs (target/debug/deps/graph_relations-c477e7078c2efa4e)
2026-10-06T23:15:20.9422320Z 
2026-10-06T23:15:20.9471360Z 
2026-10-06T23:15:20.9473450Z running 9 tests
2026-10-06T23:15:20.9772010Z test calls_resolve_named_aliases_without_guessing_local_function_values ... ok
2026-10-06T23:15:20.9797910Z test checked_standard_and_database_operations_are_boundaries_not_routing_or_table_guesses ... ok
2026-10-06T23:15:20.9874090Z test module_imports_are_read_from_loaded_overlay_text ... ok
2026-10-06T23:15:20.9919640Z test all_views_use_shortest_unique_physical_suffixes_before_filtering ... ok
2026-10-06T23:15:20.9923010Z test native_replacements_keep_the_generated_id_and_low_ffi_locations ... ok
2026-10-06T23:15:20.9924470Z test one_line_low_import_references_do_not_hide_body_uses ... ok
2026-10-06T23:15:20.9926200Z test module_edges_use_exact_identities_and_recover_empty_flat_imports ... ok
2026-10-06T23:15:20.9929030Z test saved_low_keeps_definition_ids_without_mapping_foreign_modules_to_its_file ... ok
2026-10-06T23:15:21.0114780Z test nested_calls_are_visited_but_class_and_enum_constructors_are_not_calls ... ok
2026-10-06T23:15:21.0117320Z [1m[92m     Running[0m tests/graph_render.rs (target/debug/deps/graph_render-df9b78ace6473a47)
2026-10-06T23:15:21.0118250Z 
2026-10-06T23:15:21.0119230Z test result: ok. 9 passed; 0 failed; 0 ignored; 0 measured; 0 filtered out; finished in 0.06s
2026-10-06T23:15:21.0120310Z 
2026-10-06T23:15:21.0158000Z 
2026-10-06T23:15:21.0165420Z running 9 tests
2026-10-06T23:15:21.0167680Z test clustered_edges_reference_declared_nodes_without_group_boundary_duplicates ... ok
2026-10-06T23:15:21.0170370Z test image_arguments_are_validated_before_starting_a_renderer ... ok
2026-10-06T23:15:21.0194660Z test labels_preserve_unicode_without_becoming_diagram_syntax_or_links ... ok
2026-10-06T23:15:21.0195480Z test mermaid_literal_hashes_backticks_and_directives_cannot_change_the_render_config ... ok
2026-10-06T23:15:21.0196300Z test diagram_order_is_deterministic_and_empty_graphs_are_readable ... ok
2026-10-06T23:15:21.0197450Z test process_tests::image_child ... ok
2026-10-06T23:15:21.0202490Z 
2026-10-06T23:15:21.0208270Z running 1 test
2026-10-06T23:15:21.0230180Z test process_tests::image_child ... 
2026-10-06T23:15:21.0230650Z running 1 test
2026-10-06T23:15:21.0256710Z test process_tests::image_child ... 
2026-10-06T23:15:21.0259460Z running 1 test
2026-10-06T23:15:21.0291320Z test process_tests::image_child ... ok
2026-10-06T23:15:21.0292080Z 
2026-10-06T23:15:21.0296540Z test result: ok. 1 passed; 0 failed; 0 ignored; 0 measured; 8 filtered out; finished in 0.00s
2026-10-06T23:15:21.0302190Z 
2026-10-06T23:15:21.0305870Z test process_tests::missing_renderer_explains_installation_and_d2_source_fallback ... ok
2026-10-06T23:15:21.0372640Z ok
2026-10-06T23:15:21.0372940Z 
2026-10-06T23:15:21.0373520Z test result: ok. 1 passed; 0 failed; 0 ignored; 0 measured; 8 filtered out; finished in 0.01s
2026-10-06T23:15:21.0373930Z 
2026-10-06T23:15:21.0374000Z ok
2026-10-06T23:15:21.0374130Z 
2026-10-06T23:15:21.0374550Z test result: ok. 1 passed; 0 failed; 0 ignored; 0 measured; 8 filtered out; finished in 0.02s
2026-10-06T23:15:21.0374830Z 
2026-10-06T23:15:21.0375200Z test process_tests::failed_renderer_reports_stderr_and_removes_its_source ... ok
2026-10-06T23:15:21.0390580Z test process_tests::export_passes_arguments_literally_without_a_shell ... ok
2026-10-06T23:15:21.0391640Z 
2026-10-06T23:15:21.0392910Z test result: ok. 9 passed; 0 failed; 0 ignored; 0 measured; 0 filtered out; finished in 0.02s
2026-10-06T23:15:21.0395120Z [1m[92m     Running[0m tests/graph_types.rs (target/debug/deps/graph_types-f8168260b439c1cb)
2026-10-06T23:15:21.0396540Z 
2026-10-06T23:15:21.0517900Z 
2026-10-06T23:15:21.0618840Z running 7 tests
2026-10-06T23:15:21.0688170Z test focused_depth_is_bounded_on_cycles_and_defaults_to_one_hop ... ok
2026-10-06T23:15:21.0690070Z test field_display_limits_do_not_erase_relationships_from_later_fields ... ok
2026-10-06T23:15:21.0691270Z test imported_same_named_types_keep_author_identity_and_original_source_lines ... ok
2026-10-06T23:15:21.0794780Z [1m[92m     Running[0m tests/http_codegen.rs (target/debug/deps/http_codegen-9e5ffa836667b387)
2026-10-06T23:15:21.0796730Z test ir_deduplicates_and_sorts_without_renderer_syntax_or_losing_isolated_types ... ok
2026-10-06T23:15:21.0853570Z test resource_type_arguments_are_dependencies_without_inventing_runtime_instances ... ok
2026-10-06T23:15:21.0857680Z test declarations_preserve_field_variant_wrapper_and_signature_meanings ... ok
2026-10-06T23:15:21.0859460Z test independent_low_preserves_type_identity_and_reports_its_physical_source ... ok
2026-10-06T23:15:21.0863670Z 
2026-10-06T23:15:21.0866470Z test result: ok. 7 passed; 0 failed; 0 ignored; 0 measured; 0 filtered out; finished in 0.03s
2026-10-06T23:15:21.0872220Z 
2026-10-06T23:15:21.0874270Z 
2026-10-06T23:15:21.0881910Z running 4 tests
2026-10-06T23:15:21.4131430Z test borrow_and_named_mappers_preserve_high_low_codegen ... ok
2026-10-06T23:15:21.4153640Z test literal_view_optimization_does_not_change_a_shadowing_owned_function ... ok
2026-10-06T23:15:21.4242190Z test borrowed_http_inspection_and_async_registration_add_no_owned_adapter_work ... ok
2026-10-06T23:15:23.7717890Z test borrow_and_named_mapper_registration_execute_native_adapters ... ok
2026-10-06T23:15:23.7718830Z 
2026-10-06T23:15:23.7719420Z test result: ok. 4 passed; 0 failed; 0 ignored; 0 measured; 0 filtered out; finished in 2.69s
2026-10-06T23:15:23.7719920Z 
2026-10-06T23:15:23.7724770Z [1m[92m     Running[0m tests/http_route_conflicts.rs (target/debug/deps/http_route_conflicts-d52cf774b67488d6)
2026-10-06T23:15:23.7854010Z 
2026-10-06T23:15:23.7919870Z running 3 tests
2026-10-06T23:15:23.7955960Z test get_handlers_cannot_replace_builtin_endpoints ... ok
2026-10-06T23:15:23.7970220Z test shared_patterns_distinct_paths_and_literal_braces_remain_available ... ok
2026-10-06T23:15:23.7986510Z test equivalent_capture_paths_are_rejected_even_for_different_methods ... ok
2026-10-06T23:15:23.7989910Z [1m[92m     Running[0m tests/http_stdlib.rs (target/debug/deps/http_stdlib-ca07f1b87edc423f)
2026-10-06T23:15:23.7990770Z 
2026-10-06T23:15:23.7991680Z test result: ok. 3 passed; 0 failed; 0 ignored; 0 measured; 0 filtered out; finished in 0.01s
2026-10-06T23:15:23.7992440Z 
2026-10-06T23:15:23.8123900Z 
2026-10-06T23:15:23.8124520Z running 15 tests
2026-10-06T23:15:24.1510200Z test handlers_require_exact_async_request_shared_state_and_error_contracts ... ok
2026-10-06T23:15:24.8830950Z test borrowed_option_temporaries_allow_arm_local_use_but_cannot_escape ... ok
2026-10-06T23:15:25.1141350Z test header_views_depend_on_request_owner_and_not_the_name_temporary ... ok
2026-10-06T23:15:25.3392190Z test apps_validate_generic_arity_owned_state_and_mapper_error_type ... ok
2026-10-06T23:15:25.7541290Z test json_content_type_requires_a_request_and_has_no_generic_arguments ... ok
2026-10-06T23:15:26.2989590Z test method_name_views_can_return_from_borrowed_request_parameters ... ok
2026-10-06T23:15:26.4261920Z test optional_header_and_query_views_keep_the_request_borrow_through_match ... ok
2026-10-06T23:15:26.9924550Z test native_method_comparisons_borrow_but_assignment_tracks_request_partial_moves ... ok
2026-10-06T23:15:27.1955030Z test ordinary_classes_and_local_shadows_cannot_impersonate_standard_resources ... ok
2026-10-06T23:15:27.3779990Z test saved_low_cannot_change_registry_identity_or_define_resource_implementations ... ok
2026-10-06T23:15:27.7167400Z test standard_aliases_are_registry_resources_and_roundtrip_independently ... ok
2026-10-06T23:15:27.8262970Z test standard_resolution_ignores_cwd_files_and_unsaved_lookalikes ... ok
2026-10-06T23:15:28.0427750Z test resource_construction_serialization_and_shared_field_moves_fail_before_build ... ok
2026-10-06T23:15:28.9036530Z test resource_references_do_not_acquire_legacy_slice_operations ... ok
2026-10-06T23:15:31.3735690Z test status_method_and_db_free_app_execute_from_high_and_saved_low ... ok
2026-10-06T23:15:31.3736050Z 
2026-10-06T23:15:31.3736490Z test result: ok. 15 passed; 0 failed; 0 ignored; 0 measured; 0 filtered out; finished in 7.56s
2026-10-06T23:15:31.3736800Z 
2026-10-06T23:15:31.3744700Z [1m[92m     Running[0m tests/installation.rs (target/debug/deps/installation-c46c0fe16411351e)
2026-10-06T23:15:31.3862200Z 
2026-10-06T23:15:31.3863580Z running 4 tests
2026-10-06T23:15:31.4194390Z test linked_distributions_keep_the_seed_until_the_last_owner_drops ... ok
2026-10-06T23:15:31.4508540Z test wrong_root_explains_the_distribution_folder_before_calling_cargo ... ok
2026-10-06T23:15:31.7890790Z test moved_distribution_builds_an_external_project_with_no_root_override ... ok
2026-10-06T23:15:31.8019340Z test standalone_build_keeps_native_artifacts_in_the_working_directory ... ok
2026-10-06T23:15:31.8020170Z 
2026-10-06T23:15:31.8021060Z test result: ok. 4 passed; 0 failed; 0 ignored; 0 measured; 0 filtered out; finished in 0.42s
2026-10-06T23:15:31.8021900Z 
2026-10-06T23:15:31.8027900Z [1m[92m     Running[0m tests/list_borrow_iteration.rs (target/debug/deps/list_borrow_iteration-19bf026f92ce745c)
2026-10-06T23:15:31.8133610Z 
2026-10-06T23:15:31.8135160Z running 5 tests
2026-10-06T23:15:31.8379020Z test borrowed_elements_cannot_move_reassign_or_mutate ... ok
2026-10-06T23:15:31.8391120Z test borrowed_elements_and_their_field_views_cannot_escape ... ok
2026-10-06T23:15:31.8439710Z test an_active_element_pins_its_owner_and_aliases ... ok
2026-10-06T23:15:32.0587820Z test symbols_distinguish_borrowed_record_locals_and_fields ... ok
2026-10-06T23:15:32.5899490Z test noncopy_iteration_is_native_and_survives_saved_low ... ok
2026-10-06T23:15:32.5900220Z 
2026-10-06T23:15:32.5901190Z test result: ok. 5 passed; 0 failed; 0 ignored; 0 measured; 0 filtered out; finished in 0.78s
2026-10-06T23:15:32.5902070Z 
2026-10-06T23:15:32.5903790Z [1m[92m     Running[0m tests/list_ownership_inference.rs (target/debug/deps/list_ownership_inference-3dd5d797595f2780)
2026-10-06T23:15:32.6010010Z 
2026-10-06T23:15:32.6010890Z running 4 tests
2026-10-06T23:15:32.6101150Z test explicit_list_element_types_still_contextualize_the_first_literal ... ok
2026-10-06T23:15:32.6102990Z test inferred_lists_still_reject_second_moves_and_mixed_element_types ... ok
2026-10-06T23:15:32.6115940Z test record_list_iteration_accepts_copy_values_and_readonly_noncopy_borrows ... ok
2026-10-06T23:15:32.6128530Z test inferred_list_first_elements_can_move_owned_inputs_once ... ok
2026-10-06T23:15:32.6129250Z 
2026-10-06T23:15:32.6130230Z test result: ok. 4 passed; 0 failed; 0 ignored; 0 measured; 0 filtered out; finished in 0.01s
2026-10-06T23:15:32.6131130Z 
2026-10-06T23:15:32.6132820Z [1m[92m     Running[0m tests/literal_contracts.rs (target/debug/deps/literal_contracts-5bccb080fcc75f7d)
2026-10-06T23:15:32.6239430Z 
2026-10-06T23:15:32.6239950Z running 1 test
2026-10-06T23:15:32.8836640Z test strings_preserve_control_characters_through_high_low_and_rust ... ok
2026-10-06T23:15:32.8838470Z 
2026-10-06T23:15:32.8840450Z [1m[92m     Running[0m tests/loop_ownership.rs (target/debug/deps/loop_ownership-3c769ee7b82be932)
2026-10-06T23:15:32.8842350Z test result: ok. 1 passed; 0 failed; 0 ignored; 0 measured; 0 filtered out; finished in 0.26s
2026-10-06T23:15:32.8843580Z 
2026-10-06T23:15:32.8976530Z 
2026-10-06T23:15:32.8978000Z running 13 tests
2026-10-06T23:15:32.9744070Z test a_for_iterator_expression_is_evaluated_only_once ... ok
2026-10-06T23:15:32.9745040Z test conditional_reinitialization_needs_every_continuing_path ... ok
2026-10-06T23:15:32.9747140Z test fields_and_nested_fields_cannot_be_consumed_on_later_iterations ... ok
2026-10-06T23:15:33.0103500Z test branch_joins_preserve_reassignment_and_return_outside_loops ... ok
2026-10-06T23:15:33.0183690Z test all_continuing_branches_can_restore_a_moved_value ... ok
2026-10-06T23:15:33.0186840Z test owned_values_cannot_be_consumed_on_later_iterations ... ok
2026-10-06T23:15:33.0188670Z test locals_copy_values_and_borrowed_arguments_are_available_each_iteration ... ok
2026-10-06T23:15:33.0667630Z test nested_loops_are_checked_without_carrying_local_declarations ... ok
2026-10-06T23:15:33.0689390Z test standalone_low_rejects_repeated_moves_at_the_original_line ... ok
2026-10-06T23:15:33.1209350Z test reinitialization_before_and_after_a_move_is_allowed ... ok
2026-10-06T23:15:33.1219930Z test while_conditions_are_checked_on_each_evaluation_and_on_exit ... ok
2026-10-06T23:15:33.1719740Z test zero_iterations_and_loop_bindings_preserve_outer_state ... ok
2026-10-06T23:15:33.2666310Z test return_paths_do_not_repeat_or_consume_values_on_other_paths ... ok
2026-10-06T23:15:33.2666750Z 
2026-10-06T23:15:33.2667250Z test result: ok. 13 passed; 0 failed; 0 ignored; 0 measured; 0 filtered out; finished in 0.37s
2026-10-06T23:15:33.2667620Z 
2026-10-06T23:15:33.2670930Z [1m[92m     Running[0m tests/low_multiline.rs (target/debug/deps/low_multiline-00eba587de18d6db)
2026-10-06T23:15:33.2782120Z 
2026-10-06T23:15:33.2783280Z running 3 tests
2026-10-06T23:15:33.2882120Z test low_braces_keep_newline_statement_boundaries ... ok
2026-10-06T23:15:33.2891190Z test multiline_errors_keep_physical_source_lines ... ok
2026-10-06T23:15:33.4289440Z test multiline_quote_matches_high_and_runs_as_native_low ... ok
2026-10-06T23:15:33.4290140Z 
2026-10-06T23:15:33.4291360Z [1m[92m     Running[0m tests/map_cli.rs (target/debug/deps/map_cli-afa98ff6c1294bdc)
2026-10-06T23:15:33.4292530Z test result: ok. 3 passed; 0 failed; 0 ignored; 0 measured; 0 filtered out; finished in 0.15s
2026-10-06T23:15:33.4292840Z 
2026-10-06T23:15:33.4398260Z 
2026-10-06T23:15:33.4399260Z running 9 tests
2026-10-06T23:15:33.4531170Z test failed_check_points_to_original_source_and_writes_no_map ... ok
2026-10-06T23:15:33.4928480Z test image_formats_require_output_and_fail_helpfully_without_local_d2 ... ok
2026-10-06T23:15:33.5017570Z test map_preparse_keeps_existing_project_overrides_and_output_path_precedence ... ok
2026-10-06T23:15:33.5044930Z test help_and_argument_errors_do_not_load_a_project_or_mutate_files ... ok
2026-10-06T23:15:33.5058810Z test map_output_cannot_overwrite_loaded_input_or_project_configuration ... ok
2026-10-06T23:15:33.5129500Z test project_discovery_reuses_native_replacements_and_extern_resolution ... ok
2026-10-06T23:15:33.5254790Z test namespace_module_filter_and_focus_select_original_definitions ... ok
2026-10-06T23:15:33.5680970Z test text_formats_write_only_requested_output_and_keep_stdout_clean ... ok
2026-10-06T23:15:33.5726170Z test map_views_check_high_and_low_without_runtime_or_generated_output ... ok
2026-10-06T23:15:33.5726610Z 
2026-10-06T23:15:33.5734300Z test result: ok. 9 passed; 0 failed; 0 ignored; 0 measured; 0 filtered out; finished in 0.13s
2026-10-06T23:15:33.5737740Z [1m[92m     Running[0m tests/module_emission.rs (target/debug/deps/module_emission-f92c943d2a2142a8)
2026-10-06T23:15:33.5738140Z 
2026-10-06T23:15:33.5862870Z 
2026-10-06T23:15:33.5867390Z running 8 tests
2026-10-06T23:15:33.6121810Z test inferred_primitive_values_and_a_class_alias_keep_distinct_type_identities ... ok
2026-10-06T23:15:33.6211790Z test legacy_flat_cost_report_keeps_public_function_names ... ok
2026-10-06T23:15:33.6287270Z test qualified_nested_types_emit_internal_names_through_low ... ok
2026-10-06T23:15:33.8900780Z test source_function_names_that_match_foreign_symbols_keep_distinct_call_targets ... ok
2026-10-06T23:15:33.8908460Z test independent_low_parser_preserves_module_ids_and_native_function_aliases ... ok
2026-10-06T23:15:33.8913320Z test unresolved_high_imports_keep_as_and_from_syntax_in_low ... ok
2026-10-06T23:15:34.0833400Z test source_locals_that_match_generated_symbols_keep_distinct_values ... ok
2026-10-06T23:15:34.8244030Z test inferred_builtin_types_survive_module_aliases_low_transport_and_rust_emission ... ok
2026-10-06T23:15:34.8247160Z [1m[92m     Running[0m tests/module_parser.rs (target/debug/deps/module_parser-f2a4fe62e0fa3663)
2026-10-06T23:15:34.8247970Z 
2026-10-06T23:15:34.8248890Z test result: ok. 8 passed; 0 failed; 0 ignored; 0 measured; 0 filtered out; finished in 1.24s
2026-10-06T23:15:34.8249860Z 
2026-10-06T23:15:34.8548450Z 
2026-10-06T23:15:34.8550360Z running 9 tests
2026-10-06T23:15:34.8569920Z test import_forms_keep_original_names_aliases_and_token_spans ... ok
2026-10-06T23:15:34.8577820Z test from_and_as_remain_contextual_identifiers ... ok
2026-10-06T23:15:34.8579180Z test low_metadata_is_read_without_changing_source_spans ... ok
2026-10-06T23:15:34.8580620Z test module_replace_path_remains_a_structured_attribute_value ... ok
2026-10-06T23:15:34.8582540Z test qualified_calls_constructors_and_function_values_preserve_semantic_choice ... ok
2026-10-06T23:15:34.8584090Z test malformed_imports_and_qualified_constructs_keep_parser_errors ... ok
2026-10-06T23:15:34.8585550Z test qualified_types_parse_inside_nested_generics_lists_and_nullable_types ... ok
2026-10-06T23:15:34.8586820Z test qualified_types_respect_existing_nesting_limit ... ok
2026-10-06T23:15:34.8614120Z test qualified_index_lookahead_restores_depth_and_preserves_index_nodes ... ok
2026-10-06T23:15:34.8615020Z 
2026-10-06T23:15:34.8615950Z test result: ok. 9 passed; 0 failed; 0 ignored; 0 measured; 0 filtered out; finished in 0.01s
2026-10-06T23:15:34.8616760Z 
2026-10-06T23:15:34.8619440Z [1m[92m     Running[0m tests/module_symbols.rs (target/debug/deps/module_symbols-cc62266673827ae7)
2026-10-06T23:15:34.8762010Z 
2026-10-06T23:15:34.8763150Z running 5 tests
2026-10-06T23:15:35.1441730Z test local_names_colliding_with_the_entrypoint_keep_source_names_and_navigation ... ok
2026-10-06T23:15:35.1677050Z test module_bindings_export_only_own_definitions_and_share_definition_identity ... ok
2026-10-06T23:15:35.3874060Z test saved_low_namespaces_use_the_opened_file_and_rebased_definition_locations ... ok
2026-10-06T23:15:35.4134930Z test unsaved_imported_buffers_drive_fields_and_shadowed_aliases_use_local_bindings ... ok
2026-10-06T23:15:35.4237440Z [1m[92m     Running[0m tests/modules.rs (target/debug/deps/modules-ed945b2df9b06a6c)
2026-10-06T23:15:35.4238070Z test record_and_import_alias_named_option_remain_record_types_in_editor_output ... ok
2026-10-06T23:15:35.4337750Z 
2026-10-06T23:15:35.4368930Z test result: ok. 5 passed; 0 failed; 0 ignored; 0 measured; 0 filtered out; finished in 0.54s
2026-10-06T23:15:35.4372540Z 
2026-10-06T23:15:35.4372850Z 
2026-10-06T23:15:35.4373290Z running 32 tests
2026-10-06T23:15:35.4436610Z test alias_imports_keep_cycle_relative_path_and_language_guards ... ok
2026-10-06T23:15:35.4539030Z test aliases_keep_original_source_diagnostics_and_embedded_asset_paths ... ok
2026-10-06T23:15:35.4652850Z test conflicting_import_bindings_report_the_import_statement ... ok
2026-10-06T23:15:35.4759130Z test corrupted_low_identity_metadata_cannot_rename_or_invent_definitions ... ok
2026-10-06T23:15:35.4861900Z test aliases_of_one_function_cannot_be_replaced_twice_across_native_files ... ok
2026-10-06T23:15:35.4988400Z test edited_saved_low_body_resolves_original_aliases_and_maps_only_its_physical_root ... ok
2026-10-06T23:15:35.5096700Z test flat_imported_main_remains_an_entry_but_namespace_imported_main_does_not ... ok
2026-10-06T23:15:35.5211190Z test aliases_from_imports_and_flat_imports_share_the_canonical_class ... ok
2026-10-06T23:15:35.5320030Z test foreign_functions_keep_their_builtin_scope_when_root_aliases_use_builtin_names ... ok
2026-10-06T23:15:35.5422170Z test every_explicit_native_root_gets_high_aliases_without_overwriting_own_or_dependency_scopes ... ok
2026-10-06T23:15:35.5475140Z test high_and_native_modules_can_use_the_same_private_namespace_spelling ... ok
2026-10-06T23:15:35.5574620Z test imported_bindings_are_private_but_own_definitions_can_use_them ... ok
2026-10-06T23:15:35.5677140Z test imported_names_cannot_silently_fall_back_to_builtins_of_a_different_kind ... ok
2026-10-06T23:15:35.5844270Z test guessed_internal_symbols_cannot_bypass_private_imports_in_raw_source ... ok
2026-10-06T23:15:35.5966550Z test legacy_classes_constructors_and_intrinsic_types_keep_their_original_namespaces ... ok
2026-10-06T23:15:35.6128900Z test local_fields_and_function_values_shadow_imports_only_in_their_scope ... ok
2026-10-06T23:15:35.6243510Z test low_alias_syntax_resolves_qualified_record_and_generic_types ... ok
2026-10-06T23:15:35.6352450Z test legacy_flat_helpers_can_call_root_definitions_without_inheriting_private_aliases ... ok
2026-10-06T23:15:35.6467390Z test native_main_replacement_keeps_the_generated_identity_and_recursive_target ... ok
2026-10-06T23:15:35.6569010Z test native_import_aliases_remain_local_while_own_functions_are_available_to_high ... ok
2026-10-06T23:15:35.6670530Z test omitted_unit_returns_keep_builtin_identity_while_explicit_namespace_types_are_rejected ... ok
2026-10-06T23:15:35.6778620Z test old_flat_imports_keep_transitive_names_and_diamond_deduplication ... ok
2026-10-06T23:15:35.7092240Z test qualified_replacements_compare_definition_identity_and_report_low_sources ... ok
2026-10-06T23:15:35.7195890Z test renamed_local_main_diagnostics_keep_source_spelling_after_program_is_taken ... ok
2026-10-06T23:15:35.7310580Z test same_named_classes_from_different_files_are_distinct_in_all_type_positions ... ok
2026-10-06T23:15:35.7550810Z test saved_generated_low_can_be_imported_without_reidentifying_its_main ... ok
2026-10-06T23:15:35.7658510Z test namespace_imports_preserve_depth_file_count_and_total_byte_limits ... ok
2026-10-06T23:15:35.8584820Z test separate_native_files_can_reuse_a_replacement_declaration_name ... ok
2026-10-06T23:15:35.8686770Z test the_checker_rejects_parser_only_alias_imports_until_the_source_loader_resolves_them ... ok
2026-10-06T23:15:35.8864770Z test unsaved_overlays_change_imported_definitions_and_keep_disk_sources_unchanged ... ok
2026-10-06T23:15:36.5603260Z test saved_low_flat_and_from_imports_promote_the_original_definition_to_entry ... ok
2026-10-06T23:15:36.8181680Z test project_aliases_cross_low_replacement_and_rust_record_bridges_from_an_external_cwd ... ok
2026-10-06T23:15:36.8182130Z 
2026-10-06T23:15:36.8182610Z test result: ok. 32 passed; 0 failed; 0 ignored; 0 measured; 0 filtered out; finished in 1.39s
2026-10-06T23:15:36.8182890Z 
2026-10-06T23:15:36.8188430Z [1m[92m     Running[0m tests/nullable_database.rs (target/debug/deps/nullable_database-7205da8243d3f9b0)
2026-10-06T23:15:36.8286800Z 
2026-10-06T23:15:36.8287570Z running 4 tests
2026-10-06T23:15:36.9100740Z test raw_numeric_and_bool_field_shadows_keep_manual_row_implementations ... ok
2026-10-06T23:15:36.9372350Z test unsupported_nullable_payloads_keep_manual_from_row_eligibility ... ok
2026-10-06T23:15:52.2158870Z test raw_nullable_classes_can_supply_a_native_sqlite_row_bridge ... ok
2026-10-06T23:15:56.1380240Z test nullable_scalars_read_sqlite_null_and_non_null_rows_in_high_and_saved_low ... ok
2026-10-06T23:15:56.1464700Z [1m[92m     Running[0m tests/nullable_roundtrip.rs (target/debug/deps/nullable_roundtrip-63bc63cd713028f0)
2026-10-06T23:15:56.1466140Z 
2026-10-06T23:15:56.1466680Z test result: ok. 4 passed; 0 failed; 0 ignored; 0 measured; 0 filtered out; finished in 19.31s
2026-10-06T23:15:56.1468310Z 
2026-10-06T23:15:56.1532910Z 
2026-10-06T23:15:56.1533310Z running 1 test
2026-10-06T23:15:56.3188120Z test nested_options_keep_distinct_none_and_some_values_through_independent_low ... ok
2026-10-06T23:15:56.3271800Z [1m[92m     Running[0m tests/option_match.rs (target/debug/deps/option_match-3ec99d82ce84d528)
2026-10-06T23:15:56.3272220Z 
2026-10-06T23:15:56.3273330Z test result: ok. 1 passed; 0 failed; 0 ignored; 0 measured; 0 filtered out; finished in 0.17s
2026-10-06T23:15:56.3273750Z 
2026-10-06T23:15:56.3331460Z 
2026-10-06T23:15:56.3331890Z running 5 tests
2026-10-06T23:15:56.3410440Z test option_cases_must_be_exhaustive_unique_and_match_the_subject_type ... ok
2026-10-06T23:15:56.3418740Z [1m[92m     Running[0m tests/owned_copy_codegen.rs (target/debug/deps/owned_copy_codegen-5b5f502446848bac)
2026-10-06T23:15:56.3428200Z test option_payload_bindings_obey_move_scope_and_borrow_owner_rules ... ok
2026-10-06T23:15:56.3428890Z test option_matching_accepts_discarded_payloads_and_borrowed_string_contents ... ok
2026-10-06T23:15:56.3429550Z test some_patterns_reject_unsupported_payload_shapes_and_none_parentheses ... ok
2026-10-06T23:15:56.3431050Z test some_and_none_patterns_keep_binding_spans_without_synthetic_none_payload ... ok
2026-10-06T23:15:56.3431450Z 
2026-10-06T23:15:56.3431910Z test result: ok. 5 passed; 0 failed; 0 ignored; 0 measured; 0 filtered out; finished in 0.01s
2026-10-06T23:15:56.3432280Z 
2026-10-06T23:15:56.3548360Z 
2026-10-06T23:15:56.3548940Z running 2 tests
2026-10-06T23:15:56.3988340Z test owned_string_and_list_fields_remain_moves ... ok
2026-10-06T23:15:57.1561460Z test owned_scalar_fields_copy_in_native_high_and_independent_low ... ok
2026-10-06T23:15:57.1564580Z [1m[92m     Running[0m tests/owned_database.rs (target/debug/deps/owned_database-df8d27780dc03a2e)
2026-10-06T23:15:57.1564990Z 
2026-10-06T23:15:57.1566530Z test result: ok. 2 passed; 0 failed; 0 ignored; 0 measured; 0 filtered out; finished in 0.80s
2026-10-06T23:15:57.1566890Z 
2026-10-06T23:15:57.1678650Z 
2026-10-06T23:15:57.1679430Z running 2 tests
2026-10-06T23:15:57.2042440Z test owned_wrappers_preserve_unsupported_fields_and_manual_row_eligibility ... ok
2026-10-06T23:16:01.9106910Z test owned_scalars_decode_sqlite_rows_in_high_and_independent_saved_low ... ok
2026-10-06T23:16:01.9107970Z 
2026-10-06T23:16:01.9108500Z test result: ok. 2 passed; 0 failed; 0 ignored; 0 measured; 0 filtered out; finished in 4.74s
2026-10-06T23:16:01.9108930Z 
2026-10-06T23:16:01.9111120Z [1m[92m     Running[0m tests/ownership_boundaries.rs (target/debug/deps/ownership_boundaries-621e12add40d554c)
2026-10-06T23:16:01.9251890Z 
2026-10-06T23:16:01.9253320Z running 7 tests
2026-10-06T23:16:01.9454740Z test branch_loop_and_payload_owners_cannot_escape_in_outer_views ... ok
2026-10-06T23:16:01.9473260Z test nested_view_containers_cannot_keep_child_scope_owners ... ok
2026-10-06T23:16:02.0222110Z test index_evaluation_holds_the_container_but_releases_it_afterwards ... ok
2026-10-06T23:16:02.0314930Z test copied_iterator_elements_keep_their_own_borrow_depth ... ok
2026-10-06T23:16:02.0846590Z test outer_owners_local_copies_restored_aliases_and_return_paths_remain_valid ... ok
2026-10-06T23:16:02.0889260Z test temporary_iterator_views_cannot_escape_but_body_use_and_static_views_remain_valid ... ok
2026-10-06T23:16:02.1129220Z test static_resource_views_remain_valid_across_branch_scopes ... ok
2026-10-06T23:16:02.1129580Z 
2026-10-06T23:16:02.1130040Z test result: ok. 7 passed; 0 failed; 0 ignored; 0 measured; 0 filtered out; finished in 0.19s
2026-10-06T23:16:02.1130400Z 
2026-10-06T23:16:02.1132990Z [1m[92m     Running[0m tests/ownership_calls.rs (target/debug/deps/ownership_calls-6cbc0ee68eec7ff0)
2026-10-06T23:16:02.1325310Z 
2026-10-06T23:16:02.1325870Z running 9 tests
2026-10-06T23:16:02.1466050Z test database_receiver_is_borrowed_but_materialized_sql_does_not_extend_its_loan ... ok
2026-10-06T23:16:02.1484110Z test completed_inner_calls_copies_and_disjoint_owners_do_not_keep_call_loans ... ok
2026-10-06T23:16:02.1497430Z test discarded_owned_places_are_consumed_but_copy_and_borrowed_values_remain_available ... ok
2026-10-06T23:16:02.1498350Z test earlier_view_arguments_block_later_moves_in_direct_and_aliased_calls ... ok
2026-10-06T23:16:02.1499110Z test earlier_views_remain_borrowed_while_nested_later_arguments_are_evaluated ... ok
2026-10-06T23:16:02.1499890Z test earlier_list_elements_hold_views_through_later_element_evaluation ... ok
2026-10-06T23:16:02.1500730Z test list_mutation_checks_outer_loans_without_rejecting_two_phase_reads ... ok
2026-10-06T23:16:02.1577870Z test call_conflicts_and_discarded_moves_fail_before_backend_tools_are_needed ... ok
2026-10-06T23:16:02.2583650Z test implicit_standard_references_hold_the_owner_through_later_arguments ... ok
2026-10-06T23:16:02.2584820Z 
2026-10-06T23:16:02.2585400Z test result: ok. 9 passed; 0 failed; 0 ignored; 0 measured; 0 filtered out; finished in 0.13s
2026-10-06T23:16:02.2585820Z 
2026-10-06T23:16:02.2586680Z [1m[92m     Running[0m tests/resource_contract_characterization.rs (target/debug/deps/resource_contract_characterization-2fc7c4bb2c89c941)
2026-10-06T23:16:02.2689610Z 
2026-10-06T23:16:02.2690470Z running 4 tests
2026-10-06T23:16:02.2695580Z test registered_accessors_match_the_complete_inventory ... ok
2026-10-06T23:16:02.2696140Z test registered_operations_match_signatures_and_passing ... ok
2026-10-06T23:16:02.2696640Z test registered_constants_match_the_complete_inventory ... ok
2026-10-06T23:16:02.2697180Z test registered_resources_match_the_independent_inventory ... ok
2026-10-06T23:16:02.2697460Z 
2026-10-06T23:16:02.2703100Z [1m[92m     Running[0m tests/result_stdlib.rs (target/debug/deps/result_stdlib-dd91df630c8f491d)
2026-10-06T23:16:02.2703960Z test result: ok. 4 passed; 0 failed; 0 ignored; 0 measured; 0 filtered out; finished in 0.00s
2026-10-06T23:16:02.2704340Z 
2026-10-06T23:16:02.2805040Z 
2026-10-06T23:16:02.2806010Z running 6 tests
2026-10-06T23:16:02.4549830Z test mapping_moves_input_left_to_right_and_preserves_borrow_origins ... ok
2026-10-06T23:16:02.5273260Z test mapper_contract_errors_fail_before_rust_backend_in_high_and_saved_low ... ok
2026-10-06T23:16:02.5762620Z test inferred_mapping_keeps_enum_class_aliases_and_borrowed_success_through_saved_low ... ok
2026-10-06T23:16:02.6536840Z test try_keeps_exact_error_identity_and_map_error_does_not_reserve_local_names ... ok
2026-10-06T23:16:03.2982800Z test native_success_failure_and_original_cause_survive_high_and_saved_low ... ok
2026-10-06T23:16:04.5028690Z test static_error_labels_avoid_read_allocations_but_keep_owned_results_and_shadowing ... ok
2026-10-06T23:16:04.5029130Z 
2026-10-06T23:16:04.5032550Z test result: ok. 6 passed; 0 failed; 0 ignored; 0 measured; 0 filtered out; finished in 2.22s
2026-10-06T23:16:04.5032960Z 
2026-10-06T23:16:04.5036460Z [1m[92m     Running[0m tests/rust_dependencies.rs (target/debug/deps/rust_dependencies-f89dbd19e5bd5caf)
2026-10-06T23:16:04.5127130Z 
2026-10-06T23:16:04.5127820Z running 8 tests
2026-10-06T23:16:04.5319540Z test dependency_paths_follow_the_selected_manifest_with_different_cwd_and_output ... ok
2026-10-06T23:16:04.5339980Z test cli_version_replaces_the_whole_table_and_keeps_alias_collision_checks ... ok
2026-10-06T23:16:04.5405090Z test generated_manifest_preserves_legacy_versions_and_every_supported_table_field ... ok
2026-10-06T23:16:04.5431520Z test generated_toml_round_trips_quotes_backslashes_and_newlines_without_extra_tables ... ok
2026-10-06T23:16:04.6608080Z test invalid_dependency_tables_fail_in_the_public_cli_before_cargo ... ok
2026-10-06T23:16:04.7128610Z test missing_local_dependency_is_valid_for_check_and_reported_by_cargo_during_build ... ok
2026-10-06T23:16:04.7814400Z test check_and_symbols_accept_dependency_tables_without_cargo_or_checked_out_crates ... ok
2026-10-06T23:16:04.9798680Z test local_package_rename_features_and_disabled_defaults_run_without_registry_dependencies ... ok
2026-10-06T23:16:04.9799090Z 
2026-10-06T23:16:04.9801960Z test result: ok. 8 passed; 0 failed; 0 ignored; 0 measured; 0 filtered out; finished in 0.47s
2026-10-06T23:16:04.9802290Z 
2026-10-06T23:16:04.9804170Z [1m[92m     Running[0m tests/sql_check.rs (target/debug/deps/sql_check-e88216aa6bc465d3)
2026-10-06T23:16:04.9891610Z 
2026-10-06T23:16:04.9892510Z running 13 tests
2026-10-06T23:16:05.0704100Z test enabled::bounded_schema_and_query_inputs_fail_before_sql_preparation ... ok
2026-10-06T23:16:05.1000950Z test enabled::a_user_function_named_db_all_is_not_a_builtin_sql_query ... ok
2026-10-06T23:16:05.1685800Z test enabled::aliases_case_reordering_extra_columns_and_reused_numbered_bind_are_valid ... ok
2026-10-06T23:16:05.1861160Z test enabled::dynamic_sql_and_db_exec_are_reported_as_runtime_checks ... ok
2026-10-06T23:16:05.1867210Z test enabled::explicit_project_schema_path_is_relative_to_invocation_directory ... ok
2026-10-06T23:16:05.2227060Z test enabled::imported_queries_report_the_original_module_file_and_line ... ok
2026-10-06T23:16:05.2599000Z test enabled::literal_insert_update_delete_are_prepared_without_executing_queries ... ok
2026-10-06T23:16:05.4813030Z test enabled::missing_return_columns_and_wrong_bind_count_use_query_source_lines ... ok
2026-10-06T23:16:05.5056770Z test enabled::schema_and_dialect_are_paired_check_only_options ... ok
2026-10-06T23:16:05.5726160Z test enabled::helper_statement_kind_and_single_statement_contracts_are_checked ... ok
2026-10-06T23:16:05.6582120Z test enabled::literal_queries_cannot_change_schema_or_access_external_functions ... ok
2026-10-06T23:16:05.6807850Z test enabled::schema_check_is_opt_in_and_reports_bad_columns_in_high_and_saved_low ... ok
2026-10-06T23:16:05.9312920Z test enabled::unsafe_schema_operations_cannot_create_or_modify_external_files ... ok
2026-10-06T23:16:05.9314860Z 
2026-10-06T23:16:05.9316100Z test result: ok. 13 passed; 0 failed; 0 ignored; 0 measured; 0 filtered out; finished in 0.94s
2026-10-06T23:16:05.9316700Z 
2026-10-06T23:16:05.9319450Z [1m[92m     Running[0m tests/static_callback_views.rs (target/debug/deps/static_callback_views-6af0f8ef4e6bec82)
2026-10-06T23:16:05.9432030Z 
2026-10-06T23:16:05.9433130Z running 3 tests
2026-10-06T23:16:05.9510410Z test input_bound_callback_results_still_borrow_their_actual_inputs ... ok
2026-10-06T23:16:05.9520050Z test static_outputs_do_not_allow_local_or_owned_parameter_borrows ... ok
2026-10-06T23:16:07.4696390Z test static_callbacks_keep_their_origins_and_independent_lifetime_scopes_in_high_and_low ... ok
2026-10-06T23:16:07.4696860Z 
2026-10-06T23:16:07.4697680Z test result: ok. 3 passed; 0 failed; 0 ignored; 0 measured; 0 filtered out; finished in 1.53s
2026-10-06T23:16:07.4698840Z [1m[92m     Running[0m tests/stdlib_imports.rs (target/debug/deps/stdlib_imports-6242c17f2ccef8be)
2026-10-06T23:16:07.4699290Z 
2026-10-06T23:16:07.4793290Z 
2026-10-06T23:16:07.4793590Z running 12 tests
2026-10-06T23:16:07.4850500Z test comma_separated_from_imports_preserve_each_name_alias_and_source_span ... ok
2026-10-06T23:16:07.4962340Z test constant_fields_and_function_aliases_resolve_without_ignoring_local_shadowing ... ok
2026-10-06T23:16:07.5075770Z test low_metadata_cannot_forge_standard_ids_or_implement_registry_functions ... ok
2026-10-06T23:16:07.5200440Z test from_list_reuses_existing_conflict_and_same_definition_rules ... ok
2026-10-06T23:16:07.5301470Z test malformed_standard_imports_do_not_fall_back_to_file_lookup ... ok
2026-10-06T23:16:07.5402340Z test parser_distinguishes_standard_names_from_quoted_files_and_keeps_alias_spans ... ok
2026-10-06T23:16:07.5503180Z test low_metadata_rejects_native_paths_capabilities_and_unimported_canonical_names ... ok
2026-10-06T23:16:07.5604090Z test registered_resources_and_functions_are_separate_from_source_definitions ... ok
2026-10-06T23:16:07.6967340Z test multiple_from_aliases_keep_registry_identity_in_independently_loaded_low ... ok
2026-10-06T23:16:07.7074520Z test standard_imports_ignore_local_lookalikes_and_unsaved_overlays ... ok
2026-10-06T23:16:07.7428520Z test saved_low_keeps_registry_identity_without_standard_source_files ... ok
2026-10-06T23:16:07.8518830Z [1m[92m     Running[0m tests/symbols.rs (target/debug/deps/symbols-f0d016026c41ad2a)
2026-10-06T23:16:07.8519580Z test repeated_standard_imports_do_not_shift_registry_declaration_lines ... ok
2026-10-06T23:16:07.8618840Z 
2026-10-06T23:16:07.8748330Z test result: ok. 12 passed; 0 failed; 0 ignored; 0 measured; 0 filtered out; finished in 0.36s
2026-10-06T23:16:07.8819660Z 
2026-10-06T23:16:07.8920540Z 
2026-10-06T23:16:07.9021300Z running 21 tests
2026-10-06T23:16:08.0574830Z test actual_symbols_command_resolves_transitive_imports_and_utf16_columns ... ok
2026-10-06T23:16:08.0713820Z test editor_input_rejects_invalid_schema_alias_duplicates_and_other_commands ... ok
2026-10-06T23:16:08.0815690Z test editor_buffers_update_imported_and_low_signatures_without_writing_files ... ok
2026-10-06T23:16:08.2393450Z test duplicate_let_and_case_bindings_cannot_replace_an_outer_definition ... ok
2026-10-06T23:16:08.2609640Z test expression_ranges_cover_multiline_receivers_and_do_not_unwrap_results ... ok
2026-10-06T23:16:08.2710800Z test failed_iterator_mutation_does_not_leak_a_loan_or_move_into_editor_types ... ok
2026-10-06T23:16:08.4277060Z test imported_and_native_types_use_unsaved_buffers_and_utf16_ranges ... ok
2026-10-06T23:16:08.4577130Z test inferred_locals_parameters_and_loop_bindings_obey_exact_scopes ... ok
2026-10-06T23:16:08.4677990Z test invalid_signatures_do_not_generate_guessed_local_types ... ok
2026-10-06T23:16:08.6406240Z test local_call_and_function_value_navigation_use_the_resolved_binding ... ok
2026-10-06T23:16:08.7210330Z test local_navigation_preserves_binding_identity_across_reassignments_and_scopes ... ok
2026-10-06T23:16:08.8953250Z test low_records_replacements_and_same_line_bindings_keep_their_source_positions ... ok
2026-10-06T23:16:08.9657070Z test match_payloads_and_child_locals_do_not_escape_their_arm ... ok
2026-10-06T23:16:09.2157230Z test moved_values_and_scope_locals_have_no_later_inferred_type ... ok
2026-10-06T23:16:09.2271150Z test native_low_symbols_and_calls_inside_match_keep_original_files ... ok
2026-10-06T23:16:09.4616810Z test navigation_resolves_case_and_scope_bindings_without_leaking_them ... ok
2026-10-06T23:16:09.5320800Z test local_function_value_uses_have_hover_types_without_replacing_global_signatures ... ok
2026-10-06T23:16:09.6493960Z test navigation_uses_unsaved_import_and_low_replacement_positions_in_utf16 ... ok
2026-10-06T23:16:09.6596010Z test navigation_is_available_after_moves_and_invalid_types_but_not_before_binding ... ok
2026-10-06T23:16:09.7198410Z test partial_moves_do_not_infer_invalid_bindings_or_hide_unmoved_fields ... ok
2026-10-06T23:16:09.8307990Z test symbols_work_despite_type_errors_and_distinguish_fields_locals_and_calls ... ok
2026-10-06T23:16:09.8373690Z [1m[92m     Running[0m tests/typed_errors.rs (target/debug/deps/typed_errors-8f2259a29f8be58b)
2026-10-06T23:16:09.8374090Z 
2026-10-06T23:16:09.8376900Z test result: ok. 21 passed; 0 failed; 0 ignored; 0 measured; 0 filtered out; finished in 1.97s
2026-10-06T23:16:09.8377470Z 
2026-10-06T23:16:09.8432600Z 
2026-10-06T23:16:09.8433320Z running 15 tests
2026-10-06T23:16:11.0323050Z test async_custom_errors_propagate_the_same_enum_through_await_and_try ... ok
2026-10-06T23:16:11.0644860Z test diagnostic_cause_containers_are_rejected_by_json_serialization ... ok
2026-10-06T23:16:11.0645840Z test direct_parser_builtin_enum_names_require_canonical_source_loading ... ok
2026-10-06T23:16:11.6089100Z test builtin_error_causes_survive_wrapping_without_json_or_database_requirements ... ok
2026-10-06T23:16:11.6840980Z test enum_constructors_reject_unknown_variants_wrong_arity_and_wrong_payload_types ... ok
2026-10-06T23:16:11.7512200Z test enum_matches_require_exhaustive_unique_matching_variants_and_payload_bindings ... ok
2026-10-06T23:16:11.7825150Z test enum_payload_moves_and_borrowed_views_cannot_escape_match_arms ... ok
2026-10-06T23:16:12.2435270Z test class_errors_keep_context_nested_results_same_error_try_and_explicit_conversion ... ok
2026-10-06T23:16:12.2874700Z test fail_and_try_reject_implicit_conversion_between_custom_error_types ... ok
2026-10-06T23:16:20.3701880Z test entry_result_errors_keep_exit_status_through_owned_wrappers_and_async_saved_low ... ok
2026-10-06T23:16:20.8646420Z test enums_construct_match_owned_payloads_and_preserve_copy_variants ... ok
2026-10-06T23:16:20.8935960Z test same_named_module_enums_are_distinct_error_types_for_try_and_patterns ... ok
2026-10-06T23:16:21.2687170Z test file_loaded_builtin_spelled_enums_keep_literal_types_and_variant_identity ... ok
2026-10-06T23:16:21.7085890Z test module_aliases_share_enum_error_identity_and_keep_qualified_variants ... ok
2026-10-06T23:16:23.3755310Z test scope_enum_conversion_requires_the_explicit_rust_bridge_and_keeps_the_owned_cause ... ok
2026-10-06T23:16:23.3756200Z 
2026-10-06T23:16:23.3756940Z test result: ok. 15 passed; 0 failed; 0 ignored; 0 measured; 0 filtered out; finished in 13.53s
2026-10-06T23:16:23.3758440Z 
2026-10-06T23:16:23.3763780Z [1m[92m     Running[0m tests/view_iteration.rs (target/debug/deps/view_iteration-c13adaeed5dc6b41)
2026-10-06T23:16:23.3855900Z 
2026-10-06T23:16:23.3856700Z running 3 tests
2026-10-06T23:16:23.3937700Z test string_views_reject_iteration_and_numeric_indexing_in_high_and_low ... ok
2026-10-06T23:16:23.3995200Z test native_resource_views_still_reject_iteration ... ok
2026-10-06T23:16:23.6077600Z test byte_views_use_u8_and_preserve_nested_views_and_owned_element_slices ... ok
2026-10-06T23:16:23.6078030Z 
2026-10-06T23:16:23.6078500Z test result: ok. 3 passed; 0 failed; 0 ignored; 0 measured; 0 filtered out; finished in 0.22s
2026-10-06T23:16:23.6078890Z 
2026-10-06T23:16:23.6079560Z [1m[92m     Running[0m tests/view_parameter_rebinding.rs (target/debug/deps/view_parameter_rebinding-6c44b8e8126ab693)
2026-10-06T23:16:23.6169300Z 
2026-10-06T23:16:23.6170010Z running 5 tests
2026-10-06T23:16:23.6297530Z test local_borrows_still_cannot_escape_through_reassigned_parameters ... ok
2026-10-06T23:16:23.6333920Z test rebinding_is_synthetic_and_does_not_change_signatures_or_extern_wrappers ... ok
2026-10-06T23:16:23.9429490Z test local_parameter_updates_compile_and_run_in_high_and_saved_low ... ok
2026-10-06T23:16:24.0708510Z test owning_parameters_keep_their_drop_order_when_a_view_container_is_rebound ... ok
2026-10-06T23:16:24.2824430Z test views_of_owned_record_fields_can_be_used_locally_through_parameters ... ok
2026-10-06T23:16:24.2825040Z 
2026-10-06T23:16:24.2825800Z test result: ok. 5 passed; 0 failed; 0 ignored; 0 measured; 0 filtered out; finished in 0.67s
2026-10-06T23:16:24.2826390Z 
2026-10-06T23:16:24.2937970Z ##[group]Run node --test editors/vscode-nagi/test/*.test.js scripts/test_graph_html_viewport.mjs
2026-10-06T23:16:24.2938740Z [36;1mnode --test editors/vscode-nagi/test/*.test.js scripts/test_graph_html_viewport.mjs[0m
2026-10-06T23:16:24.3099460Z shell: /bin/bash --noprofile --norc -e -o pipefail {0}
2026-10-06T23:16:24.3117770Z env:
2026-10-06T23:16:24.3118050Z   NAGI_FAILURE_DIR: /Users/runner/work/Nagi/Nagi/build/compiler-failures
2026-10-06T23:16:24.3118350Z   CARGO_HOME: /Users/runner/.cargo
2026-10-06T23:16:24.3118570Z   CARGO_INCREMENTAL: 0
2026-10-06T23:16:24.3118920Z   CARGO_TERM_COLOR: always
2026-10-06T23:16:24.3119340Z   pythonLocation: /Users/runner/hostedtoolcache/Python/3.12.10/arm64
2026-10-06T23:16:24.3119820Z   PKG_CONFIG_PATH: /Users/runner/hostedtoolcache/Python/3.12.10/arm64/lib/pkgconfig
2026-10-06T23:16:24.3120350Z   Python_ROOT_DIR: /Users/runner/hostedtoolcache/Python/3.12.10/arm64
2026-10-06T23:16:24.3120890Z   Python2_ROOT_DIR: /Users/runner/hostedtoolcache/Python/3.12.10/arm64
2026-10-06T23:16:24.3121320Z   Python3_ROOT_DIR: /Users/runner/hostedtoolcache/Python/3.12.10/arm64
2026-10-06T23:16:24.3121680Z ##[endgroup]
2026-10-06T23:16:24.5565280Z TAP version 13
2026-10-06T23:16:24.6010970Z # Subtest: Actor and Turn snippets preserve all three registered type parameters
2026-10-06T23:16:24.6013800Z ok 1 - Actor and Turn snippets preserve all three registered type parameters
2026-10-06T23:16:24.6016650Z   ---
2026-10-06T23:16:24.6017600Z   duration_ms: 2.236083
2026-10-06T23:16:24.6018220Z   type: 'test'
2026-10-06T23:16:24.6019770Z   ...
2026-10-06T23:16:24.6021350Z # Subtest: same-name standard options retain their owning namespace and return type
2026-10-06T23:16:24.6022940Z ok 2 - same-name standard options retain their owning namespace and return type
2026-10-06T23:16:24.6023610Z   ---
2026-10-06T23:16:24.6024690Z   duration_ms: 0.62525
2026-10-06T23:16:24.6026980Z   type: 'test'
2026-10-06T23:16:24.6028360Z   ...
2026-10-06T23:16:24.6030240Z # Subtest: both module catalogs complete imports without merging their members
2026-10-06T23:16:24.6031080Z ok 3 - both module catalogs complete imports without merging their members
2026-10-06T23:16:24.6032730Z   ---
2026-10-06T23:16:24.6033850Z   duration_ms: 1.2445
2026-10-06T23:16:24.6035120Z   type: 'test'
2026-10-06T23:16:24.6037000Z   ...
2026-10-06T23:16:24.9906380Z # Subtest: real nagi actor symbols separate modules and preserve three-parameter handles
2026-10-06T23:16:24.9908560Z ok 4 - real nagi actor symbols separate modules and preserve three-parameter handles
2026-10-06T23:16:24.9909200Z   ---
2026-10-06T23:16:24.9909740Z   duration_ms: 388.582709
2026-10-06T23:16:24.9910160Z   type: 'test'
2026-10-06T23:16:24.9910620Z   ...
2026-10-06T23:16:25.3655010Z # Subtest: real low actor symbols separate modules and preserve three-parameter handles
2026-10-06T23:16:25.3656000Z ok 5 - real low actor symbols separate modules and preserve three-parameter handles
2026-10-06T23:16:25.3658080Z   ---
2026-10-06T23:16:25.3658690Z   duration_ms: 380.860416
2026-10-06T23:16:25.3659170Z   type: 'test'
2026-10-06T23:16:25.3659530Z   ...
2026-10-06T23:16:25.5057210Z # Subtest: unsaved actor dependency constants keep their own source without writing or building
2026-10-06T23:16:25.5058260Z ok 6 - unsaved actor dependency constants keep their own source without writing or building
2026-10-06T23:16:25.5058850Z   ---
2026-10-06T23:16:25.5059810Z   duration_ms: 141.280625
2026-10-06T23:16:25.5060120Z   type: 'test'
2026-10-06T23:16:25.5060370Z   ...
2026-10-06T23:16:25.5116670Z # Subtest: nagi borrowed loop locals keep their declared type and bare insertion
2026-10-06T23:16:25.5169540Z ok 7 - nagi borrowed loop locals keep their declared type and bare insertion
2026-10-06T23:16:25.5171210Z   ---
2026-10-06T23:16:25.5171380Z   duration_ms: 3.614708
2026-10-06T23:16:25.5171580Z   type: 'test'
2026-10-06T23:16:25.5171750Z   ...
2026-10-06T23:16:25.5172150Z # Subtest: nagi owned and read-only-only locals retain their existing presentation
2026-10-06T23:16:25.5173500Z ok 8 - nagi owned and read-only-only locals retain their existing presentation
2026-10-06T23:16:25.5174020Z   ---
2026-10-06T23:16:25.5174180Z   duration_ms: 0.372542
2026-10-06T23:16:25.5174370Z   type: 'test'
2026-10-06T23:16:25.5174520Z   ...
2026-10-06T23:16:25.5174940Z # Subtest: nagi borrowed receiver fields preserve the compiler read-only contract
2026-10-06T23:16:25.5175480Z ok 9 - nagi borrowed receiver fields preserve the compiler read-only contract
2026-10-06T23:16:25.5175800Z   ---
2026-10-06T23:16:25.5175970Z   duration_ms: 0.457542
2026-10-06T23:16:25.5176170Z   type: 'test'
2026-10-06T23:16:25.5176330Z   ...
2026-10-06T23:16:25.5176700Z # Subtest: low borrowed loop locals keep their declared type and bare insertion
2026-10-06T23:16:25.5177230Z ok 10 - low borrowed loop locals keep their declared type and bare insertion
2026-10-06T23:16:25.5177530Z   ---
2026-10-06T23:16:25.5177700Z   duration_ms: 0.48925
2026-10-06T23:16:25.5177900Z   type: 'test'
2026-10-06T23:16:25.5178050Z   ...
2026-10-06T23:16:25.5178430Z # Subtest: low owned and read-only-only locals retain their existing presentation
2026-10-06T23:16:25.5178970Z ok 11 - low owned and read-only-only locals retain their existing presentation
2026-10-06T23:16:25.5179270Z   ---
2026-10-06T23:16:25.5179430Z   duration_ms: 0.169458
2026-10-06T23:16:25.5179620Z   type: 'test'
2026-10-06T23:16:25.5179770Z   ...
2026-10-06T23:16:25.5180140Z # Subtest: low borrowed receiver fields preserve the compiler read-only contract
2026-10-06T23:16:25.5180690Z ok 12 - low borrowed receiver fields preserve the compiler read-only contract
2026-10-06T23:16:25.5181000Z   ---
2026-10-06T23:16:25.5181160Z   duration_ms: 0.203959
2026-10-06T23:16:25.5181350Z   type: 'test'
2026-10-06T23:16:25.5181500Z   ...
2026-10-06T23:16:25.5181880Z # Subtest: Windows diagnostics preserve the drive and convert to zero-based line
2026-10-06T23:16:25.5182420Z ok 13 - Windows diagnostics preserve the drive and convert to zero-based line
2026-10-06T23:16:25.5182720Z   ---
2026-10-06T23:16:25.5182890Z   duration_ms: 1.1105
2026-10-06T23:16:25.5183060Z   type: 'test'
2026-10-06T23:16:25.5183260Z   ...
2026-10-06T23:16:25.5183670Z # Subtest: symbol positions use UTF-16 ranges and exclude whitespace and other files
2026-10-06T23:16:25.5184400Z ok 14 - symbol positions use UTF-16 ranges and exclude whitespace and other files
2026-10-06T23:16:25.5184720Z   ---
2026-10-06T23:16:25.5184880Z   duration_ms: 0.714708
2026-10-06T23:16:25.5185050Z   type: 'test'
2026-10-06T23:16:25.5185220Z   ...
2026-10-06T23:16:25.5185610Z # Subtest: Low integration errors and process errors have usable fallback locations
2026-10-06T23:16:25.5186160Z ok 15 - Low integration errors and process errors have usable fallback locations
2026-10-06T23:16:25.5186490Z   ---
2026-10-06T23:16:25.5186650Z   duration_ms: 0.170875
2026-10-06T23:16:25.5186830Z   type: 'test'
2026-10-06T23:16:25.5186980Z   ...
2026-10-06T23:16:25.5187340Z # Subtest: Rust arguments remain separate and long Windows paths normalize
2026-10-06T23:16:25.5187840Z ok 16 - Rust arguments remain separate and long Windows paths normalize
2026-10-06T23:16:25.5188120Z   ---
2026-10-06T23:16:25.5188290Z   duration_ms: 0.1245
2026-10-06T23:16:25.5188470Z   type: 'test'
2026-10-06T23:16:25.5188620Z   ...
2026-10-06T23:16:25.5192850Z # Subtest: diagnostic file identities resolve symlinks and Windows path spelling
2026-10-06T23:16:25.5193460Z ok 17 - diagnostic file identities resolve symlinks and Windows path spelling
2026-10-06T23:16:25.5193790Z   ---
2026-10-06T23:16:25.5193960Z   duration_ms: 1.503
2026-10-06T23:16:25.5194150Z   type: 'test'
2026-10-06T23:16:25.5194310Z   ...
2026-10-06T23:16:25.5194740Z # Subtest: task matcher accepts Nagi frontend and mapped backend positions only
2026-10-06T23:16:25.5195280Z ok 18 - task matcher accepts Nagi frontend and mapped backend positions only
2026-10-06T23:16:25.5195580Z   ---
2026-10-06T23:16:25.5195740Z   duration_ms: 0.57
2026-10-06T23:16:25.5195940Z   type: 'test'
2026-10-06T23:16:25.5196330Z   ...
2026-10-06T23:16:25.5196740Z # Subtest: files and native paths are individual arguments with isolated check output
2026-10-06T23:16:25.5197310Z ok 19 - files and native paths are individual arguments with isolated check output
2026-10-06T23:16:25.5197630Z   ---
2026-10-06T23:16:25.5197800Z   duration_ms: 1.290666
2026-10-06T23:16:25.5197990Z   type: 'test'
2026-10-06T23:16:25.5198140Z   ...
2026-10-06T23:16:25.5198540Z # Subtest: configured compiler paths are workspace relative; PATH remains a fallback
2026-10-06T23:16:25.5199130Z ok 20 - configured compiler paths are workspace relative; PATH remains a fallback
2026-10-06T23:16:25.5199440Z   ---
2026-10-06T23:16:25.5199610Z   duration_ms: 0.307208
2026-10-06T23:16:25.5199790Z   type: 'test'
2026-10-06T23:16:25.5199940Z   ...
2026-10-06T23:16:25.5200280Z # Subtest: compiler execution does not interpret shell metacharacters
2026-10-06T23:16:25.5200740Z ok 21 - compiler execution does not interpret shell metacharacters
2026-10-06T23:16:25.5201030Z   ---
2026-10-06T23:16:25.5201200Z   duration_ms: 31.909625
2026-10-06T23:16:25.5201380Z   type: 'test'
2026-10-06T23:16:25.5201600Z   ...
2026-10-06T23:16:25.5201890Z # Subtest: real Nagi checker diagnoses a source error
2026-10-06T23:16:25.5202240Z ok 22 - real Nagi checker diagnoses a source error
2026-10-06T23:16:25.5202490Z   ---
2026-10-06T23:16:25.5202650Z   duration_ms: 4.967792
2026-10-06T23:16:25.5202830Z   type: 'test'
2026-10-06T23:16:25.5202980Z   ...
2026-10-06T23:16:25.5203300Z # Subtest: missing compiler is reported as an execution problem
2026-10-06T23:16:25.5203720Z ok 23 - missing compiler is reported as an execution problem
2026-10-06T23:16:25.5203980Z   ---
2026-10-06T23:16:25.5204220Z   duration_ms: 1.33725
2026-10-06T23:16:25.5204400Z   type: 'test'
2026-10-06T23:16:25.5204560Z   ...
2026-10-06T23:16:25.5204880Z # Subtest: timed out checker is reported as an execution problem
2026-10-06T23:16:25.5205300Z ok 24 - timed out checker is reported as an execution problem
2026-10-06T23:16:25.5205570Z   ---
2026-10-06T23:16:25.5205730Z   duration_ms: 256.649625
2026-10-06T23:16:25.5205920Z   type: 'test'
2026-10-06T23:16:25.5206090Z   ...
2026-10-06T23:16:25.5206480Z # Subtest: nearest manifest wins and project arguments delegate entry selection to nagic
2026-10-06T23:16:25.5207200Z ok 25 - nearest manifest wins and project arguments delegate entry selection to nagic
2026-10-06T23:16:25.5207530Z   ---
2026-10-06T23:16:25.5207690Z   duration_ms: 0.776125
2026-10-06T23:16:25.5207880Z   type: 'test'
2026-10-06T23:16:25.5208040Z   ...
2026-10-06T23:16:25.5208480Z # Subtest: real checker resolves a helper through its manifest entry rather than checking it alone
2026-10-06T23:16:25.5209140Z ok 26 - real checker resolves a helper through its manifest entry rather than checking it alone
2026-10-06T23:16:25.5209500Z   ---
2026-10-06T23:16:25.5209650Z   duration_ms: 6.991208
2026-10-06T23:16:25.5209850Z   type: 'test'
2026-10-06T23:16:25.5210010Z   ...
2026-10-06T23:16:25.5210390Z # Subtest: real symbol query navigates from a helper to its entry-defined function
2026-10-06T23:16:25.5210950Z ok 27 - real symbol query navigates from a helper to its entry-defined function
2026-10-06T23:16:25.5211270Z   ---
2026-10-06T23:16:25.5211460Z   duration_ms: 81.415958
2026-10-06T23:16:25.5221640Z   type: 'test'
2026-10-06T23:16:25.5221850Z   ...
2026-10-06T23:16:25.5222260Z # Subtest: enum completion includes own/imported type namespaces and never bare variants
2026-10-06T23:16:25.5222870Z ok 28 - enum completion includes own/imported type namespaces and never bare variants
2026-10-06T23:16:25.5223180Z   ---
2026-10-06T23:16:25.5223320Z   duration_ms: 4.056958
2026-10-06T23:16:25.5223490Z   type: 'test'
2026-10-06T23:16:25.5223660Z   ...
2026-10-06T23:16:25.5224020Z # Subtest: enum type positions offer enum types and exclude variant values
2026-10-06T23:16:25.5224520Z ok 29 - enum type positions offer enum types and exclude variant values
2026-10-06T23:16:25.5224800Z   ---
2026-10-06T23:16:25.5224970Z   duration_ms: 0.714125
2026-10-06T23:16:25.5225370Z   type: 'test'
2026-10-06T23:16:25.5225520Z   ...
2026-10-06T23:16:25.5225930Z # Subtest: unit/payload variant hover and payload signatures preserve alias-qualified spelling
2026-10-06T23:16:25.5226550Z ok 30 - unit/payload variant hover and payload signatures preserve alias-qualified spelling
2026-10-06T23:16:25.5226880Z   ---
2026-10-06T23:16:25.5227020Z   duration_ms: 1.45625
2026-10-06T23:16:25.5227190Z   type: 'test'
2026-10-06T23:16:25.5227330Z   ...
2026-10-06T23:16:25.5227750Z # Subtest: nested variant declaration references resolve hover and F12 without exporting names
2026-10-06T23:16:25.5228360Z ok 31 - nested variant declaration references resolve hover and F12 without exporting names
2026-10-06T23:16:25.5228690Z   ---
2026-10-06T23:16:25.5228840Z   duration_ms: 0.717
2026-10-06T23:16:25.5229010Z   type: 'test'
2026-10-06T23:16:25.5229150Z   ...
2026-10-06T23:16:25.5229510Z # Subtest: lexical values that shadow enum/module roots suppress type namespaces
2026-10-06T23:16:25.5230030Z ok 32 - lexical values that shadow enum/module roots suppress type namespaces
2026-10-06T23:16:25.5230320Z   ---
2026-10-06T23:16:25.5230460Z   duration_ms: 1.577583
2026-10-06T23:16:25.5230630Z   type: 'test'
2026-10-06T23:16:25.5230770Z   ...
2026-10-06T23:16:25.5231140Z # Subtest: typed failure help exposes an error value without requiring builtin Error
2026-10-06T23:16:25.5231680Z ok 33 - typed failure help exposes an error value without requiring builtin Error
2026-10-06T23:16:25.5231980Z   ---
2026-10-06T23:16:25.5232120Z   duration_ms: 0.296125
2026-10-06T23:16:25.5232350Z   type: 'test'
2026-10-06T23:16:25.5232500Z   ...
2026-10-06T23:16:25.5232850Z # Subtest: Result patterns have completion hover and argument help only after case
2026-10-06T23:16:25.5233380Z ok 34 - Result patterns have completion hover and argument help only after case
2026-10-06T23:16:25.5233670Z   ---
2026-10-06T23:16:25.5233800Z   duration_ms: 0.623
2026-10-06T23:16:25.5233970Z   type: 'test'
2026-10-06T23:16:25.5234110Z   ...
2026-10-06T23:16:25.5234480Z # Subtest: real nagi enum symbols preserve aliases, payload help and declaration targets
2026-10-06T23:16:25.5235040Z ok 35 - real nagi enum symbols preserve aliases, payload help and declaration targets
2026-10-06T23:16:25.5235350Z   ---
2026-10-06T23:16:25.5235610Z   duration_ms: 93.137
2026-10-06T23:16:25.5235780Z   type: 'test'
2026-10-06T23:16:25.5235920Z   ...
2026-10-06T23:16:25.5236290Z # Subtest: real low enum symbols preserve aliases, payload help and declaration targets
2026-10-06T23:16:25.5236840Z ok 36 - real low enum symbols preserve aliases, payload help and declaration targets
2026-10-06T23:16:25.5237140Z   ---
2026-10-06T23:16:25.5237290Z   duration_ms: 113.778958
2026-10-06T23:16:25.5237460Z   type: 'test'
2026-10-06T23:16:25.5237600Z   ...
2026-10-06T23:16:25.5238000Z # Subtest: unsaved enum changes update payloads and F12 without writing source or building
2026-10-06T23:16:25.5238590Z ok 37 - unsaved enum changes update payloads and F12 without writing source or building
2026-10-06T23:16:25.5238910Z   ---
2026-10-06T23:16:25.5239050Z   duration_ms: 82.814458
2026-10-06T23:16:25.5239220Z   type: 'test'
2026-10-06T23:16:25.5239350Z   ...
2026-10-06T23:16:25.5239830Z # Subtest: hover preserves declared async/nullable types and class fields but skips locals, members and comments
2026-10-06T23:16:25.5240550Z ok 38 - hover preserves declared async/nullable types and class fields but skips locals, members and comments
2026-10-06T23:16:25.5240930Z   ---
2026-10-06T23:16:25.5241060Z   duration_ms: 1.504959
2026-10-06T23:16:25.5241260Z   type: 'test'
2026-10-06T23:16:25.5241400Z   ...
2026-10-06T23:16:25.5241830Z # Subtest: completion works on incomplete prefixes and inserts positional calls or named class fields
2026-10-06T23:16:25.5242480Z ok 39 - completion works on incomplete prefixes and inserts positional calls or named class fields
2026-10-06T23:16:25.5242820Z   ---
2026-10-06T23:16:25.5242960Z   duration_ms: 0.963458
2026-10-06T23:16:25.5243300Z   type: 'test'
2026-10-06T23:16:25.5243450Z   ...
2026-10-06T23:16:25.5243820Z # Subtest: type positions offer classes and type constructors rather than value calls
2026-10-06T23:16:25.5244370Z ok 40 - type positions offer classes and type constructors rather than value calls
2026-10-06T23:16:25.5244680Z   ---
2026-10-06T23:16:25.5244840Z   duration_ms: 1.544875
2026-10-06T23:16:25.5245000Z   type: 'test'
2026-10-06T23:16:25.5245150Z   ...
2026-10-06T23:16:25.5245550Z # Subtest: a class named Future completes as its declared type rather than a generic builtin
2026-10-06T23:16:25.5246140Z ok 41 - a class named Future completes as its declared type rather than a generic builtin
2026-10-06T23:16:25.5246450Z   ---
2026-10-06T23:16:25.5246600Z   duration_ms: 0.231875
2026-10-06T23:16:25.5246760Z   type: 'test'
2026-10-06T23:16:25.5246900Z   ...
2026-10-06T23:16:25.5247320Z # Subtest: signature argument tracking ignores nested calls, strings, arrays and generic arguments
2026-10-06T23:16:25.5247950Z ok 42 - signature argument tracking ignores nested calls, strings, arrays and generic arguments
2026-10-06T23:16:25.5248290Z   ---
2026-10-06T23:16:25.5248430Z   duration_ms: 0.771375
2026-10-06T23:16:25.5248600Z   type: 'test'
2026-10-06T23:16:25.5248740Z   ...
2026-10-06T23:16:25.5249120Z # Subtest: local hovers use the exact UTF-16 occurrence and file rather than a shared name
2026-10-06T23:16:25.5249700Z ok 43 - local hovers use the exact UTF-16 occurrence and file rather than a shared name
2026-10-06T23:16:25.5250010Z   ---
2026-10-06T23:16:25.5250150Z   duration_ms: 0.649208
2026-10-06T23:16:25.5250310Z   type: 'test'
2026-10-06T23:16:25.5250450Z   ...
2026-10-06T23:16:25.5250860Z # Subtest: member analysis masks just the edited member and preserves UTF-16 and CRLF positions
2026-10-06T23:16:25.5251450Z ok 44 - member analysis masks just the edited member and preserves UTF-16 and CRLF positions
2026-10-06T23:16:25.5251780Z   ---
2026-10-06T23:16:25.5251920Z   duration_ms: 0.089083
2026-10-06T23:16:25.5252080Z   type: 'test'
2026-10-06T23:16:25.5252220Z   ...
2026-10-06T23:16:25.5252660Z # Subtest: field candidates come from the receiver occurrence and never from saved or other-file types
2026-10-06T23:16:25.5253310Z ok 45 - field candidates come from the receiver occurrence and never from saved or other-file types
2026-10-06T23:16:25.5253780Z   ---
2026-10-06T23:16:25.5253920Z   duration_ms: 0.3415
2026-10-06T23:16:25.5254090Z   type: 'test'
2026-10-06T23:16:25.5254230Z   ...
2026-10-06T23:16:25.5254610Z # Subtest: a trailing member binds inside try/await unless the receiver is parenthesized
2026-10-06T23:16:25.5255170Z ok 46 - a trailing member binds inside try/await unless the receiver is parenthesized
2026-10-06T23:16:25.5255480Z   ---
2026-10-06T23:16:25.5255620Z   duration_ms: 0.304584
2026-10-06T23:16:25.5255780Z   type: 'test'
2026-10-06T23:16:25.5255920Z   ...
2026-10-06T23:16:25.5256370Z # Subtest: builtin completion catalog matches compiler arities and required type arguments
2026-10-06T23:16:25.5256970Z ok 47 - builtin completion catalog matches compiler arities and required type arguments
2026-10-06T23:16:25.5257280Z   ---
2026-10-06T23:16:25.5257430Z   duration_ms: 2.936208
2026-10-06T23:16:25.5257590Z   type: 'test'
2026-10-06T23:16:25.5257730Z   ...
2026-10-06T23:16:25.5258090Z # Subtest: builtin help preserves conversion, SQLite, async and callback contracts
2026-10-06T23:16:25.5258620Z ok 48 - builtin help preserves conversion, SQLite, async and callback contracts
2026-10-06T23:16:25.5258920Z   ---
2026-10-06T23:16:25.5259060Z   duration_ms: 0.279792
2026-10-06T23:16:25.5259220Z   type: 'test'
2026-10-06T23:16:25.5259360Z   ...
2026-10-06T23:16:25.5259760Z # Subtest: function and nullable types complete inside all supported generic builtin contexts
2026-10-06T23:16:25.5260360Z ok 49 - function and nullable types complete inside all supported generic builtin contexts
2026-10-06T23:16:25.5260680Z   ---
2026-10-06T23:16:25.5260830Z   duration_ms: 0.326667
2026-10-06T23:16:25.5261000Z   type: 'test'
2026-10-06T23:16:25.5261360Z   ...
2026-10-06T23:16:25.5261730Z # Subtest: completion preserves existing generic arguments and call parentheses
2026-10-06T23:16:25.5262250Z ok 50 - completion preserves existing generic arguments and call parentheses
2026-10-06T23:16:25.5262550Z   ---
2026-10-06T23:16:25.5262690Z   duration_ms: 0.196917
2026-10-06T23:16:25.5262860Z   type: 'test'
2026-10-06T23:16:25.5262990Z   ...
2026-10-06T23:16:25.5552460Z # Subtest: unindented Low fn, record and enum bodies keep their closing braces visible
2026-10-06T23:16:25.5626200Z ok 51 - unindented Low fn, record and enum bodies keep their closing braces visible
2026-10-06T23:16:25.5635020Z   ---
2026-10-06T23:16:25.5635290Z   duration_ms: 1.276958
2026-10-06T23:16:25.5635540Z   type: 'test'
2026-10-06T23:16:25.5635740Z   ...
2026-10-06T23:16:25.5636170Z # Subtest: nested match, case, scope and branch bodies fold at each opening line
2026-10-06T23:16:25.5636760Z ok 52 - nested match, case, scope and branch bodies fold at each opening line
2026-10-06T23:16:25.5637330Z   ---
2026-10-06T23:16:25.5637580Z   duration_ms: 0.236084
2026-10-06T23:16:25.5659380Z   type: 'test'
2026-10-06T23:16:25.5659640Z   ...
2026-10-06T23:16:25.5660070Z # Subtest: multiline fn and async fn draft headers join their body in one fold
2026-10-06T23:16:25.5660650Z ok 53 - multiline fn and async fn draft headers join their body in one fold
2026-10-06T23:16:25.5660990Z   ---
2026-10-06T23:16:25.5661510Z   duration_ms: 0.150166
2026-10-06T23:16:25.5661760Z   type: 'test'
2026-10-06T23:16:25.5661960Z   ...
2026-10-06T23:16:25.5662420Z # Subtest: strings and comments do not create or close folds
2026-10-06T23:16:25.5662860Z ok 54 - strings and comments do not create or close folds
2026-10-06T23:16:25.5663150Z   ---
2026-10-06T23:16:25.5663340Z   duration_ms: 0.093167
2026-10-06T23:16:25.5663550Z   type: 'test'
2026-10-06T23:16:25.5663740Z   ...
2026-10-06T23:16:25.5664140Z # Subtest: crossed, stray and unclosed delimiters cannot invent brace folds
2026-10-06T23:16:25.5664670Z ok 55 - crossed, stray and unclosed delimiters cannot invent brace folds
2026-10-06T23:16:25.5665010Z   ---
2026-10-06T23:16:25.5665200Z   duration_ms: 0.160333
2026-10-06T23:16:25.5665420Z   type: 'test'
2026-10-06T23:16:25.5665600Z   ...
2026-10-06T23:16:25.5666190Z # Subtest: matched call and list continuations guard bodies without separate folds
2026-10-06T23:16:25.5667400Z ok 56 - matched call and list continuations guard bodies without separate folds
2026-10-06T23:16:25.5668350Z   ---
2026-10-06T23:16:25.5668610Z   duration_ms: 0.082333
2026-10-06T23:16:25.5668830Z   type: 'test'
2026-10-06T23:16:25.5669030Z   ...
2026-10-06T23:16:25.5669490Z # Subtest: completed declarations and unrelated lines do not donate a header to another body
2026-10-06T23:16:25.5670150Z ok 57 - completed declarations and unrelated lines do not donate a header to another body
2026-10-06T23:16:25.5670520Z   ---
2026-10-06T23:16:25.5670720Z   duration_ms: 0.654458
2026-10-06T23:16:25.5670930Z   type: 'test'
2026-10-06T23:16:25.5671130Z   ...
2026-10-06T23:16:25.5671560Z # Subtest: single-line and empty bodies are omitted and each start line has one fold
2026-10-06T23:16:25.5672150Z ok 58 - single-line and empty bodies are omitted and each start line has one fold
2026-10-06T23:16:25.5672500Z   ---
2026-10-06T23:16:25.5672690Z   duration_ms: 0.100167
2026-10-06T23:16:25.5672900Z   type: 'test'
2026-10-06T23:16:25.5673100Z   ...
2026-10-06T23:16:25.5673570Z # Subtest: inline closing braces fold the final statement while delimiter-only closers stay visible
2026-10-06T23:16:25.5674270Z ok 59 - inline closing braces fold the final statement while delimiter-only closers stay visible
2026-10-06T23:16:25.5674660Z   ---
2026-10-06T23:16:25.5674850Z   duration_ms: 0.283458
2026-10-06T23:16:25.5675070Z   type: 'test'
2026-10-06T23:16:25.5675260Z   ...
2026-10-06T23:16:25.7216320Z # Subtest: High Function snippet defaults compile in their declared context
2026-10-06T23:16:25.7237180Z ok 60 - High Function snippet defaults compile in their declared context
2026-10-06T23:16:25.7238800Z   ---
2026-10-06T23:16:25.7239190Z   duration_ms: 11.814792
2026-10-06T23:16:25.7239560Z   type: 'test'
2026-10-06T23:16:25.7239760Z   ...
2026-10-06T23:16:25.7240160Z # Subtest: High Class snippet defaults compile in their declared context
2026-10-06T23:16:25.7256710Z ok 61 - High Class snippet defaults compile in their declared context
2026-10-06T23:16:25.7306260Z   ---
2026-10-06T23:16:25.7331360Z   duration_ms: 5.238875
2026-10-06T23:16:25.7334930Z   type: 'test'
2026-10-06T23:16:25.7356350Z   ...
2026-10-06T23:16:25.7356780Z # Subtest: High Enum snippet defaults compile in their declared context
2026-10-06T23:16:25.7357320Z ok 62 - High Enum snippet defaults compile in their declared context
2026-10-06T23:16:25.7357650Z   ---
2026-10-06T23:16:25.7357850Z   duration_ms: 5.233417
2026-10-06T23:16:25.7358070Z   type: 'test'
2026-10-06T23:16:25.7358260Z   ...
2026-10-06T23:16:25.7358880Z # Subtest: High Main snippet defaults compile in their declared context
2026-10-06T23:16:25.7360080Z ok 63 - High Main snippet defaults compile in their declared context
2026-10-06T23:16:25.7360470Z   ---
2026-10-06T23:16:25.7360740Z   duration_ms: 4.509791
2026-10-06T23:16:25.7360990Z   type: 'test'
2026-10-06T23:16:25.7361190Z   ...
2026-10-06T23:16:25.7361660Z # Subtest: High Async main snippet defaults compile in their declared context
2026-10-06T23:16:25.7362230Z ok 64 - High Async main snippet defaults compile in their declared context
2026-10-06T23:16:25.7362590Z   ---
2026-10-06T23:16:25.7363020Z   duration_ms: 5.380333
2026-10-06T23:16:25.7363240Z   type: 'test'
2026-10-06T23:16:25.7363460Z   ...
2026-10-06T23:16:25.7363890Z # Subtest: High HTTP server snippet defaults compile in their declared context
2026-10-06T23:16:25.7364550Z ok 65 - High HTTP server snippet defaults compile in their declared context
2026-10-06T23:16:25.7364920Z   ---
2026-10-06T23:16:25.7365150Z   duration_ms: 96.182083
2026-10-06T23:16:25.7365380Z   type: 'test'
2026-10-06T23:16:25.7365590Z   ...
2026-10-06T23:16:25.7372510Z # Subtest: High GET handler snippet defaults compile in their declared context
2026-10-06T23:16:25.7373070Z ok 66 - High GET handler snippet defaults compile in their declared context
2026-10-06T23:16:25.7373400Z   ---
2026-10-06T23:16:25.7373600Z   duration_ms: 8.357417
2026-10-06T23:16:25.7374050Z   type: 'test'
2026-10-06T23:16:25.7374240Z   ...
2026-10-06T23:16:25.7374640Z # Subtest: High POST handler snippet defaults compile in their declared context
2026-10-06T23:16:25.7375200Z ok 67 - High POST handler snippet defaults compile in their declared context
2026-10-06T23:16:25.7375540Z   ---
2026-10-06T23:16:25.7375730Z   duration_ms: 8.859334
2026-10-06T23:16:25.7375950Z   type: 'test'
2026-10-06T23:16:25.7376150Z   ...
2026-10-06T23:16:25.7376520Z # Subtest: High Loop snippet defaults compile in their declared context
2026-10-06T23:16:25.7377030Z ok 68 - High Loop snippet defaults compile in their declared context
2026-10-06T23:16:25.7377340Z   ---
2026-10-06T23:16:25.7377530Z   duration_ms: 4.672
2026-10-06T23:16:25.7377750Z   type: 'test'
2026-10-06T23:16:25.7377950Z   ...
2026-10-06T23:16:25.7378360Z # Subtest: High Borrowed array snippet defaults compile in their declared context
2026-10-06T23:16:25.7378930Z ok 69 - High Borrowed array snippet defaults compile in their declared context
2026-10-06T23:16:25.7379270Z   ---
2026-10-06T23:16:25.7379470Z   duration_ms: 5.276792
2026-10-06T23:16:25.7379680Z   type: 'test'
2026-10-06T23:16:25.7379880Z   ...
2026-10-06T23:16:25.7380290Z # Subtest: High Result match snippet defaults compile in their declared context
2026-10-06T23:16:25.7380920Z ok 70 - High Result match snippet defaults compile in their declared context
2026-10-06T23:16:25.7381260Z   ---
2026-10-06T23:16:25.7381450Z   duration_ms: 4.153541
2026-10-06T23:16:25.7381670Z   type: 'test'
2026-10-06T23:16:25.7381860Z   ...
2026-10-06T23:16:25.7382270Z # Subtest: High Nullable match snippet defaults compile in their declared context
2026-10-06T23:16:25.7383140Z ok 71 - High Nullable match snippet defaults compile in their declared context
2026-10-06T23:16:25.7383520Z   ---
2026-10-06T23:16:25.7383710Z   duration_ms: 3.89325
2026-10-06T23:16:25.7383930Z   type: 'test'
2026-10-06T23:16:25.7384120Z   ...
2026-10-06T23:16:25.7723270Z # Subtest: real High quoted imports complete class enum and function names without calls
2026-10-06T23:16:25.7724220Z ok 72 - real High quoted imports complete class enum and function names without calls
2026-10-06T23:16:25.7724670Z   ---
2026-10-06T23:16:25.7724930Z   duration_ms: 87.845334
2026-10-06T23:16:25.7725200Z   type: 'test'
2026-10-06T23:16:25.7725440Z   ...
2026-10-06T23:16:25.7726040Z # Subtest: real High quoted imports complete class enum and function names without calls through a directory alias
2026-10-06T23:16:25.7726870Z ok 73 - real High quoted imports complete class enum and function names without calls through a directory alias
2026-10-06T23:16:25.7727340Z   ---
2026-10-06T23:16:25.7727580Z   duration_ms: 85.738
2026-10-06T23:16:25.7727840Z   type: 'test'
2026-10-06T23:16:25.7728090Z   ...
2026-10-06T23:16:25.8556580Z # Subtest: real Low quoted imports complete class enum and function names without calls
2026-10-06T23:16:25.8605990Z ok 74 - real Low quoted imports complete class enum and function names without calls
2026-10-06T23:16:25.8606510Z   ---
2026-10-06T23:16:25.8606770Z   duration_ms: 84.118292
2026-10-06T23:16:25.8607040Z   type: 'test'
2026-10-06T23:16:25.8607270Z   ...
2026-10-06T23:16:25.9440360Z # Subtest: real Low quoted imports complete class enum and function names without calls through a directory alias
2026-10-06T23:16:25.9443010Z ok 75 - real Low quoted imports complete class enum and function names without calls through a directory alias
2026-10-06T23:16:25.9443520Z   ---
2026-10-06T23:16:25.9443760Z   duration_ms: 83.926125
2026-10-06T23:16:25.9444040Z   type: 'test'
2026-10-06T23:16:25.9444280Z   ...
2026-10-06T23:16:25.9444870Z # Subtest: canonical source aliases share one identity per request and refresh after a symlink changes
2026-10-06T23:16:25.9446190Z ok 76 - canonical source aliases share one identity per request and refresh after a symlink changes
2026-10-06T23:16:25.9446640Z   ---
2026-10-06T23:16:25.9446880Z   duration_ms: 4.149959
2026-10-06T23:16:25.9447140Z   type: 'test'
2026-10-06T23:16:25.9447370Z   ...
2026-10-06T23:16:25.9448110Z # Subtest: standard source identities remain logical IDs without filesystem lookups
2026-10-06T23:16:25.9448650Z ok 77 - standard source identities remain logical IDs without filesystem lookups
2026-10-06T23:16:25.9449040Z   ---
2026-10-06T23:16:25.9449180Z   duration_ms: 0.763666
2026-10-06T23:16:25.9449360Z   type: 'test'
2026-10-06T23:16:25.9449510Z   ...
2026-10-06T23:16:25.9490990Z # Subtest: High block headers indent one level, including main, async, match and case
2026-10-06T23:16:25.9508620Z ok 78 - High block headers indent one level, including main, async, match and case
2026-10-06T23:16:25.9509110Z   ---
2026-10-06T23:16:25.9509370Z   duration_ms: 1.463375
2026-10-06T23:16:25.9509660Z   type: 'test'
2026-10-06T23:16:25.9509930Z   ...
2026-10-06T23:16:25.9510810Z # Subtest: else uses the matching if indentation after nested bodies and comments
2026-10-06T23:16:25.9577520Z ok 79 - else uses the matching if indentation after nested bodies and comments
2026-10-06T23:16:25.9577960Z   ---
2026-10-06T23:16:25.9578210Z   duration_ms: 0.214209
2026-10-06T23:16:25.9578480Z   type: 'test'
2026-10-06T23:16:25.9578720Z   ...
2026-10-06T23:16:25.9579130Z # Subtest: first and following cases align under their nearest match
2026-10-06T23:16:25.9580090Z ok 80 - first and following cases align under their nearest match
2026-10-06T23:16:25.9680990Z   ---
2026-10-06T23:16:25.9787100Z   duration_ms: 0.671792
2026-10-06T23:16:25.9887940Z   type: 'test'
2026-10-06T23:16:25.9988860Z   ...
2026-10-06T23:16:26.0089970Z # Subtest: immediate Enter after else/case aligns the branch and its new body together
2026-10-06T23:16:26.0129530Z ok 81 - immediate Enter after else/case aligns the branch and its new body together
2026-10-06T23:16:26.0172950Z   ---
2026-10-06T23:16:26.0173240Z   duration_ms: 0.104
2026-10-06T23:16:26.0173530Z   type: 'test'
2026-10-06T23:16:26.0173780Z   ...
2026-10-06T23:16:26.0174250Z # Subtest: explicitly dedented outer branches keep their matching outer block
2026-10-06T23:16:26.0174880Z ok 82 - explicitly dedented outer branches keep their matching outer block
2026-10-06T23:16:26.0175270Z   ---
2026-10-06T23:16:26.0175520Z   duration_ms: 0.146666
2026-10-06T23:16:26.0175800Z   type: 'test'
2026-10-06T23:16:26.0176040Z   ...
2026-10-06T23:16:26.0176540Z # Subtest: multiline case headers move together when colon is typed or Enter cancels it
2026-10-06T23:16:26.0177200Z ok 83 - multiline case headers move together when colon is typed or Enter cancels it
2026-10-06T23:16:26.0177610Z   ---
2026-10-06T23:16:26.0177860Z   duration_ms: 0.095666
2026-10-06T23:16:26.0178130Z   type: 'test'
2026-10-06T23:16:26.0178360Z   ...
2026-10-06T23:16:26.0179010Z # Subtest: multiline calls, lists and nested delimiters indent and align closing lines
2026-10-06T23:16:26.0179670Z ok 84 - multiline calls, lists and nested delimiters indent and align closing lines
2026-10-06T23:16:26.0180080Z   ---
2026-10-06T23:16:26.0180330Z   duration_ms: 0.093875
2026-10-06T23:16:26.0180600Z   type: 'test'
2026-10-06T23:16:26.0180850Z   ...
2026-10-06T23:16:26.0181300Z # Subtest: strings, escapes and comments never create fake blocks or brackets
2026-10-06T23:16:26.0181890Z ok 85 - strings, escapes and comments never create fake blocks or brackets
2026-10-06T23:16:26.0182320Z   ---
2026-10-06T23:16:26.0182570Z   duration_ms: 0.111375
2026-10-06T23:16:26.0182830Z   type: 'test'
2026-10-06T23:16:26.0183080Z   ...
2026-10-06T23:16:26.0183560Z # Subtest: an unfinished string on an earlier line does not disable later indentation
2026-10-06T23:16:26.0184200Z ok 86 - an unfinished string on an earlier line does not disable later indentation
2026-10-06T23:16:26.0184670Z   ---
2026-10-06T23:16:26.0184920Z   duration_ms: 0.296625
2026-10-06T23:16:26.0185190Z   type: 'test'
2026-10-06T23:16:26.0185440Z   ...
2026-10-06T23:16:26.0185870Z # Subtest: indentation respects two spaces, tabs, CRLF and Low brace blocks
2026-10-06T23:16:26.0186460Z ok 87 - indentation respects two spaces, tabs, CRLF and Low brace blocks
2026-10-06T23:16:26.0186960Z   ---
2026-10-06T23:16:26.0187200Z   duration_ms: 0.367292
2026-10-06T23:16:26.0187460Z   type: 'test'
2026-10-06T23:16:26.0187710Z   ...
2026-10-06T23:16:26.0188180Z # Subtest: Low native indentation rules ignore braces in comments and escaped strings
2026-10-06T23:16:26.0188830Z ok 88 - Low native indentation rules ignore braces in comments and escaped strings
2026-10-06T23:16:26.0189230Z   ---
2026-10-06T23:16:26.0189470Z   duration_ms: 0.520084
2026-10-06T23:16:26.0189740Z   type: 'test'
2026-10-06T23:16:26.0189980Z   ...
2026-10-06T23:16:26.6034370Z # Subtest: real checker completes arguments, inferred locals, chains, calls, index receivers and match payloads
2026-10-06T23:16:26.6036720Z ok 89 - real checker completes arguments, inferred locals, chains, calls, index receivers and match payloads
2026-10-06T23:16:26.6037270Z   ---
2026-10-06T23:16:26.6037540Z   duration_ms: 797.175833
2026-10-06T23:16:26.6037830Z   type: 'test'
2026-10-06T23:16:26.6038070Z   ...
2026-10-06T23:16:27.2901550Z # Subtest: real checker suppresses fields for unknown, moved, out-of-scope and wrapped values
2026-10-06T23:16:27.3002920Z ok 90 - real checker suppresses fields for unknown, moved, out-of-scope and wrapped values
2026-10-06T23:16:27.3026480Z   ---
2026-10-06T23:16:27.3026770Z   duration_ms: 686.070042
2026-10-06T23:16:27.3027040Z   type: 'test'
2026-10-06T23:16:27.3027280Z   ...
2026-10-06T23:16:27.4575480Z # Subtest: real unsaved High/Low imports supply local hovers and fields with UTF-16 positions
2026-10-06T23:16:27.4676880Z ok 91 - real unsaved High/Low imports supply local hovers and fields with UTF-16 positions
2026-10-06T23:16:27.4777830Z   ---
2026-10-06T23:16:27.4877840Z   duration_ms: 166.744458
2026-10-06T23:16:27.4925010Z   type: 'test'
2026-10-06T23:16:27.4925310Z   ...
2026-10-06T23:16:27.8703640Z # Subtest: real Low completion isolates same-line scopes, restores outer loop variables and handles CRLF
2026-10-06T23:16:27.8705690Z ok 92 - real Low completion isolates same-line scopes, restores outer loop variables and handles CRLF
2026-10-06T23:16:27.8706270Z   ---
2026-10-06T23:16:27.8706520Z   duration_ms: 415.693958
2026-10-06T23:16:27.8706800Z   type: 'test'
2026-10-06T23:16:27.8707040Z   ...
2026-10-06T23:16:27.8764110Z # Subtest: checked local values replace same-name class and builtin call insertions
2026-10-06T23:16:27.8832210Z ok 93 - checked local values replace same-name class and builtin call insertions
2026-10-06T23:16:27.8832760Z   ---
2026-10-06T23:16:27.8833020Z   duration_ms: 2.214125
2026-10-06T23:16:27.8833290Z   type: 'test'
2026-10-06T23:16:27.8833530Z   ...
2026-10-06T23:16:27.8834010Z # Subtest: lexical references without local types never insert an unrelated global call
2026-10-06T23:16:27.8834700Z ok 94 - lexical references without local types never insert an unrelated global call
2026-10-06T23:16:27.8835120Z   ---
2026-10-06T23:16:27.8835350Z   duration_ms: 0.387042
2026-10-06T23:16:27.8835620Z   type: 'test'
2026-10-06T23:16:27.8835860Z   ...
2026-10-06T23:16:27.8836400Z # Subtest: partial and saved occurrences keep global names without guessing local scopes
2026-10-06T23:16:27.8837070Z ok 95 - partial and saved occurrences keep global names without guessing local scopes
2026-10-06T23:16:27.8837480Z   ---
2026-10-06T23:16:27.8837710Z   duration_ms: 1.121459
2026-10-06T23:16:27.8837970Z   type: 'test'
2026-10-06T23:16:27.8838200Z   ...
2026-10-06T23:16:27.8838680Z # Subtest: a resolved global constructor remains available outside the shadowing function
2026-10-06T23:16:27.8839350Z ok 96 - a resolved global constructor remains available outside the shadowing function
2026-10-06T23:16:27.8839760Z   ---
2026-10-06T23:16:27.8839990Z   duration_ms: 0.385333
2026-10-06T23:16:27.8840260Z   type: 'test'
2026-10-06T23:16:27.8840490Z   ...
2026-10-06T23:16:27.8840990Z # Subtest: binding hints distinguish declaration tokens, masked text, and real value binders
2026-10-06T23:16:27.8841680Z ok 97 - binding hints distinguish declaration tokens, masked text, and real value binders
2026-10-06T23:16:27.8842400Z   ---
2026-10-06T23:16:27.8842630Z   duration_ms: 0.579
2026-10-06T23:16:27.8842880Z   type: 'test'
2026-10-06T23:16:27.8843120Z   ...
2026-10-06T23:16:27.8843670Z # Subtest: real High local and parameter completions stay bare while types and constructors remain usable
2026-10-06T23:16:27.8844440Z ok 98 - real High local and parameter completions stay bare while types and constructors remain usable
2026-10-06T23:16:27.8844880Z   ---
2026-10-06T23:16:27.8845120Z   duration_ms: 217.407458
2026-10-06T23:16:27.8845390Z   type: 'test'
2026-10-06T23:16:27.8845620Z   ...
2026-10-06T23:16:27.8846160Z # Subtest: real Low local and parameter completions stay bare while types and constructors remain usable
2026-10-06T23:16:27.8846920Z ok 99 - real Low local and parameter completions stay bare while types and constructors remain usable
2026-10-06T23:16:27.8847370Z   ---
2026-10-06T23:16:27.8847610Z   duration_ms: 206.077791
2026-10-06T23:16:27.8847870Z   type: 'test'
2026-10-06T23:16:27.8848100Z   ...
2026-10-06T23:16:27.8848520Z # Subtest: Low Main snippet defaults compile in their declared context
2026-10-06T23:16:27.8849090Z ok 100 - Low Main snippet defaults compile in their declared context
2026-10-06T23:16:27.8849480Z   ---
2026-10-06T23:16:27.8849720Z   duration_ms: 7.448667
2026-10-06T23:16:27.8849990Z   type: 'test'
2026-10-06T23:16:27.8850250Z   ...
2026-10-06T23:16:27.8850700Z # Subtest: Low File import snippet defaults compile in their declared context
2026-10-06T23:16:27.8851310Z ok 101 - Low File import snippet defaults compile in their declared context
2026-10-06T23:16:27.8851710Z   ---
2026-10-06T23:16:27.8904840Z   duration_ms: 5.736666
2026-10-06T23:16:27.8913090Z   type: 'test'
2026-10-06T23:16:27.8913490Z   ...
2026-10-06T23:16:27.8914400Z # Subtest: Low From import snippet defaults compile in their declared context
2026-10-06T23:16:27.8915090Z ok 102 - Low From import snippet defaults compile in their declared context
2026-10-06T23:16:27.8915620Z   ---
2026-10-06T23:16:27.8915960Z   duration_ms: 5.418959
2026-10-06T23:16:27.8916220Z   type: 'test'
2026-10-06T23:16:27.8916460Z   ...
2026-10-06T23:16:27.8917020Z # Subtest: Low Standard import snippet defaults compile in their declared context
2026-10-06T23:16:27.8917630Z ok 103 - Low Standard import snippet defaults compile in their declared context
2026-10-06T23:16:27.8918090Z   ---
2026-10-06T23:16:27.8918440Z   duration_ms: 62.93025
2026-10-06T23:16:27.8918750Z   type: 'test'
2026-10-06T23:16:27.8919020Z   ...
2026-10-06T23:16:27.8919440Z # Subtest: Low Function snippet defaults compile in their declared context
2026-10-06T23:16:27.8920010Z ok 104 - Low Function snippet defaults compile in their declared context
2026-10-06T23:16:27.8920380Z   ---
2026-10-06T23:16:27.8920610Z   duration_ms: 4.865625
2026-10-06T23:16:27.8920860Z   type: 'test'
2026-10-06T23:16:27.8921090Z   ...
2026-10-06T23:16:27.8921500Z # Subtest: Low Record snippet defaults compile in their declared context
2026-10-06T23:16:27.8922040Z ok 105 - Low Record snippet defaults compile in their declared context
2026-10-06T23:16:27.8922410Z   ---
2026-10-06T23:16:27.8922630Z   duration_ms: 5.293292
2026-10-06T23:16:27.8922890Z   type: 'test'
2026-10-06T23:16:27.8923110Z   ...
2026-10-06T23:16:27.8923510Z # Subtest: Low Enum snippet defaults compile in their declared context
2026-10-06T23:16:27.8924040Z ok 106 - Low Enum snippet defaults compile in their declared context
2026-10-06T23:16:27.8924390Z   ---
2026-10-06T23:16:27.8924620Z   duration_ms: 4.74225
2026-10-06T23:16:27.8924870Z   type: 'test'
2026-10-06T23:16:27.8925100Z   ...
2026-10-06T23:16:27.8925500Z # Subtest: Low Replace snippet defaults compile in their declared context
2026-10-06T23:16:27.8926060Z ok 107 - Low Replace snippet defaults compile in their declared context
2026-10-06T23:16:27.8926420Z   ---
2026-10-06T23:16:27.8926650Z   duration_ms: 5.185792
2026-10-06T23:16:27.8926900Z   type: 'test'
2026-10-06T23:16:27.8927130Z   ...
2026-10-06T23:16:27.8927560Z # Subtest: Low Result match snippet defaults compile in their declared context
2026-10-06T23:16:27.8928280Z ok 108 - Low Result match snippet defaults compile in their declared context
2026-10-06T23:16:27.8928660Z   ---
2026-10-06T23:16:27.8928890Z   duration_ms: 4.737458
2026-10-06T23:16:27.8929140Z   type: 'test'
2026-10-06T23:16:27.8929370Z   ...
2026-10-06T23:16:27.8929810Z # Subtest: Low Nullable match snippet defaults compile in their declared context
2026-10-06T23:16:27.8930440Z ok 109 - Low Nullable match snippet defaults compile in their declared context
2026-10-06T23:16:27.8930820Z   ---
2026-10-06T23:16:27.8931050Z   duration_ms: 4.081541
2026-10-06T23:16:27.8931310Z   type: 'test'
2026-10-06T23:16:27.8931540Z   ...
2026-10-06T23:16:27.8932080Z # Subtest: module member completion exposes functions/classes and type positions insert only classes
2026-10-06T23:16:27.8932880Z ok 110 - module member completion exposes functions/classes and type positions insert only classes
2026-10-06T23:16:27.8933300Z   ---
2026-10-06T23:16:27.8933510Z   duration_ms: 3.2495
2026-10-06T23:16:27.8933750Z   type: 'test'
2026-10-06T23:16:27.8933950Z   ...
2026-10-06T23:16:27.8934400Z # Subtest: qualified and renamed declarations retain structured hover/signature help
2026-10-06T23:16:27.8935010Z ok 111 - qualified and renamed declarations retain structured hover/signature help
2026-10-06T23:16:27.8935390Z   ---
2026-10-06T23:16:27.8935600Z   duration_ms: 1.231833
2026-10-06T23:16:27.8935830Z   type: 'test'
2026-10-06T23:16:27.8936040Z   ...
2026-10-06T23:16:27.8936500Z # Subtest: lexical alias shadowing switches completion to fields and prevents module help
2026-10-06T23:16:27.8937140Z ok 112 - lexical alias shadowing switches completion to fields and prevents module help
2026-10-06T23:16:27.8937530Z   ---
2026-10-06T23:16:27.8937880Z   duration_ms: 0.658792
2026-10-06T23:16:27.8938120Z   type: 'test'
2026-10-06T23:16:27.8938330Z   ...
2026-10-06T23:16:27.8938690Z # Subtest: spaced field chains do not borrow a module namespace
2026-10-06T23:16:27.8939160Z ok 113 - spaced field chains do not borrow a module namespace
2026-10-06T23:16:27.8939480Z   ---
2026-10-06T23:16:27.8939690Z   duration_ms: 0.351125
2026-10-06T23:16:27.8939920Z   type: 'test'
2026-10-06T23:16:27.8940120Z   ...
2026-10-06T23:16:27.8940590Z # Subtest: imported class and module binding tokens keep their resolved hover
2026-10-06T23:16:27.8941150Z ok 114 - imported class and module binding tokens keep their resolved hover
2026-10-06T23:16:27.8941500Z   ---
2026-10-06T23:16:27.8941710Z   duration_ms: 0.455625
2026-10-06T23:16:27.8941950Z   type: 'test'
2026-10-06T23:16:27.8942150Z   ...
2026-10-06T23:16:27.8942630Z # Subtest: quoted from imports insert names only and preserve aliases and comma-separated lists
2026-10-06T23:16:27.8943320Z ok 115 - quoted from imports insert names only and preserve aliases and comma-separated lists
2026-10-06T23:16:27.8943720Z   ---
2026-10-06T23:16:27.8943930Z   duration_ms: 0.805166
2026-10-06T23:16:27.8944160Z   type: 'test'
2026-10-06T23:16:27.8944370Z   ...
2026-10-06T23:16:27.8944840Z # Subtest: unresolved and changed fallback import targets never offer expression completions
2026-10-06T23:16:27.8945510Z ok 116 - unresolved and changed fallback import targets never offer expression completions
2026-10-06T23:16:27.8945900Z   ---
2026-10-06T23:16:27.8946110Z   duration_ms: 0.195958
2026-10-06T23:16:27.8946340Z   type: 'test'
2026-10-06T23:16:27.8946550Z   ...
2026-10-06T23:16:27.8947050Z # Subtest: Low quoted imports after a same-line declaration or semicolon retain name-only insertion
2026-10-06T23:16:27.8947750Z ok 117 - Low quoted imports after a same-line declaration or semicolon retain name-only insertion
2026-10-06T23:16:27.8948160Z   ---
2026-10-06T23:16:27.8948370Z   duration_ms: 0.128333
2026-10-06T23:16:27.8948610Z   type: 'test'
2026-10-06T23:16:27.8948810Z   ...
2026-10-06T23:16:27.8949280Z # Subtest: real compiler navigation uses edited source and target positions across imports
2026-10-06T23:16:27.8949920Z ok 118 - real compiler navigation uses edited source and target positions across imports
2026-10-06T23:16:27.8950380Z   ---
2026-10-06T23:16:27.8950590Z   duration_ms: 85.027541
2026-10-06T23:16:27.8950830Z   type: 'test'
2026-10-06T23:16:27.8951040Z   ...
2026-10-06T23:16:27.8951560Z # Subtest: real Low navigation keeps reassignments at their original binding and restores loop shadowing
2026-10-06T23:16:27.8952350Z ok 119 - real Low navigation keeps reassignments at their original binding and restores loop shadowing
2026-10-06T23:16:27.8952770Z   ---
2026-10-06T23:16:27.8952970Z   duration_ms: 81.685709
2026-10-06T23:16:27.8953220Z   type: 'test'
2026-10-06T23:16:27.8953420Z   ...
2026-10-06T23:16:27.8953880Z # Subtest: unsaved canonical import diagnostics use the open alias and UTF-16 source range
2026-10-06T23:16:27.8954530Z ok 120 - unsaved canonical import diagnostics use the open alias and UTF-16 source range
2026-10-06T23:16:27.8954920Z   ---
2026-10-06T23:16:27.8957700Z   duration_ms: 8.754542
2026-10-06T23:16:27.8957940Z   type: 'test'
2026-10-06T23:16:27.8958150Z   ...
2026-10-06T23:16:27.8958620Z # Subtest: closing a checked import overlay refreshes its owners and keeps unrelated errors
2026-10-06T23:16:27.8959270Z ok 121 - closing a checked import overlay refreshes its owners and keeps unrelated errors
2026-10-06T23:16:27.8959660Z   ---
2026-10-06T23:16:27.8959870Z   duration_ms: 3.416958
2026-10-06T23:16:27.8960100Z   type: 'test'
2026-10-06T23:16:27.8960310Z   ...
2026-10-06T23:16:27.8960690Z # Subtest: closing an in-flight import overlay rejects its stale result
2026-10-06T23:16:27.8961220Z ok 122 - closing an in-flight import overlay rejects its stale result
2026-10-06T23:16:27.8961560Z   ---
2026-10-06T23:16:27.8961760Z   duration_ms: 1.857917
2026-10-06T23:16:27.8962000Z   type: 'test'
2026-10-06T23:16:27.8962350Z   ...
2026-10-06T23:16:27.8962780Z # Subtest: lower build and run tasks use the registered source diagnostic matcher
2026-10-06T23:16:27.8963360Z ok 123 - lower build and run tasks use the registered source diagnostic matcher
2026-10-06T23:16:27.8963720Z   ---
2026-10-06T23:16:27.8963930Z   duration_ms: 2.467208
2026-10-06T23:16:27.8964160Z   type: 'test'
2026-10-06T23:16:27.8964360Z   ...
2026-10-06T23:16:27.8964840Z # Subtest: standalone tasks save imported changes and leave unrelated dirty buffers untouched
2026-10-06T23:16:27.8965500Z ok 124 - standalone tasks save imported changes and leave unrelated dirty buffers untouched
2026-10-06T23:16:27.8965890Z   ---
2026-10-06T23:16:27.8966100Z   duration_ms: 4.028041
2026-10-06T23:16:27.8966330Z   type: 'test'
2026-10-06T23:16:27.8966540Z   ...
2026-10-06T23:16:27.8966990Z # Subtest: project tasks save imported changes and leave unrelated dirty buffers untouched
2026-10-06T23:16:27.8967690Z ok 125 - project tasks save imported changes and leave unrelated dirty buffers untouched
2026-10-06T23:16:27.8968070Z   ---
2026-10-06T23:16:27.8968290Z   duration_ms: 3.652292
2026-10-06T23:16:27.8968520Z   type: 'test'
2026-10-06T23:16:27.8968720Z   ...
2026-10-06T23:16:27.8969210Z # Subtest: task execution stops when an imported buffer cannot be saved
2026-10-06T23:16:27.8969740Z ok 126 - task execution stops when an imported buffer cannot be saved
2026-10-06T23:16:27.8970080Z   ---
2026-10-06T23:16:27.8970280Z   duration_ms: 1.8675
2026-10-06T23:16:27.8970510Z   type: 'test'
2026-10-06T23:16:27.8970720Z   ...
2026-10-06T23:16:27.8971090Z # Subtest: task execution stops when dirty imports cannot be resolved
2026-10-06T23:16:27.8971590Z ok 127 - task execution stops when dirty imports cannot be resolved
2026-10-06T23:16:27.8971930Z   ---
2026-10-06T23:16:27.8972140Z   duration_ms: 1.143625
2026-10-06T23:16:27.8972370Z   type: 'test'
2026-10-06T23:16:27.8972580Z   ...
2026-10-06T23:16:27.8973040Z # Subtest: saving an imported file refreshes its changed imports before launching the task
2026-10-06T23:16:27.8973680Z ok 128 - saving an imported file refreshes its changed imports before launching the task
2026-10-06T23:16:27.8974060Z   ---
2026-10-06T23:16:27.8974270Z   duration_ms: 2.668833
2026-10-06T23:16:27.8974500Z   type: 'test'
2026-10-06T23:16:27.8974800Z   ...
2026-10-06T23:16:27.8975380Z # Subtest: conflicting imported aliases are not saved over one another
2026-10-06T23:16:27.8975910Z ok 129 - conflicting imported aliases are not saved over one another
2026-10-06T23:16:27.8976250Z   ---
2026-10-06T23:16:27.8976460Z   duration_ms: 1.936958
2026-10-06T23:16:27.8976690Z   type: 'test'
2026-10-06T23:16:27.8976900Z   ...
2026-10-06T23:16:27.8977380Z # Subtest: standalone source without imports launches normally despite unrelated dirty buffers
2026-10-06T23:16:27.8978050Z ok 130 - standalone source without imports launches normally despite unrelated dirty buffers
2026-10-06T23:16:27.8978450Z   ---
2026-10-06T23:16:27.8978660Z   duration_ms: 1.469833
2026-10-06T23:16:27.8978890Z   type: 'test'
2026-10-06T23:16:27.8979100Z   ...
2026-10-06T23:16:27.8979530Z # Subtest: task execution stops if the entry buffer changes while an import is saved
2026-10-06T23:16:27.8980140Z ok 131 - task execution stops if the entry buffer changes while an import is saved
2026-10-06T23:16:27.8980500Z   ---
2026-10-06T23:16:27.8980710Z   duration_ms: 1.857334
2026-10-06T23:16:27.8980950Z   type: 'test'
2026-10-06T23:16:27.8981150Z   ...
2026-10-06T23:16:27.8981630Z # Subtest: task execution stops if the entry changes while its own project helper is saved
2026-10-06T23:16:27.8982270Z ok 132 - task execution stops if the entry changes while its own project helper is saved
2026-10-06T23:16:27.8982640Z   ---
2026-10-06T23:16:27.8982850Z   duration_ms: 1.143334
2026-10-06T23:16:27.8983080Z   type: 'test'
2026-10-06T23:16:27.8983290Z   ...
2026-10-06T23:16:27.8983680Z # Subtest: task execution stops if its source closes during project saving
2026-10-06T23:16:27.8984400Z ok 133 - task execution stops if its source closes during project saving
2026-10-06T23:16:27.8984770Z   ---
2026-10-06T23:16:27.8984970Z   duration_ms: 1.123041
2026-10-06T23:16:27.8985210Z   type: 'test'
2026-10-06T23:16:27.8985420Z   ...
2026-10-06T23:16:27.8985840Z # Subtest: task execution stops if a later project save changes the dirty manifest
2026-10-06T23:16:27.8986440Z ok 134 - task execution stops if a later project save changes the dirty manifest
2026-10-06T23:16:27.8986800Z   ---
2026-10-06T23:16:27.8987010Z   duration_ms: 1.20325
2026-10-06T23:16:27.8987240Z   type: 'test'
2026-10-06T23:16:27.8987450Z   ...
2026-10-06T23:16:27.8987900Z # Subtest: task execution stops if a later project save changes the already-saved manifest
2026-10-06T23:16:27.8988540Z ok 135 - task execution stops if a later project save changes the already-saved manifest
2026-10-06T23:16:27.8988920Z   ---
2026-10-06T23:16:27.8989130Z   duration_ms: 1.116083
2026-10-06T23:16:27.8989360Z   type: 'test'
2026-10-06T23:16:27.8989570Z   ...
2026-10-06T23:16:27.8990060Z # Subtest: task execution stops if an already-saved Rust input changes during a later project save
2026-10-06T23:16:27.8990750Z ok 136 - task execution stops if an already-saved Rust input changes during a later project save
2026-10-06T23:16:27.8991150Z   ---
2026-10-06T23:16:27.8991360Z   duration_ms: 1.21925
2026-10-06T23:16:27.8991590Z   type: 'test'
2026-10-06T23:16:27.8991790Z   ...
2026-10-06T23:16:27.8992210Z # Subtest: task execution stops if workspace trust changes during project saving
2026-10-06T23:16:27.8992790Z ok 137 - task execution stops if workspace trust changes during project saving
2026-10-06T23:16:27.8993150Z   ---
2026-10-06T23:16:27.8993360Z   duration_ms: 1.005583
2026-10-06T23:16:27.8993590Z   type: 'test'
2026-10-06T23:16:27.8993790Z   ...
2026-10-06T23:16:27.8994240Z # Subtest: task execution stops if the nearest project changes while an import is saved
2026-10-06T23:16:27.8994860Z ok 138 - task execution stops if the nearest project changes while an import is saved
2026-10-06T23:16:27.8995240Z   ---
2026-10-06T23:16:27.8995450Z   duration_ms: 1.910958
2026-10-06T23:16:27.8995680Z   type: 'test'
2026-10-06T23:16:27.8995890Z   ...
2026-10-06T23:16:27.8996460Z # Subtest: tasks suppress only the matching automatic scope and checks resume when the task ends
2026-10-06T23:16:27.8997240Z ok 139 - tasks suppress only the matching automatic scope and checks resume when the task ends
2026-10-06T23:16:27.9004220Z   ---
2026-10-06T23:16:27.9005570Z   duration_ms: 2.017042
2026-10-06T23:16:27.9005800Z   type: 'test'
2026-10-06T23:16:27.9006000Z   ...
2026-10-06T23:16:27.9006350Z # Subtest: task launch failure releases live check suppression
2026-10-06T23:16:27.9006820Z ok 140 - task launch failure releases live check suppression
2026-10-06T23:16:27.9007120Z   ---
2026-10-06T23:16:27.9007320Z   duration_ms: 1.257125
2026-10-06T23:16:27.9007540Z   type: 'test'
2026-10-06T23:16:27.9007740Z   ...
2026-10-06T23:16:27.9008190Z # Subtest: project task clears checks from its helper while preserving another project
2026-10-06T23:16:27.9008800Z ok 141 - project task clears checks from its helper while preserving another project
2026-10-06T23:16:27.9009150Z   ---
2026-10-06T23:16:27.9009300Z   duration_ms: 2.405334
2026-10-06T23:16:27.9009460Z   type: 'test'
2026-10-06T23:16:27.9009610Z   ...
2026-10-06T23:16:27.9010010Z # Subtest: a long task permits checks of new source without reacting to other project edits
2026-10-06T23:16:27.9010640Z ok 142 - a long task permits checks of new source without reacting to other project edits
2026-10-06T23:16:27.9011120Z   ---
2026-10-06T23:16:27.9011290Z   duration_ms: 2.097583
2026-10-06T23:16:27.9011450Z   type: 'test'
2026-10-06T23:16:27.9011580Z   ...
2026-10-06T23:16:27.9011950Z # Subtest: failed task diagnostics are replaced by checks and removed by source edits
2026-10-06T23:16:27.9012500Z ok 143 - failed task diagnostics are replaced by checks and removed by source edits
2026-10-06T23:16:27.9012900Z   ---
2026-10-06T23:16:27.9013030Z   duration_ms: 2.385708
2026-10-06T23:16:27.9013410Z   type: 'test'
2026-10-06T23:16:27.9013560Z   ...
2026-10-06T23:16:27.9013900Z # Subtest: manual checks inspect dirty imports outside the running task project
2026-10-06T23:16:27.9014420Z ok 144 - manual checks inspect dirty imports outside the running task project
2026-10-06T23:16:27.9014710Z   ---
2026-10-06T23:16:27.9014840Z   duration_ms: 2.113542
2026-10-06T23:16:27.9015010Z   type: 'test'
2026-10-06T23:16:27.9015150Z   ...
2026-10-06T23:16:27.9015530Z # Subtest: editing and closing imported aliases remove only their canonical task markers
2026-10-06T23:16:27.9016090Z ok 145 - editing and closing imported aliases remove only their canonical task markers
2026-10-06T23:16:27.9016400Z   ---
2026-10-06T23:16:27.9016530Z   duration_ms: 1.344291
2026-10-06T23:16:27.9016690Z   type: 'test'
2026-10-06T23:16:27.9016830Z   ...
2026-10-06T23:16:27.9017210Z # Subtest: typing invalidates snapshots without launching save-only checks per keystroke
2026-10-06T23:16:27.9017780Z ok 146 - typing invalidates snapshots without launching save-only checks per keystroke
2026-10-06T23:16:27.9018090Z   ---
2026-10-06T23:16:27.9018230Z   duration_ms: 3.012
2026-10-06T23:16:27.9018390Z   type: 'test'
2026-10-06T23:16:27.9018530Z   ...
2026-10-06T23:16:27.9019000Z # Subtest: known unrelated diagnostics survive repeated edits while unknown and project inputs stay conservative
2026-10-06T23:16:27.9019730Z ok 147 - known unrelated diagnostics survive repeated edits while unknown and project inputs stay conservative
2026-10-06T23:16:27.9020110Z   ---
2026-10-06T23:16:27.9020250Z   duration_ms: 3.541042
2026-10-06T23:16:27.9020410Z   type: 'test'
2026-10-06T23:16:27.9020550Z   ...
2026-10-06T23:16:27.9021010Z # Subtest: known unrelated pending checks finish during edits and same-scope changes reject stale callbacks
2026-10-06T23:16:27.9021690Z ok 148 - known unrelated pending checks finish during edits and same-scope changes reject stale callbacks
2026-10-06T23:16:27.9022050Z   ---
2026-10-06T23:16:27.9022190Z   duration_ms: 2.52775
2026-10-06T23:16:27.9022360Z   type: 'test'
2026-10-06T23:16:27.9022490Z   ...
2026-10-06T23:16:27.9022890Z # Subtest: shared imports and stale dependency snapshots still invalidate diagnosed projects
2026-10-06T23:16:27.9023490Z ok 149 - shared imports and stale dependency snapshots still invalidate diagnosed projects
2026-10-06T23:16:27.9023890Z   ---
2026-10-06T23:16:27.9024030Z   duration_ms: 2.627542
2026-10-06T23:16:27.9024190Z   type: 'test'
2026-10-06T23:16:27.9024330Z   ...
2026-10-06T23:16:27.9024770Z # Subtest: failed symbols queries still supply static builtin help without erasing source diagnostics
2026-10-06T23:16:27.9025420Z ok 150 - failed symbols queries still supply static builtin help without erasing source diagnostics
2026-10-06T23:16:27.9025760Z   ---
2026-10-06T23:16:27.9025900Z   duration_ms: 2.13975
2026-10-06T23:16:27.9026060Z   type: 'test'
2026-10-06T23:16:27.9026190Z   ...
2026-10-06T23:16:27.9026560Z # Subtest: missing compiler keeps prefix completion, hover and signatures available
2026-10-06T23:16:27.9027100Z ok 151 - missing compiler keeps prefix completion, hover and signatures available
2026-10-06T23:16:27.9027400Z   ---
2026-10-06T23:16:27.9027530Z   duration_ms: 2.439792
2026-10-06T23:16:27.9027700Z   type: 'test'
2026-10-06T23:16:27.9027840Z   ...
2026-10-06T23:16:27.9028280Z # Subtest: borrowed local providers annotate hover and detail while keeping variable kind and insertion
2026-10-06T23:16:27.9029040Z ok 152 - borrowed local providers annotate hover and detail while keeping variable kind and insertion
2026-10-06T23:16:27.9029390Z   ---
2026-10-06T23:16:27.9029530Z   duration_ms: 2.885292
2026-10-06T23:16:27.9029700Z   type: 'test'
2026-10-06T23:16:27.9029830Z   ...
2026-10-06T23:16:27.9030240Z # Subtest: untrusted and untitled assistance executes no compiler and retains High/Low selectors
2026-10-06T23:16:27.9030910Z ok 153 - untrusted and untitled assistance executes no compiler and retains High/Low selectors
2026-10-06T23:16:27.9031240Z   ---
2026-10-06T23:16:27.9031490Z   duration_ms: 3.472208
2026-10-06T23:16:27.9031660Z   type: 'test'
2026-10-06T23:16:27.9031800Z   ...
2026-10-06T23:16:27.9032230Z # Subtest: Low builtin help uses fn and record in hover, completion and signatures without a compiler
2026-10-06T23:16:27.9032860Z ok 154 - Low builtin help uses fn and record in hover, completion and signatures without a compiler
2026-10-06T23:16:27.9033190Z   ---
2026-10-06T23:16:27.9033330Z   duration_ms: 2.709667
2026-10-06T23:16:27.9033500Z   type: 'test'
2026-10-06T23:16:27.9033630Z   ...
2026-10-06T23:16:27.9034130Z # Subtest: Low declaration and standard-operation help displays braces while retaining compiler kinds and call shapes
2026-10-06T23:16:27.9034970Z ok 155 - Low declaration and standard-operation help displays braces while retaining compiler kinds and call shapes
2026-10-06T23:16:27.9035360Z   ---
2026-10-06T23:16:27.9035500Z   duration_ms: 2.079083
2026-10-06T23:16:27.9035660Z   type: 'test'
2026-10-06T23:16:27.9035800Z   ...
2026-10-06T23:16:27.9036180Z # Subtest: Low enum declaration help removes namespace prefixes only from variant names
2026-10-06T23:16:27.9036740Z ok 156 - Low enum declaration help removes namespace prefixes only from variant names
2026-10-06T23:16:27.9037050Z   ---
2026-10-06T23:16:27.9037190Z   duration_ms: 2.867375
2026-10-06T23:16:27.9037350Z   type: 'test'
2026-10-06T23:16:27.9037490Z   ...
2026-10-06T23:16:27.9037860Z # Subtest: Low folding is available without trust or a compiler and honors cancellation
2026-10-06T23:16:27.9038410Z ok 157 - Low folding is available without trust or a compiler and honors cancellation
2026-10-06T23:16:27.9038710Z   ---
2026-10-06T23:16:27.9038840Z   duration_ms: 1.045167
2026-10-06T23:16:27.9039010Z   type: 'test'
2026-10-06T23:16:27.9039150Z   ...
2026-10-06T23:16:27.9039580Z # Subtest: cancelled, closed and changed documents cannot receive static fallback from failed queries
2026-10-06T23:16:27.9040220Z ok 158 - cancelled, closed and changed documents cannot receive static fallback from failed queries
2026-10-06T23:16:27.9040570Z   ---
2026-10-06T23:16:27.9040710Z   duration_ms: 1.416375
2026-10-06T23:16:27.9040870Z   type: 'test'
2026-10-06T23:16:27.9041010Z   ...
2026-10-06T23:16:27.9041390Z # Subtest: registered providers render enum/member kinds and payload signature parameters
2026-10-06T23:16:27.9042020Z ok 159 - registered providers render enum/member kinds and payload signature parameters
2026-10-06T23:16:27.9042340Z   ---
2026-10-06T23:16:27.9042480Z   duration_ms: 3.364584
2026-10-06T23:16:27.9042640Z   type: 'test'
2026-10-06T23:16:27.9042780Z   ...
2026-10-06T23:16:27.9043190Z # Subtest: standard F12 targets open compiler registry text through a read-only virtual document
2026-10-06T23:16:27.9043800Z ok 160 - standard F12 targets open compiler registry text through a read-only virtual document
2026-10-06T23:16:27.9044140Z   ---
2026-10-06T23:16:27.9044270Z   duration_ms: 1.572625
2026-10-06T23:16:27.9044430Z   type: 'test'
2026-10-06T23:16:27.9044600Z   ...
2026-10-06T23:16:27.9045050Z # Subtest: standard F12 keeps each project compiler registry text when another compiler is queried
2026-10-06T23:16:27.9045670Z ok 161 - standard F12 keeps each project compiler registry text when another compiler is queried
2026-10-06T23:16:27.9046010Z   ---
2026-10-06T23:16:27.9046150Z   duration_ms: 3.466375
2026-10-06T23:16:27.9046310Z   type: 'test'
2026-10-06T23:16:27.9046450Z   ...
2026-10-06T23:16:27.9046910Z # Subtest: keyword completion covers existing syntax in High and Low without leaking into types or members
2026-10-06T23:16:27.9047600Z ok 162 - keyword completion covers existing syntax in High and Low without leaking into types or members
2026-10-06T23:16:27.9047960Z   ---
2026-10-06T23:16:27.9048100Z   duration_ms: 1.927292
2026-10-06T23:16:27.9048260Z   type: 'test'
2026-10-06T23:16:27.9048400Z   ...
2026-10-06T23:16:27.9048740Z # Subtest: static builtin help works with incomplete syntax without an index
2026-10-06T23:16:27.9049340Z ok 163 - static builtin help works with incomplete syntax without an index
2026-10-06T23:16:27.9049630Z   ---
2026-10-06T23:16:27.9049770Z   duration_ms: 1.1795
2026-10-06T23:16:27.9049930Z   type: 'test'
2026-10-06T23:16:27.9050070Z   ...
2026-10-06T23:16:27.9050520Z # Subtest: static builtin fallback avoids declarations, parameters and local bindings that shadow the name
2026-10-06T23:16:27.9051220Z ok 164 - static builtin fallback avoids declarations, parameters and local bindings that shadow the name
2026-10-06T23:16:27.9051580Z   ---
2026-10-06T23:16:27.9051720Z   duration_ms: 2.532959
2026-10-06T23:16:27.9051880Z   type: 'test'
2026-10-06T23:16:27.9052020Z   ...
2026-10-06T23:16:27.9052480Z # Subtest: unresolved imports suppress guessed builtins but retain syntax and types; checked declarations win
2026-10-06T23:16:27.9053190Z ok 165 - unresolved imports suppress guessed builtins but retain syntax and types; checked declarations win
2026-10-06T23:16:27.9053560Z   ---
2026-10-06T23:16:27.9053700Z   duration_ms: 0.655875
2026-10-06T23:16:27.9053870Z   type: 'test'
2026-10-06T23:16:27.9054010Z   ...
2026-10-06T23:16:27.9054430Z # Subtest: signature help does not replace a compiler-resolved local function with builtin metadata
2026-10-06T23:16:27.9055080Z ok 166 - signature help does not replace a compiler-resolved local function with builtin metadata
2026-10-06T23:16:27.9055420Z   ---
2026-10-06T23:16:27.9055550Z   duration_ms: 0.397375
2026-10-06T23:16:27.9055710Z   type: 'test'
2026-10-06T23:16:27.9055850Z   ...
2026-10-06T23:16:27.9056260Z # Subtest: lexical references prevent guessed signatures when a type error removes local types
2026-10-06T23:16:27.9056870Z ok 167 - lexical references prevent guessed signatures when a type error removes local types
2026-10-06T23:16:27.9057200Z   ---
2026-10-06T23:16:27.9057340Z   duration_ms: 0.270916
2026-10-06T23:16:27.9057490Z   type: 'test'
2026-10-06T23:16:27.9057640Z   ...
2026-10-06T23:16:27.9058040Z # Subtest: unfinished line strings do not hide later assistance and preserve UTF-16 CRLF ranges
2026-10-06T23:16:27.9058640Z ok 168 - unfinished line strings do not hide later assistance and preserve UTF-16 CRLF ranges
2026-10-06T23:16:27.9058970Z   ---
2026-10-06T23:16:27.9059100Z   duration_ms: 0.524292
2026-10-06T23:16:27.9059270Z   type: 'test'
2026-10-06T23:16:27.9059400Z   ...
2026-10-06T23:16:27.9059880Z # Subtest: registered resources and constants keep namespaces and never create constructor snippets
2026-10-06T23:16:27.9060520Z ok 169 - registered resources and constants keep namespaces and never create constructor snippets
2026-10-06T23:16:27.9060870Z   ---
2026-10-06T23:16:27.9061010Z   duration_ms: 3.021458
2026-10-06T23:16:27.9061170Z   type: 'test'
2026-10-06T23:16:27.9061310Z   ...
2026-10-06T23:16:27.9061680Z # Subtest: standard operation and aliased constants preserve hover and argument help
2026-10-06T23:16:27.9062220Z ok 170 - standard operation and aliased constants preserve hover and argument help
2026-10-06T23:16:27.9062530Z   ---
2026-10-06T23:16:27.9062670Z   duration_ms: 0.565917
2026-10-06T23:16:27.9062830Z   type: 'test'
2026-10-06T23:16:27.9062970Z   ...
2026-10-06T23:16:27.9063350Z # Subtest: typed resource fields are read-only and do not expose type constants on values
2026-10-06T23:16:27.9063920Z ok 171 - typed resource fields are read-only and do not expose type constants on values
2026-10-06T23:16:27.9064230Z   ---
2026-10-06T23:16:27.9064370Z   duration_ms: 0.416208
2026-10-06T23:16:27.9064530Z   type: 'test'
2026-10-06T23:16:27.9064670Z   ...
2026-10-06T23:16:27.9065020Z # Subtest: virtual source identifiers cannot navigate to project paths or URLs
2026-10-06T23:16:27.9065520Z ok 172 - virtual source identifiers cannot navigate to project paths or URLs
2026-10-06T23:16:27.9065810Z   ---
2026-10-06T23:16:27.9065950Z   duration_ms: 0.233375
2026-10-06T23:16:27.9066110Z   type: 'test'
2026-10-06T23:16:27.9066250Z   ...
2026-10-06T23:16:27.9066610Z # Subtest: virtual registry revisions keep module paths and accept only a source hash
2026-10-06T23:16:27.9067290Z ok 173 - virtual registry revisions keep module paths and accept only a source hash
2026-10-06T23:16:27.9067600Z   ---
2026-10-06T23:16:27.9067740Z   duration_ms: 0.184834
2026-10-06T23:16:27.9067910Z   type: 'test'
2026-10-06T23:16:27.9068040Z   ...
2026-10-06T23:16:27.9068390Z # Subtest: Some and None are pattern assistance, not general value constructors
2026-10-06T23:16:27.9068970Z ok 174 - Some and None are pattern assistance, not general value constructors
2026-10-06T23:16:27.9069270Z   ---
2026-10-06T23:16:27.9069410Z   duration_ms: 0.710958
2026-10-06T23:16:27.9069570Z   type: 'test'
2026-10-06T23:16:27.9069700Z   ...
2026-10-06T23:16:27.9070120Z # Subtest: standard import completion uses the compiler catalog and replaces the full dotted path
2026-10-06T23:16:27.9070750Z ok 175 - standard import completion uses the compiler catalog and replaces the full dotted path
2026-10-06T23:16:27.9071080Z   ---
2026-10-06T23:16:27.9071220Z   duration_ms: 0.364833
2026-10-06T23:16:27.9071380Z   type: 'test'
2026-10-06T23:16:27.9071520Z   ...
2026-10-06T23:16:27.9071900Z # Subtest: Low standard imports can follow another declaration or import on the same line
2026-10-06T23:16:27.9072460Z ok 176 - Low standard imports can follow another declaration or import on the same line
2026-10-06T23:16:27.9072780Z   ---
2026-10-06T23:16:27.9072920Z   duration_ms: 0.149583
2026-10-06T23:16:27.9073070Z   type: 'test'
2026-10-06T23:16:27.9073210Z   ...
2026-10-06T23:16:28.1158690Z # Subtest: real nagi standard symbols keep resource identity, virtual sources and UTF-16 targets
2026-10-06T23:16:28.1159470Z ok 177 - real nagi standard symbols keep resource identity, virtual sources and UTF-16 targets
2026-10-06T23:16:28.1159870Z   ---
2026-10-06T23:16:28.1165230Z   duration_ms: 359.467833
2026-10-06T23:16:28.1165470Z   type: 'test'
2026-10-06T23:16:28.1165660Z   ...
2026-10-06T23:16:28.1166140Z # Subtest: real low standard symbols keep resource identity, virtual sources and UTF-16 targets
2026-10-06T23:16:28.1166820Z ok 178 - real low standard symbols keep resource identity, virtual sources and UTF-16 targets
2026-10-06T23:16:28.1167210Z   ---
2026-10-06T23:16:28.1167410Z   duration_ms: 362.415542
2026-10-06T23:16:28.1167630Z   type: 'test'
2026-10-06T23:16:28.1167820Z   ...
2026-10-06T23:16:28.1168260Z # Subtest: unsaved dependency standard aliases update sources without saving or building
2026-10-06T23:16:28.1169110Z ok 179 - unsaved dependency standard aliases update sources without saving or building
2026-10-06T23:16:28.1169480Z   ---
2026-10-06T23:16:28.1169680Z   duration_ms: 292.891083
2026-10-06T23:16:28.1169900Z   type: 'test'
2026-10-06T23:16:28.1170090Z   ...
2026-10-06T23:16:28.1976820Z # Subtest: an incomplete initial standard import uses the registry catalog from a saved snapshot
2026-10-06T23:16:28.2044860Z ok 180 - an incomplete initial standard import uses the registry catalog from a saved snapshot
2026-10-06T23:16:28.2045370Z   ---
2026-10-06T23:16:28.2045620Z   duration_ms: 80.852792
2026-10-06T23:16:28.2045890Z   type: 'test'
2026-10-06T23:16:28.2046150Z   ...
2026-10-06T23:16:28.2782490Z # Subtest: shared receiver fields are read-only regardless of each field type
2026-10-06T23:16:28.2783880Z ok 181 - shared receiver fields are read-only regardless of each field type
2026-10-06T23:16:28.2784680Z   ---
2026-10-06T23:16:28.2785010Z   duration_ms: 82.77425
2026-10-06T23:16:28.2785270Z   type: 'test'
2026-10-06T23:16:28.2785510Z   ...
2026-10-06T23:16:28.2820650Z # Subtest: nagi saved snapshots complete new modules and from-import names before imports are checked
2026-10-06T23:16:28.2826460Z ok 182 - nagi saved snapshots complete new modules and from-import names before imports are checked
2026-10-06T23:16:28.2827240Z   ---
2026-10-06T23:16:28.2827530Z   duration_ms: 2.706042
2026-10-06T23:16:28.2827810Z   type: 'test'
2026-10-06T23:16:28.2828050Z   ...
2026-10-06T23:16:28.2828570Z # Subtest: nagi readiness and wait resources preserve namespaces and do not offer constructors
2026-10-06T23:16:28.2829430Z ok 183 - nagi readiness and wait resources preserve namespaces and do not offer constructors
2026-10-06T23:16:28.2829880Z   ---
2026-10-06T23:16:28.2830110Z   duration_ms: 3.892875
2026-10-06T23:16:28.2830370Z   type: 'test'
2026-10-06T23:16:28.2830600Z   ...
2026-10-06T23:16:28.2831080Z # Subtest: nagi WaitError value fields keep borrowed payload types and read-only status
2026-10-06T23:16:28.2831750Z ok 184 - nagi WaitError value fields keep borrowed payload types and read-only status
2026-10-06T23:16:28.2832150Z   ---
2026-10-06T23:16:28.2832380Z   duration_ms: 0.310417
2026-10-06T23:16:28.2832640Z   type: 'test'
2026-10-06T23:16:28.2832870Z   ...
2026-10-06T23:16:28.2833450Z # Subtest: nagi inferred standard operations insert positional calls and retain exact callback and Future contracts
2026-10-06T23:16:28.2834300Z ok 185 - nagi inferred standard operations insert positional calls and retain exact callback and Future contracts
2026-10-06T23:16:28.2834780Z   ---
2026-10-06T23:16:28.2835000Z   duration_ms: 1.106166
2026-10-06T23:16:28.2835270Z   type: 'test'
2026-10-06T23:16:28.2835500Z   ...
2026-10-06T23:16:28.2836030Z # Subtest: low saved snapshots complete new modules and from-import names before imports are checked
2026-10-06T23:16:28.2836770Z ok 186 - low saved snapshots complete new modules and from-import names before imports are checked
2026-10-06T23:16:28.2837200Z   ---
2026-10-06T23:16:28.2837440Z   duration_ms: 0.323583
2026-10-06T23:16:28.2837690Z   type: 'test'
2026-10-06T23:16:28.2837920Z   ...
2026-10-06T23:16:28.2838410Z # Subtest: low readiness and wait resources preserve namespaces and do not offer constructors
2026-10-06T23:16:28.2839100Z ok 187 - low readiness and wait resources preserve namespaces and do not offer constructors
2026-10-06T23:16:28.2839520Z   ---
2026-10-06T23:16:28.2839750Z   duration_ms: 1.422625
2026-10-06T23:16:28.2840010Z   type: 'test'
2026-10-06T23:16:28.2840240Z   ...
2026-10-06T23:16:28.2840700Z # Subtest: low WaitError value fields keep borrowed payload types and read-only status
2026-10-06T23:16:28.2841350Z ok 188 - low WaitError value fields keep borrowed payload types and read-only status
2026-10-06T23:16:28.2841750Z   ---
2026-10-06T23:16:28.2841980Z   duration_ms: 0.119625
2026-10-06T23:16:28.2842240Z   type: 'test'
2026-10-06T23:16:28.2842470Z   ...
2026-10-06T23:16:28.2843050Z # Subtest: low inferred standard operations insert positional calls and retain exact callback and Future contracts
2026-10-06T23:16:28.2843980Z ok 189 - low inferred standard operations insert positional calls and retain exact callback and Future contracts
2026-10-06T23:16:28.2844450Z   ---
2026-10-06T23:16:28.2844700Z   duration_ms: 0.865167
2026-10-06T23:16:28.2844950Z   type: 'test'
2026-10-06T23:16:28.2845180Z   ...
2026-10-06T23:16:28.2845700Z # Subtest: new operations and constants navigate to compiler standard sources with UTF-16 locations
2026-10-06T23:16:28.2846430Z ok 190 - new operations and constants navigate to compiler standard sources with UTF-16 locations
2026-10-06T23:16:28.2846870Z   ---
2026-10-06T23:16:28.2847090Z   duration_ms: 1.520584
2026-10-06T23:16:28.2847350Z   type: 'test'
2026-10-06T23:16:28.2847580Z   ...
2026-10-06T23:16:28.3216500Z # Subtest: real nagi borrowed list locals and nested fields keep read-only metadata in editor assistance
2026-10-06T23:16:28.3217470Z ok 191 - real nagi borrowed list locals and nested fields keep read-only metadata in editor assistance
2026-10-06T23:16:28.3218270Z   ---
2026-10-06T23:16:28.3218570Z   duration_ms: 89.946916
2026-10-06T23:16:28.3218840Z   type: 'test'
2026-10-06T23:16:28.3219080Z   ...
2026-10-06T23:16:28.3219620Z # Subtest: real low borrowed list locals and nested fields keep read-only metadata in editor assistance
2026-10-06T23:16:28.3220370Z ok 192 - real low borrowed list locals and nested fields keep read-only metadata in editor assistance
2026-10-06T23:16:28.3220810Z   ---
2026-10-06T23:16:28.3221050Z   duration_ms: 86.7365
2026-10-06T23:16:28.3221230Z   type: 'test'
2026-10-06T23:16:28.3221370Z   ...
2026-10-06T23:16:28.3222030Z # Subtest: real nagi map_error aliases retain inferred generics and standard virtual navigation
2026-10-06T23:16:28.3222660Z ok 193 - real nagi map_error aliases retain inferred generics and standard virtual navigation
2026-10-06T23:16:28.3222990Z   ---
2026-10-06T23:16:28.3223140Z   duration_ms: 89.17775
2026-10-06T23:16:28.3223320Z   type: 'test'
2026-10-06T23:16:28.3223450Z   ...
2026-10-06T23:16:28.3223860Z # Subtest: real low map_error aliases retain inferred generics and standard virtual navigation
2026-10-06T23:16:28.3224460Z ok 194 - real low map_error aliases retain inferred generics and standard virtual navigation
2026-10-06T23:16:28.3224780Z   ---
2026-10-06T23:16:28.3224930Z   duration_ms: 85.977459
2026-10-06T23:16:28.3225100Z   type: 'test'
2026-10-06T23:16:28.3225240Z   ...
2026-10-06T23:16:28.4772860Z # Subtest: real nagi readiness and deadline API assistance keeps resource aliases and read-only fields
2026-10-06T23:16:28.4806500Z ok 195 - real nagi readiness and deadline API assistance keeps resource aliases and read-only fields
2026-10-06T23:16:28.4807100Z   ---
2026-10-06T23:16:28.4807360Z   duration_ms: 155.066583
2026-10-06T23:16:28.4807650Z   type: 'test'
2026-10-06T23:16:28.4807890Z   ...
2026-10-06T23:16:28.6311240Z # Subtest: real low readiness and deadline API assistance keeps resource aliases and read-only fields
2026-10-06T23:16:28.6411640Z ok 196 - real low readiness and deadline API assistance keeps resource aliases and read-only fields
2026-10-06T23:16:28.6512670Z   ---
2026-10-06T23:16:28.6612650Z   duration_ms: 155.902125
2026-10-06T23:16:28.6713080Z   type: 'test'
2026-10-06T23:16:28.6802030Z   ...
2026-10-06T23:16:28.6802580Z # Subtest: cross-module call curves fit with marker and stroke space on both sides
2026-10-06T23:16:28.6803150Z ok 197 - cross-module call curves fit with marker and stroke space on both sides
2026-10-06T23:16:28.6803470Z   ---
2026-10-06T23:16:28.6803610Z   duration_ms: 1.34425
2026-10-06T23:16:28.6803780Z   type: 'test'
2026-10-06T23:16:28.6803920Z   ...
2026-10-06T23:16:28.6804250Z # Subtest: ordinary stock-report layout keeps its existing extent
2026-10-06T23:16:28.6804700Z ok 198 - ordinary stock-report layout keeps its existing extent
2026-10-06T23:16:28.6804970Z   ---
2026-10-06T23:16:28.6805120Z   duration_ms: 0.087334
2026-10-06T23:16:28.6805290Z   type: 'test'
2026-10-06T23:16:28.6805590Z   ...
2026-10-06T23:16:28.6805970Z # Subtest: geometry above or below the layout extends the vertical viewport
2026-10-06T23:16:28.6806470Z ok 199 - geometry above or below the layout extends the vertical viewport
2026-10-06T23:16:28.6806750Z   ---
2026-10-06T23:16:28.6806900Z   duration_ms: 0.065625
2026-10-06T23:16:28.6807070Z   type: 'test'
2026-10-06T23:16:28.6807210Z   ...
2026-10-06T23:16:28.6807510Z # Subtest: an empty SVG bounding box does not add blank padding
2026-10-06T23:16:28.6807940Z ok 200 - an empty SVG bounding box does not add blank padding
2026-10-06T23:16:28.6808190Z   ---
2026-10-06T23:16:28.6808340Z   duration_ms: 0.057
2026-10-06T23:16:28.6808500Z   type: 'test'
2026-10-06T23:16:28.6808650Z   ...
2026-10-06T23:16:28.6809000Z # Subtest: non-finite browser measurements preserve the finite layout extent
2026-10-06T23:16:28.6809530Z ok 201 - non-finite browser measurements preserve the finite layout extent
2026-10-06T23:16:28.6809820Z   ---
2026-10-06T23:16:28.6809960Z   duration_ms: 0.25975
2026-10-06T23:16:28.6810120Z   type: 'test'
2026-10-06T23:16:28.6810260Z   ...
2026-10-06T23:16:28.6810380Z 1..201
2026-10-06T23:16:28.6810520Z # tests 201
2026-10-06T23:16:28.6810650Z # suites 0
2026-10-06T23:16:28.6810800Z # pass 201
2026-10-06T23:16:28.6810940Z # fail 0
2026-10-06T23:16:28.6811070Z # cancelled 0
2026-10-06T23:16:28.6811210Z # skipped 0
2026-10-06T23:16:28.6811350Z # todo 0
2026-10-06T23:16:28.6811500Z # duration_ms 4113.201167
2026-10-06T23:16:28.7026360Z ##[group]Run cargo test --locked -p nagic --test output_safety --test integer_arithmetic --test integer_zero_division --test constant_validation --test auth_boundaries --test view_branch_rebinding --test view_container_rebinding --test view_container_drop --test view_flow_foundation --test view_flow_completion --test explicit_moves --test task_handles --test conformance --test scope_runtime_contract --test copy_capabilities --test shared_field_moves --test asset_calls --test shared_target --test build_generations --test project
2026-10-06T23:16:28.7029100Z [36;1mcargo test --locked -p nagic --test output_safety --test integer_arithmetic --test integer_zero_division --test constant_validation --test auth_boundaries --test view_branch_rebinding --test view_container_rebinding --test view_container_drop --test view_flow_foundation --test view_flow_completion --test explicit_moves --test task_handles --test conformance --test scope_runtime_contract --test copy_capabilities --test shared_field_moves --test asset_calls --test shared_target --test build_generations --test project[0m
2026-10-06T23:16:28.7063640Z shell: /bin/bash -e {0}
2026-10-06T23:16:28.7063800Z env:
2026-10-06T23:16:28.7064010Z   NAGI_FAILURE_DIR: /Users/runner/work/Nagi/Nagi/build/compiler-failures
2026-10-06T23:16:28.7064290Z   CARGO_HOME: /Users/runner/.cargo
2026-10-06T23:16:28.7064480Z   CARGO_INCREMENTAL: 0
2026-10-06T23:16:28.7064630Z   CARGO_TERM_COLOR: always
2026-10-06T23:16:28.7064870Z   pythonLocation: /Users/runner/hostedtoolcache/Python/3.12.10/arm64
2026-10-06T23:16:28.7065250Z   PKG_CONFIG_PATH: /Users/runner/hostedtoolcache/Python/3.12.10/arm64/lib/pkgconfig
2026-10-06T23:16:28.7071550Z   Python_ROOT_DIR: /Users/runner/hostedtoolcache/Python/3.12.10/arm64
2026-10-06T23:16:28.7071910Z   Python2_ROOT_DIR: /Users/runner/hostedtoolcache/Python/3.12.10/arm64
2026-10-06T23:16:28.7072240Z   Python3_ROOT_DIR: /Users/runner/hostedtoolcache/Python/3.12.10/arm64
2026-10-06T23:16:28.7072500Z ##[endgroup]
2026-10-06T23:16:28.8147160Z [1m[92m   Compiling[0m nagic v0.1.10 (/Users/runner/work/Nagi/Nagi/compiler)
2026-10-06T23:16:31.6964330Z [1m[92m    Finished[0m `test` profile [unoptimized + debuginfo] target(s) in 2.95s
2026-10-06T23:16:31.6999860Z [1m[92m     Running[0m tests/asset_calls.rs (target/debug/deps/asset_calls-b56203944e46f2cf)
2026-10-06T23:16:31.7033230Z 
2026-10-06T23:16:31.7034190Z running 2 tests
2026-10-06T23:16:31.7061350Z test a_missing_real_asset_still_reports_the_original_call ... ok
2026-10-06T23:16:31.9222950Z test local_callbacks_named_include_text_keep_literals_and_restore_builtin_after_scope ... ok
2026-10-06T23:16:31.9232830Z 
2026-10-06T23:16:31.9233540Z [1m[92m     Running[0m tests/auth_boundaries.rs (target/debug/deps/auth_boundaries-44cac84bd37d2dda)
2026-10-06T23:16:31.9234190Z test result: ok. 2 passed; 0 failed; 0 ignored; 0 measured; 0 filtered out; finished in 0.22s
2026-10-06T23:16:31.9234570Z 
2026-10-06T23:16:31.9252520Z 
2026-10-06T23:16:31.9258390Z running 9 tests
2026-10-06T23:16:31.9465970Z test handwritten_low_and_owned_local_containers_keep_nominal_marker_identity ... ok
2026-10-06T23:16:31.9677270Z test aliases_option_result_and_async_delegation_preserve_proof_identity ... ok
2026-10-06T23:16:32.0354150Z test a_function_signature_and_a_deep_dto_do_not_contain_a_proof_payload ... ok
2026-10-06T23:16:32.0713840Z test missing_principal_grant_wrong_permission_and_reuse_are_rejected ... ok
2026-10-06T23:16:32.4056250Z test indirect_arc_state_cannot_share_a_proof ... ok
2026-10-06T23:16:32.6923610Z test opaque_proofs_cannot_be_constructed_decoded_copied_or_shared ... ok
2026-10-06T23:17:11.1531320Z test proof_move_and_nominal_marker_build_and_run_against_real_runtime ... ok
2026-10-06T23:17:12.2321480Z test native_phantom_types_do_not_become_field_payloads ... ok
2026-10-06T23:17:13.1112330Z test opaque_main_errors_fail_without_a_debug_bound_or_proof_payload ... ok
2026-10-06T23:17:13.1112770Z 
2026-10-06T23:17:13.1113870Z test result: ok. 9 passed; 0 failed; 0 ignored; 0 measured; 0 filtered out; finished in 41.19s
2026-10-06T23:17:13.1114200Z 
2026-10-06T23:17:13.1120900Z [1m[92m     Running[0m tests/build_generations.rs (target/debug/deps/build_generations-1e41d078800bec59)
2026-10-06T23:17:13.1220580Z 
2026-10-06T23:17:13.1221260Z running 22 tests
2026-10-06T23:17:13.7369860Z test cargo_cache_keeps_a_preexisting_default_package_binary_unchanged ... ok
2026-10-06T23:17:13.8778400Z test a_running_old_executable_is_not_replaced_by_a_new_build ... ok
2026-10-06T23:17:13.9073030Z test invalid_input_does_not_create_output_or_its_lock ... ok
2026-10-06T23:17:13.9490960Z test cargo_failure_retains_latest_and_inherited_lockfile ... ok
2026-10-06T23:17:14.2283810Z test latest_metadata_used_as_an_input_cannot_be_overwritten_by_rebuild ... ok
2026-10-06T23:17:14.2927000Z test lock_is_permanent_and_input_protection_is_rechecked_after_waiting ... ok
2026-10-06T23:17:14.5330650Z test latest_temp_failure_keeps_old_metadata_and_does_not_run_new_generation ... ok
2026-10-06T23:17:14.6194860Z test long_basename_accepted_by_the_previous_cache_scheme_uses_a_short_generation_bin ... ok
2026-10-06T23:17:14.6945790Z test nonwriting_low_check_and_lower_do_not_wait_for_the_output_writer_lock ... ok
2026-10-06T23:17:14.7316170Z test compatibility_outputs_cannot_alias_previous_latest_metadata ... ok
2026-10-06T23:17:15.4141870Z test projection_failure_keeps_old_latest_and_reports_partial_projection ... ok
2026-10-06T23:17:15.4163940Z test orphan_cargo_uses_an_immutable_snapshot_and_cannot_replace_next_generation ... ok
2026-10-06T23:17:15.5048730Z test parallel_latest_readers_observe_only_complete_published_generations ... ok
2026-10-06T23:17:15.7481040Z test published_manifest_runtime_reference_resolves_from_the_published_location ... ok
2026-10-06T23:17:16.0488270Z test run_releases_output_lock_before_waiting_for_the_selected_executable ... ok
2026-10-06T23:17:16.0723270Z test rebuild_publishes_new_generation_and_preserves_old_executable_and_snapshot ... ok
2026-10-06T23:17:16.3331580Z test user_low_snapshot_comes_from_this_input_instead_of_a_stale_high_projection ... ok
2026-10-06T23:17:16.9864540Z test writing_cost_report_cannot_alias_previous_latest ... ok
2026-10-06T23:17:17.1791440Z test same_and_different_apps_with_equivalent_output_paths_wait_for_one_output_writer ... ok
2026-10-06T23:17:17.4199530Z test writing_high_check_cannot_alias_previous_latest ... ok
2026-10-06T23:17:17.5785900Z test writing_high_lower_cannot_alias_previous_latest ... ok
2026-10-06T23:17:17.9475910Z [1m[92m     Running[0m tests/conformance.rs (target/debug/deps/conformance-f23466049c86190c)
2026-10-06T23:17:17.9477730Z test writing_check_lower_and_cost_wait_while_build_owns_the_output_lock ... ok
2026-10-06T23:17:17.9481280Z 
2026-10-06T23:17:17.9481950Z test result: ok. 22 passed; 0 failed; 0 ignored; 0 measured; 0 filtered out; finished in 4.82s
2026-10-06T23:17:17.9516590Z 
2026-10-06T23:17:18.0654390Z 
2026-10-06T23:17:18.0754960Z running 6 tests
2026-10-06T23:17:18.0856350Z test batch_root_relocation_preserves_literals_raw_strings_and_comments ... ok
2026-10-06T23:17:18.3068780Z test explicit_move_corpus_reaches_native_execution ... ok
2026-10-06T23:17:18.3086640Z test failure_shrinking_preserves_the_checker_failure_instead_of_a_parse_error ... ok
2026-10-06T23:17:18.3430990Z test native_process_deadline_reaps_a_hanging_child ... ok
2026-10-06T23:17:18.3625070Z test backend_shrinking_does_not_turn_an_oracle_error_into_a_compiler_reproducer ... ok
2026-10-06T23:17:18.5706200Z test corpus_and_bounded_generated_contracts_reach_native_execution ... ok
2026-10-06T23:17:18.5708180Z 
2026-10-06T23:17:18.5709390Z test result: ok. 6 passed; 0 failed; 0 ignored; 0 measured; 0 filtered out; finished in 0.51s
2026-10-06T23:17:18.5710300Z 
2026-10-06T23:17:18.5713170Z [1m[92m     Running[0m tests/constant_validation.rs (target/debug/deps/constant_validation-b86dd0efbea655d6)
2026-10-06T23:17:18.5819530Z 
2026-10-06T23:17:18.5821100Z running 10 tests
2026-10-06T23:17:18.5957370Z test builtin_widening_uses_resolution_and_result_casts_remain_opaque ... ok
2026-10-06T23:17:18.5958500Z test binding_facts_follow_reassignment_scope_and_continuing_branch_joins ... ok
2026-10-06T23:17:18.5962960Z test compound_failures_are_checked_even_in_dead_branches_and_short_circuit_rhs ... ok
2026-10-06T23:17:18.5992450Z test loop_writes_kill_facts_before_conditions_and_respect_shadowed_counter_bindings ... ok
2026-10-06T23:17:18.6052320Z test compound_and_alias_zero_fail_after_type_check_in_all_widths_and_forms ... ok
2026-10-06T23:17:18.6064080Z test profile_dependent_intermediates_are_not_folded_to_a_known_zero ... ok
2026-10-06T23:17:18.6103890Z test signed_minimum_division_and_remainder_are_static_failures_in_every_width ... ok
2026-10-06T23:17:18.6104840Z test typed_ast_errors_precede_new_constant_diagnostics ... ok
2026-10-06T23:17:18.6281020Z test compound_diagnostics_identify_original_modules_before_cargo ... ok
2026-10-06T23:17:19.1122970Z test minimum_negation_and_integer_oracle_build_and_run_in_both_profiles ... ok
2026-10-06T23:17:19.1123420Z 
2026-10-06T23:17:19.1123910Z test result: ok. 10 passed; 0 failed; 0 ignored; 0 measured; 0 filtered out; finished in 0.53s
2026-10-06T23:17:19.1124310Z 
2026-10-06T23:17:19.1125140Z [1m[92m     Running[0m tests/copy_capabilities.rs (target/debug/deps/copy_capabilities-c786c79fe62fa12d)
2026-10-06T23:17:19.1216480Z 
2026-10-06T23:17:19.1217010Z running 2 tests
2026-10-06T23:17:19.2312450Z test omitted_clone_adapter_reports_the_element_clone_bound ... ok
2026-10-06T23:17:19.3820690Z test manual_clone_adapter_copies_owned_enum_payloads_in_high_and_independent_low ... ok
2026-10-06T23:17:19.3821050Z 
2026-10-06T23:17:19.3821520Z test result: ok. 2 passed; 0 failed; 0 ignored; 0 measured; 0 filtered out; finished in 0.26s
2026-10-06T23:17:19.3821910Z 
2026-10-06T23:17:19.3822590Z [1m[92m     Running[0m tests/explicit_moves.rs (target/debug/deps/explicit_moves-cb7a959de101603d)
2026-10-06T23:17:19.3912430Z 
2026-10-06T23:17:19.3913970Z running 9 tests
2026-10-06T23:17:19.4399010Z test explicit_move_preserves_use_after_move_borrow_partial_move_and_loop_checks ... ok
2026-10-06T23:17:19.4688540Z test copy_inputs_keep_ordinary_assignment_and_move_expected_type_inference ... ok
2026-10-06T23:17:22.8700100Z test identity_moves_preserve_rhs_failure_drop_order_and_async_cancellation ... ok
2026-10-06T23:17:22.8960460Z test implicit_noncopy_local_assignments_fail_at_the_original_source_line ... ok
2026-10-06T23:17:23.1103520Z test canonical_aliases_shadowing_and_transparent_values_run_in_all_three_sources ... ok
2026-10-06T23:17:23.1321470Z test move_operation_rejects_arity_type_arguments_and_future_transfer ... ok
2026-10-06T23:17:23.1467560Z test moving_nested_view_containers_keeps_escape_and_temporary_rejections ... ok
2026-10-06T23:17:23.3040760Z test identity_move_materializes_copy_values_and_keeps_bare_place_comparison_loans ... ok
2026-10-06T23:17:23.4039220Z test move_keeps_typed_constant_failures_and_profile_dependent_overflow ... ok
2026-10-06T23:17:23.4039880Z 
2026-10-06T23:17:23.4040840Z test result: ok. 9 passed; 0 failed; 0 ignored; 0 measured; 0 filtered out; finished in 4.01s
2026-10-06T23:17:23.4041150Z 
2026-10-06T23:17:23.4042300Z [1m[92m     Running[0m tests/integer_arithmetic.rs (target/debug/deps/integer_arithmetic-ce055d5229e326ff)
2026-10-06T23:17:23.4120930Z 
2026-10-06T23:17:23.4123420Z running 2 tests
2026-10-06T23:17:23.4624780Z test native_adapter_constant_overflow_keeps_rust_diagnostics ... ok
2026-10-06T23:17:23.6252770Z test constant_integer_arithmetic_preserves_release_wrapping_and_debug_panics ... ok
2026-10-06T23:17:23.6253330Z 
2026-10-06T23:17:23.6254260Z [1m[92m     Running[0m tests/integer_zero_division.rs (target/debug/deps/integer_zero_division-5c6cf9ab64a12df3)
2026-10-06T23:17:23.6255150Z test result: ok. 2 passed; 0 failed; 0 ignored; 0 measured; 0 filtered out; finished in 0.21s
2026-10-06T23:17:23.6255630Z 
2026-10-06T23:17:23.6343000Z 
2026-10-06T23:17:23.6343880Z running 5 tests
2026-10-06T23:17:23.6445820Z test dynamic_aliases_remain_runtime_operations ... ok
2026-10-06T23:17:23.6590060Z test explicit_integer_zero_divisors_fail_in_high_handwritten_low_and_saved_low ... ok
2026-10-06T23:17:23.6610330Z test operand_and_earlier_type_errors_keep_priority_over_zero_divisor_errors ... ok
2026-10-06T23:17:23.7581530Z test cli_rejects_zero_at_the_original_file_and_line_before_cargo ... ok
2026-10-06T23:17:24.4183450Z test dynamic_zero_nonzero_and_float_controls_compile_and_run_in_both_profiles ... ok
2026-10-06T23:17:24.4184830Z [1m[92m     Running[0m tests/output_safety.rs (target/debug/deps/output_safety-f745aa56d6e892ef)
2026-10-06T23:17:24.4185260Z 
2026-10-06T23:17:24.4185680Z test result: ok. 5 passed; 0 failed; 0 ignored; 0 measured; 0 filtered out; finished in 0.78s
2026-10-06T23:17:24.4185960Z 
2026-10-06T23:17:24.4270070Z 
2026-10-06T23:17:24.4270680Z running 10 tests
2026-10-06T23:17:24.4344980Z test custom_project_manifest_is_protected_before_generated_outputs ... ok
2026-10-06T23:17:24.4351120Z test build_preflights_rust_adapter_before_writing_any_generated_files ... ok
2026-10-06T23:17:24.4394680Z test aliased_generated_outputs_are_rejected_without_partial_writes ... ok
2026-10-06T23:17:24.4437490Z test include_text_assets_are_protected_in_generated_and_map_outputs ... ok
2026-10-06T23:17:24.4589720Z test every_generated_file_rejects_a_hard_link_to_an_imported_source ... ok
2026-10-06T23:17:24.4619050Z test loaded_empty_module_filters_produce_empty_type_and_call_graphs ... ok
2026-10-06T23:17:24.4755150Z test native_low_is_not_replaced_by_check_or_lower_output ... ok
2026-10-06T23:17:24.4802070Z test symlinked_generated_paths_preserve_all_inputs ... ok
2026-10-06T23:17:24.4868090Z test repeated_checks_and_build_preparation_keep_existing_generated_outputs_usable ... ok
2026-10-06T23:17:24.5787090Z test map_formats_protect_hard_links_to_sources_manifest_and_rust_adapter ... ok
2026-10-06T23:17:24.5788560Z 
2026-10-06T23:17:24.5790850Z test result: ok. 10 passed; 0 failed; 0 ignored; 0 measured; 0 filtered out; finished in 0.15s
2026-10-06T23:17:24.5791470Z 
2026-10-06T23:17:24.5805260Z [1m[92m     Running[0m tests/project.rs (target/debug/deps/project-ed8604683c27272e)
2026-10-06T23:17:24.5889590Z 
2026-10-06T23:17:24.5890160Z running 12 tests
2026-10-06T23:17:24.6003440Z test actual_cli_manifest_and_import_errors_point_to_original_files ... ok
2026-10-06T23:17:24.6074890Z test actual_cli_checks_entry_with_low_support_from_a_subdirectory ... ok
2026-10-06T23:17:24.6092800Z test cli_overrides_scalars_and_dependency_versions_and_adds_native_files ... ok
2026-10-06T23:17:24.6097160Z test dependency_alias_collision_across_manifest_and_cli_is_rejected ... ok
2026-10-06T23:17:25.4834140Z test a_borrowed_record_field_does_not_block_moving_a_disjoint_field ... ok
2026-10-06T23:17:25.4934660Z test explicit_source_keeps_legacy_behavior_even_next_to_a_broken_manifest ... ok
2026-10-06T23:17:25.5034990Z test invalid_commands_and_flags_fail_before_loading_sources ... ok
2026-10-06T23:17:25.5136470Z test manifest_typos_wrong_types_duplicates_and_empty_paths_are_rejected ... ok
2026-10-06T23:17:25.5237050Z test nearest_project_uses_manifest_relative_paths_from_any_subdirectory ... ok
2026-10-06T23:17:25.5337900Z test rust_diagnostic_details_are_an_explicit_build_or_run_option ... ok
2026-10-06T23:17:26.4329030Z test escaped_record_and_route_names_preserve_json_sqlite_and_rust_bridges ... ok
2026-10-06T23:18:00.1452320Z test actual_run_uses_rust_dependencies_and_a_stable_project_working_directory ... ok
2026-10-06T23:18:00.1453080Z 
2026-10-06T23:18:00.1455320Z test result: ok. 12 passed; 0 failed; 0 ignored; 0 measured; 0 filtered out; finished in 35.56s
2026-10-06T23:18:00.1456060Z 
2026-10-06T23:18:00.1465880Z [1m[92m     Running[0m tests/scope_runtime_contract.rs (target/debug/deps/scope_runtime_contract-1639c7cb3b275bc5)
2026-10-06T23:18:00.1566290Z 
2026-10-06T23:18:00.1567110Z running 1 test
2026-10-06T23:18:06.0321330Z test generated_scope_failure_and_cancellation_contract_runs_with_the_real_runtime ... ok
2026-10-06T23:18:06.0322150Z 
2026-10-06T23:18:06.0328800Z test result: ok. 1 passed; 0 failed; 0 ignored; 0 measured; 0 filtered out; finished in 5.88s
2026-10-06T23:18:06.0330260Z [1m[92m     Running[0m tests/shared_field_moves.rs (target/debug/deps/shared_field_moves-3f49a062de59ce9e)
2026-10-06T23:18:06.0330760Z 
2026-10-06T23:18:06.0411820Z 
2026-10-06T23:18:06.0412490Z running 4 tests
2026-10-06T23:18:06.0574680Z test nested_shared_parents_and_call_temporaries_cannot_supply_owned_fields ... ok
2026-10-06T23:18:06.0704360Z test shared_field_moves_are_rejected_in_each_consuming_context_in_high_and_handwritten_low ... ok
2026-10-06T23:18:06.0711850Z test invalid_shared_field_moves_fail_before_check_build_or_run_needs_cargo ... ok
2026-10-06T23:18:06.7000840Z test valid_arc_moves_copy_fields_and_explicit_copies_run_in_high_and_independent_low ... ok
2026-10-06T23:18:06.7001310Z 
2026-10-06T23:18:06.7002020Z test result: ok. 4 passed; 0 failed; 0 ignored; 0 measured; 0 filtered out; finished in 0.66s
2026-10-06T23:18:06.7002550Z 
2026-10-06T23:18:06.7003570Z [1m[92m     Running[0m tests/shared_target.rs (target/debug/deps/shared_target-7f90536fef661c94)
2026-10-06T23:18:06.7094870Z 
2026-10-06T23:18:06.7095110Z running 3 tests
2026-10-06T23:18:06.7128920Z test repeated_timestamps_keep_fixture_ownership_distinct ... ok
2026-10-06T23:18:07.9171230Z test default_shared_targets_keep_application_identity_stable_and_generations_distinct ... ok
2026-10-06T23:18:07.9172160Z test explicitly_shared_targets_keep_application_identity_stable_and_generations_distinct ... ok
2026-10-06T23:18:07.9172540Z 
2026-10-06T23:18:07.9174860Z test result: ok. 3 passed; 0 failed; 0 ignored; 0 measured; 0 filtered out; finished in 1.21s
2026-10-06T23:18:07.9175380Z 
2026-10-06T23:18:07.9178450Z [1m[92m     Running[0m tests/task_handles.rs (target/debug/deps/task_handles-01de2db3a898a006)
2026-10-06T23:18:07.9275230Z 
2026-10-06T23:18:07.9275950Z running 7 tests
2026-10-06T23:18:07.9505670Z test canonical_task_metadata_survives_saved_low_and_user_task_names ... ok
2026-10-06T23:18:15.6681840Z test native_business_fault_cleanup_and_branch_contracts ... ok
2026-10-06T23:18:15.6826690Z test raw_check_registers_contextual_task_and_preserves_obligation ... ok
2026-10-06T23:18:18.2208180Z test bounded_generated_task_paths_reach_native ... ok
2026-10-06T23:18:21.8130390Z test task_service::legacy_supervisor_terminal_and_normal_shutdown_reach_real_http ... ok
2026-10-06T23:18:22.7130670Z test task_service_s2::typed_monitor_preserves_service_errors_shutdown_and_parent_drop ... ok
2026-10-06T23:18:39.2818630Z test positive_contracts_build_and_run_high_saved_and_handwritten_low ... ok
2026-10-06T23:18:39.2825140Z 
2026-10-06T23:18:39.2825640Z test result: ok. 7 passed; 0 failed; 0 ignored; 0 measured; 0 filtered out; finished in 31.35s
2026-10-06T23:18:39.2825980Z 
2026-10-06T23:18:39.2827310Z [1m[92m     Running[0m tests/view_branch_rebinding.rs (target/debug/deps/view_branch_rebinding-3dd303379093496d)
2026-10-06T23:18:39.2913210Z 
2026-10-06T23:18:39.2913450Z running 4 tests
2026-10-06T23:18:39.3051330Z test local_views_still_cannot_escape_a_terminating_or_continuing_branch ... ok
2026-10-06T23:18:39.3069860Z test terminating_parent_blocks_respect_loop_and_pattern_binding_names ... ok
2026-10-06T23:18:39.3077130Z test branch_copies_are_synthetic_and_preserve_public_and_callback_lifetimes ... ok
2026-10-06T23:18:39.7261070Z test terminating_view_updates_compile_and_run_in_high_saved_low_and_handwritten_low ... ok
2026-10-06T23:18:39.7262120Z 
2026-10-06T23:18:39.7262680Z test result: ok. 4 passed; 0 failed; 0 ignored; 0 measured; 0 filtered out; finished in 0.44s
2026-10-06T23:18:39.7264620Z [1m[92m     Running[0m tests/view_container_drop.rs (target/debug/deps/view_container_drop-4e58967249fa020d)
2026-10-06T23:18:39.7265060Z 
2026-10-06T23:18:39.7351270Z 
2026-10-06T23:18:39.7352240Z running 1 test
2026-10-06T23:18:40.5787620Z test local_view_container_replacement_preserves_allocations_and_drop_order ... ok
2026-10-06T23:18:40.5788070Z 
2026-10-06T23:18:40.5789050Z test result: ok. 1 passed; 0 failed; 0 ignored; 0 measured; 0 filtered out; finished in 0.84s
2026-10-06T23:18:40.5789490Z 
2026-10-06T23:18:40.5790340Z [1m[92m     Running[0m tests/view_container_rebinding.rs (target/debug/deps/view_container_rebinding-150d44f38fb4f09b)
2026-10-06T23:18:40.5880090Z 
2026-10-06T23:18:40.5880360Z running 4 tests
2026-10-06T23:18:40.6005980Z test local_container_escape_stays_rejected_in_high_and_low ... ok
2026-10-06T23:18:40.7257280Z test restore_rhs_keeps_its_source_line_and_generated_slots_are_synthetic ... ok
2026-10-06T23:18:40.8740450Z test move_phi_and_mutation_fixtures_use_the_container_flow_plan ... ok
2026-10-06T23:18:41.4751820Z test owning_view_container_rebinding_runs_in_high_saved_low_and_handwritten_low ... ok
2026-10-06T23:18:41.4752300Z 
2026-10-06T23:18:41.4752700Z test result: ok. 4 passed; 0 failed; 0 ignored; 0 measured; 0 filtered out; finished in 0.89s
2026-10-06T23:18:41.4753170Z 
2026-10-06T23:18:41.4754440Z [1m[92m     Running[0m tests/view_flow_completion.rs (target/debug/deps/view_flow_completion-ab4bf504d0d60794)
2026-10-06T23:18:41.4843540Z 
2026-10-06T23:18:41.4844310Z running 3 tests
2026-10-06T23:18:41.4940520Z test completion_keeps_local_and_iterator_owner_escape_rejections ... ok
2026-10-06T23:18:41.5040590Z test scopes_keep_lexical_storage_and_route_nested_errors ... ok
2026-10-06T23:18:42.3480200Z test owned_storage_loops_and_async_compile_and_run_in_all_source_forms ... ok
2026-10-06T23:18:42.3480560Z 
2026-10-06T23:18:42.3481010Z test result: ok. 3 passed; 0 failed; 0 ignored; 0 measured; 0 filtered out; finished in 0.86s
2026-10-06T23:18:42.3481440Z 
2026-10-06T23:18:42.3482990Z [1m[92m     Running[0m tests/view_flow_foundation.rs (target/debug/deps/view_flow_foundation-92ab4f7e19edb27e)
2026-10-06T23:18:42.3577640Z 
2026-10-06T23:18:42.3577980Z running 2 tests
2026-10-06T23:18:42.3847100Z test observer_lowering_does_not_accept_local_owner_escapes ... ok
2026-10-06T23:18:43.1258000Z test return_observers_and_match_edges_compile_and_run_in_all_source_forms ... ok
2026-10-06T23:18:43.1258850Z 
2026-10-06T23:18:43.1259460Z test result: ok. 2 passed; 0 failed; 0 ignored; 0 measured; 0 filtered out; finished in 0.77s
2026-10-06T23:18:43.1259920Z 
2026-10-06T23:18:43.1440240Z ##[group]Run cargo test --locked -p nagic --test sqlite_contract_inputs
2026-10-06T23:18:43.1446430Z [36;1mcargo test --locked -p nagic --test sqlite_contract_inputs[0m
2026-10-06T23:18:43.1527160Z shell: /bin/bash -e {0}
2026-10-06T23:18:43.1527520Z env:
2026-10-06T23:18:43.1527900Z   NAGI_FAILURE_DIR: /Users/runner/work/Nagi/Nagi/build/compiler-failures
2026-10-06T23:18:43.1528660Z   CARGO_HOME: /Users/runner/.cargo
2026-10-06T23:18:43.1528990Z   CARGO_INCREMENTAL: 0
2026-10-06T23:18:43.1529220Z   CARGO_TERM_COLOR: always
2026-10-06T23:18:43.1529600Z   pythonLocation: /Users/runner/hostedtoolcache/Python/3.12.10/arm64
2026-10-06T23:18:43.1530110Z   PKG_CONFIG_PATH: /Users/runner/hostedtoolcache/Python/3.12.10/arm64/lib/pkgconfig
2026-10-06T23:18:43.1530560Z   Python_ROOT_DIR: /Users/runner/hostedtoolcache/Python/3.12.10/arm64
2026-10-06T23:18:43.1531040Z   Python2_ROOT_DIR: /Users/runner/hostedtoolcache/Python/3.12.10/arm64
2026-10-06T23:18:43.1531590Z   Python3_ROOT_DIR: /Users/runner/hostedtoolcache/Python/3.12.10/arm64
2026-10-06T23:18:43.1531930Z ##[endgroup]
2026-10-06T23:18:43.2648290Z [1m[92m   Compiling[0m nagic v0.1.10 (/Users/runner/work/Nagi/Nagi/compiler)
2026-10-06T23:18:43.6480900Z [1m[92m    Finished[0m `test` profile [unoptimized + debuginfo] target(s) in 0.43s
2026-10-06T23:18:43.6495580Z [1m[92m     Running[0m tests/sqlite_contract_inputs.rs (target/debug/deps/sqlite_contract_inputs-53906b64e60c8dd9)
2026-10-06T23:18:43.6533900Z 
2026-10-06T23:18:43.6534740Z running 2 tests
2026-10-06T23:18:43.6584110Z test planned_rejection_anchors_identify_original_fixture_lines_and_lexer_tokens ... ok
2026-10-06T23:18:43.6588650Z test every_planned_high_and_handwritten_low_input_parses_before_module_resolution ... ok
2026-10-06T23:18:43.6589050Z 
2026-10-06T23:18:43.6589500Z test result: ok. 2 passed; 0 failed; 0 ignored; 0 measured; 0 filtered out; finished in 0.01s
2026-10-06T23:18:43.6589780Z 
2026-10-06T23:18:43.6627870Z ##[group]Run set -o pipefail
2026-10-06T23:18:43.6638350Z [36;1mset -o pipefail[0m
2026-10-06T23:18:43.6638740Z [36;1mcargo test --locked -p nagi-runtime --lib task::tests:: 2>&1 | tee "$RUNNER_TEMP/task-runtime.log"[0m
2026-10-06T23:18:43.6639550Z [36;1mpython -c 'import pathlib,re,os; text=pathlib.Path(os.environ["RUNNER_TEMP"],"task-runtime.log").read_text(); assert re.search(r"test result: ok\. 17 passed; 0 failed; 0 ignored;",text),text'[0m
2026-10-06T23:18:43.6640320Z [36;1mcargo test --locked -p nagi-runtime --test task_handles[0m
2026-10-06T23:18:43.6640640Z [36;1mcargo test --locked -p nagi-runtime --doc[0m
2026-10-06T23:18:43.6671020Z shell: /bin/bash --noprofile --norc -e -o pipefail {0}
2026-10-06T23:18:43.6671270Z env:
2026-10-06T23:18:43.6671490Z   NAGI_FAILURE_DIR: /Users/runner/work/Nagi/Nagi/build/compiler-failures
2026-10-06T23:18:43.6671800Z   CARGO_HOME: /Users/runner/.cargo
2026-10-06T23:18:43.6671980Z   CARGO_INCREMENTAL: 0
2026-10-06T23:18:43.6672180Z   CARGO_TERM_COLOR: always
2026-10-06T23:18:43.6672460Z   pythonLocation: /Users/runner/hostedtoolcache/Python/3.12.10/arm64
2026-10-06T23:18:43.6672840Z   PKG_CONFIG_PATH: /Users/runner/hostedtoolcache/Python/3.12.10/arm64/lib/pkgconfig
2026-10-06T23:18:43.6673230Z   Python_ROOT_DIR: /Users/runner/hostedtoolcache/Python/3.12.10/arm64
2026-10-06T23:18:43.6673580Z   Python2_ROOT_DIR: /Users/runner/hostedtoolcache/Python/3.12.10/arm64
2026-10-06T23:18:43.6673930Z   Python3_ROOT_DIR: /Users/runner/hostedtoolcache/Python/3.12.10/arm64
2026-10-06T23:18:43.6674200Z ##[endgroup]
2026-10-06T23:18:43.7721150Z [1m[92m   Compiling[0m nagi-runtime v0.1.10 (/Users/runner/work/Nagi/Nagi/runtime)
2026-10-06T23:18:53.8592420Z [1m[92m    Finished[0m `test` profile [unoptimized + debuginfo] target(s) in 10.15s
2026-10-06T23:18:53.8662920Z [1m[92m     Running[0m unittests src/lib.rs (target/debug/deps/nagi_runtime-3998aafd24442072)
2026-10-06T23:18:53.8715310Z 
2026-10-06T23:18:53.8718410Z running 17 tests
2026-10-06T23:18:53.8756700Z test task::tests::cancelled_drain_can_resume_after_child_drop_gate ... ok
2026-10-06T23:18:53.8782790Z test task::tests::discard_keeps_fault_and_legacy_error_observation ... ok
2026-10-06T23:18:53.8783630Z test task::tests::fault_return_waits_for_requested_sibling_cleanup_and_actual_join ... ok
2026-10-06T23:18:53.8784560Z test task::tests::legacy_structured_cause_preserves_kind_message_and_primary_after_later_fault ... ok
2026-10-06T23:18:53.8793020Z test task::tests::heterogeneous_results_and_business_error_keep_sibling_healthy ... ok
2026-10-06T23:18:53.8793850Z test task::tests::parent_drop_requests_abort_but_does_not_report_child_destruction_complete ... ok
2026-10-06T23:18:53.8794690Z test task::tests::payload_drop_locations_distinguish_failed_send_buffer_and_received_value ... ok
2026-10-06T23:18:53.8795330Z test task::tests::received_fault_remains_sticky_at_scope_exit ... ok
2026-10-06T23:18:53.8795910Z test task::tests::receiver_notification_cannot_replace_actual_join ... ok
2026-10-06T23:18:53.8798420Z test task::tests::requested_cancel_does_not_hide_already_returned_legacy_error ... ok
2026-10-06T23:18:53.8799220Z test task::tests::requested_cancel_preserves_panic_and_unrequested_cancel_is_fault ... ok
2026-10-06T23:18:53.8800030Z test task::tests::spawn_after_fault_keeps_input_evaluation_and_actual_join_responsibility ... ok
2026-10-06T23:18:53.8800840Z test task::tests::fake_native_id_reuse_does_not_mix_unreceived_tickets_and_retire_records ... ok
2026-10-06T23:18:53.8801560Z test task::tests::target_other_than_first_join_and_body_error_primary_are_preserved ... ok
2026-10-06T23:18:53.8802200Z test task::tests::unpolled_and_pending_receive_drop_keep_scope_join_responsibility ... ok
2026-10-06T23:18:53.8802850Z test task::tests::wrong_owner_and_missing_output_are_protocol_errors_without_stolen_join ... ok
2026-10-06T23:18:53.8803520Z test task::tests::sticky_receive_retires_its_joined_ticket ... ok
2026-10-06T23:18:53.8803790Z 
2026-10-06T23:18:53.8805520Z test result: ok. 17 passed; 0 failed; 0 ignored; 0 measured; 191 filtered out; finished in 0.01s
2026-10-06T23:18:53.8805910Z 
2026-10-06T23:18:54.2192130Z [1m[92m   Compiling[0m nagi-runtime v0.1.10 (/Users/runner/work/Nagi/Nagi/runtime)
2026-10-06T23:18:56.6445530Z [1m[92m    Finished[0m `test` profile [unoptimized + debuginfo] target(s) in 2.60s
2026-10-06T23:18:56.6537770Z [1m[92m     Running[0m tests/task_handles.rs (target/debug/deps/task_handles-e66fc8ce90e0637e)
2026-10-06T23:18:56.6569400Z 
2026-10-06T23:18:56.6578110Z running 3 tests
2026-10-06T23:18:56.6578680Z test public_mixed_legacy_failure_keeps_failure_category_and_native_exit_error ... ok
2026-10-06T23:18:56.6680170Z test public_task_results_keep_business_error_inside_and_legacy_error_at_exit ... ok
2026-10-06T23:18:56.6689310Z test public_failure_getters_keep_fault_sticky_after_receive ... ok
2026-10-06T23:18:56.6789910Z 
2026-10-06T23:18:56.6890930Z test result: ok. 3 passed; 0 failed; 0 ignored; 0 measured; 0 filtered out; finished in 0.00s
2026-10-06T23:18:56.6895030Z 
2026-10-06T23:18:56.7173780Z [1m[92m    Finished[0m `test` profile [unoptimized + debuginfo] target(s) in 0.04s
2026-10-06T23:18:56.7192390Z [1m[92m   Doc-tests[0m nagi_runtime
2026-10-06T23:18:56.8247100Z 
2026-10-06T23:18:56.8247890Z running 9 tests
2026-10-06T23:18:56.8763980Z test runtime/src/auth.rs - auth::Principal (line 13) - compile fail ... ok
2026-10-06T23:18:56.8920460Z test runtime/src/auth.rs - auth::Grant (line 53) - compile fail ... ok
2026-10-06T23:18:56.9371320Z test runtime/src/auth.rs - auth::Principal (line 20) - compile fail ... ok
2026-10-06T23:18:56.9597670Z test runtime/src/auth.rs - auth::Principal (line 16) - compile fail ... ok
2026-10-06T23:18:56.9598270Z test runtime/src/auth.rs - auth::Grant (line 48) - compile fail ... ok
2026-10-06T23:18:56.9901350Z test runtime/src/task.rs - task::Task (line 83) - compile fail ... ok
2026-10-06T23:18:57.0097230Z test runtime/src/task.rs - task::Task (line 94) - compile fail ... ok
2026-10-06T23:18:57.0100760Z test runtime/src/task.rs - task::Task (line 87) - compile fail ... ok
2026-10-06T23:18:57.0419680Z test runtime/src/task.rs - task::TaskFailure (line 59) - compile fail ... ok
2026-10-06T23:18:57.0420050Z 
2026-10-06T23:18:57.0420460Z test result: ok. 9 passed; 0 failed; 0 ignored; 0 measured; 0 filtered out; finished in 0.22s
2026-10-06T23:18:57.0421960Z 
2026-10-06T23:18:57.0531040Z ##[group]Run cargo run --locked -p nagic --example task-contract-red -- --report "$RUNNER_TEMP/task-contracts.json"
2026-10-06T23:18:57.0532110Z [36;1mcargo run --locked -p nagic --example task-contract-red -- --report "$RUNNER_TEMP/task-contracts.json"[0m
2026-10-06T23:18:57.0568850Z shell: /bin/bash --noprofile --norc -e -o pipefail {0}
2026-10-06T23:18:57.0569100Z env:
2026-10-06T23:18:57.0569330Z   NAGI_FAILURE_DIR: /Users/runner/work/Nagi/Nagi/build/compiler-failures
2026-10-06T23:18:57.0569630Z   CARGO_HOME: /Users/runner/.cargo
2026-10-06T23:18:57.0569830Z   CARGO_INCREMENTAL: 0
2026-10-06T23:18:57.0570000Z   CARGO_TERM_COLOR: always
2026-10-06T23:18:57.0570250Z   pythonLocation: /Users/runner/hostedtoolcache/Python/3.12.10/arm64
2026-10-06T23:18:57.0570660Z   PKG_CONFIG_PATH: /Users/runner/hostedtoolcache/Python/3.12.10/arm64/lib/pkgconfig
2026-10-06T23:18:57.0571040Z   Python_ROOT_DIR: /Users/runner/hostedtoolcache/Python/3.12.10/arm64
2026-10-06T23:18:57.0571430Z   Python2_ROOT_DIR: /Users/runner/hostedtoolcache/Python/3.12.10/arm64
2026-10-06T23:18:57.0571780Z   Python3_ROOT_DIR: /Users/runner/hostedtoolcache/Python/3.12.10/arm64
2026-10-06T23:18:57.0572040Z ##[endgroup]
2026-10-06T23:18:57.1388270Z [1m[92m   Compiling[0m nagic v0.1.10 (/Users/runner/work/Nagi/Nagi/compiler)
2026-10-06T23:18:57.5095930Z [1m[92m    Finished[0m `dev` profile [unoptimized + debuginfo] target(s) in 0.40s
2026-10-06T23:18:57.5115060Z [1m[92m     Running[0m `target/debug/examples/task-contract-red --report /Users/runner/work/_temp/task-contracts.json`
2026-10-06T23:18:57.8664090Z Task contracts: 110/110 matched; report: /Users/runner/work/_temp/task-contracts.json
2026-10-06T23:18:57.8717240Z ##[group]Run python scripts/verify_library_examples.py --only task-results
2026-10-06T23:18:57.8717680Z [36;1mpython scripts/verify_library_examples.py --only task-results[0m
2026-10-06T23:18:57.8749590Z shell: /bin/bash -e {0}
2026-10-06T23:18:57.8749760Z env:
2026-10-06T23:18:57.8750100Z   NAGI_FAILURE_DIR: /Users/runner/work/Nagi/Nagi/build/compiler-failures
2026-10-06T23:18:57.8750460Z   CARGO_HOME: /Users/runner/.cargo
2026-10-06T23:18:57.8750660Z   CARGO_INCREMENTAL: 0
2026-10-06T23:18:57.8750950Z   CARGO_TERM_COLOR: always
2026-10-06T23:18:57.8751240Z   pythonLocation: /Users/runner/hostedtoolcache/Python/3.12.10/arm64
2026-10-06T23:18:57.8751700Z   PKG_CONFIG_PATH: /Users/runner/hostedtoolcache/Python/3.12.10/arm64/lib/pkgconfig
2026-10-06T23:18:57.8752140Z   Python_ROOT_DIR: /Users/runner/hostedtoolcache/Python/3.12.10/arm64
2026-10-06T23:18:57.8752520Z   Python2_ROOT_DIR: /Users/runner/hostedtoolcache/Python/3.12.10/arm64
2026-10-06T23:18:57.8752980Z   Python3_ROOT_DIR: /Users/runner/hostedtoolcache/Python/3.12.10/arm64
2026-10-06T23:18:57.8753250Z ##[endgroup]
2026-10-06T23:18:59.9113740Z Passed: task-results (high)
2026-10-06T23:19:01.4856750Z Passed: task-results (saved-low)
2026-10-06T23:19:03.0830170Z Passed: task-results (handwritten-low)
2026-10-06T23:19:03.0873030Z {"forms": 3, "status": "passed"}
2026-10-06T23:19:03.0976620Z ##[group]Run python scripts/verify_library_examples.py --only supervised-service
2026-10-06T23:19:03.0977260Z [36;1mpython scripts/verify_library_examples.py --only supervised-service[0m
2026-10-06T23:19:03.1008100Z shell: /bin/bash -e {0}
2026-10-06T23:19:03.1008340Z env:
2026-10-06T23:19:03.1008570Z   NAGI_FAILURE_DIR: /Users/runner/work/Nagi/Nagi/build/compiler-failures
2026-10-06T23:19:03.1008940Z   CARGO_HOME: /Users/runner/.cargo
2026-10-06T23:19:03.1009190Z   CARGO_INCREMENTAL: 0
2026-10-06T23:19:03.1009450Z   CARGO_TERM_COLOR: always
2026-10-06T23:19:03.1009770Z   pythonLocation: /Users/runner/hostedtoolcache/Python/3.12.10/arm64
2026-10-06T23:19:03.1010190Z   PKG_CONFIG_PATH: /Users/runner/hostedtoolcache/Python/3.12.10/arm64/lib/pkgconfig
2026-10-06T23:19:03.1010630Z   Python_ROOT_DIR: /Users/runner/hostedtoolcache/Python/3.12.10/arm64
2026-10-06T23:19:03.1011070Z   Python2_ROOT_DIR: /Users/runner/hostedtoolcache/Python/3.12.10/arm64
2026-10-06T23:19:03.1011530Z   Python3_ROOT_DIR: /Users/runner/hostedtoolcache/Python/3.12.10/arm64
2026-10-06T23:19:03.1011940Z ##[endgroup]
2026-10-06T23:19:08.7552460Z Passed: supervised-service (high)
2026-10-06T23:19:13.9687060Z Passed: supervised-service (saved-low)
2026-10-06T23:19:20.1911950Z Passed: supervised-service (handwritten-low)
2026-10-06T23:19:20.2376790Z {"forms": 3, "status": "passed"}
2026-10-06T23:19:20.2602750Z ##[group]Run python -m unittest discover -s scripts -p 'test_native_artifacts.py'
2026-10-06T23:19:20.2604520Z [36;1mpython -m unittest discover -s scripts -p 'test_native_artifacts.py'[0m
2026-10-06T23:19:20.2660410Z shell: /bin/bash -e {0}
2026-10-06T23:19:20.2660630Z env:
2026-10-06T23:19:20.2660880Z   NAGI_FAILURE_DIR: /Users/runner/work/Nagi/Nagi/build/compiler-failures
2026-10-06T23:19:20.2661350Z   CARGO_HOME: /Users/runner/.cargo
2026-10-06T23:19:20.2661710Z   CARGO_INCREMENTAL: 0
2026-10-06T23:19:20.2661950Z   CARGO_TERM_COLOR: always
2026-10-06T23:19:20.2662290Z   pythonLocation: /Users/runner/hostedtoolcache/Python/3.12.10/arm64
2026-10-06T23:19:20.2662760Z   PKG_CONFIG_PATH: /Users/runner/hostedtoolcache/Python/3.12.10/arm64/lib/pkgconfig
2026-10-06T23:19:20.2663610Z   Python_ROOT_DIR: /Users/runner/hostedtoolcache/Python/3.12.10/arm64
2026-10-06T23:19:20.2664070Z   Python2_ROOT_DIR: /Users/runner/hostedtoolcache/Python/3.12.10/arm64
2026-10-06T23:19:20.2664750Z   Python3_ROOT_DIR: /Users/runner/hostedtoolcache/Python/3.12.10/arm64
2026-10-06T23:19:20.2665180Z ##[endgroup]
2026-10-06T23:19:20.4418340Z .........
2026-10-06T23:19:20.4419070Z ----------------------------------------------------------------------
2026-10-06T23:19:20.4419620Z Ran 9 tests in 0.018s
2026-10-06T23:19:20.4419850Z 
2026-10-06T23:19:20.4420060Z OK
2026-10-06T23:19:20.4571320Z ##[group]Run python -m unittest discover -s scripts -p 'test_application_native_tests.py'
2026-10-06T23:19:20.4571950Z [36;1mpython -m unittest discover -s scripts -p 'test_application_native_tests.py'[0m
2026-10-06T23:19:20.4603500Z shell: /bin/bash -e {0}
2026-10-06T23:19:20.4603730Z env:
2026-10-06T23:19:20.4604100Z   NAGI_FAILURE_DIR: /Users/runner/work/Nagi/Nagi/build/compiler-failures
2026-10-06T23:19:20.4604510Z   CARGO_HOME: /Users/runner/.cargo
2026-10-06T23:19:20.4604780Z   CARGO_INCREMENTAL: 0
2026-10-06T23:19:20.4604990Z   CARGO_TERM_COLOR: always
2026-10-06T23:19:20.4605300Z   pythonLocation: /Users/runner/hostedtoolcache/Python/3.12.10/arm64
2026-10-06T23:19:20.4605770Z   PKG_CONFIG_PATH: /Users/runner/hostedtoolcache/Python/3.12.10/arm64/lib/pkgconfig
2026-10-06T23:19:20.4606210Z   Python_ROOT_DIR: /Users/runner/hostedtoolcache/Python/3.12.10/arm64
2026-10-06T23:19:20.4606600Z   Python2_ROOT_DIR: /Users/runner/hostedtoolcache/Python/3.12.10/arm64
2026-10-06T23:19:20.4607160Z   Python3_ROOT_DIR: /Users/runner/hostedtoolcache/Python/3.12.10/arm64
2026-10-06T23:19:20.4607580Z ##[endgroup]
2026-10-06T23:19:20.6011950Z .....
2026-10-06T23:19:20.6013050Z ----------------------------------------------------------------------
2026-10-06T23:19:20.6013760Z Ran 5 tests in 0.008s
2026-10-06T23:19:20.6014070Z 
2026-10-06T23:19:20.6014300Z OK
2026-10-06T23:19:20.6131840Z ##[group]Run cargo test --locked -p nagi-runtime oversized_body_ -- --test-threads=1
2026-10-06T23:19:20.6132480Z [36;1mcargo test --locked -p nagi-runtime oversized_body_ -- --test-threads=1[0m
2026-10-06T23:19:20.6163730Z shell: /bin/bash -e {0}
2026-10-06T23:19:20.6164030Z env:
2026-10-06T23:19:20.6164320Z   NAGI_FAILURE_DIR: /Users/runner/work/Nagi/Nagi/build/compiler-failures
2026-10-06T23:19:20.6164740Z   CARGO_HOME: /Users/runner/.cargo
2026-10-06T23:19:20.6165050Z   CARGO_INCREMENTAL: 0
2026-10-06T23:19:20.6165300Z   CARGO_TERM_COLOR: always
2026-10-06T23:19:20.6165730Z   pythonLocation: /Users/runner/hostedtoolcache/Python/3.12.10/arm64
2026-10-06T23:19:20.6166340Z   PKG_CONFIG_PATH: /Users/runner/hostedtoolcache/Python/3.12.10/arm64/lib/pkgconfig
2026-10-06T23:19:20.6166790Z   Python_ROOT_DIR: /Users/runner/hostedtoolcache/Python/3.12.10/arm64
2026-10-06T23:19:20.6167170Z   Python2_ROOT_DIR: /Users/runner/hostedtoolcache/Python/3.12.10/arm64
2026-10-06T23:19:20.6168250Z   Python3_ROOT_DIR: /Users/runner/hostedtoolcache/Python/3.12.10/arm64
2026-10-06T23:19:20.6168540Z ##[endgroup]
2026-10-06T23:19:20.7838470Z [1m[92m    Finished[0m `test` profile [unoptimized + debuginfo] target(s) in 0.11s
2026-10-06T23:19:20.7861470Z [1m[92m     Running[0m unittests src/lib.rs (target/debug/deps/nagi_runtime-3998aafd24442072)
2026-10-06T23:19:20.8066750Z 
2026-10-06T23:19:20.8067050Z running 5 tests
2026-10-06T23:19:21.0665520Z test http_server::tests::oversized_body_boundary_accepts_4096_and_incomplete_upload_keeps_body_deadline ... ok
2026-10-06T23:19:21.0767590Z [1m[92m     Running[0m tests/task_handles.rs (target/debug/deps/task_handles-e66fc8ce90e0637e)
2026-10-06T23:19:21.0769140Z test http_server::tests::oversized_body_chunked_delivers_413_with_or_without_final_chunk ... ok
2026-10-06T23:19:21.0873210Z test http_server::tests::oversized_body_content_length_delivers_413_without_calling_handler ... ok
2026-10-06T23:19:21.0904030Z test http_server::tests::oversized_body_declared_length_rejects_headers_and_incomplete_upload_promptly ... ok
2026-10-06T23:19:21.0915830Z test http_server::tests::oversized_body_rejects_keep_alive_upload_and_never_dispatches_pipeline ... ok
2026-10-06T23:19:21.0918020Z 
2026-10-06T23:19:21.0919270Z test result: ok. 5 passed; 0 failed; 0 ignored; 0 measured; 203 filtered out; finished in 0.26s
2026-10-06T23:19:21.0920280Z 
2026-10-06T23:19:21.0920590Z 
2026-10-06T23:19:21.0920970Z running 0 tests
2026-10-06T23:19:21.0921440Z 
2026-10-06T23:19:21.0922610Z test result: ok. 0 passed; 0 failed; 0 ignored; 0 measured; 3 filtered out; finished in 0.00s
2026-10-06T23:19:21.0923240Z 
2026-10-06T23:19:21.0955550Z ##[group]Run cargo test --locked -p nagi-runtime panic_ -- --test-threads=1
2026-10-06T23:19:21.0956140Z [36;1mcargo test --locked -p nagi-runtime panic_ -- --test-threads=1[0m
2026-10-06T23:19:21.0991620Z shell: /bin/bash -e {0}
2026-10-06T23:19:21.0991860Z env:
2026-10-06T23:19:21.0992180Z   NAGI_FAILURE_DIR: /Users/runner/work/Nagi/Nagi/build/compiler-failures
2026-10-06T23:19:21.0992600Z   CARGO_HOME: /Users/runner/.cargo
2026-10-06T23:19:21.0992870Z   CARGO_INCREMENTAL: 0
2026-10-06T23:19:21.0993050Z   CARGO_TERM_COLOR: always
2026-10-06T23:19:21.0993350Z   pythonLocation: /Users/runner/hostedtoolcache/Python/3.12.10/arm64
2026-10-06T23:19:21.0993820Z   PKG_CONFIG_PATH: /Users/runner/hostedtoolcache/Python/3.12.10/arm64/lib/pkgconfig
2026-10-06T23:19:21.0994320Z   Python_ROOT_DIR: /Users/runner/hostedtoolcache/Python/3.12.10/arm64
2026-10-06T23:19:21.0994760Z   Python2_ROOT_DIR: /Users/runner/hostedtoolcache/Python/3.12.10/arm64
2026-10-06T23:19:21.0995170Z   Python3_ROOT_DIR: /Users/runner/hostedtoolcache/Python/3.12.10/arm64
2026-10-06T23:19:21.0995460Z ##[endgroup]
2026-10-06T23:19:21.1906170Z [1m[92m    Finished[0m `test` profile [unoptimized + debuginfo] target(s) in 0.04s
2026-10-06T23:19:21.1927100Z [1m[92m     Running[0m unittests src/lib.rs (target/debug/deps/nagi_runtime-3998aafd24442072)
2026-10-06T23:19:21.1960550Z 
2026-10-06T23:19:21.1960990Z running 18 tests
2026-10-06T23:19:21.2657820Z test actor::lifecycle_adversarial_tests::a_blocking_panic_payload_destructor_remains_a_retained_child_obligation ... ok
2026-10-06T23:19:21.2660640Z test actor::lifecycle_adversarial_tests::a_factory_constructor_panic_does_not_lose_the_context_cleanup_obligation ... ok
2026-10-06T23:19:21.3273120Z test actor::lifecycle_adversarial_tests::a_finite_follow_on_panic_payload_retains_the_guard_and_context_until_drop_finishes ... ok
2026-10-06T23:19:21.3277870Z test actor::lifecycle_adversarial_tests::a_panic_payload_destructor_can_observe_and_stop_its_group_without_a_lock_cycle ... ok
2026-10-06T23:19:21.3280770Z test actor::lifecycle_adversarial_tests::context_owned_by_a_child_panic_payload_is_cleaned_before_final_context_cleanup ... ok
2026-10-06T23:19:21.3313990Z test concurrent::tests::panic_isolated ... ok
2026-10-06T23:19:21.3461170Z test http::panic_tests::handler_extractor_and_response_panics_return_sanitized_500_for_get_and_head ... ok
2026-10-06T23:19:21.4864770Z test http_server::tests::handler_panic_after_deadline_returns_500_and_releases_admission ... ok
2026-10-06T23:19:21.4907180Z test http_server::tests::panic_tests::http_error_mapper_panic_returns_500 ... ok
2026-10-06T23:19:21.4909240Z test http_server::tests::panic_tests::http_handler_constructor_panic_returns_500 ... ok
2026-10-06T23:19:21.4911350Z test http_server::tests::panic_tests::http_handler_division_by_zero_returns_500_and_server_keeps_serving ... ok
2026-10-06T23:19:21.4912280Z test http_server::tests::panic_tests::http_handler_out_of_bounds_returns_500_and_server_keeps_serving ... ok
2026-10-06T23:19:21.4913190Z test http_server::tests::panic_tests::http_handler_panic_after_await_returns_500_without_exposing_payload ... ok
2026-10-06T23:19:21.4914000Z test http_server::tests::panic_tests::http_handler_panic_head_response_has_no_body ... ok
2026-10-06T23:19:21.4969210Z test sqlite_prototype::adapter_tests::callback_panic_retires_pool_and_join_does_not_hide_native_close_failure ... ok
2026-10-06T23:19:21.4984780Z test sqlite_prototype::tests::management_panic_restores_raii_flag_before_observed_rollback_and_retirement ... ok
2026-10-06T23:19:21.4985780Z test sqlite_prototype::tests::user_callback_panic_restores_management_state_and_retires_worker ... ok
2026-10-06T23:19:21.5016120Z test task::tests::requested_cancel_preserves_panic_and_unrequested_cancel_is_fault ... ok
2026-10-06T23:19:21.5017060Z 
2026-10-06T23:19:21.5017690Z test result: ok. 18 passed; 0 failed; 0 ignored; 0 measured; 190 filtered out; finished in 0.31s
2026-10-06T23:19:21.5018040Z 
2026-10-06T23:19:21.5022920Z [1m[92m     Running[0m tests/task_handles.rs (target/debug/deps/task_handles-e66fc8ce90e0637e)
2026-10-06T23:19:21.5050410Z 
2026-10-06T23:19:21.5050790Z running 0 tests
2026-10-06T23:19:21.5050990Z 
2026-10-06T23:19:21.5051390Z test result: ok. 0 passed; 0 failed; 0 ignored; 0 measured; 3 filtered out; finished in 0.00s
2026-10-06T23:19:21.5051760Z 
2026-10-06T23:19:21.5090060Z ##[group]Run cargo test --locked -p nagi-runtime handler_timeout_ -- --test-threads=1
2026-10-06T23:19:21.5090680Z [36;1mcargo test --locked -p nagi-runtime handler_timeout_ -- --test-threads=1[0m
2026-10-06T23:19:21.5129810Z shell: /bin/bash -e {0}
2026-10-06T23:19:21.5130010Z env:
2026-10-06T23:19:21.5130280Z   NAGI_FAILURE_DIR: /Users/runner/work/Nagi/Nagi/build/compiler-failures
2026-10-06T23:19:21.5130600Z   CARGO_HOME: /Users/runner/.cargo
2026-10-06T23:19:21.5130820Z   CARGO_INCREMENTAL: 0
2026-10-06T23:19:21.5131000Z   CARGO_TERM_COLOR: always
2026-10-06T23:19:21.5131270Z   pythonLocation: /Users/runner/hostedtoolcache/Python/3.12.10/arm64
2026-10-06T23:19:21.5131690Z   PKG_CONFIG_PATH: /Users/runner/hostedtoolcache/Python/3.12.10/arm64/lib/pkgconfig
2026-10-06T23:19:21.5132120Z   Python_ROOT_DIR: /Users/runner/hostedtoolcache/Python/3.12.10/arm64
2026-10-06T23:19:21.5132480Z   Python2_ROOT_DIR: /Users/runner/hostedtoolcache/Python/3.12.10/arm64
2026-10-06T23:19:21.5132910Z   Python3_ROOT_DIR: /Users/runner/hostedtoolcache/Python/3.12.10/arm64
2026-10-06T23:19:21.5133220Z ##[endgroup]
2026-10-06T23:19:21.6027590Z [1m[92m    Finished[0m `test` profile [unoptimized + debuginfo] target(s) in 0.04s
2026-10-06T23:19:21.6051590Z [1m[92m     Running[0m unittests src/lib.rs (target/debug/deps/nagi_runtime-3998aafd24442072)
2026-10-06T23:19:21.6083640Z 
2026-10-06T23:19:21.6084130Z running 2 tests
2026-10-06T23:19:21.7156810Z test http_server::tests::handler_timeout_cancels_future_and_releases_request_capacity ... ok
2026-10-06T23:19:21.8369300Z [1m[92m     Running[0m tests/task_handles.rs (target/debug/deps/task_handles-e66fc8ce90e0637e)
2026-10-06T23:19:21.8370100Z test http_server::tests::handler_timeout_rejects_a_ready_response_after_blocking_poll ... ok
2026-10-06T23:19:21.8401540Z 
2026-10-06T23:19:21.8502700Z test result: ok. 2 passed; 0 failed; 0 ignored; 0 measured; 206 filtered out; finished in 0.22s
2026-10-06T23:19:21.8603500Z 
2026-10-06T23:19:21.8704060Z 
2026-10-06T23:19:21.8805120Z running 0 tests
2026-10-06T23:19:21.8908360Z 
2026-10-06T23:19:21.9009560Z test result: ok. 0 passed; 0 failed; 0 ignored; 0 measured; 3 filtered out; finished in 0.00s
2026-10-06T23:19:21.9110550Z 
2026-10-06T23:19:21.9282470Z ##[group]Run python scripts/releases/package.py --binary "target/release/$RELEASE_EXECUTABLE" --version "$RELEASE_VERSION" --platform "$RELEASE_PLATFORM"
2026-10-06T23:19:21.9283390Z [36;1mpython scripts/releases/package.py --binary "target/release/$RELEASE_EXECUTABLE" --version "$RELEASE_VERSION" --platform "$RELEASE_PLATFORM"[0m
2026-10-06T23:19:21.9321500Z shell: /bin/bash --noprofile --norc -e -o pipefail {0}
2026-10-06T23:19:21.9321810Z env:
2026-10-06T23:19:21.9322070Z   NAGI_FAILURE_DIR: /Users/runner/work/Nagi/Nagi/build/compiler-failures
2026-10-06T23:19:21.9322420Z   CARGO_HOME: /Users/runner/.cargo
2026-10-06T23:19:21.9322620Z   CARGO_INCREMENTAL: 0
2026-10-06T23:19:21.9322850Z   CARGO_TERM_COLOR: always
2026-10-06T23:19:21.9323160Z   pythonLocation: /Users/runner/hostedtoolcache/Python/3.12.10/arm64
2026-10-06T23:19:21.9323640Z   PKG_CONFIG_PATH: /Users/runner/hostedtoolcache/Python/3.12.10/arm64/lib/pkgconfig
2026-10-06T23:19:21.9324120Z   Python_ROOT_DIR: /Users/runner/hostedtoolcache/Python/3.12.10/arm64
2026-10-06T23:19:21.9324490Z   Python2_ROOT_DIR: /Users/runner/hostedtoolcache/Python/3.12.10/arm64
2026-10-06T23:19:21.9324850Z   Python3_ROOT_DIR: /Users/runner/hostedtoolcache/Python/3.12.10/arm64
2026-10-06T23:19:21.9325150Z   RELEASE_VERSION: 0.1.10
2026-10-06T23:19:21.9325340Z   RELEASE_PLATFORM: macos-arm64
2026-10-06T23:19:21.9325610Z   RELEASE_EXECUTABLE: nagic
2026-10-06T23:19:21.9325780Z ##[endgroup]
2026-10-06T23:19:22.4301330Z /Users/runner/work/Nagi/Nagi/build/distribution/nagi-0.1.10-macos-arm64.tar.gz
2026-10-06T23:19:22.4376210Z ##[group]Run python - <<'PY'
2026-10-06T23:19:22.4376490Z [36;1mpython - <<'PY'[0m
2026-10-06T23:19:22.4376660Z [36;1mimport os, sys[0m
2026-10-06T23:19:22.4376860Z [36;1mfrom pathlib import Path[0m
2026-10-06T23:19:22.4377110Z [36;1msys.path.insert(0, 'scripts/releases')[0m
2026-10-06T23:19:22.4377420Z [36;1mfrom verify import verify[0m
2026-10-06T23:19:22.4377740Z [36;1mversion, platform = os.environ['RELEASE_VERSION'], os.environ['RELEASE_PLATFORM'][0m
2026-10-06T23:19:22.4378140Z [36;1msuffix = '.zip' if os.name == 'nt' else '.tar.gz'[0m
2026-10-06T23:19:22.4378610Z [36;1mverify(Path('build/distribution') / f'nagi-{version}-{platform}{suffix}', version, platform, Path('native-target'))[0m
2026-10-06T23:19:22.4379010Z [36;1mPY[0m
2026-10-06T23:19:22.4408850Z shell: /bin/bash --noprofile --norc -e -o pipefail {0}
2026-10-06T23:19:22.4409110Z env:
2026-10-06T23:19:22.4409340Z   NAGI_FAILURE_DIR: /Users/runner/work/Nagi/Nagi/build/compiler-failures
2026-10-06T23:19:22.4409780Z   CARGO_HOME: /Users/runner/.cargo
2026-10-06T23:19:22.4410040Z   CARGO_INCREMENTAL: 0
2026-10-06T23:19:22.4410220Z   CARGO_TERM_COLOR: always
2026-10-06T23:19:22.4410500Z   pythonLocation: /Users/runner/hostedtoolcache/Python/3.12.10/arm64
2026-10-06T23:19:22.4410920Z   PKG_CONFIG_PATH: /Users/runner/hostedtoolcache/Python/3.12.10/arm64/lib/pkgconfig
2026-10-06T23:19:22.4411400Z   Python_ROOT_DIR: /Users/runner/hostedtoolcache/Python/3.12.10/arm64
2026-10-06T23:19:22.4411760Z   Python2_ROOT_DIR: /Users/runner/hostedtoolcache/Python/3.12.10/arm64
2026-10-06T23:19:22.4412120Z   Python3_ROOT_DIR: /Users/runner/hostedtoolcache/Python/3.12.10/arm64
2026-10-06T23:19:22.4421690Z   RELEASE_VERSION: 0.1.10
2026-10-06T23:19:22.4421900Z   RELEASE_PLATFORM: macos-arm64
2026-10-06T23:19:22.4422090Z   RELEASE_EXECUTABLE: nagic
2026-10-06T23:19:22.4422310Z ##[endgroup]
2026-10-06T23:19:37.8547470Z Verified SQL engine: extracted compiler, offline schema, bad columns/binds, Nagi locations, no Cargo/runtime
2026-10-06T23:19:37.8552620Z Verified 0.1.10 macos-arm64: PATH, external projects, version, help, function aliases, shared/borrowed JSON, early Nagi diagnostics
2026-10-06T23:19:37.8554750Z Verified local Rust dependency: manifest-relative path, package alias, features, default-features, separate cwd/output
2026-10-06T23:19:37.8558780Z Verified standard actor library: extracted runtime, typed context, task, tracked cleanup
2026-10-06T23:19:37.8559720Z Verified Task handles: extracted compiler/runtime, High/saved Low/handwritten Low, receive/discard, nested business Err, early ownership diagnostics
2026-10-06T23:19:37.8649260Z ##[group]Run python tests/route_integration.py
2026-10-06T23:19:37.8650100Z [36;1mpython tests/route_integration.py[0m
2026-10-06T23:19:37.8701060Z shell: /bin/bash -e {0}
2026-10-06T23:19:37.8701300Z env:
2026-10-06T23:19:37.8701640Z   NAGI_FAILURE_DIR: /Users/runner/work/Nagi/Nagi/build/compiler-failures
2026-10-06T23:19:37.8702000Z   CARGO_HOME: /Users/runner/.cargo
2026-10-06T23:19:37.8702230Z   CARGO_INCREMENTAL: 0
2026-10-06T23:19:37.8702420Z   CARGO_TERM_COLOR: always
2026-10-06T23:19:37.8702700Z   pythonLocation: /Users/runner/hostedtoolcache/Python/3.12.10/arm64
2026-10-06T23:19:37.8703140Z   PKG_CONFIG_PATH: /Users/runner/hostedtoolcache/Python/3.12.10/arm64/lib/pkgconfig
2026-10-06T23:19:37.8704010Z   Python_ROOT_DIR: /Users/runner/hostedtoolcache/Python/3.12.10/arm64
2026-10-06T23:19:37.8704740Z   Python2_ROOT_DIR: /Users/runner/hostedtoolcache/Python/3.12.10/arm64
2026-10-06T23:19:37.8705640Z   Python3_ROOT_DIR: /Users/runner/hostedtoolcache/Python/3.12.10/arm64
2026-10-06T23:19:37.8705980Z ##[endgroup]
2026-10-06T23:19:44.2166080Z HTTP route parameters: 7 passed
2026-10-06T23:19:44.2356630Z ##[group]Run python tests/http_stdlib_integration.py
2026-10-06T23:19:44.2357030Z [36;1mpython tests/http_stdlib_integration.py[0m
2026-10-06T23:19:44.2393850Z shell: /bin/bash -e {0}
2026-10-06T23:19:44.2394080Z env:
2026-10-06T23:19:44.2394340Z   NAGI_FAILURE_DIR: /Users/runner/work/Nagi/Nagi/build/compiler-failures
2026-10-06T23:19:44.2394690Z   CARGO_HOME: /Users/runner/.cargo
2026-10-06T23:19:44.2394910Z   CARGO_INCREMENTAL: 0
2026-10-06T23:19:44.2395090Z   CARGO_TERM_COLOR: always
2026-10-06T23:19:44.2395390Z   pythonLocation: /Users/runner/hostedtoolcache/Python/3.12.10/arm64
2026-10-06T23:19:44.2395890Z   PKG_CONFIG_PATH: /Users/runner/hostedtoolcache/Python/3.12.10/arm64/lib/pkgconfig
2026-10-06T23:19:44.2396330Z   Python_ROOT_DIR: /Users/runner/hostedtoolcache/Python/3.12.10/arm64
2026-10-06T23:19:44.2396730Z   Python2_ROOT_DIR: /Users/runner/hostedtoolcache/Python/3.12.10/arm64
2026-10-06T23:19:44.2397270Z   Python3_ROOT_DIR: /Users/runner/hostedtoolcache/Python/3.12.10/arm64
2026-10-06T23:19:44.2397630Z ##[endgroup]
2026-10-06T23:20:01.1150850Z Standard HTTP Nagi integration: 72 passed (High and independent Low)
2026-10-06T23:20:01.1554290Z ##[group]Run cargo test --locked -p nagic --test scoped_tasks
2026-10-06T23:20:01.1554850Z [36;1mcargo test --locked -p nagic --test scoped_tasks[0m
2026-10-06T23:20:01.1620860Z shell: /bin/bash -e {0}
2026-10-06T23:20:01.1621280Z env:
2026-10-06T23:20:01.1621670Z   NAGI_FAILURE_DIR: /Users/runner/work/Nagi/Nagi/build/compiler-failures
2026-10-06T23:20:01.1622130Z   CARGO_HOME: /Users/runner/.cargo
2026-10-06T23:20:01.1622740Z   CARGO_INCREMENTAL: 0
2026-10-06T23:20:01.1622990Z   CARGO_TERM_COLOR: always
2026-10-06T23:20:01.1623930Z   pythonLocation: /Users/runner/hostedtoolcache/Python/3.12.10/arm64
2026-10-06T23:20:01.1625650Z   PKG_CONFIG_PATH: /Users/runner/hostedtoolcache/Python/3.12.10/arm64/lib/pkgconfig
2026-10-06T23:20:01.1626960Z   Python_ROOT_DIR: /Users/runner/hostedtoolcache/Python/3.12.10/arm64
2026-10-06T23:20:01.1628400Z   Python2_ROOT_DIR: /Users/runner/hostedtoolcache/Python/3.12.10/arm64
2026-10-06T23:20:01.1629300Z   Python3_ROOT_DIR: /Users/runner/hostedtoolcache/Python/3.12.10/arm64
2026-10-06T23:20:01.1629770Z ##[endgroup]
2026-10-06T23:20:01.4367950Z [1m[92m   Compiling[0m nagic v0.1.10 (/Users/runner/work/Nagi/Nagi/compiler)
2026-10-06T23:20:02.3159610Z [1m[92m    Finished[0m `test` profile [unoptimized + debuginfo] target(s) in 1.00s
2026-10-06T23:20:02.3229830Z [1m[92m     Running[0m tests/scoped_tasks.rs (target/debug/deps/scoped_tasks-906a7401c192b8b6)
2026-10-06T23:20:02.3278360Z 
2026-10-06T23:20:02.3379060Z running 5 tests
2026-10-06T23:20:02.3384830Z test moving_an_owned_argument_still_consumes_it_before_later_parent_work ... ok
2026-10-06T23:20:02.3444690Z test scope_rejects_known_foreign_error_types_and_preserves_local_error_adapters ... ok
2026-10-06T23:20:02.3456850Z test futures_that_still_hold_views_are_rejected_after_copying_containers ... ok
2026-10-06T23:20:02.3516470Z test copied_views_and_values_computed_from_views_can_enter_tasks ... ok
2026-10-06T23:20:02.6125210Z test spawn_evaluates_owned_arguments_before_parent_continues_and_keeps_sources ... ok
2026-10-06T23:20:02.6147920Z 
2026-10-06T23:20:02.6160960Z test result: ok. 5 passed; 0 failed; 0 ignored; 0 measured; 0 filtered out; finished in 0.29s
2026-10-06T23:20:02.6162200Z 
2026-10-06T23:20:02.6234990Z ##[group]Run cargo test --locked -p nagi-runtime actor::
2026-10-06T23:20:02.6235450Z [36;1mcargo test --locked -p nagi-runtime actor::[0m
2026-10-06T23:20:02.6235970Z [36;1mcargo test --locked -p nagi-runtime supervisor_drop[0m
2026-10-06T23:20:02.6284080Z shell: /bin/bash -e {0}
2026-10-06T23:20:02.6284470Z env:
2026-10-06T23:20:02.6284810Z   NAGI_FAILURE_DIR: /Users/runner/work/Nagi/Nagi/build/compiler-failures
2026-10-06T23:20:02.6285300Z   CARGO_HOME: /Users/runner/.cargo
2026-10-06T23:20:02.6285610Z   CARGO_INCREMENTAL: 0
2026-10-06T23:20:02.6285980Z   CARGO_TERM_COLOR: always
2026-10-06T23:20:02.6286410Z   pythonLocation: /Users/runner/hostedtoolcache/Python/3.12.10/arm64
2026-10-06T23:20:02.6286890Z   PKG_CONFIG_PATH: /Users/runner/hostedtoolcache/Python/3.12.10/arm64/lib/pkgconfig
2026-10-06T23:20:02.6287490Z   Python_ROOT_DIR: /Users/runner/hostedtoolcache/Python/3.12.10/arm64
2026-10-06T23:20:02.6288110Z   Python2_ROOT_DIR: /Users/runner/hostedtoolcache/Python/3.12.10/arm64
2026-10-06T23:20:02.6288560Z   Python3_ROOT_DIR: /Users/runner/hostedtoolcache/Python/3.12.10/arm64
2026-10-06T23:20:02.6289100Z ##[endgroup]
2026-10-06T23:20:02.9321110Z [1m[92m    Finished[0m `test` profile [unoptimized + debuginfo] target(s) in 0.23s
2026-10-06T23:20:02.9533890Z [1m[92m     Running[0m unittests src/lib.rs (target/debug/deps/nagi_runtime-3998aafd24442072)
2026-10-06T23:20:02.9535010Z 
2026-10-06T23:20:02.9643390Z running 44 tests
2026-10-06T23:20:02.9884290Z test actor::charge::tests::arithmetic_and_expired_deadlines_fail_before_acceptance ... ok
2026-10-06T23:20:02.9944280Z test actor::charge::tests::list_capacity_and_only_initialized_elements_contribute_heap ... ok
2026-10-06T23:20:02.9994250Z test actor::charge::tests::option_and_result_visit_only_the_active_payload ... ok
2026-10-06T23:20:03.0006960Z test actor::charge::tests::recursive_owned_graphs_obey_depth_limit_and_restore_walk_after_errors ... ok
2026-10-06T23:20:03.0008010Z test actor::charge::tests::retained_string_bytes_and_error_capacities_are_charged ... ok
2026-10-06T23:20:03.0008710Z test actor::charge::tests::root_inline_and_envelope_are_counted_once ... ok
2026-10-06T23:20:03.0009690Z test actor::charge::tests::inline_only_lists_skip_every_element_and_zero_sized_capacity_is_safe ... ok
2026-10-06T23:20:03.0010950Z test actor::charge::tests::work_budget_includes_root_and_initialized_non_inline_elements ... ok
2026-10-06T23:20:03.0012240Z test actor::lifecycle_adversarial_tests::a_factory_constructor_panic_does_not_lose_the_context_cleanup_obligation ... ok
2026-10-06T23:20:03.0199120Z test actor::lifecycle_adversarial_tests::a_blocking_panic_payload_destructor_remains_a_retained_child_obligation ... ok
2026-10-06T23:20:03.0204470Z test actor::lifecycle_adversarial_tests::a_blocking_native_poll_retains_its_child_record_until_it_returns ... ok
2026-10-06T23:20:03.0208400Z test actor::lifecycle_adversarial_tests::a_late_buffered_outer_failure_obeys_the_same_reply_deadline ... ok
2026-10-06T23:20:03.0227750Z test actor::lifecycle_adversarial_tests::a_panic_payload_destructor_can_observe_and_stop_its_group_without_a_lock_cycle ... ok
2026-10-06T23:20:03.0231040Z test actor::lifecycle_adversarial_tests::a_reply_completed_after_deadline_times_out_even_when_already_buffered ... ok
2026-10-06T23:20:03.0232920Z test actor::lifecycle_adversarial_tests::a_reply_completed_before_deadline_succeeds_when_the_caller_polls_after_deadline ... ok
2026-10-06T23:20:03.0261220Z test actor::lifecycle_adversarial_tests::a_finite_follow_on_panic_payload_retains_the_guard_and_context_until_drop_finishes ... ok
2026-10-06T23:20:03.0777230Z test actor::lifecycle_adversarial_tests::a_non_yielding_poll_cannot_be_reported_as_completed_cleanup ... ok
2026-10-06T23:20:03.0780550Z test actor::lifecycle_adversarial_tests::an_event_only_surviving_control_drains_cleanup_and_observes_stream_close ... ok
2026-10-06T23:20:03.0810610Z test actor::lifecycle_adversarial_tests::a_surviving_control_can_finish_cleanup_after_the_running_owner_is_dropped ... ok
2026-10-06T23:20:03.0822620Z test actor::lifecycle_adversarial_tests::abort_does_not_complete_before_the_child_future_destructor_finishes ... ok
2026-10-06T23:20:03.0825490Z test actor::lifecycle_adversarial_tests::context_owned_by_a_child_panic_payload_is_cleaned_before_final_context_cleanup ... ok
2026-10-06T23:20:03.1150300Z test actor::lifecycle_adversarial_tests::an_unrestarted_child_failure_is_retained_while_a_healthy_sibling_continues ... ok
2026-10-06T23:20:03.1728030Z test actor::lifecycle_adversarial_tests::canceled_observation_keeps_unfinished_joins_available_to_another_control ... ok
2026-10-06T23:20:03.1871960Z test actor::lifecycle_adversarial_tests::origin_runtime_cancellation_does_not_restart_a_permanent_child_on_a_surviving_runtime ... ok
2026-10-06T23:20:03.1980370Z test actor::lifecycle_adversarial_tests::final_context_destruction_is_a_retained_phase_before_completion ... ok
2026-10-06T23:20:03.2083100Z test actor::lifecycle_adversarial_tests::stop_during_factory_construction_cancels_every_later_inserted_child ... ok
2026-10-06T23:20:03.2186530Z test actor::lifecycle_adversarial_tests::user_destructors_do_not_run_under_the_ledger_or_stop_lock ... ok
2026-10-06T23:20:03.2189220Z test actor::lifecycle_adversarial_tests::panicking_factory_destruction_during_owner_drop_cannot_strand_context_cleanup ... ok
2026-10-06T23:20:03.2292840Z test actor::tests::a_smaller_immediate_call_cannot_bypass_a_waiting_byte_reservation ... ok
2026-10-06T23:20:03.2393300Z test actor::tests::an_expired_admission_deadline_rejects_even_immediately_ready_operations ... ok
2026-10-06T23:20:03.2404390Z test actor::tests::business_error_preserves_owned_state_and_restart_is_one_for_one ... ok
2026-10-06T23:20:03.2405630Z test actor::tests::canceled_event_wait_does_not_consume_a_concurrently_published_event ... ok
2026-10-06T23:20:03.2406590Z test actor::tests::caller_timeout_keeps_accepted_work_and_all_reservations_until_handler_finishes ... ok
2026-10-06T23:20:03.2407540Z test actor::tests::escaped_readiness_tokens_reject_old_generations_and_do_not_retain_the_group ... ok
2026-10-06T23:20:03.2408490Z test actor::tests::event_deadlines_include_lock_contention_and_preserve_the_cursor ... ok
2026-10-06T23:20:03.2409370Z test actor::tests::global_restart_intensity_counts_attempts_and_stops_a_pending_sibling ... ok
2026-10-06T23:20:03.2410850Z test actor::tests::lifecycle_events_are_ordered_bounded_and_keep_utf8_truncation_metadata ... ok
2026-10-06T23:20:03.2414010Z test actor::tests::normally_finished_task_tokens_are_invalid_while_the_supervisor_stays_running ... ok
2026-10-06T23:20:03.2414860Z test actor::tests::oversized_business_reply_keeps_next_state_and_retained_input_capacity_is_checked ... ok
2026-10-06T23:20:03.2415700Z test actor::tests::startup_deadline_and_zero_restart_budget_end_the_group_without_a_ready_actor ... ok
2026-10-06T23:20:03.2416480Z test actor::tests::stopped_tasks_cannot_publish_readiness_and_legacy_tasks_never_publish_it ... ok
2026-10-06T23:20:03.2417240Z test actor::tests::task_readiness_follows_initialization_once_without_changing_started ... ok
2026-10-06T23:20:03.3196800Z test actor::tests::native_factory_construction_is_included_in_the_startup_deadline ... ok
2026-10-06T23:20:03.4311600Z [1m[92m     Running[0m tests/task_handles.rs (target/debug/deps/task_handles-e66fc8ce90e0637e)
2026-10-06T23:20:03.4313040Z test actor::lifecycle_adversarial_tests::delayed_native_context_owners_then_actual_context_drop_precede_completion ... ok
2026-10-06T23:20:03.4413020Z 
2026-10-06T23:20:03.4517680Z test result: ok. 44 passed; 0 failed; 0 ignored; 0 measured; 164 filtered out; finished in 0.48s
2026-10-06T23:20:03.4622110Z 
2026-10-06T23:20:03.4723170Z 
2026-10-06T23:20:03.4824450Z running 0 tests
2026-10-06T23:20:03.4939250Z 
2026-10-06T23:20:03.5041810Z test result: ok. 0 passed; 0 failed; 0 ignored; 0 measured; 3 filtered out; finished in 0.00s
2026-10-06T23:20:03.5143600Z 
2026-10-06T23:20:03.5646650Z [1m[92m    Finished[0m `test` profile [unoptimized + debuginfo] target(s) in 0.07s
2026-10-06T23:20:03.5849030Z [1m[92m     Running[0m unittests src/lib.rs (target/debug/deps/nagi_runtime-3998aafd24442072)
2026-10-06T23:20:03.5949980Z [1m[92m     Running[0m tests/task_handles.rs (target/debug/deps/task_handles-e66fc8ce90e0637e)
2026-10-06T23:20:03.5950410Z 
2026-10-06T23:20:03.5968400Z running 2 tests
2026-10-06T23:20:03.6008060Z test concurrent::tests::supervisor_drop_while_waiting_for_worker_start ... ok
2026-10-06T23:20:03.6019050Z test concurrent::tests::supervisor_drop_after_worker_start ... ok
2026-10-06T23:20:03.6021390Z 
2026-10-06T23:20:03.6025450Z test result: ok. 2 passed; 0 failed; 0 ignored; 0 measured; 206 filtered out; finished in 0.00s
2026-10-06T23:20:03.6025830Z 
2026-10-06T23:20:03.6026000Z 
2026-10-06T23:20:03.6026120Z running 0 tests
2026-10-06T23:20:03.6026230Z 
2026-10-06T23:20:03.6026700Z test result: ok. 0 passed; 0 failed; 0 ignored; 0 measured; 3 filtered out; finished in 0.00s
2026-10-06T23:20:03.6027050Z 
2026-10-06T23:20:03.6081740Z ##[group]Run cargo test --locked -p nagi-runtime database::tests
2026-10-06T23:20:03.6082250Z [36;1mcargo test --locked -p nagi-runtime database::tests[0m
2026-10-06T23:20:03.6138720Z shell: /bin/bash -e {0}
2026-10-06T23:20:03.6138980Z env:
2026-10-06T23:20:03.6139250Z   NAGI_FAILURE_DIR: /Users/runner/work/Nagi/Nagi/build/compiler-failures
2026-10-06T23:20:03.6139600Z   CARGO_HOME: /Users/runner/.cargo
2026-10-06T23:20:03.6139800Z   CARGO_INCREMENTAL: 0
2026-10-06T23:20:03.6139970Z   CARGO_TERM_COLOR: always
2026-10-06T23:20:03.6140230Z   pythonLocation: /Users/runner/hostedtoolcache/Python/3.12.10/arm64
2026-10-06T23:20:03.6140670Z   PKG_CONFIG_PATH: /Users/runner/hostedtoolcache/Python/3.12.10/arm64/lib/pkgconfig
2026-10-06T23:20:03.6141120Z   Python_ROOT_DIR: /Users/runner/hostedtoolcache/Python/3.12.10/arm64
2026-10-06T23:20:03.6141520Z   Python2_ROOT_DIR: /Users/runner/hostedtoolcache/Python/3.12.10/arm64
2026-10-06T23:20:03.6142000Z   Python3_ROOT_DIR: /Users/runner/hostedtoolcache/Python/3.12.10/arm64
2026-10-06T23:20:03.6142280Z ##[endgroup]
2026-10-06T23:20:03.7057500Z [1m[92m    Finished[0m `test` profile [unoptimized + debuginfo] target(s) in 0.04s
2026-10-06T23:20:03.7080130Z [1m[92m     Running[0m unittests src/lib.rs (target/debug/deps/nagi_runtime-3998aafd24442072)
2026-10-06T23:20:03.7120120Z 
2026-10-06T23:20:03.7121690Z running 6 tests
2026-10-06T23:20:03.7153870Z test database::tests::column_order_independent ... ok
2026-10-06T23:20:03.7167400Z test database::tests::exec_counts_trigger_changes_and_preserves_sql_errors ... ok
2026-10-06T23:20:03.7168820Z test database::tests::exec_counts_only_changes_in_the_current_batch ... ok
2026-10-06T23:20:03.7169350Z test database::tests::crud_and_parameterization ... ok
2026-10-06T23:20:03.7170750Z test database::tests::missing_column_is_error ... ok
2026-10-06T23:20:03.7172110Z test database::tests::runtime_type_mismatch ... ok
2026-10-06T23:20:03.7172530Z 
2026-10-06T23:20:03.7173120Z test result: ok. 6 passed; 0 failed; 0 ignored; 0 measured; 202 filtered out; finished in 0.01s
2026-10-06T23:20:03.7176560Z [1m[92m     Running[0m tests/task_handles.rs (target/debug/deps/task_handles-e66fc8ce90e0637e)
2026-10-06T23:20:03.7176890Z 
2026-10-06T23:20:03.7203060Z 
2026-10-06T23:20:03.7203860Z running 0 tests
2026-10-06T23:20:03.7204280Z 
2026-10-06T23:20:03.7207910Z test result: ok. 0 passed; 0 failed; 0 ignored; 0 measured; 3 filtered out; finished in 0.00s
2026-10-06T23:20:03.7208310Z 
2026-10-06T23:20:03.7243410Z ##[group]Run cargo test --locked -p nagi-runtime sqlite_prototype
2026-10-06T23:20:03.7243880Z [36;1mcargo test --locked -p nagi-runtime sqlite_prototype[0m
2026-10-06T23:20:03.7280130Z shell: /bin/bash -e {0}
2026-10-06T23:20:03.7280350Z env:
2026-10-06T23:20:03.7280750Z   NAGI_FAILURE_DIR: /Users/runner/work/Nagi/Nagi/build/compiler-failures
2026-10-06T23:20:03.7281090Z   CARGO_HOME: /Users/runner/.cargo
2026-10-06T23:20:03.7281300Z   CARGO_INCREMENTAL: 0
2026-10-06T23:20:03.7281480Z   CARGO_TERM_COLOR: always
2026-10-06T23:20:03.7281760Z   pythonLocation: /Users/runner/hostedtoolcache/Python/3.12.10/arm64
2026-10-06T23:20:03.7282190Z   PKG_CONFIG_PATH: /Users/runner/hostedtoolcache/Python/3.12.10/arm64/lib/pkgconfig
2026-10-06T23:20:03.7282600Z   Python_ROOT_DIR: /Users/runner/hostedtoolcache/Python/3.12.10/arm64
2026-10-06T23:20:03.7283340Z   Python2_ROOT_DIR: /Users/runner/hostedtoolcache/Python/3.12.10/arm64
2026-10-06T23:20:03.7283820Z   Python3_ROOT_DIR: /Users/runner/hostedtoolcache/Python/3.12.10/arm64
2026-10-06T23:20:03.7284130Z ##[endgroup]
2026-10-06T23:20:03.8292340Z [1m[92m    Finished[0m `test` profile [unoptimized + debuginfo] target(s) in 0.05s
2026-10-06T23:20:03.8317750Z [1m[92m     Running[0m unittests src/lib.rs (target/debug/deps/nagi_runtime-3998aafd24442072)
2026-10-06T23:20:03.8359540Z 
2026-10-06T23:20:03.8373860Z running 61 tests
2026-10-06T23:20:03.8374820Z test sqlite_prototype::acquire_tests::acquire_budget_arithmetic_keeps_immediate_distinct_and_checks_overflow ... ok
2026-10-06T23:20:03.8375840Z test sqlite_prototype::acquire_tests::acquire_expired_finite_budget_does_not_register_even_when_native_free ... ok
2026-10-06T23:20:03.8393700Z test sqlite_prototype::acquire_tests::acquire_expiry_does_not_replace_closed_or_recycle_failure_cause ... ok
2026-10-06T23:20:03.8396570Z test sqlite_prototype::acquire_tests::acquire_immediate_free_reserves_before_slow_startup_and_reuses ... ok
2026-10-06T23:20:03.8399370Z test sqlite_prototype::acquire_tests::acquire_immediate_logical_full_is_timeout_without_pool_failure ... ok
2026-10-06T23:20:04.1011880Z test sqlite_prototype::acquire_tests::acquire_absolute_budget_survives_logical_wait_to_native_fence ... ok
2026-10-06T23:20:04.1116130Z test sqlite_prototype::acquire_tests::acquire_same_task_scopes_are_isolated_and_drop_restores_legacy_begin ... ok
2026-10-06T23:20:04.1117250Z test sqlite_prototype::adapter_tests::acquired_deadpool_object_after_close_is_rejected_before_user_begin ... ok
2026-10-06T23:20:04.1219070Z test sqlite_prototype::adapter_tests::callback_panic_retires_pool_and_join_does_not_hide_native_close_failure ... ok
2026-10-06T23:20:04.1322130Z test sqlite_prototype::adapter_tests::cancelled_begin_reply_keeps_checkout_until_eof_rollback_is_observed ... ok
2026-10-06T23:20:04.1423910Z test sqlite_prototype::adapter_tests::cancelled_create_cannot_start_replacement_before_old_native_worker_joins ... ok
2026-10-06T23:20:04.1454040Z test sqlite_prototype::adapter_tests::cancelled_get_during_create_preserves_startup_close_and_join_owner ... ok
2026-10-06T23:20:04.1460140Z test sqlite_prototype::adapter_tests::cancelled_tx_keeps_deadpool_checkout_until_native_cleanup_completes ... ok
2026-10-06T23:20:04.1466380Z test sqlite_prototype::adapter_tests::close_clone_and_cancel_keep_closing_while_active_checkout_can_finish ... ok
2026-10-06T23:20:04.1474640Z test sqlite_prototype::adapter_tests::close_retires_idle_worker_while_stock_permit_is_reserved_for_unpolled_waiter ... ok
2026-10-06T23:20:04.1493140Z test sqlite_prototype::adapter_tests::close_waits_for_registered_create_and_late_create_cannot_begin ... ok
2026-10-06T23:20:04.1508890Z test sqlite_prototype::adapter_tests::deadpool_adapter_reuses_same_native_worker_and_sql_session_core ... ok
2026-10-06T23:20:04.1525940Z test sqlite_prototype::adapter_tests::deadpool_recycle_error_stops_create_instead_of_default_replacement ... ok
2026-10-06T23:20:04.1531630Z test sqlite_prototype::adapter_tests::joined_is_published_only_after_terminal_native_failure_is_in_ledger ... ok
2026-10-06T23:20:04.1533050Z test sqlite_prototype::adapter_tests::last_adapter_drop_closes_idle_worker_without_observer_owning_pool_or_tx_sender ... ok
2026-10-06T23:20:04.1542180Z test sqlite_prototype::adapter_tests::last_adapter_drop_preserves_active_tx_until_its_explicit_finish ... ok
2026-10-06T23:20:04.1546480Z test sqlite_prototype::adapter_tests::multi_b_terminal_failure_is_published_without_waiting_for_a ... ok
2026-10-06T23:20:04.1549470Z test sqlite_prototype::adapter_tests::multi_cancelled_b_joins_and_c_begins_before_healthy_a_finishes ... ok
2026-10-06T23:20:04.1555860Z test sqlite_prototype::adapter_tests::multi_close_during_b_startup_preserves_a_and_all_join_responsibility ... ok
2026-10-06T23:20:04.1567060Z test sqlite_prototype::adapter_tests::multi_native_spawn_failure_keeps_cause_without_native_b_or_fake_join ... ok
2026-10-06T23:20:04.1588440Z test sqlite_prototype::adapter_tests::multi_observer_spawn_failure_never_starts_or_fake_joins_native_b ... ok
2026-10-06T23:20:04.1610380Z test sqlite_prototype::adapter_tests::multi_stock_detach_permit_gap_respects_native_cap_with_a_active ... ok
2026-10-06T23:20:04.1626150Z test sqlite_prototype::adapter_tests::multi_two_filesystem_connections_begin_while_first_tx_stays_active ... ok
2026-10-06T23:20:04.1648450Z test sqlite_prototype::adapter_tests::native_cleanup_failure_closes_deadpool_and_never_creates_replacement ... ok
2026-10-06T23:20:04.1654580Z test sqlite_prototype::adapter_tests::native_close_failure_is_kept_after_deadpool_objects_and_workers_are_gone ... ok
2026-10-06T23:20:04.1671200Z test sqlite_prototype::adapter_tests::object_take_and_last_pool_drop_both_preserve_native_close_join_observation ... ok
2026-10-06T23:20:04.1673270Z test sqlite_prototype::adapter_tests::resize_zero_uses_worker_drop_even_when_manager_detach_is_bypassed ... ok
2026-10-06T23:20:04.1677260Z test sqlite_prototype::adapter_tests::stock_detach_permit_before_handle_drop_cannot_start_another_native_worker ... ok
2026-10-06T23:20:04.1679290Z test sqlite_prototype::adapter_tests::taken_object_cannot_start_replacement_before_old_native_worker_joins ... ok
2026-10-06T23:20:04.1702950Z test sqlite_prototype::adapter_tests::tokio_runtime_drop_cannot_return_native_owned_checkout_before_cleanup ... ok
2026-10-06T23:20:04.8344880Z test sqlite_prototype::comparison::bounded_and_unbounded_deadpool_warm_comparison ... ok
2026-10-06T23:20:04.8446900Z test sqlite_prototype::acquire_tests::acquire_immediate_native_full_after_stock_detach_is_timeout ... ok
2026-10-06T23:20:04.8478260Z test sqlite_prototype::acquire_tests::acquire_registered_startup_and_begin_are_outside_finite_budget ... ok
2026-10-06T23:20:04.8582050Z test sqlite_prototype::tests::begin_reply_cancellation_closes_only_sender_and_runs_observed_cleanup ... ok
2026-10-06T23:20:04.8682840Z test sqlite_prototype::tests::cancelled_commit_reply_preserves_committed_data_and_does_not_retry ... ok
2026-10-06T23:20:04.8761350Z test sqlite_prototype::tests::cancelled_finish_before_full_inbox_admission_uses_eof_cleanup ... ok
2026-10-06T23:20:04.8816510Z test sqlite_prototype::tests::commit_after_native_auto_rollback_returns_aborted_error_instead_of_success ... ok
2026-10-06T23:20:04.8836340Z test sqlite_prototype::tests::commit_failure_and_failed_cleanup_preserve_both_causes_and_unknown_outcome ... ok
2026-10-06T23:20:04.8854950Z test sqlite_prototype::tests::committed_outcome_and_cleanup_failure_are_both_preserved ... ok
2026-10-06T23:20:04.8957290Z test sqlite_prototype::tests::eof_cleanup_blocks_next_session_and_unpolled_finish_still_owns_cleanup ... ok
2026-10-06T23:20:04.8975900Z test sqlite_prototype::tests::close_timeout_and_cancel_keep_closing_until_native_close_and_join ... ok
2026-10-06T23:20:04.8976960Z test sqlite_prototype::tests::failed_commit_with_successful_observed_rollback_can_reuse_connection ... ok
2026-10-06T23:20:04.8978060Z test sqlite_prototype::tests::full_inbox_and_cancelled_admitted_operation_drain_before_eof_rollback ... ok
2026-10-06T23:20:04.8979710Z test sqlite_prototype::tests::existing_trigger_and_or_rollback_abort_session_and_reject_later_sql ... ok
2026-10-06T23:20:04.8980750Z test sqlite_prototype::tests::native_close_failure_is_not_reported_as_success_even_after_join ... ok
2026-10-06T23:20:04.8981780Z test sqlite_prototype::tests::management_panic_restores_raii_flag_before_observed_rollback_and_retirement ... ok
2026-10-06T23:20:04.8982820Z test sqlite_prototype::tests::ordinary_sql_error_does_not_abort_active_session_and_exec_counts_direct_changes ... ok
2026-10-06T23:20:04.8983810Z test sqlite_prototype::tests::owned_bind_values_and_decode_errors_use_native_row_contract ... ok
2026-10-06T23:20:04.8984840Z test sqlite_prototype::tests::one_statement_anonymous_bind_and_operation_shape_are_checked_before_step ... ok
2026-10-06T23:20:04.8985920Z test sqlite_prototype::tests::raise_fail_preserves_active_prior_effects_until_explicit_rollback ... ok
2026-10-06T23:20:04.8986970Z test sqlite_prototype::tests::rollback_failure_is_observed_without_native_drop_retry_and_retires_connection ... ok
2026-10-06T23:20:04.8987950Z test sqlite_prototype::tests::sql_policy_denies_control_in_every_entry_and_keeps_tx_active ... ok
2026-10-06T23:20:04.8988970Z test sqlite_prototype::tests::pragma_tvf_existing_views_and_schema_reprepare_keep_authorizer_installed ... ok
2026-10-06T23:20:04.8989850Z test sqlite_prototype::tests::trigger_pragma_is_denied_and_native_prior_effects_require_explicit_rollback ... ok
2026-10-06T23:20:04.8990830Z test sqlite_prototype::tests::user_callback_panic_restores_management_state_and_retires_worker ... ok
2026-10-06T23:20:05.5203780Z test sqlite_prototype::comparison::direct_and_deadpool_warm_native_session_comparison ... ok
2026-10-06T23:20:05.5216770Z [1m[92m     Running[0m tests/task_handles.rs (target/debug/deps/task_handles-e66fc8ce90e0637e)
2026-10-06T23:20:05.5217170Z 
2026-10-06T23:20:05.5319690Z test result: ok. 61 passed; 0 failed; 0 ignored; 0 measured; 147 filtered out; finished in 1.68s
2026-10-06T23:20:05.5327340Z 
2026-10-06T23:20:05.5327980Z 
2026-10-06T23:20:05.5328300Z running 0 tests
2026-10-06T23:20:05.5333120Z 
2026-10-06T23:20:05.5334440Z test result: ok. 0 passed; 0 failed; 0 ignored; 0 measured; 3 filtered out; finished in 0.00s
2026-10-06T23:20:05.5336350Z 
2026-10-06T23:20:05.5402920Z ##[group]Run python scripts/verify_application_examples.py
2026-10-06T23:20:05.5403370Z [36;1mpython scripts/verify_application_examples.py[0m
2026-10-06T23:20:05.5494460Z shell: /bin/bash -e {0}
2026-10-06T23:20:05.5495080Z env:
2026-10-06T23:20:05.5495750Z   NAGI_FAILURE_DIR: /Users/runner/work/Nagi/Nagi/build/compiler-failures
2026-10-06T23:20:05.5496870Z   CARGO_HOME: /Users/runner/.cargo
2026-10-06T23:20:05.5497500Z   CARGO_INCREMENTAL: 0
2026-10-06T23:20:05.5498000Z   CARGO_TERM_COLOR: always
2026-10-06T23:20:05.5498740Z   pythonLocation: /Users/runner/hostedtoolcache/Python/3.12.10/arm64
2026-10-06T23:20:05.5499840Z   PKG_CONFIG_PATH: /Users/runner/hostedtoolcache/Python/3.12.10/arm64/lib/pkgconfig
2026-10-06T23:20:05.5501000Z   Python_ROOT_DIR: /Users/runner/hostedtoolcache/Python/3.12.10/arm64
2026-10-06T23:20:05.5501990Z   Python2_ROOT_DIR: /Users/runner/hostedtoolcache/Python/3.12.10/arm64
2026-10-06T23:20:05.5503270Z   Python3_ROOT_DIR: /Users/runner/hostedtoolcache/Python/3.12.10/arm64
2026-10-06T23:20:05.5504200Z ##[endgroup]
2026-10-06T23:20:07.2010080Z Passed: stock-report (high)
2026-10-06T23:20:08.5066610Z Passed: stock-report (low)
2026-10-06T23:20:14.5737440Z Passed: device-settings (high)
2026-10-06T23:20:20.0498060Z Passed: device-settings (low)
2026-10-06T23:20:23.5054050Z Passed: seat-reservations (high)
2026-10-06T23:20:26.6917610Z Passed: seat-reservations (low)
2026-10-06T23:20:27.6750120Z Passed: file-json (high)
2026-10-06T23:20:28.6086790Z Passed: file-json (low)
2026-10-06T23:20:33.4116250Z Passed: quote-api (high)
2026-10-06T23:20:37.4118610Z Passed: quote-api (low)
2026-10-06T23:20:40.4679630Z Passed: supervised-worker (high)
2026-10-06T23:20:43.5676930Z Passed: supervised-worker (low)
2026-10-06T23:20:47.2673970Z Passed: byte-inspector (high)
2026-10-06T23:20:50.8357840Z Passed: byte-inspector (low)
2026-10-06T23:20:58.6442310Z Passed: axum-service (high)
2026-10-06T23:21:06.6157170Z Passed: axum-service (low)
2026-10-06T23:21:16.3129320Z Passed: auth-boundary (high)
2026-10-06T23:21:25.9114840Z Passed: auth-boundary (low)
2026-10-06T23:21:26.9752860Z Passed: order-quote (low)
2026-10-06T23:21:26.9753490Z {"projects": 10, "runs": 19, "status": "passed"}
2026-10-06T23:21:26.9941290Z ##[group]Run python -m unittest discover -s scripts/releases -p 'test_install.py'
2026-10-06T23:21:26.9941970Z [36;1mpython -m unittest discover -s scripts/releases -p 'test_install.py'[0m
2026-10-06T23:21:26.9989840Z shell: /bin/bash -e {0}
2026-10-06T23:21:26.9990150Z env:
2026-10-06T23:21:26.9990450Z   NAGI_FAILURE_DIR: /Users/runner/work/Nagi/Nagi/build/compiler-failures
2026-10-06T23:21:26.9990880Z   CARGO_HOME: /Users/runner/.cargo
2026-10-06T23:21:26.9991250Z   CARGO_INCREMENTAL: 0
2026-10-06T23:21:26.9991490Z   CARGO_TERM_COLOR: always
2026-10-06T23:21:26.9991910Z   pythonLocation: /Users/runner/hostedtoolcache/Python/3.12.10/arm64
2026-10-06T23:21:26.9992380Z   PKG_CONFIG_PATH: /Users/runner/hostedtoolcache/Python/3.12.10/arm64/lib/pkgconfig
2026-10-06T23:21:26.9992890Z   Python_ROOT_DIR: /Users/runner/hostedtoolcache/Python/3.12.10/arm64
2026-10-06T23:21:26.9993360Z   Python2_ROOT_DIR: /Users/runner/hostedtoolcache/Python/3.12.10/arm64
2026-10-06T23:21:26.9993890Z   Python3_ROOT_DIR: /Users/runner/hostedtoolcache/Python/3.12.10/arm64
2026-10-06T23:21:26.9994350Z ##[endgroup]
2026-10-06T23:21:33.4512490Z .....................
2026-10-06T23:21:33.4513030Z ----------------------------------------------------------------------
2026-10-06T23:21:33.4513530Z Ran 21 tests in 6.269s
2026-10-06T23:21:33.4513730Z 
2026-10-06T23:21:33.4513860Z OK
2026-10-06T23:21:33.4628060Z ##[group]Run python -m unittest discover -s scripts/releases -p 'test_uninstall.py'
2026-10-06T23:21:33.4628590Z [36;1mpython -m unittest discover -s scripts/releases -p 'test_uninstall.py'[0m
2026-10-06T23:21:33.4665180Z shell: /bin/bash -e {0}
2026-10-06T23:21:33.4665420Z env:
2026-10-06T23:21:33.4665670Z   NAGI_FAILURE_DIR: /Users/runner/work/Nagi/Nagi/build/compiler-failures
2026-10-06T23:21:33.4666110Z   CARGO_HOME: /Users/runner/.cargo
2026-10-06T23:21:33.4666340Z   CARGO_INCREMENTAL: 0
2026-10-06T23:21:33.4666520Z   CARGO_TERM_COLOR: always
2026-10-06T23:21:33.4666810Z   pythonLocation: /Users/runner/hostedtoolcache/Python/3.12.10/arm64
2026-10-06T23:21:33.4667270Z   PKG_CONFIG_PATH: /Users/runner/hostedtoolcache/Python/3.12.10/arm64/lib/pkgconfig
2026-10-06T23:21:33.4667680Z   Python_ROOT_DIR: /Users/runner/hostedtoolcache/Python/3.12.10/arm64
2026-10-06T23:21:33.4668090Z   Python2_ROOT_DIR: /Users/runner/hostedtoolcache/Python/3.12.10/arm64
2026-10-06T23:21:33.4668510Z   Python3_ROOT_DIR: /Users/runner/hostedtoolcache/Python/3.12.10/arm64
2026-10-06T23:21:33.4668830Z ##[endgroup]
2026-10-06T23:21:39.6202110Z ..............
2026-10-06T23:21:39.6202630Z ----------------------------------------------------------------------
2026-10-06T23:21:39.6202990Z Ran 14 tests in 6.070s
2026-10-06T23:21:39.6203130Z 
2026-10-06T23:21:39.6203190Z OK
2026-10-06T23:21:44.7848900Z ##[group]Run actions/upload-artifact@v4
2026-10-06T23:21:44.7849190Z with:
2026-10-06T23:21:44.7849370Z   name: release-macos-arm64
2026-10-06T23:21:44.7849840Z   path: build/distribution/nagi-*.zip
build/distribution/nagi-*.tar.gz
build/distribution/nagi-*.sha256

2026-10-06T23:21:44.7850380Z   if-no-files-found: error
2026-10-06T23:21:44.7850630Z   compression-level: 6
2026-10-06T23:21:44.7850850Z   overwrite: false
2026-10-06T23:21:44.7851040Z   include-hidden-files: false
2026-10-06T23:21:44.7851300Z env:
2026-10-06T23:21:44.7851590Z   NAGI_FAILURE_DIR: /Users/runner/work/Nagi/Nagi/build/compiler-failures
2026-10-06T23:21:44.7851970Z   CARGO_HOME: /Users/runner/.cargo
2026-10-06T23:21:44.7858830Z   CARGO_INCREMENTAL: 0
2026-10-06T23:21:44.7859070Z   CARGO_TERM_COLOR: always
2026-10-06T23:21:44.7859370Z   pythonLocation: /Users/runner/hostedtoolcache/Python/3.12.10/arm64
2026-10-06T23:21:44.7859920Z   PKG_CONFIG_PATH: /Users/runner/hostedtoolcache/Python/3.12.10/arm64/lib/pkgconfig
2026-10-06T23:21:44.7860440Z   Python_ROOT_DIR: /Users/runner/hostedtoolcache/Python/3.12.10/arm64
2026-10-06T23:21:44.7860980Z   Python2_ROOT_DIR: /Users/runner/hostedtoolcache/Python/3.12.10/arm64
2026-10-06T23:21:44.7861430Z   Python3_ROOT_DIR: /Users/runner/hostedtoolcache/Python/3.12.10/arm64
2026-10-06T23:21:44.7861790Z ##[endgroup]
2026-10-06T23:21:45.2016360Z (node:38022) [DEP0040] DeprecationWarning: The `punycode` module is deprecated. Please use a userland alternative instead.
2026-10-06T23:21:45.2017170Z (Use `node --trace-deprecation ...` to show where the warning was created)
2026-10-06T23:21:45.2059660Z With the provided path, there will be 2 files uploaded
2026-10-06T23:21:45.2071540Z Artifact name is valid!
2026-10-06T23:21:45.2072060Z Root directory input is valid!
2026-10-06T23:21:45.4830970Z Beginning upload of artifact content to blob storage
2026-10-06T23:21:45.5684370Z (node:38022) [DEP0169] DeprecationWarning: `url.parse()` behavior is not standardized and prone to errors that have security implications. Use the WHATWG URL API instead. CVEs are not issued for `url.parse()` vulnerabilities.
2026-10-06T23:21:45.9684450Z Uploaded bytes 2284173
2026-10-06T23:21:46.0066170Z Finished uploading artifact content to blob storage!
2026-10-06T23:21:46.0067080Z SHA256 digest of uploaded artifact zip is a68f812d884a87c8cfb94955c6114f1600c944d5347920bf667edd34b5f7d90d
2026-10-06T23:21:46.0067810Z Finalizing artifact upload
2026-10-06T23:21:46.2371530Z Artifact release-macos-arm64.zip successfully finalized. Artifact ID 11449998427
2026-10-06T23:21:46.2372360Z Artifact release-macos-arm64 has been successfully uploaded! Final size is 2284173 bytes. Artifact ID is 11449998427
2026-10-06T23:21:46.2378230Z Artifact download URL: https://github.com/disnana/Nagi/actions/runs/37545273020/artifacts/11449998427
2026-10-06T23:21:46.2512350Z Post job cleanup.
2026-10-06T23:21:46.3646780Z (node:38034) [DEP0040] DeprecationWarning: The `punycode` module is deprecated. Please use a userland alternative instead.
2026-10-06T23:21:46.3647620Z (Use `node --trace-deprecation ...` to show where the warning was created)
2026-10-06T23:21:46.3760340Z Post job cleanup.
2026-10-06T23:21:46.4805680Z (node:38037) [DEP0040] DeprecationWarning: The `punycode` module is deprecated. Please use a userland alternative instead.
2026-10-06T23:21:46.4806610Z (Use `node --trace-deprecation ...` to show where the warning was created)
2026-10-06T23:21:48.0252120Z Post job cleanup.
2026-10-06T23:21:48.1552660Z (node:38046) [DEP0040] DeprecationWarning: The `punycode` module is deprecated. Please use a userland alternative instead.
2026-10-06T23:21:48.1553560Z (Use `node --trace-deprecation ...` to show where the warning was created)
2026-10-06T23:21:48.1772050Z [command]/opt/homebrew/bin/gtar --posix -cf cache.tzst --exclude cache.tzst -P -C /Users/runner/work/Nagi/Nagi --files-from manifest.txt --delay-directory-restore --use-compress-program zstdmt
2026-10-06T23:21:59.5866720Z (node:38046) [DEP0169] DeprecationWarning: `url.parse()` behavior is not standardized and prone to errors that have security implications. Use the WHATWG URL API instead. CVEs are not issued for `url.parse()` vulnerabilities.
2026-10-06T23:22:00.5736430Z Sent 0 of 804010114 (0.0%), 0.0 MBs/sec
2026-10-06T23:22:01.5734550Z Sent 0 of 804010114 (0.0%), 0.0 MBs/sec
2026-10-06T23:22:02.5744890Z Sent 0 of 804010114 (0.0%), 0.0 MBs/sec
2026-10-06T23:22:03.5859020Z Sent 536870912 of 804010114 (66.8%), 127.8 MBs/sec
2026-10-06T23:22:04.5829040Z Sent 536870912 of 804010114 (66.8%), 102.3 MBs/sec
2026-10-06T23:22:05.5761780Z Sent 536870912 of 804010114 (66.8%), 85.3 MBs/sec
2026-10-06T23:22:06.4808980Z Sent 804010114 of 804010114 (100.0%), 111.0 MBs/sec
2026-10-06T23:22:06.6788200Z Cache saved with key: nagi-rust-v1-package-macos-arm64-20260928b940-601958ff337592e5f2a53aba9b5ce590b2902bb894b23107ca273c3687ede46d-d7d5a574842cd0ba2bcdf6847a94fa768430ebc0b4a63ab7ed287a29e9b48b28
2026-10-06T23:22:06.7061070Z Post job cleanup.
2026-10-06T23:22:06.8503440Z [command]/opt/homebrew/bin/git version
2026-10-06T23:22:06.8709840Z git version 2.55.0
2026-10-06T23:22:06.8730580Z Copying '/Users/runner/.gitconfig' to '/Users/runner/work/_temp/9fde7156-f822-4c0a-9bef-5e59bae37f0c/.gitconfig'
2026-10-06T23:22:06.8744830Z Temporarily overriding HOME='/Users/runner/work/_temp/9fde7156-f822-4c0a-9bef-5e59bae37f0c' before making global git config changes
2026-10-06T23:22:06.8764520Z Adding repository directory to the temporary git global config as a safe directory
2026-10-06T23:22:06.8765510Z [command]/opt/homebrew/bin/git config --global --add safe.directory /Users/runner/work/Nagi/Nagi
2026-10-06T23:22:06.8869840Z [command]/opt/homebrew/bin/git config --local --name-only --get-regexp core\.sshCommand
2026-10-06T23:22:06.8933500Z [command]/opt/homebrew/bin/git submodule foreach --recursive sh -c "git config --local --name-only --get-regexp 'core\.sshCommand' && git config --local --unset-all 'core.sshCommand' || :"
2026-10-06T23:22:07.0097380Z [command]/opt/homebrew/bin/git config --local --name-only --get-regexp http\.https\:\/\/github\.com\/\.extraheader
2026-10-06T23:22:07.0150440Z http.https://github.com/.extraheader
2026-10-06T23:22:07.0157760Z [command]/opt/homebrew/bin/git config --local --unset-all http.https://github.com/.extraheader
2026-10-06T23:22:07.0222270Z [command]/opt/homebrew/bin/git submodule foreach --recursive sh -c "git config --local --name-only --get-regexp 'http\.https\:\/\/github\.com\/\.extraheader' && git config --local --unset-all 'http.https://github.com/.extraheader' || :"
2026-10-06T23:22:07.1004570Z [command]/opt/homebrew/bin/git config --local --name-only --get-regexp ^includeIf\.gitdir:
2026-10-06T23:22:07.1056690Z [command]/opt/homebrew/bin/git submodule foreach --recursive git config --local --show-origin --name-only --get-regexp remote.origin.url
2026-10-06T23:22:07.2824840Z Cleaning up orphan processes
2026-10-06T23:22:08.7260180Z ##[warning]Node.js 20 is deprecated. The following actions target Node.js 20 but are being forced to run on Node.js 24: actions/cache@v4, actions/checkout@v4, actions/setup-node@v4, actions/setup-python@v5, actions/upload-artifact@v4. For more information see: https://github.blog/changelog/2025-09-19-deprecation-of-node-20-on-github-actions-runners/

