batch,phase,index,backend,elapsed_ns
0,0,0,direct,87171
0,0,1,direct,76234
0,0,2,direct,151568
0,0,3,direct,67962
0,0,4,direct,119299
0,0,5,direct,323987
0,0,6,direct,758080
0,0,7,direct,308644
0,0,8,direct,76796
0,0,9,direct,211958
0,0,10,direct,347062
0,0,11,direct,95744
0,0,12,direct,70456
0,0,13,direct,66400
0,0,14,direct,70586
0,0,15,direct,74152
0,0,16,direct,142454
0,0,17,direct,70075
0,0,18,direct,68754
0,0,19,direct,140771
0,0,20,direct,134983
0,0,21,direct,189755
0,0,22,direct,69254
0,0,23,direct,70255
0,0,24,direct,83947
0,0,25,direct,66190
0,0,26,direct,499521
0,0,27,direct,86891
0,0,28,direct,69374
0,0,29,direct,69014
0,0,30,direct,66340
0,0,31,direct,66570
0,0,32,direct,64446
0,0,33,direct,72128
0,0,34,direct,71247
0,0,35,direct,283817
0,0,36,direct,108192
0,0,37,direct,71297
0,0,38,direct,65689
0,0,39,direct,65147
0,0,40,direct,69725
0,0,41,direct,65809
0,0,42,direct,68973
0,0,43,direct,68573
0,0,44,direct,130176
0,0,45,direct,76795
0,0,46,direct,66090
0,0,47,direct,68202
0,0,48,direct,73280
0,0,49,direct,77547
0,0,50,direct,66109
0,0,51,direct,76295
0,0,52,direct,69024
0,0,53,direct,70105
0,0,54,direct,115234
0,0,55,direct,74672
0,0,56,direct,69995
0,0,57,direct,67312
0,0,58,direct,70857
0,0,59,direct,64728
0,0,60,direct,65128
0,0,61,direct,119860
0,0,62,direct,75794
0,0,63,direct,71707
0,0,64,direct,66570
0,0,65,direct,64126
0,0,66,direct,68833
0,0,67,direct,67231
0,0,68,direct,61933
0,0,69,direct,65299
0,0,70,direct,64817
0,0,71,direct,66319
0,0,72,direct,68403
0,0,73,direct,69204
0,0,74,direct,66210
0,0,75,direct,223756
0,0,76,direct,69043
0,0,77,direct,67982
0,0,78,direct,149865
0,0,79,direct,82654
0,0,80,direct,69915
0,0,81,direct,68003
0,0,82,direct,116736
0,0,83,direct,74262
0,0,84,direct,67992
0,0,85,direct,110195
0,0,86,direct,72469
0,0,87,direct,71097
0,0,88,direct,70146
0,0,89,direct,67371
0,0,90,direct,67462
0,0,91,direct,67221
0,0,92,direct,70286
0,0,93,direct,67231
0,0,94,direct,77296
0,0,95,direct,67762
0,0,96,direct,314112
0,0,97,direct,74392
0,0,98,direct,207893
0,0,99,direct,72438
0,0,100,direct,61082
0,0,101,direct,60301
0,0,102,direct,63706
0,0,103,direct,71858
0,0,104,direct,63105
0,0,105,direct,60351
0,0,106,direct,59320
0,0,107,direct,350417
0,0,108,direct,67682
0,0,109,direct,61393
0,0,110,direct,118648
0,0,111,direct,66139
0,0,112,direct,62594
0,0,113,direct,61202
0,0,114,direct,60471
0,0,115,direct,59750
0,0,116,direct,60371
0,0,117,direct,94772
0,0,118,direct,66050
0,0,119,direct,59670
0,0,120,direct,61082
0,0,121,direct,59830
0,0,122,direct,62955
0,0,123,direct,60201
0,0,124,direct,59350
0,0,125,direct,60090
0,0,126,direct,64117
0,0,127,direct,62164
0,1,0,deadpool,173891
0,1,1,deadpool,66620
0,1,2,deadpool,86040
0,1,3,deadpool,73731
0,1,4,deadpool,39590
0,1,5,deadpool,50956
0,1,6,deadpool,47872
0,1,7,deadpool,49123
0,1,8,deadpool,52890
0,1,9,deadpool,47532
0,1,10,deadpool,46801
0,1,11,deadpool,48253
0,1,12,deadpool,46750
0,1,13,deadpool,50757
0,1,14,deadpool,46971
0,1,15,deadpool,48323
0,1,16,deadpool,48954
0,1,17,deadpool,47972
0,1,18,deadpool,52259
0,1,19,deadpool,47211
0,1,20,deadpool,46510
0,1,21,deadpool,93210
0,1,22,deadpool,50606
0,1,23,deadpool,51437
0,1,24,deadpool,50125
0,1,25,deadpool,48533
0,1,26,deadpool,47171
0,1,27,deadpool,51337
0,1,28,deadpool,48593
0,1,29,deadpool,48412
0,1,30,deadpool,46810
0,1,31,deadpool,58228
0,1,32,deadpool,40571
0,1,33,deadpool,48753
0,1,34,deadpool,47021
0,1,35,deadpool,48944
0,1,36,deadpool,53641
0,1,37,deadpool,47872
0,1,38,deadpool,48794
0,1,39,deadpool,78368
0,1,40,deadpool,40731
0,1,41,deadpool,52710
0,1,42,deadpool,40691
0,1,43,deadpool,49515
0,1,44,deadpool,49104
0,1,45,deadpool,47421
0,1,46,deadpool,51026
0,1,47,deadpool,46680
0,1,48,deadpool,48804
0,1,49,deadpool,48393
0,1,50,deadpool,49104
0,1,51,deadpool,51798
0,1,52,deadpool,46480
0,1,53,deadpool,46900
0,1,54,deadpool,48262
0,1,55,deadpool,46840
0,1,56,deadpool,52338
0,1,57,deadpool,75463
0,1,58,deadpool,149194
0,1,59,deadpool,55423
0,1,60,deadpool,45979
0,1,61,deadpool,53531
0,1,62,deadpool,47341
0,1,63,deadpool,47331
0,1,64,deadpool,48333
0,1,65,deadpool,59580
0,1,66,deadpool,80411
0,1,67,deadpool,123716
0,1,68,deadpool,54092
0,1,69,deadpool,48844
0,1,70,deadpool,86560
0,1,71,deadpool,69645
0,1,72,deadpool,43004
0,1,73,deadpool,353151
0,1,74,deadpool,51518
0,1,75,deadpool,56535
0,1,76,deadpool,47902
0,1,77,deadpool,48703
0,1,78,deadpool,47241
0,1,79,deadpool,45899
0,1,80,deadpool,50686
0,1,81,deadpool,46339
0,1,82,deadpool,50677
0,1,83,deadpool,69384
0,1,84,deadpool,38227
0,1,85,deadpool,53140
0,1,86,deadpool,47602
0,1,87,deadpool,48323
0,1,88,deadpool,48193
0,1,89,deadpool,47942
0,1,90,deadpool,52529
0,1,91,deadpool,47321
0,1,92,deadpool,48673
0,1,93,deadpool,46850
0,1,94,deadpool,46731
0,1,95,deadpool,51458
0,1,96,deadpool,47982
0,1,97,deadpool,48993
0,1,98,deadpool,46420
0,1,99,deadpool,48493
0,1,100,deadpool,51217
0,1,101,deadpool,88974
0,1,102,deadpool,51367
0,1,103,deadpool,49515
0,1,104,deadpool,48033
0,1,105,deadpool,51827
0,1,106,deadpool,46480
0,1,107,deadpool,46350
0,1,108,deadpool,47822
0,1,109,deadpool,47992
0,1,110,deadpool,51367
0,1,111,deadpool,46610
0,1,112,deadpool,48483
0,1,113,deadpool,48714
0,1,114,deadpool,55283
0,1,115,deadpool,49885
0,1,116,deadpool,46931
0,1,117,deadpool,48002
0,1,118,deadpool,48453
0,1,119,deadpool,93411
0,1,120,deadpool,57496
0,1,121,deadpool,51437
0,1,122,deadpool,48052
0,1,123,deadpool,48022
0,1,124,deadpool,52429
0,1,125,deadpool,46960
0,1,126,deadpool,46349
0,1,127,deadpool,48292
1,0,0,deadpool,49855
1,0,1,deadpool,50656
1,0,2,deadpool,47041
1,0,3,deadpool,47771
1,0,4,deadpool,118083
1,0,5,deadpool,202355
1,0,6,deadpool,129945
1,0,7,deadpool,113781
1,0,8,deadpool,112018
1,0,9,deadpool,112470
1,0,10,deadpool,110306
1,0,11,deadpool,116164
1,0,12,deadpool,111708
1,0,13,deadpool,111017
1,0,14,deadpool,140201
1,0,15,deadpool,111938
1,0,16,deadpool,115523
1,0,17,deadpool,112409
1,0,18,deadpool,111528
1,0,19,deadpool,111607
1,0,20,deadpool,110997
1,0,21,deadpool,113421
1,0,22,deadpool,132840
1,0,23,deadpool,119119
1,0,24,deadpool,113280
1,0,25,deadpool,112299
1,0,26,deadpool,115533
1,0,27,deadpool,113491
1,0,28,deadpool,111508
1,0,29,deadpool,110646
1,0,30,deadpool,140601
1,0,31,deadpool,115834
1,0,32,deadpool,111277
1,0,33,deadpool,112078
1,0,34,deadpool,110877
1,0,35,deadpool,119931
1,0,36,deadpool,150607
1,0,37,deadpool,116125
1,0,38,deadpool,129165
1,0,39,deadpool,114242
1,0,40,deadpool,121082
1,0,41,deadpool,154242
1,0,42,deadpool,115734
1,0,43,deadpool,111268
1,0,44,deadpool,111969
1,0,45,deadpool,116075
1,0,46,deadpool,137737
1,0,47,deadpool,138738
1,0,48,deadpool,114042
1,0,49,deadpool,110526
1,0,50,deadpool,115945
1,0,51,deadpool,110496
1,0,52,deadpool,110696
1,0,53,deadpool,110476
1,0,54,deadpool,135825
1,0,55,deadpool,118117
1,0,56,deadpool,111958
1,0,57,deadpool,109905
1,0,58,deadpool,111438
1,0,59,deadpool,110036
1,0,60,deadpool,115283
1,0,61,deadpool,112298
1,0,62,deadpool,133000
1,0,63,deadpool,117918
1,0,64,deadpool,112440
1,0,65,deadpool,115443
1,0,66,deadpool,111658
1,0,67,deadpool,243106
1,0,68,deadpool,131007
1,0,69,deadpool,137737
1,0,70,deadpool,121173
1,0,71,deadpool,112319
1,0,72,deadpool,111257
1,0,73,deadpool,111417
1,0,74,deadpool,121533
1,0,75,deadpool,112269
1,0,76,deadpool,111278
1,0,77,deadpool,110917
1,0,78,deadpool,149776
1,0,79,deadpool,122805
1,0,80,deadpool,112299
1,0,81,deadpool,111278
1,0,82,deadpool,111969
1,0,83,deadpool,112049
1,0,84,deadpool,120941
1,0,85,deadpool,113180
1,0,86,deadpool,147662
1,0,87,deadpool,122064
1,0,88,deadpool,125428
1,0,89,deadpool,121883
1,0,90,deadpool,123295
1,0,91,deadpool,124297
1,0,92,deadpool,125018
1,0,93,deadpool,156505
1,0,94,deadpool,134012
1,0,95,deadpool,124828
1,0,96,deadpool,126230
1,0,97,deadpool,157127
1,0,98,deadpool,165549
1,0,99,deadpool,136705
1,0,100,deadpool,148032
1,0,101,deadpool,130947
1,0,102,deadpool,128553
1,0,103,deadpool,125589
1,0,104,deadpool,129906
1,0,105,deadpool,125979
1,0,106,deadpool,122784
1,0,107,deadpool,145619
1,0,108,deadpool,123276
1,0,109,deadpool,132770
1,0,110,deadpool,125008
1,0,111,deadpool,124918
1,0,112,deadpool,120992
1,0,113,deadpool,124818
1,0,114,deadpool,130526
1,0,115,deadpool,156095
1,0,116,deadpool,125259
1,0,117,deadpool,124807
1,0,118,deadpool,133100
1,0,119,deadpool,125919
1,0,120,deadpool,123376
1,0,121,deadpool,125408
1,0,122,deadpool,186430
1,0,123,deadpool,139731
1,0,124,deadpool,113631
1,0,125,deadpool,123175
1,0,126,deadpool,124437
1,0,127,deadpool,165118
1,1,0,direct,260762
1,1,1,direct,77907
1,1,2,direct,69084
1,1,3,direct,66620
1,1,4,direct,66970
1,1,5,direct,68212
1,1,6,direct,68443
1,1,7,direct,67442
1,1,8,direct,64226
1,1,9,direct,64948
1,1,10,direct,68753
1,1,11,direct,70256
1,1,12,direct,64708
1,1,13,direct,70576
1,1,14,direct,82694
1,1,15,direct,74211
1,1,16,direct,65638
1,1,17,direct,66029
1,1,18,direct,72259
1,1,19,direct,157767
1,1,20,direct,75483
1,1,21,direct,71718
1,1,22,direct,66660
1,1,23,direct,65629
1,1,24,direct,67542
1,1,25,direct,66540
1,1,26,direct,99710
1,1,27,direct,72149
1,1,28,direct,161242
1,1,29,direct,70946
1,1,30,direct,68493
1,1,31,direct,69755
1,1,32,direct,65939
1,1,33,direct,70526
1,1,34,direct,66010
1,1,35,direct,66380
1,1,36,direct,66870
1,1,37,direct,69234
1,1,38,direct,66700
1,1,39,direct,87882
1,1,40,direct,70636
1,1,41,direct,67882
1,1,42,direct,67251
1,1,43,direct,67191
1,1,44,direct,69384
1,1,45,direct,68874
1,1,46,direct,66981
1,1,47,direct,65358
1,1,48,direct,70005
1,1,49,direct,183075
1,1,50,direct,70256
1,1,51,direct,104617
1,1,52,direct,67151
1,1,53,direct,68382
1,1,54,direct,71297
1,1,55,direct,69985
1,1,56,direct,67782
1,1,57,direct,64427
1,1,58,direct,68583
1,1,59,direct,66049
1,1,60,direct,66830
1,1,61,direct,66661
1,1,62,direct,69805
1,1,63,direct,87412
1,1,64,direct,86750
1,1,65,direct,71167
1,1,66,direct,70616
1,1,67,direct,65889
1,1,68,direct,68723
1,1,69,direct,68643
1,1,70,direct,67181
1,1,71,direct,68934
1,1,72,direct,64146
1,1,73,direct,72378
1,1,74,direct,70796
1,1,75,direct,64687
1,1,76,direct,59971
1,1,77,direct,59339
1,1,78,direct,80762
1,1,79,direct,71948
1,1,80,direct,72649
1,1,81,direct,66110
1,1,82,direct,108112
1,1,83,direct,74973
1,1,84,direct,66029
1,1,85,direct,63967
1,1,86,direct,66049
1,1,87,direct,68233
1,1,88,direct,65819
1,1,89,direct,62214
1,1,90,direct,60381
1,1,91,direct,63305
1,1,92,direct,97386
1,1,93,direct,71237
1,1,94,direct,70276
1,1,95,direct,66390
1,1,96,direct,67852
1,1,97,direct,67352
1,1,98,direct,72068
1,1,99,direct,66550
1,1,100,direct,67622
1,1,101,direct,71648
1,1,102,direct,142855
1,1,103,direct,73731
1,1,104,direct,93521
1,1,105,direct,74562
1,1,106,direct,65869
1,1,107,direct,69875
1,1,108,direct,70766
1,1,109,direct,67282
1,1,110,direct,68443
1,1,111,direct,66039
1,1,112,direct,62404
1,1,113,direct,67832
1,1,114,direct,64597
1,1,115,direct,60551
1,1,116,direct,59800
1,1,117,direct,59790
1,1,118,direct,61632
1,1,119,direct,101422
1,1,120,direct,62454
1,1,121,direct,60250
1,1,122,direct,60592
1,1,123,direct,61142
1,1,124,direct,60491
1,1,125,direct,59429
1,1,126,direct,60221
1,1,127,direct,58759
2,0,0,direct,63636
2,0,1,direct,61222
2,0,2,direct,61172
2,0,3,direct,59840
2,0,4,direct,61142
2,0,5,direct,61433
2,0,6,direct,75854
2,0,7,direct,61562
2,0,8,direct,61653
2,0,9,direct,59480
2,0,10,direct,62224
2,0,11,direct,313281
2,0,12,direct,65288
2,0,13,direct,59900
2,0,14,direct,59860
2,0,15,direct,62193
2,0,16,direct,61783
2,0,17,direct,88743
2,0,18,direct,115584
2,0,19,direct,88784
2,0,20,direct,61483
2,0,21,direct,60261
2,0,22,direct,60972
2,0,23,direct,59730
2,0,24,direct,65468
2,0,25,direct,60601
2,0,26,direct,59099
2,0,27,direct,82154
2,0,28,direct,61974
2,0,29,direct,61613
2,0,30,direct,60341
2,0,31,direct,81392
2,0,32,direct,61773
2,0,33,direct,59540
2,0,34,direct,64267
2,0,35,direct,60281
2,0,36,direct,59749
2,0,37,direct,58798
2,0,38,direct,59009
2,0,39,direct,61823
2,0,40,direct,58708
2,0,41,direct,59029
2,0,42,direct,61142
2,0,43,direct,60671
2,0,44,direct,60491
2,0,45,direct,59199
2,0,46,direct,61563
2,0,47,direct,95563
2,0,48,direct,62855
2,0,49,direct,62975
2,0,50,direct,59790
2,0,51,direct,60001
2,0,52,direct,60381
2,0,53,direct,58838
2,0,54,direct,62003
2,0,55,direct,59900
2,0,56,direct,61402
2,0,57,direct,61543
2,0,58,direct,59219
2,0,59,direct,61563
2,0,60,direct,59299
2,0,61,direct,74492
2,0,62,direct,62254
2,0,63,direct,59950
2,0,64,direct,61022
2,0,65,direct,60481
2,0,66,direct,59489
2,0,67,direct,60101
2,0,68,direct,62794
2,0,69,direct,61453
2,0,70,direct,60411
2,0,71,direct,61563
2,0,72,direct,60010
2,0,73,direct,62765
2,0,74,direct,60191
2,0,75,direct,60411
2,0,76,direct,85298
2,0,77,direct,64186
2,0,78,direct,63335
2,0,79,direct,60251
2,0,80,direct,60131
2,0,81,direct,61162
2,0,82,direct,59810
2,0,83,direct,61383
2,0,84,direct,58778
2,0,85,direct,60020
2,0,86,direct,59730
2,0,87,direct,82584
2,0,88,direct,406732
2,0,89,direct,77266
2,0,90,direct,61423
2,0,91,direct,60141
2,0,92,direct,105989
2,0,93,direct,63515
2,0,94,direct,59639
2,0,95,direct,60190
2,0,96,direct,59630
2,0,97,direct,60271
2,0,98,direct,61983
2,0,99,direct,59139
2,0,100,direct,60251
2,0,101,direct,151708
2,0,102,direct,68373
2,0,103,direct,64206
2,0,104,direct,61682
2,0,105,direct,61072
2,0,106,direct,59609
2,0,107,direct,59750
2,0,108,direct,62714
2,0,109,direct,60151
2,0,110,direct,59720
2,0,111,direct,59940
2,0,112,direct,59639
2,0,113,direct,62193
2,0,114,direct,60962
2,0,115,direct,149955
2,0,116,direct,73721
2,0,117,direct,68242
2,0,118,direct,61542
2,0,119,direct,59009
2,0,120,direct,61462
2,0,121,direct,60251
2,0,122,direct,62794
2,0,123,direct,59049
2,0,124,direct,60921
2,0,125,direct,61672
2,0,126,direct,59119
2,0,127,direct,61122
2,1,0,deadpool,241904
2,1,1,deadpool,71508
2,1,2,deadpool,65369
2,1,3,deadpool,62905
2,1,4,deadpool,65799
2,1,5,deadpool,62755
2,1,6,deadpool,63786
2,1,7,deadpool,62464
2,1,8,deadpool,62444
2,1,9,deadpool,91889
2,1,10,deadpool,65268
2,1,11,deadpool,61923
2,1,12,deadpool,62654
2,1,13,deadpool,81523
2,1,14,deadpool,68423
2,1,15,deadpool,64066
2,1,16,deadpool,63986
2,1,17,deadpool,63205
2,1,18,deadpool,62755
2,1,19,deadpool,65569
2,1,20,deadpool,63165
2,1,21,deadpool,62594
2,1,22,deadpool,62755
2,1,23,deadpool,62033
2,1,24,deadpool,66480
2,1,25,deadpool,63416
2,1,26,deadpool,63546
2,1,27,deadpool,63335
2,1,28,deadpool,82794
2,1,29,deadpool,65869
2,1,30,deadpool,58989
2,1,31,deadpool,64327
2,1,32,deadpool,63205
2,1,33,deadpool,69274
2,1,34,deadpool,63606
2,1,35,deadpool,63175
2,1,36,deadpool,62254
2,1,37,deadpool,62324
2,1,38,deadpool,76665
2,1,39,deadpool,64116
2,1,40,deadpool,63105
2,1,41,deadpool,62184
2,1,42,deadpool,75293
2,1,43,deadpool,69805
2,1,44,deadpool,79229
2,1,45,deadpool,63866
2,1,46,deadpool,165750
2,1,47,deadpool,75574
2,1,48,deadpool,65869
2,1,49,deadpool,63124
2,1,50,deadpool,63275
2,1,51,deadpool,63546
2,1,52,deadpool,62735
2,1,53,deadpool,78197
2,1,54,deadpool,178839
2,1,55,deadpool,69855
2,1,56,deadpool,64327
2,1,57,deadpool,64497
2,1,58,deadpool,66380
2,1,59,deadpool,63365
2,1,60,deadpool,62564
2,1,61,deadpool,62934
2,1,62,deadpool,62944
2,1,63,deadpool,65939
2,1,64,deadpool,103926
2,1,65,deadpool,71077
2,1,66,deadpool,65058
2,1,67,deadpool,82544
2,1,68,deadpool,71888
2,1,69,deadpool,63695
2,1,70,deadpool,63155
2,1,71,deadpool,62815
2,1,72,deadpool,63095
2,1,73,deadpool,72650
2,1,74,deadpool,104627
2,1,75,deadpool,64417
2,1,76,deadpool,62895
2,1,77,deadpool,63445
2,1,78,deadpool,65628
2,1,79,deadpool,63495
2,1,80,deadpool,62935
2,1,81,deadpool,261584
2,1,82,deadpool,1091732
2,1,83,deadpool,94893
2,1,84,deadpool,94472
2,1,85,deadpool,73190
2,1,86,deadpool,63225
2,1,87,deadpool,71177
2,1,88,deadpool,65238
2,1,89,deadpool,63756
2,1,90,deadpool,61903
2,1,91,deadpool,62204
2,1,92,deadpool,107922
2,1,93,deadpool,66921
2,1,94,deadpool,62314
2,1,95,deadpool,62514
2,1,96,deadpool,62194
2,1,97,deadpool,66750
2,1,98,deadpool,61472
2,1,99,deadpool,62964
2,1,100,deadpool,61623
2,1,101,deadpool,61723
2,1,102,deadpool,96214
2,1,103,deadpool,68473
2,1,104,deadpool,61823
2,1,105,deadpool,62134
2,1,106,deadpool,280091
2,1,107,deadpool,78649
2,1,108,deadpool,67872
2,1,109,deadpool,65999
2,1,110,deadpool,171588
2,1,111,deadpool,71137
2,1,112,deadpool,66310
2,1,113,deadpool,223356
2,1,114,deadpool,88173
2,1,115,deadpool,70225
2,1,116,deadpool,71237
2,1,117,deadpool,74893
2,1,118,deadpool,67711
2,1,119,deadpool,72379
2,1,120,deadpool,71988
2,1,121,deadpool,72169
2,1,122,deadpool,75583
2,1,123,deadpool,88363
2,1,124,deadpool,71628
2,1,125,deadpool,71948
2,1,126,deadpool,116896
2,1,127,deadpool,80201
3,0,0,deadpool,69604
3,0,1,deadpool,246390
3,0,2,deadpool,165879
3,0,3,deadpool,73250
3,0,4,deadpool,72719
3,0,5,deadpool,134793
3,0,6,deadpool,131277
3,0,7,deadpool,77577
3,0,8,deadpool,66490
3,0,9,deadpool,71187
3,0,10,deadpool,70175
3,0,11,deadpool,68403
3,0,12,deadpool,71778
3,0,13,deadpool,69484
3,0,14,deadpool,69084
3,0,15,deadpool,83156
3,0,16,deadpool,75243
3,0,17,deadpool,70145
3,0,18,deadpool,71046
3,0,19,deadpool,110246
3,0,20,deadpool,77166
3,0,21,deadpool,70406
3,0,22,deadpool,63515
3,0,23,deadpool,93881
3,0,24,deadpool,70526
3,0,25,deadpool,71007
3,0,26,deadpool,67942
3,0,27,deadpool,68864
3,0,28,deadpool,78678
3,0,29,deadpool,71858
3,0,30,deadpool,70406
3,0,31,deadpool,69335
3,0,32,deadpool,115944
3,0,33,deadpool,73250
3,0,34,deadpool,72188
3,0,35,deadpool,71447
3,0,36,deadpool,70106
3,0,37,deadpool,67472
3,0,38,deadpool,74231
3,0,39,deadpool,70456
3,0,40,deadpool,70897
3,0,41,deadpool,69675
3,0,42,deadpool,70776
3,0,43,deadpool,72730
3,0,44,deadpool,91958
3,0,45,deadpool,85659
3,0,46,deadpool,72178
3,0,47,deadpool,71637
3,0,48,deadpool,185329
3,0,49,deadpool,74723
3,0,50,deadpool,64006
3,0,51,deadpool,64216
3,0,52,deadpool,69935
3,0,53,deadpool,77146
3,0,54,deadpool,70656
3,0,55,deadpool,66050
3,0,56,deadpool,121623
3,0,57,deadpool,83375
3,0,58,deadpool,72870
3,0,59,deadpool,70716
3,0,60,deadpool,72038
3,0,61,deadpool,71457
3,0,62,deadpool,76405
3,0,63,deadpool,71017
3,0,64,deadpool,68703
3,0,65,deadpool,111337
3,0,66,deadpool,75774
3,0,67,deadpool,73601
3,0,68,deadpool,106020
3,0,69,deadpool,77196
3,0,70,deadpool,67642
3,0,71,deadpool,68493
3,0,72,deadpool,77837
3,0,73,deadpool,72590
3,0,74,deadpool,70897
3,0,75,deadpool,71718
3,0,76,deadpool,68673
3,0,77,deadpool,74472
3,0,78,deadpool,69875
3,0,79,deadpool,68503
3,0,80,deadpool,66580
3,0,81,deadpool,118258
3,0,82,deadpool,76495
3,0,83,deadpool,71938
3,0,84,deadpool,73420
3,0,85,deadpool,322575
3,0,86,deadpool,1419395
3,0,87,deadpool,108043
3,0,88,deadpool,80621
3,0,89,deadpool,75153
3,0,90,deadpool,71838
3,0,91,deadpool,72960
3,0,92,deadpool,70647
3,0,93,deadpool,67111
3,0,94,deadpool,68283
3,0,95,deadpool,90936
3,0,96,deadpool,90687
3,0,97,deadpool,70536
3,0,98,deadpool,71217
3,0,99,deadpool,85329
3,0,100,deadpool,65619
3,0,101,deadpool,65659
3,0,102,deadpool,70937
3,0,103,deadpool,68874
3,0,104,deadpool,71578
3,0,105,deadpool,71588
3,0,106,deadpool,67642
3,0,107,deadpool,71588
3,0,108,deadpool,71648
3,0,109,deadpool,69935
3,0,110,deadpool,71858
3,0,111,deadpool,75704
3,0,112,deadpool,100561
3,0,113,deadpool,72519
3,0,114,deadpool,69655
3,0,115,deadpool,71457
3,0,116,deadpool,78838
3,0,117,deadpool,72939
3,0,118,deadpool,71938
3,0,119,deadpool,68423
3,0,120,deadpool,69033
3,0,121,deadpool,75534
3,0,122,deadpool,140932
3,0,123,deadpool,71307
3,0,124,deadpool,106420
3,0,125,deadpool,71438
3,0,126,deadpool,75844
3,0,127,deadpool,72719
3,1,0,direct,160581
3,1,1,direct,82304
3,1,2,direct,69755
3,1,3,direct,66831
3,1,4,direct,144918
3,1,5,direct,102695
3,1,6,direct,276345
3,1,7,direct,75203
3,1,8,direct,71137
3,1,9,direct,67020
3,1,10,direct,69124
3,1,11,direct,64356
3,1,12,direct,60230
3,1,13,direct,64537
3,1,14,direct,92830
3,1,15,direct,60040
3,1,16,direct,59470
3,1,17,direct,97156
3,1,18,direct,69424
3,1,19,direct,71417
3,1,20,direct,63986
3,1,21,direct,60771
3,1,22,direct,60111
3,1,23,direct,61693
3,1,24,direct,61462
3,1,25,direct,60541
3,1,26,direct,59349
3,1,27,direct,60161
3,1,28,direct,61653
3,1,29,direct,59950
3,1,30,direct,59510
3,1,31,direct,58448
3,1,32,direct,78548
3,1,33,direct,69895
3,1,34,direct,59179
3,1,35,direct,59299
3,1,36,direct,59450
3,1,37,direct,65418
3,1,38,direct,59179
3,1,39,direct,59279
3,1,40,direct,59680
3,1,41,direct,58659
3,1,42,direct,61472
3,1,43,direct,58998
3,1,44,direct,59530
3,1,45,direct,59450
3,1,46,direct,59840
3,1,47,direct,60992
3,1,48,direct,60351
3,1,49,direct,63015
3,1,50,direct,64197
3,1,51,direct,58968
3,1,52,direct,63516
3,1,53,direct,103966
3,1,54,direct,419531
3,1,55,direct,71688
3,1,56,direct,61653
3,1,57,direct,72028
3,1,58,direct,65870
3,1,59,direct,59299
3,1,60,direct,59059
3,1,61,direct,59059
3,1,62,direct,61021
3,1,63,direct,59209
3,1,64,direct,58498
3,1,65,direct,60141
3,1,66,direct,59430
3,1,67,direct,61682
3,1,68,direct,59259
3,1,69,direct,98708
3,1,70,direct,60351
3,1,71,direct,59379
3,1,72,direct,79660
3,1,73,direct,63075
3,1,74,direct,58969
3,1,75,direct,61272
3,1,76,direct,59720
3,1,77,direct,61542
3,1,78,direct,60982
3,1,79,direct,60041
3,1,80,direct,59229
3,1,81,direct,59760
3,1,82,direct,60921
3,1,83,direct,60000
3,1,84,direct,60802
3,1,85,direct,59419
3,1,86,direct,62183
3,1,87,direct,59379
3,1,88,direct,71548
3,1,89,direct,62254
3,1,90,direct,179680
3,1,91,direct,95774
3,1,92,direct,61252
3,1,93,direct,131938
3,1,94,direct,63135
3,1,95,direct,60000
3,1,96,direct,62273
3,1,97,direct,61302
3,1,98,direct,60321
3,1,99,direct,60150
3,1,100,direct,101143
3,1,101,direct,64116
3,1,102,direct,59910
3,1,103,direct,63305
3,1,104,direct,103746
3,1,105,direct,60791
3,1,106,direct,62124
3,1,107,direct,59850
3,1,108,direct,60251
3,1,109,direct,60131
3,1,110,direct,60711
3,1,111,direct,60801
3,1,112,direct,59860
3,1,113,direct,59009
3,1,114,direct,79630
3,1,115,direct,69054
3,1,116,direct,61943
3,1,117,direct,58879
3,1,118,direct,60361
3,1,119,direct,58968
3,1,120,direct,59799
3,1,121,direct,61503
3,1,122,direct,59980
3,1,123,direct,59900
3,1,124,direct,61101
3,1,125,direct,60100
3,1,126,direct,71537
3,1,127,direct,60531
4,0,0,direct,61623
4,0,1,direct,71157
4,0,2,direct,62874
4,0,3,direct,61502
4,0,4,direct,59249
4,0,5,direct,60060
4,0,6,direct,59430
4,0,7,direct,63275
4,0,8,direct,57757
4,0,9,direct,61963
4,0,10,direct,59320
4,0,11,direct,58858
4,0,12,direct,62754
4,0,13,direct,59850
4,0,14,direct,58999
4,0,15,direct,59400
4,0,16,direct,59179
4,0,17,direct,70366
4,0,18,direct,61772
4,0,19,direct,59029
4,0,20,direct,59579
4,0,21,direct,60891
4,0,22,direct,60621
4,0,23,direct,59600
4,0,24,direct,61373
4,0,25,direct,70556
4,0,26,direct,58848
4,0,27,direct,60872
4,0,28,direct,58758
4,0,29,direct,59260
4,0,30,direct,58918
4,0,31,direct,59729
4,0,32,direct,60861
4,0,33,direct,77497
4,0,34,direct,61563
4,0,35,direct,58628
4,0,36,direct,60821
4,0,37,direct,122104
4,0,38,direct,71398
4,0,39,direct,59961
4,0,40,direct,59439
4,0,41,direct,54471
4,0,42,direct,66189
4,0,43,direct,101743
4,0,44,direct,96235
4,0,45,direct,65258
4,0,46,direct,60140
4,0,47,direct,61482
4,0,48,direct,60871
4,0,49,direct,60701
4,0,50,direct,58999
4,0,51,direct,59910
4,0,52,direct,61503
4,0,53,direct,60942
4,0,54,direct,61382
4,0,55,direct,90356
4,0,56,direct,61222
4,0,57,direct,62745
4,0,58,direct,59580
4,0,59,direct,75794
4,0,60,direct,60091
4,0,61,direct,64307
4,0,62,direct,59921
4,0,63,direct,58798
4,0,64,direct,59159
4,0,65,direct,60901
4,0,66,direct,61743
4,0,67,direct,62985
4,0,68,direct,63956
4,0,69,direct,61182
4,0,70,direct,109024
4,0,71,direct,64136
4,0,72,direct,60761
4,0,73,direct,94992
4,0,74,direct,65748
4,0,75,direct,60471
4,0,76,direct,61292
4,0,77,direct,59450
4,0,78,direct,58939
4,0,79,direct,60791
4,0,80,direct,60210
4,0,81,direct,157256
4,0,82,direct,87511
4,0,83,direct,60882
4,0,84,direct,59549
4,0,85,direct,59559
4,0,86,direct,61062
4,0,87,direct,121303
4,0,88,direct,115834
4,0,89,direct,127562
4,0,90,direct,61904
4,0,91,direct,60621
4,0,92,direct,59529
4,0,93,direct,87342
4,0,94,direct,67762
4,0,95,direct,60020
4,0,96,direct,61783
4,0,97,direct,59459
4,0,98,direct,60451
4,0,99,direct,95053
4,0,100,direct,62223
4,0,101,direct,61683
4,0,102,direct,60491
4,0,103,direct,59300
4,0,104,direct,60481
4,0,105,direct,170266
4,0,106,direct,66630
4,0,107,direct,61061
4,0,108,direct,86930
4,0,109,direct,61182
4,0,110,direct,62884
4,0,111,direct,59259
4,0,112,direct,115494
4,0,113,direct,62744
4,0,114,direct,60862
4,0,115,direct,61723
4,0,116,direct,61933
4,0,117,direct,60170
4,0,118,direct,60381
4,0,119,direct,59540
4,0,120,direct,62344
4,0,121,direct,59369
4,0,122,direct,59710
4,0,123,direct,58909
4,0,124,direct,59980
4,0,125,direct,60450
4,0,126,direct,61152
4,0,127,direct,146210
4,1,0,deadpool,221262
4,1,1,deadpool,68673
4,1,2,deadpool,68383
4,1,3,deadpool,85990
4,1,4,deadpool,65429
4,1,5,deadpool,334854
4,1,6,deadpool,279971
4,1,7,deadpool,306541
4,1,8,deadpool,77036
4,1,9,deadpool,185749
4,1,10,deadpool,68563
4,1,11,deadpool,63906
4,1,12,deadpool,145098
4,1,13,deadpool,73601
4,1,14,deadpool,64577
4,1,15,deadpool,63235
4,1,16,deadpool,62714
4,1,17,deadpool,89625
4,1,18,deadpool,64357
4,1,19,deadpool,62965
4,1,20,deadpool,64267
4,1,21,deadpool,115324
4,1,22,deadpool,71467
4,1,23,deadpool,68212
4,1,24,deadpool,114623
4,1,25,deadpool,71668
4,1,26,deadpool,72339
4,1,27,deadpool,70145
4,1,28,deadpool,70526
4,1,29,deadpool,68033
4,1,30,deadpool,69064
4,1,31,deadpool,142655
4,1,32,deadpool,95634
4,1,33,deadpool,72088
4,1,34,deadpool,71908
4,1,35,deadpool,69755
4,1,36,deadpool,149835
4,1,37,deadpool,77868
4,1,38,deadpool,70506
4,1,39,deadpool,70466
4,1,40,deadpool,146500
4,1,41,deadpool,124217
4,1,42,deadpool,73611
4,1,43,deadpool,72409
4,1,44,deadpool,71738
4,1,45,deadpool,69875
4,1,46,deadpool,113410
4,1,47,deadpool,79730
4,1,48,deadpool,160261
4,1,49,deadpool,68864
4,1,50,deadpool,71878
4,1,51,deadpool,127762
4,1,52,deadpool,78588
4,1,53,deadpool,72569
4,1,54,deadpool,70095
4,1,55,deadpool,126971
4,1,56,deadpool,127261
4,1,57,deadpool,75895
4,1,58,deadpool,70416
4,1,59,deadpool,69254
4,1,60,deadpool,139500
4,1,61,deadpool,148453
4,1,62,deadpool,77566
4,1,63,deadpool,107862
4,1,64,deadpool,73871
4,1,65,deadpool,76405
4,1,66,deadpool,120051
4,1,67,deadpool,82164
4,1,68,deadpool,72058
4,1,69,deadpool,64106
4,1,70,deadpool,70627
4,1,71,deadpool,69665
4,1,72,deadpool,68113
4,1,73,deadpool,66680
4,1,74,deadpool,68072
4,1,75,deadpool,68003
4,1,76,deadpool,69715
4,1,77,deadpool,69284
4,1,78,deadpool,69695
4,1,79,deadpool,127071
4,1,80,deadpool,76224
4,1,81,deadpool,65859
4,1,82,deadpool,69605
4,1,83,deadpool,70266
4,1,84,deadpool,69154
4,1,85,deadpool,73010
4,1,86,deadpool,73130
4,1,87,deadpool,68593
4,1,88,deadpool,71548
4,1,89,deadpool,64998
4,1,90,deadpool,64847
4,1,91,deadpool,62554
4,1,92,deadpool,62644
4,1,93,deadpool,83886
4,1,94,deadpool,71087
4,1,95,deadpool,72799
4,1,96,deadpool,70757
4,1,97,deadpool,64657
4,1,98,deadpool,67772
4,1,99,deadpool,72920
4,1,100,deadpool,74161
4,1,101,deadpool,71307
4,1,102,deadpool,70316
4,1,103,deadpool,69815
4,1,104,deadpool,72268
4,1,105,deadpool,73441
4,1,106,deadpool,96235
4,1,107,deadpool,82023
4,1,108,deadpool,158228
4,1,109,deadpool,111899
4,1,110,deadpool,289395
4,1,111,deadpool,113691
4,1,112,deadpool,70075
4,1,113,deadpool,67621
4,1,114,deadpool,125368
4,1,115,deadpool,77246
4,1,116,deadpool,69424
4,1,117,deadpool,71167
4,1,118,deadpool,73410
4,1,119,deadpool,74502
4,1,120,deadpool,71367
4,1,121,deadpool,71227
4,1,122,deadpool,68743
4,1,123,deadpool,70486
4,1,124,deadpool,74312
4,1,125,deadpool,70787
4,1,126,deadpool,82344
4,1,127,deadpool,79109
5,0,0,deadpool,295094
5,0,1,deadpool,166611
5,0,2,deadpool,90536
5,0,3,deadpool,70186
5,0,4,deadpool,70126
5,0,5,deadpool,69875
5,0,6,deadpool,79470
5,0,7,deadpool,433092
5,0,8,deadpool,90426
5,0,9,deadpool,130456
5,0,10,deadpool,76055
5,0,11,deadpool,72499
5,0,12,deadpool,67381
5,0,13,deadpool,70115
5,0,14,deadpool,214273
5,0,15,deadpool,82505
5,0,16,deadpool,73921
5,0,17,deadpool,70836
5,0,18,deadpool,68272
5,0,19,deadpool,70015
5,0,20,deadpool,71317
5,0,21,deadpool,70205
5,0,22,deadpool,94532
5,0,23,deadpool,123986
5,0,24,deadpool,83475
5,0,25,deadpool,117157
5,0,26,deadpool,73090
5,0,27,deadpool,71367
5,0,28,deadpool,69404
5,0,29,deadpool,68113
5,0,30,deadpool,68273
5,0,31,deadpool,70236
5,0,32,deadpool,158779
5,0,33,deadpool,79950
5,0,34,deadpool,69124
5,0,35,deadpool,63235
5,0,36,deadpool,66059
5,0,37,deadpool,107011
5,0,38,deadpool,63635
5,0,39,deadpool,62954
5,0,40,deadpool,62594
5,0,41,deadpool,65058
5,0,42,deadpool,63406
5,0,43,deadpool,62744
5,0,44,deadpool,64117
5,0,45,deadpool,62875
5,0,46,deadpool,65008
5,0,47,deadpool,67872
5,0,48,deadpool,69805
5,0,49,deadpool,76666
5,0,50,deadpool,72719
5,0,51,deadpool,85508
5,0,52,deadpool,64227
5,0,53,deadpool,63325
5,0,54,deadpool,66040
5,0,55,deadpool,74733
5,0,56,deadpool,72569
5,0,57,deadpool,72328
5,0,58,deadpool,70816
5,0,59,deadpool,71547
5,0,60,deadpool,75894
5,0,61,deadpool,70265
5,0,62,deadpool,69604
5,0,63,deadpool,70536
5,0,64,deadpool,89835
5,0,65,deadpool,75844
5,0,66,deadpool,68924
5,0,67,deadpool,69144
5,0,68,deadpool,66811
5,0,69,deadpool,62474
5,0,70,deadpool,149946
5,0,71,deadpool,76335
5,0,72,deadpool,63426
5,0,73,deadpool,95274
5,0,74,deadpool,65799
5,0,75,deadpool,64217
5,0,76,deadpool,62204
5,0,77,deadpool,102575
5,0,78,deadpool,66781
5,0,79,deadpool,64387
5,0,80,deadpool,128664
5,0,81,deadpool,67030
5,0,82,deadpool,62995
5,0,83,deadpool,62624
5,0,84,deadpool,63656
5,0,85,deadpool,64387
5,0,86,deadpool,63135
5,0,87,deadpool,62985
5,0,88,deadpool,63045
5,0,89,deadpool,63977
5,0,90,deadpool,114142
5,0,91,deadpool,68353
5,0,92,deadpool,375435
5,0,93,deadpool,96776
5,0,94,deadpool,63926
5,0,95,deadpool,66129
5,0,96,deadpool,63014
5,0,97,deadpool,62584
5,0,98,deadpool,62334
5,0,99,deadpool,123596
5,0,100,deadpool,74772
5,0,101,deadpool,63986
5,0,102,deadpool,62244
5,0,103,deadpool,195364
5,0,104,deadpool,70416
5,0,105,deadpool,65308
5,0,106,deadpool,62594
5,0,107,deadpool,122074
5,0,108,deadpool,67943
5,0,109,deadpool,63515
5,0,110,deadpool,88443
5,0,111,deadpool,66410
5,0,112,deadpool,63736
5,0,113,deadpool,63475
5,0,114,deadpool,70746
5,0,115,deadpool,63606
5,0,116,deadpool,62975
5,0,117,deadpool,63706
5,0,118,deadpool,63676
5,0,119,deadpool,66450
5,0,120,deadpool,81362
5,0,121,deadpool,67111
5,0,122,deadpool,64097
5,0,123,deadpool,63355
5,0,124,deadpool,84537
5,0,125,deadpool,67501
5,0,126,deadpool,62875
5,0,127,deadpool,64397
5,1,0,direct,191188
5,1,1,direct,84427
5,1,2,direct,61272
5,1,3,direct,61152
5,1,4,direct,68974
5,1,5,direct,298629
5,1,6,direct,85980
5,1,7,direct,61613
5,1,8,direct,60331
5,1,9,direct,59359
5,1,10,direct,60021
5,1,11,direct,62083
5,1,12,direct,142425
5,1,13,direct,70145
5,1,14,direct,59930
5,1,15,direct,60241
5,1,16,direct,61843
5,1,17,direct,60010
5,1,18,direct,60111
5,1,19,direct,96635
5,1,20,direct,66369
5,1,21,direct,119510
5,1,22,direct,207622
5,1,23,direct,195925
5,1,24,direct,65058
5,1,25,direct,60551
5,1,26,direct,61733
5,1,27,direct,60300
5,1,28,direct,60281
5,1,29,direct,99980
5,1,30,direct,62073
5,1,31,direct,61193
5,1,32,direct,59559
5,1,33,direct,60100
5,1,34,direct,120021
5,1,35,direct,257497
5,1,36,direct,1154256
5,1,37,direct,66951
5,1,38,direct,83826
5,1,39,direct,94071
5,1,40,direct,60791
5,1,41,direct,61532
5,1,42,direct,59389
5,1,43,direct,59760
5,1,44,direct,59590
5,1,45,direct,63105
5,1,46,direct,61552
5,1,47,direct,60451
5,1,48,direct,60501
5,1,49,direct,60411
5,1,50,direct,60702
5,1,51,direct,59369
5,1,52,direct,58908
5,1,53,direct,59430
5,1,54,direct,79379
5,1,55,direct,133331
5,1,56,direct,72980
5,1,57,direct,61573
5,1,58,direct,59860
5,1,59,direct,60712
5,1,60,direct,61402
5,1,61,direct,60621
5,1,62,direct,60381
5,1,63,direct,60241
5,1,64,direct,59619
5,1,65,direct,62203
5,1,66,direct,62454
5,1,67,direct,173822
5,1,68,direct,91328
5,1,69,direct,61302
5,1,70,direct,62023
5,1,71,direct,60431
5,1,72,direct,60992
5,1,73,direct,60130
5,1,74,direct,60330
5,1,75,direct,61563
5,1,76,direct,60000
5,1,77,direct,94152
5,1,78,direct,60591
5,1,79,direct,60000
5,1,80,direct,81462
5,1,81,direct,74963
5,1,82,direct,60541
5,1,83,direct,58889
5,1,84,direct,59600
5,1,85,direct,122013
5,1,86,direct,62454
5,1,87,direct,60401
5,1,88,direct,61282
5,1,89,direct,143346
5,1,90,direct,77457
5,1,91,direct,61383
5,1,92,direct,60170
5,1,93,direct,98177
5,1,94,direct,122704
5,1,95,direct,61372
5,1,96,direct,61553
5,1,97,direct,59370
5,1,98,direct,61502
5,1,99,direct,61563
5,1,100,direct,61022
5,1,101,direct,60171
5,1,102,direct,59860
5,1,103,direct,60732
5,1,104,direct,61693
5,1,105,direct,60531
5,1,106,direct,60411
5,1,107,direct,80050
5,1,108,direct,83586
5,1,109,direct,63004
5,1,110,direct,58918
5,1,111,direct,60291
5,1,112,direct,60131
5,1,113,direct,58868
5,1,114,direct,60742
5,1,115,direct,58939
5,1,116,direct,58818
5,1,117,direct,59820
5,1,118,direct,58498
5,1,119,direct,60872
5,1,120,direct,60231
5,1,121,direct,60200
5,1,122,direct,58939
5,1,123,direct,105419
5,1,124,direct,63215
5,1,125,direct,60221
5,1,126,direct,59610
5,1,127,direct,59659
6,0,0,direct,63065
6,0,1,direct,59430
6,0,2,direct,59980
6,0,3,direct,59960
6,0,4,direct,58988
6,0,5,direct,61993
6,0,6,direct,281434
6,0,7,direct,86440
6,0,8,direct,61323
6,0,9,direct,60341
6,0,10,direct,62814
6,0,11,direct,60291
6,0,12,direct,59750
6,0,13,direct,60131
6,0,14,direct,59830
6,0,15,direct,61422
6,0,16,direct,112510
6,0,17,direct,71197
6,0,18,direct,60822
6,0,19,direct,59970
6,0,20,direct,60651
6,0,21,direct,100010
6,0,22,direct,61553
6,0,23,direct,61803
6,0,24,direct,61373
6,0,25,direct,61913
6,0,26,direct,59249
6,0,27,direct,59399
6,0,28,direct,60090
6,0,29,direct,59790
6,0,30,direct,60991
6,0,31,direct,60080
6,0,32,direct,60141
6,0,33,direct,59539
6,0,34,direct,59971
6,0,35,direct,61593
6,0,36,direct,90496
6,0,37,direct,64467
6,0,38,direct,61102
6,0,39,direct,59890
6,0,40,direct,61953
6,0,41,direct,60270
6,0,42,direct,60200
6,0,43,direct,59990
6,0,44,direct,60020
6,0,45,direct,61282
6,0,46,direct,66570
6,0,47,direct,677529
6,0,48,direct,68132
6,0,49,direct,60822
6,0,50,direct,61893
6,0,51,direct,59980
6,0,52,direct,59640
6,0,53,direct,261363
6,0,54,direct,161854
6,0,55,direct,79200
6,0,56,direct,72419
6,0,57,direct,65398
6,0,58,direct,68523
6,0,59,direct,70466
6,0,60,direct,66330
6,0,61,direct,66640
6,0,62,direct,66460
6,0,63,direct,65799
6,0,64,direct,67061
6,0,65,direct,67111
6,0,66,direct,62404
6,0,67,direct,112790
6,0,68,direct,67352
6,0,69,direct,69264
6,0,70,direct,67000
6,0,71,direct,64537
6,0,72,direct,64717
6,0,73,direct,134913
6,0,74,direct,70346
6,0,75,direct,66300
6,0,76,direct,65739
6,0,77,direct,65219
6,0,78,direct,64267
6,0,79,direct,69365
6,0,80,direct,1421808
6,0,81,direct,76485
6,0,82,direct,68984
6,0,83,direct,61983
6,0,84,direct,64767
6,0,85,direct,89194
6,0,86,direct,65899
6,0,87,direct,66901
6,0,88,direct,66200
6,0,89,direct,85539
6,0,90,direct,70657
6,0,91,direct,65619
6,0,92,direct,66009
6,0,93,direct,69204
6,0,94,direct,67151
6,0,95,direct,65939
6,0,96,direct,64126
6,0,97,direct,66050
6,0,98,direct,68633
6,0,99,direct,64136
6,0,100,direct,66119
6,0,101,direct,67852
6,0,102,direct,82964
6,0,103,direct,91888
6,0,104,direct,68843
6,0,105,direct,67761
6,0,106,direct,66470
6,0,107,direct,65568
6,0,108,direct,69014
6,0,109,direct,64968
6,0,110,direct,277728
6,0,111,direct,85749
6,0,112,direct,68002
6,0,113,direct,132249
6,0,114,direct,212474
6,0,115,direct,99910
6,0,116,direct,70706
6,0,117,direct,69164
6,0,118,direct,64648
6,0,119,direct,68353
6,0,120,direct,75514
6,0,121,direct,342275
6,0,122,direct,76034
6,0,123,direct,69805
6,0,124,direct,70096
6,0,125,direct,66670
6,0,126,direct,62534
6,0,127,direct,62203
6,1,0,deadpool,304087
6,1,1,deadpool,82585
6,1,2,deadpool,107782
6,1,3,deadpool,80100
6,1,4,deadpool,73110
6,1,5,deadpool,72699
6,1,6,deadpool,72309
6,1,7,deadpool,68904
6,1,8,deadpool,69264
6,1,9,deadpool,71066
6,1,10,deadpool,99309
6,1,11,deadpool,67101
6,1,12,deadpool,70777
6,1,13,deadpool,75894
6,1,14,deadpool,160281
6,1,15,deadpool,82294
6,1,16,deadpool,90366
6,1,17,deadpool,79881
6,1,18,deadpool,76205
6,1,19,deadpool,79790
6,1,20,deadpool,71738
6,1,21,deadpool,73371
6,1,22,deadpool,67131
6,1,23,deadpool,66339
6,1,24,deadpool,79259
6,1,25,deadpool,69374
6,1,26,deadpool,159069
6,1,27,deadpool,81552
6,1,28,deadpool,68753
6,1,29,deadpool,97977
6,1,30,deadpool,99740
6,1,31,deadpool,73791
6,1,32,deadpool,70316
6,1,33,deadpool,69955
6,1,34,deadpool,72019
6,1,35,deadpool,68613
6,1,36,deadpool,67381
6,1,37,deadpool,290758
6,1,38,deadpool,88352
6,1,39,deadpool,78528
6,1,40,deadpool,73881
6,1,41,deadpool,70436
6,1,42,deadpool,72139
6,1,43,deadpool,69014
6,1,44,deadpool,125369
6,1,45,deadpool,78158
6,1,46,deadpool,70787
6,1,47,deadpool,116846
6,1,48,deadpool,74292
6,1,49,deadpool,85629
6,1,50,deadpool,70887
6,1,51,deadpool,70877
6,1,52,deadpool,72329
6,1,53,deadpool,70676
6,1,54,deadpool,71498
6,1,55,deadpool,68293
6,1,56,deadpool,72940
6,1,57,deadpool,72249
6,1,58,deadpool,70105
6,1,59,deadpool,234583
6,1,60,deadpool,83666
6,1,61,deadpool,74412
6,1,62,deadpool,71587
6,1,63,deadpool,70806
6,1,64,deadpool,73581
6,1,65,deadpool,70616
6,1,66,deadpool,70295
6,1,67,deadpool,71047
6,1,68,deadpool,67361
6,1,69,deadpool,64897
6,1,70,deadpool,65057
6,1,71,deadpool,102524
6,1,72,deadpool,73751
6,1,73,deadpool,70456
6,1,74,deadpool,266882
6,1,75,deadpool,1371763
6,1,76,deadpool,176646
6,1,77,deadpool,74302
6,1,78,deadpool,74673
6,1,79,deadpool,79450
6,1,80,deadpool,64156
6,1,81,deadpool,63556
6,1,82,deadpool,63235
6,1,83,deadpool,68933
6,1,84,deadpool,92399
6,1,85,deadpool,68473
6,1,86,deadpool,64256
6,1,87,deadpool,64457
6,1,88,deadpool,68754
6,1,89,deadpool,109966
6,1,90,deadpool,70266
6,1,91,deadpool,67832
6,1,92,deadpool,63185
6,1,93,deadpool,65728
6,1,94,deadpool,63996
6,1,95,deadpool,63255
6,1,96,deadpool,62935
6,1,97,deadpool,62895
6,1,98,deadpool,65608
6,1,99,deadpool,63015
6,1,100,deadpool,62664
6,1,101,deadpool,126750
6,1,102,deadpool,75564
6,1,103,deadpool,115654
6,1,104,deadpool,66180
6,1,105,deadpool,64297
6,1,106,deadpool,63626
6,1,107,deadpool,61973
6,1,108,deadpool,65909
6,1,109,deadpool,62925
6,1,110,deadpool,63726
6,1,111,deadpool,62564
6,1,112,deadpool,62735
6,1,113,deadpool,71077
6,1,114,deadpool,71327
6,1,115,deadpool,63616
6,1,116,deadpool,64267
6,1,117,deadpool,257943
6,1,118,deadpool,80711
6,1,119,deadpool,64047
6,1,120,deadpool,64066
6,1,121,deadpool,64317
6,1,122,deadpool,62364
6,1,123,deadpool,287683
6,1,124,deadpool,76455
6,1,125,deadpool,98878
6,1,126,deadpool,66410
6,1,127,deadpool,63986
7,0,0,deadpool,67071
7,0,1,deadpool,64598
7,0,2,deadpool,63415
7,0,3,deadpool,63615
7,0,4,deadpool,63576
7,0,5,deadpool,81312
7,0,6,deadpool,124447
7,0,7,deadpool,69705
7,0,8,deadpool,63285
7,0,9,deadpool,74612
7,0,10,deadpool,125258
7,0,11,deadpool,66911
7,0,12,deadpool,82064
7,0,13,deadpool,68103
7,0,14,deadpool,73701
7,0,15,deadpool,74181
7,0,16,deadpool,67361
7,0,17,deadpool,68634
7,0,18,deadpool,69134
7,0,19,deadpool,69675
7,0,20,deadpool,62584
7,0,21,deadpool,62574
7,0,22,deadpool,64137
7,0,23,deadpool,76475
7,0,24,deadpool,67903
7,0,25,deadpool,62604
7,0,26,deadpool,61403
7,0,27,deadpool,62835
7,0,28,deadpool,62484
7,0,29,deadpool,64507
7,0,30,deadpool,71918
7,0,31,deadpool,63525
7,0,32,deadpool,62904
7,0,33,deadpool,62534
7,0,34,deadpool,64417
7,0,35,deadpool,62664
7,0,36,deadpool,63175
7,0,37,deadpool,80821
7,0,38,deadpool,352260
7,0,39,deadpool,72168
7,0,40,deadpool,62824
7,0,41,deadpool,295835
7,0,42,deadpool,71959
7,0,43,deadpool,63015
7,0,44,deadpool,63766
7,0,45,deadpool,85849
7,0,46,deadpool,63496
7,0,47,deadpool,62694
7,0,48,deadpool,62714
7,0,49,deadpool,64577
7,0,50,deadpool,62574
7,0,51,deadpool,61923
7,0,52,deadpool,61733
7,0,53,deadpool,64617
7,0,54,deadpool,63345
7,0,55,deadpool,61763
7,0,56,deadpool,63346
7,0,57,deadpool,62434
7,0,58,deadpool,67462
7,0,59,deadpool,284438
7,0,60,deadpool,107502
7,0,61,deadpool,64988
7,0,62,deadpool,61813
7,0,63,deadpool,70256
7,0,64,deadpool,62974
7,0,65,deadpool,62373
7,0,66,deadpool,114913
7,0,67,deadpool,76165
7,0,68,deadpool,64607
7,0,69,deadpool,85739
7,0,70,deadpool,70105
7,0,71,deadpool,156386
7,0,72,deadpool,65819
7,0,73,deadpool,64888
7,0,74,deadpool,62765
7,0,75,deadpool,130947
7,0,76,deadpool,68113
7,0,77,deadpool,62594
7,0,78,deadpool,64367
7,0,79,deadpool,63175
7,0,80,deadpool,62313
7,0,81,deadpool,126941
7,0,82,deadpool,70346
7,0,83,deadpool,65358
7,0,84,deadpool,63886
7,0,85,deadpool,78438
7,0,86,deadpool,63235
7,0,87,deadpool,62414
7,0,88,deadpool,64587
7,0,89,deadpool,62755
7,0,90,deadpool,62294
7,0,91,deadpool,114131
7,0,92,deadpool,74622
7,0,93,deadpool,65158
7,0,94,deadpool,128784
7,0,95,deadpool,80280
7,0,96,deadpool,63495
7,0,97,deadpool,69655
7,0,98,deadpool,63505
7,0,99,deadpool,63626
7,0,100,deadpool,63115
7,0,101,deadpool,76284
7,0,102,deadpool,70877
7,0,103,deadpool,63456
7,0,104,deadpool,63726
7,0,105,deadpool,62644
7,0,106,deadpool,62013
7,0,107,deadpool,70456
7,0,108,deadpool,93361
7,0,109,deadpool,65248
7,0,110,deadpool,62915
7,0,111,deadpool,62745
7,0,112,deadpool,64697
7,0,113,deadpool,63134
7,0,114,deadpool,62354
7,0,115,deadpool,62955
7,0,116,deadpool,70926
7,0,117,deadpool,66841
7,0,118,deadpool,61954
7,0,119,deadpool,62394
7,0,120,deadpool,64046
7,0,121,deadpool,62694
7,0,122,deadpool,352089
7,0,123,deadpool,182004
7,0,124,deadpool,129745
7,0,125,deadpool,68012
7,0,126,deadpool,63346
7,0,127,deadpool,64628
7,1,0,direct,159320
7,1,1,direct,118018
7,1,2,direct,63175
7,1,3,direct,60341
7,1,4,direct,65779
7,1,5,direct,61422
7,1,6,direct,60762
7,1,7,direct,60461
7,1,8,direct,60521
7,1,9,direct,61813
7,1,10,direct,59730
7,1,11,direct,83966
7,1,12,direct,65338
7,1,13,direct,65148
7,1,14,direct,60871
7,1,15,direct,123326
7,1,16,direct,65038
7,1,17,direct,61953
7,1,18,direct,70746
7,1,19,direct,59409
7,1,20,direct,62313
7,1,21,direct,60621
7,1,22,direct,61382
7,1,23,direct,65038
7,1,24,direct,61542
7,1,25,direct,61442
7,1,26,direct,60031
7,1,27,direct,58428
7,1,28,direct,61092
7,1,29,direct,59840
7,1,30,direct,95884
7,1,31,direct,60762
7,1,32,direct,60090
7,1,33,direct,61061
7,1,34,direct,59870
7,1,35,direct,59790
7,1,36,direct,60110
7,1,37,direct,59489
7,1,38,direct,64286
7,1,39,direct,60060
7,1,40,direct,61713
7,1,41,direct,59640
7,1,42,direct,59980
7,1,43,direct,62473
7,1,44,direct,59259
7,1,45,direct,64907
7,1,46,direct,72158
7,1,47,direct,61102
7,1,48,direct,61493
7,1,49,direct,69394
7,1,50,direct,60411
7,1,51,direct,130516
7,1,52,direct,63335
7,1,53,direct,62735
7,1,54,direct,60160
7,1,55,direct,60200
7,1,56,direct,60491
7,1,57,direct,59800
7,1,58,direct,60471
7,1,59,direct,93070
7,1,60,direct,60842
7,1,61,direct,61112
7,1,62,direct,60421
7,1,63,direct,61873
7,1,64,direct,59880
7,1,65,direct,61343
7,1,66,direct,59289
7,1,67,direct,66090
7,1,68,direct,60071
7,1,69,direct,61422
7,1,70,direct,84728
7,1,71,direct,60371
7,1,72,direct,108823
7,1,73,direct,638611
7,1,74,direct,95564
7,1,75,direct,67632
7,1,76,direct,66130
7,1,77,direct,90967
7,1,78,direct,117416
7,1,79,direct,73991
7,1,80,direct,63035
7,1,81,direct,64427
7,1,82,direct,67151
7,1,83,direct,69314
7,1,84,direct,78468
7,1,85,direct,76204
7,1,86,direct,71097
7,1,87,direct,66280
7,1,88,direct,64487
7,1,89,direct,65899
7,1,90,direct,65949
7,1,91,direct,86160
7,1,92,direct,108022
7,1,93,direct,68152
7,1,94,direct,81453
7,1,95,direct,71778
7,1,96,direct,69875
7,1,97,direct,64447
7,1,98,direct,67271
7,1,99,direct,66420
7,1,100,direct,78548
7,1,101,direct,70456
7,1,102,direct,67712
7,1,103,direct,64397
7,1,104,direct,134433
7,1,105,direct,97997
7,1,106,direct,224758
7,1,107,direct,174693
7,1,108,direct,70807
7,1,109,direct,107572
7,1,110,direct,74472
7,1,111,direct,67571
7,1,112,direct,66970
7,1,113,direct,112929
7,1,114,direct,70576
7,1,115,direct,69845
7,1,116,direct,70987
7,1,117,direct,67752
7,1,118,direct,65879
7,1,119,direct,67572
7,1,120,direct,66901
7,1,121,direct,71718
7,1,122,direct,68013
7,1,123,direct,67371
7,1,124,direct,65779
7,1,125,direct,66460
7,1,126,direct,79720
7,1,127,direct,71677
8,0,0,direct,86900
8,0,1,direct,67010
8,0,2,direct,479020
8,0,3,direct,79770
8,0,4,direct,71016
8,0,5,direct,67491
8,0,6,direct,105679
8,0,7,direct,70756
8,0,8,direct,71567
8,0,9,direct,65399
8,0,10,direct,69234
8,0,11,direct,68644
8,0,12,direct,67141
8,0,13,direct,69714
8,0,14,direct,66860
8,0,15,direct,60952
8,0,16,direct,67892
8,0,17,direct,91617
8,0,18,direct,187613
8,0,19,direct,69545
8,0,20,direct,213581
8,0,21,direct,71097
8,0,22,direct,327753
8,0,23,direct,98308
8,0,24,direct,89144
8,0,25,direct,113341
8,0,26,direct,69965
8,0,27,direct,68012
8,0,28,direct,70296
8,0,29,direct,69525
8,0,30,direct,68563
8,0,31,direct,67001
8,0,32,direct,84677
8,0,33,direct,70265
8,0,34,direct,68763
8,0,35,direct,68243
8,0,36,direct,71017
8,0,37,direct,67822
8,0,38,direct,92729
8,0,39,direct,70285
8,0,40,direct,65628
8,0,41,direct,125339
8,0,42,direct,81803
8,0,43,direct,66990
8,0,44,direct,68242
8,0,45,direct,67011
8,0,46,direct,65829
8,0,47,direct,229445
8,0,48,direct,241809
8,0,49,direct,155614
8,0,50,direct,118278
8,0,51,direct,118859
8,0,52,direct,123305
8,0,53,direct,118408
8,0,54,direct,120160
8,0,55,direct,148293
8,0,56,direct,122705
8,0,57,direct,120632
8,0,58,direct,119881
8,0,59,direct,115654
8,0,60,direct,154502
8,0,61,direct,137036
8,0,62,direct,154022
8,0,63,direct,117567
8,0,64,direct,117407
8,0,65,direct,118549
8,0,66,direct,140581
8,0,67,direct,131638
8,0,68,direct,119660
8,0,69,direct,118217
8,0,70,direct,151618
8,0,71,direct,118719
8,0,72,direct,126030
8,0,73,direct,117767
8,0,74,direct,118668
8,0,75,direct,122374
8,0,76,direct,117066
8,0,77,direct,165238
8,0,78,direct,129745
8,0,79,direct,119841
8,0,80,direct,117918
8,0,81,direct,118609
8,0,82,direct,117957
8,0,83,direct,105589
8,0,84,direct,104797
8,0,85,direct,130376
8,0,86,direct,118538
8,0,87,direct,123065
8,0,88,direct,119189
8,0,89,direct,116235
8,0,90,direct,105729
8,0,91,direct,148223
8,0,92,direct,110456
8,0,93,direct,125859
8,0,94,direct,110797
8,0,95,direct,105939
8,0,96,direct,109154
8,0,97,direct,105479
8,0,98,direct,122144
8,0,99,direct,106580
8,0,100,direct,107983
8,0,101,direct,111407
8,0,102,direct,128844
8,0,103,direct,107001
8,0,104,direct,104147
8,0,105,direct,114172
8,0,106,direct,111638
8,0,107,direct,105529
8,0,108,direct,104788
8,0,109,direct,105198
8,0,110,direct,105188
8,0,111,direct,216676
8,0,112,direct,265770
8,0,113,direct,111898
8,0,114,direct,108223
8,0,115,direct,108222
8,0,116,direct,112489
8,0,117,direct,136375
8,0,118,direct,107252
8,0,119,direct,106891
8,0,120,direct,107301
8,0,121,direct,109755
8,0,122,direct,105910
8,0,123,direct,150567
8,0,124,direct,107331
8,0,125,direct,130887
8,0,126,direct,111148
8,0,127,direct,104838
8,1,0,deadpool,282625
8,1,1,deadpool,90817
8,1,2,deadpool,65189
8,1,3,deadpool,92299
8,1,4,deadpool,64307
8,1,5,deadpool,63215
8,1,6,deadpool,221644
8,1,7,deadpool,81252
8,1,8,deadpool,64798
8,1,9,deadpool,63385
8,1,10,deadpool,63415
8,1,11,deadpool,64967
8,1,12,deadpool,68403
8,1,13,deadpool,62364
8,1,14,deadpool,62774
8,1,15,deadpool,63044
8,1,16,deadpool,62794
8,1,17,deadpool,64076
8,1,18,deadpool,114001
8,1,19,deadpool,150787
8,1,20,deadpool,111407
8,1,21,deadpool,64427
8,1,22,deadpool,65368
8,1,23,deadpool,63084
8,1,24,deadpool,63776
8,1,25,deadpool,63646
8,1,26,deadpool,62544
8,1,27,deadpool,66240
8,1,28,deadpool,63386
8,1,29,deadpool,62905
8,1,30,deadpool,118408
8,1,31,deadpool,76816
8,1,32,deadpool,65488
8,1,33,deadpool,62674
8,1,34,deadpool,63235
8,1,35,deadpool,62474
8,1,36,deadpool,63105
8,1,37,deadpool,75503
8,1,38,deadpool,64147
8,1,39,deadpool,62745
8,1,40,deadpool,106690
8,1,41,deadpool,82203
8,1,42,deadpool,173701
8,1,43,deadpool,75013
8,1,44,deadpool,63826
8,1,45,deadpool,63396
8,1,46,deadpool,63005
8,1,47,deadpool,65459
8,1,48,deadpool,63065
8,1,49,deadpool,62313
8,1,50,deadpool,63476
8,1,51,deadpool,62624
8,1,52,deadpool,64287
8,1,53,deadpool,61873
8,1,54,deadpool,61903
8,1,55,deadpool,62764
8,1,56,deadpool,63997
8,1,57,deadpool,85909
8,1,58,deadpool,261533
8,1,59,deadpool,97977
8,1,60,deadpool,63305
8,1,61,deadpool,62965
8,1,62,deadpool,172710
8,1,63,deadpool,72048
8,1,64,deadpool,63736
8,1,65,deadpool,62664
8,1,66,deadpool,122424
8,1,67,deadpool,68563
8,1,68,deadpool,62664
8,1,69,deadpool,62254
8,1,70,deadpool,62484
8,1,71,deadpool,68523
8,1,72,deadpool,63155
8,1,73,deadpool,311428
8,1,74,deadpool,78198
8,1,75,deadpool,156145
8,1,76,deadpool,348254
8,1,77,deadpool,75734
8,1,78,deadpool,63636
8,1,79,deadpool,62655
8,1,80,deadpool,62504
8,1,81,deadpool,278589
8,1,82,deadpool,238398
8,1,83,deadpool,975567
8,1,84,deadpool,199991
8,1,85,deadpool,70947
8,1,86,deadpool,66641
8,1,87,deadpool,63135
8,1,88,deadpool,69855
8,1,89,deadpool,138848
8,1,90,deadpool,64397
8,1,91,deadpool,64687
8,1,92,deadpool,84897
8,1,93,deadpool,92229
8,1,94,deadpool,157467
8,1,95,deadpool,69004
8,1,96,deadpool,65088
8,1,97,deadpool,63605
8,1,98,deadpool,62714
8,1,99,deadpool,63295
8,1,100,deadpool,62384
8,1,101,deadpool,64146
8,1,102,deadpool,187512
8,1,103,deadpool,340032
8,1,104,deadpool,1322920
8,1,105,deadpool,115193
8,1,106,deadpool,68443
8,1,107,deadpool,207823
8,1,108,deadpool,123075
8,1,109,deadpool,1290511
8,1,110,deadpool,75834
8,1,111,deadpool,159310
8,1,112,deadpool,1002478
8,1,113,deadpool,131457
8,1,114,deadpool,67742
8,1,115,deadpool,63466
8,1,116,deadpool,108193
8,1,117,deadpool,72520
8,1,118,deadpool,67511
8,1,119,deadpool,77376
8,1,120,deadpool,347252
8,1,121,deadpool,75083
8,1,122,deadpool,70145
8,1,123,deadpool,68784
8,1,124,deadpool,70256
8,1,125,deadpool,126260
8,1,126,deadpool,71467
8,1,127,deadpool,430562
9,0,0,deadpool,126490
9,0,1,deadpool,72359
9,0,2,deadpool,78408
9,0,3,deadpool,70306
9,0,4,deadpool,385209
9,0,5,deadpool,237607
9,0,6,deadpool,161493
9,0,7,deadpool,80562
9,0,8,deadpool,88804
9,0,9,deadpool,114212
9,0,10,deadpool,89264
9,0,11,deadpool,70566
9,0,12,deadpool,74712
9,0,13,deadpool,202545
9,0,14,deadpool,92899
9,0,15,deadpool,68072
9,0,16,deadpool,156596
9,0,17,deadpool,86250
9,0,18,deadpool,71608
9,0,19,deadpool,106149
9,0,20,deadpool,76395
9,0,21,deadpool,232255
9,0,22,deadpool,151437
9,0,23,deadpool,75764
9,0,24,deadpool,70506
9,0,25,deadpool,72078
9,0,26,deadpool,69704
9,0,27,deadpool,69755
9,0,28,deadpool,115174
9,0,29,deadpool,147211
9,0,30,deadpool,76835
9,0,31,deadpool,137396
9,0,32,deadpool,75563
9,0,33,deadpool,69515
9,0,34,deadpool,68653
9,0,35,deadpool,69074
9,0,36,deadpool,71588
9,0,37,deadpool,71978
9,0,38,deadpool,72960
9,0,39,deadpool,332480
9,0,40,deadpool,94392
9,0,41,deadpool,80151
9,0,42,deadpool,70095
9,0,43,deadpool,71087
9,0,44,deadpool,70867
9,0,45,deadpool,70937
9,0,46,deadpool,74483
9,0,47,deadpool,152950
9,0,48,deadpool,114552
9,0,49,deadpool,64908
9,0,50,deadpool,62995
9,0,51,deadpool,65939
9,0,52,deadpool,74011
9,0,53,deadpool,65709
9,0,54,deadpool,62193
9,0,55,deadpool,63596
9,0,56,deadpool,66871
9,0,57,deadpool,93090
9,0,58,deadpool,69514
9,0,59,deadpool,63135
9,0,60,deadpool,65398
9,0,61,deadpool,125259
9,0,62,deadpool,71017
9,0,63,deadpool,72590
9,0,64,deadpool,69955
9,0,65,deadpool,70456
9,0,66,deadpool,65899
9,0,67,deadpool,60802
9,0,68,deadpool,273341
9,0,69,deadpool,74772
9,0,70,deadpool,71778
9,0,71,deadpool,119700
9,0,72,deadpool,200421
9,0,73,deadpool,73591
9,0,74,deadpool,68133
9,0,75,deadpool,67161
9,0,76,deadpool,72309
9,0,77,deadpool,67652
9,0,78,deadpool,562687
9,0,79,deadpool,102104
9,0,80,deadpool,73851
9,0,81,deadpool,75143
9,0,82,deadpool,70736
9,0,83,deadpool,69404
9,0,84,deadpool,71077
9,0,85,deadpool,70826
9,0,86,deadpool,72489
9,0,87,deadpool,73330
9,0,88,deadpool,68443
9,0,89,deadpool,118458
9,0,90,deadpool,73170
9,0,91,deadpool,71707
9,0,92,deadpool,66159
9,0,93,deadpool,63004
9,0,94,deadpool,66760
9,0,95,deadpool,66881
9,0,96,deadpool,65679
9,0,97,deadpool,78377
9,0,98,deadpool,98979
9,0,99,deadpool,78017
9,0,100,deadpool,74001
9,0,101,deadpool,233621
9,0,102,deadpool,104647
9,0,103,deadpool,77336
9,0,104,deadpool,167802
9,0,105,deadpool,87782
9,0,106,deadpool,74191
9,0,107,deadpool,80321
9,0,108,deadpool,165289
9,0,109,deadpool,124538
9,0,110,deadpool,215103
9,0,111,deadpool,83105
9,0,112,deadpool,72299
9,0,113,deadpool,135154
9,0,114,deadpool,75133
9,0,115,deadpool,74432
9,0,116,deadpool,70796
9,0,117,deadpool,72078
9,0,118,deadpool,71198
9,0,119,deadpool,122804
9,0,120,deadpool,76926
9,0,121,deadpool,73000
9,0,122,deadpool,336607
9,0,123,deadpool,143255
9,0,124,deadpool,138729
9,0,125,deadpool,77086
9,0,126,deadpool,108363
9,0,127,deadpool,74532
9,1,0,direct,159810
9,1,1,direct,83646
9,1,2,direct,74913
9,1,3,direct,67001
9,1,4,direct,69315
9,1,5,direct,231097
9,1,6,direct,69515
9,1,7,direct,111468
9,1,8,direct,88904
9,1,9,direct,62004
9,1,10,direct,61322
9,1,11,direct,60111
9,1,12,direct,81592
9,1,13,direct,61442
9,1,14,direct,60581
9,1,15,direct,60340
9,1,16,direct,96575
9,1,17,direct,63736
9,1,18,direct,59750
9,1,19,direct,61463
9,1,20,direct,61442
9,1,21,direct,115093
9,1,22,direct,63705
9,1,23,direct,67792
9,1,24,direct,63345
9,1,25,direct,59990
9,1,26,direct,60711
9,1,27,direct,61262
9,1,28,direct,58958
9,1,29,direct,59950
9,1,30,direct,59059
9,1,31,direct,60361
9,1,32,direct,86180
9,1,33,direct,235374
9,1,34,direct,69404
9,1,35,direct,60922
9,1,36,direct,67060
9,1,37,direct,60661
9,1,38,direct,60080
9,1,39,direct,59420
9,1,40,direct,125308
9,1,41,direct,293482
9,1,42,direct,82424
9,1,43,direct,114593
9,1,44,direct,64527
9,1,45,direct,60411
9,1,46,direct,63325
9,1,47,direct,60501
9,1,48,direct,59679
9,1,49,direct,59159
9,1,50,direct,60431
9,1,51,direct,62033
9,1,52,direct,59860
9,1,53,direct,59179
9,1,54,direct,92700
9,1,55,direct,60020
9,1,56,direct,62304
9,1,57,direct,79670
9,1,58,direct,77988
9,1,59,direct,63465
9,1,60,direct,60311
9,1,61,direct,61913
9,1,62,direct,60050
9,1,63,direct,60000
9,1,64,direct,59850
9,1,65,direct,60611
9,1,66,direct,61212
9,1,67,direct,108353
9,1,68,direct,87242
9,1,69,direct,61352
9,1,70,direct,59430
9,1,71,direct,146931
9,1,72,direct,86009
9,1,73,direct,66159
9,1,74,direct,127131
9,1,75,direct,61302
9,1,76,direct,62093
9,1,77,direct,59990
9,1,78,direct,59660
9,1,79,direct,59860
9,1,80,direct,59800
9,1,81,direct,62013
9,1,82,direct,60661
9,1,83,direct,60101
9,1,84,direct,147411
9,1,85,direct,86831
9,1,86,direct,63826
9,1,87,direct,59950
9,1,88,direct,60982
9,1,89,direct,61693
9,1,90,direct,67262
9,1,91,direct,60942
9,1,92,direct,59840
9,1,93,direct,60241
9,1,94,direct,59680
9,1,95,direct,61012
9,1,96,direct,61162
9,1,97,direct,60201
9,1,98,direct,83556
9,1,99,direct,64186
9,1,100,direct,63325
9,1,101,direct,59950
9,1,102,direct,60191
9,1,103,direct,58638
9,1,104,direct,60241
9,1,105,direct,62173
9,1,106,direct,59369
9,1,107,direct,59730
9,1,108,direct,60491
9,1,109,direct,59880
9,1,110,direct,87232
9,1,111,direct,61242
9,1,112,direct,60290
9,1,113,direct,59399
9,1,114,direct,80241
9,1,115,direct,65389
9,1,116,direct,61142
9,1,117,direct,60341
9,1,118,direct,60952
9,1,119,direct,59089
9,1,120,direct,62514
9,1,121,direct,61022
9,1,122,direct,60291
9,1,123,direct,117667
9,1,124,direct,77396
9,1,125,direct,62003
9,1,126,direct,59550
9,1,127,direct,59800
10,0,0,direct,112328
10,0,1,direct,63045
10,0,2,direct,64127
10,0,3,direct,61192
10,0,4,direct,60822
10,0,5,direct,60220
10,0,6,direct,59860
10,0,7,direct,61182
10,0,8,direct,60511
10,0,9,direct,60380
10,0,10,direct,60210
10,0,11,direct,65629
10,0,12,direct,61422
10,0,13,direct,60481
10,0,14,direct,60381
10,0,15,direct,76304
10,0,16,direct,62244
10,0,17,direct,59309
10,0,18,direct,58968
10,0,19,direct,60161
10,0,20,direct,60601
10,0,21,direct,61313
10,0,22,direct,60271
10,0,23,direct,58918
10,0,24,direct,61333
10,0,25,direct,60000
10,0,26,direct,61732
10,0,27,direct,59840
10,0,28,direct,60150
10,0,29,direct,59449
10,0,30,direct,60661
10,0,31,direct,65759
10,0,32,direct,59640
10,0,33,direct,60611
10,0,34,direct,59539
10,0,35,direct,59810
10,0,36,direct,60701
10,0,37,direct,59360
10,0,38,direct,59489
10,0,39,direct,59440
10,0,40,direct,59499
10,0,41,direct,61212
10,0,42,direct,76515
10,0,43,direct,62143
10,0,44,direct,60250
10,0,45,direct,59770
10,0,46,direct,86690
10,0,47,direct,61242
10,0,48,direct,60061
10,0,49,direct,60661
10,0,50,direct,59419
10,0,51,direct,61112
10,0,52,direct,58838
10,0,53,direct,59749
10,0,54,direct,58918
10,0,55,direct,71747
10,0,56,direct,104567
10,0,57,direct,62274
10,0,58,direct,59980
10,0,59,direct,60701
10,0,60,direct,129395
10,0,61,direct,62615
10,0,62,direct,60070
10,0,63,direct,59539
10,0,64,direct,65849
10,0,65,direct,99169
10,0,66,direct,60581
10,0,67,direct,60120
10,0,68,direct,60121
10,0,69,direct,59720
10,0,70,direct,61223
10,0,71,direct,60220
10,0,72,direct,60931
10,0,73,direct,60020
10,0,74,direct,99460
10,0,75,direct,63445
10,0,76,direct,58829
10,0,77,direct,59770
10,0,78,direct,60351
10,0,79,direct,59870
10,0,80,direct,61733
10,0,81,direct,60361
10,0,82,direct,60030
10,0,83,direct,59189
10,0,84,direct,60781
10,0,85,direct,62705
10,0,86,direct,60200
10,0,87,direct,60310
10,0,88,direct,60581
10,0,89,direct,78258
10,0,90,direct,200642
10,0,91,direct,132780
10,0,92,direct,109725
10,0,93,direct,106771
10,0,94,direct,107822
10,0,95,direct,126069
10,0,96,direct,107442
10,0,97,direct,133611
10,0,98,direct,106751
10,0,99,direct,104737
10,0,100,direct,109385
10,0,101,direct,105849
10,0,102,direct,111999
10,0,103,direct,106040
10,0,104,direct,106450
10,0,105,direct,137376
10,0,106,direct,108704
10,0,107,direct,106500
10,0,108,direct,104537
10,0,109,direct,129705
10,0,110,direct,112449
10,0,111,direct,104497
10,0,112,direct,105028
10,0,113,direct,106800
10,0,114,direct,139410
10,0,115,direct,107822
10,0,116,direct,106410
10,0,117,direct,105689
10,0,118,direct,105058
10,0,119,direct,108383
10,0,120,direct,107061
10,0,121,direct,115744
10,0,122,direct,127212
10,0,123,direct,111027
10,0,124,direct,110245
10,0,125,direct,105318
10,0,126,direct,105979
10,0,127,direct,104958
10,1,0,deadpool,266891
10,1,1,deadpool,111087
10,1,2,deadpool,176596
10,1,3,deadpool,66820
10,1,4,deadpool,63976
10,1,5,deadpool,63516
10,1,6,deadpool,64457
10,1,7,deadpool,63135
10,1,8,deadpool,63165
10,1,9,deadpool,69365
10,1,10,deadpool,68533
10,1,11,deadpool,64758
10,1,12,deadpool,63456
10,1,13,deadpool,63175
10,1,14,deadpool,64197
10,1,15,deadpool,199520
10,1,16,deadpool,100692
10,1,17,deadpool,73451
10,1,18,deadpool,69995
10,1,19,deadpool,144046
10,1,20,deadpool,76916
10,1,21,deadpool,70506
10,1,22,deadpool,67141
10,1,23,deadpool,67992
10,1,24,deadpool,66910
10,1,25,deadpool,119510
10,1,26,deadpool,78298
10,1,27,deadpool,69414
10,1,28,deadpool,67501
10,1,29,deadpool,67311
10,1,30,deadpool,74993
10,1,31,deadpool,67602
10,1,32,deadpool,65058
10,1,33,deadpool,66820
10,1,34,deadpool,66300
10,1,35,deadpool,69324
10,1,36,deadpool,69685
10,1,37,deadpool,71898
10,1,38,deadpool,83325
10,1,39,deadpool,257286
10,1,40,deadpool,80331
10,1,41,deadpool,67291
10,1,42,deadpool,70787
10,1,43,deadpool,69745
10,1,44,deadpool,351879
10,1,45,deadpool,124237
10,1,46,deadpool,78808
10,1,47,deadpool,74182
10,1,48,deadpool,68203
10,1,49,deadpool,69435
10,1,50,deadpool,71418
10,1,51,deadpool,97627
10,1,52,deadpool,69965
10,1,53,deadpool,67892
10,1,54,deadpool,65799
10,1,55,deadpool,65989
10,1,56,deadpool,65429
10,1,57,deadpool,62985
10,1,58,deadpool,254112
10,1,59,deadpool,101473
10,1,60,deadpool,96075
10,1,61,deadpool,78698
10,1,62,deadpool,72409
10,1,63,deadpool,142475
10,1,64,deadpool,79930
10,1,65,deadpool,70095
10,1,66,deadpool,66379
10,1,67,deadpool,110175
10,1,68,deadpool,79059
10,1,69,deadpool,75905
10,1,70,deadpool,149395
10,1,71,deadpool,77286
10,1,72,deadpool,66320
10,1,73,deadpool,66911
10,1,74,deadpool,66260
10,1,75,deadpool,64728
10,1,76,deadpool,62624
10,1,77,deadpool,62554
10,1,78,deadpool,63065
10,1,79,deadpool,174122
10,1,80,deadpool,127953
10,1,81,deadpool,70035
10,1,82,deadpool,64487
10,1,83,deadpool,61563
10,1,84,deadpool,65358
10,1,85,deadpool,76826
10,1,86,deadpool,63676
10,1,87,deadpool,69986
10,1,88,deadpool,163636
10,1,89,deadpool,71087
10,1,90,deadpool,117176
10,1,91,deadpool,69785
10,1,92,deadpool,64527
10,1,93,deadpool,62795
10,1,94,deadpool,64187
10,1,95,deadpool,68443
10,1,96,deadpool,63515
10,1,97,deadpool,64417
10,1,98,deadpool,67551
10,1,99,deadpool,70536
10,1,100,deadpool,68774
10,1,101,deadpool,65639
10,1,102,deadpool,75494
10,1,103,deadpool,191619
10,1,104,deadpool,70366
10,1,105,deadpool,269546
10,1,106,deadpool,84697
10,1,107,deadpool,64256
10,1,108,deadpool,66229
10,1,109,deadpool,72649
10,1,110,deadpool,69114
10,1,111,deadpool,66580
10,1,112,deadpool,69295
10,1,113,deadpool,341764
10,1,114,deadpool,114262
10,1,115,deadpool,70957
10,1,116,deadpool,68933
10,1,117,deadpool,68673
10,1,118,deadpool,68153
10,1,119,deadpool,72038
10,1,120,deadpool,70926
10,1,121,deadpool,70976
10,1,122,deadpool,120441
10,1,123,deadpool,87562
10,1,124,deadpool,71808
10,1,125,deadpool,68402
10,1,126,deadpool,69645
10,1,127,deadpool,68433
11,0,0,deadpool,67852
11,0,1,deadpool,63586
11,0,2,deadpool,62965
11,0,3,deadpool,64567
11,0,4,deadpool,97016
11,0,5,deadpool,68163
11,0,6,deadpool,62675
11,0,7,deadpool,98588
11,0,8,deadpool,70066
11,0,9,deadpool,63155
11,0,10,deadpool,64787
11,0,11,deadpool,63405
11,0,12,deadpool,62725
11,0,13,deadpool,63546
11,0,14,deadpool,62303
11,0,15,deadpool,63796
11,0,16,deadpool,63395
11,0,17,deadpool,62063
11,0,18,deadpool,62645
11,0,19,deadpool,63555
11,0,20,deadpool,64517
11,0,21,deadpool,62874
11,0,22,deadpool,140051
11,0,23,deadpool,188093
11,0,24,deadpool,73992
11,0,25,deadpool,67020
11,0,26,deadpool,63105
11,0,27,deadpool,63776
11,0,28,deadpool,63415
11,0,29,deadpool,62795
11,0,30,deadpool,64347
11,0,31,deadpool,63566
11,0,32,deadpool,78849
11,0,33,deadpool,62745
11,0,34,deadpool,114132
11,0,35,deadpool,68062
11,0,36,deadpool,63236
11,0,37,deadpool,62744
11,0,38,deadpool,62624
11,0,39,deadpool,63085
11,0,40,deadpool,640814
11,0,41,deadpool,88904
11,0,42,deadpool,65268
11,0,43,deadpool,93440
11,0,44,deadpool,151608
11,0,45,deadpool,76345
11,0,46,deadpool,63556
11,0,47,deadpool,63175
11,0,48,deadpool,651250
11,0,49,deadpool,126691
11,0,50,deadpool,121843
11,0,51,deadpool,113781
11,0,52,deadpool,113390
11,0,53,deadpool,112128
11,0,54,deadpool,147481
11,0,55,deadpool,114572
11,0,56,deadpool,112339
11,0,57,deadpool,113290
11,0,58,deadpool,112720
11,0,59,deadpool,123505
11,0,60,deadpool,112219
11,0,61,deadpool,111498
11,0,62,deadpool,147752
11,0,63,deadpool,114251
11,0,64,deadpool,121974
11,0,65,deadpool,113451
11,0,66,deadpool,114573
11,0,67,deadpool,121062
11,0,68,deadpool,116585
11,0,69,deadpool,117637
11,0,70,deadpool,143165
11,0,71,deadpool,127441
11,0,72,deadpool,140080
11,0,73,deadpool,119710
11,0,74,deadpool,116735
11,0,75,deadpool,143396
11,0,76,deadpool,116185
11,0,77,deadpool,136114
11,0,78,deadpool,118789
11,0,79,deadpool,116415
11,0,80,deadpool,112890
11,0,81,deadpool,112810
11,0,82,deadpool,114092
11,0,83,deadpool,114062
11,0,84,deadpool,115955
11,0,85,deadpool,134012
11,0,86,deadpool,118829
11,0,87,deadpool,110936
11,0,88,deadpool,111678
11,0,89,deadpool,122554
11,0,90,deadpool,122514
11,0,91,deadpool,117126
11,0,92,deadpool,113010
11,0,93,deadpool,134001
11,0,94,deadpool,125339
11,0,95,deadpool,114593
11,0,96,deadpool,112609
11,0,97,deadpool,112659
11,0,98,deadpool,122164
11,0,99,deadpool,115143
11,0,100,deadpool,112609
11,0,101,deadpool,111949
11,0,102,deadpool,139430
11,0,103,deadpool,124938
11,0,104,deadpool,112018
11,0,105,deadpool,111258
11,0,106,deadpool,112329
11,0,107,deadpool,111328
11,0,108,deadpool,142074
11,0,109,deadpool,134692
11,0,110,deadpool,116144
11,0,111,deadpool,110306
11,0,112,deadpool,110987
11,0,113,deadpool,114392
11,0,114,deadpool,111397
11,0,115,deadpool,110496
11,0,116,deadpool,113531
11,0,117,deadpool,110887
11,0,118,deadpool,149685
11,0,119,deadpool,120311
11,0,120,deadpool,115244
11,0,121,deadpool,113541
11,0,122,deadpool,112139
11,0,123,deadpool,119139
11,0,124,deadpool,113040
11,0,125,deadpool,111468
11,0,126,deadpool,137657
11,0,127,deadpool,113060
11,1,0,direct,200942
11,1,1,direct,190607
11,1,2,direct,72970
11,1,3,direct,61533
11,1,4,direct,60932
11,1,5,direct,61983
11,1,6,direct,60320
11,1,7,direct,103355
11,1,8,direct,62284
11,1,9,direct,60010
11,1,10,direct,62685
11,1,11,direct,60851
11,1,12,direct,60080
11,1,13,direct,60441
11,1,14,direct,60111
11,1,15,direct,61483
11,1,16,direct,59129
11,1,17,direct,59710
11,1,18,direct,113831
11,1,19,direct,72039
11,1,20,direct,60440
11,1,21,direct,81673
11,1,22,direct,58478
11,1,23,direct,60000
11,1,24,direct,62574
11,1,25,direct,60321
11,1,26,direct,59870
11,1,27,direct,59289
11,1,28,direct,59759
11,1,29,direct,60671
11,1,30,direct,58989
11,1,31,direct,58689
11,1,32,direct,59029
11,1,33,direct,59629
11,1,34,direct,60922
11,1,35,direct,59750
11,1,36,direct,59680
11,1,37,direct,72690
11,1,38,direct,61202
11,1,39,direct,60912
11,1,40,direct,63846
11,1,41,direct,60681
11,1,42,direct,60592
11,1,43,direct,67411
11,1,44,direct,147391
11,1,45,direct,64417
11,1,46,direct,59559
11,1,47,direct,59410
11,1,48,direct,58838
11,1,49,direct,63966
11,1,50,direct,58959
11,1,51,direct,82844
11,1,52,direct,61112
11,1,53,direct,59760
11,1,54,direct,61152
11,1,55,direct,60031
11,1,56,direct,60320
11,1,57,direct,60591
11,1,58,direct,58929
11,1,59,direct,61703
11,1,60,direct,58418
11,1,61,direct,58598
11,1,62,direct,60050
11,1,63,direct,58949
11,1,64,direct,60471
11,1,65,direct,58668
11,1,66,direct,72559
11,1,67,direct,64146
11,1,68,direct,65008
11,1,69,direct,59279
11,1,70,direct,74533
11,1,71,direct,60972
11,1,72,direct,221263
11,1,73,direct,81292
11,1,74,direct,60201
11,1,75,direct,92199
11,1,76,direct,59900
11,1,77,direct,59319
11,1,78,direct,74672
11,1,79,direct,99400
11,1,80,direct,62064
11,1,81,direct,65318
11,1,82,direct,60981
11,1,83,direct,68313
11,1,84,direct,63376
11,1,85,direct,61703
11,1,86,direct,59870
11,1,87,direct,61533
11,1,88,direct,69735
11,1,89,direct,62855
11,1,90,direct,68904
11,1,91,direct,64717
11,1,92,direct,79350
11,1,93,direct,70045
11,1,94,direct,65289
11,1,95,direct,67061
11,1,96,direct,64647
11,1,97,direct,64037
11,1,98,direct,69795
11,1,99,direct,62023
11,1,100,direct,67472
11,1,101,direct,60281
11,1,102,direct,64477
11,1,103,direct,61222
11,1,104,direct,61973
11,1,105,direct,67381
11,1,106,direct,65338
11,1,107,direct,88453
11,1,108,direct,67171
11,1,109,direct,64406
11,1,110,direct,63275
11,1,111,direct,83886
11,1,112,direct,86370
11,1,113,direct,67231
11,1,114,direct,70426
11,1,115,direct,65879
11,1,116,direct,65869
11,1,117,direct,69565
11,1,118,direct,68242
11,1,119,direct,65970
11,1,120,direct,85378
11,1,121,direct,69615
11,1,122,direct,71597
11,1,123,direct,68553
11,1,124,direct,64737
11,1,125,direct,65819
11,1,126,direct,157647
11,1,127,direct,77517
12,0,0,direct,71147
12,0,1,direct,108393
12,0,2,direct,66149
12,0,3,direct,60521
12,0,4,direct,83956
12,0,5,direct,86170
12,0,6,direct,60631
12,0,7,direct,59499
12,0,8,direct,59860
12,0,9,direct,63275
12,0,10,direct,81914
12,0,11,direct,65358
12,0,12,direct,64567
12,0,13,direct,72409
12,0,14,direct,127462
12,0,15,direct,66670
12,0,16,direct,65679
12,0,17,direct,65329
12,0,18,direct,113811
12,0,19,direct,72248
12,0,20,direct,66900
12,0,21,direct,68233
12,0,22,direct,65669
12,0,23,direct,66270
12,0,24,direct,70536
12,0,25,direct,66279
12,0,26,direct,65618
12,0,27,direct,66050
12,0,28,direct,68523
12,0,29,direct,65338
12,0,30,direct,68513
12,0,31,direct,83556
12,0,32,direct,146941
12,0,33,direct,78988
12,0,34,direct,68223
12,0,35,direct,66761
12,0,36,direct,67832
12,0,37,direct,68653
12,0,38,direct,66130
12,0,39,direct,68003
12,0,40,direct,71928
12,0,41,direct,66430
12,0,42,direct,67221
12,0,43,direct,70285
12,0,44,direct,176836
12,0,45,direct,75033
12,0,46,direct,65749
12,0,47,direct,253241
12,0,48,direct,82094
12,0,49,direct,69084
12,0,50,direct,277657
12,0,51,direct,117366
12,0,52,direct,66770
12,0,53,direct,65769
12,0,54,direct,64697
12,0,55,direct,188434
12,0,56,direct,238308
12,0,57,direct,93260
12,0,58,direct,71037
12,0,59,direct,66380
12,0,60,direct,122214
12,0,61,direct,74472
12,0,62,direct,64477
12,0,63,direct,72048
12,0,64,direct,66439
12,0,65,direct,65819
12,0,66,direct,67922
12,0,67,direct,93841
12,0,68,direct,67421
12,0,69,direct,67071
12,0,70,direct,65699
12,0,71,direct,66039
12,0,72,direct,67181
12,0,73,direct,81823
12,0,74,direct,66631
12,0,75,direct,85118
12,0,76,direct,68523
12,0,77,direct,67091
12,0,78,direct,65919
12,0,79,direct,66170
12,0,80,direct,152149
12,0,81,direct,68203
12,0,82,direct,65919
12,0,83,direct,70306
12,0,84,direct,64096
12,0,85,direct,63175
12,0,86,direct,186540
12,0,87,direct,79109
12,0,88,direct,69875
12,0,89,direct,314653
12,0,90,direct,72779
12,0,91,direct,96254
12,0,92,direct,77176
12,0,93,direct,68213
12,0,94,direct,119640
12,0,95,direct,68022
12,0,96,direct,67011
12,0,97,direct,85909
12,0,98,direct,69364
12,0,99,direct,66240
12,0,100,direct,105168
12,0,101,direct,72949
12,0,102,direct,61622
12,0,103,direct,59419
12,0,104,direct,59981
12,0,105,direct,60971
12,0,106,direct,60100
12,0,107,direct,92739
12,0,108,direct,63175
12,0,109,direct,61212
12,0,110,direct,61352
12,0,111,direct,60571
12,0,112,direct,61993
12,0,113,direct,401774
12,0,114,direct,66601
12,0,115,direct,61172
12,0,116,direct,60050
12,0,117,direct,88934
12,0,118,direct,61472
12,0,119,direct,60751
12,0,120,direct,58488
12,0,121,direct,147252
12,0,122,direct,62614
12,0,123,direct,60361
12,0,124,direct,59940
12,0,125,direct,60020
12,0,126,direct,60681
12,0,127,direct,61483
12,1,0,deadpool,301684
12,1,1,deadpool,125388
12,1,2,deadpool,115944
12,1,3,deadpool,113791
12,1,4,deadpool,156636
12,1,5,deadpool,150116
12,1,6,deadpool,120671
12,1,7,deadpool,132399
12,1,8,deadpool,131218
12,1,9,deadpool,114852
12,1,10,deadpool,114151
12,1,11,deadpool,114692
12,1,12,deadpool,113401
12,1,13,deadpool,124908
12,1,14,deadpool,114162
12,1,15,deadpool,136595
12,1,16,deadpool,118889
12,1,17,deadpool,118148
12,1,18,deadpool,119070
12,1,19,deadpool,122765
12,1,20,deadpool,113151
12,1,21,deadpool,115143
12,1,22,deadpool,114032
12,1,23,deadpool,145168
12,1,24,deadpool,120071
12,1,25,deadpool,114112
12,1,26,deadpool,113982
12,1,27,deadpool,113932
12,1,28,deadpool,120591
12,1,29,deadpool,114152
12,1,30,deadpool,118468
12,1,31,deadpool,137597
12,1,32,deadpool,118228
12,1,33,deadpool,118087
12,1,34,deadpool,113380
12,1,35,deadpool,113560
12,1,36,deadpool,114532
12,1,37,deadpool,150726
12,1,38,deadpool,122534
12,1,39,deadpool,141022
12,1,40,deadpool,115494
12,1,41,deadpool,113891
12,1,42,deadpool,112889
12,1,43,deadpool,118458
12,1,44,deadpool,113080
12,1,45,deadpool,113050
12,1,46,deadpool,112730
12,1,47,deadpool,139029
12,1,48,deadpool,123806
12,1,49,deadpool,113851
12,1,50,deadpool,113961
12,1,51,deadpool,113631
12,1,52,deadpool,113391
12,1,53,deadpool,117587
12,1,54,deadpool,114242
12,1,55,deadpool,138698
12,1,56,deadpool,119299
12,1,57,deadpool,112519
12,1,58,deadpool,117557
12,1,59,deadpool,122244
12,1,60,deadpool,114713
12,1,61,deadpool,143406
12,1,62,deadpool,116085
12,1,63,deadpool,170577
12,1,64,deadpool,141763
12,1,65,deadpool,115754
12,1,66,deadpool,113320
12,1,67,deadpool,122684
12,1,68,deadpool,145589
12,1,69,deadpool,139429
12,1,70,deadpool,148023
12,1,71,deadpool,117367
12,1,72,deadpool,127952
12,1,73,deadpool,114472
12,1,74,deadpool,113080
12,1,75,deadpool,113060
12,1,76,deadpool,112259
12,1,77,deadpool,118639
12,1,78,deadpool,137937
12,1,79,deadpool,115253
12,1,80,deadpool,113221
12,1,81,deadpool,113060
12,1,82,deadpool,117196
12,1,83,deadpool,112449
12,1,84,deadpool,112790
12,1,85,deadpool,113942
12,1,86,deadpool,153891
12,1,87,deadpool,124557
12,1,88,deadpool,115804
12,1,89,deadpool,113521
12,1,90,deadpool,112079
12,1,91,deadpool,112119
12,1,92,deadpool,116726
12,1,93,deadpool,112159
12,1,94,deadpool,132810
12,1,95,deadpool,117717
12,1,96,deadpool,113561
12,1,97,deadpool,116395
12,1,98,deadpool,122404
12,1,99,deadpool,113842
12,1,100,deadpool,157297
12,1,101,deadpool,119289
12,1,102,deadpool,151207
12,1,103,deadpool,114983
12,1,104,deadpool,113310
12,1,105,deadpool,112990
12,1,106,deadpool,112730
12,1,107,deadpool,116926
12,1,108,deadpool,115194
12,1,109,deadpool,115844
12,1,110,deadpool,141593
12,1,111,deadpool,115724
12,1,112,deadpool,117958
12,1,113,deadpool,113701
12,1,114,deadpool,112639
12,1,115,deadpool,114062
12,1,116,deadpool,113140
12,1,117,deadpool,116315
12,1,118,deadpool,134132
12,1,119,deadpool,118157
12,1,120,deadpool,114202
12,1,121,deadpool,113771
12,1,122,deadpool,117236
12,1,123,deadpool,113561
12,1,124,deadpool,112810
12,1,125,deadpool,136194
12,1,126,deadpool,151719
12,1,127,deadpool,116636
13,0,0,deadpool,114863
13,0,1,deadpool,113821
13,0,2,deadpool,124528
13,0,3,deadpool,123726
13,0,4,deadpool,147962
13,0,5,deadpool,114682
13,0,6,deadpool,137546
13,0,7,deadpool,114572
13,0,8,deadpool,124828
13,0,9,deadpool,112979
13,0,10,deadpool,113561
13,0,11,deadpool,113991
13,0,12,deadpool,114031
13,0,13,deadpool,116625
13,0,14,deadpool,152610
13,0,15,deadpool,115113
13,0,16,deadpool,113330
13,0,17,deadpool,111758
13,0,18,deadpool,118799
13,0,19,deadpool,113561
13,0,20,deadpool,114402
13,0,21,deadpool,112820
13,0,22,deadpool,139310
13,0,23,deadpool,120542
13,0,24,deadpool,117457
13,0,25,deadpool,125359
13,0,26,deadpool,120902
13,0,27,deadpool,114372
13,0,28,deadpool,117287
13,0,29,deadpool,117627
13,0,30,deadpool,166621
13,0,31,deadpool,130356
13,0,32,deadpool,125538
13,0,33,deadpool,131247
13,0,34,deadpool,125729
13,0,35,deadpool,166691
13,0,36,deadpool,132750
13,0,37,deadpool,158518
13,0,38,deadpool,133701
13,0,39,deadpool,125238
13,0,40,deadpool,128123
13,0,41,deadpool,123917
13,0,42,deadpool,135444
13,0,43,deadpool,125529
13,0,44,deadpool,143126
13,0,45,deadpool,117717
13,0,46,deadpool,116174
13,0,47,deadpool,147542
13,0,48,deadpool,126720
13,0,49,deadpool,125239
13,0,50,deadpool,124508
13,0,51,deadpool,153872
13,0,52,deadpool,146270
13,0,53,deadpool,126250
13,0,54,deadpool,123886
13,0,55,deadpool,127642
13,0,56,deadpool,127582
13,0,57,deadpool,132890
13,0,58,deadpool,125238
13,0,59,deadpool,153130
13,0,60,deadpool,125099
13,0,61,deadpool,126070
13,0,62,deadpool,130797
13,0,63,deadpool,153521
13,0,64,deadpool,169064
13,0,65,deadpool,129354
13,0,66,deadpool,132640
13,0,67,deadpool,133621
13,0,68,deadpool,127672
13,0,69,deadpool,126410
13,0,70,deadpool,126391
13,0,71,deadpool,119510
13,0,72,deadpool,129295
13,0,73,deadpool,147612
13,0,74,deadpool,125919
13,0,75,deadpool,126130
13,0,76,deadpool,125329
13,0,77,deadpool,130857
13,0,78,deadpool,128113
13,0,79,deadpool,126921
13,0,80,deadpool,142854
13,0,81,deadpool,118798
13,0,82,deadpool,121603
13,0,83,deadpool,123897
13,0,84,deadpool,124037
13,0,85,deadpool,126830
13,0,86,deadpool,136976
13,0,87,deadpool,122614
13,0,88,deadpool,163186
13,0,89,deadpool,127532
13,0,90,deadpool,113660
13,0,91,deadpool,128654
13,0,92,deadpool,116685
13,0,93,deadpool,168173
13,0,94,deadpool,127462
13,0,95,deadpool,154292
13,0,96,deadpool,140231
13,0,97,deadpool,128283
13,0,98,deadpool,128012
13,0,99,deadpool,129344
13,0,100,deadpool,125218
13,0,101,deadpool,127752
13,0,102,deadpool,144256
13,0,103,deadpool,126190
13,0,104,deadpool,126150
13,0,105,deadpool,124618
13,0,106,deadpool,134602
13,0,107,deadpool,126019
13,0,108,deadpool,125449
13,0,109,deadpool,125669
13,0,110,deadpool,157006
13,0,111,deadpool,129215
13,0,112,deadpool,125088
13,0,113,deadpool,128433
13,0,114,deadpool,126801
13,0,115,deadpool,129315
13,0,116,deadpool,131247
13,0,117,deadpool,165809
13,0,118,deadpool,131277
13,0,119,deadpool,126670
13,0,120,deadpool,136095
13,0,121,deadpool,131638
13,0,122,deadpool,163697
13,0,123,deadpool,130487
13,0,124,deadpool,154683
13,0,125,deadpool,130366
13,0,126,deadpool,134122
13,0,127,deadpool,128433
13,1,0,direct,214513
13,1,1,direct,78197
13,1,2,direct,67852
13,1,3,direct,69445
13,1,4,direct,107872
13,1,5,direct,67441
13,1,6,direct,155664
13,1,7,direct,103776
13,1,8,direct,68774
13,1,9,direct,65168
13,1,10,direct,66761
13,1,11,direct,69484
13,1,12,direct,74873
13,1,13,direct,83586
13,1,14,direct,61863
13,1,15,direct,60451
13,1,16,direct,80701
13,1,17,direct,62864
13,1,18,direct,60050
13,1,19,direct,58989
13,1,20,direct,74402
13,1,21,direct,59630
13,1,22,direct,61102
13,1,23,direct,59910
13,1,24,direct,83206
13,1,25,direct,65689
13,1,26,direct,120952
13,1,27,direct,62714
13,1,28,direct,59469
13,1,29,direct,94803
13,1,30,direct,65108
13,1,31,direct,60691
13,1,32,direct,62735
13,1,33,direct,70666
13,1,34,direct,62945
13,1,35,direct,59780
13,1,36,direct,59690
13,1,37,direct,61072
13,1,38,direct,59840
13,1,39,direct,58778
13,1,40,direct,106540
13,1,41,direct,64057
13,1,42,direct,60742
13,1,43,direct,96295
13,1,44,direct,68743
13,1,45,direct,60441
13,1,46,direct,59359
13,1,47,direct,62894
13,1,48,direct,60381
13,1,49,direct,59349
13,1,50,direct,69154
13,1,51,direct,71528
13,1,52,direct,65148
13,1,53,direct,60441
13,1,54,direct,85348
13,1,55,direct,59479
13,1,56,direct,61593
13,1,57,direct,63275
13,1,58,direct,122715
13,1,59,direct,61022
13,1,60,direct,59690
13,1,61,direct,66280
13,1,62,direct,60811
13,1,63,direct,59660
13,1,64,direct,58739
13,1,65,direct,60020
13,1,66,direct,61783
13,1,67,direct,59880
13,1,68,direct,59049
13,1,69,direct,59600
13,1,70,direct,61703
13,1,71,direct,256466
13,1,72,direct,67050
13,1,73,direct,61262
13,1,74,direct,59740
13,1,75,direct,59600
13,1,76,direct,61282
13,1,77,direct,60060
13,1,78,direct,59310
13,1,79,direct,59049
13,1,80,direct,59860
13,1,81,direct,60821
13,1,82,direct,58748
13,1,83,direct,59680
13,1,84,direct,60240
13,1,85,direct,94882
13,1,86,direct,68023
13,1,87,direct,60381
13,1,88,direct,60491
13,1,89,direct,60922
13,1,90,direct,59099
13,1,91,direct,61112
13,1,92,direct,60251
13,1,93,direct,59660
13,1,94,direct,60211
13,1,95,direct,75804
13,1,96,direct,116776
13,1,97,direct,62644
13,1,98,direct,165609
13,1,99,direct,72079
13,1,100,direct,61463
13,1,101,direct,70716
13,1,102,direct,61132
13,1,103,direct,59910
13,1,104,direct,59330
13,1,105,direct,59299
13,1,106,direct,64807
13,1,107,direct,60271
13,1,108,direct,59900
13,1,109,direct,60200
13,1,110,direct,64698
13,1,111,direct,61142
13,1,112,direct,60121
13,1,113,direct,98789
13,1,114,direct,63426
13,1,115,direct,298519
13,1,116,direct,93250
13,1,117,direct,64016
13,1,118,direct,60972
13,1,119,direct,61132
13,1,120,direct,64146
13,1,121,direct,97867
13,1,122,direct,63085
13,1,123,direct,129986
13,1,124,direct,67711
13,1,125,direct,62684
13,1,126,direct,60330
13,1,127,direct,60270
14,0,0,direct,60581
14,0,1,direct,64087
14,0,2,direct,154362
14,0,3,direct,61853
14,0,4,direct,60431
14,0,5,direct,59870
14,0,6,direct,59800
14,0,7,direct,61813
14,0,8,direct,111718
14,0,9,direct,62203
14,0,10,direct,59589
14,0,11,direct,60732
14,0,12,direct,62294
14,0,13,direct,59820
14,0,14,direct,59519
14,0,15,direct,58558
14,0,16,direct,59319
14,0,17,direct,61102
14,0,18,direct,59270
14,0,19,direct,92008
14,0,20,direct,59449
14,0,21,direct,59239
14,0,22,direct,61022
14,0,23,direct,112810
14,0,24,direct,61303
14,0,25,direct,62574
14,0,26,direct,60131
14,0,27,direct,61332
14,0,28,direct,61393
14,0,29,direct,61422
14,0,30,direct,59019
14,0,31,direct,60001
14,0,32,direct,147392
14,0,33,direct,62084
14,0,34,direct,59319
14,0,35,direct,58899
14,0,36,direct,103065
14,0,37,direct,76024
14,0,38,direct,63095
14,0,39,direct,60070
14,0,40,direct,60021
14,0,41,direct,62454
14,0,42,direct,59038
14,0,43,direct,59950
14,0,44,direct,59850
14,0,45,direct,58979
14,0,46,direct,61022
14,0,47,direct,61402
14,0,48,direct,59199
14,0,49,direct,58518
14,0,50,direct,61603
14,0,51,direct,105219
14,0,52,direct,68042
14,0,53,direct,60521
14,0,54,direct,59790
14,0,55,direct,60541
14,0,56,direct,62123
14,0,57,direct,60541
14,0,58,direct,60131
14,0,59,direct,61012
14,0,60,direct,60100
14,0,61,direct,61272
14,0,62,direct,58768
14,0,63,direct,59580
14,0,64,direct,59890
14,0,65,direct,59159
14,0,66,direct,61192
14,0,67,direct,103596
14,0,68,direct,60511
14,0,69,direct,60812
14,0,70,direct,59840
14,0,71,direct,61382
14,0,72,direct,59519
14,0,73,direct,59760
14,0,74,direct,58939
14,0,75,direct,59390
14,0,76,direct,72389
14,0,77,direct,79580
14,0,78,direct,64246
14,0,79,direct,59599
14,0,80,direct,58929
14,0,81,direct,88713
14,0,82,direct,66299
14,0,83,direct,60360
14,0,84,direct,59279
14,0,85,direct,66921
14,0,86,direct,59500
14,0,87,direct,59800
14,0,88,direct,61112
14,0,89,direct,60531
14,0,90,direct,61543
14,0,91,direct,59420
14,0,92,direct,58908
14,0,93,direct,59270
14,0,94,direct,60200
14,0,95,direct,73912
14,0,96,direct,60161
14,0,97,direct,116445
14,0,98,direct,59659
14,0,99,direct,114663
14,0,100,direct,76715
14,0,101,direct,61333
14,0,102,direct,75133
14,0,103,direct,60521
14,0,104,direct,58789
14,0,105,direct,61483
14,0,106,direct,58698
14,0,107,direct,59199
14,0,108,direct,59659
14,0,109,direct,59519
14,0,110,direct,80901
14,0,111,direct,93040
14,0,112,direct,60160
14,0,113,direct,60421
14,0,114,direct,59310
14,0,115,direct,60480
14,0,116,direct,59469
14,0,117,direct,58709
14,0,118,direct,60651
14,0,119,direct,58848
14,0,120,direct,60821
14,0,121,direct,60060
14,0,122,direct,60501
14,0,123,direct,60400
14,0,124,direct,59229
14,0,125,direct,59950
14,0,126,direct,79659
14,0,127,direct,59540
14,1,0,deadpool,272931
14,1,1,deadpool,161162
14,1,2,deadpool,117376
14,1,3,deadpool,164968
14,1,4,deadpool,116706
14,1,5,deadpool,137136
14,1,6,deadpool,126590
14,1,7,deadpool,115173
14,1,8,deadpool,117266
14,1,9,deadpool,115804
14,1,10,deadpool,114713
14,1,11,deadpool,122123
14,1,12,deadpool,113571
14,1,13,deadpool,147753
14,1,14,deadpool,116275
14,1,15,deadpool,115474
14,1,16,deadpool,118128
14,1,17,deadpool,114702
14,1,18,deadpool,113841
14,1,19,deadpool,113130
14,1,20,deadpool,112669
14,1,21,deadpool,184538
14,1,22,deadpool,130406
14,1,23,deadpool,128303
14,1,24,deadpool,131228
14,1,25,deadpool,121503
14,1,26,deadpool,132109
14,1,27,deadpool,125409
14,1,28,deadpool,152790
14,1,29,deadpool,122314
14,1,30,deadpool,115043
14,1,31,deadpool,134342
14,1,32,deadpool,128132
14,1,33,deadpool,164948
14,1,34,deadpool,130476
14,1,35,deadpool,151037
14,1,36,deadpool,131138
14,1,37,deadpool,128703
14,1,38,deadpool,125649
14,1,39,deadpool,124427
14,1,40,deadpool,124578
14,1,41,deadpool,133561
14,1,42,deadpool,153641
14,1,43,deadpool,133371
14,1,44,deadpool,145329
14,1,45,deadpool,125188
14,1,46,deadpool,135523
14,1,47,deadpool,126280
14,1,48,deadpool,127922
14,1,49,deadpool,154923
14,1,50,deadpool,130296
14,1,51,deadpool,136675
14,1,52,deadpool,120501
14,1,53,deadpool,113440
14,1,54,deadpool,125839
14,1,55,deadpool,125939
14,1,56,deadpool,131728
14,1,57,deadpool,147381
14,1,58,deadpool,131208
14,1,59,deadpool,130486
14,1,60,deadpool,138708
14,1,61,deadpool,153381
14,1,62,deadpool,181233
14,1,63,deadpool,162774
14,1,64,deadpool,131317
14,1,65,deadpool,139790
14,1,66,deadpool,132209
14,1,67,deadpool,120281
14,1,68,deadpool,125669
14,1,69,deadpool,127352
14,1,70,deadpool,147732
14,1,71,deadpool,131177
14,1,72,deadpool,132940
14,1,73,deadpool,123766
14,1,74,deadpool,138739
14,1,75,deadpool,132379
14,1,76,deadpool,118428
14,1,77,deadpool,116365
14,1,78,deadpool,155354
14,1,79,deadpool,127672
14,1,80,deadpool,131017
14,1,81,deadpool,119079
14,1,82,deadpool,124106
14,1,83,deadpool,126770
14,1,84,deadpool,127922
14,1,85,deadpool,156425
14,1,86,deadpool,130376
14,1,87,deadpool,114993
14,1,88,deadpool,128293
14,1,89,deadpool,123646
14,1,90,deadpool,119761
14,1,91,deadpool,167242
14,1,92,deadpool,142044
14,1,93,deadpool,134802
14,1,94,deadpool,126170
14,1,95,deadpool,132339
14,1,96,deadpool,126480
14,1,97,deadpool,125649
14,1,98,deadpool,124908
14,1,99,deadpool,125459
14,1,100,deadpool,159300
14,1,101,deadpool,124738
14,1,102,deadpool,129725
14,1,103,deadpool,125679
14,1,104,deadpool,143987
14,1,105,deadpool,125849
14,1,106,deadpool,121804
14,1,107,deadpool,150747
14,1,108,deadpool,125259
14,1,109,deadpool,140411
14,1,110,deadpool,128654
14,1,111,deadpool,123176
14,1,112,deadpool,124628
14,1,113,deadpool,126841
14,1,114,deadpool,144377
14,1,115,deadpool,129224
14,1,116,deadpool,121903
14,1,117,deadpool,125398
14,1,118,deadpool,126550
14,1,119,deadpool,129705
14,1,120,deadpool,172169
14,1,121,deadpool,127121
14,1,122,deadpool,154713
14,1,123,deadpool,123676
14,1,124,deadpool,130457
14,1,125,deadpool,124937
14,1,126,deadpool,123737
14,1,127,deadpool,128373
15,0,0,deadpool,127472
15,0,1,deadpool,155093
15,0,2,deadpool,128664
15,0,3,deadpool,125579
15,0,4,deadpool,126130
15,0,5,deadpool,151998
15,0,6,deadpool,135394
15,0,7,deadpool,131007
15,0,8,deadpool,185869
15,0,9,deadpool,123095
15,0,10,deadpool,115674
15,0,11,deadpool,120371
15,0,12,deadpool,115484
15,0,13,deadpool,114662
15,0,14,deadpool,117146
15,0,15,deadpool,116986
15,0,16,deadpool,151247
15,0,17,deadpool,115223
15,0,18,deadpool,117046
15,0,19,deadpool,123276
15,0,20,deadpool,115965
15,0,21,deadpool,170857
15,0,22,deadpool,120291
15,0,23,deadpool,138428
15,0,24,deadpool,117237
15,0,25,deadpool,112800
15,0,26,deadpool,117286
15,0,27,deadpool,144337
15,0,28,deadpool,113701
15,0,29,deadpool,113330
15,0,30,deadpool,112279
15,0,31,deadpool,150776
15,0,32,deadpool,114532
15,0,33,deadpool,112099
15,0,34,deadpool,112309
15,0,35,deadpool,122955
15,0,36,deadpool,116385
15,0,37,deadpool,113781
15,0,38,deadpool,112750
15,0,39,deadpool,135254
15,0,40,deadpool,124948
15,0,41,deadpool,113731
15,0,42,deadpool,113030
15,0,43,deadpool,112810
15,0,44,deadpool,113150
15,0,45,deadpool,124988
15,0,46,deadpool,114201
15,0,47,deadpool,135453
15,0,48,deadpool,113701
15,0,49,deadpool,112759
15,0,50,deadpool,116405
15,0,51,deadpool,111638
15,0,52,deadpool,112980
15,0,53,deadpool,166591
15,0,54,deadpool,116705
15,0,55,deadpool,154242
15,0,56,deadpool,117376
15,0,57,deadpool,115333
15,0,58,deadpool,113350
15,0,59,deadpool,113811
15,0,60,deadpool,118759
15,0,61,deadpool,114903
15,0,62,deadpool,114912
15,0,63,deadpool,147091
15,0,64,deadpool,114112
15,0,65,deadpool,117907
15,0,66,deadpool,113461
15,0,67,deadpool,113391
15,0,68,deadpool,111548
15,0,69,deadpool,112279
15,0,70,deadpool,115133
15,0,71,deadpool,248233
15,0,72,deadpool,117557
15,0,73,deadpool,114462
15,0,74,deadpool,115053
15,0,75,deadpool,119460
15,0,76,deadpool,114162
15,0,77,deadpool,114482
15,0,78,deadpool,136806
15,0,79,deadpool,113280
15,0,80,deadpool,118419
15,0,81,deadpool,113491
15,0,82,deadpool,115324
15,0,83,deadpool,114322
15,0,84,deadpool,157316
15,0,85,deadpool,120812
15,0,86,deadpool,145288
15,0,87,deadpool,114963
15,0,88,deadpool,115894
15,0,89,deadpool,112419
15,0,90,deadpool,117707
15,0,91,deadpool,113761
15,0,92,deadpool,114893
15,0,93,deadpool,113941
15,0,94,deadpool,158909
15,0,95,deadpool,121232
15,0,96,deadpool,112810
15,0,97,deadpool,123065
15,0,98,deadpool,115584
15,0,99,deadpool,124868
15,0,100,deadpool,114092
15,0,101,deadpool,111678
15,0,102,deadpool,124157
15,0,103,deadpool,113651
15,0,104,deadpool,124317
15,0,105,deadpool,114432
15,0,106,deadpool,113731
15,0,107,deadpool,114162
15,0,108,deadpool,113781
15,0,109,deadpool,119810
15,0,110,deadpool,136365
15,0,111,deadpool,114792
15,0,112,deadpool,113170
15,0,113,deadpool,113420
15,0,114,deadpool,116335
15,0,115,deadpool,113952
15,0,116,deadpool,121703
15,0,117,deadpool,113261
15,0,118,deadpool,140331
15,0,119,deadpool,118439
15,0,120,deadpool,115063
15,0,121,deadpool,114192
15,0,122,deadpool,113380
15,0,123,deadpool,139119
15,0,124,deadpool,117487
15,0,125,deadpool,134071
15,0,126,deadpool,121442
15,0,127,deadpool,117076
15,1,0,direct,209275
15,1,1,direct,84027
15,1,2,direct,62094
15,1,3,direct,61162
15,1,4,direct,59750
15,1,5,direct,60381
15,1,6,direct,61673
15,1,7,direct,60041
15,1,8,direct,107662
15,1,9,direct,65989
15,1,10,direct,60411
15,1,11,direct,62184
15,1,12,direct,59850
15,1,13,direct,60521
15,1,14,direct,132008
15,1,15,direct,170867
15,1,16,direct,365089
15,1,17,direct,72329
15,1,18,direct,60791
15,1,19,direct,61051
15,1,20,direct,60230
15,1,21,direct,62434
15,1,22,direct,59779
15,1,23,direct,59018
15,1,24,direct,60661
15,1,25,direct,61102
15,1,26,direct,61342
15,1,27,direct,110526
15,1,28,direct,64537
15,1,29,direct,60932
15,1,30,direct,81102
15,1,31,direct,65098
15,1,32,direct,59530
15,1,33,direct,59319
15,1,34,direct,59770
15,1,35,direct,63996
15,1,36,direct,111868
15,1,37,direct,70446
15,1,38,direct,60481
15,1,39,direct,122794
15,1,40,direct,65299
15,1,41,direct,60251
15,1,42,direct,60140
15,1,43,direct,58618
15,1,44,direct,96365
15,1,45,direct,62254
15,1,46,direct,59911
15,1,47,direct,58998
15,1,48,direct,59489
15,1,49,direct,60231
15,1,50,direct,62424
15,1,51,direct,59259
15,1,52,direct,64677
15,1,53,direct,65970
15,1,54,direct,69725
15,1,55,direct,71438
15,1,56,direct,65298
15,1,57,direct,64497
15,1,58,direct,83115
15,1,59,direct,69675
15,1,60,direct,69154
15,1,61,direct,67090
15,1,62,direct,193170
15,1,63,direct,72249
15,1,64,direct,66180
15,1,65,direct,62404
15,1,66,direct,69315
15,1,67,direct,66960
15,1,68,direct,68673
15,1,69,direct,65959
15,1,70,direct,90066
15,1,71,direct,72229
15,1,72,direct,66751
15,1,73,direct,67762
15,1,74,direct,69414
15,1,75,direct,70066
15,1,76,direct,68523
15,1,77,direct,65960
15,1,78,direct,67401
15,1,79,direct,68263
15,1,80,direct,61503
15,1,81,direct,81603
15,1,82,direct,141342
15,1,83,direct,103325
15,1,84,direct,78508
15,1,85,direct,65229
15,1,86,direct,67091
15,1,87,direct,65709
15,1,88,direct,67251
15,1,89,direct,69144
15,1,90,direct,64978
15,1,91,direct,73430
15,1,92,direct,134542
15,1,93,direct,68964
15,1,94,direct,77607
15,1,95,direct,248915
15,1,96,direct,101303
15,1,97,direct,72349
15,1,98,direct,73731
15,1,99,direct,394243
15,1,100,direct,69895
15,1,101,direct,60751
15,1,102,direct,104667
15,1,103,direct,61802
15,1,104,direct,62083
15,1,105,direct,58868
15,1,106,direct,59910
15,1,107,direct,63666
15,1,108,direct,60071
15,1,109,direct,60852
15,1,110,direct,59419
15,1,111,direct,60861
15,1,112,direct,59840
15,1,113,direct,60240
15,1,114,direct,59980
15,1,115,direct,135754
15,1,116,direct,105138
15,1,117,direct,67972
15,1,118,direct,66770
15,1,119,direct,68092
15,1,120,direct,71568
15,1,121,direct,65389
15,1,122,direct,98788
15,1,123,direct,130306
15,1,124,direct,84437
15,1,125,direct,64066
15,1,126,direct,60311
15,1,127,direct,58808
16,0,0,direct,86561
16,0,1,direct,69445
16,0,2,direct,60110
16,0,3,direct,61462
16,0,4,direct,59289
16,0,5,direct,59479
16,0,6,direct,60611
16,0,7,direct,92749
16,0,8,direct,74281
16,0,9,direct,63996
16,0,10,direct,68423
16,0,11,direct,60431
16,0,12,direct,61122
16,0,13,direct,61303
16,0,14,direct,58858
16,0,15,direct,76545
16,0,16,direct,61863
16,0,17,direct,58528
16,0,18,direct,61102
16,0,19,direct,63696
16,0,20,direct,70716
16,0,21,direct,66580
16,0,22,direct,85068
16,0,23,direct,68032
16,0,24,direct,68984
16,0,25,direct,66971
16,0,26,direct,76926
16,0,27,direct,70456
16,0,28,direct,325384
16,0,29,direct,118007
16,0,30,direct,73791
16,0,31,direct,64537
16,0,32,direct,63125
16,0,33,direct,68783
16,0,34,direct,68052
16,0,35,direct,71337
16,0,36,direct,68423
16,0,37,direct,226691
16,0,38,direct,75854
16,0,39,direct,69295
16,0,40,direct,74582
16,0,41,direct,67111
16,0,42,direct,65489
16,0,43,direct,66170
16,0,44,direct,69524
16,0,45,direct,96065
16,0,46,direct,67281
16,0,47,direct,67752
16,0,48,direct,91508
16,0,49,direct,86750
16,0,50,direct,66841
16,0,51,direct,61953
16,0,52,direct,67141
16,0,53,direct,66770
16,0,54,direct,59159
16,0,55,direct,61243
16,0,56,direct,60691
16,0,57,direct,60631
16,0,58,direct,59659
16,0,59,direct,63495
16,0,60,direct,64096
16,0,61,direct,64317
16,0,62,direct,67351
16,0,63,direct,83025
16,0,64,direct,63375
16,0,65,direct,60360
16,0,66,direct,60562
16,0,67,direct,62193
16,0,68,direct,64768
16,0,69,direct,68914
16,0,70,direct,67993
16,0,71,direct,67762
16,0,72,direct,66079
16,0,73,direct,66049
16,0,74,direct,135504
16,0,75,direct,156446
16,0,76,direct,75564
16,0,77,direct,142043
16,0,78,direct,67952
16,0,79,direct,64547
16,0,80,direct,59570
16,0,81,direct,90667
16,0,82,direct,69615
16,0,83,direct,66500
16,0,84,direct,67301
16,0,85,direct,69605
16,0,86,direct,70576
16,0,87,direct,59890
16,0,88,direct,141072
16,0,89,direct,72559
16,0,90,direct,67381
16,0,91,direct,70216
16,0,92,direct,66871
16,0,93,direct,67671
16,0,94,direct,74962
16,0,95,direct,65799
16,0,96,direct,68984
16,0,97,direct,93550
16,0,98,direct,70716
16,0,99,direct,68443
16,0,100,direct,70255
16,0,101,direct,107923
16,0,102,direct,68754
16,0,103,direct,73260
16,0,104,direct,64557
16,0,105,direct,60521
16,0,106,direct,61903
16,0,107,direct,60080
16,0,108,direct,62775
16,0,109,direct,60251
16,0,110,direct,60902
16,0,111,direct,61372
16,0,112,direct,60080
16,0,113,direct,67421
16,0,114,direct,111147
16,0,115,direct,83515
16,0,116,direct,61272
16,0,117,direct,60361
16,0,118,direct,64127
16,0,119,direct,64888
16,0,120,direct,70506
16,0,121,direct,69885
16,0,122,direct,67381
16,0,123,direct,283997
16,0,124,direct,113822
16,0,125,direct,80481
16,0,126,direct,69615
16,0,127,direct,67692
16,1,0,deadpool,208083
16,1,1,deadpool,109745
16,1,2,deadpool,69745
16,1,3,deadpool,70286
16,1,4,deadpool,69505
16,1,5,deadpool,74241
16,1,6,deadpool,65939
16,1,7,deadpool,160061
16,1,8,deadpool,83776
16,1,9,deadpool,68413
16,1,10,deadpool,72319
16,1,11,deadpool,72239
16,1,12,deadpool,75384
16,1,13,deadpool,74352
16,1,14,deadpool,70737
16,1,15,deadpool,103095
16,1,16,deadpool,77526
16,1,17,deadpool,69013
16,1,18,deadpool,63485
16,1,19,deadpool,96825
16,1,20,deadpool,67822
16,1,21,deadpool,64387
16,1,22,deadpool,63145
16,1,23,deadpool,62935
16,1,24,deadpool,68813
16,1,25,deadpool,64537
16,1,26,deadpool,62755
16,1,27,deadpool,63105
16,1,28,deadpool,62384
16,1,29,deadpool,68333
16,1,30,deadpool,64246
16,1,31,deadpool,62814
16,1,32,deadpool,63425
16,1,33,deadpool,75814
16,1,34,deadpool,69374
16,1,35,deadpool,63736
16,1,36,deadpool,63075
16,1,37,deadpool,63245
16,1,38,deadpool,63074
16,1,39,deadpool,64728
16,1,40,deadpool,62795
16,1,41,deadpool,62534
16,1,42,deadpool,63546
16,1,43,deadpool,63516
16,1,44,deadpool,65178
16,1,45,deadpool,63455
16,1,46,deadpool,63876
16,1,47,deadpool,68142
16,1,48,deadpool,82454
16,1,49,deadpool,138178
16,1,50,deadpool,72539
16,1,51,deadpool,62944
16,1,52,deadpool,63405
16,1,53,deadpool,61893
16,1,54,deadpool,64958
16,1,55,deadpool,62765
16,1,56,deadpool,63585
16,1,57,deadpool,63245
16,1,58,deadpool,135904
16,1,59,deadpool,70937
16,1,60,deadpool,86099
16,1,61,deadpool,85398
16,1,62,deadpool,64276
16,1,63,deadpool,63626
16,1,64,deadpool,65829
16,1,65,deadpool,62694
16,1,66,deadpool,64126
16,1,67,deadpool,62725
16,1,68,deadpool,63255
16,1,69,deadpool,65248
16,1,70,deadpool,62765
16,1,71,deadpool,121533
16,1,72,deadpool,67953
16,1,73,deadpool,62404
16,1,74,deadpool,93390
16,1,75,deadpool,64878
16,1,76,deadpool,62765
16,1,77,deadpool,62083
16,1,78,deadpool,62383
16,1,79,deadpool,64758
16,1,80,deadpool,63245
16,1,81,deadpool,62824
16,1,82,deadpool,62074
16,1,83,deadpool,66791
16,1,84,deadpool,62875
16,1,85,deadpool,62374
16,1,86,deadpool,64017
16,1,87,deadpool,62835
16,1,88,deadpool,68073
16,1,89,deadpool,83625
16,1,90,deadpool,62995
16,1,91,deadpool,62745
16,1,92,deadpool,64086
16,1,93,deadpool,66860
16,1,94,deadpool,65549
16,1,95,deadpool,57807
16,1,96,deadpool,62935
16,1,97,deadpool,63416
16,1,98,deadpool,64497
16,1,99,deadpool,62034
16,1,100,deadpool,62304
16,1,101,deadpool,61813
16,1,102,deadpool,62334
16,1,103,deadpool,86420
16,1,104,deadpool,384328
16,1,105,deadpool,136785
16,1,106,deadpool,68553
16,1,107,deadpool,64107
16,1,108,deadpool,64317
16,1,109,deadpool,63646
16,1,110,deadpool,63936
16,1,111,deadpool,62534
16,1,112,deadpool,104417
16,1,113,deadpool,72199
16,1,114,deadpool,63155
16,1,115,deadpool,61773
16,1,116,deadpool,62063
16,1,117,deadpool,63095
16,1,118,deadpool,64967
16,1,119,deadpool,62854
16,1,120,deadpool,63366
16,1,121,deadpool,62744
16,1,122,deadpool,62614
16,1,123,deadpool,76645
16,1,124,deadpool,62494
16,1,125,deadpool,62234
16,1,126,deadpool,85899
16,1,127,deadpool,65438
17,0,0,deadpool,65248
17,0,1,deadpool,63125
17,0,2,deadpool,63094
17,0,3,deadpool,63535
17,0,4,deadpool,70406
17,0,5,deadpool,62234
17,0,6,deadpool,62785
17,0,7,deadpool,63235
17,0,8,deadpool,63055
17,0,9,deadpool,66650
17,0,10,deadpool,63004
17,0,11,deadpool,61262
17,0,12,deadpool,62644
17,0,13,deadpool,79549
17,0,14,deadpool,69164
17,0,15,deadpool,62955
17,0,16,deadpool,62654
17,0,17,deadpool,63065
17,0,18,deadpool,62924
17,0,19,deadpool,64647
17,0,20,deadpool,62704
17,0,21,deadpool,59810
17,0,22,deadpool,138798
17,0,23,deadpool,65658
17,0,24,deadpool,286711
17,0,25,deadpool,83596
17,0,26,deadpool,64387
17,0,27,deadpool,62785
17,0,28,deadpool,62234
17,0,29,deadpool,64957
17,0,30,deadpool,62163
17,0,31,deadpool,153340
17,0,32,deadpool,66771
17,0,33,deadpool,63375
17,0,34,deadpool,64116
17,0,35,deadpool,62474
17,0,36,deadpool,62574
17,0,37,deadpool,87522
17,0,38,deadpool,65539
17,0,39,deadpool,71257
17,0,40,deadpool,98828
17,0,41,deadpool,132419
17,0,42,deadpool,151718
17,0,43,deadpool,65549
17,0,44,deadpool,98768
17,0,45,deadpool,67842
17,0,46,deadpool,63345
17,0,47,deadpool,62885
17,0,48,deadpool,202204
17,0,49,deadpool,72159
17,0,50,deadpool,63295
17,0,51,deadpool,63876
17,0,52,deadpool,63295
17,0,53,deadpool,69405
17,0,54,deadpool,62735
17,0,55,deadpool,62524
17,0,56,deadpool,64658
17,0,57,deadpool,62825
17,0,58,deadpool,68193
17,0,59,deadpool,61743
17,0,60,deadpool,64106
17,0,61,deadpool,97477
17,0,62,deadpool,66160
17,0,63,deadpool,64687
17,0,64,deadpool,62183
17,0,65,deadpool,62604
17,0,66,deadpool,63395
17,0,67,deadpool,62684
17,0,68,deadpool,65158
17,0,69,deadpool,62764
17,0,70,deadpool,62524
17,0,71,deadpool,64046
17,0,72,deadpool,63455
17,0,73,deadpool,66029
17,0,74,deadpool,63346
17,0,75,deadpool,145949
17,0,76,deadpool,78969
17,0,77,deadpool,63405
17,0,78,deadpool,64878
17,0,79,deadpool,65689
17,0,80,deadpool,62544
17,0,81,deadpool,181964
17,0,82,deadpool,68032
17,0,83,deadpool,65067
17,0,84,deadpool,62584
17,0,85,deadpool,62844
17,0,86,deadpool,63356
17,0,87,deadpool,91437
17,0,88,deadpool,73961
17,0,89,deadpool,63936
17,0,90,deadpool,62454
17,0,91,deadpool,63686
17,0,92,deadpool,133020
17,0,93,deadpool,67521
17,0,94,deadpool,61853
17,0,95,deadpool,62554
17,0,96,deadpool,80632
17,0,97,deadpool,72088
17,0,98,deadpool,62974
17,0,99,deadpool,62935
17,0,100,deadpool,95204
17,0,101,deadpool,70106
17,0,102,deadpool,68963
17,0,103,deadpool,62094
17,0,104,deadpool,63405
17,0,105,deadpool,62934
17,0,106,deadpool,62433
17,0,107,deadpool,64397
17,0,108,deadpool,63516
17,0,109,deadpool,63536
17,0,110,deadpool,62764
17,0,111,deadpool,63695
17,0,112,deadpool,65097
17,0,113,deadpool,62364
17,0,114,deadpool,62103
17,0,115,deadpool,82103
17,0,116,deadpool,64326
17,0,117,deadpool,64256
17,0,118,deadpool,62684
17,0,119,deadpool,61843
17,0,120,deadpool,63565
17,0,121,deadpool,63075
17,0,122,deadpool,64927
17,0,123,deadpool,61652
17,0,124,deadpool,62744
17,0,125,deadpool,62194
17,0,126,deadpool,62574
17,0,127,deadpool,63976
17,1,0,direct,149105
17,1,1,direct,98308
17,1,2,direct,94452
17,1,3,direct,77757
17,1,4,direct,71608
17,1,5,direct,61963
17,1,6,direct,60852
17,1,7,direct,61592
17,1,8,direct,60350
17,1,9,direct,61473
17,1,10,direct,60851
17,1,11,direct,60100
17,1,12,direct,59640
17,1,13,direct,58608
17,1,14,direct,62183
17,1,15,direct,115594
17,1,16,direct,61653
17,1,17,direct,59720
17,1,18,direct,67271
17,1,19,direct,60541
17,1,20,direct,60582
17,1,21,direct,59820
17,1,22,direct,60421
17,1,23,direct,61352
17,1,24,direct,61283
17,1,25,direct,84136
17,1,26,direct,61843
17,1,27,direct,58848
17,1,28,direct,62894
17,1,29,direct,160351
17,1,30,direct,166721
17,1,31,direct,148634
17,1,32,direct,74853
17,1,33,direct,63927
17,1,34,direct,60200
17,1,35,direct,61142
17,1,36,direct,77967
17,1,37,direct,60451
17,1,38,direct,61623
17,1,39,direct,90226
17,1,40,direct,80782
17,1,41,direct,71267
17,1,42,direct,67762
17,1,43,direct,71427
17,1,44,direct,68563
17,1,45,direct,65508
17,1,46,direct,65779
17,1,47,direct,69175
17,1,48,direct,71117
17,1,49,direct,69364
17,1,50,direct,68363
17,1,51,direct,64447
17,1,52,direct,66921
17,1,53,direct,120732
17,1,54,direct,108133
17,1,55,direct,75203
17,1,56,direct,75334
17,1,57,direct,68393
17,1,58,direct,69875
17,1,59,direct,65949
17,1,60,direct,67141
17,1,61,direct,64727
17,1,62,direct,61632
17,1,63,direct,61653
17,1,64,direct,431219
17,1,65,direct,79099
17,1,66,direct,66089
17,1,67,direct,76075
17,1,68,direct,64326
17,1,69,direct,64628
17,1,70,direct,65418
17,1,71,direct,93531
17,1,72,direct,70707
17,1,73,direct,64187
17,1,74,direct,168368
17,1,75,direct,112308
17,1,76,direct,67351
17,1,77,direct,76144
17,1,78,direct,221092
17,1,79,direct,66350
17,1,80,direct,64838
17,1,81,direct,66470
17,1,82,direct,66189
17,1,83,direct,59510
17,1,84,direct,97897
17,1,85,direct,73440
17,1,86,direct,60801
17,1,87,direct,67181
17,1,88,direct,209685
17,1,89,direct,70346
17,1,90,direct,65168
17,1,91,direct,66200
17,1,92,direct,66250
17,1,93,direct,68092
17,1,94,direct,65299
17,1,95,direct,64166
17,1,96,direct,82895
17,1,97,direct,71217
17,1,98,direct,66180
17,1,99,direct,66120
17,1,100,direct,64587
17,1,101,direct,65929
17,1,102,direct,132009
17,1,103,direct,76425
17,1,104,direct,66971
17,1,105,direct,139520
17,1,106,direct,78318
17,1,107,direct,175805
17,1,108,direct,322245
17,1,109,direct,93070
17,1,110,direct,75834
17,1,111,direct,2511057
17,1,112,direct,156626
17,1,113,direct,70256
17,1,114,direct,64728
17,1,115,direct,63295
17,1,116,direct,61382
17,1,117,direct,67451
17,1,118,direct,65229
17,1,119,direct,68513
17,1,120,direct,67622
17,1,121,direct,71898
17,1,122,direct,68063
17,1,123,direct,91718
17,1,124,direct,103886
17,1,125,direct,70576
17,1,126,direct,68473
17,1,127,direct,66360
18,0,0,direct,76755
18,0,1,direct,68883
18,0,2,direct,68322
18,0,3,direct,67261
18,0,4,direct,65359
18,0,5,direct,93741
18,0,6,direct,71567
18,0,7,direct,63486
18,0,8,direct,323287
18,0,9,direct,93892
18,0,10,direct,66891
18,0,11,direct,65669
18,0,12,direct,64697
18,0,13,direct,65718
18,0,14,direct,65909
18,0,15,direct,64197
18,0,16,direct,61222
18,0,17,direct,59700
18,0,18,direct,67802
18,0,19,direct,110766
18,0,20,direct,77326
18,0,21,direct,60841
18,0,22,direct,60752
18,0,23,direct,81142
18,0,24,direct,62143
18,0,25,direct,60672
18,0,26,direct,60401
18,0,27,direct,74071
18,0,28,direct,62834
18,0,29,direct,63115
18,0,30,direct,67561
18,0,31,direct,65509
18,0,32,direct,64467
18,0,33,direct,2175001
18,0,34,direct,70266
18,0,35,direct,62544
18,0,36,direct,69304
18,0,37,direct,64907
18,0,38,direct,65598
18,0,39,direct,66610
18,0,40,direct,65699
18,0,41,direct,65498
18,0,42,direct,70676
18,0,43,direct,60531
18,0,44,direct,63996
18,0,45,direct,64387
18,0,46,direct,205438
18,0,47,direct,74432
18,0,48,direct,65198
18,0,49,direct,65198
18,0,50,direct,62785
18,0,51,direct,66420
18,0,52,direct,68373
18,0,53,direct,65569
18,0,54,direct,67301
18,0,55,direct,65338
18,0,56,direct,65498
18,0,57,direct,69204
18,0,58,direct,95754
18,0,59,direct,73841
18,0,60,direct,65899
18,0,61,direct,67832
18,0,62,direct,69354
18,0,63,direct,66831
18,0,64,direct,66290
18,0,65,direct,69034
18,0,66,direct,66350
18,0,67,direct,71377
18,0,68,direct,64588
18,0,69,direct,65208
18,0,70,direct,66680
18,0,71,direct,66010
18,0,72,direct,1767078
18,0,73,direct,89916
18,0,74,direct,62404
18,0,75,direct,60742
18,0,76,direct,95303
18,0,77,direct,87902
18,0,78,direct,61022
18,0,79,direct,134652
18,0,80,direct,65168
18,0,81,direct,63666
18,0,82,direct,64677
18,0,83,direct,60151
18,0,84,direct,62875
18,0,85,direct,60992
18,0,86,direct,59840
18,0,87,direct,61673
18,0,88,direct,60071
18,0,89,direct,106620
18,0,90,direct,105399
18,0,91,direct,68203
18,0,92,direct,60571
18,0,93,direct,60331
18,0,94,direct,59349
18,0,95,direct,59359
18,0,96,direct,61783
18,0,97,direct,60060
18,0,98,direct,95624
18,0,99,direct,62895
18,0,100,direct,60120
18,0,101,direct,61583
18,0,102,direct,68814
18,0,103,direct,59559
18,0,104,direct,153391
18,0,105,direct,68042
18,0,106,direct,63035
18,0,107,direct,129174
18,0,108,direct,63455
18,0,109,direct,60131
18,0,110,direct,60160
18,0,111,direct,61422
18,0,112,direct,82484
18,0,113,direct,61433
18,0,114,direct,60861
18,0,115,direct,60511
18,0,116,direct,125179
18,0,117,direct,62233
18,0,118,direct,60451
18,0,119,direct,60851
18,0,120,direct,61122
18,0,121,direct,62444
18,0,122,direct,60311
18,0,123,direct,59409
18,0,124,direct,67602
18,0,125,direct,64216
18,0,126,direct,62874
18,0,127,direct,59690
18,1,0,deadpool,171468
18,1,1,deadpool,129965
18,1,2,deadpool,66019
18,1,3,deadpool,79509
18,1,4,deadpool,64087
18,1,5,deadpool,63646
18,1,6,deadpool,63756
18,1,7,deadpool,67352
18,1,8,deadpool,64607
18,1,9,deadpool,93351
18,1,10,deadpool,65749
18,1,11,deadpool,64046
18,1,12,deadpool,69264
18,1,13,deadpool,63476
18,1,14,deadpool,77426
18,1,15,deadpool,63956
18,1,16,deadpool,83225
18,1,17,deadpool,75504
18,1,18,deadpool,66030
18,1,19,deadpool,63846
18,1,20,deadpool,63406
18,1,21,deadpool,108483
18,1,22,deadpool,73681
18,1,23,deadpool,64257
18,1,24,deadpool,64337
18,1,25,deadpool,64297
18,1,26,deadpool,66340
18,1,27,deadpool,115794
18,1,28,deadpool,82184
18,1,29,deadpool,64246
18,1,30,deadpool,64587
18,1,31,deadpool,62915
18,1,32,deadpool,64987
18,1,33,deadpool,62474
18,1,34,deadpool,63105
18,1,35,deadpool,62383
18,1,36,deadpool,62574
18,1,37,deadpool,89886
18,1,38,deadpool,67662
18,1,39,deadpool,63125
18,1,40,deadpool,62604
18,1,41,deadpool,104087
18,1,42,deadpool,82043
18,1,43,deadpool,65849
18,1,44,deadpool,64717
18,1,45,deadpool,62504
18,1,46,deadpool,62834
18,1,47,deadpool,65548
18,1,48,deadpool,62975
18,1,49,deadpool,119209
18,1,50,deadpool,74331
18,1,51,deadpool,64417
18,1,52,deadpool,64597
18,1,53,deadpool,62734
18,1,54,deadpool,87752
18,1,55,deadpool,69755
18,1,56,deadpool,63245
18,1,57,deadpool,65388
18,1,58,deadpool,63125
18,1,59,deadpool,63045
18,1,60,deadpool,62093
18,1,61,deadpool,63015
18,1,62,deadpool,65629
18,1,63,deadpool,63155
18,1,64,deadpool,62674
18,1,65,deadpool,62845
18,1,66,deadpool,66270
18,1,67,deadpool,63666
18,1,68,deadpool,63666
18,1,69,deadpool,79790
18,1,70,deadpool,63816
18,1,71,deadpool,66910
18,1,72,deadpool,64196
18,1,73,deadpool,78117
18,1,74,deadpool,63355
18,1,75,deadpool,62765
18,1,76,deadpool,68063
18,1,77,deadpool,63115
18,1,78,deadpool,62353
18,1,79,deadpool,63105
18,1,80,deadpool,67862
18,1,81,deadpool,64968
18,1,82,deadpool,63866
18,1,83,deadpool,125939
18,1,84,deadpool,94512
18,1,85,deadpool,64697
18,1,86,deadpool,65238
18,1,87,deadpool,62765
18,1,88,deadpool,63445
18,1,89,deadpool,63195
18,1,90,deadpool,63916
18,1,91,deadpool,65218
18,1,92,deadpool,62825
18,1,93,deadpool,87732
18,1,94,deadpool,64427
18,1,95,deadpool,62374
18,1,96,deadpool,64617
18,1,97,deadpool,124247
18,1,98,deadpool,68573
18,1,99,deadpool,64477
18,1,100,deadpool,63446
18,1,101,deadpool,69354
18,1,102,deadpool,196065
18,1,103,deadpool,169074
18,1,104,deadpool,67893
18,1,105,deadpool,63075
18,1,106,deadpool,66060
18,1,107,deadpool,110717
18,1,108,deadpool,67201
18,1,109,deadpool,64117
18,1,110,deadpool,69915
18,1,111,deadpool,63635
18,1,112,deadpool,125719
18,1,113,deadpool,66880
18,1,114,deadpool,63256
18,1,115,deadpool,70116
18,1,116,deadpool,63395
18,1,117,deadpool,63125
18,1,118,deadpool,63105
18,1,119,deadpool,63035
18,1,120,deadpool,95704
18,1,121,deadpool,68873
18,1,122,deadpool,63665
18,1,123,deadpool,62994
18,1,124,deadpool,62964
18,1,125,deadpool,64667
18,1,126,deadpool,62954
18,1,127,deadpool,63666
19,0,0,deadpool,64908
19,0,1,deadpool,63005
19,0,2,deadpool,65469
19,0,3,deadpool,64387
19,0,4,deadpool,62745
19,0,5,deadpool,62254
19,0,6,deadpool,67341
19,0,7,deadpool,186791
19,0,8,deadpool,70085
19,0,9,deadpool,63195
19,0,10,deadpool,62745
19,0,11,deadpool,63075
19,0,12,deadpool,64958
19,0,13,deadpool,64667
19,0,14,deadpool,62985
19,0,15,deadpool,62023
19,0,16,deadpool,93441
19,0,17,deadpool,65819
19,0,18,deadpool,63355
19,0,19,deadpool,93691
19,0,20,deadpool,69705
19,0,21,deadpool,62785
19,0,22,deadpool,66079
19,0,23,deadpool,63575
19,0,24,deadpool,70946
19,0,25,deadpool,65238
19,0,26,deadpool,62914
19,0,27,deadpool,64537
19,0,28,deadpool,116005
19,0,29,deadpool,67001
19,0,30,deadpool,62784
19,0,31,deadpool,64226
19,0,32,deadpool,64577
19,0,33,deadpool,102534
19,0,34,deadpool,65939
19,0,35,deadpool,63656
19,0,36,deadpool,63265
19,0,37,deadpool,65468
19,0,38,deadpool,62754
19,0,39,deadpool,63255
19,0,40,deadpool,63756
19,0,41,deadpool,66190
19,0,42,deadpool,63055
19,0,43,deadpool,60531
19,0,44,deadpool,64888
19,0,45,deadpool,63125
19,0,46,deadpool,68403
19,0,47,deadpool,79430
19,0,48,deadpool,68173
19,0,49,deadpool,63195
19,0,50,deadpool,62574
19,0,51,deadpool,66981
19,0,52,deadpool,63115
19,0,53,deadpool,63265
19,0,54,deadpool,62564
19,0,55,deadpool,63355
19,0,56,deadpool,65579
19,0,57,deadpool,64036
19,0,58,deadpool,61693
19,0,59,deadpool,63125
19,0,60,deadpool,62433
19,0,61,deadpool,66290
19,0,62,deadpool,127512
19,0,63,deadpool,70927
19,0,64,deadpool,64337
19,0,65,deadpool,64347
19,0,66,deadpool,65879
19,0,67,deadpool,65708
19,0,68,deadpool,63475
19,0,69,deadpool,65037
19,0,70,deadpool,64437
19,0,71,deadpool,65669
19,0,72,deadpool,92770
19,0,73,deadpool,63686
19,0,74,deadpool,62854
19,0,75,deadpool,62263
19,0,76,deadpool,123035
19,0,77,deadpool,73050
19,0,78,deadpool,69254
19,0,79,deadpool,71978
19,0,80,deadpool,68674
19,0,81,deadpool,69945
19,0,82,deadpool,70215
19,0,83,deadpool,132729
19,0,84,deadpool,80711
19,0,85,deadpool,73731
19,0,86,deadpool,72609
19,0,87,deadpool,69735
19,0,88,deadpool,112038
19,0,89,deadpool,73210
19,0,90,deadpool,68893
19,0,91,deadpool,71268
19,0,92,deadpool,70576
19,0,93,deadpool,70016
19,0,94,deadpool,68583
19,0,95,deadpool,69584
19,0,96,deadpool,72740
19,0,97,deadpool,70596
19,0,98,deadpool,70205
19,0,99,deadpool,70356
19,0,100,deadpool,79129
19,0,101,deadpool,84146
19,0,102,deadpool,64857
19,0,103,deadpool,63465
19,0,104,deadpool,89284
19,0,105,deadpool,80461
19,0,106,deadpool,70736
19,0,107,deadpool,63615
19,0,108,deadpool,62554
19,0,109,deadpool,66100
19,0,110,deadpool,75684
19,0,111,deadpool,70325
19,0,112,deadpool,67151
19,0,113,deadpool,68773
19,0,114,deadpool,122314
19,0,115,deadpool,85659
19,0,116,deadpool,71278
19,0,117,deadpool,66560
19,0,118,deadpool,63796
19,0,119,deadpool,63145
19,0,120,deadpool,66270
19,0,121,deadpool,63195
19,0,122,deadpool,63235
19,0,123,deadpool,63896
19,0,124,deadpool,88493
19,0,125,deadpool,69584
19,0,126,deadpool,64267
19,0,127,deadpool,63355
19,1,0,direct,190726
19,1,1,direct,66810
19,1,2,direct,95804
19,1,3,direct,67151
19,1,4,direct,68272
19,1,5,direct,66520
19,1,6,direct,66280
19,1,7,direct,178328
19,1,8,direct,69074
19,1,9,direct,101092
19,1,10,direct,79750
19,1,11,direct,67031
19,1,12,direct,67121
19,1,13,direct,68664
19,1,14,direct,65618
19,1,15,direct,66740
19,1,16,direct,65729
19,1,17,direct,66249
19,1,18,direct,64947
19,1,19,direct,62795
19,1,20,direct,84447
19,1,21,direct,65369
19,1,22,direct,68954
19,1,23,direct,81883
19,1,24,direct,68242
19,1,25,direct,65228
19,1,26,direct,73611
19,1,27,direct,67101
19,1,28,direct,64497
19,1,29,direct,66480
19,1,30,direct,65208
19,1,31,direct,68072
19,1,32,direct,68192
19,1,33,direct,67511
19,1,34,direct,64087
19,1,35,direct,64316
19,1,36,direct,69945
19,1,37,direct,150456
19,1,38,direct,95474
19,1,39,direct,67511
19,1,40,direct,81853
19,1,41,direct,71227
19,1,42,direct,65890
19,1,43,direct,66950
19,1,44,direct,64917
19,1,45,direct,64076
19,1,46,direct,94663
19,1,47,direct,68864
19,1,48,direct,64627
19,1,49,direct,64146
19,1,50,direct,101243
19,1,51,direct,67922
19,1,52,direct,67592
19,1,53,direct,62294
19,1,54,direct,63796
19,1,55,direct,65809
19,1,56,direct,66700
19,1,57,direct,66831
19,1,58,direct,134031
19,1,59,direct,67792
19,1,60,direct,66420
19,1,61,direct,78828
19,1,62,direct,227071
19,1,63,direct,64507
19,1,64,direct,61452
19,1,65,direct,63355
19,1,66,direct,67111
19,1,67,direct,66951
19,1,68,direct,62204
19,1,69,direct,66860
19,1,70,direct,66960
19,1,71,direct,62875
19,1,72,direct,65068
19,1,73,direct,64948
19,1,74,direct,67382
19,1,75,direct,101192
19,1,76,direct,73450
19,1,77,direct,69514
19,1,78,direct,68353
19,1,79,direct,63295
19,1,80,direct,87051
19,1,81,direct,63205
19,1,82,direct,63766
19,1,83,direct,64778
19,1,84,direct,67151
19,1,85,direct,69975
19,1,86,direct,65459
19,1,87,direct,65128
19,1,88,direct,67462
19,1,89,direct,92699
19,1,90,direct,168934
19,1,91,direct,68573
19,1,92,direct,63906
19,1,93,direct,66350
19,1,94,direct,61823
19,1,95,direct,61453
19,1,96,direct,62674
19,1,97,direct,67923
19,1,98,direct,106971
19,1,99,direct,155794
19,1,100,direct,105980
19,1,101,direct,66680
19,1,102,direct,66079
19,1,103,direct,65288
19,1,104,direct,66591
19,1,105,direct,65048
19,1,106,direct,70396
19,1,107,direct,65769
19,1,108,direct,65709
19,1,109,direct,66921
19,1,110,direct,65749
19,1,111,direct,65228
19,1,112,direct,66810
19,1,113,direct,65799
19,1,114,direct,177417
19,1,115,direct,68163
19,1,116,direct,68383
19,1,117,direct,64727
19,1,118,direct,64206
19,1,119,direct,66169
19,1,120,direct,69124
19,1,121,direct,67462
19,1,122,direct,64306
19,1,123,direct,60441
19,1,124,direct,65158
19,1,125,direct,65608
19,1,126,direct,65809
19,1,127,direct,109264
20,0,0,direct,68343
20,0,1,direct,68132
20,0,2,direct,67181
20,0,3,direct,65168
20,0,4,direct,67922
20,0,5,direct,72809
20,0,6,direct,67201
20,0,7,direct,64637
20,0,8,direct,67862
20,0,9,direct,67751
20,0,10,direct,68534
20,0,11,direct,68142
20,0,12,direct,90797
20,0,13,direct,70886
20,0,14,direct,68143
20,0,15,direct,67201
20,0,16,direct,69775
20,0,17,direct,65389
20,0,18,direct,64166
20,0,19,direct,64918
20,0,20,direct,190266
20,0,21,direct,122154
20,0,22,direct,126510
20,0,23,direct,92670
20,0,24,direct,72439
20,0,25,direct,64828
20,0,26,direct,68242
20,0,27,direct,66359
20,0,28,direct,64216
20,0,29,direct,64207
20,0,30,direct,68673
20,0,31,direct,68272
20,0,32,direct,64917
20,0,33,direct,66930
20,0,34,direct,63866
20,0,35,direct,66189
20,0,36,direct,64447
20,0,37,direct,73721
20,0,38,direct,63515
20,0,39,direct,60030
20,0,40,direct,59790
20,0,41,direct,61232
20,0,42,direct,59820
20,0,43,direct,59760
20,0,44,direct,59049
20,0,45,direct,59740
20,0,46,direct,143626
20,0,47,direct,90296
20,0,48,direct,61673
20,0,49,direct,60631
20,0,50,direct,67311
20,0,51,direct,98798
20,0,52,direct,65648
20,0,53,direct,60981
20,0,54,direct,58918
20,0,55,direct,66199
20,0,56,direct,60862
20,0,57,direct,60310
20,0,58,direct,59840
20,0,59,direct,59620
20,0,60,direct,60761
20,0,61,direct,60100
20,0,62,direct,59660
20,0,63,direct,60481
20,0,64,direct,59350
20,0,65,direct,62815
20,0,66,direct,82123
20,0,67,direct,346121
20,0,68,direct,63645
20,0,69,direct,412240
20,0,70,direct,71958
20,0,71,direct,60922
20,0,72,direct,92249
20,0,73,direct,62154
20,0,74,direct,60211
20,0,75,direct,61723
20,0,76,direct,59269
20,0,77,direct,59559
20,0,78,direct,60431
20,0,79,direct,58979
20,0,80,direct,60801
20,0,81,direct,265499
20,0,82,direct,75864
20,0,83,direct,82935
20,0,84,direct,83826
20,0,85,direct,63646
20,0,86,direct,60902
20,0,87,direct,62514
20,0,88,direct,62204
20,0,89,direct,60251
20,0,90,direct,62474
20,0,91,direct,61252
20,0,92,direct,60601
20,0,93,direct,60251
20,0,94,direct,60651
20,0,95,direct,61753
20,0,96,direct,60311
20,0,97,direct,60040
20,0,98,direct,76896
20,0,99,direct,64167
20,0,100,direct,62644
20,0,101,direct,60621
20,0,102,direct,60201
20,0,103,direct,60160
20,0,104,direct,64156
20,0,105,direct,61562
20,0,106,direct,60722
20,0,107,direct,60351
20,0,108,direct,60401
20,0,109,direct,61783
20,0,110,direct,60231
20,0,111,direct,59980
20,0,112,direct,60491
20,0,113,direct,60121
20,0,114,direct,157447
20,0,115,direct,64697
20,0,116,direct,60781
20,0,117,direct,60591
20,0,118,direct,60732
20,0,119,direct,62474
20,0,120,direct,62955
20,0,121,direct,61182
20,0,122,direct,61292
20,0,123,direct,60852
20,0,124,direct,88694
20,0,125,direct,62154
20,0,126,direct,60381
20,0,127,direct,60952
20,1,0,deadpool,241533
20,1,1,deadpool,160091
20,1,2,deadpool,119159
20,1,3,deadpool,115303
20,1,4,deadpool,115234
20,1,5,deadpool,114352
20,1,6,deadpool,162595
20,1,7,deadpool,118789
20,1,8,deadpool,115294
20,1,9,deadpool,114272
20,1,10,deadpool,113391
20,1,11,deadpool,118989
20,1,12,deadpool,113821
20,1,13,deadpool,115043
20,1,14,deadpool,133300
20,1,15,deadpool,128193
20,1,16,deadpool,115895
20,1,17,deadpool,115013
20,1,18,deadpool,114953
20,1,19,deadpool,114311
20,1,20,deadpool,124417
20,1,21,deadpool,112960
20,1,22,deadpool,138718
20,1,23,deadpool,119199
20,1,24,deadpool,114463
20,1,25,deadpool,123606
20,1,26,deadpool,118338
20,1,27,deadpool,117386
20,1,28,deadpool,148834
20,1,29,deadpool,119260
20,1,30,deadpool,176516
20,1,31,deadpool,121312
20,1,32,deadpool,115193
20,1,33,deadpool,113982
20,1,34,deadpool,115163
20,1,35,deadpool,118959
20,1,36,deadpool,113020
20,1,37,deadpool,114302
20,1,38,deadpool,138208
20,1,39,deadpool,119680
20,1,40,deadpool,120391
20,1,41,deadpool,114903
20,1,42,deadpool,122084
20,1,43,deadpool,115844
20,1,44,deadpool,114562
20,1,45,deadpool,119410
20,1,46,deadpool,140921
20,1,47,deadpool,113802
20,1,48,deadpool,114172
20,1,49,deadpool,114833
20,1,50,deadpool,118638
20,1,51,deadpool,113661
20,1,52,deadpool,114432
20,1,53,deadpool,112609
20,1,54,deadpool,139971
20,1,55,deadpool,119109
20,1,56,deadpool,114462
20,1,57,deadpool,114222
20,1,58,deadpool,115164
20,1,59,deadpool,113030
20,1,60,deadpool,165219
20,1,61,deadpool,114222
20,1,62,deadpool,123646
20,1,63,deadpool,113901
20,1,64,deadpool,113862
20,1,65,deadpool,121052
20,1,66,deadpool,114212
20,1,67,deadpool,113941
20,1,68,deadpool,111868
20,1,69,deadpool,113541
20,1,70,deadpool,142905
20,1,71,deadpool,114792
20,1,72,deadpool,113601
20,1,73,deadpool,113321
20,1,74,deadpool,136595
20,1,75,deadpool,119369
20,1,76,deadpool,112058
20,1,77,deadpool,113090
20,1,78,deadpool,149815
20,1,79,deadpool,124807
20,1,80,deadpool,114042
20,1,81,deadpool,112319
20,1,82,deadpool,112630
20,1,83,deadpool,114112
20,1,84,deadpool,123146
20,1,85,deadpool,114152
20,1,86,deadpool,146060
20,1,87,deadpool,115314
20,1,88,deadpool,115183
20,1,89,deadpool,118639
20,1,90,deadpool,114372
20,1,91,deadpool,150887
20,1,92,deadpool,119390
20,1,93,deadpool,130487
20,1,94,deadpool,123596
20,1,95,deadpool,114412
20,1,96,deadpool,113010
20,1,97,deadpool,112640
20,1,98,deadpool,112800
20,1,99,deadpool,120271
20,1,100,deadpool,114492
20,1,101,deadpool,113460
20,1,102,deadpool,131438
20,1,103,deadpool,121873
20,1,104,deadpool,130977
20,1,105,deadpool,125129
20,1,106,deadpool,122194
20,1,107,deadpool,123976
20,1,108,deadpool,124617
20,1,109,deadpool,155474
20,1,110,deadpool,126240
20,1,111,deadpool,123155
20,1,112,deadpool,127171
20,1,113,deadpool,128814
20,1,114,deadpool,128704
20,1,115,deadpool,145088
20,1,116,deadpool,135654
20,1,117,deadpool,128684
20,1,118,deadpool,134782
20,1,119,deadpool,127532
20,1,120,deadpool,124046
20,1,121,deadpool,128913
20,1,122,deadpool,188193
20,1,123,deadpool,163246
20,1,124,deadpool,133461
20,1,125,deadpool,125950
20,1,126,deadpool,122815
20,1,127,deadpool,127462
21,0,0,deadpool,135514
21,0,1,deadpool,122955
21,0,2,deadpool,123346
21,0,3,deadpool,133060
21,0,4,deadpool,123576
21,0,5,deadpool,133401
21,0,6,deadpool,117998
21,0,7,deadpool,123436
21,0,8,deadpool,123726
21,0,9,deadpool,123055
21,0,10,deadpool,166080
21,0,11,deadpool,131198
21,0,12,deadpool,123326
21,0,13,deadpool,125199
21,0,14,deadpool,124067
21,0,15,deadpool,129004
21,0,16,deadpool,124697
21,0,17,deadpool,152729
21,0,18,deadpool,129705
21,0,19,deadpool,122655
21,0,20,deadpool,131557
21,0,21,deadpool,129515
21,0,22,deadpool,163165
21,0,23,deadpool,143996
21,0,24,deadpool,162845
21,0,25,deadpool,132319
21,0,26,deadpool,127372
21,0,27,deadpool,126030
21,0,28,deadpool,125659
21,0,29,deadpool,122824
21,0,30,deadpool,131578
21,0,31,deadpool,148073
21,0,32,deadpool,132829
21,0,33,deadpool,129675
21,0,34,deadpool,138568
21,0,35,deadpool,123626
21,0,36,deadpool,122083
21,0,37,deadpool,121242
21,0,38,deadpool,124357
21,0,39,deadpool,173451
21,0,40,deadpool,131858
21,0,41,deadpool,129515
21,0,42,deadpool,126750
21,0,43,deadpool,124377
21,0,44,deadpool,136175
21,0,45,deadpool,124768
21,0,46,deadpool,154502
21,0,47,deadpool,128624
21,0,48,deadpool,126260
21,0,49,deadpool,133221
21,0,50,deadpool,126280
21,0,51,deadpool,166411
21,0,52,deadpool,126179
21,0,53,deadpool,138428
21,0,54,deadpool,135834
21,0,55,deadpool,124647
21,0,56,deadpool,125258
21,0,57,deadpool,125178
21,0,58,deadpool,131367
21,0,59,deadpool,130576
21,0,60,deadpool,162314
21,0,61,deadpool,128873
21,0,62,deadpool,128524
21,0,63,deadpool,128594
21,0,64,deadpool,137717
21,0,65,deadpool,129735
21,0,66,deadpool,129655
21,0,67,deadpool,126560
21,0,68,deadpool,161653
21,0,69,deadpool,137196
21,0,70,deadpool,127892
21,0,71,deadpool,129715
21,0,72,deadpool,127943
21,0,73,deadpool,131668
21,0,74,deadpool,134282
21,0,75,deadpool,154963
21,0,76,deadpool,128213
21,0,77,deadpool,127702
21,0,78,deadpool,136425
21,0,79,deadpool,129374
21,0,80,deadpool,184067
21,0,81,deadpool,158749
21,0,82,deadpool,140181
21,0,83,deadpool,136986
21,0,84,deadpool,115113
21,0,85,deadpool,115033
21,0,86,deadpool,116826
21,0,87,deadpool,114112
21,0,88,deadpool,124167
21,0,89,deadpool,154252
21,0,90,deadpool,117857
21,0,91,deadpool,113171
21,0,92,deadpool,113481
21,0,93,deadpool,118378
21,0,94,deadpool,113511
21,0,95,deadpool,112630
21,0,96,deadpool,113050
21,0,97,deadpool,136305
21,0,98,deadpool,122815
21,0,99,deadpool,116085
21,0,100,deadpool,115033
21,0,101,deadpool,114041
21,0,102,deadpool,115894
21,0,103,deadpool,119540
21,0,104,deadpool,114402
21,0,105,deadpool,136295
21,0,106,deadpool,117336
21,0,107,deadpool,113330
21,0,108,deadpool,117707
21,0,109,deadpool,113641
21,0,110,deadpool,114342
21,0,111,deadpool,164527
21,0,112,deadpool,117516
21,0,113,deadpool,146810
21,0,114,deadpool,115204
21,0,115,deadpool,113571
21,0,116,deadpool,115754
21,0,117,deadpool,113891
21,0,118,deadpool,118618
21,0,119,deadpool,114923
21,0,120,deadpool,114522
21,0,121,deadpool,221913
21,0,122,deadpool,102985
21,0,123,deadpool,67462
21,0,124,deadpool,65669
21,0,125,deadpool,67912
21,0,126,deadpool,69845
21,0,127,deadpool,69535
21,1,0,direct,221453
21,1,1,direct,131638
21,1,2,direct,164067
21,1,3,direct,110285
21,1,4,direct,118168
21,1,5,direct,107292
21,1,6,direct,114642
21,1,7,direct,106069
21,1,8,direct,106571
21,1,9,direct,113511
21,1,10,direct,141082
21,1,11,direct,107742
21,1,12,direct,108453
21,1,13,direct,109315
21,1,14,direct,110136
21,1,15,direct,105128
21,1,16,direct,140982
21,1,17,direct,108233
21,1,18,direct,174152
21,1,19,direct,113571
21,1,20,direct,106390
21,1,21,direct,106961
21,1,22,direct,105118
21,1,23,direct,106430
21,1,24,direct,135904
21,1,25,direct,107151
21,1,26,direct,132289
21,1,27,direct,107482
21,1,28,direct,106911
21,1,29,direct,110806
21,1,30,direct,106650
21,1,31,direct,131368
21,1,32,direct,113791
21,1,33,direct,107782
21,1,34,direct,133281
21,1,35,direct,110436
21,1,36,direct,105469
21,1,37,direct,105629
21,1,38,direct,143676
21,1,39,direct,113611
21,1,40,direct,112770
21,1,41,direct,144637
21,1,42,direct,132579
21,1,43,direct,111528
21,1,44,direct,111698
21,1,45,direct,116455
21,1,46,direct,108203
21,1,47,direct,106961
21,1,48,direct,154132
21,1,49,direct,123345
21,1,50,direct,136706
21,1,51,direct,108093
21,1,52,direct,106380
21,1,53,direct,115324
21,1,54,direct,106350
21,1,55,direct,105879
21,1,56,direct,106360
21,1,57,direct,105889
21,1,58,direct,155103
21,1,59,direct,121112
21,1,60,direct,106501
21,1,61,direct,106250
21,1,62,direct,105949
21,1,63,direct,110617
21,1,64,direct,105499
21,1,65,direct,105829
21,1,66,direct,105839
21,1,67,direct,135855
21,1,68,direct,112259
21,1,69,direct,105839
21,1,70,direct,104357
21,1,71,direct,124026
21,1,72,direct,106871
21,1,73,direct,108062
21,1,74,direct,105218
21,1,75,direct,105128
21,1,76,direct,126090
21,1,77,direct,106219
21,1,78,direct,109534
21,1,79,direct,105729
21,1,80,direct,105799
21,1,81,direct,105789
21,1,82,direct,142424
21,1,83,direct,110947
21,1,84,direct,132379
21,1,85,direct,107162
21,1,86,direct,106340
21,1,87,direct,105198
21,1,88,direct,111829
21,1,89,direct,105569
21,1,90,direct,125479
21,1,91,direct,109875
21,1,92,direct,105209
21,1,93,direct,117917
21,1,94,direct,107241
21,1,95,direct,105939
21,1,96,direct,105869
21,1,97,direct,105609
21,1,98,direct,110055
21,1,99,direct,104958
21,1,100,direct,108904
21,1,101,direct,131027
21,1,102,direct,117506
21,1,103,direct,106420
21,1,104,direct,106390
21,1,105,direct,107411
21,1,106,direct,106290
21,1,107,direct,116515
21,1,108,direct,135744
21,1,109,direct,229615
21,1,110,direct,109224
21,1,111,direct,109064
21,1,112,direct,111578
21,1,113,direct,109195
21,1,114,direct,108103
21,1,115,direct,139940
21,1,116,direct,110646
21,1,117,direct,137697
21,1,118,direct,107441
21,1,119,direct,105789
21,1,120,direct,106771
21,1,121,direct,106731
21,1,122,direct,111578
21,1,123,direct,106110
21,1,124,direct,105258
21,1,125,direct,104917
21,1,126,direct,138899
21,1,127,direct,126641
22,0,0,direct,121903
22,0,1,direct,111197
22,0,2,direct,111438
22,0,3,direct,120772
22,0,4,direct,133902
22,0,5,direct,145018
22,0,6,direct,130606
22,0,7,direct,115614
22,0,8,direct,121693
22,0,9,direct,122604
22,0,10,direct,121172
22,0,11,direct,117777
22,0,12,direct,123806
22,0,13,direct,152800
22,0,14,direct,128193
22,0,15,direct,126360
22,0,16,direct,121973
22,0,17,direct,123205
22,0,18,direct,157938
22,0,19,direct,118588
22,0,20,direct,136416
22,0,21,direct,111487
22,0,22,direct,107421
22,0,23,direct,106620
22,0,24,direct,112609
22,0,25,direct,107802
22,0,26,direct,116936
22,0,27,direct,109835
22,0,28,direct,119580
22,0,29,direct,127632
22,0,30,direct,108824
22,0,31,direct,106110
22,0,32,direct,105779
22,0,33,direct,110166
22,0,34,direct,107061
22,0,35,direct,105939
22,0,36,direct,106300
22,0,37,direct,105349
22,0,38,direct,120442
22,0,39,direct,107692
22,0,40,direct,105789
22,0,41,direct,105999
22,0,42,direct,107331
22,0,43,direct,111588
22,0,44,direct,106430
22,0,45,direct,105558
22,0,46,direct,128263
22,0,47,direct,119610
22,0,48,direct,112249
22,0,49,direct,112059
22,0,50,direct,106560
22,0,51,direct,109235
22,0,52,direct,150316
22,0,53,direct,115353
22,0,54,direct,132419
22,0,55,direct,109415
22,0,56,direct,107211
22,0,57,direct,107822
22,0,58,direct,108884
22,0,59,direct,107001
22,0,60,direct,106049
22,0,61,direct,107361
22,0,62,direct,107692
22,0,63,direct,143666
22,0,64,direct,112930
22,0,65,direct,117097
22,0,66,direct,123205
22,0,67,direct,122314
22,0,68,direct,120932
22,0,69,direct,118619
22,0,70,direct,117277
22,0,71,direct,144578
22,0,72,direct,118057
22,0,73,direct,120270
22,0,74,direct,116956
22,0,75,direct,116335
22,0,76,direct,116174
22,0,77,direct,131318
22,0,78,direct,145659
22,0,79,direct,124817
22,0,80,direct,116836
22,0,81,direct,118528
22,0,82,direct,124457
22,0,83,direct,118848
22,0,84,direct,153971
22,0,85,direct,132319
22,0,86,direct,144938
22,0,87,direct,126430
22,0,88,direct,118378
22,0,89,direct,117566
22,0,90,direct,115084
22,0,91,direct,119790
22,0,92,direct,121513
22,0,93,direct,117206
22,0,94,direct,153581
22,0,95,direct,121042
22,0,96,direct,116295
22,0,97,direct,122253
22,0,98,direct,118638
22,0,99,direct,121042
22,0,100,direct,118778
22,0,101,direct,147001
22,0,102,direct,128693
22,0,103,direct,117867
22,0,104,direct,118048
22,0,105,direct,119570
22,0,106,direct,121002
22,0,107,direct,125549
22,0,108,direct,120622
22,0,109,direct,136165
22,0,110,direct,110466
22,0,111,direct,113511
22,0,112,direct,109745
22,0,113,direct,106059
22,0,114,direct,106750
22,0,115,direct,150796
22,0,116,direct,113701
22,0,117,direct,149154
22,0,118,direct,113982
22,0,119,direct,105739
22,0,120,direct,111969
22,0,121,direct,107011
22,0,122,direct,109644
22,0,123,direct,110165
22,0,124,direct,104958
22,0,125,direct,105979
22,0,126,direct,139169
22,0,127,direct,124427
22,1,0,deadpool,307983
22,1,1,deadpool,79911
22,1,2,deadpool,71427
22,1,3,deadpool,122384
22,1,4,deadpool,72249
22,1,5,deadpool,96996
22,1,6,deadpool,90366
22,1,7,deadpool,83596
22,1,8,deadpool,153731
22,1,9,deadpool,174062
22,1,10,deadpool,101863
22,1,11,deadpool,88543
22,1,12,deadpool,88373
22,1,13,deadpool,114823
22,1,14,deadpool,150757
22,1,15,deadpool,111077
22,1,16,deadpool,87632
22,1,17,deadpool,83155
22,1,18,deadpool,85649
22,1,19,deadpool,86570
22,1,20,deadpool,85979
22,1,21,deadpool,157367
22,1,22,deadpool,105959
22,1,23,deadpool,245740
22,1,24,deadpool,204998
22,1,25,deadpool,137867
22,1,26,deadpool,169165
22,1,27,deadpool,118608
22,1,28,deadpool,130306
22,1,29,deadpool,108052
22,1,30,deadpool,168493
22,1,31,deadpool,114242
22,1,32,deadpool,144347
22,1,33,deadpool,135985
22,1,34,deadpool,106440
22,1,35,deadpool,158899
22,1,36,deadpool,151488
22,1,37,deadpool,200010
22,1,38,deadpool,116425
22,1,39,deadpool,74112
22,1,40,deadpool,73000
22,1,41,deadpool,69084
22,1,42,deadpool,80241
22,1,43,deadpool,67963
22,1,44,deadpool,69865
22,1,45,deadpool,62925
22,1,46,deadpool,97697
22,1,47,deadpool,73420
22,1,48,deadpool,66520
22,1,49,deadpool,63726
22,1,50,deadpool,63035
22,1,51,deadpool,63756
22,1,52,deadpool,66791
22,1,53,deadpool,63376
22,1,54,deadpool,62103
22,1,55,deadpool,63355
22,1,56,deadpool,88854
22,1,57,deadpool,79519
22,1,58,deadpool,66460
22,1,59,deadpool,64527
22,1,60,deadpool,91838
22,1,61,deadpool,67461
22,1,62,deadpool,66159
22,1,63,deadpool,66420
22,1,64,deadpool,65258
22,1,65,deadpool,65759
22,1,66,deadpool,68312
22,1,67,deadpool,67041
22,1,68,deadpool,63836
22,1,69,deadpool,64557
22,1,70,deadpool,63615
22,1,71,deadpool,63696
22,1,72,deadpool,65929
22,1,73,deadpool,64177
22,1,74,deadpool,76024
22,1,75,deadpool,67181
22,1,76,deadpool,63636
22,1,77,deadpool,65849
22,1,78,deadpool,63406
22,1,79,deadpool,63085
22,1,80,deadpool,63396
22,1,81,deadpool,64136
22,1,82,deadpool,65729
22,1,83,deadpool,63195
22,1,84,deadpool,63296
22,1,85,deadpool,62614
22,1,86,deadpool,63907
22,1,87,deadpool,64947
22,1,88,deadpool,64236
22,1,89,deadpool,82033
22,1,90,deadpool,64867
22,1,91,deadpool,64577
22,1,92,deadpool,65198
22,1,93,deadpool,63155
22,1,94,deadpool,62845
22,1,95,deadpool,137697
22,1,96,deadpool,80371
22,1,97,deadpool,63555
22,1,98,deadpool,63245
22,1,99,deadpool,63436
22,1,100,deadpool,64557
22,1,101,deadpool,68763
22,1,102,deadpool,92799
22,1,103,deadpool,69344
22,1,104,deadpool,63205
22,1,105,deadpool,63866
22,1,106,deadpool,68843
22,1,107,deadpool,64146
22,1,108,deadpool,63406
22,1,109,deadpool,63285
22,1,110,deadpool,63756
22,1,111,deadpool,66020
22,1,112,deadpool,63786
22,1,113,deadpool,88834
22,1,114,deadpool,63425
22,1,115,deadpool,66520
22,1,116,deadpool,81182
22,1,117,deadpool,67952
22,1,118,deadpool,66671
22,1,119,deadpool,65409
22,1,120,deadpool,64066
22,1,121,deadpool,69374
22,1,122,deadpool,64787
22,1,123,deadpool,63325
22,1,124,deadpool,63596
22,1,125,deadpool,62704
22,1,126,deadpool,64346
22,1,127,deadpool,62824
23,0,0,deadpool,63856
23,0,1,deadpool,62654
23,0,2,deadpool,63195
23,0,3,deadpool,78669
23,0,4,deadpool,65369
23,0,5,deadpool,64257
23,0,6,deadpool,63195
23,0,7,deadpool,63195
23,0,8,deadpool,64568
23,0,9,deadpool,63245
23,0,10,deadpool,63285
23,0,11,deadpool,64137
23,0,12,deadpool,66660
23,0,13,deadpool,62223
23,0,14,deadpool,63485
23,0,15,deadpool,65388
23,0,16,deadpool,64888
23,0,17,deadpool,68543
23,0,18,deadpool,87652
23,0,19,deadpool,64667
23,0,20,deadpool,63275
23,0,21,deadpool,63505
23,0,22,deadpool,68122
23,0,23,deadpool,63906
23,0,24,deadpool,62714
23,0,25,deadpool,62354
23,0,26,deadpool,63365
23,0,27,deadpool,64277
23,0,28,deadpool,62944
23,0,29,deadpool,62895
23,0,30,deadpool,64247
23,0,31,deadpool,63506
23,0,32,deadpool,64808
23,0,33,deadpool,76124
23,0,34,deadpool,99329
23,0,35,deadpool,70326
23,0,36,deadpool,63996
23,0,37,deadpool,66039
23,0,38,deadpool,62854
23,0,39,deadpool,62595
23,0,40,deadpool,62945
23,0,41,deadpool,64707
23,0,42,deadpool,66199
23,0,43,deadpool,94062
23,0,44,deadpool,64757
23,0,45,deadpool,63124
23,0,46,deadpool,82604
23,0,47,deadpool,72529
23,0,48,deadpool,63976
23,0,49,deadpool,63887
23,0,50,deadpool,65478
23,0,51,deadpool,63185
23,0,52,deadpool,64276
23,0,53,deadpool,63385
23,0,54,deadpool,62403
23,0,55,deadpool,62544
23,0,56,deadpool,68423
23,0,57,deadpool,529337
23,0,58,deadpool,133350
23,0,59,deadpool,67572
23,0,60,deadpool,65218
23,0,61,deadpool,72599
23,0,62,deadpool,63916
23,0,63,deadpool,71938
23,0,64,deadpool,63656
23,0,65,deadpool,63756
23,0,66,deadpool,69194
23,0,67,deadpool,64487
23,0,68,deadpool,110286
23,0,69,deadpool,67572
23,0,70,deadpool,64207
23,0,71,deadpool,65959
23,0,72,deadpool,65018
23,0,73,deadpool,63755
23,0,74,deadpool,63796
23,0,75,deadpool,63886
23,0,76,deadpool,65598
23,0,77,deadpool,63055
23,0,78,deadpool,63145
23,0,79,deadpool,63045
23,0,80,deadpool,62775
23,0,81,deadpool,66099
23,0,82,deadpool,164237
23,0,83,deadpool,73620
23,0,84,deadpool,63355
23,0,85,deadpool,64287
23,0,86,deadpool,104978
23,0,87,deadpool,67742
23,0,88,deadpool,65379
23,0,89,deadpool,94702
23,0,90,deadpool,107612
23,0,91,deadpool,244257
23,0,92,deadpool,122154
23,0,93,deadpool,70206
23,0,94,deadpool,64247
23,0,95,deadpool,63926
23,0,96,deadpool,67181
23,0,97,deadpool,62985
23,0,98,deadpool,67351
23,0,99,deadpool,210797
23,0,100,deadpool,146210
23,0,101,deadpool,148634
23,0,102,deadpool,116856
23,0,103,deadpool,115193
23,0,104,deadpool,118609
23,0,105,deadpool,128954
23,0,106,deadpool,115634
23,0,107,deadpool,115243
23,0,108,deadpool,114542
23,0,109,deadpool,141022
23,0,110,deadpool,148323
23,0,111,deadpool,115814
23,0,112,deadpool,114732
23,0,113,deadpool,113581
23,0,114,deadpool,113380
23,0,115,deadpool,118137
23,0,116,deadpool,114732
23,0,117,deadpool,122574
23,0,118,deadpool,114563
23,0,119,deadpool,113761
23,0,120,deadpool,119119
23,0,121,deadpool,116014
23,0,122,deadpool,159240
23,0,123,deadpool,121163
23,0,124,deadpool,138538
23,0,125,deadpool,120822
23,0,126,deadpool,114472
23,0,127,deadpool,113100
23,1,0,direct,168493
23,1,1,direct,65308
23,1,2,direct,72760
23,1,3,direct,61002
23,1,4,direct,149465
23,1,5,direct,112258
23,1,6,direct,66179
23,1,7,direct,63035
23,1,8,direct,61092
23,1,9,direct,60541
23,1,10,direct,60641
23,1,11,direct,59019
23,1,12,direct,61012
23,1,13,direct,209675
23,1,14,direct,80441
23,1,15,direct,62083
23,1,16,direct,60611
23,1,17,direct,76676
23,1,18,direct,63366
23,1,19,direct,60250
23,1,20,direct,60701
23,1,21,direct,59940
23,1,22,direct,62014
23,1,23,direct,61372
23,1,24,direct,63226
23,1,25,direct,60782
23,1,26,direct,64297
23,1,27,direct,61072
23,1,28,direct,60110
23,1,29,direct,61362
23,1,30,direct,61172
23,1,31,direct,65899
23,1,32,direct,61021
23,1,33,direct,80631
23,1,34,direct,68133
23,1,35,direct,69405
23,1,36,direct,84036
23,1,37,direct,69595
23,1,38,direct,67201
23,1,39,direct,69976
23,1,40,direct,70075
23,1,41,direct,70085
23,1,42,direct,114352
23,1,43,direct,82464
23,1,44,direct,68473
23,1,45,direct,94722
23,1,46,direct,92710
23,1,47,direct,71077
23,1,48,direct,68663
23,1,49,direct,65929
23,1,50,direct,68463
23,1,51,direct,74592
23,1,52,direct,67712
23,1,53,direct,67712
23,1,54,direct,66981
23,1,55,direct,70456
23,1,56,direct,69605
23,1,57,direct,67191
23,1,58,direct,83946
23,1,59,direct,68053
23,1,60,direct,67060
23,1,61,direct,65478
23,1,62,direct,65959
23,1,63,direct,65338
23,1,64,direct,66971
23,1,65,direct,64798
23,1,66,direct,67422
23,1,67,direct,68643
23,1,68,direct,64738
23,1,69,direct,60161
23,1,70,direct,60350
23,1,71,direct,61142
23,1,72,direct,60842
23,1,73,direct,79870
23,1,74,direct,65148
23,1,75,direct,68573
23,1,76,direct,66500
23,1,77,direct,62785
23,1,78,direct,63806
23,1,79,direct,65118
23,1,80,direct,66229
23,1,81,direct,61032
23,1,82,direct,64627
23,1,83,direct,66070
23,1,84,direct,67942
23,1,85,direct,66901
23,1,86,direct,66200
23,1,87,direct,82624
23,1,88,direct,66119
23,1,89,direct,61503
23,1,90,direct,75073
23,1,91,direct,83035
23,1,92,direct,65618
23,1,93,direct,62143
23,1,94,direct,63045
23,1,95,direct,66630
23,1,96,direct,65459
23,1,97,direct,68073
23,1,98,direct,124056
23,1,99,direct,68763
23,1,100,direct,64968
23,1,101,direct,102614
23,1,102,direct,61303
23,1,103,direct,64156
23,1,104,direct,61202
23,1,105,direct,61733
23,1,106,direct,66420
23,1,107,direct,63275
23,1,108,direct,62294
23,1,109,direct,67993
23,1,110,direct,69304
23,1,111,direct,66911
23,1,112,direct,64297
23,1,113,direct,65919
23,1,114,direct,66119
23,1,115,direct,79309
23,1,116,direct,66781
23,1,117,direct,66240
23,1,118,direct,66079
23,1,119,direct,67140
23,1,120,direct,68743
23,1,121,direct,67291
23,1,122,direct,67291
23,1,123,direct,65658
23,1,124,direct,64867
23,1,125,direct,67441
23,1,126,direct,66080
23,1,127,direct,67351
24,0,0,direct,68182
24,0,1,direct,85048
24,0,2,direct,66981
24,0,3,direct,65479
24,0,4,direct,66099
24,0,5,direct,67271
24,0,6,direct,69034
24,0,7,direct,65588
24,0,8,direct,66130
24,0,9,direct,65439
24,0,10,direct,65588
24,0,11,direct,69335
24,0,12,direct,66220
24,0,13,direct,67021
24,0,14,direct,66961
24,0,15,direct,85128
24,0,16,direct,71207
24,0,17,direct,68723
24,0,18,direct,68083
24,0,19,direct,64907
24,0,20,direct,67020
24,0,21,direct,69405
24,0,22,direct,65498
24,0,23,direct,66319
24,0,24,direct,69715
24,0,25,direct,67221
24,0,26,direct,80501
24,0,27,direct,65919
24,0,28,direct,69404
24,0,29,direct,87211
24,0,30,direct,67982
24,0,31,direct,68893
24,0,32,direct,68883
24,0,33,direct,60771
24,0,34,direct,61072
24,0,35,direct,61001
24,0,36,direct,67091
24,0,37,direct,65569
24,0,38,direct,65779
24,0,39,direct,66600
24,0,40,direct,67761
24,0,41,direct,67482
24,0,42,direct,68193
24,0,43,direct,74932
24,0,44,direct,67962
24,0,45,direct,64657
24,0,46,direct,67131
24,0,47,direct,67391
24,0,48,direct,68033
24,0,49,direct,66620
24,0,50,direct,69575
24,0,51,direct,65709
24,0,52,direct,67532
24,0,53,direct,68142
24,0,54,direct,66159
24,0,55,direct,70906
24,0,56,direct,66089
24,0,57,direct,67402
24,0,58,direct,81943
24,0,59,direct,67782
24,0,60,direct,67602
24,0,61,direct,66139
24,0,62,direct,63355
24,0,63,direct,65679
24,0,64,direct,69895
24,0,65,direct,69264
24,0,66,direct,65128
24,0,67,direct,65339
24,0,68,direct,64307
24,0,69,direct,67732
24,0,70,direct,66910
24,0,71,direct,67892
24,0,72,direct,89945
24,0,73,direct,68703
24,0,74,direct,66831
24,0,75,direct,68483
24,0,76,direct,67762
24,0,77,direct,65389
24,0,78,direct,63605
24,0,79,direct,65859
24,0,80,direct,67001
24,0,81,direct,68173
24,0,82,direct,98789
24,0,83,direct,70186
24,0,84,direct,66029
24,0,85,direct,83966
24,0,86,direct,66500
24,0,87,direct,67111
24,0,88,direct,66310
24,0,89,direct,69034
24,0,90,direct,66981
24,0,91,direct,69084
24,0,92,direct,67722
24,0,93,direct,68403
24,0,94,direct,66601
24,0,95,direct,65358
24,0,96,direct,66791
24,0,97,direct,65518
24,0,98,direct,67291
24,0,99,direct,73350
24,0,100,direct,73911
24,0,101,direct,68904
24,0,102,direct,67372
24,0,103,direct,68483
24,0,104,direct,70967
24,0,105,direct,72669
24,0,106,direct,66380
24,0,107,direct,70285
24,0,108,direct,66560
24,0,109,direct,67862
24,0,110,direct,65368
24,0,111,direct,66750
24,0,112,direct,60481
24,0,113,direct,61051
24,0,114,direct,86560
24,0,115,direct,61363
24,0,116,direct,61552
24,0,117,direct,60581
24,0,118,direct,61082
24,0,119,direct,71427
24,0,120,direct,61703
24,0,121,direct,60941
24,0,122,direct,62073
24,0,123,direct,60601
24,0,124,direct,60731
24,0,125,direct,60681
24,0,126,direct,59970
24,0,127,direct,60300
24,1,0,deadpool,280912
24,1,1,deadpool,156966
24,1,2,deadpool,119350
24,1,3,deadpool,115864
24,1,4,deadpool,152860
24,1,5,deadpool,144638
24,1,6,deadpool,153440
24,1,7,deadpool,119741
24,1,8,deadpool,115104
24,1,9,deadpool,114322
24,1,10,deadpool,115554
24,1,11,deadpool,118338
24,1,12,deadpool,115885
24,1,13,deadpool,116045
24,1,14,deadpool,141903
24,1,15,deadpool,127072
24,1,16,deadpool,115103
24,1,17,deadpool,114743
24,1,18,deadpool,115303
24,1,19,deadpool,113410
24,1,20,deadpool,124367
24,1,21,deadpool,114132
24,1,22,deadpool,139730
24,1,23,deadpool,117587
24,1,24,deadpool,116465
24,1,25,deadpool,123135
24,1,26,deadpool,115183
24,1,27,deadpool,113340
24,1,28,deadpool,113491
24,1,29,deadpool,114102
24,1,30,deadpool,138398
24,1,31,deadpool,117788
24,1,32,deadpool,114643
24,1,33,deadpool,115854
24,1,34,deadpool,115403
24,1,35,deadpool,120581
24,1,36,deadpool,168233
24,1,37,deadpool,121513
24,1,38,deadpool,143335
24,1,39,deadpool,115805
24,1,40,deadpool,148353
24,1,41,deadpool,127742
24,1,42,deadpool,117797
24,1,43,deadpool,115183
24,1,44,deadpool,115013
24,1,45,deadpool,150266
24,1,46,deadpool,119961
24,1,47,deadpool,114072
24,1,48,deadpool,114061
24,1,49,deadpool,114552
24,1,50,deadpool,120010
24,1,51,deadpool,114322
24,1,52,deadpool,113320
24,1,53,deadpool,137396
24,1,54,deadpool,119490
24,1,55,deadpool,119309
24,1,56,deadpool,114882
24,1,57,deadpool,115484
24,1,58,deadpool,116114
24,1,59,deadpool,116275
24,1,60,deadpool,119780
24,1,61,deadpool,147892
24,1,62,deadpool,117988
24,1,63,deadpool,114041
24,1,64,deadpool,113070
24,1,65,deadpool,119940
24,1,66,deadpool,114222
24,1,67,deadpool,155725
24,1,68,deadpool,119269
24,1,69,deadpool,143626
24,1,70,deadpool,121483
24,1,71,deadpool,116385
24,1,72,deadpool,117226
24,1,73,deadpool,116626
24,1,74,deadpool,125179
24,1,75,deadpool,115674
24,1,76,deadpool,113561
24,1,77,deadpool,136085
24,1,78,deadpool,115744
24,1,79,deadpool,125669
24,1,80,deadpool,116085
24,1,81,deadpool,115213
24,1,82,deadpool,114643
24,1,83,deadpool,114342
24,1,84,deadpool,123696
24,1,85,deadpool,142415
24,1,86,deadpool,116725
24,1,87,deadpool,115844
24,1,88,deadpool,115524
24,1,89,deadpool,118308
24,1,90,deadpool,114522
24,1,91,deadpool,115103
24,1,92,deadpool,114001
24,1,93,deadpool,139249
24,1,94,deadpool,121924
24,1,95,deadpool,115094
24,1,96,deadpool,113201
24,1,97,deadpool,113751
24,1,98,deadpool,115654
24,1,99,deadpool,148163
24,1,100,deadpool,117066
24,1,101,deadpool,151668
24,1,102,deadpool,116516
24,1,103,deadpool,114432
24,1,104,deadpool,118658
24,1,105,deadpool,115083
24,1,106,deadpool,113500
24,1,107,deadpool,114752
24,1,108,deadpool,113751
24,1,109,deadpool,143205
24,1,110,deadpool,114633
24,1,111,deadpool,114432
24,1,112,deadpool,114042
24,1,113,deadpool,115414
24,1,114,deadpool,117186
24,1,115,deadpool,115303
24,1,116,deadpool,114171
24,1,117,deadpool,138749
24,1,118,deadpool,125969
24,1,119,deadpool,115033
24,1,120,deadpool,115554
24,1,121,deadpool,123916
24,1,122,deadpool,114723
24,1,123,deadpool,124787
24,1,124,deadpool,115123
24,1,125,deadpool,139289
24,1,126,deadpool,115974
24,1,127,deadpool,113871
25,0,0,deadpool,132039
25,0,1,deadpool,113401
25,0,2,deadpool,114893
25,0,3,deadpool,174833
25,0,4,deadpool,138509
25,0,5,deadpool,125408
25,0,6,deadpool,114773
25,0,7,deadpool,114823
25,0,8,deadpool,115173
25,0,9,deadpool,114502
25,0,10,deadpool,118098
25,0,11,deadpool,113701
25,0,12,deadpool,131998
25,0,13,deadpool,121462
25,0,14,deadpool,113931
25,0,15,deadpool,117326
25,0,16,deadpool,114352
25,0,17,deadpool,114903
25,0,18,deadpool,113080
25,0,19,deadpool,114132
25,0,20,deadpool,137997
25,0,21,deadpool,123095
25,0,22,deadpool,114753
25,0,23,deadpool,115765
25,0,24,deadpool,114803
25,0,25,deadpool,119350
25,0,26,deadpool,113651
25,0,27,deadpool,113831
25,0,28,deadpool,113201
25,0,29,deadpool,162134
25,0,30,deadpool,135223
25,0,31,deadpool,125870
25,0,32,deadpool,125228
25,0,33,deadpool,127211
25,0,34,deadpool,178208
25,0,35,deadpool,157868
25,0,36,deadpool,128053
25,0,37,deadpool,115464
25,0,38,deadpool,118038
25,0,39,deadpool,126640
25,0,40,deadpool,130797
25,0,41,deadpool,122164
25,0,42,deadpool,128093
25,0,43,deadpool,162915
25,0,44,deadpool,123997
25,0,45,deadpool,119700
25,0,46,deadpool,114633
25,0,47,deadpool,126230
25,0,48,deadpool,118938
25,0,49,deadpool,118519
25,0,50,deadpool,114492
25,0,51,deadpool,153261
25,0,52,deadpool,117076
25,0,53,deadpool,115634
25,0,54,deadpool,117937
25,0,55,deadpool,113180
25,0,56,deadpool,115654
25,0,57,deadpool,115113
25,0,58,deadpool,114613
25,0,59,deadpool,156435
25,0,60,deadpool,129896
25,0,61,deadpool,118268
25,0,62,deadpool,114382
25,0,63,deadpool,126129
25,0,64,deadpool,184788
25,0,65,deadpool,132439
25,0,66,deadpool,156836
25,0,67,deadpool,127161
25,0,68,deadpool,125919
25,0,69,deadpool,143435
25,0,70,deadpool,126951
25,0,71,deadpool,127171
25,0,72,deadpool,126981
25,0,73,deadpool,150636
25,0,74,deadpool,131427
25,0,75,deadpool,124938
25,0,76,deadpool,126370
25,0,77,deadpool,126190
25,0,78,deadpool,135233
25,0,79,deadpool,125579
25,0,80,deadpool,146150
25,0,81,deadpool,129615
25,0,82,deadpool,131628
25,0,83,deadpool,142014
25,0,84,deadpool,129034
25,0,85,deadpool,124347
25,0,86,deadpool,128323
25,0,87,deadpool,162674
25,0,88,deadpool,140671
25,0,89,deadpool,129635
25,0,90,deadpool,127823
25,0,91,deadpool,129475
25,0,92,deadpool,171188
25,0,93,deadpool,156265
25,0,94,deadpool,166710
25,0,95,deadpool,131888
25,0,96,deadpool,131047
25,0,97,deadpool,130066
25,0,98,deadpool,135394
25,0,99,deadpool,132109
25,0,100,deadpool,132339
25,0,101,deadpool,158148
25,0,102,deadpool,118208
25,0,103,deadpool,120301
25,0,104,deadpool,115954
25,0,105,deadpool,115053
25,0,106,deadpool,113741
25,0,107,deadpool,114542
25,0,108,deadpool,119039
25,0,109,deadpool,142875
25,0,110,deadpool,118168
25,0,111,deadpool,115384
25,0,112,deadpool,115193
25,0,113,deadpool,120441
25,0,114,deadpool,115614
25,0,115,deadpool,123245
25,0,116,deadpool,119229
25,0,117,deadpool,145389
25,0,118,deadpool,136906
25,0,119,deadpool,129865
25,0,120,deadpool,131768
25,0,121,deadpool,135754
25,0,122,deadpool,175384
25,0,123,deadpool,131718
25,0,124,deadpool,128964
25,0,125,deadpool,125679
25,0,126,deadpool,116435
25,0,127,deadpool,115183
25,1,0,direct,270838
25,1,1,direct,72248
25,1,2,direct,65188
25,1,3,direct,97567
25,1,4,direct,74412
25,1,5,direct,131237
25,1,6,direct,66259
25,1,7,direct,63485
25,1,8,direct,64838
25,1,9,direct,61933
25,1,10,direct,63645
25,1,11,direct,61022
25,1,12,direct,61512
25,1,13,direct,59840
25,1,14,direct,104828
25,1,15,direct,67992
25,1,16,direct,61262
25,1,17,direct,59930
25,1,18,direct,61643
25,1,19,direct,63025
25,1,20,direct,61693
25,1,21,direct,60932
25,1,22,direct,60251
25,1,23,direct,60011
25,1,24,direct,64016
25,1,25,direct,60712
25,1,26,direct,60621
25,1,27,direct,59880
25,1,28,direct,60521
25,1,29,direct,2127590
25,1,30,direct,113631
25,1,31,direct,64406
25,1,32,direct,61052
25,1,33,direct,76495
25,1,34,direct,95003
25,1,35,direct,62434
25,1,36,direct,61092
25,1,37,direct,60280
25,1,38,direct,60431
25,1,39,direct,61763
25,1,40,direct,60732
25,1,41,direct,60861
25,1,42,direct,103706
25,1,43,direct,67442
25,1,44,direct,63415
25,1,45,direct,60511
25,1,46,direct,66841
25,1,47,direct,219831
25,1,48,direct,118499
25,1,49,direct,75764
25,1,50,direct,65088
25,1,51,direct,59981
25,1,52,direct,61973
25,1,53,direct,84928
25,1,54,direct,75003
25,1,55,direct,60511
25,1,56,direct,64407
25,1,57,direct,60811
25,1,58,direct,64017
25,1,59,direct,66950
25,1,60,direct,62063
25,1,61,direct,62104
25,1,62,direct,62203
25,1,63,direct,65839
25,1,64,direct,114402
25,1,65,direct,69915
25,1,66,direct,2242593
25,1,67,direct,98077
25,1,68,direct,73080
25,1,69,direct,62113
25,1,70,direct,60011
25,1,71,direct,61232
25,1,72,direct,60270
25,1,73,direct,61412
25,1,74,direct,60220
25,1,75,direct,60461
25,1,76,direct,60691
25,1,77,direct,60591
25,1,78,direct,62944
25,1,79,direct,82584
25,1,80,direct,64507
25,1,81,direct,61953
25,1,82,direct,60291
25,1,83,direct,61963
25,1,84,direct,59830
25,1,85,direct,59460
25,1,86,direct,62173
25,1,87,direct,60090
25,1,88,direct,63335
25,1,89,direct,60891
25,1,90,direct,59149
25,1,91,direct,87261
25,1,92,direct,60490
25,1,93,direct,69174
25,1,94,direct,191779
25,1,95,direct,144747
25,1,96,direct,65519
25,1,97,direct,61342
25,1,98,direct,62494
25,1,99,direct,63366
25,1,100,direct,60761
25,1,101,direct,59880
25,1,102,direct,60190
25,1,103,direct,62023
25,1,104,direct,61021
25,1,105,direct,59499
25,1,106,direct,59760
25,1,107,direct,95002
25,1,108,direct,62594
25,1,109,direct,60401
25,1,110,direct,61292
25,1,111,direct,60641
25,1,112,direct,60481
25,1,113,direct,76214
25,1,114,direct,62905
25,1,115,direct,59921
25,1,116,direct,60591
25,1,117,direct,63666
25,1,118,direct,60100
25,1,119,direct,80511
25,1,120,direct,60791
25,1,121,direct,77457
25,1,122,direct,65759
25,1,123,direct,80601
25,1,124,direct,151278
25,1,125,direct,61132
25,1,126,direct,60551
25,1,127,direct,62084
26,0,0,direct,60821
26,0,1,direct,61513
26,0,2,direct,60201
26,0,3,direct,60091
26,0,4,direct,61833
26,0,5,direct,59589
26,0,6,direct,59840
26,0,7,direct,72869
26,0,8,direct,61613
26,0,9,direct,62584
26,0,10,direct,60050
26,0,11,direct,60050
26,0,12,direct,60451
26,0,13,direct,60351
26,0,14,direct,62134
26,0,15,direct,60832
26,0,16,direct,59730
26,0,17,direct,61002
26,0,18,direct,81873
26,0,19,direct,65979
26,0,20,direct,59169
26,0,21,direct,59249
26,0,22,direct,75834
26,0,23,direct,63696
26,0,24,direct,63385
26,0,25,direct,69424
26,0,26,direct,129986
26,0,27,direct,61222
26,0,28,direct,61373
26,0,29,direct,63165
26,0,30,direct,59950
26,0,31,direct,60511
26,0,32,direct,59991
26,0,33,direct,60100
26,0,34,direct,62614
26,0,35,direct,61081
26,0,36,direct,59940
26,0,37,direct,84888
26,0,38,direct,66480
26,0,39,direct,60401
26,0,40,direct,61072
26,0,41,direct,61492
26,0,42,direct,60351
26,0,43,direct,63536
26,0,44,direct,59469
26,0,45,direct,59750
26,0,46,direct,59430
26,0,47,direct,60020
26,0,48,direct,61583
26,0,49,direct,61273
26,0,50,direct,60310
26,0,51,direct,60000
26,0,52,direct,84568
26,0,53,direct,63996
26,0,54,direct,59860
26,0,55,direct,59449
26,0,56,direct,60891
26,0,57,direct,60471
26,0,58,direct,60872
26,0,59,direct,69565
26,0,60,direct,60231
26,0,61,direct,59460
26,0,62,direct,60471
26,0,63,direct,60671
26,0,64,direct,60251
26,0,65,direct,61653
26,0,66,direct,59259
26,0,67,direct,75574
26,0,68,direct,64898
26,0,69,direct,59680
26,0,70,direct,60301
26,0,71,direct,59780
26,0,72,direct,153240
26,0,73,direct,70566
26,0,74,direct,60611
26,0,75,direct,60762
26,0,76,direct,58908
26,0,77,direct,84316
26,0,78,direct,71497
26,0,79,direct,66420
26,0,80,direct,89224
26,0,81,direct,85709
26,0,82,direct,66860
26,0,83,direct,65358
26,0,84,direct,63716
26,0,85,direct,70216
26,0,86,direct,68243
26,0,87,direct,65699
26,0,88,direct,75323
26,0,89,direct,67311
26,0,90,direct,68693
26,0,91,direct,69144
26,0,92,direct,71698
26,0,93,direct,68493
26,0,94,direct,80251
26,0,95,direct,72349
26,0,96,direct,68243
26,0,97,direct,67231
26,0,98,direct,66631
26,0,99,direct,64797
26,0,100,direct,66701
26,0,101,direct,64077
26,0,102,direct,67923
26,0,103,direct,67371
26,0,104,direct,68783
26,0,105,direct,67932
26,0,106,direct,69304
26,0,107,direct,69274
26,0,108,direct,92929
26,0,109,direct,69615
26,0,110,direct,69534
26,0,111,direct,66620
26,0,112,direct,68343
26,0,113,direct,65689
26,0,114,direct,82975
26,0,115,direct,67081
26,0,116,direct,65568
26,0,117,direct,67913
26,0,118,direct,65779
26,0,119,direct,66370
26,0,120,direct,68473
26,0,121,direct,65879
26,0,122,direct,79530
26,0,123,direct,66110
26,0,124,direct,67241
26,0,125,direct,60371
26,0,126,direct,59880
26,0,127,direct,67892
26,1,0,deadpool,291589
26,1,1,deadpool,188874
26,1,2,deadpool,140521
26,1,3,deadpool,123706
26,1,4,deadpool,159109
26,1,5,deadpool,115774
26,1,6,deadpool,114723
26,1,7,deadpool,115544
26,1,8,deadpool,126210
26,1,9,deadpool,117076
26,1,10,deadpool,138949
26,1,11,deadpool,118538
26,1,12,deadpool,114903
26,1,13,deadpool,125389
26,1,14,deadpool,113490
26,1,15,deadpool,113461
26,1,16,deadpool,114803
26,1,17,deadpool,115794
26,1,18,deadpool,138609
26,1,19,deadpool,118819
26,1,20,deadpool,112879
26,1,21,deadpool,113941
26,1,22,deadpool,114061
26,1,23,deadpool,118108
26,1,24,deadpool,115033
26,1,25,deadpool,114392
26,1,26,deadpool,150746
26,1,27,deadpool,119199
26,1,28,deadpool,119049
26,1,29,deadpool,114463
26,1,30,deadpool,116255
26,1,31,deadpool,114442
26,1,32,deadpool,153762
26,1,33,deadpool,122094
26,1,34,deadpool,149144
26,1,35,deadpool,116285
26,1,36,deadpool,112339
26,1,37,deadpool,113050
26,1,38,deadpool,117496
26,1,39,deadpool,114352
26,1,40,deadpool,115423
26,1,41,deadpool,112920
26,1,42,deadpool,135234
26,1,43,deadpool,119760
26,1,44,deadpool,115284
26,1,45,deadpool,114832
26,1,46,deadpool,114873
26,1,47,deadpool,113821
26,1,48,deadpool,118758
26,1,49,deadpool,116155
26,1,50,deadpool,143656
26,1,51,deadpool,116546
26,1,52,deadpool,114943
26,1,53,deadpool,119159
26,1,54,deadpool,114522
26,1,55,deadpool,116946
26,1,56,deadpool,115564
26,1,57,deadpool,115494
26,1,58,deadpool,150897
26,1,59,deadpool,116184
26,1,60,deadpool,115754
26,1,61,deadpool,113290
26,1,62,deadpool,115994
26,1,63,deadpool,118358
26,1,64,deadpool,170466
26,1,65,deadpool,132519
26,1,66,deadpool,121613
26,1,67,deadpool,124818
26,1,68,deadpool,114813
26,1,69,deadpool,114362
26,1,70,deadpool,113741
26,1,71,deadpool,114051
26,1,72,deadpool,124817
26,1,73,deadpool,139870
26,1,74,deadpool,122444
26,1,75,deadpool,115784
26,1,76,deadpool,114081
26,1,77,deadpool,122093
26,1,78,deadpool,115724
26,1,79,deadpool,114822
26,1,80,deadpool,113030
26,1,81,deadpool,114833
26,1,82,deadpool,170346
26,1,83,deadpool,117827
26,1,84,deadpool,114783
26,1,85,deadpool,115143
26,1,86,deadpool,115233
26,1,87,deadpool,118758
26,1,88,deadpool,119059
26,1,89,deadpool,142734
26,1,90,deadpool,116575
26,1,91,deadpool,116375
26,1,92,deadpool,119530
26,1,93,deadpool,114792
26,1,94,deadpool,113731
26,1,95,deadpool,194272
26,1,96,deadpool,139810
26,1,97,deadpool,126350
26,1,98,deadpool,115273
26,1,99,deadpool,114973
26,1,100,deadpool,113961
26,1,101,deadpool,114673
26,1,102,deadpool,117096
26,1,103,deadpool,113241
26,1,104,deadpool,136235
26,1,105,deadpool,123606
26,1,106,deadpool,117757
26,1,107,deadpool,118919
26,1,108,deadpool,114472
26,1,109,deadpool,114081
26,1,110,deadpool,115834
26,1,111,deadpool,113090
26,1,112,deadpool,139770
26,1,113,deadpool,121182
26,1,114,deadpool,115283
26,1,115,deadpool,114302
26,1,116,deadpool,114452
26,1,117,deadpool,118769
26,1,118,deadpool,114071
26,1,119,deadpool,113861
26,1,120,deadpool,115664
26,1,121,deadpool,141894
26,1,122,deadpool,119690
26,1,123,deadpool,115674
26,1,124,deadpool,116606
26,1,125,deadpool,112800
26,1,126,deadpool,160872
26,1,127,deadpool,120341
27,0,0,deadpool,142605
27,0,1,deadpool,118078
27,0,2,deadpool,115133
27,0,3,deadpool,125228
27,0,4,deadpool,116946
27,0,5,deadpool,115574
27,0,6,deadpool,115383
27,0,7,deadpool,114212
27,0,8,deadpool,160962
27,0,9,deadpool,118748
27,0,10,deadpool,114802
27,0,11,deadpool,116125
27,0,12,deadpool,114252
27,0,13,deadpool,118268
27,0,14,deadpool,116405
27,0,15,deadpool,115594
27,0,16,deadpool,135423
27,0,17,deadpool,117306
27,0,18,deadpool,117967
27,0,19,deadpool,113310
27,0,20,deadpool,113721
27,0,21,deadpool,114532
27,0,22,deadpool,113711
27,0,23,deadpool,116265
27,0,24,deadpool,138258
27,0,25,deadpool,116976
27,0,26,deadpool,113962
27,0,27,deadpool,114092
27,0,28,deadpool,119289
27,0,29,deadpool,114332
27,0,30,deadpool,144837
27,0,31,deadpool,116856
27,0,32,deadpool,141543
27,0,33,deadpool,147532
27,0,34,deadpool,130947
27,0,35,deadpool,123876
27,0,36,deadpool,130377
27,0,37,deadpool,127882
27,0,38,deadpool,133341
27,0,39,deadpool,159160
27,0,40,deadpool,134883
27,0,41,deadpool,133541
27,0,42,deadpool,141243
27,0,43,deadpool,130075
27,0,44,deadpool,125339
27,0,45,deadpool,123236
27,0,46,deadpool,150506
27,0,47,deadpool,145990
27,0,48,deadpool,127662
27,0,49,deadpool,121423
27,0,50,deadpool,129755
27,0,51,deadpool,127442
27,0,52,deadpool,146169
27,0,53,deadpool,153862
27,0,54,deadpool,139099
27,0,55,deadpool,130276
27,0,56,deadpool,131107
27,0,57,deadpool,135033
27,0,58,deadpool,130306
27,0,59,deadpool,189966
27,0,60,deadpool,168324
27,0,61,deadpool,130847
27,0,62,deadpool,132920
27,0,63,deadpool,115704
27,0,64,deadpool,124057
27,0,65,deadpool,126540
27,0,66,deadpool,129995
27,0,67,deadpool,142795
27,0,68,deadpool,138067
27,0,69,deadpool,135664
27,0,70,deadpool,127843
27,0,71,deadpool,125369
27,0,72,deadpool,133310
27,0,73,deadpool,131578
27,0,74,deadpool,130857
27,0,75,deadpool,160642
27,0,76,deadpool,136065
27,0,77,deadpool,129756
27,0,78,deadpool,132128
27,0,79,deadpool,124968
27,0,80,deadpool,114692
27,0,81,deadpool,133251
27,0,82,deadpool,161333
27,0,83,deadpool,127782
27,0,84,deadpool,128984
27,0,85,deadpool,130546
27,0,86,deadpool,141022
27,0,87,deadpool,166040
27,0,88,deadpool,131448
27,0,89,deadpool,155984
27,0,90,deadpool,133951
27,0,91,deadpool,141322
27,0,92,deadpool,133141
27,0,93,deadpool,126821
27,0,94,deadpool,122414
27,0,95,deadpool,127732
27,0,96,deadpool,228954
27,0,97,deadpool,133891
27,0,98,deadpool,132279
27,0,99,deadpool,136405
27,0,100,deadpool,130126
27,0,101,deadpool,132369
27,0,102,deadpool,154181
27,0,103,deadpool,136255
27,0,104,deadpool,139239
27,0,105,deadpool,130397
27,0,106,deadpool,137566
27,0,107,deadpool,128494
27,0,108,deadpool,129915
27,0,109,deadpool,164317
27,0,110,deadpool,137126
27,0,111,deadpool,135825
27,0,112,deadpool,129254
27,0,113,deadpool,225930
27,0,114,deadpool,188714
27,0,115,deadpool,156445
27,0,116,deadpool,145178
27,0,117,deadpool,133501
27,0,118,deadpool,132790
27,0,119,deadpool,120421
27,0,120,deadpool,139040
27,0,121,deadpool,135513
27,0,122,deadpool,155995
27,0,123,deadpool,119620
27,0,124,deadpool,114622
27,0,125,deadpool,114442
27,0,126,deadpool,118007
27,0,127,deadpool,115694
27,1,0,direct,207492
27,1,1,direct,68653
27,1,2,direct,102415
27,1,3,direct,75934
27,1,4,direct,61011
27,1,5,direct,60731
27,1,6,direct,60751
27,1,7,direct,60901
27,1,8,direct,63856
27,1,9,direct,59229
27,1,10,direct,59099
27,1,11,direct,59239
27,1,12,direct,63776
27,1,13,direct,58498
27,1,14,direct,60071
27,1,15,direct,58618
27,1,16,direct,60411
27,1,17,direct,75844
27,1,18,direct,62884
27,1,19,direct,59640
27,1,20,direct,60031
27,1,21,direct,58738
27,1,22,direct,60761
27,1,23,direct,74272
27,1,24,direct,66661
27,1,25,direct,61412
27,1,26,direct,60661
27,1,27,direct,62194
27,1,28,direct,106049
27,1,29,direct,68243
27,1,30,direct,60331
27,1,31,direct,59239
27,1,32,direct,99660
27,1,33,direct,61542
27,1,34,direct,59460
27,1,35,direct,60541
27,1,36,direct,60361
27,1,37,direct,62053
27,1,38,direct,60822
27,1,39,direct,60601
27,1,40,direct,59610
27,1,41,direct,59249
27,1,42,direct,61603
27,1,43,direct,61092
27,1,44,direct,59199
27,1,45,direct,59870
27,1,46,direct,60231
27,1,47,direct,68132
27,1,48,direct,60020
27,1,49,direct,59670
27,1,50,direct,58728
27,1,51,direct,59941
27,1,52,direct,61262
27,1,53,direct,60380
27,1,54,direct,60501
27,1,55,direct,61572
27,1,56,direct,60871
27,1,57,direct,62044
27,1,58,direct,59770
27,1,59,direct,60341
27,1,60,direct,60781
27,1,61,direct,63505
27,1,62,direct,78428
27,1,63,direct,62194
27,1,64,direct,60501
27,1,65,direct,59510
27,1,66,direct,62244
27,1,67,direct,60391
27,1,68,direct,60131
27,1,69,direct,57306
27,1,70,direct,77026
27,1,71,direct,61953
27,1,72,direct,59619
27,1,73,direct,60862
27,1,74,direct,60721
27,1,75,direct,59078
27,1,76,direct,61102
27,1,77,direct,81582
27,1,78,direct,64597
27,1,79,direct,59550
27,1,80,direct,60170
27,1,81,direct,62494
27,1,82,direct,59330
27,1,83,direct,59990
27,1,84,direct,59930
27,1,85,direct,59340
27,1,86,direct,60591
27,1,87,direct,60501
27,1,88,direct,60400
27,1,89,direct,91968
27,1,90,direct,60651
27,1,91,direct,62153
27,1,92,direct,81683
27,1,93,direct,63976
27,1,94,direct,60541
27,1,95,direct,62113
27,1,96,direct,61693
27,1,97,direct,59079
27,1,98,direct,59400
27,1,99,direct,59750
27,1,100,direct,59610
27,1,101,direct,61102
27,1,102,direct,60291
27,1,103,direct,59440
27,1,104,direct,60240
27,1,105,direct,59910
27,1,106,direct,61512
27,1,107,direct,59599
27,1,108,direct,78117
27,1,109,direct,60951
27,1,110,direct,63556
27,1,111,direct,59890
27,1,112,direct,56585
27,1,113,direct,59690
27,1,114,direct,60341
27,1,115,direct,64928
27,1,116,direct,61303
27,1,117,direct,60671
27,1,118,direct,60602
27,1,119,direct,58818
27,1,120,direct,63175
27,1,121,direct,60551
27,1,122,direct,60020
27,1,123,direct,59970
27,1,124,direct,110856
27,1,125,direct,81592
27,1,126,direct,60781
27,1,127,direct,60091
28,0,0,direct,62234
28,0,1,direct,59920
28,0,2,direct,62914
28,0,3,direct,60611
28,0,4,direct,59650
28,0,5,direct,59740
28,0,6,direct,59710
28,0,7,direct,60541
28,0,8,direct,60662
28,0,9,direct,59940
28,0,10,direct,224718
28,0,11,direct,88543
28,0,12,direct,65899
28,0,13,direct,71337
28,0,14,direct,62794
28,0,15,direct,60231
28,0,16,direct,59540
28,0,17,direct,61482
28,0,18,direct,59099
28,0,19,direct,85539
28,0,20,direct,60981
28,0,21,direct,99019
28,0,22,direct,123996
28,0,23,direct,62394
28,0,24,direct,60341
28,0,25,direct,72429
28,0,26,direct,63585
28,0,27,direct,61813
28,0,28,direct,59700
28,0,29,direct,58548
28,0,30,direct,67041
28,0,31,direct,61323
28,0,32,direct,60451
28,0,33,direct,60150
28,0,34,direct,59920
28,0,35,direct,58768
28,0,36,direct,933705
28,0,37,direct,84987
28,0,38,direct,144727
28,0,39,direct,67001
28,0,40,direct,59700
28,0,41,direct,60891
28,0,42,direct,59880
28,0,43,direct,58398
28,0,44,direct,59079
28,0,45,direct,59499
28,0,46,direct,60551
28,0,47,direct,58478
28,0,48,direct,58778
28,0,49,direct,58559
28,0,50,direct,59690
28,0,51,direct,61282
28,0,52,direct,59609
28,0,53,direct,111188
28,0,54,direct,61923
28,0,55,direct,60200
28,0,56,direct,63115
28,0,57,direct,60781
28,0,58,direct,60581
28,0,59,direct,60000
28,0,60,direct,59780
28,0,61,direct,62594
28,0,62,direct,59039
28,0,63,direct,83186
28,0,64,direct,64718
28,0,65,direct,60331
28,0,66,direct,61813
28,0,67,direct,108713
28,0,68,direct,66280
28,0,69,direct,60010
28,0,70,direct,59820
28,0,71,direct,60070
28,0,72,direct,66611
28,0,73,direct,708035
28,0,74,direct,72129
28,0,75,direct,62494
28,0,76,direct,62764
28,0,77,direct,59860
28,0,78,direct,59419
28,0,79,direct,59229
28,0,80,direct,59931
28,0,81,direct,70386
28,0,82,direct,124197
28,0,83,direct,61483
28,0,84,direct,60772
28,0,85,direct,62844
28,0,86,direct,251538
28,0,87,direct,65208
28,0,88,direct,63095
28,0,89,direct,62144
28,0,90,direct,65308
28,0,91,direct,60070
28,0,92,direct,60191
28,0,93,direct,59490
28,0,94,direct,59499
28,0,95,direct,61773
28,0,96,direct,60701
28,0,97,direct,60571
28,0,98,direct,60261
28,0,99,direct,79830
28,0,100,direct,67822
28,0,101,direct,59429
28,0,102,direct,257577
28,0,103,direct,70797
28,0,104,direct,61242
28,0,105,direct,61783
28,0,106,direct,58598
28,0,107,direct,93631
28,0,108,direct,61272
28,0,109,direct,60761
28,0,110,direct,60831
28,0,111,direct,113131
28,0,112,direct,61903
28,0,113,direct,59690
28,0,114,direct,60381
28,0,115,direct,61433
28,0,116,direct,58608
28,0,117,direct,58809
28,0,118,direct,58758
28,0,119,direct,59820
28,0,120,direct,62364
28,0,121,direct,59630
28,0,122,direct,126641
28,0,123,direct,66870
28,0,124,direct,60360
28,0,125,direct,140281
28,0,126,direct,62734
28,0,127,direct,59219
28,1,0,deadpool,218018
28,1,1,deadpool,134182
28,1,2,deadpool,120061
28,1,3,deadpool,119110
28,1,4,deadpool,118088
28,1,5,deadpool,194363
28,1,6,deadpool,143035
28,1,7,deadpool,119680
28,1,8,deadpool,132960
28,1,9,deadpool,133821
28,1,10,deadpool,133471
28,1,11,deadpool,159861
28,1,12,deadpool,127372
28,1,13,deadpool,137737
28,1,14,deadpool,132289
28,1,15,deadpool,134222
28,1,16,deadpool,183355
28,1,17,deadpool,138068
28,1,18,deadpool,161183
28,1,19,deadpool,134933
28,1,20,deadpool,132519
28,1,21,deadpool,135023
28,1,22,deadpool,134413
28,1,23,deadpool,130176
28,1,24,deadpool,137557
28,1,25,deadpool,159469
28,1,26,deadpool,137377
28,1,27,deadpool,123655
28,1,28,deadpool,134542
28,1,29,deadpool,132139
28,1,30,deadpool,129785
28,1,31,deadpool,135194
28,1,32,deadpool,162875
28,1,33,deadpool,134212
28,1,34,deadpool,131608
28,1,35,deadpool,127162
28,1,36,deadpool,135173
28,1,37,deadpool,132630
28,1,38,deadpool,132369
28,1,39,deadpool,151999
28,1,40,deadpool,135924
28,1,41,deadpool,140741
28,1,42,deadpool,133952
28,1,43,deadpool,132950
28,1,44,deadpool,173651
28,1,45,deadpool,138879
28,1,46,deadpool,166320
28,1,47,deadpool,131989
28,1,48,deadpool,138208
28,1,49,deadpool,136945
28,1,50,deadpool,122414
28,1,51,deadpool,130887
28,1,52,deadpool,117367
28,1,53,deadpool,150266
28,1,54,deadpool,119079
28,1,55,deadpool,116235
28,1,56,deadpool,121793
28,1,57,deadpool,120161
28,1,58,deadpool,115754
28,1,59,deadpool,114433
28,1,60,deadpool,125880
28,1,61,deadpool,144086
28,1,62,deadpool,117026
28,1,63,deadpool,115874
28,1,64,deadpool,116045
28,1,65,deadpool,126420
28,1,66,deadpool,117276
28,1,67,deadpool,115714
28,1,68,deadpool,114482
28,1,69,deadpool,155184
28,1,70,deadpool,134152
28,1,71,deadpool,121033
28,1,72,deadpool,132059
28,1,73,deadpool,131588
28,1,74,deadpool,177257
28,1,75,deadpool,163646
28,1,76,deadpool,138899
28,1,77,deadpool,133350
28,1,78,deadpool,131949
28,1,79,deadpool,130517
28,1,80,deadpool,137266
28,1,81,deadpool,133791
28,1,82,deadpool,129294
28,1,83,deadpool,140902
28,1,84,deadpool,127182
28,1,85,deadpool,135634
28,1,86,deadpool,128093
28,1,87,deadpool,132329
28,1,88,deadpool,132690
28,1,89,deadpool,133611
28,1,90,deadpool,186981
28,1,91,deadpool,125489
28,1,92,deadpool,134402
28,1,93,deadpool,130706
28,1,94,deadpool,133701
28,1,95,deadpool,137828
28,1,96,deadpool,167862
28,1,97,deadpool,136425
28,1,98,deadpool,128072
28,1,99,deadpool,129194
28,1,100,deadpool,135214
28,1,101,deadpool,160100
28,1,102,deadpool,143746
28,1,103,deadpool,162755
28,1,104,deadpool,145128
28,1,105,deadpool,135364
28,1,106,deadpool,133811
28,1,107,deadpool,131217
28,1,108,deadpool,128023
28,1,109,deadpool,134472
28,1,110,deadpool,141253
28,1,111,deadpool,136495
28,1,112,deadpool,125529
28,1,113,deadpool,115814
28,1,114,deadpool,133510
28,1,115,deadpool,116816
28,1,116,deadpool,116645
28,1,117,deadpool,117006
28,1,118,deadpool,145449
28,1,119,deadpool,121192
28,1,120,deadpool,116655
28,1,121,deadpool,124227
28,1,122,deadpool,116466
28,1,123,deadpool,116285
28,1,124,deadpool,120942
28,1,125,deadpool,117056
28,1,126,deadpool,152340
28,1,127,deadpool,117787
29,0,0,deadpool,117016
29,0,1,deadpool,118298
29,0,2,deadpool,115523
29,0,3,deadpool,155063
29,0,4,deadpool,120891
29,0,5,deadpool,141924
29,0,6,deadpool,128853
29,0,7,deadpool,116405
29,0,8,deadpool,114572
29,0,9,deadpool,114462
29,0,10,deadpool,114643
29,0,11,deadpool,119369
29,0,12,deadpool,115644
29,0,13,deadpool,135384
29,0,14,deadpool,120401
29,0,15,deadpool,115374
29,0,16,deadpool,120090
29,0,17,deadpool,115424
29,0,18,deadpool,115604
29,0,19,deadpool,114953
29,0,20,deadpool,125228
29,0,21,deadpool,135183
29,0,22,deadpool,119890
29,0,23,deadpool,115173
29,0,24,deadpool,115634
29,0,25,deadpool,125769
29,0,26,deadpool,114493
29,0,27,deadpool,114512
29,0,28,deadpool,115314
29,0,29,deadpool,136035
29,0,30,deadpool,132159
29,0,31,deadpool,115033
29,0,32,deadpool,114662
29,0,33,deadpool,114762
29,0,34,deadpool,114482
29,0,35,deadpool,150907
29,0,36,deadpool,121894
29,0,37,deadpool,145689
29,0,38,deadpool,119360
29,0,39,deadpool,116375
29,0,40,deadpool,122184
29,0,41,deadpool,115784
29,0,42,deadpool,116756
29,0,43,deadpool,116264
29,0,44,deadpool,117397
29,0,45,deadpool,148813
29,0,46,deadpool,119260
29,0,47,deadpool,117387
29,0,48,deadpool,116004
29,0,49,deadpool,115423
29,0,50,deadpool,119890
29,0,51,deadpool,115975
29,0,52,deadpool,116075
29,0,53,deadpool,141543
29,0,54,deadpool,116956
29,0,55,deadpool,120051
29,0,56,deadpool,115754
29,0,57,deadpool,116235
29,0,58,deadpool,114682
29,0,59,deadpool,114802
29,0,60,deadpool,120201
29,0,61,deadpool,153110
29,0,62,deadpool,117086
29,0,63,deadpool,113832
29,0,64,deadpool,126881
29,0,65,deadpool,116485
29,0,66,deadpool,138468
29,0,67,deadpool,126330
29,0,68,deadpool,138228
29,0,69,deadpool,134963
29,0,70,deadpool,114662
29,0,71,deadpool,123165
29,0,72,deadpool,117497
29,0,73,deadpool,115023
29,0,74,deadpool,125338
29,0,75,deadpool,114733
29,0,76,deadpool,139109
29,0,77,deadpool,120391
29,0,78,deadpool,116955
29,0,79,deadpool,121462
29,0,80,deadpool,120792
29,0,81,deadpool,116545
29,0,82,deadpool,169074
29,0,83,deadpool,119670
29,0,84,deadpool,149004
29,0,85,deadpool,118207
29,0,86,deadpool,119199
29,0,87,deadpool,118869
29,0,88,deadpool,134042
29,0,89,deadpool,122243
29,0,90,deadpool,115324
29,0,91,deadpool,141643
29,0,92,deadpool,124438
29,0,93,deadpool,117567
29,0,94,deadpool,123165
29,0,95,deadpool,119480
29,0,96,deadpool,115624
29,0,97,deadpool,145919
29,0,98,deadpool,117747
29,0,99,deadpool,146991
29,0,100,deadpool,117997
29,0,101,deadpool,117747
29,0,102,deadpool,114592
29,0,103,deadpool,116255
29,0,104,deadpool,119880
29,0,105,deadpool,115694
29,0,106,deadpool,115164
29,0,107,deadpool,142955
29,0,108,deadpool,127032
29,0,109,deadpool,116866
29,0,110,deadpool,115393
29,0,111,deadpool,115403
29,0,112,deadpool,114903
29,0,113,deadpool,124848
29,0,114,deadpool,115884
29,0,115,deadpool,143486
29,0,116,deadpool,117196
29,0,117,deadpool,115283
29,0,118,deadpool,127232
29,0,119,deadpool,116135
29,0,120,deadpool,117396
29,0,121,deadpool,116636
29,0,122,deadpool,115113
29,0,123,deadpool,148383
29,0,124,deadpool,117998
29,0,125,deadpool,116446
29,0,126,deadpool,116716
29,0,127,deadpool,116565
29,1,0,direct,268114
29,1,1,direct,84337
29,1,2,direct,101272
29,1,3,direct,68222
29,1,4,direct,59780
29,1,5,direct,61883
29,1,6,direct,60691
29,1,7,direct,60501
29,1,8,direct,58848
29,1,9,direct,60951
29,1,10,direct,61623
29,1,11,direct,63295
29,1,12,direct,132109
29,1,13,direct,61683
29,1,14,direct,59740
29,1,15,direct,61833
29,1,16,direct,104928
29,1,17,direct,63546
29,1,18,direct,60190
29,1,19,direct,58758
29,1,20,direct,61212
29,1,21,direct,81112
29,1,22,direct,62494
29,1,23,direct,59440
29,1,24,direct,61212
29,1,25,direct,62334
29,1,26,direct,60051
29,1,27,direct,59219
29,1,28,direct,60130
29,1,29,direct,61362
29,1,30,direct,61132
29,1,31,direct,102774
29,1,32,direct,71457
29,1,33,direct,69275
29,1,34,direct,66700
29,1,35,direct,61873
29,1,36,direct,70356
29,1,37,direct,78057
29,1,38,direct,74822
29,1,39,direct,72169
29,1,40,direct,62464
29,1,41,direct,151548
29,1,42,direct,69635
29,1,43,direct,102424
29,1,44,direct,74422
29,1,45,direct,68323
29,1,46,direct,64207
29,1,47,direct,65308
29,1,48,direct,67872
29,1,49,direct,68162
29,1,50,direct,66190
29,1,51,direct,70326
29,1,52,direct,69705
29,1,53,direct,105649
29,1,54,direct,73010
29,1,55,direct,68293
29,1,56,direct,95053
29,1,57,direct,76615
29,1,58,direct,67972
29,1,59,direct,68763
29,1,60,direct,68463
29,1,61,direct,65939
29,1,62,direct,71468
29,1,63,direct,68693
29,1,64,direct,86961
29,1,65,direct,67181
29,1,66,direct,65819
29,1,67,direct,66350
29,1,68,direct,64958
29,1,69,direct,68212
29,1,70,direct,113580
29,1,71,direct,69264
29,1,72,direct,67241
29,1,73,direct,67281
29,1,74,direct,69915
29,1,75,direct,65309
29,1,76,direct,67411
29,1,77,direct,66550
29,1,78,direct,92268
29,1,79,direct,70206
29,1,80,direct,69414
29,1,81,direct,75533
29,1,82,direct,69454
29,1,83,direct,244558
29,1,84,direct,1368649
29,1,85,direct,86930
29,1,86,direct,196265
29,1,87,direct,69164
29,1,88,direct,109545
29,1,89,direct,70456
29,1,90,direct,68473
29,1,91,direct,68523
29,1,92,direct,67692
29,1,93,direct,67822
29,1,94,direct,68663
29,1,95,direct,66980
29,1,96,direct,64147
29,1,97,direct,66961
29,1,98,direct,64927
29,1,99,direct,67962
29,1,100,direct,67862
29,1,101,direct,68212
29,1,102,direct,98798
29,1,103,direct,74622
29,1,104,direct,66500
29,1,105,direct,67652
29,1,106,direct,66610
29,1,107,direct,68452
29,1,108,direct,67352
29,1,109,direct,68263
29,1,110,direct,66730
29,1,111,direct,66751
29,1,112,direct,66871
29,1,113,direct,66781
29,1,114,direct,60431
29,1,115,direct,58808
29,1,116,direct,89094
29,1,117,direct,68523
29,1,118,direct,71208
29,1,119,direct,68182
29,1,120,direct,62944
29,1,121,direct,79580
29,1,122,direct,69704
29,1,123,direct,68143
29,1,124,direct,69004
29,1,125,direct,69655
29,1,126,direct,65709
29,1,127,direct,67111
30,0,0,direct,69494
30,0,1,direct,115794
30,0,2,direct,76546
30,0,3,direct,68773
30,0,4,direct,66990
30,0,5,direct,69285
30,0,6,direct,64637
30,0,7,direct,67181
30,0,8,direct,67682
30,0,9,direct,76275
30,0,10,direct,67161
30,0,11,direct,81934
30,0,12,direct,72069
30,0,13,direct,65178
30,0,14,direct,68283
30,0,15,direct,104407
30,0,16,direct,66230
30,0,17,direct,66850
30,0,18,direct,66891
30,0,19,direct,69584
30,0,20,direct,66650
30,0,21,direct,68162
30,0,22,direct,72980
30,0,23,direct,69876
30,0,24,direct,76174
30,0,25,direct,72499
30,0,26,direct,67251
30,0,27,direct,64097
30,0,28,direct,113631
30,0,29,direct,74552
30,0,30,direct,65929
30,0,31,direct,68853
30,0,32,direct,72749
30,0,33,direct,65669
30,0,34,direct,68914
30,0,35,direct,64617
30,0,36,direct,69975
30,0,37,direct,70716
30,0,38,direct,68903
30,0,39,direct,65018
30,0,40,direct,65268
30,0,41,direct,64627
30,0,42,direct,105229
30,0,43,direct,69595
30,0,44,direct,69104
30,0,45,direct,64677
30,0,46,direct,67272
30,0,47,direct,66870
30,0,48,direct,94922
30,0,49,direct,70315
30,0,50,direct,68282
30,0,51,direct,66490
30,0,52,direct,64056
30,0,53,direct,62203
30,0,54,direct,69124
30,0,55,direct,160301
30,0,56,direct,74842
30,0,57,direct,66450
30,0,58,direct,65558
30,0,59,direct,69034
30,0,60,direct,82915
30,0,61,direct,70926
30,0,62,direct,63115
30,0,63,direct,64417
30,0,64,direct,79720
30,0,65,direct,68192
30,0,66,direct,65428
30,0,67,direct,67772
30,0,68,direct,114603
30,0,69,direct,72068
30,0,70,direct,69124
30,0,71,direct,65649
30,0,72,direct,66631
30,0,73,direct,65389
30,0,74,direct,60230
30,0,75,direct,59679
30,0,76,direct,60871
30,0,77,direct,60351
30,0,78,direct,62974
30,0,79,direct,60871
30,0,80,direct,60251
30,0,81,direct,60080
30,0,82,direct,77817
30,0,83,direct,83275
30,0,84,direct,59770
30,0,85,direct,59429
30,0,86,direct,59400
30,0,87,direct,104988
30,0,88,direct,87922
30,0,89,direct,60240
30,0,90,direct,58788
30,0,91,direct,60822
30,0,92,direct,59329
30,0,93,direct,61923
30,0,94,direct,60070
30,0,95,direct,59829
30,0,96,direct,60681
30,0,97,direct,117387
30,0,98,direct,62844
30,0,99,direct,59960
30,0,100,direct,59770
30,0,101,direct,59109
30,0,102,direct,59430
30,0,103,direct,68052
30,0,104,direct,1149118
30,0,105,direct,103175
30,0,106,direct,66099
30,0,107,direct,60541
30,0,108,direct,60821
30,0,109,direct,95233
30,0,110,direct,64557
30,0,111,direct,58658
30,0,112,direct,64928
30,0,113,direct,59820
30,0,114,direct,60160
30,0,115,direct,58437
30,0,116,direct,61061
30,0,117,direct,62774
30,0,118,direct,58568
30,0,119,direct,59429
30,0,120,direct,60762
30,0,121,direct,60691
30,0,122,direct,60411
30,0,123,direct,59169
30,0,124,direct,58779
30,0,125,direct,107391
30,0,126,direct,60551
30,0,127,direct,60141
30,1,0,deadpool,231488
30,1,1,deadpool,121282
30,1,2,deadpool,117647
30,1,3,deadpool,118107
30,1,4,deadpool,120921
30,1,5,deadpool,154212
30,1,6,deadpool,118559
30,1,7,deadpool,116496
30,1,8,deadpool,117467
30,1,9,deadpool,123075
30,1,10,deadpool,117447
30,1,11,deadpool,116425
30,1,12,deadpool,116726
30,1,13,deadpool,146481
30,1,14,deadpool,122294
30,1,15,deadpool,116996
30,1,16,deadpool,115614
30,1,17,deadpool,116425
30,1,18,deadpool,159750
30,1,19,deadpool,129424
30,1,20,deadpool,146120
30,1,21,deadpool,125889
30,1,22,deadpool,119260
30,1,23,deadpool,126030
30,1,24,deadpool,117957
30,1,25,deadpool,115163
30,1,26,deadpool,115073
30,1,27,deadpool,116425
30,1,28,deadpool,151818
30,1,29,deadpool,117747
30,1,30,deadpool,115123
30,1,31,deadpool,115253
30,1,32,deadpool,116145
30,1,33,deadpool,125388
30,1,34,deadpool,116916
30,1,35,deadpool,116906
30,1,36,deadpool,153221
30,1,37,deadpool,117997
30,1,38,deadpool,119600
30,1,39,deadpool,117877
30,1,40,deadpool,116034
30,1,41,deadpool,115984
30,1,42,deadpool,117286
30,1,43,deadpool,119039
30,1,44,deadpool,135875
30,1,45,deadpool,116905
30,1,46,deadpool,115594
30,1,47,deadpool,132620
30,1,48,deadpool,122935
30,1,49,deadpool,144176
30,1,50,deadpool,122685
30,1,51,deadpool,137787
30,1,52,deadpool,121803
30,1,53,deadpool,119660
30,1,54,deadpool,114692
30,1,55,deadpool,115644
30,1,56,deadpool,115714
30,1,57,deadpool,118048
30,1,58,deadpool,119329
30,1,59,deadpool,137227
30,1,60,deadpool,120511
30,1,61,deadpool,116315
30,1,62,deadpool,114853
30,1,63,deadpool,118708
30,1,64,deadpool,115394
30,1,65,deadpool,115053
30,1,66,deadpool,114462
30,1,67,deadpool,146540
30,1,68,deadpool,121292
30,1,69,deadpool,115583
30,1,70,deadpool,133010
30,1,71,deadpool,116425
30,1,72,deadpool,126170
30,1,73,deadpool,117256
30,1,74,deadpool,116735
30,1,75,deadpool,139419
30,1,76,deadpool,120751
30,1,77,deadpool,127432
30,1,78,deadpool,115433
30,1,79,deadpool,115524
30,1,80,deadpool,115464
30,1,81,deadpool,160731
30,1,82,deadpool,121453
30,1,83,deadpool,143867
30,1,84,deadpool,117046
30,1,85,deadpool,114802
30,1,86,deadpool,115764
30,1,87,deadpool,120612
30,1,88,deadpool,116295
30,1,89,deadpool,115604
30,1,90,deadpool,115243
30,1,91,deadpool,137537
30,1,92,deadpool,145448
30,1,93,deadpool,117457
30,1,94,deadpool,114612
30,1,95,deadpool,118187
30,1,96,deadpool,114983
30,1,97,deadpool,120150
30,1,98,deadpool,115744
30,1,99,deadpool,141683
30,1,100,deadpool,124457
30,1,101,deadpool,115774
30,1,102,deadpool,121573
30,1,103,deadpool,114903
30,1,104,deadpool,115894
30,1,105,deadpool,114622
30,1,106,deadpool,115784
30,1,107,deadpool,128914
30,1,108,deadpool,117397
30,1,109,deadpool,115664
30,1,110,deadpool,116214
30,1,111,deadpool,127121
30,1,112,deadpool,154643
30,1,113,deadpool,118749
30,1,114,deadpool,142955
30,1,115,deadpool,118358
30,1,116,deadpool,128954
30,1,117,deadpool,115784
30,1,118,deadpool,115364
30,1,119,deadpool,115234
30,1,120,deadpool,114783
30,1,121,deadpool,125739
30,1,122,deadpool,143456
30,1,123,deadpool,124868
30,1,124,deadpool,132410
30,1,125,deadpool,128283
30,1,126,deadpool,139550
30,1,127,deadpool,129194
31,0,0,deadpool,132539
31,0,1,deadpool,137507
31,0,2,deadpool,126130
31,0,3,deadpool,128884
31,0,4,deadpool,133140
31,0,5,deadpool,129745
31,0,6,deadpool,130896
31,0,7,deadpool,132019
31,0,8,deadpool,155123
31,0,9,deadpool,138578
31,0,10,deadpool,129545
31,0,11,deadpool,131728
31,0,12,deadpool,129896
31,0,13,deadpool,137828
31,0,14,deadpool,171207
31,0,15,deadpool,152780
31,0,16,deadpool,130076
31,0,17,deadpool,132219
31,0,18,deadpool,138158
31,0,19,deadpool,131308
31,0,20,deadpool,126310
31,0,21,deadpool,130165
31,0,22,deadpool,160962
31,0,23,deadpool,139499
31,0,24,deadpool,133330
31,0,25,deadpool,134082
31,0,26,deadpool,132860
31,0,27,deadpool,140972
31,0,28,deadpool,134061
31,0,29,deadpool,153120
31,0,30,deadpool,135784
31,0,31,deadpool,131969
31,0,32,deadpool,143135
31,0,33,deadpool,133461
31,0,34,deadpool,119290
31,0,35,deadpool,125869
31,0,36,deadpool,128944
31,0,37,deadpool,162995
31,0,38,deadpool,124056
31,0,39,deadpool,116735
31,0,40,deadpool,126570
31,0,41,deadpool,129995
31,0,42,deadpool,194002
31,0,43,deadpool,192740
31,0,44,deadpool,131948
31,0,45,deadpool,129285
31,0,46,deadpool,129355
31,0,47,deadpool,140671
31,0,48,deadpool,131217
31,0,49,deadpool,122004
31,0,50,deadpool,152148
31,0,51,deadpool,130727
31,0,52,deadpool,119870
31,0,53,deadpool,114943
31,0,54,deadpool,115764
31,0,55,deadpool,116215
31,0,56,deadpool,115914
31,0,57,deadpool,120681
31,0,58,deadpool,136215
31,0,59,deadpool,117597
31,0,60,deadpool,115674
31,0,61,deadpool,115564
31,0,62,deadpool,120761
31,0,63,deadpool,114783
31,0,64,deadpool,114793
31,0,65,deadpool,115063
31,0,66,deadpool,139630
31,0,67,deadpool,123135
31,0,68,deadpool,116495
31,0,69,deadpool,114502
31,0,70,deadpool,114342
31,0,71,deadpool,125619
31,0,72,deadpool,151157
31,0,73,deadpool,118819
31,0,74,deadpool,142694
31,0,75,deadpool,117106
31,0,76,deadpool,126540
31,0,77,deadpool,115534
31,0,78,deadpool,115453
31,0,79,deadpool,119841
31,0,80,deadpool,115875
31,0,81,deadpool,120191
31,0,82,deadpool,138088
31,0,83,deadpool,117006
31,0,84,deadpool,116015
31,0,85,deadpool,117126
31,0,86,deadpool,119119
31,0,87,deadpool,116846
31,0,88,deadpool,116094
31,0,89,deadpool,115764
31,0,90,deadpool,152600
31,0,91,deadpool,122163
31,0,92,deadpool,116365
31,0,93,deadpool,115884
31,0,94,deadpool,115153
31,0,95,deadpool,127212
31,0,96,deadpool,135965
31,0,97,deadpool,137227
31,0,98,deadpool,122774
31,0,99,deadpool,117527
31,0,100,deadpool,116225
31,0,101,deadpool,127712
31,0,102,deadpool,116465
31,0,103,deadpool,167292
31,0,104,deadpool,120701
31,0,105,deadpool,142124
31,0,106,deadpool,122454
31,0,107,deadpool,118488
31,0,108,deadpool,116455
31,0,109,deadpool,114883
31,0,110,deadpool,117838
31,0,111,deadpool,119950
31,0,112,deadpool,116465
31,0,113,deadpool,139530
31,0,114,deadpool,116996
31,0,115,deadpool,114972
31,0,116,deadpool,121443
31,0,117,deadpool,116636
31,0,118,deadpool,115724
31,0,119,deadpool,114792
31,0,120,deadpool,117146
31,0,121,deadpool,145509
31,0,122,deadpool,124798
31,0,123,deadpool,116715
31,0,124,deadpool,116054
31,0,125,deadpool,116044
31,0,126,deadpool,120792
31,0,127,deadpool,115984
31,1,0,direct,208704
31,1,1,direct,85799
31,1,2,direct,186901
31,1,3,direct,1111091
31,1,4,direct,286020
31,1,5,direct,92158
31,1,6,direct,63506
31,1,7,direct,64127
31,1,8,direct,102414
31,1,9,direct,61012
31,1,10,direct,61082
31,1,11,direct,60731
31,1,12,direct,66380
31,1,13,direct,60391
31,1,14,direct,60641
31,1,15,direct,61753
31,1,16,direct,61522
31,1,17,direct,63325
31,1,18,direct,61843
31,1,19,direct,59769
31,1,20,direct,59980
31,1,21,direct,60040
31,1,22,direct,60921
31,1,23,direct,102564
31,1,24,direct,63806
31,1,25,direct,60941
31,1,26,direct,59890
31,1,27,direct,61403
31,1,28,direct,61262
31,1,29,direct,59720
31,1,30,direct,60622
31,1,31,direct,60000
31,1,32,direct,127412
31,1,33,direct,62975
31,1,34,direct,61363
31,1,35,direct,60200
31,1,36,direct,60330
31,1,37,direct,149074
31,1,38,direct,82644
31,1,39,direct,61041
31,1,40,direct,104437
31,1,41,direct,68032
31,1,42,direct,62614
31,1,43,direct,60982
31,1,44,direct,59490
31,1,45,direct,60280
31,1,46,direct,89384
31,1,47,direct,62844
31,1,48,direct,58968
31,1,49,direct,60431
31,1,50,direct,107762
31,1,51,direct,60451
31,1,52,direct,62013
31,1,53,direct,60091
31,1,54,direct,60501
31,1,55,direct,59920
31,1,56,direct,61993
31,1,57,direct,62364
31,1,58,direct,60271
31,1,59,direct,61082
31,1,60,direct,61763
31,1,61,direct,64958
31,1,62,direct,60360
31,1,63,direct,60571
31,1,64,direct,60260
31,1,65,direct,98969
31,1,66,direct,68423
31,1,67,direct,60411
31,1,68,direct,59329
31,1,69,direct,60711
31,1,70,direct,60461
31,1,71,direct,61713
31,1,72,direct,60802
31,1,73,direct,72780
31,1,74,direct,64156
31,1,75,direct,60200
31,1,76,direct,62824
31,1,77,direct,61763
31,1,78,direct,60280
31,1,79,direct,60991
31,1,80,direct,116875
31,1,81,direct,63756
31,1,82,direct,165699
31,1,83,direct,63125
31,1,84,direct,60761
31,1,85,direct,60371
31,1,86,direct,62514
31,1,87,direct,60060
31,1,88,direct,61983
31,1,89,direct,60391
31,1,90,direct,60301
31,1,91,direct,61333
31,1,92,direct,59029
31,1,93,direct,101503
31,1,94,direct,61142
31,1,95,direct,60731
31,1,96,direct,62674
31,1,97,direct,59079
31,1,98,direct,190106
31,1,99,direct,77516
31,1,100,direct,61482
31,1,101,direct,82214
31,1,102,direct,65659
31,1,103,direct,60562
31,1,104,direct,60370
31,1,105,direct,91417
31,1,106,direct,71227
31,1,107,direct,60752
31,1,108,direct,60411
31,1,109,direct,59480
31,1,110,direct,60230
31,1,111,direct,61903
31,1,112,direct,60281
31,1,113,direct,59719
31,1,114,direct,60000
31,1,115,direct,63275
31,1,116,direct,60471
31,1,117,direct,130987
31,1,118,direct,62414
31,1,119,direct,60491
31,1,120,direct,85609
31,1,121,direct,60331
31,1,122,direct,59640
31,1,123,direct,59189
31,1,124,direct,58839
31,1,125,direct,60992
31,1,126,direct,59089
31,1,127,direct,60731
