2026-10-07T00:07:57.6174618Z Current runner version: '2.337.0'
2026-10-07T00:07:57.6187932Z ##[group]Runner Image Provisioner
2026-10-07T00:07:57.6188416Z Hosted Compute Agent
2026-10-07T00:07:57.6188800Z Version: 20261002.596
2026-10-07T00:07:57.6189170Z Commit: c3d12f3313a95f25162a1503be624f3b0617f8c0
2026-10-07T00:07:57.6189605Z Build Date: 2026-10-02T22:28:27Z
2026-10-07T00:07:57.6190059Z Worker ID: {f612f8e8-d73d-4691-b9ac-0bd7c66c5318}
2026-10-07T00:07:57.6190453Z Region: westus2
2026-10-07T00:07:57.6190794Z Cloud: Azure
2026-10-07T00:07:57.6191121Z ##[endgroup]
2026-10-07T00:07:57.6191821Z ##[group]Operating System
2026-10-07T00:07:57.6192201Z Ubuntu
2026-10-07T00:07:57.6192498Z 24.04.5
2026-10-07T00:07:57.6192780Z LTS
2026-10-07T00:07:57.6193117Z ##[endgroup]
2026-10-07T00:07:57.6193454Z ##[group]Runner Image
2026-10-07T00:07:57.6193840Z Image: ubuntu-24.04
2026-10-07T00:07:57.6194161Z Version: 20261004.327.1
2026-10-07T00:07:57.6194899Z Included Software: https://github.com/actions/runner-images/blob/ubuntu24/20261004.327/images/ubuntu/Ubuntu2404-Readme.md
2026-10-07T00:07:57.6195754Z Image Release: https://github.com/actions/runner-images/releases/tag/ubuntu24%2F20261004.327
2026-10-07T00:07:57.6196345Z ##[endgroup]
2026-10-07T00:07:57.6197037Z ##[group]GITHUB_TOKEN Permissions
2026-10-07T00:07:57.6198147Z Contents: read
2026-10-07T00:07:57.6198504Z Metadata: read
2026-10-07T00:07:57.6198809Z ##[endgroup]
2026-10-07T00:07:57.6199975Z Secret source: Actions
2026-10-07T00:07:57.6200485Z Cache mode: write
2026-10-07T00:07:57.6200955Z Prepare workflow directory
2026-10-07T00:07:57.6496857Z Prepare all required actions
2026-10-07T00:07:57.6526151Z Getting action download info
2026-10-07T00:07:57.9843281Z Download action repository 'actions/checkout@v4' (SHA:11d5960a326750d5838078e36cf38b85af677262)
2026-10-07T00:07:58.3243880Z Download action repository 'dtolnay/rust-toolchain@stable' (SHA:89b12181fb390509a0842a86cc55eeb8eb928c1d)
2026-10-07T00:07:58.5026730Z Download action repository 'actions/cache@v4' (SHA:0057852bfaa89a56745cba8c7296529d2fc39830)
2026-10-07T00:07:58.6553594Z Download action repository 'actions/setup-python@v5' (SHA:a26af69be951a213d495a4c3e4e4022e16d87065)
2026-10-07T00:07:58.7836662Z Download action repository 'actions/setup-node@v4' (SHA:49933ea5288caeca8642d1e84afbd3f7d6820020)
2026-10-07T00:07:59.0816754Z Download action repository 'actions/upload-artifact@v4' (SHA:ea165f8d65b6e75b540449e92b4886f43607fa02)
2026-10-07T00:07:59.6863715Z Complete job name: nagi-package (ubuntu-latest, linux-x86_64, nagic, x86_64-unknown-linux-gnu)
2026-10-07T00:07:59.7335221Z ##[group]Run actions/checkout@v4
2026-10-07T00:07:59.7335507Z with:
2026-10-07T00:07:59.7335656Z   repository: disnana/Nagi
2026-10-07T00:07:59.7337308Z   token: ***
2026-10-07T00:07:59.7337447Z   ssh-strict: true
2026-10-07T00:07:59.7337587Z   ssh-user: git
2026-10-07T00:07:59.7337732Z   persist-credentials: true
2026-10-07T00:07:59.7337888Z   clean: true
2026-10-07T00:07:59.7338035Z   sparse-checkout-cone-mode: true
2026-10-07T00:07:59.7338200Z   fetch-depth: 1
2026-10-07T00:07:59.7338349Z   fetch-tags: false
2026-10-07T00:07:59.7338488Z   show-progress: true
2026-10-07T00:07:59.7338640Z   lfs: false
2026-10-07T00:07:59.7338783Z   submodules: false
2026-10-07T00:07:59.7338926Z   set-safe-directory: true
2026-10-07T00:07:59.7339089Z   allow-unsafe-pr-checkout: false
2026-10-07T00:07:59.7339328Z env:
2026-10-07T00:07:59.7339517Z   NAGI_FAILURE_DIR: /home/runner/work/Nagi/Nagi/build/compiler-failures
2026-10-07T00:07:59.7339739Z ##[endgroup]
2026-10-07T00:07:59.7937123Z Syncing repository: disnana/Nagi
2026-10-07T00:07:59.7938118Z ##[group]Getting Git version info
2026-10-07T00:07:59.7938335Z Working directory is '/home/runner/work/Nagi/Nagi'
2026-10-07T00:07:59.7938694Z [command]/usr/bin/git version
2026-10-07T00:07:59.9010987Z git version 2.55.0
2026-10-07T00:07:59.9024724Z ##[endgroup]
2026-10-07T00:07:59.9036346Z Temporarily overriding HOME='/home/runner/work/_temp/e3803f40-2573-4d05-af82-b92dddbe25b6' before making global git config changes
2026-10-07T00:07:59.9037547Z Adding repository directory to the temporary git global config as a safe directory
2026-10-07T00:07:59.9040447Z [command]/usr/bin/git config --global --add safe.directory /home/runner/work/Nagi/Nagi
2026-10-07T00:07:59.9275635Z Deleting the contents of '/home/runner/work/Nagi/Nagi'
2026-10-07T00:07:59.9278254Z ##[group]Initializing the repository
2026-10-07T00:07:59.9280539Z [command]/usr/bin/git init /home/runner/work/Nagi/Nagi
2026-10-07T00:07:59.9723324Z hint: Using 'master' as the name for the initial branch. This default branch name
2026-10-07T00:07:59.9723930Z hint: will change to "main" in Git 3.0. To configure the initial branch name
2026-10-07T00:07:59.9724236Z hint: to use in all of your new repositories, which will suppress this warning,
2026-10-07T00:07:59.9724475Z hint: call:
2026-10-07T00:07:59.9724611Z hint:
2026-10-07T00:07:59.9724820Z hint: 	git config --global init.defaultBranch <name>
2026-10-07T00:07:59.9725029Z hint:
2026-10-07T00:07:59.9725220Z hint: Names commonly chosen instead of 'master' are 'main', 'trunk' and
2026-10-07T00:07:59.9725525Z hint: 'development'. The just-created branch can be renamed via this command:
2026-10-07T00:07:59.9725754Z hint:
2026-10-07T00:07:59.9725896Z hint: 	git branch -m <name>
2026-10-07T00:07:59.9726052Z hint:
2026-10-07T00:07:59.9726254Z hint: Disable this message with "git config set advice.defaultBranchName false"
2026-10-07T00:07:59.9728564Z Initialized empty Git repository in /home/runner/work/Nagi/Nagi/.git/
2026-10-07T00:07:59.9735125Z [command]/usr/bin/git remote add origin https://github.com/disnana/Nagi
2026-10-07T00:07:59.9970380Z ##[endgroup]
2026-10-07T00:07:59.9970821Z ##[group]Disabling automatic garbage collection
2026-10-07T00:07:59.9973227Z [command]/usr/bin/git config --local gc.auto 0
2026-10-07T00:07:59.9999858Z ##[endgroup]
2026-10-07T00:08:00.0003774Z ##[group]Setting up auth
2026-10-07T00:08:00.0004038Z [command]/usr/bin/git config --local --name-only --get-regexp core\.sshCommand
2026-10-07T00:08:00.0029940Z [command]/usr/bin/git submodule foreach --recursive sh -c "git config --local --name-only --get-regexp 'core\.sshCommand' && git config --local --unset-all 'core.sshCommand' || :"
2026-10-07T00:08:00.1786745Z [command]/usr/bin/git config --local --name-only --get-regexp http\.https\:\/\/github\.com\/\.extraheader
2026-10-07T00:08:00.1813442Z [command]/usr/bin/git submodule foreach --recursive sh -c "git config --local --name-only --get-regexp 'http\.https\:\/\/github\.com\/\.extraheader' && git config --local --unset-all 'http.https://github.com/.extraheader' || :"
2026-10-07T00:08:00.1973853Z [command]/usr/bin/git config --local --name-only --get-regexp ^includeIf\.gitdir:
2026-10-07T00:08:00.1999227Z [command]/usr/bin/git submodule foreach --recursive git config --local --show-origin --name-only --get-regexp remote.origin.url
2026-10-07T00:08:00.2162063Z [command]/usr/bin/git config --local http.https://github.com/.extraheader AUTHORIZATION: basic ***
2026-10-07T00:08:00.2192953Z ##[endgroup]
2026-10-07T00:08:00.2193186Z ##[group]Fetching the repository
2026-10-07T00:08:00.2198480Z [command]/usr/bin/git -c protocol.version=2 fetch --no-tags --prune --no-recurse-submodules --depth=1 origin +54c7cb32620af8bf63690595bf0bbe747ffed41b:refs/remotes/pull/92/merge
2026-10-07T00:08:01.0846749Z From https://github.com/disnana/Nagi
2026-10-07T00:08:01.0847241Z  * [new ref]         54c7cb32620af8bf63690595bf0bbe747ffed41b -> pull/92/merge
2026-10-07T00:08:01.0850698Z ##[endgroup]
2026-10-07T00:08:01.0851141Z ##[group]Determining the checkout info
2026-10-07T00:08:01.0852513Z ##[endgroup]
2026-10-07T00:08:01.0856829Z [command]/usr/bin/git sparse-checkout disable
2026-10-07T00:08:01.1060219Z [command]/usr/bin/git config --local --unset-all extensions.worktreeConfig
2026-10-07T00:08:01.1084805Z ##[group]Checking out the ref
2026-10-07T00:08:01.1087483Z [command]/usr/bin/git checkout --progress --force refs/remotes/pull/92/merge
2026-10-07T00:08:01.2170812Z Note: switching to 'refs/remotes/pull/92/merge'.
2026-10-07T00:08:01.2171104Z 
2026-10-07T00:08:01.2171540Z You are in 'detached HEAD' state. You can look around, make experimental
2026-10-07T00:08:01.2171900Z changes and commit them, and you can discard any commits you make in this
2026-10-07T00:08:01.2172169Z state without impacting any branches by switching back to a branch.
2026-10-07T00:08:01.2172339Z 
2026-10-07T00:08:01.2172478Z If you want to create a new branch to retain commits you create, you may
2026-10-07T00:08:01.2172738Z do so (now or later) by using -c with the switch command. Example:
2026-10-07T00:08:01.2172890Z 
2026-10-07T00:08:01.2172974Z   git switch -c <new-branch-name>
2026-10-07T00:08:01.2173073Z 
2026-10-07T00:08:01.2173142Z Or undo this operation with:
2026-10-07T00:08:01.2173229Z 
2026-10-07T00:08:01.2173285Z   git switch -
2026-10-07T00:08:01.2173361Z 
2026-10-07T00:08:01.2173492Z Turn off this advice by setting config variable advice.detachedHead to false
2026-10-07T00:08:01.2173657Z 
2026-10-07T00:08:01.2173949Z HEAD is now at 54c7cb3 Merge 8db1607352bbce580bf87c1636988ce08c9b8bf7 into f9b25782a8704bcf962f689d9103ab804f7ab3cf
2026-10-07T00:08:01.2184180Z ##[endgroup]
2026-10-07T00:08:01.2223766Z [command]/usr/bin/git log -1 --format=%H
2026-10-07T00:08:01.2245975Z 54c7cb32620af8bf63690595bf0bbe747ffed41b
2026-10-07T00:08:01.2505525Z ##[group]Run dtolnay/rust-toolchain@stable
2026-10-07T00:08:01.2505700Z with:
2026-10-07T00:08:01.2505815Z   toolchain: stable
2026-10-07T00:08:01.2505942Z env:
2026-10-07T00:08:01.2506113Z   NAGI_FAILURE_DIR: /home/runner/work/Nagi/Nagi/build/compiler-failures
2026-10-07T00:08:01.2506315Z ##[endgroup]
2026-10-07T00:08:01.2548037Z ##[start-action display=Parse toolchain version;id=rust.parse]
2026-10-07T00:08:01.2579654Z ##[group]Run if [[ -z $toolchain ]]; then
2026-10-07T00:08:01.2579881Z [36;1mif [[ -z $toolchain ]]; then[0m
2026-10-07T00:08:01.2580183Z [36;1m  # GitHub does not enforce `required: true` inputs itself. https://github.com/actions/runner/issues/1070[0m
2026-10-07T00:08:01.2580488Z [36;1m  echo "'toolchain' is a required input" >&2[0m
2026-10-07T00:08:01.2580668Z [36;1m  exit 1[0m
2026-10-07T00:08:01.2580861Z [36;1melif [[ $toolchain =~ ^stable' '[0-9]+' '(year|month|week|day)s?' 'ago$ ]]; then[0m
2026-10-07T00:08:01.2581118Z [36;1m  if [[ Linux == macOS ]]; then[0m
2026-10-07T00:08:01.2581412Z [36;1m    echo "toolchain=1.$((($(date -v-$(sed 's/stable \([0-9]*\) \(.\).*/\1\2/' <<< $toolchain) +%s)/60/60/24-16569)/7/6))" >> $GITHUB_OUTPUT[0m
2026-10-07T00:08:01.2581696Z [36;1m  else[0m
2026-10-07T00:08:01.2581923Z [36;1m    echo "toolchain=1.$((($(date --date "${toolchain#stable }" +%s)/60/60/24-16569)/7/6))" >> $GITHUB_OUTPUT[0m
2026-10-07T00:08:01.2582169Z [36;1m  fi[0m
2026-10-07T00:08:01.2582341Z [36;1melif [[ $toolchain =~ ^stable' 'minus' '[0-9]+' 'releases?$ ]]; then[0m
2026-10-07T00:08:01.2582632Z [36;1m  echo "toolchain=1.$((($(date +%s)/60/60/24-16569)/7/6-${toolchain//[^0-9]/}))" >> $GITHUB_OUTPUT[0m
2026-10-07T00:08:01.2582882Z [36;1melif [[ $toolchain =~ ^1\.[0-9]+$ ]]; then[0m
2026-10-07T00:08:01.2583172Z [36;1m  echo "toolchain=1.$((i=${toolchain#1.}, c=($(date +%s)/60/60/24-16569)/7/6, i+9*i*(10*i<=c)+90*i*(100*i<=c)))" >> $GITHUB_OUTPUT[0m
2026-10-07T00:08:01.2583434Z [36;1melse[0m
2026-10-07T00:08:01.2583577Z [36;1m  echo "toolchain=$toolchain" >> $GITHUB_OUTPUT[0m
2026-10-07T00:08:01.2583745Z [36;1mfi[0m
2026-10-07T00:08:01.3695381Z shell: /usr/bin/bash --noprofile --norc -e -o pipefail {0}
2026-10-07T00:08:01.3695582Z env:
2026-10-07T00:08:01.3695752Z   NAGI_FAILURE_DIR: /home/runner/work/Nagi/Nagi/build/compiler-failures
2026-10-07T00:08:01.3695957Z   toolchain: stable
2026-10-07T00:08:01.3696078Z ##[endgroup]
2026-10-07T00:08:01.3793483Z ##[end-action id=rust.parse;outcome=success;conclusion=success;duration_ms=124]
2026-10-07T00:08:01.3800631Z ##[start-action display=Construct rustup command line;id=rust.flags]
2026-10-07T00:08:01.3822942Z ##[group]Run echo "targets=$(for t in ${targets//,/ }; do echo -n ' --target' $t; done)" >> $GITHUB_OUTPUT
2026-10-07T00:08:01.3823336Z [36;1mecho "targets=$(for t in ${targets//,/ }; do echo -n ' --target' $t; done)" >> $GITHUB_OUTPUT[0m
2026-10-07T00:08:01.3823816Z [36;1mecho "components=$(for c in ${components//,/ }; do echo -n ' --component' $c; done)" >> $GITHUB_OUTPUT[0m
2026-10-07T00:08:01.3824084Z [36;1mecho "downgrade=" >> $GITHUB_OUTPUT[0m
2026-10-07T00:08:01.3867382Z shell: /usr/bin/bash --noprofile --norc -e -o pipefail {0}
2026-10-07T00:08:01.3867562Z env:
2026-10-07T00:08:01.3867727Z   NAGI_FAILURE_DIR: /home/runner/work/Nagi/Nagi/build/compiler-failures
2026-10-07T00:08:01.3867924Z   targets: 
2026-10-07T00:08:01.3868031Z   components: 
2026-10-07T00:08:01.3868139Z ##[endgroup]
2026-10-07T00:08:01.3933875Z ##[end-action id=rust.flags;outcome=success;conclusion=success;duration_ms=13]
2026-10-07T00:08:01.3935058Z ##[start-action display=Set $CARGO_HOME;id=rust.__run]
2026-10-07T00:08:01.3951668Z ##[group]Run echo CARGO_HOME=${CARGO_HOME:-"$HOME/.cargo"} >> $GITHUB_ENV
2026-10-07T00:08:01.3951930Z [36;1mecho CARGO_HOME=${CARGO_HOME:-"$HOME/.cargo"} >> $GITHUB_ENV[0m
2026-10-07T00:08:01.3993951Z shell: /usr/bin/bash --noprofile --norc -e -o pipefail {0}
2026-10-07T00:08:01.3994130Z env:
2026-10-07T00:08:01.3994427Z   NAGI_FAILURE_DIR: /home/runner/work/Nagi/Nagi/build/compiler-failures
2026-10-07T00:08:01.3994628Z ##[endgroup]
2026-10-07T00:08:01.4054113Z ##[end-action id=rust.__run;outcome=success;conclusion=success;duration_ms=11]
2026-10-07T00:08:01.4055332Z ##[start-action display=Install rustup if needed;id=rust.__run_2]
2026-10-07T00:08:01.4075124Z ##[group]Run if ! command -v rustup &>/dev/null; then
2026-10-07T00:08:01.4075332Z [36;1mif ! command -v rustup &>/dev/null; then[0m
2026-10-07T00:08:01.4075736Z [36;1m  curl --proto '=https' --tlsv1.2 --retry 10 --retry-connrefused --location --silent --show-error --fail https://sh.rustup.rs | sh -s -- --default-toolchain none -y[0m
2026-10-07T00:08:01.4076121Z [36;1m  echo "$CARGO_HOME/bin" >> $GITHUB_PATH[0m
2026-10-07T00:08:01.4076277Z [36;1mfi[0m
2026-10-07T00:08:01.4118087Z shell: /usr/bin/bash --noprofile --norc -e -o pipefail {0}
2026-10-07T00:08:01.4118264Z env:
2026-10-07T00:08:01.4118429Z   NAGI_FAILURE_DIR: /home/runner/work/Nagi/Nagi/build/compiler-failures
2026-10-07T00:08:01.4118637Z   CARGO_HOME: /home/runner/.cargo
2026-10-07T00:08:01.4118776Z ##[endgroup]
2026-10-07T00:08:01.4176573Z ##[end-action id=rust.__run_2;outcome=success;conclusion=success;duration_ms=12]
2026-10-07T00:08:01.4177974Z ##[start-action display=Install rustup if needed on windows;id=rust.__run_3]
2026-10-07T00:08:01.4181415Z ##[end-action id=rust.__run_3;outcome=skipped;conclusion=skipped;duration_ms=0]
2026-10-07T00:08:01.4187827Z ##[start-action display=rustup toolchain install stable;id=rust.__run_4]
2026-10-07T00:08:01.4204302Z ##[group]Run log=$(mktemp)
2026-10-07T00:08:01.4204460Z [36;1mlog=$(mktemp)[0m
2026-10-07T00:08:01.4204593Z [36;1mtrap 'rm -f "$log"' EXIT[0m
2026-10-07T00:08:01.4204742Z [36;1mfor attempt in 1 2 3 4 5; do[0m
2026-10-07T00:08:01.4205024Z [36;1m  if rustup toolchain install stable --profile minimal --no-self-update --force-non-host 2>&1 | tee "$log"; then[0m
2026-10-07T00:08:01.4205304Z [36;1m    break[0m
2026-10-07T00:08:01.4205420Z [36;1m  else[0m
2026-10-07T00:08:01.4205535Z [36;1m    status=$?[0m
2026-10-07T00:08:01.4205653Z [36;1m  fi[0m
2026-10-07T00:08:01.4205816Z [36;1m  if [[ $attempt == 5 ]] || ! grep -Fq 'checksum failed for ' "$log" \[0m
2026-10-07T00:08:01.4206110Z [36;1m      || ! grep -Fq 'this is likely due to an ongoing update of the official release server' "$log"; then[0m
2026-10-07T00:08:01.4206354Z [36;1m    exit "$status"[0m
2026-10-07T00:08:01.4206477Z [36;1m  fi[0m
2026-10-07T00:08:01.4206670Z [36;1m  echo "Retrying rustup toolchain install in 30 seconds (retry $attempt of 4)" >&2[0m
2026-10-07T00:08:01.4206889Z [36;1m  sleep 30[0m
2026-10-07T00:08:01.4207204Z [36;1mdone[0m
2026-10-07T00:08:01.4248983Z shell: /usr/bin/bash --noprofile --norc -e -o pipefail {0}
2026-10-07T00:08:01.4249161Z env:
2026-10-07T00:08:01.4249421Z   NAGI_FAILURE_DIR: /home/runner/work/Nagi/Nagi/build/compiler-failures
2026-10-07T00:08:01.4249621Z   CARGO_HOME: /home/runner/.cargo
2026-10-07T00:08:01.4249762Z   RUSTUP_PERMIT_COPY_RENAME: 1
2026-10-07T00:08:01.4249901Z ##[endgroup]
2026-10-07T00:08:03.0934672Z info: syncing channel updates for stable-x86_64-unknown-linux-gnu
2026-10-07T00:08:03.2942186Z 
2026-10-07T00:08:03.3004728Z   stable-x86_64-unknown-linux-gnu unchanged - rustc 1.99.0 (b940084d7 2026-09-28)
2026-10-07T00:08:03.3005051Z 
2026-10-07T00:08:03.3041284Z ##[end-action id=rust.__run_4;outcome=success;conclusion=success;duration_ms=1885]
2026-10-07T00:08:03.3045220Z ##[start-action display=rustup default stable;id=rust.__run_5]
2026-10-07T00:08:03.3060239Z ##[group]Run rustup default stable --force-non-host
2026-10-07T00:08:03.3060469Z [36;1mrustup default stable --force-non-host[0m
2026-10-07T00:08:03.3111300Z shell: /usr/bin/bash --noprofile --norc -e -o pipefail {0}
2026-10-07T00:08:03.3111482Z env:
2026-10-07T00:08:03.3111664Z   NAGI_FAILURE_DIR: /home/runner/work/Nagi/Nagi/build/compiler-failures
2026-10-07T00:08:03.3111872Z   CARGO_HOME: /home/runner/.cargo
2026-10-07T00:08:03.3112011Z ##[endgroup]
2026-10-07T00:08:03.3202175Z info: using existing install for stable-x86_64-unknown-linux-gnu
2026-10-07T00:08:03.3211704Z info: default toolchain set to stable-x86_64-unknown-linux-gnu
2026-10-07T00:08:03.3211855Z 
2026-10-07T00:08:03.3271465Z   stable-x86_64-unknown-linux-gnu unchanged - rustc 1.99.0 (b940084d7 2026-09-28)
2026-10-07T00:08:03.3271648Z 
2026-10-07T00:08:03.3285064Z ##[end-action id=rust.__run_5;outcome=success;conclusion=success;duration_ms=23]
2026-10-07T00:08:03.3286483Z ##[start-action display=Create cachekey;id=rust.rustc-version]
2026-10-07T00:08:03.3313661Z ##[group]Run DATE=$(rustc +stable --version --verbose | sed -ne 's/^commit-date: \(20[0-9][0-9]\)-\([01][0-9]\)-\([0-3][0-9]\)$/\1\2\3/p')
2026-10-07T00:08:03.3314120Z [36;1mDATE=$(rustc +stable --version --verbose | sed -ne 's/^commit-date: \(20[0-9][0-9]\)-\([01][0-9]\)-\([0-3][0-9]\)$/\1\2\3/p')[0m
2026-10-07T00:08:03.3314483Z [36;1mHASH=$(rustc +stable --version --verbose | sed -ne 's/^commit-hash: //p')[0m
2026-10-07T00:08:03.3314764Z [36;1mecho "cachekey=$(echo $DATE$HASH | head -c12)" >> $GITHUB_OUTPUT[0m
2026-10-07T00:08:03.3361428Z shell: /usr/bin/bash --noprofile --norc -e -o pipefail {0}
2026-10-07T00:08:03.3361612Z env:
2026-10-07T00:08:03.3361780Z   NAGI_FAILURE_DIR: /home/runner/work/Nagi/Nagi/build/compiler-failures
2026-10-07T00:08:03.3361989Z   CARGO_HOME: /home/runner/.cargo
2026-10-07T00:08:03.3362126Z ##[endgroup]
2026-10-07T00:08:03.3811775Z ##[end-action id=rust.rustc-version;outcome=success;conclusion=success;duration_ms=52]
2026-10-07T00:08:03.3813392Z ##[start-action display=Disable incremental compilation;id=rust.__run_6]
2026-10-07T00:08:03.3827869Z ##[group]Run if [ -z "${CARGO_INCREMENTAL+set}" ]; then
2026-10-07T00:08:03.3828091Z [36;1mif [ -z "${CARGO_INCREMENTAL+set}" ]; then[0m
2026-10-07T00:08:03.3828280Z [36;1m  echo CARGO_INCREMENTAL=0 >> $GITHUB_ENV[0m
2026-10-07T00:08:03.3828453Z [36;1mfi[0m
2026-10-07T00:08:03.3875674Z shell: /usr/bin/bash --noprofile --norc -e -o pipefail {0}
2026-10-07T00:08:03.3875862Z env:
2026-10-07T00:08:03.3876038Z   NAGI_FAILURE_DIR: /home/runner/work/Nagi/Nagi/build/compiler-failures
2026-10-07T00:08:03.3876247Z   CARGO_HOME: /home/runner/.cargo
2026-10-07T00:08:03.3876391Z ##[endgroup]
2026-10-07T00:08:03.3936898Z ##[end-action id=rust.__run_6;outcome=success;conclusion=success;duration_ms=12]
2026-10-07T00:08:03.3938253Z ##[start-action display=Enable colors in Cargo output;id=rust.__run_7]
2026-10-07T00:08:03.3951253Z ##[group]Run if [ -z "${CARGO_TERM_COLOR+set}" ]; then
2026-10-07T00:08:03.3951460Z [36;1mif [ -z "${CARGO_TERM_COLOR+set}" ]; then[0m
2026-10-07T00:08:03.3951649Z [36;1m  echo CARGO_TERM_COLOR=always >> $GITHUB_ENV[0m
2026-10-07T00:08:03.3951815Z [36;1mfi[0m
2026-10-07T00:08:03.3994734Z shell: /usr/bin/bash --noprofile --norc -e -o pipefail {0}
2026-10-07T00:08:03.3995048Z env:
2026-10-07T00:08:03.3995219Z   NAGI_FAILURE_DIR: /home/runner/work/Nagi/Nagi/build/compiler-failures
2026-10-07T00:08:03.3995431Z   CARGO_HOME: /home/runner/.cargo
2026-10-07T00:08:03.3995573Z   CARGO_INCREMENTAL: 0
2026-10-07T00:08:03.3995704Z ##[endgroup]
2026-10-07T00:08:03.4055088Z ##[end-action id=rust.__run_7;outcome=success;conclusion=success;duration_ms=11]
2026-10-07T00:08:03.4056279Z ##[start-action display=Enable Cargo sparse registry;id=rust.__run_8]
2026-10-07T00:08:03.4069764Z ##[group]Run # implemented in 1.66, stabilized in 1.68, made default in 1.70
2026-10-07T00:08:03.4070056Z [36;1m# implemented in 1.66, stabilized in 1.68, made default in 1.70[0m
2026-10-07T00:08:03.4070472Z [36;1mif [ -z "${CARGO_REGISTRIES_CRATES_IO_PROTOCOL+set}" -o -f "/home/runner/work/_temp"/.implicit_cargo_registries_crates_io_protocol ]; then[0m
2026-10-07T00:08:03.4070869Z [36;1m  if rustc +stable --version --verbose | grep -q '^release: 1\.6[89]\.'; then[0m
2026-10-07T00:08:03.4071186Z [36;1m    touch "/home/runner/work/_temp"/.implicit_cargo_registries_crates_io_protocol || true[0m
2026-10-07T00:08:03.4071490Z [36;1m    echo CARGO_REGISTRIES_CRATES_IO_PROTOCOL=sparse >> $GITHUB_ENV[0m
2026-10-07T00:08:03.4071881Z [36;1m  elif rustc +stable --version --verbose | grep -q '^release: 1\.6[67]\.'; then[0m
2026-10-07T00:08:03.4072195Z [36;1m    touch "/home/runner/work/_temp"/.implicit_cargo_registries_crates_io_protocol || true[0m
2026-10-07T00:08:03.4072479Z [36;1m    echo CARGO_REGISTRIES_CRATES_IO_PROTOCOL=git >> $GITHUB_ENV[0m
2026-10-07T00:08:03.4072673Z [36;1m  fi[0m
2026-10-07T00:08:03.4072781Z [36;1mfi[0m
2026-10-07T00:08:03.4116467Z shell: /usr/bin/bash --noprofile --norc -e -o pipefail {0}
2026-10-07T00:08:03.4116651Z env:
2026-10-07T00:08:03.4116824Z   NAGI_FAILURE_DIR: /home/runner/work/Nagi/Nagi/build/compiler-failures
2026-10-07T00:08:03.4117204Z   CARGO_HOME: /home/runner/.cargo
2026-10-07T00:08:03.4117405Z   CARGO_INCREMENTAL: 0
2026-10-07T00:08:03.4117559Z   CARGO_TERM_COLOR: always
2026-10-07T00:08:03.4117693Z ##[endgroup]
2026-10-07T00:08:03.4365764Z ##[end-action id=rust.__run_8;outcome=success;conclusion=success;duration_ms=30]
2026-10-07T00:08:03.4367548Z ##[start-action display=Work around spurious network errors in curl 8.0;id=rust.__run_9]
2026-10-07T00:08:03.4381649Z ##[group]Run # https://rust-lang.zulipchat.com/#narrow/stream/246057-t-cargo/topic/timeout.20investigation
2026-10-07T00:08:03.4382079Z [36;1m# https://rust-lang.zulipchat.com/#narrow/stream/246057-t-cargo/topic/timeout.20investigation[0m
2026-10-07T00:08:03.4382411Z [36;1mif rustc +stable --version --verbose | grep -q '^release: 1\.7[01]\.'; then[0m
2026-10-07T00:08:03.4382669Z [36;1m  echo CARGO_HTTP_MULTIPLEXING=false >> $GITHUB_ENV[0m
2026-10-07T00:08:03.4382844Z [36;1mfi[0m
2026-10-07T00:08:03.4429093Z shell: /usr/bin/bash --noprofile --norc -e -o pipefail {0}
2026-10-07T00:08:03.4429277Z env:
2026-10-07T00:08:03.4429446Z   NAGI_FAILURE_DIR: /home/runner/work/Nagi/Nagi/build/compiler-failures
2026-10-07T00:08:03.4429668Z   CARGO_HOME: /home/runner/.cargo
2026-10-07T00:08:03.4429811Z   CARGO_INCREMENTAL: 0
2026-10-07T00:08:03.4429938Z   CARGO_TERM_COLOR: always
2026-10-07T00:08:03.4430063Z ##[endgroup]
2026-10-07T00:08:03.4581612Z ##[end-action id=rust.__run_9;outcome=success;conclusion=success;duration_ms=21]
2026-10-07T00:08:03.4583985Z ##[start-action display=rustc +stable --version --verbose;id=rust.__run_10]
2026-10-07T00:08:03.4596740Z ##[group]Run rustc +stable --version --verbose
2026-10-07T00:08:03.4597094Z [36;1mrustc +stable --version --verbose[0m
2026-10-07T00:08:03.4641246Z shell: /usr/bin/bash --noprofile --norc -e -o pipefail {0}
2026-10-07T00:08:03.4641432Z env:
2026-10-07T00:08:03.4641604Z   NAGI_FAILURE_DIR: /home/runner/work/Nagi/Nagi/build/compiler-failures
2026-10-07T00:08:03.4641814Z   CARGO_HOME: /home/runner/.cargo
2026-10-07T00:08:03.4641955Z   CARGO_INCREMENTAL: 0
2026-10-07T00:08:03.4642080Z   CARGO_TERM_COLOR: always
2026-10-07T00:08:03.4642207Z ##[endgroup]
2026-10-07T00:08:03.4851725Z rustc 1.99.0 (b940084d7 2026-09-28)
2026-10-07T00:08:03.4852124Z binary: rustc
2026-10-07T00:08:03.4852393Z commit-hash: b940084d7eb6a299eb4bfeb8e34901bc051e7ac4
2026-10-07T00:08:03.4852748Z commit-date: 2026-09-28
2026-10-07T00:08:03.4852973Z host: x86_64-unknown-linux-gnu
2026-10-07T00:08:03.4853184Z release: 1.99.0
2026-10-07T00:08:03.4853366Z LLVM version: 23.1.1
2026-10-07T00:08:03.4868238Z ##[end-action id=rust.__run_10;outcome=success;conclusion=success;duration_ms=28]
2026-10-07T00:08:03.6954172Z ##[group]Run actions/cache@v4
2026-10-07T00:08:03.6954333Z with:
2026-10-07T00:08:03.6954490Z   path: ~/.cargo/registry
~/.cargo/git
target
native-target

2026-10-07T00:08:03.6954980Z   key: nagi-rust-v1-package-linux-x86_64-20260928b940-601958ff337592e5f2a53aba9b5ce590b2902bb894b23107ca273c3687ede46d-d2ceed13733861400c80e305d589329dbd05c701e9850c29368eb1cd3d82d619
2026-10-07T00:08:03.6955674Z   restore-keys: nagi-rust-v1-package-linux-x86_64-20260928b940-601958ff337592e5f2a53aba9b5ce590b2902bb894b23107ca273c3687ede46d-
nagi-rust-v1-package-linux-x86_64-20260928b940-

2026-10-07T00:08:03.6956112Z   enableCrossOsArchive: false
2026-10-07T00:08:03.6956287Z   fail-on-cache-miss: false
2026-10-07T00:08:03.6956430Z   lookup-only: false
2026-10-07T00:08:03.6956555Z   save-always: false
2026-10-07T00:08:03.6956679Z env:
2026-10-07T00:08:03.6956849Z   NAGI_FAILURE_DIR: /home/runner/work/Nagi/Nagi/build/compiler-failures
2026-10-07T00:08:03.6957236Z   CARGO_HOME: /home/runner/.cargo
2026-10-07T00:08:03.6957408Z   CARGO_INCREMENTAL: 0
2026-10-07T00:08:03.6957537Z   CARGO_TERM_COLOR: always
2026-10-07T00:08:03.6957664Z ##[endgroup]
2026-10-07T00:08:03.7668058Z (node:2209) [DEP0040] DeprecationWarning: The `punycode` module is deprecated. Please use a userland alternative instead.
2026-10-07T00:08:03.7668649Z (Use `node --trace-deprecation ...` to show where the warning was created)
2026-10-07T00:08:04.0340506Z Cache not found for input keys: nagi-rust-v1-package-linux-x86_64-20260928b940-601958ff337592e5f2a53aba9b5ce590b2902bb894b23107ca273c3687ede46d-d2ceed13733861400c80e305d589329dbd05c701e9850c29368eb1cd3d82d619, nagi-rust-v1-package-linux-x86_64-20260928b940-601958ff337592e5f2a53aba9b5ce590b2902bb894b23107ca273c3687ede46d-, nagi-rust-v1-package-linux-x86_64-20260928b940-
2026-10-07T00:08:04.0483954Z ##[group]Run actions/setup-python@v5
2026-10-07T00:08:04.0484104Z with:
2026-10-07T00:08:04.0484216Z   python-version: 3.12
2026-10-07T00:08:04.0484341Z   check-latest: false
2026-10-07T00:08:04.0485909Z   token: ***
2026-10-07T00:08:04.0486025Z   update-environment: true
2026-10-07T00:08:04.0486164Z   allow-prereleases: false
2026-10-07T00:08:04.0486289Z   freethreaded: false
2026-10-07T00:08:04.0486404Z env:
2026-10-07T00:08:04.0486565Z   NAGI_FAILURE_DIR: /home/runner/work/Nagi/Nagi/build/compiler-failures
2026-10-07T00:08:04.0486772Z   CARGO_HOME: /home/runner/.cargo
2026-10-07T00:08:04.0486908Z   CARGO_INCREMENTAL: 0
2026-10-07T00:08:04.0487288Z   CARGO_TERM_COLOR: always
2026-10-07T00:08:04.0487414Z ##[endgroup]
2026-10-07T00:08:04.1280799Z ##[group]Installed versions
2026-10-07T00:08:04.2972714Z (node:2222) [DEP0040] DeprecationWarning: The `punycode` module is deprecated. Please use a userland alternative instead.
2026-10-07T00:08:04.2973399Z (Use `node --trace-deprecation ...` to show where the warning was created)
2026-10-07T00:08:04.2973777Z Successfully set up CPython (3.12.15)
2026-10-07T00:08:04.2974184Z ##[endgroup]
2026-10-07T00:08:04.3112449Z ##[group]Run actions/setup-node@v4
2026-10-07T00:08:04.3112694Z with:
2026-10-07T00:08:04.3112868Z   node-version: 22
2026-10-07T00:08:04.3113058Z   always-auth: false
2026-10-07T00:08:04.3113255Z   check-latest: false
2026-10-07T00:08:04.3116137Z   token: ***
2026-10-07T00:08:04.3116312Z env:
2026-10-07T00:08:04.3116577Z   NAGI_FAILURE_DIR: /home/runner/work/Nagi/Nagi/build/compiler-failures
2026-10-07T00:08:04.3117083Z   CARGO_HOME: /home/runner/.cargo
2026-10-07T00:08:04.3117315Z   CARGO_INCREMENTAL: 0
2026-10-07T00:08:04.3117517Z   CARGO_TERM_COLOR: always
2026-10-07T00:08:04.3117976Z   pythonLocation: /opt/hostedtoolcache/Python/3.12.15/x64
2026-10-07T00:08:04.3118393Z   PKG_CONFIG_PATH: /opt/hostedtoolcache/Python/3.12.15/x64/lib/pkgconfig
2026-10-07T00:08:04.3118792Z   Python_ROOT_DIR: /opt/hostedtoolcache/Python/3.12.15/x64
2026-10-07T00:08:04.3119150Z   Python2_ROOT_DIR: /opt/hostedtoolcache/Python/3.12.15/x64
2026-10-07T00:08:04.3119525Z   Python3_ROOT_DIR: /opt/hostedtoolcache/Python/3.12.15/x64
2026-10-07T00:08:04.3119885Z   LD_LIBRARY_PATH: /opt/hostedtoolcache/Python/3.12.15/x64/lib
2026-10-07T00:08:04.3120183Z ##[endgroup]
2026-10-07T00:08:04.4356317Z Found in cache @ /opt/hostedtoolcache/node/22.23.3/x64
2026-10-07T00:08:04.4358923Z (node:2230) [DEP0040] DeprecationWarning: The `punycode` module is deprecated. Please use a userland alternative instead.
2026-10-07T00:08:04.4359280Z (Use `node --trace-deprecation ...` to show where the warning was created)
2026-10-07T00:08:04.4360581Z ##[group]Environment details
2026-10-07T00:08:07.6279140Z node: v22.23.3
2026-10-07T00:08:07.6279450Z npm: 10.9.9
2026-10-07T00:08:07.6279619Z yarn: 1.22.22
2026-10-07T00:08:07.6280566Z ##[endgroup]
2026-10-07T00:08:07.6427444Z ##[group]Run python - <<'PY'
2026-10-07T00:08:07.6427627Z [36;1mpython - <<'PY'[0m
2026-10-07T00:08:07.6427764Z [36;1mimport os, subprocess[0m
2026-10-07T00:08:07.6427976Z [36;1mlines = subprocess.check_output(['rustc', '-vV'], text=True).splitlines()[0m
2026-10-07T00:08:07.6428287Z [36;1mhost = next(line.removeprefix('host: ') for line in lines if line.startswith('host: '))[0m
2026-10-07T00:08:07.6428563Z [36;1massert host == os.environ['RELEASE_RUST_HOST'], host[0m
2026-10-07T00:08:07.6428741Z [36;1mPY[0m
2026-10-07T00:08:07.6560293Z shell: /usr/bin/bash --noprofile --norc -e -o pipefail {0}
2026-10-07T00:08:07.6560477Z env:
2026-10-07T00:08:07.6560645Z   NAGI_FAILURE_DIR: /home/runner/work/Nagi/Nagi/build/compiler-failures
2026-10-07T00:08:07.6560857Z   CARGO_HOME: /home/runner/.cargo
2026-10-07T00:08:07.6561001Z   CARGO_INCREMENTAL: 0
2026-10-07T00:08:07.6561142Z   CARGO_TERM_COLOR: always
2026-10-07T00:08:07.6561322Z   pythonLocation: /opt/hostedtoolcache/Python/3.12.15/x64
2026-10-07T00:08:07.6561558Z   PKG_CONFIG_PATH: /opt/hostedtoolcache/Python/3.12.15/x64/lib/pkgconfig
2026-10-07T00:08:07.6561787Z   Python_ROOT_DIR: /opt/hostedtoolcache/Python/3.12.15/x64
2026-10-07T00:08:07.6562001Z   Python2_ROOT_DIR: /opt/hostedtoolcache/Python/3.12.15/x64
2026-10-07T00:08:07.6562210Z   Python3_ROOT_DIR: /opt/hostedtoolcache/Python/3.12.15/x64
2026-10-07T00:08:07.6562423Z   LD_LIBRARY_PATH: /opt/hostedtoolcache/Python/3.12.15/x64/lib
2026-10-07T00:08:07.6562617Z   RELEASE_RUST_HOST: x86_64-unknown-linux-gnu
2026-10-07T00:08:07.6562774Z ##[endgroup]
2026-10-07T00:08:08.1756855Z ##[group]Run cargo fetch --locked --target "$RELEASE_RUST_HOST"
2026-10-07T00:08:08.1757293Z [36;1mcargo fetch --locked --target "$RELEASE_RUST_HOST"[0m
2026-10-07T00:08:08.1810057Z shell: /usr/bin/bash --noprofile --norc -e -o pipefail {0}
2026-10-07T00:08:08.1810258Z env:
2026-10-07T00:08:08.1810422Z   NAGI_FAILURE_DIR: /home/runner/work/Nagi/Nagi/build/compiler-failures
2026-10-07T00:08:08.1810629Z   CARGO_HOME: /home/runner/.cargo
2026-10-07T00:08:08.1810767Z   CARGO_INCREMENTAL: 0
2026-10-07T00:08:08.1810892Z   CARGO_TERM_COLOR: always
2026-10-07T00:08:08.1811056Z   pythonLocation: /opt/hostedtoolcache/Python/3.12.15/x64
2026-10-07T00:08:08.1811290Z   PKG_CONFIG_PATH: /opt/hostedtoolcache/Python/3.12.15/x64/lib/pkgconfig
2026-10-07T00:08:08.1811519Z   Python_ROOT_DIR: /opt/hostedtoolcache/Python/3.12.15/x64
2026-10-07T00:08:08.1811726Z   Python2_ROOT_DIR: /opt/hostedtoolcache/Python/3.12.15/x64
2026-10-07T00:08:08.1811958Z   Python3_ROOT_DIR: /opt/hostedtoolcache/Python/3.12.15/x64
2026-10-07T00:08:08.1812167Z   LD_LIBRARY_PATH: /opt/hostedtoolcache/Python/3.12.15/x64/lib
2026-10-07T00:08:08.1812359Z   RELEASE_RUST_HOST: x86_64-unknown-linux-gnu
2026-10-07T00:08:08.1812513Z ##[endgroup]
2026-10-07T00:08:09.7774789Z [1m[92m    Updating[0m crates.io index
2026-10-07T00:08:11.5589303Z [1m[92m Downloading[0m crates ...
2026-10-07T00:08:11.6467648Z [1m[92m  Downloaded[0m tokio-macros v2.7.2
2026-10-07T00:08:11.6561078Z [1m[92m  Downloaded[0m quote v1.0.47
2026-10-07T00:08:11.6581121Z [1m[92m  Downloaded[0m unicode-ident v1.0.26
2026-10-07T00:08:11.6604226Z [1m[92m  Downloaded[0m sha1 v0.10.7
2026-10-07T00:08:11.6615663Z [1m[92m  Downloaded[0m itoa v1.0.18
2026-10-07T00:08:11.6625696Z [1m[92m  Downloaded[0m futures-sink v0.3.34
2026-10-07T00:08:11.6634906Z [1m[92m  Downloaded[0m hashlink v0.12.2
2026-10-07T00:08:11.6710583Z [1m[92m  Downloaded[0m proc-macro2 v1.0.107
2026-10-07T00:08:11.6731874Z [1m[92m  Downloaded[0m cc v1.5.1
2026-10-07T00:08:11.6762172Z [1m[92m  Downloaded[0m rusqlite v0.40.2
2026-10-07T00:08:11.6810639Z [1m[92m  Downloaded[0m syn v3.0.6
2026-10-07T00:08:11.6887922Z [1m[92m  Downloaded[0m socket2 v0.6.5
2026-10-07T00:08:11.6900414Z [1m[92m  Downloaded[0m thiserror v2.0.21
2026-10-07T00:08:11.6948204Z [1m[92m  Downloaded[0m tokio v1.53.1
2026-10-07T00:08:11.7281751Z [1m[92m  Downloaded[0m slab v0.4.12
2026-10-07T00:08:11.7290907Z [1m[92m  Downloaded[0m pin-project-lite v0.2.17
2026-10-07T00:08:11.7333663Z [1m[92m  Downloaded[0m mio v1.2.3
2026-10-07T00:08:11.7377885Z [1m[92m  Downloaded[0m serde_json v1.0.151
2026-10-07T00:08:11.7431077Z [1m[92m  Downloaded[0m futures-util v0.3.34
2026-10-07T00:08:11.7528471Z [1m[92m  Downloaded[0m serde_derive v1.0.229
2026-10-07T00:08:11.7550230Z [1m[92m  Downloaded[0m bumpalo v3.20.3
2026-10-07T00:08:11.7569588Z [1m[92m  Downloaded[0m thiserror-impl v2.0.21
2026-10-07T00:08:11.7579627Z [1m[92m  Downloaded[0m crypto-common v0.1.7
2026-10-07T00:08:11.7585856Z [1m[92m  Downloaded[0m percent-encoding v2.3.2
2026-10-07T00:08:11.7592023Z [1m[92m  Downloaded[0m httparse v1.10.1
2026-10-07T00:08:11.7609384Z [1m[92m  Downloaded[0m hyper v1.11.1
2026-10-07T00:08:11.7659145Z [1m[92m  Downloaded[0m getrandom v0.3.4
2026-10-07T00:08:11.7683755Z [1m[92m  Downloaded[0m errno v0.3.14
2026-10-07T00:08:11.7694428Z [1m[92m  Downloaded[0m data-encoding v2.11.1
2026-10-07T00:08:11.7702456Z [1m[92m  Downloaded[0m hyper-util v0.1.21
2026-10-07T00:08:11.7749153Z [1m[92m  Downloaded[0m atomic-waker v1.1.2
2026-10-07T00:08:11.7757643Z [1m[92m  Downloaded[0m zmij v1.0.23
2026-10-07T00:08:11.7769860Z [1m[92m  Downloaded[0m cfg-if v1.0.5
2026-10-07T00:08:11.7778839Z [1m[92m  Downloaded[0m log v0.4.34
2026-10-07T00:08:11.7796083Z [1m[92m  Downloaded[0m bytes v1.12.1
2026-10-07T00:08:11.7821433Z [1m[92m  Downloaded[0m fallible-iterator v0.3.0
2026-10-07T00:08:11.7830281Z [1m[92m  Downloaded[0m futures-channel v0.3.34
2026-10-07T00:08:11.7843532Z [1m[92m  Downloaded[0m tokio-tungstenite v0.29.0
2026-10-07T00:08:11.7857230Z [1m[92m  Downloaded[0m digest v0.10.7
2026-10-07T00:08:11.7869964Z [1m[92m  Downloaded[0m generic-array v0.14.7
2026-10-07T00:08:11.7922746Z [1m[92m  Downloaded[0m mime v0.3.17
2026-10-07T00:08:11.7931995Z [1m[92m  Downloaded[0m http-body-util v0.1.5
2026-10-07T00:08:11.7945628Z [1m[92m  Downloaded[0m equivalent v1.0.2
2026-10-07T00:08:11.7952505Z [1m[92m  Downloaded[0m pkg-config v0.3.34
2026-10-07T00:08:11.7962764Z [1m[92m  Downloaded[0m signal-hook-registry v1.4.8
2026-10-07T00:08:11.7970542Z [1m[92m  Downloaded[0m version_check v0.9.5
2026-10-07T00:08:11.7979218Z [1m[92m  Downloaded[0m serde_spanned v1.1.1
2026-10-07T00:08:11.7986644Z [1m[92m  Downloaded[0m smallvec v1.16.2
2026-10-07T00:08:11.7996054Z [1m[92m  Downloaded[0m deadpool-runtime v0.3.1
2026-10-07T00:08:11.8002714Z [1m[92m  Downloaded[0m cpufeatures v0.2.17
2026-10-07T00:08:11.8012316Z [1m[92m  Downloaded[0m ppv-lite86 v0.2.21
2026-10-07T00:08:11.8021137Z [1m[92m  Downloaded[0m find-msvc-tools v0.1.14
2026-10-07T00:08:11.8032399Z [1m[92m  Downloaded[0m tower v0.5.3
2026-10-07T00:08:11.8106562Z [1m[92m  Downloaded[0m sync_wrapper v1.0.2
2026-10-07T00:08:11.8112150Z [1m[92m  Downloaded[0m serde_urlencoded v0.7.1
2026-10-07T00:08:11.8124521Z [1m[92m  Downloaded[0m toml_parser v1.1.3+spec-1.1.0
2026-10-07T00:08:11.8140562Z [1m[92m  Downloaded[0m shlex v2.0.1
2026-10-07T00:08:11.8149852Z [1m[92m  Downloaded[0m tower-service v0.3.3
2026-10-07T00:08:11.8154924Z [1m[92m  Downloaded[0m httpdate v1.0.3
2026-10-07T00:08:11.8165644Z [1m[92m  Downloaded[0m rand_chacha v0.9.0
2026-10-07T00:08:11.8174358Z [1m[92m  Downloaded[0m fallible-streaming-iterator v0.1.9
2026-10-07T00:08:11.8180865Z [1m[92m  Downloaded[0m bitflags v2.13.2
2026-10-07T00:08:11.8212946Z [1m[92m  Downloaded[0m form_urlencoded v1.2.2
2026-10-07T00:08:11.8218648Z [1m[92m  Downloaded[0m serde_core v1.0.229
2026-10-07T00:08:11.8238187Z [1m[92m  Downloaded[0m foldhash v0.2.0
2026-10-07T00:08:11.8247252Z [1m[92m  Downloaded[0m futures-macro v0.3.34
2026-10-07T00:08:11.8254458Z [1m[92m  Downloaded[0m tower-layer v0.3.3
2026-10-07T00:08:11.8261377Z [1m[92m  Downloaded[0m toml_datetime v1.1.1+spec-1.1.0
2026-10-07T00:08:11.8270111Z [1m[92m  Downloaded[0m block-buffer v0.10.4
2026-10-07T00:08:11.8277619Z [1m[92m  Downloaded[0m matchit v0.8.4
2026-10-07T00:08:11.8292709Z [1m[92m  Downloaded[0m futures-core v0.3.34
2026-10-07T00:08:11.8302452Z [1m[92m  Downloaded[0m futures-task v0.3.34
2026-10-07T00:08:11.8310849Z [1m[92m  Downloaded[0m tungstenite v0.29.0
2026-10-07T00:08:11.8336069Z [1m[92m  Downloaded[0m http-body v1.1.0
2026-10-07T00:08:11.8343519Z [1m[92m  Downloaded[0m once_cell v1.21.4
2026-10-07T00:08:11.8367656Z [1m[92m  Downloaded[0m axum-core v0.5.6
2026-10-07T00:08:11.8377816Z [1m[92m  Downloaded[0m toml v1.1.6+spec-1.1.0
2026-10-07T00:08:11.8406887Z [1m[92m  Downloaded[0m serde_path_to_error v0.1.20
2026-10-07T00:08:11.8418285Z [1m[92m  Downloaded[0m rand_core v0.9.5
2026-10-07T00:08:11.8427249Z [1m[92m  Downloaded[0m toml_writer v1.1.2+spec-1.1.0
2026-10-07T00:08:11.8436488Z [1m[92m  Downloaded[0m ryu v1.0.23
2026-10-07T00:08:11.8459931Z [1m[92m  Downloaded[0m serde v1.0.229
2026-10-07T00:08:11.8484548Z [1m[92m  Downloaded[0m deadpool v0.13.1
2026-10-07T00:08:11.8505728Z [1m[92m  Downloaded[0m typenum v1.20.1
2026-10-07T00:08:11.8530723Z [1m[92m  Downloaded[0m base64 v0.22.1
2026-10-07T00:08:11.8557635Z [1m[92m  Downloaded[0m indexmap v2.14.2
2026-10-07T00:08:11.8588022Z [1m[92m  Downloaded[0m tracing-core v0.1.36
2026-10-07T00:08:11.8606896Z [1m[92m  Downloaded[0m rand v0.9.5
2026-10-07T00:08:11.8634044Z [1m[92m  Downloaded[0m memchr v2.8.3
2026-10-07T00:08:11.8674625Z [1m[92m  Downloaded[0m hashbrown v0.17.1
2026-10-07T00:08:11.8712400Z [1m[92m  Downloaded[0m http v1.5.0
2026-10-07T00:08:11.8738345Z [1m[92m  Downloaded[0m axum v0.8.9
2026-10-07T00:08:11.8797712Z [1m[92m  Downloaded[0m winnow v1.0.4
2026-10-07T00:08:11.8867695Z [1m[92m  Downloaded[0m vcpkg v0.2.15
2026-10-07T00:08:11.9283984Z [1m[92m  Downloaded[0m zerocopy v0.8.59
2026-10-07T00:08:11.9439926Z [1m[92m  Downloaded[0m tracing v0.1.44
2026-10-07T00:08:11.9554898Z [1m[92m  Downloaded[0m libc v0.2.189
2026-10-07T00:08:11.9877271Z [1m[92m  Downloaded[0m libsqlite3-sys v0.38.2
2026-10-07T00:08:12.1177796Z ##[group]Run cargo build --release --locked -p nagic
2026-10-07T00:08:12.1178029Z [36;1mcargo build --release --locked -p nagic[0m
2026-10-07T00:08:12.1232942Z shell: /usr/bin/bash -e {0}
2026-10-07T00:08:12.1233166Z env:
2026-10-07T00:08:12.1233436Z   NAGI_FAILURE_DIR: /home/runner/work/Nagi/Nagi/build/compiler-failures
2026-10-07T00:08:12.1233792Z   CARGO_HOME: /home/runner/.cargo
2026-10-07T00:08:12.1234021Z   CARGO_INCREMENTAL: 0
2026-10-07T00:08:12.1234228Z   CARGO_TERM_COLOR: always
2026-10-07T00:08:12.1234499Z   pythonLocation: /opt/hostedtoolcache/Python/3.12.15/x64
2026-10-07T00:08:12.1234889Z   PKG_CONFIG_PATH: /opt/hostedtoolcache/Python/3.12.15/x64/lib/pkgconfig
2026-10-07T00:08:12.1235271Z   Python_ROOT_DIR: /opt/hostedtoolcache/Python/3.12.15/x64
2026-10-07T00:08:12.1235629Z   Python2_ROOT_DIR: /opt/hostedtoolcache/Python/3.12.15/x64
2026-10-07T00:08:12.1235988Z   Python3_ROOT_DIR: /opt/hostedtoolcache/Python/3.12.15/x64
2026-10-07T00:08:12.1236594Z   LD_LIBRARY_PATH: /opt/hostedtoolcache/Python/3.12.15/x64/lib
2026-10-07T00:08:12.1236892Z ##[endgroup]
2026-10-07T00:08:12.2077154Z [1m[92m   Compiling[0m serde_core v1.0.229
2026-10-07T00:08:12.2077588Z [1m[92m   Compiling[0m proc-macro2 v1.0.107
2026-10-07T00:08:12.2077883Z [1m[92m   Compiling[0m quote v1.0.47
2026-10-07T00:08:12.2078102Z [1m[92m   Compiling[0m unicode-ident v1.0.26
2026-10-07T00:08:17.7113935Z [1m[92m   Compiling[0m find-msvc-tools v0.1.14
2026-10-07T00:08:18.4912809Z [1m[92m   Compiling[0m shlex v2.0.1
2026-10-07T00:08:18.5790351Z [1m[92m   Compiling[0m cc v1.5.1
2026-10-07T00:08:19.9378742Z [1m[92m   Compiling[0m vcpkg v0.2.15
2026-10-07T00:08:20.2036517Z [1m[92m   Compiling[0m pkg-config v0.3.34
2026-10-07T00:08:20.3655553Z [1m[92m   Compiling[0m libsqlite3-sys v0.38.2
2026-10-07T00:08:20.6378630Z [1m[92m   Compiling[0m foldhash v0.2.0
2026-10-07T00:08:20.6462141Z [1m[92m   Compiling[0m zmij v1.0.23
2026-10-07T00:08:22.2833163Z [1m[92m   Compiling[0m hashbrown v0.17.1
2026-10-07T00:08:22.3198360Z [1m[92m   Compiling[0m serde_json v1.0.151
2026-10-07T00:08:22.4522679Z [1m[92m   Compiling[0m syn v3.0.6
2026-10-07T00:08:22.4753807Z [1m[92m   Compiling[0m winnow v1.0.4
2026-10-07T00:08:22.7599254Z [1m[92m   Compiling[0m serde v1.0.229
2026-10-07T00:08:22.8474297Z [1m[92m   Compiling[0m hashlink v0.12.2
2026-10-07T00:08:22.8618686Z [1m[92m   Compiling[0m toml_parser v1.1.3+spec-1.1.0
2026-10-07T00:08:23.0678649Z [1m[92m   Compiling[0m serde_spanned v1.1.1
2026-10-07T00:08:23.1148526Z [1m[92m   Compiling[0m toml_datetime v1.1.1+spec-1.1.0
2026-10-07T00:08:23.7223786Z [1m[92m   Compiling[0m serde_derive v1.0.229
2026-10-07T00:08:23.9558140Z [1m[92m   Compiling[0m memchr v2.8.3
2026-10-07T00:08:24.5278427Z [1m[92m   Compiling[0m itoa v1.0.18
2026-10-07T00:08:24.6809009Z [1m[92m   Compiling[0m toml_writer v1.1.2+spec-1.1.0
2026-10-07T00:08:24.7548308Z [1m[92m   Compiling[0m smallvec v1.16.2
2026-10-07T00:08:24.8638678Z [1m[92m   Compiling[0m fallible-streaming-iterator v0.1.9
2026-10-07T00:08:24.8755436Z [1m[92m   Compiling[0m fallible-iterator v0.3.0
2026-10-07T00:08:24.9268633Z [1m[92m   Compiling[0m bitflags v2.13.2
2026-10-07T00:08:25.0958615Z [1m[92m   Compiling[0m toml v1.1.6+spec-1.1.0
2026-10-07T00:08:54.6348548Z [1m[92m   Compiling[0m rusqlite v0.40.2
2026-10-07T00:08:55.1094911Z [1m[92m   Compiling[0m nagic v0.1.10 (/home/runner/work/Nagi/Nagi/compiler)
2026-10-07T00:09:18.9944349Z [1m[92m    Finished[0m `release` profile [optimized] target(s) in 1m 06s
2026-10-07T00:09:19.0023594Z ##[group]Run cargo test --locked -p nagic --lib --test cli --test installation --test codegen --test loop_ownership --test ownership_calls --test ownership_boundaries --test comparison_ownership --test owned_copy_codegen --test build_diagnostics --test rust_dependencies --test expression_contracts --test frontend_contracts --test literal_contracts --test http_route_conflicts --test symbols --test modules --test module_parser --test module_emission --test module_symbols --test enum_parser --test enum_modules --test enum_emission --test enum_patterns --test nullable_database --test nullable_roundtrip --test owned_database --test borrow_free_returns --test static_callback_views --test view_iteration --test view_parameter_rebinding --test sql_check --test typed_errors --test error_routes --test class_field_types --test resource_contract_characterization --test stdlib_imports --test option_match --test http_stdlib --test http_codegen --test actor_stdlib --test actor_codegen --test graph_types --test graph_relations --test graph_render --test graph_html --test map_cli --test low_multiline --test list_ownership_inference --test list_borrow_iteration --test result_stdlib
2026-10-07T00:09:19.0028823Z [36;1mcargo test --locked -p nagic --lib --test cli --test installation --test codegen --test loop_ownership --test ownership_calls --test ownership_boundaries --test comparison_ownership --test owned_copy_codegen --test build_diagnostics --test rust_dependencies --test expression_contracts --test frontend_contracts --test literal_contracts --test http_route_conflicts --test symbols --test modules --test module_parser --test module_emission --test module_symbols --test enum_parser --test enum_modules --test enum_emission --test enum_patterns --test nullable_database --test nullable_roundtrip --test owned_database --test borrow_free_returns --test static_callback_views --test view_iteration --test view_parameter_rebinding --test sql_check --test typed_errors --test error_routes --test class_field_types --test resource_contract_characterization --test stdlib_imports --test option_match --test http_stdlib --test http_codegen --test actor_stdlib --test actor_codegen --test graph_types --test graph_relations --test graph_render --test graph_html --test map_cli --test low_multiline --test list_ownership_inference --test list_borrow_iteration --test result_stdlib[0m
2026-10-07T00:09:19.0081192Z shell: /usr/bin/bash -e {0}
2026-10-07T00:09:19.0081324Z env:
2026-10-07T00:09:19.0081486Z   NAGI_FAILURE_DIR: /home/runner/work/Nagi/Nagi/build/compiler-failures
2026-10-07T00:09:19.0081686Z   CARGO_HOME: /home/runner/.cargo
2026-10-07T00:09:19.0081821Z   CARGO_INCREMENTAL: 0
2026-10-07T00:09:19.0081942Z   CARGO_TERM_COLOR: always
2026-10-07T00:09:19.0082102Z   pythonLocation: /opt/hostedtoolcache/Python/3.12.15/x64
2026-10-07T00:09:19.0082326Z   PKG_CONFIG_PATH: /opt/hostedtoolcache/Python/3.12.15/x64/lib/pkgconfig
2026-10-07T00:09:19.0082546Z   Python_ROOT_DIR: /opt/hostedtoolcache/Python/3.12.15/x64
2026-10-07T00:09:19.0082751Z   Python2_ROOT_DIR: /opt/hostedtoolcache/Python/3.12.15/x64
2026-10-07T00:09:19.0082953Z   Python3_ROOT_DIR: /opt/hostedtoolcache/Python/3.12.15/x64
2026-10-07T00:09:19.0083153Z   LD_LIBRARY_PATH: /opt/hostedtoolcache/Python/3.12.15/x64/lib
2026-10-07T00:09:19.0083325Z ##[endgroup]
2026-10-07T00:09:19.0556048Z [1m[92m   Compiling[0m serde_core v1.0.229
2026-10-07T00:09:19.0556550Z [1m[92m   Compiling[0m proc-macro2 v1.0.107
2026-10-07T00:09:19.0561072Z [1m[92m   Compiling[0m shlex v2.0.1
2026-10-07T00:09:19.0564621Z [1m[92m   Compiling[0m find-msvc-tools v0.1.14
2026-10-07T00:09:19.1244483Z [1m[92m   Compiling[0m quote v1.0.47
2026-10-07T00:09:19.1547793Z [1m[92m   Compiling[0m unicode-ident v1.0.26
2026-10-07T00:09:19.2096600Z [1m[92m   Compiling[0m cc v1.5.1
2026-10-07T00:09:19.4439660Z [1m[92m   Compiling[0m pkg-config v0.3.34
2026-10-07T00:09:19.7103157Z [1m[92m   Compiling[0m vcpkg v0.2.15
2026-10-07T00:09:19.9156310Z [1m[92m   Compiling[0m foldhash v0.2.0
2026-10-07T00:09:19.9548352Z [1m[92m   Compiling[0m zmij v1.0.23
2026-10-07T00:09:19.9865098Z [1m[92m   Compiling[0m hashbrown v0.17.1
2026-10-07T00:09:20.0451921Z [1m[92m   Compiling[0m libsqlite3-sys v0.38.2
2026-10-07T00:09:20.0608623Z [1m[92m   Compiling[0m syn v3.0.6
2026-10-07T00:09:20.2997638Z [1m[92m   Compiling[0m serde v1.0.229
2026-10-07T00:09:20.4181776Z [1m[92m   Compiling[0m serde_json v1.0.151
2026-10-07T00:09:20.4878368Z [1m[92m   Compiling[0m winnow v1.0.4
2026-10-07T00:09:20.6554657Z [1m[92m   Compiling[0m toml_parser v1.1.3+spec-1.1.0
2026-10-07T00:09:20.7668569Z [1m[92m   Compiling[0m toml_datetime v1.1.1+spec-1.1.0
2026-10-07T00:09:20.9033561Z [1m[92m   Compiling[0m serde_spanned v1.1.1
2026-10-07T00:09:20.9758757Z [1m[92m   Compiling[0m hashlink v0.12.2
2026-10-07T00:09:21.1268812Z [1m[92m   Compiling[0m toml_writer v1.1.2+spec-1.1.0
2026-10-07T00:09:21.2023674Z [1m[92m   Compiling[0m fallible-streaming-iterator v0.1.9
2026-10-07T00:09:21.2168518Z [1m[92m   Compiling[0m fallible-iterator v0.3.0
2026-10-07T00:09:21.2689107Z [1m[92m   Compiling[0m bitflags v2.13.2
2026-10-07T00:09:21.3588550Z [1m[92m   Compiling[0m memchr v2.8.3
2026-10-07T00:09:21.3842563Z [1m[92m   Compiling[0m itoa v1.0.18
2026-10-07T00:09:21.4109678Z [1m[92m   Compiling[0m serde_derive v1.0.229
2026-10-07T00:09:21.4588612Z [1m[92m   Compiling[0m smallvec v1.16.2
2026-10-07T00:09:21.5628610Z [1m[92m   Compiling[0m toml v1.1.6+spec-1.1.0
2026-10-07T00:09:24.6593010Z [1m[92m   Compiling[0m rusqlite v0.40.2
2026-10-07T00:09:24.9845988Z [1m[92m   Compiling[0m nagic v0.1.10 (/home/runner/work/Nagi/Nagi/compiler)
2026-10-07T00:09:35.3100537Z [1m[92m    Finished[0m `test` profile [unoptimized + debuginfo] target(s) in 16.28s
2026-10-07T00:09:35.5296377Z [1m[92m     Running[0m unittests src/lib.rs (target/debug/deps/nagic-df320517f46926bd)
2026-10-07T00:09:35.5307831Z 
2026-10-07T00:09:35.5308240Z running 122 tests
2026-10-07T00:09:35.5311066Z test capabilities::tests::charge_recursive_lists_have_known_storage_but_require_a_walk ... ok
2026-10-07T00:09:35.5311712Z test capabilities::tests::charge_inline_capability_accounts_for_every_enum_variant ... ok
2026-10-07T00:09:35.5312333Z test capabilities::tests::charge_rejects_excluded_storage_with_a_nested_field_path ... ok
2026-10-07T00:09:35.5317736Z test capabilities::tests::private_causes_prevent_serialization_through_nested_records ... ok
2026-10-07T00:09:35.5318310Z test capabilities::tests::indirect_cycles_remain_serializable_only_with_serializable_fields ... ok
2026-10-07T00:09:35.5318831Z test capabilities::tests::native_debug_does_not_require_generic_payload_debug ... ok
2026-10-07T00:09:35.5347662Z test capabilities::tests::native_payload_roles_are_purpose_specific ... ok
2026-10-07T00:09:35.5348247Z test check::checked::tests::final_diagnostic_transports_kind_without_changing_user_messages ... ok
2026-10-07T00:09:35.5348582Z test check::checked::tests::final_factory_rejects_invalid_input ... ok
2026-10-07T00:09:35.5356536Z test check::checked::tests::final_factory_checks_and_seals_owned_input ... ok
2026-10-07T00:09:35.5367724Z test capabilities::tests::serde_charge_and_owned_fields_are_distinct_capabilities ... ok
2026-10-07T00:09:35.5368418Z test check::checked::tests::facts_and_emission_are_deterministic_and_read_only ... ok
2026-10-07T00:09:35.5369071Z test check::checked::tests::missing_declaration_type_is_rejected_without_rechecking ... ok
2026-10-07T00:09:35.5369758Z test check::checked::tests::missing_name_resolution_is_rejected_without_rechecking ... ok
2026-10-07T00:09:35.5370470Z test check::checked::tests::missing_binding_and_pattern_types_are_rejected_without_rechecking ... ok
2026-10-07T00:09:35.5371115Z test check::checked::tests::sealed_missing_expression_plan_fails_closed ... ok
2026-10-07T00:09:35.5371679Z test check::checked::tests::sealed_missing_rust_type_plan_fails_closed ... ok
2026-10-07T00:09:35.5372229Z test check::checked::tests::sealing_rejects_missing_expression_types ... ok
2026-10-07T00:09:35.5377943Z test check::checked::tests::sealed_missing_operand_role_fails_closed ... ok
2026-10-07T00:09:35.5417724Z test check::checked::tests::symbolic_enum_owner_is_not_an_untyped_payload ... ok
2026-10-07T00:09:35.5418416Z test check::checked::tests::sealed_missing_required_flow_or_slots_fails_closed ... ok
2026-10-07T00:09:35.5418941Z test check::checked::tests::unknown_origin_is_not_user_blame ... ok
2026-10-07T00:09:35.5419578Z test check::checked::tests::generated_saved_native_replacement_and_synthetic_origins_are_distinct ... ok
2026-10-07T00:09:35.5420295Z test check::flow_metadata_tests::checked_operand_roles_reach_codegen_and_missing_roles_fail ... ok
2026-10-07T00:09:35.5438120Z test check::flow_metadata_tests::content_mutation_events_survive_rhs_replacement_and_stay_in_their_statement ... ok
2026-10-07T00:09:35.5439020Z test check::checked::tests::task_sealing_rejects_missing_or_mismatched_scope_and_use_facts ... ok
2026-10-07T00:09:35.5470372Z test check::flow_metadata_tests::flow_facts_recompute_for_high_saved_low_and_self_consumption ... ok
2026-10-07T00:09:35.5471489Z test check::flow_metadata_tests::flow_collection_is_gated_to_view_return_dependencies ... ok
2026-10-07T00:09:35.5483266Z test check::flow_metadata_tests::loop_regions_preserve_candidate_reads_and_assignments ... ok
2026-10-07T00:09:35.5484227Z test modules::metadata_tests::intrinsic_transport_rejects_forged_namespace_collisions_and_unknown_heads ... ok
2026-10-07T00:09:35.5485380Z test modules::metadata_tests::intrinsic_type_transport_is_structural_and_avoids_real_bindings ... ok
2026-10-07T00:09:35.5497871Z test modules::metadata_tests::low_identity_is_portable_between_unix_drive_and_unc_paths ... ok
2026-10-07T00:09:35.5498601Z test check::flow_metadata_tests::flow_snapshots_only_keep_return_dependency_bindings ... ok
2026-10-07T00:09:35.5499839Z test check::flow_metadata_tests::semantic_value_edges_keep_mutation_inputs_without_scalar_overselection ... ok
2026-10-07T00:09:35.5500616Z test modules::metadata_tests::malformed_internal_looking_names_keep_their_original_display ... ok
2026-10-07T00:09:35.5501275Z test modules::metadata_tests::metadata_cannot_rebind_a_definition_to_a_builtin_or_unrelated_id ... ok
2026-10-07T00:09:35.5521419Z test modules::metadata_tests::low_metadata_rejects_unknown_topology_and_span_fields ... ok
2026-10-07T00:09:35.5522133Z test modules::metadata_tests::metadata_rejects_relative_noncanonical_and_traversing_ids ... ok
2026-10-07T00:09:35.5530666Z test sql_check::collect::tests::checked_high_and_saved_low_preserve_supported_operations_and_source_fields ... ok
2026-10-07T00:09:35.5531531Z test sql_check::collect::tests::conditional_loop_and_match_bodies_are_collected_once ... ok
2026-10-07T00:09:35.5557760Z test sql_check::collect::tests::dynamic_sql_and_exec_scripts_remain_visible_as_excluded_sites ... ok
2026-10-07T00:09:35.5580564Z test sql_check::collect::tests::integrated_native_replacements_only_collect_the_final_function_body ... ok
2026-10-07T00:09:35.5581315Z test sql_check::collect::tests::nested_value_expressions_returns_and_scope_spawn_keep_each_actual_call ... ok
2026-10-07T00:09:35.5582036Z test sql_check::collect::tests::aliased_row_classes_use_canonical_identity_and_original_field_names ... ok
2026-10-07T00:09:35.5595148Z test sql_check::collect::tests::same_named_user_function_and_local_function_value_are_not_sql_calls ... ok
2026-10-07T00:09:35.5607499Z test sql_check::engine::tests::columns_aliases_and_sqlite_parameter_numbering ... ok
2026-10-07T00:09:35.5608374Z test sql_check::engine::tests::every_default_expression_uses_the_function_allowlist_even_when_unused ... ok
2026-10-07T00:09:35.5658750Z test sql_check::collect::tests::collection_rejects_excessive_sites_at_the_first_over_limit_call ... ok
2026-10-07T00:09:35.5704159Z test sql_check::collect::tests::repeated_row_metadata_is_bounded_before_building_the_worker_request ... ok
2026-10-07T00:09:35.5709837Z test sql_check::engine::tests::ordinary_tables_indexes_views_and_pure_functions_are_supported ... ok
2026-10-07T00:09:35.5716556Z test sql_check::engine::tests::prepare_authorizer_also_rejects_unsafe_view_functions ... ok
2026-10-07T00:09:35.5719912Z test sql_check::engine::tests::prepare_only_dml_does_not_write_application_rows ... ok
2026-10-07T00:09:35.5722074Z test sql_check::engine::tests::rejects_operation_shape_mismatches ... ok
2026-10-07T00:09:35.5732356Z test sql_check::engine::tests::schema_is_ddl_snapshot_not_migration_or_arbitrary_sql ... ok
2026-10-07T00:09:35.5787381Z test sql_check::engine::tests::sqlite_identifier_defaults_remain_literals_without_hiding_function_terms ... ok
2026-10-07T00:09:35.5788267Z test sql_check::tests::bounded_input_does_not_accept_a_truncated_prefix ... ok
2026-10-07T00:09:35.6225272Z test sql_check::engine::tests::finite_limits_reject_large_and_deep_inputs ... ok
2026-10-07T00:09:35.6822680Z test sql_check::tests::deadline_kills_and_reaps_a_worker_with_blocked_input ... ok
2026-10-07T00:09:35.6839792Z test sql_check::tests::terminating_a_worker_returns_its_reaped_exit_status ... ok
2026-10-07T00:09:35.6840493Z test sql_check::tests::worker_fixture ... ok
2026-10-07T00:09:35.6841324Z test stdlib::resource_contract_tests::descriptor_rejects_arity_parameter_mismatch - should panic ... ok
2026-10-07T00:09:35.6842194Z test stdlib::resource_contract_tests::descriptor_rejects_duplicate_in_one_role - should panic ... ok
2026-10-07T00:09:35.6843000Z test stdlib::resource_contract_tests::descriptor_rejects_missing_role - should panic ... ok
2026-10-07T00:09:35.6844053Z test stdlib::resource_contract_tests::descriptor_rejects_out_of_range_role - should panic ... ok
2026-10-07T00:09:35.6844863Z test stdlib::resource_contract_tests::descriptor_rejects_overlapping_roles - should panic ... ok
2026-10-07T00:09:35.6845705Z test stdlib::resource_contract_tests::descriptor_rejects_roles_on_zero_arity - should panic ... ok
2026-10-07T00:09:35.6846504Z test stdlib::resource_contract_tests::legacy_views_borrow_the_registered_descriptor ... ok
2026-10-07T00:09:35.6847421Z test stdlib::resource_contract_tests::registered_roles_match_the_independent_position_oracle ... ok
2026-10-07T00:09:35.6848021Z test tests::await_only_async ... ok
2026-10-07T00:09:35.6848411Z test tests::bad_string ... ok
2026-10-07T00:09:35.6849831Z test tests::class_field_check ... ok
2026-10-07T00:09:35.6854115Z test tests::class_move ... ok
2026-10-07T00:09:35.6861811Z test tests::console_io_roundtrip ... ok
2026-10-07T00:09:35.6866025Z test tests::copy_value_class ... ok
2026-10-07T00:09:35.6867688Z test tests::cost_not_dynamic_count ... ok
2026-10-07T00:09:35.6868598Z test tests::duplicate_class_fields ... ok
2026-10-07T00:09:35.6870719Z test tests::empty_list_inference ... ok
2026-10-07T00:09:35.6873023Z test tests::error_propagation ... ok
2026-10-07T00:09:35.6883261Z test tests::explicit_copy ... ok
2026-10-07T00:09:35.6883794Z test tests::floating_literals_accept_f32_boundary_and_roundtrip ... ok
2026-10-07T00:09:35.6884498Z test tests::floating_literals_keep_f64_range_and_default_inference ... ok
2026-10-07T00:09:35.6892629Z test tests::floating_literals_reject_f32_overflow_in_high_and_low ... ok
2026-10-07T00:09:35.6897830Z test tests::forgotten_await ... ok
2026-10-07T00:09:35.6898345Z test tests::hello ... ok
2026-10-07T00:09:35.6898871Z test tests::html_route_is_not_encoded_as_json ... ok
2026-10-07T00:09:35.6899461Z test tests::invalid_indent ... ok
2026-10-07T00:09:35.6906577Z test tests::low_standalone ... ok
2026-10-07T00:09:35.6907503Z test tests::mismatched_type ... ok
2026-10-07T00:09:35.6908399Z test tests::missing_return ... ok
2026-10-07T00:09:35.6909844Z test tests::native_numeric ... ok
2026-10-07T00:09:35.6910674Z test tests::nested_view_in_class_rejected ... ok
2026-10-07T00:09:35.6911614Z test tests::no_implicit_conversion ... ok
2026-10-07T00:09:35.6912530Z test tests::nullable ... ok
2026-10-07T00:09:35.6913384Z test tests::number_overflow ... ok
2026-10-07T00:09:35.6914809Z test tests::owned_parameter_cannot_return_view ... ok
2026-10-07T00:09:35.6916132Z test tests::precedence ... ok
2026-10-07T00:09:35.6917192Z test tests::recursive_value ... ok
2026-10-07T00:09:35.6918663Z test tests::replace_bad_signature ... ok
2026-10-07T00:09:35.6920535Z test tests::replace_exact_signature ... ok
2026-10-07T00:09:35.7007878Z test sql_check::engine::tests::external_files_and_extension_paths_are_never_opened_or_modified ... ok
2026-10-07T00:09:35.7167463Z test tests::resource_contract_goldens::data_derives_golden ... ok
2026-10-07T00:09:35.7237597Z test sql_check::tests::encoded_metadata_is_bounded_including_json_escaping ... ok
2026-10-07T00:09:35.8967508Z test tests::resource_contract_goldens::actor_data_golden ... ok
2026-10-07T00:09:35.8967934Z test tests::result_must_handle ... ok
2026-10-07T00:09:35.8997289Z test tests::roundtrip_low ... ok
2026-10-07T00:09:35.9027259Z test tests::rust_extern_interface_and_low_roundtrip ... ok
2026-10-07T00:09:35.9057169Z test tests::scope_spawn ... ok
2026-10-07T00:09:35.9057586Z test tests::signed_minimum_literals_are_in_range_in_high_and_low ... ok
2026-10-07T00:09:35.9751544Z test tests::resource_contract_goldens::http_borrow_and_mappers_golden ... ok
2026-10-07T00:09:35.9754353Z test tests::string_move ... ok
2026-10-07T00:09:35.9756091Z test tests::tabs_rejected ... ok
2026-10-07T00:09:35.9757439Z test tests::unknown_class ... ok
2026-10-07T00:09:35.9757785Z test tests::unknown_name ... ok
2026-10-07T00:09:35.9759037Z test tests::unscoped_spawn ... ok
2026-10-07T00:09:35.9778262Z test tests::view_cannot_spawn ... ok
2026-10-07T00:09:35.9786154Z test tests::view_escape ... ok
2026-10-07T00:09:35.9786599Z test tests::view_prevents_move ... ok
2026-10-07T00:09:35.9787136Z test tests::view_prevents_mutation ... ok
2026-10-07T00:09:35.9787531Z test tests::view_return_parameter ... ok
2026-10-07T00:09:36.0169358Z test tests::signed_minimum_literals_compile_and_run_after_lowering ... ok
2026-10-07T00:09:36.0362298Z test tests::resource_contract_goldens::http_inspection_golden ... ok
2026-10-07T00:09:36.8034132Z test check::flow_metadata_tests::return_alias_dependencies_keep_straight_line_snapshots_sparse ... ok
2026-10-07T00:09:36.8034486Z 
2026-10-07T00:09:36.8034805Z test result: ok. 122 passed; 0 failed; 0 ignored; 0 measured; 0 filtered out; finished in 1.27s
2026-10-07T00:09:36.8035086Z 
2026-10-07T00:09:36.8045746Z [1m[92m     Running[0m tests/actor_codegen.rs (target/debug/deps/actor_codegen-2b990673aadf9e9f)
2026-10-07T00:09:36.8056005Z 
2026-10-07T00:09:36.8056179Z running 2 tests
2026-10-07T00:09:37.0696693Z test actor_charge_generation_survives_low_without_clones_reflection_or_serde_requirements ... ok
2026-10-07T00:10:16.5027717Z test generated_nominal_charges_execute_against_native_capacity_and_walk_limits ... ok
2026-10-07T00:10:16.5028438Z 
2026-10-07T00:10:16.5029066Z test result: ok. 2 passed; 0 failed; 0 ignored; 0 measured; 0 filtered out; finished in 39.70s
2026-10-07T00:10:16.5029357Z 
2026-10-07T00:10:16.5030267Z [1m[92m     Running[0m tests/actor_stdlib.rs (target/debug/deps/actor_stdlib-26e727942f7f5fe5)
2026-10-07T00:10:16.5038589Z 
2026-10-07T00:10:16.5038736Z running 12 tests
2026-10-07T00:10:17.2368297Z test lifecycle_text_views_follow_their_native_owner_and_cannot_serialize ... ok
2026-10-07T00:10:17.3895380Z test actor_and_http_aliases_keep_distinct_registry_identity_without_fake_classes ... ok
2026-10-07T00:10:18.0964574Z test callback_shapes_and_custom_error_identity_are_checked_before_native_build ... ok
2026-10-07T00:10:18.2578432Z test named_task_factory_aliases_require_shared_context_async_unit_and_builtin_error ... ok
2026-10-07T00:10:19.5421037Z test explicit_task_readiness_and_typed_event_deadlines_execute_from_high_and_low ... ok
2026-10-07T00:10:20.6739830Z test readiness_factory_and_wait_error_contracts_are_checked_before_native_build ... ok
2026-10-07T00:10:20.7725571Z test saved_low_cannot_invent_actor_types_capabilities_or_standard_implementations ... ok
2026-10-07T00:10:21.1085336Z test spawning_borrowing_native_futures_requires_an_owned_named_wrapper ... ok
2026-10-07T00:10:21.8203255Z test turn_inline_layout_generics_and_left_to_right_moves_are_not_erased ... ok
2026-10-07T00:10:22.8515804Z test owned_custom_class_replies_and_errors_execute_without_clone_or_serde_bounds ... ok
2026-10-07T00:10:23.1668416Z test messages_replies_and_business_errors_reject_unaccounted_nested_payloads ... ok
2026-10-07T00:10:25.8672304Z test pending_owned_state_business_failure_and_restart_execute_from_high_and_low ... ok
2026-10-07T00:10:25.8672579Z 
2026-10-07T00:10:25.8672775Z test result: ok. 12 passed; 0 failed; 0 ignored; 0 measured; 0 filtered out; finished in 9.36s
2026-10-07T00:10:25.8672978Z 
2026-10-07T00:10:25.8675211Z [1m[92m     Running[0m tests/borrow_free_returns.rs (target/debug/deps/borrow_free_returns-c119f0dcec52365b)
2026-10-07T00:10:25.8684422Z 
2026-10-07T00:10:25.8684536Z running 5 tests
2026-10-07T00:10:25.8727638Z test adding_local_views_to_absent_values_still_rejects_escape ... ok
2026-10-07T00:10:25.8747651Z test unknown_native_origins_do_not_gain_an_absence_proof ... ok
2026-10-07T00:10:25.8766010Z test clearing_values_does_not_erase_rust_lifetime_constraints ... ok
2026-10-07T00:10:26.0489280Z test direct_absent_returns_remain_legal_after_local_borrows ... ok
2026-10-07T00:10:26.1932793Z test absent_views_in_nullable_empty_lists_and_failures_can_be_returned ... ok
2026-10-07T00:10:26.1933042Z 
2026-10-07T00:10:26.1933284Z test result: ok. 5 passed; 0 failed; 0 ignored; 0 measured; 0 filtered out; finished in 0.32s
2026-10-07T00:10:26.1933751Z 
2026-10-07T00:10:26.1935427Z [1m[92m     Running[0m tests/build_diagnostics.rs (target/debug/deps/build_diagnostics-75cc523b97315cc9)
2026-10-07T00:10:26.1944992Z 
2026-10-07T00:10:26.1945104Z running 30 tests
2026-10-07T00:10:26.1964360Z test child_notes_cannot_relabel_an_unmapped_primary_or_dependency ... ok
2026-10-07T00:10:26.1987329Z test child_notes_keep_module_locations_and_readable_definition_names ... ok
2026-10-07T00:10:26.1997665Z test dependency_synthetic_and_incomplete_diagnostics_fall_back_without_guessing ... ok
2026-10-07T00:10:26.2019636Z test existing_path_aliases_match_only_the_generated_file ... ok
2026-10-07T00:10:26.3222109Z test a_successful_run_stays_quiet_and_passes_through_program_output ... ok
2026-10-07T00:10:26.3324774Z test finite_f32_extremes_compile_and_run_after_lowering ... ok
2026-10-07T00:10:27.4065326Z test imported_async_ffi_send_failure_maps_the_cause_note_in_high_and_saved_low ... ok
2026-10-07T00:10:27.7668977Z test imported_high_uses_the_dependency_path_and_local_line ... ok
2026-10-07T00:10:27.7684734Z test high_build_points_to_nagi_and_keeps_rust_notes_and_failure_status ... ok
2026-10-07T00:10:27.8790089Z test invalid_entrypoints_are_rejected_before_cargo_with_source_locations ... ok
2026-10-07T00:10:27.8846267Z test imported_low_uses_its_own_file_instead_of_the_entry_file ... ok
2026-10-07T00:10:27.8938363Z test iterator_mutation_fails_in_check_and_build_before_backend_generation ... ok
2026-10-07T00:10:27.9011957Z test lowering_restores_nested_statement_expression_arm_and_field_lines ... ok
2026-10-07T00:10:27.9013699Z test invalid_operators_in_imports_report_nagi_lines_before_rust_or_cargo ... ok
2026-10-07T00:10:27.9052816Z test native_signature_errors_also_keep_the_native_low_location ... ok
2026-10-07T00:10:27.9178386Z test overflowing_f32_is_rejected_at_the_source_before_backend_build ... ok
2026-10-07T00:10:27.9345841Z test repeated_moves_fail_in_check_and_build_before_invoking_rust ... ok
2026-10-07T00:10:27.9495041Z test repeated_moves_keep_imported_and_replacement_source_locations ... ok
2026-10-07T00:10:28.0028431Z test cli_maps_adapter_mismatch_without_repeating_generated_rust_by_default ... ok
2026-10-07T00:10:28.0198370Z test native_rust_errors_are_not_relabelled_as_nagi ... ok
2026-10-07T00:10:28.0592631Z test replacement_adapter_errors_point_to_the_handwritten_low_file ... ok
2026-10-07T00:10:28.2039170Z test safe_reinitialization_and_return_paths_check_build_and_run ... ok
2026-10-07T00:10:28.3164172Z test standalone_low_uses_the_original_low_lines ... ok
2026-10-07T00:10:28.3388814Z test extern_argument_and_sync_async_mismatches_fail_at_the_declaration_in_high_and_low ... ok
2026-10-07T00:10:28.3393789Z test unix_backslashes_do_not_turn_a_dependency_path_into_the_generated_file ... ok
2026-10-07T00:10:28.3767896Z test try_result_reuse_reports_source_lines_before_invoking_cargo ... ok
2026-10-07T00:10:28.3768613Z test windows_paths_and_canonical_prefixes_match_only_the_generated_target ... ok
2026-10-07T00:10:28.3772766Z test unsupported_class_fields_and_async_reassignments_fail_before_backend_generation ... ok
2026-10-07T00:10:28.5066248Z test run_preserves_json_stdout_with_and_without_a_cost_report_in_high_and_saved_low ... ok
2026-10-07T00:10:29.4287516Z test source_names_with_spaces_and_dots_build_and_run ... ok
2026-10-07T00:10:29.4287793Z 
2026-10-07T00:10:29.4288126Z test result: ok. 30 passed; 0 failed; 0 ignored; 0 measured; 0 filtered out; finished in 3.23s
2026-10-07T00:10:29.4288457Z 
2026-10-07T00:10:29.4291267Z [1m[92m     Running[0m tests/class_field_types.rs (target/debug/deps/class_field_types-c95fac39b79356c5)
2026-10-07T00:10:29.4299552Z 
2026-10-07T00:10:29.4299659Z running 5 tests
2026-10-07T00:10:29.4314099Z test map_keys_with_missing_equality_or_hashing_fail_before_derivation ... ok
2026-10-07T00:10:29.4333138Z test nested_data_fields_and_bridge_defined_key_traits_remain_available ... ok
2026-10-07T00:10:29.4382419Z test unsupported_resource_and_function_fields_fail_at_the_field_line ... ok
2026-10-07T00:10:29.4404217Z test owned_database_fields_are_private_state_and_keep_high_low_emission_valid ... ok
2026-10-07T00:10:30.0096321Z test native_database_debug_hides_connection_details_inside_shared_state ... ok
2026-10-07T00:10:30.0096576Z 
2026-10-07T00:10:30.0096790Z test result: ok. 5 passed; 0 failed; 0 ignored; 0 measured; 0 filtered out; finished in 0.58s
2026-10-07T00:10:30.0097143Z 
2026-10-07T00:10:30.0098460Z [1m[92m     Running[0m tests/cli.rs (target/debug/deps/cli-f36b5d044a1cc631)
2026-10-07T00:10:30.0106346Z 
2026-10-07T00:10:30.0106513Z running 7 tests
2026-10-07T00:10:30.0180814Z test an_unusable_cargo_is_not_reported_as_a_missing_rust_installation ... ok
2026-10-07T00:10:30.0226540Z test check_needs_no_cargo_and_build_reports_the_missing_tool ... ok
2026-10-07T00:10:30.0243901Z test check_and_lower_put_status_on_stderr_and_keep_cost_report_machine_readable ... ok
2026-10-07T00:10:30.0245065Z test version_rejects_unexpected_arguments ... ok
2026-10-07T00:10:30.0264703Z test help_works_without_source_or_valid_project ... ok
2026-10-07T00:10:30.0267931Z test version_works_without_project_runtime_or_build_tools ... ok
2026-10-07T00:10:30.0607695Z test cargo_failure_preserves_the_cause_without_blaming_the_nagi_program ... ok
2026-10-07T00:10:30.0607941Z 
2026-10-07T00:10:30.0608139Z test result: ok. 7 passed; 0 failed; 0 ignored; 0 measured; 0 filtered out; finished in 0.05s
2026-10-07T00:10:30.0608319Z 
2026-10-07T00:10:30.0609296Z [1m[92m     Running[0m tests/codegen.rs (target/debug/deps/codegen-8dd62d876bf4a208)
2026-10-07T00:10:30.0617756Z 
2026-10-07T00:10:30.0617839Z running 16 tests
2026-10-07T00:10:30.0635941Z test a_record_named_fn_does_not_become_a_copy_function_value ... ok
2026-10-07T00:10:30.1435289Z test builtin_option_and_result_constructors_do_not_call_user_functions ... ok
2026-10-07T00:10:30.1445749Z test explicit_local_async_function_annotations_compile_and_run ... ok
2026-10-07T00:10:30.1698549Z test for_bindings_can_be_reassigned_without_changing_the_iterator_or_outer_binding ... ok
2026-10-07T00:10:30.1737805Z test async_function_values_keep_their_future_return_type ... ok
2026-10-07T00:10:30.2328786Z test local_function_values_shadow_builtins_and_functions ... ok
2026-10-07T00:10:30.2448799Z test function_values_preserve_the_shared_view_lifetime ... ok
2026-10-07T00:10:30.2796447Z test nested_views_compile_and_copy_strings_bytes_and_lists ... ok
2026-10-07T00:10:30.2983359Z test numeric_negation_and_nested_view_comparisons_compile_and_run ... ok
2026-10-07T00:10:30.3352353Z test output_compiles_for_numbers_booleans_and_borrowed_strings ... ok
2026-10-07T00:10:30.3430899Z test reassignment_of_the_same_async_function_through_aliases_compiles_and_runs ... ok
2026-10-07T00:10:30.3703162Z test result_match_compiles_and_runs_owned_and_borrowed_payloads ... ok
2026-10-07T00:10:30.3931143Z test returning_a_function_value_does_not_borrow_local_data ... ok
2026-10-07T00:10:30.4197688Z test rust_keywords_and_generated_helper_names_remain_valid_nagi_names ... ok
2026-10-07T00:10:30.4451478Z test user_functions_with_builtin_names_keep_their_call_targets ... ok
2026-10-07T00:10:30.5909379Z test user_and_local_functions_named_serve_compile_without_http_runtime ... ok
2026-10-07T00:10:30.5909606Z 
2026-10-07T00:10:30.5909825Z test result: ok. 16 passed; 0 failed; 0 ignored; 0 measured; 0 filtered out; finished in 0.53s
2026-10-07T00:10:30.5910006Z 
2026-10-07T00:10:30.5912126Z [1m[92m     Running[0m tests/comparison_ownership.rs (target/debug/deps/comparison_ownership-28d73aacc45609eb)
2026-10-07T00:10:30.5920220Z 
2026-10-07T00:10:30.5920310Z running 4 tests
2026-10-07T00:10:30.5967751Z test comparisons_hold_the_left_operand_through_right_operand_evaluation ... ok
2026-10-07T00:10:30.6007294Z test copy_aggregate_comparisons_borrow_fields_and_indexed_containers ... ok
2026-10-07T00:10:30.6170286Z test native_resource_comparisons_do_not_allow_moving_the_borrowed_request ... ok
2026-10-07T00:10:30.6645541Z test completed_copy_operands_disjoint_fields_and_temporary_views_remain_valid ... ok
2026-10-07T00:10:30.6646019Z 
2026-10-07T00:10:30.6646238Z test result: ok. 4 passed; 0 failed; 0 ignored; 0 measured; 0 filtered out; finished in 0.07s
2026-10-07T00:10:30.6646425Z 
2026-10-07T00:10:30.6648514Z [1m[92m     Running[0m tests/enum_emission.rs (target/debug/deps/enum_emission-9a90e9fc7ad84425)
2026-10-07T00:10:30.6656682Z 
2026-10-07T00:10:30.6656760Z running 5 tests
2026-10-07T00:10:30.6697900Z test data_records_keep_serde_while_enum_fields_remain_private ... ok
2026-10-07T00:10:30.7605330Z test custom_main_errors_need_only_debug_and_copy_enums_reuse_values ... ok
2026-10-07T00:10:30.7658779Z test error_cause_records_move_payloads_without_serde_or_clone_requirements ... ok
2026-10-07T00:10:30.7668188Z test module_enum_aliases_preserve_identity_and_escape_variant_fields ... ok
2026-10-07T00:10:30.7678669Z test native_enum_constructors_patterns_and_result_propagation_roundtrip ... ok
2026-10-07T00:10:30.7678966Z 
2026-10-07T00:10:30.7679269Z test result: ok. 5 passed; 0 failed; 0 ignored; 0 measured; 0 filtered out; finished in 0.10s
2026-10-07T00:10:30.7679571Z 
2026-10-07T00:10:30.7682468Z [1m[92m     Running[0m tests/enum_modules.rs (target/debug/deps/enum_modules-5d3a4a7447c7fc4d)
2026-10-07T00:10:30.7691490Z 
2026-10-07T00:10:30.7691675Z running 9 tests
2026-10-07T00:10:30.7767722Z test builtin_spelled_enum_aliases_keep_intrinsic_types_distinct_in_generated_low ... ok
2026-10-07T00:10:30.7787763Z test enum_payload_types_use_the_definition_file_scope_and_survive_low ... ok
2026-10-07T00:10:30.7817565Z test different_files_have_distinct_enum_types_even_with_equal_names_and_variants ... ok
2026-10-07T00:10:30.7837670Z test enum_aliases_and_guessed_canonical_symbols_do_not_escape_module_scopes ... ok
2026-10-07T00:10:30.7838375Z test local_values_shadow_enum_value_syntax_but_named_constructor_uses_type_scope ... ok
2026-10-07T00:10:30.7893250Z test native_fragments_reuse_high_enum_aliases_and_export_their_own_enum_identity ... ok
2026-10-07T00:10:30.7893865Z test namespace_from_and_flat_imports_share_enum_identity_in_constructors_and_patterns ... ok
2026-10-07T00:10:30.9122898Z test saved_low_enum_variants_navigate_to_the_opened_file ... ok
2026-10-07T00:10:31.0302338Z test enum_symbols_keep_variant_targets_alias_signatures_and_payload_binding_types ... ok
2026-10-07T00:10:31.0302663Z 
2026-10-07T00:10:31.0302955Z test result: ok. 9 passed; 0 failed; 0 ignored; 0 measured; 0 filtered out; finished in 0.26s
2026-10-07T00:10:31.0303138Z 
2026-10-07T00:10:31.0305106Z [1m[92m     Running[0m tests/enum_parser.rs (target/debug/deps/enum_parser-f0cdf4c6ae1fba83)
2026-10-07T00:10:31.0312595Z 
2026-10-07T00:10:31.0312792Z running 8 tests
2026-10-07T00:10:31.0315902Z test contextual_enum_word_remains_an_identifier_inside_declarations_and_calls ... ok
2026-10-07T00:10:31.0318158Z test enum_constructors_keep_the_existing_expression_forms ... ok
2026-10-07T00:10:31.0318657Z test enums_keep_variant_names_fields_types_and_source_locations ... ok
2026-10-07T00:10:31.0319089Z test enum_payload_types_use_the_existing_nesting_limit ... ok
2026-10-07T00:10:31.0319555Z test enum_patterns_keep_qualified_names_and_each_payload_binding_span ... ok
2026-10-07T00:10:31.0321326Z test invalid_enum_declarations_return_parse_errors ... ok
2026-10-07T00:10:31.0321575Z test result_patterns_preserve_ok_err_and_discard_bindings ... ok
2026-10-07T00:10:31.0322546Z test patterns_reject_wildcards_nested_matches_and_unnamed_variants ... ok
2026-10-07T00:10:31.0322855Z 
2026-10-07T00:10:31.0323148Z test result: ok. 8 passed; 0 failed; 0 ignored; 0 measured; 0 filtered out; finished in 0.00s
2026-10-07T00:10:31.0323512Z 
2026-10-07T00:10:31.0324727Z [1m[92m     Running[0m tests/enum_patterns.rs (target/debug/deps/enum_patterns-0cfef2c16c5184b9)
2026-10-07T00:10:31.0332542Z 
2026-10-07T00:10:31.0332627Z running 1 test
2026-10-07T00:10:31.0948786Z test mutable_enum_patterns_preserve_names_and_compile_without_shorthand_warnings ... ok
2026-10-07T00:10:31.0949042Z 
2026-10-07T00:10:31.0949275Z test result: ok. 1 passed; 0 failed; 0 ignored; 0 measured; 0 filtered out; finished in 0.06s
2026-10-07T00:10:31.0949832Z 
2026-10-07T00:10:31.0950846Z [1m[92m     Running[0m tests/error_routes.rs (target/debug/deps/error_routes-f0da8432d007e264)
2026-10-07T00:10:31.0959056Z 
2026-10-07T00:10:31.0959148Z running 2 tests
2026-10-07T00:10:31.0981527Z test existing_data_and_html_http_routes_keep_their_representations ... ok
2026-10-07T00:10:31.0991826Z test private_error_data_is_rejected_at_http_json_boundaries_in_high_and_low ... ok
2026-10-07T00:10:31.0992118Z 
2026-10-07T00:10:31.0992416Z test result: ok. 2 passed; 0 failed; 0 ignored; 0 measured; 0 filtered out; finished in 0.00s
2026-10-07T00:10:31.0992659Z 
2026-10-07T00:10:31.0994442Z [1m[92m     Running[0m tests/expression_contracts.rs (target/debug/deps/expression_contracts-75ca881494a814b2)
2026-10-07T00:10:31.1002386Z 
2026-10-07T00:10:31.1002460Z running 2 tests
2026-10-07T00:10:31.1522330Z test literal_suffixes_preserve_contextual_numeric_types_and_negative_boundaries ... ok
2026-10-07T00:10:31.1525271Z test inferred_i64_literals_keep_their_type_without_a_rust_type_context ... ok
2026-10-07T00:10:31.1525535Z 
2026-10-07T00:10:31.1525818Z test result: ok. 2 passed; 0 failed; 0 ignored; 0 measured; 0 filtered out; finished in 0.05s
2026-10-07T00:10:31.1526035Z 
2026-10-07T00:10:31.1526566Z [1m[92m     Running[0m tests/frontend_contracts.rs (target/debug/deps/frontend_contracts-c3a6ec7c40ef6a00)
2026-10-07T00:10:31.1534501Z 
2026-10-07T00:10:31.1557503Z running 5 tests
2026-10-07T00:10:31.1557957Z test generic_builtins_and_ordinary_record_constructors_still_roundtrip ... ok
2026-10-07T00:10:31.1567660Z test speculative_index_recovery_preserves_actual_nesting_limits ... ok
2026-10-07T00:10:31.1865644Z test record_constructors_reject_type_arguments_in_high_low_and_symbols ... ok
2026-10-07T00:10:31.4932577Z test lowering_keeps_try_and_await_as_field_and_index_receivers ... ok
2026-10-07T00:10:31.8383981Z test index_lookahead_does_not_accumulate_nesting_across_statements_or_functions ... ok
2026-10-07T00:10:31.8384327Z 
2026-10-07T00:10:31.8384620Z test result: ok. 5 passed; 0 failed; 0 ignored; 0 measured; 0 filtered out; finished in 0.68s
2026-10-07T00:10:31.8384807Z 
2026-10-07T00:10:31.8387297Z [1m[92m     Running[0m tests/graph_html.rs (target/debug/deps/graph_html-f5f429948fa524c3)
2026-10-07T00:10:31.8394458Z 
2026-10-07T00:10:31.8394544Z running 3 tests
2026-10-07T00:10:31.8399329Z test standalone_viewer_keeps_assets_local_and_uses_safe_dom_text ... ok
2026-10-07T00:10:31.8399849Z test only_physical_absolute_sources_receive_encoded_user_action_links ... ok
2026-10-07T00:10:31.8402309Z test hostile_unicode_graph_data_remains_json_and_cannot_close_the_script ... ok
2026-10-07T00:10:31.8402482Z 
2026-10-07T00:10:31.8402666Z test result: ok. 3 passed; 0 failed; 0 ignored; 0 measured; 0 filtered out; finished in 0.00s
2026-10-07T00:10:31.8402927Z 
2026-10-07T00:10:31.8403433Z [1m[92m     Running[0m tests/graph_relations.rs (target/debug/deps/graph_relations-07db35de2fcafc05)
2026-10-07T00:10:31.8410578Z 
2026-10-07T00:10:31.8410653Z running 9 tests
2026-10-07T00:10:31.8587627Z test calls_resolve_named_aliases_without_guessing_local_function_values ... ok
2026-10-07T00:10:31.8606916Z test module_imports_are_read_from_loaded_overlay_text ... ok
2026-10-07T00:10:31.8647624Z test module_edges_use_exact_identities_and_recover_empty_flat_imports ... ok
2026-10-07T00:10:31.8648177Z test native_replacements_keep_the_generated_id_and_low_ffi_locations ... ok
2026-10-07T00:10:31.8668128Z test checked_standard_and_database_operations_are_boundaries_not_routing_or_table_guesses ... ok
2026-10-07T00:10:31.8668502Z test all_views_use_shortest_unique_physical_suffixes_before_filtering ... ok
2026-10-07T00:10:31.8668779Z test one_line_low_import_references_do_not_hide_body_uses ... ok
2026-10-07T00:10:31.8695995Z test saved_low_keeps_definition_ids_without_mapping_foreign_modules_to_its_file ... ok
2026-10-07T00:10:31.8830576Z test nested_calls_are_visited_but_class_and_enum_constructors_are_not_calls ... ok
2026-10-07T00:10:31.8830903Z 
2026-10-07T00:10:31.8831086Z test result: ok. 9 passed; 0 failed; 0 ignored; 0 measured; 0 filtered out; finished in 0.04s
2026-10-07T00:10:31.8831261Z 
2026-10-07T00:10:31.8833477Z [1m[92m     Running[0m tests/graph_render.rs (target/debug/deps/graph_render-d1b7d643395165f1)
2026-10-07T00:10:31.8840669Z 
2026-10-07T00:10:31.8840748Z running 9 tests
2026-10-07T00:10:31.8854594Z test image_arguments_are_validated_before_starting_a_renderer ... ok
2026-10-07T00:10:31.8855183Z test labels_preserve_unicode_without_becoming_diagram_syntax_or_links ... ok
2026-10-07T00:10:31.8858237Z test clustered_edges_reference_declared_nodes_without_group_boundary_duplicates ... ok
2026-10-07T00:10:31.8863297Z test diagram_order_is_deterministic_and_empty_graphs_are_readable ... ok
2026-10-07T00:10:31.8863674Z test mermaid_literal_hashes_backticks_and_directives_cannot_change_the_render_config ... ok
2026-10-07T00:10:31.8864570Z 
2026-10-07T00:10:31.8864661Z running 1 test
2026-10-07T00:10:31.8864815Z 
2026-10-07T00:10:31.8864977Z running 1 test
2026-10-07T00:10:31.8865352Z test process_tests::image_child ... test process_tests::image_child ... 
2026-10-07T00:10:31.8865676Z running 1 test
2026-10-07T00:10:31.8866015Z test process_tests::image_child ... test process_tests::image_child ... ok
2026-10-07T00:10:31.8866330Z ok
2026-10-07T00:10:31.8866422Z 
2026-10-07T00:10:31.8866718Z test result: ok. 1 passed; 0 failed; 0 ignored; 0 measured; 8 filtered out; finished in 0.00s
2026-10-07T00:10:31.8867087Z 
2026-10-07T00:10:31.8867383Z test process_tests::missing_renderer_explains_installation_and_d2_source_fallback ... ok
2026-10-07T00:10:31.8867770Z ok
2026-10-07T00:10:31.8867863Z 
2026-10-07T00:10:31.8868040Z test result: ok. 1 passed; 0 failed; 0 ignored; 0 measured; 8 filtered out; finished in 0.00s
2026-10-07T00:10:31.8868285Z 
2026-10-07T00:10:31.8868352Z ok
2026-10-07T00:10:31.8868438Z 
2026-10-07T00:10:31.8868741Z test result: ok. 1 passed; 0 failed; 0 ignored; 0 measured; 8 filtered out; finished in 0.00s
2026-10-07T00:10:31.8869038Z 
2026-10-07T00:10:31.8869455Z [1m[92m     Running[0m tests/graph_types.rs (target/debug/deps/graph_types-b8a19e1a6c6607f5)
2026-10-07T00:10:31.8869798Z test process_tests::failed_renderer_reports_stderr_and_removes_its_source ... ok
2026-10-07T00:10:31.8870107Z test process_tests::export_passes_arguments_literally_without_a_shell ... ok
2026-10-07T00:10:31.8870397Z 
2026-10-07T00:10:31.8870573Z test result: ok. 9 passed; 0 failed; 0 ignored; 0 measured; 0 filtered out; finished in 0.00s
2026-10-07T00:10:31.8870743Z 
2026-10-07T00:10:31.8876897Z 
2026-10-07T00:10:31.8877123Z running 7 tests
2026-10-07T00:10:31.8957962Z test imported_same_named_types_keep_author_identity_and_original_source_lines ... ok
2026-10-07T00:10:31.8961955Z test focused_depth_is_bounded_on_cycles_and_defaults_to_one_hop ... ok
2026-10-07T00:10:31.8962671Z test ir_deduplicates_and_sorts_without_renderer_syntax_or_losing_isolated_types ... ok
2026-10-07T00:10:31.8963412Z test field_display_limits_do_not_erase_relationships_from_later_fields ... ok
2026-10-07T00:10:31.9017553Z test resource_type_arguments_are_dependencies_without_inventing_runtime_instances ... ok
2026-10-07T00:10:31.9020691Z test declarations_preserve_field_variant_wrapper_and_signature_meanings ... ok
2026-10-07T00:10:31.9070662Z test independent_low_preserves_type_identity_and_reports_its_physical_source ... ok
2026-10-07T00:10:31.9070984Z 
2026-10-07T00:10:31.9071290Z test result: ok. 7 passed; 0 failed; 0 ignored; 0 measured; 0 filtered out; finished in 0.02s
2026-10-07T00:10:31.9071604Z 
2026-10-07T00:10:31.9072804Z [1m[92m     Running[0m tests/http_codegen.rs (target/debug/deps/http_codegen-074448ee9bfa609a)
2026-10-07T00:10:31.9080680Z 
2026-10-07T00:10:31.9080772Z running 4 tests
2026-10-07T00:10:31.9140336Z test literal_view_optimization_does_not_change_a_shadowing_owned_function ... ok
2026-10-07T00:10:32.1314291Z test borrow_and_named_mappers_preserve_high_low_codegen ... ok
2026-10-07T00:10:32.1478273Z test borrowed_http_inspection_and_async_registration_add_no_owned_adapter_work ... ok
2026-10-07T00:10:33.2867500Z test borrow_and_named_mapper_registration_execute_native_adapters ... ok
2026-10-07T00:10:33.2867724Z 
2026-10-07T00:10:33.2867920Z test result: ok. 4 passed; 0 failed; 0 ignored; 0 measured; 0 filtered out; finished in 1.38s
2026-10-07T00:10:33.2868126Z 
2026-10-07T00:10:33.2870270Z [1m[92m     Running[0m tests/http_route_conflicts.rs (target/debug/deps/http_route_conflicts-9e78c7a42f475e15)
2026-10-07T00:10:33.2878703Z 
2026-10-07T00:10:33.2878797Z running 3 tests
2026-10-07T00:10:33.2887863Z test get_handlers_cannot_replace_builtin_endpoints ... ok
2026-10-07T00:10:33.2898346Z test shared_patterns_distinct_paths_and_literal_braces_remain_available ... ok
2026-10-07T00:10:33.2915731Z test equivalent_capture_paths_are_rejected_even_for_different_methods ... ok
2026-10-07T00:10:33.2916019Z 
2026-10-07T00:10:33.2916306Z test result: ok. 3 passed; 0 failed; 0 ignored; 0 measured; 0 filtered out; finished in 0.00s
2026-10-07T00:10:33.2916505Z 
2026-10-07T00:10:33.2918107Z [1m[92m     Running[0m tests/http_stdlib.rs (target/debug/deps/http_stdlib-fecc28b6868aaafd)
2026-10-07T00:10:33.2925867Z 
2026-10-07T00:10:33.2925946Z running 15 tests
2026-10-07T00:10:33.5488082Z test handlers_require_exact_async_request_shared_state_and_error_contracts ... ok
2026-10-07T00:10:33.7438252Z test borrowed_option_temporaries_allow_arm_local_use_but_cannot_escape ... ok
2026-10-07T00:10:33.9067610Z test header_views_depend_on_request_owner_and_not_the_name_temporary ... ok
2026-10-07T00:10:34.1457679Z test json_content_type_requires_a_request_and_has_no_generic_arguments ... ok
2026-10-07T00:10:34.3577541Z test apps_validate_generic_arity_owned_state_and_mapper_error_type ... ok
2026-10-07T00:10:34.5277519Z test method_name_views_can_return_from_borrowed_request_parameters ... ok
2026-10-07T00:10:34.7487716Z test optional_header_and_query_views_keep_the_request_borrow_through_match ... ok
2026-10-07T00:10:35.1309251Z test ordinary_classes_and_local_shadows_cannot_impersonate_standard_resources ... ok
2026-10-07T00:10:35.2637663Z test native_method_comparisons_borrow_but_assignment_tracks_request_partial_moves ... ok
2026-10-07T00:10:35.2957933Z test saved_low_cannot_change_registry_identity_or_define_resource_implementations ... ok
2026-10-07T00:10:35.3694520Z test standard_resolution_ignores_cwd_files_and_unsaved_lookalikes ... ok
2026-10-07T00:10:35.5887696Z test standard_aliases_are_registry_resources_and_roundtrip_independently ... ok
2026-10-07T00:10:35.9118584Z test resource_construction_serialization_and_shared_field_moves_fail_before_build ... ok
2026-10-07T00:10:36.2159112Z test resource_references_do_not_acquire_legacy_slice_operations ... ok
2026-10-07T00:10:37.2394743Z test status_method_and_db_free_app_execute_from_high_and_saved_low ... ok
2026-10-07T00:10:37.2395070Z 
2026-10-07T00:10:37.2395422Z test result: ok. 15 passed; 0 failed; 0 ignored; 0 measured; 0 filtered out; finished in 3.95s
2026-10-07T00:10:37.2395758Z 
2026-10-07T00:10:37.2397215Z [1m[92m     Running[0m tests/installation.rs (target/debug/deps/installation-6473cd7274560c96)
2026-10-07T00:10:37.2404823Z 
2026-10-07T00:10:37.2404944Z running 4 tests
2026-10-07T00:10:37.2635655Z test wrong_root_explains_the_distribution_folder_before_calling_cargo ... ok
2026-10-07T00:10:37.2944568Z test linked_distributions_keep_the_seed_until_the_last_owner_drops ... ok
2026-10-07T00:10:37.3707961Z test standalone_build_keeps_native_artifacts_in_the_working_directory ... ok
2026-10-07T00:10:37.3737412Z test moved_distribution_builds_an_external_project_with_no_root_override ... ok
2026-10-07T00:10:37.3737736Z 
2026-10-07T00:10:37.3738042Z test result: ok. 4 passed; 0 failed; 0 ignored; 0 measured; 0 filtered out; finished in 0.13s
2026-10-07T00:10:37.3738335Z 
2026-10-07T00:10:37.3740410Z [1m[92m     Running[0m tests/list_borrow_iteration.rs (target/debug/deps/list_borrow_iteration-d0e0706c36dfed33)
2026-10-07T00:10:37.3748827Z 
2026-10-07T00:10:37.3748919Z running 5 tests
2026-10-07T00:10:37.3797588Z test borrowed_elements_and_their_field_views_cannot_escape ... ok
2026-10-07T00:10:37.3814037Z test borrowed_elements_cannot_move_reassign_or_mutate ... ok
2026-10-07T00:10:37.3846798Z test an_active_element_pins_its_owner_and_aliases ... ok
2026-10-07T00:10:37.5048077Z test symbols_distinguish_borrowed_record_locals_and_fields ... ok
2026-10-07T00:10:37.7301462Z test noncopy_iteration_is_native_and_survives_saved_low ... ok
2026-10-07T00:10:37.7301768Z 
2026-10-07T00:10:37.7302083Z test result: ok. 5 passed; 0 failed; 0 ignored; 0 measured; 0 filtered out; finished in 0.36s
2026-10-07T00:10:37.7302411Z 
2026-10-07T00:10:37.7305024Z [1m[92m     Running[0m tests/list_ownership_inference.rs (target/debug/deps/list_ownership_inference-79f70c66dcebb737)
2026-10-07T00:10:37.7313119Z 
2026-10-07T00:10:37.7313206Z running 4 tests
2026-10-07T00:10:37.7319117Z test inferred_lists_still_reject_second_moves_and_mixed_element_types ... ok
2026-10-07T00:10:37.7320138Z test explicit_list_element_types_still_contextualize_the_first_literal ... ok
2026-10-07T00:10:37.7329321Z test inferred_list_first_elements_can_move_owned_inputs_once ... ok
2026-10-07T00:10:37.7331465Z test record_list_iteration_accepts_copy_values_and_readonly_noncopy_borrows ... ok
2026-10-07T00:10:37.7331761Z 
2026-10-07T00:10:37.7332060Z test result: ok. 4 passed; 0 failed; 0 ignored; 0 measured; 0 filtered out; finished in 0.00s
2026-10-07T00:10:37.7332351Z 
2026-10-07T00:10:37.7334099Z [1m[92m     Running[0m tests/literal_contracts.rs (target/debug/deps/literal_contracts-b23f11d981a2d48f)
2026-10-07T00:10:37.7341938Z 
2026-10-07T00:10:37.7342034Z running 1 test
2026-10-07T00:10:37.8477277Z test strings_preserve_control_characters_through_high_low_and_rust ... ok
2026-10-07T00:10:37.8477612Z 
2026-10-07T00:10:37.8477910Z test result: ok. 1 passed; 0 failed; 0 ignored; 0 measured; 0 filtered out; finished in 0.11s
2026-10-07T00:10:37.8478094Z 
2026-10-07T00:10:37.8479216Z [1m[92m     Running[0m tests/loop_ownership.rs (target/debug/deps/loop_ownership-fd2dae2afe574a31)
2026-10-07T00:10:37.8487606Z 
2026-10-07T00:10:37.8526535Z running 13 tests
2026-10-07T00:10:37.8527140Z test conditional_reinitialization_needs_every_continuing_path ... ok
2026-10-07T00:10:37.8544015Z test fields_and_nested_fields_cannot_be_consumed_on_later_iterations ... ok
2026-10-07T00:10:37.8774842Z test a_for_iterator_expression_is_evaluated_only_once ... ok
2026-10-07T00:10:37.8779869Z test locals_copy_values_and_borrowed_arguments_are_available_each_iteration ... ok
2026-10-07T00:10:37.8798010Z test owned_values_cannot_be_consumed_on_later_iterations ... ok
2026-10-07T00:10:37.9006105Z test all_continuing_branches_can_restore_a_moved_value ... ok
2026-10-07T00:10:37.9018998Z test branch_joins_preserve_reassignment_and_return_outside_loops ... ok
2026-10-07T00:10:37.9037950Z test standalone_low_rejects_repeated_moves_at_the_original_line ... ok
2026-10-07T00:10:37.9058459Z test nested_loops_are_checked_without_carrying_local_declarations ... ok
2026-10-07T00:10:37.9304475Z test zero_iterations_and_loop_bindings_preserve_outer_state ... ok
2026-10-07T00:10:37.9314600Z test reinitialization_before_and_after_a_move_is_allowed ... ok
2026-10-07T00:10:37.9334430Z test while_conditions_are_checked_on_each_evaluation_and_on_exit ... ok
2026-10-07T00:10:38.0137844Z test return_paths_do_not_repeat_or_consume_values_on_other_paths ... ok
2026-10-07T00:10:38.0138234Z 
2026-10-07T00:10:38.0138565Z test result: ok. 13 passed; 0 failed; 0 ignored; 0 measured; 0 filtered out; finished in 0.16s
2026-10-07T00:10:38.0138864Z 
2026-10-07T00:10:38.0140569Z [1m[92m     Running[0m tests/low_multiline.rs (target/debug/deps/low_multiline-37afbca788b0085a)
2026-10-07T00:10:38.0149214Z 
2026-10-07T00:10:38.0149302Z running 3 tests
2026-10-07T00:10:38.0155812Z test low_braces_keep_newline_statement_boundaries ... ok
2026-10-07T00:10:38.0164270Z test multiline_errors_keep_physical_source_lines ... ok
2026-10-07T00:10:38.0781605Z test multiline_quote_matches_high_and_runs_as_native_low ... ok
2026-10-07T00:10:38.0782221Z 
2026-10-07T00:10:38.0782557Z test result: ok. 3 passed; 0 failed; 0 ignored; 0 measured; 0 filtered out; finished in 0.06s
2026-10-07T00:10:38.0782774Z 
2026-10-07T00:10:38.0784022Z [1m[92m     Running[0m tests/map_cli.rs (target/debug/deps/map_cli-89c171c7b222b25b)
2026-10-07T00:10:38.0791852Z 
2026-10-07T00:10:38.0791935Z running 9 tests
2026-10-07T00:10:38.0838081Z test failed_check_points_to_original_source_and_writes_no_map ... ok
2026-10-07T00:10:38.0846357Z test map_preparse_keeps_existing_project_overrides_and_output_path_precedence ... ok
2026-10-07T00:10:38.0953495Z test help_and_argument_errors_do_not_load_a_project_or_mutate_files ... ok
2026-10-07T00:10:38.0954712Z test image_formats_require_output_and_fail_helpfully_without_local_d2 ... ok
2026-10-07T00:10:38.1027918Z test project_discovery_reuses_native_replacements_and_extern_resolution ... ok
2026-10-07T00:10:38.1036897Z test map_output_cannot_overwrite_loaded_input_or_project_configuration ... ok
2026-10-07T00:10:38.1081134Z test namespace_module_filter_and_focus_select_original_definitions ... ok
2026-10-07T00:10:38.1217702Z test map_views_check_high_and_low_without_runtime_or_generated_output ... ok
2026-10-07T00:10:38.1256022Z test text_formats_write_only_requested_output_and_keep_stdout_clean ... ok
2026-10-07T00:10:38.1256314Z 
2026-10-07T00:10:38.1256618Z test result: ok. 9 passed; 0 failed; 0 ignored; 0 measured; 0 filtered out; finished in 0.05s
2026-10-07T00:10:38.1257058Z 
2026-10-07T00:10:38.1259175Z [1m[92m     Running[0m tests/module_emission.rs (target/debug/deps/module_emission-1d5b687a3ce6da20)
2026-10-07T00:10:38.1266600Z 
2026-10-07T00:10:38.1266691Z running 8 tests
2026-10-07T00:10:38.1308863Z test legacy_flat_cost_report_keeps_public_function_names ... ok
2026-10-07T00:10:38.1337766Z test inferred_primitive_values_and_a_class_alias_keep_distinct_type_identities ... ok
2026-10-07T00:10:38.1387433Z test qualified_nested_types_emit_internal_names_through_low ... ok
2026-10-07T00:10:38.2199391Z test source_function_names_that_match_foreign_symbols_keep_distinct_call_targets ... ok
2026-10-07T00:10:38.2201925Z test unresolved_high_imports_keep_as_and_from_syntax_in_low ... ok
2026-10-07T00:10:38.2203795Z test source_locals_that_match_generated_symbols_keep_distinct_values ... ok
2026-10-07T00:10:38.2258683Z test independent_low_parser_preserves_module_ids_and_native_function_aliases ... ok
2026-10-07T00:10:38.6973988Z test inferred_builtin_types_survive_module_aliases_low_transport_and_rust_emission ... ok
2026-10-07T00:10:38.6974236Z 
2026-10-07T00:10:38.6974707Z test result: ok. 8 passed; 0 failed; 0 ignored; 0 measured; 0 filtered out; finished in 0.57s
2026-10-07T00:10:38.6974925Z 
2026-10-07T00:10:38.6976391Z [1m[92m     Running[0m tests/module_parser.rs (target/debug/deps/module_parser-6aa39d248fb54118)
2026-10-07T00:10:38.6983953Z 
2026-10-07T00:10:38.6984034Z running 9 tests
2026-10-07T00:10:38.6999849Z test import_forms_keep_original_names_aliases_and_token_spans ... ok
2026-10-07T00:10:38.7000331Z test from_and_as_remain_contextual_identifiers ... ok
2026-10-07T00:10:38.7000751Z test low_metadata_is_read_without_changing_source_spans ... ok
2026-10-07T00:10:38.7001177Z test module_replace_path_remains_a_structured_attribute_value ... ok
2026-10-07T00:10:38.7001460Z test malformed_imports_and_qualified_constructs_keep_parser_errors ... ok
2026-10-07T00:10:38.7001770Z test qualified_calls_constructors_and_function_values_preserve_semantic_choice ... ok
2026-10-07T00:10:38.7002091Z test qualified_types_parse_inside_nested_generics_lists_and_nullable_types ... ok
2026-10-07T00:10:38.7002369Z test qualified_types_respect_existing_nesting_limit ... ok
2026-10-07T00:10:38.7002642Z test qualified_index_lookahead_restores_depth_and_preserves_index_nodes ... ok
2026-10-07T00:10:38.7002804Z 
2026-10-07T00:10:38.7002988Z test result: ok. 9 passed; 0 failed; 0 ignored; 0 measured; 0 filtered out; finished in 0.00s
2026-10-07T00:10:38.7003162Z 
2026-10-07T00:10:38.7004286Z [1m[92m     Running[0m tests/module_symbols.rs (target/debug/deps/module_symbols-ca8bc752cab1680a)
2026-10-07T00:10:38.7012253Z 
2026-10-07T00:10:38.7012330Z running 5 tests
2026-10-07T00:10:38.9127558Z test local_names_colliding_with_the_entrypoint_keep_source_names_and_navigation ... ok
2026-10-07T00:10:38.9128269Z test saved_low_namespaces_use_the_opened_file_and_rebased_definition_locations ... ok
2026-10-07T00:10:38.9202594Z test module_bindings_export_only_own_definitions_and_share_definition_identity ... ok
2026-10-07T00:10:39.0298174Z test unsaved_imported_buffers_drive_fields_and_shadowed_aliases_use_local_bindings ... ok
2026-10-07T00:10:39.0392853Z test record_and_import_alias_named_option_remain_record_types_in_editor_output ... ok
2026-10-07T00:10:39.0393064Z 
2026-10-07T00:10:39.0393254Z test result: ok. 5 passed; 0 failed; 0 ignored; 0 measured; 0 filtered out; finished in 0.34s
2026-10-07T00:10:39.0393434Z 
2026-10-07T00:10:39.0395708Z [1m[92m     Running[0m tests/modules.rs (target/debug/deps/modules-cdd1e39a09a3a336)
2026-10-07T00:10:39.0403457Z 
2026-10-07T00:10:39.0403551Z running 32 tests
2026-10-07T00:10:39.0437837Z test alias_imports_keep_cycle_relative_path_and_language_guards ... ok
2026-10-07T00:10:39.0455980Z test aliases_of_one_function_cannot_be_replaced_twice_across_native_files ... ok
2026-10-07T00:10:39.0458294Z test conflicting_import_bindings_report_the_import_statement ... ok
2026-10-07T00:10:39.0458954Z test aliases_keep_original_source_diagnostics_and_embedded_asset_paths ... ok
2026-10-07T00:10:39.0478026Z test corrupted_low_identity_metadata_cannot_rename_or_invent_definitions ... ok
2026-10-07T00:10:39.0520020Z test flat_imported_main_remains_an_entry_but_namespace_imported_main_does_not ... ok
2026-10-07T00:10:39.0577437Z test edited_saved_low_body_resolves_original_aliases_and_maps_only_its_physical_root ... ok
2026-10-07T00:10:39.0606653Z test foreign_functions_keep_their_builtin_scope_when_root_aliases_use_builtin_names ... ok
2026-10-07T00:10:39.0720740Z test aliases_from_imports_and_flat_imports_share_the_canonical_class ... ok
2026-10-07T00:10:39.0732481Z test high_and_native_modules_can_use_the_same_private_namespace_spelling ... ok
2026-10-07T00:10:39.0843900Z test imported_bindings_are_private_but_own_definitions_can_use_them ... ok
2026-10-07T00:10:39.0910399Z test every_explicit_native_root_gets_high_aliases_without_overwriting_own_or_dependency_scopes ... ok
2026-10-07T00:10:39.0962146Z test imported_names_cannot_silently_fall_back_to_builtins_of_a_different_kind ... ok
2026-10-07T00:10:39.1072911Z test guessed_internal_symbols_cannot_bypass_private_imports_in_raw_source ... ok
2026-10-07T00:10:39.1078016Z test legacy_flat_helpers_can_call_root_definitions_without_inheriting_private_aliases ... ok
2026-10-07T00:10:39.1127630Z test legacy_classes_constructors_and_intrinsic_types_keep_their_original_namespaces ... ok
2026-10-07T00:10:39.1177564Z test local_fields_and_function_values_shadow_imports_only_in_their_scope ... ok
2026-10-07T00:10:39.1207426Z test native_main_replacement_keeps_the_generated_identity_and_recursive_target ... ok
2026-10-07T00:10:39.1297636Z test native_import_aliases_remain_local_while_own_functions_are_available_to_high ... ok
2026-10-07T00:10:39.1327795Z test low_alias_syntax_resolves_qualified_record_and_generic_types ... ok
2026-10-07T00:10:39.1328521Z test old_flat_imports_keep_transitive_names_and_diamond_deduplication ... ok
2026-10-07T00:10:39.1360274Z test omitted_unit_returns_keep_builtin_identity_while_explicit_namespace_types_are_rejected ... ok
2026-10-07T00:10:39.1367679Z test renamed_local_main_diagnostics_keep_source_spelling_after_program_is_taken ... ok
2026-10-07T00:10:39.1442650Z test namespace_imports_preserve_depth_file_count_and_total_byte_limits ... ok
2026-10-07T00:10:39.1547814Z test saved_generated_low_can_be_imported_without_reidentifying_its_main ... ok
2026-10-07T00:10:39.1587647Z test same_named_classes_from_different_files_are_distinct_in_all_type_positions ... ok
2026-10-07T00:10:39.1617490Z test qualified_replacements_compare_definition_identity_and_report_low_sources ... ok
2026-10-07T00:10:39.1637602Z test the_checker_rejects_parser_only_alias_imports_until_the_source_loader_resolves_them ... ok
2026-10-07T00:10:39.1673413Z test unsaved_overlays_change_imported_definitions_and_keep_disk_sources_unchanged ... ok
2026-10-07T00:10:39.1694288Z test separate_native_files_can_reuse_a_replacement_declaration_name ... ok
2026-10-07T00:10:39.5343722Z test saved_low_flat_and_from_imports_promote_the_original_definition_to_entry ... ok
2026-10-07T00:10:39.6353350Z test project_aliases_cross_low_replacement_and_rust_record_bridges_from_an_external_cwd ... ok
2026-10-07T00:10:39.6353640Z 
2026-10-07T00:10:39.6353833Z test result: ok. 32 passed; 0 failed; 0 ignored; 0 measured; 0 filtered out; finished in 0.59s
2026-10-07T00:10:39.6354008Z 
2026-10-07T00:10:39.6357287Z [1m[92m     Running[0m tests/nullable_database.rs (target/debug/deps/nullable_database-d031d2ad4449e9c4)
2026-10-07T00:10:39.6365686Z 
2026-10-07T00:10:39.6365792Z running 4 tests
2026-10-07T00:10:39.6557783Z test unsupported_nullable_payloads_keep_manual_from_row_eligibility ... ok
2026-10-07T00:10:39.6948261Z test raw_numeric_and_bool_field_shadows_keep_manual_row_implementations ... ok
2026-10-07T00:10:51.7227381Z test raw_nullable_classes_can_supply_a_native_sqlite_row_bridge ... ok
2026-10-07T00:10:53.6783851Z test nullable_scalars_read_sqlite_null_and_non_null_rows_in_high_and_saved_low ... ok
2026-10-07T00:10:53.6784217Z 
2026-10-07T00:10:53.6784525Z test result: ok. 4 passed; 0 failed; 0 ignored; 0 measured; 0 filtered out; finished in 14.04s
2026-10-07T00:10:53.6784855Z 
2026-10-07T00:10:53.6787457Z [1m[92m     Running[0m tests/nullable_roundtrip.rs (target/debug/deps/nullable_roundtrip-e3aff8768f5cf177)
2026-10-07T00:10:53.6795632Z 
2026-10-07T00:10:53.6795705Z running 1 test
2026-10-07T00:10:53.7371826Z test nested_options_keep_distinct_none_and_some_values_through_independent_low ... ok
2026-10-07T00:10:53.7372071Z 
2026-10-07T00:10:53.7372269Z test result: ok. 1 passed; 0 failed; 0 ignored; 0 measured; 0 filtered out; finished in 0.06s
2026-10-07T00:10:53.7372603Z 
2026-10-07T00:10:53.7373862Z [1m[92m     Running[0m tests/option_match.rs (target/debug/deps/option_match-eee58e5ed0ad38bd)
2026-10-07T00:10:53.7381534Z 
2026-10-07T00:10:53.7381635Z running 5 tests
2026-10-07T00:10:53.7391131Z test option_cases_must_be_exhaustive_unique_and_match_the_subject_type ... ok
2026-10-07T00:10:53.7392707Z test option_payload_bindings_obey_move_scope_and_borrow_owner_rules ... ok
2026-10-07T00:10:53.7393282Z test some_and_none_patterns_keep_binding_spans_without_synthetic_none_payload ... ok
2026-10-07T00:10:53.7394082Z test option_matching_accepts_discarded_payloads_and_borrowed_string_contents ... ok
2026-10-07T00:10:53.7394413Z test some_patterns_reject_unsupported_payload_shapes_and_none_parentheses ... ok
2026-10-07T00:10:53.7394634Z 
2026-10-07T00:10:53.7394906Z test result: ok. 5 passed; 0 failed; 0 ignored; 0 measured; 0 filtered out; finished in 0.00s
2026-10-07T00:10:53.7395088Z 
2026-10-07T00:10:53.7395423Z [1m[92m     Running[0m tests/owned_copy_codegen.rs (target/debug/deps/owned_copy_codegen-fd5ce236eb237704)
2026-10-07T00:10:53.7402447Z 
2026-10-07T00:10:53.7402541Z running 2 tests
2026-10-07T00:10:53.7669856Z test owned_string_and_list_fields_remain_moves ... ok
2026-10-07T00:10:54.1104039Z test owned_scalar_fields_copy_in_native_high_and_independent_low ... ok
2026-10-07T00:10:54.1104394Z 
2026-10-07T00:10:54.1104718Z test result: ok. 2 passed; 0 failed; 0 ignored; 0 measured; 0 filtered out; finished in 0.37s
2026-10-07T00:10:54.1104997Z 
2026-10-07T00:10:54.1106165Z [1m[92m     Running[0m tests/owned_database.rs (target/debug/deps/owned_database-0d575b9fd2aee747)
2026-10-07T00:10:54.1114553Z 
2026-10-07T00:10:54.1114625Z running 2 tests
2026-10-07T00:10:54.1270012Z test owned_wrappers_preserve_unsupported_fields_and_manual_row_eligibility ... ok
2026-10-07T00:10:56.2000597Z test owned_scalars_decode_sqlite_rows_in_high_and_independent_saved_low ... ok
2026-10-07T00:10:56.2001075Z 
2026-10-07T00:10:56.2001271Z test result: ok. 2 passed; 0 failed; 0 ignored; 0 measured; 0 filtered out; finished in 2.09s
2026-10-07T00:10:56.2001455Z 
2026-10-07T00:10:56.2002759Z [1m[92m     Running[0m tests/ownership_boundaries.rs (target/debug/deps/ownership_boundaries-fa94f3fa628623ea)
2026-10-07T00:10:56.2011194Z 
2026-10-07T00:10:56.2011274Z running 7 tests
2026-10-07T00:10:56.2067790Z test nested_view_containers_cannot_keep_child_scope_owners ... ok
2026-10-07T00:10:56.2087876Z test branch_loop_and_payload_owners_cannot_escape_in_outer_views ... ok
2026-10-07T00:10:56.2359621Z test index_evaluation_holds_the_container_but_releases_it_afterwards ... ok
2026-10-07T00:10:56.2387419Z test copied_iterator_elements_keep_their_own_borrow_depth ... ok
2026-10-07T00:10:56.2711145Z test outer_owners_local_copies_restored_aliases_and_return_paths_remain_valid ... ok
2026-10-07T00:10:56.2729849Z test temporary_iterator_views_cannot_escape_but_body_use_and_static_views_remain_valid ... ok
2026-10-07T00:10:56.2788119Z test static_resource_views_remain_valid_across_branch_scopes ... ok
2026-10-07T00:10:56.2788387Z 
2026-10-07T00:10:56.2788671Z test result: ok. 7 passed; 0 failed; 0 ignored; 0 measured; 0 filtered out; finished in 0.08s
2026-10-07T00:10:56.2788951Z 
2026-10-07T00:10:56.2792296Z [1m[92m     Running[0m tests/ownership_calls.rs (target/debug/deps/ownership_calls-9092c730eb6009d4)
2026-10-07T00:10:56.2802073Z 
2026-10-07T00:10:56.2802152Z running 9 tests
2026-10-07T00:10:56.2837859Z test database_receiver_is_borrowed_but_materialized_sql_does_not_extend_its_loan ... ok
2026-10-07T00:10:56.2838728Z test discarded_owned_places_are_consumed_but_copy_and_borrowed_values_remain_available ... ok
2026-10-07T00:10:56.2841984Z test earlier_view_arguments_block_later_moves_in_direct_and_aliased_calls ... ok
2026-10-07T00:10:56.2854102Z test earlier_views_remain_borrowed_while_nested_later_arguments_are_evaluated ... ok
2026-10-07T00:10:56.2867988Z test earlier_list_elements_hold_views_through_later_element_evaluation ... ok
2026-10-07T00:10:56.2868644Z test completed_inner_calls_copies_and_disjoint_owners_do_not_keep_call_loans ... ok
2026-10-07T00:10:56.2880453Z test list_mutation_checks_outer_loans_without_rejecting_two_phase_reads ... ok
2026-10-07T00:10:56.2909634Z test call_conflicts_and_discarded_moves_fail_before_backend_tools_are_needed ... ok
2026-10-07T00:10:56.3593333Z test implicit_standard_references_hold_the_owner_through_later_arguments ... ok
2026-10-07T00:10:56.3593523Z 
2026-10-07T00:10:56.3593714Z test result: ok. 9 passed; 0 failed; 0 ignored; 0 measured; 0 filtered out; finished in 0.08s
2026-10-07T00:10:56.3594109Z 
2026-10-07T00:10:56.3596155Z [1m[92m     Running[0m tests/resource_contract_characterization.rs (target/debug/deps/resource_contract_characterization-859f005c2349dd14)
2026-10-07T00:10:56.3603427Z 
2026-10-07T00:10:56.3603602Z running 4 tests
2026-10-07T00:10:56.3606860Z test registered_resources_match_the_independent_inventory ... ok
2026-10-07T00:10:56.3607428Z test registered_accessors_match_the_complete_inventory ... ok
2026-10-07T00:10:56.3607785Z test registered_operations_match_signatures_and_passing ... ok
2026-10-07T00:10:56.3608217Z test registered_constants_match_the_complete_inventory ... ok
2026-10-07T00:10:56.3608353Z 
2026-10-07T00:10:56.3608537Z test result: ok. 4 passed; 0 failed; 0 ignored; 0 measured; 0 filtered out; finished in 0.00s
2026-10-07T00:10:56.3608718Z 
2026-10-07T00:10:56.3610018Z [1m[92m     Running[0m tests/result_stdlib.rs (target/debug/deps/result_stdlib-9a729f3c727d6c74)
2026-10-07T00:10:56.3618006Z 
2026-10-07T00:10:56.3618094Z running 6 tests
2026-10-07T00:10:56.4988580Z test mapping_moves_input_left_to_right_and_preserves_borrow_origins ... ok
2026-10-07T00:10:56.5314375Z test mapper_contract_errors_fail_before_rust_backend_in_high_and_saved_low ... ok
2026-10-07T00:10:56.5537764Z test try_keeps_exact_error_identity_and_map_error_does_not_reserve_local_names ... ok
2026-10-07T00:10:56.6079865Z test inferred_mapping_keeps_enum_class_aliases_and_borrowed_success_through_saved_low ... ok
2026-10-07T00:10:56.8615137Z test native_success_failure_and_original_cause_survive_high_and_saved_low ... ok
2026-10-07T00:10:57.4352815Z test static_error_labels_avoid_read_allocations_but_keep_owned_results_and_shadowing ... ok
2026-10-07T00:10:57.4353210Z 
2026-10-07T00:10:57.4353546Z test result: ok. 6 passed; 0 failed; 0 ignored; 0 measured; 0 filtered out; finished in 1.07s
2026-10-07T00:10:57.4353847Z 
2026-10-07T00:10:57.4355382Z [1m[92m     Running[0m tests/rust_dependencies.rs (target/debug/deps/rust_dependencies-c09b9a859b8d9cc5)
2026-10-07T00:10:57.4362955Z 
2026-10-07T00:10:57.4363046Z running 9 tests
2026-10-07T00:10:57.4438010Z test generated_manifest_preserves_legacy_versions_and_every_supported_table_field ... ok
2026-10-07T00:10:57.4468030Z test dependency_paths_follow_the_selected_manifest_with_different_cwd_and_output ... ok
2026-10-07T00:10:57.4468662Z test generated_toml_round_trips_quotes_backslashes_and_newlines_without_extra_tables ... ok
2026-10-07T00:10:57.4491090Z test cli_version_replaces_the_whole_table_and_keeps_alias_collision_checks ... ok
2026-10-07T00:10:57.4690504Z test missing_local_dependency_is_valid_for_check_and_reported_by_cargo_during_build ... ok
2026-10-07T00:10:57.4766289Z test non_utf8_project_paths_check_but_cannot_generate_lossy_dependency_paths ... ok
2026-10-07T00:10:57.4919897Z test invalid_dependency_tables_fail_in_the_public_cli_before_cargo ... ok
2026-10-07T00:10:57.5983226Z test check_and_symbols_accept_dependency_tables_without_cargo_or_checked_out_crates ... ok
2026-10-07T00:10:57.6385767Z test local_package_rename_features_and_disabled_defaults_run_without_registry_dependencies ... ok
2026-10-07T00:10:57.6386189Z 
2026-10-07T00:10:57.6386504Z test result: ok. 9 passed; 0 failed; 0 ignored; 0 measured; 0 filtered out; finished in 0.20s
2026-10-07T00:10:57.6386744Z 
2026-10-07T00:10:57.6388056Z [1m[92m     Running[0m tests/sql_check.rs (target/debug/deps/sql_check-b57d92be265c1d4c)
2026-10-07T00:10:57.6395918Z 
2026-10-07T00:10:57.6396004Z running 13 tests
2026-10-07T00:10:57.6650957Z test enabled::a_user_function_named_db_all_is_not_a_builtin_sql_query ... ok
2026-10-07T00:10:57.6737794Z test enabled::dynamic_sql_and_db_exec_are_reported_as_runtime_checks ... ok
2026-10-07T00:10:57.6902958Z test enabled::explicit_project_schema_path_is_relative_to_invocation_directory ... ok
2026-10-07T00:10:57.7037337Z test enabled::imported_queries_report_the_original_module_file_and_line ... ok
2026-10-07T00:10:57.7048186Z test enabled::aliases_case_reordering_extra_columns_and_reused_numbered_bind_are_valid ... ok
2026-10-07T00:10:57.7137856Z test enabled::bounded_schema_and_query_inputs_fail_before_sql_preparation ... ok
2026-10-07T00:10:57.7354537Z test enabled::literal_insert_update_delete_are_prepared_without_executing_queries ... ok
2026-10-07T00:10:57.7483329Z test enabled::schema_and_dialect_are_paired_check_only_options ... ok
2026-10-07T00:10:57.7920711Z test enabled::missing_return_columns_and_wrong_bind_count_use_query_source_lines ... ok
2026-10-07T00:10:57.7977871Z test enabled::schema_check_is_opt_in_and_reports_bad_columns_in_high_and_saved_low ... ok
2026-10-07T00:10:57.8113523Z test enabled::helper_statement_kind_and_single_statement_contracts_are_checked ... ok
2026-10-07T00:10:57.8380090Z test enabled::literal_queries_cannot_change_schema_or_access_external_functions ... ok
2026-10-07T00:10:57.8787977Z test enabled::unsafe_schema_operations_cannot_create_or_modify_external_files ... ok
2026-10-07T00:10:57.8788301Z 
2026-10-07T00:10:57.8788560Z test result: ok. 13 passed; 0 failed; 0 ignored; 0 measured; 0 filtered out; finished in 0.24s
2026-10-07T00:10:57.8788744Z 
2026-10-07T00:10:57.8791334Z [1m[92m     Running[0m tests/static_callback_views.rs (target/debug/deps/static_callback_views-f6267197e4ecfd34)
2026-10-07T00:10:57.8798748Z 
2026-10-07T00:10:57.8798831Z running 3 tests
2026-10-07T00:10:57.8804559Z test input_bound_callback_results_still_borrow_their_actual_inputs ... ok
2026-10-07T00:10:57.8807243Z test static_outputs_do_not_allow_local_or_owned_parameter_borrows ... ok
2026-10-07T00:10:58.7131400Z test static_callbacks_keep_their_origins_and_independent_lifetime_scopes_in_high_and_low ... ok
2026-10-07T00:10:58.7131670Z 
2026-10-07T00:10:58.7131870Z test result: ok. 3 passed; 0 failed; 0 ignored; 0 measured; 0 filtered out; finished in 0.83s
2026-10-07T00:10:58.7132055Z 
2026-10-07T00:10:58.7133758Z [1m[92m     Running[0m tests/stdlib_imports.rs (target/debug/deps/stdlib_imports-d539d61711b0b17e)
2026-10-07T00:10:58.7141991Z 
2026-10-07T00:10:58.7142073Z running 12 tests
2026-10-07T00:10:58.7157598Z test comma_separated_from_imports_preserve_each_name_alias_and_source_span ... ok
2026-10-07T00:10:58.7256499Z test constant_fields_and_function_aliases_resolve_without_ignoring_local_shadowing ... ok
2026-10-07T00:10:58.7277648Z test malformed_standard_imports_do_not_fall_back_to_file_lookup ... ok
2026-10-07T00:10:58.7281922Z test low_metadata_cannot_forge_standard_ids_or_implement_registry_functions ... ok
2026-10-07T00:10:58.7297710Z test parser_distinguishes_standard_names_from_quoted_files_and_keeps_alias_spans ... ok
2026-10-07T00:10:58.7327555Z test low_metadata_rejects_native_paths_capabilities_and_unimported_canonical_names ... ok
2026-10-07T00:10:58.7357376Z test from_list_reuses_existing_conflict_and_same_definition_rules ... ok
2026-10-07T00:10:58.7447575Z test registered_resources_and_functions_are_separate_from_source_definitions ... ok
2026-10-07T00:10:58.7510602Z test standard_imports_ignore_local_lookalikes_and_unsaved_overlays ... ok
2026-10-07T00:10:58.8394227Z test multiple_from_aliases_keep_registry_identity_in_independently_loaded_low ... ok
2026-10-07T00:10:58.8898637Z test saved_low_keeps_registry_identity_without_standard_source_files ... ok
2026-10-07T00:10:58.9359178Z test repeated_standard_imports_do_not_shift_registry_declaration_lines ... ok
2026-10-07T00:10:58.9359477Z 
2026-10-07T00:10:58.9359779Z test result: ok. 12 passed; 0 failed; 0 ignored; 0 measured; 0 filtered out; finished in 0.22s
2026-10-07T00:10:58.9359980Z 
2026-10-07T00:10:58.9361763Z [1m[92m     Running[0m tests/symbols.rs (target/debug/deps/symbols-601b9d7b3e668d8f)
2026-10-07T00:10:58.9370359Z 
2026-10-07T00:10:58.9370461Z running 21 tests
2026-10-07T00:10:58.9407568Z test editor_input_rejects_invalid_schema_alias_duplicates_and_other_commands ... ok
2026-10-07T00:10:59.1537490Z test actual_symbols_command_resolves_transitive_imports_and_utf16_columns ... ok
2026-10-07T00:10:59.1597376Z test expression_ranges_cover_multiline_receivers_and_do_not_unwrap_results ... ok
2026-10-07T00:10:59.1803699Z test editor_buffers_update_imported_and_low_signatures_without_writing_files ... ok
2026-10-07T00:10:59.3709823Z test failed_iterator_mutation_does_not_leak_a_loan_or_move_into_editor_types ... ok
2026-10-07T00:10:59.3807491Z test imported_and_native_types_use_unsaved_buffers_and_utf16_ranges ... ok
2026-10-07T00:10:59.3969189Z test duplicate_let_and_case_bindings_cannot_replace_an_outer_definition ... ok
2026-10-07T00:10:59.4097495Z test inferred_locals_parameters_and_loop_bindings_obey_exact_scopes ... ok
2026-10-07T00:10:59.5887270Z test invalid_signatures_do_not_generate_guessed_local_types ... ok
2026-10-07T00:10:59.6017487Z test local_call_and_function_value_navigation_use_the_resolved_binding ... ok
2026-10-07T00:10:59.6431088Z test local_navigation_preserves_binding_identity_across_reassignments_and_scopes ... ok
2026-10-07T00:10:59.8157562Z test low_records_replacements_and_same_line_bindings_keep_their_source_positions ... ok
2026-10-07T00:10:59.8277522Z test match_payloads_and_child_locals_do_not_escape_their_arm ... ok
2026-10-07T00:10:59.8701478Z test moved_values_and_scope_locals_have_no_later_inferred_type ... ok
2026-10-07T00:11:00.0367696Z test native_low_symbols_and_calls_inside_match_keep_original_files ... ok
2026-10-07T00:11:00.0997506Z test navigation_resolves_case_and_scope_bindings_without_leaking_them ... ok
2026-10-07T00:11:00.2647497Z test navigation_uses_unsaved_import_and_low_replacement_positions_in_utf16 ... ok
2026-10-07T00:11:00.2717629Z test navigation_is_available_after_moves_and_invalid_types_but_not_before_binding ... ok
2026-10-07T00:11:00.3179914Z test local_function_value_uses_have_hover_types_without_replacing_global_signatures ... ok
2026-10-07T00:11:00.3266302Z test partial_moves_do_not_infer_invalid_bindings_or_hide_unmoved_fields ... ok
2026-10-07T00:11:00.4151076Z test symbols_work_despite_type_errors_and_distinguish_fields_locals_and_calls ... ok
2026-10-07T00:11:00.4151385Z 
2026-10-07T00:11:00.4151699Z test result: ok. 21 passed; 0 failed; 0 ignored; 0 measured; 0 filtered out; finished in 1.48s
2026-10-07T00:11:00.4151990Z 
2026-10-07T00:11:00.4154411Z [1m[92m     Running[0m tests/typed_errors.rs (target/debug/deps/typed_errors-0bc0d04414e629b1)
2026-10-07T00:11:00.4162525Z 
2026-10-07T00:11:00.4162613Z running 15 tests
2026-10-07T00:11:00.4387661Z test diagnostic_cause_containers_are_rejected_by_json_serialization ... ok
2026-10-07T00:11:00.4388265Z test direct_parser_builtin_enum_names_require_canonical_source_loading ... ok
2026-10-07T00:11:01.0399003Z test async_custom_errors_propagate_the_same_enum_through_await_and_try ... ok
2026-10-07T00:11:01.0778296Z test enum_constructors_reject_unknown_variants_wrong_arity_and_wrong_payload_types ... ok
2026-10-07T00:11:01.1091262Z test enum_matches_require_exhaustive_unique_matching_variants_and_payload_bindings ... ok
2026-10-07T00:11:01.1261751Z test enum_payload_moves_and_borrowed_views_cannot_escape_match_arms ... ok
2026-10-07T00:11:01.3783884Z test builtin_error_causes_survive_wrapping_without_json_or_database_requirements ... ok
2026-10-07T00:11:01.4060198Z test fail_and_try_reject_implicit_conversion_between_custom_error_types ... ok
2026-10-07T00:11:06.7583462Z test entry_result_errors_keep_exit_status_through_owned_wrappers_and_async_saved_low ... ok
2026-10-07T00:11:07.1106331Z test class_errors_keep_context_nested_results_same_error_try_and_explicit_conversion ... ok
2026-10-07T00:11:07.1295370Z test same_named_module_enums_are_distinct_error_types_for_try_and_patterns ... ok
2026-10-07T00:11:07.4299201Z test enums_construct_match_owned_payloads_and_preserve_copy_variants ... ok
2026-10-07T00:11:07.7073470Z test file_loaded_builtin_spelled_enums_keep_literal_types_and_variant_identity ... ok
2026-10-07T00:11:08.0052110Z test module_aliases_share_enum_error_identity_and_keep_qualified_variants ... ok
2026-10-07T00:11:09.0608604Z test scope_enum_conversion_requires_the_explicit_rust_bridge_and_keeps_the_owned_cause ... ok
2026-10-07T00:11:09.0608854Z 
2026-10-07T00:11:09.0609271Z test result: ok. 15 passed; 0 failed; 0 ignored; 0 measured; 0 filtered out; finished in 8.64s
2026-10-07T00:11:09.0609467Z 
2026-10-07T00:11:09.0612874Z [1m[92m     Running[0m tests/view_iteration.rs (target/debug/deps/view_iteration-3fa9ad4988859c9d)
2026-10-07T00:11:09.0621060Z 
2026-10-07T00:11:09.0621162Z running 3 tests
2026-10-07T00:11:09.0631974Z test string_views_reject_iteration_and_numeric_indexing_in_high_and_low ... ok
2026-10-07T00:11:09.0676059Z test native_resource_views_still_reject_iteration ... ok
2026-10-07T00:11:09.2005567Z test byte_views_use_u8_and_preserve_nested_views_and_owned_element_slices ... ok
2026-10-07T00:11:09.2005934Z 
2026-10-07T00:11:09.2006256Z test result: ok. 3 passed; 0 failed; 0 ignored; 0 measured; 0 filtered out; finished in 0.14s
2026-10-07T00:11:09.2006552Z 
2026-10-07T00:11:09.2008220Z [1m[92m     Running[0m tests/view_parameter_rebinding.rs (target/debug/deps/view_parameter_rebinding-5d7ccdbfb595e528)
2026-10-07T00:11:09.2016323Z 
2026-10-07T00:11:09.2016412Z running 5 tests
2026-10-07T00:11:09.2037757Z test local_borrows_still_cannot_escape_through_reassigned_parameters ... ok
2026-10-07T00:11:09.2038422Z test rebinding_is_synthetic_and_does_not_change_signatures_or_extern_wrappers ... ok
2026-10-07T00:11:09.4105480Z test local_parameter_updates_compile_and_run_in_high_and_saved_low ... ok
2026-10-07T00:11:09.4870898Z test owning_parameters_keep_their_drop_order_when_a_view_container_is_rebound ... ok
2026-10-07T00:11:09.6193560Z test views_of_owned_record_fields_can_be_used_locally_through_parameters ... ok
2026-10-07T00:11:09.6193783Z 
2026-10-07T00:11:09.6193997Z test result: ok. 5 passed; 0 failed; 0 ignored; 0 measured; 0 filtered out; finished in 0.42s
2026-10-07T00:11:09.6194181Z 
2026-10-07T00:11:09.6233190Z ##[group]Run node --test editors/vscode-nagi/test/*.test.js scripts/test_graph_html_viewport.mjs
2026-10-07T00:11:09.6233555Z [36;1mnode --test editors/vscode-nagi/test/*.test.js scripts/test_graph_html_viewport.mjs[0m
2026-10-07T00:11:09.6282845Z shell: /usr/bin/bash --noprofile --norc -e -o pipefail {0}
2026-10-07T00:11:09.6283021Z env:
2026-10-07T00:11:09.6283181Z   NAGI_FAILURE_DIR: /home/runner/work/Nagi/Nagi/build/compiler-failures
2026-10-07T00:11:09.6283381Z   CARGO_HOME: /home/runner/.cargo
2026-10-07T00:11:09.6283516Z   CARGO_INCREMENTAL: 0
2026-10-07T00:11:09.6283637Z   CARGO_TERM_COLOR: always
2026-10-07T00:11:09.6283794Z   pythonLocation: /opt/hostedtoolcache/Python/3.12.15/x64
2026-10-07T00:11:09.6284032Z   PKG_CONFIG_PATH: /opt/hostedtoolcache/Python/3.12.15/x64/lib/pkgconfig
2026-10-07T00:11:09.6284251Z   Python_ROOT_DIR: /opt/hostedtoolcache/Python/3.12.15/x64
2026-10-07T00:11:09.6284449Z   Python2_ROOT_DIR: /opt/hostedtoolcache/Python/3.12.15/x64
2026-10-07T00:11:09.6284668Z   Python3_ROOT_DIR: /opt/hostedtoolcache/Python/3.12.15/x64
2026-10-07T00:11:09.6284868Z   LD_LIBRARY_PATH: /opt/hostedtoolcache/Python/3.12.15/x64/lib
2026-10-07T00:11:09.6285039Z ##[endgroup]
2026-10-07T00:11:09.6970174Z TAP version 13
2026-10-07T00:11:09.7224427Z # Subtest: Actor and Turn snippets preserve all three registered type parameters
2026-10-07T00:11:09.7240510Z ok 1 - Actor and Turn snippets preserve all three registered type parameters
2026-10-07T00:11:09.7241016Z   ---
2026-10-07T00:11:09.7241373Z   duration_ms: 1.781461
2026-10-07T00:11:09.7241666Z   type: 'test'
2026-10-07T00:11:09.7241838Z   ...
2026-10-07T00:11:09.7242212Z # Subtest: same-name standard options retain their owning namespace and return type
2026-10-07T00:11:09.7242793Z ok 2 - same-name standard options retain their owning namespace and return type
2026-10-07T00:11:09.7243121Z   ---
2026-10-07T00:11:09.7243288Z   duration_ms: 0.959355
2026-10-07T00:11:09.7243476Z   type: 'test'
2026-10-07T00:11:09.7243648Z   ...
2026-10-07T00:11:09.7247348Z # Subtest: both module catalogs complete imports without merging their members
2026-10-07T00:11:09.7247874Z ok 3 - both module catalogs complete imports without merging their members
2026-10-07T00:11:09.7248230Z   ---
2026-10-07T00:11:09.7248397Z   duration_ms: 1.685145
2026-10-07T00:11:09.7248605Z   type: 'test'
2026-10-07T00:11:09.7248785Z   ...
2026-10-07T00:11:10.0160625Z # Subtest: real nagi actor symbols separate modules and preserve three-parameter handles
2026-10-07T00:11:10.0161584Z ok 4 - real nagi actor symbols separate modules and preserve three-parameter handles
2026-10-07T00:11:10.0162284Z   ---
2026-10-07T00:11:10.0162508Z   duration_ms: 290.843538
2026-10-07T00:11:10.0162772Z   type: 'test'
2026-10-07T00:11:10.0162949Z   ...
2026-10-07T00:11:10.3189151Z # Subtest: real low actor symbols separate modules and preserve three-parameter handles
2026-10-07T00:11:10.3190123Z ok 5 - real low actor symbols separate modules and preserve three-parameter handles
2026-10-07T00:11:10.3190656Z   ---
2026-10-07T00:11:10.3190960Z   duration_ms: 302.227203
2026-10-07T00:11:10.3191296Z   type: 'test'
2026-10-07T00:11:10.3191583Z   ...
2026-10-07T00:11:10.4730603Z # Subtest: unsaved actor dependency constants keep their own source without writing or building
2026-10-07T00:11:10.4751335Z ok 6 - unsaved actor dependency constants keep their own source without writing or building
2026-10-07T00:11:10.4751945Z   ---
2026-10-07T00:11:10.4752311Z   duration_ms: 156.452108
2026-10-07T00:11:10.4752598Z   type: 'test'
2026-10-07T00:11:10.4752879Z   ...
2026-10-07T00:11:10.4831137Z # Subtest: nagi borrowed loop locals keep their declared type and bare insertion
2026-10-07T00:11:10.4832102Z ok 7 - nagi borrowed loop locals keep their declared type and bare insertion
2026-10-07T00:11:10.4832587Z   ---
2026-10-07T00:11:10.4832888Z   duration_ms: 4.440422
2026-10-07T00:11:10.4833213Z   type: 'test'
2026-10-07T00:11:10.4833501Z   ...
2026-10-07T00:11:10.4834184Z # Subtest: nagi owned and read-only-only locals retain their existing presentation
2026-10-07T00:11:10.4834845Z ok 8 - nagi owned and read-only-only locals retain their existing presentation
2026-10-07T00:11:10.4835298Z   ---
2026-10-07T00:11:10.4835586Z   duration_ms: 0.545347
2026-10-07T00:11:10.4835898Z   type: 'test'
2026-10-07T00:11:10.4836181Z   ...
2026-10-07T00:11:10.4836676Z # Subtest: nagi borrowed receiver fields preserve the compiler read-only contract
2026-10-07T00:11:10.4837446Z ok 9 - nagi borrowed receiver fields preserve the compiler read-only contract
2026-10-07T00:11:10.4837896Z   ---
2026-10-07T00:11:10.4838175Z   duration_ms: 0.767143
2026-10-07T00:11:10.4838484Z   type: 'test'
2026-10-07T00:11:10.4838771Z   ...
2026-10-07T00:11:10.4839237Z # Subtest: low borrowed loop locals keep their declared type and bare insertion
2026-10-07T00:11:10.4839885Z ok 10 - low borrowed loop locals keep their declared type and bare insertion
2026-10-07T00:11:10.4840328Z   ---
2026-10-07T00:11:10.4840610Z   duration_ms: 0.689275
2026-10-07T00:11:10.4840921Z   type: 'test'
2026-10-07T00:11:10.4841201Z   ...
2026-10-07T00:11:10.4841671Z # Subtest: low owned and read-only-only locals retain their existing presentation
2026-10-07T00:11:10.4842315Z ok 11 - low owned and read-only-only locals retain their existing presentation
2026-10-07T00:11:10.4842761Z   ---
2026-10-07T00:11:10.4843040Z   duration_ms: 0.237911
2026-10-07T00:11:10.4843344Z   type: 'test'
2026-10-07T00:11:10.4843624Z   ...
2026-10-07T00:11:10.4844096Z # Subtest: low borrowed receiver fields preserve the compiler read-only contract
2026-10-07T00:11:10.4844746Z ok 12 - low borrowed receiver fields preserve the compiler read-only contract
2026-10-07T00:11:10.4845206Z   ---
2026-10-07T00:11:10.4845485Z   duration_ms: 0.31024
2026-10-07T00:11:10.4845788Z   type: 'test'
2026-10-07T00:11:10.4846068Z   ...
2026-10-07T00:11:10.4846547Z # Subtest: Windows diagnostics preserve the drive and convert to zero-based line
2026-10-07T00:11:10.4847292Z ok 13 - Windows diagnostics preserve the drive and convert to zero-based line
2026-10-07T00:11:10.4847742Z   ---
2026-10-07T00:11:10.4848020Z   duration_ms: 1.27265
2026-10-07T00:11:10.4848324Z   type: 'test'
2026-10-07T00:11:10.4848607Z   ...
2026-10-07T00:11:10.4849115Z # Subtest: symbol positions use UTF-16 ranges and exclude whitespace and other files
2026-10-07T00:11:10.4849796Z ok 14 - symbol positions use UTF-16 ranges and exclude whitespace and other files
2026-10-07T00:11:10.4850255Z   ---
2026-10-07T00:11:10.4850535Z   duration_ms: 0.739481
2026-10-07T00:11:10.4850845Z   type: 'test'
2026-10-07T00:11:10.4851125Z   ...
2026-10-07T00:11:10.4851606Z # Subtest: Low integration errors and process errors have usable fallback locations
2026-10-07T00:11:10.4852271Z ok 15 - Low integration errors and process errors have usable fallback locations
2026-10-07T00:11:10.4852736Z   ---
2026-10-07T00:11:10.4853015Z   duration_ms: 0.247796
2026-10-07T00:11:10.4853321Z   type: 'test'
2026-10-07T00:11:10.4853603Z   ...
2026-10-07T00:11:10.4854056Z # Subtest: Rust arguments remain separate and long Windows paths normalize
2026-10-07T00:11:10.4854673Z ok 16 - Rust arguments remain separate and long Windows paths normalize
2026-10-07T00:11:10.4855103Z   ---
2026-10-07T00:11:10.4855384Z   duration_ms: 0.182667
2026-10-07T00:11:10.4855689Z   type: 'test'
2026-10-07T00:11:10.4855971Z   ...
2026-10-07T00:11:10.4856448Z # Subtest: diagnostic file identities resolve symlinks and Windows path spelling
2026-10-07T00:11:10.4857232Z ok 17 - diagnostic file identities resolve symlinks and Windows path spelling
2026-10-07T00:11:10.4857681Z   ---
2026-10-07T00:11:10.4857959Z   duration_ms: 1.343347
2026-10-07T00:11:10.4858264Z   type: 'test'
2026-10-07T00:11:10.4858679Z   ...
2026-10-07T00:11:10.4859148Z # Subtest: task matcher accepts Nagi frontend and mapped backend positions only
2026-10-07T00:11:10.4859787Z ok 18 - task matcher accepts Nagi frontend and mapped backend positions only
2026-10-07T00:11:10.4860231Z   ---
2026-10-07T00:11:10.4860510Z   duration_ms: 0.706931
2026-10-07T00:11:10.4860931Z   type: 'test'
2026-10-07T00:11:10.4861212Z   ...
2026-10-07T00:11:10.4861699Z # Subtest: files and native paths are individual arguments with isolated check output
2026-10-07T00:11:10.4862373Z ok 19 - files and native paths are individual arguments with isolated check output
2026-10-07T00:11:10.4862831Z   ---
2026-10-07T00:11:10.4863112Z   duration_ms: 1.130855
2026-10-07T00:11:10.4863417Z   type: 'test'
2026-10-07T00:11:10.4863698Z   ...
2026-10-07T00:11:10.4864187Z # Subtest: configured compiler paths are workspace relative; PATH remains a fallback
2026-10-07T00:11:10.4864869Z ok 20 - configured compiler paths are workspace relative; PATH remains a fallback
2026-10-07T00:11:10.4865331Z   ---
2026-10-07T00:11:10.4865607Z   duration_ms: 2.45371
2026-10-07T00:11:10.4865910Z   type: 'test'
2026-10-07T00:11:10.4866189Z   ...
2026-10-07T00:11:10.4866625Z # Subtest: compiler execution does not interpret shell metacharacters
2026-10-07T00:11:10.4867378Z ok 21 - compiler execution does not interpret shell metacharacters
2026-10-07T00:11:10.4867756Z   ---
2026-10-07T00:11:10.4868037Z   duration_ms: 35.922916
2026-10-07T00:11:10.4868351Z   type: 'test'
2026-10-07T00:11:10.4868660Z   ...
2026-10-07T00:11:10.4878533Z # Subtest: real Nagi checker diagnoses a source error
2026-10-07T00:11:10.4879033Z ok 22 - real Nagi checker diagnoses a source error
2026-10-07T00:11:10.4879414Z   ---
2026-10-07T00:11:10.4879708Z   duration_ms: 4.288022
2026-10-07T00:11:10.4880023Z   type: 'test'
2026-10-07T00:11:10.4880311Z   ...
2026-10-07T00:11:10.4890618Z # Subtest: missing compiler is reported as an execution problem
2026-10-07T00:11:10.4891289Z ok 23 - missing compiler is reported as an execution problem
2026-10-07T00:11:10.4891707Z   ---
2026-10-07T00:11:10.4891996Z   duration_ms: 2.450055
2026-10-07T00:11:10.4892309Z   type: 'test'
2026-10-07T00:11:10.4892594Z   ...
2026-10-07T00:11:10.4932933Z # Subtest: timed out checker is reported as an execution problem
2026-10-07T00:11:10.4960781Z ok 24 - timed out checker is reported as an execution problem
2026-10-07T00:11:10.4987421Z   ---
2026-10-07T00:11:10.4999027Z   duration_ms: 257.826219
2026-10-07T00:11:10.4999529Z   type: 'test'
2026-10-07T00:11:10.4999823Z   ...
2026-10-07T00:11:10.5000449Z # Subtest: nearest manifest wins and project arguments delegate entry selection to nagic
2026-10-07T00:11:10.5001262Z ok 25 - nearest manifest wins and project arguments delegate entry selection to nagic
2026-10-07T00:11:10.5001832Z   ---
2026-10-07T00:11:10.5002125Z   duration_ms: 0.795546
2026-10-07T00:11:10.5002440Z   type: 'test'
2026-10-07T00:11:10.5002816Z   ...
2026-10-07T00:11:10.5003460Z # Subtest: real checker resolves a helper through its manifest entry rather than checking it alone
2026-10-07T00:11:10.5004345Z ok 26 - real checker resolves a helper through its manifest entry rather than checking it alone
2026-10-07T00:11:10.5004937Z   ---
2026-10-07T00:11:10.5005223Z   duration_ms: 4.556018
2026-10-07T00:11:10.5005625Z   type: 'test'
2026-10-07T00:11:10.5005910Z   ...
2026-10-07T00:11:10.5006480Z # Subtest: real symbol query navigates from a helper to its entry-defined function
2026-10-07T00:11:10.5007290Z ok 27 - real symbol query navigates from a helper to its entry-defined function
2026-10-07T00:11:10.5007872Z   ---
2026-10-07T00:11:10.5008184Z   duration_ms: 94.7125
2026-10-07T00:11:10.5008493Z   type: 'test'
2026-10-07T00:11:10.5008869Z   ...
2026-10-07T00:11:10.5009469Z # Subtest: enum completion includes own/imported type namespaces and never bare variants
2026-10-07T00:11:10.5010266Z ok 28 - enum completion includes own/imported type namespaces and never bare variants
2026-10-07T00:11:10.5010740Z   ---
2026-10-07T00:11:10.5011119Z   duration_ms: 4.215582
2026-10-07T00:11:10.5011708Z   type: 'test'
2026-10-07T00:11:10.5011992Z   ...
2026-10-07T00:11:10.5012531Z # Subtest: enum type positions offer enum types and exclude variant values
2026-10-07T00:11:10.5013235Z ok 29 - enum type positions offer enum types and exclude variant values
2026-10-07T00:11:10.5013667Z   ---
2026-10-07T00:11:10.5014137Z   duration_ms: 0.662414
2026-10-07T00:11:10.5014448Z   type: 'test'
2026-10-07T00:11:10.5014818Z   ...
2026-10-07T00:11:10.5015352Z # Subtest: unit/payload variant hover and payload signatures preserve alias-qualified spelling
2026-10-07T00:11:10.5016311Z ok 30 - unit/payload variant hover and payload signatures preserve alias-qualified spelling
2026-10-07T00:11:10.5016807Z   ---
2026-10-07T00:11:10.5017222Z   duration_ms: 1.242243
2026-10-07T00:11:10.5017528Z   type: 'test'
2026-10-07T00:11:10.5017906Z   ...
2026-10-07T00:11:10.5018440Z # Subtest: nested variant declaration references resolve hover and F12 without exporting names
2026-10-07T00:11:10.5019394Z ok 31 - nested variant declaration references resolve hover and F12 without exporting names
2026-10-07T00:11:10.5019890Z   ---
2026-10-07T00:11:10.5020253Z   duration_ms: 0.505536
2026-10-07T00:11:10.5020564Z   type: 'test'
2026-10-07T00:11:10.5020941Z   ...
2026-10-07T00:11:10.5021421Z # Subtest: lexical values that shadow enum/module roots suppress type namespaces
2026-10-07T00:11:10.5022196Z ok 32 - lexical values that shadow enum/module roots suppress type namespaces
2026-10-07T00:11:10.5022767Z   ---
2026-10-07T00:11:10.5023051Z   duration_ms: 1.144295
2026-10-07T00:11:10.5023356Z   type: 'test'
2026-10-07T00:11:10.5023638Z   ...
2026-10-07T00:11:10.5024222Z # Subtest: typed failure help exposes an error value without requiring builtin Error
2026-10-07T00:11:10.5024897Z ok 33 - typed failure help exposes an error value without requiring builtin Error
2026-10-07T00:11:10.5025356Z   ---
2026-10-07T00:11:10.5025635Z   duration_ms: 0.4482
2026-10-07T00:11:10.5025940Z   type: 'test'
2026-10-07T00:11:10.5026331Z   ...
2026-10-07T00:11:10.5026812Z # Subtest: Result patterns have completion hover and argument help only after case
2026-10-07T00:11:10.5027664Z ok 34 - Result patterns have completion hover and argument help only after case
2026-10-07T00:11:10.5028117Z   ---
2026-10-07T00:11:10.5028396Z   duration_ms: 0.852082
2026-10-07T00:11:10.5028706Z   type: 'test'
2026-10-07T00:11:10.5028987Z   ...
2026-10-07T00:11:10.5029489Z # Subtest: real nagi enum symbols preserve aliases, payload help and declaration targets
2026-10-07T00:11:10.5030186Z ok 35 - real nagi enum symbols preserve aliases, payload help and declaration targets
2026-10-07T00:11:10.5030655Z   ---
2026-10-07T00:11:10.5030938Z   duration_ms: 64.191369
2026-10-07T00:11:10.5031251Z   type: 'test'
2026-10-07T00:11:10.5031533Z   ...
2026-10-07T00:11:10.5032024Z # Subtest: real low enum symbols preserve aliases, payload help and declaration targets
2026-10-07T00:11:10.5032706Z ok 36 - real low enum symbols preserve aliases, payload help and declaration targets
2026-10-07T00:11:10.5033172Z   ---
2026-10-07T00:11:10.5033456Z   duration_ms: 59.616044
2026-10-07T00:11:10.5033767Z   type: 'test'
2026-10-07T00:11:10.5034049Z   ...
2026-10-07T00:11:10.5034555Z # Subtest: unsaved enum changes update payloads and F12 without writing source or building
2026-10-07T00:11:10.5035269Z ok 37 - unsaved enum changes update payloads and F12 without writing source or building
2026-10-07T00:11:10.5035748Z   ---
2026-10-07T00:11:10.5036029Z   duration_ms: 52.959666
2026-10-07T00:11:10.5036338Z   type: 'test'
2026-10-07T00:11:10.5036617Z   ...
2026-10-07T00:11:10.5037306Z # Subtest: hover preserves declared async/nullable types and class fields but skips locals, members and comments
2026-10-07T00:11:10.5038187Z ok 38 - hover preserves declared async/nullable types and class fields but skips locals, members and comments
2026-10-07T00:11:10.5038732Z   ---
2026-10-07T00:11:10.5039012Z   duration_ms: 1.400373
2026-10-07T00:11:10.5039320Z   type: 'test'
2026-10-07T00:11:10.5039717Z   ...
2026-10-07T00:11:10.5040280Z # Subtest: completion works on incomplete prefixes and inserts positional calls or named class fields
2026-10-07T00:11:10.5041080Z ok 39 - completion works on incomplete prefixes and inserts positional calls or named class fields
2026-10-07T00:11:10.5041597Z   ---
2026-10-07T00:11:10.5042006Z   duration_ms: 1.151906
2026-10-07T00:11:10.5042317Z   type: 'test'
2026-10-07T00:11:10.5042598Z   ...
2026-10-07T00:11:10.5043087Z # Subtest: type positions offer classes and type constructors rather than value calls
2026-10-07T00:11:10.5043796Z ok 40 - type positions offer classes and type constructors rather than value calls
2026-10-07T00:11:10.5044258Z   ---
2026-10-07T00:11:10.5044539Z   duration_ms: 1.621688
2026-10-07T00:11:10.5044845Z   type: 'test'
2026-10-07T00:11:10.5045126Z   ...
2026-10-07T00:11:10.5045639Z # Subtest: a class named Future completes as its declared type rather than a generic builtin
2026-10-07T00:11:10.5046357Z ok 41 - a class named Future completes as its declared type rather than a generic builtin
2026-10-07T00:11:10.5046838Z   ---
2026-10-07T00:11:10.5047201Z   duration_ms: 0.228807
2026-10-07T00:11:10.5047509Z   type: 'test'
2026-10-07T00:11:10.5047790Z   ...
2026-10-07T00:11:10.5048337Z # Subtest: signature argument tracking ignores nested calls, strings, arrays and generic arguments
2026-10-07T00:11:10.5049123Z ok 42 - signature argument tracking ignores nested calls, strings, arrays and generic arguments
2026-10-07T00:11:10.5049626Z   ---
2026-10-07T00:11:10.5049905Z   duration_ms: 0.707973
2026-10-07T00:11:10.5050211Z   type: 'test'
2026-10-07T00:11:10.5050493Z   ...
2026-10-07T00:11:10.5050998Z # Subtest: local hovers use the exact UTF-16 occurrence and file rather than a shared name
2026-10-07T00:11:10.5051695Z ok 43 - local hovers use the exact UTF-16 occurrence and file rather than a shared name
2026-10-07T00:11:10.5052161Z   ---
2026-10-07T00:11:10.5052440Z   duration_ms: 0.561781
2026-10-07T00:11:10.5052748Z   type: 'test'
2026-10-07T00:11:10.5053031Z   ...
2026-10-07T00:11:10.5053555Z # Subtest: member analysis masks just the edited member and preserves UTF-16 and CRLF positions
2026-10-07T00:11:10.5054295Z ok 44 - member analysis masks just the edited member and preserves UTF-16 and CRLF positions
2026-10-07T00:11:10.5054782Z   ---
2026-10-07T00:11:10.5055068Z   duration_ms: 0.107082
2026-10-07T00:11:10.5055375Z   type: 'test'
2026-10-07T00:11:10.5055656Z   ...
2026-10-07T00:11:10.5056214Z # Subtest: field candidates come from the receiver occurrence and never from saved or other-file types
2026-10-07T00:11:10.5057097Z ok 45 - field candidates come from the receiver occurrence and never from saved or other-file types
2026-10-07T00:11:10.5057613Z   ---
2026-10-07T00:11:10.5057892Z   duration_ms: 0.353276
2026-10-07T00:11:10.5058199Z   type: 'test'
2026-10-07T00:11:10.5058480Z   ...
2026-10-07T00:11:10.5058983Z # Subtest: a trailing member binds inside try/await unless the receiver is parenthesized
2026-10-07T00:11:10.5059682Z ok 46 - a trailing member binds inside try/await unless the receiver is parenthesized
2026-10-07T00:11:10.5060156Z   ---
2026-10-07T00:11:10.5060437Z   duration_ms: 0.279264
2026-10-07T00:11:10.5060743Z   type: 'test'
2026-10-07T00:11:10.5061027Z   ...
2026-10-07T00:11:10.5061545Z # Subtest: builtin completion catalog matches compiler arities and required type arguments
2026-10-07T00:11:10.5062266Z ok 47 - builtin completion catalog matches compiler arities and required type arguments
2026-10-07T00:11:10.5062746Z   ---
2026-10-07T00:11:10.5063024Z   duration_ms: 1.697774
2026-10-07T00:11:10.5063331Z   type: 'test'
2026-10-07T00:11:10.5063613Z   ...
2026-10-07T00:11:10.5064096Z # Subtest: builtin help preserves conversion, SQLite, async and callback contracts
2026-10-07T00:11:10.5064760Z ok 48 - builtin help preserves conversion, SQLite, async and callback contracts
2026-10-07T00:11:10.5065213Z   ---
2026-10-07T00:11:10.5065496Z   duration_ms: 0.254016
2026-10-07T00:11:10.5065802Z   type: 'test'
2026-10-07T00:11:10.5066083Z   ...
2026-10-07T00:11:10.5066714Z # Subtest: function and nullable types complete inside all supported generic builtin contexts
2026-10-07T00:11:10.5067541Z ok 49 - function and nullable types complete inside all supported generic builtin contexts
2026-10-07T00:11:10.5068031Z   ---
2026-10-07T00:11:10.5068310Z   duration_ms: 0.283309
2026-10-07T00:11:10.5068705Z   type: 'test'
2026-10-07T00:11:10.5068988Z   ...
2026-10-07T00:11:10.5069463Z # Subtest: completion preserves existing generic arguments and call parentheses
2026-10-07T00:11:10.5070113Z ok 50 - completion preserves existing generic arguments and call parentheses
2026-10-07T00:11:10.5070562Z   ---
2026-10-07T00:11:10.5070840Z   duration_ms: 0.193964
2026-10-07T00:11:10.5071146Z   type: 'test'
2026-10-07T00:11:10.5071429Z   ...
2026-10-07T00:11:10.5071914Z # Subtest: unindented Low fn, record and enum bodies keep their closing braces visible
2026-10-07T00:11:10.5072589Z ok 51 - unindented Low fn, record and enum bodies keep their closing braces visible
2026-10-07T00:11:10.5073051Z   ---
2026-10-07T00:11:10.5073331Z   duration_ms: 1.194942
2026-10-07T00:11:10.5073639Z   type: 'test'
2026-10-07T00:11:10.5073921Z   ...
2026-10-07T00:11:10.5074388Z # Subtest: nested match, case, scope and branch bodies fold at each opening line
2026-10-07T00:11:10.5075074Z ok 52 - nested match, case, scope and branch bodies fold at each opening line
2026-10-07T00:11:10.5075516Z   ---
2026-10-07T00:11:10.5075797Z   duration_ms: 0.226463
2026-10-07T00:11:10.5076102Z   type: 'test'
2026-10-07T00:11:10.5076384Z   ...
2026-10-07T00:11:10.5076842Z # Subtest: multiline fn and async fn draft headers join their body in one fold
2026-10-07T00:11:10.5077582Z ok 53 - multiline fn and async fn draft headers join their body in one fold
2026-10-07T00:11:10.5078021Z   ---
2026-10-07T00:11:10.5078299Z   duration_ms: 0.166823
2026-10-07T00:11:10.5078604Z   type: 'test'
2026-10-07T00:11:10.5078887Z   ...
2026-10-07T00:11:10.5079289Z # Subtest: strings and comments do not create or close folds
2026-10-07T00:11:10.5079808Z ok 54 - strings and comments do not create or close folds
2026-10-07T00:11:10.5080194Z   ---
2026-10-07T00:11:10.5080473Z   duration_ms: 0.097398
2026-10-07T00:11:10.5080777Z   type: 'test'
2026-10-07T00:11:10.5081060Z   ...
2026-10-07T00:11:10.5081513Z # Subtest: crossed, stray and unclosed delimiters cannot invent brace folds
2026-10-07T00:11:10.5082125Z ok 55 - crossed, stray and unclosed delimiters cannot invent brace folds
2026-10-07T00:11:10.5082555Z   ---
2026-10-07T00:11:10.5082834Z   duration_ms: 0.139872
2026-10-07T00:11:10.5083141Z   type: 'test'
2026-10-07T00:11:10.5083421Z   ...
2026-10-07T00:11:10.5083897Z # Subtest: matched call and list continuations guard bodies without separate folds
2026-10-07T00:11:10.5084552Z ok 56 - matched call and list continuations guard bodies without separate folds
2026-10-07T00:11:10.5085000Z   ---
2026-10-07T00:11:10.5085282Z   duration_ms: 0.074252
2026-10-07T00:11:10.5085588Z   type: 'test'
2026-10-07T00:11:10.5085870Z   ...
2026-10-07T00:11:10.5086391Z # Subtest: completed declarations and unrelated lines do not donate a header to another body
2026-10-07T00:11:10.5087210Z ok 57 - completed declarations and unrelated lines do not donate a header to another body
2026-10-07T00:11:10.5087701Z   ---
2026-10-07T00:11:10.5087980Z   duration_ms: 0.684227
2026-10-07T00:11:10.5088290Z   type: 'test'
2026-10-07T00:11:10.5088571Z   ...
2026-10-07T00:11:10.5089051Z # Subtest: single-line and empty bodies are omitted and each start line has one fold
2026-10-07T00:11:10.5089720Z ok 58 - single-line and empty bodies are omitted and each start line has one fold
2026-10-07T00:11:10.5090174Z   ---
2026-10-07T00:11:10.5090475Z   duration_ms: 0.09906
2026-10-07T00:11:10.5090781Z   type: 'test'
2026-10-07T00:11:10.5091061Z   ...
2026-10-07T00:11:10.5091603Z # Subtest: inline closing braces fold the final statement while delimiter-only closers stay visible
2026-10-07T00:11:10.5092375Z ok 59 - inline closing braces fold the final statement while delimiter-only closers stay visible
2026-10-07T00:11:10.5092981Z   ---
2026-10-07T00:11:10.5093261Z   duration_ms: 0.181806
2026-10-07T00:11:10.5093569Z   type: 'test'
2026-10-07T00:11:10.5093848Z   ...
2026-10-07T00:11:10.5094299Z # Subtest: High Function snippet defaults compile in their declared context
2026-10-07T00:11:10.5094996Z ok 60 - High Function snippet defaults compile in their declared context
2026-10-07T00:11:10.5095430Z   ---
2026-10-07T00:11:10.5095711Z   duration_ms: 4.690612
2026-10-07T00:11:10.5096016Z   type: 'test'
2026-10-07T00:11:10.5096295Z   ...
2026-10-07T00:11:10.5096729Z # Subtest: High Class snippet defaults compile in their declared context
2026-10-07T00:11:10.5097398Z ok 61 - High Class snippet defaults compile in their declared context
2026-10-07T00:11:10.5097820Z   ---
2026-10-07T00:11:10.5098099Z   duration_ms: 2.96102
2026-10-07T00:11:10.5098403Z   type: 'test'
2026-10-07T00:11:10.5098683Z   ...
2026-10-07T00:11:10.5099115Z # Subtest: High Enum snippet defaults compile in their declared context
2026-10-07T00:11:10.5099701Z ok 62 - High Enum snippet defaults compile in their declared context
2026-10-07T00:11:10.5100116Z   ---
2026-10-07T00:11:10.5100394Z   duration_ms: 3.197749
2026-10-07T00:11:10.5100698Z   type: 'test'
2026-10-07T00:11:10.5100980Z   ...
2026-10-07T00:11:10.5101415Z # Subtest: High Main snippet defaults compile in their declared context
2026-10-07T00:11:10.5101993Z ok 63 - High Main snippet defaults compile in their declared context
2026-10-07T00:11:10.5102408Z   ---
2026-10-07T00:11:10.5102685Z   duration_ms: 2.325095
2026-10-07T00:11:10.5102990Z   type: 'test'
2026-10-07T00:11:10.5103273Z   ...
2026-10-07T00:11:10.5103727Z # Subtest: High Async main snippet defaults compile in their declared context
2026-10-07T00:11:10.5104344Z ok 64 - High Async main snippet defaults compile in their declared context
2026-10-07T00:11:10.5104777Z   ---
2026-10-07T00:11:10.5105056Z   duration_ms: 3.129665
2026-10-07T00:11:10.5105365Z   type: 'test'
2026-10-07T00:11:10.5105645Z   ...
2026-10-07T00:11:10.5106108Z # Subtest: High HTTP server snippet defaults compile in their declared context
2026-10-07T00:11:10.5106733Z ok 65 - High HTTP server snippet defaults compile in their declared context
2026-10-07T00:11:10.5107305Z   ---
2026-10-07T00:11:10.5107585Z   duration_ms: 80.816441
2026-10-07T00:11:10.5107896Z   type: 'test'
2026-10-07T00:11:10.5108180Z   ...
2026-10-07T00:11:10.5108639Z # Subtest: High GET handler snippet defaults compile in their declared context
2026-10-07T00:11:10.5109267Z ok 66 - High GET handler snippet defaults compile in their declared context
2026-10-07T00:11:10.5109702Z   ---
2026-10-07T00:11:10.5109981Z   duration_ms: 7.153431
2026-10-07T00:11:10.5110286Z   type: 'test'
2026-10-07T00:11:10.5110566Z   ...
2026-10-07T00:11:10.5111035Z # Subtest: High POST handler snippet defaults compile in their declared context
2026-10-07T00:11:10.5111671Z ok 67 - High POST handler snippet defaults compile in their declared context
2026-10-07T00:11:10.5112111Z   ---
2026-10-07T00:11:10.5112392Z   duration_ms: 7.07735
2026-10-07T00:11:10.5112696Z   type: 'test'
2026-10-07T00:11:10.5112979Z   ...
2026-10-07T00:11:10.5113410Z # Subtest: High Loop snippet defaults compile in their declared context
2026-10-07T00:11:10.5113992Z ok 68 - High Loop snippet defaults compile in their declared context
2026-10-07T00:11:10.5114408Z   ---
2026-10-07T00:11:10.5114690Z   duration_ms: 3.861245
2026-10-07T00:11:10.5114998Z   type: 'test'
2026-10-07T00:11:10.5115278Z   ...
2026-10-07T00:11:10.5115753Z # Subtest: High Borrowed array snippet defaults compile in their declared context
2026-10-07T00:11:10.5116402Z ok 69 - High Borrowed array snippet defaults compile in their declared context
2026-10-07T00:11:10.5116848Z   ---
2026-10-07T00:11:10.5117215Z   duration_ms: 3.948677
2026-10-07T00:11:10.5117518Z   type: 'test'
2026-10-07T00:11:10.5117800Z   ...
2026-10-07T00:11:10.5118262Z # Subtest: High Result match snippet defaults compile in their declared context
2026-10-07T00:11:10.5118906Z ok 70 - High Result match snippet defaults compile in their declared context
2026-10-07T00:11:10.5119464Z   ---
2026-10-07T00:11:10.5119742Z   duration_ms: 3.386154
2026-10-07T00:11:10.5120052Z   type: 'test'
2026-10-07T00:11:10.5120336Z   ...
2026-10-07T00:11:10.5120808Z # Subtest: High Nullable match snippet defaults compile in their declared context
2026-10-07T00:11:10.5121542Z ok 71 - High Nullable match snippet defaults compile in their declared context
2026-10-07T00:11:10.5121991Z   ---
2026-10-07T00:11:10.5122270Z   duration_ms: 3.370887
2026-10-07T00:11:10.5122573Z   type: 'test'
2026-10-07T00:11:10.5122858Z   ...
2026-10-07T00:11:10.5123353Z # Subtest: real High quoted imports complete class enum and function names without calls
2026-10-07T00:11:10.5124048Z ok 72 - real High quoted imports complete class enum and function names without calls
2026-10-07T00:11:10.5124514Z   ---
2026-10-07T00:11:10.5124793Z   duration_ms: 92.40115
2026-10-07T00:11:10.5125100Z   type: 'test'
2026-10-07T00:11:10.5125381Z   ...
2026-10-07T00:11:10.5125985Z # Subtest: real High quoted imports complete class enum and function names without calls through a directory alias
2026-10-07T00:11:10.5126860Z ok 73 - real High quoted imports complete class enum and function names without calls through a directory alias
2026-10-07T00:11:10.5127494Z   ---
2026-10-07T00:11:10.5127782Z   duration_ms: 90.986307
2026-10-07T00:11:10.5128094Z   type: 'test'
2026-10-07T00:11:10.5128376Z   ...
2026-10-07T00:11:10.5128870Z # Subtest: real Low quoted imports complete class enum and function names without calls
2026-10-07T00:11:10.5129564Z ok 74 - real Low quoted imports complete class enum and function names without calls
2026-10-07T00:11:10.5130029Z   ---
2026-10-07T00:11:10.5130327Z   duration_ms: 86.911984
2026-10-07T00:11:10.5130636Z   type: 'test'
2026-10-07T00:11:10.5130917Z   ...
2026-10-07T00:11:10.5753782Z # Subtest: real Low quoted imports complete class enum and function names without calls through a directory alias
2026-10-07T00:11:10.5756741Z ok 75 - real Low quoted imports complete class enum and function names without calls through a directory alias
2026-10-07T00:11:10.5757487Z   ---
2026-10-07T00:11:10.5757788Z   duration_ms: 89.99703
2026-10-07T00:11:10.5758121Z   type: 'test'
2026-10-07T00:11:10.5758410Z   ...
2026-10-07T00:11:10.5758998Z # Subtest: canonical source aliases share one identity per request and refresh after a symlink changes
2026-10-07T00:11:10.5759820Z ok 76 - canonical source aliases share one identity per request and refresh after a symlink changes
2026-10-07T00:11:10.5760335Z   ---
2026-10-07T00:11:10.5760621Z   duration_ms: 3.472675
2026-10-07T00:11:10.5760933Z   type: 'test'
2026-10-07T00:11:10.5761217Z   ...
2026-10-07T00:11:10.5763539Z # Subtest: standard source identities remain logical IDs without filesystem lookups
2026-10-07T00:11:10.5765072Z ok 77 - standard source identities remain logical IDs without filesystem lookups
2026-10-07T00:11:10.5765425Z   ---
2026-10-07T00:11:10.5769989Z   duration_ms: 1.062631
2026-10-07T00:11:10.5770367Z   type: 'test'
2026-10-07T00:11:10.5770678Z   ...
2026-10-07T00:11:10.5863513Z # Subtest: High block headers indent one level, including main, async, match and case
2026-10-07T00:11:10.5864269Z ok 78 - High block headers indent one level, including main, async, match and case
2026-10-07T00:11:10.5864750Z   ---
2026-10-07T00:11:10.5865074Z   duration_ms: 1.854351
2026-10-07T00:11:10.5865396Z   type: 'test'
2026-10-07T00:11:10.5865685Z   ...
2026-10-07T00:11:10.5866181Z # Subtest: else uses the matching if indentation after nested bodies and comments
2026-10-07T00:11:10.5866837Z ok 79 - else uses the matching if indentation after nested bodies and comments
2026-10-07T00:11:10.5867391Z   ---
2026-10-07T00:11:10.5867701Z   duration_ms: 0.291391
2026-10-07T00:11:10.5868259Z   type: 'test'
2026-10-07T00:11:10.5868540Z   ...
2026-10-07T00:11:10.5868972Z # Subtest: first and following cases align under their nearest match
2026-10-07T00:11:10.5869541Z ok 80 - first and following cases align under their nearest match
2026-10-07T00:11:10.5870213Z   ---
2026-10-07T00:11:10.5870496Z   duration_ms: 0.861306
2026-10-07T00:11:10.5870804Z   type: 'test'
2026-10-07T00:11:10.5871089Z   ...
2026-10-07T00:11:10.5871582Z # Subtest: immediate Enter after else/case aligns the branch and its new body together
2026-10-07T00:11:10.5872413Z ok 81 - immediate Enter after else/case aligns the branch and its new body together
2026-10-07T00:11:10.5872878Z   ---
2026-10-07T00:11:10.5873159Z   duration_ms: 0.155556
2026-10-07T00:11:10.5873466Z   type: 'test'
2026-10-07T00:11:10.5873748Z   ...
2026-10-07T00:11:10.5874214Z # Subtest: explicitly dedented outer branches keep their matching outer block
2026-10-07T00:11:10.5874847Z ok 82 - explicitly dedented outer branches keep their matching outer block
2026-10-07T00:11:10.5887759Z   ---
2026-10-07T00:11:10.5893997Z   duration_ms: 0.228056
2026-10-07T00:11:10.5894330Z   type: 'test'
2026-10-07T00:11:10.5894617Z   ...
2026-10-07T00:11:10.5895144Z # Subtest: multiline case headers move together when colon is typed or Enter cancels it
2026-10-07T00:11:10.5895855Z ok 83 - multiline case headers move together when colon is typed or Enter cancels it
2026-10-07T00:11:10.5896326Z   ---
2026-10-07T00:11:10.5896609Z   duration_ms: 0.139722
2026-10-07T00:11:10.5896920Z   type: 'test'
2026-10-07T00:11:10.5897412Z   ...
2026-10-07T00:11:10.5897913Z # Subtest: multiline calls, lists and nested delimiters indent and align closing lines
2026-10-07T00:11:10.5898597Z ok 84 - multiline calls, lists and nested delimiters indent and align closing lines
2026-10-07T00:11:10.5899061Z   ---
2026-10-07T00:11:10.5899343Z   duration_ms: 0.12566
2026-10-07T00:11:10.5899653Z   type: 'test'
2026-10-07T00:11:10.5899934Z   ...
2026-10-07T00:11:10.5900393Z # Subtest: strings, escapes and comments never create fake blocks or brackets
2026-10-07T00:11:10.5901017Z ok 85 - strings, escapes and comments never create fake blocks or brackets
2026-10-07T00:11:10.5901453Z   ---
2026-10-07T00:11:10.5901737Z   duration_ms: 0.168265
2026-10-07T00:11:10.5902047Z   type: 'test'
2026-10-07T00:11:10.5902329Z   ...
2026-10-07T00:11:10.5902813Z # Subtest: an unfinished string on an earlier line does not disable later indentation
2026-10-07T00:11:10.5903484Z ok 86 - an unfinished string on an earlier line does not disable later indentation
2026-10-07T00:11:10.5903938Z   ---
2026-10-07T00:11:10.5904221Z   duration_ms: 0.333586
2026-10-07T00:11:10.5904532Z   type: 'test'
2026-10-07T00:11:10.5904817Z   ...
2026-10-07T00:11:10.5905275Z # Subtest: indentation respects two spaces, tabs, CRLF and Low brace blocks
2026-10-07T00:11:10.5905891Z ok 87 - indentation respects two spaces, tabs, CRLF and Low brace blocks
2026-10-07T00:11:10.5906325Z   ---
2026-10-07T00:11:10.5906605Z   duration_ms: 0.360676
2026-10-07T00:11:10.5906912Z   type: 'test'
2026-10-07T00:11:10.5907330Z   ...
2026-10-07T00:11:10.5907827Z # Subtest: Low native indentation rules ignore braces in comments and escaped strings
2026-10-07T00:11:10.5908506Z ok 88 - Low native indentation rules ignore braces in comments and escaped strings
2026-10-07T00:11:10.5908970Z   ---
2026-10-07T00:11:10.5909249Z   duration_ms: 0.408269
2026-10-07T00:11:10.5909560Z   type: 'test'
2026-10-07T00:11:10.5909841Z   ...
2026-10-07T00:11:11.0100331Z # Subtest: real checker completes arguments, inferred locals, chains, calls, index receivers and match payloads
2026-10-07T00:11:11.0102278Z ok 89 - real checker completes arguments, inferred locals, chains, calls, index receivers and match payloads
2026-10-07T00:11:11.0102914Z   ---
2026-10-07T00:11:11.0117468Z   duration_ms: 699.416495
2026-10-07T00:11:11.0117711Z   type: 'test'
2026-10-07T00:11:11.0117891Z   ...
2026-10-07T00:11:11.6931775Z # Subtest: real checker suppresses fields for unknown, moved, out-of-scope and wrapped values
2026-10-07T00:11:11.6932476Z ok 90 - real checker suppresses fields for unknown, moved, out-of-scope and wrapped values
2026-10-07T00:11:11.6932871Z   ---
2026-10-07T00:11:11.6933061Z   duration_ms: 683.945948
2026-10-07T00:11:11.6933276Z   type: 'test'
2026-10-07T00:11:11.6933688Z   ...
2026-10-07T00:11:11.8015053Z # Subtest: real unsaved High/Low imports supply local hovers and fields with UTF-16 positions
2026-10-07T00:11:11.8016582Z ok 91 - real unsaved High/Low imports supply local hovers and fields with UTF-16 positions
2026-10-07T00:11:11.8017124Z   ---
2026-10-07T00:11:11.8017561Z   duration_ms: 108.411751
2026-10-07T00:11:11.8017808Z   type: 'test'
2026-10-07T00:11:11.8017997Z   ...
2026-10-07T00:11:12.0511504Z # Subtest: real Low completion isolates same-line scopes, restores outer loop variables and handles CRLF
2026-10-07T00:11:12.0512391Z ok 92 - real Low completion isolates same-line scopes, restores outer loop variables and handles CRLF
2026-10-07T00:11:12.0512890Z   ---
2026-10-07T00:11:12.0513193Z   duration_ms: 250.891564
2026-10-07T00:11:12.0513476Z   type: 'test'
2026-10-07T00:11:12.0513646Z   ...
2026-10-07T00:11:12.0585743Z # Subtest: checked local values replace same-name class and builtin call insertions
2026-10-07T00:11:12.0586505Z ok 93 - checked local values replace same-name class and builtin call insertions
2026-10-07T00:11:12.0586859Z   ---
2026-10-07T00:11:12.0587155Z   duration_ms: 2.681225
2026-10-07T00:11:12.0587355Z   type: 'test'
2026-10-07T00:11:12.0587527Z   ...
2026-10-07T00:11:12.0587938Z # Subtest: lexical references without local types never insert an unrelated global call
2026-10-07T00:11:12.0588535Z ok 94 - lexical references without local types never insert an unrelated global call
2026-10-07T00:11:12.0588901Z   ---
2026-10-07T00:11:12.0589077Z   duration_ms: 0.488231
2026-10-07T00:11:12.0589273Z   type: 'test'
2026-10-07T00:11:12.0589443Z   ...
2026-10-07T00:11:12.0589856Z # Subtest: partial and saved occurrences keep global names without guessing local scopes
2026-10-07T00:11:12.0590458Z ok 95 - partial and saved occurrences keep global names without guessing local scopes
2026-10-07T00:11:12.0590819Z   ---
2026-10-07T00:11:12.0590987Z   duration_ms: 1.380092
2026-10-07T00:11:12.0591180Z   type: 'test'
2026-10-07T00:11:12.0591354Z   ...
2026-10-07T00:11:12.0591748Z # Subtest: a resolved global constructor remains available outside the shadowing function
2026-10-07T00:11:12.0592346Z ok 96 - a resolved global constructor remains available outside the shadowing function
2026-10-07T00:11:12.0592711Z   ---
2026-10-07T00:11:12.0592883Z   duration_ms: 0.491535
2026-10-07T00:11:12.0593076Z   type: 'test'
2026-10-07T00:11:12.0593244Z   ...
2026-10-07T00:11:12.0593649Z # Subtest: binding hints distinguish declaration tokens, masked text, and real value binders
2026-10-07T00:11:12.0594267Z ok 97 - binding hints distinguish declaration tokens, masked text, and real value binders
2026-10-07T00:11:12.0594641Z   ---
2026-10-07T00:11:12.0594806Z   duration_ms: 0.734904
2026-10-07T00:11:12.0594997Z   type: 'test'
2026-10-07T00:11:12.0595191Z   ...
2026-10-07T00:11:12.0595652Z # Subtest: real High local and parameter completions stay bare while types and constructors remain usable
2026-10-07T00:11:12.0596363Z ok 98 - real High local and parameter completions stay bare while types and constructors remain usable
2026-10-07T00:11:12.0596777Z   ---
2026-10-07T00:11:12.0597041Z   duration_ms: 202.422597
2026-10-07T00:11:12.0597244Z   type: 'test'
2026-10-07T00:11:12.0597411Z   ...
2026-10-07T00:11:12.0597862Z # Subtest: real Low local and parameter completions stay bare while types and constructors remain usable
2026-10-07T00:11:12.0598558Z ok 99 - real Low local and parameter completions stay bare while types and constructors remain usable
2026-10-07T00:11:12.0598964Z   ---
2026-10-07T00:11:12.0599133Z   duration_ms: 151.86258
2026-10-07T00:11:12.0599333Z   type: 'test'
2026-10-07T00:11:12.0599500Z   ...
2026-10-07T00:11:12.0599841Z # Subtest: Low Main snippet defaults compile in their declared context
2026-10-07T00:11:12.0600305Z ok 100 - Low Main snippet defaults compile in their declared context
2026-10-07T00:11:12.0600609Z   ---
2026-10-07T00:11:12.0600773Z   duration_ms: 5.243851
2026-10-07T00:11:12.0600965Z   type: 'test'
2026-10-07T00:11:12.0601435Z   ...
2026-10-07T00:11:12.0601776Z # Subtest: Low File import snippet defaults compile in their declared context
2026-10-07T00:11:12.0602287Z ok 101 - Low File import snippet defaults compile in their declared context
2026-10-07T00:11:12.0602613Z   ---
2026-10-07T00:11:12.0602778Z   duration_ms: 3.404051
2026-10-07T00:11:12.0603097Z   type: 'test'
2026-10-07T00:11:12.0603266Z   ...
2026-10-07T00:11:12.0603606Z # Subtest: Low From import snippet defaults compile in their declared context
2026-10-07T00:11:12.0604114Z ok 102 - Low From import snippet defaults compile in their declared context
2026-10-07T00:11:12.0604438Z   ---
2026-10-07T00:11:12.0604604Z   duration_ms: 4.075479
2026-10-07T00:11:12.0604798Z   type: 'test'
2026-10-07T00:11:12.0604966Z   ...
2026-10-07T00:11:12.0605325Z # Subtest: Low Standard import snippet defaults compile in their declared context
2026-10-07T00:11:12.0605871Z ok 103 - Low Standard import snippet defaults compile in their declared context
2026-10-07T00:11:12.0606215Z   ---
2026-10-07T00:11:12.0606381Z   duration_ms: 50.045843
2026-10-07T00:11:12.0606578Z   type: 'test'
2026-10-07T00:11:12.0606747Z   ...
2026-10-07T00:11:12.0607214Z # Subtest: Low Function snippet defaults compile in their declared context
2026-10-07T00:11:12.0607696Z ok 104 - Low Function snippet defaults compile in their declared context
2026-10-07T00:11:12.0608008Z   ---
2026-10-07T00:11:12.0608178Z   duration_ms: 2.924724
2026-10-07T00:11:12.0608372Z   type: 'test'
2026-10-07T00:11:12.0608540Z   ...
2026-10-07T00:11:12.0608867Z # Subtest: Low Record snippet defaults compile in their declared context
2026-10-07T00:11:12.0609342Z ok 105 - Low Record snippet defaults compile in their declared context
2026-10-07T00:11:12.0609655Z   ---
2026-10-07T00:11:12.0609825Z   duration_ms: 2.880978
2026-10-07T00:11:12.0610026Z   type: 'test'
2026-10-07T00:11:12.0610195Z   ...
2026-10-07T00:11:12.0610501Z # Subtest: Low Enum snippet defaults compile in their declared context
2026-10-07T00:11:12.0610961Z ok 106 - Low Enum snippet defaults compile in their declared context
2026-10-07T00:11:12.0611265Z   ---
2026-10-07T00:11:12.0611431Z   duration_ms: 2.61906
2026-10-07T00:11:12.0611621Z   type: 'test'
2026-10-07T00:11:12.0611788Z   ...
2026-10-07T00:11:12.0612107Z # Subtest: Low Replace snippet defaults compile in their declared context
2026-10-07T00:11:12.0612596Z ok 107 - Low Replace snippet defaults compile in their declared context
2026-10-07T00:11:12.0612911Z   ---
2026-10-07T00:11:12.0613078Z   duration_ms: 3.064466
2026-10-07T00:11:12.0613271Z   type: 'test'
2026-10-07T00:11:12.0613437Z   ...
2026-10-07T00:11:12.0613780Z # Subtest: Low Result match snippet defaults compile in their declared context
2026-10-07T00:11:12.0614291Z ok 108 - Low Result match snippet defaults compile in their declared context
2026-10-07T00:11:12.0614616Z   ---
2026-10-07T00:11:12.0614782Z   duration_ms: 3.125959
2026-10-07T00:11:12.0614973Z   type: 'test'
2026-10-07T00:11:12.0615138Z   ...
2026-10-07T00:11:12.0615488Z # Subtest: Low Nullable match snippet defaults compile in their declared context
2026-10-07T00:11:12.0616014Z ok 109 - Low Nullable match snippet defaults compile in their declared context
2026-10-07T00:11:12.0616332Z   ---
2026-10-07T00:11:12.0616493Z   duration_ms: 2.979808
2026-10-07T00:11:12.0616679Z   type: 'test'
2026-10-07T00:11:12.0616840Z   ...
2026-10-07T00:11:12.0617437Z # Subtest: module member completion exposes functions/classes and type positions insert only classes
2026-10-07T00:11:12.0618122Z ok 110 - module member completion exposes functions/classes and type positions insert only classes
2026-10-07T00:11:12.0618515Z   ---
2026-10-07T00:11:12.0618679Z   duration_ms: 3.623644
2026-10-07T00:11:12.0618870Z   type: 'test'
2026-10-07T00:11:12.0619035Z   ...
2026-10-07T00:11:12.0619393Z # Subtest: qualified and renamed declarations retain structured hover/signature help
2026-10-07T00:11:12.0619935Z ok 111 - qualified and renamed declarations retain structured hover/signature help
2026-10-07T00:11:12.0620276Z   ---
2026-10-07T00:11:12.0620614Z   duration_ms: 4.477959
2026-10-07T00:11:12.0620804Z   type: 'test'
2026-10-07T00:11:12.0620967Z   ...
2026-10-07T00:11:12.0621363Z # Subtest: lexical alias shadowing switches completion to fields and prevents module help
2026-10-07T00:11:12.0622057Z ok 112 - lexical alias shadowing switches completion to fields and prevents module help
2026-10-07T00:11:12.0622426Z   ---
2026-10-07T00:11:12.0622593Z   duration_ms: 3.193732
2026-10-07T00:11:12.0622782Z   type: 'test'
2026-10-07T00:11:12.0622950Z   ...
2026-10-07T00:11:12.0623244Z # Subtest: spaced field chains do not borrow a module namespace
2026-10-07T00:11:12.0623654Z ok 113 - spaced field chains do not borrow a module namespace
2026-10-07T00:11:12.0623934Z   ---
2026-10-07T00:11:12.0624103Z   duration_ms: 0.374688
2026-10-07T00:11:12.0624305Z   type: 'test'
2026-10-07T00:11:12.0624474Z   ...
2026-10-07T00:11:12.0624819Z # Subtest: imported class and module binding tokens keep their resolved hover
2026-10-07T00:11:12.0625330Z ok 114 - imported class and module binding tokens keep their resolved hover
2026-10-07T00:11:12.0625654Z   ---
2026-10-07T00:11:12.0625819Z   duration_ms: 0.523374
2026-10-07T00:11:12.0626010Z   type: 'test'
2026-10-07T00:11:12.0626177Z   ...
2026-10-07T00:11:12.0631523Z # Subtest: quoted from imports insert names only and preserve aliases and comma-separated lists
2026-10-07T00:11:12.0637894Z ok 115 - quoted from imports insert names only and preserve aliases and comma-separated lists
2026-10-07T00:11:12.0638307Z   ---
2026-10-07T00:11:12.0638483Z   duration_ms: 0.958833
2026-10-07T00:11:12.0638680Z   type: 'test'
2026-10-07T00:11:12.0638851Z   ...
2026-10-07T00:11:12.0639272Z # Subtest: unresolved and changed fallback import targets never offer expression completions
2026-10-07T00:11:12.0639903Z ok 116 - unresolved and changed fallback import targets never offer expression completions
2026-10-07T00:11:12.0640284Z   ---
2026-10-07T00:11:12.0640453Z   duration_ms: 0.289889
2026-10-07T00:11:12.0640647Z   type: 'test'
2026-10-07T00:11:12.0640823Z   ...
2026-10-07T00:11:12.0641257Z # Subtest: Low quoted imports after a same-line declaration or semicolon retain name-only insertion
2026-10-07T00:11:12.0642036Z ok 117 - Low quoted imports after a same-line declaration or semicolon retain name-only insertion
2026-10-07T00:11:12.0642471Z   ---
2026-10-07T00:11:12.0642647Z   duration_ms: 0.265222
2026-10-07T00:11:12.0642839Z   type: 'test'
2026-10-07T00:11:12.0643041Z   ...
2026-10-07T00:11:12.0643451Z # Subtest: real compiler navigation uses edited source and target positions across imports
2026-10-07T00:11:12.0644093Z ok 118 - real compiler navigation uses edited source and target positions across imports
2026-10-07T00:11:12.0644496Z   ---
2026-10-07T00:11:12.0644669Z   duration_ms: 97.147826
2026-10-07T00:11:12.0644900Z   type: 'test'
2026-10-07T00:11:12.0645075Z   ...
2026-10-07T00:11:12.0645534Z # Subtest: real Low navigation keeps reassignments at their original binding and restores loop shadowing
2026-10-07T00:11:12.0646271Z ok 119 - real Low navigation keeps reassignments at their original binding and restores loop shadowing
2026-10-07T00:11:12.0646712Z   ---
2026-10-07T00:11:12.0646887Z   duration_ms: 90.924517
2026-10-07T00:11:12.0647343Z   type: 'test'
2026-10-07T00:11:12.0647517Z   ...
2026-10-07T00:11:12.0647924Z # Subtest: unsaved canonical import diagnostics use the open alias and UTF-16 source range
2026-10-07T00:11:12.0648569Z ok 120 - unsaved canonical import diagnostics use the open alias and UTF-16 source range
2026-10-07T00:11:12.0648972Z   ---
2026-10-07T00:11:12.0649145Z   duration_ms: 7.108178
2026-10-07T00:11:12.0649372Z   type: 'test'
2026-10-07T00:11:12.0649547Z   ...
2026-10-07T00:11:12.0649946Z # Subtest: closing a checked import overlay refreshes its owners and keeps unrelated errors
2026-10-07T00:11:12.0650589Z ok 121 - closing a checked import overlay refreshes its owners and keeps unrelated errors
2026-10-07T00:11:12.0650990Z   ---
2026-10-07T00:11:12.0651161Z   duration_ms: 3.353585
2026-10-07T00:11:12.0651556Z   type: 'test'
2026-10-07T00:11:12.0651729Z   ...
2026-10-07T00:11:12.0652062Z # Subtest: closing an in-flight import overlay rejects its stale result
2026-10-07T00:11:12.0652572Z ok 122 - closing an in-flight import overlay rejects its stale result
2026-10-07T00:11:12.0652911Z   ---
2026-10-07T00:11:12.0653177Z   duration_ms: 1.477029
2026-10-07T00:11:12.0653406Z   type: 'test'
2026-10-07T00:11:12.0653580Z   ...
2026-10-07T00:11:12.0653955Z # Subtest: lower build and run tasks use the registered source diagnostic matcher
2026-10-07T00:11:12.0654521Z ok 123 - lower build and run tasks use the registered source diagnostic matcher
2026-10-07T00:11:12.0654858Z   ---
2026-10-07T00:11:12.0655087Z   duration_ms: 2.089077
2026-10-07T00:11:12.0655308Z   type: 'test'
2026-10-07T00:11:12.0655482Z   ...
2026-10-07T00:11:12.0655926Z # Subtest: standalone tasks save imported changes and leave unrelated dirty buffers untouched
2026-10-07T00:11:12.0656587Z ok 124 - standalone tasks save imported changes and leave unrelated dirty buffers untouched
2026-10-07T00:11:12.0665031Z   ---
2026-10-07T00:11:12.0665881Z   duration_ms: 3.271651
2026-10-07T00:11:12.0666093Z   type: 'test'
2026-10-07T00:11:12.0666268Z   ...
2026-10-07T00:11:12.0666678Z # Subtest: project tasks save imported changes and leave unrelated dirty buffers untouched
2026-10-07T00:11:12.0667496Z ok 125 - project tasks save imported changes and leave unrelated dirty buffers untouched
2026-10-07T00:11:12.0667869Z   ---
2026-10-07T00:11:12.0668039Z   duration_ms: 2.626081
2026-10-07T00:11:12.0668236Z   type: 'test'
2026-10-07T00:11:12.0668404Z   ...
2026-10-07T00:11:12.0668731Z # Subtest: task execution stops when an imported buffer cannot be saved
2026-10-07T00:11:12.0669209Z ok 126 - task execution stops when an imported buffer cannot be saved
2026-10-07T00:11:12.0669514Z   ---
2026-10-07T00:11:12.0669681Z   duration_ms: 1.334824
2026-10-07T00:11:12.0669876Z   type: 'test'
2026-10-07T00:11:12.0670043Z   ...
2026-10-07T00:11:12.0670356Z # Subtest: task execution stops when dirty imports cannot be resolved
2026-10-07T00:11:12.0670821Z ok 127 - task execution stops when dirty imports cannot be resolved
2026-10-07T00:11:12.0671115Z   ---
2026-10-07T00:11:12.0671280Z   duration_ms: 1.627056
2026-10-07T00:11:12.0671473Z   type: 'test'
2026-10-07T00:11:12.0671639Z   ...
2026-10-07T00:11:12.0672037Z # Subtest: saving an imported file refreshes its changed imports before launching the task
2026-10-07T00:11:12.0672646Z ok 128 - saving an imported file refreshes its changed imports before launching the task
2026-10-07T00:11:12.0673010Z   ---
2026-10-07T00:11:12.0673175Z   duration_ms: 1.772738
2026-10-07T00:11:12.0673366Z   type: 'test'
2026-10-07T00:11:12.0673533Z   ...
2026-10-07T00:11:12.0673858Z # Subtest: conflicting imported aliases are not saved over one another
2026-10-07T00:11:12.0674337Z ok 129 - conflicting imported aliases are not saved over one another
2026-10-07T00:11:12.0674644Z   ---
2026-10-07T00:11:12.0674809Z   duration_ms: 1.275303
2026-10-07T00:11:12.0675003Z   type: 'test'
2026-10-07T00:11:12.0675170Z   ...
2026-10-07T00:11:12.0675586Z # Subtest: standalone source without imports launches normally despite unrelated dirty buffers
2026-10-07T00:11:12.0676236Z ok 130 - standalone source without imports launches normally despite unrelated dirty buffers
2026-10-07T00:11:12.0676625Z   ---
2026-10-07T00:11:12.0676791Z   duration_ms: 1.390348
2026-10-07T00:11:12.0677141Z   type: 'test'
2026-10-07T00:11:12.0677309Z   ...
2026-10-07T00:11:12.0677682Z # Subtest: task execution stops if the entry buffer changes while an import is saved
2026-10-07T00:11:12.0678247Z ok 131 - task execution stops if the entry buffer changes while an import is saved
2026-10-07T00:11:12.0678595Z   ---
2026-10-07T00:11:12.0678761Z   duration_ms: 1.192598
2026-10-07T00:11:12.0678953Z   type: 'test'
2026-10-07T00:11:12.0679122Z   ...
2026-10-07T00:11:12.0679513Z # Subtest: task execution stops if the entry changes while its own project helper is saved
2026-10-07T00:11:12.0680102Z ok 132 - task execution stops if the entry changes while its own project helper is saved
2026-10-07T00:11:12.0680606Z   ---
2026-10-07T00:11:12.0680772Z   duration_ms: 1.076683
2026-10-07T00:11:12.0680963Z   type: 'test'
2026-10-07T00:11:12.0681130Z   ...
2026-10-07T00:11:12.0681548Z # Subtest: task execution stops if its source closes during project saving
2026-10-07T00:11:12.0682044Z ok 133 - task execution stops if its source closes during project saving
2026-10-07T00:11:12.0682365Z   ---
2026-10-07T00:11:12.0682531Z   duration_ms: 1.14791
2026-10-07T00:11:12.0682720Z   type: 'test'
2026-10-07T00:11:12.0682886Z   ...
2026-10-07T00:11:12.0683248Z # Subtest: task execution stops if a later project save changes the dirty manifest
2026-10-07T00:11:12.0683792Z ok 134 - task execution stops if a later project save changes the dirty manifest
2026-10-07T00:11:12.0684129Z   ---
2026-10-07T00:11:12.0684295Z   duration_ms: 1.587297
2026-10-07T00:11:12.0684487Z   type: 'test'
2026-10-07T00:11:12.0684654Z   ...
2026-10-07T00:11:12.0685047Z # Subtest: task execution stops if a later project save changes the already-saved manifest
2026-10-07T00:11:12.0685640Z ok 135 - task execution stops if a later project save changes the already-saved manifest
2026-10-07T00:11:12.0685999Z   ---
2026-10-07T00:11:12.0686164Z   duration_ms: 0.845131
2026-10-07T00:11:12.0686360Z   type: 'test'
2026-10-07T00:11:12.0686528Z   ...
2026-10-07T00:11:12.0687046Z # Subtest: task execution stops if an already-saved Rust input changes during a later project save
2026-10-07T00:11:12.0687697Z ok 136 - task execution stops if an already-saved Rust input changes during a later project save
2026-10-07T00:11:12.0688081Z   ---
2026-10-07T00:11:12.0688243Z   duration_ms: 1.003912
2026-10-07T00:11:12.0688432Z   type: 'test'
2026-10-07T00:11:12.0688603Z   ...
2026-10-07T00:11:12.0688952Z # Subtest: task execution stops if workspace trust changes during project saving
2026-10-07T00:11:12.0689476Z ok 137 - task execution stops if workspace trust changes during project saving
2026-10-07T00:11:12.0689807Z   ---
2026-10-07T00:11:12.0689971Z   duration_ms: 0.904211
2026-10-07T00:11:12.0690162Z   type: 'test'
2026-10-07T00:11:12.0690331Z   ...
2026-10-07T00:11:12.0690708Z # Subtest: task execution stops if the nearest project changes while an import is saved
2026-10-07T00:11:12.0691287Z ok 138 - task execution stops if the nearest project changes while an import is saved
2026-10-07T00:11:12.0691639Z   ---
2026-10-07T00:11:12.0691804Z   duration_ms: 1.117104
2026-10-07T00:11:12.0691994Z   type: 'test'
2026-10-07T00:11:12.0692167Z   ...
2026-10-07T00:11:12.0692584Z # Subtest: tasks suppress only the matching automatic scope and checks resume when the task ends
2026-10-07T00:11:12.0693228Z ok 139 - tasks suppress only the matching automatic scope and checks resume when the task ends
2026-10-07T00:11:12.0693613Z   ---
2026-10-07T00:11:12.0693777Z   duration_ms: 1.439252
2026-10-07T00:11:12.0693966Z   type: 'test'
2026-10-07T00:11:12.0694136Z   ...
2026-10-07T00:11:12.0694432Z # Subtest: task launch failure releases live check suppression
2026-10-07T00:11:12.0694856Z ok 140 - task launch failure releases live check suppression
2026-10-07T00:11:12.0695136Z   ---
2026-10-07T00:11:12.0695301Z   duration_ms: 1.736062
2026-10-07T00:11:12.0695492Z   type: 'test'
2026-10-07T00:11:12.0695662Z   ...
2026-10-07T00:11:12.0696043Z # Subtest: project task clears checks from its helper while preserving another project
2026-10-07T00:11:12.0696621Z ok 141 - project task clears checks from its helper while preserving another project
2026-10-07T00:11:12.0697068Z   ---
2026-10-07T00:11:12.0697233Z   duration_ms: 2.065081
2026-10-07T00:11:12.0697426Z   type: 'test'
2026-10-07T00:11:12.0697595Z   ...
2026-10-07T00:11:12.0697988Z # Subtest: a long task permits checks of new source without reacting to other project edits
2026-10-07T00:11:12.0698584Z ok 142 - a long task permits checks of new source without reacting to other project edits
2026-10-07T00:11:12.0698949Z   ---
2026-10-07T00:11:12.0699112Z   duration_ms: 1.858328
2026-10-07T00:11:12.0699410Z   type: 'test'
2026-10-07T00:11:12.0699580Z   ...
2026-10-07T00:11:12.0699958Z # Subtest: failed task diagnostics are replaced by checks and removed by source edits
2026-10-07T00:11:12.0700532Z ok 143 - failed task diagnostics are replaced by checks and removed by source edits
2026-10-07T00:11:12.0700971Z   ---
2026-10-07T00:11:12.0701137Z   duration_ms: 1.426964
2026-10-07T00:11:12.0701329Z   type: 'test'
2026-10-07T00:11:12.0701503Z   ...
2026-10-07T00:11:12.0701855Z # Subtest: manual checks inspect dirty imports outside the running task project
2026-10-07T00:11:12.0702385Z ok 144 - manual checks inspect dirty imports outside the running task project
2026-10-07T00:11:12.0702718Z   ---
2026-10-07T00:11:12.0702883Z   duration_ms: 1.66219
2026-10-07T00:11:12.0703078Z   type: 'test'
2026-10-07T00:11:12.0703245Z   ...
2026-10-07T00:11:12.0703630Z # Subtest: editing and closing imported aliases remove only their canonical task markers
2026-10-07T00:11:12.0704222Z ok 145 - editing and closing imported aliases remove only their canonical task markers
2026-10-07T00:11:12.0704585Z   ---
2026-10-07T00:11:12.0704750Z   duration_ms: 1.153649
2026-10-07T00:11:12.0704944Z   type: 'test'
2026-10-07T00:11:12.0705111Z   ...
2026-10-07T00:11:12.0705509Z # Subtest: typing invalidates snapshots without launching save-only checks per keystroke
2026-10-07T00:11:12.0706114Z ok 146 - typing invalidates snapshots without launching save-only checks per keystroke
2026-10-07T00:11:12.0706481Z   ---
2026-10-07T00:11:12.0706646Z   duration_ms: 2.799705
2026-10-07T00:11:12.0706840Z   type: 'test'
2026-10-07T00:11:12.0707120Z   ...
2026-10-07T00:11:12.0707611Z # Subtest: known unrelated diagnostics survive repeated edits while unknown and project inputs stay conservative
2026-10-07T00:11:12.0708392Z ok 147 - known unrelated diagnostics survive repeated edits while unknown and project inputs stay conservative
2026-10-07T00:11:12.0708835Z   ---
2026-10-07T00:11:12.0709000Z   duration_ms: 2.919697
2026-10-07T00:11:12.0709197Z   type: 'test'
2026-10-07T00:11:12.0709367Z   ...
2026-10-07T00:11:12.0709836Z # Subtest: known unrelated pending checks finish during edits and same-scope changes reject stale callbacks
2026-10-07T00:11:12.0710571Z ok 148 - known unrelated pending checks finish during edits and same-scope changes reject stale callbacks
2026-10-07T00:11:12.0710991Z   ---
2026-10-07T00:11:12.0711158Z   duration_ms: 1.946491
2026-10-07T00:11:12.0711349Z   type: 'test'
2026-10-07T00:11:12.0711517Z   ...
2026-10-07T00:11:12.0711925Z # Subtest: shared imports and stale dependency snapshots still invalidate diagnosed projects
2026-10-07T00:11:12.0712552Z ok 149 - shared imports and stale dependency snapshots still invalidate diagnosed projects
2026-10-07T00:11:12.0712928Z   ---
2026-10-07T00:11:12.0713096Z   duration_ms: 2.07093
2026-10-07T00:11:12.0713285Z   type: 'test'
2026-10-07T00:11:12.0713452Z   ...
2026-10-07T00:11:12.0713893Z # Subtest: failed symbols queries still supply static builtin help without erasing source diagnostics
2026-10-07T00:11:12.0714580Z ok 150 - failed symbols queries still supply static builtin help without erasing source diagnostics
2026-10-07T00:11:12.0714982Z   ---
2026-10-07T00:11:12.0715151Z   duration_ms: 2.426719
2026-10-07T00:11:12.0715341Z   type: 'test'
2026-10-07T00:11:12.0715507Z   ...
2026-10-07T00:11:12.0715890Z # Subtest: missing compiler keeps prefix completion, hover and signatures available
2026-10-07T00:11:12.0716459Z ok 151 - missing compiler keeps prefix completion, hover and signatures available
2026-10-07T00:11:12.0716808Z   ---
2026-10-07T00:11:12.0717085Z   duration_ms: 3.043364
2026-10-07T00:11:12.0717277Z   type: 'test'
2026-10-07T00:11:12.0717444Z   ...
2026-10-07T00:11:12.0717897Z # Subtest: borrowed local providers annotate hover and detail while keeping variable kind and insertion
2026-10-07T00:11:12.0718601Z ok 152 - borrowed local providers annotate hover and detail while keeping variable kind and insertion
2026-10-07T00:11:12.0719009Z   ---
2026-10-07T00:11:12.0719279Z   duration_ms: 3.104938
2026-10-07T00:11:12.0719470Z   type: 'test'
2026-10-07T00:11:12.0719639Z   ...
2026-10-07T00:11:12.0720061Z # Subtest: untrusted and untitled assistance executes no compiler and retains High/Low selectors
2026-10-07T00:11:12.0720797Z ok 153 - untrusted and untitled assistance executes no compiler and retains High/Low selectors
2026-10-07T00:11:12.0721190Z   ---
2026-10-07T00:11:12.0721357Z   duration_ms: 8.197259
2026-10-07T00:11:12.0721550Z   type: 'test'
2026-10-07T00:11:12.0721720Z   ...
2026-10-07T00:11:12.0722144Z # Subtest: Low builtin help uses fn and record in hover, completion and signatures without a compiler
2026-10-07T00:11:12.0722797Z ok 154 - Low builtin help uses fn and record in hover, completion and signatures without a compiler
2026-10-07T00:11:12.0723186Z   ---
2026-10-07T00:11:12.0723352Z   duration_ms: 3.460347
2026-10-07T00:11:12.0723542Z   type: 'test'
2026-10-07T00:11:12.0723712Z   ...
2026-10-07T00:11:12.0724233Z # Subtest: Low declaration and standard-operation help displays braces while retaining compiler kinds and call shapes
2026-10-07T00:11:12.0725056Z ok 155 - Low declaration and standard-operation help displays braces while retaining compiler kinds and call shapes
2026-10-07T00:11:12.0725522Z   ---
2026-10-07T00:11:12.0725687Z   duration_ms: 3.250548
2026-10-07T00:11:12.0725884Z   type: 'test'
2026-10-07T00:11:12.0726051Z   ...
2026-10-07T00:11:12.0726433Z # Subtest: Low enum declaration help removes namespace prefixes only from variant names
2026-10-07T00:11:12.0727111Z ok 156 - Low enum declaration help removes namespace prefixes only from variant names
2026-10-07T00:11:12.0727467Z   ---
2026-10-07T00:11:12.0727633Z   duration_ms: 3.839071
2026-10-07T00:11:12.0727827Z   type: 'test'
2026-10-07T00:11:12.0727994Z   ...
2026-10-07T00:11:12.0728376Z # Subtest: Low folding is available without trust or a compiler and honors cancellation
2026-10-07T00:11:12.0728954Z ok 157 - Low folding is available without trust or a compiler and honors cancellation
2026-10-07T00:11:12.0729310Z   ---
2026-10-07T00:11:12.0729476Z   duration_ms: 1.420123
2026-10-07T00:11:12.0729671Z   type: 'test'
2026-10-07T00:11:12.0729839Z   ...
2026-10-07T00:11:12.0730281Z # Subtest: cancelled, closed and changed documents cannot receive static fallback from failed queries
2026-10-07T00:11:12.0730969Z ok 158 - cancelled, closed and changed documents cannot receive static fallback from failed queries
2026-10-07T00:11:12.0731374Z   ---
2026-10-07T00:11:12.0731541Z   duration_ms: 1.840311
2026-10-07T00:11:12.0731736Z   type: 'test'
2026-10-07T00:11:12.0731903Z   ...
2026-10-07T00:11:12.0732302Z # Subtest: registered providers render enum/member kinds and payload signature parameters
2026-10-07T00:11:12.0732913Z ok 159 - registered providers render enum/member kinds and payload signature parameters
2026-10-07T00:11:12.0733283Z   ---
2026-10-07T00:11:12.0733450Z   duration_ms: 2.530307
2026-10-07T00:11:12.0733645Z   type: 'test'
2026-10-07T00:11:12.0733866Z   ...
2026-10-07T00:11:12.0734288Z # Subtest: standard F12 targets open compiler registry text through a read-only virtual document
2026-10-07T00:11:12.0734940Z ok 160 - standard F12 targets open compiler registry text through a read-only virtual document
2026-10-07T00:11:12.0735327Z   ---
2026-10-07T00:11:12.0735496Z   duration_ms: 1.856595
2026-10-07T00:11:12.0735692Z   type: 'test'
2026-10-07T00:11:12.0735859Z   ...
2026-10-07T00:11:12.0736287Z # Subtest: standard F12 keeps each project compiler registry text when another compiler is queried
2026-10-07T00:11:12.0737033Z ok 161 - standard F12 keeps each project compiler registry text when another compiler is queried
2026-10-07T00:11:12.0737421Z   ---
2026-10-07T00:11:12.0737590Z   duration_ms: 5.084518
2026-10-07T00:11:12.0737779Z   type: 'test'
2026-10-07T00:11:12.0737946Z   ...
2026-10-07T00:11:12.0738412Z # Subtest: keyword completion covers existing syntax in High and Low without leaking into types or members
2026-10-07T00:11:12.0739136Z ok 162 - keyword completion covers existing syntax in High and Low without leaking into types or members
2026-10-07T00:11:12.0739659Z   ---
2026-10-07T00:11:12.0739827Z   duration_ms: 2.804082
2026-10-07T00:11:12.0740018Z   type: 'test'
2026-10-07T00:11:12.0740185Z   ...
2026-10-07T00:11:12.0740527Z # Subtest: static builtin help works with incomplete syntax without an index
2026-10-07T00:11:12.0741128Z ok 163 - static builtin help works with incomplete syntax without an index
2026-10-07T00:11:12.0741454Z   ---
2026-10-07T00:11:12.0741623Z   duration_ms: 1.650142
2026-10-07T00:11:12.0741812Z   type: 'test'
2026-10-07T00:11:12.0741980Z   ...
2026-10-07T00:11:12.0742445Z # Subtest: static builtin fallback avoids declarations, parameters and local bindings that shadow the name
2026-10-07T00:11:12.0743173Z ok 164 - static builtin fallback avoids declarations, parameters and local bindings that shadow the name
2026-10-07T00:11:12.0743595Z   ---
2026-10-07T00:11:12.0743759Z   duration_ms: 4.009649
2026-10-07T00:11:12.0743951Z   type: 'test'
2026-10-07T00:11:12.0744121Z   ...
2026-10-07T00:11:12.0744598Z # Subtest: unresolved imports suppress guessed builtins but retain syntax and types; checked declarations win
2026-10-07T00:11:12.0745350Z ok 165 - unresolved imports suppress guessed builtins but retain syntax and types; checked declarations win
2026-10-07T00:11:12.0745786Z   ---
2026-10-07T00:11:12.0745953Z   duration_ms: 1.073177
2026-10-07T00:11:12.0746144Z   type: 'test'
2026-10-07T00:11:12.0746312Z   ...
2026-10-07T00:11:12.0746743Z # Subtest: signature help does not replace a compiler-resolved local function with builtin metadata
2026-10-07T00:11:12.0747537Z ok 166 - signature help does not replace a compiler-resolved local function with builtin metadata
2026-10-07T00:11:12.0747937Z   ---
2026-10-07T00:11:12.0748100Z   duration_ms: 0.692129
2026-10-07T00:11:12.0748292Z   type: 'test'
2026-10-07T00:11:12.0748460Z   ...
2026-10-07T00:11:12.0748879Z # Subtest: lexical references prevent guessed signatures when a type error removes local types
2026-10-07T00:11:12.0749534Z ok 167 - lexical references prevent guessed signatures when a type error removes local types
2026-10-07T00:11:12.0749925Z   ---
2026-10-07T00:11:12.0750090Z   duration_ms: 0.427318
2026-10-07T00:11:12.0750283Z   type: 'test'
2026-10-07T00:11:12.0750449Z   ...
2026-10-07T00:11:12.0750862Z # Subtest: unfinished line strings do not hide later assistance and preserve UTF-16 CRLF ranges
2026-10-07T00:11:12.0751497Z ok 168 - unfinished line strings do not hide later assistance and preserve UTF-16 CRLF ranges
2026-10-07T00:11:12.0751874Z   ---
2026-10-07T00:11:12.0752039Z   duration_ms: 0.856839
2026-10-07T00:11:12.0752229Z   type: 'test'
2026-10-07T00:11:12.0752396Z   ...
2026-10-07T00:11:12.0752832Z # Subtest: registered resources and constants keep namespaces and never create constructor snippets
2026-10-07T00:11:12.0753518Z ok 169 - registered resources and constants keep namespaces and never create constructor snippets
2026-10-07T00:11:12.0753918Z   ---
2026-10-07T00:11:12.0754082Z   duration_ms: 3.874214
2026-10-07T00:11:12.0754276Z   type: 'test'
2026-10-07T00:11:12.0754444Z   ...
2026-10-07T00:11:12.0754817Z # Subtest: standard operation and aliased constants preserve hover and argument help
2026-10-07T00:11:12.0755393Z ok 170 - standard operation and aliased constants preserve hover and argument help
2026-10-07T00:11:12.0755747Z   ---
2026-10-07T00:11:12.0755911Z   duration_ms: 1.445372
2026-10-07T00:11:12.0756104Z   type: 'test'
2026-10-07T00:11:12.0756270Z   ...
2026-10-07T00:11:12.0756659Z # Subtest: typed resource fields are read-only and do not expose type constants on values
2026-10-07T00:11:12.0757365Z ok 171 - typed resource fields are read-only and do not expose type constants on values
2026-10-07T00:11:12.0757727Z   ---
2026-10-07T00:11:12.0757891Z   duration_ms: 0.648384
2026-10-07T00:11:12.0758080Z   type: 'test'
2026-10-07T00:11:12.0758248Z   ...
2026-10-07T00:11:12.0758603Z # Subtest: virtual source identifiers cannot navigate to project paths or URLs
2026-10-07T00:11:12.0759245Z ok 172 - virtual source identifiers cannot navigate to project paths or URLs
2026-10-07T00:11:12.0759580Z   ---
2026-10-07T00:11:12.0759744Z   duration_ms: 0.357341
2026-10-07T00:11:12.0759934Z   type: 'test'
2026-10-07T00:11:12.0760101Z   ...
2026-10-07T00:11:12.0760564Z # Subtest: virtual registry revisions keep module paths and accept only a source hash
2026-10-07T00:11:12.0761146Z ok 173 - virtual registry revisions keep module paths and accept only a source hash
2026-10-07T00:11:12.0761499Z   ---
2026-10-07T00:11:12.0761664Z   duration_ms: 0.267475
2026-10-07T00:11:12.0761855Z   type: 'test'
2026-10-07T00:11:12.0762023Z   ...
2026-10-07T00:11:12.0762372Z # Subtest: Some and None are pattern assistance, not general value constructors
2026-10-07T00:11:12.0762893Z ok 174 - Some and None are pattern assistance, not general value constructors
2026-10-07T00:11:12.0763220Z   ---
2026-10-07T00:11:12.0763383Z   duration_ms: 0.91015
2026-10-07T00:11:12.0763575Z   type: 'test'
2026-10-07T00:11:12.0763743Z   ...
2026-10-07T00:11:12.0764172Z # Subtest: standard import completion uses the compiler catalog and replaces the full dotted path
2026-10-07T00:11:12.0764840Z ok 175 - standard import completion uses the compiler catalog and replaces the full dotted path
2026-10-07T00:11:12.0765231Z   ---
2026-10-07T00:11:12.0765398Z   duration_ms: 0.628844
2026-10-07T00:11:12.0765592Z   type: 'test'
2026-10-07T00:11:12.0765761Z   ...
2026-10-07T00:11:12.0766150Z # Subtest: Low standard imports can follow another declaration or import on the same line
2026-10-07T00:11:12.0766746Z ok 176 - Low standard imports can follow another declaration or import on the same line
2026-10-07T00:11:12.0767192Z   ---
2026-10-07T00:11:12.0767356Z   duration_ms: 0.276539
2026-10-07T00:11:12.0767546Z   type: 'test'
2026-10-07T00:11:12.0767712Z   ...
2026-10-07T00:11:12.0848984Z # Subtest: real nagi standard symbols keep resource identity, virtual sources and UTF-16 targets
2026-10-07T00:11:12.0849662Z ok 177 - real nagi standard symbols keep resource identity, virtual sources and UTF-16 targets
2026-10-07T00:11:12.0850061Z   ---
2026-10-07T00:11:12.0850275Z   duration_ms: 398.805568
2026-10-07T00:11:12.0850482Z   type: 'test'
2026-10-07T00:11:12.0850656Z   ...
2026-10-07T00:11:12.0851082Z # Subtest: real low standard symbols keep resource identity, virtual sources and UTF-16 targets
2026-10-07T00:11:12.0851629Z ok 178 - real low standard symbols keep resource identity, virtual sources and UTF-16 targets
2026-10-07T00:11:12.0852003Z   ---
2026-10-07T00:11:12.0852182Z   duration_ms: 291.347561
2026-10-07T00:11:12.0852406Z   type: 'test'
2026-10-07T00:11:12.0852582Z   ...
2026-10-07T00:11:12.0853005Z # Subtest: unsaved dependency standard aliases update sources without saving or building
2026-10-07T00:11:12.0853634Z ok 179 - unsaved dependency standard aliases update sources without saving or building
2026-10-07T00:11:12.0853876Z   ---
2026-10-07T00:11:12.0853979Z   duration_ms: 185.782238
2026-10-07T00:11:12.0854098Z   type: 'test'
2026-10-07T00:11:12.0854204Z   ...
2026-10-07T00:11:12.0854438Z # Subtest: an incomplete initial standard import uses the registry catalog from a saved snapshot
2026-10-07T00:11:12.0854791Z ok 180 - an incomplete initial standard import uses the registry catalog from a saved snapshot
2026-10-07T00:11:12.0855006Z   ---
2026-10-07T00:11:12.0855108Z   duration_ms: 50.111255
2026-10-07T00:11:12.0855226Z   type: 'test'
2026-10-07T00:11:12.0855328Z   ...
2026-10-07T00:11:12.0855525Z # Subtest: shared receiver fields are read-only regardless of each field type
2026-10-07T00:11:12.0855822Z ok 181 - shared receiver fields are read-only regardless of each field type
2026-10-07T00:11:12.0856008Z   ---
2026-10-07T00:11:12.0856109Z   duration_ms: 62.827275
2026-10-07T00:11:12.0856229Z   type: 'test'
2026-10-07T00:11:12.0856329Z   ...
2026-10-07T00:11:12.0920481Z # Subtest: nagi saved snapshots complete new modules and from-import names before imports are checked
2026-10-07T00:11:12.0921844Z ok 182 - nagi saved snapshots complete new modules and from-import names before imports are checked
2026-10-07T00:11:12.0922446Z   ---
2026-10-07T00:11:12.0922632Z   duration_ms: 2.835549
2026-10-07T00:11:12.0922831Z   type: 'test'
2026-10-07T00:11:12.0923004Z   ...
2026-10-07T00:11:12.0923421Z # Subtest: nagi readiness and wait resources preserve namespaces and do not offer constructors
2026-10-07T00:11:12.0924250Z ok 183 - nagi readiness and wait resources preserve namespaces and do not offer constructors
2026-10-07T00:11:12.0924639Z   ---
2026-10-07T00:11:12.0924749Z   duration_ms: 4.441824
2026-10-07T00:11:12.0924869Z   type: 'test'
2026-10-07T00:11:12.0924976Z   ...
2026-10-07T00:11:12.0925202Z # Subtest: nagi WaitError value fields keep borrowed payload types and read-only status
2026-10-07T00:11:12.0925763Z ok 184 - nagi WaitError value fields keep borrowed payload types and read-only status
2026-10-07T00:11:12.0926013Z   ---
2026-10-07T00:11:12.0926198Z   duration_ms: 0.326956
2026-10-07T00:11:12.0926391Z   type: 'test'
2026-10-07T00:11:12.0926586Z   ...
2026-10-07T00:11:12.0928125Z # Subtest: nagi inferred standard operations insert positional calls and retain exact callback and Future contracts
2026-10-07T00:11:12.0928738Z ok 185 - nagi inferred standard operations insert positional calls and retain exact callback and Future contracts
2026-10-07T00:11:12.0928989Z   ---
2026-10-07T00:11:12.0929110Z   duration_ms: 0.997813
2026-10-07T00:11:12.0929233Z   type: 'test'
2026-10-07T00:11:12.0929337Z   ...
2026-10-07T00:11:12.0929602Z # Subtest: low saved snapshots complete new modules and from-import names before imports are checked
2026-10-07T00:11:12.0930010Z ok 186 - low saved snapshots complete new modules and from-import names before imports are checked
2026-10-07T00:11:12.0930250Z   ---
2026-10-07T00:11:12.0930353Z   duration_ms: 0.484865
2026-10-07T00:11:12.0930469Z   type: 'test'
2026-10-07T00:11:12.0930586Z   ...
2026-10-07T00:11:12.0930831Z # Subtest: low readiness and wait resources preserve namespaces and do not offer constructors
2026-10-07T00:11:12.0931199Z ok 187 - low readiness and wait resources preserve namespaces and do not offer constructors
2026-10-07T00:11:12.0931430Z   ---
2026-10-07T00:11:12.0931532Z   duration_ms: 1.811046
2026-10-07T00:11:12.0931662Z   type: 'test'
2026-10-07T00:11:12.0931766Z   ...
2026-10-07T00:11:12.0931996Z # Subtest: low WaitError value fields keep borrowed payload types and read-only status
2026-10-07T00:11:12.0932336Z ok 188 - low WaitError value fields keep borrowed payload types and read-only status
2026-10-07T00:11:12.0932551Z   ---
2026-10-07T00:11:12.0932654Z   duration_ms: 0.119301
2026-10-07T00:11:12.0932788Z   type: 'test'
2026-10-07T00:11:12.0932889Z   ...
2026-10-07T00:11:12.0933178Z # Subtest: low inferred standard operations insert positional calls and retain exact callback and Future contracts
2026-10-07T00:11:12.0933630Z ok 189 - low inferred standard operations insert positional calls and retain exact callback and Future contracts
2026-10-07T00:11:12.0933893Z   ---
2026-10-07T00:11:12.0933996Z   duration_ms: 0.84403
2026-10-07T00:11:12.0934115Z   type: 'test'
2026-10-07T00:11:12.0934236Z   ...
2026-10-07T00:11:12.0934495Z # Subtest: new operations and constants navigate to compiler standard sources with UTF-16 locations
2026-10-07T00:11:12.0934882Z ok 190 - new operations and constants navigate to compiler standard sources with UTF-16 locations
2026-10-07T00:11:12.0935132Z   ---
2026-10-07T00:11:12.0935232Z   duration_ms: 1.676122
2026-10-07T00:11:12.0935347Z   type: 'test'
2026-10-07T00:11:12.0935463Z   ...
2026-10-07T00:11:12.0935733Z # Subtest: real nagi borrowed list locals and nested fields keep read-only metadata in editor assistance
2026-10-07T00:11:12.0936168Z ok 191 - real nagi borrowed list locals and nested fields keep read-only metadata in editor assistance
2026-10-07T00:11:12.0936417Z   ---
2026-10-07T00:11:12.0936518Z   duration_ms: 59.961692
2026-10-07T00:11:12.0936653Z   type: 'test'
2026-10-07T00:11:12.0936755Z   ...
2026-10-07T00:11:12.0937237Z # Subtest: real low borrowed list locals and nested fields keep read-only metadata in editor assistance
2026-10-07T00:11:12.0937984Z ok 192 - real low borrowed list locals and nested fields keep read-only metadata in editor assistance
2026-10-07T00:11:12.0938380Z   ---
2026-10-07T00:11:12.0938559Z   duration_ms: 55.97036
2026-10-07T00:11:12.0938754Z   type: 'test'
2026-10-07T00:11:12.0939029Z   ...
2026-10-07T00:11:12.0939435Z # Subtest: real nagi map_error aliases retain inferred generics and standard virtual navigation
2026-10-07T00:11:12.0940057Z ok 193 - real nagi map_error aliases retain inferred generics and standard virtual navigation
2026-10-07T00:11:12.0940451Z   ---
2026-10-07T00:11:12.0940620Z   duration_ms: 56.707599
2026-10-07T00:11:12.0940832Z   type: 'test'
2026-10-07T00:11:12.0941013Z   ...
2026-10-07T00:11:12.0941438Z # Subtest: real low map_error aliases retain inferred generics and standard virtual navigation
2026-10-07T00:11:12.0942100Z ok 194 - real low map_error aliases retain inferred generics and standard virtual navigation
2026-10-07T00:11:12.0942482Z   ---
2026-10-07T00:11:12.0942665Z   duration_ms: 54.377515
2026-10-07T00:11:12.0942881Z   type: 'test'
2026-10-07T00:11:12.0943044Z   ...
2026-10-07T00:11:12.0943507Z # Subtest: real nagi readiness and deadline API assistance keeps resource aliases and read-only fields
2026-10-07T00:11:12.0944192Z ok 195 - real nagi readiness and deadline API assistance keeps resource aliases and read-only fields
2026-10-07T00:11:12.0944590Z   ---
2026-10-07T00:11:12.0944757Z   duration_ms: 108.375296
2026-10-07T00:11:12.0945254Z   type: 'test'
2026-10-07T00:11:12.0945420Z   ...
2026-10-07T00:11:12.0945823Z # Subtest: real low readiness and deadline API assistance keeps resource aliases and read-only fields
2026-10-07T00:11:12.0946486Z ok 196 - real low readiness and deadline API assistance keeps resource aliases and read-only fields
2026-10-07T00:11:12.0946872Z   ---
2026-10-07T00:11:12.0947166Z   duration_ms: 104.631469
2026-10-07T00:11:12.0947365Z   type: 'test'
2026-10-07T00:11:12.0947529Z   ...
2026-10-07T00:11:12.0947894Z # Subtest: cross-module call curves fit with marker and stroke space on both sides
2026-10-07T00:11:12.0948424Z ok 197 - cross-module call curves fit with marker and stroke space on both sides
2026-10-07T00:11:12.0948747Z   ---
2026-10-07T00:11:12.0948913Z   duration_ms: 1.30576
2026-10-07T00:11:12.0949103Z   type: 'test'
2026-10-07T00:11:12.0949271Z   ...
2026-10-07T00:11:12.0949571Z # Subtest: ordinary stock-report layout keeps its existing extent
2026-10-07T00:11:12.0949985Z ok 198 - ordinary stock-report layout keeps its existing extent
2026-10-07T00:11:12.0950271Z   ---
2026-10-07T00:11:12.0950427Z   duration_ms: 0.13167
2026-10-07T00:11:12.0950613Z   type: 'test'
2026-10-07T00:11:12.0950775Z   ...
2026-10-07T00:11:12.0951098Z # Subtest: geometry above or below the layout extends the vertical viewport
2026-10-07T00:11:12.0951578Z ok 199 - geometry above or below the layout extends the vertical viewport
2026-10-07T00:11:12.0951880Z   ---
2026-10-07T00:11:12.0952045Z   duration_ms: 0.07237
2026-10-07T00:11:12.0952240Z   type: 'test'
2026-10-07T00:11:12.0952402Z   ...
2026-10-07T00:11:12.0952687Z # Subtest: an empty SVG bounding box does not add blank padding
2026-10-07T00:11:12.0953137Z ok 200 - an empty SVG bounding box does not add blank padding
2026-10-07T00:11:12.0953406Z   ---
2026-10-07T00:11:12.0953573Z   duration_ms: 0.059991
2026-10-07T00:11:12.0953760Z   type: 'test'
2026-10-07T00:11:12.0953922Z   ...
2026-10-07T00:11:12.0954166Z # Subtest: non-finite browser measurements preserve the finite layout extent
2026-10-07T00:11:12.0954457Z ok 201 - non-finite browser measurements preserve the finite layout extent
2026-10-07T00:11:12.0954644Z   ---
2026-10-07T00:11:12.0954744Z   duration_ms: 0.239012
2026-10-07T00:11:12.0954861Z   type: 'test'
2026-10-07T00:11:12.0954961Z   ...
2026-10-07T00:11:12.0955057Z 1..201
2026-10-07T00:11:12.0955155Z # tests 201
2026-10-07T00:11:12.0955255Z # suites 0
2026-10-07T00:11:12.0955354Z # pass 201
2026-10-07T00:11:12.0955458Z # fail 0
2026-10-07T00:11:12.0955714Z # cancelled 0
2026-10-07T00:11:12.0955818Z # skipped 0
2026-10-07T00:11:12.0955917Z # todo 0
2026-10-07T00:11:12.0956030Z # duration_ms 2421.916668
2026-10-07T00:11:12.1004749Z ##[group]Run cargo test --locked -p nagic --test output_safety --test integer_arithmetic --test integer_zero_division --test constant_validation --test auth_boundaries --test view_branch_rebinding --test view_container_rebinding --test view_container_drop --test view_flow_foundation --test view_flow_completion --test explicit_moves --test task_handles --test conformance --test scope_runtime_contract --test copy_capabilities --test shared_field_moves --test asset_calls --test shared_target --test build_generations --test project
2026-10-07T00:11:12.1006510Z [36;1mcargo test --locked -p nagic --test output_safety --test integer_arithmetic --test integer_zero_division --test constant_validation --test auth_boundaries --test view_branch_rebinding --test view_container_rebinding --test view_container_drop --test view_flow_foundation --test view_flow_completion --test explicit_moves --test task_handles --test conformance --test scope_runtime_contract --test copy_capabilities --test shared_field_moves --test asset_calls --test shared_target --test build_generations --test project[0m
2026-10-07T00:11:12.1057629Z shell: /usr/bin/bash -e {0}
2026-10-07T00:11:12.1057768Z env:
2026-10-07T00:11:12.1057929Z   NAGI_FAILURE_DIR: /home/runner/work/Nagi/Nagi/build/compiler-failures
2026-10-07T00:11:12.1058129Z   CARGO_HOME: /home/runner/.cargo
2026-10-07T00:11:12.1058268Z   CARGO_INCREMENTAL: 0
2026-10-07T00:11:12.1058389Z   CARGO_TERM_COLOR: always
2026-10-07T00:11:12.1058550Z   pythonLocation: /opt/hostedtoolcache/Python/3.12.15/x64
2026-10-07T00:11:12.1058775Z   PKG_CONFIG_PATH: /opt/hostedtoolcache/Python/3.12.15/x64/lib/pkgconfig
2026-10-07T00:11:12.1058995Z   Python_ROOT_DIR: /opt/hostedtoolcache/Python/3.12.15/x64
2026-10-07T00:11:12.1059197Z   Python2_ROOT_DIR: /opt/hostedtoolcache/Python/3.12.15/x64
2026-10-07T00:11:12.1059405Z   Python3_ROOT_DIR: /opt/hostedtoolcache/Python/3.12.15/x64
2026-10-07T00:11:12.1059608Z   LD_LIBRARY_PATH: /opt/hostedtoolcache/Python/3.12.15/x64/lib
2026-10-07T00:11:12.1059781Z ##[endgroup]
2026-10-07T00:11:12.1405834Z [1m[92m   Compiling[0m nagic v0.1.10 (/home/runner/work/Nagi/Nagi/compiler)
2026-10-07T00:11:14.1204371Z [1m[92m    Finished[0m `test` profile [unoptimized + debuginfo] target(s) in 2.00s
2026-10-07T00:11:14.1235222Z [1m[92m     Running[0m tests/asset_calls.rs (target/debug/deps/asset_calls-271bd6a0553d1372)
2026-10-07T00:11:14.1245396Z 
2026-10-07T00:11:14.1245497Z running 2 tests
2026-10-07T00:11:14.1258884Z test a_missing_real_asset_still_reports_the_original_call ... ok
2026-10-07T00:11:14.2334028Z test local_callbacks_named_include_text_keep_literals_and_restore_builtin_after_scope ... ok
2026-10-07T00:11:14.2334437Z 
2026-10-07T00:11:14.2334767Z test result: ok. 2 passed; 0 failed; 0 ignored; 0 measured; 0 filtered out; finished in 0.11s
2026-10-07T00:11:14.2334981Z 
2026-10-07T00:11:14.2336270Z [1m[92m     Running[0m tests/auth_boundaries.rs (target/debug/deps/auth_boundaries-1557a12fab4580bf)
2026-10-07T00:11:14.2344944Z 
2026-10-07T00:11:14.2345039Z running 9 tests
2026-10-07T00:11:14.2518111Z test handwritten_low_and_owned_local_containers_keep_nominal_marker_identity ... ok
2026-10-07T00:11:14.2711193Z test aliases_option_result_and_async_delegation_preserve_proof_identity ... ok
2026-10-07T00:11:14.3557521Z test a_function_signature_and_a_deep_dto_do_not_contain_a_proof_payload ... ok
2026-10-07T00:11:14.3794736Z test missing_principal_grant_wrong_permission_and_reuse_are_rejected ... ok
2026-10-07T00:11:14.6438393Z test opaque_proofs_cannot_be_constructed_decoded_copied_or_shared ... ok
2026-10-07T00:11:14.6887656Z test indirect_arc_state_cannot_share_a_proof ... ok
2026-10-07T00:11:54.9399981Z test proof_move_and_nominal_marker_build_and_run_against_real_runtime ... ok
2026-10-07T00:11:54.9888250Z test native_phantom_types_do_not_become_field_payloads ... ok
2026-10-07T00:11:55.9071008Z test opaque_main_errors_fail_without_a_debug_bound_or_proof_payload ... ok
2026-10-07T00:11:55.9071245Z 
2026-10-07T00:11:55.9071694Z test result: ok. 9 passed; 0 failed; 0 ignored; 0 measured; 0 filtered out; finished in 41.67s
2026-10-07T00:11:55.9071903Z 
2026-10-07T00:11:55.9074307Z [1m[92m     Running[0m tests/build_generations.rs (target/debug/deps/build_generations-153f60d6cec76b07)
2026-10-07T00:11:55.9082759Z 
2026-10-07T00:11:55.9082846Z running 23 tests
2026-10-07T00:11:56.1502130Z test cargo_cache_keeps_a_preexisting_default_package_binary_unchanged ... ok
2026-10-07T00:11:56.1736855Z test invalid_input_does_not_create_output_or_its_lock ... ok
2026-10-07T00:11:56.2126621Z test a_running_old_executable_is_not_replaced_by_a_new_build ... ok
2026-10-07T00:11:56.2879785Z test cargo_failure_retains_latest_and_inherited_lockfile ... ok
2026-10-07T00:11:56.3089098Z test lock_is_permanent_and_input_protection_is_rechecked_after_waiting ... ok
2026-10-07T00:11:56.3128653Z test latest_metadata_used_as_an_input_cannot_be_overwritten_by_rebuild ... ok
2026-10-07T00:11:56.3343765Z test nonwriting_low_check_and_lower_do_not_wait_for_the_output_writer_lock ... ok
2026-10-07T00:11:56.4016595Z test compatibility_outputs_cannot_alias_previous_latest_metadata ... ok
2026-10-07T00:11:56.4642783Z test long_basename_accepted_by_the_previous_cache_scheme_uses_a_short_generation_bin ... ok
2026-10-07T00:11:56.5509535Z test latest_temp_failure_keeps_old_metadata_and_does_not_run_new_generation ... ok
2026-10-07T00:11:56.7182111Z test published_manifest_runtime_reference_resolves_from_the_published_location ... ok
2026-10-07T00:11:56.7425895Z test orphan_cargo_uses_an_immutable_snapshot_and_cannot_replace_next_generation ... ok
2026-10-07T00:11:56.8385971Z test parallel_latest_readers_observe_only_complete_published_generations ... ok
2026-10-07T00:11:56.8842250Z test projection_failure_keeps_old_latest_and_reports_partial_projection ... ok
2026-10-07T00:11:56.9979093Z test rebuild_publishes_new_generation_and_preserves_old_executable_and_snapshot ... ok
2026-10-07T00:11:57.0237665Z test run_releases_output_lock_before_waiting_for_the_selected_executable ... ok
2026-10-07T00:11:57.0278435Z test source_snapshot_retains_raw_non_utf8_canonical_path_without_rejecting_old_accepted_input ... ok
2026-10-07T00:11:57.1488947Z test user_low_snapshot_comes_from_this_input_instead_of_a_stale_high_projection ... ok
2026-10-07T00:11:57.3081513Z test writing_high_check_cannot_alias_previous_latest ... ok
2026-10-07T00:11:57.3582396Z test writing_cost_report_cannot_alias_previous_latest ... ok
2026-10-07T00:11:57.4526407Z test writing_high_lower_cannot_alias_previous_latest ... ok
2026-10-07T00:11:57.7318026Z test same_and_different_apps_with_equivalent_output_paths_wait_for_one_output_writer ... ok
2026-10-07T00:11:57.8289868Z test writing_check_lower_and_cost_wait_while_build_owns_the_output_lock ... ok
2026-10-07T00:11:57.8290206Z 
2026-10-07T00:11:57.8290552Z test result: ok. 23 passed; 0 failed; 0 ignored; 0 measured; 0 filtered out; finished in 1.92s
2026-10-07T00:11:57.8290892Z 
2026-10-07T00:11:57.8292919Z [1m[92m     Running[0m tests/conformance.rs (target/debug/deps/conformance-3b85ccdcff00678f)
2026-10-07T00:11:57.8301547Z 
2026-10-07T00:11:57.8301634Z running 6 tests
2026-10-07T00:11:57.8317825Z test batch_root_relocation_preserves_literals_raw_strings_and_comments ... ok
2026-10-07T00:11:57.8328590Z test failure_shrinking_preserves_the_checker_failure_instead_of_a_parse_error ... ok
2026-10-07T00:11:57.8646850Z test native_process_deadline_reaps_a_hanging_child ... ok
2026-10-07T00:11:57.9234085Z test explicit_move_corpus_reaches_native_execution ... ok
2026-10-07T00:11:58.1458523Z test corpus_and_bounded_generated_contracts_reach_native_execution ... ok
2026-10-07T00:11:58.2174712Z test backend_shrinking_does_not_turn_an_oracle_error_into_a_compiler_reproducer ... ok
2026-10-07T00:11:58.2175075Z 
2026-10-07T00:11:58.2175427Z test result: ok. 6 passed; 0 failed; 0 ignored; 0 measured; 0 filtered out; finished in 0.39s
2026-10-07T00:11:58.2175977Z 
2026-10-07T00:11:58.2177816Z [1m[92m     Running[0m tests/constant_validation.rs (target/debug/deps/constant_validation-8ca8483881937352)
2026-10-07T00:11:58.2187482Z 
2026-10-07T00:11:58.2187572Z running 10 tests
2026-10-07T00:11:58.2217820Z test builtin_widening_uses_resolution_and_result_casts_remain_opaque ... ok
2026-10-07T00:11:58.2237679Z test compound_failures_are_checked_even_in_dead_branches_and_short_circuit_rhs ... ok
2026-10-07T00:11:58.2257653Z test binding_facts_follow_reassignment_scope_and_continuing_branch_joins ... ok
2026-10-07T00:11:58.2263819Z test loop_writes_kill_facts_before_conditions_and_respect_shadowed_counter_bindings ... ok
2026-10-07T00:11:58.2264669Z test profile_dependent_intermediates_are_not_folded_to_a_known_zero ... ok
2026-10-07T00:11:58.2265426Z test signed_minimum_division_and_remainder_are_static_failures_in_every_width ... ok
2026-10-07T00:11:58.2266105Z test typed_ast_errors_precede_new_constant_diagnostics ... ok
2026-10-07T00:11:58.2282402Z test compound_and_alias_zero_fail_after_type_check_in_all_widths_and_forms ... ok
2026-10-07T00:11:58.2351949Z test compound_diagnostics_identify_original_modules_before_cargo ... ok
2026-10-07T00:11:58.5064074Z test minimum_negation_and_integer_oracle_build_and_run_in_both_profiles ... ok
2026-10-07T00:11:58.5064326Z 
2026-10-07T00:11:58.5064524Z test result: ok. 10 passed; 0 failed; 0 ignored; 0 measured; 0 filtered out; finished in 0.29s
2026-10-07T00:11:58.5064710Z 
2026-10-07T00:11:58.5066616Z [1m[92m     Running[0m tests/copy_capabilities.rs (target/debug/deps/copy_capabilities-1a78deae96c4a968)
2026-10-07T00:11:58.5075085Z 
2026-10-07T00:11:58.5075189Z running 2 tests
2026-10-07T00:11:58.6599328Z test manual_clone_adapter_copies_owned_enum_payloads_in_high_and_independent_low ... ok
2026-10-07T00:11:58.6742326Z test omitted_clone_adapter_reports_the_element_clone_bound ... ok
2026-10-07T00:11:58.6742583Z 
2026-10-07T00:11:58.6742890Z test result: ok. 2 passed; 0 failed; 0 ignored; 0 measured; 0 filtered out; finished in 0.17s
2026-10-07T00:11:58.6743106Z 
2026-10-07T00:11:58.6745521Z [1m[92m     Running[0m tests/explicit_moves.rs (target/debug/deps/explicit_moves-965b54accb4260d1)
2026-10-07T00:11:58.6755097Z 
2026-10-07T00:11:58.6755170Z running 9 tests
2026-10-07T00:11:58.7257587Z test explicit_move_preserves_use_after_move_borrow_partial_move_and_loop_checks ... ok
2026-10-07T00:11:58.7497887Z test copy_inputs_keep_ordinary_assignment_and_move_expected_type_inference ... ok
2026-10-07T00:11:58.7853993Z test implicit_noncopy_local_assignments_fail_at_the_original_source_line ... ok
2026-10-07T00:11:59.6688692Z test move_keeps_typed_constant_failures_and_profile_dependent_overflow ... ok
2026-10-07T00:11:59.7018333Z test move_operation_rejects_arity_type_arguments_and_future_transfer ... ok
2026-10-07T00:11:59.7492655Z test moving_nested_view_containers_keeps_escape_and_temporary_rejections ... ok
2026-10-07T00:12:10.9014481Z test identity_moves_preserve_rhs_failure_drop_order_and_async_cancellation ... ok
2026-10-07T00:12:11.0251791Z test canonical_aliases_shadowing_and_transparent_values_run_in_all_three_sources ... ok
2026-10-07T00:12:11.1500700Z test identity_move_materializes_copy_values_and_keeps_bare_place_comparison_loans ... ok
2026-10-07T00:12:11.1501077Z 
2026-10-07T00:12:11.1501393Z test result: ok. 9 passed; 0 failed; 0 ignored; 0 measured; 0 filtered out; finished in 12.47s
2026-10-07T00:12:11.1501717Z 
2026-10-07T00:12:11.1504178Z [1m[92m     Running[0m tests/integer_arithmetic.rs (target/debug/deps/integer_arithmetic-aad2b22a27b84f72)
2026-10-07T00:12:11.1512397Z 
2026-10-07T00:12:11.1512561Z running 2 tests
2026-10-07T00:12:11.1813573Z test native_adapter_constant_overflow_keeps_rust_diagnostics ... ok
2026-10-07T00:12:11.2739852Z test constant_integer_arithmetic_preserves_release_wrapping_and_debug_panics ... ok
2026-10-07T00:12:11.2740175Z 
2026-10-07T00:12:11.2740380Z test result: ok. 2 passed; 0 failed; 0 ignored; 0 measured; 0 filtered out; finished in 0.12s
2026-10-07T00:12:11.2740798Z 
2026-10-07T00:12:11.2742184Z [1m[92m     Running[0m tests/integer_zero_division.rs (target/debug/deps/integer_zero_division-956359fe0a7ecb3d)
2026-10-07T00:12:11.2750338Z 
2026-10-07T00:12:11.2750424Z running 5 tests
2026-10-07T00:12:11.2762587Z test dynamic_aliases_remain_runtime_operations ... ok
2026-10-07T00:12:11.2763141Z test operand_and_earlier_type_errors_keep_priority_over_zero_divisor_errors ... ok
2026-10-07T00:12:11.2892426Z test explicit_integer_zero_divisors_fail_in_high_handwritten_low_and_saved_low ... ok
2026-10-07T00:12:11.3336404Z test cli_rejects_zero_at_the_original_file_and_line_before_cargo ... ok
2026-10-07T00:12:11.7790052Z test dynamic_zero_nonzero_and_float_controls_compile_and_run_in_both_profiles ... ok
2026-10-07T00:12:11.7790423Z 
2026-10-07T00:12:11.7790754Z test result: ok. 5 passed; 0 failed; 0 ignored; 0 measured; 0 filtered out; finished in 0.50s
2026-10-07T00:12:11.7791041Z 
2026-10-07T00:12:11.7792365Z [1m[92m     Running[0m tests/output_safety.rs (target/debug/deps/output_safety-78da8aecd0d25ad0)
2026-10-07T00:12:11.7800330Z 
2026-10-07T00:12:11.7800430Z running 10 tests
2026-10-07T00:12:11.7835512Z test custom_project_manifest_is_protected_before_generated_outputs ... ok
2026-10-07T00:12:11.7852271Z test build_preflights_rust_adapter_before_writing_any_generated_files ... ok
2026-10-07T00:12:11.7887368Z test aliased_generated_outputs_are_rejected_without_partial_writes ... ok
2026-10-07T00:12:11.7911362Z test include_text_assets_are_protected_in_generated_and_map_outputs ... ok
2026-10-07T00:12:11.7977644Z test every_generated_file_rejects_a_hard_link_to_an_imported_source ... ok
2026-10-07T00:12:11.8017794Z test loaded_empty_module_filters_produce_empty_type_and_call_graphs ... ok
2026-10-07T00:12:11.8018470Z test native_low_is_not_replaced_by_check_or_lower_output ... ok
2026-10-07T00:12:11.8043262Z test symlinked_generated_paths_preserve_all_inputs ... ok
2026-10-07T00:12:11.8137927Z test repeated_checks_and_build_preparation_keep_existing_generated_outputs_usable ... ok
2026-10-07T00:12:11.8704158Z test map_formats_protect_hard_links_to_sources_manifest_and_rust_adapter ... ok
2026-10-07T00:12:11.8704470Z 
2026-10-07T00:12:11.8704808Z test result: ok. 10 passed; 0 failed; 0 ignored; 0 measured; 0 filtered out; finished in 0.09s
2026-10-07T00:12:11.8705107Z 
2026-10-07T00:12:11.8706650Z [1m[92m     Running[0m tests/project.rs (target/debug/deps/project-9663e47cd93e8c1f)
2026-10-07T00:12:11.8713878Z 
2026-10-07T00:12:11.8713973Z running 12 tests
2026-10-07T00:12:11.8787731Z test actual_cli_manifest_and_import_errors_point_to_original_files ... ok
2026-10-07T00:12:11.8788708Z test cli_overrides_scalars_and_dependency_versions_and_adds_native_files ... ok
2026-10-07T00:12:11.8817695Z test dependency_alias_collision_across_manifest_and_cli_is_rejected ... ok
2026-10-07T00:12:11.8849449Z test actual_cli_checks_entry_with_low_support_from_a_subdirectory ... ok
2026-10-07T00:12:11.8851769Z test explicit_source_keeps_legacy_behavior_even_next_to_a_broken_manifest ... ok
2026-10-07T00:12:11.8852504Z test invalid_commands_and_flags_fail_before_loading_sources ... ok
2026-10-07T00:12:11.8875312Z test manifest_typos_wrong_types_duplicates_and_empty_paths_are_rejected ... ok
2026-10-07T00:12:11.8875860Z test nearest_project_uses_manifest_relative_paths_from_any_subdirectory ... ok
2026-10-07T00:12:11.8877328Z test rust_diagnostic_details_are_an_explicit_build_or_run_option ... ok
2026-10-07T00:12:55.0655269Z test a_borrowed_record_field_does_not_block_moving_a_disjoint_field ... ok
2026-10-07T00:12:55.4662230Z test escaped_record_and_route_names_preserve_json_sqlite_and_rust_bridges ... ok
2026-10-07T00:13:00.1024494Z test actual_run_uses_rust_dependencies_and_a_stable_project_working_directory ... ok
2026-10-07T00:13:00.1024884Z 
2026-10-07T00:13:00.1025202Z test result: ok. 12 passed; 0 failed; 0 ignored; 0 measured; 0 filtered out; finished in 48.23s
2026-10-07T00:13:00.1025498Z 
2026-10-07T00:13:00.1027323Z [1m[92m     Running[0m tests/scope_runtime_contract.rs (target/debug/deps/scope_runtime_contract-b3e94414779207a0)
2026-10-07T00:13:00.1036200Z 
2026-10-07T00:13:00.1036299Z running 1 test
2026-10-07T00:13:03.7627691Z test generated_scope_failure_and_cancellation_contract_runs_with_the_real_runtime ... ok
2026-10-07T00:13:03.7627962Z 
2026-10-07T00:13:03.7628160Z test result: ok. 1 passed; 0 failed; 0 ignored; 0 measured; 0 filtered out; finished in 3.66s
2026-10-07T00:13:03.7628357Z 
2026-10-07T00:13:03.7630516Z [1m[92m     Running[0m tests/shared_field_moves.rs (target/debug/deps/shared_field_moves-85ae54751c7c6d8f)
2026-10-07T00:13:03.7639080Z 
2026-10-07T00:13:03.7639172Z running 4 tests
2026-10-07T00:13:03.7767920Z test nested_shared_parents_and_call_temporaries_cannot_supply_owned_fields ... ok
2026-10-07T00:13:03.7842950Z test shared_field_moves_are_rejected_in_each_consuming_context_in_high_and_handwritten_low ... ok
2026-10-07T00:13:03.7876229Z test invalid_shared_field_moves_fail_before_check_build_or_run_needs_cargo ... ok
2026-10-07T00:13:04.2342816Z test valid_arc_moves_copy_fields_and_explicit_copies_run_in_high_and_independent_low ... ok
2026-10-07T00:13:04.2343214Z 
2026-10-07T00:13:04.2343573Z test result: ok. 4 passed; 0 failed; 0 ignored; 0 measured; 0 filtered out; finished in 0.47s
2026-10-07T00:13:04.2343854Z 
2026-10-07T00:13:04.2346541Z [1m[92m     Running[0m tests/shared_target.rs (target/debug/deps/shared_target-cfc168d96cd08416)
2026-10-07T00:13:04.2353462Z 
2026-10-07T00:13:04.2360811Z running 3 tests
2026-10-07T00:13:04.2361041Z test repeated_timestamps_keep_fixture_ownership_distinct ... ok
2026-10-07T00:13:04.7064860Z test explicitly_shared_targets_keep_application_identity_stable_and_generations_distinct ... ok
2026-10-07T00:13:04.7065382Z test default_shared_targets_keep_application_identity_stable_and_generations_distinct ... ok
2026-10-07T00:13:04.7065631Z 
2026-10-07T00:13:04.7066023Z test result: ok. 3 passed; 0 failed; 0 ignored; 0 measured; 0 filtered out; finished in 0.47s
2026-10-07T00:13:04.7067634Z 
2026-10-07T00:13:04.7068934Z [1m[92m     Running[0m tests/task_handles.rs (target/debug/deps/task_handles-82178bfa5450bdbb)
2026-10-07T00:13:04.7076240Z 
2026-10-07T00:13:04.7076345Z running 8 tests
2026-10-07T00:13:04.7227745Z test canonical_task_metadata_survives_saved_low_and_user_task_names ... ok
2026-10-07T00:13:04.7396481Z test raw_check_registers_contextual_task_and_preserves_obligation ... ok
2026-10-07T00:13:09.7174956Z test task_conditional_consumption::always_evaluated_receipts_and_lazy_values_run_in_three_sources ... ok
2026-10-07T00:13:10.1033799Z test native_business_fault_cleanup_and_branch_contracts ... ok
2026-10-07T00:13:11.7902425Z test bounded_generated_task_paths_reach_native ... ok
2026-10-07T00:13:14.1577263Z test task_service::legacy_supervisor_terminal_and_normal_shutdown_reach_real_http ... ok
2026-10-07T00:13:14.5995022Z test task_service_s2::typed_monitor_preserves_service_errors_shutdown_and_parent_drop ... ok
2026-10-07T00:13:24.5703828Z test positive_contracts_build_and_run_high_saved_and_handwritten_low ... ok
2026-10-07T00:13:24.5704198Z 
2026-10-07T00:13:24.5704533Z test result: ok. 8 passed; 0 failed; 0 ignored; 0 measured; 0 filtered out; finished in 19.86s
2026-10-07T00:13:24.5704855Z 
2026-10-07T00:13:24.5707648Z [1m[92m     Running[0m tests/view_branch_rebinding.rs (target/debug/deps/view_branch_rebinding-8c407fe9886fdedb)
2026-10-07T00:13:24.5715640Z 
2026-10-07T00:13:24.5715729Z running 4 tests
2026-10-07T00:13:24.5734975Z test local_views_still_cannot_escape_a_terminating_or_continuing_branch ... ok
2026-10-07T00:13:24.5747742Z test terminating_parent_blocks_respect_loop_and_pattern_binding_names ... ok
2026-10-07T00:13:24.5748455Z test branch_copies_are_synthetic_and_preserve_public_and_callback_lifetimes ... ok
2026-10-07T00:13:24.8570998Z test terminating_view_updates_compile_and_run_in_high_saved_low_and_handwritten_low ... ok
2026-10-07T00:13:24.8571270Z 
2026-10-07T00:13:24.8571467Z test result: ok. 4 passed; 0 failed; 0 ignored; 0 measured; 0 filtered out; finished in 0.29s
2026-10-07T00:13:24.8571909Z 
2026-10-07T00:13:24.8573283Z [1m[92m     Running[0m tests/view_container_drop.rs (target/debug/deps/view_container_drop-7eae6d6d7ed6c0b7)
2026-10-07T00:13:24.8582122Z 
2026-10-07T00:13:24.8582207Z running 1 test
2026-10-07T00:13:25.4525922Z test local_view_container_replacement_preserves_allocations_and_drop_order ... ok
2026-10-07T00:13:25.4526530Z 
2026-10-07T00:13:25.4526909Z test result: ok. 1 passed; 0 failed; 0 ignored; 0 measured; 0 filtered out; finished in 0.59s
2026-10-07T00:13:25.4527340Z 
2026-10-07T00:13:25.4530633Z [1m[92m     Running[0m tests/view_container_rebinding.rs (target/debug/deps/view_container_rebinding-e801852bdf1a2957)
2026-10-07T00:13:25.4538842Z 
2026-10-07T00:13:25.4538936Z running 4 tests
2026-10-07T00:13:25.4557681Z test local_container_escape_stays_rejected_in_high_and_low ... ok
2026-10-07T00:13:25.5481624Z test restore_rhs_keeps_its_source_line_and_generated_slots_are_synthetic ... ok
2026-10-07T00:13:25.7001124Z test move_phi_and_mutation_fixtures_use_the_container_flow_plan ... ok
2026-10-07T00:13:26.0965394Z test owning_view_container_rebinding_runs_in_high_saved_low_and_handwritten_low ... ok
2026-10-07T00:13:26.0965761Z 
2026-10-07T00:13:26.0966090Z test result: ok. 4 passed; 0 failed; 0 ignored; 0 measured; 0 filtered out; finished in 0.64s
2026-10-07T00:13:26.0966387Z 
2026-10-07T00:13:26.0968279Z [1m[92m     Running[0m tests/view_flow_completion.rs (target/debug/deps/view_flow_completion-0aa1dfee2a35b280)
2026-10-07T00:13:26.0977181Z 
2026-10-07T00:13:26.0977274Z running 3 tests
2026-10-07T00:13:26.0987263Z test completion_keeps_local_and_iterator_owner_escape_rejections ... ok
2026-10-07T00:13:26.1110448Z test scopes_keep_lexical_storage_and_route_nested_errors ... ok
2026-10-07T00:13:26.6724231Z test owned_storage_loops_and_async_compile_and_run_in_all_source_forms ... ok
2026-10-07T00:13:26.6724570Z 
2026-10-07T00:13:26.6724908Z test result: ok. 3 passed; 0 failed; 0 ignored; 0 measured; 0 filtered out; finished in 0.57s
2026-10-07T00:13:26.6725249Z 
2026-10-07T00:13:26.6727306Z [1m[92m     Running[0m tests/view_flow_foundation.rs (target/debug/deps/view_flow_foundation-abaac1d14f002f37)
2026-10-07T00:13:26.6735329Z 
2026-10-07T00:13:26.6735415Z running 2 tests
2026-10-07T00:13:26.6833396Z test observer_lowering_does_not_accept_local_owner_escapes ... ok
2026-10-07T00:13:27.1454469Z test return_observers_and_match_edges_compile_and_run_in_all_source_forms ... ok
2026-10-07T00:13:27.1454714Z 
2026-10-07T00:13:27.1454929Z test result: ok. 2 passed; 0 failed; 0 ignored; 0 measured; 0 filtered out; finished in 0.47s
2026-10-07T00:13:27.1455112Z 
2026-10-07T00:13:27.1510560Z ##[group]Run cargo test --locked -p nagic --test sqlite_contract_inputs
2026-10-07T00:13:27.1510840Z [36;1mcargo test --locked -p nagic --test sqlite_contract_inputs[0m
2026-10-07T00:13:27.1560315Z shell: /usr/bin/bash -e {0}
2026-10-07T00:13:27.1560450Z env:
2026-10-07T00:13:27.1560613Z   NAGI_FAILURE_DIR: /home/runner/work/Nagi/Nagi/build/compiler-failures
2026-10-07T00:13:27.1560832Z   CARGO_HOME: /home/runner/.cargo
2026-10-07T00:13:27.1560968Z   CARGO_INCREMENTAL: 0
2026-10-07T00:13:27.1561089Z   CARGO_TERM_COLOR: always
2026-10-07T00:13:27.1561247Z   pythonLocation: /opt/hostedtoolcache/Python/3.12.15/x64
2026-10-07T00:13:27.1561471Z   PKG_CONFIG_PATH: /opt/hostedtoolcache/Python/3.12.15/x64/lib/pkgconfig
2026-10-07T00:13:27.1561693Z   Python_ROOT_DIR: /opt/hostedtoolcache/Python/3.12.15/x64
2026-10-07T00:13:27.1561891Z   Python2_ROOT_DIR: /opt/hostedtoolcache/Python/3.12.15/x64
2026-10-07T00:13:27.1562093Z   Python3_ROOT_DIR: /opt/hostedtoolcache/Python/3.12.15/x64
2026-10-07T00:13:27.1562363Z   LD_LIBRARY_PATH: /opt/hostedtoolcache/Python/3.12.15/x64/lib
2026-10-07T00:13:27.1562536Z ##[endgroup]
2026-10-07T00:13:27.1898428Z [1m[92m   Compiling[0m nagic v0.1.10 (/home/runner/work/Nagi/Nagi/compiler)
2026-10-07T00:13:27.3486591Z [1m[92m    Finished[0m `test` profile [unoptimized + debuginfo] target(s) in 0.18s
2026-10-07T00:13:27.3506577Z [1m[92m     Running[0m tests/sqlite_contract_inputs.rs (target/debug/deps/sqlite_contract_inputs-d4e922531e608edb)
2026-10-07T00:13:27.3516169Z 
2026-10-07T00:13:27.3516342Z running 2 tests
2026-10-07T00:13:27.3532116Z test planned_rejection_anchors_identify_original_fixture_lines_and_lexer_tokens ... ok
2026-10-07T00:13:27.3543776Z test every_planned_high_and_handwritten_low_input_parses_before_module_resolution ... ok
2026-10-07T00:13:27.3544156Z 
2026-10-07T00:13:27.3544543Z test result: ok. 2 passed; 0 failed; 0 ignored; 0 measured; 0 filtered out; finished in 0.00s
2026-10-07T00:13:27.3544847Z 
2026-10-07T00:13:27.3597912Z ##[group]Run set -o pipefail
2026-10-07T00:13:27.3598089Z [36;1mset -o pipefail[0m
2026-10-07T00:13:27.3598329Z [36;1mcargo test --locked -p nagi-runtime --lib task::tests:: 2>&1 | tee "$RUNNER_TEMP/task-runtime.log"[0m
2026-10-07T00:13:27.3598835Z [36;1mpython -c 'import pathlib,re,os; text=pathlib.Path(os.environ["RUNNER_TEMP"],"task-runtime.log").read_text(); assert re.search(r"test result: ok\. 17 passed; 0 failed; 0 ignored;",text),text'[0m
2026-10-07T00:13:27.3599273Z [36;1mcargo test --locked -p nagi-runtime --test task_handles[0m
2026-10-07T00:13:27.3599478Z [36;1mcargo test --locked -p nagi-runtime --doc[0m
2026-10-07T00:13:27.3650070Z shell: /usr/bin/bash --noprofile --norc -e -o pipefail {0}
2026-10-07T00:13:27.3650247Z env:
2026-10-07T00:13:27.3650407Z   NAGI_FAILURE_DIR: /home/runner/work/Nagi/Nagi/build/compiler-failures
2026-10-07T00:13:27.3650610Z   CARGO_HOME: /home/runner/.cargo
2026-10-07T00:13:27.3650744Z   CARGO_INCREMENTAL: 0
2026-10-07T00:13:27.3650885Z   CARGO_TERM_COLOR: always
2026-10-07T00:13:27.3651040Z   pythonLocation: /opt/hostedtoolcache/Python/3.12.15/x64
2026-10-07T00:13:27.3651260Z   PKG_CONFIG_PATH: /opt/hostedtoolcache/Python/3.12.15/x64/lib/pkgconfig
2026-10-07T00:13:27.3651477Z   Python_ROOT_DIR: /opt/hostedtoolcache/Python/3.12.15/x64
2026-10-07T00:13:27.3651675Z   Python2_ROOT_DIR: /opt/hostedtoolcache/Python/3.12.15/x64
2026-10-07T00:13:27.3651881Z   Python3_ROOT_DIR: /opt/hostedtoolcache/Python/3.12.15/x64
2026-10-07T00:13:27.3652085Z   LD_LIBRARY_PATH: /opt/hostedtoolcache/Python/3.12.15/x64/lib
2026-10-07T00:13:27.3652256Z ##[endgroup]
2026-10-07T00:13:27.4114135Z [1m[92m   Compiling[0m proc-macro2 v1.0.107
2026-10-07T00:13:27.4114558Z [1m[92m   Compiling[0m quote v1.0.47
2026-10-07T00:13:27.4114915Z [1m[92m   Compiling[0m unicode-ident v1.0.26
2026-10-07T00:13:27.4115258Z [1m[92m   Compiling[0m libc v0.2.189
2026-10-07T00:13:27.4618427Z [1m[92m   Compiling[0m bytes v1.12.1
2026-10-07T00:13:27.5258419Z [1m[92m   Compiling[0m pin-project-lite v0.2.17
2026-10-07T00:13:27.5603946Z [1m[92m   Compiling[0m version_check v0.9.5
2026-10-07T00:13:27.7010936Z [1m[92m   Compiling[0m generic-array v0.14.7
2026-10-07T00:13:27.7978612Z [1m[92m   Compiling[0m futures-core v0.3.34
2026-10-07T00:13:27.8669609Z [1m[92m   Compiling[0m http v1.5.0
2026-10-07T00:13:27.9672241Z [1m[92m   Compiling[0m syn v3.0.6
2026-10-07T00:13:27.9675480Z [1m[92m   Compiling[0m getrandom v0.3.4
2026-10-07T00:13:28.0790764Z [1m[92m   Compiling[0m typenum v1.20.1
2026-10-07T00:13:28.2098571Z [1m[92m   Compiling[0m errno v0.3.14
2026-10-07T00:13:28.2618467Z [1m[92m   Compiling[0m signal-hook-registry v1.4.8
2026-10-07T00:13:28.4018352Z [1m[92m   Compiling[0m mio v1.2.3
2026-10-07T00:13:28.4945322Z [1m[92m   Compiling[0m socket2 v0.6.5
2026-10-07T00:13:28.5368226Z [1m[92m   Compiling[0m zerocopy v0.8.59
2026-10-07T00:13:28.6841321Z [1m[92m   Compiling[0m cfg-if v1.0.5
2026-10-07T00:13:28.7149614Z [1m[92m   Compiling[0m serde_core v1.0.229
2026-10-07T00:13:28.7931592Z [1m[92m   Compiling[0m httparse v1.10.1
2026-10-07T00:13:28.9228431Z [1m[92m   Compiling[0m log v0.4.34
2026-10-07T00:13:28.9968696Z [1m[92m   Compiling[0m block-buffer v0.10.4
2026-10-07T00:13:28.9988030Z [1m[92m   Compiling[0m crypto-common v0.1.7
2026-10-07T00:13:29.0448504Z [1m[92m   Compiling[0m rand_core v0.9.5
2026-10-07T00:13:29.1769003Z [1m[92m   Compiling[0m http-body v1.1.0
2026-10-07T00:13:29.2319194Z [1m[92m   Compiling[0m once_cell v1.21.4
2026-10-07T00:13:29.3298753Z [1m[92m   Compiling[0m thiserror v2.0.21
2026-10-07T00:13:29.4923167Z [1m[92m   Compiling[0m tracing-core v0.1.36
2026-10-07T00:13:29.7997548Z [1m[92m   Compiling[0m digest v0.10.7
2026-10-07T00:13:29.8818333Z [1m[92m   Compiling[0m slab v0.4.12
2026-10-07T00:13:29.9518514Z [1m[92m   Compiling[0m tower-service v0.3.3
2026-10-07T00:13:29.9788399Z [1m[92m   Compiling[0m futures-sink v0.3.34
2026-10-07T00:13:30.0103652Z [1m[92m   Compiling[0m futures-task v0.3.34
2026-10-07T00:13:30.0725076Z [1m[92m   Compiling[0m smallvec v1.16.2
2026-10-07T00:13:30.0882756Z [1m[92m   Compiling[0m tokio-macros v2.7.2
2026-10-07T00:13:30.1685264Z [1m[92m   Compiling[0m futures-macro v0.3.34
2026-10-07T00:13:30.3728434Z [1m[92m   Compiling[0m tokio v1.53.1
2026-10-07T00:13:30.3794784Z [1m[92m   Compiling[0m thiserror-impl v2.0.21
2026-10-07T00:13:30.5288631Z [1m[92m   Compiling[0m cpufeatures v0.2.17
2026-10-07T00:13:30.5558604Z [1m[92m   Compiling[0m serde v1.0.229
2026-10-07T00:13:30.6759887Z [1m[92m   Compiling[0m sha1 v0.10.7
2026-10-07T00:13:30.7658316Z [1m[92m   Compiling[0m futures-util v0.3.34
2026-10-07T00:13:31.0248910Z [1m[92m   Compiling[0m ppv-lite86 v0.2.21
2026-10-07T00:13:31.0643481Z [1m[92m   Compiling[0m serde_derive v1.0.229
2026-10-07T00:13:31.1938528Z [1m[92m   Compiling[0m rand_chacha v0.9.0
2026-10-07T00:13:31.3838501Z [1m[92m   Compiling[0m rand v0.9.5
2026-10-07T00:13:31.7168817Z [1m[92m   Compiling[0m tracing v0.1.44
2026-10-07T00:13:31.8380124Z [1m[92m   Compiling[0m futures-channel v0.3.34
2026-10-07T00:13:31.9358589Z [1m[92m   Compiling[0m atomic-waker v1.1.2
2026-10-07T00:13:31.9778599Z [1m[92m   Compiling[0m serde_json v1.0.151
2026-10-07T00:13:32.0513106Z [1m[92m   Compiling[0m tower-layer v0.3.3
2026-10-07T00:13:32.1181711Z [1m[92m   Compiling[0m percent-encoding v2.3.2
2026-10-07T00:13:32.1270192Z [1m[92m   Compiling[0m data-encoding v2.11.1
2026-10-07T00:13:32.1940865Z [1m[92m   Compiling[0m httpdate v1.0.3
2026-10-07T00:13:32.2928566Z [1m[92m   Compiling[0m sync_wrapper v1.0.2
2026-10-07T00:13:32.3161853Z [1m[92m   Compiling[0m tungstenite v0.29.0
2026-10-07T00:13:32.5823884Z [1m[92m   Compiling[0m form_urlencoded v1.2.2
2026-10-07T00:13:32.6470931Z [1m[92m   Compiling[0m hyper v1.11.1
2026-10-07T00:13:32.9196849Z [1m[92m   Compiling[0m http-body-util v0.1.5
2026-10-07T00:13:32.9817115Z [1m[92m   Compiling[0m ryu v1.0.23
2026-10-07T00:13:33.0465000Z [1m[92m   Compiling[0m mime v0.3.17
2026-10-07T00:13:33.0628453Z [1m[92m   Compiling[0m memchr v2.8.3
2026-10-07T00:13:33.1708559Z [1m[92m   Compiling[0m axum-core v0.5.6
2026-10-07T00:13:33.4540099Z [1m[92m   Compiling[0m hyper-util v0.1.21
2026-10-07T00:13:33.5898553Z [1m[92m   Compiling[0m serde_urlencoded v0.7.1
2026-10-07T00:13:33.6978572Z [1m[92m   Compiling[0m deadpool-runtime v0.3.1
2026-10-07T00:13:33.7488375Z [1m[92m   Compiling[0m tower v0.5.3
2026-10-07T00:13:33.9488487Z [1m[92m   Compiling[0m tokio-tungstenite v0.29.0
2026-10-07T00:13:34.0073353Z [1m[92m   Compiling[0m serde_path_to_error v0.1.20
2026-10-07T00:13:34.0338539Z [1m[92m   Compiling[0m base64 v0.22.1
2026-10-07T00:13:34.0871238Z [1m[92m   Compiling[0m matchit v0.8.4
2026-10-07T00:13:34.1849961Z [1m[92m   Compiling[0m rusqlite v0.40.2
2026-10-07T00:13:34.1979413Z [1m[92m   Compiling[0m axum v0.8.9
2026-10-07T00:13:34.2369391Z [1m[92m   Compiling[0m deadpool v0.13.1
2026-10-07T00:13:34.2700756Z [1m[92m   Compiling[0m bumpalo v3.20.3
2026-10-07T00:13:35.7887411Z [1m[92m   Compiling[0m nagi-runtime v0.1.10 (/home/runner/work/Nagi/Nagi/runtime)
2026-10-07T00:13:42.3687524Z [1m[92m    Finished[0m `test` profile [unoptimized + debuginfo] target(s) in 14.99s
2026-10-07T00:13:42.3728817Z [1m[92m     Running[0m unittests src/lib.rs (target/debug/deps/nagi_runtime-cd38048656decff3)
2026-10-07T00:13:42.3741968Z 
2026-10-07T00:13:42.3742067Z running 17 tests
2026-10-07T00:13:42.3749628Z test task::tests::cancelled_drain_can_resume_after_child_drop_gate ... ok
2026-10-07T00:13:42.3750401Z test task::tests::discard_keeps_fault_and_legacy_error_observation ... ok
2026-10-07T00:13:42.3753553Z test task::tests::legacy_structured_cause_preserves_kind_message_and_primary_after_later_fault ... ok
2026-10-07T00:13:42.3755544Z test task::tests::fake_native_id_reuse_does_not_mix_unreceived_tickets_and_retire_records ... ok
2026-10-07T00:13:42.3758720Z test task::tests::parent_drop_requests_abort_but_does_not_report_child_destruction_complete ... ok
2026-10-07T00:13:42.3765986Z test task::tests::payload_drop_locations_distinguish_failed_send_buffer_and_received_value ... ok
2026-10-07T00:13:42.3766872Z test task::tests::heterogeneous_results_and_business_error_keep_sibling_healthy ... ok
2026-10-07T00:13:42.3768471Z test task::tests::fault_return_waits_for_requested_sibling_cleanup_and_actual_join ... ok
2026-10-07T00:13:42.3769163Z test task::tests::received_fault_remains_sticky_at_scope_exit ... ok
2026-10-07T00:13:42.3769868Z test task::tests::requested_cancel_does_not_hide_already_returned_legacy_error ... ok
2026-10-07T00:13:42.3773007Z test task::tests::receiver_notification_cannot_replace_actual_join ... ok
2026-10-07T00:13:42.3773720Z test task::tests::spawn_after_fault_keeps_input_evaluation_and_actual_join_responsibility ... ok
2026-10-07T00:13:42.3774491Z test task::tests::target_other_than_first_join_and_body_error_primary_are_preserved ... ok
2026-10-07T00:13:42.3775263Z test task::tests::wrong_owner_and_missing_output_are_protocol_errors_without_stolen_join ... ok
2026-10-07T00:13:42.3776041Z test task::tests::requested_cancel_preserves_panic_and_unrequested_cancel_is_fault ... ok
2026-10-07T00:13:42.3776798Z test task::tests::unpolled_and_pending_receive_drop_keep_scope_join_responsibility ... ok
2026-10-07T00:13:42.3781372Z test task::tests::sticky_receive_retires_its_joined_ticket ... ok
2026-10-07T00:13:42.3781528Z 
2026-10-07T00:13:42.3781721Z test result: ok. 17 passed; 0 failed; 0 ignored; 0 measured; 191 filtered out; finished in 0.00s
2026-10-07T00:13:42.3781903Z 
2026-10-07T00:13:42.4525596Z [1m[92m   Compiling[0m nagi-runtime v0.1.10 (/home/runner/work/Nagi/Nagi/runtime)
2026-10-07T00:13:44.0995139Z [1m[92m    Finished[0m `test` profile [unoptimized + debuginfo] target(s) in 1.67s
2026-10-07T00:13:44.1032582Z [1m[92m     Running[0m tests/task_handles.rs (target/debug/deps/task_handles-9403ca58e5f6fb38)
2026-10-07T00:13:44.1042901Z 
2026-10-07T00:13:44.1043059Z running 3 tests
2026-10-07T00:13:44.1048408Z test public_mixed_legacy_failure_keeps_failure_category_and_native_exit_error ... ok
2026-10-07T00:13:44.1048912Z test public_failure_getters_keep_fault_sticky_after_receive ... ok
2026-10-07T00:13:44.1050696Z test public_task_results_keep_business_error_inside_and_legacy_error_at_exit ... ok
2026-10-07T00:13:44.1050991Z 
2026-10-07T00:13:44.1051295Z test result: ok. 3 passed; 0 failed; 0 ignored; 0 measured; 0 filtered out; finished in 0.00s
2026-10-07T00:13:44.1051608Z 
2026-10-07T00:13:44.1436063Z [1m[92m    Finished[0m `test` profile [unoptimized + debuginfo] target(s) in 0.03s
2026-10-07T00:13:44.1454216Z [1m[92m   Doc-tests[0m nagi_runtime
2026-10-07T00:13:44.9422671Z 
2026-10-07T00:13:44.9423098Z running 9 tests
2026-10-07T00:13:44.9859781Z test runtime/src/auth.rs - auth::Grant (line 53) - compile fail ... ok
2026-10-07T00:13:44.9860895Z test runtime/src/auth.rs - auth::Principal (line 13) - compile fail ... ok
2026-10-07T00:13:45.0147712Z test runtime/src/auth.rs - auth::Principal (line 20) - compile fail ... ok
2026-10-07T00:13:45.0392058Z test runtime/src/auth.rs - auth::Grant (line 48) - compile fail ... ok
2026-10-07T00:13:45.0419226Z test runtime/src/auth.rs - auth::Principal (line 16) - compile fail ... ok
2026-10-07T00:13:45.0419798Z test runtime/src/task.rs - task::Task (line 83) - compile fail ... ok
2026-10-07T00:13:45.0682475Z test runtime/src/task.rs - task::Task (line 94) - compile fail ... ok
2026-10-07T00:13:45.0771984Z test runtime/src/task.rs - task::TaskFailure (line 59) - compile fail ... ok
2026-10-07T00:13:45.1357396Z test runtime/src/task.rs - task::Task (line 87) - compile fail ... ok
2026-10-07T00:13:45.1357579Z 
2026-10-07T00:13:45.1357780Z test result: ok. 9 passed; 0 failed; 0 ignored; 0 measured; 0 filtered out; finished in 0.20s
2026-10-07T00:13:45.1357963Z 
2026-10-07T00:13:45.1495768Z ##[group]Run cargo run --locked -p nagic --example task-contract-red -- --report "$RUNNER_TEMP/task-contracts.json"
2026-10-07T00:13:45.1496200Z [36;1mcargo run --locked -p nagic --example task-contract-red -- --report "$RUNNER_TEMP/task-contracts.json"[0m
2026-10-07T00:13:45.1547226Z shell: /usr/bin/bash --noprofile --norc -e -o pipefail {0}
2026-10-07T00:13:45.1547405Z env:
2026-10-07T00:13:45.1547566Z   NAGI_FAILURE_DIR: /home/runner/work/Nagi/Nagi/build/compiler-failures
2026-10-07T00:13:45.1547767Z   CARGO_HOME: /home/runner/.cargo
2026-10-07T00:13:45.1547903Z   CARGO_INCREMENTAL: 0
2026-10-07T00:13:45.1548036Z   CARGO_TERM_COLOR: always
2026-10-07T00:13:45.1548193Z   pythonLocation: /opt/hostedtoolcache/Python/3.12.15/x64
2026-10-07T00:13:45.1548416Z   PKG_CONFIG_PATH: /opt/hostedtoolcache/Python/3.12.15/x64/lib/pkgconfig
2026-10-07T00:13:45.1548636Z   Python_ROOT_DIR: /opt/hostedtoolcache/Python/3.12.15/x64
2026-10-07T00:13:45.1548854Z   Python2_ROOT_DIR: /opt/hostedtoolcache/Python/3.12.15/x64
2026-10-07T00:13:45.1549057Z   Python3_ROOT_DIR: /opt/hostedtoolcache/Python/3.12.15/x64
2026-10-07T00:13:45.1549261Z   LD_LIBRARY_PATH: /opt/hostedtoolcache/Python/3.12.15/x64/lib
2026-10-07T00:13:45.1549434Z ##[endgroup]
2026-10-07T00:13:45.2352307Z [1m[92m   Compiling[0m nagic v0.1.10 (/home/runner/work/Nagi/Nagi/compiler)
2026-10-07T00:13:45.4145103Z [1m[92m    Finished[0m `dev` profile [unoptimized + debuginfo] target(s) in 0.24s
2026-10-07T00:13:45.4165346Z [1m[92m     Running[0m `target/debug/examples/task-contract-red --report /home/runner/work/_temp/task-contracts.json`
2026-10-07T00:13:45.8196853Z Task contracts: 148/148 matched; report: /home/runner/work/_temp/task-contracts.json
2026-10-07T00:13:45.8222474Z ##[group]Run python scripts/verify_library_examples.py --only task-results
2026-10-07T00:13:45.8222758Z [36;1mpython scripts/verify_library_examples.py --only task-results[0m
2026-10-07T00:13:45.8272884Z shell: /usr/bin/bash -e {0}
2026-10-07T00:13:45.8273019Z env:
2026-10-07T00:13:45.8273182Z   NAGI_FAILURE_DIR: /home/runner/work/Nagi/Nagi/build/compiler-failures
2026-10-07T00:13:45.8273383Z   CARGO_HOME: /home/runner/.cargo
2026-10-07T00:13:45.8273518Z   CARGO_INCREMENTAL: 0
2026-10-07T00:13:45.8273638Z   CARGO_TERM_COLOR: always
2026-10-07T00:13:45.8273799Z   pythonLocation: /opt/hostedtoolcache/Python/3.12.15/x64
2026-10-07T00:13:45.8274040Z   PKG_CONFIG_PATH: /opt/hostedtoolcache/Python/3.12.15/x64/lib/pkgconfig
2026-10-07T00:13:45.8274262Z   Python_ROOT_DIR: /opt/hostedtoolcache/Python/3.12.15/x64
2026-10-07T00:13:45.8274462Z   Python2_ROOT_DIR: /opt/hostedtoolcache/Python/3.12.15/x64
2026-10-07T00:13:45.8274676Z   Python3_ROOT_DIR: /opt/hostedtoolcache/Python/3.12.15/x64
2026-10-07T00:13:45.8274894Z   LD_LIBRARY_PATH: /opt/hostedtoolcache/Python/3.12.15/x64/lib
2026-10-07T00:13:45.8275065Z ##[endgroup]
2026-10-07T00:13:47.1355591Z Passed: task-results (high)
2026-10-07T00:13:48.1094270Z Passed: task-results (saved-low)
2026-10-07T00:13:49.0905585Z Passed: task-results (handwritten-low)
2026-10-07T00:13:49.0935061Z {"forms": 3, "status": "passed"}
2026-10-07T00:13:49.1028822Z ##[group]Run python scripts/verify_library_examples.py --only supervised-service
2026-10-07T00:13:49.1029131Z [36;1mpython scripts/verify_library_examples.py --only supervised-service[0m
2026-10-07T00:13:49.1079202Z shell: /usr/bin/bash -e {0}
2026-10-07T00:13:49.1079334Z env:
2026-10-07T00:13:49.1079498Z   NAGI_FAILURE_DIR: /home/runner/work/Nagi/Nagi/build/compiler-failures
2026-10-07T00:13:49.1079702Z   CARGO_HOME: /home/runner/.cargo
2026-10-07T00:13:49.1079838Z   CARGO_INCREMENTAL: 0
2026-10-07T00:13:49.1080088Z   CARGO_TERM_COLOR: always
2026-10-07T00:13:49.1080245Z   pythonLocation: /opt/hostedtoolcache/Python/3.12.15/x64
2026-10-07T00:13:49.1080469Z   PKG_CONFIG_PATH: /opt/hostedtoolcache/Python/3.12.15/x64/lib/pkgconfig
2026-10-07T00:13:49.1080687Z   Python_ROOT_DIR: /opt/hostedtoolcache/Python/3.12.15/x64
2026-10-07T00:13:49.1080886Z   Python2_ROOT_DIR: /opt/hostedtoolcache/Python/3.12.15/x64
2026-10-07T00:13:49.1081103Z   Python3_ROOT_DIR: /opt/hostedtoolcache/Python/3.12.15/x64
2026-10-07T00:13:49.1081305Z   LD_LIBRARY_PATH: /opt/hostedtoolcache/Python/3.12.15/x64/lib
2026-10-07T00:13:49.1081475Z ##[endgroup]
2026-10-07T00:13:52.5166486Z Passed: supervised-service (high)
2026-10-07T00:13:55.7095742Z Passed: supervised-service (saved-low)
2026-10-07T00:13:58.9427162Z Passed: supervised-service (handwritten-low)
2026-10-07T00:13:58.9458923Z {"forms": 3, "status": "passed"}
2026-10-07T00:13:58.9552823Z ##[group]Run python -m unittest discover -s scripts -p 'test_native_artifacts.py'
2026-10-07T00:13:58.9553136Z [36;1mpython -m unittest discover -s scripts -p 'test_native_artifacts.py'[0m
2026-10-07T00:13:58.9602617Z shell: /usr/bin/bash -e {0}
2026-10-07T00:13:58.9602749Z env:
2026-10-07T00:13:58.9602909Z   NAGI_FAILURE_DIR: /home/runner/work/Nagi/Nagi/build/compiler-failures
2026-10-07T00:13:58.9603110Z   CARGO_HOME: /home/runner/.cargo
2026-10-07T00:13:58.9603246Z   CARGO_INCREMENTAL: 0
2026-10-07T00:13:58.9603366Z   CARGO_TERM_COLOR: always
2026-10-07T00:13:58.9603524Z   pythonLocation: /opt/hostedtoolcache/Python/3.12.15/x64
2026-10-07T00:13:58.9603747Z   PKG_CONFIG_PATH: /opt/hostedtoolcache/Python/3.12.15/x64/lib/pkgconfig
2026-10-07T00:13:58.9603966Z   Python_ROOT_DIR: /opt/hostedtoolcache/Python/3.12.15/x64
2026-10-07T00:13:58.9604165Z   Python2_ROOT_DIR: /opt/hostedtoolcache/Python/3.12.15/x64
2026-10-07T00:13:58.9604383Z   Python3_ROOT_DIR: /opt/hostedtoolcache/Python/3.12.15/x64
2026-10-07T00:13:58.9604588Z   LD_LIBRARY_PATH: /opt/hostedtoolcache/Python/3.12.15/x64/lib
2026-10-07T00:13:58.9604761Z ##[endgroup]
2026-10-07T00:13:59.1715151Z .........
2026-10-07T00:13:59.1715501Z ----------------------------------------------------------------------
2026-10-07T00:13:59.1715831Z Ran 9 tests in 0.011s
2026-10-07T00:13:59.1715965Z 
2026-10-07T00:13:59.1716040Z OK
2026-10-07T00:13:59.1833060Z ##[group]Run python -m unittest discover -s scripts -p 'test_application_native_tests.py'
2026-10-07T00:13:59.1833596Z [36;1mpython -m unittest discover -s scripts -p 'test_application_native_tests.py'[0m
2026-10-07T00:13:59.1883420Z shell: /usr/bin/bash -e {0}
2026-10-07T00:13:59.1883566Z env:
2026-10-07T00:13:59.1883734Z   NAGI_FAILURE_DIR: /home/runner/work/Nagi/Nagi/build/compiler-failures
2026-10-07T00:13:59.1883943Z   CARGO_HOME: /home/runner/.cargo
2026-10-07T00:13:59.1884079Z   CARGO_INCREMENTAL: 0
2026-10-07T00:13:59.1884199Z   CARGO_TERM_COLOR: always
2026-10-07T00:13:59.1884360Z   pythonLocation: /opt/hostedtoolcache/Python/3.12.15/x64
2026-10-07T00:13:59.1884585Z   PKG_CONFIG_PATH: /opt/hostedtoolcache/Python/3.12.15/x64/lib/pkgconfig
2026-10-07T00:13:59.1884814Z   Python_ROOT_DIR: /opt/hostedtoolcache/Python/3.12.15/x64
2026-10-07T00:13:59.1885015Z   Python2_ROOT_DIR: /opt/hostedtoolcache/Python/3.12.15/x64
2026-10-07T00:13:59.1885240Z   Python3_ROOT_DIR: /opt/hostedtoolcache/Python/3.12.15/x64
2026-10-07T00:13:59.1885443Z   LD_LIBRARY_PATH: /opt/hostedtoolcache/Python/3.12.15/x64/lib
2026-10-07T00:13:59.1885614Z ##[endgroup]
2026-10-07T00:13:59.5345401Z .....
2026-10-07T00:13:59.5345759Z ----------------------------------------------------------------------
2026-10-07T00:13:59.5346038Z Ran 5 tests in 0.005s
2026-10-07T00:13:59.5346127Z 
2026-10-07T00:13:59.5346174Z OK
2026-10-07T00:13:59.5454768Z ##[group]Run cargo test --locked -p nagi-runtime oversized_body_ -- --test-threads=1
2026-10-07T00:13:59.5455303Z [36;1mcargo test --locked -p nagi-runtime oversized_body_ -- --test-threads=1[0m
2026-10-07T00:13:59.5513112Z shell: /usr/bin/bash -e {0}
2026-10-07T00:13:59.5513256Z env:
2026-10-07T00:13:59.5513569Z   NAGI_FAILURE_DIR: /home/runner/work/Nagi/Nagi/build/compiler-failures
2026-10-07T00:13:59.5513777Z   CARGO_HOME: /home/runner/.cargo
2026-10-07T00:13:59.5513913Z   CARGO_INCREMENTAL: 0
2026-10-07T00:13:59.5514036Z   CARGO_TERM_COLOR: always
2026-10-07T00:13:59.5514195Z   pythonLocation: /opt/hostedtoolcache/Python/3.12.15/x64
2026-10-07T00:13:59.5514417Z   PKG_CONFIG_PATH: /opt/hostedtoolcache/Python/3.12.15/x64/lib/pkgconfig
2026-10-07T00:13:59.5514635Z   Python_ROOT_DIR: /opt/hostedtoolcache/Python/3.12.15/x64
2026-10-07T00:13:59.5514835Z   Python2_ROOT_DIR: /opt/hostedtoolcache/Python/3.12.15/x64
2026-10-07T00:13:59.5515053Z   Python3_ROOT_DIR: /opt/hostedtoolcache/Python/3.12.15/x64
2026-10-07T00:13:59.5515258Z   LD_LIBRARY_PATH: /opt/hostedtoolcache/Python/3.12.15/x64/lib
2026-10-07T00:13:59.5515428Z ##[endgroup]
2026-10-07T00:13:59.5940891Z [1m[92m    Finished[0m `test` profile [unoptimized + debuginfo] target(s) in 0.03s
2026-10-07T00:13:59.5957432Z [1m[92m     Running[0m unittests src/lib.rs (target/debug/deps/nagi_runtime-cd38048656decff3)
2026-10-07T00:13:59.5968408Z 
2026-10-07T00:13:59.5968499Z running 5 tests
2026-10-07T00:13:59.7990386Z test http_server::tests::oversized_body_boundary_accepts_4096_and_incomplete_upload_keeps_body_deadline ... ok
2026-10-07T00:13:59.8006318Z test http_server::tests::oversized_body_chunked_delivers_413_with_or_without_final_chunk ... ok
2026-10-07T00:13:59.8020742Z test http_server::tests::oversized_body_content_length_delivers_413_without_calling_handler ... ok
2026-10-07T00:13:59.8034500Z test http_server::tests::oversized_body_declared_length_rejects_headers_and_incomplete_upload_promptly ... ok
2026-10-07T00:13:59.8044170Z test http_server::tests::oversized_body_rejects_keep_alive_upload_and_never_dispatches_pipeline ... ok
2026-10-07T00:13:59.8044515Z 
2026-10-07T00:13:59.8044838Z test result: ok. 5 passed; 0 failed; 0 ignored; 0 measured; 203 filtered out; finished in 0.21s
2026-10-07T00:13:59.8045133Z 
2026-10-07T00:13:59.8047858Z [1m[92m     Running[0m tests/task_handles.rs (target/debug/deps/task_handles-9403ca58e5f6fb38)
2026-10-07T00:13:59.8055848Z 
2026-10-07T00:13:59.8056012Z running 0 tests
2026-10-07T00:13:59.8056136Z 
2026-10-07T00:13:59.8056443Z test result: ok. 0 passed; 0 failed; 0 ignored; 0 measured; 3 filtered out; finished in 0.00s
2026-10-07T00:13:59.8056730Z 
2026-10-07T00:13:59.8114723Z ##[group]Run cargo test --locked -p nagi-runtime panic_ -- --test-threads=1
2026-10-07T00:13:59.8115202Z [36;1mcargo test --locked -p nagi-runtime panic_ -- --test-threads=1[0m
2026-10-07T00:13:59.8182417Z shell: /usr/bin/bash -e {0}
2026-10-07T00:13:59.8193749Z env:
2026-10-07T00:13:59.8194045Z   NAGI_FAILURE_DIR: /home/runner/work/Nagi/Nagi/build/compiler-failures
2026-10-07T00:13:59.8194399Z   CARGO_HOME: /home/runner/.cargo
2026-10-07T00:13:59.8194623Z   CARGO_INCREMENTAL: 0
2026-10-07T00:13:59.8194815Z   CARGO_TERM_COLOR: always
2026-10-07T00:13:59.8195075Z   pythonLocation: /opt/hostedtoolcache/Python/3.12.15/x64
2026-10-07T00:13:59.8195469Z   PKG_CONFIG_PATH: /opt/hostedtoolcache/Python/3.12.15/x64/lib/pkgconfig
2026-10-07T00:13:59.8195845Z   Python_ROOT_DIR: /opt/hostedtoolcache/Python/3.12.15/x64
2026-10-07T00:13:59.8196187Z   Python2_ROOT_DIR: /opt/hostedtoolcache/Python/3.12.15/x64
2026-10-07T00:13:59.8196558Z   Python3_ROOT_DIR: /opt/hostedtoolcache/Python/3.12.15/x64
2026-10-07T00:13:59.8196903Z   LD_LIBRARY_PATH: /opt/hostedtoolcache/Python/3.12.15/x64/lib
2026-10-07T00:13:59.8197385Z ##[endgroup]
2026-10-07T00:13:59.8643015Z [1m[92m    Finished[0m `test` profile [unoptimized + debuginfo] target(s) in 0.03s
2026-10-07T00:13:59.8657324Z [1m[92m     Running[0m unittests src/lib.rs (target/debug/deps/nagi_runtime-cd38048656decff3)
2026-10-07T00:13:59.8668197Z 
2026-10-07T00:13:59.8668299Z running 18 tests
2026-10-07T00:13:59.9200578Z test actor::lifecycle_adversarial_tests::a_blocking_panic_payload_destructor_remains_a_retained_child_obligation ... ok
2026-10-07T00:13:59.9204213Z test actor::lifecycle_adversarial_tests::a_factory_constructor_panic_does_not_lose_the_context_cleanup_obligation ... ok
2026-10-07T00:13:59.9730135Z test actor::lifecycle_adversarial_tests::a_finite_follow_on_panic_payload_retains_the_guard_and_context_until_drop_finishes ... ok
2026-10-07T00:13:59.9734200Z test actor::lifecycle_adversarial_tests::a_panic_payload_destructor_can_observe_and_stop_its_group_without_a_lock_cycle ... ok
2026-10-07T00:13:59.9737624Z test actor::lifecycle_adversarial_tests::context_owned_by_a_child_panic_payload_is_cleaned_before_final_context_cleanup ... ok
2026-10-07T00:13:59.9739835Z test concurrent::tests::panic_isolated ... ok
2026-10-07T00:13:59.9800717Z test http::panic_tests::handler_extractor_and_response_panics_return_sanitized_500_for_get_and_head ... ok
2026-10-07T00:14:00.0612994Z test http_server::tests::handler_panic_after_deadline_returns_500_and_releases_admission ... ok
2026-10-07T00:14:00.0621181Z test http_server::tests::panic_tests::http_error_mapper_panic_returns_500 ... ok
2026-10-07T00:14:00.0629975Z test http_server::tests::panic_tests::http_handler_constructor_panic_returns_500 ... ok
2026-10-07T00:14:00.0638466Z test http_server::tests::panic_tests::http_handler_division_by_zero_returns_500_and_server_keeps_serving ... ok
2026-10-07T00:14:00.0647280Z test http_server::tests::panic_tests::http_handler_out_of_bounds_returns_500_and_server_keeps_serving ... ok
2026-10-07T00:14:00.0655304Z test http_server::tests::panic_tests::http_handler_panic_after_await_returns_500_without_exposing_payload ... ok
2026-10-07T00:14:00.0663535Z test http_server::tests::panic_tests::http_handler_panic_head_response_has_no_body ... ok
2026-10-07T00:14:00.0674465Z test sqlite_prototype::adapter_tests::callback_panic_retires_pool_and_join_does_not_hide_native_close_failure ... ok
2026-10-07T00:14:00.0677605Z test sqlite_prototype::tests::management_panic_restores_raii_flag_before_observed_rollback_and_retirement ... ok
2026-10-07T00:14:00.0681027Z test sqlite_prototype::tests::user_callback_panic_restores_management_state_and_retires_worker ... ok
2026-10-07T00:14:00.0684771Z test task::tests::requested_cancel_preserves_panic_and_unrequested_cancel_is_fault ... ok
2026-10-07T00:14:00.0685082Z 
2026-10-07T00:14:00.0685395Z test result: ok. 18 passed; 0 failed; 0 ignored; 0 measured; 190 filtered out; finished in 0.20s
2026-10-07T00:14:00.0685690Z 
2026-10-07T00:14:00.0689760Z [1m[92m     Running[0m tests/task_handles.rs (target/debug/deps/task_handles-9403ca58e5f6fb38)
2026-10-07T00:14:00.0697752Z 
2026-10-07T00:14:00.0697844Z running 0 tests
2026-10-07T00:14:00.0697961Z 
2026-10-07T00:14:00.0698210Z test result: ok. 0 passed; 0 failed; 0 ignored; 0 measured; 3 filtered out; finished in 0.00s
2026-10-07T00:14:00.0698383Z 
2026-10-07T00:14:00.0862485Z ##[group]Run cargo test --locked -p nagi-runtime handler_timeout_ -- --test-threads=1
2026-10-07T00:14:00.0862973Z [36;1mcargo test --locked -p nagi-runtime handler_timeout_ -- --test-threads=1[0m
2026-10-07T00:14:00.0918181Z shell: /usr/bin/bash -e {0}
2026-10-07T00:14:00.0918326Z env:
2026-10-07T00:14:00.0918489Z   NAGI_FAILURE_DIR: /home/runner/work/Nagi/Nagi/build/compiler-failures
2026-10-07T00:14:00.0918690Z   CARGO_HOME: /home/runner/.cargo
2026-10-07T00:14:00.0918824Z   CARGO_INCREMENTAL: 0
2026-10-07T00:14:00.0918944Z   CARGO_TERM_COLOR: always
2026-10-07T00:14:00.0919101Z   pythonLocation: /opt/hostedtoolcache/Python/3.12.15/x64
2026-10-07T00:14:00.0919326Z   PKG_CONFIG_PATH: /opt/hostedtoolcache/Python/3.12.15/x64/lib/pkgconfig
2026-10-07T00:14:00.0919544Z   Python_ROOT_DIR: /opt/hostedtoolcache/Python/3.12.15/x64
2026-10-07T00:14:00.0919745Z   Python2_ROOT_DIR: /opt/hostedtoolcache/Python/3.12.15/x64
2026-10-07T00:14:00.0919967Z   Python3_ROOT_DIR: /opt/hostedtoolcache/Python/3.12.15/x64
2026-10-07T00:14:00.0920172Z   LD_LIBRARY_PATH: /opt/hostedtoolcache/Python/3.12.15/x64/lib
2026-10-07T00:14:00.0920342Z ##[endgroup]
2026-10-07T00:14:00.2248295Z [1m[92m    Finished[0m `test` profile [unoptimized + debuginfo] target(s) in 0.03s
2026-10-07T00:14:00.2263831Z [1m[92m     Running[0m unittests src/lib.rs (target/debug/deps/nagi_runtime-cd38048656decff3)
2026-10-07T00:14:00.2275119Z 
2026-10-07T00:14:00.2275218Z running 2 tests
2026-10-07T00:14:00.3300664Z test http_server::tests::handler_timeout_cancels_future_and_releases_request_capacity ... ok
2026-10-07T00:14:00.4111469Z test http_server::tests::handler_timeout_rejects_a_ready_response_after_blocking_poll ... ok
2026-10-07T00:14:00.4111681Z 
2026-10-07T00:14:00.4111885Z test result: ok. 2 passed; 0 failed; 0 ignored; 0 measured; 206 filtered out; finished in 0.18s
2026-10-07T00:14:00.4112069Z 
2026-10-07T00:14:00.4115130Z [1m[92m     Running[0m tests/task_handles.rs (target/debug/deps/task_handles-9403ca58e5f6fb38)
2026-10-07T00:14:00.4123667Z 
2026-10-07T00:14:00.4123762Z running 0 tests
2026-10-07T00:14:00.4123878Z 
2026-10-07T00:14:00.4124188Z test result: ok. 0 passed; 0 failed; 0 ignored; 0 measured; 3 filtered out; finished in 0.00s
2026-10-07T00:14:00.4124481Z 
2026-10-07T00:14:00.5269929Z ##[group]Run python scripts/releases/package.py --binary "target/release/$RELEASE_EXECUTABLE" --version "$RELEASE_VERSION" --platform "$RELEASE_PLATFORM"
2026-10-07T00:14:00.5270488Z [36;1mpython scripts/releases/package.py --binary "target/release/$RELEASE_EXECUTABLE" --version "$RELEASE_VERSION" --platform "$RELEASE_PLATFORM"[0m
2026-10-07T00:14:00.5321252Z shell: /usr/bin/bash --noprofile --norc -e -o pipefail {0}
2026-10-07T00:14:00.5321430Z env:
2026-10-07T00:14:00.5321594Z   NAGI_FAILURE_DIR: /home/runner/work/Nagi/Nagi/build/compiler-failures
2026-10-07T00:14:00.5321791Z   CARGO_HOME: /home/runner/.cargo
2026-10-07T00:14:00.5321926Z   CARGO_INCREMENTAL: 0
2026-10-07T00:14:00.5322044Z   CARGO_TERM_COLOR: always
2026-10-07T00:14:00.5322200Z   pythonLocation: /opt/hostedtoolcache/Python/3.12.15/x64
2026-10-07T00:14:00.5322422Z   PKG_CONFIG_PATH: /opt/hostedtoolcache/Python/3.12.15/x64/lib/pkgconfig
2026-10-07T00:14:00.5322663Z   Python_ROOT_DIR: /opt/hostedtoolcache/Python/3.12.15/x64
2026-10-07T00:14:00.5322864Z   Python2_ROOT_DIR: /opt/hostedtoolcache/Python/3.12.15/x64
2026-10-07T00:14:00.5323070Z   Python3_ROOT_DIR: /opt/hostedtoolcache/Python/3.12.15/x64
2026-10-07T00:14:00.5323271Z   LD_LIBRARY_PATH: /opt/hostedtoolcache/Python/3.12.15/x64/lib
2026-10-07T00:14:00.5323441Z   RELEASE_VERSION: 0.1.10
2026-10-07T00:14:00.5323568Z   RELEASE_PLATFORM: linux-x86_64
2026-10-07T00:14:00.5323704Z   RELEASE_EXECUTABLE: nagic
2026-10-07T00:14:00.5323834Z ##[endgroup]
2026-10-07T00:14:01.1292620Z /home/runner/work/Nagi/Nagi/build/distribution/nagi-0.1.10-linux-x86_64.tar.gz
2026-10-07T00:14:01.1365943Z ##[group]Run python - <<'PY'
2026-10-07T00:14:01.1366121Z [36;1mpython - <<'PY'[0m
2026-10-07T00:14:01.1366247Z [36;1mimport os, sys[0m
2026-10-07T00:14:01.1366380Z [36;1mfrom pathlib import Path[0m
2026-10-07T00:14:01.1366539Z [36;1msys.path.insert(0, 'scripts/releases')[0m
2026-10-07T00:14:01.1366703Z [36;1mfrom verify import verify[0m
2026-10-07T00:14:01.1366925Z [36;1mversion, platform = os.environ['RELEASE_VERSION'], os.environ['RELEASE_PLATFORM'][0m
2026-10-07T00:14:01.1367371Z [36;1msuffix = '.zip' if os.name == 'nt' else '.tar.gz'[0m
2026-10-07T00:14:01.1367678Z [36;1mverify(Path('build/distribution') / f'nagi-{version}-{platform}{suffix}', version, platform, Path('native-target'))[0m
2026-10-07T00:14:01.1367952Z [36;1mPY[0m
2026-10-07T00:14:01.1415533Z shell: /usr/bin/bash --noprofile --norc -e -o pipefail {0}
2026-10-07T00:14:01.1415711Z env:
2026-10-07T00:14:01.1415876Z   NAGI_FAILURE_DIR: /home/runner/work/Nagi/Nagi/build/compiler-failures
2026-10-07T00:14:01.1416097Z   CARGO_HOME: /home/runner/.cargo
2026-10-07T00:14:01.1416233Z   CARGO_INCREMENTAL: 0
2026-10-07T00:14:01.1416356Z   CARGO_TERM_COLOR: always
2026-10-07T00:14:01.1416512Z   pythonLocation: /opt/hostedtoolcache/Python/3.12.15/x64
2026-10-07T00:14:01.1416734Z   PKG_CONFIG_PATH: /opt/hostedtoolcache/Python/3.12.15/x64/lib/pkgconfig
2026-10-07T00:14:01.1417087Z   Python_ROOT_DIR: /opt/hostedtoolcache/Python/3.12.15/x64
2026-10-07T00:14:01.1417452Z   Python2_ROOT_DIR: /opt/hostedtoolcache/Python/3.12.15/x64
2026-10-07T00:14:01.1417654Z   Python3_ROOT_DIR: /opt/hostedtoolcache/Python/3.12.15/x64
2026-10-07T00:14:01.1417860Z   LD_LIBRARY_PATH: /opt/hostedtoolcache/Python/3.12.15/x64/lib
2026-10-07T00:14:01.1418033Z   RELEASE_VERSION: 0.1.10
2026-10-07T00:14:01.1418161Z   RELEASE_PLATFORM: linux-x86_64
2026-10-07T00:14:01.1418295Z   RELEASE_EXECUTABLE: nagic
2026-10-07T00:14:01.1418416Z ##[endgroup]
2026-10-07T00:14:09.7649275Z Verified SQL engine: extracted compiler, offline schema, bad columns/binds, Nagi locations, no Cargo/runtime
2026-10-07T00:14:09.7650202Z Verified 0.1.10 linux-x86_64: PATH, external projects, version, help, function aliases, shared/borrowed JSON, early Nagi diagnostics
2026-10-07T00:14:09.7651102Z Verified local Rust dependency: manifest-relative path, package alias, features, default-features, separate cwd/output
2026-10-07T00:14:09.7651811Z Verified standard actor library: extracted runtime, typed context, task, tracked cleanup
2026-10-07T00:14:09.7652670Z Verified Task handles: extracted compiler/runtime, High/saved Low/handwritten Low, receive/discard, nested business Err, early ownership diagnostics
2026-10-07T00:14:09.7732585Z ##[group]Run python tests/route_integration.py
2026-10-07T00:14:09.7732781Z [36;1mpython tests/route_integration.py[0m
2026-10-07T00:14:09.7782924Z shell: /usr/bin/bash -e {0}
2026-10-07T00:14:09.7783060Z env:
2026-10-07T00:14:09.7783222Z   NAGI_FAILURE_DIR: /home/runner/work/Nagi/Nagi/build/compiler-failures
2026-10-07T00:14:09.7783428Z   CARGO_HOME: /home/runner/.cargo
2026-10-07T00:14:09.7783564Z   CARGO_INCREMENTAL: 0
2026-10-07T00:14:09.7783684Z   CARGO_TERM_COLOR: always
2026-10-07T00:14:09.7783842Z   pythonLocation: /opt/hostedtoolcache/Python/3.12.15/x64
2026-10-07T00:14:09.7784064Z   PKG_CONFIG_PATH: /opt/hostedtoolcache/Python/3.12.15/x64/lib/pkgconfig
2026-10-07T00:14:09.7784283Z   Python_ROOT_DIR: /opt/hostedtoolcache/Python/3.12.15/x64
2026-10-07T00:14:09.7784482Z   Python2_ROOT_DIR: /opt/hostedtoolcache/Python/3.12.15/x64
2026-10-07T00:14:09.7784694Z   Python3_ROOT_DIR: /opt/hostedtoolcache/Python/3.12.15/x64
2026-10-07T00:14:09.7784914Z   LD_LIBRARY_PATH: /opt/hostedtoolcache/Python/3.12.15/x64/lib
2026-10-07T00:14:09.7785085Z ##[endgroup]
2026-10-07T00:14:12.3352991Z HTTP route parameters: 7 passed
2026-10-07T00:14:12.3451510Z ##[group]Run python tests/http_stdlib_integration.py
2026-10-07T00:14:12.3451716Z [36;1mpython tests/http_stdlib_integration.py[0m
2026-10-07T00:14:12.3502069Z shell: /usr/bin/bash -e {0}
2026-10-07T00:14:12.3502201Z env:
2026-10-07T00:14:12.3502361Z   NAGI_FAILURE_DIR: /home/runner/work/Nagi/Nagi/build/compiler-failures
2026-10-07T00:14:12.3502563Z   CARGO_HOME: /home/runner/.cargo
2026-10-07T00:14:12.3502696Z   CARGO_INCREMENTAL: 0
2026-10-07T00:14:12.3502820Z   CARGO_TERM_COLOR: always
2026-10-07T00:14:12.3502976Z   pythonLocation: /opt/hostedtoolcache/Python/3.12.15/x64
2026-10-07T00:14:12.3503198Z   PKG_CONFIG_PATH: /opt/hostedtoolcache/Python/3.12.15/x64/lib/pkgconfig
2026-10-07T00:14:12.3503429Z   Python_ROOT_DIR: /opt/hostedtoolcache/Python/3.12.15/x64
2026-10-07T00:14:12.3503629Z   Python2_ROOT_DIR: /opt/hostedtoolcache/Python/3.12.15/x64
2026-10-07T00:14:12.3503827Z   Python3_ROOT_DIR: /opt/hostedtoolcache/Python/3.12.15/x64
2026-10-07T00:14:12.3504043Z   LD_LIBRARY_PATH: /opt/hostedtoolcache/Python/3.12.15/x64/lib
2026-10-07T00:14:12.3504214Z ##[endgroup]
2026-10-07T00:14:17.8085370Z Standard HTTP Nagi integration: 72 passed (High and independent Low)
2026-10-07T00:14:17.8458205Z ##[group]Run cargo test --locked -p nagic --test scoped_tasks
2026-10-07T00:14:17.8458439Z [36;1mcargo test --locked -p nagic --test scoped_tasks[0m
2026-10-07T00:14:17.8508212Z shell: /usr/bin/bash -e {0}
2026-10-07T00:14:17.8508348Z env:
2026-10-07T00:14:17.8508509Z   NAGI_FAILURE_DIR: /home/runner/work/Nagi/Nagi/build/compiler-failures
2026-10-07T00:14:17.8508711Z   CARGO_HOME: /home/runner/.cargo
2026-10-07T00:14:17.8508846Z   CARGO_INCREMENTAL: 0
2026-10-07T00:14:17.8509106Z   CARGO_TERM_COLOR: always
2026-10-07T00:14:17.8509264Z   pythonLocation: /opt/hostedtoolcache/Python/3.12.15/x64
2026-10-07T00:14:17.8509486Z   PKG_CONFIG_PATH: /opt/hostedtoolcache/Python/3.12.15/x64/lib/pkgconfig
2026-10-07T00:14:17.8509706Z   Python_ROOT_DIR: /opt/hostedtoolcache/Python/3.12.15/x64
2026-10-07T00:14:17.8509905Z   Python2_ROOT_DIR: /opt/hostedtoolcache/Python/3.12.15/x64
2026-10-07T00:14:17.8510107Z   Python3_ROOT_DIR: /opt/hostedtoolcache/Python/3.12.15/x64
2026-10-07T00:14:17.8510322Z   LD_LIBRARY_PATH: /opt/hostedtoolcache/Python/3.12.15/x64/lib
2026-10-07T00:14:17.8510495Z ##[endgroup]
2026-10-07T00:14:17.9840619Z [1m[92m   Compiling[0m nagic v0.1.10 (/home/runner/work/Nagi/Nagi/compiler)
2026-10-07T00:14:18.1584616Z [1m[92m    Finished[0m `test` profile [unoptimized + debuginfo] target(s) in 0.19s
2026-10-07T00:14:18.1606160Z [1m[92m     Running[0m tests/scoped_tasks.rs (target/debug/deps/scoped_tasks-6b68506939133c0a)
2026-10-07T00:14:18.1615955Z 
2026-10-07T00:14:18.1616125Z running 5 tests
2026-10-07T00:14:18.1657720Z test moving_an_owned_argument_still_consumes_it_before_later_parent_work ... ok
2026-10-07T00:14:18.1697629Z test scope_rejects_known_foreign_error_types_and_preserves_local_error_adapters ... ok
2026-10-07T00:14:18.1698357Z test futures_that_still_hold_views_are_rejected_after_copying_containers ... ok
2026-10-07T00:14:18.1709866Z test copied_views_and_values_computed_from_views_can_enter_tasks ... ok
2026-10-07T00:14:18.2536439Z test spawn_evaluates_owned_arguments_before_parent_continues_and_keeps_sources ... ok
2026-10-07T00:14:18.2536793Z 
2026-10-07T00:14:18.2537251Z test result: ok. 5 passed; 0 failed; 0 ignored; 0 measured; 0 filtered out; finished in 0.09s
2026-10-07T00:14:18.2537545Z 
2026-10-07T00:14:18.3176175Z ##[group]Run cargo test --locked -p nagi-runtime actor::
2026-10-07T00:14:18.3176532Z [36;1mcargo test --locked -p nagi-runtime actor::[0m
2026-10-07T00:14:18.3176863Z [36;1mcargo test --locked -p nagi-runtime supervisor_drop[0m
2026-10-07T00:14:18.3227766Z shell: /usr/bin/bash -e {0}
2026-10-07T00:14:18.3227954Z env:
2026-10-07T00:14:18.3228277Z   NAGI_FAILURE_DIR: /home/runner/work/Nagi/Nagi/build/compiler-failures
2026-10-07T00:14:18.3228549Z   CARGO_HOME: /home/runner/.cargo
2026-10-07T00:14:18.3228746Z   CARGO_INCREMENTAL: 0
2026-10-07T00:14:18.3229010Z   CARGO_TERM_COLOR: always
2026-10-07T00:14:18.3229271Z   pythonLocation: /opt/hostedtoolcache/Python/3.12.15/x64
2026-10-07T00:14:18.3229599Z   PKG_CONFIG_PATH: /opt/hostedtoolcache/Python/3.12.15/x64/lib/pkgconfig
2026-10-07T00:14:18.3229901Z   Python_ROOT_DIR: /opt/hostedtoolcache/Python/3.12.15/x64
2026-10-07T00:14:18.3230161Z   Python2_ROOT_DIR: /opt/hostedtoolcache/Python/3.12.15/x64
2026-10-07T00:14:18.3230570Z   Python3_ROOT_DIR: /opt/hostedtoolcache/Python/3.12.15/x64
2026-10-07T00:14:18.3230834Z   LD_LIBRARY_PATH: /opt/hostedtoolcache/Python/3.12.15/x64/lib
2026-10-07T00:14:18.3231120Z ##[endgroup]
2026-10-07T00:14:18.4758437Z [1m[92m    Finished[0m `test` profile [unoptimized + debuginfo] target(s) in 0.03s
2026-10-07T00:14:18.4772522Z [1m[92m     Running[0m unittests src/lib.rs (target/debug/deps/nagi_runtime-cd38048656decff3)
2026-10-07T00:14:18.4783871Z 
2026-10-07T00:14:18.4784065Z running 44 tests
2026-10-07T00:14:18.4786772Z test actor::charge::tests::arithmetic_and_expired_deadlines_fail_before_acceptance ... ok
2026-10-07T00:14:18.4787652Z test actor::charge::tests::option_and_result_visit_only_the_active_payload ... ok
2026-10-07T00:14:18.4789348Z test actor::charge::tests::list_capacity_and_only_initialized_elements_contribute_heap ... ok
2026-10-07T00:14:18.4790153Z test actor::charge::tests::recursive_owned_graphs_obey_depth_limit_and_restore_walk_after_errors ... ok
2026-10-07T00:14:18.4801434Z test actor::charge::tests::retained_string_bytes_and_error_capacities_are_charged ... ok
2026-10-07T00:14:18.4802051Z test actor::charge::tests::root_inline_and_envelope_are_counted_once ... ok
2026-10-07T00:14:18.4802923Z test actor::charge::tests::inline_only_lists_skip_every_element_and_zero_sized_capacity_is_safe ... ok
2026-10-07T00:14:18.4818870Z test actor::lifecycle_adversarial_tests::a_factory_constructor_panic_does_not_lose_the_context_cleanup_obligation ... ok
2026-10-07T00:14:18.4854173Z test actor::charge::tests::work_budget_includes_root_and_initialized_non_inline_elements ... ok
2026-10-07T00:14:18.4856187Z test actor::lifecycle_adversarial_tests::a_late_buffered_outer_failure_obeys_the_same_reply_deadline ... ok
2026-10-07T00:14:18.5332180Z test actor::lifecycle_adversarial_tests::a_blocking_native_poll_retains_its_child_record_until_it_returns ... ok
2026-10-07T00:14:18.5334464Z test actor::lifecycle_adversarial_tests::a_blocking_panic_payload_destructor_remains_a_retained_child_obligation ... ok
2026-10-07T00:14:18.5335799Z test actor::lifecycle_adversarial_tests::a_reply_completed_after_deadline_times_out_even_when_already_buffered ... ok
2026-10-07T00:14:18.5339223Z test actor::lifecycle_adversarial_tests::a_reply_completed_before_deadline_succeeds_when_the_caller_polls_after_deadline ... ok
2026-10-07T00:14:18.5342089Z test actor::lifecycle_adversarial_tests::a_panic_payload_destructor_can_observe_and_stop_its_group_without_a_lock_cycle ... ok
2026-10-07T00:14:18.5345068Z test actor::lifecycle_adversarial_tests::a_finite_follow_on_panic_payload_retains_the_guard_and_context_until_drop_finishes ... ok
2026-10-07T00:14:18.5349159Z test actor::lifecycle_adversarial_tests::an_event_only_surviving_control_drains_cleanup_and_observes_stream_close ... ok
2026-10-07T00:14:18.5396299Z test actor::lifecycle_adversarial_tests::a_non_yielding_poll_cannot_be_reported_as_completed_cleanup ... ok
2026-10-07T00:14:18.5614194Z test actor::lifecycle_adversarial_tests::an_unrestarted_child_failure_is_retained_while_a_healthy_sibling_continues ... ok
2026-10-07T00:14:18.5617306Z test actor::lifecycle_adversarial_tests::context_owned_by_a_child_panic_payload_is_cleaned_before_final_context_cleanup ... ok
2026-10-07T00:14:18.5865893Z test actor::lifecycle_adversarial_tests::a_surviving_control_can_finish_cleanup_after_the_running_owner_is_dropped ... ok
2026-10-07T00:14:18.5868425Z test actor::lifecycle_adversarial_tests::abort_does_not_complete_before_the_child_future_destructor_finishes ... ok
2026-10-07T00:14:18.5870315Z test actor::lifecycle_adversarial_tests::origin_runtime_cancellation_does_not_restart_a_permanent_child_on_a_surviving_runtime ... ok
2026-10-07T00:14:18.5873805Z test actor::lifecycle_adversarial_tests::panicking_factory_destruction_during_owner_drop_cannot_strand_context_cleanup ... ok
2026-10-07T00:14:18.5876502Z test actor::lifecycle_adversarial_tests::stop_during_factory_construction_cancels_every_later_inserted_child ... ok
2026-10-07T00:14:18.5880459Z test actor::lifecycle_adversarial_tests::user_destructors_do_not_run_under_the_ledger_or_stop_lock ... ok
2026-10-07T00:14:18.5885786Z test actor::tests::a_smaller_immediate_call_cannot_bypass_a_waiting_byte_reservation ... ok
2026-10-07T00:14:18.5889299Z test actor::tests::an_expired_admission_deadline_rejects_even_immediately_ready_operations ... ok
2026-10-07T00:14:18.5921626Z test actor::lifecycle_adversarial_tests::canceled_observation_keeps_unfinished_joins_available_to_another_control ... ok
2026-10-07T00:14:18.6006066Z test actor::tests::business_error_preserves_owned_state_and_restart_is_one_for_one ... ok
2026-10-07T00:14:18.6012147Z test actor::tests::canceled_event_wait_does_not_consume_a_concurrently_published_event ... ok
2026-10-07T00:14:18.6125639Z test actor::tests::escaped_readiness_tokens_reject_old_generations_and_do_not_retain_the_group ... ok
2026-10-07T00:14:18.6137505Z test actor::tests::caller_timeout_keeps_accepted_work_and_all_reservations_until_handler_finishes ... ok
2026-10-07T00:14:18.6162574Z test actor::tests::global_restart_intensity_counts_attempts_and_stops_a_pending_sibling ... ok
2026-10-07T00:14:18.6166103Z test actor::tests::lifecycle_events_are_ordered_bounded_and_keep_utf8_truncation_metadata ... ok
2026-10-07T00:14:18.6168479Z test actor::tests::event_deadlines_include_lock_contention_and_preserve_the_cursor ... ok
2026-10-07T00:14:18.6170922Z test actor::tests::normally_finished_task_tokens_are_invalid_while_the_supervisor_stays_running ... ok
2026-10-07T00:14:18.6175446Z test actor::tests::oversized_business_reply_keeps_next_state_and_retained_input_capacity_is_checked ... ok
2026-10-07T00:14:18.6239479Z test actor::tests::startup_deadline_and_zero_restart_budget_end_the_group_without_a_ready_actor ... ok
2026-10-07T00:14:18.6241620Z test actor::tests::stopped_tasks_cannot_publish_readiness_and_legacy_tasks_never_publish_it ... ok
2026-10-07T00:14:18.6264995Z test actor::tests::task_readiness_follows_initialization_once_without_changing_started ... ok
2026-10-07T00:14:18.6319906Z test actor::tests::native_factory_construction_is_included_in_the_startup_deadline ... ok
2026-10-07T00:14:18.6393442Z test actor::lifecycle_adversarial_tests::final_context_destruction_is_a_retained_phase_before_completion ... ok
2026-10-07T00:14:18.6769602Z test actor::lifecycle_adversarial_tests::delayed_native_context_owners_then_actual_context_drop_precede_completion ... ok
2026-10-07T00:14:18.6770077Z 
2026-10-07T00:14:18.6770557Z test result: ok. 44 passed; 0 failed; 0 ignored; 0 measured; 164 filtered out; finished in 0.20s
2026-10-07T00:14:18.6770891Z 
2026-10-07T00:14:18.6774535Z [1m[92m     Running[0m tests/task_handles.rs (target/debug/deps/task_handles-9403ca58e5f6fb38)
2026-10-07T00:14:18.6783388Z 
2026-10-07T00:14:18.6783676Z running 0 tests
2026-10-07T00:14:18.6783885Z 
2026-10-07T00:14:18.6784328Z test result: ok. 0 passed; 0 failed; 0 ignored; 0 measured; 3 filtered out; finished in 0.00s
2026-10-07T00:14:18.6784652Z 
2026-10-07T00:14:18.7174535Z [1m[92m    Finished[0m `test` profile [unoptimized + debuginfo] target(s) in 0.03s
2026-10-07T00:14:18.7188502Z [1m[92m     Running[0m unittests src/lib.rs (target/debug/deps/nagi_runtime-cd38048656decff3)
2026-10-07T00:14:18.7199466Z 
2026-10-07T00:14:18.7199659Z running 2 tests
2026-10-07T00:14:18.7205114Z test concurrent::tests::supervisor_drop_while_waiting_for_worker_start ... ok
2026-10-07T00:14:18.7205514Z test concurrent::tests::supervisor_drop_after_worker_start ... ok
2026-10-07T00:14:18.7205705Z 
2026-10-07T00:14:18.7205900Z test result: ok. 2 passed; 0 failed; 0 ignored; 0 measured; 206 filtered out; finished in 0.00s
2026-10-07T00:14:18.7206172Z 
2026-10-07T00:14:18.7208526Z [1m[92m     Running[0m tests/task_handles.rs (target/debug/deps/task_handles-9403ca58e5f6fb38)
2026-10-07T00:14:18.7216585Z 
2026-10-07T00:14:18.7216794Z running 0 tests
2026-10-07T00:14:18.7217176Z 
2026-10-07T00:14:18.7217563Z test result: ok. 0 passed; 0 failed; 0 ignored; 0 measured; 3 filtered out; finished in 0.00s
2026-10-07T00:14:18.7217887Z 
2026-10-07T00:14:18.7265390Z ##[group]Run cargo test --locked -p nagi-runtime database::tests
2026-10-07T00:14:18.7265637Z [36;1mcargo test --locked -p nagi-runtime database::tests[0m
2026-10-07T00:14:18.7315633Z shell: /usr/bin/bash -e {0}
2026-10-07T00:14:18.7315769Z env:
2026-10-07T00:14:18.7315931Z   NAGI_FAILURE_DIR: /home/runner/work/Nagi/Nagi/build/compiler-failures
2026-10-07T00:14:18.7316146Z   CARGO_HOME: /home/runner/.cargo
2026-10-07T00:14:18.7316283Z   CARGO_INCREMENTAL: 0
2026-10-07T00:14:18.7316403Z   CARGO_TERM_COLOR: always
2026-10-07T00:14:18.7316561Z   pythonLocation: /opt/hostedtoolcache/Python/3.12.15/x64
2026-10-07T00:14:18.7316784Z   PKG_CONFIG_PATH: /opt/hostedtoolcache/Python/3.12.15/x64/lib/pkgconfig
2026-10-07T00:14:18.7317130Z   Python_ROOT_DIR: /opt/hostedtoolcache/Python/3.12.15/x64
2026-10-07T00:14:18.7317332Z   Python2_ROOT_DIR: /opt/hostedtoolcache/Python/3.12.15/x64
2026-10-07T00:14:18.7317532Z   Python3_ROOT_DIR: /opt/hostedtoolcache/Python/3.12.15/x64
2026-10-07T00:14:18.7317751Z   LD_LIBRARY_PATH: /opt/hostedtoolcache/Python/3.12.15/x64/lib
2026-10-07T00:14:18.7317924Z ##[endgroup]
2026-10-07T00:14:18.7734692Z [1m[92m    Finished[0m `test` profile [unoptimized + debuginfo] target(s) in 0.03s
2026-10-07T00:14:18.7748222Z [1m[92m     Running[0m unittests src/lib.rs (target/debug/deps/nagi_runtime-cd38048656decff3)
2026-10-07T00:14:18.7759629Z 
2026-10-07T00:14:18.7759720Z running 6 tests
2026-10-07T00:14:18.7772869Z test database::tests::column_order_independent ... ok
2026-10-07T00:14:18.7775422Z test database::tests::exec_counts_trigger_changes_and_preserves_sql_errors ... ok
2026-10-07T00:14:18.7776061Z test database::tests::crud_and_parameterization ... ok
2026-10-07T00:14:18.7777228Z test database::tests::exec_counts_only_changes_in_the_current_batch ... ok
2026-10-07T00:14:18.7778251Z test database::tests::missing_column_is_error ... ok
2026-10-07T00:14:18.7781994Z test database::tests::runtime_type_mismatch ... ok
2026-10-07T00:14:18.7782162Z 
2026-10-07T00:14:18.7782373Z test result: ok. 6 passed; 0 failed; 0 ignored; 0 measured; 202 filtered out; finished in 0.00s
2026-10-07T00:14:18.7782552Z 
2026-10-07T00:14:18.7783140Z [1m[92m     Running[0m tests/task_handles.rs (target/debug/deps/task_handles-9403ca58e5f6fb38)
2026-10-07T00:14:18.7790828Z 
2026-10-07T00:14:18.7790922Z running 0 tests
2026-10-07T00:14:18.7791191Z 
2026-10-07T00:14:18.7791583Z test result: ok. 0 passed; 0 failed; 0 ignored; 0 measured; 3 filtered out; finished in 0.00s
2026-10-07T00:14:18.7791894Z 
2026-10-07T00:14:18.7839978Z ##[group]Run cargo test --locked -p nagi-runtime sqlite_prototype
2026-10-07T00:14:18.7840218Z [36;1mcargo test --locked -p nagi-runtime sqlite_prototype[0m
2026-10-07T00:14:18.7888857Z shell: /usr/bin/bash -e {0}
2026-10-07T00:14:18.7888991Z env:
2026-10-07T00:14:18.7889150Z   NAGI_FAILURE_DIR: /home/runner/work/Nagi/Nagi/build/compiler-failures
2026-10-07T00:14:18.7889353Z   CARGO_HOME: /home/runner/.cargo
2026-10-07T00:14:18.7889488Z   CARGO_INCREMENTAL: 0
2026-10-07T00:14:18.7889608Z   CARGO_TERM_COLOR: always
2026-10-07T00:14:18.7889766Z   pythonLocation: /opt/hostedtoolcache/Python/3.12.15/x64
2026-10-07T00:14:18.7889991Z   PKG_CONFIG_PATH: /opt/hostedtoolcache/Python/3.12.15/x64/lib/pkgconfig
2026-10-07T00:14:18.7890214Z   Python_ROOT_DIR: /opt/hostedtoolcache/Python/3.12.15/x64
2026-10-07T00:14:18.7890423Z   Python2_ROOT_DIR: /opt/hostedtoolcache/Python/3.12.15/x64
2026-10-07T00:14:18.7890625Z   Python3_ROOT_DIR: /opt/hostedtoolcache/Python/3.12.15/x64
2026-10-07T00:14:18.7890850Z   LD_LIBRARY_PATH: /opt/hostedtoolcache/Python/3.12.15/x64/lib
2026-10-07T00:14:18.7891026Z ##[endgroup]
2026-10-07T00:14:18.8305639Z [1m[92m    Finished[0m `test` profile [unoptimized + debuginfo] target(s) in 0.03s
2026-10-07T00:14:18.8325539Z [1m[92m     Running[0m unittests src/lib.rs (target/debug/deps/nagi_runtime-cd38048656decff3)
2026-10-07T00:14:18.8340065Z 
2026-10-07T00:14:18.8340181Z running 61 tests
2026-10-07T00:14:18.8347958Z test sqlite_prototype::acquire_tests::acquire_budget_arithmetic_keeps_immediate_distinct_and_checks_overflow ... ok
2026-10-07T00:14:18.8378361Z test sqlite_prototype::acquire_tests::acquire_expired_finite_budget_does_not_register_even_when_native_free ... ok
2026-10-07T00:14:18.8380636Z test sqlite_prototype::acquire_tests::acquire_expiry_does_not_replace_closed_or_recycle_failure_cause ... ok
2026-10-07T00:14:18.8382707Z test sqlite_prototype::acquire_tests::acquire_immediate_free_reserves_before_slow_startup_and_reuses ... ok
2026-10-07T00:14:18.8390960Z test sqlite_prototype::acquire_tests::acquire_immediate_logical_full_is_timeout_without_pool_failure ... ok
2026-10-07T00:14:18.8406490Z test sqlite_prototype::acquire_tests::acquire_same_task_scopes_are_isolated_and_drop_restores_legacy_begin ... ok
2026-10-07T00:14:18.8420690Z test sqlite_prototype::adapter_tests::acquired_deadpool_object_after_close_is_rejected_before_user_begin ... ok
2026-10-07T00:14:18.8429477Z test sqlite_prototype::adapter_tests::callback_panic_retires_pool_and_join_does_not_hide_native_close_failure ... ok
2026-10-07T00:14:18.8434276Z test sqlite_prototype::adapter_tests::cancelled_begin_reply_keeps_checkout_until_eof_rollback_is_observed ... ok
2026-10-07T00:14:18.8440034Z test sqlite_prototype::adapter_tests::cancelled_create_cannot_start_replacement_before_old_native_worker_joins ... ok
2026-10-07T00:14:18.8454108Z test sqlite_prototype::adapter_tests::cancelled_get_during_create_preserves_startup_close_and_join_owner ... ok
2026-10-07T00:14:18.8460735Z test sqlite_prototype::adapter_tests::cancelled_tx_keeps_deadpool_checkout_until_native_cleanup_completes ... ok
2026-10-07T00:14:18.8475720Z test sqlite_prototype::adapter_tests::close_clone_and_cancel_keep_closing_while_active_checkout_can_finish ... ok
2026-10-07T00:14:18.8479439Z test sqlite_prototype::adapter_tests::close_retires_idle_worker_while_stock_permit_is_reserved_for_unpolled_waiter ... ok
2026-10-07T00:14:18.8493343Z test sqlite_prototype::adapter_tests::close_waits_for_registered_create_and_late_create_cannot_begin ... ok
2026-10-07T00:14:18.8499887Z test sqlite_prototype::adapter_tests::deadpool_adapter_reuses_same_native_worker_and_sql_session_core ... ok
2026-10-07T00:14:18.8503661Z test sqlite_prototype::adapter_tests::deadpool_recycle_error_stops_create_instead_of_default_replacement ... ok
2026-10-07T00:14:18.8518535Z test sqlite_prototype::adapter_tests::joined_is_published_only_after_terminal_native_failure_is_in_ledger ... ok
2026-10-07T00:14:18.8522512Z test sqlite_prototype::adapter_tests::last_adapter_drop_closes_idle_worker_without_observer_owning_pool_or_tx_sender ... ok
2026-10-07T00:14:18.8526705Z test sqlite_prototype::adapter_tests::last_adapter_drop_preserves_active_tx_until_its_explicit_finish ... ok
2026-10-07T00:14:18.8560338Z test sqlite_prototype::adapter_tests::multi_b_terminal_failure_is_published_without_waiting_for_a ... ok
2026-10-07T00:14:18.8583768Z test sqlite_prototype::adapter_tests::multi_cancelled_b_joins_and_c_begins_before_healthy_a_finishes ... ok
2026-10-07T00:14:18.8616595Z test sqlite_prototype::adapter_tests::multi_close_during_b_startup_preserves_a_and_all_join_responsibility ... ok
2026-10-07T00:14:18.8635572Z test sqlite_prototype::adapter_tests::multi_native_spawn_failure_keeps_cause_without_native_b_or_fake_join ... ok
2026-10-07T00:14:18.8653467Z test sqlite_prototype::adapter_tests::multi_observer_spawn_failure_never_starts_or_fake_joins_native_b ... ok
2026-10-07T00:14:18.8676382Z test sqlite_prototype::adapter_tests::multi_stock_detach_permit_gap_respects_native_cap_with_a_active ... ok
2026-10-07T00:14:18.8704967Z test sqlite_prototype::adapter_tests::multi_two_filesystem_connections_begin_while_first_tx_stays_active ... ok
2026-10-07T00:14:18.8708872Z test sqlite_prototype::adapter_tests::native_cleanup_failure_closes_deadpool_and_never_creates_replacement ... ok
2026-10-07T00:14:18.8712685Z test sqlite_prototype::adapter_tests::native_close_failure_is_kept_after_deadpool_objects_and_workers_are_gone ... ok
2026-10-07T00:14:18.8717218Z test sqlite_prototype::adapter_tests::object_take_and_last_pool_drop_both_preserve_native_close_join_observation ... ok
2026-10-07T00:14:18.8720710Z test sqlite_prototype::adapter_tests::resize_zero_uses_worker_drop_even_when_manager_detach_is_bypassed ... ok
2026-10-07T00:14:18.8726492Z test sqlite_prototype::adapter_tests::stock_detach_permit_before_handle_drop_cannot_start_another_native_worker ... ok
2026-10-07T00:14:18.8732231Z test sqlite_prototype::adapter_tests::taken_object_cannot_start_replacement_before_old_native_worker_joins ... ok
2026-10-07T00:14:18.8736321Z test sqlite_prototype::adapter_tests::tokio_runtime_drop_cannot_return_native_owned_checkout_before_cleanup ... ok
2026-10-07T00:14:19.0369499Z test sqlite_prototype::acquire_tests::acquire_absolute_budget_survives_logical_wait_to_native_fence ... ok
2026-10-07T00:14:19.4756356Z test sqlite_prototype::comparison::bounded_and_unbounded_deadpool_warm_comparison ... ok
2026-10-07T00:14:19.4760448Z test sqlite_prototype::tests::begin_reply_cancellation_closes_only_sender_and_runs_observed_cleanup ... ok
2026-10-07T00:14:19.4766818Z test sqlite_prototype::tests::cancelled_commit_reply_preserves_committed_data_and_does_not_retry ... ok
2026-10-07T00:14:19.4773010Z test sqlite_prototype::tests::cancelled_finish_before_full_inbox_admission_uses_eof_cleanup ... ok
2026-10-07T00:14:19.4798332Z test sqlite_prototype::tests::close_timeout_and_cancel_keep_closing_until_native_close_and_join ... ok
2026-10-07T00:14:19.4807716Z test sqlite_prototype::tests::commit_after_native_auto_rollback_returns_aborted_error_instead_of_success ... ok
2026-10-07T00:14:19.4810836Z test sqlite_prototype::tests::commit_failure_and_failed_cleanup_preserve_both_causes_and_unknown_outcome ... ok
2026-10-07T00:14:19.4813332Z test sqlite_prototype::tests::committed_outcome_and_cleanup_failure_are_both_preserved ... ok
2026-10-07T00:14:19.4820034Z test sqlite_prototype::tests::eof_cleanup_blocks_next_session_and_unpolled_finish_still_owns_cleanup ... ok
2026-10-07T00:14:19.4831560Z test sqlite_prototype::tests::existing_trigger_and_or_rollback_abort_session_and_reject_later_sql ... ok
2026-10-07T00:14:19.4834780Z test sqlite_prototype::tests::failed_commit_with_successful_observed_rollback_can_reuse_connection ... ok
2026-10-07T00:14:19.4840673Z test sqlite_prototype::tests::full_inbox_and_cancelled_admitted_operation_drain_before_eof_rollback ... ok
2026-10-07T00:14:19.4845216Z test sqlite_prototype::tests::management_panic_restores_raii_flag_before_observed_rollback_and_retirement ... ok
2026-10-07T00:14:19.4847700Z test sqlite_prototype::tests::native_close_failure_is_not_reported_as_success_even_after_join ... ok
2026-10-07T00:14:19.4856083Z test sqlite_prototype::tests::one_statement_anonymous_bind_and_operation_shape_are_checked_before_step ... ok
2026-10-07T00:14:19.4863200Z test sqlite_prototype::tests::ordinary_sql_error_does_not_abort_active_session_and_exec_counts_direct_changes ... ok
2026-10-07T00:14:19.4868732Z test sqlite_prototype::tests::owned_bind_values_and_decode_errors_use_native_row_contract ... ok
2026-10-07T00:14:19.4883430Z test sqlite_prototype::tests::pragma_tvf_existing_views_and_schema_reprepare_keep_authorizer_installed ... ok
2026-10-07T00:14:19.4890081Z test sqlite_prototype::tests::raise_fail_preserves_active_prior_effects_until_explicit_rollback ... ok
2026-10-07T00:14:19.4893103Z test sqlite_prototype::tests::rollback_failure_is_observed_without_native_drop_retry_and_retires_connection ... ok
2026-10-07T00:14:19.4907433Z test sqlite_prototype::tests::sql_policy_denies_control_in_every_entry_and_keeps_tx_active ... ok
2026-10-07T00:14:19.4922106Z test sqlite_prototype::tests::trigger_pragma_is_denied_and_native_prior_effects_require_explicit_rollback ... ok
2026-10-07T00:14:19.4925745Z test sqlite_prototype::tests::user_callback_panic_restores_management_state_and_retires_worker ... ok
2026-10-07T00:14:19.6430548Z test sqlite_prototype::comparison::direct_and_deadpool_warm_native_session_comparison ... ok
2026-10-07T00:14:19.8403684Z test sqlite_prototype::acquire_tests::acquire_registered_startup_and_begin_are_outside_finite_budget ... ok
2026-10-07T00:14:19.8405153Z test sqlite_prototype::acquire_tests::acquire_immediate_native_full_after_stock_detach_is_timeout ... ok
2026-10-07T00:14:19.8405515Z 
2026-10-07T00:14:19.8405747Z test result: ok. 61 passed; 0 failed; 0 ignored; 0 measured; 147 filtered out; finished in 1.01s
2026-10-07T00:14:19.8405943Z 
2026-10-07T00:14:19.8411605Z [1m[92m     Running[0m tests/task_handles.rs (target/debug/deps/task_handles-9403ca58e5f6fb38)
2026-10-07T00:14:19.8422091Z 
2026-10-07T00:14:19.8422359Z running 0 tests
2026-10-07T00:14:19.8422487Z 
2026-10-07T00:14:19.8422791Z test result: ok. 0 passed; 0 failed; 0 ignored; 0 measured; 3 filtered out; finished in 0.00s
2026-10-07T00:14:19.8423079Z 
2026-10-07T00:14:19.8471703Z ##[group]Run python scripts/verify_application_examples.py
2026-10-07T00:14:19.8471929Z [36;1mpython scripts/verify_application_examples.py[0m
2026-10-07T00:14:19.8522853Z shell: /usr/bin/bash -e {0}
2026-10-07T00:14:19.8522986Z env:
2026-10-07T00:14:19.8523147Z   NAGI_FAILURE_DIR: /home/runner/work/Nagi/Nagi/build/compiler-failures
2026-10-07T00:14:19.8523354Z   CARGO_HOME: /home/runner/.cargo
2026-10-07T00:14:19.8523489Z   CARGO_INCREMENTAL: 0
2026-10-07T00:14:19.8523609Z   CARGO_TERM_COLOR: always
2026-10-07T00:14:19.8523767Z   pythonLocation: /opt/hostedtoolcache/Python/3.12.15/x64
2026-10-07T00:14:19.8524109Z   PKG_CONFIG_PATH: /opt/hostedtoolcache/Python/3.12.15/x64/lib/pkgconfig
2026-10-07T00:14:19.8524336Z   Python_ROOT_DIR: /opt/hostedtoolcache/Python/3.12.15/x64
2026-10-07T00:14:19.8524537Z   Python2_ROOT_DIR: /opt/hostedtoolcache/Python/3.12.15/x64
2026-10-07T00:14:19.8524737Z   Python3_ROOT_DIR: /opt/hostedtoolcache/Python/3.12.15/x64
2026-10-07T00:14:19.8524957Z   LD_LIBRARY_PATH: /opt/hostedtoolcache/Python/3.12.15/x64/lib
2026-10-07T00:14:19.8525129Z ##[endgroup]
2026-10-07T00:14:20.4987224Z Passed: stock-report (high)
2026-10-07T00:14:21.0820975Z Passed: stock-report (low)
2026-10-07T00:14:23.8812758Z Passed: device-settings (high)
2026-10-07T00:14:26.5839474Z Passed: device-settings (low)
2026-10-07T00:14:28.1572029Z Passed: seat-reservations (high)
2026-10-07T00:14:29.7006043Z Passed: seat-reservations (low)
2026-10-07T00:14:30.2340881Z Passed: file-json (high)
2026-10-07T00:14:30.7443761Z Passed: file-json (low)
2026-10-07T00:14:33.1245196Z Passed: quote-api (high)
2026-10-07T00:14:35.4561128Z Passed: quote-api (low)
2026-10-07T00:14:37.1812304Z Passed: supervised-worker (high)
2026-10-07T00:14:38.8929370Z Passed: supervised-worker (low)
2026-10-07T00:14:40.9138321Z Passed: byte-inspector (high)
2026-10-07T00:14:42.9425601Z Passed: byte-inspector (low)
2026-10-07T00:14:48.1121149Z Passed: axum-service (high)
2026-10-07T00:14:53.2726559Z Passed: axum-service (low)
2026-10-07T00:15:00.5530499Z Passed: auth-boundary (high)
2026-10-07T00:15:07.7493732Z Passed: auth-boundary (low)
2026-10-07T00:15:08.5468853Z Passed: order-quote (low)
2026-10-07T00:15:08.5469844Z {"projects": 10, "runs": 19, "status": "passed"}
2026-10-07T00:15:08.5604723Z ##[group]Run python -m unittest discover -s scripts/releases -p 'test_install.py'
2026-10-07T00:15:08.5605020Z [36;1mpython -m unittest discover -s scripts/releases -p 'test_install.py'[0m
2026-10-07T00:15:08.5655528Z shell: /usr/bin/bash -e {0}
2026-10-07T00:15:08.5655663Z env:
2026-10-07T00:15:08.5655843Z   NAGI_FAILURE_DIR: /home/runner/work/Nagi/Nagi/build/compiler-failures
2026-10-07T00:15:08.5656045Z   CARGO_HOME: /home/runner/.cargo
2026-10-07T00:15:08.5656180Z   CARGO_INCREMENTAL: 0
2026-10-07T00:15:08.5656298Z   CARGO_TERM_COLOR: always
2026-10-07T00:15:08.5656454Z   pythonLocation: /opt/hostedtoolcache/Python/3.12.15/x64
2026-10-07T00:15:08.5656679Z   PKG_CONFIG_PATH: /opt/hostedtoolcache/Python/3.12.15/x64/lib/pkgconfig
2026-10-07T00:15:08.5656898Z   Python_ROOT_DIR: /opt/hostedtoolcache/Python/3.12.15/x64
2026-10-07T00:15:08.5657237Z   Python2_ROOT_DIR: /opt/hostedtoolcache/Python/3.12.15/x64
2026-10-07T00:15:08.5657463Z   Python3_ROOT_DIR: /opt/hostedtoolcache/Python/3.12.15/x64
2026-10-07T00:15:08.5657667Z   LD_LIBRARY_PATH: /opt/hostedtoolcache/Python/3.12.15/x64/lib
2026-10-07T00:15:08.5657839Z ##[endgroup]
2026-10-07T00:15:10.7631542Z .....................
2026-10-07T00:15:10.7631987Z ----------------------------------------------------------------------
2026-10-07T00:15:10.7632372Z Ran 21 tests in 2.146s
2026-10-07T00:15:10.7632507Z 
2026-10-07T00:15:10.7632576Z OK
2026-10-07T00:15:10.7769690Z ##[group]Run python -m unittest discover -s scripts/releases -p 'test_uninstall.py'
2026-10-07T00:15:10.7770002Z [36;1mpython -m unittest discover -s scripts/releases -p 'test_uninstall.py'[0m
2026-10-07T00:15:10.7821061Z shell: /usr/bin/bash -e {0}
2026-10-07T00:15:10.7821195Z env:
2026-10-07T00:15:10.7821357Z   NAGI_FAILURE_DIR: /home/runner/work/Nagi/Nagi/build/compiler-failures
2026-10-07T00:15:10.7821565Z   CARGO_HOME: /home/runner/.cargo
2026-10-07T00:15:10.7821720Z   CARGO_INCREMENTAL: 0
2026-10-07T00:15:10.7821840Z   CARGO_TERM_COLOR: always
2026-10-07T00:15:10.7822002Z   pythonLocation: /opt/hostedtoolcache/Python/3.12.15/x64
2026-10-07T00:15:10.7822227Z   PKG_CONFIG_PATH: /opt/hostedtoolcache/Python/3.12.15/x64/lib/pkgconfig
2026-10-07T00:15:10.7822447Z   Python_ROOT_DIR: /opt/hostedtoolcache/Python/3.12.15/x64
2026-10-07T00:15:10.7822650Z   Python2_ROOT_DIR: /opt/hostedtoolcache/Python/3.12.15/x64
2026-10-07T00:15:10.7823028Z   Python3_ROOT_DIR: /opt/hostedtoolcache/Python/3.12.15/x64
2026-10-07T00:15:10.7823236Z   LD_LIBRARY_PATH: /opt/hostedtoolcache/Python/3.12.15/x64/lib
2026-10-07T00:15:10.7823410Z ##[endgroup]
2026-10-07T00:15:12.8440078Z ..............
2026-10-07T00:15:12.8440393Z ----------------------------------------------------------------------
2026-10-07T00:15:12.8440624Z Ran 14 tests in 2.016s
2026-10-07T00:15:12.8440713Z 
2026-10-07T00:15:12.8440760Z OK
2026-10-07T00:15:12.8570402Z ##[group]Run actions/upload-artifact@v4
2026-10-07T00:15:12.8570661Z with:
2026-10-07T00:15:12.8570841Z   name: release-linux-x86_64
2026-10-07T00:15:12.8571272Z   path: build/distribution/nagi-*.zip
build/distribution/nagi-*.tar.gz
build/distribution/nagi-*.sha256

2026-10-07T00:15:12.8571703Z   if-no-files-found: error
2026-10-07T00:15:12.8571903Z   compression-level: 6
2026-10-07T00:15:12.8572085Z   overwrite: false
2026-10-07T00:15:12.8572276Z   include-hidden-files: false
2026-10-07T00:15:12.8572500Z env:
2026-10-07T00:15:12.8572750Z   NAGI_FAILURE_DIR: /home/runner/work/Nagi/Nagi/build/compiler-failures
2026-10-07T00:15:12.8573062Z   CARGO_HOME: /home/runner/.cargo
2026-10-07T00:15:12.8573274Z   CARGO_INCREMENTAL: 0
2026-10-07T00:15:12.8573461Z   CARGO_TERM_COLOR: always
2026-10-07T00:15:12.8573712Z   pythonLocation: /opt/hostedtoolcache/Python/3.12.15/x64
2026-10-07T00:15:12.8574072Z   PKG_CONFIG_PATH: /opt/hostedtoolcache/Python/3.12.15/x64/lib/pkgconfig
2026-10-07T00:15:12.8574441Z   Python_ROOT_DIR: /opt/hostedtoolcache/Python/3.12.15/x64
2026-10-07T00:15:12.8574774Z   Python2_ROOT_DIR: /opt/hostedtoolcache/Python/3.12.15/x64
2026-10-07T00:15:12.8575097Z   Python3_ROOT_DIR: /opt/hostedtoolcache/Python/3.12.15/x64
2026-10-07T00:15:12.8575426Z   LD_LIBRARY_PATH: /opt/hostedtoolcache/Python/3.12.15/x64/lib
2026-10-07T00:15:12.8575709Z ##[endgroup]
2026-10-07T00:15:12.9583871Z (node:30001) [DEP0040] DeprecationWarning: The `punycode` module is deprecated. Please use a userland alternative instead.
2026-10-07T00:15:12.9584598Z (Use `node --trace-deprecation ...` to show where the warning was created)
2026-10-07T00:15:12.9619799Z With the provided path, there will be 2 files uploaded
2026-10-07T00:15:12.9622500Z Artifact name is valid!
2026-10-07T00:15:12.9622989Z Root directory input is valid!
2026-10-07T00:15:13.3289995Z Beginning upload of artifact content to blob storage
2026-10-07T00:15:13.3907301Z (node:30001) [DEP0169] DeprecationWarning: `url.parse()` behavior is not standardized and prone to errors that have security implications. Use the WHATWG URL API instead. CVEs are not issued for `url.parse()` vulnerabilities.
2026-10-07T00:15:14.1245065Z Uploaded bytes 2569463
2026-10-07T00:15:14.1961265Z Finished uploading artifact content to blob storage!
2026-10-07T00:15:14.1961866Z SHA256 digest of uploaded artifact zip is 31aeb28ba284d4fa8a36e3dc61054571f5de63c9647112e988bd4619a66d91de
2026-10-07T00:15:14.1962813Z Finalizing artifact upload
2026-10-07T00:15:14.4652973Z Artifact release-linux-x86_64.zip successfully finalized. Artifact ID 11451823957
2026-10-07T00:15:14.4653732Z Artifact release-linux-x86_64 has been successfully uploaded! Final size is 2569463 bytes. Artifact ID is 11451823957
2026-10-07T00:15:14.4657238Z Artifact download URL: https://github.com/disnana/Nagi/actions/runs/37550315500/artifacts/11451823957
2026-10-07T00:15:14.4786267Z Post job cleanup.
2026-10-07T00:15:14.5510113Z (node:30014) [DEP0040] DeprecationWarning: The `punycode` module is deprecated. Please use a userland alternative instead.
2026-10-07T00:15:14.5510559Z (Use `node --trace-deprecation ...` to show where the warning was created)
2026-10-07T00:15:14.5654561Z Post job cleanup.
2026-10-07T00:15:14.6363320Z (node:30022) [DEP0040] DeprecationWarning: The `punycode` module is deprecated. Please use a userland alternative instead.
2026-10-07T00:15:14.6363776Z (Use `node --trace-deprecation ...` to show where the warning was created)
2026-10-07T00:15:15.3070386Z Post job cleanup.
2026-10-07T00:15:15.3746912Z (node:30064) [DEP0040] DeprecationWarning: The `punycode` module is deprecated. Please use a userland alternative instead.
2026-10-07T00:15:15.3748247Z (Use `node --trace-deprecation ...` to show where the warning was created)
2026-10-07T00:15:15.3859113Z [command]/usr/bin/tar --posix -cf cache.tzst --exclude cache.tzst -P -C /home/runner/work/Nagi/Nagi --files-from manifest.txt --use-compress-program zstdmt
2026-10-07T00:15:21.9456263Z (node:30064) [DEP0169] DeprecationWarning: `url.parse()` behavior is not standardized and prone to errors that have security implications. Use the WHATWG URL API instead. CVEs are not issued for `url.parse()` vulnerabilities.
2026-10-07T00:15:22.9364074Z Sent 0 of 1266968707 (0.0%), 0.0 MBs/sec
2026-10-07T00:15:23.9360914Z Sent 134217728 of 1266968707 (10.6%), 64.0 MBs/sec
2026-10-07T00:15:24.9389231Z Sent 536870912 of 1266968707 (42.4%), 170.7 MBs/sec
2026-10-07T00:15:25.9398097Z Sent 1006632960 of 1266968707 (79.5%), 239.9 MBs/sec
2026-10-07T00:15:26.9371859Z Sent 1199859843 of 1266968707 (94.7%), 228.8 MBs/sec
2026-10-07T00:15:27.1460264Z Sent 1266968707 of 1266968707 (100.0%), 232.0 MBs/sec
2026-10-07T00:15:27.5769913Z Cache saved with key: nagi-rust-v1-package-linux-x86_64-20260928b940-601958ff337592e5f2a53aba9b5ce590b2902bb894b23107ca273c3687ede46d-d2ceed13733861400c80e305d589329dbd05c701e9850c29368eb1cd3d82d619
2026-10-07T00:15:27.5886891Z Post job cleanup.
2026-10-07T00:15:27.6395105Z [command]/usr/bin/git version
2026-10-07T00:15:27.6427528Z git version 2.55.0
2026-10-07T00:15:27.6447745Z Temporarily overriding HOME='/home/runner/work/_temp/0fc4616b-0aeb-4985-b8ae-ed368cb977b4' before making global git config changes
2026-10-07T00:15:27.6448630Z Adding repository directory to the temporary git global config as a safe directory
2026-10-07T00:15:27.6450733Z [command]/usr/bin/git config --global --add safe.directory /home/runner/work/Nagi/Nagi
2026-10-07T00:15:27.6478174Z [command]/usr/bin/git config --local --name-only --get-regexp core\.sshCommand
2026-10-07T00:15:27.6503156Z [command]/usr/bin/git submodule foreach --recursive sh -c "git config --local --name-only --get-regexp 'core\.sshCommand' && git config --local --unset-all 'core.sshCommand' || :"
2026-10-07T00:15:27.6696875Z [command]/usr/bin/git config --local --name-only --get-regexp http\.https\:\/\/github\.com\/\.extraheader
2026-10-07T00:15:27.6727048Z http.https://github.com/.extraheader
2026-10-07T00:15:27.6735655Z [command]/usr/bin/git config --local --unset-all http.https://github.com/.extraheader
2026-10-07T00:15:27.6764669Z [command]/usr/bin/git submodule foreach --recursive sh -c "git config --local --name-only --get-regexp 'http\.https\:\/\/github\.com\/\.extraheader' && git config --local --unset-all 'http.https://github.com/.extraheader' || :"
2026-10-07T00:15:27.6952477Z [command]/usr/bin/git config --local --name-only --get-regexp ^includeIf\.gitdir:
2026-10-07T00:15:27.6983780Z [command]/usr/bin/git submodule foreach --recursive git config --local --show-origin --name-only --get-regexp remote.origin.url
2026-10-07T00:15:27.7265069Z Cleaning up orphan processes
2026-10-07T00:15:27.7463256Z ##[warning]Node.js 20 is deprecated. The following actions target Node.js 20 but are being forced to run on Node.js 24: actions/cache@v4, actions/checkout@v4, actions/setup-node@v4, actions/setup-python@v5, actions/upload-artifact@v4. For more information see: https://github.blog/changelog/2025-09-19-deprecation-of-node-20-on-github-actions-runners/
