2026-10-07T00:08:05.2376870Z Current runner version: '2.337.0'
2026-10-07T00:08:05.2395620Z ##[group]Runner Image Provisioner
2026-10-07T00:08:05.2396300Z Hosted Compute Agent
2026-10-07T00:08:05.2396690Z Version: 20260828.587
2026-10-07T00:08:05.2397110Z Commit: abac92662cab4cc7352de4f9f9d2e2419aad9c29
2026-10-07T00:08:05.2397590Z Build Date: 2026-08-28T16:44:25Z
2026-10-07T00:08:05.2398030Z Worker ID: {cf61b93e-586a-4979-a960-be195b06320b}
2026-10-07T00:08:05.2398670Z Azure Region: westus
2026-10-07T00:08:05.2399050Z ##[endgroup]
2026-10-07T00:08:05.2400090Z ##[group]Operating System
2026-10-07T00:08:05.2400510Z macOS
2026-10-07T00:08:05.2400920Z 15.7.9
2026-10-07T00:08:05.2401240Z 24G830
2026-10-07T00:08:05.2401610Z ##[endgroup]
2026-10-07T00:08:05.2402600Z ##[group]Runner Image
2026-10-07T00:08:05.2403080Z Image: macos-15-arm64
2026-10-07T00:08:05.2403590Z Version: 20260907.0337.1
2026-10-07T00:08:05.2404490Z Included Software: https://github.com/actions/runner-images/blob/macos-15-arm64/20260907.0337/images/macos/macos-15-arm64-Readme.md
2026-10-07T00:08:05.2405600Z Image Release: https://github.com/actions/runner-images/releases/tag/macos-15-arm64%2F20260907.0337
2026-10-07T00:08:05.2406310Z ##[endgroup]
2026-10-07T00:08:05.2407100Z ##[group]GITHUB_TOKEN Permissions
2026-10-07T00:08:05.2408920Z Contents: read
2026-10-07T00:08:05.2409340Z Metadata: read
2026-10-07T00:08:05.2409920Z ##[endgroup]
2026-10-07T00:08:05.2411510Z Secret source: Actions
2026-10-07T00:08:05.2412100Z Cache mode: write
2026-10-07T00:08:05.2412570Z Prepare workflow directory
2026-10-07T00:08:05.3148110Z Prepare all required actions
2026-10-07T00:08:05.3222230Z Getting action download info
2026-10-07T00:08:05.7997460Z Download action repository 'actions/checkout@v4' (SHA:11d5960a326750d5838078e36cf38b85af677262)
2026-10-07T00:08:06.3756240Z Download action repository 'dtolnay/rust-toolchain@stable' (SHA:89b12181fb390509a0842a86cc55eeb8eb928c1d)
2026-10-07T00:08:06.7195250Z Download action repository 'actions/cache@v4' (SHA:0057852bfaa89a56745cba8c7296529d2fc39830)
2026-10-07T00:08:06.9120650Z Download action repository 'actions/setup-python@v5' (SHA:a26af69be951a213d495a4c3e4e4022e16d87065)
2026-10-07T00:08:07.0188700Z Download action repository 'actions/setup-node@v4' (SHA:49933ea5288caeca8642d1e84afbd3f7d6820020)
2026-10-07T00:08:07.1445060Z Download action repository 'actions/upload-artifact@v4' (SHA:ea165f8d65b6e75b540449e92b4886f43607fa02)
2026-10-07T00:08:07.5703970Z Complete job name: nagi-package (macos-15, macos-arm64, nagic, aarch64-apple-darwin)
2026-10-07T00:08:07.6649210Z ##[group]Run actions/checkout@v4
2026-10-07T00:08:07.6650220Z with:
2026-10-07T00:08:07.6650730Z   repository: disnana/Nagi
2026-10-07T00:08:07.6657350Z   token: ***
2026-10-07T00:08:07.6657870Z   ssh-strict: true
2026-10-07T00:08:07.6658400Z   ssh-user: git
2026-10-07T00:08:07.6658940Z   persist-credentials: true
2026-10-07T00:08:07.6659480Z   clean: true
2026-10-07T00:08:07.6660080Z   sparse-checkout-cone-mode: true
2026-10-07T00:08:07.6660680Z   fetch-depth: 1
2026-10-07T00:08:07.6661210Z   fetch-tags: false
2026-10-07T00:08:07.6661790Z   show-progress: true
2026-10-07T00:08:07.6662290Z   lfs: false
2026-10-07T00:08:07.6662780Z   submodules: false
2026-10-07T00:08:07.6663420Z   set-safe-directory: true
2026-10-07T00:08:07.6663990Z   allow-unsafe-pr-checkout: false
2026-10-07T00:08:07.6665700Z env:
2026-10-07T00:08:07.6666450Z   NAGI_FAILURE_DIR: /Users/runner/work/Nagi/Nagi/build/compiler-failures
2026-10-07T00:08:07.6667280Z ##[endgroup]
2026-10-07T00:08:08.0351750Z Syncing repository: disnana/Nagi
2026-10-07T00:08:08.0359710Z ##[group]Getting Git version info
2026-10-07T00:08:08.0362710Z Working directory is '/Users/runner/work/Nagi/Nagi'
2026-10-07T00:08:08.0365040Z [command]/opt/homebrew/bin/git version
2026-10-07T00:08:08.0925110Z git version 2.55.0
2026-10-07T00:08:08.0943240Z ##[endgroup]
2026-10-07T00:08:08.0954130Z Copying '/Users/runner/.gitconfig' to '/Users/runner/work/_temp/f7f274b4-a3e3-4888-88cc-972e0072541f/.gitconfig'
2026-10-07T00:08:08.0971910Z Temporarily overriding HOME='/Users/runner/work/_temp/f7f274b4-a3e3-4888-88cc-972e0072541f' before making global git config changes
2026-10-07T00:08:08.0974360Z Adding repository directory to the temporary git global config as a safe directory
2026-10-07T00:08:08.0975780Z [command]/opt/homebrew/bin/git config --global --add safe.directory /Users/runner/work/Nagi/Nagi
2026-10-07T00:08:08.1122790Z Deleting the contents of '/Users/runner/work/Nagi/Nagi'
2026-10-07T00:08:08.1129750Z ##[group]Initializing the repository
2026-10-07T00:08:08.1137210Z [command]/opt/homebrew/bin/git init /Users/runner/work/Nagi/Nagi
2026-10-07T00:08:08.1458990Z hint: Using 'master' as the name for the initial branch. This default branch name
2026-10-07T00:08:08.1462310Z hint: will change to "main" in Git 3.0. To configure the initial branch name
2026-10-07T00:08:08.1465510Z hint: to use in all of your new repositories, which will suppress this warning,
2026-10-07T00:08:08.1467990Z hint: call:
2026-10-07T00:08:08.1469310Z hint:
2026-10-07T00:08:08.1470850Z hint: 	git config --global init.defaultBranch <name>
2026-10-07T00:08:08.1474040Z hint:
2026-10-07T00:08:08.1475880Z hint: Names commonly chosen instead of 'master' are 'main', 'trunk' and
2026-10-07T00:08:08.1479260Z hint: 'development'. The just-created branch can be renamed via this command:
2026-10-07T00:08:08.1481670Z hint:
2026-10-07T00:08:08.1483070Z hint: 	git branch -m <name>
2026-10-07T00:08:08.1484640Z hint:
2026-10-07T00:08:08.1486730Z hint: Disable this message with "git config set advice.defaultBranchName false"
2026-10-07T00:08:08.1490190Z Initialized empty Git repository in /Users/runner/work/Nagi/Nagi/.git/
2026-10-07T00:08:08.1498040Z [command]/opt/homebrew/bin/git remote add origin https://github.com/disnana/Nagi
2026-10-07T00:08:08.1600560Z ##[endgroup]
2026-10-07T00:08:08.1603140Z ##[group]Disabling automatic garbage collection
2026-10-07T00:08:08.1604290Z [command]/opt/homebrew/bin/git config --local gc.auto 0
2026-10-07T00:08:08.1698230Z ##[endgroup]
2026-10-07T00:08:08.1700720Z ##[group]Setting up auth
2026-10-07T00:08:08.1703630Z [command]/opt/homebrew/bin/git config --local --name-only --get-regexp core\.sshCommand
2026-10-07T00:08:08.1799640Z [command]/opt/homebrew/bin/git submodule foreach --recursive sh -c "git config --local --name-only --get-regexp 'core\.sshCommand' && git config --local --unset-all 'core.sshCommand' || :"
2026-10-07T00:08:08.3144990Z [command]/opt/homebrew/bin/git config --local --name-only --get-regexp http\.https\:\/\/github\.com\/\.extraheader
2026-10-07T00:08:08.3235520Z [command]/opt/homebrew/bin/git submodule foreach --recursive sh -c "git config --local --name-only --get-regexp 'http\.https\:\/\/github\.com\/\.extraheader' && git config --local --unset-all 'http.https://github.com/.extraheader' || :"
2026-10-07T00:08:08.4292400Z [command]/opt/homebrew/bin/git config --local --name-only --get-regexp ^includeIf\.gitdir:
2026-10-07T00:08:08.4562090Z [command]/opt/homebrew/bin/git submodule foreach --recursive git config --local --show-origin --name-only --get-regexp remote.origin.url
2026-10-07T00:08:08.5731010Z [command]/opt/homebrew/bin/git config --local http.https://github.com/.extraheader AUTHORIZATION: basic ***
2026-10-07T00:08:08.5828920Z ##[endgroup]
2026-10-07T00:08:08.5830400Z ##[group]Fetching the repository
2026-10-07T00:08:08.5834880Z [command]/opt/homebrew/bin/git -c protocol.version=2 fetch --no-tags --prune --no-recurse-submodules --depth=1 origin +54c7cb32620af8bf63690595bf0bbe747ffed41b:refs/remotes/pull/92/merge
2026-10-07T00:08:09.3163390Z From https://github.com/disnana/Nagi
2026-10-07T00:08:09.3168540Z  * [new ref]         54c7cb32620af8bf63690595bf0bbe747ffed41b -> pull/92/merge
2026-10-07T00:08:09.3176270Z ##[endgroup]
2026-10-07T00:08:09.3177380Z ##[group]Determining the checkout info
2026-10-07T00:08:09.3180540Z ##[endgroup]
2026-10-07T00:08:09.3183300Z [command]/opt/homebrew/bin/git sparse-checkout disable
2026-10-07T00:08:09.3300330Z [command]/opt/homebrew/bin/git config --local --unset-all extensions.worktreeConfig
2026-10-07T00:08:09.3427030Z ##[group]Checking out the ref
2026-10-07T00:08:09.3443320Z [command]/opt/homebrew/bin/git checkout --progress --force refs/remotes/pull/92/merge
2026-10-07T00:08:10.3244680Z HEAD is now at 54c7cb3 Merge 8db1607352bbce580bf87c1636988ce08c9b8bf7 into f9b25782a8704bcf962f689d9103ab804f7ab3cf
2026-10-07T00:08:10.3259170Z ##[endgroup]
2026-10-07T00:08:10.3392810Z [command]/opt/homebrew/bin/git log -1 --format=%H
2026-10-07T00:08:10.3479660Z 54c7cb32620af8bf63690595bf0bbe747ffed41b
2026-10-07T00:08:10.4047130Z ##[group]Run dtolnay/rust-toolchain@stable
2026-10-07T00:08:10.4047600Z with:
2026-10-07T00:08:10.4047940Z   toolchain: stable
2026-10-07T00:08:10.4048230Z env:
2026-10-07T00:08:10.4048610Z   NAGI_FAILURE_DIR: /Users/runner/work/Nagi/Nagi/build/compiler-failures
2026-10-07T00:08:10.4049100Z ##[endgroup]
2026-10-07T00:08:10.4115250Z ##[start-action display=Parse toolchain version;id=rust.parse]
2026-10-07T00:08:10.4190000Z ##[group]Run if [[ -z $toolchain ]]; then
2026-10-07T00:08:10.4190540Z [36;1mif [[ -z $toolchain ]]; then[0m
2026-10-07T00:08:10.4191340Z [36;1m  # GitHub does not enforce `required: true` inputs itself. https://github.com/actions/runner/issues/1070[0m
2026-10-07T00:08:10.4191920Z [36;1m  echo "'toolchain' is a required input" >&2[0m
2026-10-07T00:08:10.4192280Z [36;1m  exit 1[0m
2026-10-07T00:08:10.4192660Z [36;1melif [[ $toolchain =~ ^stable' '[0-9]+' '(year|month|week|day)s?' 'ago$ ]]; then[0m
2026-10-07T00:08:10.4193140Z [36;1m  if [[ macOS == macOS ]]; then[0m
2026-10-07T00:08:10.4193670Z [36;1m    echo "toolchain=1.$((($(date -v-$(sed 's/stable \([0-9]*\) \(.\).*/\1\2/' <<< $toolchain) +%s)/60/60/24-16569)/7/6))" >> $GITHUB_OUTPUT[0m
2026-10-07T00:08:10.4194300Z [36;1m  else[0m
2026-10-07T00:08:10.4194780Z [36;1m    echo "toolchain=1.$((($(date --date "${toolchain#stable }" +%s)/60/60/24-16569)/7/6))" >> $GITHUB_OUTPUT[0m
2026-10-07T00:08:10.4195260Z [36;1m  fi[0m
2026-10-07T00:08:10.4195610Z [36;1melif [[ $toolchain =~ ^stable' 'minus' '[0-9]+' 'releases?$ ]]; then[0m
2026-10-07T00:08:10.4196170Z [36;1m  echo "toolchain=1.$((($(date +%s)/60/60/24-16569)/7/6-${toolchain//[^0-9]/}))" >> $GITHUB_OUTPUT[0m
2026-10-07T00:08:10.4196660Z [36;1melif [[ $toolchain =~ ^1\.[0-9]+$ ]]; then[0m
2026-10-07T00:08:10.4197210Z [36;1m  echo "toolchain=1.$((i=${toolchain#1.}, c=($(date +%s)/60/60/24-16569)/7/6, i+9*i*(10*i<=c)+90*i*(100*i<=c)))" >> $GITHUB_OUTPUT[0m
2026-10-07T00:08:10.4197720Z [36;1melse[0m
2026-10-07T00:08:10.4198040Z [36;1m  echo "toolchain=$toolchain" >> $GITHUB_OUTPUT[0m
2026-10-07T00:08:10.4198400Z [36;1mfi[0m
2026-10-07T00:08:10.4319880Z shell: /bin/bash --noprofile --norc -e -o pipefail {0}
2026-10-07T00:08:10.4320310Z env:
2026-10-07T00:08:10.4320700Z   NAGI_FAILURE_DIR: /Users/runner/work/Nagi/Nagi/build/compiler-failures
2026-10-07T00:08:10.4321090Z   toolchain: stable
2026-10-07T00:08:10.4321430Z ##[endgroup]
2026-10-07T00:08:10.5114960Z ##[end-action id=rust.parse;outcome=success;conclusion=success;duration_ms=99]
2026-10-07T00:08:10.5126710Z ##[start-action display=Construct rustup command line;id=rust.flags]
2026-10-07T00:08:10.5169840Z ##[group]Run echo "targets=$(for t in ${targets//,/ }; do echo -n ' --target' $t; done)" >> $GITHUB_OUTPUT
2026-10-07T00:08:10.5170570Z [36;1mecho "targets=$(for t in ${targets//,/ }; do echo -n ' --target' $t; done)" >> $GITHUB_OUTPUT[0m
2026-10-07T00:08:10.5171190Z [36;1mecho "components=$(for c in ${components//,/ }; do echo -n ' --component' $c; done)" >> $GITHUB_OUTPUT[0m
2026-10-07T00:08:10.5171770Z [36;1mecho "downgrade=" >> $GITHUB_OUTPUT[0m
2026-10-07T00:08:10.5219470Z shell: /bin/bash --noprofile --norc -e -o pipefail {0}
2026-10-07T00:08:10.5219860Z env:
2026-10-07T00:08:10.5220230Z   NAGI_FAILURE_DIR: /Users/runner/work/Nagi/Nagi/build/compiler-failures
2026-10-07T00:08:10.5220610Z   targets: 
2026-10-07T00:08:10.5220840Z   components: 
2026-10-07T00:08:10.5221070Z ##[endgroup]
2026-10-07T00:08:10.5767590Z ##[end-action id=rust.flags;outcome=success;conclusion=success;duration_ms=63]
2026-10-07T00:08:10.5770790Z ##[start-action display=Set $CARGO_HOME;id=rust.__run]
2026-10-07T00:08:10.5819020Z ##[group]Run echo CARGO_HOME=${CARGO_HOME:-"$HOME/.cargo"} >> $GITHUB_ENV
2026-10-07T00:08:10.5819530Z [36;1mecho CARGO_HOME=${CARGO_HOME:-"$HOME/.cargo"} >> $GITHUB_ENV[0m
2026-10-07T00:08:10.5914800Z shell: /bin/bash --noprofile --norc -e -o pipefail {0}
2026-10-07T00:08:10.5915770Z env:
2026-10-07T00:08:10.5918060Z   NAGI_FAILURE_DIR: /Users/runner/work/Nagi/Nagi/build/compiler-failures
2026-10-07T00:08:10.5919100Z ##[endgroup]
2026-10-07T00:08:10.6309830Z ##[end-action id=rust.__run;outcome=success;conclusion=success;duration_ms=53]
2026-10-07T00:08:10.6312370Z ##[start-action display=Install rustup if needed;id=rust.__run_2]
2026-10-07T00:08:10.6354830Z ##[group]Run if ! command -v rustup &>/dev/null; then
2026-10-07T00:08:10.6355310Z [36;1mif ! command -v rustup &>/dev/null; then[0m
2026-10-07T00:08:10.6356120Z [36;1m  curl --proto '=https' --tlsv1.2 --retry 10 --retry-connrefused --location --silent --show-error --fail https://sh.rustup.rs | sh -s -- --default-toolchain none -y[0m
2026-10-07T00:08:10.6356880Z [36;1m  echo "$CARGO_HOME/bin" >> $GITHUB_PATH[0m
2026-10-07T00:08:10.6357210Z [36;1mfi[0m
2026-10-07T00:08:10.6398710Z shell: /bin/bash --noprofile --norc -e -o pipefail {0}
2026-10-07T00:08:10.6399120Z env:
2026-10-07T00:08:10.6399480Z   NAGI_FAILURE_DIR: /Users/runner/work/Nagi/Nagi/build/compiler-failures
2026-10-07T00:08:10.6399950Z   CARGO_HOME: /Users/runner/.cargo
2026-10-07T00:08:10.6400250Z ##[endgroup]
2026-10-07T00:08:10.6764080Z ##[end-action id=rust.__run_2;outcome=success;conclusion=success;duration_ms=45]
2026-10-07T00:08:10.6767200Z ##[start-action display=Install rustup if needed on windows;id=rust.__run_3]
2026-10-07T00:08:10.6776630Z ##[end-action id=rust.__run_3;outcome=skipped;conclusion=skipped;duration_ms=0]
2026-10-07T00:08:10.6786380Z ##[start-action display=rustup toolchain install stable;id=rust.__run_4]
2026-10-07T00:08:10.6817190Z ##[group]Run log=$(mktemp)
2026-10-07T00:08:10.6817570Z [36;1mlog=$(mktemp)[0m
2026-10-07T00:08:10.6817830Z [36;1mtrap 'rm -f "$log"' EXIT[0m
2026-10-07T00:08:10.6818120Z [36;1mfor attempt in 1 2 3 4 5; do[0m
2026-10-07T00:08:10.6818640Z [36;1m  if rustup toolchain install stable --profile minimal --no-self-update --force-non-host 2>&1 | tee "$log"; then[0m
2026-10-07T00:08:10.6819140Z [36;1m    break[0m
2026-10-07T00:08:10.6819360Z [36;1m  else[0m
2026-10-07T00:08:10.6819620Z [36;1m    status=$?[0m
2026-10-07T00:08:10.6819880Z [36;1m  fi[0m
2026-10-07T00:08:10.6820190Z [36;1m  if [[ $attempt == 5 ]] || ! grep -Fq 'checksum failed for ' "$log" \[0m
2026-10-07T00:08:10.6820750Z [36;1m      || ! grep -Fq 'this is likely due to an ongoing update of the official release server' "$log"; then[0m
2026-10-07T00:08:10.6821200Z [36;1m    exit "$status"[0m
2026-10-07T00:08:10.6821460Z [36;1m  fi[0m
2026-10-07T00:08:10.6821820Z [36;1m  echo "Retrying rustup toolchain install in 30 seconds (retry $attempt of 4)" >&2[0m
2026-10-07T00:08:10.6822250Z [36;1m  sleep 30[0m
2026-10-07T00:08:10.6822470Z [36;1mdone[0m
2026-10-07T00:08:10.6860390Z shell: /bin/bash --noprofile --norc -e -o pipefail {0}
2026-10-07T00:08:10.6860790Z env:
2026-10-07T00:08:10.6861140Z   NAGI_FAILURE_DIR: /Users/runner/work/Nagi/Nagi/build/compiler-failures
2026-10-07T00:08:10.6861550Z   CARGO_HOME: /Users/runner/.cargo
2026-10-07T00:08:10.6861840Z   RUSTUP_PERMIT_COPY_RENAME: 1
2026-10-07T00:08:10.6862110Z ##[endgroup]
2026-10-07T00:08:11.1310000Z info: syncing channel updates for stable-aarch64-apple-darwin
2026-10-07T00:08:11.3096310Z info: latest update on 2026-10-01 for version 1.99.0 (b940084d7 2026-09-28)
2026-10-07T00:08:11.3241870Z info: removing previous version of component clippy
2026-10-07T00:08:11.3277330Z info: removing previous version of component rustfmt
2026-10-07T00:08:11.3297770Z info: removing previous version of component cargo
2026-10-07T00:08:11.3394150Z info: removing previous version of component rust-std
2026-10-07T00:08:11.3542330Z info: removing previous version of component rustc
2026-10-07T00:08:11.3679620Z info: downloading 5 components
2026-10-07T00:08:19.8861180Z 
2026-10-07T00:08:19.9668320Z   stable-aarch64-apple-darwin updated - rustc 1.99.0 (b940084d7 2026-09-28) (from rustc 1.98.1 (48a229cea 2026-09-01))
2026-10-07T00:08:19.9669920Z 
2026-10-07T00:08:19.9670960Z info: self-update is disabled for this build of rustup
2026-10-07T00:08:19.9683960Z info: any updates to rustup will need to be fetched with your system package manager
2026-10-07T00:08:20.0168110Z ##[end-action id=rust.__run_4;outcome=success;conclusion=success;duration_ms=9337]
2026-10-07T00:08:20.0234020Z ##[start-action display=rustup default stable;id=rust.__run_5]
2026-10-07T00:08:20.0285130Z ##[group]Run rustup default stable --force-non-host
2026-10-07T00:08:20.0286420Z [36;1mrustup default stable --force-non-host[0m
2026-10-07T00:08:20.0386250Z shell: /bin/bash --noprofile --norc -e -o pipefail {0}
2026-10-07T00:08:20.0386670Z env:
2026-10-07T00:08:20.0387160Z   NAGI_FAILURE_DIR: /Users/runner/work/Nagi/Nagi/build/compiler-failures
2026-10-07T00:08:20.0387630Z   CARGO_HOME: /Users/runner/.cargo
2026-10-07T00:08:20.0387880Z ##[endgroup]
2026-10-07T00:08:20.1583410Z info: using existing install for stable-aarch64-apple-darwin
2026-10-07T00:08:20.1630950Z info: default toolchain set to stable-aarch64-apple-darwin
2026-10-07T00:08:20.1631520Z 
2026-10-07T00:08:20.1818530Z   stable-aarch64-apple-darwin unchanged - rustc 1.99.0 (b940084d7 2026-09-28)
2026-10-07T00:08:20.1820290Z 
2026-10-07T00:08:20.1832020Z ##[end-action id=rust.__run_5;outcome=success;conclusion=success;duration_ms=159]
2026-10-07T00:08:20.1835010Z ##[start-action display=Create cachekey;id=rust.rustc-version]
2026-10-07T00:08:20.1863140Z ##[group]Run DATE=$(rustc +stable --version --verbose | sed -ne 's/^commit-date: \(20[0-9][0-9]\)-\([01][0-9]\)-\([0-3][0-9]\)$/\1\2\3/p')
2026-10-07T00:08:20.1863950Z [36;1mDATE=$(rustc +stable --version --verbose | sed -ne 's/^commit-date: \(20[0-9][0-9]\)-\([01][0-9]\)-\([0-3][0-9]\)$/\1\2\3/p')[0m
2026-10-07T00:08:20.1864640Z [36;1mHASH=$(rustc +stable --version --verbose | sed -ne 's/^commit-hash: //p')[0m
2026-10-07T00:08:20.1865090Z [36;1mecho "cachekey=$(echo $DATE$HASH | head -c12)" >> $GITHUB_OUTPUT[0m
2026-10-07T00:08:20.1903310Z shell: /bin/bash --noprofile --norc -e -o pipefail {0}
2026-10-07T00:08:20.1903810Z env:
2026-10-07T00:08:20.1904230Z   NAGI_FAILURE_DIR: /Users/runner/work/Nagi/Nagi/build/compiler-failures
2026-10-07T00:08:20.1904650Z   CARGO_HOME: /Users/runner/.cargo
2026-10-07T00:08:20.1905000Z ##[endgroup]
2026-10-07T00:08:20.3389150Z ##[end-action id=rust.rustc-version;outcome=success;conclusion=success;duration_ms=155]
2026-10-07T00:08:20.3391970Z ##[start-action display=Disable incremental compilation;id=rust.__run_6]
2026-10-07T00:08:20.3730910Z ##[group]Run if [ -z "${CARGO_INCREMENTAL+set}" ]; then
2026-10-07T00:08:20.3731960Z [36;1mif [ -z "${CARGO_INCREMENTAL+set}" ]; then[0m
2026-10-07T00:08:20.3732740Z [36;1m  echo CARGO_INCREMENTAL=0 >> $GITHUB_ENV[0m
2026-10-07T00:08:20.3733940Z [36;1mfi[0m
2026-10-07T00:08:20.3792420Z shell: /bin/bash --noprofile --norc -e -o pipefail {0}
2026-10-07T00:08:20.3792790Z env:
2026-10-07T00:08:20.3793170Z   NAGI_FAILURE_DIR: /Users/runner/work/Nagi/Nagi/build/compiler-failures
2026-10-07T00:08:20.3793530Z   CARGO_HOME: /Users/runner/.cargo
2026-10-07T00:08:20.3793840Z ##[endgroup]
2026-10-07T00:08:20.4271660Z ##[end-action id=rust.__run_6;outcome=success;conclusion=success;duration_ms=87]
2026-10-07T00:08:20.4305500Z ##[start-action display=Enable colors in Cargo output;id=rust.__run_7]
2026-10-07T00:08:20.4555010Z ##[group]Run if [ -z "${CARGO_TERM_COLOR+set}" ]; then
2026-10-07T00:08:20.4555800Z [36;1mif [ -z "${CARGO_TERM_COLOR+set}" ]; then[0m
2026-10-07T00:08:20.4556480Z [36;1m  echo CARGO_TERM_COLOR=always >> $GITHUB_ENV[0m
2026-10-07T00:08:20.4557150Z [36;1mfi[0m
2026-10-07T00:08:20.4642070Z shell: /bin/bash --noprofile --norc -e -o pipefail {0}
2026-10-07T00:08:20.4642330Z env:
2026-10-07T00:08:20.4643620Z   NAGI_FAILURE_DIR: /Users/runner/work/Nagi/Nagi/build/compiler-failures
2026-10-07T00:08:20.4643930Z   CARGO_HOME: /Users/runner/.cargo
2026-10-07T00:08:20.4644150Z   CARGO_INCREMENTAL: 0
2026-10-07T00:08:20.4644330Z ##[endgroup]
2026-10-07T00:08:20.5023630Z ##[end-action id=rust.__run_7;outcome=success;conclusion=success;duration_ms=71]
2026-10-07T00:08:20.5028870Z ##[start-action display=Enable Cargo sparse registry;id=rust.__run_8]
2026-10-07T00:08:20.5070390Z ##[group]Run # implemented in 1.66, stabilized in 1.68, made default in 1.70
2026-10-07T00:08:20.5070890Z [36;1m# implemented in 1.66, stabilized in 1.68, made default in 1.70[0m
2026-10-07T00:08:20.5071480Z [36;1mif [ -z "${CARGO_REGISTRIES_CRATES_IO_PROTOCOL+set}" -o -f "/Users/runner/work/_temp"/.implicit_cargo_registries_crates_io_protocol ]; then[0m
2026-10-07T00:08:20.5072100Z [36;1m  if rustc +stable --version --verbose | grep -q '^release: 1\.6[89]\.'; then[0m
2026-10-07T00:08:20.5072590Z [36;1m    touch "/Users/runner/work/_temp"/.implicit_cargo_registries_crates_io_protocol || true[0m
2026-10-07T00:08:20.5073100Z [36;1m    echo CARGO_REGISTRIES_CRATES_IO_PROTOCOL=sparse >> $GITHUB_ENV[0m
2026-10-07T00:08:20.5073510Z [36;1m  elif rustc +stable --version --verbose | grep -q '^release: 1\.6[67]\.'; then[0m
2026-10-07T00:08:20.5073980Z [36;1m    touch "/Users/runner/work/_temp"/.implicit_cargo_registries_crates_io_protocol || true[0m
2026-10-07T00:08:20.5074410Z [36;1m    echo CARGO_REGISTRIES_CRATES_IO_PROTOCOL=git >> $GITHUB_ENV[0m
2026-10-07T00:08:20.5074700Z [36;1m  fi[0m
2026-10-07T00:08:20.5074850Z [36;1mfi[0m
2026-10-07T00:08:20.5115680Z shell: /bin/bash --noprofile --norc -e -o pipefail {0}
2026-10-07T00:08:20.5116570Z env:
2026-10-07T00:08:20.5116890Z   NAGI_FAILURE_DIR: /Users/runner/work/Nagi/Nagi/build/compiler-failures
2026-10-07T00:08:20.5117230Z   CARGO_HOME: /Users/runner/.cargo
2026-10-07T00:08:20.5117450Z   CARGO_INCREMENTAL: 0
2026-10-07T00:08:20.5117620Z   CARGO_TERM_COLOR: always
2026-10-07T00:08:20.5117840Z ##[endgroup]
2026-10-07T00:08:20.6128110Z ##[end-action id=rust.__run_8;outcome=success;conclusion=success;duration_ms=109]
2026-10-07T00:08:20.6133420Z ##[start-action display=Work around spurious network errors in curl 8.0;id=rust.__run_9]
2026-10-07T00:08:20.6170920Z ##[group]Run # https://rust-lang.zulipchat.com/#narrow/stream/246057-t-cargo/topic/timeout.20investigation
2026-10-07T00:08:20.6171570Z [36;1m# https://rust-lang.zulipchat.com/#narrow/stream/246057-t-cargo/topic/timeout.20investigation[0m
2026-10-07T00:08:20.6172070Z [36;1mif rustc +stable --version --verbose | grep -q '^release: 1\.7[01]\.'; then[0m
2026-10-07T00:08:20.6172460Z [36;1m  echo CARGO_HTTP_MULTIPLEXING=false >> $GITHUB_ENV[0m
2026-10-07T00:08:20.6172720Z [36;1mfi[0m
2026-10-07T00:08:20.6205370Z shell: /bin/bash --noprofile --norc -e -o pipefail {0}
2026-10-07T00:08:20.6205630Z env:
2026-10-07T00:08:20.6205880Z   NAGI_FAILURE_DIR: /Users/runner/work/Nagi/Nagi/build/compiler-failures
2026-10-07T00:08:20.6206230Z   CARGO_HOME: /Users/runner/.cargo
2026-10-07T00:08:20.6206450Z   CARGO_INCREMENTAL: 0
2026-10-07T00:08:20.6206630Z   CARGO_TERM_COLOR: always
2026-10-07T00:08:20.6206800Z ##[endgroup]
2026-10-07T00:08:20.6886970Z ##[end-action id=rust.__run_9;outcome=success;conclusion=success;duration_ms=75]
2026-10-07T00:08:20.6890910Z ##[start-action display=rustc +stable --version --verbose;id=rust.__run_10]
2026-10-07T00:08:20.7141460Z ##[group]Run rustc +stable --version --verbose
2026-10-07T00:08:20.7141830Z [36;1mrustc +stable --version --verbose[0m
2026-10-07T00:08:20.7252260Z shell: /bin/bash --noprofile --norc -e -o pipefail {0}
2026-10-07T00:08:20.7252590Z env:
2026-10-07T00:08:20.7252860Z   NAGI_FAILURE_DIR: /Users/runner/work/Nagi/Nagi/build/compiler-failures
2026-10-07T00:08:20.7253210Z   CARGO_HOME: /Users/runner/.cargo
2026-10-07T00:08:20.7253400Z   CARGO_INCREMENTAL: 0
2026-10-07T00:08:20.7253630Z   CARGO_TERM_COLOR: always
2026-10-07T00:08:20.7253820Z ##[endgroup]
2026-10-07T00:08:20.8366250Z rustc 1.99.0 (b940084d7 2026-09-28)
2026-10-07T00:08:20.8367730Z binary: rustc
2026-10-07T00:08:20.8368840Z commit-hash: b940084d7eb6a299eb4bfeb8e34901bc051e7ac4
2026-10-07T00:08:20.8371280Z commit-date: 2026-09-28
2026-10-07T00:08:20.8377120Z host: aarch64-apple-darwin
2026-10-07T00:08:20.8380220Z release: 1.99.0
2026-10-07T00:08:20.8380850Z LLVM version: 23.1.1
2026-10-07T00:08:20.8390120Z ##[end-action id=rust.__run_10;outcome=success;conclusion=success;duration_ms=149]
2026-10-07T00:08:21.7699290Z ##[group]Run actions/cache@v4
2026-10-07T00:08:21.7699580Z with:
2026-10-07T00:08:21.7699830Z   path: ~/.cargo/registry
~/.cargo/git
target
native-target

2026-10-07T00:08:21.7700660Z   key: nagi-rust-v1-package-macos-arm64-20260928b940-601958ff337592e5f2a53aba9b5ce590b2902bb894b23107ca273c3687ede46d-d2ceed13733861400c80e305d589329dbd05c701e9850c29368eb1cd3d82d619
2026-10-07T00:08:21.7701840Z   restore-keys: nagi-rust-v1-package-macos-arm64-20260928b940-601958ff337592e5f2a53aba9b5ce590b2902bb894b23107ca273c3687ede46d-
nagi-rust-v1-package-macos-arm64-20260928b940-

2026-10-07T00:08:21.7702570Z   enableCrossOsArchive: false
2026-10-07T00:08:21.7702780Z   fail-on-cache-miss: false
2026-10-07T00:08:21.7702990Z   lookup-only: false
2026-10-07T00:08:21.7703170Z   save-always: false
2026-10-07T00:08:21.7703350Z env:
2026-10-07T00:08:21.7703600Z   NAGI_FAILURE_DIR: /Users/runner/work/Nagi/Nagi/build/compiler-failures
2026-10-07T00:08:21.7703940Z   CARGO_HOME: /Users/runner/.cargo
2026-10-07T00:08:21.7704210Z   CARGO_INCREMENTAL: 0
2026-10-07T00:08:21.7705400Z   CARGO_TERM_COLOR: always
2026-10-07T00:08:21.7705920Z ##[endgroup]
2026-10-07T00:08:22.0615340Z (node:5477) [DEP0040] DeprecationWarning: The `punycode` module is deprecated. Please use a userland alternative instead.
2026-10-07T00:08:22.0617240Z (Use `node --trace-deprecation ...` to show where the warning was created)
2026-10-07T00:08:22.3684150Z Cache not found for input keys: nagi-rust-v1-package-macos-arm64-20260928b940-601958ff337592e5f2a53aba9b5ce590b2902bb894b23107ca273c3687ede46d-d2ceed13733861400c80e305d589329dbd05c701e9850c29368eb1cd3d82d619, nagi-rust-v1-package-macos-arm64-20260928b940-601958ff337592e5f2a53aba9b5ce590b2902bb894b23107ca273c3687ede46d-, nagi-rust-v1-package-macos-arm64-20260928b940-
2026-10-07T00:08:22.3876340Z ##[group]Run actions/setup-python@v5
2026-10-07T00:08:22.3876860Z with:
2026-10-07T00:08:22.3877020Z   python-version: 3.12
2026-10-07T00:08:22.3877240Z   check-latest: false
2026-10-07T00:08:22.3879640Z   token: ***
2026-10-07T00:08:22.3879810Z   update-environment: true
2026-10-07T00:08:22.3880020Z   allow-prereleases: false
2026-10-07T00:08:22.3880200Z   freethreaded: false
2026-10-07T00:08:22.3880460Z env:
2026-10-07T00:08:22.3880700Z   NAGI_FAILURE_DIR: /Users/runner/work/Nagi/Nagi/build/compiler-failures
2026-10-07T00:08:22.3881100Z   CARGO_HOME: /Users/runner/.cargo
2026-10-07T00:08:22.3881310Z   CARGO_INCREMENTAL: 0
2026-10-07T00:08:22.3881470Z   CARGO_TERM_COLOR: always
2026-10-07T00:08:22.3881720Z ##[endgroup]
2026-10-07T00:08:22.5970790Z ##[group]Installed versions
2026-10-07T00:08:22.6071940Z (node:5480) [DEP0040] DeprecationWarning: The `punycode` module is deprecated. Please use a userland alternative instead.
2026-10-07T00:08:22.6140780Z (Use `node --trace-deprecation ...` to show where the warning was created)
2026-10-07T00:08:22.6146680Z Successfully set up CPython (3.12.10)
2026-10-07T00:08:22.6147430Z ##[endgroup]
2026-10-07T00:08:22.6412750Z ##[group]Run actions/setup-node@v4
2026-10-07T00:08:22.6413040Z with:
2026-10-07T00:08:22.6413200Z   node-version: 22
2026-10-07T00:08:22.6413360Z   always-auth: false
2026-10-07T00:08:22.6413520Z   check-latest: false
2026-10-07T00:08:22.6415700Z   token: ***
2026-10-07T00:08:22.6415870Z env:
2026-10-07T00:08:22.6416100Z   NAGI_FAILURE_DIR: /Users/runner/work/Nagi/Nagi/build/compiler-failures
2026-10-07T00:08:22.6416530Z   CARGO_HOME: /Users/runner/.cargo
2026-10-07T00:08:22.6416740Z   CARGO_INCREMENTAL: 0
2026-10-07T00:08:22.6416930Z   CARGO_TERM_COLOR: always
2026-10-07T00:08:22.6417570Z   pythonLocation: /Users/runner/hostedtoolcache/Python/3.12.10/arm64
2026-10-07T00:08:22.6418030Z   PKG_CONFIG_PATH: /Users/runner/hostedtoolcache/Python/3.12.10/arm64/lib/pkgconfig
2026-10-07T00:08:22.6418490Z   Python_ROOT_DIR: /Users/runner/hostedtoolcache/Python/3.12.10/arm64
2026-10-07T00:08:22.6418840Z   Python2_ROOT_DIR: /Users/runner/hostedtoolcache/Python/3.12.10/arm64
2026-10-07T00:08:22.6419260Z   Python3_ROOT_DIR: /Users/runner/hostedtoolcache/Python/3.12.10/arm64
2026-10-07T00:08:22.6419530Z ##[endgroup]
2026-10-07T00:08:22.8821760Z (node:5482) [DEP0040] DeprecationWarning: The `punycode` module is deprecated. Please use a userland alternative instead.
2026-10-07T00:08:22.8922430Z (Use `node --trace-deprecation ...` to show where the warning was created)
2026-10-07T00:08:22.9509850Z Found in cache @ /Users/runner/hostedtoolcache/node/22.23.2/arm64
2026-10-07T00:08:22.9529590Z ##[group]Environment details
2026-10-07T00:08:23.4872550Z node: v22.23.2
2026-10-07T00:08:23.4875910Z npm: 10.9.8
2026-10-07T00:08:23.4881890Z yarn: 1.22.22
2026-10-07T00:08:23.4886810Z ##[endgroup]
2026-10-07T00:08:23.5041290Z ##[group]Run python - <<'PY'
2026-10-07T00:08:23.5041630Z [36;1mpython - <<'PY'[0m
2026-10-07T00:08:23.5041940Z [36;1mimport os, subprocess[0m
2026-10-07T00:08:23.5042890Z [36;1mlines = subprocess.check_output(['rustc', '-vV'], text=True).splitlines()[0m
2026-10-07T00:08:23.5043430Z [36;1mhost = next(line.removeprefix('host: ') for line in lines if line.startswith('host: '))[0m
2026-10-07T00:08:23.5043970Z [36;1massert host == os.environ['RELEASE_RUST_HOST'], host[0m
2026-10-07T00:08:23.5044290Z [36;1mPY[0m
2026-10-07T00:08:23.5119290Z shell: /bin/bash --noprofile --norc -e -o pipefail {0}
2026-10-07T00:08:23.5119670Z env:
2026-10-07T00:08:23.5119990Z   NAGI_FAILURE_DIR: /Users/runner/work/Nagi/Nagi/build/compiler-failures
2026-10-07T00:08:23.5120440Z   CARGO_HOME: /Users/runner/.cargo
2026-10-07T00:08:23.5120710Z   CARGO_INCREMENTAL: 0
2026-10-07T00:08:23.5120990Z   CARGO_TERM_COLOR: always
2026-10-07T00:08:23.5121460Z   pythonLocation: /Users/runner/hostedtoolcache/Python/3.12.10/arm64
2026-10-07T00:08:23.5121890Z   PKG_CONFIG_PATH: /Users/runner/hostedtoolcache/Python/3.12.10/arm64/lib/pkgconfig
2026-10-07T00:08:23.5122420Z   Python_ROOT_DIR: /Users/runner/hostedtoolcache/Python/3.12.10/arm64
2026-10-07T00:08:23.5122790Z   Python2_ROOT_DIR: /Users/runner/hostedtoolcache/Python/3.12.10/arm64
2026-10-07T00:08:23.5123230Z   Python3_ROOT_DIR: /Users/runner/hostedtoolcache/Python/3.12.10/arm64
2026-10-07T00:08:23.5123530Z   RELEASE_RUST_HOST: aarch64-apple-darwin
2026-10-07T00:08:23.5123770Z ##[endgroup]
2026-10-07T00:08:23.9428570Z ##[group]Run cargo fetch --locked --target "$RELEASE_RUST_HOST"
2026-10-07T00:08:23.9429080Z [36;1mcargo fetch --locked --target "$RELEASE_RUST_HOST"[0m
2026-10-07T00:08:23.9472460Z shell: /bin/bash --noprofile --norc -e -o pipefail {0}
2026-10-07T00:08:23.9472760Z env:
2026-10-07T00:08:23.9473020Z   NAGI_FAILURE_DIR: /Users/runner/work/Nagi/Nagi/build/compiler-failures
2026-10-07T00:08:23.9473520Z   CARGO_HOME: /Users/runner/.cargo
2026-10-07T00:08:23.9473790Z   CARGO_INCREMENTAL: 0
2026-10-07T00:08:23.9474090Z   CARGO_TERM_COLOR: always
2026-10-07T00:08:23.9474400Z   pythonLocation: /Users/runner/hostedtoolcache/Python/3.12.10/arm64
2026-10-07T00:08:23.9474860Z   PKG_CONFIG_PATH: /Users/runner/hostedtoolcache/Python/3.12.10/arm64/lib/pkgconfig
2026-10-07T00:08:23.9475310Z   Python_ROOT_DIR: /Users/runner/hostedtoolcache/Python/3.12.10/arm64
2026-10-07T00:08:23.9475720Z   Python2_ROOT_DIR: /Users/runner/hostedtoolcache/Python/3.12.10/arm64
2026-10-07T00:08:23.9492750Z   Python3_ROOT_DIR: /Users/runner/hostedtoolcache/Python/3.12.10/arm64
2026-10-07T00:08:23.9493190Z   RELEASE_RUST_HOST: aarch64-apple-darwin
2026-10-07T00:08:23.9493520Z ##[endgroup]
2026-10-07T00:08:24.1336000Z [1m[92m    Updating[0m crates.io index
2026-10-07T00:08:24.6376310Z [1m[92m Downloading[0m crates ...
2026-10-07T00:08:24.6902930Z [1m[92m  Downloaded[0m thiserror-impl v2.0.21
2026-10-07T00:08:24.6973000Z [1m[92m  Downloaded[0m mio v1.2.3
2026-10-07T00:08:24.7193270Z [1m[92m  Downloaded[0m http v1.5.0
2026-10-07T00:08:24.7598160Z [1m[92m  Downloaded[0m quote v1.0.47
2026-10-07T00:08:24.7967470Z [1m[92m  Downloaded[0m socket2 v0.6.5
2026-10-07T00:08:24.8043820Z [1m[92m  Downloaded[0m syn v3.0.6
2026-10-07T00:08:24.8305910Z [1m[92m  Downloaded[0m signal-hook-registry v1.4.8
2026-10-07T00:08:24.8338510Z [1m[92m  Downloaded[0m errno v0.3.14
2026-10-07T00:08:24.8425080Z [1m[92m  Downloaded[0m httpdate v1.0.3
2026-10-07T00:08:24.8479150Z [1m[92m  Downloaded[0m bytes v1.12.1
2026-10-07T00:08:24.8604730Z [1m[92m  Downloaded[0m hashlink v0.12.2
2026-10-07T00:08:24.8984260Z [1m[92m  Downloaded[0m find-msvc-tools v0.1.14
2026-10-07T00:08:24.9027680Z [1m[92m  Downloaded[0m atomic-waker v1.1.2
2026-10-07T00:08:24.9044520Z [1m[92m  Downloaded[0m rusqlite v0.40.2
2026-10-07T00:08:24.9400950Z [1m[92m  Downloaded[0m deadpool v0.13.1
2026-10-07T00:08:24.9476770Z [1m[92m  Downloaded[0m sha1 v0.10.7
2026-10-07T00:08:24.9524240Z [1m[92m  Downloaded[0m http-body-util v0.1.5
2026-10-07T00:08:24.9604610Z [1m[92m  Downloaded[0m toml_parser v1.1.3+spec-1.1.0
2026-10-07T00:08:24.9652490Z [1m[92m  Downloaded[0m proc-macro2 v1.0.107
2026-10-07T00:08:24.9748860Z [1m[92m  Downloaded[0m libc v0.2.189
2026-10-07T00:08:25.1979020Z [1m[92m  Downloaded[0m serde_core v1.0.229
2026-10-07T00:08:25.2063040Z [1m[92m  Downloaded[0m serde v1.0.229
2026-10-07T00:08:25.2236170Z [1m[92m  Downloaded[0m pkg-config v0.3.34
2026-10-07T00:08:25.2299820Z [1m[92m  Downloaded[0m shlex v2.0.1
2026-10-07T00:08:25.2342090Z [1m[92m  Downloaded[0m tower-service v0.3.3
2026-10-07T00:08:25.2405280Z [1m[92m  Downloaded[0m http-body v1.1.0
2026-10-07T00:08:25.2434830Z [1m[92m  Downloaded[0m tower-layer v0.3.3
2026-10-07T00:08:25.2495320Z [1m[92m  Downloaded[0m tungstenite v0.29.0
2026-10-07T00:08:25.2597140Z [1m[92m  Downloaded[0m ryu v1.0.23
2026-10-07T00:08:25.2698620Z [1m[92m  Downloaded[0m tokio v1.53.1
2026-10-07T00:08:25.4584350Z [1m[92m  Downloaded[0m zmij v1.0.23
2026-10-07T00:08:25.5191270Z [1m[92m  Downloaded[0m hashbrown v0.17.1
2026-10-07T00:08:25.5411830Z [1m[92m  Downloaded[0m foldhash v0.2.0
2026-10-07T00:08:25.5512440Z [1m[92m  Downloaded[0m futures-core v0.3.34
2026-10-07T00:08:25.5616160Z [1m[92m  Downloaded[0m matchit v0.8.4
2026-10-07T00:08:25.5660430Z [1m[92m  Downloaded[0m ppv-lite86 v0.2.21
2026-10-07T00:08:25.5715580Z [1m[92m  Downloaded[0m smallvec v1.16.2
2026-10-07T00:08:25.5718320Z [1m[92m  Downloaded[0m slab v0.4.12
2026-10-07T00:08:25.5720750Z [1m[92m  Downloaded[0m crypto-common v0.1.7
2026-10-07T00:08:25.5737550Z [1m[92m  Downloaded[0m httparse v1.10.1
2026-10-07T00:08:25.5739900Z [1m[92m  Downloaded[0m hyper v1.11.1
2026-10-07T00:08:25.6414420Z [1m[92m  Downloaded[0m futures-macro v0.3.34
2026-10-07T00:08:25.6440600Z [1m[92m  Downloaded[0m tracing-core v0.1.36
2026-10-07T00:08:25.6500310Z [1m[92m  Downloaded[0m thiserror v2.0.21
2026-10-07T00:08:25.6657230Z [1m[92m  Downloaded[0m serde_json v1.0.151
2026-10-07T00:08:25.6807330Z [1m[92m  Downloaded[0m getrandom v0.3.4
2026-10-07T00:08:25.7288150Z [1m[92m  Downloaded[0m futures-channel v0.3.34
2026-10-07T00:08:25.7348250Z [1m[92m  Downloaded[0m deadpool-runtime v0.3.1
2026-10-07T00:08:25.7449510Z [1m[92m  Downloaded[0m typenum v1.20.1
2026-10-07T00:08:25.7488960Z [1m[92m  Downloaded[0m form_urlencoded v1.2.2
2026-10-07T00:08:25.7513170Z [1m[92m  Downloaded[0m percent-encoding v2.3.2
2026-10-07T00:08:25.7528540Z [1m[92m  Downloaded[0m toml v1.1.6+spec-1.1.0
2026-10-07T00:08:25.7619710Z [1m[92m  Downloaded[0m winnow v1.0.4
2026-10-07T00:08:25.8532080Z [1m[92m  Downloaded[0m bumpalo v3.20.3
2026-10-07T00:08:25.8587390Z [1m[92m  Downloaded[0m tracing v0.1.44
2026-10-07T00:08:25.8906960Z [1m[92m  Downloaded[0m tower v0.5.3
2026-10-07T00:08:25.9546720Z [1m[92m  Downloaded[0m sync_wrapper v1.0.2
2026-10-07T00:08:25.9647380Z [1m[92m  Downloaded[0m tokio-tungstenite v0.29.0
2026-10-07T00:08:25.9725680Z [1m[92m  Downloaded[0m cpufeatures v0.2.17
2026-10-07T00:08:25.9827490Z [1m[92m  Downloaded[0m cfg-if v1.0.5
2026-10-07T00:08:25.9934940Z [1m[92m  Downloaded[0m rand_core v0.9.5
2026-10-07T00:08:26.0124250Z [1m[92m  Downloaded[0m data-encoding v2.11.1
2026-10-07T00:08:26.0455670Z [1m[92m  Downloaded[0m toml_datetime v1.1.1+spec-1.1.0
2026-10-07T00:08:26.0557370Z [1m[92m  Downloaded[0m serde_spanned v1.1.1
2026-10-07T00:08:26.0557770Z [1m[92m  Downloaded[0m equivalent v1.0.2
2026-10-07T00:08:26.0558140Z [1m[92m  Downloaded[0m memchr v2.8.3
2026-10-07T00:08:26.0563740Z [1m[92m  Downloaded[0m vcpkg v0.2.15
2026-10-07T00:08:26.2474190Z [1m[92m  Downloaded[0m axum v0.8.9
2026-10-07T00:08:26.2752690Z [1m[92m  Downloaded[0m serde_path_to_error v0.1.20
2026-10-07T00:08:26.2793250Z [1m[92m  Downloaded[0m rand v0.9.5
2026-10-07T00:08:26.2942480Z [1m[92m  Downloaded[0m base64 v0.22.1
2026-10-07T00:08:26.3073010Z [1m[92m  Downloaded[0m serde_derive v1.0.229
2026-10-07T00:08:26.3127400Z [1m[92m  Downloaded[0m itoa v1.0.18
2026-10-07T00:08:26.3156710Z [1m[92m  Downloaded[0m hyper-util v0.1.21
2026-10-07T00:08:26.3361650Z [1m[92m  Downloaded[0m futures-util v0.3.34
2026-10-07T00:08:26.3814080Z [1m[92m  Downloaded[0m version_check v0.9.5
2026-10-07T00:08:26.3841150Z [1m[92m  Downloaded[0m once_cell v1.21.4
2026-10-07T00:08:26.3932460Z [1m[92m  Downloaded[0m axum-core v0.5.6
2026-10-07T00:08:26.4375320Z [1m[92m  Downloaded[0m unicode-ident v1.0.26
2026-10-07T00:08:26.4532660Z [1m[92m  Downloaded[0m zerocopy v0.8.59
2026-10-07T00:08:26.5524460Z [1m[92m  Downloaded[0m bitflags v2.13.2
2026-10-07T00:08:26.5683900Z [1m[92m  Downloaded[0m futures-sink v0.3.34
2026-10-07T00:08:26.5741600Z [1m[92m  Downloaded[0m rand_chacha v0.9.0
2026-10-07T00:08:26.5744490Z [1m[92m  Downloaded[0m mime v0.3.17
2026-10-07T00:08:26.5745960Z [1m[92m  Downloaded[0m indexmap v2.14.2
2026-10-07T00:08:26.5866990Z [1m[92m  Downloaded[0m cc v1.5.1
2026-10-07T00:08:26.5938520Z [1m[92m  Downloaded[0m toml_writer v1.1.2+spec-1.1.0
2026-10-07T00:08:26.6003820Z [1m[92m  Downloaded[0m futures-task v0.3.34
2026-10-07T00:08:26.6486870Z [1m[92m  Downloaded[0m block-buffer v0.10.4
2026-10-07T00:08:26.6513990Z [1m[92m  Downloaded[0m tokio-macros v2.7.2
2026-10-07T00:08:26.6624780Z [1m[92m  Downloaded[0m fallible-iterator v0.3.0
2026-10-07T00:08:26.6661040Z [1m[92m  Downloaded[0m fallible-streaming-iterator v0.1.9
2026-10-07T00:08:26.6762810Z [1m[92m  Downloaded[0m pin-project-lite v0.2.17
2026-10-07T00:08:26.6801240Z [1m[92m  Downloaded[0m log v0.4.34
2026-10-07T00:08:26.6839170Z [1m[92m  Downloaded[0m digest v0.10.7
2026-10-07T00:08:26.6899510Z [1m[92m  Downloaded[0m generic-array v0.14.7
2026-10-07T00:08:26.6948100Z [1m[92m  Downloaded[0m serde_urlencoded v0.7.1
2026-10-07T00:08:26.7049400Z [1m[92m  Downloaded[0m libsqlite3-sys v0.38.2
2026-10-07T00:08:26.8467870Z ##[group]Run cargo build --release --locked -p nagic
2026-10-07T00:08:26.8468370Z [36;1mcargo build --release --locked -p nagic[0m
2026-10-07T00:08:26.8520330Z shell: /bin/bash -e {0}
2026-10-07T00:08:26.8520560Z env:
2026-10-07T00:08:26.8520900Z   NAGI_FAILURE_DIR: /Users/runner/work/Nagi/Nagi/build/compiler-failures
2026-10-07T00:08:26.8521230Z   CARGO_HOME: /Users/runner/.cargo
2026-10-07T00:08:26.8521450Z   CARGO_INCREMENTAL: 0
2026-10-07T00:08:26.8521640Z   CARGO_TERM_COLOR: always
2026-10-07T00:08:26.8521980Z   pythonLocation: /Users/runner/hostedtoolcache/Python/3.12.10/arm64
2026-10-07T00:08:26.8522470Z   PKG_CONFIG_PATH: /Users/runner/hostedtoolcache/Python/3.12.10/arm64/lib/pkgconfig
2026-10-07T00:08:26.8522900Z   Python_ROOT_DIR: /Users/runner/hostedtoolcache/Python/3.12.10/arm64
2026-10-07T00:08:26.8523280Z   Python2_ROOT_DIR: /Users/runner/hostedtoolcache/Python/3.12.10/arm64
2026-10-07T00:08:26.8524060Z   Python3_ROOT_DIR: /Users/runner/hostedtoolcache/Python/3.12.10/arm64
2026-10-07T00:08:26.8524690Z ##[endgroup]
2026-10-07T00:08:27.0245800Z [1m[92m   Compiling[0m serde_core v1.0.229
2026-10-07T00:08:27.0251350Z [1m[92m   Compiling[0m proc-macro2 v1.0.107
2026-10-07T00:08:27.0252880Z [1m[92m   Compiling[0m unicode-ident v1.0.26
2026-10-07T00:08:27.2922350Z [1m[92m   Compiling[0m quote v1.0.47
2026-10-07T00:08:31.0982630Z [1m[92m   Compiling[0m shlex v2.0.1
2026-10-07T00:08:31.3477680Z [1m[92m   Compiling[0m find-msvc-tools v0.1.14
2026-10-07T00:08:31.6409500Z [1m[92m   Compiling[0m cc v1.5.1
2026-10-07T00:08:32.1338000Z [1m[92m   Compiling[0m vcpkg v0.2.15
2026-10-07T00:08:32.7146720Z [1m[92m   Compiling[0m pkg-config v0.3.34
2026-10-07T00:08:33.1672950Z [1m[92m   Compiling[0m libsqlite3-sys v0.38.2
2026-10-07T00:08:33.3470230Z [1m[92m   Compiling[0m zmij v1.0.23
2026-10-07T00:08:33.5203220Z [1m[92m   Compiling[0m foldhash v0.2.0
2026-10-07T00:08:33.6973010Z [1m[92m   Compiling[0m hashbrown v0.17.1
2026-10-07T00:08:33.8278540Z [1m[92m   Compiling[0m syn v3.0.6
2026-10-07T00:08:34.7938970Z [1m[92m   Compiling[0m serde_json v1.0.151
2026-10-07T00:08:35.0841870Z [1m[92m   Compiling[0m serde v1.0.229
2026-10-07T00:08:35.4868490Z [1m[92m   Compiling[0m winnow v1.0.4
2026-10-07T00:08:35.8662990Z [1m[92m   Compiling[0m toml_parser v1.1.3+spec-1.1.0
2026-10-07T00:08:36.8278250Z [1m[92m   Compiling[0m serde_derive v1.0.229
2026-10-07T00:08:37.2583790Z [1m[92m   Compiling[0m hashlink v0.12.2
2026-10-07T00:08:37.9977790Z [1m[92m   Compiling[0m toml_datetime v1.1.1+spec-1.1.0
2026-10-07T00:08:38.4596080Z [1m[92m   Compiling[0m serde_spanned v1.1.1
2026-10-07T00:08:38.5678300Z [1m[92m   Compiling[0m fallible-streaming-iterator v0.1.9
2026-10-07T00:08:38.6782250Z [1m[92m   Compiling[0m fallible-iterator v0.3.0
2026-10-07T00:08:39.0054760Z [1m[92m   Compiling[0m bitflags v2.13.2
2026-10-07T00:08:39.3058270Z [1m[92m   Compiling[0m itoa v1.0.18
2026-10-07T00:08:39.4898140Z [1m[92m   Compiling[0m memchr v2.8.3
2026-10-07T00:08:39.5309910Z [1m[92m   Compiling[0m toml_writer v1.1.2+spec-1.1.0
2026-10-07T00:08:39.7012520Z [1m[92m   Compiling[0m smallvec v1.16.2
2026-10-07T00:08:40.1827840Z [1m[92m   Compiling[0m toml v1.1.6+spec-1.1.0
2026-10-07T00:09:05.9050880Z [1m[92m   Compiling[0m rusqlite v0.40.2
2026-10-07T00:09:07.2599320Z [1m[92m   Compiling[0m nagic v0.1.10 (/Users/runner/work/Nagi/Nagi/compiler)
2026-10-07T00:10:09.8421290Z [1m[92m    Finished[0m `release` profile [optimized] target(s) in 1m 42s
2026-10-07T00:10:09.8794890Z ##[group]Run cargo test --locked -p nagic --lib --test cli --test installation --test codegen --test loop_ownership --test ownership_calls --test ownership_boundaries --test comparison_ownership --test owned_copy_codegen --test build_diagnostics --test rust_dependencies --test expression_contracts --test frontend_contracts --test literal_contracts --test http_route_conflicts --test symbols --test modules --test module_parser --test module_emission --test module_symbols --test enum_parser --test enum_modules --test enum_emission --test enum_patterns --test nullable_database --test nullable_roundtrip --test owned_database --test borrow_free_returns --test static_callback_views --test view_iteration --test view_parameter_rebinding --test sql_check --test typed_errors --test error_routes --test class_field_types --test resource_contract_characterization --test stdlib_imports --test option_match --test http_stdlib --test http_codegen --test actor_stdlib --test actor_codegen --test graph_types --test graph_relations --test graph_render --test graph_html --test map_cli --test low_multiline --test list_ownership_inference --test list_borrow_iteration --test result_stdlib
2026-10-07T00:10:09.8816140Z [36;1mcargo test --locked -p nagic --lib --test cli --test installation --test codegen --test loop_ownership --test ownership_calls --test ownership_boundaries --test comparison_ownership --test owned_copy_codegen --test build_diagnostics --test rust_dependencies --test expression_contracts --test frontend_contracts --test literal_contracts --test http_route_conflicts --test symbols --test modules --test module_parser --test module_emission --test module_symbols --test enum_parser --test enum_modules --test enum_emission --test enum_patterns --test nullable_database --test nullable_roundtrip --test owned_database --test borrow_free_returns --test static_callback_views --test view_iteration --test view_parameter_rebinding --test sql_check --test typed_errors --test error_routes --test class_field_types --test resource_contract_characterization --test stdlib_imports --test option_match --test http_stdlib --test http_codegen --test actor_stdlib --test actor_codegen --test graph_types --test graph_relations --test graph_render --test graph_html --test map_cli --test low_multiline --test list_ownership_inference --test list_borrow_iteration --test result_stdlib[0m
2026-10-07T00:10:09.9362600Z shell: /bin/bash -e {0}
2026-10-07T00:10:09.9363480Z env:
2026-10-07T00:10:09.9364820Z   NAGI_FAILURE_DIR: /Users/runner/work/Nagi/Nagi/build/compiler-failures
2026-10-07T00:10:09.9365380Z   CARGO_HOME: /Users/runner/.cargo
2026-10-07T00:10:09.9365780Z   CARGO_INCREMENTAL: 0
2026-10-07T00:10:09.9366020Z   CARGO_TERM_COLOR: always
2026-10-07T00:10:09.9366440Z   pythonLocation: /Users/runner/hostedtoolcache/Python/3.12.10/arm64
2026-10-07T00:10:09.9366920Z   PKG_CONFIG_PATH: /Users/runner/hostedtoolcache/Python/3.12.10/arm64/lib/pkgconfig
2026-10-07T00:10:09.9367460Z   Python_ROOT_DIR: /Users/runner/hostedtoolcache/Python/3.12.10/arm64
2026-10-07T00:10:09.9367950Z   Python2_ROOT_DIR: /Users/runner/hostedtoolcache/Python/3.12.10/arm64
2026-10-07T00:10:09.9368360Z   Python3_ROOT_DIR: /Users/runner/hostedtoolcache/Python/3.12.10/arm64
2026-10-07T00:10:09.9368840Z ##[endgroup]
2026-10-07T00:10:10.2915180Z [1m[92m   Compiling[0m serde_core v1.0.229
2026-10-07T00:10:10.2920880Z [1m[92m   Compiling[0m proc-macro2 v1.0.107
2026-10-07T00:10:10.2925560Z [1m[92m   Compiling[0m unicode-ident v1.0.26
2026-10-07T00:10:10.4659430Z [1m[92m   Compiling[0m quote v1.0.47
2026-10-07T00:10:10.8041150Z [1m[92m   Compiling[0m shlex v2.0.1
2026-10-07T00:10:10.9209550Z [1m[92m   Compiling[0m find-msvc-tools v0.1.14
2026-10-07T00:10:11.1900590Z [1m[92m   Compiling[0m cc v1.5.1
2026-10-07T00:10:11.6985190Z [1m[92m   Compiling[0m vcpkg v0.2.15
2026-10-07T00:10:12.4021970Z [1m[92m   Compiling[0m pkg-config v0.3.34
2026-10-07T00:10:13.2250940Z [1m[92m   Compiling[0m libsqlite3-sys v0.38.2
2026-10-07T00:10:13.3381920Z [1m[92m   Compiling[0m zmij v1.0.23
2026-10-07T00:10:13.5700500Z [1m[92m   Compiling[0m foldhash v0.2.0
2026-10-07T00:10:13.6971560Z [1m[92m   Compiling[0m hashbrown v0.17.1
2026-10-07T00:10:14.1156260Z [1m[92m   Compiling[0m syn v3.0.6
2026-10-07T00:10:14.3868850Z [1m[92m   Compiling[0m winnow v1.0.4
2026-10-07T00:10:14.8191320Z [1m[92m   Compiling[0m serde v1.0.229
2026-10-07T00:10:15.1129400Z [1m[92m   Compiling[0m serde_json v1.0.151
2026-10-07T00:10:15.3731940Z [1m[92m   Compiling[0m toml_parser v1.1.3+spec-1.1.0
2026-10-07T00:10:16.0590200Z [1m[92m   Compiling[0m hashlink v0.12.2
2026-10-07T00:10:16.3020850Z [1m[92m   Compiling[0m toml_datetime v1.1.1+spec-1.1.0
2026-10-07T00:10:16.5207060Z [1m[92m   Compiling[0m serde_derive v1.0.229
2026-10-07T00:10:16.5728920Z [1m[92m   Compiling[0m serde_spanned v1.1.1
2026-10-07T00:10:17.0966560Z [1m[92m   Compiling[0m memchr v2.8.3
2026-10-07T00:10:17.6370060Z [1m[92m   Compiling[0m itoa v1.0.18
2026-10-07T00:10:17.7857470Z [1m[92m   Compiling[0m fallible-streaming-iterator v0.1.9
2026-10-07T00:10:17.8332580Z [1m[92m   Compiling[0m toml_writer v1.1.2+spec-1.1.0
2026-10-07T00:10:17.8852430Z [1m[92m   Compiling[0m fallible-iterator v0.3.0
2026-10-07T00:10:17.9839560Z [1m[92m   Compiling[0m bitflags v2.13.2
2026-10-07T00:10:18.1360010Z [1m[92m   Compiling[0m smallvec v1.16.2
2026-10-07T00:10:18.1451170Z [1m[92m   Compiling[0m toml v1.1.6+spec-1.1.0
2026-10-07T00:10:18.3625700Z [1m[92m   Compiling[0m rusqlite v0.40.2
2026-10-07T00:10:20.6211140Z [1m[92m   Compiling[0m nagic v0.1.10 (/Users/runner/work/Nagi/Nagi/compiler)
2026-10-07T00:10:47.0933150Z [1m[92m    Finished[0m `test` profile [unoptimized + debuginfo] target(s) in 37.00s
2026-10-07T00:10:47.1059240Z [1m[92m     Running[0m unittests src/lib.rs (target/debug/deps/nagic-2444cc00a4cd2876)
2026-10-07T00:10:47.1174910Z 
2026-10-07T00:10:47.1175850Z running 122 tests
2026-10-07T00:10:47.1220500Z test capabilities::tests::charge_recursive_lists_have_known_storage_but_require_a_walk ... ok
2026-10-07T00:10:47.1243750Z test capabilities::tests::charge_rejects_excluded_storage_with_a_nested_field_path ... ok
2026-10-07T00:10:47.1267730Z test capabilities::tests::charge_inline_capability_accounts_for_every_enum_variant ... ok
2026-10-07T00:10:47.1268920Z test capabilities::tests::indirect_cycles_remain_serializable_only_with_serializable_fields ... ok
2026-10-07T00:10:47.1269890Z test capabilities::tests::native_debug_does_not_require_generic_payload_debug ... ok
2026-10-07T00:10:47.1271000Z test capabilities::tests::private_causes_prevent_serialization_through_nested_records ... ok
2026-10-07T00:10:47.1271810Z test capabilities::tests::native_payload_roles_are_purpose_specific ... ok
2026-10-07T00:10:47.1272880Z test capabilities::tests::serde_charge_and_owned_fields_are_distinct_capabilities ... ok
2026-10-07T00:10:47.1273690Z test check::checked::tests::final_factory_checks_and_seals_owned_input ... ok
2026-10-07T00:10:47.1274930Z test check::checked::tests::final_factory_rejects_invalid_input ... ok
2026-10-07T00:10:47.1275920Z test check::checked::tests::facts_and_emission_are_deterministic_and_read_only ... ok
2026-10-07T00:10:47.1278120Z test check::checked::tests::missing_binding_and_pattern_types_are_rejected_without_rechecking ... ok
2026-10-07T00:10:47.1279190Z test check::checked::tests::missing_declaration_type_is_rejected_without_rechecking ... ok
2026-10-07T00:10:47.1280230Z test check::checked::tests::missing_name_resolution_is_rejected_without_rechecking ... ok
2026-10-07T00:10:47.1281170Z test check::checked::tests::sealed_missing_expression_plan_fails_closed ... ok
2026-10-07T00:10:47.1282900Z test check::checked::tests::sealed_missing_operand_role_fails_closed ... ok
2026-10-07T00:10:47.1323370Z test check::checked::tests::sealed_missing_required_flow_or_slots_fails_closed ... ok
2026-10-07T00:10:47.1324660Z test check::checked::tests::sealed_missing_rust_type_plan_fails_closed ... ok
2026-10-07T00:10:47.1429790Z test check::checked::tests::sealing_rejects_missing_expression_types ... ok
2026-10-07T00:10:47.1431150Z test check::checked::tests::symbolic_enum_owner_is_not_an_untyped_payload ... ok
2026-10-07T00:10:47.1432790Z test check::checked::tests::task_sealing_rejects_missing_or_mismatched_scope_and_use_facts ... ok
2026-10-07T00:10:47.1433560Z test check::checked::tests::final_diagnostic_transports_kind_without_changing_user_messages ... ok
2026-10-07T00:10:47.1434150Z test check::checked::tests::unknown_origin_is_not_user_blame ... ok
2026-10-07T00:10:47.1434850Z test check::flow_metadata_tests::checked_operand_roles_reach_codegen_and_missing_roles_fail ... ok
2026-10-07T00:10:47.1435710Z test check::flow_metadata_tests::content_mutation_events_survive_rhs_replacement_and_stay_in_their_statement ... ok
2026-10-07T00:10:47.1681760Z test check::checked::tests::generated_saved_native_replacement_and_synthetic_origins_are_distinct ... ok
2026-10-07T00:10:47.1736360Z test check::flow_metadata_tests::flow_facts_recompute_for_high_saved_low_and_self_consumption ... ok
2026-10-07T00:10:47.1849250Z test check::flow_metadata_tests::flow_collection_is_gated_to_view_return_dependencies ... ok
2026-10-07T00:10:47.1964090Z test check::flow_metadata_tests::loop_regions_preserve_candidate_reads_and_assignments ... ok
2026-10-07T00:10:47.2068120Z test check::flow_metadata_tests::semantic_value_edges_keep_mutation_inputs_without_scalar_overselection ... ok
2026-10-07T00:10:47.2170510Z test check::flow_metadata_tests::flow_snapshots_only_keep_return_dependency_bindings ... ok
2026-10-07T00:10:47.2297000Z test modules::metadata_tests::intrinsic_transport_rejects_forged_namespace_collisions_and_unknown_heads ... ok
2026-10-07T00:10:47.2330920Z test modules::metadata_tests::intrinsic_type_transport_is_structural_and_avoids_real_bindings ... ok
2026-10-07T00:10:47.2433580Z test modules::metadata_tests::low_identity_is_portable_between_unix_drive_and_unc_paths ... ok
2026-10-07T00:10:47.2509280Z test modules::metadata_tests::malformed_internal_looking_names_keep_their_original_display ... ok
2026-10-07T00:10:47.2544130Z test modules::metadata_tests::metadata_cannot_rebind_a_definition_to_a_builtin_or_unrelated_id ... ok
2026-10-07T00:10:47.2548520Z test modules::metadata_tests::low_metadata_rejects_unknown_topology_and_span_fields ... ok
2026-10-07T00:10:47.2578930Z test modules::metadata_tests::metadata_rejects_relative_noncanonical_and_traversing_ids ... ok
2026-10-07T00:10:47.2583790Z test sql_check::collect::tests::checked_high_and_saved_low_preserve_supported_operations_and_source_fields ... ok
2026-10-07T00:10:47.2685630Z test sql_check::collect::tests::aliased_row_classes_use_canonical_identity_and_original_field_names ... ok
2026-10-07T00:10:47.2792220Z test sql_check::collect::tests::conditional_loop_and_match_bodies_are_collected_once ... ok
2026-10-07T00:10:47.2895250Z test sql_check::collect::tests::dynamic_sql_and_exec_scripts_remain_visible_as_excluded_sites ... ok
2026-10-07T00:10:47.2997810Z test sql_check::collect::tests::integrated_native_replacements_only_collect_the_final_function_body ... ok
2026-10-07T00:10:47.3080310Z test sql_check::collect::tests::nested_value_expressions_returns_and_scope_spawn_keep_each_actual_call ... ok
2026-10-07T00:10:47.3081340Z test sql_check::collect::tests::collection_rejects_excessive_sites_at_the_first_over_limit_call ... ok
2026-10-07T00:10:47.3183730Z test sql_check::collect::tests::same_named_user_function_and_local_function_value_are_not_sql_calls ... ok
2026-10-07T00:10:47.3284570Z test sql_check::engine::tests::columns_aliases_and_sqlite_parameter_numbering ... ok
2026-10-07T00:10:47.3387890Z test sql_check::collect::tests::repeated_row_metadata_is_bounded_before_building_the_worker_request ... ok
2026-10-07T00:10:47.3490300Z test sql_check::engine::tests::every_default_expression_uses_the_function_allowlist_even_when_unused ... ok
2026-10-07T00:10:47.3600700Z test sql_check::engine::tests::external_files_and_extension_paths_are_never_opened_or_modified ... ok
2026-10-07T00:10:47.3710700Z test sql_check::engine::tests::ordinary_tables_indexes_views_and_pure_functions_are_supported ... ok
2026-10-07T00:10:47.3810440Z test sql_check::engine::tests::prepare_authorizer_also_rejects_unsafe_view_functions ... ok
2026-10-07T00:10:47.3913590Z test sql_check::engine::tests::prepare_only_dml_does_not_write_application_rows ... ok
2026-10-07T00:10:47.4015790Z test sql_check::engine::tests::rejects_operation_shape_mismatches ... ok
2026-10-07T00:10:47.4116760Z test sql_check::engine::tests::schema_is_ddl_snapshot_not_migration_or_arbitrary_sql ... ok
2026-10-07T00:10:47.4217800Z test sql_check::engine::tests::sqlite_identifier_defaults_remain_literals_without_hiding_function_terms ... ok
2026-10-07T00:10:47.4320250Z test sql_check::tests::bounded_input_does_not_accept_a_truncated_prefix ... ok
2026-10-07T00:10:47.4419730Z test sql_check::tests::deadline_kills_and_reaps_a_worker_with_blocked_input ... ok
2026-10-07T00:10:47.4521250Z test sql_check::engine::tests::finite_limits_reject_large_and_deep_inputs ... ok
2026-10-07T00:10:47.4623500Z test sql_check::tests::terminating_a_worker_returns_its_reaped_exit_status ... ok
2026-10-07T00:10:47.4723730Z test sql_check::tests::worker_fixture ... ok
2026-10-07T00:10:47.4825810Z test stdlib::resource_contract_tests::descriptor_rejects_arity_parameter_mismatch - should panic ... ok
2026-10-07T00:10:47.4928100Z test stdlib::resource_contract_tests::descriptor_rejects_duplicate_in_one_role - should panic ... ok
2026-10-07T00:10:47.5029460Z test stdlib::resource_contract_tests::descriptor_rejects_missing_role - should panic ... ok
2026-10-07T00:10:47.5152200Z test stdlib::resource_contract_tests::descriptor_rejects_out_of_range_role - should panic ... ok
2026-10-07T00:10:47.5252990Z test stdlib::resource_contract_tests::descriptor_rejects_overlapping_roles - should panic ... ok
2026-10-07T00:10:47.5354750Z test stdlib::resource_contract_tests::descriptor_rejects_roles_on_zero_arity - should panic ... ok
2026-10-07T00:10:47.5457220Z test stdlib::resource_contract_tests::legacy_views_borrow_the_registered_descriptor ... ok
2026-10-07T00:10:47.5568240Z test stdlib::resource_contract_tests::registered_roles_match_the_independent_position_oracle ... ok
2026-10-07T00:10:47.5669580Z test tests::await_only_async ... ok
2026-10-07T00:10:47.5770860Z test tests::bad_string ... ok
2026-10-07T00:10:47.5895080Z test tests::class_field_check ... ok
2026-10-07T00:10:47.5997340Z test tests::class_move ... ok
2026-10-07T00:10:47.6099020Z test tests::console_io_roundtrip ... ok
2026-10-07T00:10:47.6207870Z test tests::copy_value_class ... ok
2026-10-07T00:10:47.6317520Z test tests::cost_not_dynamic_count ... ok
2026-10-07T00:10:47.6418800Z test tests::duplicate_class_fields ... ok
2026-10-07T00:10:47.6520390Z test tests::empty_list_inference ... ok
2026-10-07T00:10:47.6621990Z test tests::error_propagation ... ok
2026-10-07T00:10:47.6726280Z test tests::explicit_copy ... ok
2026-10-07T00:10:47.6829290Z test tests::floating_literals_accept_f32_boundary_and_roundtrip ... ok
2026-10-07T00:10:47.6931840Z test tests::floating_literals_keep_f64_range_and_default_inference ... ok
2026-10-07T00:10:47.7048080Z test tests::floating_literals_reject_f32_overflow_in_high_and_low ... ok
2026-10-07T00:10:47.7159600Z test tests::forgotten_await ... ok
2026-10-07T00:10:47.7274990Z test tests::hello ... ok
2026-10-07T00:10:47.7377260Z test tests::html_route_is_not_encoded_as_json ... ok
2026-10-07T00:10:47.7479000Z test tests::invalid_indent ... ok
2026-10-07T00:10:47.7580080Z test tests::low_standalone ... ok
2026-10-07T00:10:47.7681500Z test tests::mismatched_type ... ok
2026-10-07T00:10:47.7782750Z test tests::missing_return ... ok
2026-10-07T00:10:47.7883940Z test tests::native_numeric ... ok
2026-10-07T00:10:47.7986310Z test tests::nested_view_in_class_rejected ... ok
2026-10-07T00:10:47.8088000Z test tests::no_implicit_conversion ... ok
2026-10-07T00:10:47.8189060Z test tests::nullable ... ok
2026-10-07T00:10:47.8290480Z test tests::number_overflow ... ok
2026-10-07T00:10:47.8390860Z test tests::owned_parameter_cannot_return_view ... ok
2026-10-07T00:10:47.8492480Z test tests::precedence ... ok
2026-10-07T00:10:47.8592130Z test tests::recursive_value ... ok
2026-10-07T00:10:47.8719310Z test tests::replace_bad_signature ... ok
2026-10-07T00:10:47.8827260Z test tests::replace_exact_signature ... ok
2026-10-07T00:10:47.8936200Z test sql_check::tests::encoded_metadata_is_bounded_including_json_escaping ... ok
2026-10-07T00:10:47.9079450Z test tests::resource_contract_goldens::data_derives_golden ... ok
2026-10-07T00:10:47.9180980Z test tests::resource_contract_goldens::actor_data_golden ... ok
2026-10-07T00:10:47.9282210Z test tests::resource_contract_goldens::http_borrow_and_mappers_golden ... ok
2026-10-07T00:10:47.9383230Z test tests::result_must_handle ... ok
2026-10-07T00:10:47.9484920Z test tests::roundtrip_low ... ok
2026-10-07T00:10:47.9585840Z test tests::rust_extern_interface_and_low_roundtrip ... ok
2026-10-07T00:10:47.9688020Z test tests::scope_spawn ... ok
2026-10-07T00:10:47.9795700Z test tests::signed_minimum_literals_are_in_range_in_high_and_low ... ok
2026-10-07T00:10:48.0402800Z test tests::resource_contract_goldens::http_inspection_golden ... ok
2026-10-07T00:10:48.0495210Z test tests::string_move ... ok
2026-10-07T00:10:48.0496010Z test tests::tabs_rejected ... ok
2026-10-07T00:10:48.0496580Z test tests::unknown_class ... ok
2026-10-07T00:10:48.0497070Z test tests::unknown_name ... ok
2026-10-07T00:10:48.0497640Z test tests::unscoped_spawn ... ok
2026-10-07T00:10:48.0498230Z test tests::view_cannot_spawn ... ok
2026-10-07T00:10:48.0498690Z test tests::view_escape ... ok
2026-10-07T00:10:48.0499750Z test tests::view_prevents_move ... ok
2026-10-07T00:10:48.0500220Z test tests::view_prevents_mutation ... ok
2026-10-07T00:10:48.0500800Z test tests::view_return_parameter ... ok
2026-10-07T00:10:48.1704380Z test tests::signed_minimum_literals_compile_and_run_after_lowering ... ok
2026-10-07T00:10:49.7073240Z test check::flow_metadata_tests::return_alias_dependencies_keep_straight_line_snapshots_sparse ... ok
2026-10-07T00:10:49.7102760Z [1m[92m     Running[0m tests/actor_codegen.rs (target/debug/deps/actor_codegen-1b33f4e6f0bf1a83)
2026-10-07T00:10:49.7103270Z 
2026-10-07T00:10:49.7158720Z test result: ok. 122 passed; 0 failed; 0 ignored; 0 measured; 0 filtered out; finished in 2.59s
2026-10-07T00:10:49.7190390Z 
2026-10-07T00:10:49.7215520Z 
2026-10-07T00:10:49.7252580Z running 2 tests
2026-10-07T00:10:50.1153660Z test actor_charge_generation_survives_low_without_clones_reflection_or_serde_requirements ... ok
2026-10-07T00:11:49.7725020Z test generated_nominal_charges_execute_against_native_capacity_and_walk_limits has been running for over 60 seconds
2026-10-07T00:11:51.9283950Z test generated_nominal_charges_execute_against_native_capacity_and_walk_limits ... ok
2026-10-07T00:11:51.9284670Z 
2026-10-07T00:11:51.9285810Z test result: ok. 2 passed; 0 failed; 0 ignored; 0 measured; 0 filtered out; finished in 62.21s
2026-10-07T00:11:51.9286250Z 
2026-10-07T00:11:51.9313740Z [1m[92m     Running[0m tests/actor_stdlib.rs (target/debug/deps/actor_stdlib-47d7dd2aec47f6ba)
2026-10-07T00:11:51.9484110Z 
2026-10-07T00:11:51.9486350Z running 12 tests
2026-10-07T00:11:53.1701280Z test actor_and_http_aliases_keep_distinct_registry_identity_without_fake_classes ... ok
2026-10-07T00:11:53.8836370Z test callback_shapes_and_custom_error_identity_are_checked_before_native_build ... ok
2026-10-07T00:11:54.2669270Z test lifecycle_text_views_follow_their_native_owner_and_cannot_serialize ... ok
2026-10-07T00:11:55.3317100Z test named_task_factory_aliases_require_shared_context_async_unit_and_builtin_error ... ok
2026-10-07T00:11:59.0490700Z test explicit_task_readiness_and_typed_event_deadlines_execute_from_high_and_low ... ok
2026-10-07T00:12:04.4183200Z test messages_replies_and_business_errors_reject_unaccounted_nested_payloads ... ok
2026-10-07T00:12:06.7325340Z test readiness_factory_and_wait_error_contracts_are_checked_before_native_build ... ok
2026-10-07T00:12:06.9147240Z test owned_custom_class_replies_and_errors_execute_without_clone_or_serde_bounds ... ok
2026-10-07T00:12:06.9933460Z test saved_low_cannot_invent_actor_types_capabilities_or_standard_implementations ... ok
2026-10-07T00:12:07.4435040Z test spawning_borrowing_native_futures_requires_an_owned_named_wrapper ... ok
2026-10-07T00:12:08.1070230Z test turn_inline_layout_generics_and_left_to_right_moves_are_not_erased ... ok
2026-10-07T00:12:14.7991250Z test pending_owned_state_business_failure_and_restart_execute_from_high_and_low ... ok
2026-10-07T00:12:14.7992100Z 
2026-10-07T00:12:14.7992700Z test result: ok. 12 passed; 0 failed; 0 ignored; 0 measured; 0 filtered out; finished in 22.85s
2026-10-07T00:12:14.7993170Z 
2026-10-07T00:12:14.7996060Z [1m[92m     Running[0m tests/borrow_free_returns.rs (target/debug/deps/borrow_free_returns-b41c073dee30252e)
2026-10-07T00:12:14.8223600Z 
2026-10-07T00:12:14.8225350Z running 5 tests
2026-10-07T00:12:14.8459300Z test adding_local_views_to_absent_values_still_rejects_escape ... ok
2026-10-07T00:12:14.8537500Z test clearing_values_does_not_erase_rust_lifetime_constraints ... ok
2026-10-07T00:12:14.8559330Z test unknown_native_origins_do_not_gain_an_absence_proof ... ok
2026-10-07T00:12:15.1585480Z test direct_absent_returns_remain_legal_after_local_borrows ... ok
2026-10-07T00:12:15.7124880Z test absent_views_in_nullable_empty_lists_and_failures_can_be_returned ... ok
2026-10-07T00:12:15.7126190Z 
2026-10-07T00:12:15.7126660Z test result: ok. 5 passed; 0 failed; 0 ignored; 0 measured; 0 filtered out; finished in 0.89s
2026-10-07T00:12:15.7127070Z 
2026-10-07T00:12:15.7137110Z [1m[92m     Running[0m tests/build_diagnostics.rs (target/debug/deps/build_diagnostics-c8555d1d4511f47c)
2026-10-07T00:12:15.7256250Z 
2026-10-07T00:12:15.7259060Z running 30 tests
2026-10-07T00:12:15.7492440Z test child_notes_cannot_relabel_an_unmapped_primary_or_dependency ... ok
2026-10-07T00:12:15.7500190Z test child_notes_keep_module_locations_and_readable_definition_names ... ok
2026-10-07T00:12:15.7618720Z test dependency_synthetic_and_incomplete_diagnostics_fall_back_without_guessing ... ok
2026-10-07T00:12:15.7645740Z test existing_path_aliases_match_only_the_generated_file ... ok
2026-10-07T00:12:16.2307200Z test a_successful_run_stays_quiet_and_passes_through_program_output ... ok
2026-10-07T00:12:16.7733280Z test finite_f32_extremes_compile_and_run_after_lowering ... ok
2026-10-07T00:12:16.8131980Z test cli_maps_adapter_mismatch_without_repeating_generated_rust_by_default ... ok
2026-10-07T00:12:17.0273610Z test high_build_points_to_nagi_and_keeps_rust_notes_and_failure_status ... ok
2026-10-07T00:12:17.3512490Z test imported_high_uses_the_dependency_path_and_local_line ... ok
2026-10-07T00:12:17.5839740Z test extern_argument_and_sync_async_mismatches_fail_at_the_declaration_in_high_and_low ... ok
2026-10-07T00:12:17.6307450Z test imported_low_uses_its_own_file_instead_of_the_entry_file ... ok
2026-10-07T00:12:17.6759390Z test invalid_operators_in_imports_report_nagi_lines_before_rust_or_cargo ... ok
2026-10-07T00:12:17.7074460Z test iterator_mutation_fails_in_check_and_build_before_backend_generation ... ok
2026-10-07T00:12:17.7176460Z test lowering_restores_nested_statement_expression_arm_and_field_lines ... ok
2026-10-07T00:12:17.8328350Z test invalid_entrypoints_are_rejected_before_cargo_with_source_locations ... ok
2026-10-07T00:12:17.8462290Z test native_signature_errors_also_keep_the_native_low_location ... ok
2026-10-07T00:12:17.8836900Z test overflowing_f32_is_rejected_at_the_source_before_backend_build ... ok
2026-10-07T00:12:17.9255600Z test repeated_moves_fail_in_check_and_build_before_invoking_rust ... ok
2026-10-07T00:12:17.9636020Z test repeated_moves_keep_imported_and_replacement_source_locations ... ok
2026-10-07T00:12:17.9769700Z test native_rust_errors_are_not_relabelled_as_nagi ... ok
2026-10-07T00:12:18.2727470Z test replacement_adapter_errors_point_to_the_handwritten_low_file ... ok
2026-10-07T00:12:18.8952090Z test safe_reinitialization_and_return_paths_check_build_and_run ... ok
2026-10-07T00:12:19.4798800Z test imported_async_ffi_send_failure_maps_the_cause_note_in_high_and_saved_low ... ok
2026-10-07T00:12:19.7685300Z test standalone_low_uses_the_original_low_lines ... ok
2026-10-07T00:12:19.9279940Z test try_result_reuse_reports_source_lines_before_invoking_cargo ... ok
2026-10-07T00:12:19.9415540Z test unix_backslashes_do_not_turn_a_dependency_path_into_the_generated_file ... ok
2026-10-07T00:12:20.0319620Z test unsupported_class_fields_and_async_reassignments_fail_before_backend_generation ... ok
2026-10-07T00:12:20.0421250Z test windows_paths_and_canonical_prefixes_match_only_the_generated_target ... ok
2026-10-07T00:12:20.0444150Z test run_preserves_json_stdout_with_and_without_a_cost_report_in_high_and_saved_low ... ok
2026-10-07T00:12:23.5758970Z test source_names_with_spaces_and_dots_build_and_run ... ok
2026-10-07T00:12:23.5759630Z 
2026-10-07T00:12:23.5760290Z test result: ok. 30 passed; 0 failed; 0 ignored; 0 measured; 0 filtered out; finished in 7.85s
2026-10-07T00:12:23.5760800Z 
2026-10-07T00:12:23.5779400Z [1m[92m     Running[0m tests/class_field_types.rs (target/debug/deps/class_field_types-6cb0afb6ec206073)
2026-10-07T00:12:23.5906000Z 
2026-10-07T00:12:23.5907050Z running 5 tests
2026-10-07T00:12:23.6056190Z test map_keys_with_missing_equality_or_hashing_fail_before_derivation ... ok
2026-10-07T00:12:23.6079640Z test nested_data_fields_and_bridge_defined_key_traits_remain_available ... ok
2026-10-07T00:12:23.6141860Z test unsupported_resource_and_function_fields_fail_at_the_field_line ... ok
2026-10-07T00:12:23.6144060Z test owned_database_fields_are_private_state_and_keep_high_low_emission_valid ... ok
2026-10-07T00:12:25.3322800Z [1m[92m     Running[0m tests/cli.rs (target/debug/deps/cli-39d6f84d7c26368d)
2026-10-07T00:12:25.3325960Z test native_database_debug_hides_connection_details_inside_shared_state ... ok
2026-10-07T00:12:25.3326500Z 
2026-10-07T00:12:25.3326940Z test result: ok. 5 passed; 0 failed; 0 ignored; 0 measured; 0 filtered out; finished in 1.74s
2026-10-07T00:12:25.3327280Z 
2026-10-07T00:12:25.3478440Z 
2026-10-07T00:12:25.3485600Z running 7 tests
2026-10-07T00:12:25.3866710Z test an_unusable_cargo_is_not_reported_as_a_missing_rust_installation ... ok
2026-10-07T00:12:25.4086260Z test check_and_lower_put_status_on_stderr_and_keep_cost_report_machine_readable ... ok
2026-10-07T00:12:25.4401720Z test check_needs_no_cargo_and_build_reports_the_missing_tool ... ok
2026-10-07T00:12:25.4411400Z test version_rejects_unexpected_arguments ... ok
2026-10-07T00:12:25.4543410Z test version_works_without_project_runtime_or_build_tools ... ok
2026-10-07T00:12:25.4544520Z test help_works_without_source_or_valid_project ... ok
2026-10-07T00:12:25.5239970Z test cargo_failure_preserves_the_cause_without_blaming_the_nagi_program ... ok
2026-10-07T00:12:25.5241070Z 
2026-10-07T00:12:25.5245770Z test result: ok. 7 passed; 0 failed; 0 ignored; 0 measured; 0 filtered out; finished in 0.18s
2026-10-07T00:12:25.5246850Z [1m[92m     Running[0m tests/codegen.rs (target/debug/deps/codegen-d1cdf29e740630cd)
2026-10-07T00:12:25.5247200Z 
2026-10-07T00:12:25.5482530Z 
2026-10-07T00:12:25.5483560Z running 16 tests
2026-10-07T00:12:25.5715020Z test a_record_named_fn_does_not_become_a_copy_function_value ... ok
2026-10-07T00:12:25.7827540Z test builtin_option_and_result_constructors_do_not_call_user_functions ... ok
2026-10-07T00:12:25.7876780Z test explicit_local_async_function_annotations_compile_and_run ... ok
2026-10-07T00:12:25.8082710Z test async_function_values_keep_their_future_return_type ... ok
2026-10-07T00:12:26.0289600Z test for_bindings_can_be_reassigned_without_changing_the_iterator_or_outer_binding ... ok
2026-10-07T00:12:26.0391270Z test function_values_preserve_the_shared_view_lifetime ... ok
2026-10-07T00:12:26.0415290Z test local_function_values_shadow_builtins_and_functions ... ok
2026-10-07T00:12:26.3055790Z test output_compiles_for_numbers_booleans_and_borrowed_strings ... ok
2026-10-07T00:12:26.3280040Z test nested_views_compile_and_copy_strings_bytes_and_lists ... ok
2026-10-07T00:12:26.3912480Z test numeric_negation_and_nested_view_comparisons_compile_and_run ... ok
2026-10-07T00:12:26.5447600Z test reassignment_of_the_same_async_function_through_aliases_compiles_and_runs ... ok
2026-10-07T00:12:26.5548740Z test result_match_compiles_and_runs_owned_and_borrowed_payloads ... ok
2026-10-07T00:12:26.6677820Z test returning_a_function_value_does_not_borrow_local_data ... ok
2026-10-07T00:12:26.8312000Z test rust_keywords_and_generated_helper_names_remain_valid_nagi_names ... ok
2026-10-07T00:12:26.9606240Z test user_functions_with_builtin_names_keep_their_call_targets ... ok
2026-10-07T00:12:27.4071920Z test user_and_local_functions_named_serve_compile_without_http_runtime ... ok
2026-10-07T00:12:27.4076240Z [1m[92m     Running[0m tests/comparison_ownership.rs (target/debug/deps/comparison_ownership-60b258f08d6e2d90)
2026-10-07T00:12:27.4076760Z 
2026-10-07T00:12:27.4077380Z test result: ok. 16 passed; 0 failed; 0 ignored; 0 measured; 0 filtered out; finished in 1.86s
2026-10-07T00:12:27.4077750Z 
2026-10-07T00:12:27.4223240Z 
2026-10-07T00:12:27.4225340Z running 4 tests
2026-10-07T00:12:27.4434530Z test comparisons_hold_the_left_operand_through_right_operand_evaluation ... ok
2026-10-07T00:12:27.4508160Z test copy_aggregate_comparisons_borrow_fields_and_indexed_containers ... ok
2026-10-07T00:12:27.4977870Z test native_resource_comparisons_do_not_allow_moving_the_borrowed_request ... ok
2026-10-07T00:12:27.6469370Z test completed_copy_operands_disjoint_fields_and_temporary_views_remain_valid ... ok
2026-10-07T00:12:27.6470080Z 
2026-10-07T00:12:27.6471780Z [1m[92m     Running[0m tests/enum_emission.rs (target/debug/deps/enum_emission-b19a43d5b60e7159)
2026-10-07T00:12:27.6473690Z test result: ok. 4 passed; 0 failed; 0 ignored; 0 measured; 0 filtered out; finished in 0.22s
2026-10-07T00:12:27.6474690Z 
2026-10-07T00:12:27.6602910Z 
2026-10-07T00:12:27.6604070Z running 5 tests
2026-10-07T00:12:27.6789020Z test data_records_keep_serde_while_enum_fields_remain_private ... ok
2026-10-07T00:12:27.9489120Z test custom_main_errors_need_only_debug_and_copy_enums_reuse_values ... ok
2026-10-07T00:12:27.9592740Z test error_cause_records_move_payloads_without_serde_or_clone_requirements ... ok
2026-10-07T00:12:28.0817110Z test module_enum_aliases_preserve_identity_and_escape_variant_fields ... ok
2026-10-07T00:12:28.2369920Z test native_enum_constructors_patterns_and_result_propagation_roundtrip ... ok
2026-10-07T00:12:28.2375770Z [1m[92m     Running[0m tests/enum_modules.rs (target/debug/deps/enum_modules-f36e74871a1e59f7)
2026-10-07T00:12:28.2376150Z 
2026-10-07T00:12:28.2378590Z test result: ok. 5 passed; 0 failed; 0 ignored; 0 measured; 0 filtered out; finished in 0.58s
2026-10-07T00:12:28.2379070Z 
2026-10-07T00:12:28.2519480Z 
2026-10-07T00:12:28.2520730Z running 9 tests
2026-10-07T00:12:28.2795970Z test builtin_spelled_enum_aliases_keep_intrinsic_types_distinct_in_generated_low ... ok
2026-10-07T00:12:28.2896030Z test different_files_have_distinct_enum_types_even_with_equal_names_and_variants ... ok
2026-10-07T00:12:28.2979590Z test enum_payload_types_use_the_definition_file_scope_and_survive_low ... ok
2026-10-07T00:12:28.3111230Z test enum_aliases_and_guessed_canonical_symbols_do_not_escape_module_scopes ... ok
2026-10-07T00:12:28.3206310Z test namespace_from_and_flat_imports_share_enum_identity_in_constructors_and_patterns ... ok
2026-10-07T00:12:28.3212280Z test local_values_shadow_enum_value_syntax_but_named_constructor_uses_type_scope ... ok
2026-10-07T00:12:28.3360140Z test native_fragments_reuse_high_enum_aliases_and_export_their_own_enum_identity ... ok
2026-10-07T00:12:28.6263280Z test saved_low_enum_variants_navigate_to_the_opened_file ... ok
2026-10-07T00:12:28.8704620Z [1m[92m     Running[0m tests/enum_parser.rs (target/debug/deps/enum_parser-369b60c537ae4da4)
2026-10-07T00:12:28.8706920Z test enum_symbols_keep_variant_targets_alias_signatures_and_payload_binding_types ... ok
2026-10-07T00:12:28.8708170Z 
2026-10-07T00:12:28.8750540Z test result: ok. 9 passed; 0 failed; 0 ignored; 0 measured; 0 filtered out; finished in 0.61s
2026-10-07T00:12:28.8751050Z 
2026-10-07T00:12:28.8774130Z 
2026-10-07T00:12:28.8774920Z running 8 tests
2026-10-07T00:12:28.8789850Z test enum_constructors_keep_the_existing_expression_forms ... ok
2026-10-07T00:12:28.8792020Z test contextual_enum_word_remains_an_identifier_inside_declarations_and_calls ... ok
2026-10-07T00:12:28.8793940Z test enum_patterns_keep_qualified_names_and_each_payload_binding_span ... ok
2026-10-07T00:12:28.8794700Z test enum_payload_types_use_the_existing_nesting_limit ... ok
2026-10-07T00:12:28.8795500Z test enums_keep_variant_names_fields_types_and_source_locations ... ok
2026-10-07T00:12:28.8796270Z test result_patterns_preserve_ok_err_and_discard_bindings ... ok
2026-10-07T00:12:28.8796820Z test invalid_enum_declarations_return_parse_errors ... ok
2026-10-07T00:12:28.8798760Z test patterns_reject_wildcards_nested_matches_and_unnamed_variants ... ok
2026-10-07T00:12:28.8799610Z 
2026-10-07T00:12:28.8800570Z test result: ok. 8 passed; 0 failed; 0 ignored; 0 measured; 0 filtered out; finished in 0.00s
2026-10-07T00:12:28.8801450Z 
2026-10-07T00:12:28.8802890Z [1m[92m     Running[0m tests/enum_patterns.rs (target/debug/deps/enum_patterns-44fe7b2ef7fdf573)
2026-10-07T00:12:28.8909340Z 
2026-10-07T00:12:28.8910430Z running 1 test
2026-10-07T00:12:29.0890460Z test mutable_enum_patterns_preserve_names_and_compile_without_shorthand_warnings ... ok
2026-10-07T00:12:29.0891670Z 
2026-10-07T00:12:29.0892960Z test result: ok. 1 passed; 0 failed; 0 ignored; 0 measured; 0 filtered out; finished in 0.20s
2026-10-07T00:12:29.0894670Z 
2026-10-07T00:12:29.0900310Z [1m[92m     Running[0m tests/error_routes.rs (target/debug/deps/error_routes-7a348f85f31a35a1)
2026-10-07T00:12:29.1011800Z 
2026-10-07T00:12:29.1012160Z running 2 tests
2026-10-07T00:12:29.1191550Z test existing_data_and_html_http_routes_keep_their_representations ... ok
2026-10-07T00:12:29.1193510Z test private_error_data_is_rejected_at_http_json_boundaries_in_high_and_low ... ok
2026-10-07T00:12:29.1193870Z 
2026-10-07T00:12:29.1194290Z test result: ok. 2 passed; 0 failed; 0 ignored; 0 measured; 0 filtered out; finished in 0.02s
2026-10-07T00:12:29.1194620Z 
2026-10-07T00:12:29.1200270Z [1m[92m     Running[0m tests/expression_contracts.rs (target/debug/deps/expression_contracts-348817459ce4ff4b)
2026-10-07T00:12:29.1309740Z 
2026-10-07T00:12:29.1310480Z running 2 tests
2026-10-07T00:12:29.3465040Z [1m[92m     Running[0m tests/frontend_contracts.rs (target/debug/deps/frontend_contracts-689012803f5b610d)
2026-10-07T00:12:29.3465870Z test literal_suffixes_preserve_contextual_numeric_types_and_negative_boundaries ... ok
2026-10-07T00:12:29.3467870Z test inferred_i64_literals_keep_their_type_without_a_rust_type_context ... ok
2026-10-07T00:12:29.3468310Z 
2026-10-07T00:12:29.3468790Z test result: ok. 2 passed; 0 failed; 0 ignored; 0 measured; 0 filtered out; finished in 0.22s
2026-10-07T00:12:29.3469160Z 
2026-10-07T00:12:29.3798530Z 
2026-10-07T00:12:29.3799680Z running 5 tests
2026-10-07T00:12:29.4021980Z test generic_builtins_and_ordinary_record_constructors_still_roundtrip ... ok
2026-10-07T00:12:29.5087560Z test record_constructors_reject_type_arguments_in_high_low_and_symbols ... ok
2026-10-07T00:12:29.5119490Z test speculative_index_recovery_preserves_actual_nesting_limits ... ok
2026-10-07T00:12:30.1419440Z test lowering_keeps_try_and_await_as_field_and_index_receivers ... ok
2026-10-07T00:12:30.9725450Z test index_lookahead_does_not_accumulate_nesting_across_statements_or_functions ... ok
2026-10-07T00:12:30.9726990Z 
2026-10-07T00:12:30.9728370Z test result: ok. 5 passed; 0 failed; 0 ignored; 0 measured; 0 filtered out; finished in 1.60s
2026-10-07T00:12:30.9730670Z [1m[92m     Running[0m tests/graph_html.rs (target/debug/deps/graph_html-09997142c4512490)
2026-10-07T00:12:30.9731490Z 
2026-10-07T00:12:30.9856870Z 
2026-10-07T00:12:30.9858000Z running 3 tests
2026-10-07T00:12:30.9895800Z test standalone_viewer_keeps_assets_local_and_uses_safe_dom_text ... ok
2026-10-07T00:12:30.9898670Z test only_physical_absolute_sources_receive_encoded_user_action_links ... ok
2026-10-07T00:12:30.9904270Z test hostile_unicode_graph_data_remains_json_and_cannot_close_the_script ... ok
2026-10-07T00:12:30.9904650Z 
2026-10-07T00:12:30.9906190Z test result: ok. 3 passed; 0 failed; 0 ignored; 0 measured; 0 filtered out; finished in 0.01s
2026-10-07T00:12:30.9906920Z 
2026-10-07T00:12:30.9909790Z [1m[92m     Running[0m tests/graph_relations.rs (target/debug/deps/graph_relations-c477e7078c2efa4e)
2026-10-07T00:12:31.0049740Z 
2026-10-07T00:12:31.0050970Z running 9 tests
2026-10-07T00:12:31.0417360Z test calls_resolve_named_aliases_without_guessing_local_function_values ... ok
2026-10-07T00:12:31.0654790Z test all_views_use_shortest_unique_physical_suffixes_before_filtering ... ok
2026-10-07T00:12:31.0758020Z test checked_standard_and_database_operations_are_boundaries_not_routing_or_table_guesses ... ok
2026-10-07T00:12:31.0787370Z test module_imports_are_read_from_loaded_overlay_text ... ok
2026-10-07T00:12:31.0788260Z test native_replacements_keep_the_generated_id_and_low_ffi_locations ... ok
2026-10-07T00:12:31.0789190Z test module_edges_use_exact_identities_and_recover_empty_flat_imports ... ok
2026-10-07T00:12:31.0816670Z test one_line_low_import_references_do_not_hide_body_uses ... ok
2026-10-07T00:12:31.0840100Z test saved_low_keeps_definition_ids_without_mapping_foreign_modules_to_its_file ... ok
2026-10-07T00:12:31.1185250Z test nested_calls_are_visited_but_class_and_enum_constructors_are_not_calls ... ok
2026-10-07T00:12:31.1185710Z 
2026-10-07T00:12:31.1192080Z test result: ok. 9 passed; 0 failed; 0 ignored; 0 measured; 0 filtered out; finished in 0.11s
2026-10-07T00:12:31.1194530Z [1m[92m     Running[0m tests/graph_render.rs (target/debug/deps/graph_render-df9b78ace6473a47)
2026-10-07T00:12:31.1194960Z 
2026-10-07T00:12:31.1354680Z 
2026-10-07T00:12:31.1356040Z running 9 tests
2026-10-07T00:12:31.1379940Z test image_arguments_are_validated_before_starting_a_renderer ... ok
2026-10-07T00:12:31.1384530Z test clustered_edges_reference_declared_nodes_without_group_boundary_duplicates ... ok
2026-10-07T00:12:31.1387390Z test diagram_order_is_deterministic_and_empty_graphs_are_readable ... ok
2026-10-07T00:12:31.1389460Z test mermaid_literal_hashes_backticks_and_directives_cannot_change_the_render_config ... ok
2026-10-07T00:12:31.1391730Z test labels_preserve_unicode_without_becoming_diagram_syntax_or_links ... ok
2026-10-07T00:12:31.1427720Z test process_tests::image_child ... ok
2026-10-07T00:12:31.1439200Z 
2026-10-07T00:12:31.1439430Z running 1 test
2026-10-07T00:12:31.1439850Z test process_tests::image_child ... 
2026-10-07T00:12:31.1440380Z running 1 test
2026-10-07T00:12:31.1440660Z test process_tests::image_child ... 
2026-10-07T00:12:31.1440960Z running 1 test
2026-10-07T00:12:31.1452280Z test process_tests::image_child ... ok
2026-10-07T00:12:31.1452780Z 
2026-10-07T00:12:31.1453320Z test result: ok. 1 passed; 0 failed; 0 ignored; 0 measured; 8 filtered out; finished in 0.00s
2026-10-07T00:12:31.1453880Z 
2026-10-07T00:12:31.1454990Z test process_tests::missing_renderer_explains_installation_and_d2_source_fallback ... ok
2026-10-07T00:12:31.1527870Z ok
2026-10-07T00:12:31.1529430Z 
2026-10-07T00:12:31.1530120Z test result: ok. 1 passed; 0 failed; 0 ignored; 0 measured; 8 filtered out; finished in 0.01s
2026-10-07T00:12:31.1530550Z 
2026-10-07T00:12:31.1530760Z ok
2026-10-07T00:12:31.1530990Z 
2026-10-07T00:12:31.1531470Z test result: ok. 1 passed; 0 failed; 0 ignored; 0 measured; 8 filtered out; finished in 0.01s
2026-10-07T00:12:31.1531900Z 
2026-10-07T00:12:31.1532420Z test process_tests::export_passes_arguments_literally_without_a_shell ... ok
2026-10-07T00:12:31.1539690Z test process_tests::failed_renderer_reports_stderr_and_removes_its_source ... ok
2026-10-07T00:12:31.1540260Z 
2026-10-07T00:12:31.1540740Z test result: ok. 9 passed; 0 failed; 0 ignored; 0 measured; 0 filtered out; finished in 0.02s
2026-10-07T00:12:31.1541140Z 
2026-10-07T00:12:31.1542610Z [1m[92m     Running[0m tests/graph_types.rs (target/debug/deps/graph_types-f8168260b439c1cb)
2026-10-07T00:12:31.1671540Z 
2026-10-07T00:12:31.1673340Z running 7 tests
2026-10-07T00:12:31.1953780Z test focused_depth_is_bounded_on_cycles_and_defaults_to_one_hop ... ok
2026-10-07T00:12:31.2041580Z test field_display_limits_do_not_erase_relationships_from_later_fields ... ok
2026-10-07T00:12:31.2061960Z test imported_same_named_types_keep_author_identity_and_original_source_lines ... ok
2026-10-07T00:12:31.2062740Z test ir_deduplicates_and_sorts_without_renderer_syntax_or_losing_isolated_types ... ok
2026-10-07T00:12:31.2063530Z test declarations_preserve_field_variant_wrapper_and_signature_meanings ... ok
2026-10-07T00:12:31.2237950Z test resource_type_arguments_are_dependencies_without_inventing_runtime_instances ... ok
2026-10-07T00:12:31.2288620Z test independent_low_preserves_type_identity_and_reports_its_physical_source ... ok
2026-10-07T00:12:31.2289070Z 
2026-10-07T00:12:31.2289740Z test result: ok. 7 passed; 0 failed; 0 ignored; 0 measured; 0 filtered out; finished in 0.06s
2026-10-07T00:12:31.2290140Z 
2026-10-07T00:12:31.2294290Z [1m[92m     Running[0m tests/http_codegen.rs (target/debug/deps/http_codegen-9e5ffa836667b387)
2026-10-07T00:12:31.2428640Z 
2026-10-07T00:12:31.2429100Z running 4 tests
2026-10-07T00:12:31.7777720Z test borrow_and_named_mappers_preserve_high_low_codegen ... ok
2026-10-07T00:12:31.7863730Z test literal_view_optimization_does_not_change_a_shadowing_owned_function ... ok
2026-10-07T00:12:31.7864450Z test borrowed_http_inspection_and_async_registration_add_no_owned_adapter_work ... ok
2026-10-07T00:12:34.7713550Z test borrow_and_named_mapper_registration_execute_native_adapters ... ok
2026-10-07T00:12:34.7713940Z 
2026-10-07T00:12:34.7724680Z test result: ok. 4 passed; 0 failed; 0 ignored; 0 measured; 0 filtered out; finished in 3.53s
2026-10-07T00:12:34.7726710Z 
2026-10-07T00:12:34.7768690Z [1m[92m     Running[0m tests/http_route_conflicts.rs (target/debug/deps/http_route_conflicts-d52cf774b67488d6)
2026-10-07T00:12:34.7882390Z 
2026-10-07T00:12:34.7884490Z running 3 tests
2026-10-07T00:12:34.7984860Z test get_handlers_cannot_replace_builtin_endpoints ... ok
2026-10-07T00:12:34.7999450Z test shared_patterns_distinct_paths_and_literal_braces_remain_available ... ok
2026-10-07T00:12:34.8013730Z test equivalent_capture_paths_are_rejected_even_for_different_methods ... ok
2026-10-07T00:12:34.8014530Z 
2026-10-07T00:12:34.8014960Z test result: ok. 3 passed; 0 failed; 0 ignored; 0 measured; 0 filtered out; finished in 0.01s
2026-10-07T00:12:34.8016280Z 
2026-10-07T00:12:34.8017850Z [1m[92m     Running[0m tests/http_stdlib.rs (target/debug/deps/http_stdlib-ca07f1b87edc423f)
2026-10-07T00:12:34.8137190Z 
2026-10-07T00:12:34.8138260Z running 15 tests
2026-10-07T00:12:35.2840920Z test handlers_require_exact_async_request_shared_state_and_error_contracts ... ok
2026-10-07T00:12:35.7668740Z test borrowed_option_temporaries_allow_arm_local_use_but_cannot_escape ... ok
2026-10-07T00:12:36.1003950Z test header_views_depend_on_request_owner_and_not_the_name_temporary ... ok
2026-10-07T00:12:36.3187750Z test apps_validate_generic_arity_owned_state_and_mapper_error_type ... ok
2026-10-07T00:12:36.5944670Z test json_content_type_requires_a_request_and_has_no_generic_arguments ... ok
2026-10-07T00:12:37.1678210Z test method_name_views_can_return_from_borrowed_request_parameters ... ok
2026-10-07T00:12:37.4172200Z test optional_header_and_query_views_keep_the_request_borrow_through_match ... ok
2026-10-07T00:12:38.1045180Z test ordinary_classes_and_local_shadows_cannot_impersonate_standard_resources ... ok
2026-10-07T00:12:38.1205060Z test native_method_comparisons_borrow_but_assignment_tracks_request_partial_moves ... ok
2026-10-07T00:12:38.3254540Z test saved_low_cannot_change_registry_identity_or_define_resource_implementations ... ok
2026-10-07T00:12:38.8205460Z test standard_aliases_are_registry_resources_and_roundtrip_independently ... ok
2026-10-07T00:12:38.9720920Z test standard_resolution_ignores_cwd_files_and_unsaved_lookalikes ... ok
2026-10-07T00:12:39.5366190Z test resource_construction_serialization_and_shared_field_moves_fail_before_build ... ok
2026-10-07T00:12:40.7480430Z test resource_references_do_not_acquire_legacy_slice_operations ... ok
2026-10-07T00:12:43.7614150Z test status_method_and_db_free_app_execute_from_high_and_saved_low ... ok
2026-10-07T00:12:43.7615480Z 
2026-10-07T00:12:43.7616530Z test result: ok. 15 passed; 0 failed; 0 ignored; 0 measured; 0 filtered out; finished in 8.95s
2026-10-07T00:12:43.7617480Z 
2026-10-07T00:12:43.7625280Z [1m[92m     Running[0m tests/installation.rs (target/debug/deps/installation-c46c0fe16411351e)
2026-10-07T00:12:43.7747530Z 
2026-10-07T00:12:43.7748030Z running 4 tests
2026-10-07T00:12:43.8194610Z test linked_distributions_keep_the_seed_until_the_last_owner_drops ... ok
2026-10-07T00:12:43.8405570Z test wrong_root_explains_the_distribution_folder_before_calling_cargo ... ok
2026-10-07T00:12:44.2156390Z test standalone_build_keeps_native_artifacts_in_the_working_directory ... ok
2026-10-07T00:12:44.2160530Z test moved_distribution_builds_an_external_project_with_no_root_override ... ok
2026-10-07T00:12:44.2161360Z 
2026-10-07T00:12:44.2162390Z test result: ok. 4 passed; 0 failed; 0 ignored; 0 measured; 0 filtered out; finished in 0.44s
2026-10-07T00:12:44.2163200Z 
2026-10-07T00:12:44.2175960Z [1m[92m     Running[0m tests/list_borrow_iteration.rs (target/debug/deps/list_borrow_iteration-19bf026f92ce745c)
2026-10-07T00:12:44.2347060Z 
2026-10-07T00:12:44.2391370Z running 5 tests
2026-10-07T00:12:44.2619260Z test borrowed_elements_cannot_move_reassign_or_mutate ... ok
2026-10-07T00:12:44.2626600Z test borrowed_elements_and_their_field_views_cannot_escape ... ok
2026-10-07T00:12:44.2702740Z test an_active_element_pins_its_owner_and_aliases ... ok
2026-10-07T00:12:44.5089920Z test symbols_distinguish_borrowed_record_locals_and_fields ... ok
2026-10-07T00:12:45.2458610Z test noncopy_iteration_is_native_and_survives_saved_low ... ok
2026-10-07T00:12:45.2459540Z 
2026-10-07T00:12:45.2460620Z test result: ok. 5 passed; 0 failed; 0 ignored; 0 measured; 0 filtered out; finished in 1.01s
2026-10-07T00:12:45.2461650Z 
2026-10-07T00:12:45.2463670Z [1m[92m     Running[0m tests/list_ownership_inference.rs (target/debug/deps/list_ownership_inference-3dd5d797595f2780)
2026-10-07T00:12:45.2612950Z 
2026-10-07T00:12:45.2614830Z running 4 tests
2026-10-07T00:12:45.2710900Z test inferred_lists_still_reject_second_moves_and_mixed_element_types ... ok
2026-10-07T00:12:45.2712150Z test explicit_list_element_types_still_contextualize_the_first_literal ... ok
2026-10-07T00:12:45.2730160Z test inferred_list_first_elements_can_move_owned_inputs_once ... ok
2026-10-07T00:12:45.2734570Z test record_list_iteration_accepts_copy_values_and_readonly_noncopy_borrows ... ok
2026-10-07T00:12:45.2739280Z [1m[92m     Running[0m tests/literal_contracts.rs (target/debug/deps/literal_contracts-5bccb080fcc75f7d)
2026-10-07T00:12:45.2740000Z 
2026-10-07T00:12:45.2740520Z test result: ok. 4 passed; 0 failed; 0 ignored; 0 measured; 0 filtered out; finished in 0.01s
2026-10-07T00:12:45.2740950Z 
2026-10-07T00:12:45.2878170Z 
2026-10-07T00:12:45.2878670Z running 1 test
2026-10-07T00:12:45.6240080Z test strings_preserve_control_characters_through_high_low_and_rust ... ok
2026-10-07T00:12:45.6240450Z 
2026-10-07T00:12:45.6240890Z test result: ok. 1 passed; 0 failed; 0 ignored; 0 measured; 0 filtered out; finished in 0.34s
2026-10-07T00:12:45.6241230Z 
2026-10-07T00:12:45.6243070Z [1m[92m     Running[0m tests/loop_ownership.rs (target/debug/deps/loop_ownership-3c769ee7b82be932)
2026-10-07T00:12:45.6394390Z 
2026-10-07T00:12:45.6397890Z running 13 tests
2026-10-07T00:12:45.7163800Z test a_for_iterator_expression_is_evaluated_only_once ... ok
2026-10-07T00:12:45.7180290Z test conditional_reinitialization_needs_every_continuing_path ... ok
2026-10-07T00:12:45.7208870Z test fields_and_nested_fields_cannot_be_consumed_on_later_iterations ... ok
2026-10-07T00:12:45.7754680Z test branch_joins_preserve_reassignment_and_return_outside_loops ... ok
2026-10-07T00:12:45.7767520Z test all_continuing_branches_can_restore_a_moved_value ... ok
2026-10-07T00:12:45.7802300Z test owned_values_cannot_be_consumed_on_later_iterations ... ok
2026-10-07T00:12:45.7862690Z test locals_copy_values_and_borrowed_arguments_are_available_each_iteration ... ok
2026-10-07T00:12:45.8344320Z test nested_loops_are_checked_without_carrying_local_declarations ... ok
2026-10-07T00:12:45.8356610Z test standalone_low_rejects_repeated_moves_at_the_original_line ... ok
2026-10-07T00:12:45.8989820Z test while_conditions_are_checked_on_each_evaluation_and_on_exit ... ok
2026-10-07T00:12:45.9062260Z test reinitialization_before_and_after_a_move_is_allowed ... ok
2026-10-07T00:12:45.9469700Z test zero_iterations_and_loop_bindings_preserve_outer_state ... ok
2026-10-07T00:12:46.0484870Z test return_paths_do_not_repeat_or_consume_values_on_other_paths ... ok
2026-10-07T00:12:46.0486070Z 
2026-10-07T00:12:46.0487740Z test result: ok. 13 passed; 0 failed; 0 ignored; 0 measured; 0 filtered out; finished in 0.41s
2026-10-07T00:12:46.0490110Z [1m[92m     Running[0m tests/low_multiline.rs (target/debug/deps/low_multiline-00eba587de18d6db)
2026-10-07T00:12:46.0491060Z 
2026-10-07T00:12:46.0629810Z 
2026-10-07T00:12:46.0631440Z running 3 tests
2026-10-07T00:12:46.0742000Z test low_braces_keep_newline_statement_boundaries ... ok
2026-10-07T00:12:46.0754200Z test multiline_errors_keep_physical_source_lines ... ok
2026-10-07T00:12:46.2501120Z test multiline_quote_matches_high_and_runs_as_native_low ... ok
2026-10-07T00:12:46.2504260Z [1m[92m     Running[0m tests/map_cli.rs (target/debug/deps/map_cli-afa98ff6c1294bdc)
2026-10-07T00:12:46.2506140Z 
2026-10-07T00:12:46.2507120Z test result: ok. 3 passed; 0 failed; 0 ignored; 0 measured; 0 filtered out; finished in 0.19s
2026-10-07T00:12:46.2507890Z 
2026-10-07T00:12:46.2627980Z 
2026-10-07T00:12:46.2788380Z running 9 tests
2026-10-07T00:12:46.2788970Z test failed_check_points_to_original_source_and_writes_no_map ... ok
2026-10-07T00:12:46.3056070Z test image_formats_require_output_and_fail_helpfully_without_local_d2 ... ok
2026-10-07T00:12:46.3077280Z test map_preparse_keeps_existing_project_overrides_and_output_path_precedence ... ok
2026-10-07T00:12:46.3183850Z test help_and_argument_errors_do_not_load_a_project_or_mutate_files ... ok
2026-10-07T00:12:46.3189220Z test map_output_cannot_overwrite_loaded_input_or_project_configuration ... ok
2026-10-07T00:12:46.3320490Z test project_discovery_reuses_native_replacements_and_extern_resolution ... ok
2026-10-07T00:12:46.3473580Z test namespace_module_filter_and_focus_select_original_definitions ... ok
2026-10-07T00:12:46.3800200Z test text_formats_write_only_requested_output_and_keep_stdout_clean ... ok
2026-10-07T00:12:46.3889990Z test map_views_check_high_and_low_without_runtime_or_generated_output ... ok
2026-10-07T00:12:46.3890810Z 
2026-10-07T00:12:46.3897650Z test result: ok. 9 passed; 0 failed; 0 ignored; 0 measured; 0 filtered out; finished in 0.13s
2026-10-07T00:12:46.3898700Z 
2026-10-07T00:12:46.3900860Z [1m[92m     Running[0m tests/module_emission.rs (target/debug/deps/module_emission-f92c943d2a2142a8)
2026-10-07T00:12:46.4039020Z 
2026-10-07T00:12:46.4041320Z running 8 tests
2026-10-07T00:12:46.4316220Z test inferred_primitive_values_and_a_class_alias_keep_distinct_type_identities ... ok
2026-10-07T00:12:46.4419660Z test legacy_flat_cost_report_keeps_public_function_names ... ok
2026-10-07T00:12:46.4561680Z test qualified_nested_types_emit_internal_names_through_low ... ok
2026-10-07T00:12:46.7214730Z test source_function_names_that_match_foreign_symbols_keep_distinct_call_targets ... ok
2026-10-07T00:12:46.7365150Z test independent_low_parser_preserves_module_ids_and_native_function_aliases ... ok
2026-10-07T00:12:46.7367990Z test unresolved_high_imports_keep_as_and_from_syntax_in_low ... ok
2026-10-07T00:12:46.9477330Z test source_locals_that_match_generated_symbols_keep_distinct_values ... ok
2026-10-07T00:12:47.9005150Z test inferred_builtin_types_survive_module_aliases_low_transport_and_rust_emission ... ok
2026-10-07T00:12:47.9007240Z 
2026-10-07T00:12:47.9009050Z [1m[92m     Running[0m tests/module_parser.rs (target/debug/deps/module_parser-f2a4fe62e0fa3663)
2026-10-07T00:12:47.9010830Z test result: ok. 8 passed; 0 failed; 0 ignored; 0 measured; 0 filtered out; finished in 1.50s
2026-10-07T00:12:47.9011850Z 
2026-10-07T00:12:47.9152900Z 
2026-10-07T00:12:47.9154070Z running 9 tests
2026-10-07T00:12:47.9178490Z test low_metadata_is_read_without_changing_source_spans ... ok
2026-10-07T00:12:47.9180190Z test from_and_as_remain_contextual_identifiers ... ok
2026-10-07T00:12:47.9184030Z test import_forms_keep_original_names_aliases_and_token_spans ... ok
2026-10-07T00:12:47.9184800Z test module_replace_path_remains_a_structured_attribute_value ... ok
2026-10-07T00:12:47.9185970Z test qualified_calls_constructors_and_function_values_preserve_semantic_choice ... ok
2026-10-07T00:12:47.9186600Z test qualified_types_parse_inside_nested_generics_lists_and_nullable_types ... ok
2026-10-07T00:12:47.9187180Z test qualified_types_respect_existing_nesting_limit ... ok
2026-10-07T00:12:47.9187740Z test malformed_imports_and_qualified_constructs_keep_parser_errors ... ok
2026-10-07T00:12:47.9193200Z test qualified_index_lookahead_restores_depth_and_preserves_index_nodes ... ok
2026-10-07T00:12:47.9193540Z 
2026-10-07T00:12:47.9193960Z test result: ok. 9 passed; 0 failed; 0 ignored; 0 measured; 0 filtered out; finished in 0.00s
2026-10-07T00:12:47.9194240Z 
2026-10-07T00:12:47.9196060Z [1m[92m     Running[0m tests/module_symbols.rs (target/debug/deps/module_symbols-cc62266673827ae7)
2026-10-07T00:12:47.9315340Z 
2026-10-07T00:12:47.9316760Z running 5 tests
2026-10-07T00:12:48.1977710Z test local_names_colliding_with_the_entrypoint_keep_source_names_and_navigation ... ok
2026-10-07T00:12:48.2190600Z test module_bindings_export_only_own_definitions_and_share_definition_identity ... ok
2026-10-07T00:12:48.4546510Z test saved_low_namespaces_use_the_opened_file_and_rebased_definition_locations ... ok
2026-10-07T00:12:48.4597840Z test unsaved_imported_buffers_drive_fields_and_shadowed_aliases_use_local_bindings ... ok
2026-10-07T00:12:48.5112770Z test record_and_import_alias_named_option_remain_record_types_in_editor_output ... ok
2026-10-07T00:12:48.5113090Z 
2026-10-07T00:12:48.5113430Z test result: ok. 5 passed; 0 failed; 0 ignored; 0 measured; 0 filtered out; finished in 0.58s
2026-10-07T00:12:48.5113790Z 
2026-10-07T00:12:48.5118480Z [1m[92m     Running[0m tests/modules.rs (target/debug/deps/modules-ed945b2df9b06a6c)
2026-10-07T00:12:48.5253880Z 
2026-10-07T00:12:48.5255970Z running 32 tests
2026-10-07T00:12:48.5382480Z test alias_imports_keep_cycle_relative_path_and_language_guards ... ok
2026-10-07T00:12:48.5450610Z test aliases_keep_original_source_diagnostics_and_embedded_asset_paths ... ok
2026-10-07T00:12:48.5510420Z test conflicting_import_bindings_report_the_import_statement ... ok
2026-10-07T00:12:48.5529650Z test aliases_of_one_function_cannot_be_replaced_twice_across_native_files ... ok
2026-10-07T00:12:48.5548160Z test corrupted_low_identity_metadata_cannot_rename_or_invent_definitions ... ok
2026-10-07T00:12:48.5695540Z test edited_saved_low_body_resolves_original_aliases_and_maps_only_its_physical_root ... ok
2026-10-07T00:12:48.5848280Z test flat_imported_main_remains_an_entry_but_namespace_imported_main_does_not ... ok
2026-10-07T00:12:48.5989990Z test aliases_from_imports_and_flat_imports_share_the_canonical_class ... ok
2026-10-07T00:12:48.5995340Z test foreign_functions_keep_their_builtin_scope_when_root_aliases_use_builtin_names ... ok
2026-10-07T00:12:48.6201060Z test high_and_native_modules_can_use_the_same_private_namespace_spelling ... ok
2026-10-07T00:12:48.6243880Z test every_explicit_native_root_gets_high_aliases_without_overwriting_own_or_dependency_scopes ... ok
2026-10-07T00:12:48.6333960Z test imported_bindings_are_private_but_own_definitions_can_use_them ... ok
2026-10-07T00:12:48.6504760Z test imported_names_cannot_silently_fall_back_to_builtins_of_a_different_kind ... ok
2026-10-07T00:12:48.6605010Z test guessed_internal_symbols_cannot_bypass_private_imports_in_raw_source ... ok
2026-10-07T00:12:48.6711370Z test legacy_classes_constructors_and_intrinsic_types_keep_their_original_namespaces ... ok
2026-10-07T00:12:48.6804510Z test local_fields_and_function_values_shadow_imports_only_in_their_scope ... ok
2026-10-07T00:12:48.7018310Z test legacy_flat_helpers_can_call_root_definitions_without_inheriting_private_aliases ... ok
2026-10-07T00:12:48.7202490Z test low_alias_syntax_resolves_qualified_record_and_generic_types ... ok
2026-10-07T00:12:48.7316020Z test native_main_replacement_keeps_the_generated_identity_and_recursive_target ... ok
2026-10-07T00:12:48.7334740Z test native_import_aliases_remain_local_while_own_functions_are_available_to_high ... ok
2026-10-07T00:12:48.7417960Z test omitted_unit_returns_keep_builtin_identity_while_explicit_namespace_types_are_rejected ... ok
2026-10-07T00:12:48.7532160Z test old_flat_imports_keep_transitive_names_and_diamond_deduplication ... ok
2026-10-07T00:12:48.7734480Z test namespace_imports_preserve_depth_file_count_and_total_byte_limits ... ok
2026-10-07T00:12:48.7742250Z test renamed_local_main_diagnostics_keep_source_spelling_after_program_is_taken ... ok
2026-10-07T00:12:48.8144310Z test same_named_classes_from_different_files_are_distinct_in_all_type_positions ... ok
2026-10-07T00:12:48.8156070Z test qualified_replacements_compare_definition_identity_and_report_low_sources ... ok
2026-10-07T00:12:48.8281150Z test saved_generated_low_can_be_imported_without_reidentifying_its_main ... ok
2026-10-07T00:12:48.8579860Z test separate_native_files_can_reuse_a_replacement_declaration_name ... ok
2026-10-07T00:12:48.8632140Z test the_checker_rejects_parser_only_alias_imports_until_the_source_loader_resolves_them ... ok
2026-10-07T00:12:48.8638530Z test unsaved_overlays_change_imported_definitions_and_keep_disk_sources_unchanged ... ok
2026-10-07T00:12:49.6186370Z test saved_low_flat_and_from_imports_promote_the_original_definition_to_entry ... ok
2026-10-07T00:12:50.0152000Z test project_aliases_cross_low_replacement_and_rust_record_bridges_from_an_external_cwd ... ok
2026-10-07T00:12:50.0152560Z 
2026-10-07T00:12:50.0153480Z test result: ok. 32 passed; 0 failed; 0 ignored; 0 measured; 0 filtered out; finished in 1.49s
2026-10-07T00:12:50.0154160Z 
2026-10-07T00:12:50.0161540Z [1m[92m     Running[0m tests/nullable_database.rs (target/debug/deps/nullable_database-7205da8243d3f9b0)
2026-10-07T00:12:50.0275330Z 
2026-10-07T00:12:50.0276760Z running 4 tests
2026-10-07T00:12:50.1353420Z test raw_numeric_and_bool_field_shadows_keep_manual_row_implementations ... ok
2026-10-07T00:12:50.1572330Z test unsupported_nullable_payloads_keep_manual_from_row_eligibility ... ok
2026-10-07T00:13:25.7193020Z test raw_nullable_classes_can_supply_a_native_sqlite_row_bridge ... ok
2026-10-07T00:13:28.8371550Z test nullable_scalars_read_sqlite_null_and_non_null_rows_in_high_and_saved_low ... ok
2026-10-07T00:13:28.8372080Z 
2026-10-07T00:13:28.8378240Z test result: ok. 4 passed; 0 failed; 0 ignored; 0 measured; 0 filtered out; finished in 38.81s
2026-10-07T00:13:28.8379270Z 
2026-10-07T00:13:28.8391620Z [1m[92m     Running[0m tests/nullable_roundtrip.rs (target/debug/deps/nullable_roundtrip-63bc63cd713028f0)
2026-10-07T00:13:28.8501520Z 
2026-10-07T00:13:28.8502230Z running 1 test
2026-10-07T00:13:29.1397740Z test nested_options_keep_distinct_none_and_some_values_through_independent_low ... ok
2026-10-07T00:13:29.1398240Z 
2026-10-07T00:13:29.1398700Z test result: ok. 1 passed; 0 failed; 0 ignored; 0 measured; 0 filtered out; finished in 0.29s
2026-10-07T00:13:29.1399360Z 
2026-10-07T00:13:29.1404670Z [1m[92m     Running[0m tests/option_match.rs (target/debug/deps/option_match-3ec99d82ce84d528)
2026-10-07T00:13:29.1548290Z 
2026-10-07T00:13:29.1549160Z running 5 tests
2026-10-07T00:13:29.1640640Z test option_cases_must_be_exhaustive_unique_and_match_the_subject_type ... ok
2026-10-07T00:13:29.1649390Z test option_payload_bindings_obey_move_scope_and_borrow_owner_rules ... ok
2026-10-07T00:13:29.1659370Z test option_matching_accepts_discarded_payloads_and_borrowed_string_contents ... ok
2026-10-07T00:13:29.1660610Z [1m[92m     Running[0m tests/owned_copy_codegen.rs (target/debug/deps/owned_copy_codegen-5b5f502446848bac)
2026-10-07T00:13:29.1661390Z test some_and_none_patterns_keep_binding_spans_without_synthetic_none_payload ... ok
2026-10-07T00:13:29.1662040Z test some_patterns_reject_unsupported_payload_shapes_and_none_parentheses ... ok
2026-10-07T00:13:29.1662300Z 
2026-10-07T00:13:29.1662690Z test result: ok. 5 passed; 0 failed; 0 ignored; 0 measured; 0 filtered out; finished in 0.01s
2026-10-07T00:13:29.1663730Z 
2026-10-07T00:13:29.1802090Z 
2026-10-07T00:13:29.1803230Z running 2 tests
2026-10-07T00:13:29.2303420Z test owned_string_and_list_fields_remain_moves ... ok
2026-10-07T00:13:30.3694380Z test owned_scalar_fields_copy_in_native_high_and_independent_low ... ok
2026-10-07T00:13:30.3697730Z [1m[92m     Running[0m tests/owned_database.rs (target/debug/deps/owned_database-df8d27780dc03a2e)
2026-10-07T00:13:30.3698640Z 
2026-10-07T00:13:30.3699590Z test result: ok. 2 passed; 0 failed; 0 ignored; 0 measured; 0 filtered out; finished in 1.19s
2026-10-07T00:13:30.3700570Z 
2026-10-07T00:13:30.3808230Z 
2026-10-07T00:13:30.3808650Z running 2 tests
2026-10-07T00:13:30.4425800Z test owned_wrappers_preserve_unsupported_fields_and_manual_row_eligibility ... ok
2026-10-07T00:13:36.8657930Z test owned_scalars_decode_sqlite_rows_in_high_and_independent_saved_low ... ok
2026-10-07T00:13:36.8658850Z 
2026-10-07T00:13:36.8676250Z test result: ok. 2 passed; 0 failed; 0 ignored; 0 measured; 0 filtered out; finished in 6.48s
2026-10-07T00:13:36.8677030Z 
2026-10-07T00:13:36.8681730Z [1m[92m     Running[0m tests/ownership_boundaries.rs (target/debug/deps/ownership_boundaries-621e12add40d554c)
2026-10-07T00:13:36.8799970Z 
2026-10-07T00:13:36.8802210Z running 7 tests
2026-10-07T00:13:36.9014150Z test branch_loop_and_payload_owners_cannot_escape_in_outer_views ... ok
2026-10-07T00:13:36.9048640Z test nested_view_containers_cannot_keep_child_scope_owners ... ok
2026-10-07T00:13:36.9902430Z test copied_iterator_elements_keep_their_own_borrow_depth ... ok
2026-10-07T00:13:36.9931920Z test index_evaluation_holds_the_container_but_releases_it_afterwards ... ok
2026-10-07T00:13:37.0631400Z test outer_owners_local_copies_restored_aliases_and_return_paths_remain_valid ... ok
2026-10-07T00:13:37.0633770Z test temporary_iterator_views_cannot_escape_but_body_use_and_static_views_remain_valid ... ok
2026-10-07T00:13:37.1230040Z [1m[92m     Running[0m tests/ownership_calls.rs (target/debug/deps/ownership_calls-6cbc0ee68eec7ff0)
2026-10-07T00:13:37.1232020Z test static_resource_views_remain_valid_across_branch_scopes ... ok
2026-10-07T00:13:37.1334200Z 
2026-10-07T00:13:37.1435570Z test result: ok. 7 passed; 0 failed; 0 ignored; 0 measured; 0 filtered out; finished in 0.24s
2026-10-07T00:13:37.1537570Z 
2026-10-07T00:13:37.1638810Z 
2026-10-07T00:13:37.1740430Z running 9 tests
2026-10-07T00:13:37.1843540Z test database_receiver_is_borrowed_but_materialized_sql_does_not_extend_its_loan ... ok
2026-10-07T00:13:37.1878670Z test completed_inner_calls_copies_and_disjoint_owners_do_not_keep_call_loans ... ok
2026-10-07T00:13:37.1879550Z test discarded_owned_places_are_consumed_but_copy_and_borrowed_values_remain_available ... ok
2026-10-07T00:13:37.1880230Z test earlier_list_elements_hold_views_through_later_element_evaluation ... ok
2026-10-07T00:13:37.1880930Z test earlier_view_arguments_block_later_moves_in_direct_and_aliased_calls ... ok
2026-10-07T00:13:37.1881690Z test earlier_views_remain_borrowed_while_nested_later_arguments_are_evaluated ... ok
2026-10-07T00:13:37.1882400Z test list_mutation_checks_outer_loans_without_rejecting_two_phase_reads ... ok
2026-10-07T00:13:37.1914760Z test call_conflicts_and_discarded_moves_fail_before_backend_tools_are_needed ... ok
2026-10-07T00:13:37.3281450Z test implicit_standard_references_hold_the_owner_through_later_arguments ... ok
2026-10-07T00:13:37.3385280Z [1m[92m     Running[0m tests/resource_contract_characterization.rs (target/debug/deps/resource_contract_characterization-2fc7c4bb2c89c941)
2026-10-07T00:13:37.3385830Z 
2026-10-07T00:13:37.3489540Z [1m[92m     Running[0m tests/result_stdlib.rs (target/debug/deps/result_stdlib-dd91df630c8f491d)
2026-10-07T00:13:37.3491530Z test result: ok. 9 passed; 0 failed; 0 ignored; 0 measured; 0 filtered out; finished in 0.19s
2026-10-07T00:13:37.3549600Z 
2026-10-07T00:13:37.3549710Z 
2026-10-07T00:13:37.3550240Z running 4 tests
2026-10-07T00:13:37.3551190Z test registered_accessors_match_the_complete_inventory ... ok
2026-10-07T00:13:37.3551800Z test registered_operations_match_signatures_and_passing ... ok
2026-10-07T00:13:37.3552510Z test registered_resources_match_the_independent_inventory ... ok
2026-10-07T00:13:37.3587550Z test registered_constants_match_the_complete_inventory ... ok
2026-10-07T00:13:37.3588740Z 
2026-10-07T00:13:37.3590940Z test result: ok. 4 passed; 0 failed; 0 ignored; 0 measured; 0 filtered out; finished in 0.00s
2026-10-07T00:13:37.3591840Z 
2026-10-07T00:13:37.3604140Z 
2026-10-07T00:13:37.3605080Z running 6 tests
2026-10-07T00:13:37.6456600Z test mapping_moves_input_left_to_right_and_preserves_borrow_origins ... ok
2026-10-07T00:13:37.7090140Z test mapper_contract_errors_fail_before_rust_backend_in_high_and_saved_low ... ok
2026-10-07T00:13:37.7771000Z test inferred_mapping_keeps_enum_class_aliases_and_borrowed_success_through_saved_low ... ok
2026-10-07T00:13:37.8525200Z test try_keeps_exact_error_identity_and_map_error_does_not_reserve_local_names ... ok
2026-10-07T00:13:38.7412550Z test native_success_failure_and_original_cause_survive_high_and_saved_low ... ok
2026-10-07T00:13:40.7935440Z test static_error_labels_avoid_read_allocations_but_keep_owned_results_and_shadowing ... ok
2026-10-07T00:13:40.7936710Z 
2026-10-07T00:13:40.7937920Z test result: ok. 6 passed; 0 failed; 0 ignored; 0 measured; 0 filtered out; finished in 3.43s
2026-10-07T00:13:40.7938900Z 
2026-10-07T00:13:40.7945320Z [1m[92m     Running[0m tests/rust_dependencies.rs (target/debug/deps/rust_dependencies-f89dbd19e5bd5caf)
2026-10-07T00:13:40.8135670Z 
2026-10-07T00:13:40.8137350Z running 8 tests
2026-10-07T00:13:40.8541090Z test dependency_paths_follow_the_selected_manifest_with_different_cwd_and_output ... ok
2026-10-07T00:13:40.8651360Z test cli_version_replaces_the_whole_table_and_keeps_alias_collision_checks ... ok
2026-10-07T00:13:40.8697040Z test generated_manifest_preserves_legacy_versions_and_every_supported_table_field ... ok
2026-10-07T00:13:40.8751770Z test generated_toml_round_trips_quotes_backslashes_and_newlines_without_extra_tables ... ok
2026-10-07T00:13:41.0375340Z test invalid_dependency_tables_fail_in_the_public_cli_before_cargo ... ok
2026-10-07T00:13:41.1464810Z test missing_local_dependency_is_valid_for_check_and_reported_by_cargo_during_build ... ok
2026-10-07T00:13:41.1468030Z test check_and_symbols_accept_dependency_tables_without_cargo_or_checked_out_crates ... ok
2026-10-07T00:13:41.6098060Z test local_package_rename_features_and_disabled_defaults_run_without_registry_dependencies ... ok
2026-10-07T00:13:41.6099020Z 
2026-10-07T00:13:41.6106900Z test result: ok. 8 passed; 0 failed; 0 ignored; 0 measured; 0 filtered out; finished in 0.80s
2026-10-07T00:13:41.6107890Z 
2026-10-07T00:13:41.6109600Z [1m[92m     Running[0m tests/sql_check.rs (target/debug/deps/sql_check-e88216aa6bc465d3)
2026-10-07T00:13:41.6247920Z 
2026-10-07T00:13:41.6248800Z running 13 tests
2026-10-07T00:13:41.7178860Z test enabled::a_user_function_named_db_all_is_not_a_builtin_sql_query ... ok
2026-10-07T00:13:41.7538560Z test enabled::bounded_schema_and_query_inputs_fail_before_sql_preparation ... ok
2026-10-07T00:13:41.7984010Z test enabled::dynamic_sql_and_db_exec_are_reported_as_runtime_checks ... ok
2026-10-07T00:13:41.8344060Z test enabled::aliases_case_reordering_extra_columns_and_reused_numbered_bind_are_valid ... ok
2026-10-07T00:13:41.8834190Z test enabled::explicit_project_schema_path_is_relative_to_invocation_directory ... ok
2026-10-07T00:13:41.8955110Z test enabled::imported_queries_report_the_original_module_file_and_line ... ok
2026-10-07T00:13:41.9940530Z test enabled::literal_insert_update_delete_are_prepared_without_executing_queries ... ok
2026-10-07T00:13:42.2884020Z test enabled::missing_return_columns_and_wrong_bind_count_use_query_source_lines ... ok
2026-10-07T00:13:42.3382050Z test enabled::helper_statement_kind_and_single_statement_contracts_are_checked ... ok
2026-10-07T00:13:42.3435510Z test enabled::schema_and_dialect_are_paired_check_only_options ... ok
2026-10-07T00:13:42.3619040Z test enabled::literal_queries_cannot_change_schema_or_access_external_functions ... ok
2026-10-07T00:13:42.5277040Z test enabled::schema_check_is_opt_in_and_reports_bad_columns_in_high_and_saved_low ... ok
2026-10-07T00:13:42.8074060Z test enabled::unsafe_schema_operations_cannot_create_or_modify_external_files ... ok
2026-10-07T00:13:42.8074750Z 
2026-10-07T00:13:42.8075490Z test result: ok. 13 passed; 0 failed; 0 ignored; 0 measured; 0 filtered out; finished in 1.18s
2026-10-07T00:13:42.8076010Z 
2026-10-07T00:13:42.8082120Z [1m[92m     Running[0m tests/static_callback_views.rs (target/debug/deps/static_callback_views-6af0f8ef4e6bec82)
2026-10-07T00:13:42.8244650Z 
2026-10-07T00:13:42.8246260Z running 3 tests
2026-10-07T00:13:42.8353980Z test input_bound_callback_results_still_borrow_their_actual_inputs ... ok
2026-10-07T00:13:42.8355090Z test static_outputs_do_not_allow_local_or_owned_parameter_borrows ... ok
2026-10-07T00:13:45.3652690Z test static_callbacks_keep_their_origins_and_independent_lifetime_scopes_in_high_and_low ... ok
2026-10-07T00:13:45.3658340Z [1m[92m     Running[0m tests/stdlib_imports.rs (target/debug/deps/stdlib_imports-6242c17f2ccef8be)
2026-10-07T00:13:45.3658770Z 
2026-10-07T00:13:45.3659710Z test result: ok. 3 passed; 0 failed; 0 ignored; 0 measured; 0 filtered out; finished in 2.54s
2026-10-07T00:13:45.3660330Z 
2026-10-07T00:13:45.3824150Z 
2026-10-07T00:13:45.3825110Z running 12 tests
2026-10-07T00:13:45.3925350Z test comma_separated_from_imports_preserve_each_name_alias_and_source_span ... ok
2026-10-07T00:13:45.4114440Z test constant_fields_and_function_aliases_resolve_without_ignoring_local_shadowing ... ok
2026-10-07T00:13:45.4116130Z test from_list_reuses_existing_conflict_and_same_definition_rules ... ok
2026-10-07T00:13:45.4126330Z test malformed_standard_imports_do_not_fall_back_to_file_lookup ... ok
2026-10-07T00:13:45.4127090Z test low_metadata_cannot_forge_standard_ids_or_implement_registry_functions ... ok
2026-10-07T00:13:45.4128930Z test parser_distinguishes_standard_names_from_quoted_files_and_keeps_alias_spans ... ok
2026-10-07T00:13:45.4413020Z test low_metadata_rejects_native_paths_capabilities_and_unimported_canonical_names ... ok
2026-10-07T00:13:45.4414140Z test registered_resources_and_functions_are_separate_from_source_definitions ... ok
2026-10-07T00:13:45.7171440Z test multiple_from_aliases_keep_registry_identity_in_independently_loaded_low ... ok
2026-10-07T00:13:45.7421240Z test standard_imports_ignore_local_lookalikes_and_unsaved_overlays ... ok
2026-10-07T00:13:45.7624470Z test saved_low_keeps_registry_identity_without_standard_source_files ... ok
2026-10-07T00:13:45.9038540Z [1m[92m     Running[0m tests/symbols.rs (target/debug/deps/symbols-f0d016026c41ad2a)
2026-10-07T00:13:45.9039870Z test repeated_standard_imports_do_not_shift_registry_declaration_lines ... ok
2026-10-07T00:13:45.9139590Z 
2026-10-07T00:13:45.9176880Z test result: ok. 12 passed; 0 failed; 0 ignored; 0 measured; 0 filtered out; finished in 0.52s
2026-10-07T00:13:45.9177550Z 
2026-10-07T00:13:45.9177730Z 
2026-10-07T00:13:45.9177990Z running 21 tests
2026-10-07T00:13:46.3367710Z test actual_symbols_command_resolves_transitive_imports_and_utf16_columns ... ok
2026-10-07T00:13:46.3482730Z test editor_input_rejects_invalid_schema_alias_duplicates_and_other_commands ... ok
2026-10-07T00:13:46.4449180Z test editor_buffers_update_imported_and_low_signatures_without_writing_files ... ok
2026-10-07T00:13:46.7275360Z test duplicate_let_and_case_bindings_cannot_replace_an_outer_definition ... ok
2026-10-07T00:13:46.8164540Z test expression_ranges_cover_multiline_receivers_and_do_not_unwrap_results ... ok
2026-10-07T00:13:46.9016600Z test failed_iterator_mutation_does_not_leak_a_loan_or_move_into_editor_types ... ok
2026-10-07T00:13:47.1536010Z test imported_and_native_types_use_unsaved_buffers_and_utf16_ranges ... ok
2026-10-07T00:13:47.1898360Z test inferred_locals_parameters_and_loop_bindings_obey_exact_scopes ... ok
2026-10-07T00:13:47.2201110Z test invalid_signatures_do_not_generate_guessed_local_types ... ok
2026-10-07T00:13:47.4648650Z test local_call_and_function_value_navigation_use_the_resolved_binding ... ok
2026-10-07T00:13:47.5704220Z test local_navigation_preserves_binding_identity_across_reassignments_and_scopes ... ok
2026-10-07T00:13:47.7745320Z test low_records_replacements_and_same_line_bindings_keep_their_source_positions ... ok
2026-10-07T00:13:47.8503780Z test match_payloads_and_child_locals_do_not_escape_their_arm ... ok
2026-10-07T00:13:48.1255740Z test moved_values_and_scope_locals_have_no_later_inferred_type ... ok
2026-10-07T00:13:48.1670440Z test native_low_symbols_and_calls_inside_match_keep_original_files ... ok
2026-10-07T00:13:48.4857810Z test navigation_resolves_case_and_scope_bindings_without_leaking_them ... ok
2026-10-07T00:13:48.5270830Z test local_function_value_uses_have_hover_types_without_replacing_global_signatures ... ok
2026-10-07T00:13:48.8092070Z test navigation_uses_unsaved_import_and_low_replacement_positions_in_utf16 ... ok
2026-10-07T00:13:48.8304770Z test navigation_is_available_after_moves_and_invalid_types_but_not_before_binding ... ok
2026-10-07T00:13:48.8661640Z test partial_moves_do_not_infer_invalid_bindings_or_hide_unmoved_fields ... ok
2026-10-07T00:13:49.1811690Z test symbols_work_despite_type_errors_and_distinguish_fields_locals_and_calls ... ok
2026-10-07T00:13:49.1903020Z [1m[92m     Running[0m tests/typed_errors.rs (target/debug/deps/typed_errors-8f2259a29f8be58b)
2026-10-07T00:13:49.1903530Z 
2026-10-07T00:13:49.1993210Z test result: ok. 21 passed; 0 failed; 0 ignored; 0 measured; 0 filtered out; finished in 3.26s
2026-10-07T00:13:49.1997390Z 
2026-10-07T00:13:49.2114670Z 
2026-10-07T00:13:49.2147480Z running 15 tests
2026-10-07T00:13:50.5267940Z test builtin_error_causes_survive_wrapping_without_json_or_database_requirements ... ok
2026-10-07T00:13:50.5659870Z test diagnostic_cause_containers_are_rejected_by_json_serialization ... ok
2026-10-07T00:13:50.5662680Z test direct_parser_builtin_enum_names_require_canonical_source_loading ... ok
2026-10-07T00:13:51.9789110Z test async_custom_errors_propagate_the_same_enum_through_await_and_try ... ok
2026-10-07T00:13:52.0648030Z test enum_constructors_reject_unknown_variants_wrong_arity_and_wrong_payload_types ... ok
2026-10-07T00:13:52.1467960Z test enum_matches_require_exhaustive_unique_matching_variants_and_payload_bindings ... ok
2026-10-07T00:13:52.1994790Z test enum_payload_moves_and_borrowed_views_cannot_escape_match_arms ... ok
2026-10-07T00:13:52.9583980Z test class_errors_keep_context_nested_results_same_error_try_and_explicit_conversion ... ok
2026-10-07T00:13:53.0287270Z test fail_and_try_reject_implicit_conversion_between_custom_error_types ... ok
2026-10-07T00:14:07.5456680Z test entry_result_errors_keep_exit_status_through_owned_wrappers_and_async_saved_low ... ok
2026-10-07T00:14:08.4444590Z test enums_construct_match_owned_payloads_and_preserve_copy_variants ... ok
2026-10-07T00:14:08.5053350Z test same_named_module_enums_are_distinct_error_types_for_try_and_patterns ... ok
2026-10-07T00:14:09.1835030Z test file_loaded_builtin_spelled_enums_keep_literal_types_and_variant_identity ... ok
2026-10-07T00:14:09.9560290Z test module_aliases_share_enum_error_identity_and_keep_qualified_variants ... ok
2026-10-07T00:14:13.3919510Z test scope_enum_conversion_requires_the_explicit_rust_bridge_and_keeps_the_owned_cause ... ok
2026-10-07T00:14:13.4052940Z [1m[92m     Running[0m tests/view_iteration.rs (target/debug/deps/view_iteration-c13adaeed5dc6b41)
2026-10-07T00:14:13.4053410Z 
2026-10-07T00:14:13.4156130Z test result: ok. 15 passed; 0 failed; 0 ignored; 0 measured; 0 filtered out; finished in 24.18s
2026-10-07T00:14:13.4258370Z 
2026-10-07T00:14:13.4355600Z 
2026-10-07T00:14:13.4356190Z running 3 tests
2026-10-07T00:14:13.4420640Z test string_views_reject_iteration_and_numeric_indexing_in_high_and_low ... ok
2026-10-07T00:14:13.4575630Z test native_resource_views_still_reject_iteration ... ok
2026-10-07T00:14:14.4354030Z test byte_views_use_u8_and_preserve_nested_views_and_owned_element_slices ... ok
2026-10-07T00:14:14.4463170Z [1m[92m     Running[0m tests/view_parameter_rebinding.rs (target/debug/deps/view_parameter_rebinding-6c44b8e8126ab693)
2026-10-07T00:14:14.4464390Z 
2026-10-07T00:14:14.4496590Z test result: ok. 3 passed; 0 failed; 0 ignored; 0 measured; 0 filtered out; finished in 1.02s
2026-10-07T00:14:14.4499580Z 
2026-10-07T00:14:14.4559730Z 
2026-10-07T00:14:14.4561530Z running 5 tests
2026-10-07T00:14:14.4825030Z test local_borrows_still_cannot_escape_through_reassigned_parameters ... ok
2026-10-07T00:14:14.4869770Z test rebinding_is_synthetic_and_does_not_change_signatures_or_extern_wrappers ... ok
2026-10-07T00:14:15.2974160Z test local_parameter_updates_compile_and_run_in_high_and_saved_low ... ok
2026-10-07T00:14:15.6282390Z test owning_parameters_keep_their_drop_order_when_a_view_container_is_rebound ... ok
2026-10-07T00:14:15.9655030Z test views_of_owned_record_fields_can_be_used_locally_through_parameters ... ok
2026-10-07T00:14:15.9656430Z 
2026-10-07T00:14:15.9657000Z test result: ok. 5 passed; 0 failed; 0 ignored; 0 measured; 0 filtered out; finished in 1.51s
2026-10-07T00:14:15.9657500Z 
2026-10-07T00:14:15.9980300Z ##[group]Run node --test editors/vscode-nagi/test/*.test.js scripts/test_graph_html_viewport.mjs
2026-10-07T00:14:15.9983690Z [36;1mnode --test editors/vscode-nagi/test/*.test.js scripts/test_graph_html_viewport.mjs[0m
2026-10-07T00:14:16.0756570Z shell: /bin/bash --noprofile --norc -e -o pipefail {0}
2026-10-07T00:14:16.0756890Z env:
2026-10-07T00:14:16.0757240Z   NAGI_FAILURE_DIR: /Users/runner/work/Nagi/Nagi/build/compiler-failures
2026-10-07T00:14:16.0757590Z   CARGO_HOME: /Users/runner/.cargo
2026-10-07T00:14:16.0757930Z   CARGO_INCREMENTAL: 0
2026-10-07T00:14:16.0758140Z   CARGO_TERM_COLOR: always
2026-10-07T00:14:16.0767610Z   pythonLocation: /Users/runner/hostedtoolcache/Python/3.12.10/arm64
2026-10-07T00:14:16.0768330Z   PKG_CONFIG_PATH: /Users/runner/hostedtoolcache/Python/3.12.10/arm64/lib/pkgconfig
2026-10-07T00:14:16.0768800Z   Python_ROOT_DIR: /Users/runner/hostedtoolcache/Python/3.12.10/arm64
2026-10-07T00:14:16.0769330Z   Python2_ROOT_DIR: /Users/runner/hostedtoolcache/Python/3.12.10/arm64
2026-10-07T00:14:16.0769740Z   Python3_ROOT_DIR: /Users/runner/hostedtoolcache/Python/3.12.10/arm64
2026-10-07T00:14:16.0770090Z ##[endgroup]
2026-10-07T00:14:16.4905890Z TAP version 13
2026-10-07T00:14:16.5661440Z # Subtest: Actor and Turn snippets preserve all three registered type parameters
2026-10-07T00:14:16.5683490Z ok 1 - Actor and Turn snippets preserve all three registered type parameters
2026-10-07T00:14:16.5690690Z   ---
2026-10-07T00:14:16.5693690Z   duration_ms: 2.584833
2026-10-07T00:14:16.5700250Z   type: 'test'
2026-10-07T00:14:16.5703930Z   ...
2026-10-07T00:14:16.5704510Z # Subtest: same-name standard options retain their owning namespace and return type
2026-10-07T00:14:16.5708980Z ok 2 - same-name standard options retain their owning namespace and return type
2026-10-07T00:14:16.5712730Z   ---
2026-10-07T00:14:16.5716700Z   duration_ms: 0.732125
2026-10-07T00:14:16.5716950Z   type: 'test'
2026-10-07T00:14:16.5717270Z   ...
2026-10-07T00:14:16.5717790Z # Subtest: both module catalogs complete imports without merging their members
2026-10-07T00:14:16.5721890Z ok 3 - both module catalogs complete imports without merging their members
2026-10-07T00:14:16.5722470Z   ---
2026-10-07T00:14:16.5723050Z   duration_ms: 2.989667
2026-10-07T00:14:16.5723970Z   type: 'test'
2026-10-07T00:14:16.5724480Z   ...
2026-10-07T00:14:17.0837970Z # Subtest: real nagi actor symbols separate modules and preserve three-parameter handles
2026-10-07T00:14:17.0842250Z ok 4 - real nagi actor symbols separate modules and preserve three-parameter handles
2026-10-07T00:14:17.0842880Z   ---
2026-10-07T00:14:17.0844570Z   duration_ms: 525.179959
2026-10-07T00:14:17.0844980Z   type: 'test'
2026-10-07T00:14:17.0845460Z   ...
2026-10-07T00:14:17.6453060Z # Subtest: real low actor symbols separate modules and preserve three-parameter handles
2026-10-07T00:14:17.6560780Z ok 5 - real low actor symbols separate modules and preserve three-parameter handles
2026-10-07T00:14:17.6661990Z   ---
2026-10-07T00:14:17.6764220Z   duration_ms: 556.5055
2026-10-07T00:14:17.6865670Z   type: 'test'
2026-10-07T00:14:17.6967300Z   ...
2026-10-07T00:14:17.9092520Z # Subtest: unsaved actor dependency constants keep their own source without writing or building
2026-10-07T00:14:17.9134810Z ok 6 - unsaved actor dependency constants keep their own source without writing or building
2026-10-07T00:14:17.9267280Z   ---
2026-10-07T00:14:17.9380070Z   duration_ms: 268.392083
2026-10-07T00:14:17.9464820Z   type: 'test'
2026-10-07T00:14:17.9537480Z   ...
2026-10-07T00:14:17.9596540Z # Subtest: nagi borrowed loop locals keep their declared type and bare insertion
2026-10-07T00:14:17.9651240Z ok 7 - nagi borrowed loop locals keep their declared type and bare insertion
2026-10-07T00:14:17.9716340Z   ---
2026-10-07T00:14:17.9717590Z   duration_ms: 7.708167
2026-10-07T00:14:17.9731990Z   type: 'test'
2026-10-07T00:14:17.9783280Z   ...
2026-10-07T00:14:17.9846630Z # Subtest: nagi owned and read-only-only locals retain their existing presentation
2026-10-07T00:14:17.9948180Z ok 8 - nagi owned and read-only-only locals retain their existing presentation
2026-10-07T00:14:18.0001940Z   ---
2026-10-07T00:14:18.0041170Z   duration_ms: 0.51075
2026-10-07T00:14:18.0042360Z   type: 'test'
2026-10-07T00:14:18.0075370Z   ...
2026-10-07T00:14:18.0119640Z # Subtest: nagi borrowed receiver fields preserve the compiler read-only contract
2026-10-07T00:14:18.0154870Z ok 9 - nagi borrowed receiver fields preserve the compiler read-only contract
2026-10-07T00:14:18.0195380Z   ---
2026-10-07T00:14:18.0196900Z   duration_ms: 0.535042
2026-10-07T00:14:18.0232170Z   type: 'test'
2026-10-07T00:14:18.0334640Z   ...
2026-10-07T00:14:18.0406320Z # Subtest: low borrowed loop locals keep their declared type and bare insertion
2026-10-07T00:14:18.0407250Z ok 10 - low borrowed loop locals keep their declared type and bare insertion
2026-10-07T00:14:18.0407760Z   ---
2026-10-07T00:14:18.0408180Z   duration_ms: 0.586541
2026-10-07T00:14:18.0408580Z   type: 'test'
2026-10-07T00:14:18.0408900Z   ...
2026-10-07T00:14:18.0409490Z # Subtest: low owned and read-only-only locals retain their existing presentation
2026-10-07T00:14:18.0410170Z ok 11 - low owned and read-only-only locals retain their existing presentation
2026-10-07T00:14:18.0410680Z   ---
2026-10-07T00:14:18.0411050Z   duration_ms: 0.187292
2026-10-07T00:14:18.0411370Z   type: 'test'
2026-10-07T00:14:18.0411720Z   ...
2026-10-07T00:14:18.0412240Z # Subtest: low borrowed receiver fields preserve the compiler read-only contract
2026-10-07T00:14:18.0413190Z ok 12 - low borrowed receiver fields preserve the compiler read-only contract
2026-10-07T00:14:18.0413770Z   ---
2026-10-07T00:14:18.0414070Z   duration_ms: 0.219375
2026-10-07T00:14:18.0414470Z   type: 'test'
2026-10-07T00:14:18.0414820Z   ...
2026-10-07T00:14:18.0415410Z # Subtest: Windows diagnostics preserve the drive and convert to zero-based line
2026-10-07T00:14:18.0416150Z ok 13 - Windows diagnostics preserve the drive and convert to zero-based line
2026-10-07T00:14:18.0416670Z   ---
2026-10-07T00:14:18.0416970Z   duration_ms: 2.965333
2026-10-07T00:14:18.0417350Z   type: 'test'
2026-10-07T00:14:18.0417690Z   ...
2026-10-07T00:14:18.0418290Z # Subtest: symbol positions use UTF-16 ranges and exclude whitespace and other files
2026-10-07T00:14:18.0419110Z ok 14 - symbol positions use UTF-16 ranges and exclude whitespace and other files
2026-10-07T00:14:18.0419570Z   ---
2026-10-07T00:14:18.0419960Z   duration_ms: 2.025708
2026-10-07T00:14:18.0420300Z   type: 'test'
2026-10-07T00:14:18.0420620Z   ...
2026-10-07T00:14:18.0421220Z # Subtest: Low integration errors and process errors have usable fallback locations
2026-10-07T00:14:18.0421910Z ok 15 - Low integration errors and process errors have usable fallback locations
2026-10-07T00:14:18.0422420Z   ---
2026-10-07T00:14:18.0422800Z   duration_ms: 0.498917
2026-10-07T00:14:18.0423130Z   type: 'test'
2026-10-07T00:14:18.0423480Z   ...
2026-10-07T00:14:18.0423970Z # Subtest: Rust arguments remain separate and long Windows paths normalize
2026-10-07T00:14:18.0424750Z ok 16 - Rust arguments remain separate and long Windows paths normalize
2026-10-07T00:14:18.0425260Z   ---
2026-10-07T00:14:18.0425500Z   duration_ms: 0.361333
2026-10-07T00:14:18.0425920Z   type: 'test'
2026-10-07T00:14:18.0426490Z   ...
2026-10-07T00:14:18.0427160Z # Subtest: diagnostic file identities resolve symlinks and Windows path spelling
2026-10-07T00:14:18.0427980Z ok 17 - diagnostic file identities resolve symlinks and Windows path spelling
2026-10-07T00:14:18.0428430Z   ---
2026-10-07T00:14:18.0428810Z   duration_ms: 3.649416
2026-10-07T00:14:18.0429320Z   type: 'test'
2026-10-07T00:14:18.0429540Z   ...
2026-10-07T00:14:18.0429980Z # Subtest: task matcher accepts Nagi frontend and mapped backend positions only
2026-10-07T00:14:18.0430580Z ok 18 - task matcher accepts Nagi frontend and mapped backend positions only
2026-10-07T00:14:18.0431400Z   ---
2026-10-07T00:14:18.0431650Z   duration_ms: 1.701959
2026-10-07T00:14:18.0431900Z   type: 'test'
2026-10-07T00:14:18.0433610Z   ...
2026-10-07T00:14:18.0436290Z # Subtest: files and native paths are individual arguments with isolated check output
2026-10-07T00:14:18.0437100Z ok 19 - files and native paths are individual arguments with isolated check output
2026-10-07T00:14:18.0437740Z   ---
2026-10-07T00:14:18.0440360Z   duration_ms: 2.560125
2026-10-07T00:14:18.0440610Z   type: 'test'
2026-10-07T00:14:18.0440830Z   ...
2026-10-07T00:14:18.0441300Z # Subtest: configured compiler paths are workspace relative; PATH remains a fallback
2026-10-07T00:14:18.0441930Z ok 20 - configured compiler paths are workspace relative; PATH remains a fallback
2026-10-07T00:14:18.0442630Z   ---
2026-10-07T00:14:18.0443390Z   duration_ms: 1.006583
2026-10-07T00:14:18.0443690Z   type: 'test'
2026-10-07T00:14:18.0443920Z   ...
2026-10-07T00:14:18.0444380Z # Subtest: compiler execution does not interpret shell metacharacters
2026-10-07T00:14:18.0444980Z ok 21 - compiler execution does not interpret shell metacharacters
2026-10-07T00:14:18.0445400Z   ---
2026-10-07T00:14:18.0445670Z   duration_ms: 49.718834
2026-10-07T00:14:18.0445960Z   type: 'test'
2026-10-07T00:14:18.0446240Z   ...
2026-10-07T00:14:18.0446660Z # Subtest: real Nagi checker diagnoses a source error
2026-10-07T00:14:18.0447100Z ok 22 - real Nagi checker diagnoses a source error
2026-10-07T00:14:18.0447400Z   ---
2026-10-07T00:14:18.0447650Z   duration_ms: 10.932417
2026-10-07T00:14:18.0447930Z   type: 'test'
2026-10-07T00:14:18.0448210Z   ...
2026-10-07T00:14:18.0448630Z # Subtest: missing compiler is reported as an execution problem
2026-10-07T00:14:18.0449130Z ok 23 - missing compiler is reported as an execution problem
2026-10-07T00:14:18.0449580Z   ---
2026-10-07T00:14:18.0449860Z   duration_ms: 2.889416
2026-10-07T00:14:18.0450190Z   type: 'test'
2026-10-07T00:14:18.0450460Z   ...
2026-10-07T00:14:18.0450850Z # Subtest: timed out checker is reported as an execution problem
2026-10-07T00:14:18.0451360Z ok 24 - timed out checker is reported as an execution problem
2026-10-07T00:14:18.0451710Z   ---
2026-10-07T00:14:18.0451950Z   duration_ms: 255.791125
2026-10-07T00:14:18.0452190Z   type: 'test'
2026-10-07T00:14:18.0452460Z   ...
2026-10-07T00:14:18.0452990Z # Subtest: nearest manifest wins and project arguments delegate entry selection to nagic
2026-10-07T00:14:18.0453620Z ok 25 - nearest manifest wins and project arguments delegate entry selection to nagic
2026-10-07T00:14:18.0454000Z   ---
2026-10-07T00:14:18.0454250Z   duration_ms: 0.9635
2026-10-07T00:14:18.0454490Z   type: 'test'
2026-10-07T00:14:18.0454710Z   ...
2026-10-07T00:14:18.0455250Z # Subtest: real checker resolves a helper through its manifest entry rather than checking it alone
2026-10-07T00:14:18.0455960Z ok 26 - real checker resolves a helper through its manifest entry rather than checking it alone
2026-10-07T00:14:18.0456420Z   ---
2026-10-07T00:14:18.0456850Z   duration_ms: 10.169625
2026-10-07T00:14:18.0457130Z   type: 'test'
2026-10-07T00:14:18.0457380Z   ...
2026-10-07T00:14:18.0457850Z # Subtest: real symbol query navigates from a helper to its entry-defined function
2026-10-07T00:14:18.0458480Z ok 27 - real symbol query navigates from a helper to its entry-defined function
2026-10-07T00:14:18.0458860Z   ---
2026-10-07T00:14:18.0459100Z   duration_ms: 127.652542
2026-10-07T00:14:18.0459360Z   type: 'test'
2026-10-07T00:14:18.0459590Z   ...
2026-10-07T00:14:18.0460070Z # Subtest: enum completion includes own/imported type namespaces and never bare variants
2026-10-07T00:14:18.0460740Z ok 28 - enum completion includes own/imported type namespaces and never bare variants
2026-10-07T00:14:18.0461140Z   ---
2026-10-07T00:14:18.0461380Z   duration_ms: 6.618709
2026-10-07T00:14:18.0461650Z   type: 'test'
2026-10-07T00:14:18.0461900Z   ...
2026-10-07T00:14:18.0462340Z # Subtest: enum type positions offer enum types and exclude variant values
2026-10-07T00:14:18.0463740Z ok 29 - enum type positions offer enum types and exclude variant values
2026-10-07T00:14:18.0464100Z   ---
2026-10-07T00:14:18.0464570Z   duration_ms: 0.979958
2026-10-07T00:14:18.0464850Z   type: 'test'
2026-10-07T00:14:18.0465100Z   ...
2026-10-07T00:14:18.0465620Z # Subtest: unit/payload variant hover and payload signatures preserve alias-qualified spelling
2026-10-07T00:14:18.0466310Z ok 30 - unit/payload variant hover and payload signatures preserve alias-qualified spelling
2026-10-07T00:14:18.0466760Z   ---
2026-10-07T00:14:18.0466970Z   duration_ms: 1.504
2026-10-07T00:14:18.0467230Z   type: 'test'
2026-10-07T00:14:18.0467470Z   ...
2026-10-07T00:14:18.0468020Z # Subtest: nested variant declaration references resolve hover and F12 without exporting names
2026-10-07T00:14:18.0468720Z ok 31 - nested variant declaration references resolve hover and F12 without exporting names
2026-10-07T00:14:18.0469140Z   ---
2026-10-07T00:14:18.0469370Z   duration_ms: 0.551833
2026-10-07T00:14:18.0469650Z   type: 'test'
2026-10-07T00:14:18.0469890Z   ...
2026-10-07T00:14:18.0470370Z # Subtest: lexical values that shadow enum/module roots suppress type namespaces
2026-10-07T00:14:18.0471010Z ok 32 - lexical values that shadow enum/module roots suppress type namespaces
2026-10-07T00:14:18.0471400Z   ---
2026-10-07T00:14:18.0471630Z   duration_ms: 1.402541
2026-10-07T00:14:18.0471870Z   type: 'test'
2026-10-07T00:14:18.0472090Z   ...
2026-10-07T00:14:18.0472530Z # Subtest: typed failure help exposes an error value without requiring builtin Error
2026-10-07T00:14:18.0473140Z ok 33 - typed failure help exposes an error value without requiring builtin Error
2026-10-07T00:14:18.0473510Z   ---
2026-10-07T00:14:18.0473720Z   duration_ms: 0.467917
2026-10-07T00:14:18.0473950Z   type: 'test'
2026-10-07T00:14:18.0474170Z   ...
2026-10-07T00:14:18.0474610Z # Subtest: Result patterns have completion hover and argument help only after case
2026-10-07T00:14:18.0475200Z ok 34 - Result patterns have completion hover and argument help only after case
2026-10-07T00:14:18.0475570Z   ---
2026-10-07T00:14:18.0475790Z   duration_ms: 0.689166
2026-10-07T00:14:18.0476030Z   type: 'test'
2026-10-07T00:14:18.0476250Z   ...
2026-10-07T00:14:18.0476700Z # Subtest: real nagi enum symbols preserve aliases, payload help and declaration targets
2026-10-07T00:14:18.0479350Z ok 35 - real nagi enum symbols preserve aliases, payload help and declaration targets
2026-10-07T00:14:18.0480420Z   ---
2026-10-07T00:14:18.0481000Z   duration_ms: 132.238583
2026-10-07T00:14:18.0481630Z   type: 'test'
2026-10-07T00:14:18.0482180Z   ...
2026-10-07T00:14:18.0483360Z # Subtest: real low enum symbols preserve aliases, payload help and declaration targets
2026-10-07T00:14:18.0484980Z ok 36 - real low enum symbols preserve aliases, payload help and declaration targets
2026-10-07T00:14:18.0485970Z   ---
2026-10-07T00:14:18.0486530Z   duration_ms: 129.25925
2026-10-07T00:14:18.0487150Z   type: 'test'
2026-10-07T00:14:18.0487760Z   ...
2026-10-07T00:14:18.0489010Z # Subtest: unsaved enum changes update payloads and F12 without writing source or building
2026-10-07T00:14:18.0490700Z ok 37 - unsaved enum changes update payloads and F12 without writing source or building
2026-10-07T00:14:18.0491720Z   ---
2026-10-07T00:14:18.0492280Z   duration_ms: 131.982625
2026-10-07T00:14:18.0492920Z   type: 'test'
2026-10-07T00:14:18.0493510Z   ...
2026-10-07T00:14:18.0495080Z # Subtest: hover preserves declared async/nullable types and class fields but skips locals, members and comments
2026-10-07T00:14:18.0497320Z ok 38 - hover preserves declared async/nullable types and class fields but skips locals, members and comments
2026-10-07T00:14:18.0498510Z   ---
2026-10-07T00:14:18.0499130Z   duration_ms: 3.204916
2026-10-07T00:14:18.0499770Z   type: 'test'
2026-10-07T00:14:18.0500340Z   ...
2026-10-07T00:14:18.0501660Z # Subtest: completion works on incomplete prefixes and inserts positional calls or named class fields
2026-10-07T00:14:18.0503550Z ok 39 - completion works on incomplete prefixes and inserts positional calls or named class fields
2026-10-07T00:14:18.0506100Z   ---
2026-10-07T00:14:18.0506690Z   duration_ms: 2.90475
2026-10-07T00:14:18.0507900Z   type: 'test'
2026-10-07T00:14:18.0508520Z   ...
2026-10-07T00:14:18.0509780Z # Subtest: type positions offer classes and type constructors rather than value calls
2026-10-07T00:14:18.0511610Z ok 40 - type positions offer classes and type constructors rather than value calls
2026-10-07T00:14:18.0512640Z   ---
2026-10-07T00:14:18.0513260Z   duration_ms: 2.733208
2026-10-07T00:14:18.0513910Z   type: 'test'
2026-10-07T00:14:18.0514520Z   ...
2026-10-07T00:14:18.0515880Z # Subtest: a class named Future completes as its declared type rather than a generic builtin
2026-10-07T00:14:18.0517620Z ok 41 - a class named Future completes as its declared type rather than a generic builtin
2026-10-07T00:14:18.0611600Z   ---
2026-10-07T00:14:18.0611910Z   duration_ms: 0.252583
2026-10-07T00:14:18.0612190Z   type: 'test'
2026-10-07T00:14:18.0612540Z   ...
2026-10-07T00:14:18.0613250Z # Subtest: signature argument tracking ignores nested calls, strings, arrays and generic arguments
2026-10-07T00:14:18.0614030Z ok 42 - signature argument tracking ignores nested calls, strings, arrays and generic arguments
2026-10-07T00:14:18.0614500Z   ---
2026-10-07T00:14:18.0614800Z   duration_ms: 0.872292
2026-10-07T00:14:18.0615050Z   type: 'test'
2026-10-07T00:14:18.0717200Z   ...
2026-10-07T00:14:18.0813330Z # Subtest: local hovers use the exact UTF-16 occurrence and file rather than a shared name
2026-10-07T00:14:18.0815170Z ok 43 - local hovers use the exact UTF-16 occurrence and file rather than a shared name
2026-10-07T00:14:18.0816200Z   ---
2026-10-07T00:14:18.0816800Z   duration_ms: 0.679208
2026-10-07T00:14:18.0817450Z   type: 'test'
2026-10-07T00:14:18.0818040Z   ...
2026-10-07T00:14:18.0819370Z # Subtest: member analysis masks just the edited member and preserves UTF-16 and CRLF positions
2026-10-07T00:14:18.0821420Z ok 44 - member analysis masks just the edited member and preserves UTF-16 and CRLF positions
2026-10-07T00:14:18.0822530Z   ---
2026-10-07T00:14:18.0823640Z   duration_ms: 0.095417
2026-10-07T00:14:18.0824280Z   type: 'test'
2026-10-07T00:14:18.0824970Z   ...
2026-10-07T00:14:18.0826400Z # Subtest: field candidates come from the receiver occurrence and never from saved or other-file types
2026-10-07T00:14:18.0828500Z ok 45 - field candidates come from the receiver occurrence and never from saved or other-file types
2026-10-07T00:14:18.0829410Z   ---
2026-10-07T00:14:18.0829760Z   duration_ms: 0.379584
2026-10-07T00:14:18.0830050Z   type: 'test'
2026-10-07T00:14:18.0830280Z   ...
2026-10-07T00:14:18.0830770Z # Subtest: a trailing member binds inside try/await unless the receiver is parenthesized
2026-10-07T00:14:18.0831430Z ok 46 - a trailing member binds inside try/await unless the receiver is parenthesized
2026-10-07T00:14:18.0831830Z   ---
2026-10-07T00:14:18.0832050Z   duration_ms: 0.503583
2026-10-07T00:14:18.0832290Z   type: 'test'
2026-10-07T00:14:18.0832520Z   ...
2026-10-07T00:14:18.0832990Z # Subtest: builtin completion catalog matches compiler arities and required type arguments
2026-10-07T00:14:18.0834110Z ok 47 - builtin completion catalog matches compiler arities and required type arguments
2026-10-07T00:14:18.0834500Z   ---
2026-10-07T00:14:18.0834760Z   duration_ms: 6.682416
2026-10-07T00:14:18.0835060Z   type: 'test'
2026-10-07T00:14:18.0835290Z   ...
2026-10-07T00:14:18.0835760Z # Subtest: builtin help preserves conversion, SQLite, async and callback contracts
2026-10-07T00:14:18.0836380Z ok 48 - builtin help preserves conversion, SQLite, async and callback contracts
2026-10-07T00:14:18.0836760Z   ---
2026-10-07T00:14:18.0837130Z   duration_ms: 0.326292
2026-10-07T00:14:18.0837440Z   type: 'test'
2026-10-07T00:14:18.0837660Z   ...
2026-10-07T00:14:18.0838170Z # Subtest: function and nullable types complete inside all supported generic builtin contexts
2026-10-07T00:14:18.0838880Z ok 49 - function and nullable types complete inside all supported generic builtin contexts
2026-10-07T00:14:18.0839970Z   ---
2026-10-07T00:14:18.0840200Z   duration_ms: 0.366333
2026-10-07T00:14:18.0840450Z   type: 'test'
2026-10-07T00:14:18.0841050Z   ...
2026-10-07T00:14:18.0841520Z # Subtest: completion preserves existing generic arguments and call parentheses
2026-10-07T00:14:18.0842120Z ok 50 - completion preserves existing generic arguments and call parentheses
2026-10-07T00:14:18.0842500Z   ---
2026-10-07T00:14:18.0842720Z   duration_ms: 0.228041
2026-10-07T00:14:18.0842960Z   type: 'test'
2026-10-07T00:14:18.0843180Z   ...
2026-10-07T00:14:18.0843630Z # Subtest: unindented Low fn, record and enum bodies keep their closing braces visible
2026-10-07T00:14:18.0844250Z ok 51 - unindented Low fn, record and enum bodies keep their closing braces visible
2026-10-07T00:14:18.0844630Z   ---
2026-10-07T00:14:18.0844890Z   duration_ms: 4.422417
2026-10-07T00:14:18.0845180Z   type: 'test'
2026-10-07T00:14:18.0845410Z   ...
2026-10-07T00:14:18.0845830Z # Subtest: nested match, case, scope and branch bodies fold at each opening line
2026-10-07T00:14:18.0846830Z ok 52 - nested match, case, scope and branch bodies fold at each opening line
2026-10-07T00:14:18.0847260Z   ---
2026-10-07T00:14:18.0847500Z   duration_ms: 0.4145
2026-10-07T00:14:18.0847810Z   type: 'test'
2026-10-07T00:14:18.0848060Z   ...
2026-10-07T00:14:18.0848510Z # Subtest: multiline fn and async fn draft headers join their body in one fold
2026-10-07T00:14:18.0849090Z ok 53 - multiline fn and async fn draft headers join their body in one fold
2026-10-07T00:14:18.0849450Z   ---
2026-10-07T00:14:18.0849670Z   duration_ms: 0.205917
2026-10-07T00:14:18.0849920Z   type: 'test'
2026-10-07T00:14:18.0850140Z   ...
2026-10-07T00:14:18.0850490Z # Subtest: strings and comments do not create or close folds
2026-10-07T00:14:18.0850980Z ok 54 - strings and comments do not create or close folds
2026-10-07T00:14:18.0851800Z   ---
2026-10-07T00:14:18.0852050Z   duration_ms: 0.121625
2026-10-07T00:14:18.0852360Z   type: 'test'
2026-10-07T00:14:18.0852640Z   ...
2026-10-07T00:14:18.0853080Z # Subtest: crossed, stray and unclosed delimiters cannot invent brace folds
2026-10-07T00:14:18.0853720Z ok 55 - crossed, stray and unclosed delimiters cannot invent brace folds
2026-10-07T00:14:18.0854110Z   ---
2026-10-07T00:14:18.0854330Z   duration_ms: 0.189709
2026-10-07T00:14:18.0854560Z   type: 'test'
2026-10-07T00:14:18.0855080Z   ...
2026-10-07T00:14:18.0855680Z # Subtest: matched call and list continuations guard bodies without separate folds
2026-10-07T00:14:18.0856370Z ok 56 - matched call and list continuations guard bodies without separate folds
2026-10-07T00:14:18.0857650Z   ---
2026-10-07T00:14:18.0857920Z   duration_ms: 0.079834
2026-10-07T00:14:18.0858210Z   type: 'test'
2026-10-07T00:14:18.0858460Z   ...
2026-10-07T00:14:18.0858930Z # Subtest: completed declarations and unrelated lines do not donate a header to another body
2026-10-07T00:14:18.0859580Z ok 57 - completed declarations and unrelated lines do not donate a header to another body
2026-10-07T00:14:18.0859990Z   ---
2026-10-07T00:14:18.0860190Z   duration_ms: 0.492667
2026-10-07T00:14:18.0860410Z   type: 'test'
2026-10-07T00:14:18.0860650Z   ...
2026-10-07T00:14:18.0861140Z # Subtest: single-line and empty bodies are omitted and each start line has one fold
2026-10-07T00:14:18.0861730Z ok 58 - single-line and empty bodies are omitted and each start line has one fold
2026-10-07T00:14:18.0862110Z   ---
2026-10-07T00:14:18.0862310Z   duration_ms: 1.118916
2026-10-07T00:14:18.0862530Z   type: 'test'
2026-10-07T00:14:18.0862730Z   ...
2026-10-07T00:14:18.0863210Z # Subtest: inline closing braces fold the final statement while delimiter-only closers stay visible
2026-10-07T00:14:18.0864030Z ok 59 - inline closing braces fold the final statement while delimiter-only closers stay visible
2026-10-07T00:14:18.0864420Z   ---
2026-10-07T00:14:18.0864610Z   duration_ms: 1.216417
2026-10-07T00:14:18.0864830Z   type: 'test'
2026-10-07T00:14:18.0865030Z   ...
2026-10-07T00:14:18.2599760Z # Subtest: High Function snippet defaults compile in their declared context
2026-10-07T00:14:18.2621420Z ok 60 - High Function snippet defaults compile in their declared context
2026-10-07T00:14:18.2626740Z   ---
2026-10-07T00:14:18.2628900Z   duration_ms: 10.523042
2026-10-07T00:14:18.2629160Z   type: 'test'
2026-10-07T00:14:18.2629430Z   ...
2026-10-07T00:14:18.2629820Z # Subtest: High Class snippet defaults compile in their declared context
2026-10-07T00:14:18.2630340Z ok 61 - High Class snippet defaults compile in their declared context
2026-10-07T00:14:18.2630730Z   ---
2026-10-07T00:14:18.2631780Z   duration_ms: 7.57225
2026-10-07T00:14:18.2632410Z   type: 'test'
2026-10-07T00:14:18.2632890Z   ...
2026-10-07T00:14:18.2633790Z # Subtest: High Enum snippet defaults compile in their declared context
2026-10-07T00:14:18.2635350Z ok 62 - High Enum snippet defaults compile in their declared context
2026-10-07T00:14:18.2636140Z   ---
2026-10-07T00:14:18.2636550Z   duration_ms: 8.640875
2026-10-07T00:14:18.2637040Z   type: 'test'
2026-10-07T00:14:18.2637430Z   ...
2026-10-07T00:14:18.2638270Z # Subtest: High Main snippet defaults compile in their declared context
2026-10-07T00:14:18.2639450Z ok 63 - High Main snippet defaults compile in their declared context
2026-10-07T00:14:18.2640230Z   ---
2026-10-07T00:14:18.2640620Z   duration_ms: 7.012125
2026-10-07T00:14:18.2641070Z   type: 'test'
2026-10-07T00:14:18.2641930Z   ...
2026-10-07T00:14:18.2642830Z # Subtest: High Async main snippet defaults compile in their declared context
2026-10-07T00:14:18.2644110Z ok 64 - High Async main snippet defaults compile in their declared context
2026-10-07T00:14:18.2644960Z   ---
2026-10-07T00:14:18.2645360Z   duration_ms: 6.89625
2026-10-07T00:14:18.2645830Z   type: 'test'
2026-10-07T00:14:18.2646220Z   ...
2026-10-07T00:14:18.2647270Z # Subtest: High HTTP server snippet defaults compile in their declared context
2026-10-07T00:14:18.2650730Z ok 65 - High HTTP server snippet defaults compile in their declared context
2026-10-07T00:14:18.2651540Z   ---
2026-10-07T00:14:18.2651940Z   duration_ms: 166.651833
2026-10-07T00:14:18.2652410Z   type: 'test'
2026-10-07T00:14:18.2652800Z   ...
2026-10-07T00:14:18.2653850Z # Subtest: High GET handler snippet defaults compile in their declared context
2026-10-07T00:14:18.2655160Z ok 66 - High GET handler snippet defaults compile in their declared context
2026-10-07T00:14:18.2655930Z   ---
2026-10-07T00:14:18.2656330Z   duration_ms: 18.685958
2026-10-07T00:14:18.2656790Z   type: 'test'
2026-10-07T00:14:18.2657180Z   ...
2026-10-07T00:14:18.2658100Z # Subtest: High POST handler snippet defaults compile in their declared context
2026-10-07T00:14:18.2659520Z ok 67 - High POST handler snippet defaults compile in their declared context
2026-10-07T00:14:18.2660360Z   ---
2026-10-07T00:14:18.2660770Z   duration_ms: 20.955833
2026-10-07T00:14:18.2661260Z   type: 'test'
2026-10-07T00:14:18.2661660Z   ...
2026-10-07T00:14:18.2668570Z # Subtest: High Loop snippet defaults compile in their declared context
2026-10-07T00:14:18.2669860Z ok 68 - High Loop snippet defaults compile in their declared context
2026-10-07T00:14:18.2670920Z   ---
2026-10-07T00:14:18.2671130Z   duration_ms: 6.467667
2026-10-07T00:14:18.2671310Z   type: 'test'
2026-10-07T00:14:18.2671450Z   ...
2026-10-07T00:14:18.2671830Z # Subtest: High Borrowed array snippet defaults compile in their declared context
2026-10-07T00:14:18.2672460Z ok 69 - High Borrowed array snippet defaults compile in their declared context
2026-10-07T00:14:18.2672750Z   ---
2026-10-07T00:14:18.2672890Z   duration_ms: 6.887709
2026-10-07T00:14:18.2673050Z   type: 'test'
2026-10-07T00:14:18.2673190Z   ...
2026-10-07T00:14:18.2673920Z # Subtest: High Result match snippet defaults compile in their declared context
2026-10-07T00:14:18.2674430Z ok 70 - High Result match snippet defaults compile in their declared context
2026-10-07T00:14:18.2674710Z   ---
2026-10-07T00:14:18.2674850Z   duration_ms: 8.011708
2026-10-07T00:14:18.2675390Z   type: 'test'
2026-10-07T00:14:18.2675870Z   ...
2026-10-07T00:14:18.2676220Z # Subtest: High Nullable match snippet defaults compile in their declared context
2026-10-07T00:14:18.2677050Z ok 71 - High Nullable match snippet defaults compile in their declared context
2026-10-07T00:14:18.2677340Z   ---
2026-10-07T00:14:18.2677480Z   duration_ms: 7.398
2026-10-07T00:14:18.2677630Z   type: 'test'
2026-10-07T00:14:18.2677760Z   ...
2026-10-07T00:14:18.4032090Z # Subtest: real High quoted imports complete class enum and function names without calls
2026-10-07T00:14:18.4033140Z ok 72 - real High quoted imports complete class enum and function names without calls
2026-10-07T00:14:18.4033680Z   ---
2026-10-07T00:14:18.4033930Z   duration_ms: 133.835541
2026-10-07T00:14:18.4034190Z   type: 'test'
2026-10-07T00:14:18.4034380Z   ...
2026-10-07T00:14:18.4035010Z # Subtest: real High quoted imports complete class enum and function names without calls through a directory alias
2026-10-07T00:14:18.4035860Z ok 73 - real High quoted imports complete class enum and function names without calls through a directory alias
2026-10-07T00:14:18.4036430Z   ---
2026-10-07T00:14:18.4036660Z   duration_ms: 115.822375
2026-10-07T00:14:18.4036900Z   type: 'test'
2026-10-07T00:14:18.4038220Z   ...
2026-10-07T00:14:18.4039530Z # Subtest: real Low quoted imports complete class enum and function names without calls
2026-10-07T00:14:18.4041170Z ok 74 - real Low quoted imports complete class enum and function names without calls
2026-10-07T00:14:18.4042140Z   ---
2026-10-07T00:14:18.4042650Z   duration_ms: 140.739667
2026-10-07T00:14:18.4043240Z   type: 'test'
2026-10-07T00:14:18.4043750Z   ...
2026-10-07T00:14:18.5358530Z # Subtest: real Low quoted imports complete class enum and function names without calls through a directory alias
2026-10-07T00:14:18.5467760Z ok 75 - real Low quoted imports complete class enum and function names without calls through a directory alias
2026-10-07T00:14:18.5569490Z   ---
2026-10-07T00:14:18.5671080Z   duration_ms: 132.234833
2026-10-07T00:14:18.5772350Z   type: 'test'
2026-10-07T00:14:18.5881190Z   ...
2026-10-07T00:14:18.5982830Z # Subtest: canonical source aliases share one identity per request and refresh after a symlink changes
2026-10-07T00:14:18.6091640Z ok 76 - canonical source aliases share one identity per request and refresh after a symlink changes
2026-10-07T00:14:18.6192890Z   ---
2026-10-07T00:14:18.6294710Z   duration_ms: 5.188625
2026-10-07T00:14:18.6396750Z   type: 'test'
2026-10-07T00:14:18.6498470Z   ...
2026-10-07T00:14:18.6600600Z # Subtest: standard source identities remain logical IDs without filesystem lookups
2026-10-07T00:14:18.6702730Z ok 77 - standard source identities remain logical IDs without filesystem lookups
2026-10-07T00:14:18.6803860Z   ---
2026-10-07T00:14:18.6905700Z   duration_ms: 0.926666
2026-10-07T00:14:18.7007090Z   type: 'test'
2026-10-07T00:14:18.7201220Z   ...
2026-10-07T00:14:18.7303560Z # Subtest: High block headers indent one level, including main, async, match and case
2026-10-07T00:14:18.7410510Z ok 78 - High block headers indent one level, including main, async, match and case
2026-10-07T00:14:18.7513280Z   ---
2026-10-07T00:14:18.7614630Z   duration_ms: 2.663
2026-10-07T00:14:18.7716680Z   type: 'test'
2026-10-07T00:14:18.7817980Z   ...
2026-10-07T00:14:18.7920250Z # Subtest: else uses the matching if indentation after nested bodies and comments
2026-10-07T00:14:18.8022900Z ok 79 - else uses the matching if indentation after nested bodies and comments
2026-10-07T00:14:18.8026210Z   ---
2026-10-07T00:14:18.8041340Z   duration_ms: 0.71
2026-10-07T00:14:18.8044880Z   type: 'test'
2026-10-07T00:14:18.8045190Z   ...
2026-10-07T00:14:18.8045620Z # Subtest: first and following cases align under their nearest match
2026-10-07T00:14:18.8046230Z ok 80 - first and following cases align under their nearest match
2026-10-07T00:14:18.8046540Z   ---
2026-10-07T00:14:18.8046730Z   duration_ms: 1.442667
2026-10-07T00:14:18.8046950Z   type: 'test'
2026-10-07T00:14:18.8047140Z   ...
2026-10-07T00:14:18.8047570Z # Subtest: immediate Enter after else/case aligns the branch and its new body together
2026-10-07T00:14:18.8048880Z ok 81 - immediate Enter after else/case aligns the branch and its new body together
2026-10-07T00:14:18.8049300Z   ---
2026-10-07T00:14:18.8049530Z   duration_ms: 0.143083
2026-10-07T00:14:18.8049740Z   type: 'test'
2026-10-07T00:14:18.8049940Z   ...
2026-10-07T00:14:18.8050330Z # Subtest: explicitly dedented outer branches keep their matching outer block
2026-10-07T00:14:18.8050910Z ok 82 - explicitly dedented outer branches keep their matching outer block
2026-10-07T00:14:18.8051240Z   ---
2026-10-07T00:14:18.8051420Z   duration_ms: 0.17825
2026-10-07T00:14:18.8051630Z   type: 'test'
2026-10-07T00:14:18.8051820Z   ...
2026-10-07T00:14:18.8052240Z # Subtest: multiline case headers move together when colon is typed or Enter cancels it
2026-10-07T00:14:18.8052920Z ok 83 - multiline case headers move together when colon is typed or Enter cancels it
2026-10-07T00:14:18.8053270Z   ---
2026-10-07T00:14:18.8053460Z   duration_ms: 0.114208
2026-10-07T00:14:18.8053670Z   type: 'test'
2026-10-07T00:14:18.8053860Z   ...
2026-10-07T00:14:18.8054330Z # Subtest: multiline calls, lists and nested delimiters indent and align closing lines
2026-10-07T00:14:18.8054960Z ok 84 - multiline calls, lists and nested delimiters indent and align closing lines
2026-10-07T00:14:18.8055390Z   ---
2026-10-07T00:14:18.8055610Z   duration_ms: 0.380292
2026-10-07T00:14:18.8055820Z   type: 'test'
2026-10-07T00:14:18.8056010Z   ...
2026-10-07T00:14:18.8056400Z # Subtest: strings, escapes and comments never create fake blocks or brackets
2026-10-07T00:14:18.8056940Z ok 85 - strings, escapes and comments never create fake blocks or brackets
2026-10-07T00:14:18.8057290Z   ---
2026-10-07T00:14:18.8057510Z   duration_ms: 0.274709
2026-10-07T00:14:18.8057740Z   type: 'test'
2026-10-07T00:14:18.8057920Z   ...
2026-10-07T00:14:18.8058340Z # Subtest: an unfinished string on an earlier line does not disable later indentation
2026-10-07T00:14:18.8058950Z ok 86 - an unfinished string on an earlier line does not disable later indentation
2026-10-07T00:14:18.8059350Z   ---
2026-10-07T00:14:18.8059530Z   duration_ms: 0.383459
2026-10-07T00:14:18.8059800Z   type: 'test'
2026-10-07T00:14:18.8060020Z   ...
2026-10-07T00:14:18.8060400Z # Subtest: indentation respects two spaces, tabs, CRLF and Low brace blocks
2026-10-07T00:14:18.8061030Z ok 87 - indentation respects two spaces, tabs, CRLF and Low brace blocks
2026-10-07T00:14:18.8061340Z   ---
2026-10-07T00:14:18.8061530Z   duration_ms: 0.424875
2026-10-07T00:14:18.8061730Z   type: 'test'
2026-10-07T00:14:18.8061910Z   ...
2026-10-07T00:14:18.8062430Z # Subtest: Low native indentation rules ignore braces in comments and escaped strings
2026-10-07T00:14:18.8063010Z ok 88 - Low native indentation rules ignore braces in comments and escaped strings
2026-10-07T00:14:18.8063350Z   ---
2026-10-07T00:14:18.8063540Z   duration_ms: 1.793542
2026-10-07T00:14:18.8063740Z   type: 'test'
2026-10-07T00:14:18.8063930Z   ...
2026-10-07T00:14:19.7690780Z # Subtest: real checker completes arguments, inferred locals, chains, calls, index receivers and match payloads
2026-10-07T00:14:19.7802000Z ok 89 - real checker completes arguments, inferred locals, chains, calls, index receivers and match payloads
2026-10-07T00:14:19.7916190Z   ---
2026-10-07T00:14:19.8040410Z   duration_ms: 1364.381
2026-10-07T00:14:19.8141370Z   type: 'test'
2026-10-07T00:14:19.8243030Z   ...
2026-10-07T00:14:20.8771260Z # Subtest: real checker suppresses fields for unknown, moved, out-of-scope and wrapped values
2026-10-07T00:14:20.8994740Z ok 90 - real checker suppresses fields for unknown, moved, out-of-scope and wrapped values
2026-10-07T00:14:20.9097230Z   ---
2026-10-07T00:14:20.9198490Z   duration_ms: 1110.188
2026-10-07T00:14:20.9299850Z   type: 'test'
2026-10-07T00:14:20.9300100Z   ...
2026-10-07T00:14:21.1450680Z # Subtest: real unsaved High/Low imports supply local hovers and fields with UTF-16 positions
2026-10-07T00:14:21.1553590Z ok 91 - real unsaved High/Low imports supply local hovers and fields with UTF-16 positions
2026-10-07T00:14:21.1652960Z   ---
2026-10-07T00:14:21.1662830Z   duration_ms: 263.208916
2026-10-07T00:14:21.1663860Z   type: 'test'
2026-10-07T00:14:21.1664230Z   ...
2026-10-07T00:14:21.7187090Z # Subtest: real Low completion isolates same-line scopes, restores outer loop variables and handles CRLF
2026-10-07T00:14:21.7324860Z ok 92 - real Low completion isolates same-line scopes, restores outer loop variables and handles CRLF
2026-10-07T00:14:21.7426170Z   ---
2026-10-07T00:14:21.7527440Z   duration_ms: 578.464291
2026-10-07T00:14:21.7629650Z   type: 'test'
2026-10-07T00:14:21.7665730Z   ...
2026-10-07T00:14:21.7666620Z # Subtest: checked local values replace same-name class and builtin call insertions
2026-10-07T00:14:21.7667280Z ok 93 - checked local values replace same-name class and builtin call insertions
2026-10-07T00:14:21.7667670Z   ---
2026-10-07T00:14:21.7667920Z   duration_ms: 2.212
2026-10-07T00:14:21.7668220Z   type: 'test'
2026-10-07T00:14:21.7668570Z   ...
2026-10-07T00:14:21.7669150Z # Subtest: lexical references without local types never insert an unrelated global call
2026-10-07T00:14:21.7669890Z ok 94 - lexical references without local types never insert an unrelated global call
2026-10-07T00:14:21.7670380Z   ---
2026-10-07T00:14:21.7670610Z   duration_ms: 0.993625
2026-10-07T00:14:21.7670870Z   type: 'test'
2026-10-07T00:14:21.7671100Z   ...
2026-10-07T00:14:21.7671570Z # Subtest: partial and saved occurrences keep global names without guessing local scopes
2026-10-07T00:14:21.7672280Z ok 95 - partial and saved occurrences keep global names without guessing local scopes
2026-10-07T00:14:21.7672760Z   ---
2026-10-07T00:14:21.7673010Z   duration_ms: 4.578209
2026-10-07T00:14:21.7673270Z   type: 'test'
2026-10-07T00:14:21.7673510Z   ...
2026-10-07T00:14:21.7673980Z # Subtest: a resolved global constructor remains available outside the shadowing function
2026-10-07T00:14:21.7674650Z ok 96 - a resolved global constructor remains available outside the shadowing function
2026-10-07T00:14:21.7675240Z   ---
2026-10-07T00:14:21.7676610Z   duration_ms: 0.461042
2026-10-07T00:14:21.7677570Z   type: 'test'
2026-10-07T00:14:21.7678180Z   ...
2026-10-07T00:14:21.7679810Z # Subtest: binding hints distinguish declaration tokens, masked text, and real value binders
2026-10-07T00:14:21.7682630Z ok 97 - binding hints distinguish declaration tokens, masked text, and real value binders
2026-10-07T00:14:21.7686340Z   ---
2026-10-07T00:14:21.7686630Z   duration_ms: 2.14025
2026-10-07T00:14:21.7686900Z   type: 'test'
2026-10-07T00:14:21.7687140Z   ...
2026-10-07T00:14:21.7687720Z # Subtest: real High local and parameter completions stay bare while types and constructors remain usable
2026-10-07T00:14:21.7688490Z ok 98 - real High local and parameter completions stay bare while types and constructors remain usable
2026-10-07T00:14:21.7688940Z   ---
2026-10-07T00:14:21.7689170Z   duration_ms: 363.825625
2026-10-07T00:14:21.7689440Z   type: 'test'
2026-10-07T00:14:21.7689700Z   ...
2026-10-07T00:14:21.7690250Z # Subtest: real Low local and parameter completions stay bare while types and constructors remain usable
2026-10-07T00:14:21.7691020Z ok 99 - real Low local and parameter completions stay bare while types and constructors remain usable
2026-10-07T00:14:21.7691460Z   ---
2026-10-07T00:14:21.7691690Z   duration_ms: 318.071375
2026-10-07T00:14:21.7692020Z   type: 'test'
2026-10-07T00:14:21.7692410Z   ...
2026-10-07T00:14:21.7692890Z # Subtest: Low Main snippet defaults compile in their declared context
2026-10-07T00:14:21.7693590Z ok 100 - Low Main snippet defaults compile in their declared context
2026-10-07T00:14:21.7694100Z   ---
2026-10-07T00:14:21.7694420Z   duration_ms: 14.911917
2026-10-07T00:14:21.7694760Z   type: 'test'
2026-10-07T00:14:21.7694990Z   ...
2026-10-07T00:14:21.7695420Z # Subtest: Low File import snippet defaults compile in their declared context
2026-10-07T00:14:21.7696000Z ok 101 - Low File import snippet defaults compile in their declared context
2026-10-07T00:14:21.7696770Z   ---
2026-10-07T00:14:21.7696990Z   duration_ms: 7.863084
2026-10-07T00:14:21.7697250Z   type: 'test'
2026-10-07T00:14:21.7697930Z   ...
2026-10-07T00:14:21.7698440Z # Subtest: Low From import snippet defaults compile in their declared context
2026-10-07T00:14:21.7699020Z ok 102 - Low From import snippet defaults compile in their declared context
2026-10-07T00:14:21.7699380Z   ---
2026-10-07T00:14:21.7699610Z   duration_ms: 8.313292
2026-10-07T00:14:21.7699860Z   type: 'test'
2026-10-07T00:14:21.7700090Z   ...
2026-10-07T00:14:21.7700530Z # Subtest: Low Standard import snippet defaults compile in their declared context
2026-10-07T00:14:21.7701130Z ok 103 - Low Standard import snippet defaults compile in their declared context
2026-10-07T00:14:21.7701600Z   ---
2026-10-07T00:14:21.7701890Z   duration_ms: 128.018125
2026-10-07T00:14:21.7702160Z   type: 'test'
2026-10-07T00:14:21.7702390Z   ...
2026-10-07T00:14:21.7702800Z # Subtest: Low Function snippet defaults compile in their declared context
2026-10-07T00:14:21.7703410Z ok 104 - Low Function snippet defaults compile in their declared context
2026-10-07T00:14:21.7703820Z   ---
2026-10-07T00:14:21.7704050Z   duration_ms: 11.182416
2026-10-07T00:14:21.7704310Z   type: 'test'
2026-10-07T00:14:21.7704540Z   ...
2026-10-07T00:14:21.7704940Z # Subtest: Low Record snippet defaults compile in their declared context
2026-10-07T00:14:21.7705490Z ok 105 - Low Record snippet defaults compile in their declared context
2026-10-07T00:14:21.7705910Z   ---
2026-10-07T00:14:21.7706140Z   duration_ms: 7.706958
2026-10-07T00:14:21.7706390Z   type: 'test'
2026-10-07T00:14:21.7706630Z   ...
2026-10-07T00:14:21.7707100Z # Subtest: Low Enum snippet defaults compile in their declared context
2026-10-07T00:14:21.7707630Z ok 106 - Low Enum snippet defaults compile in their declared context
2026-10-07T00:14:21.7707980Z   ---
2026-10-07T00:14:21.7708210Z   duration_ms: 8.499333
2026-10-07T00:14:21.7708460Z   type: 'test'
2026-10-07T00:14:21.7708700Z   ...
2026-10-07T00:14:21.7709110Z # Subtest: Low Replace snippet defaults compile in their declared context
2026-10-07T00:14:21.7709650Z ok 107 - Low Replace snippet defaults compile in their declared context
2026-10-07T00:14:21.7710010Z   ---
2026-10-07T00:14:21.7710240Z   duration_ms: 23.442958
2026-10-07T00:14:21.7710490Z   type: 'test'
2026-10-07T00:14:21.7710720Z   ...
2026-10-07T00:14:21.7711220Z # Subtest: Low Result match snippet defaults compile in their declared context
2026-10-07T00:14:21.7711850Z ok 108 - Low Result match snippet defaults compile in their declared context
2026-10-07T00:14:21.7712220Z   ---
2026-10-07T00:14:21.7712440Z   duration_ms: 29.189625
2026-10-07T00:14:21.7712700Z   type: 'test'
2026-10-07T00:14:21.7712920Z   ...
2026-10-07T00:14:21.7713350Z # Subtest: Low Nullable match snippet defaults compile in their declared context
2026-10-07T00:14:21.7713940Z ok 109 - Low Nullable match snippet defaults compile in their declared context
2026-10-07T00:14:21.7714310Z   ---
2026-10-07T00:14:21.7714550Z   duration_ms: 7.687333
2026-10-07T00:14:21.7714790Z   type: 'test'
2026-10-07T00:14:21.7715020Z   ...
2026-10-07T00:14:21.7715560Z # Subtest: module member completion exposes functions/classes and type positions insert only classes
2026-10-07T00:14:21.7716300Z ok 110 - module member completion exposes functions/classes and type positions insert only classes
2026-10-07T00:14:21.7716870Z   ---
2026-10-07T00:14:21.7717110Z   duration_ms: 3.22375
2026-10-07T00:14:21.7717360Z   type: 'test'
2026-10-07T00:14:21.7717590Z   ...
2026-10-07T00:14:21.7718050Z # Subtest: qualified and renamed declarations retain structured hover/signature help
2026-10-07T00:14:21.7718680Z ok 111 - qualified and renamed declarations retain structured hover/signature help
2026-10-07T00:14:21.7719060Z   ---
2026-10-07T00:14:21.7719610Z   duration_ms: 1.892167
2026-10-07T00:14:21.7719880Z   type: 'test'
2026-10-07T00:14:21.7720110Z   ...
2026-10-07T00:14:21.7720630Z # Subtest: lexical alias shadowing switches completion to fields and prevents module help
2026-10-07T00:14:21.7721860Z ok 112 - lexical alias shadowing switches completion to fields and prevents module help
2026-10-07T00:14:21.7722530Z   ---
2026-10-07T00:14:21.7722790Z   duration_ms: 0.90475
2026-10-07T00:14:21.7723030Z   type: 'test'
2026-10-07T00:14:21.7723260Z   ...
2026-10-07T00:14:21.7723630Z # Subtest: spaced field chains do not borrow a module namespace
2026-10-07T00:14:21.7724130Z ok 113 - spaced field chains do not borrow a module namespace
2026-10-07T00:14:21.7724510Z   ---
2026-10-07T00:14:21.7724790Z   duration_ms: 0.450292
2026-10-07T00:14:21.7725030Z   type: 'test'
2026-10-07T00:14:21.7725260Z   ...
2026-10-07T00:14:21.7725680Z # Subtest: imported class and module binding tokens keep their resolved hover
2026-10-07T00:14:21.7726260Z ok 114 - imported class and module binding tokens keep their resolved hover
2026-10-07T00:14:21.7726640Z   ---
2026-10-07T00:14:21.7726860Z   duration_ms: 1.560458
2026-10-07T00:14:21.7727110Z   type: 'test'
2026-10-07T00:14:21.7727340Z   ...
2026-10-07T00:14:21.7727840Z # Subtest: quoted from imports insert names only and preserve aliases and comma-separated lists
2026-10-07T00:14:21.7728550Z ok 115 - quoted from imports insert names only and preserve aliases and comma-separated lists
2026-10-07T00:14:21.7729110Z   ---
2026-10-07T00:14:21.7729420Z   duration_ms: 2.720958
2026-10-07T00:14:21.7729720Z   type: 'test'
2026-10-07T00:14:21.7730000Z   ...
2026-10-07T00:14:21.7730490Z # Subtest: unresolved and changed fallback import targets never offer expression completions
2026-10-07T00:14:21.7731170Z ok 116 - unresolved and changed fallback import targets never offer expression completions
2026-10-07T00:14:21.7731580Z   ---
2026-10-07T00:14:21.7731810Z   duration_ms: 0.317584
2026-10-07T00:14:21.7732070Z   type: 'test'
2026-10-07T00:14:21.7732290Z   ...
2026-10-07T00:14:21.7732810Z # Subtest: Low quoted imports after a same-line declaration or semicolon retain name-only insertion
2026-10-07T00:14:21.7733530Z ok 117 - Low quoted imports after a same-line declaration or semicolon retain name-only insertion
2026-10-07T00:14:21.7733960Z   ---
2026-10-07T00:14:21.7734190Z   duration_ms: 0.185792
2026-10-07T00:14:21.7734450Z   type: 'test'
2026-10-07T00:14:21.7734670Z   ...
2026-10-07T00:14:21.7735150Z # Subtest: real compiler navigation uses edited source and target positions across imports
2026-10-07T00:14:21.7747350Z ok 118 - real compiler navigation uses edited source and target positions across imports
2026-10-07T00:14:21.7747830Z   ---
2026-10-07T00:14:21.7748080Z   duration_ms: 140.733833
2026-10-07T00:14:21.7748340Z   type: 'test'
2026-10-07T00:14:21.7748580Z   ...
2026-10-07T00:14:21.7749160Z # Subtest: real Low navigation keeps reassignments at their original binding and restores loop shadowing
2026-10-07T00:14:21.7750570Z ok 119 - real Low navigation keeps reassignments at their original binding and restores loop shadowing
2026-10-07T00:14:21.7751010Z   ---
2026-10-07T00:14:21.7751260Z   duration_ms: 132.280208
2026-10-07T00:14:21.7751540Z   type: 'test'
2026-10-07T00:14:21.7751770Z   ...
2026-10-07T00:14:21.7752270Z # Subtest: unsaved canonical import diagnostics use the open alias and UTF-16 source range
2026-10-07T00:14:21.7752950Z ok 120 - unsaved canonical import diagnostics use the open alias and UTF-16 source range
2026-10-07T00:14:21.7753350Z   ---
2026-10-07T00:14:21.7753590Z   duration_ms: 23.957292
2026-10-07T00:14:21.7753910Z   type: 'test'
2026-10-07T00:14:21.7754160Z   ...
2026-10-07T00:14:21.7754740Z # Subtest: closing a checked import overlay refreshes its owners and keeps unrelated errors
2026-10-07T00:14:21.7755420Z ok 121 - closing a checked import overlay refreshes its owners and keeps unrelated errors
2026-10-07T00:14:21.7755830Z   ---
2026-10-07T00:14:21.7756060Z   duration_ms: 9.545541
2026-10-07T00:14:21.7756320Z   type: 'test'
2026-10-07T00:14:21.7756590Z   ...
2026-10-07T00:14:21.7757050Z # Subtest: closing an in-flight import overlay rejects its stale result
2026-10-07T00:14:21.7758290Z ok 122 - closing an in-flight import overlay rejects its stale result
2026-10-07T00:14:21.7759460Z   ---
2026-10-07T00:14:21.7759700Z   duration_ms: 4.681042
2026-10-07T00:14:21.7760280Z   type: 'test'
2026-10-07T00:14:21.7760530Z   ...
2026-10-07T00:14:21.7760980Z # Subtest: lower build and run tasks use the registered source diagnostic matcher
2026-10-07T00:14:21.7761680Z ok 123 - lower build and run tasks use the registered source diagnostic matcher
2026-10-07T00:14:21.7762740Z   ---
2026-10-07T00:14:21.7763290Z   duration_ms: 4.914459
2026-10-07T00:14:21.7763790Z   type: 'test'
2026-10-07T00:14:21.7764180Z   ...
2026-10-07T00:14:21.7765440Z # Subtest: standalone tasks save imported changes and leave unrelated dirty buffers untouched
2026-10-07T00:14:21.7767080Z ok 124 - standalone tasks save imported changes and leave unrelated dirty buffers untouched
2026-10-07T00:14:21.7767980Z   ---
2026-10-07T00:14:21.7768370Z   duration_ms: 8.285583
2026-10-07T00:14:21.7768840Z   type: 'test'
2026-10-07T00:14:21.7769240Z   ...
2026-10-07T00:14:21.7770300Z # Subtest: project tasks save imported changes and leave unrelated dirty buffers untouched
2026-10-07T00:14:21.7771840Z ok 125 - project tasks save imported changes and leave unrelated dirty buffers untouched
2026-10-07T00:14:21.7772710Z   ---
2026-10-07T00:14:21.7773100Z   duration_ms: 10.474625
2026-10-07T00:14:21.7773580Z   type: 'test'
2026-10-07T00:14:21.7773970Z   ...
2026-10-07T00:14:21.7774810Z # Subtest: task execution stops when an imported buffer cannot be saved
2026-10-07T00:14:21.7776010Z ok 126 - task execution stops when an imported buffer cannot be saved
2026-10-07T00:14:21.7776730Z   ---
2026-10-07T00:14:21.7777130Z   duration_ms: 6.200583
2026-10-07T00:14:21.7777590Z   type: 'test'
2026-10-07T00:14:21.7777980Z   ...
2026-10-07T00:14:21.7778790Z # Subtest: task execution stops when dirty imports cannot be resolved
2026-10-07T00:14:21.7779940Z ok 127 - task execution stops when dirty imports cannot be resolved
2026-10-07T00:14:21.7780660Z   ---
2026-10-07T00:14:21.7781070Z   duration_ms: 6.991083
2026-10-07T00:14:21.7781530Z   type: 'test'
2026-10-07T00:14:21.7782260Z   ...
2026-10-07T00:14:21.7783360Z # Subtest: saving an imported file refreshes its changed imports before launching the task
2026-10-07T00:14:21.7784950Z ok 128 - saving an imported file refreshes its changed imports before launching the task
2026-10-07T00:14:21.7785800Z   ---
2026-10-07T00:14:21.7786200Z   duration_ms: 8.735833
2026-10-07T00:14:21.7786650Z   type: 'test'
2026-10-07T00:14:21.7787040Z   ...
2026-10-07T00:14:21.7787930Z # Subtest: conflicting imported aliases are not saved over one another
2026-10-07T00:14:21.7788410Z ok 129 - conflicting imported aliases are not saved over one another
2026-10-07T00:14:21.7788680Z   ---
2026-10-07T00:14:21.7788830Z   duration_ms: 5.577917
2026-10-07T00:14:21.7788990Z   type: 'test'
2026-10-07T00:14:21.7789120Z   ...
2026-10-07T00:14:21.7789640Z # Subtest: standalone source without imports launches normally despite unrelated dirty buffers
2026-10-07T00:14:21.7790400Z ok 130 - standalone source without imports launches normally despite unrelated dirty buffers
2026-10-07T00:14:21.7790730Z   ---
2026-10-07T00:14:21.7790880Z   duration_ms: 5.206167
2026-10-07T00:14:21.7791040Z   type: 'test'
2026-10-07T00:14:21.7791170Z   ...
2026-10-07T00:14:21.7791530Z # Subtest: task execution stops if the entry buffer changes while an import is saved
2026-10-07T00:14:21.7792060Z ok 131 - task execution stops if the entry buffer changes while an import is saved
2026-10-07T00:14:21.7792360Z   ---
2026-10-07T00:14:21.7792500Z   duration_ms: 4.582875
2026-10-07T00:14:21.7792660Z   type: 'test'
2026-10-07T00:14:21.7792800Z   ...
2026-10-07T00:14:21.7793180Z # Subtest: task execution stops if the entry changes while its own project helper is saved
2026-10-07T00:14:21.7793730Z ok 132 - task execution stops if the entry changes while its own project helper is saved
2026-10-07T00:14:21.7794040Z   ---
2026-10-07T00:14:21.7794190Z   duration_ms: 5.451708
2026-10-07T00:14:21.7794380Z   type: 'test'
2026-10-07T00:14:21.7795060Z   ...
2026-10-07T00:14:21.7795380Z # Subtest: task execution stops if its source closes during project saving
2026-10-07T00:14:21.7796250Z ok 133 - task execution stops if its source closes during project saving
2026-10-07T00:14:21.7796540Z   ---
2026-10-07T00:14:21.7796670Z   duration_ms: 5.657333
2026-10-07T00:14:21.7796830Z   type: 'test'
2026-10-07T00:14:21.7796960Z   ...
2026-10-07T00:14:21.7797310Z # Subtest: task execution stops if a later project save changes the dirty manifest
2026-10-07T00:14:21.7798430Z ok 134 - task execution stops if a later project save changes the dirty manifest
2026-10-07T00:14:21.7798730Z   ---
2026-10-07T00:14:21.7798860Z   duration_ms: 2.499333
2026-10-07T00:14:21.7799030Z   type: 'test'
2026-10-07T00:14:21.7799190Z   ...
2026-10-07T00:14:21.7799560Z # Subtest: task execution stops if a later project save changes the already-saved manifest
2026-10-07T00:14:21.7800130Z ok 135 - task execution stops if a later project save changes the already-saved manifest
2026-10-07T00:14:21.7800450Z   ---
2026-10-07T00:14:21.7800580Z   duration_ms: 1.894541
2026-10-07T00:14:21.7800740Z   type: 'test'
2026-10-07T00:14:21.7800870Z   ...
2026-10-07T00:14:21.7801290Z # Subtest: task execution stops if an already-saved Rust input changes during a later project save
2026-10-07T00:14:21.7802540Z ok 136 - task execution stops if an already-saved Rust input changes during a later project save
2026-10-07T00:14:21.7802880Z   ---
2026-10-07T00:14:21.7803020Z   duration_ms: 2.210083
2026-10-07T00:14:21.7803180Z   type: 'test'
2026-10-07T00:14:21.7803310Z   ...
2026-10-07T00:14:21.7803660Z # Subtest: task execution stops if workspace trust changes during project saving
2026-10-07T00:14:21.7804170Z ok 137 - task execution stops if workspace trust changes during project saving
2026-10-07T00:14:21.7804480Z   ---
2026-10-07T00:14:21.7804650Z   duration_ms: 2.742125
2026-10-07T00:14:21.7804850Z   type: 'test'
2026-10-07T00:14:21.7804980Z   ...
2026-10-07T00:14:21.7805360Z # Subtest: task execution stops if the nearest project changes while an import is saved
2026-10-07T00:14:21.7805920Z ok 138 - task execution stops if the nearest project changes while an import is saved
2026-10-07T00:14:21.7806210Z   ---
2026-10-07T00:14:21.7806350Z   duration_ms: 4.191625
2026-10-07T00:14:21.7806510Z   type: 'test'
2026-10-07T00:14:21.7806640Z   ...
2026-10-07T00:14:21.7807040Z # Subtest: tasks suppress only the matching automatic scope and checks resume when the task ends
2026-10-07T00:14:21.7808090Z ok 139 - tasks suppress only the matching automatic scope and checks resume when the task ends
2026-10-07T00:14:21.7808430Z   ---
2026-10-07T00:14:21.7808560Z   duration_ms: 8.764917
2026-10-07T00:14:21.7808720Z   type: 'test'
2026-10-07T00:14:21.7808910Z   ...
2026-10-07T00:14:21.7809200Z # Subtest: task launch failure releases live check suppression
2026-10-07T00:14:21.7809600Z ok 140 - task launch failure releases live check suppression
2026-10-07T00:14:21.7809830Z   ---
2026-10-07T00:14:21.7809970Z   duration_ms: 4.3855
2026-10-07T00:14:21.7810130Z   type: 'test'
2026-10-07T00:14:21.7810260Z   ...
2026-10-07T00:14:21.7810630Z # Subtest: project task clears checks from its helper while preserving another project
2026-10-07T00:14:21.7811180Z ok 141 - project task clears checks from its helper while preserving another project
2026-10-07T00:14:21.7811510Z   ---
2026-10-07T00:14:21.7811670Z   duration_ms: 3.929417
2026-10-07T00:14:21.7811870Z   type: 'test'
2026-10-07T00:14:21.7812000Z   ...
2026-10-07T00:14:21.7812380Z # Subtest: a long task permits checks of new source without reacting to other project edits
2026-10-07T00:14:21.7813190Z ok 142 - a long task permits checks of new source without reacting to other project edits
2026-10-07T00:14:21.7813550Z   ---
2026-10-07T00:14:21.7813700Z   duration_ms: 3.593709
2026-10-07T00:14:21.7813860Z   type: 'test'
2026-10-07T00:14:21.7814010Z   ...
2026-10-07T00:14:21.7814390Z # Subtest: failed task diagnostics are replaced by checks and removed by source edits
2026-10-07T00:14:21.7815170Z ok 143 - failed task diagnostics are replaced by checks and removed by source edits
2026-10-07T00:14:21.7815470Z   ---
2026-10-07T00:14:21.7815840Z   duration_ms: 5.6925
2026-10-07T00:14:21.7816010Z   type: 'test'
2026-10-07T00:14:21.7816140Z   ...
2026-10-07T00:14:21.7816490Z # Subtest: manual checks inspect dirty imports outside the running task project
2026-10-07T00:14:21.7817040Z ok 144 - manual checks inspect dirty imports outside the running task project
2026-10-07T00:14:21.7817380Z   ---
2026-10-07T00:14:21.7817520Z   duration_ms: 6.9045
2026-10-07T00:14:21.7817670Z   type: 'test'
2026-10-07T00:14:21.7817810Z   ...
2026-10-07T00:14:21.7818180Z # Subtest: editing and closing imported aliases remove only their canonical task markers
2026-10-07T00:14:21.7818740Z ok 145 - editing and closing imported aliases remove only their canonical task markers
2026-10-07T00:14:21.7819040Z   ---
2026-10-07T00:14:21.7819180Z   duration_ms: 4.055083
2026-10-07T00:14:21.7819340Z   type: 'test'
2026-10-07T00:14:21.7819480Z   ...
2026-10-07T00:14:21.7819860Z # Subtest: typing invalidates snapshots without launching save-only checks per keystroke
2026-10-07T00:14:21.7820520Z ok 146 - typing invalidates snapshots without launching save-only checks per keystroke
2026-10-07T00:14:21.7820850Z   ---
2026-10-07T00:14:21.7820990Z   duration_ms: 7.659458
2026-10-07T00:14:21.7821150Z   type: 'test'
2026-10-07T00:14:21.7821290Z   ...
2026-10-07T00:14:21.7821760Z # Subtest: known unrelated diagnostics survive repeated edits while unknown and project inputs stay conservative
2026-10-07T00:14:21.7822580Z ok 147 - known unrelated diagnostics survive repeated edits while unknown and project inputs stay conservative
2026-10-07T00:14:21.7822960Z   ---
2026-10-07T00:14:21.7823100Z   duration_ms: 7.118667
2026-10-07T00:14:21.7823250Z   type: 'test'
2026-10-07T00:14:21.7823650Z   ...
2026-10-07T00:14:21.7824270Z # Subtest: known unrelated pending checks finish during edits and same-scope changes reject stale callbacks
2026-10-07T00:14:21.7825000Z ok 148 - known unrelated pending checks finish during edits and same-scope changes reject stale callbacks
2026-10-07T00:14:21.7825370Z   ---
2026-10-07T00:14:21.7825540Z   duration_ms: 7.863041
2026-10-07T00:14:21.7825710Z   type: 'test'
2026-10-07T00:14:21.7825840Z   ...
2026-10-07T00:14:21.7826260Z # Subtest: shared imports and stale dependency snapshots still invalidate diagnosed projects
2026-10-07T00:14:21.7826920Z ok 149 - shared imports and stale dependency snapshots still invalidate diagnosed projects
2026-10-07T00:14:21.7827310Z   ---
2026-10-07T00:14:21.7827460Z   duration_ms: 10.398834
2026-10-07T00:14:21.7827630Z   type: 'test'
2026-10-07T00:14:21.7827770Z   ...
2026-10-07T00:14:21.7828220Z # Subtest: failed symbols queries still supply static builtin help without erasing source diagnostics
2026-10-07T00:14:21.7828860Z ok 150 - failed symbols queries still supply static builtin help without erasing source diagnostics
2026-10-07T00:14:21.7829210Z   ---
2026-10-07T00:14:21.7829350Z   duration_ms: 3.339459
2026-10-07T00:14:21.7829510Z   type: 'test'
2026-10-07T00:14:21.7829650Z   ...
2026-10-07T00:14:21.7830010Z # Subtest: missing compiler keeps prefix completion, hover and signatures available
2026-10-07T00:14:21.7830550Z ok 151 - missing compiler keeps prefix completion, hover and signatures available
2026-10-07T00:14:21.7830840Z   ---
2026-10-07T00:14:21.7830980Z   duration_ms: 4.184417
2026-10-07T00:14:21.7831130Z   type: 'test'
2026-10-07T00:14:21.7831270Z   ...
2026-10-07T00:14:21.7831770Z # Subtest: borrowed local providers annotate hover and detail while keeping variable kind and insertion
2026-10-07T00:14:21.7832470Z ok 152 - borrowed local providers annotate hover and detail while keeping variable kind and insertion
2026-10-07T00:14:21.7832820Z   ---
2026-10-07T00:14:21.7832950Z   duration_ms: 5.073833
2026-10-07T00:14:21.7833110Z   type: 'test'
2026-10-07T00:14:21.7833250Z   ...
2026-10-07T00:14:21.7833650Z # Subtest: untrusted and untitled assistance executes no compiler and retains High/Low selectors
2026-10-07T00:14:21.7834660Z ok 153 - untrusted and untitled assistance executes no compiler and retains High/Low selectors
2026-10-07T00:14:21.7835260Z   ---
2026-10-07T00:14:21.7835410Z   duration_ms: 14.195958
2026-10-07T00:14:21.7835580Z   type: 'test'
2026-10-07T00:14:21.7835720Z   ...
2026-10-07T00:14:21.7836130Z # Subtest: Low builtin help uses fn and record in hover, completion and signatures without a compiler
2026-10-07T00:14:21.7836750Z ok 154 - Low builtin help uses fn and record in hover, completion and signatures without a compiler
2026-10-07T00:14:21.7837080Z   ---
2026-10-07T00:14:21.7837220Z   duration_ms: 2.842666
2026-10-07T00:14:21.7837370Z   type: 'test'
2026-10-07T00:14:21.7837500Z   ...
2026-10-07T00:14:21.7838010Z # Subtest: Low declaration and standard-operation help displays braces while retaining compiler kinds and call shapes
2026-10-07T00:14:21.7838770Z ok 155 - Low declaration and standard-operation help displays braces while retaining compiler kinds and call shapes
2026-10-07T00:14:21.7839220Z   ---
2026-10-07T00:14:21.7839390Z   duration_ms: 6.326
2026-10-07T00:14:21.7839560Z   type: 'test'
2026-10-07T00:14:21.7839700Z   ...
2026-10-07T00:14:21.7840080Z # Subtest: Low enum declaration help removes namespace prefixes only from variant names
2026-10-07T00:14:21.7840630Z ok 156 - Low enum declaration help removes namespace prefixes only from variant names
2026-10-07T00:14:21.7840930Z   ---
2026-10-07T00:14:21.7841070Z   duration_ms: 4.888959
2026-10-07T00:14:21.7841230Z   type: 'test'
2026-10-07T00:14:21.7841360Z   ...
2026-10-07T00:14:21.7841730Z # Subtest: Low folding is available without trust or a compiler and honors cancellation
2026-10-07T00:14:21.7842280Z ok 157 - Low folding is available without trust or a compiler and honors cancellation
2026-10-07T00:14:21.7842580Z   ---
2026-10-07T00:14:21.7842720Z   duration_ms: 2.0985
2026-10-07T00:14:21.7858870Z   type: 'test'
2026-10-07T00:14:21.7859310Z   ...
2026-10-07T00:14:21.7860740Z # Subtest: cancelled, closed and changed documents cannot receive static fallback from failed queries
2026-10-07T00:14:21.7863190Z ok 158 - cancelled, closed and changed documents cannot receive static fallback from failed queries
2026-10-07T00:14:21.7863670Z   ---
2026-10-07T00:14:21.7863820Z   duration_ms: 4.2415
2026-10-07T00:14:21.7863990Z   type: 'test'
2026-10-07T00:14:21.7864130Z   ...
2026-10-07T00:14:21.7865010Z # Subtest: registered providers render enum/member kinds and payload signature parameters
2026-10-07T00:14:21.7866810Z ok 159 - registered providers render enum/member kinds and payload signature parameters
2026-10-07T00:14:21.7867700Z   ---
2026-10-07T00:14:21.7868120Z   duration_ms: 8.219417
2026-10-07T00:14:21.7868580Z   type: 'test'
2026-10-07T00:14:21.7869190Z   ...
2026-10-07T00:14:21.7870310Z # Subtest: standard F12 targets open compiler registry text through a read-only virtual document
2026-10-07T00:14:21.7871960Z ok 160 - standard F12 targets open compiler registry text through a read-only virtual document
2026-10-07T00:14:21.7872910Z   ---
2026-10-07T00:14:21.7873310Z   duration_ms: 2.073834
2026-10-07T00:14:21.7873760Z   type: 'test'
2026-10-07T00:14:21.7874160Z   ...
2026-10-07T00:14:21.7875330Z # Subtest: standard F12 keeps each project compiler registry text when another compiler is queried
2026-10-07T00:14:21.7876990Z ok 161 - standard F12 keeps each project compiler registry text when another compiler is queried
2026-10-07T00:14:21.7877910Z   ---
2026-10-07T00:14:21.7878310Z   duration_ms: 8.58875
2026-10-07T00:14:21.7878760Z   type: 'test'
2026-10-07T00:14:21.7879150Z   ...
2026-10-07T00:14:21.7880360Z # Subtest: keyword completion covers existing syntax in High and Low without leaking into types or members
2026-10-07T00:14:21.7882180Z ok 162 - keyword completion covers existing syntax in High and Low without leaking into types or members
2026-10-07T00:14:21.7883280Z   ---
2026-10-07T00:14:21.7883690Z   duration_ms: 2.24025
2026-10-07T00:14:21.7884140Z   type: 'test'
2026-10-07T00:14:21.7885440Z   ...
2026-10-07T00:14:21.7886340Z # Subtest: static builtin help works with incomplete syntax without an index
2026-10-07T00:14:21.7888260Z ok 163 - static builtin help works with incomplete syntax without an index
2026-10-07T00:14:21.7889090Z   ---
2026-10-07T00:14:21.7889490Z   duration_ms: 1.543
2026-10-07T00:14:21.7889920Z   type: 'test'
2026-10-07T00:14:21.7890320Z   ...
2026-10-07T00:14:21.7891540Z # Subtest: static builtin fallback avoids declarations, parameters and local bindings that shadow the name
2026-10-07T00:14:21.7893380Z ok 164 - static builtin fallback avoids declarations, parameters and local bindings that shadow the name
2026-10-07T00:14:21.7894380Z   ---
2026-10-07T00:14:21.7894770Z   duration_ms: 3.657125
2026-10-07T00:14:21.7895220Z   type: 'test'
2026-10-07T00:14:21.7895600Z   ...
2026-10-07T00:14:21.7896860Z # Subtest: unresolved imports suppress guessed builtins but retain syntax and types; checked declarations win
2026-10-07T00:14:21.7898900Z ok 165 - unresolved imports suppress guessed builtins but retain syntax and types; checked declarations win
2026-10-07T00:14:21.7899950Z   ---
2026-10-07T00:14:21.7900340Z   duration_ms: 1.140042
2026-10-07T00:14:21.7900840Z   type: 'test'
2026-10-07T00:14:21.7901240Z   ...
2026-10-07T00:14:21.7902380Z # Subtest: signature help does not replace a compiler-resolved local function with builtin metadata
2026-10-07T00:14:21.7917610Z ok 166 - signature help does not replace a compiler-resolved local function with builtin metadata
2026-10-07T00:14:21.7918580Z   ---
2026-10-07T00:14:21.7919080Z   duration_ms: 0.584209
2026-10-07T00:14:21.7919750Z   type: 'test'
2026-10-07T00:14:21.7920260Z   ...
2026-10-07T00:14:21.7921410Z # Subtest: lexical references prevent guessed signatures when a type error removes local types
2026-10-07T00:14:21.7923050Z ok 167 - lexical references prevent guessed signatures when a type error removes local types
2026-10-07T00:14:21.7924220Z   ---
2026-10-07T00:14:21.7924630Z   duration_ms: 0.395583
2026-10-07T00:14:21.7925130Z   type: 'test'
2026-10-07T00:14:21.7925520Z   ...
2026-10-07T00:14:21.7927010Z # Subtest: unfinished line strings do not hide later assistance and preserve UTF-16 CRLF ranges
2026-10-07T00:14:21.7928610Z ok 168 - unfinished line strings do not hide later assistance and preserve UTF-16 CRLF ranges
2026-10-07T00:14:21.7929490Z   ---
2026-10-07T00:14:21.7929890Z   duration_ms: 0.611209
2026-10-07T00:14:21.7930340Z   type: 'test'
2026-10-07T00:14:21.7930730Z   ...
2026-10-07T00:14:21.7931870Z # Subtest: registered resources and constants keep namespaces and never create constructor snippets
2026-10-07T00:14:21.7933620Z ok 169 - registered resources and constants keep namespaces and never create constructor snippets
2026-10-07T00:14:21.7934560Z   ---
2026-10-07T00:14:21.7934950Z   duration_ms: 6.211916
2026-10-07T00:14:21.7935400Z   type: 'test'
2026-10-07T00:14:21.7935790Z   ...
2026-10-07T00:14:21.7936770Z # Subtest: standard operation and aliased constants preserve hover and argument help
2026-10-07T00:14:21.7938210Z ok 170 - standard operation and aliased constants preserve hover and argument help
2026-10-07T00:14:21.7939030Z   ---
2026-10-07T00:14:21.7939430Z   duration_ms: 1.202416
2026-10-07T00:14:21.7939880Z   type: 'test'
2026-10-07T00:14:21.7940270Z   ...
2026-10-07T00:14:21.7941340Z # Subtest: typed resource fields are read-only and do not expose type constants on values
2026-10-07T00:14:21.7942850Z ok 171 - typed resource fields are read-only and do not expose type constants on values
2026-10-07T00:14:21.7943700Z   ---
2026-10-07T00:14:21.7944100Z   duration_ms: 0.44325
2026-10-07T00:14:21.7944550Z   type: 'test'
2026-10-07T00:14:21.7944940Z   ...
2026-10-07T00:14:21.7945860Z # Subtest: virtual source identifiers cannot navigate to project paths or URLs
2026-10-07T00:14:21.7947220Z ok 172 - virtual source identifiers cannot navigate to project paths or URLs
2026-10-07T00:14:21.7948010Z   ---
2026-10-07T00:14:21.7948400Z   duration_ms: 0.251417
2026-10-07T00:14:21.7948850Z   type: 'test'
2026-10-07T00:14:21.7950790Z   ...
2026-10-07T00:14:21.7951790Z # Subtest: virtual registry revisions keep module paths and accept only a source hash
2026-10-07T00:14:21.7953960Z ok 173 - virtual registry revisions keep module paths and accept only a source hash
2026-10-07T00:14:21.7954860Z   ---
2026-10-07T00:14:21.7955250Z   duration_ms: 0.194458
2026-10-07T00:14:21.7955710Z   type: 'test'
2026-10-07T00:14:21.7968660Z   ...
2026-10-07T00:14:21.7969470Z # Subtest: Some and None are pattern assistance, not general value constructors
2026-10-07T00:14:21.7970010Z ok 174 - Some and None are pattern assistance, not general value constructors
2026-10-07T00:14:21.7970300Z   ---
2026-10-07T00:14:21.7970440Z   duration_ms: 5.1885
2026-10-07T00:14:21.7970600Z   type: 'test'
2026-10-07T00:14:21.7971990Z   ...
2026-10-07T00:14:21.7973370Z # Subtest: standard import completion uses the compiler catalog and replaces the full dotted path
2026-10-07T00:14:21.7975080Z ok 175 - standard import completion uses the compiler catalog and replaces the full dotted path
2026-10-07T00:14:21.7976060Z   ---
2026-10-07T00:14:21.7976490Z   duration_ms: 0.459917
2026-10-07T00:14:21.7976960Z   type: 'test'
2026-10-07T00:14:21.7977370Z   ...
2026-10-07T00:14:21.7978410Z # Subtest: Low standard imports can follow another declaration or import on the same line
2026-10-07T00:14:21.7979930Z ok 176 - Low standard imports can follow another declaration or import on the same line
2026-10-07T00:14:21.7980780Z   ---
2026-10-07T00:14:21.7981200Z   duration_ms: 0.185917
2026-10-07T00:14:21.7981660Z   type: 'test'
2026-10-07T00:14:21.7982050Z   ...
2026-10-07T00:14:22.1018690Z # Subtest: real nagi standard symbols keep resource identity, virtual sources and UTF-16 targets
2026-10-07T00:14:22.1020070Z ok 177 - real nagi standard symbols keep resource identity, virtual sources and UTF-16 targets
2026-10-07T00:14:22.1020480Z   ---
2026-10-07T00:14:22.1020690Z   duration_ms: 535.382041
2026-10-07T00:14:22.1020930Z   type: 'test'
2026-10-07T00:14:22.1021110Z   ...
2026-10-07T00:14:22.1021610Z # Subtest: real low standard symbols keep resource identity, virtual sources and UTF-16 targets
2026-10-07T00:14:22.1022350Z ok 178 - real low standard symbols keep resource identity, virtual sources and UTF-16 targets
2026-10-07T00:14:22.1022810Z   ---
2026-10-07T00:14:22.1023010Z   duration_ms: 479.779709
2026-10-07T00:14:22.1023230Z   type: 'test'
2026-10-07T00:14:22.1023420Z   ...
2026-10-07T00:14:22.1023850Z # Subtest: unsaved dependency standard aliases update sources without saving or building
2026-10-07T00:14:22.1024470Z ok 179 - unsaved dependency standard aliases update sources without saving or building
2026-10-07T00:14:22.1024850Z   ---
2026-10-07T00:14:22.1025040Z   duration_ms: 426.696417
2026-10-07T00:14:22.1025260Z   type: 'test'
2026-10-07T00:14:22.1025440Z   ...
2026-10-07T00:14:22.2083660Z # Subtest: an incomplete initial standard import uses the registry catalog from a saved snapshot
2026-10-07T00:14:22.2086010Z ok 180 - an incomplete initial standard import uses the registry catalog from a saved snapshot
2026-10-07T00:14:22.2087010Z   ---
2026-10-07T00:14:22.2087250Z   duration_ms: 106.712209
2026-10-07T00:14:22.2087510Z   type: 'test'
2026-10-07T00:14:22.2087740Z   ...
2026-10-07T00:14:22.3259110Z # Subtest: shared receiver fields are read-only regardless of each field type
2026-10-07T00:14:22.3264520Z ok 181 - shared receiver fields are read-only regardless of each field type
2026-10-07T00:14:22.3266040Z   ---
2026-10-07T00:14:22.3266580Z   duration_ms: 118.729125
2026-10-07T00:14:22.3267190Z   type: 'test'
2026-10-07T00:14:22.3267940Z   ...
2026-10-07T00:14:22.3347360Z # Subtest: nagi saved snapshots complete new modules and from-import names before imports are checked
2026-10-07T00:14:22.3348190Z ok 182 - nagi saved snapshots complete new modules and from-import names before imports are checked
2026-10-07T00:14:22.3349140Z   ---
2026-10-07T00:14:22.3349340Z   duration_ms: 3.9335
2026-10-07T00:14:22.3349550Z   type: 'test'
2026-10-07T00:14:22.3349740Z   ...
2026-10-07T00:14:22.3350620Z # Subtest: nagi readiness and wait resources preserve namespaces and do not offer constructors
2026-10-07T00:14:22.3351450Z ok 183 - nagi readiness and wait resources preserve namespaces and do not offer constructors
2026-10-07T00:14:22.3351830Z   ---
2026-10-07T00:14:22.3352380Z   duration_ms: 7.545291
2026-10-07T00:14:22.3353300Z   type: 'test'
2026-10-07T00:14:22.3353500Z   ...
2026-10-07T00:14:22.3353930Z # Subtest: nagi WaitError value fields keep borrowed payload types and read-only status
2026-10-07T00:14:22.3354620Z ok 184 - nagi WaitError value fields keep borrowed payload types and read-only status
2026-10-07T00:14:22.3355000Z   ---
2026-10-07T00:14:22.3355190Z   duration_ms: 0.54625
2026-10-07T00:14:22.3355400Z   type: 'test'
2026-10-07T00:14:22.3355640Z   ...
2026-10-07T00:14:22.3356220Z # Subtest: nagi inferred standard operations insert positional calls and retain exact callback and Future contracts
2026-10-07T00:14:22.3357490Z ok 185 - nagi inferred standard operations insert positional calls and retain exact callback and Future contracts
2026-10-07T00:14:22.3357930Z   ---
2026-10-07T00:14:22.3358120Z   duration_ms: 2.830458
2026-10-07T00:14:22.3358330Z   type: 'test'
2026-10-07T00:14:22.3358520Z   ...
2026-10-07T00:14:22.3358990Z # Subtest: low saved snapshots complete new modules and from-import names before imports are checked
2026-10-07T00:14:22.3359690Z ok 186 - low saved snapshots complete new modules and from-import names before imports are checked
2026-10-07T00:14:22.3360120Z   ---
2026-10-07T00:14:22.3360350Z   duration_ms: 1.275209
2026-10-07T00:14:22.3360560Z   type: 'test'
2026-10-07T00:14:22.3360740Z   ...
2026-10-07T00:14:22.3361190Z # Subtest: low readiness and wait resources preserve namespaces and do not offer constructors
2026-10-07T00:14:22.3361870Z ok 187 - low readiness and wait resources preserve namespaces and do not offer constructors
2026-10-07T00:14:22.3362290Z   ---
2026-10-07T00:14:22.3362470Z   duration_ms: 3.30025
2026-10-07T00:14:22.3362670Z   type: 'test'
2026-10-07T00:14:22.3362860Z   ...
2026-10-07T00:14:22.3363280Z # Subtest: low WaitError value fields keep borrowed payload types and read-only status
2026-10-07T00:14:22.3363880Z ok 188 - low WaitError value fields keep borrowed payload types and read-only status
2026-10-07T00:14:22.3364220Z   ---
2026-10-07T00:14:22.3364410Z   duration_ms: 0.376833
2026-10-07T00:14:22.3364610Z   type: 'test'
2026-10-07T00:14:22.3364800Z   ...
2026-10-07T00:14:22.3365330Z # Subtest: low inferred standard operations insert positional calls and retain exact callback and Future contracts
2026-10-07T00:14:22.3366110Z ok 189 - low inferred standard operations insert positional calls and retain exact callback and Future contracts
2026-10-07T00:14:22.3366530Z   ---
2026-10-07T00:14:22.3366720Z   duration_ms: 1.161958
2026-10-07T00:14:22.3366920Z   type: 'test'
2026-10-07T00:14:22.3367110Z   ...
2026-10-07T00:14:22.3367570Z # Subtest: new operations and constants navigate to compiler standard sources with UTF-16 locations
2026-10-07T00:14:22.3368250Z ok 190 - new operations and constants navigate to compiler standard sources with UTF-16 locations
2026-10-07T00:14:22.3368640Z   ---
2026-10-07T00:14:22.3368820Z   duration_ms: 2.447875
2026-10-07T00:14:22.3369030Z   type: 'test'
2026-10-07T00:14:22.3369220Z   ...
2026-10-07T00:14:22.3893230Z # Subtest: real nagi borrowed list locals and nested fields keep read-only metadata in editor assistance
2026-10-07T00:14:22.3894430Z ok 191 - real nagi borrowed list locals and nested fields keep read-only metadata in editor assistance
2026-10-07T00:14:22.3894910Z   ---
2026-10-07T00:14:22.3895160Z   duration_ms: 133.740833
2026-10-07T00:14:22.3895430Z   type: 'test'
2026-10-07T00:14:22.3895660Z   ...
2026-10-07T00:14:22.3896260Z # Subtest: real low borrowed list locals and nested fields keep read-only metadata in editor assistance
2026-10-07T00:14:22.3897050Z ok 192 - real low borrowed list locals and nested fields keep read-only metadata in editor assistance
2026-10-07T00:14:22.3897710Z   ---
2026-10-07T00:14:22.3898540Z   duration_ms: 127.5245
2026-10-07T00:14:22.3898820Z   type: 'test'
2026-10-07T00:14:22.3900510Z   ...
2026-10-07T00:14:22.3902620Z # Subtest: real nagi map_error aliases retain inferred generics and standard virtual navigation
2026-10-07T00:14:22.3904490Z ok 193 - real nagi map_error aliases retain inferred generics and standard virtual navigation
2026-10-07T00:14:22.3904930Z   ---
2026-10-07T00:14:22.3905160Z   duration_ms: 117.57375
2026-10-07T00:14:22.3905430Z   type: 'test'
2026-10-07T00:14:22.3905660Z   ...
2026-10-07T00:14:22.3906220Z # Subtest: real low map_error aliases retain inferred generics and standard virtual navigation
2026-10-07T00:14:22.3906910Z ok 194 - real low map_error aliases retain inferred generics and standard virtual navigation
2026-10-07T00:14:22.3907320Z   ---
2026-10-07T00:14:22.3907560Z   duration_ms: 128.561125
2026-10-07T00:14:22.3907820Z   type: 'test'
2026-10-07T00:14:22.3908060Z   ...
2026-10-07T00:14:22.6046130Z # Subtest: real nagi readiness and deadline API assistance keeps resource aliases and read-only fields
2026-10-07T00:14:22.6060050Z ok 195 - real nagi readiness and deadline API assistance keeps resource aliases and read-only fields
2026-10-07T00:14:22.6062110Z   ---
2026-10-07T00:14:22.6132030Z   duration_ms: 215.596834
2026-10-07T00:14:22.6141740Z   type: 'test'
2026-10-07T00:14:22.6142450Z   ...
2026-10-07T00:14:22.8793010Z # Subtest: real low readiness and deadline API assistance keeps resource aliases and read-only fields
2026-10-07T00:14:22.8798750Z ok 196 - real low readiness and deadline API assistance keeps resource aliases and read-only fields
2026-10-07T00:14:22.8799230Z   ---
2026-10-07T00:14:22.8799430Z   duration_ms: 276.308083
2026-10-07T00:14:22.8799620Z   type: 'test'
2026-10-07T00:14:22.8799760Z   ...
2026-10-07T00:14:22.8857970Z # Subtest: cross-module call curves fit with marker and stroke space on both sides
2026-10-07T00:14:22.8859530Z ok 197 - cross-module call curves fit with marker and stroke space on both sides
2026-10-07T00:14:22.8869750Z   ---
2026-10-07T00:14:22.8870630Z   duration_ms: 1.776667
2026-10-07T00:14:22.8871150Z   type: 'test'
2026-10-07T00:14:22.8871560Z   ...
2026-10-07T00:14:22.8872420Z # Subtest: ordinary stock-report layout keeps its existing extent
2026-10-07T00:14:22.8873610Z ok 198 - ordinary stock-report layout keeps its existing extent
2026-10-07T00:14:22.8874310Z   ---
2026-10-07T00:14:22.8874710Z   duration_ms: 0.121625
2026-10-07T00:14:22.8875160Z   type: 'test'
2026-10-07T00:14:22.8875560Z   ...
2026-10-07T00:14:22.8876470Z # Subtest: geometry above or below the layout extends the vertical viewport
2026-10-07T00:14:22.8877750Z ok 199 - geometry above or below the layout extends the vertical viewport
2026-10-07T00:14:22.8878510Z   ---
2026-10-07T00:14:22.8878900Z   duration_ms: 0.089042
2026-10-07T00:14:22.8879380Z   type: 'test'
2026-10-07T00:14:22.8879800Z   ...
2026-10-07T00:14:22.8880580Z # Subtest: an empty SVG bounding box does not add blank padding
2026-10-07T00:14:22.8881970Z ok 200 - an empty SVG bounding box does not add blank padding
2026-10-07T00:14:22.8882260Z   ---
2026-10-07T00:14:22.8882410Z   duration_ms: 0.075667
2026-10-07T00:14:22.8882590Z   type: 'test'
2026-10-07T00:14:22.8882740Z   ...
2026-10-07T00:14:22.8883090Z # Subtest: non-finite browser measurements preserve the finite layout extent
2026-10-07T00:14:22.8883640Z ok 201 - non-finite browser measurements preserve the finite layout extent
2026-10-07T00:14:22.8883920Z   ---
2026-10-07T00:14:22.8884080Z   duration_ms: 0.282125
2026-10-07T00:14:22.8884250Z   type: 'test'
2026-10-07T00:14:22.8884390Z   ...
2026-10-07T00:14:22.8884510Z 1..201
2026-10-07T00:14:22.8884640Z # tests 201
2026-10-07T00:14:22.8884770Z # suites 0
2026-10-07T00:14:22.8884910Z # pass 201
2026-10-07T00:14:22.8885040Z # fail 0
2026-10-07T00:14:22.8885160Z # cancelled 0
2026-10-07T00:14:22.8885300Z # skipped 0
2026-10-07T00:14:22.8885430Z # todo 0
2026-10-07T00:14:22.8885590Z # duration_ms 6453.986167
2026-10-07T00:14:22.9044380Z ##[group]Run cargo test --locked -p nagic --test output_safety --test integer_arithmetic --test integer_zero_division --test constant_validation --test auth_boundaries --test view_branch_rebinding --test view_container_rebinding --test view_container_drop --test view_flow_foundation --test view_flow_completion --test explicit_moves --test task_handles --test conformance --test scope_runtime_contract --test copy_capabilities --test shared_field_moves --test asset_calls --test shared_target --test build_generations --test project
2026-10-07T00:14:22.9053310Z [36;1mcargo test --locked -p nagic --test output_safety --test integer_arithmetic --test integer_zero_division --test constant_validation --test auth_boundaries --test view_branch_rebinding --test view_container_rebinding --test view_container_drop --test view_flow_foundation --test view_flow_completion --test explicit_moves --test task_handles --test conformance --test scope_runtime_contract --test copy_capabilities --test shared_field_moves --test asset_calls --test shared_target --test build_generations --test project[0m
2026-10-07T00:14:22.9130410Z shell: /bin/bash -e {0}
2026-10-07T00:14:22.9130620Z env:
2026-10-07T00:14:22.9130870Z   NAGI_FAILURE_DIR: /Users/runner/work/Nagi/Nagi/build/compiler-failures
2026-10-07T00:14:22.9131200Z   CARGO_HOME: /Users/runner/.cargo
2026-10-07T00:14:22.9131390Z   CARGO_INCREMENTAL: 0
2026-10-07T00:14:22.9131550Z   CARGO_TERM_COLOR: always
2026-10-07T00:14:22.9131800Z   pythonLocation: /Users/runner/hostedtoolcache/Python/3.12.10/arm64
2026-10-07T00:14:22.9132190Z   PKG_CONFIG_PATH: /Users/runner/hostedtoolcache/Python/3.12.10/arm64/lib/pkgconfig
2026-10-07T00:14:22.9132590Z   Python_ROOT_DIR: /Users/runner/hostedtoolcache/Python/3.12.10/arm64
2026-10-07T00:14:22.9132960Z   Python2_ROOT_DIR: /Users/runner/hostedtoolcache/Python/3.12.10/arm64
2026-10-07T00:14:22.9133310Z   Python3_ROOT_DIR: /Users/runner/hostedtoolcache/Python/3.12.10/arm64
2026-10-07T00:14:22.9133570Z ##[endgroup]
2026-10-07T00:14:23.1022950Z [1m[92m   Compiling[0m nagic v0.1.10 (/Users/runner/work/Nagi/Nagi/compiler)
2026-10-07T00:14:27.7525580Z [1m[92m    Finished[0m `test` profile [unoptimized + debuginfo] target(s) in 4.77s
2026-10-07T00:14:27.7583860Z [1m[92m     Running[0m tests/asset_calls.rs (target/debug/deps/asset_calls-b56203944e46f2cf)
2026-10-07T00:14:27.7633910Z 
2026-10-07T00:14:27.7635180Z running 2 tests
2026-10-07T00:14:27.7677190Z test a_missing_real_asset_still_reports_the_original_call ... ok
2026-10-07T00:14:28.0771330Z test local_callbacks_named_include_text_keep_literals_and_restore_builtin_after_scope ... ok
2026-10-07T00:14:28.0771940Z 
2026-10-07T00:14:28.0774250Z test result: ok. 2 passed; 0 failed; 0 ignored; 0 measured; 0 filtered out; finished in 0.31s
2026-10-07T00:14:28.0774600Z 
2026-10-07T00:14:28.0775800Z [1m[92m     Running[0m tests/auth_boundaries.rs (target/debug/deps/auth_boundaries-44cac84bd37d2dda)
2026-10-07T00:14:28.0825560Z 
2026-10-07T00:14:28.0833100Z running 9 tests
2026-10-07T00:14:28.1142750Z test handwritten_low_and_owned_local_containers_keep_nominal_marker_identity ... ok
2026-10-07T00:14:28.1553580Z test aliases_option_result_and_async_delegation_preserve_proof_identity ... ok
2026-10-07T00:14:28.2619600Z test a_function_signature_and_a_deep_dto_do_not_contain_a_proof_payload ... ok
2026-10-07T00:14:28.3109040Z test missing_principal_grant_wrong_permission_and_reuse_are_rejected ... ok
2026-10-07T00:14:28.9454690Z test indirect_arc_state_cannot_share_a_proof ... ok
2026-10-07T00:14:29.3924490Z test opaque_proofs_cannot_be_constructed_decoded_copied_or_shared ... ok
2026-10-07T00:15:28.3831380Z test native_phantom_types_do_not_become_field_payloads has been running for over 60 seconds
2026-10-07T00:15:28.3928330Z test opaque_main_errors_fail_without_a_debug_bound_or_proof_payload has been running for over 60 seconds
2026-10-07T00:15:29.4336000Z test proof_move_and_nominal_marker_build_and_run_against_real_runtime has been running for over 60 seconds
2026-10-07T00:15:35.2446010Z test native_phantom_types_do_not_become_field_payloads ... ok
2026-10-07T00:15:35.5403180Z test proof_move_and_nominal_marker_build_and_run_against_real_runtime ... ok
2026-10-07T00:15:36.8533230Z test opaque_main_errors_fail_without_a_debug_bound_or_proof_payload ... ok
2026-10-07T00:15:36.8551370Z 
2026-10-07T00:15:36.8558620Z test result: ok. 9 passed; 0 failed; 0 ignored; 0 measured; 0 filtered out; finished in 68.77s
2026-10-07T00:15:36.8566820Z 
2026-10-07T00:15:36.8585590Z [1m[92m     Running[0m tests/build_generations.rs (target/debug/deps/build_generations-1e41d078800bec59)
2026-10-07T00:15:36.8738280Z 
2026-10-07T00:15:36.8742420Z running 22 tests
2026-10-07T00:15:37.7226160Z test cargo_cache_keeps_a_preexisting_default_package_binary_unchanged ... ok
2026-10-07T00:15:37.9329840Z test a_running_old_executable_is_not_replaced_by_a_new_build ... ok
2026-10-07T00:15:38.0681720Z test cargo_failure_retains_latest_and_inherited_lockfile ... ok
2026-10-07T00:15:38.0984120Z test invalid_input_does_not_create_output_or_its_lock ... ok
2026-10-07T00:15:38.6650400Z test latest_metadata_used_as_an_input_cannot_be_overwritten_by_rebuild ... ok
2026-10-07T00:15:38.7023350Z test lock_is_permanent_and_input_protection_is_rechecked_after_waiting ... ok
2026-10-07T00:15:39.4268230Z test long_basename_accepted_by_the_previous_cache_scheme_uses_a_short_generation_bin ... ok
2026-10-07T00:15:39.4706300Z test latest_temp_failure_keeps_old_metadata_and_does_not_run_new_generation ... ok
2026-10-07T00:15:39.5898990Z test nonwriting_low_check_and_lower_do_not_wait_for_the_output_writer_lock ... ok
2026-10-07T00:15:39.6062100Z test compatibility_outputs_cannot_alias_previous_latest_metadata ... ok
2026-10-07T00:15:40.8188170Z test orphan_cargo_uses_an_immutable_snapshot_and_cannot_replace_next_generation ... ok
2026-10-07T00:15:40.8699410Z test projection_failure_keeps_old_latest_and_reports_partial_projection ... ok
2026-10-07T00:15:41.0871840Z test parallel_latest_readers_observe_only_complete_published_generations ... ok
2026-10-07T00:15:41.2498400Z test published_manifest_runtime_reference_resolves_from_the_published_location ... ok
2026-10-07T00:15:41.7263160Z test rebuild_publishes_new_generation_and_preserves_old_executable_and_snapshot ... ok
2026-10-07T00:15:41.9495260Z test run_releases_output_lock_before_waiting_for_the_selected_executable ... ok
2026-10-07T00:15:42.1269700Z test user_low_snapshot_comes_from_this_input_instead_of_a_stale_high_projection ... ok
2026-10-07T00:15:43.3611810Z test writing_cost_report_cannot_alias_previous_latest ... ok
2026-10-07T00:15:43.5843210Z test same_and_different_apps_with_equivalent_output_paths_wait_for_one_output_writer ... ok
2026-10-07T00:15:43.9502100Z test writing_high_check_cannot_alias_previous_latest ... ok
2026-10-07T00:15:44.1030110Z test writing_high_lower_cannot_alias_previous_latest ... ok
2026-10-07T00:15:44.4734830Z test writing_check_lower_and_cost_wait_while_build_owns_the_output_lock ... ok
2026-10-07T00:15:44.4735400Z 
2026-10-07T00:15:44.4744590Z test result: ok. 22 passed; 0 failed; 0 ignored; 0 measured; 0 filtered out; finished in 7.59s
2026-10-07T00:15:44.4745350Z 
2026-10-07T00:15:44.4749020Z [1m[92m     Running[0m tests/conformance.rs (target/debug/deps/conformance-f23466049c86190c)
2026-10-07T00:15:44.4829920Z 
2026-10-07T00:15:44.4830370Z running 6 tests
2026-10-07T00:15:44.4882890Z test batch_root_relocation_preserves_literals_raw_strings_and_comments ... ok
2026-10-07T00:15:44.7694950Z test explicit_move_corpus_reaches_native_execution ... ok
2026-10-07T00:15:44.7758040Z test failure_shrinking_preserves_the_checker_failure_instead_of_a_parse_error ... ok
2026-10-07T00:15:44.8696490Z test native_process_deadline_reaps_a_hanging_child ... ok
2026-10-07T00:15:44.9969590Z test backend_shrinking_does_not_turn_an_oracle_error_into_a_compiler_reproducer ... ok
2026-10-07T00:15:45.3653550Z test corpus_and_bounded_generated_contracts_reach_native_execution ... ok
2026-10-07T00:15:45.3661190Z [1m[92m     Running[0m tests/constant_validation.rs (target/debug/deps/constant_validation-b86dd0efbea655d6)
2026-10-07T00:15:45.3664590Z 
2026-10-07T00:15:45.3669240Z test result: ok. 6 passed; 0 failed; 0 ignored; 0 measured; 0 filtered out; finished in 0.88s
2026-10-07T00:15:45.3670540Z 
2026-10-07T00:15:45.3807020Z 
2026-10-07T00:15:45.3808810Z running 10 tests
2026-10-07T00:15:45.3965640Z test builtin_widening_uses_resolution_and_result_casts_remain_opaque ... ok
2026-10-07T00:15:45.3981150Z test binding_facts_follow_reassignment_scope_and_continuing_branch_joins ... ok
2026-10-07T00:15:45.4049940Z test compound_failures_are_checked_even_in_dead_branches_and_short_circuit_rhs ... ok
2026-10-07T00:15:45.4051340Z test loop_writes_kill_facts_before_conditions_and_respect_shadowed_counter_bindings ... ok
2026-10-07T00:15:45.4172910Z test compound_and_alias_zero_fail_after_type_check_in_all_widths_and_forms ... ok
2026-10-07T00:15:45.4215360Z test profile_dependent_intermediates_are_not_folded_to_a_known_zero ... ok
2026-10-07T00:15:45.4217720Z test signed_minimum_division_and_remainder_are_static_failures_in_every_width ... ok
2026-10-07T00:15:45.4218710Z test typed_ast_errors_precede_new_constant_diagnostics ... ok
2026-10-07T00:15:45.4392630Z test compound_diagnostics_identify_original_modules_before_cargo ... ok
2026-10-07T00:15:46.3260210Z test minimum_negation_and_integer_oracle_build_and_run_in_both_profiles ... ok
2026-10-07T00:15:46.3262930Z [1m[92m     Running[0m tests/copy_capabilities.rs (target/debug/deps/copy_capabilities-c786c79fe62fa12d)
2026-10-07T00:15:46.3264000Z 
2026-10-07T00:15:46.3264880Z test result: ok. 10 passed; 0 failed; 0 ignored; 0 measured; 0 filtered out; finished in 0.95s
2026-10-07T00:15:46.3265730Z 
2026-10-07T00:15:46.3392450Z 
2026-10-07T00:15:46.3393180Z running 2 tests
2026-10-07T00:15:46.5271300Z test omitted_clone_adapter_reports_the_element_clone_bound ... ok
2026-10-07T00:15:46.8197200Z test manual_clone_adapter_copies_owned_enum_payloads_in_high_and_independent_low ... ok
2026-10-07T00:15:46.8197700Z 
2026-10-07T00:15:46.8198310Z test result: ok. 2 passed; 0 failed; 0 ignored; 0 measured; 0 filtered out; finished in 0.48s
2026-10-07T00:15:46.8199400Z 
2026-10-07T00:15:46.8206140Z [1m[92m     Running[0m tests/explicit_moves.rs (target/debug/deps/explicit_moves-cb7a959de101603d)
2026-10-07T00:15:46.8365020Z 
2026-10-07T00:15:46.8365810Z running 9 tests
2026-10-07T00:15:46.9259860Z test explicit_move_preserves_use_after_move_borrow_partial_move_and_loop_checks ... ok
2026-10-07T00:15:46.9795460Z test copy_inputs_keep_ordinary_assignment_and_move_expected_type_inference ... ok
2026-10-07T00:16:17.1029890Z test identity_moves_preserve_rhs_failure_drop_order_and_async_cancellation ... ok
2026-10-07T00:16:17.1946230Z test implicit_noncopy_local_assignments_fail_at_the_original_source_line ... ok
2026-10-07T00:16:17.6240220Z test canonical_aliases_shadowing_and_transparent_values_run_in_all_three_sources ... ok
2026-10-07T00:16:17.6580840Z test move_operation_rejects_arity_type_arguments_and_future_transfer ... ok
2026-10-07T00:16:17.6948330Z test moving_nested_view_containers_keeps_escape_and_temporary_rejections ... ok
2026-10-07T00:16:18.0560000Z test identity_move_materializes_copy_values_and_keeps_bare_place_comparison_loans ... ok
2026-10-07T00:16:18.3596340Z test move_keeps_typed_constant_failures_and_profile_dependent_overflow ... ok
2026-10-07T00:16:18.3596830Z 
2026-10-07T00:16:18.3611790Z test result: ok. 9 passed; 0 failed; 0 ignored; 0 measured; 0 filtered out; finished in 31.52s
2026-10-07T00:16:18.3612710Z 
2026-10-07T00:16:18.3619610Z [1m[92m     Running[0m tests/integer_arithmetic.rs (target/debug/deps/integer_arithmetic-ce055d5229e326ff)
2026-10-07T00:16:18.3799850Z 
2026-10-07T00:16:18.3800810Z running 2 tests
2026-10-07T00:16:18.4639550Z test native_adapter_constant_overflow_keeps_rust_diagnostics ... ok
2026-10-07T00:16:18.7778990Z test constant_integer_arithmetic_preserves_release_wrapping_and_debug_panics ... ok
2026-10-07T00:16:18.7790440Z [1m[92m     Running[0m tests/integer_zero_division.rs (target/debug/deps/integer_zero_division-5c6cf9ab64a12df3)
2026-10-07T00:16:18.7792240Z 
2026-10-07T00:16:18.7792660Z test result: ok. 2 passed; 0 failed; 0 ignored; 0 measured; 0 filtered out; finished in 0.40s
2026-10-07T00:16:18.7793020Z 
2026-10-07T00:16:18.7915430Z 
2026-10-07T00:16:18.7917250Z running 5 tests
2026-10-07T00:16:18.8046650Z test dynamic_aliases_remain_runtime_operations ... ok
2026-10-07T00:16:18.8403830Z test explicit_integer_zero_divisors_fail_in_high_handwritten_low_and_saved_low ... ok
2026-10-07T00:16:18.8405000Z test operand_and_earlier_type_errors_keep_priority_over_zero_divisor_errors ... ok
2026-10-07T00:16:19.0265810Z test cli_rejects_zero_at_the_original_file_and_line_before_cargo ... ok
2026-10-07T00:16:20.1123440Z test dynamic_zero_nonzero_and_float_controls_compile_and_run_in_both_profiles ... ok
2026-10-07T00:16:20.1123860Z 
2026-10-07T00:16:20.1124380Z test result: ok. 5 passed; 0 failed; 0 ignored; 0 measured; 0 filtered out; finished in 1.32s
2026-10-07T00:16:20.1124780Z 
2026-10-07T00:16:20.1125540Z [1m[92m     Running[0m tests/output_safety.rs (target/debug/deps/output_safety-f745aa56d6e892ef)
2026-10-07T00:16:20.1242850Z 
2026-10-07T00:16:20.1244180Z running 10 tests
2026-10-07T00:16:20.1382830Z test build_preflights_rust_adapter_before_writing_any_generated_files ... ok
2026-10-07T00:16:20.1428240Z test custom_project_manifest_is_protected_before_generated_outputs ... ok
2026-10-07T00:16:20.1493530Z test aliased_generated_outputs_are_rejected_without_partial_writes ... ok
2026-10-07T00:16:20.1633760Z test include_text_assets_are_protected_in_generated_and_map_outputs ... ok
2026-10-07T00:16:20.1963450Z test every_generated_file_rejects_a_hard_link_to_an_imported_source ... ok
2026-10-07T00:16:20.2053090Z test loaded_empty_module_filters_produce_empty_type_and_call_graphs ... ok
2026-10-07T00:16:20.2299070Z test native_low_is_not_replaced_by_check_or_lower_output ... ok
2026-10-07T00:16:20.2414840Z test symlinked_generated_paths_preserve_all_inputs ... ok
2026-10-07T00:16:20.2525630Z test repeated_checks_and_build_preparation_keep_existing_generated_outputs_usable ... ok
2026-10-07T00:16:20.4157480Z test map_formats_protect_hard_links_to_sources_manifest_and_rust_adapter ... ok
2026-10-07T00:16:20.4158330Z 
2026-10-07T00:16:20.4161680Z test result: ok. 10 passed; 0 failed; 0 ignored; 0 measured; 0 filtered out; finished in 0.29s
2026-10-07T00:16:20.4162640Z 
2026-10-07T00:16:20.4164350Z [1m[92m     Running[0m tests/project.rs (target/debug/deps/project-ed8604683c27272e)
2026-10-07T00:16:20.4287740Z 
2026-10-07T00:16:20.4289050Z running 12 tests
2026-10-07T00:16:20.4514210Z test actual_cli_manifest_and_import_errors_point_to_original_files ... ok
2026-10-07T00:16:20.4643850Z test actual_cli_checks_entry_with_low_support_from_a_subdirectory ... ok
2026-10-07T00:16:20.4659340Z test cli_overrides_scalars_and_dependency_versions_and_adds_native_files ... ok
2026-10-07T00:16:20.4692790Z test dependency_alias_collision_across_manifest_and_cli_is_rejected ... ok
2026-10-07T00:17:20.4659130Z test a_borrowed_record_field_does_not_block_moving_a_disjoint_field has been running for over 60 seconds
2026-10-07T00:17:20.4763340Z test actual_run_uses_rust_dependencies_and_a_stable_project_working_directory has been running for over 60 seconds
2026-10-07T00:17:20.5088680Z test escaped_record_and_route_names_preserve_json_sqlite_and_rust_bridges has been running for over 60 seconds
2026-10-07T00:17:36.3321170Z test escaped_record_and_route_names_preserve_json_sqlite_and_rust_bridges ... ok
2026-10-07T00:17:36.3419950Z test explicit_source_keeps_legacy_behavior_even_next_to_a_broken_manifest ... ok
2026-10-07T00:17:36.3453930Z test invalid_commands_and_flags_fail_before_loading_sources ... ok
2026-10-07T00:17:36.3463630Z test manifest_typos_wrong_types_duplicates_and_empty_paths_are_rejected ... ok
2026-10-07T00:17:36.3464450Z test nearest_project_uses_manifest_relative_paths_from_any_subdirectory ... ok
2026-10-07T00:17:36.3465210Z test rust_diagnostic_details_are_an_explicit_build_or_run_option ... ok
2026-10-07T00:17:36.7197390Z test a_borrowed_record_field_does_not_block_moving_a_disjoint_field ... ok
2026-10-07T00:17:50.3949860Z test actual_run_uses_rust_dependencies_and_a_stable_project_working_directory ... ok
2026-10-07T00:17:50.3955050Z 
2026-10-07T00:17:50.3956680Z test result: ok. 12 passed; 0 failed; 0 ignored; 0 measured; 0 filtered out; finished in 89.96s
2026-10-07T00:17:50.3957900Z 
2026-10-07T00:17:50.3972290Z [1m[92m     Running[0m tests/scope_runtime_contract.rs (target/debug/deps/scope_runtime_contract-1639c7cb3b275bc5)
2026-10-07T00:17:50.4093600Z 
2026-10-07T00:17:50.4094530Z running 1 test
2026-10-07T00:18:02.2406730Z test generated_scope_failure_and_cancellation_contract_runs_with_the_real_runtime ... ok
2026-10-07T00:18:02.2407400Z 
2026-10-07T00:18:02.2407890Z test result: ok. 1 passed; 0 failed; 0 ignored; 0 measured; 0 filtered out; finished in 11.83s
2026-10-07T00:18:02.2408340Z 
2026-10-07T00:18:02.2420270Z [1m[92m     Running[0m tests/shared_field_moves.rs (target/debug/deps/shared_field_moves-3f49a062de59ce9e)
2026-10-07T00:18:02.2561970Z 
2026-10-07T00:18:02.2562780Z running 4 tests
2026-10-07T00:18:02.2823330Z test nested_shared_parents_and_call_temporaries_cannot_supply_owned_fields ... ok
2026-10-07T00:18:02.2998390Z test shared_field_moves_are_rejected_in_each_consuming_context_in_high_and_handwritten_low ... ok
2026-10-07T00:18:02.3164320Z test invalid_shared_field_moves_fail_before_check_build_or_run_needs_cargo ... ok
2026-10-07T00:18:03.7697570Z test valid_arc_moves_copy_fields_and_explicit_copies_run_in_high_and_independent_low ... ok
2026-10-07T00:18:03.7699010Z 
2026-10-07T00:18:03.7700630Z test result: ok. 4 passed; 0 failed; 0 ignored; 0 measured; 0 filtered out; finished in 1.51s
2026-10-07T00:18:03.7701530Z 
2026-10-07T00:18:03.7703330Z [1m[92m     Running[0m tests/shared_target.rs (target/debug/deps/shared_target-7f90536fef661c94)
2026-10-07T00:18:03.7856270Z 
2026-10-07T00:18:03.7857380Z running 3 tests
2026-10-07T00:18:03.7910080Z test repeated_timestamps_keep_fixture_ownership_distinct ... ok
2026-10-07T00:18:05.9518820Z test default_shared_targets_keep_application_identity_stable_and_generations_distinct ... ok
2026-10-07T00:18:06.0234390Z test explicitly_shared_targets_keep_application_identity_stable_and_generations_distinct ... ok
2026-10-07T00:18:06.0234910Z 
2026-10-07T00:18:06.0240230Z test result: ok. 3 passed; 0 failed; 0 ignored; 0 measured; 0 filtered out; finished in 2.24s
2026-10-07T00:18:06.0240740Z 
2026-10-07T00:18:06.0252580Z [1m[92m     Running[0m tests/task_handles.rs (target/debug/deps/task_handles-01de2db3a898a006)
2026-10-07T00:18:06.0385080Z 
2026-10-07T00:18:06.0385570Z running 8 tests
2026-10-07T00:18:06.0794020Z test canonical_task_metadata_survives_saved_low_and_user_task_names ... ok
2026-10-07T00:18:23.3240300Z test native_business_fault_cleanup_and_branch_contracts ... ok
2026-10-07T00:18:23.3465300Z test raw_check_registers_contextual_task_and_preserves_obligation ... ok
2026-10-07T00:18:28.2125510Z test bounded_generated_task_paths_reach_native ... ok
2026-10-07T00:18:36.7291710Z test task_conditional_consumption::always_evaluated_receipts_and_lazy_values_run_in_three_sources ... ok
2026-10-07T00:18:37.9831710Z test task_service::legacy_supervisor_terminal_and_normal_shutdown_reach_real_http ... ok
2026-10-07T00:18:43.4420930Z test task_service_s2::typed_monitor_preserves_service_errors_shutdown_and_parent_drop ... ok
2026-10-07T00:19:06.1568270Z test positive_contracts_build_and_run_high_saved_and_handwritten_low has been running for over 60 seconds
2026-10-07T00:19:13.6767170Z test positive_contracts_build_and_run_high_saved_and_handwritten_low ... ok
2026-10-07T00:19:13.6768220Z 
2026-10-07T00:19:13.6769420Z test result: ok. 8 passed; 0 failed; 0 ignored; 0 measured; 0 filtered out; finished in 67.64s
2026-10-07T00:19:13.6770240Z 
2026-10-07T00:19:13.6783700Z [1m[92m     Running[0m tests/view_branch_rebinding.rs (target/debug/deps/view_branch_rebinding-3dd303379093496d)
2026-10-07T00:19:13.6928800Z 
2026-10-07T00:19:13.6932690Z running 4 tests
2026-10-07T00:19:13.7137290Z test local_views_still_cannot_escape_a_terminating_or_continuing_branch ... ok
2026-10-07T00:19:13.7183520Z test terminating_parent_blocks_respect_loop_and_pattern_binding_names ... ok
2026-10-07T00:19:13.7220780Z test branch_copies_are_synthetic_and_preserve_public_and_callback_lifetimes ... ok
2026-10-07T00:19:14.5667580Z test terminating_view_updates_compile_and_run_in_high_saved_low_and_handwritten_low ... ok
2026-10-07T00:19:14.5668070Z 
2026-10-07T00:19:14.5668570Z test result: ok. 4 passed; 0 failed; 0 ignored; 0 measured; 0 filtered out; finished in 0.87s
2026-10-07T00:19:14.5669980Z 
2026-10-07T00:19:14.5671960Z [1m[92m     Running[0m tests/view_container_drop.rs (target/debug/deps/view_container_drop-4e58967249fa020d)
2026-10-07T00:19:14.5871550Z 
2026-10-07T00:19:14.5873200Z running 1 test
2026-10-07T00:19:16.0121220Z test local_view_container_replacement_preserves_allocations_and_drop_order ... ok
2026-10-07T00:19:16.0126260Z [1m[92m     Running[0m tests/view_container_rebinding.rs (target/debug/deps/view_container_rebinding-150d44f38fb4f09b)
2026-10-07T00:19:16.0127130Z 
2026-10-07T00:19:16.0133380Z test result: ok. 1 passed; 0 failed; 0 ignored; 0 measured; 0 filtered out; finished in 1.43s
2026-10-07T00:19:16.0133810Z 
2026-10-07T00:19:16.0268500Z 
2026-10-07T00:19:16.0270140Z running 4 tests
2026-10-07T00:19:16.0418880Z test local_container_escape_stays_rejected_in_high_and_low ... ok
2026-10-07T00:19:16.2668140Z test restore_rhs_keeps_its_source_line_and_generated_slots_are_synthetic ... ok
2026-10-07T00:19:16.5204040Z test move_phi_and_mutation_fixtures_use_the_container_flow_plan ... ok
2026-10-07T00:19:17.8474000Z test owning_view_container_rebinding_runs_in_high_saved_low_and_handwritten_low ... ok
2026-10-07T00:19:17.8475950Z 
2026-10-07T00:19:17.8477380Z test result: ok. 4 passed; 0 failed; 0 ignored; 0 measured; 0 filtered out; finished in 1.82s
2026-10-07T00:19:17.8479260Z 
2026-10-07T00:19:17.8483270Z [1m[92m     Running[0m tests/view_flow_completion.rs (target/debug/deps/view_flow_completion-ab4bf504d0d60794)
2026-10-07T00:19:17.8644000Z 
2026-10-07T00:19:17.8644650Z running 3 tests
2026-10-07T00:19:17.8947240Z test completion_keeps_local_and_iterator_owner_escape_rejections ... ok
2026-10-07T00:19:17.9052380Z test scopes_keep_lexical_storage_and_route_nested_errors ... ok
2026-10-07T00:19:19.3960420Z test owned_storage_loops_and_async_compile_and_run_in_all_source_forms ... ok
2026-10-07T00:19:19.4162100Z [1m[92m     Running[0m tests/view_flow_foundation.rs (target/debug/deps/view_flow_foundation-92ab4f7e19edb27e)
2026-10-07T00:19:19.4162480Z 
2026-10-07T00:19:19.4287810Z test result: ok. 3 passed; 0 failed; 0 ignored; 0 measured; 0 filtered out; finished in 1.53s
2026-10-07T00:19:19.4378080Z 
2026-10-07T00:19:19.4875800Z 
2026-10-07T00:19:19.4877800Z running 2 tests
2026-10-07T00:19:19.5519760Z test observer_lowering_does_not_accept_local_owner_escapes ... ok
2026-10-07T00:19:20.6514610Z test return_observers_and_match_edges_compile_and_run_in_all_source_forms ... ok
2026-10-07T00:19:20.6515180Z 
2026-10-07T00:19:20.6515590Z test result: ok. 2 passed; 0 failed; 0 ignored; 0 measured; 0 filtered out; finished in 1.16s
2026-10-07T00:19:20.6515920Z 
2026-10-07T00:19:20.6783160Z ##[group]Run cargo test --locked -p nagic --test sqlite_contract_inputs
2026-10-07T00:19:20.6784060Z [36;1mcargo test --locked -p nagic --test sqlite_contract_inputs[0m
2026-10-07T00:19:20.7080820Z shell: /bin/bash -e {0}
2026-10-07T00:19:20.7081070Z env:
2026-10-07T00:19:20.7081310Z   NAGI_FAILURE_DIR: /Users/runner/work/Nagi/Nagi/build/compiler-failures
2026-10-07T00:19:20.7081710Z   CARGO_HOME: /Users/runner/.cargo
2026-10-07T00:19:20.7081950Z   CARGO_INCREMENTAL: 0
2026-10-07T00:19:20.7082200Z   CARGO_TERM_COLOR: always
2026-10-07T00:19:20.7082550Z   pythonLocation: /Users/runner/hostedtoolcache/Python/3.12.10/arm64
2026-10-07T00:19:20.7083040Z   PKG_CONFIG_PATH: /Users/runner/hostedtoolcache/Python/3.12.10/arm64/lib/pkgconfig
2026-10-07T00:19:20.7083530Z   Python_ROOT_DIR: /Users/runner/hostedtoolcache/Python/3.12.10/arm64
2026-10-07T00:19:20.7084240Z   Python2_ROOT_DIR: /Users/runner/hostedtoolcache/Python/3.12.10/arm64
2026-10-07T00:19:20.7084950Z   Python3_ROOT_DIR: /Users/runner/hostedtoolcache/Python/3.12.10/arm64
2026-10-07T00:19:20.7085270Z ##[endgroup]
2026-10-07T00:19:20.9131750Z [1m[92m   Compiling[0m nagic v0.1.10 (/Users/runner/work/Nagi/Nagi/compiler)
2026-10-07T00:19:21.4949980Z [1m[92m    Finished[0m `test` profile [unoptimized + debuginfo] target(s) in 0.68s
2026-10-07T00:19:21.4971880Z [1m[92m     Running[0m tests/sqlite_contract_inputs.rs (target/debug/deps/sqlite_contract_inputs-53906b64e60c8dd9)
2026-10-07T00:19:21.5010430Z 
2026-10-07T00:19:21.5011900Z running 2 tests
2026-10-07T00:19:21.5132600Z test planned_rejection_anchors_identify_original_fixture_lines_and_lexer_tokens ... ok
2026-10-07T00:19:21.5137750Z test every_planned_high_and_handwritten_low_input_parses_before_module_resolution ... ok
2026-10-07T00:19:21.5138560Z 
2026-10-07T00:19:21.5139540Z test result: ok. 2 passed; 0 failed; 0 ignored; 0 measured; 0 filtered out; finished in 0.01s
2026-10-07T00:19:21.5140660Z 
2026-10-07T00:19:21.5213150Z ##[group]Run set -o pipefail
2026-10-07T00:19:21.5213590Z [36;1mset -o pipefail[0m
2026-10-07T00:19:21.5214130Z [36;1mcargo test --locked -p nagi-runtime --lib task::tests:: 2>&1 | tee "$RUNNER_TEMP/task-runtime.log"[0m
2026-10-07T00:19:21.5215120Z [36;1mpython -c 'import pathlib,re,os; text=pathlib.Path(os.environ["RUNNER_TEMP"],"task-runtime.log").read_text(); assert re.search(r"test result: ok\. 17 passed; 0 failed; 0 ignored;",text),text'[0m
2026-10-07T00:19:21.5215860Z [36;1mcargo test --locked -p nagi-runtime --test task_handles[0m
2026-10-07T00:19:21.5216350Z [36;1mcargo test --locked -p nagi-runtime --doc[0m
2026-10-07T00:19:21.5271950Z shell: /bin/bash --noprofile --norc -e -o pipefail {0}
2026-10-07T00:19:21.5272680Z env:
2026-10-07T00:19:21.5273080Z   NAGI_FAILURE_DIR: /Users/runner/work/Nagi/Nagi/build/compiler-failures
2026-10-07T00:19:21.5273460Z   CARGO_HOME: /Users/runner/.cargo
2026-10-07T00:19:21.5273850Z   CARGO_INCREMENTAL: 0
2026-10-07T00:19:21.5274160Z   CARGO_TERM_COLOR: always
2026-10-07T00:19:21.5274550Z   pythonLocation: /Users/runner/hostedtoolcache/Python/3.12.10/arm64
2026-10-07T00:19:21.5275140Z   PKG_CONFIG_PATH: /Users/runner/hostedtoolcache/Python/3.12.10/arm64/lib/pkgconfig
2026-10-07T00:19:21.5275580Z   Python_ROOT_DIR: /Users/runner/hostedtoolcache/Python/3.12.10/arm64
2026-10-07T00:19:21.5276090Z   Python2_ROOT_DIR: /Users/runner/hostedtoolcache/Python/3.12.10/arm64
2026-10-07T00:19:21.5276490Z   Python3_ROOT_DIR: /Users/runner/hostedtoolcache/Python/3.12.10/arm64
2026-10-07T00:19:21.5276780Z ##[endgroup]
2026-10-07T00:19:21.7498760Z [1m[92m   Compiling[0m libc v0.2.189
2026-10-07T00:19:21.7515420Z [1m[92m   Compiling[0m proc-macro2 v1.0.107
2026-10-07T00:19:21.7623010Z [1m[92m   Compiling[0m quote v1.0.47
2026-10-07T00:19:21.9606700Z [1m[92m   Compiling[0m unicode-ident v1.0.26
2026-10-07T00:19:22.0823730Z [1m[92m   Compiling[0m bytes v1.12.1
2026-10-07T00:19:22.6594860Z [1m[92m   Compiling[0m pin-project-lite v0.2.17
2026-10-07T00:19:22.6942570Z [1m[92m   Compiling[0m version_check v0.9.5
2026-10-07T00:19:22.7052400Z [1m[92m   Compiling[0m errno v0.3.14
2026-10-07T00:19:22.7969190Z [1m[92m   Compiling[0m syn v3.0.6
2026-10-07T00:19:22.8492200Z [1m[92m   Compiling[0m futures-core v0.3.34
2026-10-07T00:19:22.9004000Z [1m[92m   Compiling[0m generic-array v0.14.7
2026-10-07T00:19:22.9370050Z [1m[92m   Compiling[0m signal-hook-registry v1.4.8
2026-10-07T00:19:23.0913890Z [1m[92m   Compiling[0m http v1.5.0
2026-10-07T00:19:23.1688100Z [1m[92m   Compiling[0m mio v1.2.3
2026-10-07T00:19:23.6462060Z [1m[92m   Compiling[0m socket2 v0.6.5
2026-10-07T00:19:23.9542180Z [1m[92m   Compiling[0m typenum v1.20.1
2026-10-07T00:19:24.0065430Z [1m[92m   Compiling[0m getrandom v0.3.4
2026-10-07T00:19:24.2491520Z [1m[92m   Compiling[0m cfg-if v1.0.5
2026-10-07T00:19:24.2883700Z [1m[92m   Compiling[0m zerocopy v0.8.59
2026-10-07T00:19:24.6206220Z [1m[92m   Compiling[0m serde_core v1.0.229
2026-10-07T00:19:24.8371050Z [1m[92m   Compiling[0m httparse v1.10.1
2026-10-07T00:19:25.1996400Z [1m[92m   Compiling[0m log v0.4.34
2026-10-07T00:19:25.3400000Z [1m[92m   Compiling[0m rand_core v0.9.5
2026-10-07T00:19:25.8704360Z [1m[92m   Compiling[0m tokio-macros v2.7.2
2026-10-07T00:19:26.3280370Z [1m[92m   Compiling[0m tokio v1.53.1
2026-10-07T00:19:28.2374170Z [1m[92m   Compiling[0m block-buffer v0.10.4
2026-10-07T00:19:28.3505090Z [1m[92m   Compiling[0m crypto-common v0.1.7
2026-10-07T00:19:28.4106610Z [1m[92m   Compiling[0m http-body v1.1.0
2026-10-07T00:19:28.5192720Z [1m[92m   Compiling[0m thiserror v2.0.21
2026-10-07T00:19:28.7558150Z [1m[92m   Compiling[0m once_cell v1.21.4
2026-10-07T00:19:28.8907520Z [1m[92m   Compiling[0m ppv-lite86 v0.2.21
2026-10-07T00:19:28.9169070Z [1m[92m   Compiling[0m tracing-core v0.1.36
2026-10-07T00:19:29.0650280Z [1m[92m   Compiling[0m rand_chacha v0.9.0
2026-10-07T00:19:29.4506450Z [1m[92m   Compiling[0m digest v0.10.7
2026-10-07T00:19:29.4997650Z [1m[92m   Compiling[0m thiserror-impl v2.0.21
2026-10-07T00:19:29.5810410Z [1m[92m   Compiling[0m futures-macro v0.3.34
2026-10-07T00:19:30.1377640Z [1m[92m   Compiling[0m cpufeatures v0.2.17
2026-10-07T00:19:30.1992340Z [1m[92m   Compiling[0m futures-task v0.3.34
2026-10-07T00:19:30.3247750Z [1m[92m   Compiling[0m smallvec v1.16.2
2026-10-07T00:19:30.5144080Z [1m[92m   Compiling[0m futures-sink v0.3.34
2026-10-07T00:19:30.5173230Z [1m[92m   Compiling[0m tower-service v0.3.3
2026-10-07T00:19:30.5641450Z [1m[92m   Compiling[0m serde v1.0.229
2026-10-07T00:19:30.5653630Z [1m[92m   Compiling[0m slab v0.4.12
2026-10-07T00:19:30.6758320Z [1m[92m   Compiling[0m futures-util v0.3.34
2026-10-07T00:19:30.8797450Z [1m[92m   Compiling[0m sha1 v0.10.7
2026-10-07T00:19:31.0137980Z [1m[92m   Compiling[0m tracing v0.1.44
2026-10-07T00:19:31.2209740Z [1m[92m   Compiling[0m rand v0.9.5
2026-10-07T00:19:31.7998830Z [1m[92m   Compiling[0m serde_derive v1.0.229
2026-10-07T00:19:32.5894320Z [1m[92m   Compiling[0m futures-channel v0.3.34
2026-10-07T00:19:32.7442190Z [1m[92m   Compiling[0m percent-encoding v2.3.2
2026-10-07T00:19:32.8698100Z [1m[92m   Compiling[0m tower-layer v0.3.3
2026-10-07T00:19:32.8699070Z [1m[92m   Compiling[0m serde_json v1.0.151
2026-10-07T00:19:32.9909900Z [1m[92m   Compiling[0m data-encoding v2.11.1
2026-10-07T00:19:33.0201900Z [1m[92m   Compiling[0m sync_wrapper v1.0.2
2026-10-07T00:19:33.0732850Z [1m[92m   Compiling[0m httpdate v1.0.3
2026-10-07T00:19:33.2611310Z [1m[92m   Compiling[0m atomic-waker v1.1.2
2026-10-07T00:19:33.3129340Z [1m[92m   Compiling[0m hyper v1.11.1
2026-10-07T00:19:33.9823080Z [1m[92m   Compiling[0m tungstenite v0.29.0
2026-10-07T00:19:35.2135620Z [1m[92m   Compiling[0m form_urlencoded v1.2.2
2026-10-07T00:19:35.2287030Z [1m[92m   Compiling[0m http-body-util v0.1.5
2026-10-07T00:19:35.3386460Z [1m[92m   Compiling[0m memchr v2.8.3
2026-10-07T00:19:35.3971120Z [1m[92m   Compiling[0m ryu v1.0.23
2026-10-07T00:19:35.5024950Z [1m[92m   Compiling[0m mime v0.3.17
2026-10-07T00:19:35.5537020Z [1m[92m   Compiling[0m serde_urlencoded v0.7.1
2026-10-07T00:19:35.7717460Z [1m[92m   Compiling[0m axum-core v0.5.6
2026-10-07T00:19:35.8970920Z [1m[92m   Compiling[0m tokio-tungstenite v0.29.0
2026-10-07T00:19:36.1456100Z [1m[92m   Compiling[0m hyper-util v0.1.21
2026-10-07T00:19:36.5824230Z [1m[92m   Compiling[0m tower v0.5.3
2026-10-07T00:19:36.9380110Z [1m[92m   Compiling[0m deadpool-runtime v0.3.1
2026-10-07T00:19:37.0334800Z [1m[92m   Compiling[0m serde_path_to_error v0.1.20
2026-10-07T00:19:37.1733890Z [1m[92m   Compiling[0m base64 v0.22.1
2026-10-07T00:19:37.2916260Z [1m[92m   Compiling[0m matchit v0.8.4
2026-10-07T00:19:37.3378320Z [1m[92m   Compiling[0m rusqlite v0.40.2
2026-10-07T00:19:37.4610010Z [1m[92m   Compiling[0m deadpool v0.13.1
2026-10-07T00:19:37.5857770Z [1m[92m   Compiling[0m axum v0.8.9
2026-10-07T00:19:37.6652380Z [1m[92m   Compiling[0m bumpalo v3.20.3
2026-10-07T00:19:41.9906190Z [1m[92m   Compiling[0m nagi-runtime v0.1.10 (/Users/runner/work/Nagi/Nagi/runtime)
2026-10-07T00:19:59.8779860Z [1m[92m    Finished[0m `test` profile [unoptimized + debuginfo] target(s) in 38.27s
2026-10-07T00:19:59.8957960Z [1m[92m     Running[0m unittests src/lib.rs (target/debug/deps/nagi_runtime-3998aafd24442072)
2026-10-07T00:19:59.9028790Z 
2026-10-07T00:19:59.9033310Z running 17 tests
2026-10-07T00:19:59.9082520Z test task::tests::cancelled_drain_can_resume_after_child_drop_gate ... ok
2026-10-07T00:19:59.9091310Z test task::tests::discard_keeps_fault_and_legacy_error_observation ... ok
2026-10-07T00:19:59.9102420Z test task::tests::fault_return_waits_for_requested_sibling_cleanup_and_actual_join ... ok
2026-10-07T00:19:59.9109670Z test task::tests::heterogeneous_results_and_business_error_keep_sibling_healthy ... ok
2026-10-07T00:19:59.9132700Z test task::tests::parent_drop_requests_abort_but_does_not_report_child_destruction_complete ... ok
2026-10-07T00:19:59.9142970Z test task::tests::legacy_structured_cause_preserves_kind_message_and_primary_after_later_fault ... ok
2026-10-07T00:19:59.9144970Z test task::tests::received_fault_remains_sticky_at_scope_exit ... ok
2026-10-07T00:19:59.9147290Z test task::tests::payload_drop_locations_distinguish_failed_send_buffer_and_received_value ... ok
2026-10-07T00:19:59.9149500Z test task::tests::fake_native_id_reuse_does_not_mix_unreceived_tickets_and_retire_records ... ok
2026-10-07T00:19:59.9151120Z test task::tests::receiver_notification_cannot_replace_actual_join ... ok
2026-10-07T00:19:59.9153100Z test task::tests::requested_cancel_does_not_hide_already_returned_legacy_error ... ok
2026-10-07T00:19:59.9155110Z test task::tests::spawn_after_fault_keeps_input_evaluation_and_actual_join_responsibility ... ok
2026-10-07T00:19:59.9156950Z test task::tests::requested_cancel_preserves_panic_and_unrequested_cancel_is_fault ... ok
2026-10-07T00:19:59.9158870Z test task::tests::target_other_than_first_join_and_body_error_primary_are_preserved ... ok
2026-10-07T00:19:59.9160890Z test task::tests::unpolled_and_pending_receive_drop_keep_scope_join_responsibility ... ok
2026-10-07T00:19:59.9163530Z test task::tests::wrong_owner_and_missing_output_are_protocol_errors_without_stolen_join ... ok
2026-10-07T00:19:59.9164920Z test task::tests::sticky_receive_retires_its_joined_ticket ... ok
2026-10-07T00:19:59.9165530Z 
2026-10-07T00:19:59.9166200Z test result: ok. 17 passed; 0 failed; 0 ignored; 0 measured; 191 filtered out; finished in 0.01s
2026-10-07T00:19:59.9166730Z 
2026-10-07T00:20:00.5913380Z [1m[92m   Compiling[0m nagi-runtime v0.1.10 (/Users/runner/work/Nagi/Nagi/runtime)
2026-10-07T00:20:05.1284700Z [1m[92m    Finished[0m `test` profile [unoptimized + debuginfo] target(s) in 4.96s
2026-10-07T00:20:05.1464040Z [1m[92m     Running[0m tests/task_handles.rs (target/debug/deps/task_handles-e66fc8ce90e0637e)
2026-10-07T00:20:05.1525180Z 
2026-10-07T00:20:05.1525670Z running 3 tests
2026-10-07T00:20:05.1532480Z test public_mixed_legacy_failure_keeps_failure_category_and_native_exit_error ... ok
2026-10-07T00:20:05.1533360Z test public_task_results_keep_business_error_inside_and_legacy_error_at_exit ... ok
2026-10-07T00:20:05.1534200Z test public_failure_getters_keep_fault_sticky_after_receive ... ok
2026-10-07T00:20:05.1534600Z 
2026-10-07T00:20:05.1535200Z test result: ok. 3 passed; 0 failed; 0 ignored; 0 measured; 0 filtered out; finished in 0.00s
2026-10-07T00:20:05.1535820Z 
2026-10-07T00:20:05.2843620Z [1m[92m    Finished[0m `test` profile [unoptimized + debuginfo] target(s) in 0.08s
2026-10-07T00:20:05.3044750Z [1m[92m   Doc-tests[0m nagi_runtime
2026-10-07T00:20:05.4823930Z 
2026-10-07T00:20:05.4825910Z running 9 tests
2026-10-07T00:20:05.5800930Z test runtime/src/auth.rs - auth::Principal (line 13) - compile fail ... ok
2026-10-07T00:20:05.6001470Z test runtime/src/auth.rs - auth::Grant (line 53) - compile fail ... ok
2026-10-07T00:20:05.6601000Z test runtime/src/auth.rs - auth::Grant (line 48) - compile fail ... ok
2026-10-07T00:20:05.6668790Z test runtime/src/auth.rs - auth::Principal (line 20) - compile fail ... ok
2026-10-07T00:20:05.6770750Z test runtime/src/auth.rs - auth::Principal (line 16) - compile fail ... ok
2026-10-07T00:20:05.7291050Z test runtime/src/task.rs - task::Task (line 87) - compile fail ... ok
2026-10-07T00:20:05.7352130Z test runtime/src/task.rs - task::Task (line 94) - compile fail ... ok
2026-10-07T00:20:05.7444370Z test runtime/src/task.rs - task::Task (line 83) - compile fail ... ok
2026-10-07T00:20:05.8017680Z test runtime/src/task.rs - task::TaskFailure (line 59) - compile fail ... ok
2026-10-07T00:20:05.8018620Z 
2026-10-07T00:20:05.8019650Z test result: ok. 9 passed; 0 failed; 0 ignored; 0 measured; 0 filtered out; finished in 0.32s
2026-10-07T00:20:05.8020530Z 
2026-10-07T00:20:05.8137520Z ##[group]Run cargo run --locked -p nagic --example task-contract-red -- --report "$RUNNER_TEMP/task-contracts.json"
2026-10-07T00:20:05.8138620Z [36;1mcargo run --locked -p nagic --example task-contract-red -- --report "$RUNNER_TEMP/task-contracts.json"[0m
2026-10-07T00:20:05.8251720Z shell: /bin/bash --noprofile --norc -e -o pipefail {0}
2026-10-07T00:20:05.8252020Z env:
2026-10-07T00:20:05.8252690Z   NAGI_FAILURE_DIR: /Users/runner/work/Nagi/Nagi/build/compiler-failures
2026-10-07T00:20:05.8253080Z   CARGO_HOME: /Users/runner/.cargo
2026-10-07T00:20:05.8253300Z   CARGO_INCREMENTAL: 0
2026-10-07T00:20:05.8253530Z   CARGO_TERM_COLOR: always
2026-10-07T00:20:05.8253880Z   pythonLocation: /Users/runner/hostedtoolcache/Python/3.12.10/arm64
2026-10-07T00:20:05.8254420Z   PKG_CONFIG_PATH: /Users/runner/hostedtoolcache/Python/3.12.10/arm64/lib/pkgconfig
2026-10-07T00:20:05.8254910Z   Python_ROOT_DIR: /Users/runner/hostedtoolcache/Python/3.12.10/arm64
2026-10-07T00:20:05.8255360Z   Python2_ROOT_DIR: /Users/runner/hostedtoolcache/Python/3.12.10/arm64
2026-10-07T00:20:05.8255860Z   Python3_ROOT_DIR: /Users/runner/hostedtoolcache/Python/3.12.10/arm64
2026-10-07T00:20:05.8256200Z ##[endgroup]
2026-10-07T00:20:05.9845430Z [1m[92m   Compiling[0m nagic v0.1.10 (/Users/runner/work/Nagi/Nagi/compiler)
2026-10-07T00:20:06.6283210Z [1m[92m    Finished[0m `dev` profile [unoptimized + debuginfo] target(s) in 0.71s
2026-10-07T00:20:06.6303220Z [1m[92m     Running[0m `target/debug/examples/task-contract-red --report /Users/runner/work/_temp/task-contracts.json`
2026-10-07T00:20:07.5870800Z Task contracts: 148/148 matched; report: /Users/runner/work/_temp/task-contracts.json
2026-10-07T00:20:07.5937550Z ##[group]Run python scripts/verify_library_examples.py --only task-results
2026-10-07T00:20:07.5938150Z [36;1mpython scripts/verify_library_examples.py --only task-results[0m
2026-10-07T00:20:07.5989520Z shell: /bin/bash -e {0}
2026-10-07T00:20:07.5989790Z env:
2026-10-07T00:20:07.5990160Z   NAGI_FAILURE_DIR: /Users/runner/work/Nagi/Nagi/build/compiler-failures
2026-10-07T00:20:07.5990530Z   CARGO_HOME: /Users/runner/.cargo
2026-10-07T00:20:07.5990890Z   CARGO_INCREMENTAL: 0
2026-10-07T00:20:07.5991130Z   CARGO_TERM_COLOR: always
2026-10-07T00:20:07.5991670Z   pythonLocation: /Users/runner/hostedtoolcache/Python/3.12.10/arm64
2026-10-07T00:20:07.5993090Z   PKG_CONFIG_PATH: /Users/runner/hostedtoolcache/Python/3.12.10/arm64/lib/pkgconfig
2026-10-07T00:20:07.5994530Z   Python_ROOT_DIR: /Users/runner/hostedtoolcache/Python/3.12.10/arm64
2026-10-07T00:20:07.5995100Z   Python2_ROOT_DIR: /Users/runner/hostedtoolcache/Python/3.12.10/arm64
2026-10-07T00:20:07.5995600Z   Python3_ROOT_DIR: /Users/runner/hostedtoolcache/Python/3.12.10/arm64
2026-10-07T00:20:07.5996010Z ##[endgroup]
2026-10-07T00:20:10.8183890Z Passed: task-results (high)
2026-10-07T00:20:12.9384060Z Passed: task-results (saved-low)
2026-10-07T00:20:15.0308010Z Passed: task-results (handwritten-low)
2026-10-07T00:20:15.0360020Z {"forms": 3, "status": "passed"}
2026-10-07T00:20:15.0540860Z ##[group]Run python scripts/verify_library_examples.py --only supervised-service
2026-10-07T00:20:15.0542160Z [36;1mpython scripts/verify_library_examples.py --only supervised-service[0m
2026-10-07T00:20:15.0601790Z shell: /bin/bash -e {0}
2026-10-07T00:20:15.0602090Z env:
2026-10-07T00:20:15.0603190Z   NAGI_FAILURE_DIR: /Users/runner/work/Nagi/Nagi/build/compiler-failures
2026-10-07T00:20:15.0604420Z   CARGO_HOME: /Users/runner/.cargo
2026-10-07T00:20:15.0604930Z   CARGO_INCREMENTAL: 0
2026-10-07T00:20:15.0605230Z   CARGO_TERM_COLOR: always
2026-10-07T00:20:15.0605680Z   pythonLocation: /Users/runner/hostedtoolcache/Python/3.12.10/arm64
2026-10-07T00:20:15.0606190Z   PKG_CONFIG_PATH: /Users/runner/hostedtoolcache/Python/3.12.10/arm64/lib/pkgconfig
2026-10-07T00:20:15.0606720Z   Python_ROOT_DIR: /Users/runner/hostedtoolcache/Python/3.12.10/arm64
2026-10-07T00:20:15.0607150Z   Python2_ROOT_DIR: /Users/runner/hostedtoolcache/Python/3.12.10/arm64
2026-10-07T00:20:15.0607710Z   Python3_ROOT_DIR: /Users/runner/hostedtoolcache/Python/3.12.10/arm64
2026-10-07T00:20:15.0608160Z ##[endgroup]
2026-10-07T00:20:24.3877910Z Passed: supervised-service (high)
2026-10-07T00:20:33.4534650Z Passed: supervised-service (saved-low)
2026-10-07T00:20:42.1226370Z Passed: supervised-service (handwritten-low)
2026-10-07T00:20:42.1277720Z {"forms": 3, "status": "passed"}
2026-10-07T00:20:42.1625830Z ##[group]Run python -m unittest discover -s scripts -p 'test_native_artifacts.py'
2026-10-07T00:20:42.1628670Z [36;1mpython -m unittest discover -s scripts -p 'test_native_artifacts.py'[0m
2026-10-07T00:20:42.1750440Z shell: /bin/bash -e {0}
2026-10-07T00:20:42.1750820Z env:
2026-10-07T00:20:42.1751350Z   NAGI_FAILURE_DIR: /Users/runner/work/Nagi/Nagi/build/compiler-failures
2026-10-07T00:20:42.1751750Z   CARGO_HOME: /Users/runner/.cargo
2026-10-07T00:20:42.1752010Z   CARGO_INCREMENTAL: 0
2026-10-07T00:20:42.1752230Z   CARGO_TERM_COLOR: always
2026-10-07T00:20:42.1752640Z   pythonLocation: /Users/runner/hostedtoolcache/Python/3.12.10/arm64
2026-10-07T00:20:42.1753110Z   PKG_CONFIG_PATH: /Users/runner/hostedtoolcache/Python/3.12.10/arm64/lib/pkgconfig
2026-10-07T00:20:42.1753730Z   Python_ROOT_DIR: /Users/runner/hostedtoolcache/Python/3.12.10/arm64
2026-10-07T00:20:42.1754390Z   Python2_ROOT_DIR: /Users/runner/hostedtoolcache/Python/3.12.10/arm64
2026-10-07T00:20:42.1754960Z   Python3_ROOT_DIR: /Users/runner/hostedtoolcache/Python/3.12.10/arm64
2026-10-07T00:20:42.1755370Z ##[endgroup]
2026-10-07T00:20:42.4611190Z .........
2026-10-07T00:20:42.4613290Z ----------------------------------------------------------------------
2026-10-07T00:20:42.4613790Z Ran 9 tests in 0.041s
2026-10-07T00:20:42.4614030Z 
2026-10-07T00:20:42.4614160Z OK
2026-10-07T00:20:42.4739810Z ##[group]Run python -m unittest discover -s scripts -p 'test_application_native_tests.py'
2026-10-07T00:20:42.4740590Z [36;1mpython -m unittest discover -s scripts -p 'test_application_native_tests.py'[0m
2026-10-07T00:20:42.4801990Z shell: /bin/bash -e {0}
2026-10-07T00:20:42.4802820Z env:
2026-10-07T00:20:42.4803620Z   NAGI_FAILURE_DIR: /Users/runner/work/Nagi/Nagi/build/compiler-failures
2026-10-07T00:20:42.4804760Z   CARGO_HOME: /Users/runner/.cargo
2026-10-07T00:20:42.4805420Z   CARGO_INCREMENTAL: 0
2026-10-07T00:20:42.4806120Z   CARGO_TERM_COLOR: always
2026-10-07T00:20:42.4806980Z   pythonLocation: /Users/runner/hostedtoolcache/Python/3.12.10/arm64
2026-10-07T00:20:42.4808120Z   PKG_CONFIG_PATH: /Users/runner/hostedtoolcache/Python/3.12.10/arm64/lib/pkgconfig
2026-10-07T00:20:42.4809710Z   Python_ROOT_DIR: /Users/runner/hostedtoolcache/Python/3.12.10/arm64
2026-10-07T00:20:42.4810760Z   Python2_ROOT_DIR: /Users/runner/hostedtoolcache/Python/3.12.10/arm64
2026-10-07T00:20:42.4812310Z   Python3_ROOT_DIR: /Users/runner/hostedtoolcache/Python/3.12.10/arm64
2026-10-07T00:20:42.4813310Z ##[endgroup]
2026-10-07T00:20:42.7171870Z .....
2026-10-07T00:20:42.7172890Z ----------------------------------------------------------------------
2026-10-07T00:20:42.7173500Z Ran 5 tests in 0.025s
2026-10-07T00:20:42.7220760Z 
2026-10-07T00:20:42.7229480Z OK
2026-10-07T00:20:42.7347090Z ##[group]Run cargo test --locked -p nagi-runtime oversized_body_ -- --test-threads=1
2026-10-07T00:20:42.7349700Z [36;1mcargo test --locked -p nagi-runtime oversized_body_ -- --test-threads=1[0m
2026-10-07T00:20:42.7407780Z shell: /bin/bash -e {0}
2026-10-07T00:20:42.7408030Z env:
2026-10-07T00:20:42.7408290Z   NAGI_FAILURE_DIR: /Users/runner/work/Nagi/Nagi/build/compiler-failures
2026-10-07T00:20:42.7408660Z   CARGO_HOME: /Users/runner/.cargo
2026-10-07T00:20:42.7408950Z   CARGO_INCREMENTAL: 0
2026-10-07T00:20:42.7409210Z   CARGO_TERM_COLOR: always
2026-10-07T00:20:42.7410920Z   pythonLocation: /Users/runner/hostedtoolcache/Python/3.12.10/arm64
2026-10-07T00:20:42.7411350Z   PKG_CONFIG_PATH: /Users/runner/hostedtoolcache/Python/3.12.10/arm64/lib/pkgconfig
2026-10-07T00:20:42.7411780Z   Python_ROOT_DIR: /Users/runner/hostedtoolcache/Python/3.12.10/arm64
2026-10-07T00:20:42.7412170Z   Python2_ROOT_DIR: /Users/runner/hostedtoolcache/Python/3.12.10/arm64
2026-10-07T00:20:42.7412640Z   Python3_ROOT_DIR: /Users/runner/hostedtoolcache/Python/3.12.10/arm64
2026-10-07T00:20:42.7413020Z ##[endgroup]
2026-10-07T00:20:42.9542550Z [1m[92m    Finished[0m `test` profile [unoptimized + debuginfo] target(s) in 0.11s
2026-10-07T00:20:42.9568090Z [1m[92m     Running[0m unittests src/lib.rs (target/debug/deps/nagi_runtime-3998aafd24442072)
2026-10-07T00:20:42.9654100Z 
2026-10-07T00:20:42.9655060Z running 5 tests
2026-10-07T00:20:43.1805520Z test http_server::tests::oversized_body_boundary_accepts_4096_and_incomplete_upload_keeps_body_deadline ... ok
2026-10-07T00:20:43.1841190Z test http_server::tests::oversized_body_chunked_delivers_413_with_or_without_final_chunk ... ok
2026-10-07T00:20:43.1872790Z test http_server::tests::oversized_body_content_length_delivers_413_without_calling_handler ... ok
2026-10-07T00:20:43.1905730Z test http_server::tests::oversized_body_declared_length_rejects_headers_and_incomplete_upload_promptly ... ok
2026-10-07T00:20:43.1921410Z test http_server::tests::oversized_body_rejects_keep_alive_upload_and_never_dispatches_pipeline ... ok
2026-10-07T00:20:43.1923090Z 
2026-10-07T00:20:43.1923740Z test result: ok. 5 passed; 0 failed; 0 ignored; 0 measured; 203 filtered out; finished in 0.23s
2026-10-07T00:20:43.1924100Z 
2026-10-07T00:20:43.1930590Z [1m[92m     Running[0m tests/task_handles.rs (target/debug/deps/task_handles-e66fc8ce90e0637e)
2026-10-07T00:20:43.1997660Z 
2026-10-07T00:20:43.1998400Z running 0 tests
2026-10-07T00:20:43.1998770Z 
2026-10-07T00:20:43.1999670Z test result: ok. 0 passed; 0 failed; 0 ignored; 0 measured; 3 filtered out; finished in 0.00s
2026-10-07T00:20:43.2000410Z 
2026-10-07T00:20:43.2060750Z ##[group]Run cargo test --locked -p nagi-runtime panic_ -- --test-threads=1
2026-10-07T00:20:43.2061240Z [36;1mcargo test --locked -p nagi-runtime panic_ -- --test-threads=1[0m
2026-10-07T00:20:43.2124980Z shell: /bin/bash -e {0}
2026-10-07T00:20:43.2125220Z env:
2026-10-07T00:20:43.2125500Z   NAGI_FAILURE_DIR: /Users/runner/work/Nagi/Nagi/build/compiler-failures
2026-10-07T00:20:43.2125940Z   CARGO_HOME: /Users/runner/.cargo
2026-10-07T00:20:43.2126170Z   CARGO_INCREMENTAL: 0
2026-10-07T00:20:43.2126370Z   CARGO_TERM_COLOR: always
2026-10-07T00:20:43.2126660Z   pythonLocation: /Users/runner/hostedtoolcache/Python/3.12.10/arm64
2026-10-07T00:20:43.2127090Z   PKG_CONFIG_PATH: /Users/runner/hostedtoolcache/Python/3.12.10/arm64/lib/pkgconfig
2026-10-07T00:20:43.2127570Z   Python_ROOT_DIR: /Users/runner/hostedtoolcache/Python/3.12.10/arm64
2026-10-07T00:20:43.2128020Z   Python2_ROOT_DIR: /Users/runner/hostedtoolcache/Python/3.12.10/arm64
2026-10-07T00:20:43.2128450Z   Python3_ROOT_DIR: /Users/runner/hostedtoolcache/Python/3.12.10/arm64
2026-10-07T00:20:43.2128730Z ##[endgroup]
2026-10-07T00:20:43.3344400Z [1m[92m    Finished[0m `test` profile [unoptimized + debuginfo] target(s) in 0.04s
2026-10-07T00:20:43.3370400Z [1m[92m     Running[0m unittests src/lib.rs (target/debug/deps/nagi_runtime-3998aafd24442072)
2026-10-07T00:20:43.3423150Z 
2026-10-07T00:20:43.3424600Z running 18 tests
2026-10-07T00:20:43.4041910Z test actor::lifecycle_adversarial_tests::a_blocking_panic_payload_destructor_remains_a_retained_child_obligation ... ok
2026-10-07T00:20:43.4083440Z test actor::lifecycle_adversarial_tests::a_factory_constructor_panic_does_not_lose_the_context_cleanup_obligation ... ok
2026-10-07T00:20:43.4622020Z test actor::lifecycle_adversarial_tests::a_finite_follow_on_panic_payload_retains_the_guard_and_context_until_drop_finishes ... ok
2026-10-07T00:20:43.4630920Z test actor::lifecycle_adversarial_tests::a_panic_payload_destructor_can_observe_and_stop_its_group_without_a_lock_cycle ... ok
2026-10-07T00:20:43.4637160Z test actor::lifecycle_adversarial_tests::context_owned_by_a_child_panic_payload_is_cleaned_before_final_context_cleanup ... ok
2026-10-07T00:20:43.4658160Z test concurrent::tests::panic_isolated ... ok
2026-10-07T00:20:43.4817100Z test http::panic_tests::handler_extractor_and_response_panics_return_sanitized_500_for_get_and_head ... ok
2026-10-07T00:20:43.7125060Z test http_server::tests::handler_panic_after_deadline_returns_500_and_releases_admission ... ok
2026-10-07T00:20:43.7147150Z test http_server::tests::panic_tests::http_error_mapper_panic_returns_500 ... ok
2026-10-07T00:20:43.7170140Z test http_server::tests::panic_tests::http_handler_constructor_panic_returns_500 ... ok
2026-10-07T00:20:43.7198000Z test http_server::tests::panic_tests::http_handler_division_by_zero_returns_500_and_server_keeps_serving ... ok
2026-10-07T00:20:43.7243860Z test http_server::tests::panic_tests::http_handler_out_of_bounds_returns_500_and_server_keeps_serving ... ok
2026-10-07T00:20:43.7259930Z test http_server::tests::panic_tests::http_handler_panic_after_await_returns_500_without_exposing_payload ... ok
2026-10-07T00:20:43.7285580Z test http_server::tests::panic_tests::http_handler_panic_head_response_has_no_body ... ok
2026-10-07T00:20:43.7313710Z test sqlite_prototype::adapter_tests::callback_panic_retires_pool_and_join_does_not_hide_native_close_failure ... ok
2026-10-07T00:20:43.7336550Z test sqlite_prototype::tests::management_panic_restores_raii_flag_before_observed_rollback_and_retirement ... ok
2026-10-07T00:20:43.7340970Z test sqlite_prototype::tests::user_callback_panic_restores_management_state_and_retires_worker ... ok
2026-10-07T00:20:43.7354010Z test task::tests::requested_cancel_preserves_panic_and_unrequested_cancel_is_fault ... ok
2026-10-07T00:20:43.7354320Z 
2026-10-07T00:20:43.7354680Z test result: ok. 18 passed; 0 failed; 0 ignored; 0 measured; 190 filtered out; finished in 0.39s
2026-10-07T00:20:43.7354970Z 
2026-10-07T00:20:43.7378670Z [1m[92m     Running[0m tests/task_handles.rs (target/debug/deps/task_handles-e66fc8ce90e0637e)
2026-10-07T00:20:43.7427830Z 
2026-10-07T00:20:43.7428850Z running 0 tests
2026-10-07T00:20:43.7429270Z 
2026-10-07T00:20:43.7431760Z test result: ok. 0 passed; 0 failed; 0 ignored; 0 measured; 3 filtered out; finished in 0.00s
2026-10-07T00:20:43.7432130Z 
2026-10-07T00:20:43.7483010Z ##[group]Run cargo test --locked -p nagi-runtime handler_timeout_ -- --test-threads=1
2026-10-07T00:20:43.7483530Z [36;1mcargo test --locked -p nagi-runtime handler_timeout_ -- --test-threads=1[0m
2026-10-07T00:20:43.7517830Z shell: /bin/bash -e {0}
2026-10-07T00:20:43.7518040Z env:
2026-10-07T00:20:43.7518290Z   NAGI_FAILURE_DIR: /Users/runner/work/Nagi/Nagi/build/compiler-failures
2026-10-07T00:20:43.7518610Z   CARGO_HOME: /Users/runner/.cargo
2026-10-07T00:20:43.7518810Z   CARGO_INCREMENTAL: 0
2026-10-07T00:20:43.7519010Z   CARGO_TERM_COLOR: always
2026-10-07T00:20:43.7519280Z   pythonLocation: /Users/runner/hostedtoolcache/Python/3.12.10/arm64
2026-10-07T00:20:43.7519720Z   PKG_CONFIG_PATH: /Users/runner/hostedtoolcache/Python/3.12.10/arm64/lib/pkgconfig
2026-10-07T00:20:43.7520130Z   Python_ROOT_DIR: /Users/runner/hostedtoolcache/Python/3.12.10/arm64
2026-10-07T00:20:43.7520500Z   Python2_ROOT_DIR: /Users/runner/hostedtoolcache/Python/3.12.10/arm64
2026-10-07T00:20:43.7520900Z   Python3_ROOT_DIR: /Users/runner/hostedtoolcache/Python/3.12.10/arm64
2026-10-07T00:20:43.7521340Z ##[endgroup]
2026-10-07T00:20:43.8836730Z [1m[92m    Finished[0m `test` profile [unoptimized + debuginfo] target(s) in 0.05s
2026-10-07T00:20:43.8882190Z [1m[92m     Running[0m unittests src/lib.rs (target/debug/deps/nagi_runtime-3998aafd24442072)
2026-10-07T00:20:43.8934090Z 
2026-10-07T00:20:43.8934680Z running 2 tests
2026-10-07T00:20:43.9977930Z test http_server::tests::handler_timeout_cancels_future_and_releases_request_capacity ... ok
2026-10-07T00:20:44.0812360Z test http_server::tests::handler_timeout_rejects_a_ready_response_after_blocking_poll ... ok
2026-10-07T00:20:44.0813290Z 
2026-10-07T00:20:44.0814250Z test result: ok. 2 passed; 0 failed; 0 ignored; 0 measured; 206 filtered out; finished in 0.19s
2026-10-07T00:20:44.0815080Z 
2026-10-07T00:20:44.0816370Z [1m[92m     Running[0m tests/task_handles.rs (target/debug/deps/task_handles-e66fc8ce90e0637e)
2026-10-07T00:20:44.0864830Z 
2026-10-07T00:20:44.0865630Z running 0 tests
2026-10-07T00:20:44.0866010Z 
2026-10-07T00:20:44.0866970Z test result: ok. 0 passed; 0 failed; 0 ignored; 0 measured; 3 filtered out; finished in 0.00s
2026-10-07T00:20:44.0867870Z 
2026-10-07T00:20:44.0924080Z ##[group]Run python scripts/releases/package.py --binary "target/release/$RELEASE_EXECUTABLE" --version "$RELEASE_VERSION" --platform "$RELEASE_PLATFORM"
2026-10-07T00:20:44.0925070Z [36;1mpython scripts/releases/package.py --binary "target/release/$RELEASE_EXECUTABLE" --version "$RELEASE_VERSION" --platform "$RELEASE_PLATFORM"[0m
2026-10-07T00:20:44.0964580Z shell: /bin/bash --noprofile --norc -e -o pipefail {0}
2026-10-07T00:20:44.0964920Z env:
2026-10-07T00:20:44.0965180Z   NAGI_FAILURE_DIR: /Users/runner/work/Nagi/Nagi/build/compiler-failures
2026-10-07T00:20:44.0965510Z   CARGO_HOME: /Users/runner/.cargo
2026-10-07T00:20:44.0965730Z   CARGO_INCREMENTAL: 0
2026-10-07T00:20:44.0965910Z   CARGO_TERM_COLOR: always
2026-10-07T00:20:44.0966200Z   pythonLocation: /Users/runner/hostedtoolcache/Python/3.12.10/arm64
2026-10-07T00:20:44.0966610Z   PKG_CONFIG_PATH: /Users/runner/hostedtoolcache/Python/3.12.10/arm64/lib/pkgconfig
2026-10-07T00:20:44.0967050Z   Python_ROOT_DIR: /Users/runner/hostedtoolcache/Python/3.12.10/arm64
2026-10-07T00:20:44.0967410Z   Python2_ROOT_DIR: /Users/runner/hostedtoolcache/Python/3.12.10/arm64
2026-10-07T00:20:44.0967770Z   Python3_ROOT_DIR: /Users/runner/hostedtoolcache/Python/3.12.10/arm64
2026-10-07T00:20:44.0968160Z   RELEASE_VERSION: 0.1.10
2026-10-07T00:20:44.0968370Z   RELEASE_PLATFORM: macos-arm64
2026-10-07T00:20:44.0968570Z   RELEASE_EXECUTABLE: nagic
2026-10-07T00:20:44.0968750Z ##[endgroup]
2026-10-07T00:20:44.7807930Z /Users/runner/work/Nagi/Nagi/build/distribution/nagi-0.1.10-macos-arm64.tar.gz
2026-10-07T00:20:44.7892150Z ##[group]Run python - <<'PY'
2026-10-07T00:20:44.7893020Z [36;1mpython - <<'PY'[0m
2026-10-07T00:20:44.7893540Z [36;1mimport os, sys[0m
2026-10-07T00:20:44.7894040Z [36;1mfrom pathlib import Path[0m
2026-10-07T00:20:44.7894700Z [36;1msys.path.insert(0, 'scripts/releases')[0m
2026-10-07T00:20:44.7895500Z [36;1mfrom verify import verify[0m
2026-10-07T00:20:44.7896400Z [36;1mversion, platform = os.environ['RELEASE_VERSION'], os.environ['RELEASE_PLATFORM'][0m
2026-10-07T00:20:44.7897490Z [36;1msuffix = '.zip' if os.name == 'nt' else '.tar.gz'[0m
2026-10-07T00:20:44.7898760Z [36;1mverify(Path('build/distribution') / f'nagi-{version}-{platform}{suffix}', version, platform, Path('native-target'))[0m
2026-10-07T00:20:44.7899930Z [36;1mPY[0m
2026-10-07T00:20:44.7985260Z shell: /bin/bash --noprofile --norc -e -o pipefail {0}
2026-10-07T00:20:44.7985540Z env:
2026-10-07T00:20:44.7985800Z   NAGI_FAILURE_DIR: /Users/runner/work/Nagi/Nagi/build/compiler-failures
2026-10-07T00:20:44.7986170Z   CARGO_HOME: /Users/runner/.cargo
2026-10-07T00:20:44.7986390Z   CARGO_INCREMENTAL: 0
2026-10-07T00:20:44.7986570Z   CARGO_TERM_COLOR: always
2026-10-07T00:20:44.7986840Z   pythonLocation: /Users/runner/hostedtoolcache/Python/3.12.10/arm64
2026-10-07T00:20:44.7987240Z   PKG_CONFIG_PATH: /Users/runner/hostedtoolcache/Python/3.12.10/arm64/lib/pkgconfig
2026-10-07T00:20:44.7987820Z   Python_ROOT_DIR: /Users/runner/hostedtoolcache/Python/3.12.10/arm64
2026-10-07T00:20:44.7988190Z   Python2_ROOT_DIR: /Users/runner/hostedtoolcache/Python/3.12.10/arm64
2026-10-07T00:20:44.7988570Z   Python3_ROOT_DIR: /Users/runner/hostedtoolcache/Python/3.12.10/arm64
2026-10-07T00:20:44.7988960Z   RELEASE_VERSION: 0.1.10
2026-10-07T00:20:44.7989150Z   RELEASE_PLATFORM: macos-arm64
2026-10-07T00:20:44.7989400Z   RELEASE_EXECUTABLE: nagic
2026-10-07T00:20:44.7989580Z ##[endgroup]
2026-10-07T00:21:04.8582820Z Verified SQL engine: extracted compiler, offline schema, bad columns/binds, Nagi locations, no Cargo/runtime
2026-10-07T00:21:04.8585490Z Verified 0.1.10 macos-arm64: PATH, external projects, version, help, function aliases, shared/borrowed JSON, early Nagi diagnostics
2026-10-07T00:21:04.8586770Z Verified local Rust dependency: manifest-relative path, package alias, features, default-features, separate cwd/output
2026-10-07T00:21:04.8588120Z Verified standard actor library: extracted runtime, typed context, task, tracked cleanup
2026-10-07T00:21:04.8589380Z Verified Task handles: extracted compiler/runtime, High/saved Low/handwritten Low, receive/discard, nested business Err, early ownership diagnostics
2026-10-07T00:21:04.8850390Z ##[group]Run python tests/route_integration.py
2026-10-07T00:21:04.8851280Z [36;1mpython tests/route_integration.py[0m
2026-10-07T00:21:04.8933140Z shell: /bin/bash -e {0}
2026-10-07T00:21:04.8933440Z env:
2026-10-07T00:21:04.8933920Z   NAGI_FAILURE_DIR: /Users/runner/work/Nagi/Nagi/build/compiler-failures
2026-10-07T00:21:04.8934320Z   CARGO_HOME: /Users/runner/.cargo
2026-10-07T00:21:04.8934620Z   CARGO_INCREMENTAL: 0
2026-10-07T00:21:04.8934840Z   CARGO_TERM_COLOR: always
2026-10-07T00:21:04.8935210Z   pythonLocation: /Users/runner/hostedtoolcache/Python/3.12.10/arm64
2026-10-07T00:21:04.8935680Z   PKG_CONFIG_PATH: /Users/runner/hostedtoolcache/Python/3.12.10/arm64/lib/pkgconfig
2026-10-07T00:21:04.8936200Z   Python_ROOT_DIR: /Users/runner/hostedtoolcache/Python/3.12.10/arm64
2026-10-07T00:21:04.8936670Z   Python2_ROOT_DIR: /Users/runner/hostedtoolcache/Python/3.12.10/arm64
2026-10-07T00:21:04.8937080Z   Python3_ROOT_DIR: /Users/runner/hostedtoolcache/Python/3.12.10/arm64
2026-10-07T00:21:04.8937600Z ##[endgroup]
2026-10-07T00:21:11.2786520Z HTTP route parameters: 7 passed
2026-10-07T00:21:11.2938330Z ##[group]Run python tests/http_stdlib_integration.py
2026-10-07T00:21:11.2939560Z [36;1mpython tests/http_stdlib_integration.py[0m
2026-10-07T00:21:11.3048000Z shell: /bin/bash -e {0}
2026-10-07T00:21:11.3048280Z env:
2026-10-07T00:21:11.3048720Z   NAGI_FAILURE_DIR: /Users/runner/work/Nagi/Nagi/build/compiler-failures
2026-10-07T00:21:11.3049090Z   CARGO_HOME: /Users/runner/.cargo
2026-10-07T00:21:11.3049490Z   CARGO_INCREMENTAL: 0
2026-10-07T00:21:11.3049750Z   CARGO_TERM_COLOR: always
2026-10-07T00:21:11.3050150Z   pythonLocation: /Users/runner/hostedtoolcache/Python/3.12.10/arm64
2026-10-07T00:21:11.3050890Z   PKG_CONFIG_PATH: /Users/runner/hostedtoolcache/Python/3.12.10/arm64/lib/pkgconfig
2026-10-07T00:21:11.3051360Z   Python_ROOT_DIR: /Users/runner/hostedtoolcache/Python/3.12.10/arm64
2026-10-07T00:21:11.3051940Z   Python2_ROOT_DIR: /Users/runner/hostedtoolcache/Python/3.12.10/arm64
2026-10-07T00:21:11.3052620Z   Python3_ROOT_DIR: /Users/runner/hostedtoolcache/Python/3.12.10/arm64
2026-10-07T00:21:11.3053050Z ##[endgroup]
2026-10-07T00:21:25.0067890Z Standard HTTP Nagi integration: 72 passed (High and independent Low)
2026-10-07T00:21:25.0333080Z ##[group]Run cargo test --locked -p nagic --test scoped_tasks
2026-10-07T00:21:25.0333590Z [36;1mcargo test --locked -p nagic --test scoped_tasks[0m
2026-10-07T00:21:25.0410020Z shell: /bin/bash -e {0}
2026-10-07T00:21:25.0410820Z env:
2026-10-07T00:21:25.0411570Z   NAGI_FAILURE_DIR: /Users/runner/work/Nagi/Nagi/build/compiler-failures
2026-10-07T00:21:25.0413330Z   CARGO_HOME: /Users/runner/.cargo
2026-10-07T00:21:25.0414170Z   CARGO_INCREMENTAL: 0
2026-10-07T00:21:25.0416670Z   CARGO_TERM_COLOR: always
2026-10-07T00:21:25.0417570Z   pythonLocation: /Users/runner/hostedtoolcache/Python/3.12.10/arm64
2026-10-07T00:21:25.0418720Z   PKG_CONFIG_PATH: /Users/runner/hostedtoolcache/Python/3.12.10/arm64/lib/pkgconfig
2026-10-07T00:21:25.0420040Z   Python_ROOT_DIR: /Users/runner/hostedtoolcache/Python/3.12.10/arm64
2026-10-07T00:21:25.0421110Z   Python2_ROOT_DIR: /Users/runner/hostedtoolcache/Python/3.12.10/arm64
2026-10-07T00:21:25.0422370Z   Python3_ROOT_DIR: /Users/runner/hostedtoolcache/Python/3.12.10/arm64
2026-10-07T00:21:25.0423330Z ##[endgroup]
2026-10-07T00:21:25.2319100Z [1m[92m   Compiling[0m nagic v0.1.10 (/Users/runner/work/Nagi/Nagi/compiler)
2026-10-07T00:21:25.6354610Z [1m[92m    Finished[0m `test` profile [unoptimized + debuginfo] target(s) in 0.46s
2026-10-07T00:21:25.6373650Z [1m[92m     Running[0m tests/scoped_tasks.rs (target/debug/deps/scoped_tasks-906a7401c192b8b6)
2026-10-07T00:21:25.6409790Z 
2026-10-07T00:21:25.6511440Z running 5 tests
2026-10-07T00:21:25.6530540Z test moving_an_owned_argument_still_consumes_it_before_later_parent_work ... ok
2026-10-07T00:21:25.6631190Z test futures_that_still_hold_views_are_rejected_after_copying_containers ... ok
2026-10-07T00:21:25.6640830Z test scope_rejects_known_foreign_error_types_and_preserves_local_error_adapters ... ok
2026-10-07T00:21:25.6644940Z test copied_views_and_values_computed_from_views_can_enter_tasks ... ok
2026-10-07T00:21:25.9271960Z test spawn_evaluates_owned_arguments_before_parent_continues_and_keeps_sources ... ok
2026-10-07T00:21:25.9272420Z 
2026-10-07T00:21:25.9272960Z test result: ok. 5 passed; 0 failed; 0 ignored; 0 measured; 0 filtered out; finished in 0.29s
2026-10-07T00:21:25.9273390Z 
2026-10-07T00:21:25.9324700Z ##[group]Run cargo test --locked -p nagi-runtime actor::
2026-10-07T00:21:25.9325120Z [36;1mcargo test --locked -p nagi-runtime actor::[0m
2026-10-07T00:21:25.9325530Z [36;1mcargo test --locked -p nagi-runtime supervisor_drop[0m
2026-10-07T00:21:25.9375620Z shell: /bin/bash -e {0}
2026-10-07T00:21:25.9375920Z env:
2026-10-07T00:21:25.9376320Z   NAGI_FAILURE_DIR: /Users/runner/work/Nagi/Nagi/build/compiler-failures
2026-10-07T00:21:25.9376700Z   CARGO_HOME: /Users/runner/.cargo
2026-10-07T00:21:25.9377070Z   CARGO_INCREMENTAL: 0
2026-10-07T00:21:25.9377310Z   CARGO_TERM_COLOR: always
2026-10-07T00:21:25.9377690Z   pythonLocation: /Users/runner/hostedtoolcache/Python/3.12.10/arm64
2026-10-07T00:21:25.9378230Z   PKG_CONFIG_PATH: /Users/runner/hostedtoolcache/Python/3.12.10/arm64/lib/pkgconfig
2026-10-07T00:21:25.9378750Z   Python_ROOT_DIR: /Users/runner/hostedtoolcache/Python/3.12.10/arm64
2026-10-07T00:21:25.9379260Z   Python2_ROOT_DIR: /Users/runner/hostedtoolcache/Python/3.12.10/arm64
2026-10-07T00:21:25.9379750Z   Python3_ROOT_DIR: /Users/runner/hostedtoolcache/Python/3.12.10/arm64
2026-10-07T00:21:25.9380160Z ##[endgroup]
2026-10-07T00:21:26.1052020Z [1m[92m    Finished[0m `test` profile [unoptimized + debuginfo] target(s) in 0.10s
2026-10-07T00:21:26.1152340Z [1m[92m     Running[0m unittests src/lib.rs (target/debug/deps/nagi_runtime-3998aafd24442072)
2026-10-07T00:21:26.1256460Z 
2026-10-07T00:21:26.1357670Z running 44 tests
2026-10-07T00:21:26.1374220Z test actor::charge::tests::arithmetic_and_expired_deadlines_fail_before_acceptance ... ok
2026-10-07T00:21:26.1376210Z test actor::charge::tests::option_and_result_visit_only_the_active_payload ... ok
2026-10-07T00:21:26.1379150Z test actor::charge::tests::list_capacity_and_only_initialized_elements_contribute_heap ... ok
2026-10-07T00:21:26.1383990Z test actor::charge::tests::retained_string_bytes_and_error_capacities_are_charged ... ok
2026-10-07T00:21:26.1385660Z test actor::charge::tests::root_inline_and_envelope_are_counted_once ... ok
2026-10-07T00:21:26.1386370Z test actor::charge::tests::recursive_owned_graphs_obey_depth_limit_and_restore_walk_after_errors ... ok
2026-10-07T00:21:26.1387210Z test actor::charge::tests::inline_only_lists_skip_every_element_and_zero_sized_capacity_is_safe ... ok
2026-10-07T00:21:26.1388530Z test actor::charge::tests::work_budget_includes_root_and_initialized_non_inline_elements ... ok
2026-10-07T00:21:26.1392820Z test actor::lifecycle_adversarial_tests::a_factory_constructor_panic_does_not_lose_the_context_cleanup_obligation ... ok
2026-10-07T00:21:26.1907430Z test actor::lifecycle_adversarial_tests::a_finite_follow_on_panic_payload_retains_the_guard_and_context_until_drop_finishes ... ok
2026-10-07T00:21:26.1945570Z test actor::lifecycle_adversarial_tests::a_blocking_panic_payload_destructor_remains_a_retained_child_obligation ... ok
2026-10-07T00:21:26.1946540Z test actor::lifecycle_adversarial_tests::a_blocking_native_poll_retains_its_child_record_until_it_returns ... ok
2026-10-07T00:21:26.1947440Z test actor::lifecycle_adversarial_tests::a_panic_payload_destructor_can_observe_and_stop_its_group_without_a_lock_cycle ... ok
2026-10-07T00:21:26.1948400Z test actor::lifecycle_adversarial_tests::a_reply_completed_after_deadline_times_out_even_when_already_buffered ... ok
2026-10-07T00:21:26.1949280Z test actor::lifecycle_adversarial_tests::a_late_buffered_outer_failure_obeys_the_same_reply_deadline ... ok
2026-10-07T00:21:26.1950710Z test actor::lifecycle_adversarial_tests::a_reply_completed_before_deadline_succeeds_when_the_caller_polls_after_deadline ... ok
2026-10-07T00:21:26.2451040Z test actor::lifecycle_adversarial_tests::a_non_yielding_poll_cannot_be_reported_as_completed_cleanup ... ok
2026-10-07T00:21:26.2453340Z test actor::lifecycle_adversarial_tests::an_event_only_surviving_control_drains_cleanup_and_observes_stream_close ... ok
2026-10-07T00:21:26.2535210Z test actor::lifecycle_adversarial_tests::a_surviving_control_can_finish_cleanup_after_the_running_owner_is_dropped ... ok
2026-10-07T00:21:26.2559970Z test actor::lifecycle_adversarial_tests::abort_does_not_complete_before_the_child_future_destructor_finishes ... ok
2026-10-07T00:21:26.2566990Z test actor::lifecycle_adversarial_tests::context_owned_by_a_child_panic_payload_is_cleaned_before_final_context_cleanup ... ok
2026-10-07T00:21:26.2738290Z test actor::lifecycle_adversarial_tests::an_unrestarted_child_failure_is_retained_while_a_healthy_sibling_continues ... ok
2026-10-07T00:21:26.3104370Z test actor::lifecycle_adversarial_tests::canceled_observation_keeps_unfinished_joins_available_to_another_control ... ok
2026-10-07T00:21:26.3206710Z test actor::lifecycle_adversarial_tests::origin_runtime_cancellation_does_not_restart_a_permanent_child_on_a_surviving_runtime ... ok
2026-10-07T00:21:26.3236580Z test actor::lifecycle_adversarial_tests::panicking_factory_destruction_during_owner_drop_cannot_strand_context_cleanup ... ok
2026-10-07T00:21:26.3239150Z test actor::lifecycle_adversarial_tests::stop_during_factory_construction_cancels_every_later_inserted_child ... ok
2026-10-07T00:21:26.3241290Z test actor::lifecycle_adversarial_tests::user_destructors_do_not_run_under_the_ledger_or_stop_lock ... ok
2026-10-07T00:21:26.3243480Z test actor::tests::a_smaller_immediate_call_cannot_bypass_a_waiting_byte_reservation ... ok
2026-10-07T00:21:26.3245340Z test actor::tests::an_expired_admission_deadline_rejects_even_immediately_ready_operations ... ok
2026-10-07T00:21:26.3309210Z test actor::lifecycle_adversarial_tests::final_context_destruction_is_a_retained_phase_before_completion ... ok
2026-10-07T00:21:26.3334040Z test actor::tests::business_error_preserves_owned_state_and_restart_is_one_for_one ... ok
2026-10-07T00:21:26.3338600Z test actor::tests::canceled_event_wait_does_not_consume_a_concurrently_published_event ... ok
2026-10-07T00:21:26.3476120Z test actor::tests::escaped_readiness_tokens_reject_old_generations_and_do_not_retain_the_group ... ok
2026-10-07T00:21:26.3547560Z test actor::tests::event_deadlines_include_lock_contention_and_preserve_the_cursor ... ok
2026-10-07T00:21:26.3548480Z test actor::tests::caller_timeout_keeps_accepted_work_and_all_reservations_until_handler_finishes ... ok
2026-10-07T00:21:26.3549150Z test actor::tests::lifecycle_events_are_ordered_bounded_and_keep_utf8_truncation_metadata ... ok
2026-10-07T00:21:26.3565490Z test actor::tests::global_restart_intensity_counts_attempts_and_stops_a_pending_sibling ... ok
2026-10-07T00:21:26.3568490Z test actor::tests::normally_finished_task_tokens_are_invalid_while_the_supervisor_stays_running ... ok
2026-10-07T00:21:26.3577720Z test actor::tests::oversized_business_reply_keeps_next_state_and_retained_input_capacity_is_checked ... ok
2026-10-07T00:21:26.3659670Z test actor::tests::startup_deadline_and_zero_restart_budget_end_the_group_without_a_ready_actor ... ok
2026-10-07T00:21:26.3661830Z test actor::tests::stopped_tasks_cannot_publish_readiness_and_legacy_tasks_never_publish_it ... ok
2026-10-07T00:21:26.3690990Z test actor::tests::task_readiness_follows_initialization_once_without_changing_started ... ok
2026-10-07T00:21:26.3875850Z test actor::tests::native_factory_construction_is_included_in_the_startup_deadline ... ok
2026-10-07T00:21:26.6034850Z test actor::lifecycle_adversarial_tests::delayed_native_context_owners_then_actual_context_drop_precede_completion ... ok
2026-10-07T00:21:26.6135380Z [1m[92m     Running[0m tests/task_handles.rs (target/debug/deps/task_handles-e66fc8ce90e0637e)
2026-10-07T00:21:26.6135740Z 
2026-10-07T00:21:26.6238040Z test result: ok. 44 passed; 0 failed; 0 ignored; 0 measured; 164 filtered out; finished in 0.48s
2026-10-07T00:21:26.6337030Z 
2026-10-07T00:21:26.6437420Z 
2026-10-07T00:21:26.6541530Z running 0 tests
2026-10-07T00:21:26.6675950Z 
2026-10-07T00:21:26.6777150Z test result: ok. 0 passed; 0 failed; 0 ignored; 0 measured; 3 filtered out; finished in 0.00s
2026-10-07T00:21:26.6877790Z 
2026-10-07T00:21:26.6983240Z [1m[92m    Finished[0m `test` profile [unoptimized + debuginfo] target(s) in 0.05s
2026-10-07T00:21:26.7182370Z [1m[92m     Running[0m unittests src/lib.rs (target/debug/deps/nagi_runtime-3998aafd24442072)
2026-10-07T00:21:26.7183510Z 
2026-10-07T00:21:26.7271460Z [1m[92m     Running[0m tests/task_handles.rs (target/debug/deps/task_handles-e66fc8ce90e0637e)
2026-10-07T00:21:26.7284710Z running 2 tests
2026-10-07T00:21:26.7302710Z test concurrent::tests::supervisor_drop_after_worker_start ... ok
2026-10-07T00:21:26.7305800Z test concurrent::tests::supervisor_drop_while_waiting_for_worker_start ... ok
2026-10-07T00:21:26.7306220Z 
2026-10-07T00:21:26.7306700Z test result: ok. 2 passed; 0 failed; 0 ignored; 0 measured; 206 filtered out; finished in 0.00s
2026-10-07T00:21:26.7307110Z 
2026-10-07T00:21:26.7307230Z 
2026-10-07T00:21:26.7307420Z running 0 tests
2026-10-07T00:21:26.7308570Z 
2026-10-07T00:21:26.7309660Z test result: ok. 0 passed; 0 failed; 0 ignored; 0 measured; 3 filtered out; finished in 0.00s
2026-10-07T00:21:26.7309940Z 
2026-10-07T00:21:26.7363070Z ##[group]Run cargo test --locked -p nagi-runtime database::tests
2026-10-07T00:21:26.7363460Z [36;1mcargo test --locked -p nagi-runtime database::tests[0m
2026-10-07T00:21:26.7405090Z shell: /bin/bash -e {0}
2026-10-07T00:21:26.7405310Z env:
2026-10-07T00:21:26.7405620Z   NAGI_FAILURE_DIR: /Users/runner/work/Nagi/Nagi/build/compiler-failures
2026-10-07T00:21:26.7405960Z   CARGO_HOME: /Users/runner/.cargo
2026-10-07T00:21:26.7406160Z   CARGO_INCREMENTAL: 0
2026-10-07T00:21:26.7406350Z   CARGO_TERM_COLOR: always
2026-10-07T00:21:26.7406630Z   pythonLocation: /Users/runner/hostedtoolcache/Python/3.12.10/arm64
2026-10-07T00:21:26.7407030Z   PKG_CONFIG_PATH: /Users/runner/hostedtoolcache/Python/3.12.10/arm64/lib/pkgconfig
2026-10-07T00:21:26.7407460Z   Python_ROOT_DIR: /Users/runner/hostedtoolcache/Python/3.12.10/arm64
2026-10-07T00:21:26.7407840Z   Python2_ROOT_DIR: /Users/runner/hostedtoolcache/Python/3.12.10/arm64
2026-10-07T00:21:26.7408260Z   Python3_ROOT_DIR: /Users/runner/hostedtoolcache/Python/3.12.10/arm64
2026-10-07T00:21:26.7408570Z ##[endgroup]
2026-10-07T00:21:26.8364300Z [1m[92m    Finished[0m `test` profile [unoptimized + debuginfo] target(s) in 0.04s
2026-10-07T00:21:26.8385300Z [1m[92m     Running[0m unittests src/lib.rs (target/debug/deps/nagi_runtime-3998aafd24442072)
2026-10-07T00:21:26.8417980Z 
2026-10-07T00:21:26.8419520Z running 6 tests
2026-10-07T00:21:26.8437490Z test database::tests::column_order_independent ... ok
2026-10-07T00:21:26.8452120Z test database::tests::exec_counts_trigger_changes_and_preserves_sql_errors ... ok
2026-10-07T00:21:26.8455170Z test database::tests::exec_counts_only_changes_in_the_current_batch ... ok
2026-10-07T00:21:26.8467300Z [1m[92m     Running[0m tests/task_handles.rs (target/debug/deps/task_handles-e66fc8ce90e0637e)
2026-10-07T00:21:26.8467940Z test database::tests::crud_and_parameterization ... ok
2026-10-07T00:21:26.8470810Z test database::tests::missing_column_is_error ... ok
2026-10-07T00:21:26.8471940Z test database::tests::runtime_type_mismatch ... ok
2026-10-07T00:21:26.8472450Z 
2026-10-07T00:21:26.8473390Z test result: ok. 6 passed; 0 failed; 0 ignored; 0 measured; 202 filtered out; finished in 0.00s
2026-10-07T00:21:26.8474170Z 
2026-10-07T00:21:26.8497340Z 
2026-10-07T00:21:26.8498070Z running 0 tests
2026-10-07T00:21:26.8498400Z 
2026-10-07T00:21:26.8499790Z test result: ok. 0 passed; 0 failed; 0 ignored; 0 measured; 3 filtered out; finished in 0.00s
2026-10-07T00:21:26.8500920Z 
2026-10-07T00:21:26.8562760Z ##[group]Run cargo test --locked -p nagi-runtime sqlite_prototype
2026-10-07T00:21:26.8563200Z [36;1mcargo test --locked -p nagi-runtime sqlite_prototype[0m
2026-10-07T00:21:26.8602020Z shell: /bin/bash -e {0}
2026-10-07T00:21:26.8602230Z env:
2026-10-07T00:21:26.8602520Z   NAGI_FAILURE_DIR: /Users/runner/work/Nagi/Nagi/build/compiler-failures
2026-10-07T00:21:26.8602850Z   CARGO_HOME: /Users/runner/.cargo
2026-10-07T00:21:26.8603080Z   CARGO_INCREMENTAL: 0
2026-10-07T00:21:26.8603260Z   CARGO_TERM_COLOR: always
2026-10-07T00:21:26.8603550Z   pythonLocation: /Users/runner/hostedtoolcache/Python/3.12.10/arm64
2026-10-07T00:21:26.8603960Z   PKG_CONFIG_PATH: /Users/runner/hostedtoolcache/Python/3.12.10/arm64/lib/pkgconfig
2026-10-07T00:21:26.8604390Z   Python_ROOT_DIR: /Users/runner/hostedtoolcache/Python/3.12.10/arm64
2026-10-07T00:21:26.8604760Z   Python2_ROOT_DIR: /Users/runner/hostedtoolcache/Python/3.12.10/arm64
2026-10-07T00:21:26.8605200Z   Python3_ROOT_DIR: /Users/runner/hostedtoolcache/Python/3.12.10/arm64
2026-10-07T00:21:26.8605480Z ##[endgroup]
2026-10-07T00:21:26.9548140Z [1m[92m    Finished[0m `test` profile [unoptimized + debuginfo] target(s) in 0.04s
2026-10-07T00:21:26.9573750Z [1m[92m     Running[0m unittests src/lib.rs (target/debug/deps/nagi_runtime-3998aafd24442072)
2026-10-07T00:21:26.9670110Z 
2026-10-07T00:21:26.9670710Z running 61 tests
2026-10-07T00:21:26.9672410Z test sqlite_prototype::acquire_tests::acquire_budget_arithmetic_keeps_immediate_distinct_and_checks_overflow ... ok
2026-10-07T00:21:26.9675920Z test sqlite_prototype::acquire_tests::acquire_expired_finite_budget_does_not_register_even_when_native_free ... ok
2026-10-07T00:21:26.9682250Z test sqlite_prototype::acquire_tests::acquire_expiry_does_not_replace_closed_or_recycle_failure_cause ... ok
2026-10-07T00:21:26.9684320Z test sqlite_prototype::acquire_tests::acquire_immediate_free_reserves_before_slow_startup_and_reuses ... ok
2026-10-07T00:21:26.9686530Z test sqlite_prototype::acquire_tests::acquire_immediate_logical_full_is_timeout_without_pool_failure ... ok
2026-10-07T00:21:27.1710220Z test sqlite_prototype::acquire_tests::acquire_absolute_budget_survives_logical_wait_to_native_fence ... ok
2026-10-07T00:21:27.1812700Z test sqlite_prototype::acquire_tests::acquire_same_task_scopes_are_isolated_and_drop_restores_legacy_begin ... ok
2026-10-07T00:21:27.1831160Z test sqlite_prototype::adapter_tests::acquired_deadpool_object_after_close_is_rejected_before_user_begin ... ok
2026-10-07T00:21:27.1835610Z test sqlite_prototype::adapter_tests::callback_panic_retires_pool_and_join_does_not_hide_native_close_failure ... ok
2026-10-07T00:21:27.1846910Z test sqlite_prototype::adapter_tests::cancelled_begin_reply_keeps_checkout_until_eof_rollback_is_observed ... ok
2026-10-07T00:21:27.1851260Z test sqlite_prototype::adapter_tests::cancelled_create_cannot_start_replacement_before_old_native_worker_joins ... ok
2026-10-07T00:21:27.1859250Z test sqlite_prototype::adapter_tests::cancelled_get_during_create_preserves_startup_close_and_join_owner ... ok
2026-10-07T00:21:27.1862550Z test sqlite_prototype::adapter_tests::cancelled_tx_keeps_deadpool_checkout_until_native_cleanup_completes ... ok
2026-10-07T00:21:27.1865340Z test sqlite_prototype::adapter_tests::close_clone_and_cancel_keep_closing_while_active_checkout_can_finish ... ok
2026-10-07T00:21:27.1868590Z test sqlite_prototype::adapter_tests::close_retires_idle_worker_while_stock_permit_is_reserved_for_unpolled_waiter ... ok
2026-10-07T00:21:27.1871360Z test sqlite_prototype::adapter_tests::close_waits_for_registered_create_and_late_create_cannot_begin ... ok
2026-10-07T00:21:27.1877120Z test sqlite_prototype::adapter_tests::deadpool_adapter_reuses_same_native_worker_and_sql_session_core ... ok
2026-10-07T00:21:27.1878460Z test sqlite_prototype::adapter_tests::deadpool_recycle_error_stops_create_instead_of_default_replacement ... ok
2026-10-07T00:21:27.1895270Z test sqlite_prototype::adapter_tests::joined_is_published_only_after_terminal_native_failure_is_in_ledger ... ok
2026-10-07T00:21:27.1898730Z test sqlite_prototype::adapter_tests::last_adapter_drop_closes_idle_worker_without_observer_owning_pool_or_tx_sender ... ok
2026-10-07T00:21:27.1900480Z test sqlite_prototype::adapter_tests::last_adapter_drop_preserves_active_tx_until_its_explicit_finish ... ok
2026-10-07T00:21:27.1916390Z test sqlite_prototype::adapter_tests::multi_b_terminal_failure_is_published_without_waiting_for_a ... ok
2026-10-07T00:21:27.1944000Z test sqlite_prototype::adapter_tests::multi_cancelled_b_joins_and_c_begins_before_healthy_a_finishes ... ok
2026-10-07T00:21:27.1992390Z test sqlite_prototype::adapter_tests::multi_close_during_b_startup_preserves_a_and_all_join_responsibility ... ok
2026-10-07T00:21:27.2024080Z test sqlite_prototype::adapter_tests::multi_native_spawn_failure_keeps_cause_without_native_b_or_fake_join ... ok
2026-10-07T00:21:27.2042010Z test sqlite_prototype::adapter_tests::multi_observer_spawn_failure_never_starts_or_fake_joins_native_b ... ok
2026-10-07T00:21:27.2064090Z test sqlite_prototype::adapter_tests::multi_stock_detach_permit_gap_respects_native_cap_with_a_active ... ok
2026-10-07T00:21:27.2100750Z test sqlite_prototype::adapter_tests::multi_two_filesystem_connections_begin_while_first_tx_stays_active ... ok
2026-10-07T00:21:27.2103550Z test sqlite_prototype::adapter_tests::native_cleanup_failure_closes_deadpool_and_never_creates_replacement ... ok
2026-10-07T00:21:27.2109090Z test sqlite_prototype::adapter_tests::native_close_failure_is_kept_after_deadpool_objects_and_workers_are_gone ... ok
2026-10-07T00:21:27.2113910Z test sqlite_prototype::adapter_tests::object_take_and_last_pool_drop_both_preserve_native_close_join_observation ... ok
2026-10-07T00:21:27.2120720Z test sqlite_prototype::adapter_tests::resize_zero_uses_worker_drop_even_when_manager_detach_is_bypassed ... ok
2026-10-07T00:21:27.2131050Z test sqlite_prototype::adapter_tests::stock_detach_permit_before_handle_drop_cannot_start_another_native_worker ... ok
2026-10-07T00:21:27.2136310Z test sqlite_prototype::adapter_tests::taken_object_cannot_start_replacement_before_old_native_worker_joins ... ok
2026-10-07T00:21:27.2144070Z test sqlite_prototype::adapter_tests::tokio_runtime_drop_cannot_return_native_owned_checkout_before_cleanup ... ok
2026-10-07T00:21:27.8818550Z test sqlite_prototype::comparison::bounded_and_unbounded_deadpool_warm_comparison ... ok
2026-10-07T00:21:27.9723840Z test sqlite_prototype::acquire_tests::acquire_immediate_native_full_after_stock_detach_is_timeout ... ok
2026-10-07T00:21:27.9725890Z test sqlite_prototype::acquire_tests::acquire_registered_startup_and_begin_are_outside_finite_budget ... ok
2026-10-07T00:21:27.9736900Z test sqlite_prototype::tests::begin_reply_cancellation_closes_only_sender_and_runs_observed_cleanup ... ok
2026-10-07T00:21:27.9738280Z test sqlite_prototype::tests::cancelled_commit_reply_preserves_committed_data_and_does_not_retry ... ok
2026-10-07T00:21:27.9739960Z test sqlite_prototype::tests::cancelled_finish_before_full_inbox_admission_uses_eof_cleanup ... ok
2026-10-07T00:21:27.9754260Z test sqlite_prototype::tests::commit_after_native_auto_rollback_returns_aborted_error_instead_of_success ... ok
2026-10-07T00:21:27.9759350Z test sqlite_prototype::tests::commit_failure_and_failed_cleanup_preserve_both_causes_and_unknown_outcome ... ok
2026-10-07T00:21:27.9761510Z test sqlite_prototype::tests::committed_outcome_and_cleanup_failure_are_both_preserved ... ok
2026-10-07T00:21:27.9771790Z test sqlite_prototype::tests::eof_cleanup_blocks_next_session_and_unpolled_finish_still_owns_cleanup ... ok
2026-10-07T00:21:27.9773810Z test sqlite_prototype::tests::close_timeout_and_cancel_keep_closing_until_native_close_and_join ... ok
2026-10-07T00:21:27.9789100Z test sqlite_prototype::tests::failed_commit_with_successful_observed_rollback_can_reuse_connection ... ok
2026-10-07T00:21:27.9855860Z test sqlite_prototype::tests::existing_trigger_and_or_rollback_abort_session_and_reject_later_sql ... ok
2026-10-07T00:21:27.9858620Z test sqlite_prototype::tests::full_inbox_and_cancelled_admitted_operation_drain_before_eof_rollback ... ok
2026-10-07T00:21:27.9859610Z test sqlite_prototype::tests::native_close_failure_is_not_reported_as_success_even_after_join ... ok
2026-10-07T00:21:27.9860610Z test sqlite_prototype::tests::management_panic_restores_raii_flag_before_observed_rollback_and_retirement ... ok
2026-10-07T00:21:27.9863980Z test sqlite_prototype::tests::one_statement_anonymous_bind_and_operation_shape_are_checked_before_step ... ok
2026-10-07T00:21:27.9865800Z test sqlite_prototype::tests::ordinary_sql_error_does_not_abort_active_session_and_exec_counts_direct_changes ... ok
2026-10-07T00:21:27.9867070Z test sqlite_prototype::tests::owned_bind_values_and_decode_errors_use_native_row_contract ... ok
2026-10-07T00:21:27.9867860Z test sqlite_prototype::tests::raise_fail_preserves_active_prior_effects_until_explicit_rollback ... ok
2026-10-07T00:21:27.9868980Z test sqlite_prototype::tests::rollback_failure_is_observed_without_native_drop_retry_and_retires_connection ... ok
2026-10-07T00:21:27.9869820Z test sqlite_prototype::tests::sql_policy_denies_control_in_every_entry_and_keeps_tx_active ... ok
2026-10-07T00:21:27.9870660Z test sqlite_prototype::tests::pragma_tvf_existing_views_and_schema_reprepare_keep_authorizer_installed ... ok
2026-10-07T00:21:27.9871730Z test sqlite_prototype::tests::user_callback_panic_restores_management_state_and_retires_worker ... ok
2026-10-07T00:21:27.9874060Z test sqlite_prototype::tests::trigger_pragma_is_denied_and_native_prior_effects_require_explicit_rollback ... ok
2026-10-07T00:21:28.5539720Z test sqlite_prototype::comparison::direct_and_deadpool_warm_native_session_comparison ... ok
2026-10-07T00:21:28.5540700Z 
2026-10-07T00:21:28.5542430Z test result: ok. 61 passed; 0 failed; 0 ignored; 0 measured; 147 filtered out; finished in 1.59s
2026-10-07T00:21:28.5542930Z 
2026-10-07T00:21:28.5546470Z [1m[92m     Running[0m tests/task_handles.rs (target/debug/deps/task_handles-e66fc8ce90e0637e)
2026-10-07T00:21:28.5575150Z 
2026-10-07T00:21:28.5576550Z running 0 tests
2026-10-07T00:21:28.5576910Z 
2026-10-07T00:21:28.5578110Z test result: ok. 0 passed; 0 failed; 0 ignored; 0 measured; 3 filtered out; finished in 0.00s
2026-10-07T00:21:28.5584130Z 
2026-10-07T00:21:28.5624140Z ##[group]Run python scripts/verify_application_examples.py
2026-10-07T00:21:28.5624500Z [36;1mpython scripts/verify_application_examples.py[0m
2026-10-07T00:21:28.5698920Z shell: /bin/bash -e {0}
2026-10-07T00:21:28.5699110Z env:
2026-10-07T00:21:28.5699370Z   NAGI_FAILURE_DIR: /Users/runner/work/Nagi/Nagi/build/compiler-failures
2026-10-07T00:21:28.5699730Z   CARGO_HOME: /Users/runner/.cargo
2026-10-07T00:21:28.5699920Z   CARGO_INCREMENTAL: 0
2026-10-07T00:21:28.5700100Z   CARGO_TERM_COLOR: always
2026-10-07T00:21:28.5700360Z   pythonLocation: /Users/runner/hostedtoolcache/Python/3.12.10/arm64
2026-10-07T00:21:28.5700800Z   PKG_CONFIG_PATH: /Users/runner/hostedtoolcache/Python/3.12.10/arm64/lib/pkgconfig
2026-10-07T00:21:28.5701420Z   Python_ROOT_DIR: /Users/runner/hostedtoolcache/Python/3.12.10/arm64
2026-10-07T00:21:28.5701800Z   Python2_ROOT_DIR: /Users/runner/hostedtoolcache/Python/3.12.10/arm64
2026-10-07T00:21:28.5702240Z   Python3_ROOT_DIR: /Users/runner/hostedtoolcache/Python/3.12.10/arm64
2026-10-07T00:21:28.5702520Z ##[endgroup]
2026-10-07T00:21:29.9416810Z Passed: stock-report (high)
2026-10-07T00:21:31.1035880Z Passed: stock-report (low)
2026-10-07T00:21:37.7783260Z Passed: device-settings (high)
2026-10-07T00:21:44.6373570Z Passed: device-settings (low)
2026-10-07T00:21:48.3695900Z Passed: seat-reservations (high)
2026-10-07T00:21:51.9510660Z Passed: seat-reservations (low)
2026-10-07T00:21:52.9735770Z Passed: file-json (high)
2026-10-07T00:21:53.9534400Z Passed: file-json (low)
2026-10-07T00:21:59.5453380Z Passed: quote-api (high)
2026-10-07T00:22:05.3127750Z Passed: quote-api (low)
2026-10-07T00:22:09.5187740Z Passed: supervised-worker (high)
2026-10-07T00:22:13.8043980Z Passed: supervised-worker (low)
2026-10-07T00:22:18.8988270Z Passed: byte-inspector (high)
2026-10-07T00:22:24.6588150Z Passed: byte-inspector (low)
2026-10-07T00:22:36.3818910Z Passed: axum-service (high)
2026-10-07T00:22:49.1449700Z Passed: axum-service (low)
2026-10-07T00:23:02.2140060Z Passed: auth-boundary (high)
2026-10-07T00:23:14.4795080Z Passed: auth-boundary (low)
2026-10-07T00:23:15.8562130Z Passed: order-quote (low)
2026-10-07T00:23:15.8563120Z {"projects": 10, "runs": 19, "status": "passed"}
2026-10-07T00:23:16.0244540Z ##[group]Run python -m unittest discover -s scripts/releases -p 'test_install.py'
2026-10-07T00:23:16.0246960Z [36;1mpython -m unittest discover -s scripts/releases -p 'test_install.py'[0m
2026-10-07T00:23:16.0355910Z shell: /bin/bash -e {0}
2026-10-07T00:23:16.0356390Z env:
2026-10-07T00:23:16.0356740Z   NAGI_FAILURE_DIR: /Users/runner/work/Nagi/Nagi/build/compiler-failures
2026-10-07T00:23:16.0357150Z   CARGO_HOME: /Users/runner/.cargo
2026-10-07T00:23:16.0358590Z   CARGO_INCREMENTAL: 0
2026-10-07T00:23:16.0358850Z   CARGO_TERM_COLOR: always
2026-10-07T00:23:16.0359300Z   pythonLocation: /Users/runner/hostedtoolcache/Python/3.12.10/arm64
2026-10-07T00:23:16.0360080Z   PKG_CONFIG_PATH: /Users/runner/hostedtoolcache/Python/3.12.10/arm64/lib/pkgconfig
2026-10-07T00:23:16.0360770Z   Python_ROOT_DIR: /Users/runner/hostedtoolcache/Python/3.12.10/arm64
2026-10-07T00:23:16.0361760Z   Python2_ROOT_DIR: /Users/runner/hostedtoolcache/Python/3.12.10/arm64
2026-10-07T00:23:16.0362590Z   Python3_ROOT_DIR: /Users/runner/hostedtoolcache/Python/3.12.10/arm64
2026-10-07T00:23:16.0363450Z ##[endgroup]
2026-10-07T00:23:26.6713290Z .....................
2026-10-07T00:23:26.6714100Z ----------------------------------------------------------------------
2026-10-07T00:23:26.6714690Z Ran 21 tests in 10.204s
2026-10-07T00:23:26.6714910Z 
2026-10-07T00:23:26.6715030Z OK
2026-10-07T00:23:26.6954930Z ##[group]Run python -m unittest discover -s scripts/releases -p 'test_uninstall.py'
2026-10-07T00:23:26.6955890Z [36;1mpython -m unittest discover -s scripts/releases -p 'test_uninstall.py'[0m
2026-10-07T00:23:26.7011900Z shell: /bin/bash -e {0}
2026-10-07T00:23:26.7012110Z env:
2026-10-07T00:23:26.7012470Z   NAGI_FAILURE_DIR: /Users/runner/work/Nagi/Nagi/build/compiler-failures
2026-10-07T00:23:26.7012810Z   CARGO_HOME: /Users/runner/.cargo
2026-10-07T00:23:26.7013170Z   CARGO_INCREMENTAL: 0
2026-10-07T00:23:26.7013350Z   CARGO_TERM_COLOR: always
2026-10-07T00:23:26.7013750Z   pythonLocation: /Users/runner/hostedtoolcache/Python/3.12.10/arm64
2026-10-07T00:23:26.7014310Z   PKG_CONFIG_PATH: /Users/runner/hostedtoolcache/Python/3.12.10/arm64/lib/pkgconfig
2026-10-07T00:23:26.7014790Z   Python_ROOT_DIR: /Users/runner/hostedtoolcache/Python/3.12.10/arm64
2026-10-07T00:23:26.7015310Z   Python2_ROOT_DIR: /Users/runner/hostedtoolcache/Python/3.12.10/arm64
2026-10-07T00:23:26.7015960Z   Python3_ROOT_DIR: /Users/runner/hostedtoolcache/Python/3.12.10/arm64
2026-10-07T00:23:26.7016320Z ##[endgroup]
2026-10-07T00:23:36.1907420Z ..............
2026-10-07T00:23:36.1908090Z ----------------------------------------------------------------------
2026-10-07T00:23:36.1908540Z Ran 14 tests in 9.379s
2026-10-07T00:23:36.1908660Z 
2026-10-07T00:23:36.1908760Z OK
2026-10-07T00:23:36.2135980Z ##[group]Run actions/upload-artifact@v4
2026-10-07T00:23:36.2136340Z with:
2026-10-07T00:23:36.2136630Z   name: release-macos-arm64
2026-10-07T00:23:36.2137070Z   path: build/distribution/nagi-*.zip
build/distribution/nagi-*.tar.gz
build/distribution/nagi-*.sha256

2026-10-07T00:23:36.2137600Z   if-no-files-found: error
2026-10-07T00:23:36.2137820Z   compression-level: 6
2026-10-07T00:23:36.2138000Z   overwrite: false
2026-10-07T00:23:36.2138210Z   include-hidden-files: false
2026-10-07T00:23:36.2138460Z env:
2026-10-07T00:23:36.2138850Z   NAGI_FAILURE_DIR: /Users/runner/work/Nagi/Nagi/build/compiler-failures
2026-10-07T00:23:36.2139150Z   CARGO_HOME: /Users/runner/.cargo
2026-10-07T00:23:36.2139450Z   CARGO_INCREMENTAL: 0
2026-10-07T00:23:36.2139750Z   CARGO_TERM_COLOR: always
2026-10-07T00:23:36.2140160Z   pythonLocation: /Users/runner/hostedtoolcache/Python/3.12.10/arm64
2026-10-07T00:23:36.2140680Z   PKG_CONFIG_PATH: /Users/runner/hostedtoolcache/Python/3.12.10/arm64/lib/pkgconfig
2026-10-07T00:23:36.2141180Z   Python_ROOT_DIR: /Users/runner/hostedtoolcache/Python/3.12.10/arm64
2026-10-07T00:23:36.2141590Z   Python2_ROOT_DIR: /Users/runner/hostedtoolcache/Python/3.12.10/arm64
2026-10-07T00:23:36.2142010Z   Python3_ROOT_DIR: /Users/runner/hostedtoolcache/Python/3.12.10/arm64
2026-10-07T00:23:36.2142290Z ##[endgroup]
2026-10-07T00:23:36.6731750Z (node:48056) [DEP0040] DeprecationWarning: The `punycode` module is deprecated. Please use a userland alternative instead.
2026-10-07T00:23:36.6732510Z (Use `node --trace-deprecation ...` to show where the warning was created)
2026-10-07T00:23:36.6795600Z With the provided path, there will be 2 files uploaded
2026-10-07T00:23:36.6797230Z Artifact name is valid!
2026-10-07T00:23:36.6797650Z Root directory input is valid!
2026-10-07T00:23:37.0892300Z Beginning upload of artifact content to blob storage
2026-10-07T00:23:37.2156930Z (node:48056) [DEP0169] DeprecationWarning: `url.parse()` behavior is not standardized and prone to errors that have security implications. Use the WHATWG URL API instead. CVEs are not issued for `url.parse()` vulnerabilities.
2026-10-07T00:23:38.0411720Z Uploaded bytes 2284405
2026-10-07T00:23:38.1205410Z Finished uploading artifact content to blob storage!
2026-10-07T00:23:38.1206760Z SHA256 digest of uploaded artifact zip is 42378d03e56331434ef7ad5cdcb0879d041763e2743fa109e7f44824c8a7525e
2026-10-07T00:23:38.1208930Z Finalizing artifact upload
2026-10-07T00:23:38.3926070Z Artifact release-macos-arm64.zip successfully finalized. Artifact ID 11452274479
2026-10-07T00:23:38.3926940Z Artifact release-macos-arm64 has been successfully uploaded! Final size is 2284405 bytes. Artifact ID is 11452274479
2026-10-07T00:23:38.3928010Z Artifact download URL: https://github.com/disnana/Nagi/actions/runs/37550315500/artifacts/11452274479
2026-10-07T00:23:38.4121540Z Post job cleanup.
2026-10-07T00:23:38.5609500Z (node:48060) [DEP0040] DeprecationWarning: The `punycode` module is deprecated. Please use a userland alternative instead.
2026-10-07T00:23:38.5610220Z (Use `node --trace-deprecation ...` to show where the warning was created)
2026-10-07T00:23:38.5698970Z Post job cleanup.
2026-10-07T00:23:38.7286660Z (node:48061) [DEP0040] DeprecationWarning: The `punycode` module is deprecated. Please use a userland alternative instead.
2026-10-07T00:23:38.7288670Z (Use `node --trace-deprecation ...` to show where the warning was created)
2026-10-07T00:23:41.0795160Z Post job cleanup.
2026-10-07T00:23:41.2282260Z (node:48068) [DEP0040] DeprecationWarning: The `punycode` module is deprecated. Please use a userland alternative instead.
2026-10-07T00:23:41.2284600Z (Use `node --trace-deprecation ...` to show where the warning was created)
2026-10-07T00:23:41.2617090Z [command]/opt/homebrew/bin/gtar --posix -cf cache.tzst --exclude cache.tzst -P -C /Users/runner/work/Nagi/Nagi --files-from manifest.txt --delay-directory-restore --use-compress-program zstdmt
2026-10-07T00:23:56.4470080Z (node:48068) [DEP0169] DeprecationWarning: `url.parse()` behavior is not standardized and prone to errors that have security implications. Use the WHATWG URL API instead. CVEs are not issued for `url.parse()` vulnerabilities.
2026-10-07T00:23:57.4216230Z Sent 0 of 690779623 (0.0%), 0.0 MBs/sec
2026-10-07T00:23:58.4220620Z Sent 0 of 690779623 (0.0%), 0.0 MBs/sec
2026-10-07T00:23:59.4218460Z Sent 0 of 690779623 (0.0%), 0.0 MBs/sec
2026-10-07T00:24:00.4282020Z Sent 0 of 690779623 (0.0%), 0.0 MBs/sec
2026-10-07T00:24:01.4413430Z Sent 489453031 of 690779623 (70.9%), 93.2 MBs/sec
2026-10-07T00:24:02.4314050Z Sent 556561895 of 690779623 (80.6%), 88.3 MBs/sec
2026-10-07T00:24:03.4295180Z Sent 623670759 of 690779623 (90.3%), 84.8 MBs/sec
2026-10-07T00:24:04.4309120Z Sent 623670759 of 690779623 (90.3%), 74.2 MBs/sec
2026-10-07T00:24:05.4328010Z Sent 623670759 of 690779623 (90.3%), 66.0 MBs/sec
2026-10-07T00:24:06.4330350Z Sent 623670759 of 690779623 (90.3%), 59.4 MBs/sec
2026-10-07T00:24:07.4335430Z Sent 623670759 of 690779623 (90.3%), 54.0 MBs/sec
2026-10-07T00:24:08.4366850Z Sent 623670759 of 690779623 (90.3%), 49.5 MBs/sec
2026-10-07T00:24:09.4378480Z Sent 623670759 of 690779623 (90.3%), 45.7 MBs/sec
2026-10-07T00:24:10.4409470Z Sent 623670759 of 690779623 (90.3%), 42.4 MBs/sec
2026-10-07T00:24:10.7731950Z Sent 690779623 of 690779623 (100.0%), 45.9 MBs/sec
2026-10-07T00:24:11.1065740Z Cache saved with key: nagi-rust-v1-package-macos-arm64-20260928b940-601958ff337592e5f2a53aba9b5ce590b2902bb894b23107ca273c3687ede46d-d2ceed13733861400c80e305d589329dbd05c701e9850c29368eb1cd3d82d619
2026-10-07T00:24:11.1727620Z Post job cleanup.
2026-10-07T00:24:11.5319920Z [command]/opt/homebrew/bin/git version
2026-10-07T00:24:11.5801420Z git version 2.55.0
2026-10-07T00:24:11.5890480Z Copying '/Users/runner/.gitconfig' to '/Users/runner/work/_temp/5ffab358-e285-46d7-a422-752dae694578/.gitconfig'
2026-10-07T00:24:11.5927240Z Temporarily overriding HOME='/Users/runner/work/_temp/5ffab358-e285-46d7-a422-752dae694578' before making global git config changes
2026-10-07T00:24:11.5930010Z Adding repository directory to the temporary git global config as a safe directory
2026-10-07T00:24:11.5938210Z [command]/opt/homebrew/bin/git config --global --add safe.directory /Users/runner/work/Nagi/Nagi
2026-10-07T00:24:11.6432590Z [command]/opt/homebrew/bin/git config --local --name-only --get-regexp core\.sshCommand
2026-10-07T00:24:11.6480500Z [command]/opt/homebrew/bin/git submodule foreach --recursive sh -c "git config --local --name-only --get-regexp 'core\.sshCommand' && git config --local --unset-all 'core.sshCommand' || :"
2026-10-07T00:24:11.9245460Z [command]/opt/homebrew/bin/git config --local --name-only --get-regexp http\.https\:\/\/github\.com\/\.extraheader
2026-10-07T00:24:11.9385770Z http.https://github.com/.extraheader
2026-10-07T00:24:11.9406470Z [command]/opt/homebrew/bin/git config --local --unset-all http.https://github.com/.extraheader
2026-10-07T00:24:11.9601060Z [command]/opt/homebrew/bin/git submodule foreach --recursive sh -c "git config --local --name-only --get-regexp 'http\.https\:\/\/github\.com\/\.extraheader' && git config --local --unset-all 'http.https://github.com/.extraheader' || :"
2026-10-07T00:24:12.1761810Z [command]/opt/homebrew/bin/git config --local --name-only --get-regexp ^includeIf\.gitdir:
2026-10-07T00:24:12.1921440Z [command]/opt/homebrew/bin/git submodule foreach --recursive git config --local --show-origin --name-only --get-regexp remote.origin.url
2026-10-07T00:24:12.4255060Z Cleaning up orphan processes
2026-10-07T00:24:14.1384310Z ##[warning]Node.js 20 is deprecated. The following actions target Node.js 20 but are being forced to run on Node.js 24: actions/cache@v4, actions/checkout@v4, actions/setup-node@v4, actions/setup-python@v5, actions/upload-artifact@v4. For more information see: https://github.blog/changelog/2025-09-19-deprecation-of-node-20-on-github-actions-runners/
