2026-10-07T00:07:57.7660988Z Current runner version: '2.337.0'
2026-10-07T00:07:57.7687355Z ##[group]Runner Image Provisioner
2026-10-07T00:07:57.7688267Z Hosted Compute Agent
2026-10-07T00:07:57.7688820Z Version: 20260901.588
2026-10-07T00:07:57.7689399Z Commit: f88ec8081b781fac6c440065ac7ff9e710ce3d0b
2026-10-07T00:07:57.7690090Z Build Date: 2026-09-01T19:56:44Z
2026-10-07T00:07:57.7690716Z Worker ID: {b8c05602-fe59-4575-a7cf-8f8b54d1f67c}
2026-10-07T00:07:57.7691365Z Azure Region: westcentralus
2026-10-07T00:07:57.7691933Z ##[endgroup]
2026-10-07T00:07:57.7693297Z ##[group]Operating System
2026-10-07T00:07:57.7693873Z Microsoft Windows Server 2025
2026-10-07T00:07:57.7694502Z 10.0.26100
2026-10-07T00:07:57.7694966Z Datacenter
2026-10-07T00:07:57.7696269Z ##[endgroup]
2026-10-07T00:07:57.7696795Z ##[group]Runner Image
2026-10-07T00:07:57.7697346Z Image: windows-2025-vs2026
2026-10-07T00:07:57.7697924Z Version: 20260925.250.1
2026-10-07T00:07:57.7699573Z Included Software: https://github.com/actions/runner-images/blob/win25-vs2026/20260925.250/images/windows/Windows2025-VS2026-Readme.md
2026-10-07T00:07:57.7701365Z Image Release: https://github.com/actions/runner-images/releases/tag/win25-vs2026%2F20260925.250
2026-10-07T00:07:57.7702290Z ##[endgroup]
2026-10-07T00:07:57.7703418Z ##[group]GITHUB_TOKEN Permissions
2026-10-07T00:07:57.7705628Z Contents: read
2026-10-07T00:07:57.7706159Z Metadata: read
2026-10-07T00:07:57.7706676Z ##[endgroup]
2026-10-07T00:07:57.7708785Z Secret source: Actions
2026-10-07T00:07:57.7709618Z Cache mode: write
2026-10-07T00:07:57.7710341Z Prepare workflow directory
2026-10-07T00:07:57.8268103Z Prepare all required actions
2026-10-07T00:07:57.8317126Z Getting action download info
2026-10-07T00:07:58.1182505Z Download action repository 'actions/checkout@v4' (SHA:11d5960a326750d5838078e36cf38b85af677262)
2026-10-07T00:07:58.2440534Z Download action repository 'dtolnay/rust-toolchain@stable' (SHA:89b12181fb390509a0842a86cc55eeb8eb928c1d)
2026-10-07T00:07:58.4679141Z Download action repository 'actions/cache@v4' (SHA:0057852bfaa89a56745cba8c7296529d2fc39830)
2026-10-07T00:07:58.6094601Z Download action repository 'actions/setup-python@v5' (SHA:a26af69be951a213d495a4c3e4e4022e16d87065)
2026-10-07T00:07:58.7498928Z Download action repository 'actions/setup-node@v4' (SHA:49933ea5288caeca8642d1e84afbd3f7d6820020)
2026-10-07T00:07:58.9054315Z Download action repository 'actions/upload-artifact@v4' (SHA:ea165f8d65b6e75b540449e92b4886f43607fa02)
2026-10-07T00:07:59.2958817Z Complete job name: nagi-package (windows-latest, windows-x86_64, nagic.exe, x86_64-pc-windows-msvc)
2026-10-07T00:07:59.4631458Z ##[group]Run actions/checkout@v4
2026-10-07T00:07:59.4633027Z with:
2026-10-07T00:07:59.4633503Z   repository: disnana/Nagi
2026-10-07T00:07:59.4637776Z   token: ***
2026-10-07T00:07:59.4638245Z   ssh-strict: true
2026-10-07T00:07:59.4638705Z   ssh-user: git
2026-10-07T00:07:59.4639174Z   persist-credentials: true
2026-10-07T00:07:59.4639670Z   clean: true
2026-10-07T00:07:59.4640121Z   sparse-checkout-cone-mode: true
2026-10-07T00:07:59.4640719Z   fetch-depth: 1
2026-10-07T00:07:59.4641180Z   fetch-tags: false
2026-10-07T00:07:59.4641700Z   show-progress: true
2026-10-07T00:07:59.4642172Z   lfs: false
2026-10-07T00:07:59.4642971Z   submodules: false
2026-10-07T00:07:59.4643498Z   set-safe-directory: true
2026-10-07T00:07:59.4644023Z   allow-unsafe-pr-checkout: false
2026-10-07T00:07:59.4644868Z env:
2026-10-07T00:07:59.4645406Z   NAGI_FAILURE_DIR: D:\a\Nagi\Nagi/build/compiler-failures
2026-10-07T00:07:59.4646053Z ##[endgroup]
2026-10-07T00:07:59.6180675Z Syncing repository: disnana/Nagi
2026-10-07T00:07:59.6182719Z ##[group]Getting Git version info
2026-10-07T00:07:59.6183351Z Working directory is 'D:\a\Nagi\Nagi'
2026-10-07T00:07:59.7006846Z [command]"C:\Program Files\Git\bin\git.exe" version
2026-10-07T00:08:00.1413159Z git version 2.55.0.windows.5
2026-10-07T00:08:00.1465944Z ##[endgroup]
2026-10-07T00:08:00.1491597Z Temporarily overriding HOME='D:\a\_temp\39017529-e288-4214-9363-e04ca0a7b02a' before making global git config changes
2026-10-07T00:08:00.1495271Z Adding repository directory to the temporary git global config as a safe directory
2026-10-07T00:08:00.1504079Z [command]"C:\Program Files\Git\bin\git.exe" config --global --add safe.directory D:\a\Nagi\Nagi
2026-10-07T00:08:00.2192614Z Deleting the contents of 'D:\a\Nagi\Nagi'
2026-10-07T00:08:00.2200152Z ##[group]Initializing the repository
2026-10-07T00:08:00.2209767Z [command]"C:\Program Files\Git\bin\git.exe" init D:\a\Nagi\Nagi
2026-10-07T00:08:00.3065331Z Initialized empty Git repository in D:/a/Nagi/Nagi/.git/
2026-10-07T00:08:00.3121811Z [command]"C:\Program Files\Git\bin\git.exe" remote add origin https://github.com/disnana/Nagi
2026-10-07T00:08:00.3824485Z ##[endgroup]
2026-10-07T00:08:00.3826000Z ##[group]Disabling automatic garbage collection
2026-10-07T00:08:00.3834481Z [command]"C:\Program Files\Git\bin\git.exe" config --local gc.auto 0
2026-10-07T00:08:00.4206195Z ##[endgroup]
2026-10-07T00:08:00.4208083Z ##[group]Setting up auth
2026-10-07T00:08:00.4216349Z [command]"C:\Program Files\Git\bin\git.exe" config --local --name-only --get-regexp core\.sshCommand
2026-10-07T00:08:00.4533547Z [command]"C:\Program Files\Git\bin\git.exe" submodule foreach --recursive "sh -c \"git config --local --name-only --get-regexp 'core\.sshCommand' && git config --local --unset-all 'core.sshCommand' || :\""
2026-10-07T00:08:02.1076947Z [command]"C:\Program Files\Git\bin\git.exe" config --local --name-only --get-regexp http\.https\:\/\/github\.com\/\.extraheader
2026-10-07T00:08:02.1394967Z [command]"C:\Program Files\Git\bin\git.exe" submodule foreach --recursive "sh -c \"git config --local --name-only --get-regexp 'http\.https\:\/\/github\.com\/\.extraheader' && git config --local --unset-all 'http.https://github.com/.extraheader' || :\""
2026-10-07T00:08:02.7043823Z [command]"C:\Program Files\Git\bin\git.exe" config --local --name-only --get-regexp ^includeIf\.gitdir:
2026-10-07T00:08:02.7362028Z [command]"C:\Program Files\Git\bin\git.exe" submodule foreach --recursive "git config --local --show-origin --name-only --get-regexp remote.origin.url"
2026-10-07T00:08:03.2901384Z [command]"C:\Program Files\Git\bin\git.exe" config --local http.https://github.com/.extraheader "AUTHORIZATION: basic ***"
2026-10-07T00:08:03.3234347Z ##[endgroup]
2026-10-07T00:08:03.3235390Z ##[group]Fetching the repository
2026-10-07T00:08:03.3250050Z [command]"C:\Program Files\Git\bin\git.exe" -c protocol.version=2 fetch --no-tags --prune --no-recurse-submodules --depth=1 origin +54c7cb32620af8bf63690595bf0bbe747ffed41b:refs/remotes/pull/92/merge
2026-10-07T00:08:04.9075035Z From https://github.com/disnana/Nagi
2026-10-07T00:08:04.9076192Z  * [new ref]         54c7cb32620af8bf63690595bf0bbe747ffed41b -> pull/92/merge
2026-10-07T00:08:04.9133344Z ##[endgroup]
2026-10-07T00:08:04.9134061Z ##[group]Determining the checkout info
2026-10-07T00:08:04.9135637Z ##[endgroup]
2026-10-07T00:08:04.9149477Z [command]"C:\Program Files\Git\bin\git.exe" sparse-checkout disable
2026-10-07T00:08:04.9585890Z [command]"C:\Program Files\Git\bin\git.exe" config --local --unset-all extensions.worktreeConfig
2026-10-07T00:08:04.9883759Z ##[group]Checking out the ref
2026-10-07T00:08:04.9892754Z [command]"C:\Program Files\Git\bin\git.exe" checkout --progress --force refs/remotes/pull/92/merge
2026-10-07T00:08:05.5272555Z Note: switching to 'refs/remotes/pull/92/merge'.
2026-10-07T00:08:05.5274997Z 
2026-10-07T00:08:05.5275310Z You are in 'detached HEAD' state. You can look around, make experimental
2026-10-07T00:08:05.5275949Z changes and commit them, and you can discard any commits you make in this
2026-10-07T00:08:05.5276503Z state without impacting any branches by switching back to a branch.
2026-10-07T00:08:05.5276844Z 
2026-10-07T00:08:05.5277082Z If you want to create a new branch to retain commits you create, you may
2026-10-07T00:08:05.5277557Z do so (now or later) by using -c with the switch command. Example:
2026-10-07T00:08:05.5278704Z 
2026-10-07T00:08:05.5278904Z   git switch -c <new-branch-name>
2026-10-07T00:08:05.5279107Z 
2026-10-07T00:08:05.5279262Z Or undo this operation with:
2026-10-07T00:08:05.5279511Z 
2026-10-07T00:08:05.5279629Z   git switch -
2026-10-07T00:08:05.5280254Z 
2026-10-07T00:08:05.5280536Z Turn off this advice by setting config variable advice.detachedHead to false
2026-10-07T00:08:05.5280860Z 
2026-10-07T00:08:05.5281220Z HEAD is now at 54c7cb3 Merge 8db1607352bbce580bf87c1636988ce08c9b8bf7 into f9b25782a8704bcf962f689d9103ab804f7ab3cf
2026-10-07T00:08:05.5414863Z ##[endgroup]
2026-10-07T00:08:05.5869163Z [command]"C:\Program Files\Git\bin\git.exe" log -1 --format=%H
2026-10-07T00:08:05.6159413Z 54c7cb32620af8bf63690595bf0bbe747ffed41b
2026-10-07T00:08:05.6751113Z ##[group]Run dtolnay/rust-toolchain@stable
2026-10-07T00:08:05.6751653Z with:
2026-10-07T00:08:05.6751954Z   toolchain: stable
2026-10-07T00:08:05.6752256Z env:
2026-10-07T00:08:05.6752601Z   NAGI_FAILURE_DIR: D:\a\Nagi\Nagi/build/compiler-failures
2026-10-07T00:08:05.6753005Z ##[endgroup]
2026-10-07T00:08:05.6829116Z ##[start-action display=Parse toolchain version;id=rust.parse]
2026-10-07T00:08:05.7006687Z ##[group]Run if [[ -z $toolchain ]]; then
2026-10-07T00:08:05.7007263Z [36;1mif [[ -z $toolchain ]]; then[0m
2026-10-07T00:08:05.7007915Z [36;1m  # GitHub does not enforce `required: true` inputs itself. https://github.com/actions/runner/issues/1070[0m
2026-10-07T00:08:05.7008521Z [36;1m  echo "'toolchain' is a required input" >&2[0m
2026-10-07T00:08:05.7008890Z [36;1m  exit 1[0m
2026-10-07T00:08:05.7009322Z [36;1melif [[ $toolchain =~ ^stable' '[0-9]+' '(year|month|week|day)s?' 'ago$ ]]; then[0m
2026-10-07T00:08:05.7009961Z [36;1m  if [[ Windows == macOS ]]; then[0m
2026-10-07T00:08:05.7010543Z [36;1m    echo "toolchain=1.$((($(date -v-$(sed 's/stable \([0-9]*\) \(.\).*/\1\2/' <<< $toolchain) +%s)/60/60/24-16569)/7/6))" >> $GITHUB_OUTPUT[0m
2026-10-07T00:08:05.7011105Z [36;1m  else[0m
2026-10-07T00:08:05.7011641Z [36;1m    echo "toolchain=1.$((($(date --date "${toolchain#stable }" +%s)/60/60/24-16569)/7/6))" >> $GITHUB_OUTPUT[0m
2026-10-07T00:08:05.7012144Z [36;1m  fi[0m
2026-10-07T00:08:05.7012498Z [36;1melif [[ $toolchain =~ ^stable' 'minus' '[0-9]+' 'releases?$ ]]; then[0m
2026-10-07T00:08:05.7013090Z [36;1m  echo "toolchain=1.$((($(date +%s)/60/60/24-16569)/7/6-${toolchain//[^0-9]/}))" >> $GITHUB_OUTPUT[0m
2026-10-07T00:08:05.7013601Z [36;1melif [[ $toolchain =~ ^1\.[0-9]+$ ]]; then[0m
2026-10-07T00:08:05.7014274Z [36;1m  echo "toolchain=1.$((i=${toolchain#1.}, c=($(date +%s)/60/60/24-16569)/7/6, i+9*i*(10*i<=c)+90*i*(100*i<=c)))" >> $GITHUB_OUTPUT[0m
2026-10-07T00:08:05.7014801Z [36;1melse[0m
2026-10-07T00:08:05.7015121Z [36;1m  echo "toolchain=$toolchain" >> $GITHUB_OUTPUT[0m
2026-10-07T00:08:05.7015517Z [36;1mfi[0m
2026-10-07T00:08:05.7039180Z shell: C:\Program Files\Git\bin\bash.EXE --noprofile --norc -e -o pipefail {0}
2026-10-07T00:08:05.7039715Z env:
2026-10-07T00:08:05.7040102Z   NAGI_FAILURE_DIR: D:\a\Nagi\Nagi/build/compiler-failures
2026-10-07T00:08:05.7040489Z   toolchain: stable
2026-10-07T00:08:05.7040802Z ##[endgroup]
2026-10-07T00:08:05.8883231Z ##[end-action id=rust.parse;outcome=success;conclusion=success;duration_ms=205]
2026-10-07T00:08:05.8896118Z ##[start-action display=Construct rustup command line;id=rust.flags]
2026-10-07T00:08:05.9058238Z ##[group]Run echo "targets=$(for t in ${targets//,/ }; do echo -n ' --target' $t; done)" >> $GITHUB_OUTPUT
2026-10-07T00:08:05.9058970Z [36;1mecho "targets=$(for t in ${targets//,/ }; do echo -n ' --target' $t; done)" >> $GITHUB_OUTPUT[0m
2026-10-07T00:08:05.9059656Z [36;1mecho "components=$(for c in ${components//,/ }; do echo -n ' --component' $c; done)" >> $GITHUB_OUTPUT[0m
2026-10-07T00:08:05.9060281Z [36;1mecho "downgrade=" >> $GITHUB_OUTPUT[0m
2026-10-07T00:08:05.9072316Z shell: C:\Program Files\Git\bin\bash.EXE --noprofile --norc -e -o pipefail {0}
2026-10-07T00:08:05.9072817Z env:
2026-10-07T00:08:05.9073604Z   NAGI_FAILURE_DIR: D:\a\Nagi\Nagi/build/compiler-failures
2026-10-07T00:08:05.9074044Z   targets: 
2026-10-07T00:08:05.9074450Z   components: 
2026-10-07T00:08:05.9075049Z ##[endgroup]
2026-10-07T00:08:05.9761682Z ##[end-action id=rust.flags;outcome=success;conclusion=success;duration_ms=86]
2026-10-07T00:08:05.9764793Z ##[start-action display=Set $CARGO_HOME;id=rust.__run]
2026-10-07T00:08:05.9910420Z ##[group]Run echo CARGO_HOME=${CARGO_HOME:-"$USERPROFILE\.cargo"} >> $GITHUB_ENV
2026-10-07T00:08:05.9911079Z [36;1mecho CARGO_HOME=${CARGO_HOME:-"$USERPROFILE\.cargo"} >> $GITHUB_ENV[0m
2026-10-07T00:08:05.9923068Z shell: C:\Program Files\Git\bin\bash.EXE --noprofile --norc -e -o pipefail {0}
2026-10-07T00:08:05.9925077Z env:
2026-10-07T00:08:05.9925492Z   NAGI_FAILURE_DIR: D:\a\Nagi\Nagi/build/compiler-failures
2026-10-07T00:08:05.9925885Z ##[endgroup]
2026-10-07T00:08:06.0370681Z ##[end-action id=rust.__run;outcome=success;conclusion=success;duration_ms=60]
2026-10-07T00:08:06.0373638Z ##[start-action display=Install rustup if needed;id=rust.__run_2]
2026-10-07T00:08:06.0385769Z ##[end-action id=rust.__run_2;outcome=skipped;conclusion=skipped;duration_ms=0]
2026-10-07T00:08:06.0388644Z ##[start-action display=Install rustup if needed on windows;id=rust.__run_3]
2026-10-07T00:08:06.0537574Z ##[group]Run if ! command -v rustup &>/dev/null; then
2026-10-07T00:08:06.0538107Z [36;1mif ! command -v rustup &>/dev/null; then[0m
2026-10-07T00:08:06.0538928Z [36;1m  curl --proto '=https' --tlsv1.2 --retry 10 --retry-connrefused --location --silent --show-error --fail https://win.rustup.rs/x86_64 --output 'D:\a\_temp\rustup-init.exe'[0m
2026-10-07T00:08:06.0539821Z [36;1m  'D:\a\_temp\rustup-init.exe' --default-toolchain none --no-modify-path -y[0m
2026-10-07T00:08:06.0540343Z [36;1m  echo "$CARGO_HOME\bin" >> $GITHUB_PATH[0m
2026-10-07T00:08:06.0540702Z [36;1mfi[0m
2026-10-07T00:08:06.0553651Z shell: C:\Program Files\Git\bin\bash.EXE --noprofile --norc -e -o pipefail {0}
2026-10-07T00:08:06.0554155Z env:
2026-10-07T00:08:06.0554489Z   NAGI_FAILURE_DIR: D:\a\Nagi\Nagi/build/compiler-failures
2026-10-07T00:08:06.0555067Z   CARGO_HOME: C:\Users\runneradmin\.cargo
2026-10-07T00:08:06.0555444Z ##[endgroup]
2026-10-07T00:08:06.1081765Z ##[end-action id=rust.__run_3;outcome=success;conclusion=success;duration_ms=69]
2026-10-07T00:08:06.1095947Z ##[start-action display=rustup toolchain install stable;id=rust.__run_4]
2026-10-07T00:08:06.1245000Z ##[group]Run log=$(mktemp)
2026-10-07T00:08:06.1245596Z [36;1mlog=$(mktemp)[0m
2026-10-07T00:08:06.1245932Z [36;1mtrap 'rm -f "$log"' EXIT[0m
2026-10-07T00:08:06.1246266Z [36;1mfor attempt in 1 2 3 4 5; do[0m
2026-10-07T00:08:06.1246913Z [36;1m  if rustup toolchain install stable --profile minimal --no-self-update --force-non-host 2>&1 | tee "$log"; then[0m
2026-10-07T00:08:06.1247580Z [36;1m    break[0m
2026-10-07T00:08:06.1247963Z [36;1m  else[0m
2026-10-07T00:08:06.1248289Z [36;1m    status=$?[0m
2026-10-07T00:08:06.1248626Z [36;1m  fi[0m
2026-10-07T00:08:06.1249099Z [36;1m  if [[ $attempt == 5 ]] || ! grep -Fq 'checksum failed for ' "$log" \[0m
2026-10-07T00:08:06.1250059Z [36;1m      || ! grep -Fq 'this is likely due to an ongoing update of the official release server' "$log"; then[0m
2026-10-07T00:08:06.1250652Z [36;1m    exit "$status"[0m
2026-10-07T00:08:06.1251007Z [36;1m  fi[0m
2026-10-07T00:08:06.1251462Z [36;1m  echo "Retrying rustup toolchain install in 30 seconds (retry $attempt of 4)" >&2[0m
2026-10-07T00:08:06.1252067Z [36;1m  sleep 30[0m
2026-10-07T00:08:06.1252374Z [36;1mdone[0m
2026-10-07T00:08:06.1264152Z shell: C:\Program Files\Git\bin\bash.EXE --noprofile --norc -e -o pipefail {0}
2026-10-07T00:08:06.1264651Z env:
2026-10-07T00:08:06.1265006Z   NAGI_FAILURE_DIR: D:\a\Nagi\Nagi/build/compiler-failures
2026-10-07T00:08:06.1265627Z   CARGO_HOME: C:\Users\runneradmin\.cargo
2026-10-07T00:08:06.1266070Z   RUSTUP_PERMIT_COPY_RENAME: 1
2026-10-07T00:08:06.1266380Z ##[endgroup]
2026-10-07T00:08:09.5635153Z info: syncing channel updates for stable-x86_64-pc-windows-msvc
2026-10-07T00:08:10.3232454Z info: latest update on 2026-10-01 for version 1.99.0 (b940084d7 2026-09-28)
2026-10-07T00:08:10.3546328Z info: removing previous version of component rustfmt
2026-10-07T00:08:10.3723323Z info: removing previous version of component clippy
2026-10-07T00:08:10.4020031Z info: removing previous version of component rust-std for target x86_64-pc-windows-gnu
2026-10-07T00:08:10.5288326Z info: removing previous version of component rust-std for target i686-pc-windows-msvc
2026-10-07T00:08:10.6078841Z info: removing previous version of component cargo
2026-10-07T00:08:10.6872534Z info: removing previous version of component rust-std
2026-10-07T00:08:10.7825605Z info: removing previous version of component rustc
2026-10-07T00:08:10.9249630Z info: downloading 7 components
2026-10-07T00:08:29.4961139Z 
2026-10-07T00:08:31.7120338Z   stable-x86_64-pc-windows-msvc updated - rustc 1.99.0 (b940084d7 2026-09-28) (from rustc 1.98.1 (48a229cea 2026-09-01))
2026-10-07T00:08:31.7121100Z 
2026-10-07T00:08:31.7554385Z ##[end-action id=rust.__run_4;outcome=success;conclusion=success;duration_ms=25645]
2026-10-07T00:08:31.7560885Z ##[start-action display=rustup default stable;id=rust.__run_5]
2026-10-07T00:08:31.7702259Z ##[group]Run rustup default stable --force-non-host
2026-10-07T00:08:31.7702744Z [36;1mrustup default stable --force-non-host[0m
2026-10-07T00:08:31.7714569Z shell: C:\Program Files\Git\bin\bash.EXE --noprofile --norc -e -o pipefail {0}
2026-10-07T00:08:31.7715292Z env:
2026-10-07T00:08:31.7715621Z   NAGI_FAILURE_DIR: D:\a\Nagi\Nagi/build/compiler-failures
2026-10-07T00:08:31.7716119Z   CARGO_HOME: C:\Users\runneradmin\.cargo
2026-10-07T00:08:31.7716453Z ##[endgroup]
2026-10-07T00:08:31.8617695Z info: using existing install for stable-x86_64-pc-windows-msvc
2026-10-07T00:08:31.8860578Z info: default toolchain set to stable-x86_64-pc-windows-msvc
2026-10-07T00:08:31.8861179Z 
2026-10-07T00:08:31.9127779Z   stable-x86_64-pc-windows-msvc unchanged - rustc 1.99.0 (b940084d7 2026-09-28)
2026-10-07T00:08:31.9128325Z 
2026-10-07T00:08:31.9221615Z ##[end-action id=rust.__run_5;outcome=success;conclusion=success;duration_ms=165]
2026-10-07T00:08:31.9224423Z ##[start-action display=Create cachekey;id=rust.rustc-version]
2026-10-07T00:08:31.9385544Z ##[group]Run DATE=$(rustc +stable --version --verbose | sed -ne 's/^commit-date: \(20[0-9][0-9]\)-\([01][0-9]\)-\([0-3][0-9]\)$/\1\2\3/p')
2026-10-07T00:08:31.9386926Z [36;1mDATE=$(rustc +stable --version --verbose | sed -ne 's/^commit-date: \(20[0-9][0-9]\)-\([01][0-9]\)-\([0-3][0-9]\)$/\1\2\3/p')[0m
2026-10-07T00:08:31.9388145Z [36;1mHASH=$(rustc +stable --version --verbose | sed -ne 's/^commit-hash: //p')[0m
2026-10-07T00:08:31.9389002Z [36;1mecho "cachekey=$(echo $DATE$HASH | head -c12)" >> $GITHUB_OUTPUT[0m
2026-10-07T00:08:31.9406374Z shell: C:\Program Files\Git\bin\bash.EXE --noprofile --norc -e -o pipefail {0}
2026-10-07T00:08:31.9407143Z env:
2026-10-07T00:08:31.9407756Z   NAGI_FAILURE_DIR: D:\a\Nagi\Nagi/build/compiler-failures
2026-10-07T00:08:31.9408386Z   CARGO_HOME: C:\Users\runneradmin\.cargo
2026-10-07T00:08:31.9408969Z ##[endgroup]
2026-10-07T00:08:32.7319743Z ##[end-action id=rust.rustc-version;outcome=success;conclusion=success;duration_ms=809]
2026-10-07T00:08:32.7323397Z ##[start-action display=Disable incremental compilation;id=rust.__run_6]
2026-10-07T00:08:32.7459984Z ##[group]Run if [ -z "${CARGO_INCREMENTAL+set}" ]; then
2026-10-07T00:08:32.7460465Z [36;1mif [ -z "${CARGO_INCREMENTAL+set}" ]; then[0m
2026-10-07T00:08:32.7460871Z [36;1m  echo CARGO_INCREMENTAL=0 >> $GITHUB_ENV[0m
2026-10-07T00:08:32.7461217Z [36;1mfi[0m
2026-10-07T00:08:32.7473826Z shell: C:\Program Files\Git\bin\bash.EXE --noprofile --norc -e -o pipefail {0}
2026-10-07T00:08:32.7474373Z env:
2026-10-07T00:08:32.7474732Z   NAGI_FAILURE_DIR: D:\a\Nagi\Nagi/build/compiler-failures
2026-10-07T00:08:32.7475157Z   CARGO_HOME: C:\Users\runneradmin\.cargo
2026-10-07T00:08:32.7476351Z ##[endgroup]
2026-10-07T00:08:32.7905875Z ##[end-action id=rust.__run_6;outcome=success;conclusion=success;duration_ms=58]
2026-10-07T00:08:32.7908719Z ##[start-action display=Enable colors in Cargo output;id=rust.__run_7]
2026-10-07T00:08:32.8041184Z ##[group]Run if [ -z "${CARGO_TERM_COLOR+set}" ]; then
2026-10-07T00:08:32.8041668Z [36;1mif [ -z "${CARGO_TERM_COLOR+set}" ]; then[0m
2026-10-07T00:08:32.8042100Z [36;1m  echo CARGO_TERM_COLOR=always >> $GITHUB_ENV[0m
2026-10-07T00:08:32.8042477Z [36;1mfi[0m
2026-10-07T00:08:32.8052996Z shell: C:\Program Files\Git\bin\bash.EXE --noprofile --norc -e -o pipefail {0}
2026-10-07T00:08:32.8053441Z env:
2026-10-07T00:08:32.8054005Z   NAGI_FAILURE_DIR: D:\a\Nagi\Nagi/build/compiler-failures
2026-10-07T00:08:32.8054415Z   CARGO_HOME: C:\Users\runneradmin\.cargo
2026-10-07T00:08:32.8054775Z   CARGO_INCREMENTAL: 0
2026-10-07T00:08:32.8055071Z ##[endgroup]
2026-10-07T00:08:32.8470483Z ##[end-action id=rust.__run_7;outcome=success;conclusion=success;duration_ms=56]
2026-10-07T00:08:32.8473044Z ##[start-action display=Enable Cargo sparse registry;id=rust.__run_8]
2026-10-07T00:08:32.8606694Z ##[group]Run # implemented in 1.66, stabilized in 1.68, made default in 1.70
2026-10-07T00:08:32.8607287Z [36;1m# implemented in 1.66, stabilized in 1.68, made default in 1.70[0m
2026-10-07T00:08:32.8608017Z [36;1mif [ -z "${CARGO_REGISTRIES_CRATES_IO_PROTOCOL+set}" -o -f "D:\a\_temp"/.implicit_cargo_registries_crates_io_protocol ]; then[0m
2026-10-07T00:08:32.8608708Z [36;1m  if rustc +stable --version --verbose | grep -q '^release: 1\.6[89]\.'; then[0m
2026-10-07T00:08:32.8609280Z [36;1m    touch "D:\a\_temp"/.implicit_cargo_registries_crates_io_protocol || true[0m
2026-10-07T00:08:32.8609819Z [36;1m    echo CARGO_REGISTRIES_CRATES_IO_PROTOCOL=sparse >> $GITHUB_ENV[0m
2026-10-07T00:08:32.8610360Z [36;1m  elif rustc +stable --version --verbose | grep -q '^release: 1\.6[67]\.'; then[0m
2026-10-07T00:08:32.8610969Z [36;1m    touch "D:\a\_temp"/.implicit_cargo_registries_crates_io_protocol || true[0m
2026-10-07T00:08:32.8611478Z [36;1m    echo CARGO_REGISTRIES_CRATES_IO_PROTOCOL=git >> $GITHUB_ENV[0m
2026-10-07T00:08:32.8611871Z [36;1m  fi[0m
2026-10-07T00:08:32.8612165Z [36;1mfi[0m
2026-10-07T00:08:32.8624375Z shell: C:\Program Files\Git\bin\bash.EXE --noprofile --norc -e -o pipefail {0}
2026-10-07T00:08:32.8624881Z env:
2026-10-07T00:08:32.8625230Z   NAGI_FAILURE_DIR: D:\a\Nagi\Nagi/build/compiler-failures
2026-10-07T00:08:32.8625625Z   CARGO_HOME: C:\Users\runneradmin\.cargo
2026-10-07T00:08:32.8626009Z   CARGO_INCREMENTAL: 0
2026-10-07T00:08:32.8626305Z   CARGO_TERM_COLOR: always
2026-10-07T00:08:32.8626613Z ##[endgroup]
2026-10-07T00:08:33.0544948Z ##[end-action id=rust.__run_8;outcome=success;conclusion=success;duration_ms=207]
2026-10-07T00:08:33.0547921Z ##[start-action display=Work around spurious network errors in curl 8.0;id=rust.__run_9]
2026-10-07T00:08:33.0708641Z ##[group]Run # https://rust-lang.zulipchat.com/#narrow/stream/246057-t-cargo/topic/timeout.20investigation
2026-10-07T00:08:33.0709457Z [36;1m# https://rust-lang.zulipchat.com/#narrow/stream/246057-t-cargo/topic/timeout.20investigation[0m
2026-10-07T00:08:33.0710092Z [36;1mif rustc +stable --version --verbose | grep -q '^release: 1\.7[01]\.'; then[0m
2026-10-07T00:08:33.0710582Z [36;1m  echo CARGO_HTTP_MULTIPLEXING=false >> $GITHUB_ENV[0m
2026-10-07T00:08:33.0710975Z [36;1mfi[0m
2026-10-07T00:08:33.0722151Z shell: C:\Program Files\Git\bin\bash.EXE --noprofile --norc -e -o pipefail {0}
2026-10-07T00:08:33.0722629Z env:
2026-10-07T00:08:33.0722970Z   NAGI_FAILURE_DIR: D:\a\Nagi\Nagi/build/compiler-failures
2026-10-07T00:08:33.0723377Z   CARGO_HOME: C:\Users\runneradmin\.cargo
2026-10-07T00:08:33.0724134Z   CARGO_INCREMENTAL: 0
2026-10-07T00:08:33.0724510Z   CARGO_TERM_COLOR: always
2026-10-07T00:08:33.0724826Z ##[endgroup]
2026-10-07T00:08:33.1972939Z ##[end-action id=rust.__run_9;outcome=success;conclusion=success;duration_ms=142]
2026-10-07T00:08:33.1977254Z ##[start-action display=rustc +stable --version --verbose;id=rust.__run_10]
2026-10-07T00:08:33.2115063Z ##[group]Run rustc +stable --version --verbose
2026-10-07T00:08:33.2115381Z [36;1mrustc +stable --version --verbose[0m
2026-10-07T00:08:33.2126075Z shell: C:\Program Files\Git\bin\bash.EXE --noprofile --norc -e -o pipefail {0}
2026-10-07T00:08:33.2126454Z env:
2026-10-07T00:08:33.2126735Z   NAGI_FAILURE_DIR: D:\a\Nagi\Nagi/build/compiler-failures
2026-10-07T00:08:33.2127051Z   CARGO_HOME: C:\Users\runneradmin\.cargo
2026-10-07T00:08:33.2127307Z   CARGO_INCREMENTAL: 0
2026-10-07T00:08:33.2127513Z   CARGO_TERM_COLOR: always
2026-10-07T00:08:33.2127899Z ##[endgroup]
2026-10-07T00:08:33.3036999Z rustc 1.99.0 (b940084d7 2026-09-28)
2026-10-07T00:08:33.3037604Z binary: rustc
2026-10-07T00:08:33.3037964Z commit-hash: b940084d7eb6a299eb4bfeb8e34901bc051e7ac4
2026-10-07T00:08:33.3038400Z commit-date: 2026-09-28
2026-10-07T00:08:33.3038765Z host: x86_64-pc-windows-msvc
2026-10-07T00:08:33.3039081Z release: 1.99.0
2026-10-07T00:08:33.3039848Z LLVM version: 23.1.1
2026-10-07T00:08:33.3189906Z ##[end-action id=rust.__run_10;outcome=success;conclusion=success;duration_ms=121]
2026-10-07T00:08:33.9152492Z ##[group]Run actions/cache@v4
2026-10-07T00:08:33.9152964Z with:
2026-10-07T00:08:33.9153245Z   path: ~/.cargo/registry
~/.cargo/git
target
native-target

2026-10-07T00:08:33.9154089Z   key: nagi-rust-v1-package-windows-x86_64-20260928b940-43e40bfa9880d8e4c9854de239a7db5293e4500e628e2a3fd0da1153d1fb2c04-2191a1521e3c16011152cb832efe6c34b51bee90ef9113023486460678fc39d0
2026-10-07T00:08:33.9155279Z   restore-keys: nagi-rust-v1-package-windows-x86_64-20260928b940-43e40bfa9880d8e4c9854de239a7db5293e4500e628e2a3fd0da1153d1fb2c04-
nagi-rust-v1-package-windows-x86_64-20260928b940-

2026-10-07T00:08:33.9155988Z   enableCrossOsArchive: false
2026-10-07T00:08:33.9156214Z   fail-on-cache-miss: false
2026-10-07T00:08:33.9156432Z   lookup-only: false
2026-10-07T00:08:33.9156646Z   save-always: false
2026-10-07T00:08:33.9156820Z env:
2026-10-07T00:08:33.9157064Z   NAGI_FAILURE_DIR: D:\a\Nagi\Nagi/build/compiler-failures
2026-10-07T00:08:33.9157403Z   CARGO_HOME: C:\Users\runneradmin\.cargo
2026-10-07T00:08:33.9157671Z   CARGO_INCREMENTAL: 0
2026-10-07T00:08:33.9157877Z   CARGO_TERM_COLOR: always
2026-10-07T00:08:33.9158079Z ##[endgroup]
2026-10-07T00:08:34.0743316Z (node:4192) [DEP0040] DeprecationWarning: The `punycode` module is deprecated. Please use a userland alternative instead.
2026-10-07T00:08:34.0743999Z (Use `node --trace-deprecation ...` to show where the warning was created)
2026-10-07T00:08:34.4505127Z Cache hit for restore-key: nagi-rust-v1-package-windows-x86_64-20260928b940-43e40bfa9880d8e4c9854de239a7db5293e4500e628e2a3fd0da1153d1fb2c04-2acb78f708394cea90b22f6cb5002a4c3eca2d76141d40d5a5829418b1bfc0a8
2026-10-07T00:08:34.4615535Z (node:4192) [DEP0169] DeprecationWarning: `url.parse()` behavior is not standardized and prone to errors that have security implications. Use the WHATWG URL API instead. CVEs are not issued for `url.parse()` vulnerabilities.
2026-10-07T00:08:35.6537247Z Received 92274688 of 1318202309 (7.0%), 87.9 MBs/sec
2026-10-07T00:08:36.6718463Z Received 192937984 of 1318202309 (14.6%), 91.4 MBs/sec
2026-10-07T00:08:37.6842629Z Received 268435456 of 1318202309 (20.4%), 84.5 MBs/sec
2026-10-07T00:08:38.9584062Z Received 402653184 of 1318202309 (30.5%), 89.2 MBs/sec
2026-10-07T00:08:40.0925452Z Received 536870912 of 1318202309 (40.7%), 94.2 MBs/sec
2026-10-07T00:08:41.2961983Z Received 671088640 of 1318202309 (50.9%), 96.3 MBs/sec
2026-10-07T00:08:42.5585133Z Received 805306368 of 1318202309 (61.1%), 97.1 MBs/sec
2026-10-07T00:08:44.0951153Z Received 939524096 of 1318202309 (71.3%), 94.9 MBs/sec
2026-10-07T00:08:45.3839460Z Received 1073741824 of 1318202309 (81.5%), 95.4 MBs/sec
2026-10-07T00:08:46.8126589Z Received 1207959552 of 1318202309 (91.6%), 94.8 MBs/sec
2026-10-07T00:08:47.8640548Z Received 1318202309 of 1318202309 (100.0%), 95.2 MBs/sec
2026-10-07T00:08:47.8645040Z Cache Size: ~1257 MB (1318202309 B)
2026-10-07T00:08:47.8741579Z [command]"C:\Program Files\Git\usr\bin\tar.exe" -xf D:/a/_temp/0111a5f5-3bdc-4b2f-9098-8ce99b19a32c/cache.tzst -P -C D:/a/Nagi/Nagi --force-local --use-compress-program "zstd -d"
2026-10-07T00:09:33.5393245Z Cache restored successfully
2026-10-07T00:09:33.6946771Z Cache restored from key: nagi-rust-v1-package-windows-x86_64-20260928b940-43e40bfa9880d8e4c9854de239a7db5293e4500e628e2a3fd0da1153d1fb2c04-2acb78f708394cea90b22f6cb5002a4c3eca2d76141d40d5a5829418b1bfc0a8
2026-10-07T00:09:33.7303037Z ##[group]Run actions/setup-python@v5
2026-10-07T00:09:33.7303405Z with:
2026-10-07T00:09:33.7303627Z   python-version: 3.12
2026-10-07T00:09:33.7303859Z   check-latest: false
2026-10-07T00:09:33.7306586Z   token: ***
2026-10-07T00:09:33.7306807Z   update-environment: true
2026-10-07T00:09:33.7307059Z   allow-prereleases: false
2026-10-07T00:09:33.7307305Z   freethreaded: false
2026-10-07T00:09:33.7307552Z env:
2026-10-07T00:09:33.7307806Z   NAGI_FAILURE_DIR: D:\a\Nagi\Nagi/build/compiler-failures
2026-10-07T00:09:33.7308147Z   CARGO_HOME: C:\Users\runneradmin\.cargo
2026-10-07T00:09:33.7308434Z   CARGO_INCREMENTAL: 0
2026-10-07T00:09:33.7308653Z   CARGO_TERM_COLOR: always
2026-10-07T00:09:33.7308874Z ##[endgroup]
2026-10-07T00:09:33.8981638Z ##[group]Installed versions
2026-10-07T00:09:33.9169125Z (node:6192) [DEP0040] DeprecationWarning: The `punycode` module is deprecated. Please use a userland alternative instead.
2026-10-07T00:09:33.9169875Z (Use `node --trace-deprecation ...` to show where the warning was created)
2026-10-07T00:09:33.9170527Z Successfully set up CPython (3.12.10)
2026-10-07T00:09:33.9171177Z ##[endgroup]
2026-10-07T00:09:33.9502086Z ##[group]Run actions/setup-node@v4
2026-10-07T00:09:33.9502421Z with:
2026-10-07T00:09:33.9502632Z   node-version: 22
2026-10-07T00:09:33.9502837Z   always-auth: false
2026-10-07T00:09:33.9503053Z   check-latest: false
2026-10-07T00:09:33.9505693Z   token: ***
2026-10-07T00:09:33.9505883Z env:
2026-10-07T00:09:33.9506132Z   NAGI_FAILURE_DIR: D:\a\Nagi\Nagi/build/compiler-failures
2026-10-07T00:09:33.9506481Z   CARGO_HOME: C:\Users\runneradmin\.cargo
2026-10-07T00:09:33.9506749Z   CARGO_INCREMENTAL: 0
2026-10-07T00:09:33.9506968Z   CARGO_TERM_COLOR: always
2026-10-07T00:09:33.9507274Z   pythonLocation: C:\hostedtoolcache\windows\Python\3.12.10\x64
2026-10-07T00:09:33.9507773Z   PKG_CONFIG_PATH: C:\hostedtoolcache\windows\Python\3.12.10\x64/lib/pkgconfig
2026-10-07T00:09:33.9508210Z   Python_ROOT_DIR: C:\hostedtoolcache\windows\Python\3.12.10\x64
2026-10-07T00:09:33.9508602Z   Python2_ROOT_DIR: C:\hostedtoolcache\windows\Python\3.12.10\x64
2026-10-07T00:09:33.9509047Z   Python3_ROOT_DIR: C:\hostedtoolcache\windows\Python\3.12.10\x64
2026-10-07T00:09:33.9509357Z ##[endgroup]
2026-10-07T00:09:34.1427187Z Found in cache @ C:\hostedtoolcache\windows\node\22.23.3\x64
2026-10-07T00:09:34.1434742Z (node:6512) [DEP0040] DeprecationWarning: The `punycode` module is deprecated. Please use a userland alternative instead.
2026-10-07T00:09:34.1435513Z (Use `node --trace-deprecation ...` to show where the warning was created)
2026-10-07T00:09:34.1438265Z ##[group]Environment details
2026-10-07T00:09:39.6808865Z node: v22.23.3
2026-10-07T00:09:39.6809298Z npm: 10.9.9
2026-10-07T00:09:39.6809640Z yarn: 1.22.22
2026-10-07T00:09:39.6810204Z ##[endgroup]
2026-10-07T00:09:39.7482293Z ##[group]Run python - <<'PY'
2026-10-07T00:09:39.7482696Z [36;1mpython - <<'PY'[0m
2026-10-07T00:09:39.7482934Z [36;1mimport os, subprocess[0m
2026-10-07T00:09:39.7483309Z [36;1mlines = subprocess.check_output(['rustc', '-vV'], text=True).splitlines()[0m
2026-10-07T00:09:39.7483850Z [36;1mhost = next(line.removeprefix('host: ') for line in lines if line.startswith('host: '))[0m
2026-10-07T00:09:39.7484332Z [36;1massert host == os.environ['RELEASE_RUST_HOST'], host[0m
2026-10-07T00:09:39.7484634Z [36;1mPY[0m
2026-10-07T00:09:39.7497575Z shell: C:\Program Files\Git\bin\bash.EXE --noprofile --norc -e -o pipefail {0}
2026-10-07T00:09:39.7497943Z env:
2026-10-07T00:09:39.7498228Z   NAGI_FAILURE_DIR: D:\a\Nagi\Nagi/build/compiler-failures
2026-10-07T00:09:39.7498551Z   CARGO_HOME: C:\Users\runneradmin\.cargo
2026-10-07T00:09:39.7498812Z   CARGO_INCREMENTAL: 0
2026-10-07T00:09:39.7499019Z   CARGO_TERM_COLOR: always
2026-10-07T00:09:39.7499384Z   pythonLocation: C:\hostedtoolcache\windows\Python\3.12.10\x64
2026-10-07T00:09:39.7499809Z   PKG_CONFIG_PATH: C:\hostedtoolcache\windows\Python\3.12.10\x64/lib/pkgconfig
2026-10-07T00:09:39.7500222Z   Python_ROOT_DIR: C:\hostedtoolcache\windows\Python\3.12.10\x64
2026-10-07T00:09:39.7500609Z   Python2_ROOT_DIR: C:\hostedtoolcache\windows\Python\3.12.10\x64
2026-10-07T00:09:39.7501000Z   Python3_ROOT_DIR: C:\hostedtoolcache\windows\Python\3.12.10\x64
2026-10-07T00:09:39.7501335Z   RELEASE_RUST_HOST: x86_64-pc-windows-msvc
2026-10-07T00:09:39.7502021Z ##[endgroup]
2026-10-07T00:09:40.8574996Z ##[group]Run cargo fetch --locked --target "$RELEASE_RUST_HOST"
2026-10-07T00:09:40.8575508Z [36;1mcargo fetch --locked --target "$RELEASE_RUST_HOST"[0m
2026-10-07T00:09:40.8587606Z shell: C:\Program Files\Git\bin\bash.EXE --noprofile --norc -e -o pipefail {0}
2026-10-07T00:09:40.8587982Z env:
2026-10-07T00:09:40.8588251Z   NAGI_FAILURE_DIR: D:\a\Nagi\Nagi/build/compiler-failures
2026-10-07T00:09:40.8588593Z   CARGO_HOME: C:\Users\runneradmin\.cargo
2026-10-07T00:09:40.8588858Z   CARGO_INCREMENTAL: 0
2026-10-07T00:09:40.8589076Z   CARGO_TERM_COLOR: always
2026-10-07T00:09:40.8589373Z   pythonLocation: C:\hostedtoolcache\windows\Python\3.12.10\x64
2026-10-07T00:09:40.8589837Z   PKG_CONFIG_PATH: C:\hostedtoolcache\windows\Python\3.12.10\x64/lib/pkgconfig
2026-10-07T00:09:40.8590267Z   Python_ROOT_DIR: C:\hostedtoolcache\windows\Python\3.12.10\x64
2026-10-07T00:09:40.8590658Z   Python2_ROOT_DIR: C:\hostedtoolcache\windows\Python\3.12.10\x64
2026-10-07T00:09:40.8591092Z   Python3_ROOT_DIR: C:\hostedtoolcache\windows\Python\3.12.10\x64
2026-10-07T00:09:40.8591444Z   RELEASE_RUST_HOST: x86_64-pc-windows-msvc
2026-10-07T00:09:40.8591817Z ##[endgroup]
2026-10-07T00:09:41.8124817Z ##[group]Run cargo build --release --locked -p nagic
2026-10-07T00:09:41.8125380Z [36;1mcargo build --release --locked -p nagic[0m
2026-10-07T00:09:41.8789083Z shell: C:\Program Files\PowerShell\7\pwsh.EXE -command ". '{0}'"
2026-10-07T00:09:41.8789438Z env:
2026-10-07T00:09:41.8789710Z   NAGI_FAILURE_DIR: D:\a\Nagi\Nagi/build/compiler-failures
2026-10-07T00:09:41.8790034Z   CARGO_HOME: C:\Users\runneradmin\.cargo
2026-10-07T00:09:41.8790300Z   CARGO_INCREMENTAL: 0
2026-10-07T00:09:41.8790532Z   CARGO_TERM_COLOR: always
2026-10-07T00:09:41.8790833Z   pythonLocation: C:\hostedtoolcache\windows\Python\3.12.10\x64
2026-10-07T00:09:41.8791266Z   PKG_CONFIG_PATH: C:\hostedtoolcache\windows\Python\3.12.10\x64/lib/pkgconfig
2026-10-07T00:09:41.8791700Z   Python_ROOT_DIR: C:\hostedtoolcache\windows\Python\3.12.10\x64
2026-10-07T00:09:41.8792102Z   Python2_ROOT_DIR: C:\hostedtoolcache\windows\Python\3.12.10\x64
2026-10-07T00:09:41.8792539Z   Python3_ROOT_DIR: C:\hostedtoolcache\windows\Python\3.12.10\x64
2026-10-07T00:09:41.8792849Z ##[endgroup]
2026-10-07T00:09:42.3218168Z [1m[92m   Compiling[0m nagic v0.1.10 (D:\a\Nagi\Nagi\compiler)
2026-10-07T00:10:44.1443000Z [1m[92m    Finished[0m `release` profile [optimized] target(s) in 1m 01s
2026-10-07T00:10:44.2841637Z ##[group]Run cargo test --locked -p nagic --lib --test cli --test installation --test codegen --test loop_ownership --test ownership_calls --test ownership_boundaries --test comparison_ownership --test owned_copy_codegen --test build_diagnostics --test rust_dependencies --test expression_contracts --test frontend_contracts --test literal_contracts --test http_route_conflicts --test symbols --test modules --test module_parser --test module_emission --test module_symbols --test enum_parser --test enum_modules --test enum_emission --test enum_patterns --test nullable_database --test nullable_roundtrip --test owned_database --test borrow_free_returns --test static_callback_views --test view_iteration --test view_parameter_rebinding --test sql_check --test typed_errors --test error_routes --test class_field_types --test resource_contract_characterization --test stdlib_imports --test option_match --test http_stdlib --test http_codegen --test actor_stdlib --test actor_codegen --test graph_types --test graph_relations --test graph_render --test graph_html --test map_cli --test low_multiline --test list_ownership_inference --test list_borrow_iteration --test result_stdlib
2026-10-07T00:10:44.2854720Z [36;1mcargo test --locked -p nagic --lib --test cli --test installation --test codegen --test loop_ownership --test ownership_calls --test ownership_boundaries --test comparison_ownership --test owned_copy_codegen --test build_diagnostics --test rust_dependencies --test expression_contracts --test frontend_contracts --test literal_contracts --test http_route_conflicts --test symbols --test modules --test module_parser --test module_emission --test module_symbols --test enum_parser --test enum_modules --test enum_emission --test enum_patterns --test nullable_database --test nullable_roundtrip --test owned_database --test borrow_free_returns --test static_callback_views --test view_iteration --test view_parameter_rebinding --test sql_check --test typed_errors --test error_routes --test class_field_types --test resource_contract_characterization --test stdlib_imports --test option_match --test http_stdlib --test http_codegen --test actor_stdlib --test actor_codegen --test graph_types --test graph_relations --test graph_render --test graph_html --test map_cli --test low_multiline --test list_ownership_inference --test list_borrow_iteration --test result_stdlib[0m
2026-10-07T00:10:44.2942742Z shell: C:\Program Files\PowerShell\7\pwsh.EXE -command ". '{0}'"
2026-10-07T00:10:44.2943505Z env:
2026-10-07T00:10:44.2943874Z   NAGI_FAILURE_DIR: D:\a\Nagi\Nagi/build/compiler-failures
2026-10-07T00:10:44.2944291Z   CARGO_HOME: C:\Users\runneradmin\.cargo
2026-10-07T00:10:44.2944621Z   CARGO_INCREMENTAL: 0
2026-10-07T00:10:44.2944906Z   CARGO_TERM_COLOR: always
2026-10-07T00:10:44.2945310Z   pythonLocation: C:\hostedtoolcache\windows\Python\3.12.10\x64
2026-10-07T00:10:44.2945840Z   PKG_CONFIG_PATH: C:\hostedtoolcache\windows\Python\3.12.10\x64/lib/pkgconfig
2026-10-07T00:10:44.2946344Z   Python_ROOT_DIR: C:\hostedtoolcache\windows\Python\3.12.10\x64
2026-10-07T00:10:44.2946794Z   Python2_ROOT_DIR: C:\hostedtoolcache\windows\Python\3.12.10\x64
2026-10-07T00:10:44.2947280Z   Python3_ROOT_DIR: C:\hostedtoolcache\windows\Python\3.12.10\x64
2026-10-07T00:10:44.2947779Z ##[endgroup]
2026-10-07T00:10:44.7065058Z [1m[92m   Compiling[0m nagic v0.1.10 (D:\a\Nagi\Nagi\compiler)
2026-10-07T00:11:23.1143875Z [1m[92m    Finished[0m `test` profile [unoptimized + debuginfo] target(s) in 38.51s
2026-10-07T00:11:23.1253063Z [1m[92m     Running[0m unittests src\lib.rs (target\debug\deps\nagic-6f4999d7013712c3.exe)
2026-10-07T00:11:23.1365649Z 
2026-10-07T00:11:23.1366541Z running 122 tests
2026-10-07T00:11:23.1390576Z test capabilities::tests::charge_recursive_lists_have_known_storage_but_require_a_walk ... ok
2026-10-07T00:11:23.1392966Z test capabilities::tests::charge_rejects_excluded_storage_with_a_nested_field_path ... ok
2026-10-07T00:11:23.1398246Z test capabilities::tests::charge_inline_capability_accounts_for_every_enum_variant ... ok
2026-10-07T00:11:23.1400135Z test capabilities::tests::indirect_cycles_remain_serializable_only_with_serializable_fields ... ok
2026-10-07T00:11:23.1402410Z test capabilities::tests::private_causes_prevent_serialization_through_nested_records ... ok
2026-10-07T00:11:23.1411215Z test capabilities::tests::native_debug_does_not_require_generic_payload_debug ... ok
2026-10-07T00:11:23.1426478Z test capabilities::tests::native_payload_roles_are_purpose_specific ... ok
2026-10-07T00:11:23.1441934Z test check::checked::tests::final_factory_checks_and_seals_owned_input ... ok
2026-10-07T00:11:23.1444131Z test capabilities::tests::serde_charge_and_owned_fields_are_distinct_capabilities ... ok
2026-10-07T00:11:23.1448525Z test check::checked::tests::final_diagnostic_transports_kind_without_changing_user_messages ... ok
2026-10-07T00:11:23.1450057Z test check::checked::tests::final_factory_rejects_invalid_input ... ok
2026-10-07T00:11:23.1460316Z test check::checked::tests::missing_declaration_type_is_rejected_without_rechecking ... ok
2026-10-07T00:11:23.1461965Z test check::checked::tests::missing_binding_and_pattern_types_are_rejected_without_rechecking ... ok
2026-10-07T00:11:23.1467257Z test check::checked::tests::missing_name_resolution_is_rejected_without_rechecking ... ok
2026-10-07T00:11:23.1468354Z test check::checked::tests::sealed_missing_expression_plan_fails_closed ... ok
2026-10-07T00:11:23.1488156Z test check::checked::tests::sealed_missing_operand_role_fails_closed ... ok
2026-10-07T00:11:23.1493996Z test check::checked::tests::facts_and_emission_are_deterministic_and_read_only ... ok
2026-10-07T00:11:23.1496765Z test check::checked::tests::sealed_missing_rust_type_plan_fails_closed ... ok
2026-10-07T00:11:23.1502524Z test check::checked::tests::sealing_rejects_missing_expression_types ... ok
2026-10-07T00:11:23.1504908Z test check::checked::tests::sealed_missing_required_flow_or_slots_fails_closed ... ok
2026-10-07T00:11:23.1508582Z test check::checked::tests::symbolic_enum_owner_is_not_an_untyped_payload ... ok
2026-10-07T00:11:23.1510392Z test check::checked::tests::unknown_origin_is_not_user_blame ... ok
2026-10-07T00:11:23.1544061Z test check::flow_metadata_tests::checked_operand_roles_reach_codegen_and_missing_roles_fail ... ok
2026-10-07T00:11:23.1577851Z test check::flow_metadata_tests::content_mutation_events_survive_rhs_replacement_and_stay_in_their_statement ... ok
2026-10-07T00:11:23.1611938Z test check::checked::tests::generated_saved_native_replacement_and_synthetic_origins_are_distinct ... ok
2026-10-07T00:11:23.1664427Z test check::checked::tests::task_sealing_rejects_missing_or_mismatched_scope_and_use_facts ... ok
2026-10-07T00:11:23.1704839Z test check::flow_metadata_tests::loop_regions_preserve_candidate_reads_and_assignments ... ok
2026-10-07T00:11:23.1737442Z test check::flow_metadata_tests::flow_snapshots_only_keep_return_dependency_bindings ... ok
2026-10-07T00:11:23.1772348Z test check::flow_metadata_tests::flow_facts_recompute_for_high_saved_low_and_self_consumption ... ok
2026-10-07T00:11:23.1777840Z test modules::metadata_tests::intrinsic_transport_rejects_forged_namespace_collisions_and_unknown_heads ... ok
2026-10-07T00:11:23.1782456Z test check::flow_metadata_tests::flow_collection_is_gated_to_view_return_dependencies ... ok
2026-10-07T00:11:23.1784091Z test modules::metadata_tests::intrinsic_type_transport_is_structural_and_avoids_real_bindings ... ok
2026-10-07T00:11:23.1790929Z test modules::metadata_tests::low_metadata_rejects_unknown_topology_and_span_fields ... ok
2026-10-07T00:11:23.1795677Z test modules::metadata_tests::malformed_internal_looking_names_keep_their_original_display ... ok
2026-10-07T00:11:23.1800238Z test check::flow_metadata_tests::semantic_value_edges_keep_mutation_inputs_without_scalar_overselection ... ok
2026-10-07T00:11:23.1802410Z test modules::metadata_tests::metadata_cannot_rebind_a_definition_to_a_builtin_or_unrelated_id ... ok
2026-10-07T00:11:23.1805888Z test modules::metadata_tests::low_identity_is_portable_between_unix_drive_and_unc_paths ... ok
2026-10-07T00:11:23.1807072Z test modules::metadata_tests::metadata_rejects_relative_noncanonical_and_traversing_ids ... ok
2026-10-07T00:11:23.1848156Z test sql_check::collect::tests::checked_high_and_saved_low_preserve_supported_operations_and_source_fields ... ok
2026-10-07T00:11:23.1871958Z test sql_check::collect::tests::conditional_loop_and_match_bodies_are_collected_once ... ok
2026-10-07T00:11:23.1886729Z test sql_check::collect::tests::dynamic_sql_and_exec_scripts_remain_visible_as_excluded_sites ... ok
2026-10-07T00:11:23.1906543Z test sql_check::collect::tests::integrated_native_replacements_only_collect_the_final_function_body ... ok
2026-10-07T00:11:23.1938976Z test sql_check::collect::tests::nested_value_expressions_returns_and_scope_spawn_keep_each_actual_call ... ok
2026-10-07T00:11:23.2074050Z test sql_check::collect::tests::collection_rejects_excessive_sites_at_the_first_over_limit_call ... ok
2026-10-07T00:11:23.2083489Z test sql_check::collect::tests::same_named_user_function_and_local_function_value_are_not_sql_calls ... ok
2026-10-07T00:11:23.2119414Z test sql_check::engine::tests::columns_aliases_and_sqlite_parameter_numbering ... ok
2026-10-07T00:11:23.2129325Z test sql_check::collect::tests::aliased_row_classes_use_canonical_identity_and_original_field_names ... ok
2026-10-07T00:11:23.2174830Z test sql_check::engine::tests::every_default_expression_uses_the_function_allowlist_even_when_unused ... ok
2026-10-07T00:11:23.2228202Z test sql_check::collect::tests::repeated_row_metadata_is_bounded_before_building_the_worker_request ... ok
2026-10-07T00:11:23.2241995Z test sql_check::engine::tests::ordinary_tables_indexes_views_and_pure_functions_are_supported ... ok
2026-10-07T00:11:23.2259208Z test sql_check::engine::tests::prepare_authorizer_also_rejects_unsafe_view_functions ... ok
2026-10-07T00:11:23.2268506Z test sql_check::engine::tests::prepare_only_dml_does_not_write_application_rows ... ok
2026-10-07T00:11:23.2276447Z test sql_check::engine::tests::rejects_operation_shape_mismatches ... ok
2026-10-07T00:11:23.2298801Z test sql_check::engine::tests::schema_is_ddl_snapshot_not_migration_or_arbitrary_sql ... ok
2026-10-07T00:11:23.2458525Z test sql_check::engine::tests::sqlite_identifier_defaults_remain_literals_without_hiding_function_terms ... ok
2026-10-07T00:11:23.2463098Z test sql_check::tests::bounded_input_does_not_accept_a_truncated_prefix ... ok
2026-10-07T00:11:23.2616368Z test sql_check::engine::tests::external_files_and_extension_paths_are_never_opened_or_modified ... ok
2026-10-07T00:11:23.3381181Z test sql_check::engine::tests::finite_limits_reject_large_and_deep_inputs ... ok
2026-10-07T00:11:23.3420572Z test sql_check::tests::terminating_a_worker_returns_its_reaped_exit_status ... ok
2026-10-07T00:11:23.3422203Z test sql_check::tests::worker_fixture ... ok
2026-10-07T00:11:23.3434332Z test stdlib::resource_contract_tests::descriptor_rejects_arity_parameter_mismatch - should panic ... ok
2026-10-07T00:11:23.3437260Z test stdlib::resource_contract_tests::descriptor_rejects_duplicate_in_one_role - should panic ... ok
2026-10-07T00:11:23.3439099Z test stdlib::resource_contract_tests::descriptor_rejects_missing_role - should panic ... ok
2026-10-07T00:11:23.3442190Z test stdlib::resource_contract_tests::descriptor_rejects_out_of_range_role - should panic ... ok
2026-10-07T00:11:23.3444383Z test stdlib::resource_contract_tests::descriptor_rejects_overlapping_roles - should panic ... ok
2026-10-07T00:11:23.3446341Z test stdlib::resource_contract_tests::descriptor_rejects_roles_on_zero_arity - should panic ... ok
2026-10-07T00:11:23.3448293Z test stdlib::resource_contract_tests::legacy_views_borrow_the_registered_descriptor ... ok
2026-10-07T00:11:23.3449907Z test stdlib::resource_contract_tests::registered_roles_match_the_independent_position_oracle ... ok
2026-10-07T00:11:23.3453609Z test tests::await_only_async ... ok
2026-10-07T00:11:23.3455656Z test tests::bad_string ... ok
2026-10-07T00:11:23.3464897Z test tests::class_field_check ... ok
2026-10-07T00:11:23.3474656Z test tests::class_move ... ok
2026-10-07T00:11:23.3486359Z test tests::console_io_roundtrip ... ok
2026-10-07T00:11:23.3496553Z test tests::copy_value_class ... ok
2026-10-07T00:11:23.3502101Z test tests::cost_not_dynamic_count ... ok
2026-10-07T00:11:23.3505188Z test tests::duplicate_class_fields ... ok
2026-10-07T00:11:23.3511541Z test tests::empty_list_inference ... ok
2026-10-07T00:11:23.3516098Z test tests::error_propagation ... ok
2026-10-07T00:11:23.3539968Z test tests::explicit_copy ... ok
2026-10-07T00:11:23.3548789Z test sql_check::tests::deadline_kills_and_reaps_a_worker_with_blocked_input ... ok
2026-10-07T00:11:23.3550403Z test tests::floating_literals_accept_f32_boundary_and_roundtrip ... ok
2026-10-07T00:11:23.3557690Z test tests::floating_literals_keep_f64_range_and_default_inference ... ok
2026-10-07T00:11:23.3562456Z test tests::forgotten_await ... ok
2026-10-07T00:11:23.3566873Z test tests::hello ... ok
2026-10-07T00:11:23.3570396Z test tests::floating_literals_reject_f32_overflow_in_high_and_low ... ok
2026-10-07T00:11:23.3573727Z test tests::invalid_indent ... ok
2026-10-07T00:11:23.3578253Z test tests::html_route_is_not_encoded_as_json ... ok
2026-10-07T00:11:23.3582262Z test tests::mismatched_type ... ok
2026-10-07T00:11:23.3587752Z test tests::missing_return ... ok
2026-10-07T00:11:23.3588812Z test tests::low_standalone ... ok
2026-10-07T00:11:23.3592072Z test tests::nested_view_in_class_rejected ... ok
2026-10-07T00:11:23.3593323Z test tests::native_numeric ... ok
2026-10-07T00:11:23.3596760Z test tests::nullable ... ok
2026-10-07T00:11:23.3597902Z test tests::no_implicit_conversion ... ok
2026-10-07T00:11:23.3601644Z test tests::number_overflow ... ok
2026-10-07T00:11:23.3602812Z test tests::owned_parameter_cannot_return_view ... ok
2026-10-07T00:11:23.3606595Z test tests::recursive_value ... ok
2026-10-07T00:11:23.3607757Z test tests::precedence ... ok
2026-10-07T00:11:23.3613153Z test tests::replace_bad_signature ... ok
2026-10-07T00:11:23.3613840Z test tests::replace_exact_signature ... ok
2026-10-07T00:11:23.4062617Z test tests::resource_contract_goldens::data_derives_golden ... ok
2026-10-07T00:11:23.4642470Z test sql_check::tests::encoded_metadata_is_bounded_including_json_escaping ... ok
2026-10-07T00:11:23.9222217Z test tests::resource_contract_goldens::actor_data_golden ... ok
2026-10-07T00:11:23.9228815Z test tests::result_must_handle ... ok
2026-10-07T00:11:23.9256777Z test tests::roundtrip_low ... ok
2026-10-07T00:11:23.9275495Z test tests::rust_extern_interface_and_low_roundtrip ... ok
2026-10-07T00:11:23.9282409Z test tests::scope_spawn ... ok
2026-10-07T00:11:23.9293681Z test tests::signed_minimum_literals_are_in_range_in_high_and_low ... ok
2026-10-07T00:11:24.2521283Z test tests::signed_minimum_literals_compile_and_run_after_lowering ... ok
2026-10-07T00:11:24.2528624Z test tests::string_move ... ok
2026-10-07T00:11:24.2532395Z test tests::tabs_rejected ... ok
2026-10-07T00:11:24.2536945Z test tests::unknown_class ... ok
2026-10-07T00:11:24.2541155Z test tests::unknown_name ... ok
2026-10-07T00:11:24.2545066Z test tests::unscoped_spawn ... ok
2026-10-07T00:11:24.2551709Z test tests::view_cannot_spawn ... ok
2026-10-07T00:11:24.2557126Z test tests::view_escape ... ok
2026-10-07T00:11:24.2562873Z test tests::view_prevents_move ... ok
2026-10-07T00:11:24.2568277Z test tests::view_prevents_mutation ... ok
2026-10-07T00:11:24.2572540Z test tests::view_return_parameter ... ok
2026-10-07T00:11:24.2776320Z test tests::resource_contract_goldens::http_borrow_and_mappers_golden ... ok
2026-10-07T00:11:24.3048429Z test tests::resource_contract_goldens::http_inspection_golden ... ok
2026-10-07T00:11:26.3505736Z test check::flow_metadata_tests::return_alias_dependencies_keep_straight_line_snapshots_sparse ... ok
2026-10-07T00:11:26.3506390Z 
2026-10-07T00:11:26.3507319Z test result: ok. 122 passed; 0 failed; 0 ignored; 0 measured; 0 filtered out; finished in 3.21s
2026-10-07T00:11:26.3507867Z 
2026-10-07T00:11:26.3543332Z [1m[92m     Running[0m tests\actor_codegen.rs (target\debug\deps\actor_codegen-2b6362d4b7650315.exe)
2026-10-07T00:11:26.3646430Z 
2026-10-07T00:11:26.3647486Z running 2 tests
2026-10-07T00:11:26.8269308Z test actor_charge_generation_survives_low_without_clones_reflection_or_serde_requirements ... ok
2026-10-07T00:11:38.1820734Z test generated_nominal_charges_execute_against_native_capacity_and_walk_limits ... ok
2026-10-07T00:11:38.1821223Z 
2026-10-07T00:11:38.1821725Z test result: ok. 2 passed; 0 failed; 0 ignored; 0 measured; 0 filtered out; finished in 11.82s
2026-10-07T00:11:38.1822518Z 
2026-10-07T00:11:38.1851084Z [1m[92m     Running[0m tests\actor_stdlib.rs (target\debug\deps\actor_stdlib-05ece6336e5ee358.exe)
2026-10-07T00:11:38.1969095Z 
2026-10-07T00:11:38.1969988Z running 12 tests
2026-10-07T00:11:40.5175484Z test lifecycle_text_views_follow_their_native_owner_and_cannot_serialize ... ok
2026-10-07T00:11:40.9781379Z test actor_and_http_aliases_keep_distinct_registry_identity_without_fake_classes ... ok
2026-10-07T00:11:42.3202706Z test callback_shapes_and_custom_error_identity_are_checked_before_native_build ... ok
2026-10-07T00:11:43.2846472Z test named_task_factory_aliases_require_shared_context_async_unit_and_builtin_error ... ok
2026-10-07T00:11:48.7175798Z test explicit_task_readiness_and_typed_event_deadlines_execute_from_high_and_low ... ok
2026-10-07T00:11:53.5596762Z test readiness_factory_and_wait_error_contracts_are_checked_before_native_build ... ok
2026-10-07T00:11:53.9165788Z test saved_low_cannot_invent_actor_types_capabilities_or_standard_implementations ... ok
2026-10-07T00:11:54.8273299Z test spawning_borrowing_native_futures_requires_an_owned_named_wrapper ... ok
2026-10-07T00:11:56.6343029Z test turn_inline_layout_generics_and_left_to_right_moves_are_not_erased ... ok
2026-10-07T00:11:57.9203067Z test messages_replies_and_business_errors_reject_unaccounted_nested_payloads ... ok
2026-10-07T00:11:59.4561130Z test owned_custom_class_replies_and_errors_execute_without_clone_or_serde_bounds ... ok
2026-10-07T00:12:08.8438668Z test pending_owned_state_business_failure_and_restart_execute_from_high_and_low ... ok
2026-10-07T00:12:08.8439384Z 
2026-10-07T00:12:08.8439946Z test result: ok. 12 passed; 0 failed; 0 ignored; 0 measured; 0 filtered out; finished in 30.65s
2026-10-07T00:12:08.8440488Z 
2026-10-07T00:12:08.8465230Z [1m[92m     Running[0m tests\borrow_free_returns.rs (target\debug\deps\borrow_free_returns-673f772bd79ce366.exe)
2026-10-07T00:12:08.8573131Z 
2026-10-07T00:12:08.8573625Z running 5 tests
2026-10-07T00:12:08.8688644Z test adding_local_views_to_absent_values_still_rejects_escape ... ok
2026-10-07T00:12:08.8773089Z test unknown_native_origins_do_not_gain_an_absence_proof ... ok
2026-10-07T00:12:08.8836981Z test clearing_values_does_not_erase_rust_lifetime_constraints ... ok
2026-10-07T00:12:10.1734902Z test direct_absent_returns_remain_legal_after_local_borrows ... ok
2026-10-07T00:12:12.2872050Z test absent_views_in_nullable_empty_lists_and_failures_can_be_returned ... ok
2026-10-07T00:12:12.2872737Z 
2026-10-07T00:12:12.2873357Z test result: ok. 5 passed; 0 failed; 0 ignored; 0 measured; 0 filtered out; finished in 3.43s
2026-10-07T00:12:12.2873863Z 
2026-10-07T00:12:12.2898645Z [1m[92m     Running[0m tests\build_diagnostics.rs (target\debug\deps\build_diagnostics-94d590c882c3be39.exe)
2026-10-07T00:12:12.3011556Z 
2026-10-07T00:12:12.3012193Z running 29 tests
2026-10-07T00:12:12.3151728Z test child_notes_cannot_relabel_an_unmapped_primary_or_dependency ... ok
2026-10-07T00:12:12.3228131Z test child_notes_keep_module_locations_and_readable_definition_names ... ok
2026-10-07T00:12:12.3353413Z test dependency_synthetic_and_incomplete_diagnostics_fall_back_without_guessing ... ok
2026-10-07T00:12:12.7709374Z test existing_path_aliases_match_only_the_generated_file ... ok
2026-10-07T00:12:18.8086527Z test a_successful_run_stays_quiet_and_passes_through_program_output ... ok
2026-10-07T00:12:19.0317316Z test finite_f32_extremes_compile_and_run_after_lowering ... ok
2026-10-07T00:12:20.0367547Z test high_build_points_to_nagi_and_keeps_rust_notes_and_failure_status ... ok
2026-10-07T00:12:20.1391842Z test cli_maps_adapter_mismatch_without_repeating_generated_rust_by_default ... ok
2026-10-07T00:12:21.3799637Z test imported_high_uses_the_dependency_path_and_local_line ... ok
2026-10-07T00:12:21.3942945Z test imported_low_uses_its_own_file_instead_of_the_entry_file ... ok
2026-10-07T00:12:21.6687717Z test invalid_operators_in_imports_report_nagi_lines_before_rust_or_cargo ... ok
2026-10-07T00:12:21.7636436Z test iterator_mutation_fails_in_check_and_build_before_backend_generation ... ok
2026-10-07T00:12:21.8005696Z test lowering_restores_nested_statement_expression_arm_and_field_lines ... ok
2026-10-07T00:12:22.2979698Z test invalid_entrypoints_are_rejected_before_cargo_with_source_locations ... ok
2026-10-07T00:12:22.3330336Z test native_signature_errors_also_keep_the_native_low_location ... ok
2026-10-07T00:12:22.4371486Z test overflowing_f32_is_rejected_at_the_source_before_backend_build ... ok
2026-10-07T00:12:22.4847927Z test native_rust_errors_are_not_relabelled_as_nagi ... ok
2026-10-07T00:12:22.5780990Z test repeated_moves_fail_in_check_and_build_before_invoking_rust ... ok
2026-10-07T00:12:22.7232729Z test repeated_moves_keep_imported_and_replacement_source_locations ... ok
2026-10-07T00:12:23.1161221Z test extern_argument_and_sync_async_mismatches_fail_at_the_declaration_in_high_and_low ... ok
2026-10-07T00:12:23.1751513Z test imported_async_ffi_send_failure_maps_the_cause_note_in_high_and_saved_low ... ok
2026-10-07T00:12:23.2799892Z test replacement_adapter_errors_point_to_the_handwritten_low_file ... ok
2026-10-07T00:12:23.8579486Z test standalone_low_uses_the_original_low_lines ... ok
2026-10-07T00:12:24.3401849Z test safe_reinitialization_and_return_paths_check_build_and_run ... ok
2026-10-07T00:12:24.4013319Z test try_result_reuse_reports_source_lines_before_invoking_cargo ... ok
2026-10-07T00:12:24.4118969Z test windows_paths_and_canonical_prefixes_match_only_the_generated_target ... ok
2026-10-07T00:12:24.5500918Z test unsupported_class_fields_and_async_reassignments_fail_before_backend_generation ... ok
2026-10-07T00:12:27.2047406Z test run_preserves_json_stdout_with_and_without_a_cost_report_in_high_and_saved_low ... ok
2026-10-07T00:12:32.0205744Z test source_names_with_spaces_and_dots_build_and_run ... ok
2026-10-07T00:12:32.0206429Z 
2026-10-07T00:12:32.0207164Z test result: ok. 29 passed; 0 failed; 0 ignored; 0 measured; 0 filtered out; finished in 19.72s
2026-10-07T00:12:32.0207977Z 
2026-10-07T00:12:32.0234442Z [1m[92m     Running[0m tests\class_field_types.rs (target\debug\deps\class_field_types-64e3d4b3deea7658.exe)
2026-10-07T00:12:32.0340616Z 
2026-10-07T00:12:32.0341288Z running 5 tests
2026-10-07T00:12:32.0425496Z test map_keys_with_missing_equality_or_hashing_fail_before_derivation ... ok
2026-10-07T00:12:32.0486202Z test nested_data_fields_and_bridge_defined_key_traits_remain_available ... ok
2026-10-07T00:12:32.0514202Z test unsupported_resource_and_function_fields_fail_at_the_field_line ... ok
2026-10-07T00:12:32.0566149Z test owned_database_fields_are_private_state_and_keep_high_low_emission_valid ... ok
2026-10-07T00:12:33.9791020Z test native_database_debug_hides_connection_details_inside_shared_state ... ok
2026-10-07T00:12:33.9791914Z 
2026-10-07T00:12:33.9792377Z test result: ok. 5 passed; 0 failed; 0 ignored; 0 measured; 0 filtered out; finished in 1.95s
2026-10-07T00:12:33.9792805Z 
2026-10-07T00:12:33.9818940Z [1m[92m     Running[0m tests\cli.rs (target\debug\deps\cli-761338925e7b0387.exe)
2026-10-07T00:12:33.9920495Z 
2026-10-07T00:12:33.9921107Z running 7 tests
2026-10-07T00:12:34.0564215Z test an_unusable_cargo_is_not_reported_as_a_missing_rust_installation ... ok
2026-10-07T00:12:34.0691641Z test check_and_lower_put_status_on_stderr_and_keep_cost_report_machine_readable ... ok
2026-10-07T00:12:34.0799115Z test check_needs_no_cargo_and_build_reports_the_missing_tool ... ok
2026-10-07T00:12:34.0803112Z test version_rejects_unexpected_arguments ... ok
2026-10-07T00:12:34.1070233Z test version_works_without_project_runtime_or_build_tools ... ok
2026-10-07T00:12:34.1315483Z test help_works_without_source_or_valid_project ... ok
2026-10-07T00:12:34.2839974Z test cargo_failure_preserves_the_cause_without_blaming_the_nagi_program ... ok
2026-10-07T00:12:34.2840508Z 
2026-10-07T00:12:34.2840934Z test result: ok. 7 passed; 0 failed; 0 ignored; 0 measured; 0 filtered out; finished in 0.29s
2026-10-07T00:12:34.2841750Z 
2026-10-07T00:12:34.2865783Z [1m[92m     Running[0m tests\codegen.rs (target\debug\deps\codegen-6e7e99c5d54bd7d0.exe)
2026-10-07T00:12:34.2968324Z 
2026-10-07T00:12:34.2968832Z running 16 tests
2026-10-07T00:12:34.3010513Z test a_record_named_fn_does_not_become_a_copy_function_value ... ok
2026-10-07T00:12:34.7582727Z test explicit_local_async_function_annotations_compile_and_run ... ok
2026-10-07T00:12:34.7638640Z test builtin_option_and_result_constructors_do_not_call_user_functions ... ok
2026-10-07T00:12:34.7682948Z test for_bindings_can_be_reassigned_without_changing_the_iterator_or_outer_binding ... ok
2026-10-07T00:12:34.7872245Z test async_function_values_keep_their_future_return_type ... ok
2026-10-07T00:12:35.1770888Z test function_values_preserve_the_shared_view_lifetime ... ok
2026-10-07T00:12:35.4346309Z test nested_views_compile_and_copy_strings_bytes_and_lists ... ok
2026-10-07T00:12:35.4617568Z test local_function_values_shadow_builtins_and_functions ... ok
2026-10-07T00:12:35.5292662Z test numeric_negation_and_nested_view_comparisons_compile_and_run ... ok
2026-10-07T00:12:35.7797341Z test output_compiles_for_numbers_booleans_and_borrowed_strings ... ok
2026-10-07T00:12:35.8619068Z test reassignment_of_the_same_async_function_through_aliases_compiles_and_runs ... ok
2026-10-07T00:12:35.9367496Z test result_match_compiles_and_runs_owned_and_borrowed_payloads ... ok
2026-10-07T00:12:35.9587090Z test returning_a_function_value_does_not_borrow_local_data ... ok
2026-10-07T00:12:36.1919182Z test rust_keywords_and_generated_helper_names_remain_valid_nagi_names ... ok
2026-10-07T00:12:36.2809224Z test user_functions_with_builtin_names_keep_their_call_targets ... ok
2026-10-07T00:12:37.0918412Z test user_and_local_functions_named_serve_compile_without_http_runtime ... ok
2026-10-07T00:12:37.0919034Z 
2026-10-07T00:12:37.0919689Z test result: ok. 16 passed; 0 failed; 0 ignored; 0 measured; 0 filtered out; finished in 2.79s
2026-10-07T00:12:37.0920350Z 
2026-10-07T00:12:37.0946445Z [1m[92m     Running[0m tests\comparison_ownership.rs (target\debug\deps\comparison_ownership-834b7ccdbdcfb134.exe)
2026-10-07T00:12:37.1067560Z 
2026-10-07T00:12:37.1068264Z running 4 tests
2026-10-07T00:12:37.1375558Z test copy_aggregate_comparisons_borrow_fields_and_indexed_containers ... ok
2026-10-07T00:12:37.1401420Z test comparisons_hold_the_left_operand_through_right_operand_evaluation ... ok
2026-10-07T00:12:37.1874805Z test native_resource_comparisons_do_not_allow_moving_the_borrowed_request ... ok
2026-10-07T00:12:37.3696124Z test completed_copy_operands_disjoint_fields_and_temporary_views_remain_valid ... ok
2026-10-07T00:12:37.3696923Z 
2026-10-07T00:12:37.3697604Z test result: ok. 4 passed; 0 failed; 0 ignored; 0 measured; 0 filtered out; finished in 0.26s
2026-10-07T00:12:37.3698218Z 
2026-10-07T00:12:37.3722414Z [1m[92m     Running[0m tests\enum_emission.rs (target\debug\deps\enum_emission-783a9d70f38aa2a5.exe)
2026-10-07T00:12:37.3823065Z 
2026-10-07T00:12:37.3823821Z running 5 tests
2026-10-07T00:12:37.3886089Z test data_records_keep_serde_while_enum_fields_remain_private ... ok
2026-10-07T00:12:37.7954708Z test module_enum_aliases_preserve_identity_and_escape_variant_fields ... ok
2026-10-07T00:12:37.7992049Z test custom_main_errors_need_only_debug_and_copy_enums_reuse_values ... ok
2026-10-07T00:12:37.8102896Z test error_cause_records_move_payloads_without_serde_or_clone_requirements ... ok
2026-10-07T00:12:37.8197995Z test native_enum_constructors_patterns_and_result_propagation_roundtrip ... ok
2026-10-07T00:12:37.8198498Z 
2026-10-07T00:12:37.8198874Z test result: ok. 5 passed; 0 failed; 0 ignored; 0 measured; 0 filtered out; finished in 0.44s
2026-10-07T00:12:37.8199246Z 
2026-10-07T00:12:37.8223675Z [1m[92m     Running[0m tests\enum_modules.rs (target\debug\deps\enum_modules-e151b0ecc784ddaf.exe)
2026-10-07T00:12:37.8319987Z 
2026-10-07T00:12:37.8320619Z running 9 tests
2026-10-07T00:12:37.8475829Z test builtin_spelled_enum_aliases_keep_intrinsic_types_distinct_in_generated_low ... ok
2026-10-07T00:12:37.8602028Z test enum_payload_types_use_the_definition_file_scope_and_survive_low ... ok
2026-10-07T00:12:37.8667680Z test different_files_have_distinct_enum_types_even_with_equal_names_and_variants ... ok
2026-10-07T00:12:37.8797754Z test enum_aliases_and_guessed_canonical_symbols_do_not_escape_module_scopes ... ok
2026-10-07T00:12:37.8845811Z test local_values_shadow_enum_value_syntax_but_named_constructor_uses_type_scope ... ok
2026-10-07T00:12:37.8951997Z test namespace_from_and_flat_imports_share_enum_identity_in_constructors_and_patterns ... ok
2026-10-07T00:12:37.9022305Z test native_fragments_reuse_high_enum_aliases_and_export_their_own_enum_identity ... ok
2026-10-07T00:12:38.2934431Z test saved_low_enum_variants_navigate_to_the_opened_file ... ok
2026-10-07T00:12:38.5646867Z test enum_symbols_keep_variant_targets_alias_signatures_and_payload_binding_types ... ok
2026-10-07T00:12:38.5647409Z 
2026-10-07T00:12:38.5647878Z test result: ok. 9 passed; 0 failed; 0 ignored; 0 measured; 0 filtered out; finished in 0.73s
2026-10-07T00:12:38.5648259Z 
2026-10-07T00:12:38.5675498Z [1m[92m     Running[0m tests\enum_parser.rs (target\debug\deps\enum_parser-a29cf07bd5f9afed.exe)
2026-10-07T00:12:38.5777039Z 
2026-10-07T00:12:38.5778066Z running 8 tests
2026-10-07T00:12:38.5791500Z test contextual_enum_word_remains_an_identifier_inside_declarations_and_calls ... ok
2026-10-07T00:12:38.5793703Z test enum_constructors_keep_the_existing_expression_forms ... ok
2026-10-07T00:12:38.5795116Z test enum_patterns_keep_qualified_names_and_each_payload_binding_span ... ok
2026-10-07T00:12:38.5798251Z test enum_payload_types_use_the_existing_nesting_limit ... ok
2026-10-07T00:12:38.5799298Z test enums_keep_variant_names_fields_types_and_source_locations ... ok
2026-10-07T00:12:38.5800216Z test invalid_enum_declarations_return_parse_errors ... ok
2026-10-07T00:12:38.5801560Z test result_patterns_preserve_ok_err_and_discard_bindings ... ok
2026-10-07T00:12:38.5805373Z test patterns_reject_wildcards_nested_matches_and_unnamed_variants ... ok
2026-10-07T00:12:38.5805824Z 
2026-10-07T00:12:38.5806179Z test result: ok. 8 passed; 0 failed; 0 ignored; 0 measured; 0 filtered out; finished in 0.00s
2026-10-07T00:12:38.5806534Z 
2026-10-07T00:12:38.5826270Z [1m[92m     Running[0m tests\enum_patterns.rs (target\debug\deps\enum_patterns-041179cffcbe99e9.exe)
2026-10-07T00:12:38.5925639Z 
2026-10-07T00:12:38.5926141Z running 1 test
2026-10-07T00:12:38.8429640Z test mutable_enum_patterns_preserve_names_and_compile_without_shorthand_warnings ... ok
2026-10-07T00:12:38.8430194Z 
2026-10-07T00:12:38.8430607Z test result: ok. 1 passed; 0 failed; 0 ignored; 0 measured; 0 filtered out; finished in 0.25s
2026-10-07T00:12:38.8431018Z 
2026-10-07T00:12:38.8454076Z [1m[92m     Running[0m tests\error_routes.rs (target\debug\deps\error_routes-a5e077c1ae93a269.exe)
2026-10-07T00:12:38.8553919Z 
2026-10-07T00:12:38.8554578Z running 2 tests
2026-10-07T00:12:38.8664476Z test existing_data_and_html_http_routes_keep_their_representations ... ok
2026-10-07T00:12:38.8686945Z test private_error_data_is_rejected_at_http_json_boundaries_in_high_and_low ... ok
2026-10-07T00:12:38.8687460Z 
2026-10-07T00:12:38.8687859Z test result: ok. 2 passed; 0 failed; 0 ignored; 0 measured; 0 filtered out; finished in 0.01s
2026-10-07T00:12:38.8688271Z 
2026-10-07T00:12:38.8711316Z [1m[92m     Running[0m tests\expression_contracts.rs (target\debug\deps\expression_contracts-620d351e0a08d456.exe)
2026-10-07T00:12:38.8812252Z 
2026-10-07T00:12:38.8812700Z running 2 tests
2026-10-07T00:12:39.1024839Z test literal_suffixes_preserve_contextual_numeric_types_and_negative_boundaries ... ok
2026-10-07T00:12:39.1195448Z test inferred_i64_literals_keep_their_type_without_a_rust_type_context ... ok
2026-10-07T00:12:39.1196201Z 
2026-10-07T00:12:39.1196826Z test result: ok. 2 passed; 0 failed; 0 ignored; 0 measured; 0 filtered out; finished in 0.24s
2026-10-07T00:12:39.1198563Z 
2026-10-07T00:12:39.1219713Z [1m[92m     Running[0m tests\frontend_contracts.rs (target\debug\deps\frontend_contracts-de9f60196925de7b.exe)
2026-10-07T00:12:39.1319388Z 
2026-10-07T00:12:39.1319946Z running 5 tests
2026-10-07T00:12:39.1368931Z test generic_builtins_and_ordinary_record_constructors_still_roundtrip ... ok
2026-10-07T00:12:39.1402287Z test speculative_index_recovery_preserves_actual_nesting_limits ... ok
2026-10-07T00:12:39.3127532Z test record_constructors_reject_type_arguments_in_high_low_and_symbols ... ok
2026-10-07T00:12:40.0743319Z test lowering_keeps_try_and_await_as_field_and_index_receivers ... ok
2026-10-07T00:12:40.8960684Z test index_lookahead_does_not_accumulate_nesting_across_statements_or_functions ... ok
2026-10-07T00:12:40.8961289Z 
2026-10-07T00:12:40.8961703Z test result: ok. 5 passed; 0 failed; 0 ignored; 0 measured; 0 filtered out; finished in 1.76s
2026-10-07T00:12:40.8962126Z 
2026-10-07T00:12:40.8985551Z [1m[92m     Running[0m tests\graph_html.rs (target\debug\deps\graph_html-dedba0198de46959.exe)
2026-10-07T00:12:40.9088774Z 
2026-10-07T00:12:40.9089320Z running 3 tests
2026-10-07T00:12:40.9100841Z test standalone_viewer_keeps_assets_local_and_uses_safe_dom_text ... ok
2026-10-07T00:12:40.9101916Z test only_physical_absolute_sources_receive_encoded_user_action_links ... ok
2026-10-07T00:12:40.9104162Z test hostile_unicode_graph_data_remains_json_and_cannot_close_the_script ... ok
2026-10-07T00:12:40.9104690Z 
2026-10-07T00:12:40.9105106Z test result: ok. 3 passed; 0 failed; 0 ignored; 0 measured; 0 filtered out; finished in 0.00s
2026-10-07T00:12:40.9105660Z 
2026-10-07T00:12:40.9124967Z [1m[92m     Running[0m tests\graph_relations.rs (target\debug\deps\graph_relations-c53f004205510f55.exe)
2026-10-07T00:12:40.9223831Z 
2026-10-07T00:12:40.9224396Z running 9 tests
2026-10-07T00:12:40.9721328Z test calls_resolve_named_aliases_without_guessing_local_function_values ... ok
2026-10-07T00:12:40.9799627Z test module_imports_are_read_from_loaded_overlay_text ... ok
2026-10-07T00:12:40.9926569Z test native_replacements_keep_the_generated_id_and_low_ffi_locations ... ok
2026-10-07T00:12:40.9973598Z test module_edges_use_exact_identities_and_recover_empty_flat_imports ... ok
2026-10-07T00:12:41.0037682Z test checked_standard_and_database_operations_are_boundaries_not_routing_or_table_guesses ... ok
2026-10-07T00:12:41.0163498Z test saved_low_keeps_definition_ids_without_mapping_foreign_modules_to_its_file ... ok
2026-10-07T00:12:41.0164926Z test one_line_low_import_references_do_not_hide_body_uses ... ok
2026-10-07T00:12:41.0345420Z test all_views_use_shortest_unique_physical_suffixes_before_filtering ... ok
2026-10-07T00:12:41.0538149Z test nested_calls_are_visited_but_class_and_enum_constructors_are_not_calls ... ok
2026-10-07T00:12:41.0538883Z 
2026-10-07T00:12:41.0539503Z test result: ok. 9 passed; 0 failed; 0 ignored; 0 measured; 0 filtered out; finished in 0.13s
2026-10-07T00:12:41.0540130Z 
2026-10-07T00:12:41.0565468Z [1m[92m     Running[0m tests\graph_render.rs (target\debug\deps\graph_render-8bc7715d6360c7a6.exe)
2026-10-07T00:12:41.0668240Z 
2026-10-07T00:12:41.0668890Z running 5 tests
2026-10-07T00:12:41.0677033Z test image_arguments_are_validated_before_starting_a_renderer ... ok
2026-10-07T00:12:41.0680414Z test mermaid_literal_hashes_backticks_and_directives_cannot_change_the_render_config ... ok
2026-10-07T00:12:41.0682876Z test labels_preserve_unicode_without_becoming_diagram_syntax_or_links ... ok
2026-10-07T00:12:41.0683719Z test diagram_order_is_deterministic_and_empty_graphs_are_readable ... ok
2026-10-07T00:12:41.0684346Z test clustered_edges_reference_declared_nodes_without_group_boundary_duplicates ... ok
2026-10-07T00:12:41.0684720Z 
2026-10-07T00:12:41.0685071Z test result: ok. 5 passed; 0 failed; 0 ignored; 0 measured; 0 filtered out; finished in 0.00s
2026-10-07T00:12:41.0685394Z 
2026-10-07T00:12:41.0703497Z [1m[92m     Running[0m tests\graph_types.rs (target\debug\deps\graph_types-bb15a522a397937b.exe)
2026-10-07T00:12:41.0804483Z 
2026-10-07T00:12:41.0804893Z running 7 tests
2026-10-07T00:12:41.0974493Z test imported_same_named_types_keep_author_identity_and_original_source_lines ... ok
2026-10-07T00:12:41.0992072Z test focused_depth_is_bounded_on_cycles_and_defaults_to_one_hop ... ok
2026-10-07T00:12:41.0998573Z test ir_deduplicates_and_sorts_without_renderer_syntax_or_losing_isolated_types ... ok
2026-10-07T00:12:41.1106530Z test field_display_limits_do_not_erase_relationships_from_later_fields ... ok
2026-10-07T00:12:41.1268459Z test declarations_preserve_field_variant_wrapper_and_signature_meanings ... ok
2026-10-07T00:12:41.1300523Z test resource_type_arguments_are_dependencies_without_inventing_runtime_instances ... ok
2026-10-07T00:12:41.1325232Z test independent_low_preserves_type_identity_and_reports_its_physical_source ... ok
2026-10-07T00:12:41.1325780Z 
2026-10-07T00:12:41.1326356Z test result: ok. 7 passed; 0 failed; 0 ignored; 0 measured; 0 filtered out; finished in 0.05s
2026-10-07T00:12:41.1326733Z 
2026-10-07T00:12:41.1351550Z [1m[92m     Running[0m tests\http_codegen.rs (target\debug\deps\http_codegen-d60e7ee379f331bd.exe)
2026-10-07T00:12:41.1453357Z 
2026-10-07T00:12:41.1453828Z running 4 tests
2026-10-07T00:12:41.1640830Z test literal_view_optimization_does_not_change_a_shadowing_owned_function ... ok
2026-10-07T00:12:41.7736909Z test borrowed_http_inspection_and_async_registration_add_no_owned_adapter_work ... ok
2026-10-07T00:12:41.8438762Z test borrow_and_named_mappers_preserve_high_low_codegen ... ok
2026-10-07T00:12:45.2159968Z test borrow_and_named_mapper_registration_execute_native_adapters ... ok
2026-10-07T00:12:45.2160379Z 
2026-10-07T00:12:45.2160747Z test result: ok. 4 passed; 0 failed; 0 ignored; 0 measured; 0 filtered out; finished in 4.07s
2026-10-07T00:12:45.2161115Z 
2026-10-07T00:12:45.2187382Z [1m[92m     Running[0m tests\http_route_conflicts.rs (target\debug\deps\http_route_conflicts-ffcce2d6f3b9e720.exe)
2026-10-07T00:12:45.2288530Z 
2026-10-07T00:12:45.2289327Z running 3 tests
2026-10-07T00:12:45.2348123Z test get_handlers_cannot_replace_builtin_endpoints ... ok
2026-10-07T00:12:45.2353782Z test shared_patterns_distinct_paths_and_literal_braces_remain_available ... ok
2026-10-07T00:12:45.2400353Z test equivalent_capture_paths_are_rejected_even_for_different_methods ... ok
2026-10-07T00:12:45.2400859Z 
2026-10-07T00:12:45.2401265Z test result: ok. 3 passed; 0 failed; 0 ignored; 0 measured; 0 filtered out; finished in 0.01s
2026-10-07T00:12:45.2401631Z 
2026-10-07T00:12:45.2424046Z [1m[92m     Running[0m tests\http_stdlib.rs (target\debug\deps\http_stdlib-298f75db72e0a118.exe)
2026-10-07T00:12:45.2522116Z 
2026-10-07T00:12:45.2522679Z running 15 tests
2026-10-07T00:12:46.0565496Z test handlers_require_exact_async_request_shared_state_and_error_contracts ... ok
2026-10-07T00:12:46.9010718Z test borrowed_option_temporaries_allow_arm_local_use_but_cannot_escape ... ok
2026-10-07T00:12:46.9319223Z test header_views_depend_on_request_owner_and_not_the_name_temporary ... ok
2026-10-07T00:12:47.7272531Z test json_content_type_requires_a_request_and_has_no_generic_arguments ... ok
2026-10-07T00:12:48.2334876Z test apps_validate_generic_arity_owned_state_and_mapper_error_type ... ok
2026-10-07T00:12:49.2326999Z test method_name_views_can_return_from_borrowed_request_parameters ... ok
2026-10-07T00:12:49.4931671Z test optional_header_and_query_views_keep_the_request_borrow_through_match ... ok
2026-10-07T00:12:50.4703806Z test ordinary_classes_and_local_shadows_cannot_impersonate_standard_resources ... ok
2026-10-07T00:12:50.7967095Z test native_method_comparisons_borrow_but_assignment_tracks_request_partial_moves ... ok
2026-10-07T00:12:50.9037239Z test saved_low_cannot_change_registry_identity_or_define_resource_implementations ... ok
2026-10-07T00:12:51.1313652Z test standard_resolution_ignores_cwd_files_and_unsaved_lookalikes ... ok
2026-10-07T00:12:51.6920233Z test standard_aliases_are_registry_resources_and_roundtrip_independently ... ok
2026-10-07T00:12:52.7525852Z test resource_construction_serialization_and_shared_field_moves_fail_before_build ... ok
2026-10-07T00:12:53.5100416Z test resource_references_do_not_acquire_legacy_slice_operations ... ok
2026-10-07T00:12:56.7612417Z test status_method_and_db_free_app_execute_from_high_and_saved_low ... ok
2026-10-07T00:12:56.7613963Z 
2026-10-07T00:12:56.7614623Z test result: ok. 15 passed; 0 failed; 0 ignored; 0 measured; 0 filtered out; finished in 11.51s
2026-10-07T00:12:56.7615280Z 
2026-10-07T00:12:56.7636577Z [1m[92m     Running[0m tests\installation.rs (target\debug\deps\installation-6328cce8fe9e2774.exe)
2026-10-07T00:12:56.7744685Z 
2026-10-07T00:12:56.7745214Z running 4 tests
2026-10-07T00:12:56.8222436Z test linked_distributions_keep_the_seed_until_the_last_owner_drops ... ok
2026-10-07T00:12:56.9380090Z test wrong_root_explains_the_distribution_folder_before_calling_cargo ... ok
2026-10-07T00:12:57.4477664Z test standalone_build_keeps_native_artifacts_in_the_working_directory ... ok
2026-10-07T00:12:57.4594278Z test moved_distribution_builds_an_external_project_with_no_root_override ... ok
2026-10-07T00:12:57.4594905Z 
2026-10-07T00:12:57.4595365Z test result: ok. 4 passed; 0 failed; 0 ignored; 0 measured; 0 filtered out; finished in 0.68s
2026-10-07T00:12:57.4595792Z 
2026-10-07T00:12:57.4613237Z [1m[92m     Running[0m tests\list_borrow_iteration.rs (target\debug\deps\list_borrow_iteration-077eabae0f0aa069.exe)
2026-10-07T00:12:57.4719543Z 
2026-10-07T00:12:57.4720207Z running 5 tests
2026-10-07T00:12:57.4842811Z test borrowed_elements_and_their_field_views_cannot_escape ... ok
2026-10-07T00:12:57.4907276Z test borrowed_elements_cannot_move_reassign_or_mutate ... ok
2026-10-07T00:12:57.5010491Z test an_active_element_pins_its_owner_and_aliases ... ok
2026-10-07T00:12:57.8247296Z test symbols_distinguish_borrowed_record_locals_and_fields ... ok
2026-10-07T00:12:58.8287398Z test noncopy_iteration_is_native_and_survives_saved_low ... ok
2026-10-07T00:12:58.8287872Z 
2026-10-07T00:12:58.8288281Z test result: ok. 5 passed; 0 failed; 0 ignored; 0 measured; 0 filtered out; finished in 1.36s
2026-10-07T00:12:58.8288709Z 
2026-10-07T00:12:58.8313911Z [1m[92m     Running[0m tests\list_ownership_inference.rs (target\debug\deps\list_ownership_inference-0c3f18b2f72f4fcc.exe)
2026-10-07T00:12:58.8414530Z 
2026-10-07T00:12:58.8415217Z running 4 tests
2026-10-07T00:12:58.8449449Z test inferred_lists_still_reject_second_moves_and_mixed_element_types ... ok
2026-10-07T00:12:58.8453887Z test explicit_list_element_types_still_contextualize_the_first_literal ... ok
2026-10-07T00:12:58.8482654Z test inferred_list_first_elements_can_move_owned_inputs_once ... ok
2026-10-07T00:12:58.8488029Z test record_list_iteration_accepts_copy_values_and_readonly_noncopy_borrows ... ok
2026-10-07T00:12:58.8488606Z 
2026-10-07T00:12:58.8489009Z test result: ok. 4 passed; 0 failed; 0 ignored; 0 measured; 0 filtered out; finished in 0.01s
2026-10-07T00:12:58.8489474Z 
2026-10-07T00:12:58.8510373Z [1m[92m     Running[0m tests\literal_contracts.rs (target\debug\deps\literal_contracts-3adea694e04e43bc.exe)
2026-10-07T00:12:58.8609809Z 
2026-10-07T00:12:58.8610174Z running 1 test
2026-10-07T00:12:59.3332173Z test strings_preserve_control_characters_through_high_low_and_rust ... ok
2026-10-07T00:12:59.3332653Z 
2026-10-07T00:12:59.3333388Z test result: ok. 1 passed; 0 failed; 0 ignored; 0 measured; 0 filtered out; finished in 0.47s
2026-10-07T00:12:59.3333740Z 
2026-10-07T00:12:59.3355240Z [1m[92m     Running[0m tests\loop_ownership.rs (target\debug\deps\loop_ownership-3789c0e882b8c856.exe)
2026-10-07T00:12:59.3456472Z 
2026-10-07T00:12:59.3457194Z running 13 tests
2026-10-07T00:12:59.3531019Z test conditional_reinitialization_needs_every_continuing_path ... ok
2026-10-07T00:12:59.3572575Z test fields_and_nested_fields_cannot_be_consumed_on_later_iterations ... ok
2026-10-07T00:12:59.4775905Z test a_for_iterator_expression_is_evaluated_only_once ... ok
2026-10-07T00:12:59.4849621Z test locals_copy_values_and_borrowed_arguments_are_available_each_iteration ... ok
2026-10-07T00:12:59.4916363Z test owned_values_cannot_be_consumed_on_later_iterations ... ok
2026-10-07T00:12:59.5543900Z test branch_joins_preserve_reassignment_and_return_outside_loops ... ok
2026-10-07T00:12:59.5731581Z test all_continuing_branches_can_restore_a_moved_value ... ok
2026-10-07T00:12:59.5745003Z test standalone_low_rejects_repeated_moves_at_the_original_line ... ok
2026-10-07T00:12:59.5750586Z test nested_loops_are_checked_without_carrying_local_declarations ... ok
2026-10-07T00:12:59.6819979Z test zero_iterations_and_loop_bindings_preserve_outer_state ... ok
2026-10-07T00:12:59.6861724Z test while_conditions_are_checked_on_each_evaluation_and_on_exit ... ok
2026-10-07T00:12:59.6960561Z test reinitialization_before_and_after_a_move_is_allowed ... ok
2026-10-07T00:12:59.9794520Z test return_paths_do_not_repeat_or_consume_values_on_other_paths ... ok
2026-10-07T00:12:59.9795029Z 
2026-10-07T00:12:59.9795496Z test result: ok. 13 passed; 0 failed; 0 ignored; 0 measured; 0 filtered out; finished in 0.63s
2026-10-07T00:12:59.9795869Z 
2026-10-07T00:12:59.9820275Z [1m[92m     Running[0m tests\low_multiline.rs (target\debug\deps\low_multiline-0e3403687938aeda.exe)
2026-10-07T00:12:59.9921269Z 
2026-10-07T00:12:59.9921832Z running 3 tests
2026-10-07T00:12:59.9950153Z test low_braces_keep_newline_statement_boundaries ... ok
2026-10-07T00:12:59.9978151Z test multiline_errors_keep_physical_source_lines ... ok
2026-10-07T00:13:00.2698275Z test multiline_quote_matches_high_and_runs_as_native_low ... ok
2026-10-07T00:13:00.2698992Z 
2026-10-07T00:13:00.2699602Z test result: ok. 3 passed; 0 failed; 0 ignored; 0 measured; 0 filtered out; finished in 0.28s
2026-10-07T00:13:00.2700202Z 
2026-10-07T00:13:00.2723969Z [1m[92m     Running[0m tests\map_cli.rs (target\debug\deps\map_cli-572c28afb707ba27.exe)
2026-10-07T00:13:00.2821785Z 
2026-10-07T00:13:00.2822517Z running 9 tests
2026-10-07T00:13:00.3008174Z test failed_check_points_to_original_source_and_writes_no_map ... ok
2026-10-07T00:13:00.3062024Z test map_preparse_keeps_existing_project_overrides_and_output_path_precedence ... ok
2026-10-07T00:13:00.3539435Z test image_formats_require_output_and_fail_helpfully_without_local_d2 ... ok
2026-10-07T00:13:00.3621627Z test map_output_cannot_overwrite_loaded_input_or_project_configuration ... ok
2026-10-07T00:13:00.3883617Z test project_discovery_reuses_native_replacements_and_extern_resolution ... ok
2026-10-07T00:13:00.3940977Z test help_and_argument_errors_do_not_load_a_project_or_mutate_files ... ok
2026-10-07T00:13:00.4036682Z test namespace_module_filter_and_focus_select_original_definitions ... ok
2026-10-07T00:13:00.4477318Z test map_views_check_high_and_low_without_runtime_or_generated_output ... ok
2026-10-07T00:13:00.4794179Z test text_formats_write_only_requested_output_and_keep_stdout_clean ... ok
2026-10-07T00:13:00.4794674Z 
2026-10-07T00:13:00.4795136Z test result: ok. 9 passed; 0 failed; 0 ignored; 0 measured; 0 filtered out; finished in 0.20s
2026-10-07T00:13:00.4795561Z 
2026-10-07T00:13:00.4816582Z [1m[92m     Running[0m tests\module_emission.rs (target\debug\deps\module_emission-7b08fc070561f859.exe)
2026-10-07T00:13:00.4916572Z 
2026-10-07T00:13:00.4917533Z running 8 tests
2026-10-07T00:13:00.5060866Z test legacy_flat_cost_report_keeps_public_function_names ... ok
2026-10-07T00:13:00.5124728Z test inferred_primitive_values_and_a_class_alias_keep_distinct_type_identities ... ok
2026-10-07T00:13:00.5388212Z test qualified_nested_types_emit_internal_names_through_low ... ok
2026-10-07T00:13:01.3323109Z test source_function_names_that_match_foreign_symbols_keep_distinct_call_targets ... ok
2026-10-07T00:13:01.3328216Z test unresolved_high_imports_keep_as_and_from_syntax_in_low ... ok
2026-10-07T00:13:01.3452682Z test independent_low_parser_preserves_module_ids_and_native_function_aliases ... ok
2026-10-07T00:13:01.3517860Z test source_locals_that_match_generated_symbols_keep_distinct_values ... ok
2026-10-07T00:13:03.1331662Z test inferred_builtin_types_survive_module_aliases_low_transport_and_rust_emission ... ok
2026-10-07T00:13:03.1332317Z 
2026-10-07T00:13:03.1332899Z test result: ok. 8 passed; 0 failed; 0 ignored; 0 measured; 0 filtered out; finished in 2.64s
2026-10-07T00:13:03.1333474Z 
2026-10-07T00:13:03.1360725Z [1m[92m     Running[0m tests\module_parser.rs (target\debug\deps\module_parser-56a76f01e2ed1e5e.exe)
2026-10-07T00:13:03.1464079Z 
2026-10-07T00:13:03.1464755Z running 9 tests
2026-10-07T00:13:03.1475301Z test import_forms_keep_original_names_aliases_and_token_spans ... ok
2026-10-07T00:13:03.1477534Z test from_and_as_remain_contextual_identifiers ... ok
2026-10-07T00:13:03.1479562Z test low_metadata_is_read_without_changing_source_spans ... ok
2026-10-07T00:13:03.1483036Z test malformed_imports_and_qualified_constructs_keep_parser_errors ... ok
2026-10-07T00:13:03.1483956Z test module_replace_path_remains_a_structured_attribute_value ... ok
2026-10-07T00:13:03.1484881Z test qualified_calls_constructors_and_function_values_preserve_semantic_choice ... ok
2026-10-07T00:13:03.1485979Z test qualified_types_parse_inside_nested_generics_lists_and_nullable_types ... ok
2026-10-07T00:13:03.1490901Z test qualified_types_respect_existing_nesting_limit ... ok
2026-10-07T00:13:03.1507849Z test qualified_index_lookahead_restores_depth_and_preserves_index_nodes ... ok
2026-10-07T00:13:03.1508255Z 
2026-10-07T00:13:03.1508611Z test result: ok. 9 passed; 0 failed; 0 ignored; 0 measured; 0 filtered out; finished in 0.00s
2026-10-07T00:13:03.1508982Z 
2026-10-07T00:13:03.1528792Z [1m[92m     Running[0m tests\module_symbols.rs (target\debug\deps\module_symbols-a178be3ed440de0f.exe)
2026-10-07T00:13:03.1632279Z 
2026-10-07T00:13:03.1632817Z running 5 tests
2026-10-07T00:13:03.8275550Z test saved_low_namespaces_use_the_opened_file_and_rebased_definition_locations ... ok
2026-10-07T00:13:03.8307720Z test module_bindings_export_only_own_definitions_and_share_definition_identity ... ok
2026-10-07T00:13:03.8331207Z test local_names_colliding_with_the_entrypoint_keep_source_names_and_navigation ... ok
2026-10-07T00:13:04.1877433Z test record_and_import_alias_named_option_remain_record_types_in_editor_output ... ok
2026-10-07T00:13:04.1919449Z test unsaved_imported_buffers_drive_fields_and_shadowed_aliases_use_local_bindings ... ok
2026-10-07T00:13:04.1920081Z 
2026-10-07T00:13:04.1920784Z test result: ok. 5 passed; 0 failed; 0 ignored; 0 measured; 0 filtered out; finished in 1.03s
2026-10-07T00:13:04.1921194Z 
2026-10-07T00:13:04.1947094Z [1m[92m     Running[0m tests\modules.rs (target\debug\deps\modules-516fb7dbfa173436.exe)
2026-10-07T00:13:04.2049526Z 
2026-10-07T00:13:04.2050133Z running 32 tests
2026-10-07T00:13:04.2129392Z test alias_imports_keep_cycle_relative_path_and_language_guards ... ok
2026-10-07T00:13:04.2233269Z test conflicting_import_bindings_report_the_import_statement ... ok
2026-10-07T00:13:04.2287719Z test aliases_keep_original_source_diagnostics_and_embedded_asset_paths ... ok
2026-10-07T00:13:04.2322723Z test corrupted_low_identity_metadata_cannot_rename_or_invent_definitions ... ok
2026-10-07T00:13:04.2428377Z test aliases_of_one_function_cannot_be_replaced_twice_across_native_files ... ok
2026-10-07T00:13:04.2642094Z test edited_saved_low_body_resolves_original_aliases_and_maps_only_its_physical_root ... ok
2026-10-07T00:13:04.2670291Z test flat_imported_main_remains_an_entry_but_namespace_imported_main_does_not ... ok
2026-10-07T00:13:04.3081232Z test foreign_functions_keep_their_builtin_scope_when_root_aliases_use_builtin_names ... ok
2026-10-07T00:13:04.3225320Z test aliases_from_imports_and_flat_imports_share_the_canonical_class ... ok
2026-10-07T00:13:04.3568914Z test high_and_native_modules_can_use_the_same_private_namespace_spelling ... ok
2026-10-07T00:13:04.3611751Z test imported_bindings_are_private_but_own_definitions_can_use_them ... ok
2026-10-07T00:13:04.3690025Z test every_explicit_native_root_gets_high_aliases_without_overwriting_own_or_dependency_scopes ... ok
2026-10-07T00:13:04.4196519Z test imported_names_cannot_silently_fall_back_to_builtins_of_a_different_kind ... ok
2026-10-07T00:13:04.4343846Z test guessed_internal_symbols_cannot_bypass_private_imports_in_raw_source ... ok
2026-10-07T00:13:04.4445526Z test legacy_flat_helpers_can_call_root_definitions_without_inheriting_private_aliases ... ok
2026-10-07T00:13:04.4515965Z test legacy_classes_constructors_and_intrinsic_types_keep_their_original_namespaces ... ok
2026-10-07T00:13:04.4676970Z test local_fields_and_function_values_shadow_imports_only_in_their_scope ... ok
2026-10-07T00:13:04.4938618Z test native_main_replacement_keeps_the_generated_identity_and_recursive_target ... ok
2026-10-07T00:13:04.5048445Z test low_alias_syntax_resolves_qualified_record_and_generic_types ... ok
2026-10-07T00:13:04.5254472Z test omitted_unit_returns_keep_builtin_identity_while_explicit_namespace_types_are_rejected ... ok
2026-10-07T00:13:04.5298705Z test native_import_aliases_remain_local_while_own_functions_are_available_to_high ... ok
2026-10-07T00:13:04.5543551Z test old_flat_imports_keep_transitive_names_and_diamond_deduplication ... ok
2026-10-07T00:13:04.5642537Z test renamed_local_main_diagnostics_keep_source_spelling_after_program_is_taken ... ok
2026-10-07T00:13:04.6146054Z test same_named_classes_from_different_files_are_distinct_in_all_type_positions ... ok
2026-10-07T00:13:04.6280341Z test qualified_replacements_compare_definition_identity_and_report_low_sources ... ok
2026-10-07T00:13:04.6534658Z test saved_generated_low_can_be_imported_without_reidentifying_its_main ... ok
2026-10-07T00:13:04.7425709Z test separate_native_files_can_reuse_a_replacement_declaration_name ... ok
2026-10-07T00:13:04.7433594Z test the_checker_rejects_parser_only_alias_imports_until_the_source_loader_resolves_them ... ok
2026-10-07T00:13:04.7833366Z test unsaved_overlays_change_imported_definitions_and_keep_disk_sources_unchanged ... ok
2026-10-07T00:13:04.7852494Z test namespace_imports_preserve_depth_file_count_and_total_byte_limits ... ok
2026-10-07T00:13:05.6766623Z test saved_low_flat_and_from_imports_promote_the_original_definition_to_entry ... ok
2026-10-07T00:13:06.3258603Z test project_aliases_cross_low_replacement_and_rust_record_bridges_from_an_external_cwd ... ok
2026-10-07T00:13:06.3259122Z 
2026-10-07T00:13:06.3259628Z test result: ok. 32 passed; 0 failed; 0 ignored; 0 measured; 0 filtered out; finished in 2.12s
2026-10-07T00:13:06.3259995Z 
2026-10-07T00:13:06.3284120Z [1m[92m     Running[0m tests\nullable_database.rs (target\debug\deps\nullable_database-1d7e93c4fe19942d.exe)
2026-10-07T00:13:06.3385178Z 
2026-10-07T00:13:06.3385722Z running 4 tests
2026-10-07T00:13:06.3953512Z test unsupported_nullable_payloads_keep_manual_from_row_eligibility ... ok
2026-10-07T00:13:06.4672103Z test raw_numeric_and_bool_field_shadows_keep_manual_row_implementations ... ok
2026-10-07T00:13:28.8108447Z test raw_nullable_classes_can_supply_a_native_sqlite_row_bridge ... ok
2026-10-07T00:13:34.8832501Z test nullable_scalars_read_sqlite_null_and_non_null_rows_in_high_and_saved_low ... ok
2026-10-07T00:13:34.8833220Z 
2026-10-07T00:13:34.8833707Z test result: ok. 4 passed; 0 failed; 0 ignored; 0 measured; 0 filtered out; finished in 28.54s
2026-10-07T00:13:34.8834258Z 
2026-10-07T00:13:34.8861944Z [1m[92m     Running[0m tests\nullable_roundtrip.rs (target\debug\deps\nullable_roundtrip-ca40661b6c600f16.exe)
2026-10-07T00:13:34.8967188Z 
2026-10-07T00:13:34.8967794Z running 1 test
2026-10-07T00:13:35.1871602Z test nested_options_keep_distinct_none_and_some_values_through_independent_low ... ok
2026-10-07T00:13:35.1872061Z 
2026-10-07T00:13:35.1872409Z test result: ok. 1 passed; 0 failed; 0 ignored; 0 measured; 0 filtered out; finished in 0.29s
2026-10-07T00:13:35.1872806Z 
2026-10-07T00:13:35.1896317Z [1m[92m     Running[0m tests\option_match.rs (target\debug\deps\option_match-c209f2e1a079e2b7.exe)
2026-10-07T00:13:35.2000607Z 
2026-10-07T00:13:35.2001172Z running 5 tests
2026-10-07T00:13:35.2041284Z test option_cases_must_be_exhaustive_unique_and_match_the_subject_type ... ok
2026-10-07T00:13:35.2042622Z test option_payload_bindings_obey_move_scope_and_borrow_owner_rules ... ok
2026-10-07T00:13:35.2047998Z test option_matching_accepts_discarded_payloads_and_borrowed_string_contents ... ok
2026-10-07T00:13:35.2049221Z test some_and_none_patterns_keep_binding_spans_without_synthetic_none_payload ... ok
2026-10-07T00:13:35.2051981Z test some_patterns_reject_unsupported_payload_shapes_and_none_parentheses ... ok
2026-10-07T00:13:35.2052383Z 
2026-10-07T00:13:35.2052712Z test result: ok. 5 passed; 0 failed; 0 ignored; 0 measured; 0 filtered out; finished in 0.01s
2026-10-07T00:13:35.2053076Z 
2026-10-07T00:13:35.2076082Z [1m[92m     Running[0m tests\owned_copy_codegen.rs (target\debug\deps\owned_copy_codegen-f7f79e42b2a4ae18.exe)
2026-10-07T00:13:35.2182226Z 
2026-10-07T00:13:35.2183045Z running 2 tests
2026-10-07T00:13:35.2984636Z test owned_string_and_list_fields_remain_moves ... ok
2026-10-07T00:13:36.7918793Z test owned_scalar_fields_copy_in_native_high_and_independent_low ... ok
2026-10-07T00:13:36.7919245Z 
2026-10-07T00:13:36.7919699Z test result: ok. 2 passed; 0 failed; 0 ignored; 0 measured; 0 filtered out; finished in 1.57s
2026-10-07T00:13:36.7920071Z 
2026-10-07T00:13:36.7947007Z [1m[92m     Running[0m tests\owned_database.rs (target\debug\deps\owned_database-cb1ac21efc401769.exe)
2026-10-07T00:13:36.8052812Z 
2026-10-07T00:13:36.8053527Z running 2 tests
2026-10-07T00:13:36.8804895Z test owned_wrappers_preserve_unsupported_fields_and_manual_row_eligibility ... ok
2026-10-07T00:13:43.2647858Z test owned_scalars_decode_sqlite_rows_in_high_and_independent_saved_low ... ok
2026-10-07T00:13:43.2648437Z 
2026-10-07T00:13:43.2649059Z test result: ok. 2 passed; 0 failed; 0 ignored; 0 measured; 0 filtered out; finished in 6.46s
2026-10-07T00:13:43.2649775Z 
2026-10-07T00:13:43.2675819Z [1m[92m     Running[0m tests\ownership_boundaries.rs (target\debug\deps\ownership_boundaries-2ba0e8411d93a11f.exe)
2026-10-07T00:13:43.2783658Z 
2026-10-07T00:13:43.2784226Z running 7 tests
2026-10-07T00:13:43.2852515Z test nested_view_containers_cannot_keep_child_scope_owners ... ok
2026-10-07T00:13:43.2875492Z test branch_loop_and_payload_owners_cannot_escape_in_outer_views ... ok
2026-10-07T00:13:43.4090878Z test index_evaluation_holds_the_container_but_releases_it_afterwards ... ok
2026-10-07T00:13:43.4192116Z test copied_iterator_elements_keep_their_own_borrow_depth ... ok
2026-10-07T00:13:43.5125785Z test outer_owners_local_copies_restored_aliases_and_return_paths_remain_valid ... ok
2026-10-07T00:13:43.5159253Z test temporary_iterator_views_cannot_escape_but_body_use_and_static_views_remain_valid ... ok
2026-10-07T00:13:43.5210203Z test static_resource_views_remain_valid_across_branch_scopes ... ok
2026-10-07T00:13:43.5210654Z 
2026-10-07T00:13:43.5211155Z test result: ok. 7 passed; 0 failed; 0 ignored; 0 measured; 0 filtered out; finished in 0.24s
2026-10-07T00:13:43.5211584Z 
2026-10-07T00:13:43.5238229Z [1m[92m     Running[0m tests\ownership_calls.rs (target\debug\deps\ownership_calls-01dd48d50fbc2be8.exe)
2026-10-07T00:13:43.5345991Z 
2026-10-07T00:13:43.5346728Z running 9 tests
2026-10-07T00:13:43.5440102Z test database_receiver_is_borrowed_but_materialized_sql_does_not_extend_its_loan ... ok
2026-10-07T00:13:43.5455524Z test discarded_owned_places_are_consumed_but_copy_and_borrowed_values_remain_available ... ok
2026-10-07T00:13:43.5472940Z test earlier_view_arguments_block_later_moves_in_direct_and_aliased_calls ... ok
2026-10-07T00:13:43.5486754Z test earlier_views_remain_borrowed_while_nested_later_arguments_are_evaluated ... ok
2026-10-07T00:13:43.5494347Z test earlier_list_elements_hold_views_through_later_element_evaluation ... ok
2026-10-07T00:13:43.5522719Z test completed_inner_calls_copies_and_disjoint_owners_do_not_keep_call_loans ... ok
2026-10-07T00:13:43.5551303Z test list_mutation_checks_outer_loans_without_rejecting_two_phase_reads ... ok
2026-10-07T00:13:43.5874027Z test call_conflicts_and_discarded_moves_fail_before_backend_tools_are_needed ... ok
2026-10-07T00:13:43.7439079Z test implicit_standard_references_hold_the_owner_through_later_arguments ... ok
2026-10-07T00:13:43.7439505Z 
2026-10-07T00:13:43.7440003Z test result: ok. 9 passed; 0 failed; 0 ignored; 0 measured; 0 filtered out; finished in 0.21s
2026-10-07T00:13:43.7440436Z 
2026-10-07T00:13:43.7468537Z [1m[92m     Running[0m tests\resource_contract_characterization.rs (target\debug\deps\resource_contract_characterization-276f30183df05a0f.exe)
2026-10-07T00:13:43.7581186Z 
2026-10-07T00:13:43.7581806Z running 4 tests
2026-10-07T00:13:43.7591838Z test registered_resources_match_the_independent_inventory ... ok
2026-10-07T00:13:43.7593046Z test registered_operations_match_signatures_and_passing ... ok
2026-10-07T00:13:43.7593679Z test registered_accessors_match_the_complete_inventory ... ok
2026-10-07T00:13:43.7596340Z test registered_constants_match_the_complete_inventory ... ok
2026-10-07T00:13:43.7596872Z 
2026-10-07T00:13:43.7597332Z test result: ok. 4 passed; 0 failed; 0 ignored; 0 measured; 0 filtered out; finished in 0.00s
2026-10-07T00:13:43.7597760Z 
2026-10-07T00:13:43.7617062Z [1m[92m     Running[0m tests\result_stdlib.rs (target\debug\deps\result_stdlib-4e4ee390dc9a9dec.exe)
2026-10-07T00:13:43.7719401Z 
2026-10-07T00:13:43.7720502Z running 6 tests
2026-10-07T00:13:44.2280553Z test mapping_moves_input_left_to_right_and_preserves_borrow_origins ... ok
2026-10-07T00:13:44.3427652Z test mapper_contract_errors_fail_before_rust_backend_in_high_and_saved_low ... ok
2026-10-07T00:13:44.4442914Z test try_keeps_exact_error_identity_and_map_error_does_not_reserve_local_names ... ok
2026-10-07T00:13:44.5047508Z test inferred_mapping_keeps_enum_class_aliases_and_borrowed_success_through_saved_low ... ok
2026-10-07T00:13:45.5171900Z test native_success_failure_and_original_cause_survive_high_and_saved_low ... ok
2026-10-07T00:13:47.8650481Z test static_error_labels_avoid_read_allocations_but_keep_owned_results_and_shadowing ... ok
2026-10-07T00:13:47.8651028Z 
2026-10-07T00:13:47.8651420Z test result: ok. 6 passed; 0 failed; 0 ignored; 0 measured; 0 filtered out; finished in 4.09s
2026-10-07T00:13:47.8651837Z 
2026-10-07T00:13:47.8680241Z [1m[92m     Running[0m tests\rust_dependencies.rs (target\debug\deps\rust_dependencies-1a5168c00db23dc0.exe)
2026-10-07T00:13:47.8784136Z 
2026-10-07T00:13:47.8784633Z running 8 tests
2026-10-07T00:13:47.9299275Z test generated_manifest_preserves_legacy_versions_and_every_supported_table_field ... ok
2026-10-07T00:13:47.9688662Z test cli_version_replaces_the_whole_table_and_keeps_alias_collision_checks ... ok
2026-10-07T00:13:47.9816082Z test dependency_paths_follow_the_selected_manifest_with_different_cwd_and_output ... ok
2026-10-07T00:13:47.9825475Z test generated_toml_round_trips_quotes_backslashes_and_newlines_without_extra_tables ... ok
2026-10-07T00:13:48.0941804Z test missing_local_dependency_is_valid_for_check_and_reported_by_cargo_during_build ... ok
2026-10-07T00:13:48.2267469Z test invalid_dependency_tables_fail_in_the_public_cli_before_cargo ... ok
2026-10-07T00:13:48.3890853Z test check_and_symbols_accept_dependency_tables_without_cargo_or_checked_out_crates ... ok
2026-10-07T00:13:49.0143785Z test local_package_rename_features_and_disabled_defaults_run_without_registry_dependencies ... ok
2026-10-07T00:13:49.0144476Z 
2026-10-07T00:13:49.0144914Z test result: ok. 8 passed; 0 failed; 0 ignored; 0 measured; 0 filtered out; finished in 1.14s
2026-10-07T00:13:49.0145287Z 
2026-10-07T00:13:49.0166008Z [1m[92m     Running[0m tests\sql_check.rs (target\debug\deps\sql_check-10b075e95a49220d.exe)
2026-10-07T00:13:49.0272179Z 
2026-10-07T00:13:49.0272996Z running 13 tests
2026-10-07T00:13:49.1149167Z test enabled::a_user_function_named_db_all_is_not_a_builtin_sql_query ... ok
2026-10-07T00:13:49.1436527Z test enabled::dynamic_sql_and_db_exec_are_reported_as_runtime_checks ... ok
2026-10-07T00:13:49.2132311Z test enabled::explicit_project_schema_path_is_relative_to_invocation_directory ... ok
2026-10-07T00:13:49.2291804Z test enabled::aliases_case_reordering_extra_columns_and_reused_numbered_bind_are_valid ... ok
2026-10-07T00:13:49.2358876Z test enabled::bounded_schema_and_query_inputs_fail_before_sql_preparation ... ok
2026-10-07T00:13:49.2617447Z test enabled::imported_queries_report_the_original_module_file_and_line ... ok
2026-10-07T00:13:49.3354370Z test enabled::literal_insert_update_delete_are_prepared_without_executing_queries ... ok
2026-10-07T00:13:49.4258838Z test enabled::schema_and_dialect_are_paired_check_only_options ... ok
2026-10-07T00:13:49.5792857Z test enabled::missing_return_columns_and_wrong_bind_count_use_query_source_lines ... ok
2026-10-07T00:13:49.6548364Z test enabled::schema_check_is_opt_in_and_reports_bad_columns_in_high_and_saved_low ... ok
2026-10-07T00:13:49.6549386Z test enabled::helper_statement_kind_and_single_statement_contracts_are_checked ... ok
2026-10-07T00:13:49.7275098Z test enabled::literal_queries_cannot_change_schema_or_access_external_functions ... ok
2026-10-07T00:13:49.8703967Z test enabled::unsafe_schema_operations_cannot_create_or_modify_external_files ... ok
2026-10-07T00:13:49.8704673Z 
2026-10-07T00:13:49.8705591Z test result: ok. 13 passed; 0 failed; 0 ignored; 0 measured; 0 filtered out; finished in 0.84s
2026-10-07T00:13:49.8706195Z 
2026-10-07T00:13:49.8728869Z [1m[92m     Running[0m tests\static_callback_views.rs (target\debug\deps\static_callback_views-bb5e548aa1567b9c.exe)
2026-10-07T00:13:49.8833579Z 
2026-10-07T00:13:49.8834195Z running 3 tests
2026-10-07T00:13:49.8863017Z test input_bound_callback_results_still_borrow_their_actual_inputs ... ok
2026-10-07T00:13:49.8867049Z test static_outputs_do_not_allow_local_or_owned_parameter_borrows ... ok
2026-10-07T00:13:52.5519015Z test static_callbacks_keep_their_origins_and_independent_lifetime_scopes_in_high_and_low ... ok
2026-10-07T00:13:52.5519890Z 
2026-10-07T00:13:52.5520534Z test result: ok. 3 passed; 0 failed; 0 ignored; 0 measured; 0 filtered out; finished in 2.67s
2026-10-07T00:13:52.5521055Z 
2026-10-07T00:13:52.5542542Z [1m[92m     Running[0m tests\stdlib_imports.rs (target\debug\deps\stdlib_imports-6429db3001c1703c.exe)
2026-10-07T00:13:52.5647490Z 
2026-10-07T00:13:52.5648068Z running 12 tests
2026-10-07T00:13:52.5664346Z test comma_separated_from_imports_preserve_each_name_alias_and_source_span ... ok
2026-10-07T00:13:52.6009582Z test constant_fields_and_function_aliases_resolve_without_ignoring_local_shadowing ... ok
2026-10-07T00:13:52.6023139Z test low_metadata_cannot_forge_standard_ids_or_implement_registry_functions ... ok
2026-10-07T00:13:52.6035058Z test malformed_standard_imports_do_not_fall_back_to_file_lookup ... ok
2026-10-07T00:13:52.6046512Z test parser_distinguishes_standard_names_from_quoted_files_and_keeps_alias_spans ... ok
2026-10-07T00:13:52.6066180Z test low_metadata_rejects_native_paths_capabilities_and_unimported_canonical_names ... ok
2026-10-07T00:13:52.6093771Z test from_list_reuses_existing_conflict_and_same_definition_rules ... ok
2026-10-07T00:13:52.6510777Z test registered_resources_and_functions_are_separate_from_source_definitions ... ok
2026-10-07T00:13:52.6752562Z test standard_imports_ignore_local_lookalikes_and_unsaved_overlays ... ok
2026-10-07T00:13:52.9924091Z test multiple_from_aliases_keep_registry_identity_in_independently_loaded_low ... ok
2026-10-07T00:13:53.0348469Z test saved_low_keeps_registry_identity_without_standard_source_files ... ok
2026-10-07T00:13:53.1758563Z test repeated_standard_imports_do_not_shift_registry_declaration_lines ... ok
2026-10-07T00:13:53.1759059Z 
2026-10-07T00:13:53.1759533Z test result: ok. 12 passed; 0 failed; 0 ignored; 0 measured; 0 filtered out; finished in 0.61s
2026-10-07T00:13:53.1759910Z 
2026-10-07T00:13:53.1785425Z [1m[92m     Running[0m tests\symbols.rs (target\debug\deps\symbols-fd988a2a36135c95.exe)
2026-10-07T00:13:53.1890985Z 
2026-10-07T00:13:53.1891975Z running 21 tests
2026-10-07T00:13:53.1994356Z test editor_input_rejects_invalid_schema_alias_duplicates_and_other_commands ... ok
2026-10-07T00:13:53.8861026Z test actual_symbols_command_resolves_transitive_imports_and_utf16_columns ... ok
2026-10-07T00:13:53.8880085Z test expression_ranges_cover_multiline_receivers_and_do_not_unwrap_results ... ok
2026-10-07T00:13:53.9076182Z test editor_buffers_update_imported_and_low_signatures_without_writing_files ... ok
2026-10-07T00:13:54.5070633Z test duplicate_let_and_case_bindings_cannot_replace_an_outer_definition ... ok
2026-10-07T00:13:54.5768878Z test failed_iterator_mutation_does_not_leak_a_loan_or_move_into_editor_types ... ok
2026-10-07T00:13:54.5799794Z test imported_and_native_types_use_unsaved_buffers_and_utf16_ranges ... ok
2026-10-07T00:13:54.6077426Z test inferred_locals_parameters_and_loop_bindings_obey_exact_scopes ... ok
2026-10-07T00:13:55.2376766Z test invalid_signatures_do_not_generate_guessed_local_types ... ok
2026-10-07T00:13:55.2768951Z test local_call_and_function_value_navigation_use_the_resolved_binding ... ok
2026-10-07T00:13:55.3194682Z test local_navigation_preserves_binding_identity_across_reassignments_and_scopes ... ok
2026-10-07T00:13:55.9599813Z test match_payloads_and_child_locals_do_not_escape_their_arm ... ok
2026-10-07T00:13:55.9650697Z test low_records_replacements_and_same_line_bindings_keep_their_source_positions ... ok
2026-10-07T00:13:55.9878990Z test moved_values_and_scope_locals_have_no_later_inferred_type ... ok
2026-10-07T00:13:56.6318381Z test native_low_symbols_and_calls_inside_match_keep_original_files ... ok
2026-10-07T00:13:56.6838186Z test navigation_resolves_case_and_scope_bindings_without_leaking_them ... ok
2026-10-07T00:13:57.3220734Z test navigation_is_available_after_moves_and_invalid_types_but_not_before_binding ... ok
2026-10-07T00:13:57.3315861Z test navigation_uses_unsaved_import_and_low_replacement_positions_in_utf16 ... ok
2026-10-07T00:13:57.3558265Z test partial_moves_do_not_infer_invalid_bindings_or_hide_unmoved_fields ... ok
2026-10-07T00:13:57.4795519Z test local_function_value_uses_have_hover_types_without_replacing_global_signatures ... ok
2026-10-07T00:13:57.6625990Z test symbols_work_despite_type_errors_and_distinguish_fields_locals_and_calls ... ok
2026-10-07T00:13:57.6626652Z 
2026-10-07T00:13:57.6627138Z test result: ok. 21 passed; 0 failed; 0 ignored; 0 measured; 0 filtered out; finished in 4.47s
2026-10-07T00:13:57.6627560Z 
2026-10-07T00:13:57.6658279Z [1m[92m     Running[0m tests\typed_errors.rs (target\debug\deps\typed_errors-8cdbec53fabbb842.exe)
2026-10-07T00:13:57.6761214Z 
2026-10-07T00:13:57.6761664Z running 15 tests
2026-10-07T00:13:57.7730432Z test diagnostic_cause_containers_are_rejected_by_json_serialization ... ok
2026-10-07T00:13:57.7733046Z test direct_parser_builtin_enum_names_require_canonical_source_loading ... ok
2026-10-07T00:13:59.8994746Z test async_custom_errors_propagate_the_same_enum_through_await_and_try ... ok
2026-10-07T00:14:00.0474891Z test enum_constructors_reject_unknown_variants_wrong_arity_and_wrong_payload_types ... ok
2026-10-07T00:14:00.1502312Z test enum_matches_require_exhaustive_unique_matching_variants_and_payload_bindings ... ok
2026-10-07T00:14:00.2121942Z test enum_payload_moves_and_borrowed_views_cannot_escape_match_arms ... ok
2026-10-07T00:14:01.4817705Z test builtin_error_causes_survive_wrapping_without_json_or_database_requirements ... ok
2026-10-07T00:14:01.5697133Z test fail_and_try_reject_implicit_conversion_between_custom_error_types ... ok
2026-10-07T00:14:03.0183211Z test class_errors_keep_context_nested_results_same_error_try_and_explicit_conversion ... ok
2026-10-07T00:14:24.1286884Z test entry_result_errors_keep_exit_status_through_owned_wrappers_and_async_saved_low ... ok
2026-10-07T00:14:24.2267060Z test same_named_module_enums_are_distinct_error_types_for_try_and_patterns ... ok
2026-10-07T00:14:25.2780980Z test enums_construct_match_owned_payloads_and_preserve_copy_variants ... ok
2026-10-07T00:14:26.2732456Z test file_loaded_builtin_spelled_enums_keep_literal_types_and_variant_identity ... ok
2026-10-07T00:14:27.3503640Z test module_aliases_share_enum_error_identity_and_keep_qualified_variants ... ok
2026-10-07T00:14:30.6508558Z test scope_enum_conversion_requires_the_explicit_rust_bridge_and_keeps_the_owned_cause ... ok
2026-10-07T00:14:30.6509113Z 
2026-10-07T00:14:30.6509575Z test result: ok. 15 passed; 0 failed; 0 ignored; 0 measured; 0 filtered out; finished in 32.97s
2026-10-07T00:14:30.6509989Z 
2026-10-07T00:14:30.6535166Z [1m[92m     Running[0m tests\view_iteration.rs (target\debug\deps\view_iteration-77e85d594af6bebf.exe)
2026-10-07T00:14:30.6636276Z 
2026-10-07T00:14:30.6637352Z running 3 tests
2026-10-07T00:14:30.6680803Z test string_views_reject_iteration_and_numeric_indexing_in_high_and_low ... ok
2026-10-07T00:14:30.6849556Z test native_resource_views_still_reject_iteration ... ok
2026-10-07T00:14:31.2181144Z test byte_views_use_u8_and_preserve_nested_views_and_owned_element_slices ... ok
2026-10-07T00:14:31.2181751Z 
2026-10-07T00:14:31.2182404Z test result: ok. 3 passed; 0 failed; 0 ignored; 0 measured; 0 filtered out; finished in 0.55s
2026-10-07T00:14:31.2183028Z 
2026-10-07T00:14:31.2207799Z [1m[92m     Running[0m tests\view_parameter_rebinding.rs (target\debug\deps\view_parameter_rebinding-962c2ad03a53c34b.exe)
2026-10-07T00:14:31.2310140Z 
2026-10-07T00:14:31.2310965Z running 5 tests
2026-10-07T00:14:31.2359275Z test local_borrows_still_cannot_escape_through_reassigned_parameters ... ok
2026-10-07T00:14:31.2368051Z test rebinding_is_synthetic_and_does_not_change_signatures_or_extern_wrappers ... ok
2026-10-07T00:14:32.0211985Z test local_parameter_updates_compile_and_run_in_high_and_saved_low ... ok
2026-10-07T00:14:32.3384760Z test owning_parameters_keep_their_drop_order_when_a_view_container_is_rebound ... ok
2026-10-07T00:14:32.9423500Z test views_of_owned_record_fields_can_be_used_locally_through_parameters ... ok
2026-10-07T00:14:32.9424197Z 
2026-10-07T00:14:32.9424840Z test result: ok. 5 passed; 0 failed; 0 ignored; 0 measured; 0 filtered out; finished in 1.71s
2026-10-07T00:14:32.9425393Z 
2026-10-07T00:14:33.0781820Z ##[group]Run node --test editors/vscode-nagi/test/*.test.js scripts/test_graph_html_viewport.mjs
2026-10-07T00:14:33.0782573Z [36;1mnode --test editors/vscode-nagi/test/*.test.js scripts/test_graph_html_viewport.mjs[0m
2026-10-07T00:14:33.0795760Z shell: C:\Program Files\Git\bin\bash.EXE --noprofile --norc -e -o pipefail {0}
2026-10-07T00:14:33.0796204Z env:
2026-10-07T00:14:33.0796525Z   NAGI_FAILURE_DIR: D:\a\Nagi\Nagi/build/compiler-failures
2026-10-07T00:14:33.0796944Z   CARGO_HOME: C:\Users\runneradmin\.cargo
2026-10-07T00:14:33.0797271Z   CARGO_INCREMENTAL: 0
2026-10-07T00:14:33.0797548Z   CARGO_TERM_COLOR: always
2026-10-07T00:14:33.0797912Z   pythonLocation: C:\hostedtoolcache\windows\Python\3.12.10\x64
2026-10-07T00:14:33.0798456Z   PKG_CONFIG_PATH: C:\hostedtoolcache\windows\Python\3.12.10\x64/lib/pkgconfig
2026-10-07T00:14:33.0798944Z   Python_ROOT_DIR: C:\hostedtoolcache\windows\Python\3.12.10\x64
2026-10-07T00:14:33.0799484Z   Python2_ROOT_DIR: C:\hostedtoolcache\windows\Python\3.12.10\x64
2026-10-07T00:14:33.0799924Z   Python3_ROOT_DIR: C:\hostedtoolcache\windows\Python\3.12.10\x64
2026-10-07T00:14:33.0800290Z ##[endgroup]
2026-10-07T00:14:33.3130749Z TAP version 13
2026-10-07T00:14:33.4071615Z # Subtest: Actor and Turn snippets preserve all three registered type parameters
2026-10-07T00:14:33.4073978Z ok 1 - Actor and Turn snippets preserve all three registered type parameters
2026-10-07T00:14:33.4075824Z   ---
2026-10-07T00:14:33.4077016Z   duration_ms: 5.2754
2026-10-07T00:14:33.4077842Z   type: 'test'
2026-10-07T00:14:33.4078659Z   ...
2026-10-07T00:14:33.4079470Z # Subtest: same-name standard options retain their owning namespace and return type
2026-10-07T00:14:33.4080561Z ok 2 - same-name standard options retain their owning namespace and return type
2026-10-07T00:14:33.4081760Z   ---
2026-10-07T00:14:33.4082350Z   duration_ms: 3.2426
2026-10-07T00:14:33.4082915Z   type: 'test'
2026-10-07T00:14:33.4083408Z   ...
2026-10-07T00:14:33.4084172Z # Subtest: both module catalogs complete imports without merging their members
2026-10-07T00:14:33.4089919Z ok 3 - both module catalogs complete imports without merging their members
2026-10-07T00:14:33.4091265Z   ---
2026-10-07T00:14:33.4091908Z   duration_ms: 7.1172
2026-10-07T00:14:33.4092595Z   type: 'test'
2026-10-07T00:14:33.4093277Z   ...
2026-10-07T00:14:34.3176945Z # Subtest: real nagi actor symbols separate modules and preserve three-parameter handles
2026-10-07T00:14:34.3178320Z ok 4 - real nagi actor symbols separate modules and preserve three-parameter handles
2026-10-07T00:14:34.3179404Z   ---
2026-10-07T00:14:34.3179985Z   duration_ms: 924.8896
2026-10-07T00:14:34.3180527Z   type: 'test'
2026-10-07T00:14:34.3180974Z   ...
2026-10-07T00:14:35.1615233Z # Subtest: real low actor symbols separate modules and preserve three-parameter handles
2026-10-07T00:14:35.1616880Z ok 5 - real low actor symbols separate modules and preserve three-parameter handles
2026-10-07T00:14:35.1617872Z   ---
2026-10-07T00:14:35.1618458Z   duration_ms: 844.054
2026-10-07T00:14:35.1619065Z   type: 'test'
2026-10-07T00:14:35.1619641Z   ...
2026-10-07T00:14:35.4754258Z # Subtest: unsaved actor dependency constants keep their own source without writing or building
2026-10-07T00:14:35.4756365Z ok 6 - unsaved actor dependency constants keep their own source without writing or building
2026-10-07T00:14:35.4757353Z   ---
2026-10-07T00:14:35.4757832Z   duration_ms: 318.42
2026-10-07T00:14:35.4758288Z   type: 'test'
2026-10-07T00:14:35.4758662Z   ...
2026-10-07T00:14:35.4916507Z # Subtest: nagi borrowed loop locals keep their declared type and bare insertion
2026-10-07T00:14:35.4917974Z ok 7 - nagi borrowed loop locals keep their declared type and bare insertion
2026-10-07T00:14:35.4918856Z   ---
2026-10-07T00:14:35.4919500Z   duration_ms: 6.5109
2026-10-07T00:14:35.4920094Z   type: 'test'
2026-10-07T00:14:35.4920636Z   ...
2026-10-07T00:14:35.4924423Z # Subtest: nagi owned and read-only-only locals retain their existing presentation
2026-10-07T00:14:35.4926092Z ok 8 - nagi owned and read-only-only locals retain their existing presentation
2026-10-07T00:14:35.4926755Z   ---
2026-10-07T00:14:35.4927374Z   duration_ms: 0.7145
2026-10-07T00:14:35.4927862Z   type: 'test'
2026-10-07T00:14:35.4935654Z   ...
2026-10-07T00:14:35.4936773Z # Subtest: nagi borrowed receiver fields preserve the compiler read-only contract
2026-10-07T00:14:35.4942790Z ok 9 - nagi borrowed receiver fields preserve the compiler read-only contract
2026-10-07T00:14:35.4967293Z   ---
2026-10-07T00:14:35.4969042Z   duration_ms: 1.077
2026-10-07T00:14:35.4969567Z   type: 'test'
2026-10-07T00:14:35.4970186Z   ...
2026-10-07T00:14:35.4971011Z # Subtest: low borrowed loop locals keep their declared type and bare insertion
2026-10-07T00:14:35.4972437Z ok 10 - low borrowed loop locals keep their declared type and bare insertion
2026-10-07T00:14:35.4973270Z   ---
2026-10-07T00:14:35.4973693Z   duration_ms: 0.9635
2026-10-07T00:14:35.4974217Z   type: 'test'
2026-10-07T00:14:35.4974612Z   ...
2026-10-07T00:14:35.4975350Z # Subtest: low owned and read-only-only locals retain their existing presentation
2026-10-07T00:14:35.4976311Z ok 11 - low owned and read-only-only locals retain their existing presentation
2026-10-07T00:14:35.4977032Z   ---
2026-10-07T00:14:35.4977464Z   duration_ms: 0.7215
2026-10-07T00:14:35.4977845Z   type: 'test'
2026-10-07T00:14:35.4978189Z   ...
2026-10-07T00:14:35.4978899Z # Subtest: low borrowed receiver fields preserve the compiler read-only contract
2026-10-07T00:14:35.4979814Z ok 12 - low borrowed receiver fields preserve the compiler read-only contract
2026-10-07T00:14:35.4980383Z   ---
2026-10-07T00:14:35.4980759Z   duration_ms: 0.6264
2026-10-07T00:14:35.4981473Z   type: 'test'
2026-10-07T00:14:35.4981814Z   ...
2026-10-07T00:14:36.3150771Z # Subtest: Windows diagnostics preserve the drive and convert to zero-based line
2026-10-07T00:14:36.3159766Z ok 13 - Windows diagnostics preserve the drive and convert to zero-based line
2026-10-07T00:14:36.3161524Z   ---
2026-10-07T00:14:36.3162049Z   duration_ms: 4.2025
2026-10-07T00:14:36.3162622Z   type: 'test'
2026-10-07T00:14:36.3163053Z   ...
2026-10-07T00:14:36.3164004Z # Subtest: symbol positions use UTF-16 ranges and exclude whitespace and other files
2026-10-07T00:14:36.3165083Z ok 14 - symbol positions use UTF-16 ranges and exclude whitespace and other files
2026-10-07T00:14:36.3165775Z   ---
2026-10-07T00:14:36.3166222Z   duration_ms: 1.8372
2026-10-07T00:14:36.3166659Z   type: 'test'
2026-10-07T00:14:36.3167055Z   ...
2026-10-07T00:14:36.3167763Z # Subtest: Low integration errors and process errors have usable fallback locations
2026-10-07T00:14:36.3168717Z ok 15 - Low integration errors and process errors have usable fallback locations
2026-10-07T00:14:36.3169413Z   ---
2026-10-07T00:14:36.3169872Z   duration_ms: 0.4074
2026-10-07T00:14:36.3170286Z   type: 'test'
2026-10-07T00:14:36.3170620Z   ...
2026-10-07T00:14:36.3171366Z # Subtest: Rust arguments remain separate and long Windows paths normalize
2026-10-07T00:14:36.3172293Z ok 16 - Rust arguments remain separate and long Windows paths normalize
2026-10-07T00:14:36.3172956Z   ---
2026-10-07T00:14:36.3173423Z   duration_ms: 0.4027
2026-10-07T00:14:36.3174363Z   type: 'test'
2026-10-07T00:14:36.3174805Z   ...
2026-10-07T00:14:36.3175773Z # Subtest: diagnostic file identities resolve symlinks and Windows path spelling
2026-10-07T00:14:36.3176771Z ok 17 - diagnostic file identities resolve symlinks and Windows path spelling
2026-10-07T00:14:36.3177774Z   ---
2026-10-07T00:14:36.3178271Z   duration_ms: 2791.8038
2026-10-07T00:14:36.3178752Z   type: 'test'
2026-10-07T00:14:36.3179187Z   ...
2026-10-07T00:14:36.3179948Z # Subtest: task matcher accepts Nagi frontend and mapped backend positions only
2026-10-07T00:14:36.3180917Z ok 18 - task matcher accepts Nagi frontend and mapped backend positions only
2026-10-07T00:14:36.3181634Z   ---
2026-10-07T00:14:36.3183262Z   duration_ms: 1.3924
2026-10-07T00:14:36.3185703Z   type: 'test'
2026-10-07T00:14:36.3186269Z   ...
2026-10-07T00:14:36.3187213Z # Subtest: files and native paths are individual arguments with isolated check output
2026-10-07T00:14:36.3188328Z ok 19 - files and native paths are individual arguments with isolated check output
2026-10-07T00:14:36.3189132Z   ---
2026-10-07T00:14:36.3189646Z   duration_ms: 5.2612
2026-10-07T00:14:36.3190166Z   type: 'test'
2026-10-07T00:14:36.3190691Z   ...
2026-10-07T00:14:36.3191538Z # Subtest: configured compiler paths are workspace relative; PATH remains a fallback
2026-10-07T00:14:36.3192653Z ok 20 - configured compiler paths are workspace relative; PATH remains a fallback
2026-10-07T00:14:36.3193837Z   ---
2026-10-07T00:14:36.3194322Z   duration_ms: 0.7986
2026-10-07T00:14:36.3194799Z   type: 'test'
2026-10-07T00:14:36.3195274Z   ...
2026-10-07T00:14:36.3998009Z # Subtest: compiler execution does not interpret shell metacharacters
2026-10-07T00:14:36.4000193Z ok 21 - compiler execution does not interpret shell metacharacters
2026-10-07T00:14:36.4001166Z   ---
2026-10-07T00:14:36.4001856Z   duration_ms: 96.1522
2026-10-07T00:14:36.4002457Z   type: 'test'
2026-10-07T00:14:36.4002998Z   ...
2026-10-07T00:14:36.4283685Z # Subtest: real Nagi checker diagnoses a source error
2026-10-07T00:14:36.4284947Z ok 22 - real Nagi checker diagnoses a source error
2026-10-07T00:14:36.4285748Z   ---
2026-10-07T00:14:36.4286361Z   duration_ms: 25.3369
2026-10-07T00:14:36.4287314Z   type: 'test'
2026-10-07T00:14:36.4287850Z   ...
2026-10-07T00:14:36.4288644Z # Subtest: missing compiler is reported as an execution problem
2026-10-07T00:14:36.4289607Z ok 23 - missing compiler is reported as an execution problem
2026-10-07T00:14:36.4290699Z   ---
2026-10-07T00:14:36.4291963Z   duration_ms: 3.3143
2026-10-07T00:14:36.4292741Z   type: 'test'
2026-10-07T00:14:36.4293299Z   ...
2026-10-07T00:14:36.6918902Z # Subtest: timed out checker is reported as an execution problem
2026-10-07T00:14:36.6920677Z ok 24 - timed out checker is reported as an execution problem
2026-10-07T00:14:36.6921536Z   ---
2026-10-07T00:14:36.6922196Z   duration_ms: 259.9728
2026-10-07T00:14:36.6922817Z   type: 'test'
2026-10-07T00:14:36.6923373Z   ...
2026-10-07T00:14:36.6925426Z # Subtest: nearest manifest wins and project arguments delegate entry selection to nagic
2026-10-07T00:14:36.6927121Z ok 25 - nearest manifest wins and project arguments delegate entry selection to nagic
2026-10-07T00:14:36.6928141Z   ---
2026-10-07T00:14:36.6928728Z   duration_ms: 2.2376
2026-10-07T00:14:36.6929349Z   type: 'test'
2026-10-07T00:14:36.6929940Z   ...
2026-10-07T00:14:36.7164779Z # Subtest: real checker resolves a helper through its manifest entry rather than checking it alone
2026-10-07T00:14:36.7166507Z ok 26 - real checker resolves a helper through its manifest entry rather than checking it alone
2026-10-07T00:14:36.7167444Z   ---
2026-10-07T00:14:36.7167990Z   duration_ms: 26.5155
2026-10-07T00:14:36.7168591Z   type: 'test'
2026-10-07T00:14:36.7169157Z   ...
2026-10-07T00:14:36.9582993Z # Subtest: real symbol query navigates from a helper to its entry-defined function
2026-10-07T00:14:36.9584640Z ok 27 - real symbol query navigates from a helper to its entry-defined function
2026-10-07T00:14:36.9585477Z   ---
2026-10-07T00:14:36.9586046Z   duration_ms: 245.6151
2026-10-07T00:14:36.9586586Z   type: 'test'
2026-10-07T00:14:36.9587155Z   ...
2026-10-07T00:14:36.9789896Z # Subtest: enum completion includes own/imported type namespaces and never bare variants
2026-10-07T00:14:36.9950533Z ok 28 - enum completion includes own/imported type namespaces and never bare variants
2026-10-07T00:14:36.9967326Z   ---
2026-10-07T00:14:36.9977548Z   duration_ms: 14.5116
2026-10-07T00:14:36.9982313Z   type: 'test'
2026-10-07T00:14:36.9990428Z   ...
2026-10-07T00:14:36.9998462Z # Subtest: enum type positions offer enum types and exclude variant values
2026-10-07T00:14:37.0003271Z ok 29 - enum type positions offer enum types and exclude variant values
2026-10-07T00:14:37.0010104Z   ---
2026-10-07T00:14:37.0011761Z   duration_ms: 1.6288
2026-10-07T00:14:37.0012632Z   type: 'test'
2026-10-07T00:14:37.0015179Z   ...
2026-10-07T00:14:37.0017241Z # Subtest: unit/payload variant hover and payload signatures preserve alias-qualified spelling
2026-10-07T00:14:37.0018750Z ok 30 - unit/payload variant hover and payload signatures preserve alias-qualified spelling
2026-10-07T00:14:37.0020481Z   ---
2026-10-07T00:14:37.0021764Z   duration_ms: 3.3206
2026-10-07T00:14:37.0022528Z   type: 'test'
2026-10-07T00:14:37.0023505Z   ...
2026-10-07T00:14:37.0024564Z # Subtest: nested variant declaration references resolve hover and F12 without exporting names
2026-10-07T00:14:37.0025968Z ok 31 - nested variant declaration references resolve hover and F12 without exporting names
2026-10-07T00:14:37.0026985Z   ---
2026-10-07T00:14:37.0027602Z   duration_ms: 1.6227
2026-10-07T00:14:37.0028255Z   type: 'test'
2026-10-07T00:14:37.0028932Z   ...
2026-10-07T00:14:37.0029832Z # Subtest: lexical values that shadow enum/module roots suppress type namespaces
2026-10-07T00:14:37.0031018Z ok 32 - lexical values that shadow enum/module roots suppress type namespaces
2026-10-07T00:14:37.0031946Z   ---
2026-10-07T00:14:37.0032551Z   duration_ms: 3.3285
2026-10-07T00:14:37.0033194Z   type: 'test'
2026-10-07T00:14:37.0033849Z   ...
2026-10-07T00:14:37.0034776Z # Subtest: typed failure help exposes an error value without requiring builtin Error
2026-10-07T00:14:37.0036248Z ok 33 - typed failure help exposes an error value without requiring builtin Error
2026-10-07T00:14:37.0037643Z   ---
2026-10-07T00:14:37.0038224Z   duration_ms: 0.7971
2026-10-07T00:14:37.0039236Z   type: 'test'
2026-10-07T00:14:37.0040228Z   ...
2026-10-07T00:14:37.0041060Z # Subtest: Result patterns have completion hover and argument help only after case
2026-10-07T00:14:37.0042230Z ok 34 - Result patterns have completion hover and argument help only after case
2026-10-07T00:14:37.0043007Z   ---
2026-10-07T00:14:37.0043513Z   duration_ms: 1.7883
2026-10-07T00:14:37.0044089Z   type: 'test'
2026-10-07T00:14:37.0044600Z   ...
2026-10-07T00:14:37.0063135Z # Subtest: real nagi enum symbols preserve aliases, payload help and declaration targets
2026-10-07T00:14:37.0069869Z ok 35 - real nagi enum symbols preserve aliases, payload help and declaration targets
2026-10-07T00:14:37.0071171Z   ---
2026-10-07T00:14:37.0084198Z   duration_ms: 236.1159
2026-10-07T00:14:37.0087148Z   type: 'test'
2026-10-07T00:14:37.0087972Z   ...
2026-10-07T00:14:37.0090342Z # Subtest: real low enum symbols preserve aliases, payload help and declaration targets
2026-10-07T00:14:37.0092865Z ok 36 - real low enum symbols preserve aliases, payload help and declaration targets
2026-10-07T00:14:37.0099612Z   ---
2026-10-07T00:14:37.0116380Z   duration_ms: 209.0633
2026-10-07T00:14:37.0117466Z   type: 'test'
2026-10-07T00:14:37.0183379Z   ...
2026-10-07T00:14:37.0184272Z # Subtest: unsaved enum changes update payloads and F12 without writing source or building
2026-10-07T00:14:37.0185512Z ok 37 - unsaved enum changes update payloads and F12 without writing source or building
2026-10-07T00:14:37.0186185Z   ---
2026-10-07T00:14:37.0186570Z   duration_ms: 244.0295
2026-10-07T00:14:37.0187427Z   type: 'test'
2026-10-07T00:14:37.0187796Z   ...
2026-10-07T00:14:37.0188931Z # Subtest: hover preserves declared async/nullable types and class fields but skips locals, members and comments
2026-10-07T00:14:37.0190238Z ok 38 - hover preserves declared async/nullable types and class fields but skips locals, members and comments
2026-10-07T00:14:37.0190997Z   ---
2026-10-07T00:14:37.0191356Z   duration_ms: 2.6496
2026-10-07T00:14:37.0191793Z   type: 'test'
2026-10-07T00:14:37.0192129Z   ...
2026-10-07T00:14:37.0192891Z # Subtest: completion works on incomplete prefixes and inserts positional calls or named class fields
2026-10-07T00:14:37.0194353Z ok 39 - completion works on incomplete prefixes and inserts positional calls or named class fields
2026-10-07T00:14:37.0195074Z   ---
2026-10-07T00:14:37.0195417Z   duration_ms: 1.6972
2026-10-07T00:14:37.0195773Z   type: 'test'
2026-10-07T00:14:37.0196557Z   ...
2026-10-07T00:14:37.0197195Z # Subtest: type positions offer classes and type constructors rather than value calls
2026-10-07T00:14:37.0198124Z ok 40 - type positions offer classes and type constructors rather than value calls
2026-10-07T00:14:37.0198768Z   ---
2026-10-07T00:14:37.0199109Z   duration_ms: 2.6716
2026-10-07T00:14:37.0199483Z   type: 'test'
2026-10-07T00:14:37.0199858Z   ...
2026-10-07T00:14:37.0200543Z # Subtest: a class named Future completes as its declared type rather than a generic builtin
2026-10-07T00:14:37.0201575Z ok 41 - a class named Future completes as its declared type rather than a generic builtin
2026-10-07T00:14:37.0202254Z   ---
2026-10-07T00:14:37.0202604Z   duration_ms: 0.5009
2026-10-07T00:14:37.0202963Z   type: 'test'
2026-10-07T00:14:37.0203317Z   ...
2026-10-07T00:14:37.0204110Z # Subtest: signature argument tracking ignores nested calls, strings, arrays and generic arguments
2026-10-07T00:14:37.0205172Z ok 42 - signature argument tracking ignores nested calls, strings, arrays and generic arguments
2026-10-07T00:14:37.0205835Z   ---
2026-10-07T00:14:37.0206220Z   duration_ms: 1.3091
2026-10-07T00:14:37.0206588Z   type: 'test'
2026-10-07T00:14:37.0206918Z   ...
2026-10-07T00:14:37.0207689Z # Subtest: local hovers use the exact UTF-16 occurrence and file rather than a shared name
2026-10-07T00:14:37.0208646Z ok 43 - local hovers use the exact UTF-16 occurrence and file rather than a shared name
2026-10-07T00:14:37.0209286Z   ---
2026-10-07T00:14:37.0209679Z   duration_ms: 1.2383
2026-10-07T00:14:37.0210402Z   type: 'test'
2026-10-07T00:14:37.0210728Z   ...
2026-10-07T00:14:37.0211453Z # Subtest: member analysis masks just the edited member and preserves UTF-16 and CRLF positions
2026-10-07T00:14:37.0212372Z ok 44 - member analysis masks just the edited member and preserves UTF-16 and CRLF positions
2026-10-07T00:14:37.0212934Z   ---
2026-10-07T00:14:37.0213821Z   duration_ms: 0.2035
2026-10-07T00:14:37.0214205Z   type: 'test'
2026-10-07T00:14:37.0214539Z   ...
2026-10-07T00:14:37.0215462Z # Subtest: field candidates come from the receiver occurrence and never from saved or other-file types
2026-10-07T00:14:37.0216641Z ok 45 - field candidates come from the receiver occurrence and never from saved or other-file types
2026-10-07T00:14:37.0217361Z   ---
2026-10-07T00:14:37.0217704Z   duration_ms: 0.766
2026-10-07T00:14:37.0218135Z   type: 'test'
2026-10-07T00:14:37.0218489Z   ...
2026-10-07T00:14:37.0219509Z # Subtest: a trailing member binds inside try/await unless the receiver is parenthesized
2026-10-07T00:14:37.0220565Z ok 46 - a trailing member binds inside try/await unless the receiver is parenthesized
2026-10-07T00:14:37.0221215Z   ---
2026-10-07T00:14:37.0221516Z   duration_ms: 0.5497
2026-10-07T00:14:37.0221901Z   type: 'test'
2026-10-07T00:14:37.0222634Z   ...
2026-10-07T00:14:37.0223969Z # Subtest: builtin completion catalog matches compiler arities and required type arguments
2026-10-07T00:14:37.0225342Z ok 47 - builtin completion catalog matches compiler arities and required type arguments
2026-10-07T00:14:37.0226135Z   ---
2026-10-07T00:14:37.0226590Z   duration_ms: 3.4655
2026-10-07T00:14:37.0227065Z   type: 'test'
2026-10-07T00:14:37.0227539Z   ...
2026-10-07T00:14:37.0228300Z # Subtest: builtin help preserves conversion, SQLite, async and callback contracts
2026-10-07T00:14:37.0229426Z ok 48 - builtin help preserves conversion, SQLite, async and callback contracts
2026-10-07T00:14:37.0230437Z   ---
2026-10-07T00:14:37.0230879Z   duration_ms: 0.4454
2026-10-07T00:14:37.0231336Z   type: 'test'
2026-10-07T00:14:37.0231782Z   ...
2026-10-07T00:14:37.0232538Z # Subtest: function and nullable types complete inside all supported generic builtin contexts
2026-10-07T00:14:37.0234791Z ok 49 - function and nullable types complete inside all supported generic builtin contexts
2026-10-07T00:14:37.0235568Z   ---
2026-10-07T00:14:37.0235972Z   duration_ms: 0.5379
2026-10-07T00:14:37.0236422Z   type: 'test'
2026-10-07T00:14:37.0236783Z   ...
2026-10-07T00:14:37.0237454Z # Subtest: completion preserves existing generic arguments and call parentheses
2026-10-07T00:14:37.0238476Z ok 50 - completion preserves existing generic arguments and call parentheses
2026-10-07T00:14:37.0239126Z   ---
2026-10-07T00:14:37.0239472Z   duration_ms: 0.3459
2026-10-07T00:14:37.0239904Z   type: 'test'
2026-10-07T00:14:37.0240265Z   ...
2026-10-07T00:14:37.0240941Z # Subtest: unindented Low fn, record and enum bodies keep their closing braces visible
2026-10-07T00:14:37.0241903Z ok 51 - unindented Low fn, record and enum bodies keep their closing braces visible
2026-10-07T00:14:37.0242567Z   ---
2026-10-07T00:14:37.0242877Z   duration_ms: 2.3584
2026-10-07T00:14:37.0243265Z   type: 'test'
2026-10-07T00:14:37.0243684Z   ...
2026-10-07T00:14:37.0244203Z # Subtest: nested match, case, scope and branch bodies fold at each opening line
2026-10-07T00:14:37.0244974Z ok 52 - nested match, case, scope and branch bodies fold at each opening line
2026-10-07T00:14:37.0245619Z   ---
2026-10-07T00:14:37.0245974Z   duration_ms: 0.2864
2026-10-07T00:14:37.0246380Z   type: 'test'
2026-10-07T00:14:37.0246765Z   ...
2026-10-07T00:14:37.0247373Z # Subtest: multiline fn and async fn draft headers join their body in one fold
2026-10-07T00:14:37.0248233Z ok 53 - multiline fn and async fn draft headers join their body in one fold
2026-10-07T00:14:37.0248865Z   ---
2026-10-07T00:14:37.0249208Z   duration_ms: 0.43
2026-10-07T00:14:37.0249602Z   type: 'test'
2026-10-07T00:14:37.0251130Z   ...
2026-10-07T00:14:37.0251706Z # Subtest: strings and comments do not create or close folds
2026-10-07T00:14:37.0252438Z ok 54 - strings and comments do not create or close folds
2026-10-07T00:14:37.0252948Z   ---
2026-10-07T00:14:37.0253346Z   duration_ms: 0.1899
2026-10-07T00:14:37.0253731Z   type: 'test'
2026-10-07T00:14:37.0254062Z   ...
2026-10-07T00:14:37.0254685Z # Subtest: crossed, stray and unclosed delimiters cannot invent brace folds
2026-10-07T00:14:37.0255532Z ok 55 - crossed, stray and unclosed delimiters cannot invent brace folds
2026-10-07T00:14:37.0256106Z   ---
2026-10-07T00:14:37.0256456Z   duration_ms: 0.2735
2026-10-07T00:14:37.0256920Z   type: 'test'
2026-10-07T00:14:37.0257286Z   ...
2026-10-07T00:14:37.0257956Z # Subtest: matched call and list continuations guard bodies without separate folds
2026-10-07T00:14:37.0258957Z ok 56 - matched call and list continuations guard bodies without separate folds
2026-10-07T00:14:37.0259587Z   ---
2026-10-07T00:14:37.0259947Z   duration_ms: 0.1431
2026-10-07T00:14:37.0260376Z   type: 'test'
2026-10-07T00:14:37.0260733Z   ...
2026-10-07T00:14:37.0261454Z # Subtest: completed declarations and unrelated lines do not donate a header to another body
2026-10-07T00:14:37.0262589Z ok 57 - completed declarations and unrelated lines do not donate a header to another body
2026-10-07T00:14:37.0263222Z   ---
2026-10-07T00:14:37.0263570Z   duration_ms: 1.372
2026-10-07T00:14:37.0264001Z   type: 'test'
2026-10-07T00:14:37.0264385Z   ...
2026-10-07T00:14:37.0265030Z # Subtest: single-line and empty bodies are omitted and each start line has one fold
2026-10-07T00:14:37.0265962Z ok 58 - single-line and empty bodies are omitted and each start line has one fold
2026-10-07T00:14:37.0266615Z   ---
2026-10-07T00:14:37.0266968Z   duration_ms: 0.1789
2026-10-07T00:14:37.0267370Z   type: 'test'
2026-10-07T00:14:37.0267755Z   ...
2026-10-07T00:14:37.0268490Z # Subtest: inline closing braces fold the final statement while delimiter-only closers stay visible
2026-10-07T00:14:37.0269609Z ok 59 - inline closing braces fold the final statement while delimiter-only closers stay visible
2026-10-07T00:14:37.0270374Z   ---
2026-10-07T00:14:37.0271078Z   duration_ms: 0.3627
2026-10-07T00:14:37.0271730Z   type: 'test'
2026-10-07T00:14:37.0272135Z   ...
2026-10-07T00:14:37.0272744Z # Subtest: High Function snippet defaults compile in their declared context
2026-10-07T00:14:37.0273601Z ok 60 - High Function snippet defaults compile in their declared context
2026-10-07T00:14:37.0274227Z   ---
2026-10-07T00:14:37.0274576Z   duration_ms: 20.3002
2026-10-07T00:14:37.0274967Z   type: 'test'
2026-10-07T00:14:37.0275303Z   ...
2026-10-07T00:14:37.0275897Z # Subtest: High Class snippet defaults compile in their declared context
2026-10-07T00:14:37.0276712Z ok 61 - High Class snippet defaults compile in their declared context
2026-10-07T00:14:37.0277271Z   ---
2026-10-07T00:14:37.0277673Z   duration_ms: 19.1416
2026-10-07T00:14:37.0278070Z   type: 'test'
2026-10-07T00:14:37.0278433Z   ...
2026-10-07T00:14:37.0279037Z # Subtest: High Enum snippet defaults compile in their declared context
2026-10-07T00:14:37.0279827Z ok 62 - High Enum snippet defaults compile in their declared context
2026-10-07T00:14:37.0280380Z   ---
2026-10-07T00:14:37.0280750Z   duration_ms: 13.3658
2026-10-07T00:14:37.0281134Z   type: 'test'
2026-10-07T00:14:37.0281471Z   ...
2026-10-07T00:14:37.0282061Z # Subtest: High Main snippet defaults compile in their declared context
2026-10-07T00:14:37.0282999Z ok 63 - High Main snippet defaults compile in their declared context
2026-10-07T00:14:37.0283546Z   ---
2026-10-07T00:14:37.0283897Z   duration_ms: 12.5639
2026-10-07T00:14:37.0284347Z   type: 'test'
2026-10-07T00:14:37.0284742Z   ...
2026-10-07T00:14:37.0285392Z # Subtest: High Async main snippet defaults compile in their declared context
2026-10-07T00:14:37.0286391Z ok 64 - High Async main snippet defaults compile in their declared context
2026-10-07T00:14:37.0287296Z   ---
2026-10-07T00:14:37.0287686Z   duration_ms: 14.7058
2026-10-07T00:14:37.0288144Z   type: 'test'
2026-10-07T00:14:37.0288525Z   ...
2026-10-07T00:14:37.0289189Z # Subtest: High HTTP server snippet defaults compile in their declared context
2026-10-07T00:14:37.0290139Z ok 65 - High HTTP server snippet defaults compile in their declared context
2026-10-07T00:14:37.0291117Z   ---
2026-10-07T00:14:37.0291536Z   duration_ms: 233.6319
2026-10-07T00:14:37.0291974Z   type: 'test'
2026-10-07T00:14:37.0292428Z   ...
2026-10-07T00:14:37.0293097Z # Subtest: High GET handler snippet defaults compile in their declared context
2026-10-07T00:14:37.0294064Z ok 66 - High GET handler snippet defaults compile in their declared context
2026-10-07T00:14:37.0294756Z   ---
2026-10-07T00:14:37.0295139Z   duration_ms: 23.4017
2026-10-07T00:14:37.0295599Z   type: 'test'
2026-10-07T00:14:37.0296011Z   ...
2026-10-07T00:14:37.0296664Z # Subtest: High POST handler snippet defaults compile in their declared context
2026-10-07T00:14:37.0297620Z ok 67 - High POST handler snippet defaults compile in their declared context
2026-10-07T00:14:37.0298248Z   ---
2026-10-07T00:14:37.0298666Z   duration_ms: 21.2574
2026-10-07T00:14:37.0299078Z   type: 'test'
2026-10-07T00:14:37.0299451Z   ...
2026-10-07T00:14:37.0300119Z # Subtest: High Loop snippet defaults compile in their declared context
2026-10-07T00:14:37.0300975Z ok 68 - High Loop snippet defaults compile in their declared context
2026-10-07T00:14:37.0301581Z   ---
2026-10-07T00:14:37.0301996Z   duration_ms: 14.7285
2026-10-07T00:14:37.0302400Z   type: 'test'
2026-10-07T00:14:37.0302763Z   ...
2026-10-07T00:14:37.0303467Z # Subtest: High Borrowed array snippet defaults compile in their declared context
2026-10-07T00:14:37.0304425Z ok 69 - High Borrowed array snippet defaults compile in their declared context
2026-10-07T00:14:37.0305057Z   ---
2026-10-07T00:14:37.0305418Z   duration_ms: 18.0851
2026-10-07T00:14:37.0305850Z   type: 'test'
2026-10-07T00:14:37.0306229Z   ...
2026-10-07T00:14:37.0306836Z # Subtest: High Result match snippet defaults compile in their declared context
2026-10-07T00:14:37.0307786Z ok 70 - High Result match snippet defaults compile in their declared context
2026-10-07T00:14:37.0308668Z   ---
2026-10-07T00:14:37.0309033Z   duration_ms: 13.4121
2026-10-07T00:14:37.0309482Z   type: 'test'
2026-10-07T00:14:37.0309869Z   ...
2026-10-07T00:14:37.0310552Z # Subtest: High Nullable match snippet defaults compile in their declared context
2026-10-07T00:14:37.0311848Z ok 71 - High Nullable match snippet defaults compile in their declared context
2026-10-07T00:14:37.0312450Z   ---
2026-10-07T00:14:37.0312808Z   duration_ms: 13.0572
2026-10-07T00:14:37.0313206Z   type: 'test'
2026-10-07T00:14:37.0313620Z   ...
2026-10-07T00:14:37.0314291Z # Subtest: real High quoted imports complete class enum and function names without calls
2026-10-07T00:14:37.0315312Z ok 72 - real High quoted imports complete class enum and function names without calls
2026-10-07T00:14:37.0316028Z   ---
2026-10-07T00:14:37.0316383Z   duration_ms: 228.9781
2026-10-07T00:14:37.0316784Z   type: 'test'
2026-10-07T00:14:37.0317190Z   ...
2026-10-07T00:14:37.0318057Z # Subtest: real High quoted imports complete class enum and function names without calls through a directory alias
2026-10-07T00:14:37.0319402Z ok 73 - real High quoted imports complete class enum and function names without calls through a directory alias
2026-10-07T00:14:37.0320278Z   ---
2026-10-07T00:14:37.0320632Z   duration_ms: 213.8203
2026-10-07T00:14:37.0321035Z   type: 'test'
2026-10-07T00:14:37.0321437Z   ...
2026-10-07T00:14:37.0322147Z # Subtest: real Low quoted imports complete class enum and function names without calls
2026-10-07T00:14:37.0323199Z ok 74 - real Low quoted imports complete class enum and function names without calls
2026-10-07T00:14:37.0323978Z   ---
2026-10-07T00:14:37.0324314Z   duration_ms: 224.7703
2026-10-07T00:14:37.0324716Z   type: 'test'
2026-10-07T00:14:37.0325370Z   ...
2026-10-07T00:14:37.0326323Z # Subtest: real Low quoted imports complete class enum and function names without calls through a directory alias
2026-10-07T00:14:37.0327651Z ok 75 - real Low quoted imports complete class enum and function names without calls through a directory alias
2026-10-07T00:14:37.0328458Z   ---
2026-10-07T00:14:37.0328872Z   duration_ms: 197.1429
2026-10-07T00:14:37.0329293Z   type: 'test'
2026-10-07T00:14:37.0329674Z   ...
2026-10-07T00:14:37.0330508Z # Subtest: canonical source aliases share one identity per request and refresh after a symlink changes
2026-10-07T00:14:37.0332162Z ok 76 - canonical source aliases share one identity per request and refresh after a symlink changes
2026-10-07T00:14:37.0332891Z   ---
2026-10-07T00:14:37.0333313Z   duration_ms: 10.2558
2026-10-07T00:14:37.0333713Z   type: 'test'
2026-10-07T00:14:37.0334042Z   ...
2026-10-07T00:14:37.0334714Z # Subtest: standard source identities remain logical IDs without filesystem lookups
2026-10-07T00:14:37.0335689Z ok 77 - standard source identities remain logical IDs without filesystem lookups
2026-10-07T00:14:37.0336296Z   ---
2026-10-07T00:14:37.0336639Z   duration_ms: 2.0169
2026-10-07T00:14:37.0337083Z   type: 'test'
2026-10-07T00:14:37.0337442Z   ...
2026-10-07T00:14:37.0338103Z # Subtest: High block headers indent one level, including main, async, match and case
2026-10-07T00:14:37.0339148Z ok 78 - High block headers indent one level, including main, async, match and case
2026-10-07T00:14:37.0339796Z   ---
2026-10-07T00:14:37.0340141Z   duration_ms: 2.8053
2026-10-07T00:14:37.0340553Z   type: 'test'
2026-10-07T00:14:37.0340906Z   ...
2026-10-07T00:14:37.0341530Z # Subtest: else uses the matching if indentation after nested bodies and comments
2026-10-07T00:14:37.0342527Z ok 79 - else uses the matching if indentation after nested bodies and comments
2026-10-07T00:14:37.0343144Z   ---
2026-10-07T00:14:37.0343509Z   duration_ms: 0.4357
2026-10-07T00:14:37.0343929Z   type: 'test'
2026-10-07T00:14:37.0344300Z   ...
2026-10-07T00:14:37.0344873Z # Subtest: first and following cases align under their nearest match
2026-10-07T00:14:37.0345686Z ok 80 - first and following cases align under their nearest match
2026-10-07T00:14:37.0346533Z   ---
2026-10-07T00:14:37.0346894Z   duration_ms: 1.355
2026-10-07T00:14:37.0347277Z   type: 'test'
2026-10-07T00:14:37.0347692Z   ...
2026-10-07T00:14:37.0348377Z # Subtest: immediate Enter after else/case aligns the branch and its new body together
2026-10-07T00:14:37.0349377Z ok 81 - immediate Enter after else/case aligns the branch and its new body together
2026-10-07T00:14:37.0350079Z   ---
2026-10-07T00:14:37.0350434Z   duration_ms: 0.2117
2026-10-07T00:14:37.0350828Z   type: 'test'
2026-10-07T00:14:37.0351215Z   ...
2026-10-07T00:14:37.0352222Z # Subtest: explicitly dedented outer branches keep their matching outer block
2026-10-07T00:14:37.0353127Z ok 82 - explicitly dedented outer branches keep their matching outer block
2026-10-07T00:14:37.0353741Z   ---
2026-10-07T00:14:37.0354142Z   duration_ms: 0.3628
2026-10-07T00:14:37.0354536Z   type: 'test'
2026-10-07T00:14:37.0354904Z   ...
2026-10-07T00:14:37.0355603Z # Subtest: multiline case headers move together when colon is typed or Enter cancels it
2026-10-07T00:14:37.0356559Z ok 83 - multiline case headers move together when colon is typed or Enter cancels it
2026-10-07T00:14:37.0357205Z   ---
2026-10-07T00:14:37.0357614Z   duration_ms: 0.1729
2026-10-07T00:14:37.0357999Z   type: 'test'
2026-10-07T00:14:37.0358364Z   ...
2026-10-07T00:14:37.0359048Z # Subtest: multiline calls, lists and nested delimiters indent and align closing lines
2026-10-07T00:14:37.0360011Z ok 84 - multiline calls, lists and nested delimiters indent and align closing lines
2026-10-07T00:14:37.0360654Z   ---
2026-10-07T00:14:37.0360998Z   duration_ms: 0.262
2026-10-07T00:14:37.0361427Z   type: 'test'
2026-10-07T00:14:37.0361774Z   ...
2026-10-07T00:14:37.0362381Z # Subtest: strings, escapes and comments never create fake blocks or brackets
2026-10-07T00:14:37.0363511Z ok 85 - strings, escapes and comments never create fake blocks or brackets
2026-10-07T00:14:37.0364125Z   ---
2026-10-07T00:14:37.0364499Z   duration_ms: 0.244
2026-10-07T00:14:37.0364940Z   type: 'test'
2026-10-07T00:14:37.0365314Z   ...
2026-10-07T00:14:37.0365994Z # Subtest: an unfinished string on an earlier line does not disable later indentation
2026-10-07T00:14:37.0367009Z ok 86 - an unfinished string on an earlier line does not disable later indentation
2026-10-07T00:14:37.0367657Z   ---
2026-10-07T00:14:37.0368028Z   duration_ms: 0.5141
2026-10-07T00:14:37.0368464Z   type: 'test'
2026-10-07T00:14:37.0368831Z   ...
2026-10-07T00:14:37.0369470Z # Subtest: indentation respects two spaces, tabs, CRLF and Low brace blocks
2026-10-07T00:14:37.0370347Z ok 87 - indentation respects two spaces, tabs, CRLF and Low brace blocks
2026-10-07T00:14:37.0370997Z   ---
2026-10-07T00:14:37.0371389Z   duration_ms: 0.5219
2026-10-07T00:14:37.0372278Z   type: 'test'
2026-10-07T00:14:37.0372687Z   ...
2026-10-07T00:14:37.0373334Z # Subtest: Low native indentation rules ignore braces in comments and escaped strings
2026-10-07T00:14:37.0374284Z ok 88 - Low native indentation rules ignore braces in comments and escaped strings
2026-10-07T00:14:37.0374973Z   ---
2026-10-07T00:14:37.0375322Z   duration_ms: 0.7967
2026-10-07T00:14:37.0375691Z   type: 'test'
2026-10-07T00:14:37.0376075Z   ...
2026-10-07T00:14:37.9672692Z # Subtest: real checker completes arguments, inferred locals, chains, calls, index receivers and match payloads
2026-10-07T00:14:37.9682900Z ok 89 - real checker completes arguments, inferred locals, chains, calls, index receivers and match payloads
2026-10-07T00:14:37.9684014Z   ---
2026-10-07T00:14:37.9684511Z   duration_ms: 2306.5976
2026-10-07T00:14:37.9685050Z   type: 'test'
2026-10-07T00:14:37.9685536Z   ...
2026-10-07T00:14:40.0853869Z # Subtest: real checker suppresses fields for unknown, moved, out-of-scope and wrapped values
2026-10-07T00:14:40.0863375Z ok 90 - real checker suppresses fields for unknown, moved, out-of-scope and wrapped values
2026-10-07T00:14:40.0912141Z   ---
2026-10-07T00:14:40.0948878Z   duration_ms: 2116.3713
2026-10-07T00:14:40.0973669Z   type: 'test'
2026-10-07T00:14:40.0980972Z   ...
2026-10-07T00:14:40.5856798Z # Subtest: real unsaved High/Low imports supply local hovers and fields with UTF-16 positions
2026-10-07T00:14:40.5858090Z ok 91 - real unsaved High/Low imports supply local hovers and fields with UTF-16 positions
2026-10-07T00:14:40.5858894Z   ---
2026-10-07T00:14:40.5859323Z   duration_ms: 503.7119
2026-10-07T00:14:40.5859793Z   type: 'test'
2026-10-07T00:14:40.5860220Z   ...
2026-10-07T00:14:41.6237863Z # Subtest: real Low completion isolates same-line scopes, restores outer loop variables and handles CRLF
2026-10-07T00:14:41.6240100Z ok 92 - real Low completion isolates same-line scopes, restores outer loop variables and handles CRLF
2026-10-07T00:14:41.6241000Z   ---
2026-10-07T00:14:41.6241436Z   duration_ms: 1041.4448
2026-10-07T00:14:41.6242038Z   type: 'test'
2026-10-07T00:14:41.6242457Z   ...
2026-10-07T00:14:41.6360595Z # Subtest: checked local values replace same-name class and builtin call insertions
2026-10-07T00:14:41.6361882Z ok 93 - checked local values replace same-name class and builtin call insertions
2026-10-07T00:14:41.6362619Z   ---
2026-10-07T00:14:41.6363047Z   duration_ms: 4.1374
2026-10-07T00:14:41.6363568Z   type: 'test'
2026-10-07T00:14:41.6363984Z   ...
2026-10-07T00:14:41.6364979Z # Subtest: lexical references without local types never insert an unrelated global call
2026-10-07T00:14:41.6366187Z ok 94 - lexical references without local types never insert an unrelated global call
2026-10-07T00:14:41.6366915Z   ---
2026-10-07T00:14:41.6367316Z   duration_ms: 0.76
2026-10-07T00:14:41.6367743Z   type: 'test'
2026-10-07T00:14:41.6368126Z   ...
2026-10-07T00:14:41.6368810Z # Subtest: partial and saved occurrences keep global names without guessing local scopes
2026-10-07T00:14:41.6370224Z ok 95 - partial and saved occurrences keep global names without guessing local scopes
2026-10-07T00:14:41.6370880Z   ---
2026-10-07T00:14:41.6371236Z   duration_ms: 2.4238
2026-10-07T00:14:41.6371644Z   type: 'test'
2026-10-07T00:14:41.6372044Z   ...
2026-10-07T00:14:41.6372725Z # Subtest: a resolved global constructor remains available outside the shadowing function
2026-10-07T00:14:41.6373724Z ok 96 - a resolved global constructor remains available outside the shadowing function
2026-10-07T00:14:41.6374424Z   ---
2026-10-07T00:14:41.6374782Z   duration_ms: 0.9015
2026-10-07T00:14:41.6375176Z   type: 'test'
2026-10-07T00:14:41.6375570Z   ...
2026-10-07T00:14:41.6376263Z # Subtest: binding hints distinguish declaration tokens, masked text, and real value binders
2026-10-07T00:14:41.6377361Z ok 97 - binding hints distinguish declaration tokens, masked text, and real value binders
2026-10-07T00:14:41.6378630Z   ---
2026-10-07T00:14:41.6379236Z   duration_ms: 1.3181
2026-10-07T00:14:41.6379779Z   type: 'test'
2026-10-07T00:14:41.6380271Z   ...
2026-10-07T00:14:41.6381256Z # Subtest: real High local and parameter completions stay bare while types and constructors remain usable
2026-10-07T00:14:41.6382693Z ok 98 - real High local and parameter completions stay bare while types and constructors remain usable
2026-10-07T00:14:41.6383601Z   ---
2026-10-07T00:14:41.6384137Z   duration_ms: 597.6666
2026-10-07T00:14:41.6384662Z   type: 'test'
2026-10-07T00:14:41.6385423Z   ...
2026-10-07T00:14:41.6386379Z # Subtest: real Low local and parameter completions stay bare while types and constructors remain usable
2026-10-07T00:14:41.6387665Z ok 99 - real Low local and parameter completions stay bare while types and constructors remain usable
2026-10-07T00:14:41.6388510Z   ---
2026-10-07T00:14:41.6389032Z   duration_ms: 693.4064
2026-10-07T00:14:41.6389556Z   type: 'test'
2026-10-07T00:14:41.6390034Z   ...
2026-10-07T00:14:41.6390795Z # Subtest: Low Main snippet defaults compile in their declared context
2026-10-07T00:14:41.6419598Z ok 100 - Low Main snippet defaults compile in their declared context
2026-10-07T00:14:41.6420783Z   ---
2026-10-07T00:14:41.6421368Z   duration_ms: 19.7583
2026-10-07T00:14:41.6422306Z   type: 'test'
2026-10-07T00:14:41.6422809Z   ...
2026-10-07T00:14:41.6423628Z # Subtest: Low File import snippet defaults compile in their declared context
2026-10-07T00:14:41.6424646Z ok 101 - Low File import snippet defaults compile in their declared context
2026-10-07T00:14:41.6425856Z   ---
2026-10-07T00:14:41.6426408Z   duration_ms: 16.5987
2026-10-07T00:14:41.6428231Z   type: 'test'
2026-10-07T00:14:41.6428600Z   ...
2026-10-07T00:14:41.6429231Z # Subtest: Low From import snippet defaults compile in their declared context
2026-10-07T00:14:41.6430172Z ok 102 - Low From import snippet defaults compile in their declared context
2026-10-07T00:14:41.6437519Z   ---
2026-10-07T00:14:41.6438040Z   duration_ms: 14.6795
2026-10-07T00:14:41.6438524Z   type: 'test'
2026-10-07T00:14:41.6438877Z   ...
2026-10-07T00:14:41.6441376Z # Subtest: Low Standard import snippet defaults compile in their declared context
2026-10-07T00:14:41.6442486Z ok 103 - Low Standard import snippet defaults compile in their declared context
2026-10-07T00:14:41.6443190Z   ---
2026-10-07T00:14:41.6443600Z   duration_ms: 174.5177
2026-10-07T00:14:41.6444016Z   type: 'test'
2026-10-07T00:14:41.6444471Z   ...
2026-10-07T00:14:41.6467763Z # Subtest: Low Function snippet defaults compile in their declared context
2026-10-07T00:14:41.6470517Z ok 104 - Low Function snippet defaults compile in their declared context
2026-10-07T00:14:41.6471715Z   ---
2026-10-07T00:14:41.6473383Z   duration_ms: 14.2098
2026-10-07T00:14:41.6474001Z   type: 'test'
2026-10-07T00:14:41.6474609Z   ...
2026-10-07T00:14:41.6475417Z # Subtest: Low Record snippet defaults compile in their declared context
2026-10-07T00:14:41.6476431Z ok 105 - Low Record snippet defaults compile in their declared context
2026-10-07T00:14:41.6477455Z   ---
2026-10-07T00:14:41.6477807Z   duration_ms: 19.7687
2026-10-07T00:14:41.6478180Z   type: 'test'
2026-10-07T00:14:41.6478562Z   ...
2026-10-07T00:14:41.6479117Z # Subtest: Low Enum snippet defaults compile in their declared context
2026-10-07T00:14:41.6479894Z ok 106 - Low Enum snippet defaults compile in their declared context
2026-10-07T00:14:41.6480493Z   ---
2026-10-07T00:14:41.6480849Z   duration_ms: 16.9065
2026-10-07T00:14:41.6481248Z   type: 'test'
2026-10-07T00:14:41.6481683Z   ...
2026-10-07T00:14:41.6482275Z # Subtest: Low Replace snippet defaults compile in their declared context
2026-10-07T00:14:41.6483124Z ok 107 - Low Replace snippet defaults compile in their declared context
2026-10-07T00:14:41.6515083Z   ---
2026-10-07T00:14:41.6515505Z   duration_ms: 22.2258
2026-10-07T00:14:41.6515966Z   type: 'test'
2026-10-07T00:14:41.6516384Z   ...
2026-10-07T00:14:41.6517158Z # Subtest: Low Result match snippet defaults compile in their declared context
2026-10-07T00:14:41.6518168Z ok 108 - Low Result match snippet defaults compile in their declared context
2026-10-07T00:14:41.6518838Z   ---
2026-10-07T00:14:41.6519277Z   duration_ms: 16.5786
2026-10-07T00:14:41.6519741Z   type: 'test'
2026-10-07T00:14:41.6520099Z   ...
2026-10-07T00:14:41.6520798Z # Subtest: Low Nullable match snippet defaults compile in their declared context
2026-10-07T00:14:41.6521751Z ok 109 - Low Nullable match snippet defaults compile in their declared context
2026-10-07T00:14:41.6522396Z   ---
2026-10-07T00:14:41.6522804Z   duration_ms: 14.5717
2026-10-07T00:14:41.6523209Z   type: 'test'
2026-10-07T00:14:41.6523577Z   ...
2026-10-07T00:14:41.6524812Z # Subtest: module member completion exposes functions/classes and type positions insert only classes
2026-10-07T00:14:41.6525962Z ok 110 - module member completion exposes functions/classes and type positions insert only classes
2026-10-07T00:14:41.6526679Z   ---
2026-10-07T00:14:41.6527041Z   duration_ms: 6.6452
2026-10-07T00:14:41.6527474Z   type: 'test'
2026-10-07T00:14:41.6527850Z   ...
2026-10-07T00:14:41.6528508Z # Subtest: qualified and renamed declarations retain structured hover/signature help
2026-10-07T00:14:41.6529928Z ok 111 - qualified and renamed declarations retain structured hover/signature help
2026-10-07T00:14:41.6530595Z   ---
2026-10-07T00:14:41.6530956Z   duration_ms: 3.425
2026-10-07T00:14:41.6531396Z   type: 'test'
2026-10-07T00:14:41.6531747Z   ...
2026-10-07T00:14:41.6532453Z # Subtest: lexical alias shadowing switches completion to fields and prevents module help
2026-10-07T00:14:41.6533522Z ok 112 - lexical alias shadowing switches completion to fields and prevents module help
2026-10-07T00:14:41.6534221Z   ---
2026-10-07T00:14:41.6534588Z   duration_ms: 1.8363
2026-10-07T00:14:41.6534982Z   type: 'test'
2026-10-07T00:14:41.6535384Z   ...
2026-10-07T00:14:41.6535940Z # Subtest: spaced field chains do not borrow a module namespace
2026-10-07T00:14:41.6536617Z ok 113 - spaced field chains do not borrow a module namespace
2026-10-07T00:14:41.6537176Z   ---
2026-10-07T00:14:41.6537511Z   duration_ms: 0.831
2026-10-07T00:14:41.6537854Z   type: 'test'
2026-10-07T00:14:41.6538241Z   ...
2026-10-07T00:14:41.6538812Z # Subtest: imported class and module binding tokens keep their resolved hover
2026-10-07T00:14:41.6539631Z ok 114 - imported class and module binding tokens keep their resolved hover
2026-10-07T00:14:41.6540240Z   ---
2026-10-07T00:14:41.6540596Z   duration_ms: 1.4181
2026-10-07T00:14:41.6540998Z   type: 'test'
2026-10-07T00:14:41.6541358Z   ...
2026-10-07T00:14:41.6542268Z # Subtest: quoted from imports insert names only and preserve aliases and comma-separated lists
2026-10-07T00:14:41.6543383Z ok 115 - quoted from imports insert names only and preserve aliases and comma-separated lists
2026-10-07T00:14:41.6544109Z   ---
2026-10-07T00:14:41.6544955Z   duration_ms: 2.0228
2026-10-07T00:14:41.6545346Z   type: 'test'
2026-10-07T00:14:41.6546038Z   ...
2026-10-07T00:14:41.6546824Z # Subtest: unresolved and changed fallback import targets never offer expression completions
2026-10-07T00:14:41.6547865Z ok 116 - unresolved and changed fallback import targets never offer expression completions
2026-10-07T00:14:41.6548573Z   ---
2026-10-07T00:14:41.6548972Z   duration_ms: 0.6288
2026-10-07T00:14:41.6549373Z   type: 'test'
2026-10-07T00:14:41.6549732Z   ...
2026-10-07T00:14:41.6550533Z # Subtest: Low quoted imports after a same-line declaration or semicolon retain name-only insertion
2026-10-07T00:14:41.6551620Z ok 117 - Low quoted imports after a same-line declaration or semicolon retain name-only insertion
2026-10-07T00:14:41.6552276Z   ---
2026-10-07T00:14:41.6552609Z   duration_ms: 0.4985
2026-10-07T00:14:41.6553020Z   type: 'test'
2026-10-07T00:14:41.6553348Z   ...
2026-10-07T00:14:41.6553944Z # Subtest: real compiler navigation uses edited source and target positions across imports
2026-10-07T00:14:41.6554976Z ok 118 - real compiler navigation uses edited source and target positions across imports
2026-10-07T00:14:41.6555661Z   ---
2026-10-07T00:14:41.6555977Z   duration_ms: 288.8817
2026-10-07T00:14:41.6556440Z   type: 'test'
2026-10-07T00:14:41.6556786Z   ...
2026-10-07T00:14:41.6557542Z # Subtest: real Low navigation keeps reassignments at their original binding and restores loop shadowing
2026-10-07T00:14:41.6558657Z ok 119 - real Low navigation keeps reassignments at their original binding and restores loop shadowing
2026-10-07T00:14:41.6559347Z   ---
2026-10-07T00:14:41.6559657Z   duration_ms: 301.7949
2026-10-07T00:14:41.6560078Z   type: 'test'
2026-10-07T00:14:41.6560403Z   ...
2026-10-07T00:14:41.6561037Z # Subtest: unsaved canonical import diagnostics use the open alias and UTF-16 source range
2026-10-07T00:14:41.6562002Z ok 120 - unsaved canonical import diagnostics use the open alias and UTF-16 source range
2026-10-07T00:14:41.6562626Z   ---
2026-10-07T00:14:41.6562970Z   duration_ms: 26.7972
2026-10-07T00:14:41.6563337Z   type: 'test'
2026-10-07T00:14:41.6563692Z   ...
2026-10-07T00:14:41.6564337Z # Subtest: closing a checked import overlay refreshes its owners and keeps unrelated errors
2026-10-07T00:14:41.6565834Z ok 121 - closing a checked import overlay refreshes its owners and keeps unrelated errors
2026-10-07T00:14:41.6566480Z   ---
2026-10-07T00:14:41.6566845Z   duration_ms: 12.5076
2026-10-07T00:14:41.6567221Z   type: 'test'
2026-10-07T00:14:41.6567596Z   ...
2026-10-07T00:14:41.6568277Z # Subtest: closing an in-flight import overlay rejects its stale result
2026-10-07T00:14:41.6569014Z ok 122 - closing an in-flight import overlay rejects its stale result
2026-10-07T00:14:41.6569600Z   ---
2026-10-07T00:14:41.6569920Z   duration_ms: 5.2874
2026-10-07T00:14:41.6570321Z   type: 'test'
2026-10-07T00:14:41.6570680Z   ...
2026-10-07T00:14:41.6571303Z # Subtest: lower build and run tasks use the registered source diagnostic matcher
2026-10-07T00:14:41.6572244Z ok 123 - lower build and run tasks use the registered source diagnostic matcher
2026-10-07T00:14:41.6572851Z   ---
2026-10-07T00:14:41.6573241Z   duration_ms: 7.6871
2026-10-07T00:14:41.6573615Z   type: 'test'
2026-10-07T00:14:41.6573942Z   ...
2026-10-07T00:14:41.6574668Z # Subtest: standalone tasks save imported changes and leave unrelated dirty buffers untouched
2026-10-07T00:14:41.6575658Z ok 124 - standalone tasks save imported changes and leave unrelated dirty buffers untouched
2026-10-07T00:14:41.6576363Z   ---
2026-10-07T00:14:41.6576753Z   duration_ms: 17.3636
2026-10-07T00:14:41.6577130Z   type: 'test'
2026-10-07T00:14:41.6577479Z   ...
2026-10-07T00:14:41.6578185Z # Subtest: project tasks save imported changes and leave unrelated dirty buffers untouched
2026-10-07T00:14:41.6579204Z ok 125 - project tasks save imported changes and leave unrelated dirty buffers untouched
2026-10-07T00:14:41.6579854Z   ---
2026-10-07T00:14:41.6580237Z   duration_ms: 14.6822
2026-10-07T00:14:41.6580613Z   type: 'test'
2026-10-07T00:14:41.6581202Z   ...
2026-10-07T00:14:41.6581783Z # Subtest: task execution stops when an imported buffer cannot be saved
2026-10-07T00:14:41.6582644Z ok 126 - task execution stops when an imported buffer cannot be saved
2026-10-07T00:14:41.6583225Z   ---
2026-10-07T00:14:41.6583575Z   duration_ms: 6.0646
2026-10-07T00:14:41.6583987Z   type: 'test'
2026-10-07T00:14:41.6584284Z   ...
2026-10-07T00:14:41.6585568Z # Subtest: task execution stops when dirty imports cannot be resolved
2026-10-07T00:14:41.6586398Z ok 127 - task execution stops when dirty imports cannot be resolved
2026-10-07T00:14:41.6586859Z   ---
2026-10-07T00:14:41.6587161Z   duration_ms: 5.4013
2026-10-07T00:14:41.6587532Z   type: 'test'
2026-10-07T00:14:41.6587809Z   ...
2026-10-07T00:14:41.6588378Z # Subtest: saving an imported file refreshes its changed imports before launching the task
2026-10-07T00:14:41.6589152Z ok 128 - saving an imported file refreshes its changed imports before launching the task
2026-10-07T00:14:41.6589697Z   ---
2026-10-07T00:14:41.6589998Z   duration_ms: 13.4277
2026-10-07T00:14:41.6590325Z   type: 'test'
2026-10-07T00:14:41.6590650Z   ...
2026-10-07T00:14:41.6591142Z # Subtest: conflicting imported aliases are not saved over one another
2026-10-07T00:14:41.6591812Z ok 129 - conflicting imported aliases are not saved over one another
2026-10-07T00:14:41.6592292Z   ---
2026-10-07T00:14:41.6592600Z   duration_ms: 9.6878
2026-10-07T00:14:41.6592918Z   type: 'test'
2026-10-07T00:14:41.6593240Z   ...
2026-10-07T00:14:41.6593795Z # Subtest: standalone source without imports launches normally despite unrelated dirty buffers
2026-10-07T00:14:41.6594578Z ok 130 - standalone source without imports launches normally despite unrelated dirty buffers
2026-10-07T00:14:41.6595057Z   ---
2026-10-07T00:14:41.6595425Z   duration_ms: 4.4424
2026-10-07T00:14:41.6596411Z   type: 'test'
2026-10-07T00:14:41.6596769Z   ...
2026-10-07T00:14:41.6597288Z # Subtest: task execution stops if the entry buffer changes while an import is saved
2026-10-07T00:14:41.6597964Z ok 131 - task execution stops if the entry buffer changes while an import is saved
2026-10-07T00:14:41.6598405Z   ---
2026-10-07T00:14:41.6598708Z   duration_ms: 4.6736
2026-10-07T00:14:41.6599291Z   type: 'test'
2026-10-07T00:14:41.6599580Z   ...
2026-10-07T00:14:41.6600940Z # Subtest: task execution stops if the entry changes while its own project helper is saved
2026-10-07T00:14:41.6602072Z ok 132 - task execution stops if the entry changes while its own project helper is saved
2026-10-07T00:14:41.6602778Z   ---
2026-10-07T00:14:41.6603203Z   duration_ms: 6.4083
2026-10-07T00:14:41.6603617Z   type: 'test'
2026-10-07T00:14:41.6604019Z   ...
2026-10-07T00:14:41.6604675Z # Subtest: task execution stops if its source closes during project saving
2026-10-07T00:14:41.6605871Z ok 133 - task execution stops if its source closes during project saving
2026-10-07T00:14:41.6606461Z   ---
2026-10-07T00:14:41.6606807Z   duration_ms: 6.7208
2026-10-07T00:14:41.6607262Z   type: 'test'
2026-10-07T00:14:41.6607609Z   ...
2026-10-07T00:14:41.6608202Z # Subtest: task execution stops if a later project save changes the dirty manifest
2026-10-07T00:14:41.6609158Z ok 134 - task execution stops if a later project save changes the dirty manifest
2026-10-07T00:14:41.6609997Z   ---
2026-10-07T00:14:41.6610330Z   duration_ms: 4.3977
2026-10-07T00:14:41.6610741Z   type: 'test'
2026-10-07T00:14:41.6611137Z   ...
2026-10-07T00:14:41.6611828Z # Subtest: task execution stops if a later project save changes the already-saved manifest
2026-10-07T00:14:41.6612799Z ok 135 - task execution stops if a later project save changes the already-saved manifest
2026-10-07T00:14:41.6613342Z   ---
2026-10-07T00:14:41.6613592Z   duration_ms: 5.0294
2026-10-07T00:14:41.6613865Z   type: 'test'
2026-10-07T00:14:41.6614157Z   ...
2026-10-07T00:14:41.6614634Z # Subtest: task execution stops if an already-saved Rust input changes during a later project save
2026-10-07T00:14:41.6615576Z ok 136 - task execution stops if an already-saved Rust input changes during a later project save
2026-10-07T00:14:41.6616064Z   ---
2026-10-07T00:14:41.6616319Z   duration_ms: 6.1363
2026-10-07T00:14:41.6616585Z   type: 'test'
2026-10-07T00:14:41.6616876Z   ...
2026-10-07T00:14:41.6617293Z # Subtest: task execution stops if workspace trust changes during project saving
2026-10-07T00:14:41.6617875Z ok 137 - task execution stops if workspace trust changes during project saving
2026-10-07T00:14:41.6618314Z   ---
2026-10-07T00:14:41.6618551Z   duration_ms: 5.4852
2026-10-07T00:14:41.6618821Z   type: 'test'
2026-10-07T00:14:41.6619065Z   ...
2026-10-07T00:14:41.6619519Z # Subtest: task execution stops if the nearest project changes while an import is saved
2026-10-07T00:14:41.6620130Z ok 138 - task execution stops if the nearest project changes while an import is saved
2026-10-07T00:14:41.6620545Z   ---
2026-10-07T00:14:41.6620817Z   duration_ms: 6.6087
2026-10-07T00:14:41.6621077Z   type: 'test'
2026-10-07T00:14:41.6621322Z   ...
2026-10-07T00:14:41.6621821Z # Subtest: tasks suppress only the matching automatic scope and checks resume when the task ends
2026-10-07T00:14:41.6622709Z ok 139 - tasks suppress only the matching automatic scope and checks resume when the task ends
2026-10-07T00:14:41.6623406Z   ---
2026-10-07T00:14:41.6623773Z   duration_ms: 7.3803
2026-10-07T00:14:41.6624053Z   type: 'test'
2026-10-07T00:14:41.6624292Z   ...
2026-10-07T00:14:41.6624677Z # Subtest: task launch failure releases live check suppression
2026-10-07T00:14:41.6625466Z ok 140 - task launch failure releases live check suppression
2026-10-07T00:14:41.6625823Z   ---
2026-10-07T00:14:41.6626063Z   duration_ms: 5.6577
2026-10-07T00:14:41.6626360Z   type: 'test'
2026-10-07T00:14:41.6626601Z   ...
2026-10-07T00:14:41.6627024Z # Subtest: project task clears checks from its helper while preserving another project
2026-10-07T00:14:41.6627675Z ok 141 - project task clears checks from its helper while preserving another project
2026-10-07T00:14:41.6628099Z   ---
2026-10-07T00:14:41.6628341Z   duration_ms: 12.1639
2026-10-07T00:14:41.6628636Z   type: 'test'
2026-10-07T00:14:41.6628879Z   ...
2026-10-07T00:14:41.6629496Z # Subtest: a long task permits checks of new source without reacting to other project edits
2026-10-07T00:14:41.6630168Z ok 142 - a long task permits checks of new source without reacting to other project edits
2026-10-07T00:14:41.6630611Z   ---
2026-10-07T00:14:41.6630859Z   duration_ms: 9.8826
2026-10-07T00:14:41.6631126Z   type: 'test'
2026-10-07T00:14:41.6631395Z   ...
2026-10-07T00:14:41.6631825Z # Subtest: failed task diagnostics are replaced by checks and removed by source edits
2026-10-07T00:14:41.6632433Z ok 143 - failed task diagnostics are replaced by checks and removed by source edits
2026-10-07T00:14:41.6632881Z   ---
2026-10-07T00:14:41.6633127Z   duration_ms: 10.2299
2026-10-07T00:14:41.6633387Z   type: 'test'
2026-10-07T00:14:41.6633669Z   ...
2026-10-07T00:14:41.6634081Z # Subtest: manual checks inspect dirty imports outside the running task project
2026-10-07T00:14:41.6634652Z ok 144 - manual checks inspect dirty imports outside the running task project
2026-10-07T00:14:41.6635083Z   ---
2026-10-07T00:14:41.6635328Z   duration_ms: 9.8028
2026-10-07T00:14:41.6635587Z   type: 'test'
2026-10-07T00:14:41.6635856Z   ...
2026-10-07T00:14:41.6636280Z # Subtest: editing and closing imported aliases remove only their canonical task markers
2026-10-07T00:14:41.6636897Z ok 145 - editing and closing imported aliases remove only their canonical task markers
2026-10-07T00:14:41.6637311Z   ---
2026-10-07T00:14:41.6637571Z   duration_ms: 8.7346
2026-10-07T00:14:41.6637827Z   type: 'test'
2026-10-07T00:14:41.6638057Z   ...
2026-10-07T00:14:41.6638526Z # Subtest: typing invalidates snapshots without launching save-only checks per keystroke
2026-10-07T00:14:41.6639159Z ok 146 - typing invalidates snapshots without launching save-only checks per keystroke
2026-10-07T00:14:41.6639706Z   ---
2026-10-07T00:14:41.6639982Z   duration_ms: 16.2217
2026-10-07T00:14:41.6640242Z   type: 'test'
2026-10-07T00:14:41.6640482Z   ...
2026-10-07T00:14:41.6641133Z # Subtest: known unrelated diagnostics survive repeated edits while unknown and project inputs stay conservative
2026-10-07T00:14:41.6642309Z ok 147 - known unrelated diagnostics survive repeated edits while unknown and project inputs stay conservative
2026-10-07T00:14:41.6643500Z   ---
2026-10-07T00:14:41.6644071Z   duration_ms: 15.4384
2026-10-07T00:14:41.6644607Z   type: 'test'
2026-10-07T00:14:41.6644972Z   ...
2026-10-07T00:14:41.6646511Z # Subtest: known unrelated pending checks finish during edits and same-scope changes reject stale callbacks
2026-10-07T00:14:41.6648296Z ok 148 - known unrelated pending checks finish during edits and same-scope changes reject stale callbacks
2026-10-07T00:14:41.6649501Z   ---
2026-10-07T00:14:41.6650038Z   duration_ms: 11.7326
2026-10-07T00:14:41.6650504Z   type: 'test'
2026-10-07T00:14:41.6799211Z   ...
2026-10-07T00:14:41.6801256Z # Subtest: shared imports and stale dependency snapshots still invalidate diagnosed projects
2026-10-07T00:14:41.6803445Z ok 149 - shared imports and stale dependency snapshots still invalidate diagnosed projects
2026-10-07T00:14:41.6805684Z   ---
2026-10-07T00:14:41.6806175Z   duration_ms: 12.6614
2026-10-07T00:14:41.6806662Z   type: 'test'
2026-10-07T00:14:41.6807066Z   ...
2026-10-07T00:14:41.6807973Z # Subtest: failed symbols queries still supply static builtin help without erasing source diagnostics
2026-10-07T00:14:41.6809164Z ok 150 - failed symbols queries still supply static builtin help without erasing source diagnostics
2026-10-07T00:14:41.6809886Z   ---
2026-10-07T00:14:41.6810295Z   duration_ms: 6.5854
2026-10-07T00:14:41.6810687Z   type: 'test'
2026-10-07T00:14:41.6811002Z   ...
2026-10-07T00:14:41.6811707Z # Subtest: missing compiler keeps prefix completion, hover and signatures available
2026-10-07T00:14:41.6812736Z ok 151 - missing compiler keeps prefix completion, hover and signatures available
2026-10-07T00:14:41.6813372Z   ---
2026-10-07T00:14:41.6813780Z   duration_ms: 10.3388
2026-10-07T00:14:41.6820811Z   type: 'test'
2026-10-07T00:14:41.6821652Z   ...
2026-10-07T00:14:41.6822948Z # Subtest: borrowed local providers annotate hover and detail while keeping variable kind and insertion
2026-10-07T00:14:41.6824350Z ok 152 - borrowed local providers annotate hover and detail while keeping variable kind and insertion
2026-10-07T00:14:41.6825118Z   ---
2026-10-07T00:14:41.6825547Z   duration_ms: 9.7032
2026-10-07T00:14:41.6826028Z   type: 'test'
2026-10-07T00:14:41.6826352Z   ...
2026-10-07T00:14:41.6826931Z # Subtest: untrusted and untitled assistance executes no compiler and retains High/Low selectors
2026-10-07T00:14:41.6827821Z ok 153 - untrusted and untitled assistance executes no compiler and retains High/Low selectors
2026-10-07T00:14:41.6828375Z   ---
2026-10-07T00:14:41.6828966Z   duration_ms: 10.4936
2026-10-07T00:14:41.6829323Z   type: 'test'
2026-10-07T00:14:41.6829571Z   ...
2026-10-07T00:14:41.6830051Z # Subtest: Low builtin help uses fn and record in hover, completion and signatures without a compiler
2026-10-07T00:14:41.6831030Z ok 154 - Low builtin help uses fn and record in hover, completion and signatures without a compiler
2026-10-07T00:14:41.6831660Z   ---
2026-10-07T00:14:41.6831949Z   duration_ms: 5.0794
2026-10-07T00:14:41.6832350Z   type: 'test'
2026-10-07T00:14:41.6832800Z   ...
2026-10-07T00:14:41.6833983Z # Subtest: Low declaration and standard-operation help displays braces while retaining compiler kinds and call shapes
2026-10-07T00:14:41.6835375Z ok 155 - Low declaration and standard-operation help displays braces while retaining compiler kinds and call shapes
2026-10-07T00:14:41.6836239Z   ---
2026-10-07T00:14:41.6836574Z   duration_ms: 8.8662
2026-10-07T00:14:41.6836944Z   type: 'test'
2026-10-07T00:14:41.6837320Z   ...
2026-10-07T00:14:41.6838025Z # Subtest: Low enum declaration help removes namespace prefixes only from variant names
2026-10-07T00:14:41.6839650Z ok 156 - Low enum declaration help removes namespace prefixes only from variant names
2026-10-07T00:14:41.6840226Z   ---
2026-10-07T00:14:41.6840557Z   duration_ms: 13.0686
2026-10-07T00:14:41.6840896Z   type: 'test'
2026-10-07T00:14:41.6841268Z   ...
2026-10-07T00:14:41.6841885Z # Subtest: Low folding is available without trust or a compiler and honors cancellation
2026-10-07T00:14:41.6842798Z ok 157 - Low folding is available without trust or a compiler and honors cancellation
2026-10-07T00:14:41.6843452Z   ---
2026-10-07T00:14:41.6843767Z   duration_ms: 3.0947
2026-10-07T00:14:41.6844863Z   type: 'test'
2026-10-07T00:14:41.6845205Z   ...
2026-10-07T00:14:41.6845899Z # Subtest: cancelled, closed and changed documents cannot receive static fallback from failed queries
2026-10-07T00:14:41.6846825Z ok 158 - cancelled, closed and changed documents cannot receive static fallback from failed queries
2026-10-07T00:14:41.6847411Z   ---
2026-10-07T00:14:41.6847745Z   duration_ms: 5.2266
2026-10-07T00:14:41.6848084Z   type: 'test'
2026-10-07T00:14:41.6848369Z   ...
2026-10-07T00:14:41.6848993Z # Subtest: registered providers render enum/member kinds and payload signature parameters
2026-10-07T00:14:41.6849727Z ok 159 - registered providers render enum/member kinds and payload signature parameters
2026-10-07T00:14:41.6850203Z   ---
2026-10-07T00:14:41.6850460Z   duration_ms: 7.1122
2026-10-07T00:14:41.6850653Z   type: 'test'
2026-10-07T00:14:41.6850827Z   ...
2026-10-07T00:14:41.6851217Z # Subtest: standard F12 targets open compiler registry text through a read-only virtual document
2026-10-07T00:14:41.6851812Z ok 160 - standard F12 targets open compiler registry text through a read-only virtual document
2026-10-07T00:14:41.6852189Z   ---
2026-10-07T00:14:41.6852356Z   duration_ms: 10.6088
2026-10-07T00:14:41.6852544Z   type: 'test'
2026-10-07T00:14:41.6852721Z   ...
2026-10-07T00:14:41.6853116Z # Subtest: standard F12 keeps each project compiler registry text when another compiler is queried
2026-10-07T00:14:41.6853720Z ok 161 - standard F12 keeps each project compiler registry text when another compiler is queried
2026-10-07T00:14:41.6854101Z   ---
2026-10-07T00:14:41.6854546Z   duration_ms: 13.7691
2026-10-07T00:14:41.6854750Z   type: 'test'
2026-10-07T00:14:41.6854922Z   ...
2026-10-07T00:14:41.6855370Z # Subtest: keyword completion covers existing syntax in High and Low without leaking into types or members
2026-10-07T00:14:41.6856039Z ok 162 - keyword completion covers existing syntax in High and Low without leaking into types or members
2026-10-07T00:14:41.6856447Z   ---
2026-10-07T00:14:41.6856627Z   duration_ms: 6.004
2026-10-07T00:14:41.6856813Z   type: 'test'
2026-10-07T00:14:41.6856975Z   ...
2026-10-07T00:14:41.6857300Z # Subtest: static builtin help works with incomplete syntax without an index
2026-10-07T00:14:41.6857769Z ok 163 - static builtin help works with incomplete syntax without an index
2026-10-07T00:14:41.6858085Z   ---
2026-10-07T00:14:41.6858256Z   duration_ms: 2.6036
2026-10-07T00:14:41.6858437Z   type: 'test'
2026-10-07T00:14:41.6858601Z   ...
2026-10-07T00:14:41.6859039Z # Subtest: static builtin fallback avoids declarations, parameters and local bindings that shadow the name
2026-10-07T00:14:41.6859714Z ok 164 - static builtin fallback avoids declarations, parameters and local bindings that shadow the name
2026-10-07T00:14:41.6860116Z   ---
2026-10-07T00:14:41.6860288Z   duration_ms: 5.9472
2026-10-07T00:14:41.6860474Z   type: 'test'
2026-10-07T00:14:41.6860637Z   ...
2026-10-07T00:14:41.6861072Z # Subtest: unresolved imports suppress guessed builtins but retain syntax and types; checked declarations win
2026-10-07T00:14:41.6861764Z ok 165 - unresolved imports suppress guessed builtins but retain syntax and types; checked declarations win
2026-10-07T00:14:41.6862178Z   ---
2026-10-07T00:14:41.6862342Z   duration_ms: 2.4586
2026-10-07T00:14:41.6863542Z   type: 'test'
2026-10-07T00:14:41.6863945Z   ...
2026-10-07T00:14:41.6865796Z # Subtest: signature help does not replace a compiler-resolved local function with builtin metadata
2026-10-07T00:14:41.6867151Z ok 166 - signature help does not replace a compiler-resolved local function with builtin metadata
2026-10-07T00:14:41.6867558Z   ---
2026-10-07T00:14:41.6867732Z   duration_ms: 1.3967
2026-10-07T00:14:41.6867932Z   type: 'test'
2026-10-07T00:14:41.6868095Z   ...
2026-10-07T00:14:41.6868475Z # Subtest: lexical references prevent guessed signatures when a type error removes local types
2026-10-07T00:14:41.6869079Z ok 167 - lexical references prevent guessed signatures when a type error removes local types
2026-10-07T00:14:41.6869447Z   ---
2026-10-07T00:14:41.6869610Z   duration_ms: 0.9251
2026-10-07T00:14:41.6869794Z   type: 'test'
2026-10-07T00:14:41.6869965Z   ...
2026-10-07T00:14:41.6870353Z # Subtest: unfinished line strings do not hide later assistance and preserve UTF-16 CRLF ranges
2026-10-07T00:14:41.6870943Z ok 168 - unfinished line strings do not hide later assistance and preserve UTF-16 CRLF ranges
2026-10-07T00:14:41.6871315Z   ---
2026-10-07T00:14:41.6871479Z   duration_ms: 1.6719
2026-10-07T00:14:41.6871666Z   type: 'test'
2026-10-07T00:14:41.6871846Z   ...
2026-10-07T00:14:41.6872243Z # Subtest: registered resources and constants keep namespaces and never create constructor snippets
2026-10-07T00:14:41.6872868Z ok 169 - registered resources and constants keep namespaces and never create constructor snippets
2026-10-07T00:14:41.6873257Z   ---
2026-10-07T00:14:41.6873414Z   duration_ms: 9.5473
2026-10-07T00:14:41.6873594Z   type: 'test'
2026-10-07T00:14:41.6873770Z   ...
2026-10-07T00:14:41.6874110Z # Subtest: standard operation and aliased constants preserve hover and argument help
2026-10-07T00:14:41.6874640Z ok 170 - standard operation and aliased constants preserve hover and argument help
2026-10-07T00:14:41.6875137Z   ---
2026-10-07T00:14:41.6875368Z   duration_ms: 1.359
2026-10-07T00:14:41.6875931Z   type: 'test'
2026-10-07T00:14:41.6876220Z   ...
2026-10-07T00:14:41.6876962Z # Subtest: typed resource fields are read-only and do not expose type constants on values
2026-10-07T00:14:41.6878747Z ok 171 - typed resource fields are read-only and do not expose type constants on values
2026-10-07T00:14:41.6879111Z   ---
2026-10-07T00:14:41.6879286Z   duration_ms: 1.2185
2026-10-07T00:14:41.6879476Z   type: 'test'
2026-10-07T00:14:41.6879642Z   ...
2026-10-07T00:14:41.6879987Z # Subtest: virtual source identifiers cannot navigate to project paths or URLs
2026-10-07T00:14:41.6880468Z ok 172 - virtual source identifiers cannot navigate to project paths or URLs
2026-10-07T00:14:41.6880876Z   ---
2026-10-07T00:14:41.6881036Z   duration_ms: 0.6832
2026-10-07T00:14:41.6881220Z   type: 'test'
2026-10-07T00:14:41.6881396Z   ...
2026-10-07T00:14:41.6881737Z # Subtest: virtual registry revisions keep module paths and accept only a source hash
2026-10-07T00:14:41.6882273Z ok 173 - virtual registry revisions keep module paths and accept only a source hash
2026-10-07T00:14:41.6882891Z   ---
2026-10-07T00:14:41.6883143Z   duration_ms: 0.5321
2026-10-07T00:14:41.6883330Z   type: 'test'
2026-10-07T00:14:41.6883509Z   ...
2026-10-07T00:14:41.6883867Z # Subtest: Some and None are pattern assistance, not general value constructors
2026-10-07T00:14:41.6884525Z ok 174 - Some and None are pattern assistance, not general value constructors
2026-10-07T00:14:41.6884847Z   ---
2026-10-07T00:14:41.6885020Z   duration_ms: 1.9455
2026-10-07T00:14:41.6885212Z   type: 'test'
2026-10-07T00:14:41.6885380Z   ...
2026-10-07T00:14:41.6885783Z # Subtest: standard import completion uses the compiler catalog and replaces the full dotted path
2026-10-07T00:14:41.6886393Z ok 175 - standard import completion uses the compiler catalog and replaces the full dotted path
2026-10-07T00:14:41.6886773Z   ---
2026-10-07T00:14:41.6886941Z   duration_ms: 1.1201
2026-10-07T00:14:41.6887118Z   type: 'test'
2026-10-07T00:14:41.6887506Z   ...
2026-10-07T00:14:41.6888006Z # Subtest: Low standard imports can follow another declaration or import on the same line
2026-10-07T00:14:41.6888733Z ok 176 - Low standard imports can follow another declaration or import on the same line
2026-10-07T00:14:41.6889204Z   ---
2026-10-07T00:14:41.6889375Z   duration_ms: 0.5447
2026-10-07T00:14:41.6889554Z   type: 'test'
2026-10-07T00:14:41.6889715Z   ...
2026-10-07T00:14:41.6890094Z # Subtest: real nagi standard symbols keep resource identity, virtual sources and UTF-16 targets
2026-10-07T00:14:41.6890692Z ok 177 - real nagi standard symbols keep resource identity, virtual sources and UTF-16 targets
2026-10-07T00:14:41.6891051Z   ---
2026-10-07T00:14:41.6891217Z   duration_ms: 1128.1976
2026-10-07T00:14:41.6891426Z   type: 'test'
2026-10-07T00:14:41.6891592Z   ...
2026-10-07T00:14:41.6891955Z # Subtest: real low standard symbols keep resource identity, virtual sources and UTF-16 targets
2026-10-07T00:14:41.6892544Z ok 178 - real low standard symbols keep resource identity, virtual sources and UTF-16 targets
2026-10-07T00:14:41.6892902Z   ---
2026-10-07T00:14:41.6893062Z   duration_ms: 1132.6643
2026-10-07T00:14:41.6893260Z   type: 'test'
2026-10-07T00:14:41.6893430Z   ...
2026-10-07T00:14:41.6893786Z # Subtest: unsaved dependency standard aliases update sources without saving or building
2026-10-07T00:14:41.6894348Z ok 179 - unsaved dependency standard aliases update sources without saving or building
2026-10-07T00:14:41.6894703Z   ---
2026-10-07T00:14:41.6894866Z   duration_ms: 665.1428
2026-10-07T00:14:41.6895061Z   type: 'test'
2026-10-07T00:14:41.6895242Z   ...
2026-10-07T00:14:41.6895629Z # Subtest: an incomplete initial standard import uses the registry catalog from a saved snapshot
2026-10-07T00:14:41.6896225Z ok 180 - an incomplete initial standard import uses the registry catalog from a saved snapshot
2026-10-07T00:14:41.6896604Z   ---
2026-10-07T00:14:41.6896811Z   duration_ms: 206.342
2026-10-07T00:14:41.6897028Z   type: 'test'
2026-10-07T00:14:41.6897210Z   ...
2026-10-07T00:14:41.6897545Z # Subtest: shared receiver fields are read-only regardless of each field type
2026-10-07T00:14:41.6898180Z ok 181 - shared receiver fields are read-only regardless of each field type
2026-10-07T00:14:41.6898526Z   ---
2026-10-07T00:14:41.6898700Z   duration_ms: 290.4521
2026-10-07T00:14:41.6898897Z   type: 'test'
2026-10-07T00:14:41.6899071Z   ...
2026-10-07T00:14:41.6899495Z # Subtest: nagi saved snapshots complete new modules and from-import names before imports are checked
2026-10-07T00:14:41.6900118Z ok 182 - nagi saved snapshots complete new modules and from-import names before imports are checked
2026-10-07T00:14:41.6900508Z   ---
2026-10-07T00:14:41.6900684Z   duration_ms: 5.5982
2026-10-07T00:14:41.6900870Z   type: 'test'
2026-10-07T00:14:41.6901033Z   ...
2026-10-07T00:14:41.6901416Z # Subtest: nagi readiness and wait resources preserve namespaces and do not offer constructors
2026-10-07T00:14:41.6902004Z ok 183 - nagi readiness and wait resources preserve namespaces and do not offer constructors
2026-10-07T00:14:41.6902405Z   ---
2026-10-07T00:14:41.6902649Z   duration_ms: 8.8416
2026-10-07T00:14:41.6903241Z   type: 'test'
2026-10-07T00:14:41.6903503Z   ...
2026-10-07T00:14:41.6904009Z # Subtest: nagi WaitError value fields keep borrowed payload types and read-only status
2026-10-07T00:14:41.6904612Z ok 184 - nagi WaitError value fields keep borrowed payload types and read-only status
2026-10-07T00:14:41.6905024Z   ---
2026-10-07T00:14:41.6905308Z   duration_ms: 0.5754
2026-10-07T00:14:41.6905574Z   type: 'test'
2026-10-07T00:14:41.6905824Z   ...
2026-10-07T00:14:41.6906395Z # Subtest: nagi inferred standard operations insert positional calls and retain exact callback and Future contracts
2026-10-07T00:14:41.6907198Z ok 185 - nagi inferred standard operations insert positional calls and retain exact callback and Future contracts
2026-10-07T00:14:41.6907712Z   ---
2026-10-07T00:14:41.6908128Z   duration_ms: 3.1031
2026-10-07T00:14:41.6908398Z   type: 'test'
2026-10-07T00:14:41.6908651Z   ...
2026-10-07T00:14:41.6909127Z # Subtest: low saved snapshots complete new modules and from-import names before imports are checked
2026-10-07T00:14:41.6909801Z ok 186 - low saved snapshots complete new modules and from-import names before imports are checked
2026-10-07T00:14:41.6910251Z   ---
2026-10-07T00:14:41.6910492Z   duration_ms: 0.9347
2026-10-07T00:14:41.6910791Z   type: 'test'
2026-10-07T00:14:41.6911033Z   ...
2026-10-07T00:14:41.6911483Z # Subtest: low readiness and wait resources preserve namespaces and do not offer constructors
2026-10-07T00:14:41.6912166Z ok 187 - low readiness and wait resources preserve namespaces and do not offer constructors
2026-10-07T00:14:41.6912614Z   ---
2026-10-07T00:14:41.6912856Z   duration_ms: 5.0025
2026-10-07T00:14:41.6913156Z   type: 'test'
2026-10-07T00:14:41.6913396Z   ...
2026-10-07T00:14:41.6913763Z # Subtest: low WaitError value fields keep borrowed payload types and read-only status
2026-10-07T00:14:41.6914409Z ok 188 - low WaitError value fields keep borrowed payload types and read-only status
2026-10-07T00:14:41.6914827Z   ---
2026-10-07T00:14:41.6915078Z   duration_ms: 0.4316
2026-10-07T00:14:41.6915340Z   type: 'test'
2026-10-07T00:14:41.6915647Z   ...
2026-10-07T00:14:41.6916186Z # Subtest: low inferred standard operations insert positional calls and retain exact callback and Future contracts
2026-10-07T00:14:41.6916988Z ok 189 - low inferred standard operations insert positional calls and retain exact callback and Future contracts
2026-10-07T00:14:41.6917541Z   ---
2026-10-07T00:14:41.6917770Z   duration_ms: 3.1469
2026-10-07T00:14:41.6918040Z   type: 'test'
2026-10-07T00:14:41.6918296Z   ...
2026-10-07T00:14:41.6918775Z # Subtest: new operations and constants navigate to compiler standard sources with UTF-16 locations
2026-10-07T00:14:41.6919466Z ok 190 - new operations and constants navigate to compiler standard sources with UTF-16 locations
2026-10-07T00:14:41.6919973Z   ---
2026-10-07T00:14:41.6920216Z   duration_ms: 2.9106
2026-10-07T00:14:41.6920484Z   type: 'test'
2026-10-07T00:14:41.6920765Z   ...
2026-10-07T00:14:41.6921380Z # Subtest: real nagi borrowed list locals and nested fields keep read-only metadata in editor assistance
2026-10-07T00:14:41.6922102Z ok 191 - real nagi borrowed list locals and nested fields keep read-only metadata in editor assistance
2026-10-07T00:14:41.6922611Z   ---
2026-10-07T00:14:41.6922848Z   duration_ms: 282.3599
2026-10-07T00:14:41.6923606Z   type: 'test'
2026-10-07T00:14:41.6924506Z   ...
2026-10-07T00:14:41.6925757Z # Subtest: real low borrowed list locals and nested fields keep read-only metadata in editor assistance
2026-10-07T00:14:41.6927049Z ok 192 - real low borrowed list locals and nested fields keep read-only metadata in editor assistance
2026-10-07T00:14:41.6927840Z   ---
2026-10-07T00:14:41.6928283Z   duration_ms: 257.774
2026-10-07T00:14:41.6928737Z   type: 'test'
2026-10-07T00:14:41.6929115Z   ...
2026-10-07T00:14:41.6929968Z # Subtest: real nagi map_error aliases retain inferred generics and standard virtual navigation
2026-10-07T00:14:41.6931154Z ok 193 - real nagi map_error aliases retain inferred generics and standard virtual navigation
2026-10-07T00:14:41.6931875Z   ---
2026-10-07T00:14:41.6932285Z   duration_ms: 330.6615
2026-10-07T00:14:41.6932681Z   type: 'test'
2026-10-07T00:14:41.6933067Z   ...
2026-10-07T00:14:41.6933771Z # Subtest: real low map_error aliases retain inferred generics and standard virtual navigation
2026-10-07T00:14:41.6934701Z ok 194 - real low map_error aliases retain inferred generics and standard virtual navigation
2026-10-07T00:14:41.6935325Z   ---
2026-10-07T00:14:41.6935653Z   duration_ms: 214.7492
2026-10-07T00:14:41.6936051Z   type: 'test'
2026-10-07T00:14:41.6936398Z   ...
2026-10-07T00:14:41.6937095Z # Subtest: real nagi readiness and deadline API assistance keeps resource aliases and read-only fields
2026-10-07T00:14:41.6938514Z ok 195 - real nagi readiness and deadline API assistance keeps resource aliases and read-only fields
2026-10-07T00:14:41.6939177Z   ---
2026-10-07T00:14:41.6939516Z   duration_ms: 452.7371
2026-10-07T00:14:41.6939862Z   type: 'test'
2026-10-07T00:14:41.6940164Z   ...
2026-10-07T00:14:41.6940840Z # Subtest: real low readiness and deadline API assistance keeps resource aliases and read-only fields
2026-10-07T00:14:41.6941935Z ok 196 - real low readiness and deadline API assistance keeps resource aliases and read-only fields
2026-10-07T00:14:41.6943589Z   ---
2026-10-07T00:14:41.6943978Z   duration_ms: 450.9504
2026-10-07T00:14:41.6944345Z   type: 'test'
2026-10-07T00:14:41.6944591Z   ...
2026-10-07T00:14:41.6945018Z # Subtest: cross-module call curves fit with marker and stroke space on both sides
2026-10-07T00:14:41.6945799Z ok 197 - cross-module call curves fit with marker and stroke space on both sides
2026-10-07T00:14:41.6946206Z   ---
2026-10-07T00:14:41.6946489Z   duration_ms: 2.5199
2026-10-07T00:14:41.6946825Z   type: 'test'
2026-10-07T00:14:41.6947187Z   ...
2026-10-07T00:14:41.6947563Z # Subtest: ordinary stock-report layout keeps its existing extent
2026-10-07T00:14:41.6948114Z ok 198 - ordinary stock-report layout keeps its existing extent
2026-10-07T00:14:41.6948672Z   ---
2026-10-07T00:14:41.6948996Z   duration_ms: 0.2704
2026-10-07T00:14:41.6949370Z   type: 'test'
2026-10-07T00:14:41.6949748Z   ...
2026-10-07T00:14:41.6950198Z # Subtest: geometry above or below the layout extends the vertical viewport
2026-10-07T00:14:41.6950741Z ok 199 - geometry above or below the layout extends the vertical viewport
2026-10-07T00:14:41.6951168Z   ---
2026-10-07T00:14:41.6952387Z   duration_ms: 0.2083
2026-10-07T00:14:41.6952769Z   type: 'test'
2026-10-07T00:14:41.6953100Z   ...
2026-10-07T00:14:41.6953653Z # Subtest: an empty SVG bounding box does not add blank padding
2026-10-07T00:14:41.6954368Z ok 200 - an empty SVG bounding box does not add blank padding
2026-10-07T00:14:41.6954898Z   ---
2026-10-07T00:14:41.6955270Z   duration_ms: 0.1217
2026-10-07T00:14:41.6955626Z   type: 'test'
2026-10-07T00:14:41.6955976Z   ...
2026-10-07T00:14:41.6956884Z # Subtest: non-finite browser measurements preserve the finite layout extent
2026-10-07T00:14:41.6957700Z ok 201 - non-finite browser measurements preserve the finite layout extent
2026-10-07T00:14:41.6958237Z   ---
2026-10-07T00:14:41.6958589Z   duration_ms: 0.4351
2026-10-07T00:14:41.6958951Z   type: 'test'
2026-10-07T00:14:41.6959278Z   ...
2026-10-07T00:14:41.6959577Z 1..201
2026-10-07T00:14:41.6959948Z # tests 201
2026-10-07T00:14:41.6960277Z # suites 0
2026-10-07T00:14:41.6960614Z # pass 201
2026-10-07T00:14:41.6960980Z # fail 0
2026-10-07T00:14:41.6961315Z # cancelled 0
2026-10-07T00:14:41.6961670Z # skipped 0
2026-10-07T00:14:41.6962007Z # todo 0
2026-10-07T00:14:41.6962457Z # duration_ms 8428.5233
2026-10-07T00:14:41.7140074Z ##[group]Run cargo test --locked -p nagic --test output_safety --test integer_arithmetic --test integer_zero_division --test constant_validation --test auth_boundaries --test view_branch_rebinding --test view_container_rebinding --test view_container_drop --test view_flow_foundation --test view_flow_completion --test explicit_moves --test task_handles --test conformance --test scope_runtime_contract --test copy_capabilities --test shared_field_moves --test asset_calls --test shared_target --test build_generations --test project
2026-10-07T00:14:41.7143701Z [36;1mcargo test --locked -p nagic --test output_safety --test integer_arithmetic --test integer_zero_division --test constant_validation --test auth_boundaries --test view_branch_rebinding --test view_container_rebinding --test view_container_drop --test view_flow_foundation --test view_flow_completion --test explicit_moves --test task_handles --test conformance --test scope_runtime_contract --test copy_capabilities --test shared_field_moves --test asset_calls --test shared_target --test build_generations --test project[0m
2026-10-07T00:14:41.7217976Z shell: C:\Program Files\PowerShell\7\pwsh.EXE -command ". '{0}'"
2026-10-07T00:14:41.7218459Z env:
2026-10-07T00:14:41.7218839Z   NAGI_FAILURE_DIR: D:\a\Nagi\Nagi/build/compiler-failures
2026-10-07T00:14:41.7219366Z   CARGO_HOME: C:\Users\runneradmin\.cargo
2026-10-07T00:14:41.7219815Z   CARGO_INCREMENTAL: 0
2026-10-07T00:14:41.7220224Z   CARGO_TERM_COLOR: always
2026-10-07T00:14:41.7221057Z   pythonLocation: C:\hostedtoolcache\windows\Python\3.12.10\x64
2026-10-07T00:14:41.7221770Z   PKG_CONFIG_PATH: C:\hostedtoolcache\windows\Python\3.12.10\x64/lib/pkgconfig
2026-10-07T00:14:41.7222286Z   Python_ROOT_DIR: C:\hostedtoolcache\windows\Python\3.12.10\x64
2026-10-07T00:14:41.7222794Z   Python2_ROOT_DIR: C:\hostedtoolcache\windows\Python\3.12.10\x64
2026-10-07T00:14:41.7223259Z   Python3_ROOT_DIR: C:\hostedtoolcache\windows\Python\3.12.10\x64
2026-10-07T00:14:41.7223602Z ##[endgroup]
2026-10-07T00:14:42.1286840Z [1m[92m   Compiling[0m nagic v0.1.10 (D:\a\Nagi\Nagi\compiler)
2026-10-07T00:14:51.9852811Z [1m[92m    Finished[0m `test` profile [unoptimized + debuginfo] target(s) in 9.97s
2026-10-07T00:14:51.9925524Z [1m[92m     Running[0m tests\asset_calls.rs (target\debug\deps\asset_calls-1cf110c0d787472c.exe)
2026-10-07T00:14:52.0041299Z 
2026-10-07T00:14:52.0041686Z running 2 tests
2026-10-07T00:14:52.0097874Z test a_missing_real_asset_still_reports_the_original_call ... ok
2026-10-07T00:14:52.4390708Z test local_callbacks_named_include_text_keep_literals_and_restore_builtin_after_scope ... ok
2026-10-07T00:14:52.4391161Z 
2026-10-07T00:14:52.4391469Z test result: ok. 2 passed; 0 failed; 0 ignored; 0 measured; 0 filtered out; finished in 0.43s
2026-10-07T00:14:52.4391775Z 
2026-10-07T00:14:52.4416648Z [1m[92m     Running[0m tests\auth_boundaries.rs (target\debug\deps\auth_boundaries-b86bed55f8731111.exe)
2026-10-07T00:14:52.4517108Z 
2026-10-07T00:14:52.4517601Z running 9 tests
2026-10-07T00:14:52.5224182Z test handwritten_low_and_owned_local_containers_keep_nominal_marker_identity ... ok
2026-10-07T00:14:52.5691625Z test aliases_option_result_and_async_delegation_preserve_proof_identity ... ok
2026-10-07T00:14:52.8186519Z test a_function_signature_and_a_deep_dto_do_not_contain_a_proof_payload ... ok
2026-10-07T00:14:52.9426484Z test missing_principal_grant_wrong_permission_and_reuse_are_rejected ... ok
2026-10-07T00:14:53.6954900Z test opaque_proofs_cannot_be_constructed_decoded_copied_or_shared ... ok
2026-10-07T00:14:53.8559364Z test indirect_arc_state_cannot_share_a_proof ... ok
2026-10-07T00:15:52.5693443Z test native_phantom_types_do_not_become_field_payloads has been running for over 60 seconds
2026-10-07T00:15:52.8196906Z test opaque_main_errors_fail_without_a_debug_bound_or_proof_payload has been running for over 60 seconds
2026-10-07T00:15:53.7055989Z test proof_move_and_nominal_marker_build_and_run_against_real_runtime has been running for over 60 seconds
2026-10-07T00:16:12.0740790Z test proof_move_and_nominal_marker_build_and_run_against_real_runtime ... ok
2026-10-07T00:16:14.0406953Z test native_phantom_types_do_not_become_field_payloads ... ok
2026-10-07T00:16:15.8961996Z test opaque_main_errors_fail_without_a_debug_bound_or_proof_payload ... ok
2026-10-07T00:16:15.8962428Z 
2026-10-07T00:16:15.8962787Z test result: ok. 9 passed; 0 failed; 0 ignored; 0 measured; 0 filtered out; finished in 83.44s
2026-10-07T00:16:15.8963108Z 
2026-10-07T00:16:15.8991699Z [1m[92m     Running[0m tests\build_generations.rs (target\debug\deps\build_generations-30137a0e694559bc.exe)
2026-10-07T00:16:15.9096197Z 
2026-10-07T00:16:15.9096540Z running 22 tests
2026-10-07T00:16:17.4150076Z test cargo_cache_keeps_a_preexisting_default_package_binary_unchanged ... ok
2026-10-07T00:16:17.4249476Z test a_running_old_executable_is_not_replaced_by_a_new_build ... ok
2026-10-07T00:16:17.4630879Z test invalid_input_does_not_create_output_or_its_lock ... ok
2026-10-07T00:16:17.9486438Z test cargo_failure_retains_latest_and_inherited_lockfile ... ok
2026-10-07T00:16:18.0208307Z test latest_metadata_used_as_an_input_cannot_be_overwritten_by_rebuild ... ok
2026-10-07T00:16:18.0572708Z test lock_is_permanent_and_input_protection_is_rechecked_after_waiting ... ok
2026-10-07T00:16:18.1020671Z test nonwriting_low_check_and_lower_do_not_wait_for_the_output_writer_lock ... ok
2026-10-07T00:16:18.2233899Z test compatibility_outputs_cannot_alias_previous_latest_metadata ... ok
2026-10-07T00:16:19.0836126Z test latest_rename_failure_preserves_old_success_and_recovers_after_handle_close ... ok
2026-10-07T00:16:19.7196301Z test latest_temp_failure_keeps_old_metadata_and_does_not_run_new_generation ... ok
2026-10-07T00:16:19.8396320Z test orphan_cargo_uses_an_immutable_snapshot_and_cannot_replace_next_generation ... ok
2026-10-07T00:16:20.5011315Z test published_manifest_runtime_reference_resolves_from_the_published_location ... ok
2026-10-07T00:16:20.5129595Z test parallel_latest_readers_observe_only_complete_published_generations ... ok
2026-10-07T00:16:20.7499656Z test projection_failure_keeps_old_latest_and_reports_partial_projection ... ok
2026-10-07T00:16:21.0380295Z test rebuild_publishes_new_generation_and_preserves_old_executable_and_snapshot ... ok
2026-10-07T00:16:21.6444032Z test user_low_snapshot_comes_from_this_input_instead_of_a_stale_high_projection ... ok
2026-10-07T00:16:22.0530297Z test run_releases_output_lock_before_waiting_for_the_selected_executable ... ok
2026-10-07T00:16:22.9006578Z test writing_high_check_cannot_alias_previous_latest ... ok
2026-10-07T00:16:23.1396147Z test writing_cost_report_cannot_alias_previous_latest ... ok
2026-10-07T00:16:23.4948247Z test writing_high_lower_cannot_alias_previous_latest ... ok
2026-10-07T00:16:24.2187450Z test same_and_different_apps_with_equivalent_output_paths_wait_for_one_output_writer ... ok
2026-10-07T00:16:24.6316274Z test writing_check_lower_and_cost_wait_while_build_owns_the_output_lock ... ok
2026-10-07T00:16:24.6316860Z 
2026-10-07T00:16:24.6317410Z test result: ok. 22 passed; 0 failed; 0 ignored; 0 measured; 0 filtered out; finished in 8.72s
2026-10-07T00:16:24.6317851Z 
2026-10-07T00:16:24.6341564Z [1m[92m     Running[0m tests\conformance.rs (target\debug\deps\conformance-00510361ac82baea.exe)
2026-10-07T00:16:24.6446181Z 
2026-10-07T00:16:24.6446623Z running 6 tests
2026-10-07T00:16:24.6456245Z test batch_root_relocation_preserves_literals_raw_strings_and_comments ... ok
2026-10-07T00:16:24.6527243Z test failure_shrinking_preserves_the_checker_failure_instead_of_a_parse_error ... ok
2026-10-07T00:16:24.6908545Z test native_process_deadline_reaps_a_hanging_child ... ok
2026-10-07T00:16:25.0173728Z test explicit_move_corpus_reaches_native_execution ... ok
2026-10-07T00:16:25.1624291Z test backend_shrinking_does_not_turn_an_oracle_error_into_a_compiler_reproducer ... ok
2026-10-07T00:16:25.6989778Z test corpus_and_bounded_generated_contracts_reach_native_execution ... ok
2026-10-07T00:16:25.6991033Z 
2026-10-07T00:16:25.6991450Z test result: ok. 6 passed; 0 failed; 0 ignored; 0 measured; 0 filtered out; finished in 1.05s
2026-10-07T00:16:25.6991833Z 
2026-10-07T00:16:25.7019028Z [1m[92m     Running[0m tests\constant_validation.rs (target\debug\deps\constant_validation-d5c9902d44f31953.exe)
2026-10-07T00:16:25.7122034Z 
2026-10-07T00:16:25.7122488Z running 10 tests
2026-10-07T00:16:25.7169175Z test builtin_widening_uses_resolution_and_result_casts_remain_opaque ... ok
2026-10-07T00:16:25.7184219Z test binding_facts_follow_reassignment_scope_and_continuing_branch_joins ... ok
2026-10-07T00:16:25.7185547Z test compound_failures_are_checked_even_in_dead_branches_and_short_circuit_rhs ... ok
2026-10-07T00:16:25.7207400Z test loop_writes_kill_facts_before_conditions_and_respect_shadowed_counter_bindings ... ok
2026-10-07T00:16:25.7235794Z test profile_dependent_intermediates_are_not_folded_to_a_known_zero ... ok
2026-10-07T00:16:25.7292213Z test signed_minimum_division_and_remainder_are_static_failures_in_every_width ... ok
2026-10-07T00:16:25.7306713Z test typed_ast_errors_precede_new_constant_diagnostics ... ok
2026-10-07T00:16:25.7355367Z test compound_and_alias_zero_fail_after_type_check_in_all_widths_and_forms ... ok
2026-10-07T00:16:25.7869038Z test compound_diagnostics_identify_original_modules_before_cargo ... ok
2026-10-07T00:16:27.0676434Z test minimum_negation_and_integer_oracle_build_and_run_in_both_profiles ... ok
2026-10-07T00:16:27.0676831Z 
2026-10-07T00:16:27.0677238Z test result: ok. 10 passed; 0 failed; 0 ignored; 0 measured; 0 filtered out; finished in 1.36s
2026-10-07T00:16:27.0677611Z 
2026-10-07T00:16:27.0702022Z [1m[92m     Running[0m tests\copy_capabilities.rs (target\debug\deps\copy_capabilities-62f281cff384e558.exe)
2026-10-07T00:16:27.0803179Z 
2026-10-07T00:16:27.0803602Z running 2 tests
2026-10-07T00:16:27.2873050Z test omitted_clone_adapter_reports_the_element_clone_bound ... ok
2026-10-07T00:16:27.6526601Z test manual_clone_adapter_copies_owned_enum_payloads_in_high_and_independent_low ... ok
2026-10-07T00:16:27.6527065Z 
2026-10-07T00:16:27.6527436Z test result: ok. 2 passed; 0 failed; 0 ignored; 0 measured; 0 filtered out; finished in 0.57s
2026-10-07T00:16:27.6527783Z 
2026-10-07T00:16:27.6550806Z [1m[92m     Running[0m tests\explicit_moves.rs (target\debug\deps\explicit_moves-80bf256468248f45.exe)
2026-10-07T00:16:27.6651447Z 
2026-10-07T00:16:27.6652096Z running 9 tests
2026-10-07T00:16:27.8125163Z test explicit_move_preserves_use_after_move_borrow_partial_move_and_loop_checks ... ok
2026-10-07T00:16:27.8872962Z test copy_inputs_keep_ordinary_assignment_and_move_expected_type_inference ... ok
2026-10-07T00:16:27.9825391Z test implicit_noncopy_local_assignments_fail_at_the_original_source_line ... ok
2026-10-07T00:16:29.1417528Z test move_keeps_typed_constant_failures_and_profile_dependent_overflow ... ok
2026-10-07T00:16:29.1688311Z test move_operation_rejects_arity_type_arguments_and_future_transfer ... ok
2026-10-07T00:16:29.2108178Z test moving_nested_view_containers_keeps_escape_and_temporary_rejections ... ok
2026-10-07T00:16:35.4289583Z test identity_moves_preserve_rhs_failure_drop_order_and_async_cancellation ... ok
2026-10-07T00:16:35.9712757Z test canonical_aliases_shadowing_and_transparent_values_run_in_all_three_sources ... ok
2026-10-07T00:16:36.5151511Z test identity_move_materializes_copy_values_and_keeps_bare_place_comparison_loans ... ok
2026-10-07T00:16:36.5152154Z 
2026-10-07T00:16:36.5152674Z test result: ok. 9 passed; 0 failed; 0 ignored; 0 measured; 0 filtered out; finished in 8.85s
2026-10-07T00:16:36.5153213Z 
2026-10-07T00:16:36.5184198Z [1m[92m     Running[0m tests\integer_arithmetic.rs (target\debug\deps\integer_arithmetic-fef7d7c13981f7e0.exe)
2026-10-07T00:16:36.5294640Z 
2026-10-07T00:16:36.5295350Z running 2 tests
2026-10-07T00:16:36.6215283Z test native_adapter_constant_overflow_keeps_rust_diagnostics ... ok
2026-10-07T00:16:37.1266659Z test constant_integer_arithmetic_preserves_release_wrapping_and_debug_panics ... ok
2026-10-07T00:16:37.1267107Z 
2026-10-07T00:16:37.1267527Z test result: ok. 2 passed; 0 failed; 0 ignored; 0 measured; 0 filtered out; finished in 0.60s
2026-10-07T00:16:37.1267888Z 
2026-10-07T00:16:37.1290122Z [1m[92m     Running[0m tests\integer_zero_division.rs (target\debug\deps\integer_zero_division-11d4c3d9c1ca6fb8.exe)
2026-10-07T00:16:37.1394969Z 
2026-10-07T00:16:37.1395561Z running 5 tests
2026-10-07T00:16:37.1431830Z test dynamic_aliases_remain_runtime_operations ... ok
2026-10-07T00:16:37.1444590Z test operand_and_earlier_type_errors_keep_priority_over_zero_divisor_errors ... ok
2026-10-07T00:16:37.1720622Z test explicit_integer_zero_divisors_fail_in_high_handwritten_low_and_saved_low ... ok
2026-10-07T00:16:37.4645945Z test cli_rejects_zero_at_the_original_file_and_line_before_cargo ... ok
2026-10-07T00:16:39.2250402Z test dynamic_zero_nonzero_and_float_controls_compile_and_run_in_both_profiles ... ok
2026-10-07T00:16:39.2250778Z 
2026-10-07T00:16:39.2251229Z test result: ok. 5 passed; 0 failed; 0 ignored; 0 measured; 0 filtered out; finished in 2.09s
2026-10-07T00:16:39.2251869Z 
2026-10-07T00:16:39.2279216Z [1m[92m     Running[0m tests\output_safety.rs (target\debug\deps\output_safety-a7efc5fb2c56565e.exe)
2026-10-07T00:16:39.2380670Z 
2026-10-07T00:16:39.2381438Z running 9 tests
2026-10-07T00:16:39.2599808Z test aliased_generated_outputs_are_rejected_without_partial_writes ... ok
2026-10-07T00:16:39.2634004Z test custom_project_manifest_is_protected_before_generated_outputs ... ok
2026-10-07T00:16:39.2827304Z test build_preflights_rust_adapter_before_writing_any_generated_files ... ok
2026-10-07T00:16:39.3075986Z test include_text_assets_are_protected_in_generated_and_map_outputs ... ok
2026-10-07T00:16:39.3964295Z test loaded_empty_module_filters_produce_empty_type_and_call_graphs ... ok
2026-10-07T00:16:39.4147494Z test every_generated_file_rejects_a_hard_link_to_an_imported_source ... ok
2026-10-07T00:16:39.4248272Z test native_low_is_not_replaced_by_check_or_lower_output ... ok
2026-10-07T00:16:39.4957325Z test repeated_checks_and_build_preparation_keep_existing_generated_outputs_usable ... ok
2026-10-07T00:16:39.8874227Z test map_formats_protect_hard_links_to_sources_manifest_and_rust_adapter ... ok
2026-10-07T00:16:39.8874627Z 
2026-10-07T00:16:39.8875040Z test result: ok. 9 passed; 0 failed; 0 ignored; 0 measured; 0 filtered out; finished in 0.65s
2026-10-07T00:16:39.8875386Z 
2026-10-07T00:16:39.8897733Z [1m[92m     Running[0m tests\project.rs (target\debug\deps\project-9e520d0d0054463b.exe)
2026-10-07T00:16:39.9001859Z 
2026-10-07T00:16:39.9002798Z running 12 tests
2026-10-07T00:16:39.9329308Z test actual_cli_manifest_and_import_errors_point_to_original_files ... ok
2026-10-07T00:16:39.9367958Z test cli_overrides_scalars_and_dependency_versions_and_adds_native_files ... ok
2026-10-07T00:16:39.9463163Z test dependency_alias_collision_across_manifest_and_cli_is_rejected ... ok
2026-10-07T00:16:39.9716527Z test actual_cli_checks_entry_with_low_support_from_a_subdirectory ... ok
2026-10-07T00:16:39.9745932Z test explicit_source_keeps_legacy_behavior_even_next_to_a_broken_manifest ... ok
2026-10-07T00:16:39.9764138Z test invalid_commands_and_flags_fail_before_loading_sources ... ok
2026-10-07T00:16:39.9860701Z test manifest_typos_wrong_types_duplicates_and_empty_paths_are_rejected ... ok
2026-10-07T00:16:39.9924963Z test nearest_project_uses_manifest_relative_paths_from_any_subdirectory ... ok
2026-10-07T00:16:39.9939531Z test rust_diagnostic_details_are_an_explicit_build_or_run_option ... ok
2026-10-07T00:16:43.3935489Z test escaped_record_and_route_names_preserve_json_sqlite_and_rust_bridges ... ok
2026-10-07T00:16:44.1385999Z test a_borrowed_record_field_does_not_block_moving_a_disjoint_field ... ok
2026-10-07T00:17:39.9004416Z test actual_run_uses_rust_dependencies_and_a_stable_project_working_directory has been running for over 60 seconds
2026-10-07T00:17:43.8725639Z test actual_run_uses_rust_dependencies_and_a_stable_project_working_directory ... ok
2026-10-07T00:17:43.8726363Z 
2026-10-07T00:17:43.8726989Z test result: ok. 12 passed; 0 failed; 0 ignored; 0 measured; 0 filtered out; finished in 63.97s
2026-10-07T00:17:43.8727465Z 
2026-10-07T00:17:43.8753394Z [1m[92m     Running[0m tests\scope_runtime_contract.rs (target\debug\deps\scope_runtime_contract-74ab5dd60fa7be06.exe)
2026-10-07T00:17:43.8862442Z 
2026-10-07T00:17:43.8863131Z running 1 test
2026-10-07T00:17:54.9446541Z test generated_scope_failure_and_cancellation_contract_runs_with_the_real_runtime ... ok
2026-10-07T00:17:54.9447036Z 
2026-10-07T00:17:54.9447512Z test result: ok. 1 passed; 0 failed; 0 ignored; 0 measured; 0 filtered out; finished in 11.06s
2026-10-07T00:17:54.9447902Z 
2026-10-07T00:17:54.9472923Z [1m[92m     Running[0m tests\shared_field_moves.rs (target\debug\deps\shared_field_moves-b0cc826b0cd00315.exe)
2026-10-07T00:17:54.9572936Z 
2026-10-07T00:17:54.9573274Z running 4 tests
2026-10-07T00:17:54.9942271Z test nested_shared_parents_and_call_temporaries_cannot_supply_owned_fields ... ok
2026-10-07T00:17:55.0225877Z test shared_field_moves_are_rejected_in_each_consuming_context_in_high_and_handwritten_low ... ok
2026-10-07T00:17:55.0478549Z test invalid_shared_field_moves_fail_before_check_build_or_run_needs_cargo ... ok
2026-10-07T00:17:56.6653831Z test valid_arc_moves_copy_fields_and_explicit_copies_run_in_high_and_independent_low ... ok
2026-10-07T00:17:56.6654625Z 
2026-10-07T00:17:56.6655326Z test result: ok. 4 passed; 0 failed; 0 ignored; 0 measured; 0 filtered out; finished in 1.71s
2026-10-07T00:17:56.6655862Z 
2026-10-07T00:17:56.6680424Z [1m[92m     Running[0m tests\shared_target.rs (target\debug\deps\shared_target-7fbf1e19ba2aeca3.exe)
2026-10-07T00:17:56.6778702Z 
2026-10-07T00:17:56.6779279Z running 3 tests
2026-10-07T00:17:56.6866932Z test repeated_timestamps_keep_fixture_ownership_distinct ... ok
2026-10-07T00:17:59.4932007Z test default_shared_targets_keep_application_identity_stable_and_generations_distinct ... ok
2026-10-07T00:17:59.5017358Z test explicitly_shared_targets_keep_application_identity_stable_and_generations_distinct ... ok
2026-10-07T00:17:59.5018075Z 
2026-10-07T00:17:59.5018590Z test result: ok. 3 passed; 0 failed; 0 ignored; 0 measured; 0 filtered out; finished in 2.82s
2026-10-07T00:17:59.5019183Z 
2026-10-07T00:17:59.5043527Z [1m[92m     Running[0m tests\task_handles.rs (target\debug\deps\task_handles-10d38687a636e30c.exe)
2026-10-07T00:17:59.5149334Z 
2026-10-07T00:17:59.5150095Z running 8 tests
2026-10-07T00:17:59.5546450Z test canonical_task_metadata_survives_saved_low_and_user_task_names ... ok
2026-10-07T00:17:59.6069871Z test raw_check_registers_contextual_task_and_preserves_obligation ... ok
2026-10-07T00:18:21.2042968Z test native_business_fault_cleanup_and_branch_contracts ... ok
2026-10-07T00:18:22.2970804Z test task_conditional_consumption::always_evaluated_receipts_and_lazy_values_run_in_three_sources ... ok
2026-10-07T00:18:28.5465322Z test bounded_generated_task_paths_reach_native ... ok
2026-10-07T00:18:57.5520159Z test task_service::legacy_supervisor_terminal_and_normal_shutdown_reach_real_http ... ok
2026-10-07T00:18:59.5168920Z test positive_contracts_build_and_run_high_saved_and_handwritten_low has been running for over 60 seconds
2026-10-07T00:19:17.3178029Z test task_service_s2::typed_monitor_preserves_service_errors_shutdown_and_parent_drop ... ok
2026-10-07T00:19:18.2581170Z test positive_contracts_build_and_run_high_saved_and_handwritten_low ... ok
2026-10-07T00:19:18.2581828Z 
2026-10-07T00:19:18.2582461Z test result: ok. 8 passed; 0 failed; 0 ignored; 0 measured; 0 filtered out; finished in 78.74s
2026-10-07T00:19:18.2584346Z 
2026-10-07T00:19:18.2620069Z [1m[92m     Running[0m tests\view_branch_rebinding.rs (target\debug\deps\view_branch_rebinding-421816dacfd1947c.exe)
2026-10-07T00:19:18.2726567Z 
2026-10-07T00:19:18.2727313Z running 4 tests
2026-10-07T00:19:18.2814774Z test local_views_still_cannot_escape_a_terminating_or_continuing_branch ... ok
2026-10-07T00:19:18.2823046Z test terminating_parent_blocks_respect_loop_and_pattern_binding_names ... ok
2026-10-07T00:19:18.2862921Z test branch_copies_are_synthetic_and_preserve_public_and_callback_lifetimes ... ok
2026-10-07T00:19:19.6239698Z test terminating_view_updates_compile_and_run_in_high_saved_low_and_handwritten_low ... ok
2026-10-07T00:19:19.6240551Z 
2026-10-07T00:19:19.6241171Z test result: ok. 4 passed; 0 failed; 0 ignored; 0 measured; 0 filtered out; finished in 1.35s
2026-10-07T00:19:19.6241777Z 
2026-10-07T00:19:19.6266679Z [1m[92m     Running[0m tests\view_container_drop.rs (target\debug\deps\view_container_drop-2a73289792cdb7a0.exe)
2026-10-07T00:19:19.6377895Z 
2026-10-07T00:19:19.6378689Z running 1 test
2026-10-07T00:19:21.6863391Z test local_view_container_replacement_preserves_allocations_and_drop_order ... ok
2026-10-07T00:19:21.6864143Z 
2026-10-07T00:19:21.6864882Z test result: ok. 1 passed; 0 failed; 0 ignored; 0 measured; 0 filtered out; finished in 2.05s
2026-10-07T00:19:21.6865747Z 
2026-10-07T00:19:21.6893645Z [1m[92m     Running[0m tests\view_container_rebinding.rs (target\debug\deps\view_container_rebinding-cf1c5d9566e04700.exe)
2026-10-07T00:19:21.7001899Z 
2026-10-07T00:19:21.7002710Z running 4 tests
2026-10-07T00:19:21.7180712Z test local_container_escape_stays_rejected_in_high_and_low ... ok
2026-10-07T00:19:22.0438288Z test restore_rhs_keeps_its_source_line_and_generated_slots_are_synthetic ... ok
2026-10-07T00:19:22.3991046Z test move_phi_and_mutation_fixtures_use_the_container_flow_plan ... ok
2026-10-07T00:19:23.9318540Z test owning_view_container_rebinding_runs_in_high_saved_low_and_handwritten_low ... ok
2026-10-07T00:19:23.9319032Z 
2026-10-07T00:19:23.9319455Z test result: ok. 4 passed; 0 failed; 0 ignored; 0 measured; 0 filtered out; finished in 2.23s
2026-10-07T00:19:23.9319896Z 
2026-10-07T00:19:23.9349042Z [1m[92m     Running[0m tests\view_flow_completion.rs (target\debug\deps\view_flow_completion-00b9c4feb2844757.exe)
2026-10-07T00:19:23.9455582Z 
2026-10-07T00:19:23.9456138Z running 3 tests
2026-10-07T00:19:23.9497172Z test completion_keeps_local_and_iterator_owner_escape_rejections ... ok
2026-10-07T00:19:23.9706108Z test scopes_keep_lexical_storage_and_route_nested_errors ... ok
2026-10-07T00:19:26.1733637Z test owned_storage_loops_and_async_compile_and_run_in_all_source_forms ... ok
2026-10-07T00:19:26.1734054Z 
2026-10-07T00:19:26.1734532Z test result: ok. 3 passed; 0 failed; 0 ignored; 0 measured; 0 filtered out; finished in 2.23s
2026-10-07T00:19:26.1735408Z 
2026-10-07T00:19:26.1760952Z [1m[92m     Running[0m tests\view_flow_foundation.rs (target\debug\deps\view_flow_foundation-1fa7808fcef7d4fc.exe)
2026-10-07T00:19:26.1867650Z 
2026-10-07T00:19:26.1868374Z running 2 tests
2026-10-07T00:19:26.2344734Z test observer_lowering_does_not_accept_local_owner_escapes ... ok
2026-10-07T00:19:28.1001185Z test return_observers_and_match_edges_compile_and_run_in_all_source_forms ... ok
2026-10-07T00:19:28.1001733Z 
2026-10-07T00:19:28.1002210Z test result: ok. 2 passed; 0 failed; 0 ignored; 0 measured; 0 filtered out; finished in 1.91s
2026-10-07T00:19:28.1002604Z 
2026-10-07T00:19:28.2385336Z ##[group]Run cargo test --locked -p nagic --test sqlite_contract_inputs
2026-10-07T00:19:28.2386172Z [36;1mcargo test --locked -p nagic --test sqlite_contract_inputs[0m
2026-10-07T00:19:28.2461822Z shell: C:\Program Files\PowerShell\7\pwsh.EXE -command ". '{0}'"
2026-10-07T00:19:28.2462575Z env:
2026-10-07T00:19:28.2462928Z   NAGI_FAILURE_DIR: D:\a\Nagi\Nagi/build/compiler-failures
2026-10-07T00:19:28.2463387Z   CARGO_HOME: C:\Users\runneradmin\.cargo
2026-10-07T00:19:28.2463914Z   CARGO_INCREMENTAL: 0
2026-10-07T00:19:28.2464223Z   CARGO_TERM_COLOR: always
2026-10-07T00:19:28.2464595Z   pythonLocation: C:\hostedtoolcache\windows\Python\3.12.10\x64
2026-10-07T00:19:28.2465120Z   PKG_CONFIG_PATH: C:\hostedtoolcache\windows\Python\3.12.10\x64/lib/pkgconfig
2026-10-07T00:19:28.2465655Z   Python_ROOT_DIR: C:\hostedtoolcache\windows\Python\3.12.10\x64
2026-10-07T00:19:28.2466134Z   Python2_ROOT_DIR: C:\hostedtoolcache\windows\Python\3.12.10\x64
2026-10-07T00:19:28.2466684Z   Python3_ROOT_DIR: C:\hostedtoolcache\windows\Python\3.12.10\x64
2026-10-07T00:19:28.2467041Z ##[endgroup]
2026-10-07T00:19:28.6151929Z [1m[92m   Compiling[0m nagic v0.1.10 (D:\a\Nagi\Nagi\compiler)
2026-10-07T00:19:29.5618441Z [1m[92m    Finished[0m `test` profile [unoptimized + debuginfo] target(s) in 1.01s
2026-10-07T00:19:29.5668906Z [1m[92m     Running[0m tests\sqlite_contract_inputs.rs (target\debug\deps\sqlite_contract_inputs-82505a3033826fca.exe)
2026-10-07T00:19:29.5791724Z 
2026-10-07T00:19:29.5792677Z running 2 tests
2026-10-07T00:19:29.5854434Z test planned_rejection_anchors_identify_original_fixture_lines_and_lexer_tokens ... ok
2026-10-07T00:19:29.5873599Z test every_planned_high_and_handwritten_low_input_parses_before_module_resolution ... ok
2026-10-07T00:19:29.5874290Z 
2026-10-07T00:19:29.5874832Z test result: ok. 2 passed; 0 failed; 0 ignored; 0 measured; 0 filtered out; finished in 0.01s
2026-10-07T00:19:29.5875906Z 
2026-10-07T00:19:29.7394257Z ##[group]Run set -o pipefail
2026-10-07T00:19:29.7394797Z [36;1mset -o pipefail[0m
2026-10-07T00:19:29.7395315Z [36;1mcargo test --locked -p nagi-runtime --lib task::tests:: 2>&1 | tee "$RUNNER_TEMP/task-runtime.log"[0m
2026-10-07T00:19:29.7396351Z [36;1mpython -c 'import pathlib,re,os; text=pathlib.Path(os.environ["RUNNER_TEMP"],"task-runtime.log").read_text(); assert re.search(r"test result: ok\. 17 passed; 0 failed; 0 ignored;",text),text'[0m
2026-10-07T00:19:29.7397172Z [36;1mcargo test --locked -p nagi-runtime --test task_handles[0m
2026-10-07T00:19:29.7397607Z [36;1mcargo test --locked -p nagi-runtime --doc[0m
2026-10-07T00:19:29.7412508Z shell: C:\Program Files\Git\bin\bash.EXE --noprofile --norc -e -o pipefail {0}
2026-10-07T00:19:29.7412972Z env:
2026-10-07T00:19:29.7413400Z   NAGI_FAILURE_DIR: D:\a\Nagi\Nagi/build/compiler-failures
2026-10-07T00:19:29.7413913Z   CARGO_HOME: C:\Users\runneradmin\.cargo
2026-10-07T00:19:29.7414467Z   CARGO_INCREMENTAL: 0
2026-10-07T00:19:29.7414808Z   CARGO_TERM_COLOR: always
2026-10-07T00:19:29.7415286Z   pythonLocation: C:\hostedtoolcache\windows\Python\3.12.10\x64
2026-10-07T00:19:29.7415783Z   PKG_CONFIG_PATH: C:\hostedtoolcache\windows\Python\3.12.10\x64/lib/pkgconfig
2026-10-07T00:19:29.7416309Z   Python_ROOT_DIR: C:\hostedtoolcache\windows\Python\3.12.10\x64
2026-10-07T00:19:29.7416755Z   Python2_ROOT_DIR: C:\hostedtoolcache\windows\Python\3.12.10\x64
2026-10-07T00:19:29.7417195Z   Python3_ROOT_DIR: C:\hostedtoolcache\windows\Python\3.12.10\x64
2026-10-07T00:19:29.7417562Z ##[endgroup]
2026-10-07T00:19:29.9422982Z [1m[92m   Compiling[0m nagi-runtime v0.1.10 (D:\a\Nagi\Nagi\runtime)
2026-10-07T00:19:55.4216527Z [1m[92m    Finished[0m `test` profile [unoptimized + debuginfo] target(s) in 25.59s
2026-10-07T00:19:55.4355169Z [1m[92m     Running[0m unittests src\lib.rs (target\debug\deps\nagi_runtime-1844b12ba3823293.exe)
2026-10-07T00:19:55.4512414Z 
2026-10-07T00:19:55.4513439Z running 17 tests
2026-10-07T00:19:55.4515311Z test task::tests::fault_return_waits_for_requested_sibling_cleanup_and_actual_join ... ok
2026-10-07T00:19:55.4516395Z test task::tests::cancelled_drain_can_resume_after_child_drop_gate ... ok
2026-10-07T00:19:55.4517247Z test task::tests::discard_keeps_fault_and_legacy_error_observation ... ok
2026-10-07T00:19:55.4518124Z test task::tests::fake_native_id_reuse_does_not_mix_unreceived_tickets_and_retire_records ... ok
2026-10-07T00:19:55.4519181Z test task::tests::parent_drop_requests_abort_but_does_not_report_child_destruction_complete ... ok
2026-10-07T00:19:55.4520292Z test task::tests::legacy_structured_cause_preserves_kind_message_and_primary_after_later_fault ... ok
2026-10-07T00:19:55.4521459Z test task::tests::heterogeneous_results_and_business_error_keep_sibling_healthy ... ok
2026-10-07T00:19:55.4522044Z test task::tests::received_fault_remains_sticky_at_scope_exit ... ok
2026-10-07T00:19:55.4522583Z test task::tests::receiver_notification_cannot_replace_actual_join ... ok
2026-10-07T00:19:55.4523245Z test task::tests::payload_drop_locations_distinguish_failed_send_buffer_and_received_value ... ok
2026-10-07T00:19:55.4524034Z test task::tests::requested_cancel_does_not_hide_already_returned_legacy_error ... ok
2026-10-07T00:19:55.4524921Z test task::tests::requested_cancel_preserves_panic_and_unrequested_cancel_is_fault ... ok
2026-10-07T00:19:55.4525628Z test task::tests::spawn_after_fault_keeps_input_evaluation_and_actual_join_responsibility ... ok
2026-10-07T00:19:55.4526288Z test task::tests::target_other_than_first_join_and_body_error_primary_are_preserved ... ok
2026-10-07T00:19:55.4526915Z test task::tests::unpolled_and_pending_receive_drop_keep_scope_join_responsibility ... ok
2026-10-07T00:19:55.4527591Z test task::tests::wrong_owner_and_missing_output_are_protocol_errors_without_stolen_join ... ok
2026-10-07T00:19:55.4533056Z test task::tests::sticky_receive_retires_its_joined_ticket ... ok
2026-10-07T00:19:55.4534009Z 
2026-10-07T00:19:55.4536863Z test result: ok. 17 passed; 0 failed; 0 ignored; 0 measured; 191 filtered out; finished in 0.01s
2026-10-07T00:19:55.4537510Z 
2026-10-07T00:19:55.8538380Z [1m[92m   Compiling[0m nagi-runtime v0.1.10 (D:\a\Nagi\Nagi\runtime)
2026-10-07T00:20:01.6487879Z [1m[92m    Finished[0m `test` profile [unoptimized + debuginfo] target(s) in 6.02s
2026-10-07T00:20:01.6563025Z [1m[92m     Running[0m tests\task_handles.rs (target\debug\deps\task_handles-165f73147a206c3f.exe)
2026-10-07T00:20:01.6676660Z 
2026-10-07T00:20:01.6677233Z running 3 tests
2026-10-07T00:20:01.6702571Z test public_task_results_keep_business_error_inside_and_legacy_error_at_exit ... ok
2026-10-07T00:20:01.6703452Z test public_mixed_legacy_failure_keeps_failure_category_and_native_exit_error ... ok
2026-10-07T00:20:01.6704146Z test public_failure_getters_keep_fault_sticky_after_receive ... ok
2026-10-07T00:20:01.6704562Z 
2026-10-07T00:20:01.6705002Z test result: ok. 3 passed; 0 failed; 0 ignored; 0 measured; 0 filtered out; finished in 0.00s
2026-10-07T00:20:01.6705650Z 
2026-10-07T00:20:01.8296123Z [1m[92m    Finished[0m `test` profile [unoptimized + debuginfo] target(s) in 0.10s
2026-10-07T00:20:01.8365167Z [1m[92m   Doc-tests[0m nagi_runtime
2026-10-07T00:20:02.4994004Z 
2026-10-07T00:20:02.4994640Z running 9 tests
2026-10-07T00:20:02.6166874Z test runtime\src\auth.rs - auth::Principal (line 13) - compile fail ... ok
2026-10-07T00:20:02.6247420Z test runtime\src\auth.rs - auth::Grant (line 53) - compile fail ... ok
2026-10-07T00:20:02.6587364Z test runtime\src\auth.rs - auth::Grant (line 48) - compile fail ... ok
2026-10-07T00:20:02.6710598Z test runtime\src\auth.rs - auth::Principal (line 16) - compile fail ... ok
2026-10-07T00:20:02.7338233Z test runtime\src\auth.rs - auth::Principal (line 20) - compile fail ... ok
2026-10-07T00:20:02.7729302Z test runtime\src\task.rs - task::Task (line 87) - compile fail ... ok
2026-10-07T00:20:02.7816901Z test runtime\src\task.rs - task::Task (line 83) - compile fail ... ok
2026-10-07T00:20:02.7881482Z test runtime\src\task.rs - task::Task (line 94) - compile fail ... ok
2026-10-07T00:20:02.8596757Z test runtime\src\task.rs - task::TaskFailure (line 59) - compile fail ... ok
2026-10-07T00:20:02.8597222Z 
2026-10-07T00:20:02.8598155Z test result: ok. 9 passed; 0 failed; 0 ignored; 0 measured; 0 filtered out; finished in 0.36s
2026-10-07T00:20:02.8598601Z 
2026-10-07T00:20:02.9014248Z ##[group]Run cargo run --locked -p nagic --example task-contract-red -- --report "$RUNNER_TEMP/task-contracts.json"
2026-10-07T00:20:02.9015341Z [36;1mcargo run --locked -p nagic --example task-contract-red -- --report "$RUNNER_TEMP/task-contracts.json"[0m
2026-10-07T00:20:02.9030953Z shell: C:\Program Files\Git\bin\bash.EXE --noprofile --norc -e -o pipefail {0}
2026-10-07T00:20:02.9031417Z env:
2026-10-07T00:20:02.9031769Z   NAGI_FAILURE_DIR: D:\a\Nagi\Nagi/build/compiler-failures
2026-10-07T00:20:02.9032327Z   CARGO_HOME: C:\Users\runneradmin\.cargo
2026-10-07T00:20:02.9032733Z   CARGO_INCREMENTAL: 0
2026-10-07T00:20:02.9033468Z   CARGO_TERM_COLOR: always
2026-10-07T00:20:02.9033981Z   pythonLocation: C:\hostedtoolcache\windows\Python\3.12.10\x64
2026-10-07T00:20:02.9034507Z   PKG_CONFIG_PATH: C:\hostedtoolcache\windows\Python\3.12.10\x64/lib/pkgconfig
2026-10-07T00:20:02.9035049Z   Python_ROOT_DIR: C:\hostedtoolcache\windows\Python\3.12.10\x64
2026-10-07T00:20:02.9035612Z   Python2_ROOT_DIR: C:\hostedtoolcache\windows\Python\3.12.10\x64
2026-10-07T00:20:02.9036071Z   Python3_ROOT_DIR: C:\hostedtoolcache\windows\Python\3.12.10\x64
2026-10-07T00:20:02.9036445Z ##[endgroup]
2026-10-07T00:20:03.1382739Z [1m[92m   Compiling[0m nagic v0.1.10 (D:\a\Nagi\Nagi\compiler)
2026-10-07T00:20:04.0969159Z [1m[92m    Finished[0m `dev` profile [unoptimized + debuginfo] target(s) in 1.10s
2026-10-07T00:20:04.1019981Z [1m[92m     Running[0m `target\debug\examples\task-contract-red.exe --report 'D:\a\_temp/task-contracts.json'`
2026-10-07T00:20:05.1527270Z Task contracts: 148/148 matched; report: D:\a\_temp/task-contracts.json
2026-10-07T00:20:05.1835122Z ##[group]Run python scripts/verify_library_examples.py --only task-results
2026-10-07T00:20:05.1836109Z [36;1mpython scripts/verify_library_examples.py --only task-results[0m
2026-10-07T00:20:05.1907237Z shell: C:\Program Files\PowerShell\7\pwsh.EXE -command ". '{0}'"
2026-10-07T00:20:05.1907677Z env:
2026-10-07T00:20:05.1908108Z   NAGI_FAILURE_DIR: D:\a\Nagi\Nagi/build/compiler-failures
2026-10-07T00:20:05.1908533Z   CARGO_HOME: C:\Users\runneradmin\.cargo
2026-10-07T00:20:05.1908931Z   CARGO_INCREMENTAL: 0
2026-10-07T00:20:05.1909267Z   CARGO_TERM_COLOR: always
2026-10-07T00:20:05.1909766Z   pythonLocation: C:\hostedtoolcache\windows\Python\3.12.10\x64
2026-10-07T00:20:05.1910461Z   PKG_CONFIG_PATH: C:\hostedtoolcache\windows\Python\3.12.10\x64/lib/pkgconfig
2026-10-07T00:20:05.1911217Z   Python_ROOT_DIR: C:\hostedtoolcache\windows\Python\3.12.10\x64
2026-10-07T00:20:05.1911691Z   Python2_ROOT_DIR: C:\hostedtoolcache\windows\Python\3.12.10\x64
2026-10-07T00:20:05.1912278Z   Python3_ROOT_DIR: C:\hostedtoolcache\windows\Python\3.12.10\x64
2026-10-07T00:20:05.1912777Z ##[endgroup]
2026-10-07T00:20:09.8360522Z Passed: task-results (high)
2026-10-07T00:20:12.7952281Z Passed: task-results (saved-low)
2026-10-07T00:20:15.7789577Z Passed: task-results (handwritten-low)
2026-10-07T00:20:15.7931148Z {"forms": 3, "status": "passed"}
2026-10-07T00:20:15.9378851Z ##[group]Run python scripts/verify_library_examples.py --only supervised-service
2026-10-07T00:20:15.9379890Z [36;1mpython scripts/verify_library_examples.py --only supervised-service[0m
2026-10-07T00:20:15.9458238Z shell: C:\Program Files\PowerShell\7\pwsh.EXE -command ". '{0}'"
2026-10-07T00:20:15.9458726Z env:
2026-10-07T00:20:15.9459110Z   NAGI_FAILURE_DIR: D:\a\Nagi\Nagi/build/compiler-failures
2026-10-07T00:20:15.9459628Z   CARGO_HOME: C:\Users\runneradmin\.cargo
2026-10-07T00:20:15.9460020Z   CARGO_INCREMENTAL: 0
2026-10-07T00:20:15.9460364Z   CARGO_TERM_COLOR: always
2026-10-07T00:20:15.9460805Z   pythonLocation: C:\hostedtoolcache\windows\Python\3.12.10\x64
2026-10-07T00:20:15.9461479Z   PKG_CONFIG_PATH: C:\hostedtoolcache\windows\Python\3.12.10\x64/lib/pkgconfig
2026-10-07T00:20:15.9462093Z   Python_ROOT_DIR: C:\hostedtoolcache\windows\Python\3.12.10\x64
2026-10-07T00:20:15.9462658Z   Python2_ROOT_DIR: C:\hostedtoolcache\windows\Python\3.12.10\x64
2026-10-07T00:20:15.9463318Z   Python3_ROOT_DIR: C:\hostedtoolcache\windows\Python\3.12.10\x64
2026-10-07T00:20:15.9463756Z ##[endgroup]
2026-10-07T00:20:28.3669115Z Passed: supervised-service (high)
2026-10-07T00:20:40.1734636Z Passed: supervised-service (saved-low)
2026-10-07T00:20:51.9115519Z Passed: supervised-service (handwritten-low)
2026-10-07T00:20:51.9264763Z {"forms": 3, "status": "passed"}
2026-10-07T00:20:52.0722374Z ##[group]Run python -m unittest discover -s scripts -p 'test_native_artifacts.py'
2026-10-07T00:20:52.0723414Z [36;1mpython -m unittest discover -s scripts -p 'test_native_artifacts.py'[0m
2026-10-07T00:20:52.0804723Z shell: C:\Program Files\PowerShell\7\pwsh.EXE -command ". '{0}'"
2026-10-07T00:20:52.0805151Z env:
2026-10-07T00:20:52.0805489Z   NAGI_FAILURE_DIR: D:\a\Nagi\Nagi/build/compiler-failures
2026-10-07T00:20:52.0805894Z   CARGO_HOME: C:\Users\runneradmin\.cargo
2026-10-07T00:20:52.0806287Z   CARGO_INCREMENTAL: 0
2026-10-07T00:20:52.0807284Z   CARGO_TERM_COLOR: always
2026-10-07T00:20:52.0807620Z   pythonLocation: C:\hostedtoolcache\windows\Python\3.12.10\x64
2026-10-07T00:20:52.0808079Z   PKG_CONFIG_PATH: C:\hostedtoolcache\windows\Python\3.12.10\x64/lib/pkgconfig
2026-10-07T00:20:52.0808728Z   Python_ROOT_DIR: C:\hostedtoolcache\windows\Python\3.12.10\x64
2026-10-07T00:20:52.0809166Z   Python2_ROOT_DIR: C:\hostedtoolcache\windows\Python\3.12.10\x64
2026-10-07T00:20:52.0809650Z   Python3_ROOT_DIR: C:\hostedtoolcache\windows\Python\3.12.10\x64
2026-10-07T00:20:52.0809994Z ##[endgroup]
2026-10-07T00:20:53.3029866Z .........
2026-10-07T00:20:53.3030310Z ----------------------------------------------------------------------
2026-10-07T00:20:53.3030720Z Ran 9 tests in 0.107s
2026-10-07T00:20:53.3030863Z 
2026-10-07T00:20:53.3030967Z OK
2026-10-07T00:20:53.4520359Z ##[group]Run python -m unittest discover -s scripts -p 'test_application_native_tests.py'
2026-10-07T00:20:53.4521124Z [36;1mpython -m unittest discover -s scripts -p 'test_application_native_tests.py'[0m
2026-10-07T00:20:53.4587148Z shell: C:\Program Files\PowerShell\7\pwsh.EXE -command ". '{0}'"
2026-10-07T00:20:53.4588017Z env:
2026-10-07T00:20:53.4588405Z   NAGI_FAILURE_DIR: D:\a\Nagi\Nagi/build/compiler-failures
2026-10-07T00:20:53.4588880Z   CARGO_HOME: C:\Users\runneradmin\.cargo
2026-10-07T00:20:53.4589320Z   CARGO_INCREMENTAL: 0
2026-10-07T00:20:53.4589636Z   CARGO_TERM_COLOR: always
2026-10-07T00:20:53.4590082Z   pythonLocation: C:\hostedtoolcache\windows\Python\3.12.10\x64
2026-10-07T00:20:53.4590697Z   PKG_CONFIG_PATH: C:\hostedtoolcache\windows\Python\3.12.10\x64/lib/pkgconfig
2026-10-07T00:20:53.4591319Z   Python_ROOT_DIR: C:\hostedtoolcache\windows\Python\3.12.10\x64
2026-10-07T00:20:53.4591995Z   Python2_ROOT_DIR: C:\hostedtoolcache\windows\Python\3.12.10\x64
2026-10-07T00:20:53.4592493Z   Python3_ROOT_DIR: C:\hostedtoolcache\windows\Python\3.12.10\x64
2026-10-07T00:20:53.4592860Z ##[endgroup]
2026-10-07T00:20:54.7342785Z .....
2026-10-07T00:20:54.7343327Z ----------------------------------------------------------------------
2026-10-07T00:20:54.7343771Z Ran 5 tests in 0.034s
2026-10-07T00:20:54.7343971Z 
2026-10-07T00:20:54.7344078Z OK
2026-10-07T00:20:54.8597693Z ##[group]Run cargo test --locked -p nagi-runtime oversized_body_ -- --test-threads=1
2026-10-07T00:20:54.8598553Z [36;1mcargo test --locked -p nagi-runtime oversized_body_ -- --test-threads=1[0m
2026-10-07T00:20:54.8666457Z shell: C:\Program Files\PowerShell\7\pwsh.EXE -command ". '{0}'"
2026-10-07T00:20:54.8666902Z env:
2026-10-07T00:20:54.8667312Z   NAGI_FAILURE_DIR: D:\a\Nagi\Nagi/build/compiler-failures
2026-10-07T00:20:54.8667753Z   CARGO_HOME: C:\Users\runneradmin\.cargo
2026-10-07T00:20:54.8668154Z   CARGO_INCREMENTAL: 0
2026-10-07T00:20:54.8668453Z   CARGO_TERM_COLOR: always
2026-10-07T00:20:54.8668836Z   pythonLocation: C:\hostedtoolcache\windows\Python\3.12.10\x64
2026-10-07T00:20:54.8669392Z   PKG_CONFIG_PATH: C:\hostedtoolcache\windows\Python\3.12.10\x64/lib/pkgconfig
2026-10-07T00:20:54.8669951Z   Python_ROOT_DIR: C:\hostedtoolcache\windows\Python\3.12.10\x64
2026-10-07T00:20:54.8670481Z   Python2_ROOT_DIR: C:\hostedtoolcache\windows\Python\3.12.10\x64
2026-10-07T00:20:54.8671061Z   Python3_ROOT_DIR: C:\hostedtoolcache\windows\Python\3.12.10\x64
2026-10-07T00:20:54.8671431Z ##[endgroup]
2026-10-07T00:20:55.2777782Z [1m[92m    Finished[0m `test` profile [unoptimized + debuginfo] target(s) in 0.10s
2026-10-07T00:20:55.2838455Z [1m[92m     Running[0m unittests src\lib.rs (target\debug\deps\nagi_runtime-1844b12ba3823293.exe)
2026-10-07T00:20:55.2909196Z 
2026-10-07T00:20:55.2909755Z running 5 tests
2026-10-07T00:20:55.5137791Z test http_server::tests::oversized_body_boundary_accepts_4096_and_incomplete_upload_keeps_body_deadline ... ok
2026-10-07T00:20:55.5189286Z test http_server::tests::oversized_body_chunked_delivers_413_with_or_without_final_chunk ... ok
2026-10-07T00:20:55.5237380Z test http_server::tests::oversized_body_content_length_delivers_413_without_calling_handler ... ok
2026-10-07T00:20:55.5283084Z test http_server::tests::oversized_body_declared_length_rejects_headers_and_incomplete_upload_promptly ... ok
2026-10-07T00:20:55.5313765Z test http_server::tests::oversized_body_rejects_keep_alive_upload_and_never_dispatches_pipeline ... ok
2026-10-07T00:20:55.5314568Z 
2026-10-07T00:20:55.5315282Z test result: ok. 5 passed; 0 failed; 0 ignored; 0 measured; 203 filtered out; finished in 0.24s
2026-10-07T00:20:55.5315957Z 
2026-10-07T00:20:55.5347755Z [1m[92m     Running[0m tests\task_handles.rs (target\debug\deps\task_handles-165f73147a206c3f.exe)
2026-10-07T00:20:55.5405638Z 
2026-10-07T00:20:55.5406296Z running 0 tests
2026-10-07T00:20:55.5406664Z 
2026-10-07T00:20:55.5407604Z test result: ok. 0 passed; 0 failed; 0 ignored; 0 measured; 3 filtered out; finished in 0.00s
2026-10-07T00:20:55.5408232Z 
2026-10-07T00:20:55.6557348Z ##[group]Run cargo test --locked -p nagi-runtime panic_ -- --test-threads=1
2026-10-07T00:20:55.6558008Z [36;1mcargo test --locked -p nagi-runtime panic_ -- --test-threads=1[0m
2026-10-07T00:20:55.6623348Z shell: C:\Program Files\PowerShell\7\pwsh.EXE -command ". '{0}'"
2026-10-07T00:20:55.6623771Z env:
2026-10-07T00:20:55.6624052Z   NAGI_FAILURE_DIR: D:\a\Nagi\Nagi/build/compiler-failures
2026-10-07T00:20:55.6624420Z   CARGO_HOME: C:\Users\runneradmin\.cargo
2026-10-07T00:20:55.6624722Z   CARGO_INCREMENTAL: 0
2026-10-07T00:20:55.6624944Z   CARGO_TERM_COLOR: always
2026-10-07T00:20:55.6625262Z   pythonLocation: C:\hostedtoolcache\windows\Python\3.12.10\x64
2026-10-07T00:20:55.6625746Z   PKG_CONFIG_PATH: C:\hostedtoolcache\windows\Python\3.12.10\x64/lib/pkgconfig
2026-10-07T00:20:55.6626202Z   Python_ROOT_DIR: C:\hostedtoolcache\windows\Python\3.12.10\x64
2026-10-07T00:20:55.6626606Z   Python2_ROOT_DIR: C:\hostedtoolcache\windows\Python\3.12.10\x64
2026-10-07T00:20:55.6627086Z   Python3_ROOT_DIR: C:\hostedtoolcache\windows\Python\3.12.10\x64
2026-10-07T00:20:55.6627390Z ##[endgroup]
2026-10-07T00:20:56.0831111Z [1m[92m    Finished[0m `test` profile [unoptimized + debuginfo] target(s) in 0.10s
2026-10-07T00:20:56.0898420Z [1m[92m     Running[0m unittests src\lib.rs (target\debug\deps\nagi_runtime-1844b12ba3823293.exe)
2026-10-07T00:20:56.0969493Z 
2026-10-07T00:20:56.0969931Z running 18 tests
2026-10-07T00:20:56.1603497Z test actor::lifecycle_adversarial_tests::a_blocking_panic_payload_destructor_remains_a_retained_child_obligation ... ok
2026-10-07T00:20:56.1613235Z test actor::lifecycle_adversarial_tests::a_factory_constructor_panic_does_not_lose_the_context_cleanup_obligation ... ok
2026-10-07T00:20:56.2234453Z test actor::lifecycle_adversarial_tests::a_finite_follow_on_panic_payload_retains_the_guard_and_context_until_drop_finishes ... ok
2026-10-07T00:20:56.2247577Z test actor::lifecycle_adversarial_tests::a_panic_payload_destructor_can_observe_and_stop_its_group_without_a_lock_cycle ... ok
2026-10-07T00:20:56.2256775Z test actor::lifecycle_adversarial_tests::context_owned_by_a_child_panic_payload_is_cleaned_before_final_context_cleanup ... ok
2026-10-07T00:20:56.2266243Z test concurrent::tests::panic_isolated ... ok
2026-10-07T00:20:56.2447593Z test http::panic_tests::handler_extractor_and_response_panics_return_sanitized_500_for_get_and_head ... ok
2026-10-07T00:20:56.3285065Z test http_server::tests::handler_panic_after_deadline_returns_500_and_releases_admission ... ok
2026-10-07T00:20:56.3308007Z test http_server::tests::panic_tests::http_error_mapper_panic_returns_500 ... ok
2026-10-07T00:20:56.3331186Z test http_server::tests::panic_tests::http_handler_constructor_panic_returns_500 ... ok
2026-10-07T00:20:56.3352885Z test http_server::tests::panic_tests::http_handler_division_by_zero_returns_500_and_server_keeps_serving ... ok
2026-10-07T00:20:56.3375676Z test http_server::tests::panic_tests::http_handler_out_of_bounds_returns_500_and_server_keeps_serving ... ok
2026-10-07T00:20:56.3397371Z test http_server::tests::panic_tests::http_handler_panic_after_await_returns_500_without_exposing_payload ... ok
2026-10-07T00:20:56.3416761Z test http_server::tests::panic_tests::http_handler_panic_head_response_has_no_body ... ok
2026-10-07T00:20:56.3451303Z test sqlite_prototype::adapter_tests::callback_panic_retires_pool_and_join_does_not_hide_native_close_failure ... ok
2026-10-07T00:20:56.3461732Z test sqlite_prototype::tests::management_panic_restores_raii_flag_before_observed_rollback_and_retirement ... ok
2026-10-07T00:20:56.3472930Z test sqlite_prototype::tests::user_callback_panic_restores_management_state_and_retires_worker ... ok
2026-10-07T00:20:56.3483758Z test task::tests::requested_cancel_preserves_panic_and_unrequested_cancel_is_fault ... ok
2026-10-07T00:20:56.3484152Z 
2026-10-07T00:20:56.3484470Z test result: ok. 18 passed; 0 failed; 0 ignored; 0 measured; 190 filtered out; finished in 0.25s
2026-10-07T00:20:56.3484801Z 
2026-10-07T00:20:56.3524360Z [1m[92m     Running[0m tests\task_handles.rs (target\debug\deps\task_handles-165f73147a206c3f.exe)
2026-10-07T00:20:56.3585169Z 
2026-10-07T00:20:56.3585755Z running 0 tests
2026-10-07T00:20:56.3586057Z 
2026-10-07T00:20:56.3586575Z test result: ok. 0 passed; 0 failed; 0 ignored; 0 measured; 3 filtered out; finished in 0.00s
2026-10-07T00:20:56.3587115Z 
2026-10-07T00:20:56.4796905Z ##[group]Run cargo test --locked -p nagi-runtime handler_timeout_ -- --test-threads=1
2026-10-07T00:20:56.4797913Z [36;1mcargo test --locked -p nagi-runtime handler_timeout_ -- --test-threads=1[0m
2026-10-07T00:20:56.4884231Z shell: C:\Program Files\PowerShell\7\pwsh.EXE -command ". '{0}'"
2026-10-07T00:20:56.4884865Z env:
2026-10-07T00:20:56.4885335Z   NAGI_FAILURE_DIR: D:\a\Nagi\Nagi/build/compiler-failures
2026-10-07T00:20:56.4885899Z   CARGO_HOME: C:\Users\runneradmin\.cargo
2026-10-07T00:20:56.4886389Z   CARGO_INCREMENTAL: 0
2026-10-07T00:20:56.4887118Z   CARGO_TERM_COLOR: always
2026-10-07T00:20:56.4887703Z   pythonLocation: C:\hostedtoolcache\windows\Python\3.12.10\x64
2026-10-07T00:20:56.4888475Z   PKG_CONFIG_PATH: C:\hostedtoolcache\windows\Python\3.12.10\x64/lib/pkgconfig
2026-10-07T00:20:56.4889235Z   Python_ROOT_DIR: C:\hostedtoolcache\windows\Python\3.12.10\x64
2026-10-07T00:20:56.4889938Z   Python2_ROOT_DIR: C:\hostedtoolcache\windows\Python\3.12.10\x64
2026-10-07T00:20:56.4890602Z   Python3_ROOT_DIR: C:\hostedtoolcache\windows\Python\3.12.10\x64
2026-10-07T00:20:56.4891078Z ##[endgroup]
2026-10-07T00:20:56.9075157Z [1m[92m    Finished[0m `test` profile [unoptimized + debuginfo] target(s) in 0.10s
2026-10-07T00:20:56.9141683Z [1m[92m     Running[0m unittests src\lib.rs (target\debug\deps\nagi_runtime-1844b12ba3823293.exe)
2026-10-07T00:20:56.9212215Z 
2026-10-07T00:20:56.9212803Z running 2 tests
2026-10-07T00:20:57.0321109Z test http_server::tests::handler_timeout_cancels_future_and_releases_request_capacity ... ok
2026-10-07T00:20:57.1155778Z test http_server::tests::handler_timeout_rejects_a_ready_response_after_blocking_poll ... ok
2026-10-07T00:20:57.1156330Z 
2026-10-07T00:20:57.1156819Z test result: ok. 2 passed; 0 failed; 0 ignored; 0 measured; 206 filtered out; finished in 0.19s
2026-10-07T00:20:57.1157322Z 
2026-10-07T00:20:57.1187408Z [1m[92m     Running[0m tests\task_handles.rs (target\debug\deps\task_handles-165f73147a206c3f.exe)
2026-10-07T00:20:57.1249901Z 
2026-10-07T00:20:57.1250443Z running 0 tests
2026-10-07T00:20:57.1250765Z 
2026-10-07T00:20:57.1251342Z test result: ok. 0 passed; 0 failed; 0 ignored; 0 measured; 3 filtered out; finished in 0.00s
2026-10-07T00:20:57.1251850Z 
2026-10-07T00:20:57.2442986Z ##[group]Run ./scripts/build_windows_demo.ps1 -Source examples/hello.nagi -Offline
2026-10-07T00:20:57.2443899Z [36;1m./scripts/build_windows_demo.ps1 -Source examples/hello.nagi -Offline[0m
2026-10-07T00:20:57.2444373Z [36;1m$output = & ./build/distribution/nagi-hello.exe[0m
2026-10-07T00:20:57.2444942Z [36;1mif ($LASTEXITCODE -ne 0 -or $output -notcontains 'Hello, Nagi!') { throw 'Packaged Hello failed.' }[0m
2026-10-07T00:20:57.2516551Z shell: C:\Windows\System32\WindowsPowerShell\v1.0\powershell.EXE -command ". '{0}'"
2026-10-07T00:20:57.2517248Z env:
2026-10-07T00:20:57.2517743Z   NAGI_FAILURE_DIR: D:\a\Nagi\Nagi/build/compiler-failures
2026-10-07T00:20:57.2518316Z   CARGO_HOME: C:\Users\runneradmin\.cargo
2026-10-07T00:20:57.2518755Z   CARGO_INCREMENTAL: 0
2026-10-07T00:20:57.2519158Z   CARGO_TERM_COLOR: always
2026-10-07T00:20:57.2519640Z   pythonLocation: C:\hostedtoolcache\windows\Python\3.12.10\x64
2026-10-07T00:20:57.2520451Z   PKG_CONFIG_PATH: C:\hostedtoolcache\windows\Python\3.12.10\x64/lib/pkgconfig
2026-10-07T00:20:57.2521397Z   Python_ROOT_DIR: C:\hostedtoolcache\windows\Python\3.12.10\x64
2026-10-07T00:20:57.2522087Z   Python2_ROOT_DIR: C:\hostedtoolcache\windows\Python\3.12.10\x64
2026-10-07T00:20:57.2522852Z   Python3_ROOT_DIR: C:\hostedtoolcache\windows\Python\3.12.10\x64
2026-10-07T00:20:57.2523494Z ##[endgroup]
2026-10-07T00:21:04.8098477Z [1m[92m    Finished[0m `release` profile [optimized] target(s) in 0.07s
2026-10-07T00:21:06.9454078Z [1m[92m     Locking[0m 107 packages to highest compatible versions
2026-10-07T00:21:06.9482539Z [1m[92m   Compiling[0m proc-macro2 v1.0.107
2026-10-07T00:21:06.9495096Z [1m[92m   Compiling[0m unicode-ident v1.0.26
2026-10-07T00:21:06.9506173Z [1m[92m   Compiling[0m quote v1.0.47
2026-10-07T00:21:06.9521465Z [1m[92m   Compiling[0m bytes v1.12.1
2026-10-07T00:21:06.9533152Z [1m[92m   Compiling[0m itoa v1.0.18
2026-10-07T00:21:06.9545507Z [1m[92m   Compiling[0m pin-project-lite v0.2.17
2026-10-07T00:21:06.9565919Z [1m[92m   Compiling[0m windows-link v0.2.1
2026-10-07T00:21:06.9578341Z [1m[92m   Compiling[0m windows-sys v0.61.2
2026-10-07T00:21:06.9590652Z [1m[92m   Compiling[0m version_check v0.9.5
2026-10-07T00:21:06.9607181Z [1m[92m   Compiling[0m generic-array v0.14.7
2026-10-07T00:21:08.5491055Z [1m[92m   Compiling[0m mio v1.2.4
2026-10-07T00:21:09.9011884Z [1m[92m   Compiling[0m socket2 v0.6.5
2026-10-07T00:21:10.4034122Z [1m[92m   Compiling[0m http v1.5.0
2026-10-07T00:21:10.4078754Z [1m[92m   Compiling[0m typenum v1.20.1
2026-10-07T00:21:11.0425829Z [1m[92m   Compiling[0m cfg-if v1.0.5
2026-10-07T00:21:11.0930588Z [1m[92m   Compiling[0m futures-core v0.3.34
2026-10-07T00:21:11.5452426Z [1m[92m   Compiling[0m syn v3.0.6
2026-10-07T00:21:11.5741257Z [1m[92m   Compiling[0m getrandom v0.3.4
2026-10-07T00:21:11.6149071Z [1m[92m   Compiling[0m zerocopy v0.8.60
2026-10-07T00:21:12.2599126Z [1m[92m   Compiling[0m httparse v1.10.1
2026-10-07T00:21:12.9642066Z [1m[92m   Compiling[0m serde_core v1.0.229
2026-10-07T00:21:13.6923174Z [1m[92m   Compiling[0m log v0.4.34
2026-10-07T00:21:13.9579860Z [1m[92m   Compiling[0m rand_core v0.9.5
2026-10-07T00:21:14.9821712Z [1m[92m   Compiling[0m block-buffer v0.10.4
2026-10-07T00:21:15.2265343Z [1m[92m   Compiling[0m crypto-common v0.1.7
2026-10-07T00:21:15.3752562Z [1m[92m   Compiling[0m http-body v1.1.0
2026-10-07T00:21:15.6012356Z [1m[92m   Compiling[0m thiserror v2.0.21
2026-10-07T00:21:16.4267323Z [1m[92m   Compiling[0m shlex v2.0.1
2026-10-07T00:21:16.5078858Z [1m[92m   Compiling[0m once_cell v1.21.4
2026-10-07T00:21:16.8083397Z [1m[92m   Compiling[0m find-msvc-tools v0.1.14
2026-10-07T00:21:17.7876955Z [1m[92m   Compiling[0m tokio-macros v2.7.2
2026-10-07T00:21:17.9180616Z [1m[92m   Compiling[0m futures-macro v0.3.34
2026-10-07T00:21:18.3140612Z [1m[92m   Compiling[0m thiserror-impl v2.0.21
2026-10-07T00:21:18.7265965Z [1m[92m   Compiling[0m tokio v1.53.2
2026-10-07T00:21:19.5038419Z [1m[92m   Compiling[0m cc v1.6.0
2026-10-07T00:21:19.7592009Z [1m[92m   Compiling[0m ppv-lite86 v0.2.21
2026-10-07T00:21:20.3075405Z [1m[92m   Compiling[0m rand_chacha v0.9.0
2026-10-07T00:21:20.3283186Z [1m[92m   Compiling[0m tracing-core v0.1.36
2026-10-07T00:21:21.3633077Z [1m[92m   Compiling[0m digest v0.10.7
2026-10-07T00:21:21.6315309Z [1m[92m   Compiling[0m cpufeatures v0.2.17
2026-10-07T00:21:21.6810341Z [1m[92m   Compiling[0m serde v1.0.229
2026-10-07T00:21:21.8246477Z [1m[92m   Compiling[0m zmij v1.0.23
2026-10-07T00:21:21.9296413Z [1m[92m   Compiling[0m tower-service v0.3.3
2026-10-07T00:21:22.0509367Z [1m[92m   Compiling[0m vcpkg v0.2.15
2026-10-07T00:21:22.2898207Z [1m[92m   Compiling[0m futures-task v0.3.34
2026-10-07T00:21:22.3712398Z [1m[92m   Compiling[0m pkg-config v0.3.34
2026-10-07T00:21:22.5041631Z [1m[92m   Compiling[0m smallvec v1.16.2
2026-10-07T00:21:22.8327215Z [1m[92m   Compiling[0m slab v0.4.12
2026-10-07T00:21:23.0761915Z [1m[92m   Compiling[0m futures-sink v0.3.34
2026-10-07T00:21:23.1173164Z [1m[92m   Compiling[0m libsqlite3-sys v0.38.2
2026-10-07T00:21:23.1583873Z [1m[92m   Compiling[0m futures-util v0.3.34
2026-10-07T00:21:23.1805937Z [1m[92m   Compiling[0m sha1 v0.10.7
2026-10-07T00:21:23.9315271Z [1m[92m   Compiling[0m tracing v0.1.44
2026-10-07T00:21:23.9689446Z [1m[92m   Compiling[0m rand v0.9.5
2026-10-07T00:21:24.5422740Z [1m[92m   Compiling[0m serde_derive v1.0.229
2026-10-07T00:21:25.2770598Z [1m[92m   Compiling[0m tower-layer v0.3.3
2026-10-07T00:21:25.4658278Z [1m[92m   Compiling[0m httpdate v1.0.3
2026-10-07T00:21:26.0075729Z [1m[92m   Compiling[0m foldhash v0.2.0
2026-10-07T00:21:26.4215156Z [1m[92m   Compiling[0m atomic-waker v1.1.2
2026-10-07T00:21:26.5598555Z [1m[92m   Compiling[0m data-encoding v2.11.1
2026-10-07T00:21:27.3301234Z [1m[92m   Compiling[0m percent-encoding v2.3.2
2026-10-07T00:21:27.6971737Z [1m[92m   Compiling[0m sync_wrapper v1.0.2
2026-10-07T00:21:27.7851119Z [1m[92m   Compiling[0m serde_json v1.0.151
2026-10-07T00:21:28.1717857Z [1m[92m   Compiling[0m form_urlencoded v1.2.2
2026-10-07T00:21:28.6068053Z [1m[92m   Compiling[0m tungstenite v0.29.0
2026-10-07T00:21:30.6031934Z [1m[92m   Compiling[0m hyper v1.12.0
2026-10-07T00:21:32.0329971Z [1m[92m   Compiling[0m hashbrown v0.17.1
2026-10-07T00:21:33.4359504Z [1m[92m   Compiling[0m http-body-util v0.1.5
2026-10-07T00:21:33.8119199Z [1m[92m   Compiling[0m mime v0.3.17
2026-10-07T00:21:33.8340413Z [1m[92m   Compiling[0m memchr v2.8.3
2026-10-07T00:21:35.8336325Z [1m[92m   Compiling[0m ryu v1.0.23
2026-10-07T00:21:36.8636573Z [1m[92m   Compiling[0m serde_urlencoded v0.7.1
2026-10-07T00:21:37.2809880Z [1m[92m   Compiling[0m axum-core v0.5.6
2026-10-07T00:21:37.3647139Z [1m[92m   Compiling[0m hashlink v0.12.2
2026-10-07T00:21:38.7294471Z [1m[92m   Compiling[0m hyper-util v0.1.21
2026-10-07T00:21:40.7654528Z [1m[92m   Compiling[0m tokio-tungstenite v0.29.0
2026-10-07T00:21:41.8294393Z [1m[92m   Compiling[0m tower v0.5.3
2026-10-07T00:21:42.9552234Z [1m[92m   Compiling[0m deadpool-runtime v0.3.1
2026-10-07T00:21:43.5225582Z [1m[92m   Compiling[0m serde_path_to_error v0.1.20
2026-10-07T00:21:43.6073062Z [1m[92m   Compiling[0m matchit v0.8.4
2026-10-07T00:21:44.2058136Z [1m[92m   Compiling[0m base64 v0.22.1
2026-10-07T00:21:44.6143651Z [1m[92m   Compiling[0m fallible-iterator v0.3.0
2026-10-07T00:21:45.7596609Z [1m[92m   Compiling[0m fallible-streaming-iterator v0.1.9
2026-10-07T00:21:45.8267478Z [1m[92m   Compiling[0m bitflags v2.13.2
2026-10-07T00:21:45.9455185Z [1m[92m   Compiling[0m axum v0.8.9
2026-10-07T00:21:46.6636727Z [1m[92m   Compiling[0m deadpool v0.13.1
2026-10-07T00:21:46.6637673Z [1m[92m   Compiling[0m bumpalo v3.20.3
2026-10-07T00:22:03.4065151Z [1m[92m   Compiling[0m rusqlite v0.40.2
2026-10-07T00:22:04.4348515Z [1m[92m   Compiling[0m nagi-runtime v0.1.10 (D:\a\Nagi\Nagi\runtime)
2026-10-07T00:22:13.6493175Z [1m[92m   Compiling[0m nagi-hello-1c070a4da5390ed1 v0.1.0 (D:\a\Nagi\Nagi\build\hello\.nagi\apps\nagi-hello-1c070a4da5390ed1\generations\.staging-g-96c-18dc1762cbc133d0-0)
2026-10-07T00:22:14.4734093Z [1m[92m    Finished[0m `release` profile [optimized] target(s) in 1m 09s
2026-10-07T00:22:14.5198301Z native: \\?\D:\a\Nagi\Nagi\build\hello\.nagi\apps\nagi-hello-1c070a4da5390ed1\generations\g-96c-18dc1762cbc133d0-0\nagi-1c070a4da5390ed1-g-96c-18dc1762cbc133d0-0.exe
2026-10-07T00:22:14.7063517Z EXE: D:\a\Nagi\Nagi\build\distribution\nagi-hello.exe
2026-10-07T00:22:14.7249409Z Size: 1909760 bytes
2026-10-07T00:22:15.1140892Z SHA256: DC76CC4D01A976D69BCA10512958FB522A23D9F655BEF3E1BE8D41584E26CE35
2026-10-07T00:22:15.4027933Z ##[group]Run ./scripts/build_windows_demo.ps1 -Source examples/hello.nagi -Offline
2026-10-07T00:22:15.4028574Z [36;1m./scripts/build_windows_demo.ps1 -Source examples/hello.nagi -Offline[0m
2026-10-07T00:22:15.4028995Z [36;1m$output = & ./build/distribution/nagi-hello.exe[0m
2026-10-07T00:22:15.4029682Z [36;1mif ($LASTEXITCODE -ne 0 -or $output -notcontains 'Hello, Nagi!') { throw 'Packaged Hello failed.' }[0m
2026-10-07T00:22:15.4030176Z [36;1m./test-nagi-code/build_fractal_exe.ps1 -Offline[0m
2026-10-07T00:22:15.4030534Z [36;1m$output = 'q' | & ./build/distribution/nagi-fractal.exe[0m
2026-10-07T00:22:15.4031003Z [36;1mif ($LASTEXITCODE -ne 0 -or -not ($output -match 'Goodbye!')) { throw 'Packaged fractal failed.' }[0m
2026-10-07T00:22:15.4123222Z shell: C:\Program Files\PowerShell\7\pwsh.EXE -command ". '{0}'"
2026-10-07T00:22:15.4123640Z env:
2026-10-07T00:22:15.4123986Z   NAGI_FAILURE_DIR: D:\a\Nagi\Nagi/build/compiler-failures
2026-10-07T00:22:15.4124440Z   CARGO_HOME: C:\Users\runneradmin\.cargo
2026-10-07T00:22:15.4124736Z   CARGO_INCREMENTAL: 0
2026-10-07T00:22:15.4125002Z   CARGO_TERM_COLOR: always
2026-10-07T00:22:15.4125386Z   pythonLocation: C:\hostedtoolcache\windows\Python\3.12.10\x64
2026-10-07T00:22:15.4125921Z   PKG_CONFIG_PATH: C:\hostedtoolcache\windows\Python\3.12.10\x64/lib/pkgconfig
2026-10-07T00:22:15.4126416Z   Python_ROOT_DIR: C:\hostedtoolcache\windows\Python\3.12.10\x64
2026-10-07T00:22:15.4126961Z   Python2_ROOT_DIR: C:\hostedtoolcache\windows\Python\3.12.10\x64
2026-10-07T00:22:15.4127400Z   Python3_ROOT_DIR: C:\hostedtoolcache\windows\Python\3.12.10\x64
2026-10-07T00:22:15.4127701Z ##[endgroup]
2026-10-07T00:22:15.9879274Z [1m[92m    Finished[0m `release` profile [optimized] target(s) in 0.07s
2026-10-07T00:22:16.3452874Z [1m[92m   Compiling[0m nagi-hello-1c070a4da5390ed1 v0.1.0 (D:\a\Nagi\Nagi\build\hello\.nagi\apps\nagi-hello-1c070a4da5390ed1\generations\.staging-g-e14-18dc17735d2e5964-0)
2026-10-07T00:22:16.7691500Z [1m[92m    Finished[0m `release` profile [optimized] target(s) in 0.69s
2026-10-07T00:22:16.7915433Z native: \\?\D:\a\Nagi\Nagi\build\hello\.nagi\apps\nagi-hello-1c070a4da5390ed1\generations\g-e14-18dc17735d2e5964-0\nagi-1c070a4da5390ed1-g-e14-18dc17735d2e5964-0.exe
2026-10-07T00:22:16.8475988Z EXE: D:\a\Nagi\Nagi\build\distribution\nagi-hello.exe
2026-10-07T00:22:16.8657849Z Size: 1909760 bytes
2026-10-07T00:22:16.9836748Z SHA256: 467BB6C23B981D674F8E962ED28E661FDFF3F38500F354931F29EB5B8C859849
2026-10-07T00:22:17.1321332Z [1m[92m    Finished[0m `release` profile [optimized] target(s) in 0.07s
2026-10-07T00:22:17.4063432Z [1m[92m     Locking[0m 107 packages to highest compatible versions
2026-10-07T00:22:17.6948652Z [1m[92m   Compiling[0m proc-macro2 v1.0.107
2026-10-07T00:22:17.6955857Z [1m[92m   Compiling[0m unicode-ident v1.0.26
2026-10-07T00:22:17.6962137Z [1m[92m   Compiling[0m quote v1.0.47
2026-10-07T00:22:17.6971283Z [1m[92m   Compiling[0m bytes v1.12.1
2026-10-07T00:22:17.8572471Z [1m[92m   Compiling[0m pin-project-lite v0.2.17
2026-10-07T00:22:18.0749524Z [1m[92m   Compiling[0m itoa v1.0.18
2026-10-07T00:22:18.3928059Z [1m[92m   Compiling[0m windows-link v0.2.1
2026-10-07T00:22:18.4264608Z [1m[92m   Compiling[0m version_check v0.9.5
2026-10-07T00:22:18.4876607Z [1m[92m   Compiling[0m windows-sys v0.61.2
2026-10-07T00:22:18.8594080Z [1m[92m   Compiling[0m generic-array v0.14.7
2026-10-07T00:22:19.3018060Z [1m[92m   Compiling[0m http v1.5.0
2026-10-07T00:22:19.8764827Z [1m[92m   Compiling[0m syn v3.0.6
2026-10-07T00:22:20.1712896Z [1m[92m   Compiling[0m getrandom v0.3.4
2026-10-07T00:22:20.7322677Z [1m[92m   Compiling[0m zerocopy v0.8.60
2026-10-07T00:22:22.3566386Z [1m[92m   Compiling[0m mio v1.2.4
2026-10-07T00:22:22.4524392Z [1m[92m   Compiling[0m socket2 v0.6.5
2026-10-07T00:22:22.6694792Z [1m[92m   Compiling[0m cfg-if v1.0.5
2026-10-07T00:22:22.8381646Z [1m[92m   Compiling[0m typenum v1.20.1
2026-10-07T00:22:23.7419774Z [1m[92m   Compiling[0m futures-core v0.3.34
2026-10-07T00:22:24.0604870Z [1m[92m   Compiling[0m serde_core v1.0.229
2026-10-07T00:22:24.5475688Z [1m[92m   Compiling[0m httparse v1.10.1
2026-10-07T00:22:24.9081807Z [1m[92m   Compiling[0m log v0.4.34
2026-10-07T00:22:25.2159253Z [1m[92m   Compiling[0m crypto-common v0.1.7
2026-10-07T00:22:25.3186413Z [1m[92m   Compiling[0m block-buffer v0.10.4
2026-10-07T00:22:25.6237155Z [1m[92m   Compiling[0m rand_core v0.9.5
2026-10-07T00:22:25.7735990Z [1m[92m   Compiling[0m tokio-macros v2.7.2
2026-10-07T00:22:25.8927950Z [1m[92m   Compiling[0m http-body v1.1.0
2026-10-07T00:22:26.1683499Z [1m[92m   Compiling[0m once_cell v1.21.4
2026-10-07T00:22:26.4466121Z [1m[92m   Compiling[0m thiserror v2.0.21
2026-10-07T00:22:26.8548180Z [1m[92m   Compiling[0m tokio v1.53.2
2026-10-07T00:22:26.9921090Z [1m[92m   Compiling[0m find-msvc-tools v0.1.14
2026-10-07T00:22:28.5067479Z [1m[92m   Compiling[0m shlex v2.0.1
2026-10-07T00:22:28.8190171Z [1m[92m   Compiling[0m cc v1.6.0
2026-10-07T00:22:30.1959410Z [1m[92m   Compiling[0m tracing-core v0.1.36
2026-10-07T00:22:31.3912874Z [1m[92m   Compiling[0m ppv-lite86 v0.2.21
2026-10-07T00:22:31.5478200Z [1m[92m   Compiling[0m futures-macro v0.3.34
2026-10-07T00:22:31.7485062Z [1m[92m   Compiling[0m thiserror-impl v2.0.21
2026-10-07T00:22:31.9273780Z [1m[92m   Compiling[0m rand_chacha v0.9.0
2026-10-07T00:22:32.6582152Z [1m[92m   Compiling[0m digest v0.10.7
2026-10-07T00:22:32.9116275Z [1m[92m   Compiling[0m pkg-config v0.3.34
2026-10-07T00:22:33.0035799Z [1m[92m   Compiling[0m serde v1.0.229
2026-10-07T00:22:33.4258181Z [1m[92m   Compiling[0m smallvec v1.16.2
2026-10-07T00:22:33.7356352Z [1m[92m   Compiling[0m slab v0.4.12
2026-10-07T00:22:33.8205887Z [1m[92m   Compiling[0m futures-task v0.3.34
2026-10-07T00:22:33.9699784Z [1m[92m   Compiling[0m vcpkg v0.2.15
2026-10-07T00:22:34.1456020Z [1m[92m   Compiling[0m cpufeatures v0.2.17
2026-10-07T00:22:34.2231867Z [1m[92m   Compiling[0m tower-service v0.3.3
2026-10-07T00:22:34.3293803Z [1m[92m   Compiling[0m zmij v1.0.23
2026-10-07T00:22:34.3816625Z [1m[92m   Compiling[0m futures-sink v0.3.34
2026-10-07T00:22:34.5309811Z [1m[92m   Compiling[0m futures-util v0.3.34
2026-10-07T00:22:34.8039375Z [1m[92m   Compiling[0m sha1 v0.10.7
2026-10-07T00:22:34.9267730Z [1m[92m   Compiling[0m libsqlite3-sys v0.38.2
2026-10-07T00:22:35.6384180Z [1m[92m   Compiling[0m rand v0.9.5
2026-10-07T00:22:35.7469818Z [1m[92m   Compiling[0m tracing v0.1.44
2026-10-07T00:22:36.3946304Z [1m[92m   Compiling[0m serde_derive v1.0.229
2026-10-07T00:22:36.9831087Z [1m[92m   Compiling[0m foldhash v0.2.0
2026-10-07T00:22:37.2842483Z [1m[92m   Compiling[0m percent-encoding v2.3.2
2026-10-07T00:22:37.6281817Z [1m[92m   Compiling[0m tower-layer v0.3.3
2026-10-07T00:22:38.0034460Z [1m[92m   Compiling[0m atomic-waker v1.1.2
2026-10-07T00:22:38.0780611Z [1m[92m   Compiling[0m serde_json v1.0.151
2026-10-07T00:22:38.5782321Z [1m[92m   Compiling[0m sync_wrapper v1.0.2
2026-10-07T00:22:38.6467562Z [1m[92m   Compiling[0m data-encoding v2.11.1
2026-10-07T00:22:38.7606295Z [1m[92m   Compiling[0m httpdate v1.0.3
2026-10-07T00:22:39.2366133Z [1m[92m   Compiling[0m tungstenite v0.29.0
2026-10-07T00:22:42.0280279Z [1m[92m   Compiling[0m hyper v1.12.0
2026-10-07T00:22:42.6508542Z [1m[92m   Compiling[0m form_urlencoded v1.2.2
2026-10-07T00:22:43.1477628Z [1m[92m   Compiling[0m hashbrown v0.17.1
2026-10-07T00:22:44.5468119Z [1m[92m   Compiling[0m http-body-util v0.1.5
2026-10-07T00:22:45.0289188Z [1m[92m   Compiling[0m memchr v2.8.3
2026-10-07T00:22:45.0427189Z [1m[92m   Compiling[0m mime v0.3.17
2026-10-07T00:22:46.1202960Z [1m[92m   Compiling[0m ryu v1.0.23
2026-10-07T00:22:47.7710714Z [1m[92m   Compiling[0m serde_urlencoded v0.7.1
2026-10-07T00:22:48.8133376Z [1m[92m   Compiling[0m axum-core v0.5.6
2026-10-07T00:22:49.5415486Z [1m[92m   Compiling[0m hashlink v0.12.2
2026-10-07T00:22:50.6127871Z [1m[92m   Compiling[0m hyper-util v0.1.21
2026-10-07T00:22:52.1238690Z [1m[92m   Compiling[0m tokio-tungstenite v0.29.0
2026-10-07T00:22:53.4820669Z [1m[92m   Compiling[0m tower v0.5.3
2026-10-07T00:22:54.5016784Z [1m[92m   Compiling[0m deadpool-runtime v0.3.1
2026-10-07T00:22:54.9919206Z [1m[92m   Compiling[0m serde_path_to_error v0.1.20
2026-10-07T00:22:55.7755638Z [1m[92m   Compiling[0m matchit v0.8.4
2026-10-07T00:22:56.3161273Z [1m[92m   Compiling[0m bitflags v2.13.2
2026-10-07T00:22:56.7503135Z [1m[92m   Compiling[0m fallible-streaming-iterator v0.1.9
2026-10-07T00:22:57.2638829Z [1m[92m   Compiling[0m base64 v0.22.1
2026-10-07T00:22:57.9095043Z [1m[92m   Compiling[0m fallible-iterator v0.3.0
2026-10-07T00:22:58.4619055Z [1m[92m   Compiling[0m deadpool v0.13.1
2026-10-07T00:22:59.0549741Z [1m[92m   Compiling[0m axum v0.8.9
2026-10-07T00:22:59.4517531Z [1m[92m   Compiling[0m bumpalo v3.20.3
2026-10-07T00:23:14.1435161Z [1m[92m   Compiling[0m rusqlite v0.40.2
2026-10-07T00:23:15.1719467Z [1m[92m   Compiling[0m nagi-runtime v0.1.10 (D:\a\Nagi\Nagi\runtime)
2026-10-07T00:23:24.4707588Z [1m[92m   Compiling[0m nagi-fractal-196ea646f47f2f32 v0.1.0 (D:\a\Nagi\Nagi\build\fractal\.nagi\apps\nagi-fractal-196ea646f47f2f32\generations\.staging-g-1540-18dc1773a07908a4-0)
2026-10-07T00:23:25.0447350Z [1m[92m    Finished[0m `release` profile [optimized] target(s) in 1m 07s
2026-10-07T00:23:25.0851184Z native: \\?\D:\a\Nagi\Nagi\build\fractal\.nagi\apps\nagi-fractal-196ea646f47f2f32\generations\g-1540-18dc1773a07908a4-0\nagi-196ea646f47f2f32-g-1540-18dc1773a07908a4-0.exe
2026-10-07T00:23:25.0917093Z EXE: D:\a\Nagi\Nagi\build\distribution\nagi-fractal.exe
2026-10-07T00:23:25.0921608Z Size: 1901056 bytes
2026-10-07T00:23:25.0951522Z SHA256: 14D16B638E29653BA56B45D4C982BCA3798A36326DBDDF57FCF5694198D9C544
2026-10-07T00:23:25.1669488Z ##[group]Run python scripts/releases/package.py --binary "target/release/$RELEASE_EXECUTABLE" --version "$RELEASE_VERSION" --platform "$RELEASE_PLATFORM"
2026-10-07T00:23:25.1670655Z [36;1mpython scripts/releases/package.py --binary "target/release/$RELEASE_EXECUTABLE" --version "$RELEASE_VERSION" --platform "$RELEASE_PLATFORM"[0m
2026-10-07T00:23:25.1684404Z shell: C:\Program Files\Git\bin\bash.EXE --noprofile --norc -e -o pipefail {0}
2026-10-07T00:23:25.1684783Z env:
2026-10-07T00:23:25.1685064Z   NAGI_FAILURE_DIR: D:\a\Nagi\Nagi/build/compiler-failures
2026-10-07T00:23:25.1685393Z   CARGO_HOME: C:\Users\runneradmin\.cargo
2026-10-07T00:23:25.1685656Z   CARGO_INCREMENTAL: 0
2026-10-07T00:23:25.1685874Z   CARGO_TERM_COLOR: always
2026-10-07T00:23:25.1686171Z   pythonLocation: C:\hostedtoolcache\windows\Python\3.12.10\x64
2026-10-07T00:23:25.1686607Z   PKG_CONFIG_PATH: C:\hostedtoolcache\windows\Python\3.12.10\x64/lib/pkgconfig
2026-10-07T00:23:25.1687092Z   Python_ROOT_DIR: C:\hostedtoolcache\windows\Python\3.12.10\x64
2026-10-07T00:23:25.1687474Z   Python2_ROOT_DIR: C:\hostedtoolcache\windows\Python\3.12.10\x64
2026-10-07T00:23:25.1687843Z   Python3_ROOT_DIR: C:\hostedtoolcache\windows\Python\3.12.10\x64
2026-10-07T00:23:25.1688161Z   RELEASE_VERSION: 0.1.10
2026-10-07T00:23:25.1688399Z   RELEASE_PLATFORM: windows-x86_64
2026-10-07T00:23:25.1688663Z   RELEASE_EXECUTABLE: nagic.exe
2026-10-07T00:23:25.1688895Z ##[endgroup]
2026-10-07T00:23:26.3565325Z D:\a\Nagi\Nagi\build\distribution\nagi-0.1.10-windows-x86_64.zip
2026-10-07T00:23:26.3925401Z ##[group]Run python - <<'PY'
2026-10-07T00:23:26.3925761Z [36;1mpython - <<'PY'[0m
2026-10-07T00:23:26.3926026Z [36;1mimport os, sys[0m
2026-10-07T00:23:26.3926254Z [36;1mfrom pathlib import Path[0m
2026-10-07T00:23:26.3926539Z [36;1msys.path.insert(0, 'scripts/releases')[0m
2026-10-07T00:23:26.3927145Z [36;1mfrom verify import verify[0m
2026-10-07T00:23:26.3927682Z [36;1mversion, platform = os.environ['RELEASE_VERSION'], os.environ['RELEASE_PLATFORM'][0m
2026-10-07T00:23:26.3928120Z [36;1msuffix = '.zip' if os.name == 'nt' else '.tar.gz'[0m
2026-10-07T00:23:26.3928658Z [36;1mverify(Path('build/distribution') / f'nagi-{version}-{platform}{suffix}', version, platform, Path('native-target'))[0m
2026-10-07T00:23:26.3929145Z [36;1mPY[0m
2026-10-07T00:23:26.3940965Z shell: C:\Program Files\Git\bin\bash.EXE --noprofile --norc -e -o pipefail {0}
2026-10-07T00:23:26.3942213Z env:
2026-10-07T00:23:26.3942535Z   NAGI_FAILURE_DIR: D:\a\Nagi\Nagi/build/compiler-failures
2026-10-07T00:23:26.3942862Z   CARGO_HOME: C:\Users\runneradmin\.cargo
2026-10-07T00:23:26.3943123Z   CARGO_INCREMENTAL: 0
2026-10-07T00:23:26.3943342Z   CARGO_TERM_COLOR: always
2026-10-07T00:23:26.3943651Z   pythonLocation: C:\hostedtoolcache\windows\Python\3.12.10\x64
2026-10-07T00:23:26.3944077Z   PKG_CONFIG_PATH: C:\hostedtoolcache\windows\Python\3.12.10\x64/lib/pkgconfig
2026-10-07T00:23:26.3944491Z   Python_ROOT_DIR: C:\hostedtoolcache\windows\Python\3.12.10\x64
2026-10-07T00:23:26.3944888Z   Python2_ROOT_DIR: C:\hostedtoolcache\windows\Python\3.12.10\x64
2026-10-07T00:23:26.3945248Z   Python3_ROOT_DIR: C:\hostedtoolcache\windows\Python\3.12.10\x64
2026-10-07T00:23:26.3945553Z   RELEASE_VERSION: 0.1.10
2026-10-07T00:23:26.3945813Z   RELEASE_PLATFORM: windows-x86_64
2026-10-07T00:23:26.3946053Z   RELEASE_EXECUTABLE: nagic.exe
2026-10-07T00:23:26.3946300Z ##[endgroup]
2026-10-07T00:23:51.3653202Z Verified SQL engine: extracted compiler, offline schema, bad columns/binds, Nagi locations, no Cargo/runtime
2026-10-07T00:23:51.3654545Z Verified 0.1.10 windows-x86_64: PATH, external projects, version, help, function aliases, shared/borrowed JSON, early Nagi diagnostics
2026-10-07T00:23:51.3655819Z Verified local Rust dependency: manifest-relative path, package alias, features, default-features, separate cwd/output
2026-10-07T00:23:51.3658141Z Verified standard actor library: extracted runtime, typed context, task, tracked cleanup
2026-10-07T00:23:51.3659549Z Verified Task handles: extracted compiler/runtime, High/saved Low/handwritten Low, receive/discard, nested business Err, early ownership diagnostics
2026-10-07T00:23:51.3971350Z ##[group]Run python tests/route_integration.py
2026-10-07T00:23:51.3971816Z [36;1mpython tests/route_integration.py[0m
2026-10-07T00:23:51.4041064Z shell: C:\Program Files\PowerShell\7\pwsh.EXE -command ". '{0}'"
2026-10-07T00:23:51.4041527Z env:
2026-10-07T00:23:51.4041859Z   NAGI_FAILURE_DIR: D:\a\Nagi\Nagi/build/compiler-failures
2026-10-07T00:23:51.4042250Z   CARGO_HOME: C:\Users\runneradmin\.cargo
2026-10-07T00:23:51.4042575Z   CARGO_INCREMENTAL: 0
2026-10-07T00:23:51.4042882Z   CARGO_TERM_COLOR: always
2026-10-07T00:23:51.4043239Z   pythonLocation: C:\hostedtoolcache\windows\Python\3.12.10\x64
2026-10-07T00:23:51.4043732Z   PKG_CONFIG_PATH: C:\hostedtoolcache\windows\Python\3.12.10\x64/lib/pkgconfig
2026-10-07T00:23:51.4044237Z   Python_ROOT_DIR: C:\hostedtoolcache\windows\Python\3.12.10\x64
2026-10-07T00:23:51.4044675Z   Python2_ROOT_DIR: C:\hostedtoolcache\windows\Python\3.12.10\x64
2026-10-07T00:23:51.4045208Z   Python3_ROOT_DIR: C:\hostedtoolcache\windows\Python\3.12.10\x64
2026-10-07T00:23:51.4045594Z ##[endgroup]
2026-10-07T00:23:59.8051198Z HTTP route parameters: 7 passed
2026-10-07T00:23:59.9410796Z ##[group]Run python tests/http_stdlib_integration.py
2026-10-07T00:23:59.9411356Z [36;1mpython tests/http_stdlib_integration.py[0m
2026-10-07T00:23:59.9477008Z shell: C:\Program Files\PowerShell\7\pwsh.EXE -command ". '{0}'"
2026-10-07T00:23:59.9477478Z env:
2026-10-07T00:23:59.9477820Z   NAGI_FAILURE_DIR: D:\a\Nagi\Nagi/build/compiler-failures
2026-10-07T00:23:59.9478228Z   CARGO_HOME: C:\Users\runneradmin\.cargo
2026-10-07T00:23:59.9478585Z   CARGO_INCREMENTAL: 0
2026-10-07T00:23:59.9478910Z   CARGO_TERM_COLOR: always
2026-10-07T00:23:59.9479289Z   pythonLocation: C:\hostedtoolcache\windows\Python\3.12.10\x64
2026-10-07T00:23:59.9479790Z   PKG_CONFIG_PATH: C:\hostedtoolcache\windows\Python\3.12.10\x64/lib/pkgconfig
2026-10-07T00:23:59.9480332Z   Python_ROOT_DIR: C:\hostedtoolcache\windows\Python\3.12.10\x64
2026-10-07T00:23:59.9480787Z   Python2_ROOT_DIR: C:\hostedtoolcache\windows\Python\3.12.10\x64
2026-10-07T00:23:59.9481895Z   Python3_ROOT_DIR: C:\hostedtoolcache\windows\Python\3.12.10\x64
2026-10-07T00:23:59.9482270Z ##[endgroup]
2026-10-07T00:24:17.7310285Z Standard HTTP Nagi integration: 72 passed (High and independent Low)
2026-10-07T00:24:17.8593678Z ##[group]Run cargo test --locked -p nagic --test scoped_tasks
2026-10-07T00:24:17.8594513Z [36;1mcargo test --locked -p nagic --test scoped_tasks[0m
2026-10-07T00:24:17.8674263Z shell: C:\Program Files\PowerShell\7\pwsh.EXE -command ". '{0}'"
2026-10-07T00:24:17.8674766Z env:
2026-10-07T00:24:17.8675186Z   NAGI_FAILURE_DIR: D:\a\Nagi\Nagi/build/compiler-failures
2026-10-07T00:24:17.8676006Z   CARGO_HOME: C:\Users\runneradmin\.cargo
2026-10-07T00:24:17.8676379Z   CARGO_INCREMENTAL: 0
2026-10-07T00:24:17.8676658Z   CARGO_TERM_COLOR: always
2026-10-07T00:24:17.8677014Z   pythonLocation: C:\hostedtoolcache\windows\Python\3.12.10\x64
2026-10-07T00:24:17.8677509Z   PKG_CONFIG_PATH: C:\hostedtoolcache\windows\Python\3.12.10\x64/lib/pkgconfig
2026-10-07T00:24:17.8678032Z   Python_ROOT_DIR: C:\hostedtoolcache\windows\Python\3.12.10\x64
2026-10-07T00:24:17.8678473Z   Python2_ROOT_DIR: C:\hostedtoolcache\windows\Python\3.12.10\x64
2026-10-07T00:24:17.8679023Z   Python3_ROOT_DIR: C:\hostedtoolcache\windows\Python\3.12.10\x64
2026-10-07T00:24:17.8679394Z ##[endgroup]
2026-10-07T00:24:18.2763343Z [1m[92m   Compiling[0m nagic v0.1.10 (D:\a\Nagi\Nagi\compiler)
2026-10-07T00:24:19.4821177Z [1m[92m    Finished[0m `test` profile [unoptimized + debuginfo] target(s) in 1.28s
2026-10-07T00:24:19.4867612Z [1m[92m     Running[0m tests\scoped_tasks.rs (target\debug\deps\scoped_tasks-5ce68fa92f868e70.exe)
2026-10-07T00:24:19.4983285Z 
2026-10-07T00:24:19.4984260Z running 5 tests
2026-10-07T00:24:19.5026797Z test moving_an_owned_argument_still_consumes_it_before_later_parent_work ... ok
2026-10-07T00:24:19.5122256Z test futures_that_still_hold_views_are_rejected_after_copying_containers ... ok
2026-10-07T00:24:19.5123618Z test scope_rejects_known_foreign_error_types_and_preserves_local_error_adapters ... ok
2026-10-07T00:24:19.5219140Z test copied_views_and_values_computed_from_views_can_enter_tasks ... ok
2026-10-07T00:24:19.9847687Z test spawn_evaluates_owned_arguments_before_parent_continues_and_keeps_sources ... ok
2026-10-07T00:24:19.9848385Z 
2026-10-07T00:24:19.9848993Z test result: ok. 5 passed; 0 failed; 0 ignored; 0 measured; 0 filtered out; finished in 0.49s
2026-10-07T00:24:19.9849562Z 
2026-10-07T00:24:20.1467074Z ##[group]Run cargo test --locked -p nagi-runtime actor::
2026-10-07T00:24:20.1467904Z [36;1mcargo test --locked -p nagi-runtime actor::[0m
2026-10-07T00:24:20.1468537Z [36;1mcargo test --locked -p nagi-runtime supervisor_drop[0m
2026-10-07T00:24:20.1545129Z shell: C:\Program Files\PowerShell\7\pwsh.EXE -command ". '{0}'"
2026-10-07T00:24:20.1545879Z env:
2026-10-07T00:24:20.1546224Z   NAGI_FAILURE_DIR: D:\a\Nagi\Nagi/build/compiler-failures
2026-10-07T00:24:20.1546655Z   CARGO_HOME: C:\Users\runneradmin\.cargo
2026-10-07T00:24:20.1546976Z   CARGO_INCREMENTAL: 0
2026-10-07T00:24:20.1547255Z   CARGO_TERM_COLOR: always
2026-10-07T00:24:20.1547716Z   pythonLocation: C:\hostedtoolcache\windows\Python\3.12.10\x64
2026-10-07T00:24:20.1548433Z   PKG_CONFIG_PATH: C:\hostedtoolcache\windows\Python\3.12.10\x64/lib/pkgconfig
2026-10-07T00:24:20.1548929Z   Python_ROOT_DIR: C:\hostedtoolcache\windows\Python\3.12.10\x64
2026-10-07T00:24:20.1549485Z   Python2_ROOT_DIR: C:\hostedtoolcache\windows\Python\3.12.10\x64
2026-10-07T00:24:20.1549930Z   Python3_ROOT_DIR: C:\hostedtoolcache\windows\Python\3.12.10\x64
2026-10-07T00:24:20.1550438Z ##[endgroup]
2026-10-07T00:24:20.8777931Z [1m[92m    Finished[0m `test` profile [unoptimized + debuginfo] target(s) in 0.39s
2026-10-07T00:24:20.8855131Z [1m[92m     Running[0m unittests src\lib.rs (target\debug\deps\nagi_runtime-1844b12ba3823293.exe)
2026-10-07T00:24:20.8929268Z 
2026-10-07T00:24:20.8929746Z running 44 tests
2026-10-07T00:24:20.8935595Z test actor::charge::tests::arithmetic_and_expired_deadlines_fail_before_acceptance ... ok
2026-10-07T00:24:20.8936951Z test actor::charge::tests::list_capacity_and_only_initialized_elements_contribute_heap ... ok
2026-10-07T00:24:20.8942944Z test actor::charge::tests::option_and_result_visit_only_the_active_payload ... ok
2026-10-07T00:24:20.8944450Z test actor::charge::tests::recursive_owned_graphs_obey_depth_limit_and_restore_walk_after_errors ... ok
2026-10-07T00:24:20.8955715Z test actor::charge::tests::retained_string_bytes_and_error_capacities_are_charged ... ok
2026-10-07T00:24:20.8960819Z test actor::charge::tests::root_inline_and_envelope_are_counted_once ... ok
2026-10-07T00:24:20.8970657Z test actor::charge::tests::inline_only_lists_skip_every_element_and_zero_sized_capacity_is_safe ... ok
2026-10-07T00:24:20.8983528Z test actor::lifecycle_adversarial_tests::a_factory_constructor_panic_does_not_lose_the_context_cleanup_obligation ... ok
2026-10-07T00:24:20.9072981Z test actor::charge::tests::work_budget_includes_root_and_initialized_non_inline_elements ... ok
2026-10-07T00:24:20.9079100Z test actor::lifecycle_adversarial_tests::a_late_buffered_outer_failure_obeys_the_same_reply_deadline ... ok
2026-10-07T00:24:20.9545542Z test actor::lifecycle_adversarial_tests::a_finite_follow_on_panic_payload_retains_the_guard_and_context_until_drop_finishes ... ok
2026-10-07T00:24:20.9559273Z test actor::lifecycle_adversarial_tests::a_panic_payload_destructor_can_observe_and_stop_its_group_without_a_lock_cycle ... ok
2026-10-07T00:24:20.9562675Z test actor::lifecycle_adversarial_tests::a_reply_completed_after_deadline_times_out_even_when_already_buffered ... ok
2026-10-07T00:24:20.9567399Z test actor::lifecycle_adversarial_tests::a_reply_completed_before_deadline_succeeds_when_the_caller_polls_after_deadline ... ok
2026-10-07T00:24:20.9662627Z test actor::lifecycle_adversarial_tests::a_blocking_panic_payload_destructor_remains_a_retained_child_obligation ... ok
2026-10-07T00:24:20.9664117Z test actor::lifecycle_adversarial_tests::a_non_yielding_poll_cannot_be_reported_as_completed_cleanup ... ok
2026-10-07T00:24:20.9665482Z test actor::lifecycle_adversarial_tests::a_blocking_native_poll_retains_its_child_record_until_it_returns ... ok
2026-10-07T00:24:20.9676052Z test actor::lifecycle_adversarial_tests::an_event_only_surviving_control_drains_cleanup_and_observes_stream_close ... ok
2026-10-07T00:24:20.9983485Z test actor::lifecycle_adversarial_tests::an_unrestarted_child_failure_is_retained_while_a_healthy_sibling_continues ... ok
2026-10-07T00:24:20.9991262Z test actor::lifecycle_adversarial_tests::context_owned_by_a_child_panic_payload_is_cleaned_before_final_context_cleanup ... ok
2026-10-07T00:24:21.0238171Z test actor::lifecycle_adversarial_tests::a_surviving_control_can_finish_cleanup_after_the_running_owner_is_dropped ... ok
2026-10-07T00:24:21.0297533Z test actor::lifecycle_adversarial_tests::abort_does_not_complete_before_the_child_future_destructor_finishes ... ok
2026-10-07T00:24:21.0299017Z test actor::lifecycle_adversarial_tests::canceled_observation_keeps_unfinished_joins_available_to_another_control ... ok
2026-10-07T00:24:21.0305391Z test actor::lifecycle_adversarial_tests::origin_runtime_cancellation_does_not_restart_a_permanent_child_on_a_surviving_runtime ... ok
2026-10-07T00:24:21.0314420Z test actor::lifecycle_adversarial_tests::panicking_factory_destruction_during_owner_drop_cannot_strand_context_cleanup ... ok
2026-10-07T00:24:21.0321600Z test actor::lifecycle_adversarial_tests::stop_during_factory_construction_cancels_every_later_inserted_child ... ok
2026-10-07T00:24:21.0326136Z test actor::lifecycle_adversarial_tests::user_destructors_do_not_run_under_the_ledger_or_stop_lock ... ok
2026-10-07T00:24:21.0342215Z test actor::tests::an_expired_admission_deadline_rejects_even_immediately_ready_operations ... ok
2026-10-07T00:24:21.0343375Z test actor::tests::a_smaller_immediate_call_cannot_bypass_a_waiting_byte_reservation ... ok
2026-10-07T00:24:21.0616387Z test actor::tests::caller_timeout_keeps_accepted_work_and_all_reservations_until_handler_finishes ... ok
2026-10-07T00:24:21.0617961Z test actor::tests::business_error_preserves_owned_state_and_restart_is_one_for_one ... ok
2026-10-07T00:24:21.0629691Z test actor::tests::canceled_event_wait_does_not_consume_a_concurrently_published_event ... ok
2026-10-07T00:24:21.0770685Z test actor::tests::escaped_readiness_tokens_reject_old_generations_and_do_not_retain_the_group ... ok
2026-10-07T00:24:21.0929977Z test actor::tests::event_deadlines_include_lock_contention_and_preserve_the_cursor ... ok
2026-10-07T00:24:21.0932084Z test actor::lifecycle_adversarial_tests::final_context_destruction_is_a_retained_phase_before_completion ... ok
2026-10-07T00:24:21.0940681Z test actor::tests::lifecycle_events_are_ordered_bounded_and_keep_utf8_truncation_metadata ... ok
2026-10-07T00:24:21.0950389Z test actor::tests::global_restart_intensity_counts_attempts_and_stops_a_pending_sibling ... ok
2026-10-07T00:24:21.0951508Z test actor::tests::normally_finished_task_tokens_are_invalid_while_the_supervisor_stays_running ... ok
2026-10-07T00:24:21.0964596Z test actor::tests::oversized_business_reply_keeps_next_state_and_retained_input_capacity_is_checked ... ok
2026-10-07T00:24:21.0971226Z test actor::tests::stopped_tasks_cannot_publish_readiness_and_legacy_tasks_never_publish_it ... ok
2026-10-07T00:24:21.1087645Z test actor::tests::task_readiness_follows_initialization_once_without_changing_started ... ok
2026-10-07T00:24:21.1088456Z test actor::tests::startup_deadline_and_zero_restart_budget_end_the_group_without_a_ready_actor ... ok
2026-10-07T00:24:21.1097054Z test actor::tests::native_factory_construction_is_included_in_the_startup_deadline ... ok
2026-10-07T00:24:21.1408873Z test actor::lifecycle_adversarial_tests::delayed_native_context_owners_then_actual_context_drop_precede_completion ... ok
2026-10-07T00:24:21.1409340Z 
2026-10-07T00:24:21.1409846Z test result: ok. 44 passed; 0 failed; 0 ignored; 0 measured; 164 filtered out; finished in 0.25s
2026-10-07T00:24:21.1410370Z 
2026-10-07T00:24:21.1441064Z [1m[92m     Running[0m tests\task_handles.rs (target\debug\deps\task_handles-165f73147a206c3f.exe)
2026-10-07T00:24:21.1505481Z 
2026-10-07T00:24:21.1506093Z running 0 tests
2026-10-07T00:24:21.1506784Z 
2026-10-07T00:24:21.1507302Z test result: ok. 0 passed; 0 failed; 0 ignored; 0 measured; 3 filtered out; finished in 0.00s
2026-10-07T00:24:21.1507807Z 
2026-10-07T00:24:21.3116760Z [1m[92m    Finished[0m `test` profile [unoptimized + debuginfo] target(s) in 0.11s
2026-10-07T00:24:21.3187031Z [1m[92m     Running[0m unittests src\lib.rs (target\debug\deps\nagi_runtime-1844b12ba3823293.exe)
2026-10-07T00:24:21.3256526Z 
2026-10-07T00:24:21.3257089Z running 2 tests
2026-10-07T00:24:21.3273325Z test concurrent::tests::supervisor_drop_while_waiting_for_worker_start ... ok
2026-10-07T00:24:21.3274098Z test concurrent::tests::supervisor_drop_after_worker_start ... ok
2026-10-07T00:24:21.3274482Z 
2026-10-07T00:24:21.3275060Z test result: ok. 2 passed; 0 failed; 0 ignored; 0 measured; 206 filtered out; finished in 0.00s
2026-10-07T00:24:21.3275665Z 
2026-10-07T00:24:21.3297465Z [1m[92m     Running[0m tests\task_handles.rs (target\debug\deps\task_handles-165f73147a206c3f.exe)
2026-10-07T00:24:21.3359130Z 
2026-10-07T00:24:21.3359600Z running 0 tests
2026-10-07T00:24:21.3359884Z 
2026-10-07T00:24:21.3360457Z test result: ok. 0 passed; 0 failed; 0 ignored; 0 measured; 3 filtered out; finished in 0.00s
2026-10-07T00:24:21.3360971Z 
2026-10-07T00:24:21.4633043Z ##[group]Run cargo test --locked -p nagi-runtime database::tests
2026-10-07T00:24:21.4633830Z [36;1mcargo test --locked -p nagi-runtime database::tests[0m
2026-10-07T00:24:21.4706778Z shell: C:\Program Files\PowerShell\7\pwsh.EXE -command ". '{0}'"
2026-10-07T00:24:21.4707115Z env:
2026-10-07T00:24:21.4707383Z   NAGI_FAILURE_DIR: D:\a\Nagi\Nagi/build/compiler-failures
2026-10-07T00:24:21.4707702Z   CARGO_HOME: C:\Users\runneradmin\.cargo
2026-10-07T00:24:21.4707968Z   CARGO_INCREMENTAL: 0
2026-10-07T00:24:21.4708198Z   CARGO_TERM_COLOR: always
2026-10-07T00:24:21.4708500Z   pythonLocation: C:\hostedtoolcache\windows\Python\3.12.10\x64
2026-10-07T00:24:21.4709127Z   PKG_CONFIG_PATH: C:\hostedtoolcache\windows\Python\3.12.10\x64/lib/pkgconfig
2026-10-07T00:24:21.4709568Z   Python_ROOT_DIR: C:\hostedtoolcache\windows\Python\3.12.10\x64
2026-10-07T00:24:21.4709948Z   Python2_ROOT_DIR: C:\hostedtoolcache\windows\Python\3.12.10\x64
2026-10-07T00:24:21.4710384Z   Python3_ROOT_DIR: C:\hostedtoolcache\windows\Python\3.12.10\x64
2026-10-07T00:24:21.4710700Z ##[endgroup]
2026-10-07T00:24:21.9183182Z [1m[92m    Finished[0m `test` profile [unoptimized + debuginfo] target(s) in 0.11s
2026-10-07T00:24:21.9285814Z [1m[92m     Running[0m unittests src\lib.rs (target\debug\deps\nagi_runtime-1844b12ba3823293.exe)
2026-10-07T00:24:21.9367255Z 
2026-10-07T00:24:21.9367952Z running 6 tests
2026-10-07T00:24:21.9412687Z test database::tests::column_order_independent ... ok
2026-10-07T00:24:21.9414035Z test database::tests::exec_counts_trigger_changes_and_preserves_sql_errors ... ok
2026-10-07T00:24:21.9418321Z test database::tests::exec_counts_only_changes_in_the_current_batch ... ok
2026-10-07T00:24:21.9420855Z test database::tests::crud_and_parameterization ... ok
2026-10-07T00:24:21.9431655Z test database::tests::runtime_type_mismatch ... ok
2026-10-07T00:24:21.9433491Z test database::tests::missing_column_is_error ... ok
2026-10-07T00:24:21.9433853Z 
2026-10-07T00:24:21.9434370Z test result: ok. 6 passed; 0 failed; 0 ignored; 0 measured; 202 filtered out; finished in 0.01s
2026-10-07T00:24:21.9434900Z 
2026-10-07T00:24:21.9466359Z [1m[92m     Running[0m tests\task_handles.rs (target\debug\deps\task_handles-165f73147a206c3f.exe)
2026-10-07T00:24:21.9535451Z 
2026-10-07T00:24:21.9538037Z running 0 tests
2026-10-07T00:24:21.9538228Z 
2026-10-07T00:24:21.9538673Z test result: ok. 0 passed; 0 failed; 0 ignored; 0 measured; 3 filtered out; finished in 0.00s
2026-10-07T00:24:21.9539363Z 
2026-10-07T00:24:22.0756142Z ##[group]Run cargo test --locked -p nagi-runtime sqlite_prototype
2026-10-07T00:24:22.0756733Z [36;1mcargo test --locked -p nagi-runtime sqlite_prototype[0m
2026-10-07T00:24:22.0823942Z shell: C:\Program Files\PowerShell\7\pwsh.EXE -command ". '{0}'"
2026-10-07T00:24:22.0824415Z env:
2026-10-07T00:24:22.0824801Z   NAGI_FAILURE_DIR: D:\a\Nagi\Nagi/build/compiler-failures
2026-10-07T00:24:22.0825800Z   CARGO_HOME: C:\Users\runneradmin\.cargo
2026-10-07T00:24:22.0826229Z   CARGO_INCREMENTAL: 0
2026-10-07T00:24:22.0826504Z   CARGO_TERM_COLOR: always
2026-10-07T00:24:22.0826848Z   pythonLocation: C:\hostedtoolcache\windows\Python\3.12.10\x64
2026-10-07T00:24:22.0827344Z   PKG_CONFIG_PATH: C:\hostedtoolcache\windows\Python\3.12.10\x64/lib/pkgconfig
2026-10-07T00:24:22.0827848Z   Python_ROOT_DIR: C:\hostedtoolcache\windows\Python\3.12.10\x64
2026-10-07T00:24:22.0828282Z   Python2_ROOT_DIR: C:\hostedtoolcache\windows\Python\3.12.10\x64
2026-10-07T00:24:22.0828816Z   Python3_ROOT_DIR: C:\hostedtoolcache\windows\Python\3.12.10\x64
2026-10-07T00:24:22.0829156Z ##[endgroup]
2026-10-07T00:24:22.5441443Z [1m[92m    Finished[0m `test` profile [unoptimized + debuginfo] target(s) in 0.12s
2026-10-07T00:24:22.5513944Z [1m[92m     Running[0m unittests src\lib.rs (target\debug\deps\nagi_runtime-1844b12ba3823293.exe)
2026-10-07T00:24:22.5591530Z 
2026-10-07T00:24:22.5593028Z running 61 tests
2026-10-07T00:24:22.5604679Z test sqlite_prototype::acquire_tests::acquire_budget_arithmetic_keeps_immediate_distinct_and_checks_overflow ... ok
2026-10-07T00:24:22.5638515Z test sqlite_prototype::acquire_tests::acquire_expired_finite_budget_does_not_register_even_when_native_free ... ok
2026-10-07T00:24:22.5640093Z test sqlite_prototype::acquire_tests::acquire_expiry_does_not_replace_closed_or_recycle_failure_cause ... ok
2026-10-07T00:24:22.5641393Z test sqlite_prototype::acquire_tests::acquire_immediate_free_reserves_before_slow_startup_and_reuses ... ok
2026-10-07T00:24:22.5655635Z test sqlite_prototype::acquire_tests::acquire_immediate_logical_full_is_timeout_without_pool_failure ... ok
2026-10-07T00:24:22.5679191Z test sqlite_prototype::acquire_tests::acquire_same_task_scopes_are_isolated_and_drop_restores_legacy_begin ... ok
2026-10-07T00:24:22.5697939Z test sqlite_prototype::adapter_tests::acquired_deadpool_object_after_close_is_rejected_before_user_begin ... ok
2026-10-07T00:24:22.5722491Z test sqlite_prototype::adapter_tests::callback_panic_retires_pool_and_join_does_not_hide_native_close_failure ... ok
2026-10-07T00:24:22.5737234Z test sqlite_prototype::adapter_tests::cancelled_begin_reply_keeps_checkout_until_eof_rollback_is_observed ... ok
2026-10-07T00:24:22.5756415Z test sqlite_prototype::adapter_tests::cancelled_create_cannot_start_replacement_before_old_native_worker_joins ... ok
2026-10-07T00:24:22.5857386Z test sqlite_prototype::adapter_tests::cancelled_get_during_create_preserves_startup_close_and_join_owner ... ok
2026-10-07T00:24:22.5878599Z test sqlite_prototype::adapter_tests::cancelled_tx_keeps_deadpool_checkout_until_native_cleanup_completes ... ok
2026-10-07T00:24:22.5895767Z test sqlite_prototype::adapter_tests::close_clone_and_cancel_keep_closing_while_active_checkout_can_finish ... ok
2026-10-07T00:24:22.5908258Z test sqlite_prototype::adapter_tests::close_retires_idle_worker_while_stock_permit_is_reserved_for_unpolled_waiter ... ok
2026-10-07T00:24:22.6017001Z test sqlite_prototype::adapter_tests::close_waits_for_registered_create_and_late_create_cannot_begin ... ok
2026-10-07T00:24:22.6043284Z test sqlite_prototype::adapter_tests::deadpool_adapter_reuses_same_native_worker_and_sql_session_core ... ok
2026-10-07T00:24:22.6057648Z test sqlite_prototype::adapter_tests::deadpool_recycle_error_stops_create_instead_of_default_replacement ... ok
2026-10-07T00:24:22.6093790Z test sqlite_prototype::adapter_tests::joined_is_published_only_after_terminal_native_failure_is_in_ledger ... ok
2026-10-07T00:24:22.6109396Z test sqlite_prototype::adapter_tests::last_adapter_drop_closes_idle_worker_without_observer_owning_pool_or_tx_sender ... ok
2026-10-07T00:24:22.6121263Z test sqlite_prototype::adapter_tests::last_adapter_drop_preserves_active_tx_until_its_explicit_finish ... ok
2026-10-07T00:24:22.7520773Z test sqlite_prototype::adapter_tests::multi_b_terminal_failure_is_published_without_waiting_for_a ... ok
2026-10-07T00:24:22.7674604Z test sqlite_prototype::acquire_tests::acquire_absolute_budget_survives_logical_wait_to_native_fence ... ok
2026-10-07T00:24:22.9224304Z test sqlite_prototype::adapter_tests::multi_cancelled_b_joins_and_c_begins_before_healthy_a_finishes ... ok
2026-10-07T00:24:23.1745097Z test sqlite_prototype::adapter_tests::multi_close_during_b_startup_preserves_a_and_all_join_responsibility ... ok
2026-10-07T00:24:23.2224378Z test sqlite_prototype::adapter_tests::multi_native_spawn_failure_keeps_cause_without_native_b_or_fake_join ... ok
2026-10-07T00:24:23.2799265Z test sqlite_prototype::adapter_tests::multi_observer_spawn_failure_never_starts_or_fake_joins_native_b ... ok
2026-10-07T00:24:23.2983492Z test sqlite_prototype::adapter_tests::multi_stock_detach_permit_gap_respects_native_cap_with_a_active ... ok
2026-10-07T00:24:23.2997856Z test sqlite_prototype::adapter_tests::native_cleanup_failure_closes_deadpool_and_never_creates_replacement ... ok
2026-10-07T00:24:23.3011640Z test sqlite_prototype::adapter_tests::native_close_failure_is_kept_after_deadpool_objects_and_workers_are_gone ... ok
2026-10-07T00:24:23.3028197Z test sqlite_prototype::adapter_tests::object_take_and_last_pool_drop_both_preserve_native_close_join_observation ... ok
2026-10-07T00:24:23.3038818Z test sqlite_prototype::adapter_tests::resize_zero_uses_worker_drop_even_when_manager_detach_is_bypassed ... ok
2026-10-07T00:24:23.3061346Z test sqlite_prototype::adapter_tests::stock_detach_permit_before_handle_drop_cannot_start_another_native_worker ... ok
2026-10-07T00:24:23.3079985Z test sqlite_prototype::adapter_tests::taken_object_cannot_start_replacement_before_old_native_worker_joins ... ok
2026-10-07T00:24:23.3093017Z test sqlite_prototype::adapter_tests::tokio_runtime_drop_cannot_return_native_owned_checkout_before_cleanup ... ok
2026-10-07T00:24:23.4468958Z test sqlite_prototype::adapter_tests::multi_two_filesystem_connections_begin_while_first_tx_stays_active ... ok
2026-10-07T00:24:23.5681976Z test sqlite_prototype::acquire_tests::acquire_registered_startup_and_begin_are_outside_finite_budget ... ok
2026-10-07T00:24:23.5704424Z test sqlite_prototype::acquire_tests::acquire_immediate_native_full_after_stock_detach_is_timeout ... ok
2026-10-07T00:24:23.5711415Z test sqlite_prototype::tests::begin_reply_cancellation_closes_only_sender_and_runs_observed_cleanup ... ok
2026-10-07T00:24:23.5737838Z test sqlite_prototype::tests::cancelled_commit_reply_preserves_committed_data_and_does_not_retry ... ok
2026-10-07T00:24:23.5747796Z test sqlite_prototype::tests::cancelled_finish_before_full_inbox_admission_uses_eof_cleanup ... ok
2026-10-07T00:24:23.5781125Z test sqlite_prototype::tests::commit_after_native_auto_rollback_returns_aborted_error_instead_of_success ... ok
2026-10-07T00:24:23.5796809Z test sqlite_prototype::tests::commit_failure_and_failed_cleanup_preserve_both_causes_and_unknown_outcome ... ok
2026-10-07T00:24:23.5813938Z test sqlite_prototype::tests::committed_outcome_and_cleanup_failure_are_both_preserved ... ok
2026-10-07T00:24:23.5839024Z test sqlite_prototype::tests::eof_cleanup_blocks_next_session_and_unpolled_finish_still_owns_cleanup ... ok
2026-10-07T00:24:23.5854606Z test sqlite_prototype::tests::close_timeout_and_cancel_keep_closing_until_native_close_and_join ... ok
2026-10-07T00:24:23.5882009Z test sqlite_prototype::tests::failed_commit_with_successful_observed_rollback_can_reuse_connection ... ok
2026-10-07T00:24:23.5901695Z test sqlite_prototype::tests::existing_trigger_and_or_rollback_abort_session_and_reject_later_sql ... ok
2026-10-07T00:24:23.5918484Z test sqlite_prototype::tests::full_inbox_and_cancelled_admitted_operation_drain_before_eof_rollback ... ok
2026-10-07T00:24:23.5930677Z test sqlite_prototype::tests::management_panic_restores_raii_flag_before_observed_rollback_and_retirement ... ok
2026-10-07T00:24:23.5940642Z test sqlite_prototype::tests::native_close_failure_is_not_reported_as_success_even_after_join ... ok
2026-10-07T00:24:23.5970538Z test sqlite_prototype::tests::ordinary_sql_error_does_not_abort_active_session_and_exec_counts_direct_changes ... ok
2026-10-07T00:24:23.5973768Z test sqlite_prototype::tests::one_statement_anonymous_bind_and_operation_shape_are_checked_before_step ... ok
2026-10-07T00:24:23.5998058Z test sqlite_prototype::tests::owned_bind_values_and_decode_errors_use_native_row_contract ... ok
2026-10-07T00:24:23.6027822Z test sqlite_prototype::tests::raise_fail_preserves_active_prior_effects_until_explicit_rollback ... ok
2026-10-07T00:24:23.6029492Z test sqlite_prototype::tests::pragma_tvf_existing_views_and_schema_reprepare_keep_authorizer_installed ... ok
2026-10-07T00:24:23.6049267Z test sqlite_prototype::tests::rollback_failure_is_observed_without_native_drop_retry_and_retires_connection ... ok
2026-10-07T00:24:23.6068589Z test sqlite_prototype::tests::sql_policy_denies_control_in_every_entry_and_keeps_tx_active ... ok
2026-10-07T00:24:23.6088241Z test sqlite_prototype::tests::user_callback_panic_restores_management_state_and_retires_worker ... ok
2026-10-07T00:24:23.6115373Z test sqlite_prototype::tests::trigger_pragma_is_denied_and_native_prior_effects_require_explicit_rollback ... ok
2026-10-07T00:24:24.6805486Z test sqlite_prototype::comparison::bounded_and_unbounded_deadpool_warm_comparison ... ok
2026-10-07T00:24:24.7204570Z test sqlite_prototype::comparison::direct_and_deadpool_warm_native_session_comparison ... ok
2026-10-07T00:24:24.7205028Z 
2026-10-07T00:24:24.7205518Z test result: ok. 61 passed; 0 failed; 0 ignored; 0 measured; 147 filtered out; finished in 2.16s
2026-10-07T00:24:24.7205954Z 
2026-10-07T00:24:24.7250474Z [1m[92m     Running[0m tests\task_handles.rs (target\debug\deps\task_handles-165f73147a206c3f.exe)
2026-10-07T00:24:24.7313932Z 
2026-10-07T00:24:24.7314560Z running 0 tests
2026-10-07T00:24:24.7315343Z 
2026-10-07T00:24:24.7315816Z test result: ok. 0 passed; 0 failed; 0 ignored; 0 measured; 3 filtered out; finished in 0.00s
2026-10-07T00:24:24.7316335Z 
2026-10-07T00:24:24.8593670Z ##[group]Run python scripts/verify_application_examples.py
2026-10-07T00:24:24.8594673Z [36;1mpython scripts/verify_application_examples.py[0m
2026-10-07T00:24:24.8668137Z shell: C:\Program Files\PowerShell\7\pwsh.EXE -command ". '{0}'"
2026-10-07T00:24:24.8668583Z env:
2026-10-07T00:24:24.8668921Z   NAGI_FAILURE_DIR: D:\a\Nagi\Nagi/build/compiler-failures
2026-10-07T00:24:24.8669346Z   CARGO_HOME: C:\Users\runneradmin\.cargo
2026-10-07T00:24:24.8669690Z   CARGO_INCREMENTAL: 0
2026-10-07T00:24:24.8670019Z   CARGO_TERM_COLOR: always
2026-10-07T00:24:24.8670392Z   pythonLocation: C:\hostedtoolcache\windows\Python\3.12.10\x64
2026-10-07T00:24:24.8670925Z   PKG_CONFIG_PATH: C:\hostedtoolcache\windows\Python\3.12.10\x64/lib/pkgconfig
2026-10-07T00:24:24.8671454Z   Python_ROOT_DIR: C:\hostedtoolcache\windows\Python\3.12.10\x64
2026-10-07T00:24:24.8671912Z   Python2_ROOT_DIR: C:\hostedtoolcache\windows\Python\3.12.10\x64
2026-10-07T00:24:24.8672459Z   Python3_ROOT_DIR: C:\hostedtoolcache\windows\Python\3.12.10\x64
2026-10-07T00:24:24.8672825Z ##[endgroup]
2026-10-07T00:24:27.2511388Z Passed: stock-report (high)
2026-10-07T00:24:29.1966400Z Passed: stock-report (low)
2026-10-07T00:24:45.3771898Z Passed: device-settings (high)
2026-10-07T00:24:56.5823395Z Passed: device-settings (low)
2026-10-07T00:25:01.4059954Z Passed: seat-reservations (high)
2026-10-07T00:25:05.9370301Z Passed: seat-reservations (low)
2026-10-07T00:25:07.7327222Z Passed: file-json (high)
2026-10-07T00:25:09.3209139Z Passed: file-json (low)
2026-10-07T00:25:19.5817779Z Passed: quote-api (high)
2026-10-07T00:25:29.6621986Z Passed: quote-api (low)
2026-10-07T00:25:34.8592378Z Passed: supervised-worker (high)
2026-10-07T00:25:40.1298064Z Passed: supervised-worker (low)
2026-10-07T00:25:47.1032343Z Passed: byte-inspector (high)
2026-10-07T00:25:53.7663046Z Passed: byte-inspector (low)
2026-10-07T00:26:09.0194026Z Passed: axum-service (high)
2026-10-07T00:26:24.1647320Z Passed: axum-service (low)
2026-10-07T00:26:41.1271827Z Passed: auth-boundary (high)
2026-10-07T00:26:57.7403164Z Passed: auth-boundary (low)
2026-10-07T00:26:59.7894415Z Passed: order-quote (low)
2026-10-07T00:26:59.7899350Z {"projects": 10, "runs": 19, "status": "passed"}
2026-10-07T00:26:59.9160278Z ##[group]Run ./scripts/releases/test_install.ps1 -Archive "build/distribution/nagi-$env:RELEASE_VERSION-windows-x86_64.zip" -Version $env:RELEASE_VERSION -TestUserPath
2026-10-07T00:26:59.9161540Z [36;1m./scripts/releases/test_install.ps1 -Archive "build/distribution/nagi-$env:RELEASE_VERSION-windows-x86_64.zip" -Version $env:RELEASE_VERSION -TestUserPath[0m
2026-10-07T00:26:59.9254386Z shell: C:\Program Files\PowerShell\7\pwsh.EXE -command ". '{0}'"
2026-10-07T00:26:59.9255079Z env:
2026-10-07T00:26:59.9255677Z   NAGI_FAILURE_DIR: D:\a\Nagi\Nagi/build/compiler-failures
2026-10-07T00:26:59.9256358Z   CARGO_HOME: C:\Users\runneradmin\.cargo
2026-10-07T00:26:59.9256999Z   CARGO_INCREMENTAL: 0
2026-10-07T00:26:59.9257492Z   CARGO_TERM_COLOR: always
2026-10-07T00:26:59.9258112Z   pythonLocation: C:\hostedtoolcache\windows\Python\3.12.10\x64
2026-10-07T00:26:59.9259102Z   PKG_CONFIG_PATH: C:\hostedtoolcache\windows\Python\3.12.10\x64/lib/pkgconfig
2026-10-07T00:26:59.9260167Z   Python_ROOT_DIR: C:\hostedtoolcache\windows\Python\3.12.10\x64
2026-10-07T00:26:59.9260992Z   Python2_ROOT_DIR: C:\hostedtoolcache\windows\Python\3.12.10\x64
2026-10-07T00:26:59.9261777Z   Python3_ROOT_DIR: C:\hostedtoolcache\windows\Python\3.12.10\x64
2026-10-07T00:26:59.9262409Z   RELEASE_VERSION: 0.1.10
2026-10-07T00:26:59.9262953Z ##[endgroup]
2026-10-07T00:27:01.4908610Z 
2026-10-07T00:27:01.4953901Z [OK] Installed Nagi 0.1.10 (prebuilt compiler).
2026-10-07T00:27:01.4969213Z      Location: C:\Users\runneradmin\AppData\Local\Temp\nagi installer space 5282eeeb-5f70-470c-ad92-6e6031a69908\versions\nagi-0.1.10-windows-x86_64
2026-10-07T00:27:01.4975977Z      Command: C:\Users\runneradmin\AppData\Local\Temp\nagi installer space 5282eeeb-5f70-470c-ad92-6e6031a69908\versions\current\nagic.exe
2026-10-07T00:27:01.4980913Z 
2026-10-07T00:27:01.4989413Z [NEXT] Try in this terminal: nagic --version
2026-10-07T00:27:01.4995949Z        Restart VS Code to refresh its PATH.
2026-10-07T00:27:01.5002855Z 
2026-10-07T00:27:01.5011630Z [INFO] To build your own Nagi apps with nagic build/run:
2026-10-07T00:27:01.5021733Z        Rust/Cargo and Visual Studio C++ Build Tools are required.
2026-10-07T00:27:01.5030651Z        Use your existing installation if these tools are already installed.
2026-10-07T00:27:01.8530081Z 
2026-10-07T00:27:01.8547167Z [OK] Installed Nagi 0.1.10 (prebuilt compiler).
2026-10-07T00:27:01.8553333Z      Location: C:\Users\runneradmin\AppData\Local\Temp\nagi installer space 5282eeeb-5f70-470c-ad92-6e6031a69908\versions\nagi-0.1.10-windows-x86_64
2026-10-07T00:27:01.8563430Z      Command: C:\Users\runneradmin\AppData\Local\Temp\nagi installer space 5282eeeb-5f70-470c-ad92-6e6031a69908\versions\current\nagic.exe
2026-10-07T00:27:01.8569705Z 
2026-10-07T00:27:01.8579556Z [NEXT] Try in this terminal: nagic --version
2026-10-07T00:27:01.8585877Z        Restart VS Code to refresh its PATH.
2026-10-07T00:27:01.8591813Z 
2026-10-07T00:27:01.8599179Z [INFO] To build your own Nagi apps with nagic build/run:
2026-10-07T00:27:01.8605931Z        Rust/Cargo and Visual Studio C++ Build Tools are required.
2026-10-07T00:27:01.8612355Z        Use your existing installation if these tools are already installed.
2026-10-07T00:27:01.9978514Z [1m[92m    Updating[0m crates.io index
2026-10-07T00:27:02.4578837Z [1m[92m     Locking[0m 107 packages to highest compatible versions
2026-10-07T00:27:02.4740574Z [1m[92m      Adding[0m generic-array v0.14.7 [1m[93m(available: v0.14.9)[0m
2026-10-07T00:27:02.4900372Z [1m[92m      Adding[0m matchit v0.8.4 [1m[93m(available: v0.8.6)[0m
2026-10-07T00:27:02.6800204Z [1m[92m   Compiling[0m nagi-runtime v0.1.10 (C:\Users\runneradmin\AppData\Local\Temp\nagi installer space 5282eeeb-5f70-470c-ad92-6e6031a69908\versions\nagi-0.1.10-windows-x86_64\runtime)
2026-10-07T00:27:11.8816095Z [1m[92m   Compiling[0m nagi-main-56f0b15cd3aaadc3 v0.1.0 (C:\Users\runneradmin\AppData\Local\Temp\nagi installer space 5282eeeb-5f70-470c-ad92-6e6031a69908\outside project\build\main\.nagi\apps\nagi-main-56f0b15cd3aaadc3\generations\.staging-g-1cb0-18dc17b5eee3258c-0)
2026-10-07T00:27:12.1691927Z [1m[92m    Finished[0m `release` profile [optimized] target(s) in 10.18s
2026-10-07T00:27:12.2144888Z native: \\?\C:\Users\runneradmin\AppData\Local\Temp\nagi installer space 5282eeeb-5f70-470c-ad92-6e6031a69908\outside project\build\main\.nagi\apps\nagi-main-56f0b15cd3aaadc3\generations\g-1cb0-18dc17b5eee3258c-0\nagi-56f0b15cd3aaadc3-g-1cb0-18dc17b5eee3258c-0.exe
2026-10-07T00:27:15.4082816Z Removed old version: C:\Users\runneradmin\AppData\Local\Temp\nagi installer space 5282eeeb-5f70-470c-ad92-6e6031a69908\versions\nagi-0.1.10-windows-x86_64
2026-10-07T00:27:15.4083796Z 
2026-10-07T00:27:15.4091573Z [OK] Installed Nagi 0.0.1 (prebuilt compiler).
2026-10-07T00:27:15.4094355Z      Location: C:\Users\runneradmin\AppData\Local\Temp\nagi installer space 5282eeeb-5f70-470c-ad92-6e6031a69908\versions\nagi-0.0.1-windows-x86_64
2026-10-07T00:27:15.4098204Z      Command: C:\Users\runneradmin\AppData\Local\Temp\nagi installer space 5282eeeb-5f70-470c-ad92-6e6031a69908\versions\current\nagic.exe
2026-10-07T00:27:15.4099457Z 
2026-10-07T00:27:15.4109147Z [NEXT] Try in this terminal: nagic --version
2026-10-07T00:27:15.4110085Z        Restart VS Code to refresh its PATH.
2026-10-07T00:27:15.4110772Z 
2026-10-07T00:27:15.4118230Z [INFO] To build your own Nagi apps with nagic build/run:
2026-10-07T00:27:15.4118956Z        Rust/Cargo and Visual Studio C++ Build Tools are required.
2026-10-07T00:27:15.4124937Z        Use your existing installation if these tools are already installed.
2026-10-07T00:27:15.8824649Z Removed old version: C:\Users\runneradmin\AppData\Local\Temp\nagi installer space 5282eeeb-5f70-470c-ad92-6e6031a69908\versions\nagi-0.0.1-windows-x86_64
2026-10-07T00:27:15.8826146Z 
2026-10-07T00:27:15.8839943Z [OK] Installed Nagi 0.0.2 (prebuilt compiler).
2026-10-07T00:27:15.8847313Z      Location: C:\Users\runneradmin\AppData\Local\Temp\nagi installer space 5282eeeb-5f70-470c-ad92-6e6031a69908\versions\nagi-0.0.2-windows-x86_64
2026-10-07T00:27:15.8855364Z      Command: C:\Users\runneradmin\AppData\Local\Temp\nagi installer space 5282eeeb-5f70-470c-ad92-6e6031a69908\versions\current\nagic.exe
2026-10-07T00:27:15.8863210Z 
2026-10-07T00:27:15.8871229Z [NEXT] Try in this terminal: nagic --version
2026-10-07T00:27:15.8877385Z        Restart VS Code to refresh its PATH.
2026-10-07T00:27:15.8881675Z 
2026-10-07T00:27:15.8888340Z [INFO] To build your own Nagi apps with nagic build/run:
2026-10-07T00:27:15.8894571Z        Rust/Cargo and Visual Studio C++ Build Tools are required.
2026-10-07T00:27:15.8898918Z        Use your existing installation if these tools are already installed.
2026-10-07T00:27:16.3299384Z 
2026-10-07T00:27:16.3307087Z [OK] Installed Nagi 0.0.2 (prebuilt compiler).
2026-10-07T00:27:16.3309938Z      Location: C:\Users\runneradmin\AppData\Local\Temp\nagi installer space 5282eeeb-5f70-470c-ad92-6e6031a69908\versions\nagi-0.0.2-windows-x86_64
2026-10-07T00:27:16.3314399Z      Command: C:\Users\runneradmin\AppData\Local\Temp\nagi installer space 5282eeeb-5f70-470c-ad92-6e6031a69908\versions\current\nagic.exe
2026-10-07T00:27:16.3317376Z 
2026-10-07T00:27:16.3323851Z [NEXT] Try in this terminal: nagic --version
2026-10-07T00:27:16.3327646Z        Restart VS Code to refresh its PATH.
2026-10-07T00:27:16.3330732Z 
2026-10-07T00:27:16.3336996Z [INFO] To build your own Nagi apps with nagic build/run:
2026-10-07T00:27:16.3343114Z        Rust/Cargo and Visual Studio C++ Build Tools are required.
2026-10-07T00:27:16.3345769Z        Use your existing installation if these tools are already installed.
2026-10-07T00:27:16.6964972Z Removed old version: C:\Users\runneradmin\AppData\Local\Temp\nagi installer space 5282eeeb-5f70-470c-ad92-6e6031a69908\versions\nagi-0.0.2-windows-x86_64
2026-10-07T00:27:16.6969270Z 
2026-10-07T00:27:16.6978195Z [OK] Installed Nagi 0.0.1 (prebuilt compiler).
2026-10-07T00:27:16.6985345Z      Location: C:\Users\runneradmin\AppData\Local\Temp\nagi installer space 5282eeeb-5f70-470c-ad92-6e6031a69908\versions\nagi-0.0.1-windows-x86_64
2026-10-07T00:27:16.6990478Z      Command: C:\Users\runneradmin\AppData\Local\Temp\nagi installer space 5282eeeb-5f70-470c-ad92-6e6031a69908\versions\current\nagic.exe
2026-10-07T00:27:16.6995638Z 
2026-10-07T00:27:16.7004982Z [NEXT] Try in this terminal: nagic --version
2026-10-07T00:27:16.7012216Z        Restart VS Code to refresh its PATH.
2026-10-07T00:27:16.7018625Z 
2026-10-07T00:27:16.7024695Z [INFO] To build your own Nagi apps with nagic build/run:
2026-10-07T00:27:16.7030448Z        Rust/Cargo and Visual Studio C++ Build Tools are required.
2026-10-07T00:27:16.7035235Z        Use your existing installation if these tools are already installed.
2026-10-07T00:27:18.8569534Z Removed old version: C:\Users\runneradmin\AppData\Local\Temp\nagi installer space 5282eeeb-5f70-470c-ad92-6e6031a69908\versions\nagi-0.0.1-windows-x86_64
2026-10-07T00:27:18.8575776Z 
2026-10-07T00:27:18.8588061Z [OK] Installed Nagi 0.0.2 (prebuilt compiler).
2026-10-07T00:27:18.8594985Z      Location: C:\Users\runneradmin\AppData\Local\Temp\nagi installer space 5282eeeb-5f70-470c-ad92-6e6031a69908\versions\nagi-0.0.2-windows-x86_64
2026-10-07T00:27:18.8600921Z      Command: C:\Users\runneradmin\AppData\Local\Temp\nagi installer space 5282eeeb-5f70-470c-ad92-6e6031a69908\versions\current\nagic.exe
2026-10-07T00:27:18.8605915Z 
2026-10-07T00:27:18.8614730Z [NEXT] Try in this terminal: nagic --version
2026-10-07T00:27:18.8621142Z        Restart VS Code to refresh its PATH.
2026-10-07T00:27:18.8625289Z 
2026-10-07T00:27:18.8631189Z [INFO] To build your own Nagi apps with nagic build/run:
2026-10-07T00:27:18.8638997Z        Rust/Cargo and Visual Studio C++ Build Tools are required.
2026-10-07T00:27:18.8645731Z        Use your existing installation if these tools are already installed.
2026-10-07T00:27:19.3697692Z Removed old version: C:\Users\runneradmin\AppData\Local\Temp\nagi installer space 5282eeeb-5f70-470c-ad92-6e6031a69908\legacy\nagi-0.0.1-windows-x86_64
2026-10-07T00:27:19.3701047Z 
2026-10-07T00:27:19.3712530Z [OK] Installed Nagi 0.0.2 (prebuilt compiler).
2026-10-07T00:27:19.3717403Z      Location: C:\Users\runneradmin\AppData\Local\Temp\nagi installer space 5282eeeb-5f70-470c-ad92-6e6031a69908\legacy\nagi-0.0.2-windows-x86_64
2026-10-07T00:27:19.3722494Z      Command: C:\Users\runneradmin\AppData\Local\Temp\nagi installer space 5282eeeb-5f70-470c-ad92-6e6031a69908\legacy\current\nagic.exe
2026-10-07T00:27:19.3726732Z 
2026-10-07T00:27:19.3734012Z [NEXT] Try in this terminal: nagic --version
2026-10-07T00:27:19.3739067Z        Restart VS Code to refresh its PATH.
2026-10-07T00:27:19.3743125Z 
2026-10-07T00:27:19.3748527Z [INFO] To build your own Nagi apps with nagic build/run:
2026-10-07T00:27:19.3760778Z        Rust/Cargo and Visual Studio C++ Build Tools are required.
2026-10-07T00:27:19.3767507Z        Use your existing installation if these tools are already installed.
2026-10-07T00:27:19.6583130Z 
2026-10-07T00:27:19.6590163Z [OK] Installed Nagi 0.0.1 (prebuilt compiler).
2026-10-07T00:27:19.6592121Z      Location: C:\Users\runneradmin\AppData\Local\Temp\nagi installer space 5282eeeb-5f70-470c-ad92-6e6031a69908\protected-changed\nagi-0.0.1-windows-x86_64
2026-10-07T00:27:19.6596058Z      Command: C:\Users\runneradmin\AppData\Local\Temp\nagi installer space 5282eeeb-5f70-470c-ad92-6e6031a69908\protected-changed\current\nagic.exe
2026-10-07T00:27:19.6597301Z 
2026-10-07T00:27:19.6603523Z [NEXT] Try in this terminal: nagic --version
2026-10-07T00:27:19.6610475Z 
2026-10-07T00:27:19.6616629Z [INFO] To build your own Nagi apps with nagic build/run:
2026-10-07T00:27:19.6622542Z        Rust/Cargo and Visual Studio C++ Build Tools are required.
2026-10-07T00:27:19.6628390Z        Use your existing installation if these tools are already installed.
2026-10-07T00:27:20.2539394Z [33;1mWARNING: Kept old installation: C:\Users\runneradmin\AppData\Local\Temp\nagi installer space 5282eeeb-5f70-470c-ad92-6e6031a69908\protected-changed\nagi-0.0.1-windows-x86_64 (Files were added or changed)[0m
2026-10-07T00:27:20.2543079Z 
2026-10-07T00:27:20.2552111Z [OK] Installed Nagi 0.0.2 (prebuilt compiler).
2026-10-07T00:27:20.2558561Z      Location: C:\Users\runneradmin\AppData\Local\Temp\nagi installer space 5282eeeb-5f70-470c-ad92-6e6031a69908\protected-changed\nagi-0.0.2-windows-x86_64
2026-10-07T00:27:20.2564239Z      Command: C:\Users\runneradmin\AppData\Local\Temp\nagi installer space 5282eeeb-5f70-470c-ad92-6e6031a69908\protected-changed\current\nagic.exe
2026-10-07T00:27:20.2569524Z 
2026-10-07T00:27:20.2578303Z [NEXT] Try in this terminal: nagic --version
2026-10-07T00:27:20.2583866Z 
2026-10-07T00:27:20.2589566Z [INFO] To build your own Nagi apps with nagic build/run:
2026-10-07T00:27:20.2594211Z        Rust/Cargo and Visual Studio C++ Build Tools are required.
2026-10-07T00:27:20.2599874Z        Use your existing installation if these tools are already installed.
2026-10-07T00:27:20.4663492Z 
2026-10-07T00:27:20.4672031Z [OK] Installed Nagi 0.0.1 (prebuilt compiler).
2026-10-07T00:27:20.4677895Z      Location: C:\Users\runneradmin\AppData\Local\Temp\nagi installer space 5282eeeb-5f70-470c-ad92-6e6031a69908\protected-added\nagi-0.0.1-windows-x86_64
2026-10-07T00:27:20.4683599Z      Command: C:\Users\runneradmin\AppData\Local\Temp\nagi installer space 5282eeeb-5f70-470c-ad92-6e6031a69908\protected-added\current\nagic.exe
2026-10-07T00:27:20.4688438Z 
2026-10-07T00:27:20.4695007Z [NEXT] Try in this terminal: nagic --version
2026-10-07T00:27:20.4700510Z 
2026-10-07T00:27:20.4714990Z [INFO] To build your own Nagi apps with nagic build/run:
2026-10-07T00:27:20.4717261Z        Rust/Cargo and Visual Studio C++ Build Tools are required.
2026-10-07T00:27:20.4719546Z        Use your existing installation if these tools are already installed.
2026-10-07T00:27:21.0128666Z [33;1mWARNING: Kept old installation: C:\Users\runneradmin\AppData\Local\Temp\nagi installer space 5282eeeb-5f70-470c-ad92-6e6031a69908\protected-added\nagi-0.0.1-windows-x86_64 (Files were added or changed)[0m
2026-10-07T00:27:21.0129857Z 
2026-10-07T00:27:21.0135963Z [OK] Installed Nagi 0.0.2 (prebuilt compiler).
2026-10-07T00:27:21.0143589Z      Location: C:\Users\runneradmin\AppData\Local\Temp\nagi installer space 5282eeeb-5f70-470c-ad92-6e6031a69908\protected-added\nagi-0.0.2-windows-x86_64
2026-10-07T00:27:21.0148643Z      Command: C:\Users\runneradmin\AppData\Local\Temp\nagi installer space 5282eeeb-5f70-470c-ad92-6e6031a69908\protected-added\current\nagic.exe
2026-10-07T00:27:21.0154194Z 
2026-10-07T00:27:21.0160983Z [NEXT] Try in this terminal: nagic --version
2026-10-07T00:27:21.0166321Z 
2026-10-07T00:27:21.0172797Z [INFO] To build your own Nagi apps with nagic build/run:
2026-10-07T00:27:21.0177951Z        Rust/Cargo and Visual Studio C++ Build Tools are required.
2026-10-07T00:27:21.0184260Z        Use your existing installation if these tools are already installed.
2026-10-07T00:27:21.4679319Z 
2026-10-07T00:27:21.4710562Z [OK] Installed Nagi 0.0.1 (prebuilt compiler).
2026-10-07T00:27:21.4712581Z      Location: C:\Users\runneradmin\AppData\Local\Temp\nagi installer space 5282eeeb-5f70-470c-ad92-6e6031a69908\protected-empty-directory\nagi-0.0.1-windows-x86_64
2026-10-07T00:27:21.4715325Z      Command: C:\Users\runneradmin\AppData\Local\Temp\nagi installer space 5282eeeb-5f70-470c-ad92-6e6031a69908\protected-empty-directory\current\nagic.exe
2026-10-07T00:27:21.4717484Z 
2026-10-07T00:27:21.4724827Z [NEXT] Try in this terminal: nagic --version
2026-10-07T00:27:21.4729277Z 
2026-10-07T00:27:21.4734930Z [INFO] To build your own Nagi apps with nagic build/run:
2026-10-07T00:27:21.4740462Z        Rust/Cargo and Visual Studio C++ Build Tools are required.
2026-10-07T00:27:21.4746309Z        Use your existing installation if these tools are already installed.
2026-10-07T00:27:21.6351654Z [33;1mWARNING: Kept old installation: C:\Users\runneradmin\AppData\Local\Temp\nagi installer space 5282eeeb-5f70-470c-ad92-6e6031a69908\protected-empty-directory\nagi-0.0.1-windows-x86_64 (Files were added or changed)[0m
2026-10-07T00:27:21.6353433Z 
2026-10-07T00:27:21.6360179Z [OK] Installed Nagi 0.0.2 (prebuilt compiler).
2026-10-07T00:27:21.6367233Z      Location: C:\Users\runneradmin\AppData\Local\Temp\nagi installer space 5282eeeb-5f70-470c-ad92-6e6031a69908\protected-empty-directory\nagi-0.0.2-windows-x86_64
2026-10-07T00:27:21.6373560Z      Command: C:\Users\runneradmin\AppData\Local\Temp\nagi installer space 5282eeeb-5f70-470c-ad92-6e6031a69908\protected-empty-directory\current\nagic.exe
2026-10-07T00:27:21.6379202Z 
2026-10-07T00:27:21.6387410Z [NEXT] Try in this terminal: nagic --version
2026-10-07T00:27:21.6392539Z 
2026-10-07T00:27:21.6398009Z [INFO] To build your own Nagi apps with nagic build/run:
2026-10-07T00:27:21.6403415Z        Rust/Cargo and Visual Studio C++ Build Tools are required.
2026-10-07T00:27:21.6408823Z        Use your existing installation if these tools are already installed.
2026-10-07T00:27:21.8146748Z 
2026-10-07T00:27:21.8153819Z [OK] Installed Nagi 0.0.1 (prebuilt compiler).
2026-10-07T00:27:21.8159374Z      Location: C:\Users\runneradmin\AppData\Local\Temp\nagi installer space 5282eeeb-5f70-470c-ad92-6e6031a69908\protected-busy\nagi-0.0.1-windows-x86_64
2026-10-07T00:27:21.8164593Z      Command: C:\Users\runneradmin\AppData\Local\Temp\nagi installer space 5282eeeb-5f70-470c-ad92-6e6031a69908\protected-busy\current\nagic.exe
2026-10-07T00:27:21.8168958Z 
2026-10-07T00:27:21.8175483Z [NEXT] Try in this terminal: nagic --version
2026-10-07T00:27:21.8181682Z 
2026-10-07T00:27:21.8186424Z [INFO] To build your own Nagi apps with nagic build/run:
2026-10-07T00:27:21.8193024Z        Rust/Cargo and Visual Studio C++ Build Tools are required.
2026-10-07T00:27:21.8200597Z        Use your existing installation if these tools are already installed.
2026-10-07T00:27:21.9359172Z [33;1mWARNING: Kept old installation: C:\Users\runneradmin\AppData\Local\Temp\nagi installer space 5282eeeb-5f70-470c-ad92-6e6031a69908\protected-busy\nagi-0.0.1-windows-x86_64 (The process cannot access the file 'C:\Users\runneradmin\AppData\Local\Temp\nagi installer space 5282eeeb-5f70-470c-ad92-6e6031a69908\protected-busy\nagi-0.0.1-windows-x86_64\nagic.exe' because it is being used by another process.)[0m
2026-10-07T00:27:21.9361084Z 
2026-10-07T00:27:21.9367529Z [OK] Installed Nagi 0.0.2 (prebuilt compiler).
2026-10-07T00:27:21.9374430Z      Location: C:\Users\runneradmin\AppData\Local\Temp\nagi installer space 5282eeeb-5f70-470c-ad92-6e6031a69908\protected-busy\nagi-0.0.2-windows-x86_64
2026-10-07T00:27:21.9381839Z      Command: C:\Users\runneradmin\AppData\Local\Temp\nagi installer space 5282eeeb-5f70-470c-ad92-6e6031a69908\protected-busy\current\nagic.exe
2026-10-07T00:27:21.9389287Z 
2026-10-07T00:27:21.9391285Z [NEXT] Try in this terminal: nagic --version
2026-10-07T00:27:21.9394761Z 
2026-10-07T00:27:21.9398760Z [INFO] To build your own Nagi apps with nagic build/run:
2026-10-07T00:27:21.9399822Z        Rust/Cargo and Visual Studio C++ Build Tools are required.
2026-10-07T00:27:21.9400945Z        Use your existing installation if these tools are already installed.
2026-10-07T00:27:22.0630164Z 
2026-10-07T00:27:22.0639389Z [OK] Installed Nagi 0.0.1 (prebuilt compiler).
2026-10-07T00:27:22.0643924Z      Location: C:\Users\runneradmin\AppData\Local\Temp\nagi installer space 5282eeeb-5f70-470c-ad92-6e6031a69908\protected-junction\nagi-0.0.1-windows-x86_64
2026-10-07T00:27:22.0645998Z      Command: C:\Users\runneradmin\AppData\Local\Temp\nagi installer space 5282eeeb-5f70-470c-ad92-6e6031a69908\protected-junction\current\nagic.exe
2026-10-07T00:27:22.0646879Z 
2026-10-07T00:27:22.0653211Z [NEXT] Try in this terminal: nagic --version
2026-10-07T00:27:22.0654069Z 
2026-10-07T00:27:22.0658776Z [INFO] To build your own Nagi apps with nagic build/run:
2026-10-07T00:27:22.0665681Z        Rust/Cargo and Visual Studio C++ Build Tools are required.
2026-10-07T00:27:22.0673199Z        Use your existing installation if these tools are already installed.
2026-10-07T00:27:22.1897037Z [33;1mWARNING: Kept old installation: C:\Users\runneradmin\AppData\Local\Temp\nagi installer space 5282eeeb-5f70-470c-ad92-6e6031a69908\protected-junction\nagi-0.0.1-windows-x86_64 (Installation contains a link or an unrecognized file name)[0m
2026-10-07T00:27:22.1898595Z 
2026-10-07T00:27:22.1907080Z [OK] Installed Nagi 0.0.2 (prebuilt compiler).
2026-10-07T00:27:22.1913550Z      Location: C:\Users\runneradmin\AppData\Local\Temp\nagi installer space 5282eeeb-5f70-470c-ad92-6e6031a69908\protected-junction\nagi-0.0.2-windows-x86_64
2026-10-07T00:27:22.1920299Z      Command: C:\Users\runneradmin\AppData\Local\Temp\nagi installer space 5282eeeb-5f70-470c-ad92-6e6031a69908\protected-junction\current\nagic.exe
2026-10-07T00:27:22.1925391Z 
2026-10-07T00:27:22.1931500Z [NEXT] Try in this terminal: nagic --version
2026-10-07T00:27:22.1937284Z 
2026-10-07T00:27:22.1943072Z [INFO] To build your own Nagi apps with nagic build/run:
2026-10-07T00:27:22.1944324Z        Rust/Cargo and Visual Studio C++ Build Tools are required.
2026-10-07T00:27:22.1949203Z        Use your existing installation if these tools are already installed.
2026-10-07T00:27:22.2570436Z PowerShell installer: external project, upgrade, repeat, explicit version, rollback, legacy PATH, protected files, lock, and latest selection passed.
2026-10-07T00:27:22.3791822Z ##[group]Run ./scripts/releases/test_install.ps1 -Archive "build/distribution/nagi-$env:RELEASE_VERSION-windows-x86_64.zip" -Version $env:RELEASE_VERSION -TestUserPath
2026-10-07T00:27:22.3793309Z [36;1m./scripts/releases/test_install.ps1 -Archive "build/distribution/nagi-$env:RELEASE_VERSION-windows-x86_64.zip" -Version $env:RELEASE_VERSION -TestUserPath[0m
2026-10-07T00:27:22.3857417Z shell: C:\Windows\System32\WindowsPowerShell\v1.0\powershell.EXE -command ". '{0}'"
2026-10-07T00:27:22.3857899Z env:
2026-10-07T00:27:22.3858277Z   NAGI_FAILURE_DIR: D:\a\Nagi\Nagi/build/compiler-failures
2026-10-07T00:27:22.3858679Z   CARGO_HOME: C:\Users\runneradmin\.cargo
2026-10-07T00:27:22.3859016Z   CARGO_INCREMENTAL: 0
2026-10-07T00:27:22.3859307Z   CARGO_TERM_COLOR: always
2026-10-07T00:27:22.3859770Z   pythonLocation: C:\hostedtoolcache\windows\Python\3.12.10\x64
2026-10-07T00:27:22.3860284Z   PKG_CONFIG_PATH: C:\hostedtoolcache\windows\Python\3.12.10\x64/lib/pkgconfig
2026-10-07T00:27:22.3860894Z   Python_ROOT_DIR: C:\hostedtoolcache\windows\Python\3.12.10\x64
2026-10-07T00:27:22.3861347Z   Python2_ROOT_DIR: C:\hostedtoolcache\windows\Python\3.12.10\x64
2026-10-07T00:27:22.3861795Z   Python3_ROOT_DIR: C:\hostedtoolcache\windows\Python\3.12.10\x64
2026-10-07T00:27:22.3862198Z   RELEASE_VERSION: 0.1.10
2026-10-07T00:27:22.3862475Z ##[endgroup]
2026-10-07T00:27:25.3787646Z 
2026-10-07T00:27:25.4045750Z [OK] Installed Nagi 0.1.10 (prebuilt compiler).
2026-10-07T00:27:25.4066437Z      Location: C:\Users\runneradmin\AppData\Local\Temp\nagi installer space 22162cd4-e26f-4f58-bfdc-2c67070280ff\versions\nagi-0.1.10-windows-x86_64
2026-10-07T00:27:25.4077422Z      Command: C:\Users\runneradmin\AppData\Local\Temp\nagi installer space 22162cd4-e26f-4f58-bfdc-2c67070280ff\versions\current\nagic.exe
2026-10-07T00:27:25.4080251Z 
2026-10-07T00:27:25.4093507Z [NEXT] Try in this terminal: nagic --version
2026-10-07T00:27:25.4101273Z        Restart VS Code to refresh its PATH.
2026-10-07T00:27:25.4104851Z 
2026-10-07T00:27:25.4112740Z [INFO] To build your own Nagi apps with nagic build/run:
2026-10-07T00:27:25.4119995Z        Rust/Cargo and Visual Studio C++ Build Tools are required.
2026-10-07T00:27:25.4127537Z        Use your existing installation if these tools are already installed.
2026-10-07T00:27:26.2734632Z 
2026-10-07T00:27:26.2749222Z [OK] Installed Nagi 0.1.10 (prebuilt compiler).
2026-10-07T00:27:26.2757966Z      Location: C:\Users\runneradmin\AppData\Local\Temp\nagi installer space 22162cd4-e26f-4f58-bfdc-2c67070280ff\versions\nagi-0.1.10-windows-x86_64
2026-10-07T00:27:26.2776649Z      Command: C:\Users\runneradmin\AppData\Local\Temp\nagi installer space 22162cd4-e26f-4f58-bfdc-2c67070280ff\versions\current\nagic.exe
2026-10-07T00:27:26.2777674Z 
2026-10-07T00:27:26.2790781Z [NEXT] Try in this terminal: nagic --version
2026-10-07T00:27:26.2799715Z        Restart VS Code to refresh its PATH.
2026-10-07T00:27:26.2803343Z 
2026-10-07T00:27:26.2811659Z [INFO] To build your own Nagi apps with nagic build/run:
2026-10-07T00:27:26.2819227Z        Rust/Cargo and Visual Studio C++ Build Tools are required.
2026-10-07T00:27:26.2826732Z        Use your existing installation if these tools are already installed.
2026-10-07T00:27:26.3964673Z [1m[92m    Updating[0m crates.io index
2026-10-07T00:27:26.8376970Z [1m[92m     Locking[0m 107 packages to highest compatible versions
2026-10-07T00:27:26.8496032Z [1m[92m      Adding[0m generic-array v0.14.7 [1m[93m(available: v0.14.9)[0m
2026-10-07T00:27:26.8641153Z [1m[92m      Adding[0m matchit v0.8.4 [1m[93m(available: v0.8.6)[0m
2026-10-07T00:27:27.0262302Z [1m[92m   Compiling[0m nagi-runtime v0.1.10 (C:\Users\runneradmin\AppData\Local\Temp\nagi installer space 22162cd4-e26f-4f58-bfdc-2c67070280ff\versions\nagi-0.1.10-windows-x86_64\runtime)
2026-10-07T00:27:35.9365284Z [1m[92m   Compiling[0m nagi-main-b0f9a3e0188e3263 v0.1.0 (C:\Users\runneradmin\AppData\Local\Temp\nagi installer space 22162cd4-e26f-4f58-bfdc-2c67070280ff\outside project\build\main\.nagi\apps\nagi-main-b0f9a3e0188e3263\generations\.staging-g-1cc4-18dc17bb9cc46a1c-0)
2026-10-07T00:27:36.1042141Z [1m[92m    Finished[0m `release` profile [optimized] target(s) in 9.72s
2026-10-07T00:27:36.1510410Z native: \\?\C:\Users\runneradmin\AppData\Local\Temp\nagi installer space 22162cd4-e26f-4f58-bfdc-2c67070280ff\outside project\build\main\.nagi\apps\nagi-main-b0f9a3e0188e3263\generations\g-1cc4-18dc17bb9cc46a1c-0\nagi-b0f9a3e0188e3263-g-1cc4-18dc17bb9cc46a1c-0.exe
2026-10-07T00:27:39.0453444Z Removed old version: C:\Users\runneradmin\AppData\Local\Temp\nagi installer space 22162cd4-e26f-4f58-bfdc-2c67070280ff\versions\nagi-0.1.10-windows-x86_64
2026-10-07T00:27:39.0457406Z 
2026-10-07T00:27:39.0472809Z [OK] Installed Nagi 0.0.1 (prebuilt compiler).
2026-10-07T00:27:39.0482617Z      Location: C:\Users\runneradmin\AppData\Local\Temp\nagi installer space 22162cd4-e26f-4f58-bfdc-2c67070280ff\versions\nagi-0.0.1-windows-x86_64
2026-10-07T00:27:39.0493095Z      Command: C:\Users\runneradmin\AppData\Local\Temp\nagi installer space 22162cd4-e26f-4f58-bfdc-2c67070280ff\versions\current\nagic.exe
2026-10-07T00:27:39.0496253Z 
2026-10-07T00:27:39.0510814Z [NEXT] Try in this terminal: nagic --version
2026-10-07T00:27:39.0519398Z        Restart VS Code to refresh its PATH.
2026-10-07T00:27:39.0522942Z 
2026-10-07T00:27:39.0531825Z [INFO] To build your own Nagi apps with nagic build/run:
2026-10-07T00:27:39.0540153Z        Rust/Cargo and Visual Studio C++ Build Tools are required.
2026-10-07T00:27:39.0548321Z        Use your existing installation if these tools are already installed.
2026-10-07T00:27:39.5635904Z Removed old version: C:\Users\runneradmin\AppData\Local\Temp\nagi installer space 22162cd4-e26f-4f58-bfdc-2c67070280ff\versions\nagi-0.0.1-windows-x86_64
2026-10-07T00:27:39.5786479Z 
2026-10-07T00:27:39.5836047Z [OK] Installed Nagi 0.0.2 (prebuilt compiler).
2026-10-07T00:27:39.5858779Z      Location: C:\Users\runneradmin\AppData\Local\Temp\nagi installer space 22162cd4-e26f-4f58-bfdc-2c67070280ff\versions\nagi-0.0.2-windows-x86_64
2026-10-07T00:27:39.5865995Z      Command: C:\Users\runneradmin\AppData\Local\Temp\nagi installer space 22162cd4-e26f-4f58-bfdc-2c67070280ff\versions\current\nagic.exe
2026-10-07T00:27:39.5867075Z 
2026-10-07T00:27:39.5868128Z [NEXT] Try in this terminal: nagic --version
2026-10-07T00:27:39.5869013Z        Restart VS Code to refresh its PATH.
2026-10-07T00:27:39.5869741Z 
2026-10-07T00:27:39.5870355Z [INFO] To build your own Nagi apps with nagic build/run:
2026-10-07T00:27:39.5871332Z        Rust/Cargo and Visual Studio C++ Build Tools are required.
2026-10-07T00:27:39.5872406Z        Use your existing installation if these tools are already installed.
2026-10-07T00:27:39.8826921Z 
2026-10-07T00:27:39.8841784Z [OK] Installed Nagi 0.0.2 (prebuilt compiler).
2026-10-07T00:27:39.8851117Z      Location: C:\Users\runneradmin\AppData\Local\Temp\nagi installer space 22162cd4-e26f-4f58-bfdc-2c67070280ff\versions\nagi-0.0.2-windows-x86_64
2026-10-07T00:27:39.8861240Z      Command: C:\Users\runneradmin\AppData\Local\Temp\nagi installer space 22162cd4-e26f-4f58-bfdc-2c67070280ff\versions\current\nagic.exe
2026-10-07T00:27:39.8865157Z 
2026-10-07T00:27:39.8878363Z [NEXT] Try in this terminal: nagic --version
2026-10-07T00:27:39.8887089Z        Restart VS Code to refresh its PATH.
2026-10-07T00:27:39.8891078Z 
2026-10-07T00:27:39.8899853Z [INFO] To build your own Nagi apps with nagic build/run:
2026-10-07T00:27:39.8908228Z        Rust/Cargo and Visual Studio C++ Build Tools are required.
2026-10-07T00:27:39.8917260Z        Use your existing installation if these tools are already installed.
2026-10-07T00:27:40.4278637Z Removed old version: C:\Users\runneradmin\AppData\Local\Temp\nagi installer space 22162cd4-e26f-4f58-bfdc-2c67070280ff\versions\nagi-0.0.2-windows-x86_64
2026-10-07T00:27:40.4282256Z 
2026-10-07T00:27:40.4297129Z [OK] Installed Nagi 0.0.1 (prebuilt compiler).
2026-10-07T00:27:40.4307733Z      Location: C:\Users\runneradmin\AppData\Local\Temp\nagi installer space 22162cd4-e26f-4f58-bfdc-2c67070280ff\versions\nagi-0.0.1-windows-x86_64
2026-10-07T00:27:40.4316312Z      Command: C:\Users\runneradmin\AppData\Local\Temp\nagi installer space 22162cd4-e26f-4f58-bfdc-2c67070280ff\versions\current\nagic.exe
2026-10-07T00:27:40.4319380Z 
2026-10-07T00:27:40.4333578Z [NEXT] Try in this terminal: nagic --version
2026-10-07T00:27:40.4344437Z        Restart VS Code to refresh its PATH.
2026-10-07T00:27:40.4348390Z 
2026-10-07T00:27:40.4358565Z [INFO] To build your own Nagi apps with nagic build/run:
2026-10-07T00:27:40.4369620Z        Rust/Cargo and Visual Studio C++ Build Tools are required.
2026-10-07T00:27:40.4380316Z        Use your existing installation if these tools are already installed.
2026-10-07T00:27:41.3838123Z Removed old version: C:\Users\runneradmin\AppData\Local\Temp\nagi installer space 22162cd4-e26f-4f58-bfdc-2c67070280ff\versions\nagi-0.0.1-windows-x86_64
2026-10-07T00:27:41.3842787Z 
2026-10-07T00:27:41.3856954Z [OK] Installed Nagi 0.0.2 (prebuilt compiler).
2026-10-07T00:27:41.3865168Z      Location: C:\Users\runneradmin\AppData\Local\Temp\nagi installer space 22162cd4-e26f-4f58-bfdc-2c67070280ff\versions\nagi-0.0.2-windows-x86_64
2026-10-07T00:27:41.3874010Z      Command: C:\Users\runneradmin\AppData\Local\Temp\nagi installer space 22162cd4-e26f-4f58-bfdc-2c67070280ff\versions\current\nagic.exe
2026-10-07T00:27:41.3879117Z 
2026-10-07T00:27:41.3892490Z [NEXT] Try in this terminal: nagic --version
2026-10-07T00:27:41.3901178Z        Restart VS Code to refresh its PATH.
2026-10-07T00:27:41.3904582Z 
2026-10-07T00:27:41.3913843Z [INFO] To build your own Nagi apps with nagic build/run:
2026-10-07T00:27:41.3921950Z        Rust/Cargo and Visual Studio C++ Build Tools are required.
2026-10-07T00:27:41.3929696Z        Use your existing installation if these tools are already installed.
2026-10-07T00:27:42.1168720Z Removed old version: C:\Users\runneradmin\AppData\Local\Temp\nagi installer space 22162cd4-e26f-4f58-bfdc-2c67070280ff\legacy\nagi-0.0.1-windows-x86_64
2026-10-07T00:27:42.1172622Z 
2026-10-07T00:27:42.1185842Z [OK] Installed Nagi 0.0.2 (prebuilt compiler).
2026-10-07T00:27:42.1194555Z      Location: C:\Users\runneradmin\AppData\Local\Temp\nagi installer space 22162cd4-e26f-4f58-bfdc-2c67070280ff\legacy\nagi-0.0.2-windows-x86_64
2026-10-07T00:27:42.1203537Z      Command: C:\Users\runneradmin\AppData\Local\Temp\nagi installer space 22162cd4-e26f-4f58-bfdc-2c67070280ff\legacy\current\nagic.exe
2026-10-07T00:27:42.1206662Z 
2026-10-07T00:27:42.1219130Z [NEXT] Try in this terminal: nagic --version
2026-10-07T00:27:42.1227160Z        Restart VS Code to refresh its PATH.
2026-10-07T00:27:42.1230731Z 
2026-10-07T00:27:42.1238706Z [INFO] To build your own Nagi apps with nagic build/run:
2026-10-07T00:27:42.1246285Z        Rust/Cargo and Visual Studio C++ Build Tools are required.
2026-10-07T00:27:42.1253864Z        Use your existing installation if these tools are already installed.
2026-10-07T00:27:42.3940995Z 
2026-10-07T00:27:42.3954306Z [OK] Installed Nagi 0.0.1 (prebuilt compiler).
2026-10-07T00:27:42.3962587Z      Location: C:\Users\runneradmin\AppData\Local\Temp\nagi installer space 22162cd4-e26f-4f58-bfdc-2c67070280ff\protected-changed\nagi-0.0.1-windows-x86_64
2026-10-07T00:27:42.3971566Z      Command: C:\Users\runneradmin\AppData\Local\Temp\nagi installer space 22162cd4-e26f-4f58-bfdc-2c67070280ff\protected-changed\current\nagic.exe
2026-10-07T00:27:42.3974938Z 
2026-10-07T00:27:42.3987166Z [NEXT] Try in this terminal: nagic --version
2026-10-07T00:27:42.3992798Z 
2026-10-07T00:27:42.4001504Z [INFO] To build your own Nagi apps with nagic build/run:
2026-10-07T00:27:42.4009014Z        Rust/Cargo and Visual Studio C++ Build Tools are required.
2026-10-07T00:27:42.4016721Z        Use your existing installation if these tools are already installed.
2026-10-07T00:27:42.8626383Z WARNING: Kept old installation: C:\Users\runneradmin\AppData\Local\Temp\nagi installer space 
2026-10-07T00:27:42.8627651Z 22162cd4-e26f-4f58-bfdc-2c67070280ff\protected-changed\nagi-0.0.1-windows-x86_64 (Files were added or changed)
2026-10-07T00:27:42.8633236Z 
2026-10-07T00:27:42.8647928Z [OK] Installed Nagi 0.0.2 (prebuilt compiler).
2026-10-07T00:27:42.8656371Z      Location: C:\Users\runneradmin\AppData\Local\Temp\nagi installer space 22162cd4-e26f-4f58-bfdc-2c67070280ff\protected-changed\nagi-0.0.2-windows-x86_64
2026-10-07T00:27:42.8665798Z      Command: C:\Users\runneradmin\AppData\Local\Temp\nagi installer space 22162cd4-e26f-4f58-bfdc-2c67070280ff\protected-changed\current\nagic.exe
2026-10-07T00:27:42.8669399Z 
2026-10-07T00:27:42.8684835Z [NEXT] Try in this terminal: nagic --version
2026-10-07T00:27:42.8689057Z 
2026-10-07T00:27:42.8697049Z [INFO] To build your own Nagi apps with nagic build/run:
2026-10-07T00:27:42.8703889Z        Rust/Cargo and Visual Studio C++ Build Tools are required.
2026-10-07T00:27:42.8710926Z        Use your existing installation if these tools are already installed.
2026-10-07T00:27:43.1438148Z 
2026-10-07T00:27:43.1453389Z [OK] Installed Nagi 0.0.1 (prebuilt compiler).
2026-10-07T00:27:43.1463908Z      Location: C:\Users\runneradmin\AppData\Local\Temp\nagi installer space 22162cd4-e26f-4f58-bfdc-2c67070280ff\protected-added\nagi-0.0.1-windows-x86_64
2026-10-07T00:27:43.1475854Z      Command: C:\Users\runneradmin\AppData\Local\Temp\nagi installer space 22162cd4-e26f-4f58-bfdc-2c67070280ff\protected-added\current\nagic.exe
2026-10-07T00:27:43.1479338Z 
2026-10-07T00:27:43.1493674Z [NEXT] Try in this terminal: nagic --version
2026-10-07T00:27:43.1498388Z 
2026-10-07T00:27:43.1508492Z [INFO] To build your own Nagi apps with nagic build/run:
2026-10-07T00:27:43.1517723Z        Rust/Cargo and Visual Studio C++ Build Tools are required.
2026-10-07T00:27:43.1527543Z        Use your existing installation if these tools are already installed.
2026-10-07T00:27:43.6401454Z WARNING: Kept old installation: C:\Users\runneradmin\AppData\Local\Temp\nagi installer space 
2026-10-07T00:27:43.6402752Z 22162cd4-e26f-4f58-bfdc-2c67070280ff\protected-added\nagi-0.0.1-windows-x86_64 (Files were added or changed)
2026-10-07T00:27:43.6409304Z 
2026-10-07T00:27:43.6422952Z [OK] Installed Nagi 0.0.2 (prebuilt compiler).
2026-10-07T00:27:43.6431328Z      Location: C:\Users\runneradmin\AppData\Local\Temp\nagi installer space 22162cd4-e26f-4f58-bfdc-2c67070280ff\protected-added\nagi-0.0.2-windows-x86_64
2026-10-07T00:27:43.6440379Z      Command: C:\Users\runneradmin\AppData\Local\Temp\nagi installer space 22162cd4-e26f-4f58-bfdc-2c67070280ff\protected-added\current\nagic.exe
2026-10-07T00:27:43.6443384Z 
2026-10-07T00:27:43.6455696Z [NEXT] Try in this terminal: nagic --version
2026-10-07T00:27:43.6461497Z 
2026-10-07T00:27:43.6471436Z [INFO] To build your own Nagi apps with nagic build/run:
2026-10-07T00:27:43.6479897Z        Rust/Cargo and Visual Studio C++ Build Tools are required.
2026-10-07T00:27:43.6488685Z        Use your existing installation if these tools are already installed.
2026-10-07T00:27:43.9395769Z 
2026-10-07T00:27:43.9410215Z [OK] Installed Nagi 0.0.1 (prebuilt compiler).
2026-10-07T00:27:43.9420339Z      Location: C:\Users\runneradmin\AppData\Local\Temp\nagi installer space 22162cd4-e26f-4f58-bfdc-2c67070280ff\protected-empty-directory\nagi-0.0.1-windows-x86_64
2026-10-07T00:27:43.9430226Z      Command: C:\Users\runneradmin\AppData\Local\Temp\nagi installer space 22162cd4-e26f-4f58-bfdc-2c67070280ff\protected-empty-directory\current\nagic.exe
2026-10-07T00:27:43.9433307Z 
2026-10-07T00:27:43.9447293Z [NEXT] Try in this terminal: nagic --version
2026-10-07T00:27:43.9451398Z 
2026-10-07T00:27:43.9460870Z [INFO] To build your own Nagi apps with nagic build/run:
2026-10-07T00:27:43.9469798Z        Rust/Cargo and Visual Studio C++ Build Tools are required.
2026-10-07T00:27:43.9479034Z        Use your existing installation if these tools are already installed.
2026-10-07T00:27:44.4359691Z WARNING: Kept old installation: C:\Users\runneradmin\AppData\Local\Temp\nagi installer space 
2026-10-07T00:27:44.4361062Z 22162cd4-e26f-4f58-bfdc-2c67070280ff\protected-empty-directory\nagi-0.0.1-windows-x86_64 (Files were added or changed)
2026-10-07T00:27:44.4366305Z 
2026-10-07T00:27:44.4382062Z [OK] Installed Nagi 0.0.2 (prebuilt compiler).
2026-10-07T00:27:44.4391553Z      Location: C:\Users\runneradmin\AppData\Local\Temp\nagi installer space 22162cd4-e26f-4f58-bfdc-2c67070280ff\protected-empty-directory\nagi-0.0.2-windows-x86_64
2026-10-07T00:27:44.4400536Z      Command: C:\Users\runneradmin\AppData\Local\Temp\nagi installer space 22162cd4-e26f-4f58-bfdc-2c67070280ff\protected-empty-directory\current\nagic.exe
2026-10-07T00:27:44.4404268Z 
2026-10-07T00:27:44.4416735Z [NEXT] Try in this terminal: nagic --version
2026-10-07T00:27:44.4421185Z 
2026-10-07T00:27:44.4429261Z [INFO] To build your own Nagi apps with nagic build/run:
2026-10-07T00:27:44.4436919Z        Rust/Cargo and Visual Studio C++ Build Tools are required.
2026-10-07T00:27:44.4444540Z        Use your existing installation if these tools are already installed.
2026-10-07T00:27:44.7184720Z 
2026-10-07T00:27:44.7198284Z [OK] Installed Nagi 0.0.1 (prebuilt compiler).
2026-10-07T00:27:44.7206457Z      Location: C:\Users\runneradmin\AppData\Local\Temp\nagi installer space 22162cd4-e26f-4f58-bfdc-2c67070280ff\protected-busy\nagi-0.0.1-windows-x86_64
2026-10-07T00:27:44.7215415Z      Command: C:\Users\runneradmin\AppData\Local\Temp\nagi installer space 22162cd4-e26f-4f58-bfdc-2c67070280ff\protected-busy\current\nagic.exe
2026-10-07T00:27:44.7218580Z 
2026-10-07T00:27:44.7230415Z [NEXT] Try in this terminal: nagic --version
2026-10-07T00:27:44.7234245Z 
2026-10-07T00:27:44.7241989Z [INFO] To build your own Nagi apps with nagic build/run:
2026-10-07T00:27:44.7249067Z        Rust/Cargo and Visual Studio C++ Build Tools are required.
2026-10-07T00:27:44.7257734Z        Use your existing installation if these tools are already installed.
2026-10-07T00:27:45.0221060Z WARNING: Kept old installation: C:\Users\runneradmin\AppData\Local\Temp\nagi installer space 
2026-10-07T00:27:45.0222243Z 22162cd4-e26f-4f58-bfdc-2c67070280ff\protected-busy\nagi-0.0.1-windows-x86_64 (The file 
2026-10-07T00:27:45.0223170Z 'C:\Users\runneradmin\AppData\Local\Temp\nagi installer space 
2026-10-07T00:27:45.0224316Z 22162cd4-e26f-4f58-bfdc-2c67070280ff\protected-busy\nagi-0.0.1-windows-x86_64\nagic.exe' cannot be read: The process 
2026-10-07T00:27:45.0225453Z cannot access the file 'C:\Users\runneradmin\AppData\Local\Temp\nagi installer space 
2026-10-07T00:27:45.0226605Z 22162cd4-e26f-4f58-bfdc-2c67070280ff\protected-busy\nagi-0.0.1-windows-x86_64\nagic.exe' because it is being used by 
2026-10-07T00:27:45.0227525Z another process.)
2026-10-07T00:27:45.0227742Z 
2026-10-07T00:27:45.0242684Z [OK] Installed Nagi 0.0.2 (prebuilt compiler).
2026-10-07T00:27:45.0252503Z      Location: C:\Users\runneradmin\AppData\Local\Temp\nagi installer space 22162cd4-e26f-4f58-bfdc-2c67070280ff\protected-busy\nagi-0.0.2-windows-x86_64
2026-10-07T00:27:45.0263246Z      Command: C:\Users\runneradmin\AppData\Local\Temp\nagi installer space 22162cd4-e26f-4f58-bfdc-2c67070280ff\protected-busy\current\nagic.exe
2026-10-07T00:27:45.0266468Z 
2026-10-07T00:27:45.0279656Z [NEXT] Try in this terminal: nagic --version
2026-10-07T00:27:45.0283935Z 
2026-10-07T00:27:45.0292414Z [INFO] To build your own Nagi apps with nagic build/run:
2026-10-07T00:27:45.0301881Z        Rust/Cargo and Visual Studio C++ Build Tools are required.
2026-10-07T00:27:45.0309332Z        Use your existing installation if these tools are already installed.
2026-10-07T00:27:45.3280443Z 
2026-10-07T00:27:45.3297921Z [OK] Installed Nagi 0.0.1 (prebuilt compiler).
2026-10-07T00:27:45.3312002Z      Location: C:\Users\runneradmin\AppData\Local\Temp\nagi installer space 22162cd4-e26f-4f58-bfdc-2c67070280ff\protected-junction\nagi-0.0.1-windows-x86_64
2026-10-07T00:27:45.3325231Z      Command: C:\Users\runneradmin\AppData\Local\Temp\nagi installer space 22162cd4-e26f-4f58-bfdc-2c67070280ff\protected-junction\current\nagic.exe
2026-10-07T00:27:45.3327941Z 
2026-10-07T00:27:45.3344362Z [NEXT] Try in this terminal: nagic --version
2026-10-07T00:27:45.3349759Z 
2026-10-07T00:27:45.3361075Z [INFO] To build your own Nagi apps with nagic build/run:
2026-10-07T00:27:45.3371161Z        Rust/Cargo and Visual Studio C++ Build Tools are required.
2026-10-07T00:27:45.3380936Z        Use your existing installation if these tools are already installed.
2026-10-07T00:27:45.5999033Z WARNING: Kept old installation: C:\Users\runneradmin\AppData\Local\Temp\nagi installer space 
2026-10-07T00:27:45.6000961Z 22162cd4-e26f-4f58-bfdc-2c67070280ff\protected-junction\nagi-0.0.1-windows-x86_64 (Installation contains a link or an 
2026-10-07T00:27:45.6002034Z unrecognized file name)
2026-10-07T00:27:45.6005065Z 
2026-10-07T00:27:45.6020083Z [OK] Installed Nagi 0.0.2 (prebuilt compiler).
2026-10-07T00:27:45.6031282Z      Location: C:\Users\runneradmin\AppData\Local\Temp\nagi installer space 22162cd4-e26f-4f58-bfdc-2c67070280ff\protected-junction\nagi-0.0.2-windows-x86_64
2026-10-07T00:27:45.6041332Z      Command: C:\Users\runneradmin\AppData\Local\Temp\nagi installer space 22162cd4-e26f-4f58-bfdc-2c67070280ff\protected-junction\current\nagic.exe
2026-10-07T00:27:45.6044969Z 
2026-10-07T00:27:45.6058644Z [NEXT] Try in this terminal: nagic --version
2026-10-07T00:27:45.6062791Z 
2026-10-07T00:27:45.6072334Z [INFO] To build your own Nagi apps with nagic build/run:
2026-10-07T00:27:45.6081395Z        Rust/Cargo and Visual Studio C++ Build Tools are required.
2026-10-07T00:27:45.6090309Z        Use your existing installation if these tools are already installed.
2026-10-07T00:27:45.6784828Z PowerShell installer: external project, upgrade, repeat, explicit version, rollback, legacy PATH, protected files, lock, and latest selection passed.
2026-10-07T00:27:45.8013988Z ##[group]Run ./scripts/releases/test_uninstall.ps1
2026-10-07T00:27:45.8014687Z [36;1m./scripts/releases/test_uninstall.ps1[0m
2026-10-07T00:27:45.8081047Z shell: C:\Program Files\PowerShell\7\pwsh.EXE -command ". '{0}'"
2026-10-07T00:27:45.8081479Z env:
2026-10-07T00:27:45.8081847Z   NAGI_FAILURE_DIR: D:\a\Nagi\Nagi/build/compiler-failures
2026-10-07T00:27:45.8082402Z   CARGO_HOME: C:\Users\runneradmin\.cargo
2026-10-07T00:27:45.8082750Z   CARGO_INCREMENTAL: 0
2026-10-07T00:27:45.8083047Z   CARGO_TERM_COLOR: always
2026-10-07T00:27:45.8083461Z   pythonLocation: C:\hostedtoolcache\windows\Python\3.12.10\x64
2026-10-07T00:27:45.8084107Z   PKG_CONFIG_PATH: C:\hostedtoolcache\windows\Python\3.12.10\x64/lib/pkgconfig
2026-10-07T00:27:45.8084769Z   Python_ROOT_DIR: C:\hostedtoolcache\windows\Python\3.12.10\x64
2026-10-07T00:27:45.8085230Z   Python2_ROOT_DIR: C:\hostedtoolcache\windows\Python\3.12.10\x64
2026-10-07T00:27:45.8086251Z   Python3_ROOT_DIR: C:\hostedtoolcache\windows\Python\3.12.10\x64
2026-10-07T00:27:45.8086653Z ##[endgroup]
2026-10-07T00:27:50.3841953Z What if: Performing the operation "Remove installer current junction" on target "C:\Users\runneradmin\AppData\Local\Temp\nagi uninstaller space 8ad352cd-8741-4517-94e4-804350eb9af2\preview\current".
2026-10-07T00:27:50.3876381Z What if: Performing the operation "Remove installer-owned Nagi entries" on target "User PATH".
2026-10-07T00:27:50.3900617Z What if: Performing the operation "Remove unchanged verified Nagi distribution" on target "C:\Users\runneradmin\AppData\Local\Temp\nagi uninstaller space 8ad352cd-8741-4517-94e4-804350eb9af2\preview\nagi-0.0.1-windows-x86_64".
2026-10-07T00:27:50.3934275Z [OK] Dry run complete; no installed files or PATH entries changed.
2026-10-07T00:27:50.5590596Z Removed command junction: C:\Users\runneradmin\AppData\Local\Temp\nagi uninstaller space 8ad352cd-8741-4517-94e4-804350eb9af2\normal\current
2026-10-07T00:27:50.6027899Z Removed distribution: C:\Users\runneradmin\AppData\Local\Temp\nagi uninstaller space 8ad352cd-8741-4517-94e4-804350eb9af2\normal\nagi-0.0.1-windows-x86_64
2026-10-07T00:27:50.6030851Z [OK] Nagi uninstall complete. Any kept items are listed above.
2026-10-07T00:27:50.6035389Z Restart your terminal and VS Code to refresh PATH.
2026-10-07T00:27:50.6318234Z [OK] Nagi uninstall complete. Any kept items are listed above.
2026-10-07T00:27:50.6323694Z Restart your terminal and VS Code to refresh PATH.
2026-10-07T00:27:50.6447099Z [OK] No installation directory: C:\Users\runneradmin\AppData\Local\Temp\nagi uninstaller space 8ad352cd-8741-4517-94e4-804350eb9af2\not installed
2026-10-07T00:27:50.7715397Z Removed distribution: C:\Users\runneradmin\AppData\Local\Temp\nagi uninstaller space 8ad352cd-8741-4517-94e4-804350eb9af2\legacy\nagi-0.0.1-windows-x86_64
2026-10-07T00:27:50.7721337Z [OK] Nagi uninstall complete. Any kept items are listed above.
2026-10-07T00:27:50.7728510Z Restart your terminal and VS Code to refresh PATH.
2026-10-07T00:27:50.8981628Z [33;1mWARNING: Kept changed, busy or unverifiable installation: C:\Users\runneradmin\AppData\Local\Temp\nagi uninstaller space 8ad352cd-8741-4517-94e4-804350eb9af2\protected-changed\nagi-0.0.1-windows-x86_64 (Files were added or changed)[0m
2026-10-07T00:27:50.9003539Z Removed command junction: C:\Users\runneradmin\AppData\Local\Temp\nagi uninstaller space 8ad352cd-8741-4517-94e4-804350eb9af2\protected-changed\current
2026-10-07T00:27:50.9025369Z [OK] Nagi uninstall complete. Any kept items are listed above.
2026-10-07T00:27:50.9030395Z Restart your terminal and VS Code to refresh PATH.
2026-10-07T00:27:51.1052411Z [33;1mWARNING: Kept changed, busy or unverifiable installation: C:\Users\runneradmin\AppData\Local\Temp\nagi uninstaller space 8ad352cd-8741-4517-94e4-804350eb9af2\protected-added\nagi-0.0.1-windows-x86_64 (Files were added or changed)[0m
2026-10-07T00:27:51.1074739Z Removed command junction: C:\Users\runneradmin\AppData\Local\Temp\nagi uninstaller space 8ad352cd-8741-4517-94e4-804350eb9af2\protected-added\current
2026-10-07T00:27:51.1096234Z [OK] Nagi uninstall complete. Any kept items are listed above.
2026-10-07T00:27:51.1103492Z Restart your terminal and VS Code to refresh PATH.
2026-10-07T00:27:51.2920213Z [33;1mWARNING: Kept changed, busy or unverifiable installation: C:\Users\runneradmin\AppData\Local\Temp\nagi uninstaller space 8ad352cd-8741-4517-94e4-804350eb9af2\protected-empty-directory\nagi-0.0.1-windows-x86_64 (Files were added or changed)[0m
2026-10-07T00:27:51.2940313Z Removed command junction: C:\Users\runneradmin\AppData\Local\Temp\nagi uninstaller space 8ad352cd-8741-4517-94e4-804350eb9af2\protected-empty-directory\current
2026-10-07T00:27:51.2964575Z [OK] Nagi uninstall complete. Any kept items are listed above.
2026-10-07T00:27:51.2971206Z Restart your terminal and VS Code to refresh PATH.
2026-10-07T00:27:51.4321759Z [33;1mWARNING: Kept changed, busy or unverifiable installation: C:\Users\runneradmin\AppData\Local\Temp\nagi uninstaller space 8ad352cd-8741-4517-94e4-804350eb9af2\protected-hidden\nagi-0.0.1-windows-x86_64 (Files were added or changed)[0m
2026-10-07T00:27:51.4339481Z Removed command junction: C:\Users\runneradmin\AppData\Local\Temp\nagi uninstaller space 8ad352cd-8741-4517-94e4-804350eb9af2\protected-hidden\current
2026-10-07T00:27:51.4355666Z [OK] Nagi uninstall complete. Any kept items are listed above.
2026-10-07T00:27:51.4362225Z Restart your terminal and VS Code to refresh PATH.
2026-10-07T00:27:51.5039243Z [33;1mWARNING: Kept changed, busy or unverifiable installation: C:\Users\runneradmin\AppData\Local\Temp\nagi uninstaller space 8ad352cd-8741-4517-94e4-804350eb9af2\protected-busy\nagi-0.0.1-windows-x86_64 (The process cannot access the file 'C:\Users\runneradmin\AppData\Local\Temp\nagi uninstaller space 8ad352cd-8741-4517-94e4-804350eb9af2\protected-busy\nagi-0.0.1-windows-x86_64\nagic.exe' because it is being used by another process.)[0m
2026-10-07T00:27:51.5056102Z Removed command junction: C:\Users\runneradmin\AppData\Local\Temp\nagi uninstaller space 8ad352cd-8741-4517-94e4-804350eb9af2\protected-busy\current
2026-10-07T00:27:51.5079121Z [OK] Nagi uninstall complete. Any kept items are listed above.
2026-10-07T00:27:51.5085956Z Restart your terminal and VS Code to refresh PATH.
2026-10-07T00:27:51.5677881Z [33;1mWARNING: Kept changed, busy or unverifiable installation: C:\Users\runneradmin\AppData\Local\Temp\nagi uninstaller space 8ad352cd-8741-4517-94e4-804350eb9af2\protected-junction\nagi-0.0.1-windows-x86_64 (Installation contains a link or an unrecognized file name)[0m
2026-10-07T00:27:51.5694836Z Removed command junction: C:\Users\runneradmin\AppData\Local\Temp\nagi uninstaller space 8ad352cd-8741-4517-94e4-804350eb9af2\protected-junction\current
2026-10-07T00:27:51.5713278Z [OK] Nagi uninstall complete. Any kept items are listed above.
2026-10-07T00:27:51.5719713Z Restart your terminal and VS Code to refresh PATH.
2026-10-07T00:27:51.6262536Z [33;1mWARNING: Kept existing current path: C:\Users\runneradmin\AppData\Local\Temp\nagi uninstaller space 8ad352cd-8741-4517-94e4-804350eb9af2\foreign-file\current[0m
2026-10-07T00:27:51.7268443Z Removed distribution: C:\Users\runneradmin\AppData\Local\Temp\nagi uninstaller space 8ad352cd-8741-4517-94e4-804350eb9af2\foreign-file\nagi-0.0.1-windows-x86_64
2026-10-07T00:27:51.7273462Z [OK] Nagi uninstall complete. Any kept items are listed above.
2026-10-07T00:27:51.7280005Z Restart your terminal and VS Code to refresh PATH.
2026-10-07T00:27:51.7696441Z [33;1mWARNING: Kept existing current path: C:\Users\runneradmin\AppData\Local\Temp\nagi uninstaller space 8ad352cd-8741-4517-94e4-804350eb9af2\foreign-directory\current[0m
2026-10-07T00:27:51.8570849Z Removed distribution: C:\Users\runneradmin\AppData\Local\Temp\nagi uninstaller space 8ad352cd-8741-4517-94e4-804350eb9af2\foreign-directory\nagi-0.0.1-windows-x86_64
2026-10-07T00:27:51.8576259Z [OK] Nagi uninstall complete. Any kept items are listed above.
2026-10-07T00:27:51.8584643Z Restart your terminal and VS Code to refresh PATH.
2026-10-07T00:27:51.9031385Z [33;1mWARNING: Kept existing current path: C:\Users\runneradmin\AppData\Local\Temp\nagi uninstaller space 8ad352cd-8741-4517-94e4-804350eb9af2\foreign-foreign-junction\current[0m
2026-10-07T00:27:52.0040658Z Removed distribution: C:\Users\runneradmin\AppData\Local\Temp\nagi uninstaller space 8ad352cd-8741-4517-94e4-804350eb9af2\foreign-foreign-junction\nagi-0.0.1-windows-x86_64
2026-10-07T00:27:52.0042680Z [OK] Nagi uninstall complete. Any kept items are listed above.
2026-10-07T00:27:52.0045260Z Restart your terminal and VS Code to refresh PATH.
2026-10-07T00:27:52.0538941Z [33;1mWARNING: Kept changed, busy or unverifiable installation: C:\Users\runneradmin\AppData\Local\Temp\nagi uninstaller space 8ad352cd-8741-4517-94e4-804350eb9af2\version-junction\nagi-0.0.1-windows-x86_64 (Not a plain installation directory)[0m
2026-10-07T00:27:52.0551650Z [OK] Nagi uninstall complete. Any kept items are listed above.
2026-10-07T00:27:52.0557436Z Restart your terminal and VS Code to refresh PATH.
2026-10-07T00:27:52.1229434Z [33;1mWARNING: Kept changed, busy or unverifiable installation: C:\Users\runneradmin\AppData\Local\Temp\nagi uninstaller space 8ad352cd-8741-4517-94e4-804350eb9af2\unverified-checksum\nagi-0.0.1-windows-x86_64 (SHA-256 mismatch)[0m
2026-10-07T00:27:52.1245159Z Removed command junction: C:\Users\runneradmin\AppData\Local\Temp\nagi uninstaller space 8ad352cd-8741-4517-94e4-804350eb9af2\unverified-checksum\current
2026-10-07T00:27:52.1260778Z [OK] Nagi uninstall complete. Any kept items are listed above.
2026-10-07T00:27:52.1266505Z Restart your terminal and VS Code to refresh PATH.
2026-10-07T00:27:52.1947130Z [33;1mWARNING: Kept changed, busy or unverifiable installation: C:\Users\runneradmin\AppData\Local\Temp\nagi uninstaller space 8ad352cd-8741-4517-94e4-804350eb9af2\unverified-offline\nagi-0.0.1-windows-x86_64 (Fixture download unavailable)[0m
2026-10-07T00:27:52.1967976Z Removed command junction: C:\Users\runneradmin\AppData\Local\Temp\nagi uninstaller space 8ad352cd-8741-4517-94e4-804350eb9af2\unverified-offline\current
2026-10-07T00:27:52.1988113Z [OK] Nagi uninstall complete. Any kept items are listed above.
2026-10-07T00:27:52.1993738Z Restart your terminal and VS Code to refresh PATH.
2026-10-07T00:27:52.2755684Z [33;1mWARNING: Kept changed, busy or unverifiable installation: C:\Users\runneradmin\AppData\Local\Temp\nagi uninstaller space 8ad352cd-8741-4517-94e4-804350eb9af2\unverified-unsafe\nagi-0.0.90-windows-x86_64 (Unsafe archive entry)[0m
2026-10-07T00:27:52.2772684Z Removed command junction: C:\Users\runneradmin\AppData\Local\Temp\nagi uninstaller space 8ad352cd-8741-4517-94e4-804350eb9af2\unverified-unsafe\current
2026-10-07T00:27:52.2790770Z [OK] Nagi uninstall complete. Any kept items are listed above.
2026-10-07T00:27:52.2794801Z Restart your terminal and VS Code to refresh PATH.
2026-10-07T00:27:52.4214384Z [33;1mWARNING: Kept changed, busy or unverifiable installation: C:\Users\runneradmin\AppData\Local\Temp\nagi uninstaller space 8ad352cd-8741-4517-94e4-804350eb9af2\unverified-incomplete\nagi-0.0.91-windows-x86_64 (Incomplete distribution)[0m
2026-10-07T00:27:52.4234394Z Removed command junction: C:\Users\runneradmin\AppData\Local\Temp\nagi uninstaller space 8ad352cd-8741-4517-94e4-804350eb9af2\unverified-incomplete\current
2026-10-07T00:27:52.4252696Z [OK] Nagi uninstall complete. Any kept items are listed above.
2026-10-07T00:27:52.4258975Z Restart your terminal and VS Code to refresh PATH.
2026-10-07T00:27:52.5173099Z [33;1mWARNING: Kept changed, busy or unverifiable installation: C:\Users\runneradmin\AppData\Local\Temp\nagi uninstaller space 8ad352cd-8741-4517-94e4-804350eb9af2\unverified-metadata\nagi-0.0.92-windows-x86_64 (Distribution metadata mismatch)[0m
2026-10-07T00:27:52.5190058Z Removed command junction: C:\Users\runneradmin\AppData\Local\Temp\nagi uninstaller space 8ad352cd-8741-4517-94e4-804350eb9af2\unverified-metadata\current
2026-10-07T00:27:52.5206004Z [OK] Nagi uninstall complete. Any kept items are listed above.
2026-10-07T00:27:52.5211841Z Restart your terminal and VS Code to refresh PATH.
2026-10-07T00:27:52.8731788Z Removed command junction: C:\Users\runneradmin\AppData\Local\Temp\nagi uninstaller space 8ad352cd-8741-4517-94e4-804350eb9af2\path\current
2026-10-07T00:27:52.8955948Z Removed distribution: C:\Users\runneradmin\AppData\Local\Temp\nagi uninstaller space 8ad352cd-8741-4517-94e4-804350eb9af2\path\nagi-0.0.1-windows-x86_64
2026-10-07T00:27:52.9098404Z Removed distribution: C:\Users\runneradmin\AppData\Local\Temp\nagi uninstaller space 8ad352cd-8741-4517-94e4-804350eb9af2\path\nagi-0.0.2-windows-x86_64
2026-10-07T00:27:52.9104916Z [OK] Nagi uninstall complete. Any kept items are listed above.
2026-10-07T00:27:52.9109941Z Restart your terminal and VS Code to refresh PATH.
2026-10-07T00:27:52.9932975Z [33;1mWARNING: Kept changed, busy or unverifiable installation: C:\Users\runneradmin\AppData\Local\Temp\nagi uninstaller space 8ad352cd-8741-4517-94e4-804350eb9af2\path-unverified\nagi-0.0.1-windows-x86_64 (Files were added or changed)[0m
2026-10-07T00:27:52.9952723Z [OK] Nagi uninstall complete. Any kept items are listed above.
2026-10-07T00:27:52.9956540Z Restart your terminal and VS Code to refresh PATH.
2026-10-07T00:27:53.0833477Z [33;1mWARNING: Kept changed, busy or unverifiable installation: C:\Users\runneradmin\AppData\Local\Temp\nagi uninstaller space 8ad352cd-8741-4517-94e4-804350eb9af2\path-changed-current\nagi-0.0.1-windows-x86_64 (Files were added or changed)[0m
2026-10-07T00:27:53.0850381Z Removed command junction: C:\Users\runneradmin\AppData\Local\Temp\nagi uninstaller space 8ad352cd-8741-4517-94e4-804350eb9af2\path-changed-current\current
2026-10-07T00:27:53.0865606Z [OK] Nagi uninstall complete. Any kept items are listed above.
2026-10-07T00:27:53.0871885Z Restart your terminal and VS Code to refresh PATH.
2026-10-07T00:27:53.1202980Z [33;1mWARNING: Kept existing current path: C:\Users\runneradmin\AppData\Local\Temp\nagi uninstaller space 8ad352cd-8741-4517-94e4-804350eb9af2\path-foreign-current\current[0m
2026-10-07T00:27:53.2014342Z Removed distribution: C:\Users\runneradmin\AppData\Local\Temp\nagi uninstaller space 8ad352cd-8741-4517-94e4-804350eb9af2\path-foreign-current\nagi-0.0.1-windows-x86_64
2026-10-07T00:27:53.2020254Z [OK] Nagi uninstall complete. Any kept items are listed above.
2026-10-07T00:27:53.2026034Z Restart your terminal and VS Code to refresh PATH.
2026-10-07T00:27:53.2131056Z [OK] No installation directory: C:\Users\runneradmin\AppData\Local\Temp\nagi uninstaller space 8ad352cd-8741-4517-94e4-804350eb9af2\null-path-missing
2026-10-07T00:27:53.2219171Z [OK] Nagi uninstall complete. Any kept items are listed above.
2026-10-07T00:27:53.2224605Z Restart your terminal and VS Code to refresh PATH.
2026-10-07T00:27:53.2279975Z PowerShell uninstaller: preview, repeat, legacy, complete trees, protected files, foreign links, failed verification, lock, root junction, and isolated PATH tests passed.
2026-10-07T00:27:53.4851339Z ##[group]Run ./scripts/releases/test_uninstall.ps1
2026-10-07T00:27:53.4851950Z [36;1m./scripts/releases/test_uninstall.ps1[0m
2026-10-07T00:27:53.4916710Z shell: C:\Windows\System32\WindowsPowerShell\v1.0\powershell.EXE -command ". '{0}'"
2026-10-07T00:27:53.4917232Z env:
2026-10-07T00:27:53.4917604Z   NAGI_FAILURE_DIR: D:\a\Nagi\Nagi/build/compiler-failures
2026-10-07T00:27:53.4918026Z   CARGO_HOME: C:\Users\runneradmin\.cargo
2026-10-07T00:27:53.4918360Z   CARGO_INCREMENTAL: 0
2026-10-07T00:27:53.4918687Z   CARGO_TERM_COLOR: always
2026-10-07T00:27:53.4919054Z   pythonLocation: C:\hostedtoolcache\windows\Python\3.12.10\x64
2026-10-07T00:27:53.4919560Z   PKG_CONFIG_PATH: C:\hostedtoolcache\windows\Python\3.12.10\x64/lib/pkgconfig
2026-10-07T00:27:53.4920138Z   Python_ROOT_DIR: C:\hostedtoolcache\windows\Python\3.12.10\x64
2026-10-07T00:27:53.4920797Z   Python2_ROOT_DIR: C:\hostedtoolcache\windows\Python\3.12.10\x64
2026-10-07T00:27:53.4921531Z   Python3_ROOT_DIR: C:\hostedtoolcache\windows\Python\3.12.10\x64
2026-10-07T00:27:53.4922052Z ##[endgroup]
2026-10-07T00:27:55.5538600Z What if: Performing the operation "Remove installer current junction" on target "C:\Users\runneradmin\AppData\Local\Temp\nagi uninstaller space 3b6b580b-3168-400e-9f5f-d1b986b136b4\preview\current".
2026-10-07T00:27:55.5580547Z What if: Performing the operation "Remove installer-owned Nagi entries" on target "User PATH".
2026-10-07T00:27:55.5583590Z What if: Performing the operation "Remove unchanged verified Nagi distribution" on target "C:\Users\runneradmin\AppData\Local\Temp\nagi uninstaller space 3b6b580b-3168-400e-9f5f-d1b986b136b4\preview\nagi-0.0.1-windows-x86_64".
2026-10-07T00:27:55.5673405Z [OK] Dry run complete; no installed files or PATH entries changed.
2026-10-07T00:27:55.8778224Z Removed command junction: C:\Users\runneradmin\AppData\Local\Temp\nagi uninstaller space 3b6b580b-3168-400e-9f5f-d1b986b136b4\normal\current
2026-10-07T00:27:55.9321719Z Removed distribution: C:\Users\runneradmin\AppData\Local\Temp\nagi uninstaller space 3b6b580b-3168-400e-9f5f-d1b986b136b4\normal\nagi-0.0.1-windows-x86_64
2026-10-07T00:27:55.9375839Z [OK] Nagi uninstall complete. Any kept items are listed above.
2026-10-07T00:27:55.9438027Z Restart your terminal and VS Code to refresh PATH.
2026-10-07T00:27:55.9500280Z [OK] Nagi uninstall complete. Any kept items are listed above.
2026-10-07T00:27:55.9510361Z Restart your terminal and VS Code to refresh PATH.
2026-10-07T00:27:55.9645408Z [OK] No installation directory: C:\Users\runneradmin\AppData\Local\Temp\nagi uninstaller space 3b6b580b-3168-400e-9f5f-d1b986b136b4\not installed
2026-10-07T00:27:56.2557935Z Removed distribution: C:\Users\runneradmin\AppData\Local\Temp\nagi uninstaller space 3b6b580b-3168-400e-9f5f-d1b986b136b4\legacy\nagi-0.0.1-windows-x86_64
2026-10-07T00:27:56.2566876Z [OK] Nagi uninstall complete. Any kept items are listed above.
2026-10-07T00:27:56.2574843Z Restart your terminal and VS Code to refresh PATH.
2026-10-07T00:27:56.6250919Z WARNING: Kept changed, busy or unverifiable installation: C:\Users\runneradmin\AppData\Local\Temp\nagi uninstaller 
2026-10-07T00:27:56.6252654Z space 3b6b580b-3168-400e-9f5f-d1b986b136b4\protected-changed\nagi-0.0.1-windows-x86_64 (Files were added or changed)
2026-10-07T00:27:56.6276360Z Removed command junction: C:\Users\runneradmin\AppData\Local\Temp\nagi uninstaller space 3b6b580b-3168-400e-9f5f-d1b986b136b4\protected-changed\current
2026-10-07T00:27:56.6301180Z [OK] Nagi uninstall complete. Any kept items are listed above.
2026-10-07T00:27:56.6310489Z Restart your terminal and VS Code to refresh PATH.
2026-10-07T00:27:56.9076737Z WARNING: Kept changed, busy or unverifiable installation: C:\Users\runneradmin\AppData\Local\Temp\nagi uninstaller 
2026-10-07T00:27:56.9078247Z space 3b6b580b-3168-400e-9f5f-d1b986b136b4\protected-added\nagi-0.0.1-windows-x86_64 (Files were added or changed)
2026-10-07T00:27:56.9102194Z Removed command junction: C:\Users\runneradmin\AppData\Local\Temp\nagi uninstaller space 3b6b580b-3168-400e-9f5f-d1b986b136b4\protected-added\current
2026-10-07T00:27:56.9118519Z [OK] Nagi uninstall complete. Any kept items are listed above.
2026-10-07T00:27:56.9125966Z Restart your terminal and VS Code to refresh PATH.
2026-10-07T00:27:57.2010210Z WARNING: Kept changed, busy or unverifiable installation: C:\Users\runneradmin\AppData\Local\Temp\nagi uninstaller 
2026-10-07T00:27:57.2011705Z space 3b6b580b-3168-400e-9f5f-d1b986b136b4\protected-empty-directory\nagi-0.0.1-windows-x86_64 (Files were added or 
2026-10-07T00:27:57.2012640Z changed)
2026-10-07T00:27:57.2032849Z Removed command junction: C:\Users\runneradmin\AppData\Local\Temp\nagi uninstaller space 3b6b580b-3168-400e-9f5f-d1b986b136b4\protected-empty-directory\current
2026-10-07T00:27:57.2056186Z [OK] Nagi uninstall complete. Any kept items are listed above.
2026-10-07T00:27:57.2064873Z Restart your terminal and VS Code to refresh PATH.
2026-10-07T00:27:57.5613264Z WARNING: Kept changed, busy or unverifiable installation: C:\Users\runneradmin\AppData\Local\Temp\nagi uninstaller 
2026-10-07T00:27:57.5614886Z space 3b6b580b-3168-400e-9f5f-d1b986b136b4\protected-hidden\nagi-0.0.1-windows-x86_64 (Files were added or changed)
2026-10-07T00:27:57.5634679Z Removed command junction: C:\Users\runneradmin\AppData\Local\Temp\nagi uninstaller space 3b6b580b-3168-400e-9f5f-d1b986b136b4\protected-hidden\current
2026-10-07T00:27:57.5654286Z [OK] Nagi uninstall complete. Any kept items are listed above.
2026-10-07T00:27:57.5661889Z Restart your terminal and VS Code to refresh PATH.
2026-10-07T00:27:57.6364175Z WARNING: Kept changed, busy or unverifiable installation: C:\Users\runneradmin\AppData\Local\Temp\nagi uninstaller 
2026-10-07T00:27:57.6365658Z space 3b6b580b-3168-400e-9f5f-d1b986b136b4\protected-busy\nagi-0.0.1-windows-x86_64 (The file 
2026-10-07T00:27:57.6366809Z 'C:\Users\runneradmin\AppData\Local\Temp\nagi uninstaller space 
2026-10-07T00:27:57.6368322Z 3b6b580b-3168-400e-9f5f-d1b986b136b4\protected-busy\nagi-0.0.1-windows-x86_64\nagic.exe' cannot be read: The process 
2026-10-07T00:27:57.6369667Z cannot access the file 'C:\Users\runneradmin\AppData\Local\Temp\nagi uninstaller space 
2026-10-07T00:27:57.6371020Z 3b6b580b-3168-400e-9f5f-d1b986b136b4\protected-busy\nagi-0.0.1-windows-x86_64\nagic.exe' because it is being used by 
2026-10-07T00:27:57.6371940Z another process.)
2026-10-07T00:27:57.6385099Z Removed command junction: C:\Users\runneradmin\AppData\Local\Temp\nagi uninstaller space 3b6b580b-3168-400e-9f5f-d1b986b136b4\protected-busy\current
2026-10-07T00:27:57.6408187Z [OK] Nagi uninstall complete. Any kept items are listed above.
2026-10-07T00:27:57.6417433Z Restart your terminal and VS Code to refresh PATH.
2026-10-07T00:27:57.6944470Z WARNING: Kept changed, busy or unverifiable installation: C:\Users\runneradmin\AppData\Local\Temp\nagi uninstaller 
2026-10-07T00:27:57.6946158Z space 3b6b580b-3168-400e-9f5f-d1b986b136b4\protected-junction\nagi-0.0.1-windows-x86_64 (Installation contains a link 
2026-10-07T00:27:57.6947125Z or an unrecognized file name)
2026-10-07T00:27:57.6962976Z Removed command junction: C:\Users\runneradmin\AppData\Local\Temp\nagi uninstaller space 3b6b580b-3168-400e-9f5f-d1b986b136b4\protected-junction\current
2026-10-07T00:27:57.6982402Z [OK] Nagi uninstall complete. Any kept items are listed above.
2026-10-07T00:27:57.6991468Z Restart your terminal and VS Code to refresh PATH.
2026-10-07T00:27:57.7442009Z WARNING: Kept existing current path: C:\Users\runneradmin\AppData\Local\Temp\nagi uninstaller space 
2026-10-07T00:27:57.7442949Z 3b6b580b-3168-400e-9f5f-d1b986b136b4\foreign-file\current
2026-10-07T00:27:57.9893606Z Removed distribution: C:\Users\runneradmin\AppData\Local\Temp\nagi uninstaller space 3b6b580b-3168-400e-9f5f-d1b986b136b4\foreign-file\nagi-0.0.1-windows-x86_64
2026-10-07T00:27:57.9900356Z [OK] Nagi uninstall complete. Any kept items are listed above.
2026-10-07T00:27:57.9907675Z Restart your terminal and VS Code to refresh PATH.
2026-10-07T00:27:58.0274349Z WARNING: Kept existing current path: C:\Users\runneradmin\AppData\Local\Temp\nagi uninstaller space 
2026-10-07T00:27:58.0275660Z 3b6b580b-3168-400e-9f5f-d1b986b136b4\foreign-directory\current
2026-10-07T00:27:58.3549557Z Removed distribution: C:\Users\runneradmin\AppData\Local\Temp\nagi uninstaller space 3b6b580b-3168-400e-9f5f-d1b986b136b4\foreign-directory\nagi-0.0.1-windows-x86_64
2026-10-07T00:27:58.3559059Z [OK] Nagi uninstall complete. Any kept items are listed above.
2026-10-07T00:27:58.3568936Z Restart your terminal and VS Code to refresh PATH.
2026-10-07T00:27:58.3921690Z WARNING: Kept existing current path: C:\Users\runneradmin\AppData\Local\Temp\nagi uninstaller space 
2026-10-07T00:27:58.3922945Z 3b6b580b-3168-400e-9f5f-d1b986b136b4\foreign-foreign-junction\current
2026-10-07T00:27:58.6644961Z Removed distribution: C:\Users\runneradmin\AppData\Local\Temp\nagi uninstaller space 3b6b580b-3168-400e-9f5f-d1b986b136b4\foreign-foreign-junction\nagi-0.0.1-windows-x86_64
2026-10-07T00:27:58.6652967Z [OK] Nagi uninstall complete. Any kept items are listed above.
2026-10-07T00:27:58.6662975Z Restart your terminal and VS Code to refresh PATH.
2026-10-07T00:27:58.8573492Z WARNING: Kept changed, busy or unverifiable installation: C:\Users\runneradmin\AppData\Local\Temp\nagi uninstaller 
2026-10-07T00:27:58.8574604Z space 3b6b580b-3168-400e-9f5f-d1b986b136b4\version-junction\nagi-0.0.1-windows-x86_64 (Not a plain installation 
2026-10-07T00:27:58.8575191Z directory)
2026-10-07T00:27:58.8598601Z [OK] Nagi uninstall complete. Any kept items are listed above.
2026-10-07T00:27:58.8608010Z Restart your terminal and VS Code to refresh PATH.
2026-10-07T00:27:58.9364061Z WARNING: Kept changed, busy or unverifiable installation: C:\Users\runneradmin\AppData\Local\Temp\nagi uninstaller 
2026-10-07T00:27:58.9365323Z space 3b6b580b-3168-400e-9f5f-d1b986b136b4\unverified-checksum\nagi-0.0.1-windows-x86_64 (SHA-256 mismatch)
2026-10-07T00:27:58.9387162Z Removed command junction: C:\Users\runneradmin\AppData\Local\Temp\nagi uninstaller space 3b6b580b-3168-400e-9f5f-d1b986b136b4\unverified-checksum\current
2026-10-07T00:27:58.9408128Z [OK] Nagi uninstall complete. Any kept items are listed above.
2026-10-07T00:27:58.9416399Z Restart your terminal and VS Code to refresh PATH.
2026-10-07T00:27:59.0185603Z WARNING: Kept changed, busy or unverifiable installation: C:\Users\runneradmin\AppData\Local\Temp\nagi uninstaller 
2026-10-07T00:27:59.0187921Z space 3b6b580b-3168-400e-9f5f-d1b986b136b4\unverified-offline\nagi-0.0.1-windows-x86_64 (Fixture download unavailable)
2026-10-07T00:27:59.0207573Z Removed command junction: C:\Users\runneradmin\AppData\Local\Temp\nagi uninstaller space 3b6b580b-3168-400e-9f5f-d1b986b136b4\unverified-offline\current
2026-10-07T00:27:59.0232419Z [OK] Nagi uninstall complete. Any kept items are listed above.
2026-10-07T00:27:59.0242324Z Restart your terminal and VS Code to refresh PATH.
2026-10-07T00:27:59.1075294Z WARNING: Kept changed, busy or unverifiable installation: C:\Users\runneradmin\AppData\Local\Temp\nagi uninstaller 
2026-10-07T00:27:59.1076518Z space 3b6b580b-3168-400e-9f5f-d1b986b136b4\unverified-unsafe\nagi-0.0.90-windows-x86_64 (Unsafe archive entry)
2026-10-07T00:27:59.1096897Z Removed command junction: C:\Users\runneradmin\AppData\Local\Temp\nagi uninstaller space 3b6b580b-3168-400e-9f5f-d1b986b136b4\unverified-unsafe\current
2026-10-07T00:27:59.1115405Z [OK] Nagi uninstall complete. Any kept items are listed above.
2026-10-07T00:27:59.1122814Z Restart your terminal and VS Code to refresh PATH.
2026-10-07T00:27:59.3863130Z WARNING: Kept changed, busy or unverifiable installation: C:\Users\runneradmin\AppData\Local\Temp\nagi uninstaller 
2026-10-07T00:27:59.3864752Z space 3b6b580b-3168-400e-9f5f-d1b986b136b4\unverified-incomplete\nagi-0.0.91-windows-x86_64 (Incomplete distribution)
2026-10-07T00:27:59.3883758Z Removed command junction: C:\Users\runneradmin\AppData\Local\Temp\nagi uninstaller space 3b6b580b-3168-400e-9f5f-d1b986b136b4\unverified-incomplete\current
2026-10-07T00:27:59.3902782Z [OK] Nagi uninstall complete. Any kept items are listed above.
2026-10-07T00:27:59.3910346Z Restart your terminal and VS Code to refresh PATH.
2026-10-07T00:27:59.6800935Z WARNING: Kept changed, busy or unverifiable installation: C:\Users\runneradmin\AppData\Local\Temp\nagi uninstaller 
2026-10-07T00:27:59.6802516Z space 3b6b580b-3168-400e-9f5f-d1b986b136b4\unverified-metadata\nagi-0.0.92-windows-x86_64 (Distribution metadata 
2026-10-07T00:27:59.6803371Z mismatch)
2026-10-07T00:27:59.6822099Z Removed command junction: C:\Users\runneradmin\AppData\Local\Temp\nagi uninstaller space 3b6b580b-3168-400e-9f5f-d1b986b136b4\unverified-metadata\current
2026-10-07T00:27:59.6841533Z [OK] Nagi uninstall complete. Any kept items are listed above.
2026-10-07T00:27:59.6849343Z Restart your terminal and VS Code to refresh PATH.
2026-10-07T00:28:00.2842683Z Removed command junction: C:\Users\runneradmin\AppData\Local\Temp\nagi uninstaller space 3b6b580b-3168-400e-9f5f-d1b986b136b4\path\current
2026-10-07T00:28:00.3063913Z Removed distribution: C:\Users\runneradmin\AppData\Local\Temp\nagi uninstaller space 3b6b580b-3168-400e-9f5f-d1b986b136b4\path\nagi-0.0.1-windows-x86_64
2026-10-07T00:28:00.3212498Z Removed distribution: C:\Users\runneradmin\AppData\Local\Temp\nagi uninstaller space 3b6b580b-3168-400e-9f5f-d1b986b136b4\path\nagi-0.0.2-windows-x86_64
2026-10-07T00:28:00.3221221Z [OK] Nagi uninstall complete. Any kept items are listed above.
2026-10-07T00:28:00.3228380Z Restart your terminal and VS Code to refresh PATH.
2026-10-07T00:28:00.5804846Z WARNING: Kept changed, busy or unverifiable installation: C:\Users\runneradmin\AppData\Local\Temp\nagi uninstaller 
2026-10-07T00:28:00.5806472Z space 3b6b580b-3168-400e-9f5f-d1b986b136b4\path-unverified\nagi-0.0.1-windows-x86_64 (Files were added or changed)
2026-10-07T00:28:00.5834245Z [OK] Nagi uninstall complete. Any kept items are listed above.
2026-10-07T00:28:00.5843799Z Restart your terminal and VS Code to refresh PATH.
2026-10-07T00:28:00.8212384Z WARNING: Kept changed, busy or unverifiable installation: C:\Users\runneradmin\AppData\Local\Temp\nagi uninstaller 
2026-10-07T00:28:00.8213589Z space 3b6b580b-3168-400e-9f5f-d1b986b136b4\path-changed-current\nagi-0.0.1-windows-x86_64 (Files were added or changed)
2026-10-07T00:28:00.8232426Z Removed command junction: C:\Users\runneradmin\AppData\Local\Temp\nagi uninstaller space 3b6b580b-3168-400e-9f5f-d1b986b136b4\path-changed-current\current
2026-10-07T00:28:00.8251770Z [OK] Nagi uninstall complete. Any kept items are listed above.
2026-10-07T00:28:00.8259989Z Restart your terminal and VS Code to refresh PATH.
2026-10-07T00:28:00.8529156Z WARNING: Kept existing current path: C:\Users\runneradmin\AppData\Local\Temp\nagi uninstaller space 
2026-10-07T00:28:00.8530100Z 3b6b580b-3168-400e-9f5f-d1b986b136b4\path-foreign-current\current
2026-10-07T00:28:01.1266507Z Removed distribution: C:\Users\runneradmin\AppData\Local\Temp\nagi uninstaller space 3b6b580b-3168-400e-9f5f-d1b986b136b4\path-foreign-current\nagi-0.0.1-windows-x86_64
2026-10-07T00:28:01.1274394Z [OK] Nagi uninstall complete. Any kept items are listed above.
2026-10-07T00:28:01.1282965Z Restart your terminal and VS Code to refresh PATH.
2026-10-07T00:28:01.1367131Z [OK] No installation directory: C:\Users\runneradmin\AppData\Local\Temp\nagi uninstaller space 3b6b580b-3168-400e-9f5f-d1b986b136b4\null-path-missing
2026-10-07T00:28:01.1472841Z [OK] Nagi uninstall complete. Any kept items are listed above.
2026-10-07T00:28:01.1482687Z Restart your terminal and VS Code to refresh PATH.
2026-10-07T00:28:01.1541517Z PowerShell uninstaller: preview, repeat, legacy, complete trees, protected files, foreign links, failed verification, lock, root junction, and isolated PATH tests passed.
2026-10-07T00:28:01.2892986Z ##[group]Run actions/upload-artifact@v4
2026-10-07T00:28:01.2893447Z with:
2026-10-07T00:28:01.2893752Z   name: release-windows-x86_64
2026-10-07T00:28:01.2894355Z   path: build/distribution/nagi-*.zip
build/distribution/nagi-*.tar.gz
build/distribution/nagi-*.sha256

2026-10-07T00:28:01.2894888Z   if-no-files-found: error
2026-10-07T00:28:01.2895202Z   compression-level: 6
2026-10-07T00:28:01.2895489Z   overwrite: false
2026-10-07T00:28:01.2895809Z   include-hidden-files: false
2026-10-07T00:28:01.2896096Z env:
2026-10-07T00:28:01.2896420Z   NAGI_FAILURE_DIR: D:\a\Nagi\Nagi/build/compiler-failures
2026-10-07T00:28:01.2896842Z   CARGO_HOME: C:\Users\runneradmin\.cargo
2026-10-07T00:28:01.2897214Z   CARGO_INCREMENTAL: 0
2026-10-07T00:28:01.2897434Z   CARGO_TERM_COLOR: always
2026-10-07T00:28:01.2897720Z   pythonLocation: C:\hostedtoolcache\windows\Python\3.12.10\x64
2026-10-07T00:28:01.2898187Z   PKG_CONFIG_PATH: C:\hostedtoolcache\windows\Python\3.12.10\x64/lib/pkgconfig
2026-10-07T00:28:01.2898698Z   Python_ROOT_DIR: C:\hostedtoolcache\windows\Python\3.12.10\x64
2026-10-07T00:28:01.2899160Z   Python2_ROOT_DIR: C:\hostedtoolcache\windows\Python\3.12.10\x64
2026-10-07T00:28:01.2899659Z   Python3_ROOT_DIR: C:\hostedtoolcache\windows\Python\3.12.10\x64
2026-10-07T00:28:01.2900044Z ##[endgroup]
2026-10-07T00:28:01.5692497Z (node:1892) [DEP0040] DeprecationWarning: The `punycode` module is deprecated. Please use a userland alternative instead.
2026-10-07T00:28:01.5694041Z (Use `node --trace-deprecation ...` to show where the warning was created)
2026-10-07T00:28:01.5781321Z With the provided path, there will be 2 files uploaded
2026-10-07T00:28:01.5788533Z Artifact name is valid!
2026-10-07T00:28:01.5789274Z Root directory input is valid!
2026-10-07T00:28:01.9235770Z Beginning upload of artifact content to blob storage
2026-10-07T00:28:02.0434892Z (node:1892) [DEP0169] DeprecationWarning: `url.parse()` behavior is not standardized and prone to errors that have security implications. Use the WHATWG URL API instead. CVEs are not issued for `url.parse()` vulnerabilities.
2026-10-07T00:28:02.6729976Z Uploaded bytes 2304337
2026-10-07T00:28:02.7259175Z Finished uploading artifact content to blob storage!
2026-10-07T00:28:02.7260440Z SHA256 digest of uploaded artifact zip is c135136b8dcde9efb46282175de813103efcd0f4e251244b8326c6b5735c819e
2026-10-07T00:28:02.7262880Z Finalizing artifact upload
2026-10-07T00:28:02.9749067Z Artifact release-windows-x86_64.zip successfully finalized. Artifact ID 11453197007
2026-10-07T00:28:02.9757073Z Artifact release-windows-x86_64 has been successfully uploaded! Final size is 2304337 bytes. Artifact ID is 11453197007
2026-10-07T00:28:02.9769768Z Artifact download URL: https://github.com/disnana/Nagi/actions/runs/37550315500/artifacts/11453197007
2026-10-07T00:28:03.0184288Z Post job cleanup.
2026-10-07T00:28:03.2319186Z (node:1848) [DEP0040] DeprecationWarning: The `punycode` module is deprecated. Please use a userland alternative instead.
2026-10-07T00:28:03.2320554Z (Use `node --trace-deprecation ...` to show where the warning was created)
2026-10-07T00:28:03.2633503Z Post job cleanup.
2026-10-07T00:28:03.4666994Z (node:1788) [DEP0040] DeprecationWarning: The `punycode` module is deprecated. Please use a userland alternative instead.
2026-10-07T00:28:03.4668158Z (Use `node --trace-deprecation ...` to show where the warning was created)
2026-10-07T00:28:06.1739086Z Post job cleanup.
2026-10-07T00:28:06.3494392Z (node:9244) [DEP0040] DeprecationWarning: The `punycode` module is deprecated. Please use a userland alternative instead.
2026-10-07T00:28:06.3496196Z (Use `node --trace-deprecation ...` to show where the warning was created)
2026-10-07T00:28:06.4431551Z [command]"C:\Program Files\Git\usr\bin\tar.exe" --posix -cf cache.tzst --exclude cache.tzst -P -C D:/a/Nagi/Nagi --files-from manifest.txt --force-local --use-compress-program "zstd -T0"
2026-10-07T00:29:19.4494831Z (node:9244) [DEP0169] DeprecationWarning: `url.parse()` behavior is not standardized and prone to errors that have security implications. Use the WHATWG URL API instead. CVEs are not issued for `url.parse()` vulnerabilities.
2026-10-07T00:29:20.0084883Z Sent 0 of 1613606012 (0.0%), 0.0 MBs/sec
2026-10-07T00:29:21.1313707Z Sent 0 of 1613606012 (0.0%), 0.0 MBs/sec
2026-10-07T00:29:22.1319119Z Sent 335544320 of 1613606012 (20.8%), 101.4 MBs/sec
2026-10-07T00:29:23.1386512Z Sent 536870912 of 1613606012 (33.3%), 123.0 MBs/sec
2026-10-07T00:29:24.1456961Z Sent 1006632960 of 1613606012 (62.4%), 185.7 MBs/sec
2026-10-07T00:29:25.1600885Z Sent 1479388284 of 1613606012 (91.7%), 228.1 MBs/sec
2026-10-07T00:29:25.3999717Z Sent 1613606012 of 1613606012 (100.0%), 239.5 MBs/sec
2026-10-07T00:29:25.8667942Z Cache saved with key: nagi-rust-v1-package-windows-x86_64-20260928b940-43e40bfa9880d8e4c9854de239a7db5293e4500e628e2a3fd0da1153d1fb2c04-2191a1521e3c16011152cb832efe6c34b51bee90ef9113023486460678fc39d0
2026-10-07T00:29:25.9316874Z Post job cleanup.
2026-10-07T00:29:26.1712861Z [command]"C:\Program Files\Git\bin\git.exe" version
2026-10-07T00:29:26.2752842Z git version 2.55.0.windows.5
2026-10-07T00:29:26.2847948Z Temporarily overriding HOME='D:\a\_temp\f0981e15-3843-47a9-b9e7-9f3c134d8412' before making global git config changes
2026-10-07T00:29:26.2849063Z Adding repository directory to the temporary git global config as a safe directory
2026-10-07T00:29:26.2868671Z [command]"C:\Program Files\Git\bin\git.exe" config --global --add safe.directory D:\a\Nagi\Nagi
2026-10-07T00:29:26.3307857Z [command]"C:\Program Files\Git\bin\git.exe" config --local --name-only --get-regexp core\.sshCommand
2026-10-07T00:29:26.3695794Z [command]"C:\Program Files\Git\bin\git.exe" submodule foreach --recursive "sh -c \"git config --local --name-only --get-regexp 'core\.sshCommand' && git config --local --unset-all 'core.sshCommand' || :\""
2026-10-07T00:29:27.1046940Z [command]"C:\Program Files\Git\bin\git.exe" config --local --name-only --get-regexp http\.https\:\/\/github\.com\/\.extraheader
2026-10-07T00:29:27.1375216Z http.https://github.com/.extraheader
2026-10-07T00:29:27.1430894Z [command]"C:\Program Files\Git\bin\git.exe" config --local --unset-all http.https://github.com/.extraheader
2026-10-07T00:29:27.1796848Z [command]"C:\Program Files\Git\bin\git.exe" submodule foreach --recursive "sh -c \"git config --local --name-only --get-regexp 'http\.https\:\/\/github\.com\/\.extraheader' && git config --local --unset-all 'http.https://github.com/.extraheader' || :\""
2026-10-07T00:29:27.8209313Z [command]"C:\Program Files\Git\bin\git.exe" config --local --name-only --get-regexp ^includeIf\.gitdir:
2026-10-07T00:29:27.8588035Z [command]"C:\Program Files\Git\bin\git.exe" submodule foreach --recursive "git config --local --show-origin --name-only --get-regexp remote.origin.url"
2026-10-07T00:29:28.5972115Z Cleaning up orphan processes
2026-10-07T00:29:28.7901107Z Terminate orphan process: pid (3264) (vctip)
2026-10-07T00:29:28.8343607Z ##[warning]Node.js 20 is deprecated. The following actions target Node.js 20 but are being forced to run on Node.js 24: actions/cache@v4, actions/checkout@v4, actions/setup-node@v4, actions/setup-python@v5, actions/upload-artifact@v4. For more information see: https://github.blog/changelog/2025-09-19-deprecation-of-node-20-on-github-actions-runners/
