2026-10-07T00:47:45.0474583Z Current runner version: '2.337.0'
2026-10-07T00:47:45.0500338Z ##[group]Runner Image Provisioner
2026-10-07T00:47:45.0501199Z Hosted Compute Agent
2026-10-07T00:47:45.0502148Z Version: 20261002.596
2026-10-07T00:47:45.0502878Z Commit: c3d12f3313a95f25162a1503be624f3b0617f8c0
2026-10-07T00:47:45.0503634Z Build Date: 2026-10-02T22:28:27Z
2026-10-07T00:47:45.0504417Z Worker ID: {68eb82b6-e054-4a53-95d7-05770138a250}
2026-10-07T00:47:45.0505157Z Region: eastus
2026-10-07T00:47:45.0505823Z Cloud: Azure
2026-10-07T00:47:45.0506438Z ##[endgroup]
2026-10-07T00:47:45.0507940Z ##[group]Operating System
2026-10-07T00:47:45.0508701Z Ubuntu
2026-10-07T00:47:45.0509260Z 24.04.5
2026-10-07T00:47:45.0509831Z LTS
2026-10-07T00:47:45.0510432Z ##[endgroup]
2026-10-07T00:47:45.0510986Z ##[group]Runner Image
2026-10-07T00:47:45.0511862Z Image: ubuntu-24.04
2026-10-07T00:47:45.0512474Z Version: 20261004.327.1
2026-10-07T00:47:45.0513835Z Included Software: https://github.com/actions/runner-images/blob/ubuntu24/20261004.327/images/ubuntu/Ubuntu2404-Readme.md
2026-10-07T00:47:45.0515453Z Image Release: https://github.com/actions/runner-images/releases/tag/ubuntu24%2F20261004.327
2026-10-07T00:47:45.0516540Z ##[endgroup]
2026-10-07T00:47:45.0517683Z ##[group]GITHUB_TOKEN Permissions
2026-10-07T00:47:45.0519707Z Contents: read
2026-10-07T00:47:45.0520392Z Metadata: read
2026-10-07T00:47:45.0521141Z ##[endgroup]
2026-10-07T00:47:45.0523644Z Secret source: Actions
2026-10-07T00:47:45.0524697Z Cache mode: write
2026-10-07T00:47:45.0525468Z Prepare workflow directory
2026-10-07T00:47:45.1072534Z Prepare all required actions
2026-10-07T00:47:45.1123144Z Getting action download info
2026-10-07T00:47:45.3646895Z Download action repository 'actions/checkout@v4' (SHA:11d5960a326750d5838078e36cf38b85af677262)
2026-10-07T00:47:45.4824642Z Download action repository 'dtolnay/rust-toolchain@stable' (SHA:89b12181fb390509a0842a86cc55eeb8eb928c1d)
2026-10-07T00:47:45.5830764Z Download action repository 'actions/cache@v4' (SHA:0057852bfaa89a56745cba8c7296529d2fc39830)
2026-10-07T00:47:45.6730410Z Download action repository 'actions/setup-python@v5' (SHA:a26af69be951a213d495a4c3e4e4022e16d87065)
2026-10-07T00:47:45.7494451Z Download action repository 'actions/setup-node@v4' (SHA:49933ea5288caeca8642d1e84afbd3f7d6820020)
2026-10-07T00:47:45.9419559Z Download action repository 'actions/upload-artifact@v4' (SHA:ea165f8d65b6e75b540449e92b4886f43607fa02)
2026-10-07T00:47:46.2617198Z Complete job name: nagi-package (ubuntu-latest, linux-x86_64, nagic, x86_64-unknown-linux-gnu)
2026-10-07T00:47:46.3890788Z ##[group]Run actions/checkout@v4
2026-10-07T00:47:46.3892433Z with:
2026-10-07T00:47:46.3893293Z   repository: disnana/Nagi
2026-10-07T00:47:46.3901222Z   token: ***
2026-10-07T00:47:46.3902312Z   ssh-strict: true
2026-10-07T00:47:46.3903201Z   ssh-user: git
2026-10-07T00:47:46.3904086Z   persist-credentials: true
2026-10-07T00:47:46.3905055Z   clean: true
2026-10-07T00:47:46.3905949Z   sparse-checkout-cone-mode: true
2026-10-07T00:47:46.3906983Z   fetch-depth: 1
2026-10-07T00:47:46.3907861Z   fetch-tags: false
2026-10-07T00:47:46.3908742Z   show-progress: true
2026-10-07T00:47:46.3909645Z   lfs: false
2026-10-07T00:47:46.3910490Z   submodules: false
2026-10-07T00:47:46.3911384Z   set-safe-directory: true
2026-10-07T00:47:46.3912569Z   allow-unsafe-pr-checkout: false
2026-10-07T00:47:46.3913886Z env:
2026-10-07T00:47:46.3915046Z   NAGI_FAILURE_DIR: /home/runner/work/Nagi/Nagi/build/compiler-failures
2026-10-07T00:47:46.3916448Z ##[endgroup]
2026-10-07T00:47:46.4967328Z Syncing repository: disnana/Nagi
2026-10-07T00:47:46.4971755Z ##[group]Getting Git version info
2026-10-07T00:47:46.4973882Z Working directory is '/home/runner/work/Nagi/Nagi'
2026-10-07T00:47:46.4977085Z [command]/usr/bin/git version
2026-10-07T00:47:46.5089962Z git version 2.55.0
2026-10-07T00:47:46.5124287Z ##[endgroup]
2026-10-07T00:47:46.5134043Z Temporarily overriding HOME='/home/runner/work/_temp/3764c5eb-e74f-4940-a918-55c17c8f2379' before making global git config changes
2026-10-07T00:47:46.5137207Z Adding repository directory to the temporary git global config as a safe directory
2026-10-07T00:47:46.5140028Z [command]/usr/bin/git config --global --add safe.directory /home/runner/work/Nagi/Nagi
2026-10-07T00:47:46.5195970Z Deleting the contents of '/home/runner/work/Nagi/Nagi'
2026-10-07T00:47:46.5201190Z ##[group]Initializing the repository
2026-10-07T00:47:46.5206046Z [command]/usr/bin/git init /home/runner/work/Nagi/Nagi
2026-10-07T00:47:46.5329725Z hint: Using 'master' as the name for the initial branch. This default branch name
2026-10-07T00:47:46.5332531Z hint: will change to "main" in Git 3.0. To configure the initial branch name
2026-10-07T00:47:46.5334390Z hint: to use in all of your new repositories, which will suppress this warning,
2026-10-07T00:47:46.5335865Z hint: call:
2026-10-07T00:47:46.5336660Z hint:
2026-10-07T00:47:46.5337706Z hint: 	git config --global init.defaultBranch <name>
2026-10-07T00:47:46.5338915Z hint:
2026-10-07T00:47:46.5340048Z hint: Names commonly chosen instead of 'master' are 'main', 'trunk' and
2026-10-07T00:47:46.5342043Z hint: 'development'. The just-created branch can be renamed via this command:
2026-10-07T00:47:46.5343486Z hint:
2026-10-07T00:47:46.5344303Z hint: 	git branch -m <name>
2026-10-07T00:47:46.5345228Z hint:
2026-10-07T00:47:46.5346480Z hint: Disable this message with "git config set advice.defaultBranchName false"
2026-10-07T00:47:46.5353324Z Initialized empty Git repository in /home/runner/work/Nagi/Nagi/.git/
2026-10-07T00:47:46.5385249Z [command]/usr/bin/git remote add origin https://github.com/disnana/Nagi
2026-10-07T00:47:46.5416941Z ##[endgroup]
2026-10-07T00:47:46.5419213Z ##[group]Disabling automatic garbage collection
2026-10-07T00:47:46.5421257Z [command]/usr/bin/git config --local gc.auto 0
2026-10-07T00:47:46.5453745Z ##[endgroup]
2026-10-07T00:47:46.5455172Z ##[group]Setting up auth
2026-10-07T00:47:46.5461113Z [command]/usr/bin/git config --local --name-only --get-regexp core\.sshCommand
2026-10-07T00:47:46.5501980Z [command]/usr/bin/git submodule foreach --recursive sh -c "git config --local --name-only --get-regexp 'core\.sshCommand' && git config --local --unset-all 'core.sshCommand' || :"
2026-10-07T00:47:46.5922116Z [command]/usr/bin/git config --local --name-only --get-regexp http\.https\:\/\/github\.com\/\.extraheader
2026-10-07T00:47:46.5965065Z [command]/usr/bin/git submodule foreach --recursive sh -c "git config --local --name-only --get-regexp 'http\.https\:\/\/github\.com\/\.extraheader' && git config --local --unset-all 'http.https://github.com/.extraheader' || :"
2026-10-07T00:47:46.6191056Z [command]/usr/bin/git config --local --name-only --get-regexp ^includeIf\.gitdir:
2026-10-07T00:47:46.6231912Z [command]/usr/bin/git submodule foreach --recursive git config --local --show-origin --name-only --get-regexp remote.origin.url
2026-10-07T00:47:46.6455435Z [command]/usr/bin/git config --local http.https://github.com/.extraheader AUTHORIZATION: basic ***
2026-10-07T00:47:46.6495241Z ##[endgroup]
2026-10-07T00:47:46.6506724Z ##[group]Fetching the repository
2026-10-07T00:47:46.6509499Z [command]/usr/bin/git -c protocol.version=2 fetch --no-tags --prune --no-recurse-submodules --depth=1 origin +3750d312318bd5d07ca6fc3d8bbcb8cfbee43402:refs/remotes/pull/91/merge
2026-10-07T00:47:47.2937037Z From https://github.com/disnana/Nagi
2026-10-07T00:47:47.2938445Z  * [new ref]         3750d312318bd5d07ca6fc3d8bbcb8cfbee43402 -> pull/91/merge
2026-10-07T00:47:47.2942253Z ##[endgroup]
2026-10-07T00:47:47.2942793Z ##[group]Determining the checkout info
2026-10-07T00:47:47.2945102Z ##[endgroup]
2026-10-07T00:47:47.2950929Z [command]/usr/bin/git sparse-checkout disable
2026-10-07T00:47:47.3007376Z [command]/usr/bin/git config --local --unset-all extensions.worktreeConfig
2026-10-07T00:47:47.3043910Z ##[group]Checking out the ref
2026-10-07T00:47:47.3048461Z [command]/usr/bin/git checkout --progress --force refs/remotes/pull/91/merge
2026-10-07T00:47:47.4803686Z Note: switching to 'refs/remotes/pull/91/merge'.
2026-10-07T00:47:47.4804952Z 
2026-10-07T00:47:47.4805841Z You are in 'detached HEAD' state. You can look around, make experimental
2026-10-07T00:47:47.4806870Z changes and commit them, and you can discard any commits you make in this
2026-10-07T00:47:47.4807866Z state without impacting any branches by switching back to a branch.
2026-10-07T00:47:47.4808447Z 
2026-10-07T00:47:47.4808793Z If you want to create a new branch to retain commits you create, you may
2026-10-07T00:47:47.4809358Z do so (now or later) by using -c with the switch command. Example:
2026-10-07T00:47:47.4809694Z 
2026-10-07T00:47:47.4809832Z   git switch -c <new-branch-name>
2026-10-07T00:47:47.4810036Z 
2026-10-07T00:47:47.4810172Z Or undo this operation with:
2026-10-07T00:47:47.4810358Z 
2026-10-07T00:47:47.4810473Z   git switch -
2026-10-07T00:47:47.4810644Z 
2026-10-07T00:47:47.4810912Z Turn off this advice by setting config variable advice.detachedHead to false
2026-10-07T00:47:47.4811254Z 
2026-10-07T00:47:47.4812071Z HEAD is now at 3750d31 Merge c2b227533b89268028ecb2d67e39492b7aa4e4a5 into 97e62f82b1f67dbcea699071477cbeec7388a713
2026-10-07T00:47:47.4820781Z ##[endgroup]
2026-10-07T00:47:47.4869657Z [command]/usr/bin/git log -1 --format=%H
2026-10-07T00:47:47.4898016Z 3750d312318bd5d07ca6fc3d8bbcb8cfbee43402
2026-10-07T00:47:47.5296833Z ##[group]Run dtolnay/rust-toolchain@stable
2026-10-07T00:47:47.5297225Z with:
2026-10-07T00:47:47.5297467Z   toolchain: stable
2026-10-07T00:47:47.5297724Z env:
2026-10-07T00:47:47.5298070Z   NAGI_FAILURE_DIR: /home/runner/work/Nagi/Nagi/build/compiler-failures
2026-10-07T00:47:47.5298490Z ##[endgroup]
2026-10-07T00:47:47.5362906Z ##[start-action display=Parse toolchain version;id=rust.parse]
2026-10-07T00:47:47.5414098Z ##[group]Run if [[ -z $toolchain ]]; then
2026-10-07T00:47:47.5414560Z [36;1mif [[ -z $toolchain ]]; then[0m
2026-10-07T00:47:47.5415207Z [36;1m  # GitHub does not enforce `required: true` inputs itself. https://github.com/actions/runner/issues/1070[0m
2026-10-07T00:47:47.5415871Z [36;1m  echo "'toolchain' is a required input" >&2[0m
2026-10-07T00:47:47.5416255Z [36;1m  exit 1[0m
2026-10-07T00:47:47.5416656Z [36;1melif [[ $toolchain =~ ^stable' '[0-9]+' '(year|month|week|day)s?' 'ago$ ]]; then[0m
2026-10-07T00:47:47.5417174Z [36;1m  if [[ Linux == macOS ]]; then[0m
2026-10-07T00:47:47.5417769Z [36;1m    echo "toolchain=1.$((($(date -v-$(sed 's/stable \([0-9]*\) \(.\).*/\1\2/' <<< $toolchain) +%s)/60/60/24-16569)/7/6))" >> $GITHUB_OUTPUT[0m
2026-10-07T00:47:47.5418345Z [36;1m  else[0m
2026-10-07T00:47:47.5418813Z [36;1m    echo "toolchain=1.$((($(date --date "${toolchain#stable }" +%s)/60/60/24-16569)/7/6))" >> $GITHUB_OUTPUT[0m
2026-10-07T00:47:47.5419330Z [36;1m  fi[0m
2026-10-07T00:47:47.5419681Z [36;1melif [[ $toolchain =~ ^stable' 'minus' '[0-9]+' 'releases?$ ]]; then[0m
2026-10-07T00:47:47.5420292Z [36;1m  echo "toolchain=1.$((($(date +%s)/60/60/24-16569)/7/6-${toolchain//[^0-9]/}))" >> $GITHUB_OUTPUT[0m
2026-10-07T00:47:47.5420819Z [36;1melif [[ $toolchain =~ ^1\.[0-9]+$ ]]; then[0m
2026-10-07T00:47:47.5421418Z [36;1m  echo "toolchain=1.$((i=${toolchain#1.}, c=($(date +%s)/60/60/24-16569)/7/6, i+9*i*(10*i<=c)+90*i*(100*i<=c)))" >> $GITHUB_OUTPUT[0m
2026-10-07T00:47:47.5422222Z [36;1melse[0m
2026-10-07T00:47:47.5422534Z [36;1m  echo "toolchain=$toolchain" >> $GITHUB_OUTPUT[0m
2026-10-07T00:47:47.5422890Z [36;1mfi[0m
2026-10-07T00:47:47.5744142Z shell: /usr/bin/bash --noprofile --norc -e -o pipefail {0}
2026-10-07T00:47:47.5744671Z env:
2026-10-07T00:47:47.5745091Z   NAGI_FAILURE_DIR: /home/runner/work/Nagi/Nagi/build/compiler-failures
2026-10-07T00:47:47.5745615Z   toolchain: stable
2026-10-07T00:47:47.5745915Z ##[endgroup]
2026-10-07T00:47:47.5889758Z ##[end-action id=rust.parse;outcome=success;conclusion=success;duration_ms=52]
2026-10-07T00:47:47.5903781Z ##[start-action display=Construct rustup command line;id=rust.flags]
2026-10-07T00:47:47.5944507Z ##[group]Run echo "targets=$(for t in ${targets//,/ }; do echo -n ' --target' $t; done)" >> $GITHUB_OUTPUT
2026-10-07T00:47:47.5945250Z [36;1mecho "targets=$(for t in ${targets//,/ }; do echo -n ' --target' $t; done)" >> $GITHUB_OUTPUT[0m
2026-10-07T00:47:47.5946126Z [36;1mecho "components=$(for c in ${components//,/ }; do echo -n ' --component' $c; done)" >> $GITHUB_OUTPUT[0m
2026-10-07T00:47:47.5946686Z [36;1mecho "downgrade=" >> $GITHUB_OUTPUT[0m
2026-10-07T00:47:47.6007756Z shell: /usr/bin/bash --noprofile --norc -e -o pipefail {0}
2026-10-07T00:47:47.6008160Z env:
2026-10-07T00:47:47.6008513Z   NAGI_FAILURE_DIR: /home/runner/work/Nagi/Nagi/build/compiler-failures
2026-10-07T00:47:47.6008926Z   targets: 
2026-10-07T00:47:47.6009154Z   components: 
2026-10-07T00:47:47.6009390Z ##[endgroup]
2026-10-07T00:47:47.6105336Z ##[end-action id=rust.flags;outcome=success;conclusion=success;duration_ms=20]
2026-10-07T00:47:47.6107706Z ##[start-action display=Set $CARGO_HOME;id=rust.__run]
2026-10-07T00:47:47.6139302Z ##[group]Run echo CARGO_HOME=${CARGO_HOME:-"$HOME/.cargo"} >> $GITHUB_ENV
2026-10-07T00:47:47.6139840Z [36;1mecho CARGO_HOME=${CARGO_HOME:-"$HOME/.cargo"} >> $GITHUB_ENV[0m
2026-10-07T00:47:47.6199193Z shell: /usr/bin/bash --noprofile --norc -e -o pipefail {0}
2026-10-07T00:47:47.6199599Z env:
2026-10-07T00:47:47.6200159Z   NAGI_FAILURE_DIR: /home/runner/work/Nagi/Nagi/build/compiler-failures
2026-10-07T00:47:47.6200593Z ##[endgroup]
2026-10-07T00:47:47.6293230Z ##[end-action id=rust.__run;outcome=success;conclusion=success;duration_ms=18]
2026-10-07T00:47:47.6295621Z ##[start-action display=Install rustup if needed;id=rust.__run_2]
2026-10-07T00:47:47.6333623Z ##[group]Run if ! command -v rustup &>/dev/null; then
2026-10-07T00:47:47.6334049Z [36;1mif ! command -v rustup &>/dev/null; then[0m
2026-10-07T00:47:47.6334894Z [36;1m  curl --proto '=https' --tlsv1.2 --retry 10 --retry-connrefused --location --silent --show-error --fail https://sh.rustup.rs | sh -s -- --default-toolchain none -y[0m
2026-10-07T00:47:47.6335696Z [36;1m  echo "$CARGO_HOME/bin" >> $GITHUB_PATH[0m
2026-10-07T00:47:47.6336031Z [36;1mfi[0m
2026-10-07T00:47:47.6396638Z shell: /usr/bin/bash --noprofile --norc -e -o pipefail {0}
2026-10-07T00:47:47.6397040Z env:
2026-10-07T00:47:47.6397388Z   NAGI_FAILURE_DIR: /home/runner/work/Nagi/Nagi/build/compiler-failures
2026-10-07T00:47:47.6397846Z   CARGO_HOME: /home/runner/.cargo
2026-10-07T00:47:47.6398146Z ##[endgroup]
2026-10-07T00:47:47.6485004Z ##[end-action id=rust.__run_2;outcome=success;conclusion=success;duration_ms=18]
2026-10-07T00:47:47.6487369Z ##[start-action display=Install rustup if needed on windows;id=rust.__run_3]
2026-10-07T00:47:47.6494624Z ##[end-action id=rust.__run_3;outcome=skipped;conclusion=skipped;duration_ms=0]
2026-10-07T00:47:47.6506108Z ##[start-action display=rustup toolchain install stable;id=rust.__run_4]
2026-10-07T00:47:47.6537534Z ##[group]Run log=$(mktemp)
2026-10-07T00:47:47.6537853Z [36;1mlog=$(mktemp)[0m
2026-10-07T00:47:47.6538142Z [36;1mtrap 'rm -f "$log"' EXIT[0m
2026-10-07T00:47:47.6538471Z [36;1mfor attempt in 1 2 3 4 5; do[0m
2026-10-07T00:47:47.6539075Z [36;1m  if rustup toolchain install stable --profile minimal --no-self-update --force-non-host 2>&1 | tee "$log"; then[0m
2026-10-07T00:47:47.6539674Z [36;1m    break[0m
2026-10-07T00:47:47.6539922Z [36;1m  else[0m
2026-10-07T00:47:47.6540181Z [36;1m    status=$?[0m
2026-10-07T00:47:47.6540445Z [36;1m  fi[0m
2026-10-07T00:47:47.6540789Z [36;1m  if [[ $attempt == 5 ]] || ! grep -Fq 'checksum failed for ' "$log" \[0m
2026-10-07T00:47:47.6541409Z [36;1m      || ! grep -Fq 'this is likely due to an ongoing update of the official release server' "$log"; then[0m
2026-10-07T00:47:47.6542130Z [36;1m    exit "$status"[0m
2026-10-07T00:47:47.6542418Z [36;1m  fi[0m
2026-10-07T00:47:47.6542828Z [36;1m  echo "Retrying rustup toolchain install in 30 seconds (retry $attempt of 4)" >&2[0m
2026-10-07T00:47:47.6543299Z [36;1m  sleep 30[0m
2026-10-07T00:47:47.6543548Z [36;1mdone[0m
2026-10-07T00:47:47.6602003Z shell: /usr/bin/bash --noprofile --norc -e -o pipefail {0}
2026-10-07T00:47:47.6602400Z env:
2026-10-07T00:47:47.6602941Z   NAGI_FAILURE_DIR: /home/runner/work/Nagi/Nagi/build/compiler-failures
2026-10-07T00:47:47.6603383Z   CARGO_HOME: /home/runner/.cargo
2026-10-07T00:47:47.6603694Z   RUSTUP_PERMIT_COPY_RENAME: 1
2026-10-07T00:47:47.6603991Z ##[endgroup]
2026-10-07T00:47:49.7984067Z info: syncing channel updates for stable-x86_64-unknown-linux-gnu
2026-10-07T00:47:50.1918364Z 
2026-10-07T00:47:50.1994682Z   stable-x86_64-unknown-linux-gnu unchanged - rustc 1.99.0 (b940084d7 2026-09-28)
2026-10-07T00:47:50.1995335Z 
2026-10-07T00:47:50.2038201Z ##[end-action id=rust.__run_4;outcome=success;conclusion=success;duration_ms=2553]
2026-10-07T00:47:50.2045050Z ##[start-action display=rustup default stable;id=rust.__run_5]
2026-10-07T00:47:50.2067000Z ##[group]Run rustup default stable --force-non-host
2026-10-07T00:47:50.2067393Z [36;1mrustup default stable --force-non-host[0m
2026-10-07T00:47:50.2129560Z shell: /usr/bin/bash --noprofile --norc -e -o pipefail {0}
2026-10-07T00:47:50.2129905Z env:
2026-10-07T00:47:50.2130217Z   NAGI_FAILURE_DIR: /home/runner/work/Nagi/Nagi/build/compiler-failures
2026-10-07T00:47:50.2130593Z   CARGO_HOME: /home/runner/.cargo
2026-10-07T00:47:50.2130839Z ##[endgroup]
2026-10-07T00:47:50.2250991Z info: using existing install for stable-x86_64-unknown-linux-gnu
2026-10-07T00:47:50.2259717Z info: default toolchain set to stable-x86_64-unknown-linux-gnu
2026-10-07T00:47:50.2260048Z 
2026-10-07T00:47:50.2333332Z   stable-x86_64-unknown-linux-gnu unchanged - rustc 1.99.0 (b940084d7 2026-09-28)
2026-10-07T00:47:50.2334104Z 
2026-10-07T00:47:50.2349877Z ##[end-action id=rust.__run_5;outcome=success;conclusion=success;duration_ms=30]
2026-10-07T00:47:50.2352530Z ##[start-action display=Create cachekey;id=rust.rustc-version]
2026-10-07T00:47:50.2389500Z ##[group]Run DATE=$(rustc +stable --version --verbose | sed -ne 's/^commit-date: \(20[0-9][0-9]\)-\([01][0-9]\)-\([0-3][0-9]\)$/\1\2\3/p')
2026-10-07T00:47:50.2390322Z [36;1mDATE=$(rustc +stable --version --verbose | sed -ne 's/^commit-date: \(20[0-9][0-9]\)-\([01][0-9]\)-\([0-3][0-9]\)$/\1\2\3/p')[0m
2026-10-07T00:47:50.2390961Z [36;1mHASH=$(rustc +stable --version --verbose | sed -ne 's/^commit-hash: //p')[0m
2026-10-07T00:47:50.2391453Z [36;1mecho "cachekey=$(echo $DATE$HASH | head -c12)" >> $GITHUB_OUTPUT[0m
2026-10-07T00:47:50.2452122Z shell: /usr/bin/bash --noprofile --norc -e -o pipefail {0}
2026-10-07T00:47:50.2452474Z env:
2026-10-07T00:47:50.2452778Z   NAGI_FAILURE_DIR: /home/runner/work/Nagi/Nagi/build/compiler-failures
2026-10-07T00:47:50.2453164Z   CARGO_HOME: /home/runner/.cargo
2026-10-07T00:47:50.2453408Z ##[endgroup]
2026-10-07T00:47:50.3402688Z ##[end-action id=rust.rustc-version;outcome=success;conclusion=success;duration_ms=104]
2026-10-07T00:47:50.3405198Z ##[start-action display=Disable incremental compilation;id=rust.__run_6]
2026-10-07T00:47:50.3427007Z ##[group]Run if [ -z "${CARGO_INCREMENTAL+set}" ]; then
2026-10-07T00:47:50.3427396Z [36;1mif [ -z "${CARGO_INCREMENTAL+set}" ]; then[0m
2026-10-07T00:47:50.3427741Z [36;1m  echo CARGO_INCREMENTAL=0 >> $GITHUB_ENV[0m
2026-10-07T00:47:50.3428093Z [36;1mfi[0m
2026-10-07T00:47:50.3490912Z shell: /usr/bin/bash --noprofile --norc -e -o pipefail {0}
2026-10-07T00:47:50.3491306Z env:
2026-10-07T00:47:50.3491883Z   NAGI_FAILURE_DIR: /home/runner/work/Nagi/Nagi/build/compiler-failures
2026-10-07T00:47:50.3492276Z   CARGO_HOME: /home/runner/.cargo
2026-10-07T00:47:50.3492519Z ##[endgroup]
2026-10-07T00:47:50.3579574Z ##[end-action id=rust.__run_6;outcome=success;conclusion=success;duration_ms=17]
2026-10-07T00:47:50.3581956Z ##[start-action display=Enable colors in Cargo output;id=rust.__run_7]
2026-10-07T00:47:50.3601471Z ##[group]Run if [ -z "${CARGO_TERM_COLOR+set}" ]; then
2026-10-07T00:47:50.3602147Z [36;1mif [ -z "${CARGO_TERM_COLOR+set}" ]; then[0m
2026-10-07T00:47:50.3602487Z [36;1m  echo CARGO_TERM_COLOR=always >> $GITHUB_ENV[0m
2026-10-07T00:47:50.3602780Z [36;1mfi[0m
2026-10-07T00:47:50.3662281Z shell: /usr/bin/bash --noprofile --norc -e -o pipefail {0}
2026-10-07T00:47:50.3662802Z env:
2026-10-07T00:47:50.3663109Z   NAGI_FAILURE_DIR: /home/runner/work/Nagi/Nagi/build/compiler-failures
2026-10-07T00:47:50.3663500Z   CARGO_HOME: /home/runner/.cargo
2026-10-07T00:47:50.3663753Z   CARGO_INCREMENTAL: 0
2026-10-07T00:47:50.3663977Z ##[endgroup]
2026-10-07T00:47:50.3748992Z ##[end-action id=rust.__run_7;outcome=success;conclusion=success;duration_ms=16]
2026-10-07T00:47:50.3751108Z ##[start-action display=Enable Cargo sparse registry;id=rust.__run_8]
2026-10-07T00:47:50.3772413Z ##[group]Run # implemented in 1.66, stabilized in 1.68, made default in 1.70
2026-10-07T00:47:50.3772932Z [36;1m# implemented in 1.66, stabilized in 1.68, made default in 1.70[0m
2026-10-07T00:47:50.3773635Z [36;1mif [ -z "${CARGO_REGISTRIES_CRATES_IO_PROTOCOL+set}" -o -f "/home/runner/work/_temp"/.implicit_cargo_registries_crates_io_protocol ]; then[0m
2026-10-07T00:47:50.3774347Z [36;1m  if rustc +stable --version --verbose | grep -q '^release: 1\.6[89]\.'; then[0m
2026-10-07T00:47:50.3774922Z [36;1m    touch "/home/runner/work/_temp"/.implicit_cargo_registries_crates_io_protocol || true[0m
2026-10-07T00:47:50.3775469Z [36;1m    echo CARGO_REGISTRIES_CRATES_IO_PROTOCOL=sparse >> $GITHUB_ENV[0m
2026-10-07T00:47:50.3776130Z [36;1m  elif rustc +stable --version --verbose | grep -q '^release: 1\.6[67]\.'; then[0m
2026-10-07T00:47:50.3776703Z [36;1m    touch "/home/runner/work/_temp"/.implicit_cargo_registries_crates_io_protocol || true[0m
2026-10-07T00:47:50.3777218Z [36;1m    echo CARGO_REGISTRIES_CRATES_IO_PROTOCOL=git >> $GITHUB_ENV[0m
2026-10-07T00:47:50.3777559Z [36;1m  fi[0m
2026-10-07T00:47:50.3777749Z [36;1mfi[0m
2026-10-07T00:47:50.3842363Z shell: /usr/bin/bash --noprofile --norc -e -o pipefail {0}
2026-10-07T00:47:50.3842718Z env:
2026-10-07T00:47:50.3843013Z   NAGI_FAILURE_DIR: /home/runner/work/Nagi/Nagi/build/compiler-failures
2026-10-07T00:47:50.3843403Z   CARGO_HOME: /home/runner/.cargo
2026-10-07T00:47:50.3843654Z   CARGO_INCREMENTAL: 0
2026-10-07T00:47:50.3843878Z   CARGO_TERM_COLOR: always
2026-10-07T00:47:50.3844139Z ##[endgroup]
2026-10-07T00:47:50.4177490Z ##[end-action id=rust.__run_8;outcome=success;conclusion=success;duration_ms=42]
2026-10-07T00:47:50.4180051Z ##[start-action display=Work around spurious network errors in curl 8.0;id=rust.__run_9]
2026-10-07T00:47:50.4202586Z ##[group]Run # https://rust-lang.zulipchat.com/#narrow/stream/246057-t-cargo/topic/timeout.20investigation
2026-10-07T00:47:50.4203362Z [36;1m# https://rust-lang.zulipchat.com/#narrow/stream/246057-t-cargo/topic/timeout.20investigation[0m
2026-10-07T00:47:50.4203971Z [36;1mif rustc +stable --version --verbose | grep -q '^release: 1\.7[01]\.'; then[0m
2026-10-07T00:47:50.4204438Z [36;1m  echo CARGO_HTTP_MULTIPLEXING=false >> $GITHUB_ENV[0m
2026-10-07T00:47:50.4204754Z [36;1mfi[0m
2026-10-07T00:47:50.4265693Z shell: /usr/bin/bash --noprofile --norc -e -o pipefail {0}
2026-10-07T00:47:50.4266054Z env:
2026-10-07T00:47:50.4266358Z   NAGI_FAILURE_DIR: /home/runner/work/Nagi/Nagi/build/compiler-failures
2026-10-07T00:47:50.4266765Z   CARGO_HOME: /home/runner/.cargo
2026-10-07T00:47:50.4267021Z   CARGO_INCREMENTAL: 0
2026-10-07T00:47:50.4267242Z   CARGO_TERM_COLOR: always
2026-10-07T00:47:50.4267469Z ##[endgroup]
2026-10-07T00:47:50.4476065Z ##[end-action id=rust.__run_9;outcome=success;conclusion=success;duration_ms=29]
2026-10-07T00:47:50.4479811Z ##[start-action display=rustc +stable --version --verbose;id=rust.__run_10]
2026-10-07T00:47:50.4500281Z ##[group]Run rustc +stable --version --verbose
2026-10-07T00:47:50.4500637Z [36;1mrustc +stable --version --verbose[0m
2026-10-07T00:47:50.4560422Z shell: /usr/bin/bash --noprofile --norc -e -o pipefail {0}
2026-10-07T00:47:50.4560777Z env:
2026-10-07T00:47:50.4561075Z   NAGI_FAILURE_DIR: /home/runner/work/Nagi/Nagi/build/compiler-failures
2026-10-07T00:47:50.4561758Z   CARGO_HOME: /home/runner/.cargo
2026-10-07T00:47:50.4562039Z   CARGO_INCREMENTAL: 0
2026-10-07T00:47:50.4562267Z   CARGO_TERM_COLOR: always
2026-10-07T00:47:50.4562499Z ##[endgroup]
2026-10-07T00:47:50.4748906Z rustc 1.99.0 (b940084d7 2026-09-28)
2026-10-07T00:47:50.4749739Z binary: rustc
2026-10-07T00:47:50.4750297Z commit-hash: b940084d7eb6a299eb4bfeb8e34901bc051e7ac4
2026-10-07T00:47:50.4750737Z commit-date: 2026-09-28
2026-10-07T00:47:50.4751041Z host: x86_64-unknown-linux-gnu
2026-10-07T00:47:50.4751402Z release: 1.99.0
2026-10-07T00:47:50.4752316Z LLVM version: 23.1.1
2026-10-07T00:47:50.4772022Z ##[end-action id=rust.__run_10;outcome=success;conclusion=success;duration_ms=29]
2026-10-07T00:47:50.8203419Z ##[group]Run actions/cache@v4
2026-10-07T00:47:50.8203738Z with:
2026-10-07T00:47:50.8204029Z   path: ~/.cargo/registry
~/.cargo/git
target
native-target

2026-10-07T00:47:50.8204941Z   key: nagi-rust-v1-package-linux-x86_64-20260928b940-ea0ec8ed94fb35bcf1d7c665cba9b22ca9050a457cc062d0c63198341f876515-0b86d267842384c4053a5e5fd79f989e184954a703b5365ab17024600c1d4de3
2026-10-07T00:47:50.8206276Z   restore-keys: nagi-rust-v1-package-linux-x86_64-20260928b940-ea0ec8ed94fb35bcf1d7c665cba9b22ca9050a457cc062d0c63198341f876515-
nagi-rust-v1-package-linux-x86_64-20260928b940-

2026-10-07T00:47:50.8207078Z   enableCrossOsArchive: false
2026-10-07T00:47:50.8207336Z   fail-on-cache-miss: false
2026-10-07T00:47:50.8207573Z   lookup-only: false
2026-10-07T00:47:50.8207783Z   save-always: false
2026-10-07T00:47:50.8207979Z env:
2026-10-07T00:47:50.8208278Z   NAGI_FAILURE_DIR: /home/runner/work/Nagi/Nagi/build/compiler-failures
2026-10-07T00:47:50.8208663Z   CARGO_HOME: /home/runner/.cargo
2026-10-07T00:47:50.8208951Z   CARGO_INCREMENTAL: 0
2026-10-07T00:47:50.8209172Z   CARGO_TERM_COLOR: always
2026-10-07T00:47:50.8209394Z ##[endgroup]
2026-10-07T00:47:50.9308874Z (node:2418) [DEP0040] DeprecationWarning: The `punycode` module is deprecated. Please use a userland alternative instead.
2026-10-07T00:47:50.9309724Z (Use `node --trace-deprecation ...` to show where the warning was created)
2026-10-07T00:47:50.9968944Z Cache hit for restore-key: nagi-rust-v1-package-linux-x86_64-20260928b940-601958ff337592e5f2a53aba9b5ce590b2902bb894b23107ca273c3687ede46d-d2ceed13733861400c80e305d589329dbd05c701e9850c29368eb1cd3d82d619
2026-10-07T00:47:51.0078210Z (node:2418) [DEP0169] DeprecationWarning: `url.parse()` behavior is not standardized and prone to errors that have security implications. Use the WHATWG URL API instead. CVEs are not issued for `url.parse()` vulnerabilities.
2026-10-07T00:47:52.0589863Z Received 218103808 of 1267547718 (17.2%), 207.6 MBs/sec
2026-10-07T00:47:53.0604721Z Received 469762048 of 1267547718 (37.1%), 223.6 MBs/sec
2026-10-07T00:47:54.0620259Z Received 742391808 of 1267547718 (58.6%), 235.6 MBs/sec
2026-10-07T00:47:55.0665420Z Received 1019215872 of 1267547718 (80.4%), 242.4 MBs/sec
2026-10-07T00:47:55.9942882Z Received 1267547718 of 1267547718 (100.0%), 244.9 MBs/sec
2026-10-07T00:47:55.9944648Z Cache Size: ~1209 MB (1267547718 B)
2026-10-07T00:47:56.0000378Z [command]/usr/bin/tar -xf /home/runner/work/_temp/da8fb3eb-7c77-4bcb-83cb-1fbc76f32ddb/cache.tzst -P -C /home/runner/work/Nagi/Nagi --use-compress-program unzstd
2026-10-07T00:48:07.9888848Z Cache restored successfully
2026-10-07T00:48:08.0831816Z Cache restored from key: nagi-rust-v1-package-linux-x86_64-20260928b940-601958ff337592e5f2a53aba9b5ce590b2902bb894b23107ca273c3687ede46d-d2ceed13733861400c80e305d589329dbd05c701e9850c29368eb1cd3d82d619
2026-10-07T00:48:08.1659204Z ##[group]Run actions/setup-python@v5
2026-10-07T00:48:08.1659725Z with:
2026-10-07T00:48:08.1660071Z   python-version: 3.12
2026-10-07T00:48:08.1660466Z   check-latest: false
2026-10-07T00:48:08.1665596Z   token: ***
2026-10-07T00:48:08.1665994Z   update-environment: true
2026-10-07T00:48:08.1666432Z   allow-prereleases: false
2026-10-07T00:48:08.1666854Z   freethreaded: false
2026-10-07T00:48:08.1667216Z env:
2026-10-07T00:48:08.1667766Z   NAGI_FAILURE_DIR: /home/runner/work/Nagi/Nagi/build/compiler-failures
2026-10-07T00:48:08.1668173Z   CARGO_HOME: /home/runner/.cargo
2026-10-07T00:48:08.1668433Z   CARGO_INCREMENTAL: 0
2026-10-07T00:48:08.1668667Z   CARGO_TERM_COLOR: always
2026-10-07T00:48:08.1669147Z ##[endgroup]
2026-10-07T00:48:08.3022435Z ##[group]Installed versions
2026-10-07T00:48:08.9242644Z (node:2445) [DEP0040] DeprecationWarning: The `punycode` module is deprecated. Please use a userland alternative instead.
2026-10-07T00:48:08.9243447Z (Use `node --trace-deprecation ...` to show where the warning was created)
2026-10-07T00:48:08.9244703Z Successfully set up CPython (3.12.15)
2026-10-07T00:48:08.9245492Z ##[endgroup]
2026-10-07T00:48:09.1281445Z ##[group]Run actions/setup-node@v4
2026-10-07T00:48:09.1282057Z with:
2026-10-07T00:48:09.1282256Z   node-version: 22
2026-10-07T00:48:09.1282471Z   always-auth: false
2026-10-07T00:48:09.1282695Z   check-latest: false
2026-10-07T00:48:09.1284966Z   token: ***
2026-10-07T00:48:09.1285159Z env:
2026-10-07T00:48:09.1285457Z   NAGI_FAILURE_DIR: /home/runner/work/Nagi/Nagi/build/compiler-failures
2026-10-07T00:48:09.1285835Z   CARGO_HOME: /home/runner/.cargo
2026-10-07T00:48:09.1286086Z   CARGO_INCREMENTAL: 0
2026-10-07T00:48:09.1286321Z   CARGO_TERM_COLOR: always
2026-10-07T00:48:09.1286619Z   pythonLocation: /opt/hostedtoolcache/Python/3.12.15/x64
2026-10-07T00:48:09.1287057Z   PKG_CONFIG_PATH: /opt/hostedtoolcache/Python/3.12.15/x64/lib/pkgconfig
2026-10-07T00:48:09.1287485Z   Python_ROOT_DIR: /opt/hostedtoolcache/Python/3.12.15/x64
2026-10-07T00:48:09.1287857Z   Python2_ROOT_DIR: /opt/hostedtoolcache/Python/3.12.15/x64
2026-10-07T00:48:09.1288267Z   Python3_ROOT_DIR: /opt/hostedtoolcache/Python/3.12.15/x64
2026-10-07T00:48:09.1288646Z   LD_LIBRARY_PATH: /opt/hostedtoolcache/Python/3.12.15/x64/lib
2026-10-07T00:48:09.1288967Z ##[endgroup]
2026-10-07T00:48:09.8859295Z Found in cache @ /opt/hostedtoolcache/node/22.23.3/x64
2026-10-07T00:48:09.8865738Z (node:2453) [DEP0040] DeprecationWarning: The `punycode` module is deprecated. Please use a userland alternative instead.
2026-10-07T00:48:09.8866710Z (Use `node --trace-deprecation ...` to show where the warning was created)
2026-10-07T00:48:09.8870270Z ##[group]Environment details
2026-10-07T00:48:18.4881021Z node: v22.23.3
2026-10-07T00:48:18.4881717Z npm: 10.9.9
2026-10-07T00:48:18.4882065Z yarn: 1.22.22
2026-10-07T00:48:18.4882727Z ##[endgroup]
2026-10-07T00:48:18.4999522Z ##[group]Run python - <<'PY'
2026-10-07T00:48:18.4999865Z [36;1mpython - <<'PY'[0m
2026-10-07T00:48:18.5000117Z [36;1mimport os, subprocess[0m
2026-10-07T00:48:18.5000505Z [36;1mlines = subprocess.check_output(['rustc', '-vV'], text=True).splitlines()[0m
2026-10-07T00:48:18.5001078Z [36;1mhost = next(line.removeprefix('host: ') for line in lines if line.startswith('host: '))[0m
2026-10-07T00:48:18.5001915Z [36;1massert host == os.environ['RELEASE_RUST_HOST'], host[0m
2026-10-07T00:48:18.5002282Z [36;1mPY[0m
2026-10-07T00:48:18.5110058Z shell: /usr/bin/bash --noprofile --norc -e -o pipefail {0}
2026-10-07T00:48:18.5110394Z env:
2026-10-07T00:48:18.5110696Z   NAGI_FAILURE_DIR: /home/runner/work/Nagi/Nagi/build/compiler-failures
2026-10-07T00:48:18.5111079Z   CARGO_HOME: /home/runner/.cargo
2026-10-07T00:48:18.5111352Z   CARGO_INCREMENTAL: 0
2026-10-07T00:48:18.5111714Z   CARGO_TERM_COLOR: always
2026-10-07T00:48:18.5112033Z   pythonLocation: /opt/hostedtoolcache/Python/3.12.15/x64
2026-10-07T00:48:18.5112467Z   PKG_CONFIG_PATH: /opt/hostedtoolcache/Python/3.12.15/x64/lib/pkgconfig
2026-10-07T00:48:18.5112905Z   Python_ROOT_DIR: /opt/hostedtoolcache/Python/3.12.15/x64
2026-10-07T00:48:18.5113288Z   Python2_ROOT_DIR: /opt/hostedtoolcache/Python/3.12.15/x64
2026-10-07T00:48:18.5113665Z   Python3_ROOT_DIR: /opt/hostedtoolcache/Python/3.12.15/x64
2026-10-07T00:48:18.5114045Z   LD_LIBRARY_PATH: /opt/hostedtoolcache/Python/3.12.15/x64/lib
2026-10-07T00:48:18.5114401Z   RELEASE_RUST_HOST: x86_64-unknown-linux-gnu
2026-10-07T00:48:18.5114685Z ##[endgroup]
2026-10-07T00:48:18.6065525Z ##[group]Run cargo fetch --locked --target "$RELEASE_RUST_HOST"
2026-10-07T00:48:18.6066024Z [36;1mcargo fetch --locked --target "$RELEASE_RUST_HOST"[0m
2026-10-07T00:48:18.6129158Z shell: /usr/bin/bash --noprofile --norc -e -o pipefail {0}
2026-10-07T00:48:18.6129684Z env:
2026-10-07T00:48:18.6129984Z   NAGI_FAILURE_DIR: /home/runner/work/Nagi/Nagi/build/compiler-failures
2026-10-07T00:48:18.6130367Z   CARGO_HOME: /home/runner/.cargo
2026-10-07T00:48:18.6130619Z   CARGO_INCREMENTAL: 0
2026-10-07T00:48:18.6130841Z   CARGO_TERM_COLOR: always
2026-10-07T00:48:18.6131139Z   pythonLocation: /opt/hostedtoolcache/Python/3.12.15/x64
2026-10-07T00:48:18.6131818Z   PKG_CONFIG_PATH: /opt/hostedtoolcache/Python/3.12.15/x64/lib/pkgconfig
2026-10-07T00:48:18.6132249Z   Python_ROOT_DIR: /opt/hostedtoolcache/Python/3.12.15/x64
2026-10-07T00:48:18.6132646Z   Python2_ROOT_DIR: /opt/hostedtoolcache/Python/3.12.15/x64
2026-10-07T00:48:18.6133056Z   Python3_ROOT_DIR: /opt/hostedtoolcache/Python/3.12.15/x64
2026-10-07T00:48:18.6133447Z   LD_LIBRARY_PATH: /opt/hostedtoolcache/Python/3.12.15/x64/lib
2026-10-07T00:48:18.6133796Z   RELEASE_RUST_HOST: x86_64-unknown-linux-gnu
2026-10-07T00:48:18.6134074Z ##[endgroup]
2026-10-07T00:48:21.5100224Z ##[group]Run cargo build --release --locked -p nagic
2026-10-07T00:48:21.5100653Z [36;1mcargo build --release --locked -p nagic[0m
2026-10-07T00:48:21.5164288Z shell: /usr/bin/bash -e {0}
2026-10-07T00:48:21.5164537Z env:
2026-10-07T00:48:21.5164836Z   NAGI_FAILURE_DIR: /home/runner/work/Nagi/Nagi/build/compiler-failures
2026-10-07T00:48:21.5165228Z   CARGO_HOME: /home/runner/.cargo
2026-10-07T00:48:21.5165480Z   CARGO_INCREMENTAL: 0
2026-10-07T00:48:21.5165701Z   CARGO_TERM_COLOR: always
2026-10-07T00:48:21.5165992Z   pythonLocation: /opt/hostedtoolcache/Python/3.12.15/x64
2026-10-07T00:48:21.5166421Z   PKG_CONFIG_PATH: /opt/hostedtoolcache/Python/3.12.15/x64/lib/pkgconfig
2026-10-07T00:48:21.5166859Z   Python_ROOT_DIR: /opt/hostedtoolcache/Python/3.12.15/x64
2026-10-07T00:48:21.5167258Z   Python2_ROOT_DIR: /opt/hostedtoolcache/Python/3.12.15/x64
2026-10-07T00:48:21.5167648Z   Python3_ROOT_DIR: /opt/hostedtoolcache/Python/3.12.15/x64
2026-10-07T00:48:21.5168063Z   LD_LIBRARY_PATH: /opt/hostedtoolcache/Python/3.12.15/x64/lib
2026-10-07T00:48:21.5168399Z ##[endgroup]
2026-10-07T00:48:21.5738764Z [1m[92m   Compiling[0m nagic v0.1.11 (/home/runner/work/Nagi/Nagi/compiler)
2026-10-07T00:49:16.6967909Z [1m[92m    Finished[0m `release` profile [optimized] target(s) in 55.14s
2026-10-07T00:49:16.7062655Z ##[group]Run cargo test --locked -p nagic --lib --test cli --test installation --test codegen --test loop_ownership --test ownership_calls --test ownership_boundaries --test comparison_ownership --test owned_copy_codegen --test build_diagnostics --test rust_dependencies --test expression_contracts --test frontend_contracts --test literal_contracts --test http_route_conflicts --test symbols --test modules --test module_parser --test module_emission --test module_symbols --test enum_parser --test enum_modules --test enum_emission --test enum_patterns --test nullable_database --test nullable_roundtrip --test owned_database --test borrow_free_returns --test static_callback_views --test view_iteration --test view_parameter_rebinding --test sql_check --test typed_errors --test error_routes --test class_field_types --test resource_contract_characterization --test stdlib_imports --test option_match --test http_stdlib --test http_codegen --test actor_stdlib --test actor_codegen --test graph_types --test graph_relations --test graph_render --test graph_html --test map_cli --test low_multiline --test list_ownership_inference --test list_borrow_iteration --test result_stdlib
2026-10-07T00:49:16.7070447Z [36;1mcargo test --locked -p nagic --lib --test cli --test installation --test codegen --test loop_ownership --test ownership_calls --test ownership_boundaries --test comparison_ownership --test owned_copy_codegen --test build_diagnostics --test rust_dependencies --test expression_contracts --test frontend_contracts --test literal_contracts --test http_route_conflicts --test symbols --test modules --test module_parser --test module_emission --test module_symbols --test enum_parser --test enum_modules --test enum_emission --test enum_patterns --test nullable_database --test nullable_roundtrip --test owned_database --test borrow_free_returns --test static_callback_views --test view_iteration --test view_parameter_rebinding --test sql_check --test typed_errors --test error_routes --test class_field_types --test resource_contract_characterization --test stdlib_imports --test option_match --test http_stdlib --test http_codegen --test actor_stdlib --test actor_codegen --test graph_types --test graph_relations --test graph_render --test graph_html --test map_cli --test low_multiline --test list_ownership_inference --test list_borrow_iteration --test result_stdlib[0m
2026-10-07T00:49:16.7137328Z shell: /usr/bin/bash -e {0}
2026-10-07T00:49:16.7137574Z env:
2026-10-07T00:49:16.7137884Z   NAGI_FAILURE_DIR: /home/runner/work/Nagi/Nagi/build/compiler-failures
2026-10-07T00:49:16.7138260Z   CARGO_HOME: /home/runner/.cargo
2026-10-07T00:49:16.7138515Z   CARGO_INCREMENTAL: 0
2026-10-07T00:49:16.7138734Z   CARGO_TERM_COLOR: always
2026-10-07T00:49:16.7139023Z   pythonLocation: /opt/hostedtoolcache/Python/3.12.15/x64
2026-10-07T00:49:16.7139469Z   PKG_CONFIG_PATH: /opt/hostedtoolcache/Python/3.12.15/x64/lib/pkgconfig
2026-10-07T00:49:16.7139923Z   Python_ROOT_DIR: /opt/hostedtoolcache/Python/3.12.15/x64
2026-10-07T00:49:16.7140312Z   Python2_ROOT_DIR: /opt/hostedtoolcache/Python/3.12.15/x64
2026-10-07T00:49:16.7140696Z   Python3_ROOT_DIR: /opt/hostedtoolcache/Python/3.12.15/x64
2026-10-07T00:49:16.7141084Z   LD_LIBRARY_PATH: /opt/hostedtoolcache/Python/3.12.15/x64/lib
2026-10-07T00:49:16.7141402Z ##[endgroup]
2026-10-07T00:49:16.7930509Z [1m[92m   Compiling[0m nagic v0.1.11 (/home/runner/work/Nagi/Nagi/compiler)
2026-10-07T00:49:32.5988944Z [1m[92m    Finished[0m `test` profile [unoptimized + debuginfo] target(s) in 15.86s
2026-10-07T00:49:32.6215613Z [1m[92m     Running[0m unittests src/lib.rs (target/debug/deps/nagic-37bc7f80b2ebf699)
2026-10-07T00:49:32.6229727Z 
2026-10-07T00:49:32.6230084Z running 122 tests
2026-10-07T00:49:32.6241382Z test capabilities::tests::charge_inline_capability_accounts_for_every_enum_variant ... ok
2026-10-07T00:49:32.6243456Z test capabilities::tests::charge_rejects_excluded_storage_with_a_nested_field_path ... ok
2026-10-07T00:49:32.6245881Z test capabilities::tests::charge_recursive_lists_have_known_storage_but_require_a_walk ... ok
2026-10-07T00:49:32.6247734Z test capabilities::tests::indirect_cycles_remain_serializable_only_with_serializable_fields ... ok
2026-10-07T00:49:32.6252762Z test capabilities::tests::native_debug_does_not_require_generic_payload_debug ... ok
2026-10-07T00:49:32.6265339Z test capabilities::tests::private_causes_prevent_serialization_through_nested_records ... ok
2026-10-07T00:49:32.6279661Z test check::checked::tests::final_diagnostic_transports_kind_without_changing_user_messages ... ok
2026-10-07T00:49:32.6281939Z test capabilities::tests::native_payload_roles_are_purpose_specific ... ok
2026-10-07T00:49:32.6283523Z test check::checked::tests::final_factory_rejects_invalid_input ... ok
2026-10-07T00:49:32.6290976Z test check::checked::tests::final_factory_checks_and_seals_owned_input ... ok
2026-10-07T00:49:32.6292861Z test capabilities::tests::serde_charge_and_owned_fields_are_distinct_capabilities ... ok
2026-10-07T00:49:32.6297148Z test check::checked::tests::missing_binding_and_pattern_types_are_rejected_without_rechecking ... ok
2026-10-07T00:49:32.6312792Z test check::checked::tests::missing_declaration_type_is_rejected_without_rechecking ... ok
2026-10-07T00:49:32.6325574Z test check::checked::tests::missing_name_resolution_is_rejected_without_rechecking ... ok
2026-10-07T00:49:32.6327098Z test check::checked::tests::sealed_missing_expression_plan_fails_closed ... ok
2026-10-07T00:49:32.6328591Z test check::checked::tests::facts_and_emission_are_deterministic_and_read_only ... ok
2026-10-07T00:49:32.6330040Z test check::checked::tests::sealed_missing_rust_type_plan_fails_closed ... ok
2026-10-07T00:49:32.6332030Z test check::checked::tests::sealing_rejects_missing_expression_types ... ok
2026-10-07T00:49:32.6333793Z test check::checked::tests::symbolic_enum_owner_is_not_an_untyped_payload ... ok
2026-10-07T00:49:32.6335222Z test check::checked::tests::sealed_missing_operand_role_fails_closed ... ok
2026-10-07T00:49:32.6336629Z test check::checked::tests::unknown_origin_is_not_user_blame ... ok
2026-10-07T00:49:32.6338104Z test check::checked::tests::sealed_missing_required_flow_or_slots_fails_closed ... ok
2026-10-07T00:49:32.6339869Z test check::flow_metadata_tests::checked_operand_roles_reach_codegen_and_missing_roles_fail ... ok
2026-10-07T00:49:32.6393531Z test check::checked::tests::generated_saved_native_replacement_and_synthetic_origins_are_distinct ... ok
2026-10-07T00:49:32.6410210Z test check::flow_metadata_tests::content_mutation_events_survive_rhs_replacement_and_stay_in_their_statement ... ok
2026-10-07T00:49:32.6452745Z test check::checked::tests::task_sealing_rejects_missing_or_mismatched_scope_and_use_facts ... ok
2026-10-07T00:49:32.6492748Z test check::flow_metadata_tests::loop_regions_preserve_candidate_reads_and_assignments ... ok
2026-10-07T00:49:32.6529523Z test check::flow_metadata_tests::flow_collection_is_gated_to_view_return_dependencies ... ok
2026-10-07T00:49:32.6533618Z test check::flow_metadata_tests::flow_snapshots_only_keep_return_dependency_bindings ... ok
2026-10-07T00:49:32.6547399Z test modules::metadata_tests::intrinsic_transport_rejects_forged_namespace_collisions_and_unknown_heads ... ok
2026-10-07T00:49:32.6550234Z test modules::metadata_tests::intrinsic_type_transport_is_structural_and_avoids_real_bindings ... ok
2026-10-07T00:49:32.6551049Z test modules::metadata_tests::low_identity_is_portable_between_unix_drive_and_unc_paths ... ok
2026-10-07T00:49:32.6552458Z test modules::metadata_tests::low_metadata_rejects_unknown_topology_and_span_fields ... ok
2026-10-07T00:49:32.6573586Z test check::flow_metadata_tests::flow_facts_recompute_for_high_saved_low_and_self_consumption ... ok
2026-10-07T00:49:32.6575408Z test modules::metadata_tests::malformed_internal_looking_names_keep_their_original_display ... ok
2026-10-07T00:49:32.6608475Z test modules::metadata_tests::metadata_cannot_rebind_a_definition_to_a_builtin_or_unrelated_id ... ok
2026-10-07T00:49:32.6633216Z test modules::metadata_tests::metadata_rejects_relative_noncanonical_and_traversing_ids ... ok
2026-10-07T00:49:32.6662877Z test check::flow_metadata_tests::semantic_value_edges_keep_mutation_inputs_without_scalar_overselection ... ok
2026-10-07T00:49:32.6692868Z test sql_check::collect::tests::checked_high_and_saved_low_preserve_supported_operations_and_source_fields ... ok
2026-10-07T00:49:32.6712586Z test sql_check::collect::tests::conditional_loop_and_match_bodies_are_collected_once ... ok
2026-10-07T00:49:32.6722786Z test sql_check::collect::tests::dynamic_sql_and_exec_scripts_remain_visible_as_excluded_sites ... ok
2026-10-07T00:49:32.6751124Z test sql_check::collect::tests::integrated_native_replacements_only_collect_the_final_function_body ... ok
2026-10-07T00:49:32.6753111Z test sql_check::collect::tests::nested_value_expressions_returns_and_scope_spawn_keep_each_actual_call ... ok
2026-10-07T00:49:32.6774803Z test sql_check::collect::tests::aliased_row_classes_use_canonical_identity_and_original_field_names ... ok
2026-10-07T00:49:32.6788111Z test sql_check::collect::tests::same_named_user_function_and_local_function_value_are_not_sql_calls ... ok
2026-10-07T00:49:32.6834937Z test sql_check::engine::tests::columns_aliases_and_sqlite_parameter_numbering ... ok
2026-10-07T00:49:32.6886872Z test sql_check::engine::tests::every_default_expression_uses_the_function_allowlist_even_when_unused ... ok
2026-10-07T00:49:32.6925488Z test sql_check::collect::tests::collection_rejects_excessive_sites_at_the_first_over_limit_call ... ok
2026-10-07T00:49:32.7008155Z test sql_check::collect::tests::repeated_row_metadata_is_bounded_before_building_the_worker_request ... ok
2026-10-07T00:49:32.7027611Z test sql_check::engine::tests::ordinary_tables_indexes_views_and_pure_functions_are_supported ... ok
2026-10-07T00:49:32.7041959Z test sql_check::engine::tests::prepare_authorizer_also_rejects_unsafe_view_functions ... ok
2026-10-07T00:49:32.7043761Z test sql_check::engine::tests::prepare_only_dml_does_not_write_application_rows ... ok
2026-10-07T00:49:32.7053790Z test sql_check::engine::tests::rejects_operation_shape_mismatches ... ok
2026-10-07T00:49:32.7074332Z test sql_check::engine::tests::schema_is_ddl_snapshot_not_migration_or_arbitrary_sql ... ok
2026-10-07T00:49:32.7274043Z test sql_check::engine::tests::sqlite_identifier_defaults_remain_literals_without_hiding_function_terms ... ok
2026-10-07T00:49:32.7276083Z test sql_check::tests::bounded_input_does_not_accept_a_truncated_prefix ... ok
2026-10-07T00:49:32.7682705Z test sql_check::engine::tests::external_files_and_extension_paths_are_never_opened_or_modified ... ok
2026-10-07T00:49:32.8332916Z test sql_check::tests::deadline_kills_and_reaps_a_worker_with_blocked_input ... ok
2026-10-07T00:49:32.8359285Z test sql_check::tests::terminating_a_worker_returns_its_reaped_exit_status ... ok
2026-10-07T00:49:32.8383327Z test sql_check::tests::worker_fixture ... ok
2026-10-07T00:49:32.8414418Z test stdlib::resource_contract_tests::descriptor_rejects_arity_parameter_mismatch - should panic ... ok
2026-10-07T00:49:32.8443806Z test stdlib::resource_contract_tests::descriptor_rejects_duplicate_in_one_role - should panic ... ok
2026-10-07T00:49:32.8463766Z test stdlib::resource_contract_tests::descriptor_rejects_missing_role - should panic ... ok
2026-10-07T00:49:32.8488733Z test stdlib::resource_contract_tests::descriptor_rejects_out_of_range_role - should panic ... ok
2026-10-07T00:49:32.8491971Z test stdlib::resource_contract_tests::descriptor_rejects_overlapping_roles - should panic ... ok
2026-10-07T00:49:32.8493751Z test stdlib::resource_contract_tests::descriptor_rejects_roles_on_zero_arity - should panic ... ok
2026-10-07T00:49:32.8495360Z test stdlib::resource_contract_tests::legacy_views_borrow_the_registered_descriptor ... ok
2026-10-07T00:49:32.8497022Z test stdlib::resource_contract_tests::registered_roles_match_the_independent_position_oracle ... ok
2026-10-07T00:49:32.8498266Z test tests::await_only_async ... ok
2026-10-07T00:49:32.8499025Z test tests::bad_string ... ok
2026-10-07T00:49:32.8500198Z test tests::class_field_check ... ok
2026-10-07T00:49:32.8500999Z test tests::class_move ... ok
2026-10-07T00:49:32.8502812Z test tests::console_io_roundtrip ... ok
2026-10-07T00:49:32.8519482Z test tests::copy_value_class ... ok
2026-10-07T00:49:32.8535090Z test tests::cost_not_dynamic_count ... ok
2026-10-07T00:49:32.8544213Z test tests::duplicate_class_fields ... ok
2026-10-07T00:49:32.8565467Z test tests::empty_list_inference ... ok
2026-10-07T00:49:32.8567818Z test sql_check::engine::tests::finite_limits_reject_large_and_deep_inputs ... ok
2026-10-07T00:49:32.8579722Z test tests::error_propagation ... ok
2026-10-07T00:49:32.8581056Z test tests::floating_literals_accept_f32_boundary_and_roundtrip ... ok
2026-10-07T00:49:32.8582565Z test tests::explicit_copy ... ok
2026-10-07T00:49:32.8583768Z test tests::floating_literals_keep_f64_range_and_default_inference ... ok
2026-10-07T00:49:32.8594507Z test tests::forgotten_await ... ok
2026-10-07T00:49:32.8613265Z test tests::floating_literals_reject_f32_overflow_in_high_and_low ... ok
2026-10-07T00:49:32.8615691Z test tests::hello ... ok
2026-10-07T00:49:32.8618785Z test tests::invalid_indent ... ok
2026-10-07T00:49:32.8620031Z test tests::html_route_is_not_encoded_as_json ... ok
2026-10-07T00:49:32.8621305Z test tests::mismatched_type ... ok
2026-10-07T00:49:32.8622504Z test tests::missing_return ... ok
2026-10-07T00:49:32.8623479Z test tests::native_numeric ... ok
2026-10-07T00:49:32.8624433Z test tests::nested_view_in_class_rejected ... ok
2026-10-07T00:49:32.8628475Z test tests::low_standalone ... ok
2026-10-07T00:49:32.8629994Z test tests::no_implicit_conversion ... ok
2026-10-07T00:49:32.8630860Z test tests::nullable ... ok
2026-10-07T00:49:32.8631922Z test tests::number_overflow ... ok
2026-10-07T00:49:32.8633016Z test tests::owned_parameter_cannot_return_view ... ok
2026-10-07T00:49:32.8634299Z test tests::precedence ... ok
2026-10-07T00:49:32.8635076Z test tests::recursive_value ... ok
2026-10-07T00:49:32.8635894Z test tests::replace_bad_signature ... ok
2026-10-07T00:49:32.8636753Z test tests::replace_exact_signature ... ok
2026-10-07T00:49:32.8918035Z test tests::resource_contract_goldens::data_derives_golden ... ok
2026-10-07T00:49:33.0573155Z test sql_check::tests::encoded_metadata_is_bounded_including_json_escaping ... ok
2026-10-07T00:49:33.2797303Z test tests::resource_contract_goldens::actor_data_golden ... ok
2026-10-07T00:49:33.2830669Z test tests::result_must_handle ... ok
2026-10-07T00:49:33.2832821Z test tests::roundtrip_low ... ok
2026-10-07T00:49:33.2833801Z test tests::rust_extern_interface_and_low_roundtrip ... ok
2026-10-07T00:49:33.2855527Z test tests::scope_spawn ... ok
2026-10-07T00:49:33.2872356Z test tests::signed_minimum_literals_are_in_range_in_high_and_low ... ok
2026-10-07T00:49:33.4353422Z test tests::signed_minimum_literals_compile_and_run_after_lowering ... ok
2026-10-07T00:49:33.4354624Z test tests::string_move ... ok
2026-10-07T00:49:33.4355360Z test tests::tabs_rejected ... ok
2026-10-07T00:49:33.4356020Z test tests::unknown_class ... ok
2026-10-07T00:49:33.4356730Z test tests::unknown_name ... ok
2026-10-07T00:49:33.4357389Z test tests::unscoped_spawn ... ok
2026-10-07T00:49:33.4358121Z test tests::view_cannot_spawn ... ok
2026-10-07T00:49:33.4358818Z test tests::view_escape ... ok
2026-10-07T00:49:33.4359520Z test tests::view_prevents_move ... ok
2026-10-07T00:49:33.4360235Z test tests::view_prevents_mutation ... ok
2026-10-07T00:49:33.4361010Z test tests::view_return_parameter ... ok
2026-10-07T00:49:33.4698303Z test tests::resource_contract_goldens::http_borrow_and_mappers_golden ... ok
2026-10-07T00:49:33.5570819Z test tests::resource_contract_goldens::http_inspection_golden ... ok
2026-10-07T00:49:35.0282446Z test check::flow_metadata_tests::return_alias_dependencies_keep_straight_line_snapshots_sparse ... ok
2026-10-07T00:49:35.0283239Z 
2026-10-07T00:49:35.0283904Z test result: ok. 122 passed; 0 failed; 0 ignored; 0 measured; 0 filtered out; finished in 2.41s
2026-10-07T00:49:35.0284503Z 
2026-10-07T00:49:35.0304553Z [1m[92m     Running[0m tests/actor_codegen.rs (target/debug/deps/actor_codegen-725a112888c586ab)
2026-10-07T00:49:35.0316643Z 
2026-10-07T00:49:35.0316851Z running 2 tests
2026-10-07T00:49:35.3666639Z test actor_charge_generation_survives_low_without_clones_reflection_or_serde_requirements ... ok
2026-10-07T00:49:42.9711113Z test generated_nominal_charges_execute_against_native_capacity_and_walk_limits ... ok
2026-10-07T00:49:42.9711818Z 
2026-10-07T00:49:42.9712251Z test result: ok. 2 passed; 0 failed; 0 ignored; 0 measured; 0 filtered out; finished in 7.94s
2026-10-07T00:49:42.9712727Z 
2026-10-07T00:49:42.9714808Z [1m[92m     Running[0m tests/actor_stdlib.rs (target/debug/deps/actor_stdlib-46453478b37cc386)
2026-10-07T00:49:42.9725267Z 
2026-10-07T00:49:42.9725476Z running 12 tests
2026-10-07T00:49:44.4054771Z test lifecycle_text_views_follow_their_native_owner_and_cannot_serialize ... ok
2026-10-07T00:49:44.8141014Z test actor_and_http_aliases_keep_distinct_registry_identity_without_fake_classes ... ok
2026-10-07T00:49:45.5373348Z test callback_shapes_and_custom_error_identity_are_checked_before_native_build ... ok
2026-10-07T00:49:46.3303323Z test named_task_factory_aliases_require_shared_context_async_unit_and_builtin_error ... ok
2026-10-07T00:49:48.0803254Z test explicit_task_readiness_and_typed_event_deadlines_execute_from_high_and_low ... ok
2026-10-07T00:49:51.4590818Z test readiness_factory_and_wait_error_contracts_are_checked_before_native_build ... ok
2026-10-07T00:49:51.8106075Z test saved_low_cannot_invent_actor_types_capabilities_or_standard_implementations ... ok
2026-10-07T00:49:52.6913552Z test spawning_borrowing_native_futures_requires_an_owned_named_wrapper ... ok
2026-10-07T00:49:54.0940570Z test owned_custom_class_replies_and_errors_execute_without_clone_or_serde_bounds ... ok
2026-10-07T00:49:54.1475279Z test turn_inline_layout_generics_and_left_to_right_moves_are_not_erased ... ok
2026-10-07T00:49:55.1719164Z test messages_replies_and_business_errors_reject_unaccounted_nested_payloads ... ok
2026-10-07T00:49:58.8985055Z test pending_owned_state_business_failure_and_restart_execute_from_high_and_low ... ok
2026-10-07T00:49:58.8985772Z 
2026-10-07T00:49:58.8986413Z test result: ok. 12 passed; 0 failed; 0 ignored; 0 measured; 0 filtered out; finished in 15.93s
2026-10-07T00:49:58.8987026Z 
2026-10-07T00:49:58.8988676Z [1m[92m     Running[0m tests/borrow_free_returns.rs (target/debug/deps/borrow_free_returns-d93da29469695478)
2026-10-07T00:49:58.8999516Z 
2026-10-07T00:49:58.8999692Z running 5 tests
2026-10-07T00:49:58.9102671Z test adding_local_views_to_absent_values_still_rejects_escape ... ok
2026-10-07T00:49:58.9134042Z test unknown_native_origins_do_not_gain_an_absence_proof ... ok
2026-10-07T00:49:58.9203020Z test clearing_values_does_not_erase_rust_lifetime_constraints ... ok
2026-10-07T00:49:59.1788452Z test direct_absent_returns_remain_legal_after_local_borrows ... ok
2026-10-07T00:49:59.3711201Z test absent_views_in_nullable_empty_lists_and_failures_can_be_returned ... ok
2026-10-07T00:49:59.3711861Z 
2026-10-07T00:49:59.3712327Z test result: ok. 5 passed; 0 failed; 0 ignored; 0 measured; 0 filtered out; finished in 0.47s
2026-10-07T00:49:59.3712703Z 
2026-10-07T00:49:59.3715323Z [1m[92m     Running[0m tests/build_diagnostics.rs (target/debug/deps/build_diagnostics-5e9e2d2eb49ba59f)
2026-10-07T00:49:59.3726773Z 
2026-10-07T00:49:59.3726940Z running 30 tests
2026-10-07T00:49:59.3782636Z test child_notes_cannot_relabel_an_unmapped_primary_or_dependency ... ok
2026-10-07T00:49:59.3802904Z test dependency_synthetic_and_incomplete_diagnostics_fall_back_without_guessing ... ok
2026-10-07T00:49:59.3823356Z test child_notes_keep_module_locations_and_readable_definition_names ... ok
2026-10-07T00:49:59.3842563Z test existing_path_aliases_match_only_the_generated_file ... ok
2026-10-07T00:49:59.5495397Z test a_successful_run_stays_quiet_and_passes_through_program_output ... ok
2026-10-07T00:49:59.5822581Z test finite_f32_extremes_compile_and_run_after_lowering ... ok
2026-10-07T00:50:01.1603828Z test high_build_points_to_nagi_and_keeps_rust_notes_and_failure_status ... ok
2026-10-07T00:50:01.3182572Z test imported_high_uses_the_dependency_path_and_local_line ... ok
2026-10-07T00:50:01.4673318Z test imported_low_uses_its_own_file_instead_of_the_entry_file ... ok
2026-10-07T00:50:01.4925356Z test cli_maps_adapter_mismatch_without_repeating_generated_rust_by_default ... ok
2026-10-07T00:50:01.5279147Z test invalid_operators_in_imports_report_nagi_lines_before_rust_or_cargo ... ok
2026-10-07T00:50:01.5478200Z test iterator_mutation_fails_in_check_and_build_before_backend_generation ... ok
2026-10-07T00:50:01.5623319Z test lowering_restores_nested_statement_expression_arm_and_field_lines ... ok
2026-10-07T00:50:01.6443658Z test invalid_entrypoints_are_rejected_before_cargo_with_source_locations ... ok
2026-10-07T00:50:01.6515259Z test native_signature_errors_also_keep_the_native_low_location ... ok
2026-10-07T00:50:01.6693187Z test overflowing_f32_is_rejected_at_the_source_before_backend_build ... ok
2026-10-07T00:50:01.6983420Z test repeated_moves_fail_in_check_and_build_before_invoking_rust ... ok
2026-10-07T00:50:01.7253633Z test repeated_moves_keep_imported_and_replacement_source_locations ... ok
2026-10-07T00:50:01.7342817Z test native_rust_errors_are_not_relabelled_as_nagi ... ok
2026-10-07T00:50:01.8853116Z test replacement_adapter_errors_point_to_the_handwritten_low_file ... ok
2026-10-07T00:50:02.0186694Z test imported_async_ffi_send_failure_maps_the_cause_note_in_high_and_saved_low ... ok
2026-10-07T00:50:02.0326448Z test extern_argument_and_sync_async_mismatches_fail_at_the_declaration_in_high_and_low ... ok
2026-10-07T00:50:02.1848496Z test safe_reinitialization_and_return_paths_check_build_and_run ... ok
2026-10-07T00:50:02.1921738Z test standalone_low_uses_the_original_low_lines ... ok
2026-10-07T00:50:02.1924093Z test unix_backslashes_do_not_turn_a_dependency_path_into_the_generated_file ... ok
2026-10-07T00:50:02.2470217Z test unsupported_class_fields_and_async_reassignments_fail_before_backend_generation ... ok
2026-10-07T00:50:02.2495672Z test windows_paths_and_canonical_prefixes_match_only_the_generated_target ... ok
2026-10-07T00:50:02.2772629Z test try_result_reuse_reports_source_lines_before_invoking_cargo ... ok
2026-10-07T00:50:02.4400858Z test run_preserves_json_stdout_with_and_without_a_cost_report_in_high_and_saved_low ... ok
2026-10-07T00:50:04.5210293Z test source_names_with_spaces_and_dots_build_and_run ... ok
2026-10-07T00:50:04.5210816Z 
2026-10-07T00:50:04.5211236Z test result: ok. 30 passed; 0 failed; 0 ignored; 0 measured; 0 filtered out; finished in 5.15s
2026-10-07T00:50:04.5211820Z 
2026-10-07T00:50:04.5214576Z [1m[92m     Running[0m tests/class_field_types.rs (target/debug/deps/class_field_types-521bc7e70ae00919)
2026-10-07T00:50:04.5227241Z 
2026-10-07T00:50:04.5227474Z running 5 tests
2026-10-07T00:50:04.5292526Z test map_keys_with_missing_equality_or_hashing_fail_before_derivation ... ok
2026-10-07T00:50:04.5320810Z test nested_data_fields_and_bridge_defined_key_traits_remain_available ... ok
2026-10-07T00:50:04.5338447Z test unsupported_resource_and_function_fields_fail_at_the_field_line ... ok
2026-10-07T00:50:04.5363424Z test owned_database_fields_are_private_state_and_keep_high_low_emission_valid ... ok
2026-10-07T00:50:05.7773932Z test native_database_debug_hides_connection_details_inside_shared_state ... ok
2026-10-07T00:50:05.7774546Z 
2026-10-07T00:50:05.7775151Z test result: ok. 5 passed; 0 failed; 0 ignored; 0 measured; 0 filtered out; finished in 1.25s
2026-10-07T00:50:05.7775725Z 
2026-10-07T00:50:05.7779278Z [1m[92m     Running[0m tests/cli.rs (target/debug/deps/cli-9c30288c7adb0ce1)
2026-10-07T00:50:05.7789393Z 
2026-10-07T00:50:05.7789670Z running 7 tests
2026-10-07T00:50:05.7872849Z test an_unusable_cargo_is_not_reported_as_a_missing_rust_installation ... ok
2026-10-07T00:50:05.8014204Z test help_works_without_source_or_valid_project ... ok
2026-10-07T00:50:05.8035574Z test version_rejects_unexpected_arguments ... ok
2026-10-07T00:50:05.8080691Z test version_works_without_project_runtime_or_build_tools ... ok
2026-10-07T00:50:05.8459802Z test cargo_failure_preserves_the_cause_without_blaming_the_nagi_program ... ok
2026-10-07T00:50:05.9167821Z test check_needs_no_cargo_and_build_reports_the_missing_tool ... ok
2026-10-07T00:50:06.0268500Z test check_and_lower_put_status_on_stderr_and_keep_cost_report_machine_readable ... ok
2026-10-07T00:50:06.0269180Z 
2026-10-07T00:50:06.0269839Z test result: ok. 7 passed; 0 failed; 0 ignored; 0 measured; 0 filtered out; finished in 0.25s
2026-10-07T00:50:06.0270471Z 
2026-10-07T00:50:06.0271869Z [1m[92m     Running[0m tests/codegen.rs (target/debug/deps/codegen-01f33db011c70e02)
2026-10-07T00:50:06.0281474Z 
2026-10-07T00:50:06.0281935Z running 16 tests
2026-10-07T00:50:06.0298056Z test a_record_named_fn_does_not_become_a_copy_function_value ... ok
2026-10-07T00:50:06.1563555Z test builtin_option_and_result_constructors_do_not_call_user_functions ... ok
2026-10-07T00:50:06.1602703Z test async_function_values_keep_their_future_return_type ... ok
2026-10-07T00:50:06.1672773Z test explicit_local_async_function_annotations_compile_and_run ... ok
2026-10-07T00:50:06.1733338Z test for_bindings_can_be_reassigned_without_changing_the_iterator_or_outer_binding ... ok
2026-10-07T00:50:06.2838286Z test function_values_preserve_the_shared_view_lifetime ... ok
2026-10-07T00:50:06.2943726Z test local_function_values_shadow_builtins_and_functions ... ok
2026-10-07T00:50:06.3203998Z test nested_views_compile_and_copy_strings_bytes_and_lists ... ok
2026-10-07T00:50:06.3834154Z test numeric_negation_and_nested_view_comparisons_compile_and_run ... ok
2026-10-07T00:50:06.4283011Z test output_compiles_for_numbers_booleans_and_borrowed_strings ... ok
2026-10-07T00:50:06.4461975Z test reassignment_of_the_same_async_function_through_aliases_compiles_and_runs ... ok
2026-10-07T00:50:06.4521209Z test result_match_compiles_and_runs_owned_and_borrowed_payloads ... ok
2026-10-07T00:50:06.5170702Z test returning_a_function_value_does_not_borrow_local_data ... ok
2026-10-07T00:50:06.5451331Z test rust_keywords_and_generated_helper_names_remain_valid_nagi_names ... ok
2026-10-07T00:50:06.5630269Z test user_functions_with_builtin_names_keep_their_call_targets ... ok
2026-10-07T00:50:06.7878578Z test user_and_local_functions_named_serve_compile_without_http_runtime ... ok
2026-10-07T00:50:06.7878965Z 
2026-10-07T00:50:06.7879408Z test result: ok. 16 passed; 0 failed; 0 ignored; 0 measured; 0 filtered out; finished in 0.76s
2026-10-07T00:50:06.7879770Z 
2026-10-07T00:50:06.7882364Z [1m[92m     Running[0m tests/comparison_ownership.rs (target/debug/deps/comparison_ownership-42ded2e9aa5ce163)
2026-10-07T00:50:06.7893318Z 
2026-10-07T00:50:06.7893512Z running 4 tests
2026-10-07T00:50:06.7986146Z test comparisons_hold_the_left_operand_through_right_operand_evaluation ... ok
2026-10-07T00:50:06.8067280Z test copy_aggregate_comparisons_borrow_fields_and_indexed_containers ... ok
2026-10-07T00:50:06.8363385Z test native_resource_comparisons_do_not_allow_moving_the_borrowed_request ... ok
2026-10-07T00:50:06.9227987Z test completed_copy_operands_disjoint_fields_and_temporary_views_remain_valid ... ok
2026-10-07T00:50:06.9228384Z 
2026-10-07T00:50:06.9228794Z test result: ok. 4 passed; 0 failed; 0 ignored; 0 measured; 0 filtered out; finished in 0.13s
2026-10-07T00:50:06.9229157Z 
2026-10-07T00:50:06.9232277Z [1m[92m     Running[0m tests/enum_emission.rs (target/debug/deps/enum_emission-c3a1adabd2e5d1eb)
2026-10-07T00:50:06.9242653Z 
2026-10-07T00:50:06.9242918Z running 5 tests
2026-10-07T00:50:06.9302599Z test data_records_keep_serde_while_enum_fields_remain_private ... ok
2026-10-07T00:50:07.0494832Z test custom_main_errors_need_only_debug_and_copy_enums_reuse_values ... ok
2026-10-07T00:50:07.0670450Z test error_cause_records_move_payloads_without_serde_or_clone_requirements ... ok
2026-10-07T00:50:07.0740515Z test module_enum_aliases_preserve_identity_and_escape_variant_fields ... ok
2026-10-07T00:50:07.0872062Z test native_enum_constructors_patterns_and_result_propagation_roundtrip ... ok
2026-10-07T00:50:07.0872532Z 
2026-10-07T00:50:07.0872953Z test result: ok. 5 passed; 0 failed; 0 ignored; 0 measured; 0 filtered out; finished in 0.16s
2026-10-07T00:50:07.0873329Z 
2026-10-07T00:50:07.0875522Z [1m[92m     Running[0m tests/enum_modules.rs (target/debug/deps/enum_modules-07c9249708de3b9e)
2026-10-07T00:50:07.0885708Z 
2026-10-07T00:50:07.0885919Z running 9 tests
2026-10-07T00:50:07.1002600Z test builtin_spelled_enum_aliases_keep_intrinsic_types_distinct_in_generated_low ... ok
2026-10-07T00:50:07.1016547Z test enum_payload_types_use_the_definition_file_scope_and_survive_low ... ok
2026-10-07T00:50:07.1082497Z test different_files_have_distinct_enum_types_even_with_equal_names_and_variants ... ok
2026-10-07T00:50:07.1164363Z test enum_aliases_and_guessed_canonical_symbols_do_not_escape_module_scopes ... ok
2026-10-07T00:50:07.1173255Z test local_values_shadow_enum_value_syntax_but_named_constructor_uses_type_scope ... ok
2026-10-07T00:50:07.1251377Z test namespace_from_and_flat_imports_share_enum_identity_in_constructors_and_patterns ... ok
2026-10-07T00:50:07.1274427Z test native_fragments_reuse_high_enum_aliases_and_export_their_own_enum_identity ... ok
2026-10-07T00:50:07.3478973Z test saved_low_enum_variants_navigate_to_the_opened_file ... ok
2026-10-07T00:50:07.5694897Z test enum_symbols_keep_variant_targets_alias_signatures_and_payload_binding_types ... ok
2026-10-07T00:50:07.5695539Z 
2026-10-07T00:50:07.5696082Z test result: ok. 9 passed; 0 failed; 0 ignored; 0 measured; 0 filtered out; finished in 0.48s
2026-10-07T00:50:07.5696585Z 
2026-10-07T00:50:07.5698339Z [1m[92m     Running[0m tests/enum_parser.rs (target/debug/deps/enum_parser-e07845287aa4b7d0)
2026-10-07T00:50:07.5709474Z 
2026-10-07T00:50:07.5709677Z running 8 tests
2026-10-07T00:50:07.5715958Z test contextual_enum_word_remains_an_identifier_inside_declarations_and_calls ... ok
2026-10-07T00:50:07.5717318Z test enum_constructors_keep_the_existing_expression_forms ... ok
2026-10-07T00:50:07.5721013Z test enum_patterns_keep_qualified_names_and_each_payload_binding_span ... ok
2026-10-07T00:50:07.5722311Z test enums_keep_variant_names_fields_types_and_source_locations ... ok
2026-10-07T00:50:07.5723223Z test enum_payload_types_use_the_existing_nesting_limit ... ok
2026-10-07T00:50:07.5724048Z test invalid_enum_declarations_return_parse_errors ... ok
2026-10-07T00:50:07.5727423Z test patterns_reject_wildcards_nested_matches_and_unnamed_variants ... ok
2026-10-07T00:50:07.5729921Z test result_patterns_preserve_ok_err_and_discard_bindings ... ok
2026-10-07T00:50:07.5730216Z 
2026-10-07T00:50:07.5730590Z test result: ok. 8 passed; 0 failed; 0 ignored; 0 measured; 0 filtered out; finished in 0.00s
2026-10-07T00:50:07.5730981Z 
2026-10-07T00:50:07.5733143Z [1m[92m     Running[0m tests/enum_patterns.rs (target/debug/deps/enum_patterns-dae1b6f4b93036fa)
2026-10-07T00:50:07.5743628Z 
2026-10-07T00:50:07.5743795Z running 1 test
2026-10-07T00:50:07.6578598Z test mutable_enum_patterns_preserve_names_and_compile_without_shorthand_warnings ... ok
2026-10-07T00:50:07.6579280Z 
2026-10-07T00:50:07.6579940Z test result: ok. 1 passed; 0 failed; 0 ignored; 0 measured; 0 filtered out; finished in 0.08s
2026-10-07T00:50:07.6580405Z 
2026-10-07T00:50:07.6582287Z [1m[92m     Running[0m tests/error_routes.rs (target/debug/deps/error_routes-01689560332dacc8)
2026-10-07T00:50:07.6592625Z 
2026-10-07T00:50:07.6592825Z running 2 tests
2026-10-07T00:50:07.6632313Z test existing_data_and_html_http_routes_keep_their_representations ... ok
2026-10-07T00:50:07.6658527Z test private_error_data_is_rejected_at_http_json_boundaries_in_high_and_low ... ok
2026-10-07T00:50:07.6659154Z 
2026-10-07T00:50:07.6659571Z test result: ok. 2 passed; 0 failed; 0 ignored; 0 measured; 0 filtered out; finished in 0.01s
2026-10-07T00:50:07.6660043Z 
2026-10-07T00:50:07.6660767Z [1m[92m     Running[0m tests/expression_contracts.rs (target/debug/deps/expression_contracts-f74ab00400e40145)
2026-10-07T00:50:07.6671493Z 
2026-10-07T00:50:07.6671974Z running 2 tests
2026-10-07T00:50:07.7345735Z test literal_suffixes_preserve_contextual_numeric_types_and_negative_boundaries ... ok
2026-10-07T00:50:07.7584796Z test inferred_i64_literals_keep_their_type_without_a_rust_type_context ... ok
2026-10-07T00:50:07.7585480Z 
2026-10-07T00:50:07.7586065Z test result: ok. 2 passed; 0 failed; 0 ignored; 0 measured; 0 filtered out; finished in 0.09s
2026-10-07T00:50:07.7586450Z 
2026-10-07T00:50:07.7587695Z [1m[92m     Running[0m tests/frontend_contracts.rs (target/debug/deps/frontend_contracts-e0e4b42a10e95be6)
2026-10-07T00:50:07.7598153Z 
2026-10-07T00:50:07.7598357Z running 5 tests
2026-10-07T00:50:07.7623084Z test generic_builtins_and_ordinary_record_constructors_still_roundtrip ... ok
2026-10-07T00:50:07.7641742Z test speculative_index_recovery_preserves_actual_nesting_limits ... ok
2026-10-07T00:50:07.8074164Z test record_constructors_reject_type_arguments_in_high_low_and_symbols ... ok
2026-10-07T00:50:08.4030458Z test lowering_keeps_try_and_await_as_field_and_index_receivers ... ok
2026-10-07T00:50:09.1621160Z test index_lookahead_does_not_accumulate_nesting_across_statements_or_functions ... ok
2026-10-07T00:50:09.1621880Z 
2026-10-07T00:50:09.1622266Z test result: ok. 5 passed; 0 failed; 0 ignored; 0 measured; 0 filtered out; finished in 1.40s
2026-10-07T00:50:09.1622623Z 
2026-10-07T00:50:09.1623994Z [1m[92m     Running[0m tests/graph_html.rs (target/debug/deps/graph_html-60ac215be73c40ea)
2026-10-07T00:50:09.1635712Z 
2026-10-07T00:50:09.1635892Z running 3 tests
2026-10-07T00:50:09.1644858Z test standalone_viewer_keeps_assets_local_and_uses_safe_dom_text ... ok
2026-10-07T00:50:09.1645715Z test only_physical_absolute_sources_receive_encoded_user_action_links ... ok
2026-10-07T00:50:09.1646854Z test hostile_unicode_graph_data_remains_json_and_cannot_close_the_script ... ok
2026-10-07T00:50:09.1647732Z 
2026-10-07T00:50:09.1648097Z test result: ok. 3 passed; 0 failed; 0 ignored; 0 measured; 0 filtered out; finished in 0.00s
2026-10-07T00:50:09.1648449Z 
2026-10-07T00:50:09.1648986Z [1m[92m     Running[0m tests/graph_relations.rs (target/debug/deps/graph_relations-d0b74befc6f1cd90)
2026-10-07T00:50:09.1658294Z 
2026-10-07T00:50:09.1658481Z running 9 tests
2026-10-07T00:50:09.1952606Z test calls_resolve_named_aliases_without_guessing_local_function_values ... ok
2026-10-07T00:50:09.1982322Z test module_imports_are_read_from_loaded_overlay_text ... ok
2026-10-07T00:50:09.2012564Z test module_edges_use_exact_identities_and_recover_empty_flat_imports ... ok
2026-10-07T00:50:09.2072623Z test native_replacements_keep_the_generated_id_and_low_ffi_locations ... ok
2026-10-07T00:50:09.2130337Z test all_views_use_shortest_unique_physical_suffixes_before_filtering ... ok
2026-10-07T00:50:09.2132848Z test checked_standard_and_database_operations_are_boundaries_not_routing_or_table_guesses ... ok
2026-10-07T00:50:09.2159737Z test saved_low_keeps_definition_ids_without_mapping_foreign_modules_to_its_file ... ok
2026-10-07T00:50:09.2165195Z test one_line_low_import_references_do_not_hide_body_uses ... ok
2026-10-07T00:50:09.2407665Z test nested_calls_are_visited_but_class_and_enum_constructors_are_not_calls ... ok
2026-10-07T00:50:09.2408041Z 
2026-10-07T00:50:09.2408406Z test result: ok. 9 passed; 0 failed; 0 ignored; 0 measured; 0 filtered out; finished in 0.07s
2026-10-07T00:50:09.2408750Z 
2026-10-07T00:50:09.2412345Z [1m[92m     Running[0m tests/graph_render.rs (target/debug/deps/graph_render-e8fb42ea610b80bc)
2026-10-07T00:50:09.2421447Z 
2026-10-07T00:50:09.2421688Z running 9 tests
2026-10-07T00:50:09.2427295Z test image_arguments_are_validated_before_starting_a_renderer ... ok
2026-10-07T00:50:09.2428437Z test clustered_edges_reference_declared_nodes_without_group_boundary_duplicates ... ok
2026-10-07T00:50:09.2429222Z test labels_preserve_unicode_without_becoming_diagram_syntax_or_links ... ok
2026-10-07T00:50:09.2429826Z test diagram_order_is_deterministic_and_empty_graphs_are_readable ... ok
2026-10-07T00:50:09.2430679Z test mermaid_literal_hashes_backticks_and_directives_cannot_change_the_render_config ... ok
2026-10-07T00:50:09.2434604Z test process_tests::image_child ... ok
2026-10-07T00:50:09.2442522Z 
2026-10-07T00:50:09.2443188Z running 1 test
2026-10-07T00:50:09.2447434Z test process_tests::image_child ... 
2026-10-07T00:50:09.2448509Z running 1 test
2026-10-07T00:50:09.2449315Z test process_tests::image_child ... 
2026-10-07T00:50:09.2449983Z running 1 test
2026-10-07T00:50:09.2450680Z test process_tests::image_child ... ok
2026-10-07T00:50:09.2451212Z 
2026-10-07T00:50:09.2452263Z test result: ok. 1 passed; 0 failed; 0 ignored; 0 measured; 8 filtered out; finished in 0.00s
2026-10-07T00:50:09.2453108Z 
2026-10-07T00:50:09.2453982Z test process_tests::missing_renderer_explains_installation_and_d2_source_fallback ... ok
2026-10-07T00:50:09.2456750Z ok
2026-10-07T00:50:09.2457210Z 
2026-10-07T00:50:09.2458040Z test result: ok. 1 passed; 0 failed; 0 ignored; 0 measured; 8 filtered out; finished in 0.00s
2026-10-07T00:50:09.2458527Z 
2026-10-07T00:50:09.2458617Z ok
2026-10-07T00:50:09.2458742Z 
2026-10-07T00:50:09.2459248Z test result: ok. 1 passed; 0 failed; 0 ignored; 0 measured; 8 filtered out; finished in 0.00s
2026-10-07T00:50:09.2459912Z 
2026-10-07T00:50:09.2462374Z test process_tests::failed_renderer_reports_stderr_and_removes_its_source ... ok
2026-10-07T00:50:09.2463343Z test process_tests::export_passes_arguments_literally_without_a_shell ... ok
2026-10-07T00:50:09.2464079Z 
2026-10-07T00:50:09.2464696Z test result: ok. 9 passed; 0 failed; 0 ignored; 0 measured; 0 filtered out; finished in 0.00s
2026-10-07T00:50:09.2465254Z 
2026-10-07T00:50:09.2466244Z [1m[92m     Running[0m tests/graph_types.rs (target/debug/deps/graph_types-bbc18e829d263696)
2026-10-07T00:50:09.2476152Z 
2026-10-07T00:50:09.2476313Z running 7 tests
2026-10-07T00:50:09.2544737Z test imported_same_named_types_keep_author_identity_and_original_source_lines ... ok
2026-10-07T00:50:09.2572657Z test focused_depth_is_bounded_on_cycles_and_defaults_to_one_hop ... ok
2026-10-07T00:50:09.2574310Z test ir_deduplicates_and_sorts_without_renderer_syntax_or_losing_isolated_types ... ok
2026-10-07T00:50:09.2692534Z test field_display_limits_do_not_erase_relationships_from_later_fields ... ok
2026-10-07T00:50:09.2765294Z test declarations_preserve_field_variant_wrapper_and_signature_meanings ... ok
2026-10-07T00:50:09.2781206Z test resource_type_arguments_are_dependencies_without_inventing_runtime_instances ... ok
2026-10-07T00:50:09.2793552Z test independent_low_preserves_type_identity_and_reports_its_physical_source ... ok
2026-10-07T00:50:09.2793957Z 
2026-10-07T00:50:09.2794357Z test result: ok. 7 passed; 0 failed; 0 ignored; 0 measured; 0 filtered out; finished in 0.03s
2026-10-07T00:50:09.2794756Z 
2026-10-07T00:50:09.2797423Z [1m[92m     Running[0m tests/http_codegen.rs (target/debug/deps/http_codegen-292d63f421efd16b)
2026-10-07T00:50:09.2807159Z 
2026-10-07T00:50:09.2807308Z running 4 tests
2026-10-07T00:50:09.2887055Z test literal_view_optimization_does_not_change_a_shadowing_owned_function ... ok
2026-10-07T00:50:09.7194735Z test borrowed_http_inspection_and_async_registration_add_no_owned_adapter_work ... ok
2026-10-07T00:50:09.7317436Z test borrow_and_named_mappers_preserve_high_low_codegen ... ok
2026-10-07T00:50:11.5599170Z test borrow_and_named_mapper_registration_execute_native_adapters ... ok
2026-10-07T00:50:11.5599696Z 
2026-10-07T00:50:11.5600073Z test result: ok. 4 passed; 0 failed; 0 ignored; 0 measured; 0 filtered out; finished in 2.28s
2026-10-07T00:50:11.5600576Z 
2026-10-07T00:50:11.5602899Z [1m[92m     Running[0m tests/http_route_conflicts.rs (target/debug/deps/http_route_conflicts-4546fd7364537b3a)
2026-10-07T00:50:11.5613759Z 
2026-10-07T00:50:11.5613916Z running 3 tests
2026-10-07T00:50:11.5628015Z test get_handlers_cannot_replace_builtin_endpoints ... ok
2026-10-07T00:50:11.5650297Z test shared_patterns_distinct_paths_and_literal_braces_remain_available ... ok
2026-10-07T00:50:11.5686135Z test equivalent_capture_paths_are_rejected_even_for_different_methods ... ok
2026-10-07T00:50:11.5686768Z 
2026-10-07T00:50:11.5687700Z test result: ok. 3 passed; 0 failed; 0 ignored; 0 measured; 0 filtered out; finished in 0.01s
2026-10-07T00:50:11.5688323Z 
2026-10-07T00:50:11.5689162Z [1m[92m     Running[0m tests/http_stdlib.rs (target/debug/deps/http_stdlib-22befeabeee8799e)
2026-10-07T00:50:11.5699217Z 
2026-10-07T00:50:11.5699417Z running 15 tests
2026-10-07T00:50:12.1063844Z test handlers_require_exact_async_request_shared_state_and_error_contracts ... ok
2026-10-07T00:50:12.2483206Z test borrowed_option_temporaries_allow_arm_local_use_but_cannot_escape ... ok
2026-10-07T00:50:12.7513106Z test header_views_depend_on_request_owner_and_not_the_name_temporary ... ok
2026-10-07T00:50:13.3143395Z test json_content_type_requires_a_request_and_has_no_generic_arguments ... ok
2026-10-07T00:50:13.6933045Z test apps_validate_generic_arity_owned_state_and_mapper_error_type ... ok
2026-10-07T00:50:13.8383007Z test method_name_views_can_return_from_borrowed_request_parameters ... ok
2026-10-07T00:50:14.5307346Z test optional_header_and_query_views_keep_the_request_borrow_through_match ... ok
2026-10-07T00:50:15.2713083Z test ordinary_classes_and_local_shadows_cannot_impersonate_standard_resources ... ok
2026-10-07T00:50:15.4933325Z test native_method_comparisons_borrow_but_assignment_tracks_request_partial_moves ... ok
2026-10-07T00:50:15.5883085Z test saved_low_cannot_change_registry_identity_or_define_resource_implementations ... ok
2026-10-07T00:50:15.7276376Z test standard_resolution_ignores_cwd_files_and_unsaved_lookalikes ... ok
2026-10-07T00:50:16.1393658Z test standard_aliases_are_registry_resources_and_roundtrip_independently ... ok
2026-10-07T00:50:16.5342949Z test resource_construction_serialization_and_shared_field_moves_fail_before_build ... ok
2026-10-07T00:50:17.2836460Z test resource_references_do_not_acquire_legacy_slice_operations ... ok
2026-10-07T00:50:18.9157133Z test status_method_and_db_free_app_execute_from_high_and_saved_low ... ok
2026-10-07T00:50:18.9157582Z 
2026-10-07T00:50:18.9157994Z test result: ok. 15 passed; 0 failed; 0 ignored; 0 measured; 0 filtered out; finished in 7.35s
2026-10-07T00:50:18.9158448Z 
2026-10-07T00:50:18.9160446Z [1m[92m     Running[0m tests/installation.rs (target/debug/deps/installation-fc1a044672409e09)
2026-10-07T00:50:18.9169754Z 
2026-10-07T00:50:18.9169957Z running 4 tests
2026-10-07T00:50:18.9423777Z test wrong_root_explains_the_distribution_folder_before_calling_cargo ... ok
2026-10-07T00:50:19.0760065Z test linked_distributions_keep_the_seed_until_the_last_owner_drops ... ok
2026-10-07T00:50:19.1088291Z test moved_distribution_builds_an_external_project_with_no_root_override ... ok
2026-10-07T00:50:19.1133790Z test standalone_build_keeps_native_artifacts_in_the_working_directory ... ok
2026-10-07T00:50:19.1134451Z 
2026-10-07T00:50:19.1134922Z test result: ok. 4 passed; 0 failed; 0 ignored; 0 measured; 0 filtered out; finished in 0.20s
2026-10-07T00:50:19.1135472Z 
2026-10-07T00:50:19.1137336Z [1m[92m     Running[0m tests/list_borrow_iteration.rs (target/debug/deps/list_borrow_iteration-a02b17ff8372a16e)
2026-10-07T00:50:19.1147908Z 
2026-10-07T00:50:19.1148103Z running 5 tests
2026-10-07T00:50:19.1232936Z test borrowed_elements_and_their_field_views_cannot_escape ... ok
2026-10-07T00:50:19.1259675Z test borrowed_elements_cannot_move_reassign_or_mutate ... ok
2026-10-07T00:50:19.1352432Z test an_active_element_pins_its_owner_and_aliases ... ok
2026-10-07T00:50:19.3658267Z test symbols_distinguish_borrowed_record_locals_and_fields ... ok
2026-10-07T00:50:19.6358513Z test noncopy_iteration_is_native_and_survives_saved_low ... ok
2026-10-07T00:50:19.6359082Z 
2026-10-07T00:50:19.6359758Z test result: ok. 5 passed; 0 failed; 0 ignored; 0 measured; 0 filtered out; finished in 0.52s
2026-10-07T00:50:19.6360419Z 
2026-10-07T00:50:19.6362977Z [1m[92m     Running[0m tests/list_ownership_inference.rs (target/debug/deps/list_ownership_inference-4710480ae958c968)
2026-10-07T00:50:19.6373507Z 
2026-10-07T00:50:19.6373697Z running 4 tests
2026-10-07T00:50:19.6384508Z test inferred_lists_still_reject_second_moves_and_mixed_element_types ... ok
2026-10-07T00:50:19.6385941Z test explicit_list_element_types_still_contextualize_the_first_literal ... ok
2026-10-07T00:50:19.6405938Z test inferred_list_first_elements_can_move_owned_inputs_once ... ok
2026-10-07T00:50:19.6407117Z test record_list_iteration_accepts_copy_values_and_readonly_noncopy_borrows ... ok
2026-10-07T00:50:19.6407764Z 
2026-10-07T00:50:19.6408223Z test result: ok. 4 passed; 0 failed; 0 ignored; 0 measured; 0 filtered out; finished in 0.00s
2026-10-07T00:50:19.6408774Z 
2026-10-07T00:50:19.6409375Z [1m[92m     Running[0m tests/literal_contracts.rs (target/debug/deps/literal_contracts-219d1997f7fa2515)
2026-10-07T00:50:19.6419730Z 
2026-10-07T00:50:19.6420024Z running 1 test
2026-10-07T00:50:19.7931286Z test strings_preserve_control_characters_through_high_low_and_rust ... ok
2026-10-07T00:50:19.7932054Z 
2026-10-07T00:50:19.7932679Z test result: ok. 1 passed; 0 failed; 0 ignored; 0 measured; 0 filtered out; finished in 0.15s
2026-10-07T00:50:19.7933265Z 
2026-10-07T00:50:19.7934354Z [1m[92m     Running[0m tests/loop_ownership.rs (target/debug/deps/loop_ownership-97ab939b2aef3e4f)
2026-10-07T00:50:19.7945439Z 
2026-10-07T00:50:19.7945710Z running 13 tests
2026-10-07T00:50:19.7980535Z test conditional_reinitialization_needs_every_continuing_path ... ok
2026-10-07T00:50:19.8028096Z test fields_and_nested_fields_cannot_be_consumed_on_later_iterations ... ok
2026-10-07T00:50:19.8320440Z test a_for_iterator_expression_is_evaluated_only_once ... ok
2026-10-07T00:50:19.8473401Z test locals_copy_values_and_borrowed_arguments_are_available_each_iteration ... ok
2026-10-07T00:50:19.8503049Z test owned_values_cannot_be_consumed_on_later_iterations ... ok
2026-10-07T00:50:19.8643722Z test branch_joins_preserve_reassignment_and_return_outside_loops ... ok
2026-10-07T00:50:19.8669189Z test all_continuing_branches_can_restore_a_moved_value ... ok
2026-10-07T00:50:19.8670443Z test standalone_low_rejects_repeated_moves_at_the_original_line ... ok
2026-10-07T00:50:19.8777033Z test nested_loops_are_checked_without_carrying_local_declarations ... ok
2026-10-07T00:50:19.8994755Z test while_conditions_are_checked_on_each_evaluation_and_on_exit ... ok
2026-10-07T00:50:19.9149419Z test zero_iterations_and_loop_bindings_preserve_outer_state ... ok
2026-10-07T00:50:19.9255998Z test reinitialization_before_and_after_a_move_is_allowed ... ok
2026-10-07T00:50:20.0171064Z test return_paths_do_not_repeat_or_consume_values_on_other_paths ... ok
2026-10-07T00:50:20.0171913Z 
2026-10-07T00:50:20.0172328Z test result: ok. 13 passed; 0 failed; 0 ignored; 0 measured; 0 filtered out; finished in 0.22s
2026-10-07T00:50:20.0172693Z 
2026-10-07T00:50:20.0175395Z [1m[92m     Running[0m tests/low_multiline.rs (target/debug/deps/low_multiline-07b5eae9da93d955)
2026-10-07T00:50:20.0186708Z 
2026-10-07T00:50:20.0186909Z running 3 tests
2026-10-07T00:50:20.0194247Z test low_braces_keep_newline_statement_boundaries ... ok
2026-10-07T00:50:20.0220382Z test multiline_errors_keep_physical_source_lines ... ok
2026-10-07T00:50:20.1080520Z test multiline_quote_matches_high_and_runs_as_native_low ... ok
2026-10-07T00:50:20.1080884Z 
2026-10-07T00:50:20.1081307Z test result: ok. 3 passed; 0 failed; 0 ignored; 0 measured; 0 filtered out; finished in 0.09s
2026-10-07T00:50:20.1082090Z 
2026-10-07T00:50:20.1084031Z [1m[92m     Running[0m tests/map_cli.rs (target/debug/deps/map_cli-32b786712c7dbbe4)
2026-10-07T00:50:20.1094052Z 
2026-10-07T00:50:20.1094251Z running 9 tests
2026-10-07T00:50:20.1159366Z test failed_check_points_to_original_source_and_writes_no_map ... ok
2026-10-07T00:50:20.1183115Z test map_preparse_keeps_existing_project_overrides_and_output_path_precedence ... ok
2026-10-07T00:50:20.1320001Z test help_and_argument_errors_do_not_load_a_project_or_mutate_files ... ok
2026-10-07T00:50:20.1376928Z test image_formats_require_output_and_fail_helpfully_without_local_d2 ... ok
2026-10-07T00:50:20.1475378Z test map_output_cannot_overwrite_loaded_input_or_project_configuration ... ok
2026-10-07T00:50:20.1502792Z test project_discovery_reuses_native_replacements_and_extern_resolution ... ok
2026-10-07T00:50:20.1572659Z test namespace_module_filter_and_focus_select_original_definitions ... ok
2026-10-07T00:50:20.1799471Z test map_views_check_high_and_low_without_runtime_or_generated_output ... ok
2026-10-07T00:50:20.1882308Z test text_formats_write_only_requested_output_and_keep_stdout_clean ... ok
2026-10-07T00:50:20.1882647Z 
2026-10-07T00:50:20.1883011Z test result: ok. 9 passed; 0 failed; 0 ignored; 0 measured; 0 filtered out; finished in 0.08s
2026-10-07T00:50:20.1883364Z 
2026-10-07T00:50:20.1886049Z [1m[92m     Running[0m tests/module_emission.rs (target/debug/deps/module_emission-0d41bfde0adaf791)
2026-10-07T00:50:20.1896875Z 
2026-10-07T00:50:20.1897057Z running 8 tests
2026-10-07T00:50:20.1952519Z test legacy_flat_cost_report_keeps_public_function_names ... ok
2026-10-07T00:50:20.1972705Z test inferred_primitive_values_and_a_class_alias_keep_distinct_type_identities ... ok
2026-10-07T00:50:20.2122571Z test qualified_nested_types_emit_internal_names_through_low ... ok
2026-10-07T00:50:20.3235492Z test source_function_names_that_match_foreign_symbols_keep_distinct_call_targets ... ok
2026-10-07T00:50:20.3240365Z test unresolved_high_imports_keep_as_and_from_syntax_in_low ... ok
2026-10-07T00:50:20.3457056Z test source_locals_that_match_generated_symbols_keep_distinct_values ... ok
2026-10-07T00:50:20.3559942Z test independent_low_parser_preserves_module_ids_and_native_function_aliases ... ok
2026-10-07T00:50:21.0306263Z test inferred_builtin_types_survive_module_aliases_low_transport_and_rust_emission ... ok
2026-10-07T00:50:21.0306744Z 
2026-10-07T00:50:21.0307146Z test result: ok. 8 passed; 0 failed; 0 ignored; 0 measured; 0 filtered out; finished in 0.84s
2026-10-07T00:50:21.0307810Z 
2026-10-07T00:50:21.0309238Z [1m[92m     Running[0m tests/module_parser.rs (target/debug/deps/module_parser-d1cf3d886444358b)
2026-10-07T00:50:21.0319434Z 
2026-10-07T00:50:21.0319643Z running 9 tests
2026-10-07T00:50:21.0332698Z test import_forms_keep_original_names_aliases_and_token_spans ... ok
2026-10-07T00:50:21.0333242Z test from_and_as_remain_contextual_identifiers ... ok
2026-10-07T00:50:21.0333769Z test low_metadata_is_read_without_changing_source_spans ... ok
2026-10-07T00:50:21.0334483Z test module_replace_path_remains_a_structured_attribute_value ... ok
2026-10-07T00:50:21.0335550Z test malformed_imports_and_qualified_constructs_keep_parser_errors ... ok
2026-10-07T00:50:21.0336467Z test qualified_types_parse_inside_nested_generics_lists_and_nullable_types ... ok
2026-10-07T00:50:21.0337131Z test qualified_calls_constructors_and_function_values_preserve_semantic_choice ... ok
2026-10-07T00:50:21.0337692Z test qualified_types_respect_existing_nesting_limit ... ok
2026-10-07T00:50:21.0351930Z test qualified_index_lookahead_restores_depth_and_preserves_index_nodes ... ok
2026-10-07T00:50:21.0352287Z 
2026-10-07T00:50:21.0352674Z test result: ok. 9 passed; 0 failed; 0 ignored; 0 measured; 0 filtered out; finished in 0.00s
2026-10-07T00:50:21.0353060Z 
2026-10-07T00:50:21.0354824Z [1m[92m     Running[0m tests/module_symbols.rs (target/debug/deps/module_symbols-3dba9ed5c13a8363)
2026-10-07T00:50:21.0365353Z 
2026-10-07T00:50:21.0365516Z running 5 tests
2026-10-07T00:50:21.4223401Z test local_names_colliding_with_the_entrypoint_keep_source_names_and_navigation ... ok
2026-10-07T00:50:21.4304420Z test saved_low_namespaces_use_the_opened_file_and_rebased_definition_locations ... ok
2026-10-07T00:50:21.4418022Z test module_bindings_export_only_own_definitions_and_share_definition_identity ... ok
2026-10-07T00:50:21.6352840Z test unsaved_imported_buffers_drive_fields_and_shadowed_aliases_use_local_bindings ... ok
2026-10-07T00:50:21.6486892Z test record_and_import_alias_named_option_remain_record_types_in_editor_output ... ok
2026-10-07T00:50:21.6487477Z 
2026-10-07T00:50:21.6487855Z test result: ok. 5 passed; 0 failed; 0 ignored; 0 measured; 0 filtered out; finished in 0.61s
2026-10-07T00:50:21.6488462Z 
2026-10-07T00:50:21.6493137Z [1m[92m     Running[0m tests/modules.rs (target/debug/deps/modules-4a9ee239d68e0bcc)
2026-10-07T00:50:21.6505722Z 
2026-10-07T00:50:21.6505881Z running 32 tests
2026-10-07T00:50:21.6552545Z test alias_imports_keep_cycle_relative_path_and_language_guards ... ok
2026-10-07T00:50:21.6554091Z test conflicting_import_bindings_report_the_import_statement ... ok
2026-10-07T00:50:21.6600428Z test corrupted_low_identity_metadata_cannot_rename_or_invent_definitions ... ok
2026-10-07T00:50:21.6622738Z test aliases_keep_original_source_diagnostics_and_embedded_asset_paths ... ok
2026-10-07T00:50:21.6645332Z test aliases_of_one_function_cannot_be_replaced_twice_across_native_files ... ok
2026-10-07T00:50:21.6716004Z test flat_imported_main_remains_an_entry_but_namespace_imported_main_does_not ... ok
2026-10-07T00:50:21.6772610Z test edited_saved_low_body_resolves_original_aliases_and_maps_only_its_physical_root ... ok
2026-10-07T00:50:21.6862625Z test foreign_functions_keep_their_builtin_scope_when_root_aliases_use_builtin_names ... ok
2026-10-07T00:50:21.7132702Z test high_and_native_modules_can_use_the_same_private_namespace_spelling ... ok
2026-10-07T00:50:21.7162983Z test aliases_from_imports_and_flat_imports_share_the_canonical_class ... ok
2026-10-07T00:50:21.7373044Z test imported_bindings_are_private_but_own_definitions_can_use_them ... ok
2026-10-07T00:50:21.7432736Z test every_explicit_native_root_gets_high_aliases_without_overwriting_own_or_dependency_scopes ... ok
2026-10-07T00:50:21.7614709Z test imported_names_cannot_silently_fall_back_to_builtins_of_a_different_kind ... ok
2026-10-07T00:50:21.7712825Z test legacy_flat_helpers_can_call_root_definitions_without_inheriting_private_aliases ... ok
2026-10-07T00:50:21.7762613Z test guessed_internal_symbols_cannot_bypass_private_imports_in_raw_source ... ok
2026-10-07T00:50:21.7851948Z test legacy_classes_constructors_and_intrinsic_types_keep_their_original_namespaces ... ok
2026-10-07T00:50:21.7997853Z test local_fields_and_function_values_shadow_imports_only_in_their_scope ... ok
2026-10-07T00:50:21.8122669Z test native_main_replacement_keeps_the_generated_identity_and_recursive_target ... ok
2026-10-07T00:50:21.8152570Z test low_alias_syntax_resolves_qualified_record_and_generic_types ... ok
2026-10-07T00:50:21.8180357Z test native_import_aliases_remain_local_while_own_functions_are_available_to_high ... ok
2026-10-07T00:50:21.8249552Z test omitted_unit_returns_keep_builtin_identity_while_explicit_namespace_types_are_rejected ... ok
2026-10-07T00:50:21.8316946Z test namespace_imports_preserve_depth_file_count_and_total_byte_limits ... ok
2026-10-07T00:50:21.8343230Z test renamed_local_main_diagnostics_keep_source_spelling_after_program_is_taken ... ok
2026-10-07T00:50:21.8409627Z test old_flat_imports_keep_transitive_names_and_diamond_deduplication ... ok
2026-10-07T00:50:21.8593265Z test saved_generated_low_can_be_imported_without_reidentifying_its_main ... ok
2026-10-07T00:50:21.8622583Z test same_named_classes_from_different_files_are_distinct_in_all_type_positions ... ok
2026-10-07T00:50:21.8710513Z test qualified_replacements_compare_definition_identity_and_report_low_sources ... ok
2026-10-07T00:50:21.8732996Z test the_checker_rejects_parser_only_alias_imports_until_the_source_loader_resolves_them ... ok
2026-10-07T00:50:21.8855881Z test unsaved_overlays_change_imported_definitions_and_keep_disk_sources_unchanged ... ok
2026-10-07T00:50:21.8857814Z test separate_native_files_can_reuse_a_replacement_declaration_name ... ok
2026-10-07T00:50:22.5808458Z test project_aliases_cross_low_replacement_and_rust_record_bridges_from_an_external_cwd ... ok
2026-10-07T00:50:22.5966378Z test saved_low_flat_and_from_imports_promote_the_original_definition_to_entry ... ok
2026-10-07T00:50:22.5967170Z 
2026-10-07T00:50:22.5967870Z test result: ok. 32 passed; 0 failed; 0 ignored; 0 measured; 0 filtered out; finished in 0.95s
2026-10-07T00:50:22.5968491Z 
2026-10-07T00:50:22.5973625Z [1m[92m     Running[0m tests/nullable_database.rs (target/debug/deps/nullable_database-9cacff2064c4f843)
2026-10-07T00:50:22.5985219Z 
2026-10-07T00:50:22.5985532Z running 4 tests
2026-10-07T00:50:22.6313020Z test unsupported_nullable_payloads_keep_manual_from_row_eligibility ... ok
2026-10-07T00:50:22.7051200Z test raw_numeric_and_bool_field_shadows_keep_manual_row_implementations ... ok
2026-10-07T00:50:36.4691207Z test raw_nullable_classes_can_supply_a_native_sqlite_row_bridge ... ok
2026-10-07T00:50:39.5209971Z test nullable_scalars_read_sqlite_null_and_non_null_rows_in_high_and_saved_low ... ok
2026-10-07T00:50:39.5210638Z 
2026-10-07T00:50:39.5211343Z test result: ok. 4 passed; 0 failed; 0 ignored; 0 measured; 0 filtered out; finished in 16.92s
2026-10-07T00:50:39.5212230Z 
2026-10-07T00:50:39.5215623Z [1m[92m     Running[0m tests/nullable_roundtrip.rs (target/debug/deps/nullable_roundtrip-398bf3f7be57f635)
2026-10-07T00:50:39.5225220Z 
2026-10-07T00:50:39.5225536Z running 1 test
2026-10-07T00:50:39.5999303Z test nested_options_keep_distinct_none_and_some_values_through_independent_low ... ok
2026-10-07T00:50:39.5999965Z 
2026-10-07T00:50:39.6000556Z test result: ok. 1 passed; 0 failed; 0 ignored; 0 measured; 0 filtered out; finished in 0.08s
2026-10-07T00:50:39.6001148Z 
2026-10-07T00:50:39.6002446Z [1m[92m     Running[0m tests/option_match.rs (target/debug/deps/option_match-2e5dc4afaa79680c)
2026-10-07T00:50:39.6012629Z 
2026-10-07T00:50:39.6012783Z running 5 tests
2026-10-07T00:50:39.6025356Z test option_cases_must_be_exhaustive_unique_and_match_the_subject_type ... ok
2026-10-07T00:50:39.6026859Z test option_matching_accepts_discarded_payloads_and_borrowed_string_contents ... ok
2026-10-07T00:50:39.6032233Z test some_patterns_reject_unsupported_payload_shapes_and_none_parentheses ... ok
2026-10-07T00:50:39.6035081Z test option_payload_bindings_obey_move_scope_and_borrow_owner_rules ... ok
2026-10-07T00:50:39.6036230Z test some_and_none_patterns_keep_binding_spans_without_synthetic_none_payload ... ok
2026-10-07T00:50:39.6036738Z 
2026-10-07T00:50:39.6037654Z test result: ok. 5 passed; 0 failed; 0 ignored; 0 measured; 0 filtered out; finished in 0.00s
2026-10-07T00:50:39.6038799Z [1m[92m     Running[0m tests/owned_copy_codegen.rs (target/debug/deps/owned_copy_codegen-abc4d6462ba1735d)
2026-10-07T00:50:39.6039207Z 
2026-10-07T00:50:39.6048169Z 
2026-10-07T00:50:39.6048328Z running 2 tests
2026-10-07T00:50:39.6432572Z test owned_string_and_list_fields_remain_moves ... ok
2026-10-07T00:50:40.1437264Z test owned_scalar_fields_copy_in_native_high_and_independent_low ... ok
2026-10-07T00:50:40.1437882Z 
2026-10-07T00:50:40.1438550Z test result: ok. 2 passed; 0 failed; 0 ignored; 0 measured; 0 filtered out; finished in 0.54s
2026-10-07T00:50:40.1438961Z 
2026-10-07T00:50:40.1440601Z [1m[92m     Running[0m tests/owned_database.rs (target/debug/deps/owned_database-ddc507ded996b7b8)
2026-10-07T00:50:40.1450878Z 
2026-10-07T00:50:40.1451043Z running 2 tests
2026-10-07T00:50:40.1743698Z test owned_wrappers_preserve_unsupported_fields_and_manual_row_eligibility ... ok
2026-10-07T00:50:43.3811099Z test owned_scalars_decode_sqlite_rows_in_high_and_independent_saved_low ... ok
2026-10-07T00:50:43.3811960Z 
2026-10-07T00:50:43.3812473Z test result: ok. 2 passed; 0 failed; 0 ignored; 0 measured; 0 filtered out; finished in 3.24s
2026-10-07T00:50:43.3812982Z 
2026-10-07T00:50:43.3813793Z [1m[92m     Running[0m tests/ownership_boundaries.rs (target/debug/deps/ownership_boundaries-a4418408253bfa57)
2026-10-07T00:50:43.3824552Z 
2026-10-07T00:50:43.3824744Z running 7 tests
2026-10-07T00:50:43.3882511Z test nested_view_containers_cannot_keep_child_scope_owners ... ok
2026-10-07T00:50:43.3932511Z test branch_loop_and_payload_owners_cannot_escape_in_outer_views ... ok
2026-10-07T00:50:43.4360971Z test index_evaluation_holds_the_container_but_releases_it_afterwards ... ok
2026-10-07T00:50:43.4390209Z test copied_iterator_elements_keep_their_own_borrow_depth ... ok
2026-10-07T00:50:43.4877420Z test outer_owners_local_copies_restored_aliases_and_return_paths_remain_valid ... ok
2026-10-07T00:50:43.4889332Z test temporary_iterator_views_cannot_escape_but_body_use_and_static_views_remain_valid ... ok
2026-10-07T00:50:43.5250035Z test static_resource_views_remain_valid_across_branch_scopes ... ok
2026-10-07T00:50:43.5250450Z 
2026-10-07T00:50:43.5250918Z test result: ok. 7 passed; 0 failed; 0 ignored; 0 measured; 0 filtered out; finished in 0.14s
2026-10-07T00:50:43.5251364Z 
2026-10-07T00:50:43.5255275Z [1m[92m     Running[0m tests/ownership_calls.rs (target/debug/deps/ownership_calls-e5fc5b5c3ccafa9c)
2026-10-07T00:50:43.5267506Z 
2026-10-07T00:50:43.5267688Z running 9 tests
2026-10-07T00:50:43.5332857Z test database_receiver_is_borrowed_but_materialized_sql_does_not_extend_its_loan ... ok
2026-10-07T00:50:43.5342937Z test discarded_owned_places_are_consumed_but_copy_and_borrowed_values_remain_available ... ok
2026-10-07T00:50:43.5370298Z test earlier_view_arguments_block_later_moves_in_direct_and_aliased_calls ... ok
2026-10-07T00:50:43.5371041Z test earlier_views_remain_borrowed_while_nested_later_arguments_are_evaluated ... ok
2026-10-07T00:50:43.5372216Z test earlier_list_elements_hold_views_through_later_element_evaluation ... ok
2026-10-07T00:50:43.5372886Z test completed_inner_calls_copies_and_disjoint_owners_do_not_keep_call_loans ... ok
2026-10-07T00:50:43.5405258Z test list_mutation_checks_outer_loans_without_rejecting_two_phase_reads ... ok
2026-10-07T00:50:43.5453737Z test call_conflicts_and_discarded_moves_fail_before_backend_tools_are_needed ... ok
2026-10-07T00:50:43.6672901Z test implicit_standard_references_hold_the_owner_through_later_arguments ... ok
2026-10-07T00:50:43.6673451Z 
2026-10-07T00:50:43.6673839Z test result: ok. 9 passed; 0 failed; 0 ignored; 0 measured; 0 filtered out; finished in 0.14s
2026-10-07T00:50:43.6674500Z 
2026-10-07T00:50:43.6678094Z [1m[92m     Running[0m tests/resource_contract_characterization.rs (target/debug/deps/resource_contract_characterization-65eb694d6c21d101)
2026-10-07T00:50:43.6687615Z 
2026-10-07T00:50:43.6687791Z running 4 tests
2026-10-07T00:50:43.6693804Z test registered_accessors_match_the_complete_inventory ... ok
2026-10-07T00:50:43.6694856Z test registered_resources_match_the_independent_inventory ... ok
2026-10-07T00:50:43.6695876Z test registered_operations_match_signatures_and_passing ... ok
2026-10-07T00:50:43.6696796Z test registered_constants_match_the_complete_inventory ... ok
2026-10-07T00:50:43.6697302Z 
2026-10-07T00:50:43.6697921Z test result: ok. 4 passed; 0 failed; 0 ignored; 0 measured; 0 filtered out; finished in 0.00s
2026-10-07T00:50:43.6698521Z 
2026-10-07T00:50:43.6699390Z [1m[92m     Running[0m tests/result_stdlib.rs (target/debug/deps/result_stdlib-5fe35d8bc338c0c6)
2026-10-07T00:50:43.6708869Z 
2026-10-07T00:50:43.6709072Z running 6 tests
2026-10-07T00:50:43.9283087Z test mapping_moves_input_left_to_right_and_preserves_borrow_origins ... ok
2026-10-07T00:50:43.9857574Z test mapper_contract_errors_fail_before_rust_backend_in_high_and_saved_low ... ok
2026-10-07T00:50:44.0246166Z test try_keeps_exact_error_identity_and_map_error_does_not_reserve_local_names ... ok
2026-10-07T00:50:44.1298985Z test inferred_mapping_keeps_enum_class_aliases_and_borrowed_success_through_saved_low ... ok
2026-10-07T00:50:44.3708808Z test native_success_failure_and_original_cause_survive_high_and_saved_low ... ok
2026-10-07T00:50:45.1897025Z test static_error_labels_avoid_read_allocations_but_keep_owned_results_and_shadowing ... ok
2026-10-07T00:50:45.1897733Z 
2026-10-07T00:50:45.1898424Z test result: ok. 6 passed; 0 failed; 0 ignored; 0 measured; 0 filtered out; finished in 1.52s
2026-10-07T00:50:45.1899024Z 
2026-10-07T00:50:45.1900953Z [1m[92m     Running[0m tests/rust_dependencies.rs (target/debug/deps/rust_dependencies-3c410bf6930d6e99)
2026-10-07T00:50:45.1912336Z 
2026-10-07T00:50:45.1912542Z running 9 tests
2026-10-07T00:50:45.2016694Z test generated_manifest_preserves_legacy_versions_and_every_supported_table_field ... ok
2026-10-07T00:50:45.2073540Z test dependency_paths_follow_the_selected_manifest_with_different_cwd_and_output ... ok
2026-10-07T00:50:45.2082819Z test cli_version_replaces_the_whole_table_and_keeps_alias_collision_checks ... ok
2026-10-07T00:50:45.2112776Z test generated_toml_round_trips_quotes_backslashes_and_newlines_without_extra_tables ... ok
2026-10-07T00:50:45.2454092Z test missing_local_dependency_is_valid_for_check_and_reported_by_cargo_during_build ... ok
2026-10-07T00:50:45.2550337Z test non_utf8_project_paths_check_but_cannot_generate_lossy_dependency_paths ... ok
2026-10-07T00:50:45.2729124Z test invalid_dependency_tables_fail_in_the_public_cli_before_cargo ... ok
2026-10-07T00:50:45.4645124Z test local_package_rename_features_and_disabled_defaults_run_without_registry_dependencies ... ok
2026-10-07T00:50:45.4921181Z test check_and_symbols_accept_dependency_tables_without_cargo_or_checked_out_crates ... ok
2026-10-07T00:50:45.4922079Z 
2026-10-07T00:50:45.4922473Z test result: ok. 9 passed; 0 failed; 0 ignored; 0 measured; 0 filtered out; finished in 0.30s
2026-10-07T00:50:45.4923026Z 
2026-10-07T00:50:45.4924763Z [1m[92m     Running[0m tests/sql_check.rs (target/debug/deps/sql_check-fdaba3bd7a341d5c)
2026-10-07T00:50:45.4935292Z 
2026-10-07T00:50:45.4935490Z running 13 tests
2026-10-07T00:50:45.5253660Z test enabled::a_user_function_named_db_all_is_not_a_builtin_sql_query ... ok
2026-10-07T00:50:45.5434300Z test enabled::dynamic_sql_and_db_exec_are_reported_as_runtime_checks ... ok
2026-10-07T00:50:45.5711898Z test enabled::explicit_project_schema_path_is_relative_to_invocation_directory ... ok
2026-10-07T00:50:45.5872792Z test enabled::aliases_case_reordering_extra_columns_and_reused_numbered_bind_are_valid ... ok
2026-10-07T00:50:45.5932833Z test enabled::imported_queries_report_the_original_module_file_and_line ... ok
2026-10-07T00:50:45.6385066Z test enabled::literal_insert_update_delete_are_prepared_without_executing_queries ... ok
2026-10-07T00:50:45.6446409Z test enabled::bounded_schema_and_query_inputs_fail_before_sql_preparation ... ok
2026-10-07T00:50:45.6652727Z test enabled::schema_and_dialect_are_paired_check_only_options ... ok
2026-10-07T00:50:45.7463130Z test enabled::schema_check_is_opt_in_and_reports_bad_columns_in_high_and_saved_low ... ok
2026-10-07T00:50:45.7684758Z test enabled::helper_statement_kind_and_single_statement_contracts_are_checked ... ok
2026-10-07T00:50:45.7759297Z test enabled::missing_return_columns_and_wrong_bind_count_use_query_source_lines ... ok
2026-10-07T00:50:45.8143412Z test enabled::literal_queries_cannot_change_schema_or_access_external_functions ... ok
2026-10-07T00:50:45.8446327Z test enabled::unsafe_schema_operations_cannot_create_or_modify_external_files ... ok
2026-10-07T00:50:45.8446704Z 
2026-10-07T00:50:45.8447089Z test result: ok. 13 passed; 0 failed; 0 ignored; 0 measured; 0 filtered out; finished in 0.35s
2026-10-07T00:50:45.8447466Z 
2026-10-07T00:50:45.8450321Z [1m[92m     Running[0m tests/static_callback_views.rs (target/debug/deps/static_callback_views-a1e0a317027a5fdc)
2026-10-07T00:50:45.8459943Z 
2026-10-07T00:50:45.8460111Z running 3 tests
2026-10-07T00:50:45.8468654Z test input_bound_callback_results_still_borrow_their_actual_inputs ... ok
2026-10-07T00:50:45.8477228Z test static_outputs_do_not_allow_local_or_owned_parameter_borrows ... ok
2026-10-07T00:50:47.2673059Z test static_callbacks_keep_their_origins_and_independent_lifetime_scopes_in_high_and_low ... ok
2026-10-07T00:50:47.2673761Z 
2026-10-07T00:50:47.2674350Z test result: ok. 3 passed; 0 failed; 0 ignored; 0 measured; 0 filtered out; finished in 1.42s
2026-10-07T00:50:47.2674951Z 
2026-10-07T00:50:47.2676144Z [1m[92m     Running[0m tests/stdlib_imports.rs (target/debug/deps/stdlib_imports-05d7cccd877d3070)
2026-10-07T00:50:47.2686033Z 
2026-10-07T00:50:47.2686221Z running 12 tests
2026-10-07T00:50:47.2694817Z test comma_separated_from_imports_preserve_each_name_alias_and_source_span ... ok
2026-10-07T00:50:47.2892276Z test constant_fields_and_function_aliases_resolve_without_ignoring_local_shadowing ... ok
2026-10-07T00:50:47.2922896Z test malformed_standard_imports_do_not_fall_back_to_file_lookup ... ok
2026-10-07T00:50:47.2932942Z test low_metadata_cannot_forge_standard_ids_or_implement_registry_functions ... ok
2026-10-07T00:50:47.2935248Z test parser_distinguishes_standard_names_from_quoted_files_and_keeps_alias_spans ... ok
2026-10-07T00:50:47.2952576Z test from_list_reuses_existing_conflict_and_same_definition_rules ... ok
2026-10-07T00:50:47.2973039Z test low_metadata_rejects_native_paths_capabilities_and_unimported_canonical_names ... ok
2026-10-07T00:50:47.3206143Z test registered_resources_and_functions_are_separate_from_source_definitions ... ok
2026-10-07T00:50:47.3357541Z test standard_imports_ignore_local_lookalikes_and_unsaved_overlays ... ok
2026-10-07T00:50:47.5923762Z test repeated_standard_imports_do_not_shift_registry_declaration_lines ... ok
2026-10-07T00:50:47.6265817Z test multiple_from_aliases_keep_registry_identity_in_independently_loaded_low ... ok
2026-10-07T00:50:47.6337114Z test saved_low_keeps_registry_identity_without_standard_source_files ... ok
2026-10-07T00:50:47.6337684Z 
2026-10-07T00:50:47.6338122Z test result: ok. 12 passed; 0 failed; 0 ignored; 0 measured; 0 filtered out; finished in 0.37s
2026-10-07T00:50:47.6338526Z 
2026-10-07T00:50:47.6341310Z [1m[92m     Running[0m tests/symbols.rs (target/debug/deps/symbols-1e490a743f87a1b5)
2026-10-07T00:50:47.6353705Z 
2026-10-07T00:50:47.6353878Z running 21 tests
2026-10-07T00:50:47.6370287Z test editor_input_rejects_invalid_schema_alias_duplicates_and_other_commands ... ok
2026-10-07T00:50:48.0793017Z test actual_symbols_command_resolves_transitive_imports_and_utf16_columns ... ok
2026-10-07T00:50:48.0922867Z test editor_buffers_update_imported_and_low_signatures_without_writing_files ... ok
2026-10-07T00:50:48.1252862Z test expression_ranges_cover_multiline_receivers_and_do_not_unwrap_results ... ok
2026-10-07T00:50:48.5168111Z test failed_iterator_mutation_does_not_leak_a_loan_or_move_into_editor_types ... ok
2026-10-07T00:50:48.5182535Z test duplicate_let_and_case_bindings_cannot_replace_an_outer_definition ... ok
2026-10-07T00:50:48.5322879Z test imported_and_native_types_use_unsaved_buffers_and_utf16_ranges ... ok
2026-10-07T00:50:48.5872606Z test inferred_locals_parameters_and_loop_bindings_obey_exact_scopes ... ok
2026-10-07T00:50:48.9432968Z test invalid_signatures_do_not_generate_guessed_local_types ... ok
2026-10-07T00:50:48.9882867Z test local_call_and_function_value_navigation_use_the_resolved_binding ... ok
2026-10-07T00:50:49.0480922Z test local_navigation_preserves_binding_identity_across_reassignments_and_scopes ... ok
2026-10-07T00:50:49.3993602Z test low_records_replacements_and_same_line_bindings_keep_their_source_positions ... ok
2026-10-07T00:50:49.4421334Z test match_payloads_and_child_locals_do_not_escape_their_arm ... ok
2026-10-07T00:50:49.5072556Z test moved_values_and_scope_locals_have_no_later_inferred_type ... ok
2026-10-07T00:50:49.8444915Z test native_low_symbols_and_calls_inside_match_keep_original_files ... ok
2026-10-07T00:50:49.9624125Z test navigation_resolves_case_and_scope_bindings_without_leaking_them ... ok
2026-10-07T00:50:50.2942786Z test navigation_uses_unsaved_import_and_low_replacement_positions_in_utf16 ... ok
2026-10-07T00:50:50.3192017Z test navigation_is_available_after_moves_and_invalid_types_but_not_before_binding ... ok
2026-10-07T00:50:50.4475429Z test partial_moves_do_not_infer_invalid_bindings_or_hide_unmoved_fields ... ok
2026-10-07T00:50:50.4521805Z test local_function_value_uses_have_hover_types_without_replacing_global_signatures ... ok
2026-10-07T00:50:50.5388115Z test symbols_work_despite_type_errors_and_distinguish_fields_locals_and_calls ... ok
2026-10-07T00:50:50.5388744Z 
2026-10-07T00:50:50.5389387Z test result: ok. 21 passed; 0 failed; 0 ignored; 0 measured; 0 filtered out; finished in 2.90s
2026-10-07T00:50:50.5390045Z 
2026-10-07T00:50:50.5392771Z [1m[92m     Running[0m tests/typed_errors.rs (target/debug/deps/typed_errors-eb6d550faa522ae3)
2026-10-07T00:50:50.5405730Z 
2026-10-07T00:50:50.5405929Z running 15 tests
2026-10-07T00:50:50.5908216Z test diagnostic_cause_containers_are_rejected_by_json_serialization ... ok
2026-10-07T00:50:50.5909999Z test direct_parser_builtin_enum_names_require_canonical_source_loading ... ok
2026-10-07T00:50:51.0302405Z test builtin_error_causes_survive_wrapping_without_json_or_database_requirements ... ok
2026-10-07T00:50:51.0924748Z test enum_constructors_reject_unknown_variants_wrong_arity_and_wrong_payload_types ... ok
2026-10-07T00:50:51.1570511Z test enum_matches_require_exhaustive_unique_matching_variants_and_payload_bindings ... ok
2026-10-07T00:50:51.1958703Z test enum_payload_moves_and_borrowed_views_cannot_escape_match_arms ... ok
2026-10-07T00:50:51.9451889Z test async_custom_errors_propagate_the_same_enum_through_await_and_try ... ok
2026-10-07T00:50:51.9875869Z test fail_and_try_reject_implicit_conversion_between_custom_error_types ... ok
2026-10-07T00:50:52.4603114Z test class_errors_keep_context_nested_results_same_error_try_and_explicit_conversion ... ok
2026-10-07T00:51:00.2872338Z test entry_result_errors_keep_exit_status_through_owned_wrappers_and_async_saved_low ... ok
2026-10-07T00:51:00.3346572Z test same_named_module_enums_are_distinct_error_types_for_try_and_patterns ... ok
2026-10-07T00:51:00.7752462Z test enums_construct_match_owned_payloads_and_preserve_copy_variants ... ok
2026-10-07T00:51:01.1739604Z test file_loaded_builtin_spelled_enums_keep_literal_types_and_variant_identity ... ok
2026-10-07T00:51:01.6093591Z test module_aliases_share_enum_error_identity_and_keep_qualified_variants ... ok
2026-10-07T00:51:03.1910567Z test scope_enum_conversion_requires_the_explicit_rust_bridge_and_keeps_the_owned_cause ... ok
2026-10-07T00:51:03.1911206Z 
2026-10-07T00:51:03.1912247Z test result: ok. 15 passed; 0 failed; 0 ignored; 0 measured; 0 filtered out; finished in 12.65s
2026-10-07T00:51:03.1913198Z 
2026-10-07T00:51:03.1917370Z [1m[92m     Running[0m tests/view_iteration.rs (target/debug/deps/view_iteration-b2f4172974e6cd43)
2026-10-07T00:51:03.1928649Z 
2026-10-07T00:51:03.1929037Z running 3 tests
2026-10-07T00:51:03.1943197Z test string_views_reject_iteration_and_numeric_indexing_in_high_and_low ... ok
2026-10-07T00:51:03.2066895Z test native_resource_views_still_reject_iteration ... ok
2026-10-07T00:51:03.3889608Z test byte_views_use_u8_and_preserve_nested_views_and_owned_element_slices ... ok
2026-10-07T00:51:03.3889993Z 
2026-10-07T00:51:03.3890419Z test result: ok. 3 passed; 0 failed; 0 ignored; 0 measured; 0 filtered out; finished in 0.20s
2026-10-07T00:51:03.3890847Z 
2026-10-07T00:51:03.3893509Z [1m[92m     Running[0m tests/view_parameter_rebinding.rs (target/debug/deps/view_parameter_rebinding-2971ff6ac99100cc)
2026-10-07T00:51:03.3903577Z 
2026-10-07T00:51:03.3903744Z running 5 tests
2026-10-07T00:51:03.3921905Z test rebinding_is_synthetic_and_does_not_change_signatures_or_extern_wrappers ... ok
2026-10-07T00:51:03.3923217Z test local_borrows_still_cannot_escape_through_reassigned_parameters ... ok
2026-10-07T00:51:03.6739347Z test local_parameter_updates_compile_and_run_in_high_and_saved_low ... ok
2026-10-07T00:51:03.7980413Z test owning_parameters_keep_their_drop_order_when_a_view_container_is_rebound ... ok
2026-10-07T00:51:04.0279004Z test views_of_owned_record_fields_can_be_used_locally_through_parameters ... ok
2026-10-07T00:51:04.0279499Z 
2026-10-07T00:51:04.0279943Z test result: ok. 5 passed; 0 failed; 0 ignored; 0 measured; 0 filtered out; finished in 0.64s
2026-10-07T00:51:04.0302769Z 
2026-10-07T00:51:04.0332252Z ##[group]Run node --test editors/vscode-nagi/test/*.test.js scripts/test_graph_html_viewport.mjs
2026-10-07T00:51:04.0332981Z [36;1mnode --test editors/vscode-nagi/test/*.test.js scripts/test_graph_html_viewport.mjs[0m
2026-10-07T00:51:04.0395482Z shell: /usr/bin/bash --noprofile --norc -e -o pipefail {0}
2026-10-07T00:51:04.0395842Z env:
2026-10-07T00:51:04.0396140Z   NAGI_FAILURE_DIR: /home/runner/work/Nagi/Nagi/build/compiler-failures
2026-10-07T00:51:04.0396526Z   CARGO_HOME: /home/runner/.cargo
2026-10-07T00:51:04.0396776Z   CARGO_INCREMENTAL: 0
2026-10-07T00:51:04.0396999Z   CARGO_TERM_COLOR: always
2026-10-07T00:51:04.0397289Z   pythonLocation: /opt/hostedtoolcache/Python/3.12.15/x64
2026-10-07T00:51:04.0397707Z   PKG_CONFIG_PATH: /opt/hostedtoolcache/Python/3.12.15/x64/lib/pkgconfig
2026-10-07T00:51:04.0398116Z   Python_ROOT_DIR: /opt/hostedtoolcache/Python/3.12.15/x64
2026-10-07T00:51:04.0398490Z   Python2_ROOT_DIR: /opt/hostedtoolcache/Python/3.12.15/x64
2026-10-07T00:51:04.0398968Z   Python3_ROOT_DIR: /opt/hostedtoolcache/Python/3.12.15/x64
2026-10-07T00:51:04.0399351Z   LD_LIBRARY_PATH: /opt/hostedtoolcache/Python/3.12.15/x64/lib
2026-10-07T00:51:04.0399672Z ##[endgroup]
2026-10-07T00:51:04.2582961Z TAP version 13
2026-10-07T00:51:04.3096441Z # Subtest: Actor and Turn snippets preserve all three registered type parameters
2026-10-07T00:51:04.3122850Z ok 1 - Actor and Turn snippets preserve all three registered type parameters
2026-10-07T00:51:04.3129189Z   ---
2026-10-07T00:51:04.3129769Z   duration_ms: 4.626205
2026-10-07T00:51:04.3130338Z   type: 'test'
2026-10-07T00:51:04.3130828Z   ...
2026-10-07T00:51:04.3132043Z # Subtest: same-name standard options retain their owning namespace and return type
2026-10-07T00:51:04.3133422Z ok 2 - same-name standard options retain their owning namespace and return type
2026-10-07T00:51:04.3134274Z   ---
2026-10-07T00:51:04.3134748Z   duration_ms: 1.801369
2026-10-07T00:51:04.3135275Z   type: 'test'
2026-10-07T00:51:04.3135773Z   ...
2026-10-07T00:51:04.3136631Z # Subtest: both module catalogs complete imports without merging their members
2026-10-07T00:51:04.3137811Z ok 3 - both module catalogs complete imports without merging their members
2026-10-07T00:51:04.3138654Z   ---
2026-10-07T00:51:04.3139136Z   duration_ms: 2.192588
2026-10-07T00:51:04.3140081Z   type: 'test'
2026-10-07T00:51:04.3140567Z   ...
2026-10-07T00:51:04.9019000Z # Subtest: real nagi actor symbols separate modules and preserve three-parameter handles
2026-10-07T00:51:04.9020688Z ok 4 - real nagi actor symbols separate modules and preserve three-parameter handles
2026-10-07T00:51:04.9021987Z   ---
2026-10-07T00:51:04.9022509Z   duration_ms: 606.574314
2026-10-07T00:51:04.9023026Z   type: 'test'
2026-10-07T00:51:04.9023541Z   ...
2026-10-07T00:51:05.6127339Z # Subtest: real low actor symbols separate modules and preserve three-parameter handles
2026-10-07T00:51:05.6152767Z ok 5 - real low actor symbols separate modules and preserve three-parameter handles
2026-10-07T00:51:05.6191916Z   ---
2026-10-07T00:51:05.6192539Z   duration_ms: 711.253938
2026-10-07T00:51:05.6192972Z   type: 'test'
2026-10-07T00:51:05.6193308Z   ...
2026-10-07T00:51:05.9163407Z # Subtest: unsaved actor dependency constants keep their own source without writing or building
2026-10-07T00:51:05.9165023Z ok 6 - unsaved actor dependency constants keep their own source without writing or building
2026-10-07T00:51:05.9165936Z   ---
2026-10-07T00:51:05.9166343Z   duration_ms: 305.475867
2026-10-07T00:51:05.9166991Z   type: 'test'
2026-10-07T00:51:05.9167443Z   ...
2026-10-07T00:51:05.9313119Z # Subtest: nagi borrowed loop locals keep their declared type and bare insertion
2026-10-07T00:51:05.9329084Z ok 7 - nagi borrowed loop locals keep their declared type and bare insertion
2026-10-07T00:51:05.9330100Z   ---
2026-10-07T00:51:05.9330629Z   duration_ms: 8.389179
2026-10-07T00:51:05.9331169Z   type: 'test'
2026-10-07T00:51:05.9331892Z   ...
2026-10-07T00:51:05.9333297Z # Subtest: nagi owned and read-only-only locals retain their existing presentation
2026-10-07T00:51:05.9334608Z ok 8 - nagi owned and read-only-only locals retain their existing presentation
2026-10-07T00:51:05.9335451Z   ---
2026-10-07T00:51:05.9335993Z   duration_ms: 0.755408
2026-10-07T00:51:05.9336675Z   type: 'test'
2026-10-07T00:51:05.9337516Z   ...
2026-10-07T00:51:05.9338472Z # Subtest: nagi borrowed receiver fields preserve the compiler read-only contract
2026-10-07T00:51:05.9339869Z ok 9 - nagi borrowed receiver fields preserve the compiler read-only contract
2026-10-07T00:51:05.9340736Z   ---
2026-10-07T00:51:05.9341230Z   duration_ms: 1.218983
2026-10-07T00:51:05.9342063Z   type: 'test'
2026-10-07T00:51:05.9342559Z   ...
2026-10-07T00:51:05.9343420Z # Subtest: low borrowed loop locals keep their declared type and bare insertion
2026-10-07T00:51:05.9344636Z ok 10 - low borrowed loop locals keep their declared type and bare insertion
2026-10-07T00:51:05.9345435Z   ---
2026-10-07T00:51:05.9345897Z   duration_ms: 1.496009
2026-10-07T00:51:05.9346444Z   type: 'test'
2026-10-07T00:51:05.9346909Z   ...
2026-10-07T00:51:05.9347768Z # Subtest: low owned and read-only-only locals retain their existing presentation
2026-10-07T00:51:05.9348982Z ok 11 - low owned and read-only-only locals retain their existing presentation
2026-10-07T00:51:05.9349779Z   ---
2026-10-07T00:51:05.9350250Z   duration_ms: 0.663076
2026-10-07T00:51:05.9350768Z   type: 'test'
2026-10-07T00:51:05.9351228Z   ...
2026-10-07T00:51:05.9352495Z # Subtest: low borrowed receiver fields preserve the compiler read-only contract
2026-10-07T00:51:05.9353650Z ok 12 - low borrowed receiver fields preserve the compiler read-only contract
2026-10-07T00:51:05.9354324Z   ---
2026-10-07T00:51:05.9354655Z   duration_ms: 0.677132
2026-10-07T00:51:05.9355020Z   type: 'test'
2026-10-07T00:51:05.9355334Z   ...
2026-10-07T00:51:05.9356055Z # Subtest: Windows diagnostics preserve the drive and convert to zero-based line
2026-10-07T00:51:05.9357137Z ok 13 - Windows diagnostics preserve the drive and convert to zero-based line
2026-10-07T00:51:05.9357783Z   ---
2026-10-07T00:51:05.9358097Z   duration_ms: 2.379536
2026-10-07T00:51:05.9358469Z   type: 'test'
2026-10-07T00:51:05.9358784Z   ...
2026-10-07T00:51:05.9359531Z # Subtest: symbol positions use UTF-16 ranges and exclude whitespace and other files
2026-10-07T00:51:05.9514412Z ok 14 - symbol positions use UTF-16 ranges and exclude whitespace and other files
2026-10-07T00:51:05.9542255Z   ---
2026-10-07T00:51:05.9572186Z   duration_ms: 1.420418
2026-10-07T00:51:05.9572909Z   type: 'test'
2026-10-07T00:51:05.9602198Z   ...
2026-10-07T00:51:05.9632653Z # Subtest: Low integration errors and process errors have usable fallback locations
2026-10-07T00:51:05.9662620Z ok 15 - Low integration errors and process errors have usable fallback locations
2026-10-07T00:51:05.9663585Z   ---
2026-10-07T00:51:05.9692232Z   duration_ms: 0.38089
2026-10-07T00:51:05.9722130Z   type: 'test'
2026-10-07T00:51:05.9756008Z   ...
2026-10-07T00:51:05.9757537Z # Subtest: Rust arguments remain separate and long Windows paths normalize
2026-10-07T00:51:05.9782579Z ok 16 - Rust arguments remain separate and long Windows paths normalize
2026-10-07T00:51:05.9812220Z   ---
2026-10-07T00:51:05.9842115Z   duration_ms: 0.326889
2026-10-07T00:51:05.9842829Z   type: 'test'
2026-10-07T00:51:05.9872188Z   ...
2026-10-07T00:51:05.9902666Z # Subtest: diagnostic file identities resolve symlinks and Windows path spelling
2026-10-07T00:51:05.9932484Z ok 17 - diagnostic file identities resolve symlinks and Windows path spelling
2026-10-07T00:51:05.9933440Z   ---
2026-10-07T00:51:05.9962202Z   duration_ms: 2.262558
2026-10-07T00:51:05.9992190Z   type: 'test'
2026-10-07T00:51:06.0022078Z   ...
2026-10-07T00:51:06.0023121Z # Subtest: task matcher accepts Nagi frontend and mapped backend positions only
2026-10-07T00:51:06.0052628Z ok 18 - task matcher accepts Nagi frontend and mapped backend positions only
2026-10-07T00:51:06.0082022Z   ---
2026-10-07T00:51:06.0092242Z   duration_ms: 1.132571
2026-10-07T00:51:06.0097153Z   type: 'test'
2026-10-07T00:51:06.0097679Z   ...
2026-10-07T00:51:06.0098615Z # Subtest: files and native paths are individual arguments with isolated check output
2026-10-07T00:51:06.0099908Z ok 19 - files and native paths are individual arguments with isolated check output
2026-10-07T00:51:06.0100739Z   ---
2026-10-07T00:51:06.0101226Z   duration_ms: 1.193916
2026-10-07T00:51:06.0101972Z   type: 'test'
2026-10-07T00:51:06.0102455Z   ...
2026-10-07T00:51:06.0103387Z # Subtest: configured compiler paths are workspace relative; PATH remains a fallback
2026-10-07T00:51:06.0104695Z ok 20 - configured compiler paths are workspace relative; PATH remains a fallback
2026-10-07T00:51:06.0105551Z   ---
2026-10-07T00:51:06.0106027Z   duration_ms: 0.531761
2026-10-07T00:51:06.0106546Z   type: 'test'
2026-10-07T00:51:06.0107013Z   ...
2026-10-07T00:51:06.0107792Z # Subtest: compiler execution does not interpret shell metacharacters
2026-10-07T00:51:06.0108885Z ok 21 - compiler execution does not interpret shell metacharacters
2026-10-07T00:51:06.0109629Z   ---
2026-10-07T00:51:06.0110098Z   duration_ms: 41.929177
2026-10-07T00:51:06.0110621Z   type: 'test'
2026-10-07T00:51:06.0111087Z   ...
2026-10-07T00:51:06.0111960Z # Subtest: real Nagi checker diagnoses a source error
2026-10-07T00:51:06.0112826Z ok 22 - real Nagi checker diagnoses a source error
2026-10-07T00:51:06.0113487Z   ---
2026-10-07T00:51:06.0113948Z   duration_ms: 6.230726
2026-10-07T00:51:06.0114456Z   type: 'test'
2026-10-07T00:51:06.0114917Z   ...
2026-10-07T00:51:06.0115645Z # Subtest: missing compiler is reported as an execution problem
2026-10-07T00:51:06.0116629Z ok 23 - missing compiler is reported as an execution problem
2026-10-07T00:51:06.0117392Z   ---
2026-10-07T00:51:06.0117851Z   duration_ms: 2.85345
2026-10-07T00:51:06.0118355Z   type: 'test'
2026-10-07T00:51:06.0118819Z   ...
2026-10-07T00:51:06.0119554Z # Subtest: timed out checker is reported as an execution problem
2026-10-07T00:51:06.0120547Z ok 24 - timed out checker is reported as an execution problem
2026-10-07T00:51:06.0121245Z   ---
2026-10-07T00:51:06.0121908Z   duration_ms: 255.106805
2026-10-07T00:51:06.0122450Z   type: 'test'
2026-10-07T00:51:06.0122922Z   ...
2026-10-07T00:51:06.0123847Z # Subtest: nearest manifest wins and project arguments delegate entry selection to nagic
2026-10-07T00:51:06.0125443Z ok 25 - nearest manifest wins and project arguments delegate entry selection to nagic
2026-10-07T00:51:06.0126297Z   ---
2026-10-07T00:51:06.0126763Z   duration_ms: 0.999774
2026-10-07T00:51:06.0127282Z   type: 'test'
2026-10-07T00:51:06.0127738Z   ...
2026-10-07T00:51:06.0128740Z # Subtest: real checker resolves a helper through its manifest entry rather than checking it alone
2026-10-07T00:51:06.0130206Z ok 26 - real checker resolves a helper through its manifest entry rather than checking it alone
2026-10-07T00:51:06.0131110Z   ---
2026-10-07T00:51:06.0131761Z   duration_ms: 7.157964
2026-10-07T00:51:06.0132303Z   type: 'test'
2026-10-07T00:51:06.0132848Z   ...
2026-10-07T00:51:06.0133727Z # Subtest: real symbol query navigates from a helper to its entry-defined function
2026-10-07T00:51:06.0134967Z ok 27 - real symbol query navigates from a helper to its entry-defined function
2026-10-07T00:51:06.0135767Z   ---
2026-10-07T00:51:06.0136405Z   duration_ms: 174.23436
2026-10-07T00:51:06.0137015Z   type: 'test'
2026-10-07T00:51:06.0137486Z   ...
2026-10-07T00:51:06.0138427Z # Subtest: enum completion includes own/imported type namespaces and never bare variants
2026-10-07T00:51:06.0139782Z ok 28 - enum completion includes own/imported type namespaces and never bare variants
2026-10-07T00:51:06.0140648Z   ---
2026-10-07T00:51:06.0141112Z   duration_ms: 8.470243
2026-10-07T00:51:06.0141821Z   type: 'test'
2026-10-07T00:51:06.0142318Z   ...
2026-10-07T00:51:06.0143136Z # Subtest: enum type positions offer enum types and exclude variant values
2026-10-07T00:51:06.0144261Z ok 29 - enum type positions offer enum types and exclude variant values
2026-10-07T00:51:06.0145024Z   ---
2026-10-07T00:51:06.0145687Z   duration_ms: 1.199947
2026-10-07T00:51:06.0146237Z   type: 'test'
2026-10-07T00:51:06.0146707Z   ...
2026-10-07T00:51:06.0147821Z # Subtest: unit/payload variant hover and payload signatures preserve alias-qualified spelling
2026-10-07T00:51:06.0149250Z ok 30 - unit/payload variant hover and payload signatures preserve alias-qualified spelling
2026-10-07T00:51:06.0150162Z   ---
2026-10-07T00:51:06.0150628Z   duration_ms: 1.699248
2026-10-07T00:51:06.0151141Z   type: 'test'
2026-10-07T00:51:06.0151800Z   ...
2026-10-07T00:51:06.0152803Z # Subtest: nested variant declaration references resolve hover and F12 without exporting names
2026-10-07T00:51:06.0154231Z ok 31 - nested variant declaration references resolve hover and F12 without exporting names
2026-10-07T00:51:06.0155132Z   ---
2026-10-07T00:51:06.0155591Z   duration_ms: 1.791309
2026-10-07T00:51:06.0156143Z   type: 'test'
2026-10-07T00:51:06.0156607Z   ...
2026-10-07T00:51:06.0157470Z # Subtest: lexical values that shadow enum/module roots suppress type namespaces
2026-10-07T00:51:06.0158689Z ok 32 - lexical values that shadow enum/module roots suppress type namespaces
2026-10-07T00:51:06.0159488Z   ---
2026-10-07T00:51:06.0159945Z   duration_ms: 3.097865
2026-10-07T00:51:06.0172747Z   type: 'test'
2026-10-07T00:51:06.0173406Z   ...
2026-10-07T00:51:06.0174379Z # Subtest: typed failure help exposes an error value without requiring builtin Error
2026-10-07T00:51:06.0175684Z ok 33 - typed failure help exposes an error value without requiring builtin Error
2026-10-07T00:51:06.0176520Z   ---
2026-10-07T00:51:06.0177003Z   duration_ms: 0.678775
2026-10-07T00:51:06.0177534Z   type: 'test'
2026-10-07T00:51:06.0178005Z   ...
2026-10-07T00:51:06.0178907Z # Subtest: Result patterns have completion hover and argument help only after case
2026-10-07T00:51:06.0180163Z ok 34 - Result patterns have completion hover and argument help only after case
2026-10-07T00:51:06.0180986Z   ---
2026-10-07T00:51:06.0181452Z   duration_ms: 1.618617
2026-10-07T00:51:06.0182202Z   type: 'test'
2026-10-07T00:51:06.0182680Z   ...
2026-10-07T00:51:06.0183740Z # Subtest: real nagi enum symbols preserve aliases, payload help and declaration targets
2026-10-07T00:51:06.0185075Z ok 35 - real nagi enum symbols preserve aliases, payload help and declaration targets
2026-10-07T00:51:06.0186207Z   ---
2026-10-07T00:51:06.0186681Z   duration_ms: 116.505046
2026-10-07T00:51:06.0187212Z   type: 'test'
2026-10-07T00:51:06.0187687Z   ...
2026-10-07T00:51:06.0188644Z # Subtest: real low enum symbols preserve aliases, payload help and declaration targets
2026-10-07T00:51:06.0189948Z ok 36 - real low enum symbols preserve aliases, payload help and declaration targets
2026-10-07T00:51:06.0190796Z   ---
2026-10-07T00:51:06.0191264Z   duration_ms: 101.85282
2026-10-07T00:51:06.0192005Z   type: 'test'
2026-10-07T00:51:06.0192482Z   ...
2026-10-07T00:51:06.0193417Z # Subtest: unsaved enum changes update payloads and F12 without writing source or building
2026-10-07T00:51:06.0194776Z ok 37 - unsaved enum changes update payloads and F12 without writing source or building
2026-10-07T00:51:06.0195644Z   ---
2026-10-07T00:51:06.0196112Z   duration_ms: 106.213119
2026-10-07T00:51:06.0196647Z   type: 'test'
2026-10-07T00:51:06.0197110Z   ...
2026-10-07T00:51:06.0198226Z # Subtest: hover preserves declared async/nullable types and class fields but skips locals, members and comments
2026-10-07T00:51:06.0199903Z ok 38 - hover preserves declared async/nullable types and class fields but skips locals, members and comments
2026-10-07T00:51:06.0200897Z   ---
2026-10-07T00:51:06.0201362Z   duration_ms: 2.592423
2026-10-07T00:51:06.0202142Z   type: 'test'
2026-10-07T00:51:06.0202619Z   ...
2026-10-07T00:51:06.0203664Z # Subtest: completion works on incomplete prefixes and inserts positional calls or named class fields
2026-10-07T00:51:06.0205194Z ok 39 - completion works on incomplete prefixes and inserts positional calls or named class fields
2026-10-07T00:51:06.0206129Z   ---
2026-10-07T00:51:06.0206791Z   duration_ms: 1.538207
2026-10-07T00:51:06.0207350Z   type: 'test'
2026-10-07T00:51:06.0207820Z   ...
2026-10-07T00:51:06.0208721Z # Subtest: type positions offer classes and type constructors rather than value calls
2026-10-07T00:51:06.0210012Z ok 40 - type positions offer classes and type constructors rather than value calls
2026-10-07T00:51:06.0210858Z   ---
2026-10-07T00:51:06.0211334Z   duration_ms: 2.47306
2026-10-07T00:51:06.0212055Z   type: 'test'
2026-10-07T00:51:06.0212529Z   ...
2026-10-07T00:51:06.0213478Z # Subtest: a class named Future completes as its declared type rather than a generic builtin
2026-10-07T00:51:06.0214834Z ok 41 - a class named Future completes as its declared type rather than a generic builtin
2026-10-07T00:51:06.0215694Z   ---
2026-10-07T00:51:06.0216165Z   duration_ms: 0.423028
2026-10-07T00:51:06.0216684Z   type: 'test'
2026-10-07T00:51:06.0217216Z   ...
2026-10-07T00:51:06.0218244Z # Subtest: signature argument tracking ignores nested calls, strings, arrays and generic arguments
2026-10-07T00:51:06.0219724Z ok 42 - signature argument tracking ignores nested calls, strings, arrays and generic arguments
2026-10-07T00:51:06.0220639Z   ---
2026-10-07T00:51:06.0221111Z   duration_ms: 1.226506
2026-10-07T00:51:06.0221925Z   type: 'test'
2026-10-07T00:51:06.0222425Z   ...
2026-10-07T00:51:06.0223374Z # Subtest: local hovers use the exact UTF-16 occurrence and file rather than a shared name
2026-10-07T00:51:06.0224707Z ok 43 - local hovers use the exact UTF-16 occurrence and file rather than a shared name
2026-10-07T00:51:06.0225548Z   ---
2026-10-07T00:51:06.0226020Z   duration_ms: 0.980357
2026-10-07T00:51:06.0226539Z   type: 'test'
2026-10-07T00:51:06.0227006Z   ...
2026-10-07T00:51:06.0227988Z # Subtest: member analysis masks just the edited member and preserves UTF-16 and CRLF positions
2026-10-07T00:51:06.0229390Z ok 44 - member analysis masks just the edited member and preserves UTF-16 and CRLF positions
2026-10-07T00:51:06.0230281Z   ---
2026-10-07T00:51:06.0230746Z   duration_ms: 0.194122
2026-10-07T00:51:06.0231252Z   type: 'test'
2026-10-07T00:51:06.0231897Z   ...
2026-10-07T00:51:06.0232936Z # Subtest: field candidates come from the receiver occurrence and never from saved or other-file types
2026-10-07T00:51:06.0234452Z ok 45 - field candidates come from the receiver occurrence and never from saved or other-file types
2026-10-07T00:51:06.0235609Z   ---
2026-10-07T00:51:06.0236078Z   duration_ms: 0.661443
2026-10-07T00:51:06.0236591Z   type: 'test'
2026-10-07T00:51:06.0237063Z   ...
2026-10-07T00:51:06.0237971Z # Subtest: a trailing member binds inside try/await unless the receiver is parenthesized
2026-10-07T00:51:06.0239277Z ok 46 - a trailing member binds inside try/await unless the receiver is parenthesized
2026-10-07T00:51:06.0240125Z   ---
2026-10-07T00:51:06.0240598Z   duration_ms: 0.47201
2026-10-07T00:51:06.0241223Z   type: 'test'
2026-10-07T00:51:06.0241864Z   ...
2026-10-07T00:51:06.0242837Z # Subtest: builtin completion catalog matches compiler arities and required type arguments
2026-10-07T00:51:06.0244221Z ok 47 - builtin completion catalog matches compiler arities and required type arguments
2026-10-07T00:51:06.0245094Z   ---
2026-10-07T00:51:06.0245563Z   duration_ms: 2.715121
2026-10-07T00:51:06.0246076Z   type: 'test'
2026-10-07T00:51:06.0246539Z   ...
2026-10-07T00:51:06.0247432Z # Subtest: builtin help preserves conversion, SQLite, async and callback contracts
2026-10-07T00:51:06.0248673Z ok 48 - builtin help preserves conversion, SQLite, async and callback contracts
2026-10-07T00:51:06.0249485Z   ---
2026-10-07T00:51:06.0249955Z   duration_ms: 0.4076
2026-10-07T00:51:06.0250456Z   type: 'test'
2026-10-07T00:51:06.0250916Z   ...
2026-10-07T00:51:06.0252051Z # Subtest: function and nullable types complete inside all supported generic builtin contexts
2026-10-07T00:51:06.0253464Z ok 49 - function and nullable types complete inside all supported generic builtin contexts
2026-10-07T00:51:06.0254347Z   ---
2026-10-07T00:51:06.0254811Z   duration_ms: 0.612301
2026-10-07T00:51:06.0255492Z   type: 'test'
2026-10-07T00:51:06.0255976Z   ...
2026-10-07T00:51:06.0256841Z # Subtest: completion preserves existing generic arguments and call parentheses
2026-10-07T00:51:06.0258067Z ok 50 - completion preserves existing generic arguments and call parentheses
2026-10-07T00:51:06.0258882Z   ---
2026-10-07T00:51:06.0259355Z   duration_ms: 0.36517
2026-10-07T00:51:06.0259863Z   type: 'test'
2026-10-07T00:51:06.0260321Z   ...
2026-10-07T00:51:06.0261201Z # Subtest: unindented Low fn, record and enum bodies keep their closing braces visible
2026-10-07T00:51:06.0262671Z ok 51 - unindented Low fn, record and enum bodies keep their closing braces visible
2026-10-07T00:51:06.0263492Z   ---
2026-10-07T00:51:06.0263951Z   duration_ms: 3.122641
2026-10-07T00:51:06.0264463Z   type: 'test'
2026-10-07T00:51:06.0264926Z   ...
2026-10-07T00:51:06.0265764Z # Subtest: nested match, case, scope and branch bodies fold at each opening line
2026-10-07T00:51:06.0266946Z ok 52 - nested match, case, scope and branch bodies fold at each opening line
2026-10-07T00:51:06.0267771Z   ---
2026-10-07T00:51:06.0268250Z   duration_ms: 0.498019
2026-10-07T00:51:06.0268765Z   type: 'test'
2026-10-07T00:51:06.0269229Z   ...
2026-10-07T00:51:06.0270050Z # Subtest: multiline fn and async fn draft headers join their body in one fold
2026-10-07T00:51:06.0271207Z ok 53 - multiline fn and async fn draft headers join their body in one fold
2026-10-07T00:51:06.0272162Z   ---
2026-10-07T00:51:06.0272622Z   duration_ms: 0.483572
2026-10-07T00:51:06.0273134Z   type: 'test'
2026-10-07T00:51:06.0273599Z   ...
2026-10-07T00:51:06.0274344Z # Subtest: strings and comments do not create or close folds
2026-10-07T00:51:06.0275284Z ok 54 - strings and comments do not create or close folds
2026-10-07T00:51:06.0275962Z   ---
2026-10-07T00:51:06.0276432Z   duration_ms: 0.31104
2026-10-07T00:51:06.0276941Z   type: 'test'
2026-10-07T00:51:06.0277404Z   ...
2026-10-07T00:51:06.0278215Z # Subtest: crossed, stray and unclosed delimiters cannot invent brace folds
2026-10-07T00:51:06.0279347Z ok 55 - crossed, stray and unclosed delimiters cannot invent brace folds
2026-10-07T00:51:06.0280118Z   ---
2026-10-07T00:51:06.0280575Z   duration_ms: 0.364068
2026-10-07T00:51:06.0281085Z   type: 'test'
2026-10-07T00:51:06.0281715Z   ...
2026-10-07T00:51:06.0282606Z # Subtest: matched call and list continuations guard bodies without separate folds
2026-10-07T00:51:06.0284112Z ok 56 - matched call and list continuations guard bodies without separate folds
2026-10-07T00:51:06.0284916Z   ---
2026-10-07T00:51:06.0285380Z   duration_ms: 0.222305
2026-10-07T00:51:06.0285898Z   type: 'test'
2026-10-07T00:51:06.0286359Z   ...
2026-10-07T00:51:06.0287315Z # Subtest: completed declarations and unrelated lines do not donate a header to another body
2026-10-07T00:51:06.0288707Z ok 57 - completed declarations and unrelated lines do not donate a header to another body
2026-10-07T00:51:06.0289583Z   ---
2026-10-07T00:51:06.0290041Z   duration_ms: 1.216178
2026-10-07T00:51:06.0290558Z   type: 'test'
2026-10-07T00:51:06.0291019Z   ...
2026-10-07T00:51:06.0292072Z # Subtest: single-line and empty bodies are omitted and each start line has one fold
2026-10-07T00:51:06.0293349Z ok 58 - single-line and empty bodies are omitted and each start line has one fold
2026-10-07T00:51:06.0294163Z   ---
2026-10-07T00:51:06.0294635Z   duration_ms: 0.180867
2026-10-07T00:51:06.0295152Z   type: 'test'
2026-10-07T00:51:06.0295612Z   ...
2026-10-07T00:51:06.0296619Z # Subtest: inline closing braces fold the final statement while delimiter-only closers stay visible
2026-10-07T00:51:06.0298084Z ok 59 - inline closing braces fold the final statement while delimiter-only closers stay visible
2026-10-07T00:51:06.0298983Z   ---
2026-10-07T00:51:06.0299443Z   duration_ms: 0.408171
2026-10-07T00:51:06.0299952Z   type: 'test'
2026-10-07T00:51:06.0300413Z   ...
2026-10-07T00:51:06.0301228Z # Subtest: High Function snippet defaults compile in their declared context
2026-10-07T00:51:06.0302720Z ok 60 - High Function snippet defaults compile in their declared context
2026-10-07T00:51:06.0303512Z   ---
2026-10-07T00:51:06.0303987Z   duration_ms: 11.166697
2026-10-07T00:51:06.0304509Z   type: 'test'
2026-10-07T00:51:06.0304969Z   ...
2026-10-07T00:51:06.0305761Z # Subtest: High Class snippet defaults compile in their declared context
2026-10-07T00:51:06.0306854Z ok 61 - High Class snippet defaults compile in their declared context
2026-10-07T00:51:06.0307591Z   ---
2026-10-07T00:51:06.0308052Z   duration_ms: 6.930851
2026-10-07T00:51:06.0308561Z   type: 'test'
2026-10-07T00:51:06.0309033Z   ...
2026-10-07T00:51:06.0309823Z # Subtest: High Enum snippet defaults compile in their declared context
2026-10-07T00:51:06.0310895Z ok 62 - High Enum snippet defaults compile in their declared context
2026-10-07T00:51:06.0311814Z   ---
2026-10-07T00:51:06.0312289Z   duration_ms: 7.024696
2026-10-07T00:51:06.0312803Z   type: 'test'
2026-10-07T00:51:06.0313262Z   ...
2026-10-07T00:51:06.0314050Z # Subtest: High Main snippet defaults compile in their declared context
2026-10-07T00:51:06.0315108Z ok 63 - High Main snippet defaults compile in their declared context
2026-10-07T00:51:06.0315834Z   ---
2026-10-07T00:51:06.0316294Z   duration_ms: 4.0697
2026-10-07T00:51:06.0316806Z   type: 'test'
2026-10-07T00:51:06.0317326Z   ...
2026-10-07T00:51:06.0318163Z # Subtest: High Async main snippet defaults compile in their declared context
2026-10-07T00:51:06.0319310Z ok 64 - High Async main snippet defaults compile in their declared context
2026-10-07T00:51:06.0320083Z   ---
2026-10-07T00:51:06.0320541Z   duration_ms: 6.559869
2026-10-07T00:51:06.0321046Z   type: 'test'
2026-10-07T00:51:06.0321671Z   ...
2026-10-07T00:51:06.0322526Z # Subtest: High HTTP server snippet defaults compile in their declared context
2026-10-07T00:51:06.0323696Z ok 65 - High HTTP server snippet defaults compile in their declared context
2026-10-07T00:51:06.0324476Z   ---
2026-10-07T00:51:06.0324935Z   duration_ms: 210.410737
2026-10-07T00:51:06.0325455Z   type: 'test'
2026-10-07T00:51:06.0325922Z   ...
2026-10-07T00:51:06.0326758Z # Subtest: High GET handler snippet defaults compile in their declared context
2026-10-07T00:51:06.0327916Z ok 66 - High GET handler snippet defaults compile in their declared context
2026-10-07T00:51:06.0328691Z   ---
2026-10-07T00:51:06.0329153Z   duration_ms: 12.659781
2026-10-07T00:51:06.0329945Z   type: 'test'
2026-10-07T00:51:06.0330415Z   ...
2026-10-07T00:51:06.0331261Z # Subtest: High POST handler snippet defaults compile in their declared context
2026-10-07T00:51:06.0332651Z ok 67 - High POST handler snippet defaults compile in their declared context
2026-10-07T00:51:06.0333445Z   ---
2026-10-07T00:51:06.0333904Z   duration_ms: 12.179215
2026-10-07T00:51:06.0334426Z   type: 'test'
2026-10-07T00:51:06.0334890Z   ...
2026-10-07T00:51:06.0335664Z # Subtest: High Loop snippet defaults compile in their declared context
2026-10-07T00:51:06.0336735Z ok 68 - High Loop snippet defaults compile in their declared context
2026-10-07T00:51:06.0337477Z   ---
2026-10-07T00:51:06.0337937Z   duration_ms: 5.861939
2026-10-07T00:51:06.0338445Z   type: 'test'
2026-10-07T00:51:06.0338911Z   ...
2026-10-07T00:51:06.0339768Z # Subtest: High Borrowed array snippet defaults compile in their declared context
2026-10-07T00:51:06.0340984Z ok 69 - High Borrowed array snippet defaults compile in their declared context
2026-10-07T00:51:06.0341964Z   ---
2026-10-07T00:51:06.0342429Z   duration_ms: 6.116783
2026-10-07T00:51:06.0342948Z   type: 'test'
2026-10-07T00:51:06.0343415Z   ...
2026-10-07T00:51:06.0344270Z # Subtest: High Result match snippet defaults compile in their declared context
2026-10-07T00:51:06.0345495Z ok 70 - High Result match snippet defaults compile in their declared context
2026-10-07T00:51:06.0346280Z   ---
2026-10-07T00:51:06.0346742Z   duration_ms: 5.043042
2026-10-07T00:51:06.0347259Z   type: 'test'
2026-10-07T00:51:06.0347718Z   ...
2026-10-07T00:51:06.0348572Z # Subtest: High Nullable match snippet defaults compile in their declared context
2026-10-07T00:51:06.0349962Z ok 71 - High Nullable match snippet defaults compile in their declared context
2026-10-07T00:51:06.0350780Z   ---
2026-10-07T00:51:06.0351250Z   duration_ms: 6.263136
2026-10-07T00:51:06.0351949Z   type: 'test'
2026-10-07T00:51:06.0352416Z   ...
2026-10-07T00:51:06.0353332Z # Subtest: real High quoted imports complete class enum and function names without calls
2026-10-07T00:51:06.0354646Z ok 72 - real High quoted imports complete class enum and function names without calls
2026-10-07T00:51:06.0355489Z   ---
2026-10-07T00:51:06.0355959Z   duration_ms: 121.616915
2026-10-07T00:51:06.0356482Z   type: 'test'
2026-10-07T00:51:06.0356943Z   ...
2026-10-07T00:51:06.0358070Z # Subtest: real High quoted imports complete class enum and function names without calls through a directory alias
2026-10-07T00:51:06.0359810Z ok 73 - real High quoted imports complete class enum and function names without calls through a directory alias
2026-10-07T00:51:06.0360821Z   ---
2026-10-07T00:51:06.0361301Z   duration_ms: 112.079607
2026-10-07T00:51:06.0362015Z   type: 'test'
2026-10-07T00:51:06.0362485Z   ...
2026-10-07T00:51:06.0363395Z # Subtest: real Low quoted imports complete class enum and function names without calls
2026-10-07T00:51:06.0364685Z ok 74 - real Low quoted imports complete class enum and function names without calls
2026-10-07T00:51:06.0365525Z   ---
2026-10-07T00:51:06.0365995Z   duration_ms: 170.782582
2026-10-07T00:51:06.0366517Z   type: 'test'
2026-10-07T00:51:06.0366979Z   ...
2026-10-07T00:51:06.0368100Z # Subtest: real Low quoted imports complete class enum and function names without calls through a directory alias
2026-10-07T00:51:06.0369758Z ok 75 - real Low quoted imports complete class enum and function names without calls through a directory alias
2026-10-07T00:51:06.0370747Z   ---
2026-10-07T00:51:06.0371211Z   duration_ms: 98.880776
2026-10-07T00:51:06.0371902Z   type: 'test'
2026-10-07T00:51:06.0372376Z   ...
2026-10-07T00:51:06.0373416Z # Subtest: canonical source aliases share one identity per request and refresh after a symlink changes
2026-10-07T00:51:06.0374929Z ok 76 - canonical source aliases share one identity per request and refresh after a symlink changes
2026-10-07T00:51:06.0375860Z   ---
2026-10-07T00:51:06.0376317Z   duration_ms: 4.400003
2026-10-07T00:51:06.0376835Z   type: 'test'
2026-10-07T00:51:06.0377520Z   ...
2026-10-07T00:51:06.0378429Z # Subtest: standard source identities remain logical IDs without filesystem lookups
2026-10-07T00:51:06.0379695Z ok 77 - standard source identities remain logical IDs without filesystem lookups
2026-10-07T00:51:06.0380523Z   ---
2026-10-07T00:51:06.0380982Z   duration_ms: 1.508603
2026-10-07T00:51:06.0381671Z   type: 'test'
2026-10-07T00:51:06.0382163Z   ...
2026-10-07T00:51:06.0383044Z # Subtest: High block headers indent one level, including main, async, match and case
2026-10-07T00:51:06.0384308Z ok 78 - High block headers indent one level, including main, async, match and case
2026-10-07T00:51:06.0385120Z   ---
2026-10-07T00:51:06.0385587Z   duration_ms: 3.48126
2026-10-07T00:51:06.0386101Z   type: 'test'
2026-10-07T00:51:06.0386560Z   ...
2026-10-07T00:51:06.0387410Z # Subtest: else uses the matching if indentation after nested bodies and comments
2026-10-07T00:51:06.0388614Z ok 79 - else uses the matching if indentation after nested bodies and comments
2026-10-07T00:51:06.0389404Z   ---
2026-10-07T00:51:06.0389865Z   duration_ms: 0.554404
2026-10-07T00:51:06.0390380Z   type: 'test'
2026-10-07T00:51:06.0390838Z   ...
2026-10-07T00:51:06.0391755Z # Subtest: first and following cases align under their nearest match
2026-10-07T00:51:06.0392814Z ok 80 - first and following cases align under their nearest match
2026-10-07T00:51:06.0393532Z   ---
2026-10-07T00:51:06.0393989Z   duration_ms: 1.45367
2026-10-07T00:51:06.0394505Z   type: 'test'
2026-10-07T00:51:06.0394975Z   ...
2026-10-07T00:51:06.0395880Z # Subtest: immediate Enter after else/case aligns the branch and its new body together
2026-10-07T00:51:06.0397347Z ok 81 - immediate Enter after else/case aligns the branch and its new body together
2026-10-07T00:51:06.0398198Z   ---
2026-10-07T00:51:06.0398661Z   duration_ms: 0.280452
2026-10-07T00:51:06.0399178Z   type: 'test'
2026-10-07T00:51:06.0399635Z   ...
2026-10-07T00:51:06.0400471Z # Subtest: explicitly dedented outer branches keep their matching outer block
2026-10-07T00:51:06.0401875Z ok 82 - explicitly dedented outer branches keep their matching outer block
2026-10-07T00:51:06.0402682Z   ---
2026-10-07T00:51:06.0403150Z   duration_ms: 0.462883
2026-10-07T00:51:06.0403663Z   type: 'test'
2026-10-07T00:51:06.0404122Z   ...
2026-10-07T00:51:06.0405031Z # Subtest: multiline case headers move together when colon is typed or Enter cancels it
2026-10-07T00:51:06.0406330Z ok 83 - multiline case headers move together when colon is typed or Enter cancels it
2026-10-07T00:51:06.0407178Z   ---
2026-10-07T00:51:06.0407636Z   duration_ms: 0.304557
2026-10-07T00:51:06.0408147Z   type: 'test'
2026-10-07T00:51:06.0408610Z   ...
2026-10-07T00:51:06.0409502Z # Subtest: multiline calls, lists and nested delimiters indent and align closing lines
2026-10-07T00:51:06.0410775Z ok 84 - multiline calls, lists and nested delimiters indent and align closing lines
2026-10-07T00:51:06.0411768Z   ---
2026-10-07T00:51:06.0412259Z   duration_ms: 0.304127
2026-10-07T00:51:06.0412786Z   type: 'test'
2026-10-07T00:51:06.0413255Z   ...
2026-10-07T00:51:06.0414087Z # Subtest: strings, escapes and comments never create fake blocks or brackets
2026-10-07T00:51:06.0415250Z ok 85 - strings, escapes and comments never create fake blocks or brackets
2026-10-07T00:51:06.0416027Z   ---
2026-10-07T00:51:06.0416498Z   duration_ms: 0.403302
2026-10-07T00:51:06.0417007Z   type: 'test'
2026-10-07T00:51:06.0417548Z   ...
2026-10-07T00:51:06.0418427Z # Subtest: an unfinished string on an earlier line does not disable later indentation
2026-10-07T00:51:06.0419678Z ok 86 - an unfinished string on an earlier line does not disable later indentation
2026-10-07T00:51:06.0420493Z   ---
2026-10-07T00:51:06.0420959Z   duration_ms: 0.667715
2026-10-07T00:51:06.0421467Z   type: 'test'
2026-10-07T00:51:06.0422153Z   ...
2026-10-07T00:51:06.0423002Z # Subtest: indentation respects two spaces, tabs, CRLF and Low brace blocks
2026-10-07T00:51:06.0424165Z ok 87 - indentation respects two spaces, tabs, CRLF and Low brace blocks
2026-10-07T00:51:06.0425154Z   ---
2026-10-07T00:51:06.0425622Z   duration_ms: 0.688554
2026-10-07T00:51:06.0426141Z   type: 'test'
2026-10-07T00:51:06.0426610Z   ...
2026-10-07T00:51:06.0427495Z # Subtest: Low native indentation rules ignore braces in comments and escaped strings
2026-10-07T00:51:06.0428784Z ok 88 - Low native indentation rules ignore braces in comments and escaped strings
2026-10-07T00:51:06.0429625Z   ---
2026-10-07T00:51:06.0430085Z   duration_ms: 0.663357
2026-10-07T00:51:06.0430601Z   type: 'test'
2026-10-07T00:51:06.0431064Z   ...
2026-10-07T00:51:06.8042654Z # Subtest: real checker completes arguments, inferred locals, chains, calls, index receivers and match payloads
2026-10-07T00:51:06.8063851Z ok 89 - real checker completes arguments, inferred locals, chains, calls, index receivers and match payloads
2026-10-07T00:51:06.8092463Z   ---
2026-10-07T00:51:06.8122331Z   duration_ms: 1397.269567
2026-10-07T00:51:06.8123040Z   type: 'test'
2026-10-07T00:51:06.8123393Z   ...
2026-10-07T00:51:08.2002496Z # Subtest: real checker suppresses fields for unknown, moved, out-of-scope and wrapped values
2026-10-07T00:51:08.2008353Z ok 90 - real checker suppresses fields for unknown, moved, out-of-scope and wrapped values
2026-10-07T00:51:08.2009145Z   ---
2026-10-07T00:51:08.2009492Z   duration_ms: 1400.393178
2026-10-07T00:51:08.2009889Z   type: 'test'
2026-10-07T00:51:08.2010213Z   ...
2026-10-07T00:51:08.3963971Z # Subtest: real unsaved High/Low imports supply local hovers and fields with UTF-16 positions
2026-10-07T00:51:08.3965379Z ok 91 - real unsaved High/Low imports supply local hovers and fields with UTF-16 positions
2026-10-07T00:51:08.3982460Z   ---
2026-10-07T00:51:08.4002578Z   duration_ms: 196.847758
2026-10-07T00:51:08.4003044Z   type: 'test'
2026-10-07T00:51:08.4003384Z   ...
2026-10-07T00:51:08.8645395Z # Subtest: real Low completion isolates same-line scopes, restores outer loop variables and handles CRLF
2026-10-07T00:51:08.8646995Z ok 92 - real Low completion isolates same-line scopes, restores outer loop variables and handles CRLF
2026-10-07T00:51:08.8647942Z   ---
2026-10-07T00:51:08.8648342Z   duration_ms: 469.846243
2026-10-07T00:51:08.8648784Z   type: 'test'
2026-10-07T00:51:08.8649154Z   ...
2026-10-07T00:51:08.8727179Z # Subtest: checked local values replace same-name class and builtin call insertions
2026-10-07T00:51:08.8728450Z ok 93 - checked local values replace same-name class and builtin call insertions
2026-10-07T00:51:08.8729216Z   ---
2026-10-07T00:51:08.8729612Z   duration_ms: 3.91015
2026-10-07T00:51:08.8730036Z   type: 'test'
2026-10-07T00:51:08.8730415Z   ...
2026-10-07T00:51:08.8731282Z # Subtest: lexical references without local types never insert an unrelated global call
2026-10-07T00:51:08.8732811Z ok 94 - lexical references without local types never insert an unrelated global call
2026-10-07T00:51:08.8733584Z   ---
2026-10-07T00:51:08.8733941Z   duration_ms: 0.698772
2026-10-07T00:51:08.8734375Z   type: 'test'
2026-10-07T00:51:08.8734736Z   ...
2026-10-07T00:51:08.8735639Z # Subtest: partial and saved occurrences keep global names without guessing local scopes
2026-10-07T00:51:08.8736913Z ok 95 - partial and saved occurrences keep global names without guessing local scopes
2026-10-07T00:51:08.8737687Z   ---
2026-10-07T00:51:08.8738042Z   duration_ms: 1.816216
2026-10-07T00:51:08.8738467Z   type: 'test'
2026-10-07T00:51:08.8738881Z   ...
2026-10-07T00:51:08.8739726Z # Subtest: a resolved global constructor remains available outside the shadowing function
2026-10-07T00:51:08.8741018Z ok 96 - a resolved global constructor remains available outside the shadowing function
2026-10-07T00:51:08.8742068Z   ---
2026-10-07T00:51:08.8742444Z   duration_ms: 0.709012
2026-10-07T00:51:08.8742874Z   type: 'test'
2026-10-07T00:51:08.8743310Z   ...
2026-10-07T00:51:08.8744164Z # Subtest: binding hints distinguish declaration tokens, masked text, and real value binders
2026-10-07T00:51:08.8745489Z ok 97 - binding hints distinguish declaration tokens, masked text, and real value binders
2026-10-07T00:51:08.8746679Z   ---
2026-10-07T00:51:08.8747052Z   duration_ms: 0.994074
2026-10-07T00:51:08.8747504Z   type: 'test'
2026-10-07T00:51:08.8747926Z   ...
2026-10-07T00:51:08.8748906Z # Subtest: real High local and parameter completions stay bare while types and constructors remain usable
2026-10-07T00:51:08.8750404Z ok 98 - real High local and parameter completions stay bare while types and constructors remain usable
2026-10-07T00:51:08.8751283Z   ---
2026-10-07T00:51:08.8753924Z   duration_ms: 262.091989
2026-10-07T00:51:08.8754382Z   type: 'test'
2026-10-07T00:51:08.8754741Z   ...
2026-10-07T00:51:08.8755730Z # Subtest: real Low local and parameter completions stay bare while types and constructors remain usable
2026-10-07T00:51:08.8757236Z ok 99 - real Low local and parameter completions stay bare while types and constructors remain usable
2026-10-07T00:51:08.8758115Z   ---
2026-10-07T00:51:08.8758482Z   duration_ms: 345.6622
2026-10-07T00:51:08.8758894Z   type: 'test'
2026-10-07T00:51:08.8759269Z   ...
2026-10-07T00:51:08.8759960Z # Subtest: Low Main snippet defaults compile in their declared context
2026-10-07T00:51:08.8760966Z ok 100 - Low Main snippet defaults compile in their declared context
2026-10-07T00:51:08.8761845Z   ---
2026-10-07T00:51:08.8762221Z   duration_ms: 9.147574
2026-10-07T00:51:08.8762643Z   type: 'test'
2026-10-07T00:51:08.8762995Z   ...
2026-10-07T00:51:08.8763795Z # Subtest: Low File import snippet defaults compile in their declared context
2026-10-07T00:51:08.8764913Z ok 101 - Low File import snippet defaults compile in their declared context
2026-10-07T00:51:08.8765602Z   ---
2026-10-07T00:51:08.8765958Z   duration_ms: 5.762112
2026-10-07T00:51:08.8766611Z   type: 'test'
2026-10-07T00:51:08.8767005Z   ...
2026-10-07T00:51:08.8767753Z # Subtest: Low From import snippet defaults compile in their declared context
2026-10-07T00:51:08.8768853Z ok 102 - Low From import snippet defaults compile in their declared context
2026-10-07T00:51:08.8769548Z   ---
2026-10-07T00:51:08.8769922Z   duration_ms: 7.548272
2026-10-07T00:51:08.8770331Z   type: 'test'
2026-10-07T00:51:08.8770688Z   ...
2026-10-07T00:51:08.8771476Z # Subtest: Low Standard import snippet defaults compile in their declared context
2026-10-07T00:51:08.8772904Z ok 103 - Low Standard import snippet defaults compile in their declared context
2026-10-07T00:51:08.8773631Z   ---
2026-10-07T00:51:08.8773988Z   duration_ms: 135.120018
2026-10-07T00:51:08.8774412Z   type: 'test'
2026-10-07T00:51:08.8774767Z   ...
2026-10-07T00:51:08.8775476Z # Subtest: Low Function snippet defaults compile in their declared context
2026-10-07T00:51:08.8776540Z ok 104 - Low Function snippet defaults compile in their declared context
2026-10-07T00:51:08.8777218Z   ---
2026-10-07T00:51:08.8777584Z   duration_ms: 6.546334
2026-10-07T00:51:08.8777997Z   type: 'test'
2026-10-07T00:51:08.8778354Z   ...
2026-10-07T00:51:08.8779047Z # Subtest: Low Record snippet defaults compile in their declared context
2026-10-07T00:51:08.8780081Z ok 105 - Low Record snippet defaults compile in their declared context
2026-10-07T00:51:08.8780759Z   ---
2026-10-07T00:51:08.8781128Z   duration_ms: 6.719938
2026-10-07T00:51:08.8781777Z   type: 'test'
2026-10-07T00:51:08.8782157Z   ...
2026-10-07T00:51:08.8782860Z # Subtest: Low Enum snippet defaults compile in their declared context
2026-10-07T00:51:08.8783866Z ok 106 - Low Enum snippet defaults compile in their declared context
2026-10-07T00:51:08.8784506Z   ---
2026-10-07T00:51:08.8784867Z   duration_ms: 5.71783
2026-10-07T00:51:08.8785275Z   type: 'test'
2026-10-07T00:51:08.8785683Z   ...
2026-10-07T00:51:08.8786378Z # Subtest: Low Replace snippet defaults compile in their declared context
2026-10-07T00:51:08.8787463Z ok 107 - Low Replace snippet defaults compile in their declared context
2026-10-07T00:51:08.8788151Z   ---
2026-10-07T00:51:08.8788521Z   duration_ms: 6.893522
2026-10-07T00:51:08.8788947Z   type: 'test'
2026-10-07T00:51:08.8789298Z   ...
2026-10-07T00:51:08.8790034Z # Subtest: Low Result match snippet defaults compile in their declared context
2026-10-07T00:51:08.8791410Z ok 108 - Low Result match snippet defaults compile in their declared context
2026-10-07T00:51:08.8792493Z   ---
2026-10-07T00:51:08.8792857Z   duration_ms: 5.824115
2026-10-07T00:51:08.8793258Z   type: 'test'
2026-10-07T00:51:08.8793614Z   ...
2026-10-07T00:51:08.8794377Z # Subtest: Low Nullable match snippet defaults compile in their declared context
2026-10-07T00:51:08.8795524Z ok 109 - Low Nullable match snippet defaults compile in their declared context
2026-10-07T00:51:08.8796250Z   ---
2026-10-07T00:51:08.8796605Z   duration_ms: 5.777253
2026-10-07T00:51:08.8797012Z   type: 'test'
2026-10-07T00:51:08.8797383Z   ...
2026-10-07T00:51:08.8798324Z # Subtest: module member completion exposes functions/classes and type positions insert only classes
2026-10-07T00:51:08.8799771Z ok 110 - module member completion exposes functions/classes and type positions insert only classes
2026-10-07T00:51:08.8800621Z   ---
2026-10-07T00:51:08.8800981Z   duration_ms: 6.215497
2026-10-07T00:51:08.8801406Z   type: 'test'
2026-10-07T00:51:08.8802021Z   ...
2026-10-07T00:51:08.8802827Z # Subtest: qualified and renamed declarations retain structured hover/signature help
2026-10-07T00:51:08.8804055Z ok 111 - qualified and renamed declarations retain structured hover/signature help
2026-10-07T00:51:08.8804802Z   ---
2026-10-07T00:51:08.8805163Z   duration_ms: 2.930614
2026-10-07T00:51:08.8805579Z   type: 'test'
2026-10-07T00:51:08.8805938Z   ...
2026-10-07T00:51:08.8806793Z # Subtest: lexical alias shadowing switches completion to fields and prevents module help
2026-10-07T00:51:08.8808291Z ok 112 - lexical alias shadowing switches completion to fields and prevents module help
2026-10-07T00:51:08.8809103Z   ---
2026-10-07T00:51:08.8809464Z   duration_ms: 1.559828
2026-10-07T00:51:08.8809868Z   type: 'test'
2026-10-07T00:51:08.8810227Z   ...
2026-10-07T00:51:08.8810861Z # Subtest: spaced field chains do not borrow a module namespace
2026-10-07T00:51:08.8812059Z ok 113 - spaced field chains do not borrow a module namespace
2026-10-07T00:51:08.8812647Z   ---
2026-10-07T00:51:08.8813004Z   duration_ms: 0.860374
2026-10-07T00:51:08.8813423Z   type: 'test'
2026-10-07T00:51:08.8813779Z   ...
2026-10-07T00:51:08.8814518Z # Subtest: imported class and module binding tokens keep their resolved hover
2026-10-07T00:51:08.8815618Z ok 114 - imported class and module binding tokens keep their resolved hover
2026-10-07T00:51:08.8816339Z   ---
2026-10-07T00:51:08.8816678Z   duration_ms: 1.131399
2026-10-07T00:51:08.8817078Z   type: 'test'
2026-10-07T00:51:08.8817410Z   ...
2026-10-07T00:51:08.8818275Z # Subtest: quoted from imports insert names only and preserve aliases and comma-separated lists
2026-10-07T00:51:08.8819591Z ok 115 - quoted from imports insert names only and preserve aliases and comma-separated lists
2026-10-07T00:51:08.8820313Z   ---
2026-10-07T00:51:08.8820640Z   duration_ms: 1.797841
2026-10-07T00:51:08.8821001Z   type: 'test'
2026-10-07T00:51:08.8821303Z   ...
2026-10-07T00:51:08.8822359Z # Subtest: unresolved and changed fallback import targets never offer expression completions
2026-10-07T00:51:08.8823240Z ok 116 - unresolved and changed fallback import targets never offer expression completions
2026-10-07T00:51:08.8823676Z   ---
2026-10-07T00:51:08.8824009Z   duration_ms: 0.5203
2026-10-07T00:51:08.8824399Z   type: 'test'
2026-10-07T00:51:08.8824735Z   ...
2026-10-07T00:51:08.8825524Z # Subtest: Low quoted imports after a same-line declaration or semicolon retain name-only insertion
2026-10-07T00:51:08.8826978Z ok 117 - Low quoted imports after a same-line declaration or semicolon retain name-only insertion
2026-10-07T00:51:08.8827884Z   ---
2026-10-07T00:51:08.8828275Z   duration_ms: 0.451692
2026-10-07T00:51:08.8828698Z   type: 'test'
2026-10-07T00:51:08.8829077Z   ...
2026-10-07T00:51:08.8829973Z # Subtest: real compiler navigation uses edited source and target positions across imports
2026-10-07T00:51:08.8831318Z ok 118 - real compiler navigation uses edited source and target positions across imports
2026-10-07T00:51:08.8832698Z   ---
2026-10-07T00:51:08.8833083Z   duration_ms: 126.251836
2026-10-07T00:51:08.8833516Z   type: 'test'
2026-10-07T00:51:08.8833867Z   ...
2026-10-07T00:51:08.8834857Z # Subtest: real Low navigation keeps reassignments at their original binding and restores loop shadowing
2026-10-07T00:51:08.8836363Z ok 119 - real Low navigation keeps reassignments at their original binding and restores loop shadowing
2026-10-07T00:51:08.8837228Z   ---
2026-10-07T00:51:08.8837600Z   duration_ms: 185.423411
2026-10-07T00:51:08.8838007Z   type: 'test'
2026-10-07T00:51:08.8838352Z   ...
2026-10-07T00:51:08.8839232Z # Subtest: unsaved canonical import diagnostics use the open alias and UTF-16 source range
2026-10-07T00:51:08.8840551Z ok 120 - unsaved canonical import diagnostics use the open alias and UTF-16 source range
2026-10-07T00:51:08.8841334Z   ---
2026-10-07T00:51:08.8842017Z   duration_ms: 15.49113
2026-10-07T00:51:08.8842430Z   type: 'test'
2026-10-07T00:51:08.8842807Z   ...
2026-10-07T00:51:08.8843660Z # Subtest: closing a checked import overlay refreshes its owners and keeps unrelated errors
2026-10-07T00:51:08.8844972Z ok 121 - closing a checked import overlay refreshes its owners and keeps unrelated errors
2026-10-07T00:51:08.8845773Z   ---
2026-10-07T00:51:08.8846133Z   duration_ms: 5.743397
2026-10-07T00:51:08.8846550Z   type: 'test'
2026-10-07T00:51:08.8846905Z   ...
2026-10-07T00:51:08.8847585Z # Subtest: closing an in-flight import overlay rejects its stale result
2026-10-07T00:51:08.8848574Z ok 122 - closing an in-flight import overlay rejects its stale result
2026-10-07T00:51:08.8849279Z   ---
2026-10-07T00:51:08.8849871Z   duration_ms: 3.091733
2026-10-07T00:51:08.8850323Z   type: 'test'
2026-10-07T00:51:08.8850661Z   ...
2026-10-07T00:51:08.8851415Z # Subtest: lower build and run tasks use the registered source diagnostic matcher
2026-10-07T00:51:08.8852855Z ok 123 - lower build and run tasks use the registered source diagnostic matcher
2026-10-07T00:51:08.8853588Z   ---
2026-10-07T00:51:08.8853950Z   duration_ms: 4.815748
2026-10-07T00:51:08.8854359Z   type: 'test'
2026-10-07T00:51:08.8854734Z   ...
2026-10-07T00:51:08.8855630Z # Subtest: standalone tasks save imported changes and leave unrelated dirty buffers untouched
2026-10-07T00:51:08.8856958Z ok 124 - standalone tasks save imported changes and leave unrelated dirty buffers untouched
2026-10-07T00:51:08.8857780Z   ---
2026-10-07T00:51:08.8858143Z   duration_ms: 7.568456
2026-10-07T00:51:08.8858553Z   type: 'test'
2026-10-07T00:51:08.8858925Z   ...
2026-10-07T00:51:08.8859779Z # Subtest: project tasks save imported changes and leave unrelated dirty buffers untouched
2026-10-07T00:51:08.8861115Z ok 125 - project tasks save imported changes and leave unrelated dirty buffers untouched
2026-10-07T00:51:08.8862164Z   ---
2026-10-07T00:51:08.8862470Z   duration_ms: 5.972213
2026-10-07T00:51:08.8862826Z   type: 'test'
2026-10-07T00:51:08.8863142Z   ...
2026-10-07T00:51:08.8863895Z # Subtest: task execution stops when an imported buffer cannot be saved
2026-10-07T00:51:08.8864875Z ok 126 - task execution stops when an imported buffer cannot be saved
2026-10-07T00:51:08.8865504Z   ---
2026-10-07T00:51:08.8865855Z   duration_ms: 3.855658
2026-10-07T00:51:08.8866243Z   type: 'test'
2026-10-07T00:51:08.8866566Z   ...
2026-10-07T00:51:08.8867235Z # Subtest: task execution stops when dirty imports cannot be resolved
2026-10-07T00:51:08.8868167Z ok 127 - task execution stops when dirty imports cannot be resolved
2026-10-07T00:51:08.8868781Z   ---
2026-10-07T00:51:08.8869112Z   duration_ms: 2.212875
2026-10-07T00:51:08.8869501Z   type: 'test'
2026-10-07T00:51:08.8869841Z   ...
2026-10-07T00:51:08.8870632Z # Subtest: saving an imported file refreshes its changed imports before launching the task
2026-10-07T00:51:08.8872107Z ok 128 - saving an imported file refreshes its changed imports before launching the task
2026-10-07T00:51:08.8872844Z   ---
2026-10-07T00:51:08.8873197Z   duration_ms: 4.002211
2026-10-07T00:51:08.8873823Z   type: 'test'
2026-10-07T00:51:08.8874180Z   ...
2026-10-07T00:51:08.8874871Z # Subtest: conflicting imported aliases are not saved over one another
2026-10-07T00:51:08.8875880Z ok 129 - conflicting imported aliases are not saved over one another
2026-10-07T00:51:08.8876546Z   ---
2026-10-07T00:51:08.8876930Z   duration_ms: 2.814858
2026-10-07T00:51:08.8877363Z   type: 'test'
2026-10-07T00:51:08.8877724Z   ...
2026-10-07T00:51:08.8878625Z # Subtest: standalone source without imports launches normally despite unrelated dirty buffers
2026-10-07T00:51:08.8879972Z ok 130 - standalone source without imports launches normally despite unrelated dirty buffers
2026-10-07T00:51:08.8880767Z   ---
2026-10-07T00:51:08.8881115Z   duration_ms: 2.384124
2026-10-07T00:51:08.8881718Z   type: 'test'
2026-10-07T00:51:08.8882078Z   ...
2026-10-07T00:51:08.8882844Z # Subtest: task execution stops if the entry buffer changes while an import is saved
2026-10-07T00:51:08.8895630Z ok 131 - task execution stops if the entry buffer changes while an import is saved
2026-10-07T00:51:08.8896200Z   ---
2026-10-07T00:51:08.8896419Z   duration_ms: 2.523434
2026-10-07T00:51:08.8896669Z   type: 'test'
2026-10-07T00:51:08.8896872Z   ...
2026-10-07T00:51:08.8897331Z # Subtest: task execution stops if the entry changes while its own project helper is saved
2026-10-07T00:51:08.8898002Z ok 132 - task execution stops if the entry changes while its own project helper is saved
2026-10-07T00:51:08.8898405Z   ---
2026-10-07T00:51:08.8898601Z   duration_ms: 2.343709
2026-10-07T00:51:08.8898835Z   type: 'test'
2026-10-07T00:51:08.8899028Z   ...
2026-10-07T00:51:08.8899605Z # Subtest: task execution stops if its source closes during project saving
2026-10-07T00:51:08.8900202Z ok 133 - task execution stops if its source closes during project saving
2026-10-07T00:51:08.8900563Z   ---
2026-10-07T00:51:08.8900758Z   duration_ms: 3.248165
2026-10-07T00:51:08.8900984Z   type: 'test'
2026-10-07T00:51:08.8901179Z   ...
2026-10-07T00:51:08.8901924Z # Subtest: task execution stops if a later project save changes the dirty manifest
2026-10-07T00:51:08.8902560Z ok 134 - task execution stops if a later project save changes the dirty manifest
2026-10-07T00:51:08.8902942Z   ---
2026-10-07T00:51:08.8903135Z   duration_ms: 2.298084
2026-10-07T00:51:08.8903351Z   type: 'test'
2026-10-07T00:51:08.8903543Z   ...
2026-10-07T00:51:08.8903975Z # Subtest: task execution stops if a later project save changes the already-saved manifest
2026-10-07T00:51:08.8904635Z ok 135 - task execution stops if a later project save changes the already-saved manifest
2026-10-07T00:51:08.8905037Z   ---
2026-10-07T00:51:08.8905226Z   duration_ms: 1.971385
2026-10-07T00:51:08.8905444Z   type: 'test'
2026-10-07T00:51:08.8905642Z   ...
2026-10-07T00:51:08.8906108Z # Subtest: task execution stops if an already-saved Rust input changes during a later project save
2026-10-07T00:51:08.8906854Z ok 136 - task execution stops if an already-saved Rust input changes during a later project save
2026-10-07T00:51:08.8907296Z   ---
2026-10-07T00:51:08.8907489Z   duration_ms: 2.224728
2026-10-07T00:51:08.8907709Z   type: 'test'
2026-10-07T00:51:08.8907900Z   ...
2026-10-07T00:51:08.8908307Z # Subtest: task execution stops if workspace trust changes during project saving
2026-10-07T00:51:08.8908914Z ok 137 - task execution stops if workspace trust changes during project saving
2026-10-07T00:51:08.8909291Z   ---
2026-10-07T00:51:08.8909486Z   duration_ms: 2.031968
2026-10-07T00:51:08.8909702Z   type: 'test'
2026-10-07T00:51:08.8909887Z   ...
2026-10-07T00:51:08.8910313Z # Subtest: task execution stops if the nearest project changes while an import is saved
2026-10-07T00:51:08.8910946Z ok 138 - task execution stops if the nearest project changes while an import is saved
2026-10-07T00:51:08.8911337Z   ---
2026-10-07T00:51:08.8911762Z   duration_ms: 2.487507
2026-10-07T00:51:08.8912042Z   type: 'test'
2026-10-07T00:51:08.8912236Z   ...
2026-10-07T00:51:08.8912709Z # Subtest: tasks suppress only the matching automatic scope and checks resume when the task ends
2026-10-07T00:51:08.8913593Z ok 139 - tasks suppress only the matching automatic scope and checks resume when the task ends
2026-10-07T00:51:08.8914025Z   ---
2026-10-07T00:51:08.8914250Z   duration_ms: 3.491359
2026-10-07T00:51:08.8914479Z   type: 'test'
2026-10-07T00:51:08.8914669Z   ...
2026-10-07T00:51:08.8915014Z # Subtest: task launch failure releases live check suppression
2026-10-07T00:51:08.8915501Z ok 140 - task launch failure releases live check suppression
2026-10-07T00:51:08.8915818Z   ---
2026-10-07T00:51:08.8916011Z   duration_ms: 3.692073
2026-10-07T00:51:08.8916233Z   type: 'test'
2026-10-07T00:51:08.8916422Z   ...
2026-10-07T00:51:08.8916851Z # Subtest: project task clears checks from its helper while preserving another project
2026-10-07T00:51:08.8917515Z ok 141 - project task clears checks from its helper while preserving another project
2026-10-07T00:51:08.8917946Z   ---
2026-10-07T00:51:08.8918136Z   duration_ms: 3.936979
2026-10-07T00:51:08.8918358Z   type: 'test'
2026-10-07T00:51:08.8918550Z   ...
2026-10-07T00:51:08.8918983Z # Subtest: a long task permits checks of new source without reacting to other project edits
2026-10-07T00:51:08.8919669Z ok 142 - a long task permits checks of new source without reacting to other project edits
2026-10-07T00:51:08.8920103Z   ---
2026-10-07T00:51:08.8920295Z   duration_ms: 3.343052
2026-10-07T00:51:08.8920509Z   type: 'test'
2026-10-07T00:51:08.8920778Z   ...
2026-10-07T00:51:08.8921701Z # Subtest: failed task diagnostics are replaced by checks and removed by source edits
2026-10-07T00:51:08.8922835Z ok 143 - failed task diagnostics are replaced by checks and removed by source edits
2026-10-07T00:51:08.8923758Z   ---
2026-10-07T00:51:08.8924100Z   duration_ms: 3.164039
2026-10-07T00:51:08.8924485Z   type: 'test'
2026-10-07T00:51:08.8924838Z   ...
2026-10-07T00:51:08.8925599Z # Subtest: manual checks inspect dirty imports outside the running task project
2026-10-07T00:51:08.8926675Z ok 144 - manual checks inspect dirty imports outside the running task project
2026-10-07T00:51:08.8927311Z   ---
2026-10-07T00:51:08.8927606Z   duration_ms: 3.083459
2026-10-07T00:51:08.8927945Z   type: 'test'
2026-10-07T00:51:08.8928248Z   ...
2026-10-07T00:51:08.8928817Z # Subtest: editing and closing imported aliases remove only their canonical task markers
2026-10-07T00:51:08.8929481Z ok 145 - editing and closing imported aliases remove only their canonical task markers
2026-10-07T00:51:08.8929880Z   ---
2026-10-07T00:51:08.8930069Z   duration_ms: 2.122687
2026-10-07T00:51:08.8930286Z   type: 'test'
2026-10-07T00:51:08.8930480Z   ...
2026-10-07T00:51:08.8930923Z # Subtest: typing invalidates snapshots without launching save-only checks per keystroke
2026-10-07T00:51:08.8931837Z ok 146 - typing invalidates snapshots without launching save-only checks per keystroke
2026-10-07T00:51:08.8932253Z   ---
2026-10-07T00:51:08.8932441Z   duration_ms: 5.304018
2026-10-07T00:51:08.8932653Z   type: 'test'
2026-10-07T00:51:08.8932843Z   ...
2026-10-07T00:51:08.8933386Z # Subtest: known unrelated diagnostics survive repeated edits while unknown and project inputs stay conservative
2026-10-07T00:51:08.8934235Z ok 147 - known unrelated diagnostics survive repeated edits while unknown and project inputs stay conservative
2026-10-07T00:51:08.8934723Z   ---
2026-10-07T00:51:08.8934911Z   duration_ms: 5.915036
2026-10-07T00:51:08.8935125Z   type: 'test'
2026-10-07T00:51:08.8935315Z   ...
2026-10-07T00:51:08.8935836Z # Subtest: known unrelated pending checks finish during edits and same-scope changes reject stale callbacks
2026-10-07T00:51:08.8936641Z ok 148 - known unrelated pending checks finish during edits and same-scope changes reject stale callbacks
2026-10-07T00:51:08.8937102Z   ---
2026-10-07T00:51:08.8937296Z   duration_ms: 3.909478
2026-10-07T00:51:08.8937511Z   type: 'test'
2026-10-07T00:51:08.8937701Z   ...
2026-10-07T00:51:08.8938154Z # Subtest: shared imports and stale dependency snapshots still invalidate diagnosed projects
2026-10-07T00:51:08.8939036Z ok 149 - shared imports and stale dependency snapshots still invalidate diagnosed projects
2026-10-07T00:51:08.8939454Z   ---
2026-10-07T00:51:08.8939643Z   duration_ms: 4.003644
2026-10-07T00:51:08.8939856Z   type: 'test'
2026-10-07T00:51:08.8940042Z   ...
2026-10-07T00:51:08.8940521Z # Subtest: failed symbols queries still supply static builtin help without erasing source diagnostics
2026-10-07T00:51:08.8941273Z ok 150 - failed symbols queries still supply static builtin help without erasing source diagnostics
2026-10-07T00:51:08.8942038Z   ---
2026-10-07T00:51:08.8942232Z   duration_ms: 4.422916
2026-10-07T00:51:08.8942450Z   type: 'test'
2026-10-07T00:51:08.8942637Z   ...
2026-10-07T00:51:08.8943055Z # Subtest: missing compiler keeps prefix completion, hover and signatures available
2026-10-07T00:51:08.8943679Z ok 151 - missing compiler keeps prefix completion, hover and signatures available
2026-10-07T00:51:08.8944066Z   ---
2026-10-07T00:51:08.8944251Z   duration_ms: 5.21421
2026-10-07T00:51:08.8944472Z   type: 'test'
2026-10-07T00:51:08.8944656Z   ...
2026-10-07T00:51:08.8945152Z # Subtest: borrowed local providers annotate hover and detail while keeping variable kind and insertion
2026-10-07T00:51:08.8945921Z ok 152 - borrowed local providers annotate hover and detail while keeping variable kind and insertion
2026-10-07T00:51:08.8946372Z   ---
2026-10-07T00:51:08.8946557Z   duration_ms: 5.55191
2026-10-07T00:51:08.8946771Z   type: 'test'
2026-10-07T00:51:08.8946958Z   ...
2026-10-07T00:51:08.8947423Z # Subtest: untrusted and untitled assistance executes no compiler and retains High/Low selectors
2026-10-07T00:51:08.8948275Z ok 153 - untrusted and untitled assistance executes no compiler and retains High/Low selectors
2026-10-07T00:51:08.8948713Z   ---
2026-10-07T00:51:08.8948899Z   duration_ms: 9.183721
2026-10-07T00:51:08.8949113Z   type: 'test'
2026-10-07T00:51:08.8949303Z   ...
2026-10-07T00:51:08.8949770Z # Subtest: Low builtin help uses fn and record in hover, completion and signatures without a compiler
2026-10-07T00:51:08.8950486Z ok 154 - Low builtin help uses fn and record in hover, completion and signatures without a compiler
2026-10-07T00:51:08.8950917Z   ---
2026-10-07T00:51:08.8951101Z   duration_ms: 3.383087
2026-10-07T00:51:08.8951309Z   type: 'test'
2026-10-07T00:51:08.8951740Z   ...
2026-10-07T00:51:08.8952742Z # Subtest: Low declaration and standard-operation help displays braces while retaining compiler kinds and call shapes
2026-10-07T00:51:08.8953970Z ok 155 - Low declaration and standard-operation help displays braces while retaining compiler kinds and call shapes
2026-10-07T00:51:08.8954480Z   ---
2026-10-07T00:51:08.8954663Z   duration_ms: 4.110033
2026-10-07T00:51:08.8954880Z   type: 'test'
2026-10-07T00:51:08.8955069Z   ...
2026-10-07T00:51:08.8955486Z # Subtest: Low enum declaration help removes namespace prefixes only from variant names
2026-10-07T00:51:08.8956120Z ok 156 - Low enum declaration help removes namespace prefixes only from variant names
2026-10-07T00:51:08.8956513Z   ---
2026-10-07T00:51:08.8956702Z   duration_ms: 5.506926
2026-10-07T00:51:08.8956913Z   type: 'test'
2026-10-07T00:51:08.8957099Z   ...
2026-10-07T00:51:08.8957513Z # Subtest: Low folding is available without trust or a compiler and honors cancellation
2026-10-07T00:51:08.8958132Z ok 157 - Low folding is available without trust or a compiler and honors cancellation
2026-10-07T00:51:08.8958513Z   ---
2026-10-07T00:51:08.8958701Z   duration_ms: 2.335183
2026-10-07T00:51:08.8958910Z   type: 'test'
2026-10-07T00:51:08.8959094Z   ...
2026-10-07T00:51:08.8959578Z # Subtest: cancelled, closed and changed documents cannot receive static fallback from failed queries
2026-10-07T00:51:08.8960320Z ok 158 - cancelled, closed and changed documents cannot receive static fallback from failed queries
2026-10-07T00:51:08.8960756Z   ---
2026-10-07T00:51:08.8960944Z   duration_ms: 2.633981
2026-10-07T00:51:08.8961151Z   type: 'test'
2026-10-07T00:51:08.8961336Z   ...
2026-10-07T00:51:08.8962173Z # Subtest: registered providers render enum/member kinds and payload signature parameters
2026-10-07T00:51:08.8963017Z ok 159 - registered providers render enum/member kinds and payload signature parameters
2026-10-07T00:51:08.8963421Z   ---
2026-10-07T00:51:08.8963609Z   duration_ms: 3.796669
2026-10-07T00:51:08.8963825Z   type: 'test'
2026-10-07T00:51:08.8964010Z   ...
2026-10-07T00:51:08.8964475Z # Subtest: standard F12 targets open compiler registry text through a read-only virtual document
2026-10-07T00:51:08.8965187Z ok 160 - standard F12 targets open compiler registry text through a read-only virtual document
2026-10-07T00:51:08.8965609Z   ---
2026-10-07T00:51:08.8965796Z   duration_ms: 2.89635
2026-10-07T00:51:08.8966017Z   type: 'test'
2026-10-07T00:51:08.8966203Z   ...
2026-10-07T00:51:08.8966667Z # Subtest: standard F12 keeps each project compiler registry text when another compiler is queried
2026-10-07T00:51:08.8967387Z ok 161 - standard F12 keeps each project compiler registry text when another compiler is queried
2026-10-07T00:51:08.8967815Z   ---
2026-10-07T00:51:08.8968001Z   duration_ms: 8.374933
2026-10-07T00:51:08.8968217Z   type: 'test'
2026-10-07T00:51:08.8968408Z   ...
2026-10-07T00:51:08.8968917Z # Subtest: keyword completion covers existing syntax in High and Low without leaking into types or members
2026-10-07T00:51:08.8969705Z ok 162 - keyword completion covers existing syntax in High and Low without leaking into types or members
2026-10-07T00:51:08.8970171Z   ---
2026-10-07T00:51:08.8970356Z   duration_ms: 3.74929
2026-10-07T00:51:08.8970568Z   type: 'test'
2026-10-07T00:51:08.8970758Z   ...
2026-10-07T00:51:08.8971251Z # Subtest: static builtin help works with incomplete syntax without an index
2026-10-07T00:51:08.8972199Z ok 163 - static builtin help works with incomplete syntax without an index
2026-10-07T00:51:08.8972566Z   ---
2026-10-07T00:51:08.8972751Z   duration_ms: 2.377252
2026-10-07T00:51:08.8972962Z   type: 'test'
2026-10-07T00:51:08.8973152Z   ...
2026-10-07T00:51:08.8973653Z # Subtest: static builtin fallback avoids declarations, parameters and local bindings that shadow the name
2026-10-07T00:51:08.8974451Z ok 164 - static builtin fallback avoids declarations, parameters and local bindings that shadow the name
2026-10-07T00:51:08.8974912Z   ---
2026-10-07T00:51:08.8975096Z   duration_ms: 6.450295
2026-10-07T00:51:08.8975308Z   type: 'test'
2026-10-07T00:51:08.8975491Z   ...
2026-10-07T00:51:08.8976015Z # Subtest: unresolved imports suppress guessed builtins but retain syntax and types; checked declarations win
2026-10-07T00:51:08.8976835Z ok 165 - unresolved imports suppress guessed builtins but retain syntax and types; checked declarations win
2026-10-07T00:51:08.8977312Z   ---
2026-10-07T00:51:08.8977511Z   duration_ms: 2.216863
2026-10-07T00:51:08.8977727Z   type: 'test'
2026-10-07T00:51:08.8977914Z   ...
2026-10-07T00:51:08.8978396Z # Subtest: signature help does not replace a compiler-resolved local function with builtin metadata
2026-10-07T00:51:08.8979138Z ok 166 - signature help does not replace a compiler-resolved local function with builtin metadata
2026-10-07T00:51:08.8979580Z   ---
2026-10-07T00:51:08.8979782Z   duration_ms: 0.732686
2026-10-07T00:51:08.8980002Z   type: 'test'
2026-10-07T00:51:08.8980193Z   ...
2026-10-07T00:51:08.8980667Z # Subtest: lexical references prevent guessed signatures when a type error removes local types
2026-10-07T00:51:08.8981369Z ok 167 - lexical references prevent guessed signatures when a type error removes local types
2026-10-07T00:51:08.8982139Z   ---
2026-10-07T00:51:08.8982336Z   duration_ms: 0.501305
2026-10-07T00:51:08.8982564Z   type: 'test'
2026-10-07T00:51:08.8982756Z   ...
2026-10-07T00:51:08.8983219Z # Subtest: unfinished line strings do not hide later assistance and preserve UTF-16 CRLF ranges
2026-10-07T00:51:08.8983924Z ok 168 - unfinished line strings do not hide later assistance and preserve UTF-16 CRLF ranges
2026-10-07T00:51:08.8984343Z   ---
2026-10-07T00:51:08.8984535Z   duration_ms: 0.959448
2026-10-07T00:51:08.8984758Z   type: 'test'
2026-10-07T00:51:08.8985103Z   ...
2026-10-07T00:51:08.8985588Z # Subtest: registered resources and constants keep namespaces and never create constructor snippets
2026-10-07T00:51:08.8986343Z ok 169 - registered resources and constants keep namespaces and never create constructor snippets
2026-10-07T00:51:08.8986783Z   ---
2026-10-07T00:51:08.8986974Z   duration_ms: 6.636922
2026-10-07T00:51:08.8987194Z   type: 'test'
2026-10-07T00:51:08.8987389Z   ...
2026-10-07T00:51:08.8987804Z # Subtest: standard operation and aliased constants preserve hover and argument help
2026-10-07T00:51:08.8988433Z ok 170 - standard operation and aliased constants preserve hover and argument help
2026-10-07T00:51:08.8988826Z   ---
2026-10-07T00:51:08.8989013Z   duration_ms: 2.325806
2026-10-07T00:51:08.8989228Z   type: 'test'
2026-10-07T00:51:08.8989416Z   ...
2026-10-07T00:51:08.8989852Z # Subtest: typed resource fields are read-only and do not expose type constants on values
2026-10-07T00:51:08.8990504Z ok 171 - typed resource fields are read-only and do not expose type constants on values
2026-10-07T00:51:08.8990912Z   ---
2026-10-07T00:51:08.8991100Z   duration_ms: 1.054797
2026-10-07T00:51:08.8991314Z   type: 'test'
2026-10-07T00:51:08.8991726Z   ...
2026-10-07T00:51:08.8992196Z # Subtest: virtual source identifiers cannot navigate to project paths or URLs
2026-10-07T00:51:08.8992782Z ok 172 - virtual source identifiers cannot navigate to project paths or URLs
2026-10-07T00:51:08.8993150Z   ---
2026-10-07T00:51:08.8993344Z   duration_ms: 0.591092
2026-10-07T00:51:08.8993557Z   type: 'test'
2026-10-07T00:51:08.8993742Z   ...
2026-10-07T00:51:08.8994289Z # Subtest: virtual registry revisions keep module paths and accept only a source hash
2026-10-07T00:51:08.8994935Z ok 173 - virtual registry revisions keep module paths and accept only a source hash
2026-10-07T00:51:08.8995323Z   ---
2026-10-07T00:51:08.8995508Z   duration_ms: 0.469425
2026-10-07T00:51:08.8995723Z   type: 'test'
2026-10-07T00:51:08.8995908Z   ...
2026-10-07T00:51:08.8996295Z # Subtest: Some and None are pattern assistance, not general value constructors
2026-10-07T00:51:08.8996868Z ok 174 - Some and None are pattern assistance, not general value constructors
2026-10-07T00:51:08.8997224Z   ---
2026-10-07T00:51:08.8997408Z   duration_ms: 2.067244
2026-10-07T00:51:08.8997624Z   type: 'test'
2026-10-07T00:51:08.8997810Z   ...
2026-10-07T00:51:08.8998279Z # Subtest: standard import completion uses the compiler catalog and replaces the full dotted path
2026-10-07T00:51:08.8999006Z ok 175 - standard import completion uses the compiler catalog and replaces the full dotted path
2026-10-07T00:51:08.8999434Z   ---
2026-10-07T00:51:08.8999622Z   duration_ms: 0.934812
2026-10-07T00:51:08.8999832Z   type: 'test'
2026-10-07T00:51:08.9000021Z   ...
2026-10-07T00:51:08.9000445Z # Subtest: Low standard imports can follow another declaration or import on the same line
2026-10-07T00:51:08.9001090Z ok 176 - Low standard imports can follow another declaration or import on the same line
2026-10-07T00:51:08.9001719Z   ---
2026-10-07T00:51:08.9001925Z   duration_ms: 0.446362
2026-10-07T00:51:08.9002139Z   type: 'test'
2026-10-07T00:51:08.9002329Z   ...
2026-10-07T00:51:08.9002785Z # Subtest: real nagi standard symbols keep resource identity, virtual sources and UTF-16 targets
2026-10-07T00:51:08.9003484Z ok 177 - real nagi standard symbols keep resource identity, virtual sources and UTF-16 targets
2026-10-07T00:51:08.9003906Z   ---
2026-10-07T00:51:08.9004127Z   duration_ms: 624.90382
2026-10-07T00:51:08.9004352Z   type: 'test'
2026-10-07T00:51:08.9004542Z   ...
2026-10-07T00:51:08.9004991Z # Subtest: real low standard symbols keep resource identity, virtual sources and UTF-16 targets
2026-10-07T00:51:08.9005680Z ok 178 - real low standard symbols keep resource identity, virtual sources and UTF-16 targets
2026-10-07T00:51:08.9006100Z   ---
2026-10-07T00:51:08.9006288Z   duration_ms: 437.018224
2026-10-07T00:51:08.9006509Z   type: 'test'
2026-10-07T00:51:08.9006695Z   ...
2026-10-07T00:51:08.9007257Z # Subtest: unsaved dependency standard aliases update sources without saving or building
2026-10-07T00:51:08.9007907Z ok 179 - unsaved dependency standard aliases update sources without saving or building
2026-10-07T00:51:08.9008305Z   ---
2026-10-07T00:51:08.9008498Z   duration_ms: 360.072317
2026-10-07T00:51:08.9008713Z   type: 'test'
2026-10-07T00:51:08.9008900Z   ...
2026-10-07T00:51:08.9009355Z # Subtest: an incomplete initial standard import uses the registry catalog from a saved snapshot
2026-10-07T00:51:08.9010050Z ok 180 - an incomplete initial standard import uses the registry catalog from a saved snapshot
2026-10-07T00:51:08.9010466Z   ---
2026-10-07T00:51:08.9010661Z   duration_ms: 102.909312
2026-10-07T00:51:08.9010881Z   type: 'test'
2026-10-07T00:51:08.9011065Z   ...
2026-10-07T00:51:08.9011450Z # Subtest: shared receiver fields are read-only regardless of each field type
2026-10-07T00:51:08.9012304Z ok 181 - shared receiver fields are read-only regardless of each field type
2026-10-07T00:51:08.9012686Z   ---
2026-10-07T00:51:08.9012878Z   duration_ms: 100.255372
2026-10-07T00:51:08.9013096Z   type: 'test'
2026-10-07T00:51:08.9013283Z   ...
2026-10-07T00:51:08.9013772Z # Subtest: nagi saved snapshots complete new modules and from-import names before imports are checked
2026-10-07T00:51:08.9014525Z ok 182 - nagi saved snapshots complete new modules and from-import names before imports are checked
2026-10-07T00:51:08.9014967Z   ---
2026-10-07T00:51:08.9015162Z   duration_ms: 6.897329
2026-10-07T00:51:08.9015374Z   type: 'test'
2026-10-07T00:51:08.9015560Z   ...
2026-10-07T00:51:08.9016132Z # Subtest: nagi readiness and wait resources preserve namespaces and do not offer constructors
2026-10-07T00:51:08.9016836Z ok 183 - nagi readiness and wait resources preserve namespaces and do not offer constructors
2026-10-07T00:51:08.9017247Z   ---
2026-10-07T00:51:08.9017433Z   duration_ms: 8.708004
2026-10-07T00:51:08.9017649Z   type: 'test'
2026-10-07T00:51:08.9017838Z   ...
2026-10-07T00:51:08.9018262Z # Subtest: nagi WaitError value fields keep borrowed payload types and read-only status
2026-10-07T00:51:08.9018904Z ok 184 - nagi WaitError value fields keep borrowed payload types and read-only status
2026-10-07T00:51:08.9019297Z   ---
2026-10-07T00:51:08.9019483Z   duration_ms: 0.823195
2026-10-07T00:51:08.9019699Z   type: 'test'
2026-10-07T00:51:08.9019884Z   ...
2026-10-07T00:51:08.9020431Z # Subtest: nagi inferred standard operations insert positional calls and retain exact callback and Future contracts
2026-10-07T00:51:08.9021298Z ok 185 - nagi inferred standard operations insert positional calls and retain exact callback and Future contracts
2026-10-07T00:51:08.9022102Z   ---
2026-10-07T00:51:08.9022297Z   duration_ms: 3.048233
2026-10-07T00:51:08.9022513Z   type: 'test'
2026-10-07T00:51:08.9022698Z   ...
2026-10-07T00:51:08.9023180Z # Subtest: low saved snapshots complete new modules and from-import names before imports are checked
2026-10-07T00:51:08.9023919Z ok 186 - low saved snapshots complete new modules and from-import names before imports are checked
2026-10-07T00:51:08.9024364Z   ---
2026-10-07T00:51:08.9024548Z   duration_ms: 0.876153
2026-10-07T00:51:08.9024766Z   type: 'test'
2026-10-07T00:51:08.9024956Z   ...
2026-10-07T00:51:08.9025399Z # Subtest: low readiness and wait resources preserve namespaces and do not offer constructors
2026-10-07T00:51:08.9026079Z ok 187 - low readiness and wait resources preserve namespaces and do not offer constructors
2026-10-07T00:51:08.9026500Z   ---
2026-10-07T00:51:08.9026682Z   duration_ms: 3.930628
2026-10-07T00:51:08.9026894Z   type: 'test'
2026-10-07T00:51:08.9027082Z   ...
2026-10-07T00:51:08.9027502Z # Subtest: low WaitError value fields keep borrowed payload types and read-only status
2026-10-07T00:51:08.9028127Z ok 188 - low WaitError value fields keep borrowed payload types and read-only status
2026-10-07T00:51:08.9028521Z   ---
2026-10-07T00:51:08.9028702Z   duration_ms: 0.389417
2026-10-07T00:51:08.9028907Z   type: 'test'
2026-10-07T00:51:08.9029235Z   ...
2026-10-07T00:51:08.9029784Z # Subtest: low inferred standard operations insert positional calls and retain exact callback and Future contracts
2026-10-07T00:51:08.9030649Z ok 189 - low inferred standard operations insert positional calls and retain exact callback and Future contracts
2026-10-07T00:51:08.9031133Z   ---
2026-10-07T00:51:08.9031324Z   duration_ms: 2.471618
2026-10-07T00:51:08.9031809Z   type: 'test'
2026-10-07T00:51:08.9032008Z   ...
2026-10-07T00:51:08.9032490Z # Subtest: new operations and constants navigate to compiler standard sources with UTF-16 locations
2026-10-07T00:51:08.9033227Z ok 190 - new operations and constants navigate to compiler standard sources with UTF-16 locations
2026-10-07T00:51:08.9033661Z   ---
2026-10-07T00:51:08.9033854Z   duration_ms: 3.034708
2026-10-07T00:51:08.9034068Z   type: 'test'
2026-10-07T00:51:08.9034250Z   ...
2026-10-07T00:51:08.9034745Z # Subtest: real nagi borrowed list locals and nested fields keep read-only metadata in editor assistance
2026-10-07T00:51:08.9035496Z ok 191 - real nagi borrowed list locals and nested fields keep read-only metadata in editor assistance
2026-10-07T00:51:08.9035935Z   ---
2026-10-07T00:51:08.9036127Z   duration_ms: 116.681054
2026-10-07T00:51:08.9036347Z   type: 'test'
2026-10-07T00:51:08.9036536Z   ...
2026-10-07T00:51:08.9037015Z # Subtest: real low borrowed list locals and nested fields keep read-only metadata in editor assistance
2026-10-07T00:51:08.9037761Z ok 192 - real low borrowed list locals and nested fields keep read-only metadata in editor assistance
2026-10-07T00:51:08.9038199Z   ---
2026-10-07T00:51:08.9038385Z   duration_ms: 105.827269
2026-10-07T00:51:08.9038608Z   type: 'test'
2026-10-07T00:51:08.9038922Z   ...
2026-10-07T00:51:08.9039394Z # Subtest: real nagi map_error aliases retain inferred generics and standard virtual navigation
2026-10-07T00:51:08.9040093Z ok 193 - real nagi map_error aliases retain inferred generics and standard virtual navigation
2026-10-07T00:51:08.9040517Z   ---
2026-10-07T00:51:08.9040708Z   duration_ms: 108.48615
2026-10-07T00:51:08.9040929Z   type: 'test'
2026-10-07T00:51:08.9041115Z   ...
2026-10-07T00:51:08.9041817Z # Subtest: real low map_error aliases retain inferred generics and standard virtual navigation
2026-10-07T00:51:08.9042532Z ok 194 - real low map_error aliases retain inferred generics and standard virtual navigation
2026-10-07T00:51:08.9042954Z   ---
2026-10-07T00:51:08.9043147Z   duration_ms: 185.306448
2026-10-07T00:51:08.9043373Z   type: 'test'
2026-10-07T00:51:08.9043560Z   ...
2026-10-07T00:51:08.9044047Z # Subtest: real nagi readiness and deadline API assistance keeps resource aliases and read-only fields
2026-10-07T00:51:08.9044800Z ok 195 - real nagi readiness and deadline API assistance keeps resource aliases and read-only fields
2026-10-07T00:51:08.9045245Z   ---
2026-10-07T00:51:08.9045432Z   duration_ms: 342.943625
2026-10-07T00:51:08.9045652Z   type: 'test'
2026-10-07T00:51:08.9045842Z   ...
2026-10-07T00:51:08.9046313Z # Subtest: real low readiness and deadline API assistance keeps resource aliases and read-only fields
2026-10-07T00:51:08.9047044Z ok 196 - real low readiness and deadline API assistance keeps resource aliases and read-only fields
2026-10-07T00:51:08.9047486Z   ---
2026-10-07T00:51:08.9047669Z   duration_ms: 346.233417
2026-10-07T00:51:08.9047885Z   type: 'test'
2026-10-07T00:51:08.9048077Z   ...
2026-10-07T00:51:08.9048488Z # Subtest: cross-module call curves fit with marker and stroke space on both sides
2026-10-07T00:51:08.9049093Z ok 197 - cross-module call curves fit with marker and stroke space on both sides
2026-10-07T00:51:08.9049472Z   ---
2026-10-07T00:51:08.9049657Z   duration_ms: 2.695124
2026-10-07T00:51:08.9049878Z   type: 'test'
2026-10-07T00:51:08.9050063Z   ...
2026-10-07T00:51:08.9050412Z # Subtest: ordinary stock-report layout keeps its existing extent
2026-10-07T00:51:08.9050897Z ok 198 - ordinary stock-report layout keeps its existing extent
2026-10-07T00:51:08.9051218Z   ---
2026-10-07T00:51:08.9051409Z   duration_ms: 0.219118
2026-10-07T00:51:08.9052184Z   type: 'test'
2026-10-07T00:51:08.9052378Z   ...
2026-10-07T00:51:08.9052774Z # Subtest: geometry above or below the layout extends the vertical viewport
2026-10-07T00:51:08.9053343Z ok 199 - geometry above or below the layout extends the vertical viewport
2026-10-07T00:51:08.9053697Z   ---
2026-10-07T00:51:08.9053891Z   duration_ms: 0.235679
2026-10-07T00:51:08.9054111Z   type: 'test'
2026-10-07T00:51:08.9054299Z   ...
2026-10-07T00:51:08.9054643Z # Subtest: an empty SVG bounding box does not add blank padding
2026-10-07T00:51:08.9055122Z ok 200 - an empty SVG bounding box does not add blank padding
2026-10-07T00:51:08.9055438Z   ---
2026-10-07T00:51:08.9055634Z   duration_ms: 0.194503
2026-10-07T00:51:08.9055859Z   type: 'test'
2026-10-07T00:51:08.9056048Z   ...
2026-10-07T00:51:08.9056440Z # Subtest: non-finite browser measurements preserve the finite layout extent
2026-10-07T00:51:08.9057034Z ok 201 - non-finite browser measurements preserve the finite layout extent
2026-10-07T00:51:08.9057409Z   ---
2026-10-07T00:51:08.9057598Z   duration_ms: 0.61632
2026-10-07T00:51:08.9057816Z   type: 'test'
2026-10-07T00:51:08.9058002Z   ...
2026-10-07T00:51:08.9058173Z 1..201
2026-10-07T00:51:08.9058357Z # tests 201
2026-10-07T00:51:08.9058544Z # suites 0
2026-10-07T00:51:08.9058728Z # pass 201
2026-10-07T00:51:08.9058907Z # fail 0
2026-10-07T00:51:08.9059091Z # cancelled 0
2026-10-07T00:51:08.9059282Z # skipped 0
2026-10-07T00:51:08.9059463Z # todo 0
2026-10-07T00:51:08.9059670Z # duration_ms 4683.671257
2026-10-07T00:51:08.9100115Z ##[group]Run cargo test --locked -p nagic --test output_safety --test integer_arithmetic --test integer_zero_division --test constant_validation --test auth_boundaries --test view_branch_rebinding --test view_container_rebinding --test view_container_drop --test view_flow_foundation --test view_flow_completion --test explicit_moves --test task_handles --test conformance --test scope_runtime_contract --test copy_capabilities --test shared_field_moves --test asset_calls --test shared_target --test build_generations --test project
2026-10-07T00:51:08.9104019Z [36;1mcargo test --locked -p nagic --test output_safety --test integer_arithmetic --test integer_zero_division --test constant_validation --test auth_boundaries --test view_branch_rebinding --test view_container_rebinding --test view_container_drop --test view_flow_foundation --test view_flow_completion --test explicit_moves --test task_handles --test conformance --test scope_runtime_contract --test copy_capabilities --test shared_field_moves --test asset_calls --test shared_target --test build_generations --test project[0m
2026-10-07T00:51:08.9168292Z shell: /usr/bin/bash -e {0}
2026-10-07T00:51:08.9168545Z env:
2026-10-07T00:51:08.9168853Z   NAGI_FAILURE_DIR: /home/runner/work/Nagi/Nagi/build/compiler-failures
2026-10-07T00:51:08.9169244Z   CARGO_HOME: /home/runner/.cargo
2026-10-07T00:51:08.9169503Z   CARGO_INCREMENTAL: 0
2026-10-07T00:51:08.9169724Z   CARGO_TERM_COLOR: always
2026-10-07T00:51:08.9170019Z   pythonLocation: /opt/hostedtoolcache/Python/3.12.15/x64
2026-10-07T00:51:08.9170452Z   PKG_CONFIG_PATH: /opt/hostedtoolcache/Python/3.12.15/x64/lib/pkgconfig
2026-10-07T00:51:08.9170874Z   Python_ROOT_DIR: /opt/hostedtoolcache/Python/3.12.15/x64
2026-10-07T00:51:08.9171250Z   Python2_ROOT_DIR: /opt/hostedtoolcache/Python/3.12.15/x64
2026-10-07T00:51:08.9171903Z   Python3_ROOT_DIR: /opt/hostedtoolcache/Python/3.12.15/x64
2026-10-07T00:51:08.9172307Z   LD_LIBRARY_PATH: /opt/hostedtoolcache/Python/3.12.15/x64/lib
2026-10-07T00:51:08.9172645Z ##[endgroup]
2026-10-07T00:51:08.9694185Z [1m[92m   Compiling[0m nagic v0.1.11 (/home/runner/work/Nagi/Nagi/compiler)
2026-10-07T00:51:11.9897515Z [1m[92m    Finished[0m `test` profile [unoptimized + debuginfo] target(s) in 3.05s
2026-10-07T00:51:11.9935794Z [1m[92m     Running[0m tests/asset_calls.rs (target/debug/deps/asset_calls-a9b688f491a3a006)
2026-10-07T00:51:11.9947525Z 
2026-10-07T00:51:11.9947673Z running 2 tests
2026-10-07T00:51:11.9961417Z test a_missing_real_asset_still_reports_the_original_call ... ok
2026-10-07T00:51:12.1353004Z test local_callbacks_named_include_text_keep_literals_and_restore_builtin_after_scope ... ok
2026-10-07T00:51:12.1353470Z 
2026-10-07T00:51:12.1353869Z test result: ok. 2 passed; 0 failed; 0 ignored; 0 measured; 0 filtered out; finished in 0.14s
2026-10-07T00:51:12.1354228Z 
2026-10-07T00:51:12.1355478Z [1m[92m     Running[0m tests/auth_boundaries.rs (target/debug/deps/auth_boundaries-eed64a4021195247)
2026-10-07T00:51:12.1366377Z 
2026-10-07T00:51:12.1366571Z running 9 tests
2026-10-07T00:51:12.1702825Z test handwritten_low_and_owned_local_containers_keep_nominal_marker_identity ... ok
2026-10-07T00:51:12.2122468Z test aliases_option_result_and_async_delegation_preserve_proof_identity ... ok
2026-10-07T00:51:12.3722966Z test a_function_signature_and_a_deep_dto_do_not_contain_a_proof_payload ... ok
2026-10-07T00:51:12.4152498Z test missing_principal_grant_wrong_permission_and_reuse_are_rejected ... ok
2026-10-07T00:51:12.9873437Z test opaque_proofs_cannot_be_constructed_decoded_copied_or_shared ... ok
2026-10-07T00:51:13.4012921Z test indirect_arc_state_cannot_share_a_proof ... ok
2026-10-07T00:52:12.2114508Z test native_phantom_types_do_not_become_field_payloads has been running for over 60 seconds
2026-10-07T00:52:12.3716664Z test opaque_main_errors_fail_without_a_debug_bound_or_proof_payload has been running for over 60 seconds
2026-10-07T00:52:12.9843567Z test proof_move_and_nominal_marker_build_and_run_against_real_runtime has been running for over 60 seconds
2026-10-07T00:52:24.3601044Z test proof_move_and_nominal_marker_build_and_run_against_real_runtime ... ok
2026-10-07T00:52:25.4681873Z test native_phantom_types_do_not_become_field_payloads ... ok
2026-10-07T00:52:26.1412283Z test opaque_main_errors_fail_without_a_debug_bound_or_proof_payload ... ok
2026-10-07T00:52:26.1412730Z 
2026-10-07T00:52:26.1413217Z test result: ok. 9 passed; 0 failed; 0 ignored; 0 measured; 0 filtered out; finished in 74.00s
2026-10-07T00:52:26.1413719Z 
2026-10-07T00:52:26.1416254Z [1m[92m     Running[0m tests/build_generations.rs (target/debug/deps/build_generations-ac5dca774a107787)
2026-10-07T00:52:26.1426912Z 
2026-10-07T00:52:26.1427095Z running 23 tests
2026-10-07T00:52:26.4802789Z test cargo_cache_keeps_a_preexisting_default_package_binary_unchanged ... ok
2026-10-07T00:52:26.5048053Z test invalid_input_does_not_create_output_or_its_lock ... ok
2026-10-07T00:52:26.5231924Z test a_running_old_executable_is_not_replaced_by_a_new_build ... ok
2026-10-07T00:52:26.6951759Z test cargo_failure_retains_latest_and_inherited_lockfile ... ok
2026-10-07T00:52:26.7171252Z test lock_is_permanent_and_input_protection_is_rechecked_after_waiting ... ok
2026-10-07T00:52:26.7263798Z test latest_metadata_used_as_an_input_cannot_be_overwritten_by_rebuild ... ok
2026-10-07T00:52:26.7493265Z test nonwriting_low_check_and_lower_do_not_wait_for_the_output_writer_lock ... ok
2026-10-07T00:52:26.7924252Z test compatibility_outputs_cannot_alias_previous_latest_metadata ... ok
2026-10-07T00:52:26.9317349Z test long_basename_accepted_by_the_previous_cache_scheme_uses_a_short_generation_bin ... ok
2026-10-07T00:52:27.0352593Z test latest_temp_failure_keeps_old_metadata_and_does_not_run_new_generation ... ok
2026-10-07T00:52:27.2882173Z test published_manifest_runtime_reference_resolves_from_the_published_location ... ok
2026-10-07T00:52:27.3565847Z test orphan_cargo_uses_an_immutable_snapshot_and_cannot_replace_next_generation ... ok
2026-10-07T00:52:27.4519137Z test parallel_latest_readers_observe_only_complete_published_generations ... ok
2026-10-07T00:52:27.5199932Z test projection_failure_keeps_old_latest_and_reports_partial_projection ... ok
2026-10-07T00:52:27.6899747Z test rebuild_publishes_new_generation_and_preserves_old_executable_and_snapshot ... ok
2026-10-07T00:52:27.7144151Z test source_snapshot_retains_raw_non_utf8_canonical_path_without_rejecting_old_accepted_input ... ok
2026-10-07T00:52:27.7357098Z test run_releases_output_lock_before_waiting_for_the_selected_executable ... ok
2026-10-07T00:52:27.9054890Z test user_low_snapshot_comes_from_this_input_instead_of_a_stale_high_projection ... ok
2026-10-07T00:52:28.1233040Z test writing_high_check_cannot_alias_previous_latest ... ok
2026-10-07T00:52:28.1835750Z test writing_cost_report_cannot_alias_previous_latest ... ok
2026-10-07T00:52:28.3348370Z test writing_high_lower_cannot_alias_previous_latest ... ok
2026-10-07T00:52:28.4186907Z test same_and_different_apps_with_equivalent_output_paths_wait_for_one_output_writer ... ok
2026-10-07T00:52:28.7234066Z test writing_check_lower_and_cost_wait_while_build_owns_the_output_lock ... ok
2026-10-07T00:52:28.7234459Z 
2026-10-07T00:52:28.7234916Z test result: ok. 23 passed; 0 failed; 0 ignored; 0 measured; 0 filtered out; finished in 2.58s
2026-10-07T00:52:28.7235301Z 
2026-10-07T00:52:28.7237559Z [1m[92m     Running[0m tests/conformance.rs (target/debug/deps/conformance-10b6bcd826e5d300)
2026-10-07T00:52:28.7250133Z 
2026-10-07T00:52:28.7250324Z running 6 tests
2026-10-07T00:52:28.7272647Z test batch_root_relocation_preserves_literals_raw_strings_and_comments ... ok
2026-10-07T00:52:28.7322906Z test failure_shrinking_preserves_the_checker_failure_instead_of_a_parse_error ... ok
2026-10-07T00:52:28.7628366Z test native_process_deadline_reaps_a_hanging_child ... ok
2026-10-07T00:52:28.8592209Z test explicit_move_corpus_reaches_native_execution ... ok
2026-10-07T00:52:29.0169339Z test backend_shrinking_does_not_turn_an_oracle_error_into_a_compiler_reproducer ... ok
2026-10-07T00:52:29.2690719Z test corpus_and_bounded_generated_contracts_reach_native_execution ... ok
2026-10-07T00:52:29.2691152Z 
2026-10-07T00:52:29.2691884Z test result: ok. 6 passed; 0 failed; 0 ignored; 0 measured; 0 filtered out; finished in 0.54s
2026-10-07T00:52:29.2692397Z 
2026-10-07T00:52:29.2694237Z [1m[92m     Running[0m tests/constant_validation.rs (target/debug/deps/constant_validation-0e39bd3606e00fad)
2026-10-07T00:52:29.2705886Z 
2026-10-07T00:52:29.2706087Z running 10 tests
2026-10-07T00:52:29.2745547Z test builtin_widening_uses_resolution_and_result_casts_remain_opaque ... ok
2026-10-07T00:52:29.2763004Z test binding_facts_follow_reassignment_scope_and_continuing_branch_joins ... ok
2026-10-07T00:52:29.2792631Z test compound_failures_are_checked_even_in_dead_branches_and_short_circuit_rhs ... ok
2026-10-07T00:52:29.2805699Z test loop_writes_kill_facts_before_conditions_and_respect_shadowed_counter_bindings ... ok
2026-10-07T00:52:29.2849544Z test profile_dependent_intermediates_are_not_folded_to_a_known_zero ... ok
2026-10-07T00:52:29.2889186Z test signed_minimum_division_and_remainder_are_static_failures_in_every_width ... ok
2026-10-07T00:52:29.2905899Z test typed_ast_errors_precede_new_constant_diagnostics ... ok
2026-10-07T00:52:29.2987593Z test compound_and_alias_zero_fail_after_type_check_in_all_widths_and_forms ... ok
2026-10-07T00:52:29.2989088Z test compound_diagnostics_identify_original_modules_before_cargo ... ok
2026-10-07T00:52:29.7016986Z test minimum_negation_and_integer_oracle_build_and_run_in_both_profiles ... ok
2026-10-07T00:52:29.7017765Z 
2026-10-07T00:52:29.7018449Z test result: ok. 10 passed; 0 failed; 0 ignored; 0 measured; 0 filtered out; finished in 0.43s
2026-10-07T00:52:29.7018907Z 
2026-10-07T00:52:29.7020197Z [1m[92m     Running[0m tests/copy_capabilities.rs (target/debug/deps/copy_capabilities-454e412e91313fbd)
2026-10-07T00:52:29.7031737Z 
2026-10-07T00:52:29.7031936Z running 2 tests
2026-10-07T00:52:29.9170370Z test manual_clone_adapter_copies_owned_enum_payloads_in_high_and_independent_low ... ok
2026-10-07T00:52:29.9175579Z test omitted_clone_adapter_reports_the_element_clone_bound ... ok
2026-10-07T00:52:29.9175886Z 
2026-10-07T00:52:29.9176265Z test result: ok. 2 passed; 0 failed; 0 ignored; 0 measured; 0 filtered out; finished in 0.21s
2026-10-07T00:52:29.9176626Z 
2026-10-07T00:52:29.9179193Z [1m[92m     Running[0m tests/explicit_moves.rs (target/debug/deps/explicit_moves-5e3515c9c69044f3)
2026-10-07T00:52:29.9190804Z 
2026-10-07T00:52:29.9191339Z running 9 tests
2026-10-07T00:52:30.0073288Z test explicit_move_preserves_use_after_move_borrow_partial_move_and_loop_checks ... ok
2026-10-07T00:52:30.0523296Z test copy_inputs_keep_ordinary_assignment_and_move_expected_type_inference ... ok
2026-10-07T00:52:30.1173897Z test implicit_noncopy_local_assignments_fail_at_the_original_source_line ... ok
2026-10-07T00:52:30.9799237Z test move_keeps_typed_constant_failures_and_profile_dependent_overflow ... ok
2026-10-07T00:52:30.9999267Z test move_operation_rejects_arity_type_arguments_and_future_transfer ... ok
2026-10-07T00:52:31.0348027Z test moving_nested_view_containers_keeps_escape_and_temporary_rejections ... ok
2026-10-07T00:52:33.2620040Z test identity_moves_preserve_rhs_failure_drop_order_and_async_cancellation ... ok
2026-10-07T00:52:33.4680155Z test canonical_aliases_shadowing_and_transparent_values_run_in_all_three_sources ... ok
2026-10-07T00:52:33.6658091Z test identity_move_materializes_copy_values_and_keeps_bare_place_comparison_loans ... ok
2026-10-07T00:52:33.6658687Z 
2026-10-07T00:52:33.6659787Z test result: ok. 9 passed; 0 failed; 0 ignored; 0 measured; 0 filtered out; finished in 3.75s
2026-10-07T00:52:33.6660306Z 
2026-10-07T00:52:33.6662878Z [1m[92m     Running[0m tests/integer_arithmetic.rs (target/debug/deps/integer_arithmetic-f27d1588f5920ca4)
2026-10-07T00:52:33.6675811Z 
2026-10-07T00:52:33.6676075Z running 2 tests
2026-10-07T00:52:33.7164260Z test native_adapter_constant_overflow_keeps_rust_diagnostics ... ok
2026-10-07T00:52:33.8419949Z test constant_integer_arithmetic_preserves_release_wrapping_and_debug_panics ... ok
2026-10-07T00:52:33.8420680Z 
2026-10-07T00:52:33.8421328Z test result: ok. 2 passed; 0 failed; 0 ignored; 0 measured; 0 filtered out; finished in 0.17s
2026-10-07T00:52:33.8422313Z 
2026-10-07T00:52:33.8424554Z [1m[92m     Running[0m tests/integer_zero_division.rs (target/debug/deps/integer_zero_division-29ad25c628ff1baf)
2026-10-07T00:52:33.8436940Z 
2026-10-07T00:52:33.8437224Z running 5 tests
2026-10-07T00:52:33.8452398Z test dynamic_aliases_remain_runtime_operations ... ok
2026-10-07T00:52:33.8512736Z test operand_and_earlier_type_errors_keep_priority_over_zero_divisor_errors ... ok
2026-10-07T00:52:33.8820736Z test explicit_integer_zero_divisors_fail_in_high_handwritten_low_and_saved_low ... ok
2026-10-07T00:52:33.9529799Z test cli_rejects_zero_at_the_original_file_and_line_before_cargo ... ok
2026-10-07T00:52:34.6579096Z test dynamic_zero_nonzero_and_float_controls_compile_and_run_in_both_profiles ... ok
2026-10-07T00:52:34.6579843Z 
2026-10-07T00:52:34.6580516Z test result: ok. 5 passed; 0 failed; 0 ignored; 0 measured; 0 filtered out; finished in 0.81s
2026-10-07T00:52:34.6581173Z 
2026-10-07T00:52:34.6582579Z [1m[92m     Running[0m tests/output_safety.rs (target/debug/deps/output_safety-cbaa029a84ba4c09)
2026-10-07T00:52:34.6592476Z 
2026-10-07T00:52:34.6592703Z running 10 tests
2026-10-07T00:52:34.6646343Z test custom_project_manifest_is_protected_before_generated_outputs ... ok
2026-10-07T00:52:34.6678051Z test build_preflights_rust_adapter_before_writing_any_generated_files ... ok
2026-10-07T00:52:34.6679553Z test aliased_generated_outputs_are_rejected_without_partial_writes ... ok
2026-10-07T00:52:34.6759949Z test include_text_assets_are_protected_in_generated_and_map_outputs ... ok
2026-10-07T00:52:34.6886769Z test every_generated_file_rejects_a_hard_link_to_an_imported_source ... ok
2026-10-07T00:52:34.6942935Z test loaded_empty_module_filters_produce_empty_type_and_call_graphs ... ok
2026-10-07T00:52:34.6970673Z test native_low_is_not_replaced_by_check_or_lower_output ... ok
2026-10-07T00:52:34.6980341Z test symlinked_generated_paths_preserve_all_inputs ... ok
2026-10-07T00:52:34.7187956Z test repeated_checks_and_build_preparation_keep_existing_generated_outputs_usable ... ok
2026-10-07T00:52:34.8061293Z test map_formats_protect_hard_links_to_sources_manifest_and_rust_adapter ... ok
2026-10-07T00:52:34.8061960Z 
2026-10-07T00:52:34.8062443Z test result: ok. 10 passed; 0 failed; 0 ignored; 0 measured; 0 filtered out; finished in 0.15s
2026-10-07T00:52:34.8063362Z 
2026-10-07T00:52:34.8064713Z [1m[92m     Running[0m tests/project.rs (target/debug/deps/project-75cffb026d90b94e)
2026-10-07T00:52:34.8074996Z 
2026-10-07T00:52:34.8075203Z running 12 tests
2026-10-07T00:52:34.8193327Z test actual_cli_manifest_and_import_errors_point_to_original_files ... ok
2026-10-07T00:52:34.8233374Z test cli_overrides_scalars_and_dependency_versions_and_adds_native_files ... ok
2026-10-07T00:52:34.8242586Z test dependency_alias_collision_across_manifest_and_cli_is_rejected ... ok
2026-10-07T00:52:34.8278147Z test actual_cli_checks_entry_with_low_support_from_a_subdirectory ... ok
2026-10-07T00:52:34.8292834Z test explicit_source_keeps_legacy_behavior_even_next_to_a_broken_manifest ... ok
2026-10-07T00:52:34.8315290Z test invalid_commands_and_flags_fail_before_loading_sources ... ok
2026-10-07T00:52:34.8373544Z test manifest_typos_wrong_types_duplicates_and_empty_paths_are_rejected ... ok
2026-10-07T00:52:34.8375624Z test nearest_project_uses_manifest_relative_paths_from_any_subdirectory ... ok
2026-10-07T00:52:34.8402763Z test rust_diagnostic_details_are_an_explicit_build_or_run_option ... ok
2026-10-07T00:52:36.3843407Z test escaped_record_and_route_names_preserve_json_sqlite_and_rust_bridges ... ok
2026-10-07T00:52:36.7073006Z test a_borrowed_record_field_does_not_block_moving_a_disjoint_field ... ok
2026-10-07T00:53:34.8080630Z test actual_run_uses_rust_dependencies_and_a_stable_project_working_directory has been running for over 60 seconds
2026-10-07T00:53:39.2981309Z test actual_run_uses_rust_dependencies_and_a_stable_project_working_directory ... ok
2026-10-07T00:53:39.2982280Z 
2026-10-07T00:53:39.2983300Z test result: ok. 12 passed; 0 failed; 0 ignored; 0 measured; 0 filtered out; finished in 64.49s
2026-10-07T00:53:39.2983987Z 
2026-10-07T00:53:39.2985163Z [1m[92m     Running[0m tests/scope_runtime_contract.rs (target/debug/deps/scope_runtime_contract-07538c8dee5938c4)
2026-10-07T00:53:39.2996433Z 
2026-10-07T00:53:39.2996643Z running 1 test
2026-10-07T00:53:45.1322679Z test generated_scope_failure_and_cancellation_contract_runs_with_the_real_runtime ... ok
2026-10-07T00:53:45.1323382Z 
2026-10-07T00:53:45.1324013Z test result: ok. 1 passed; 0 failed; 0 ignored; 0 measured; 0 filtered out; finished in 5.83s
2026-10-07T00:53:45.1324613Z 
2026-10-07T00:53:45.1333744Z [1m[92m     Running[0m tests/shared_field_moves.rs (target/debug/deps/shared_field_moves-83d41641b628b85f)
2026-10-07T00:53:45.1338757Z 
2026-10-07T00:53:45.1339030Z running 4 tests
2026-10-07T00:53:45.1603366Z test nested_shared_parents_and_call_temporaries_cannot_supply_owned_fields ... ok
2026-10-07T00:53:45.1799424Z test invalid_shared_field_moves_fail_before_check_build_or_run_needs_cargo ... ok
2026-10-07T00:53:45.1828831Z test shared_field_moves_are_rejected_in_each_consuming_context_in_high_and_handwritten_low ... ok
2026-10-07T00:53:45.8729140Z test valid_arc_moves_copy_fields_and_explicit_copies_run_in_high_and_independent_low ... ok
2026-10-07T00:53:45.8729610Z 
2026-10-07T00:53:45.8729988Z test result: ok. 4 passed; 0 failed; 0 ignored; 0 measured; 0 filtered out; finished in 0.74s
2026-10-07T00:53:45.8730372Z 
2026-10-07T00:53:45.8732225Z [1m[92m     Running[0m tests/shared_target.rs (target/debug/deps/shared_target-5206f5b39eca0222)
2026-10-07T00:53:45.8742118Z 
2026-10-07T00:53:45.8742274Z running 3 tests
2026-10-07T00:53:45.8753435Z test repeated_timestamps_keep_fixture_ownership_distinct ... ok
2026-10-07T00:53:46.5331926Z test explicitly_shared_targets_keep_application_identity_stable_and_generations_distinct ... ok
2026-10-07T00:53:46.5334022Z test default_shared_targets_keep_application_identity_stable_and_generations_distinct ... ok
2026-10-07T00:53:46.5334814Z 
2026-10-07T00:53:46.5335507Z test result: ok. 3 passed; 0 failed; 0 ignored; 0 measured; 0 filtered out; finished in 0.66s
2026-10-07T00:53:46.5335975Z 
2026-10-07T00:53:46.5337242Z [1m[92m     Running[0m tests/task_handles.rs (target/debug/deps/task_handles-ec04dbe8422597b2)
2026-10-07T00:53:46.5348519Z 
2026-10-07T00:53:46.5348685Z running 8 tests
2026-10-07T00:53:46.5592907Z test canonical_task_metadata_survives_saved_low_and_user_task_names ... ok
2026-10-07T00:53:46.5965422Z test raw_check_registers_contextual_task_and_preserves_obligation ... ok
2026-10-07T00:53:55.7493361Z test native_business_fault_cleanup_and_branch_contracts ... ok
2026-10-07T00:53:56.1774728Z test task_conditional_consumption::always_evaluated_receipts_and_lazy_values_run_in_three_sources ... ok
2026-10-07T00:53:59.1332467Z test bounded_generated_task_paths_reach_native ... ok
2026-10-07T00:54:03.2381750Z test task_service::legacy_supervisor_terminal_and_normal_shutdown_reach_real_http ... ok
2026-10-07T00:54:04.0004600Z test task_service_s2::typed_monitor_preserves_service_errors_shutdown_and_parent_drop ... ok
2026-10-07T00:54:19.0735051Z test positive_contracts_build_and_run_high_saved_and_handwritten_low ... ok
2026-10-07T00:54:19.0735554Z 
2026-10-07T00:54:19.0736037Z test result: ok. 8 passed; 0 failed; 0 ignored; 0 measured; 0 filtered out; finished in 32.54s
2026-10-07T00:54:19.0736511Z 
2026-10-07T00:54:19.0739200Z [1m[92m     Running[0m tests/view_branch_rebinding.rs (target/debug/deps/view_branch_rebinding-0653cdf5c8243e2f)
2026-10-07T00:54:19.0749148Z 
2026-10-07T00:54:19.0749298Z running 4 tests
2026-10-07T00:54:19.0802757Z test local_views_still_cannot_escape_a_terminating_or_continuing_branch ... ok
2026-10-07T00:54:19.0808132Z test terminating_parent_blocks_respect_loop_and_pattern_binding_names ... ok
2026-10-07T00:54:19.0816691Z test branch_copies_are_synthetic_and_preserve_public_and_callback_lifetimes ... ok
2026-10-07T00:54:19.5040688Z test terminating_view_updates_compile_and_run_in_high_saved_low_and_handwritten_low ... ok
2026-10-07T00:54:19.5041421Z 
2026-10-07T00:54:19.5042301Z test result: ok. 4 passed; 0 failed; 0 ignored; 0 measured; 0 filtered out; finished in 0.43s
2026-10-07T00:54:19.5042682Z 
2026-10-07T00:54:19.5043871Z [1m[92m     Running[0m tests/view_container_drop.rs (target/debug/deps/view_container_drop-80f49958c207535c)
2026-10-07T00:54:19.5054592Z 
2026-10-07T00:54:19.5054756Z running 1 test
2026-10-07T00:54:20.4815363Z test local_view_container_replacement_preserves_allocations_and_drop_order ... ok
2026-10-07T00:54:20.4816050Z 
2026-10-07T00:54:20.4816680Z test result: ok. 1 passed; 0 failed; 0 ignored; 0 measured; 0 filtered out; finished in 0.98s
2026-10-07T00:54:20.4817281Z 
2026-10-07T00:54:20.4818592Z [1m[92m     Running[0m tests/view_container_rebinding.rs (target/debug/deps/view_container_rebinding-38af663e0539fbf3)
2026-10-07T00:54:20.4829008Z 
2026-10-07T00:54:20.4829203Z running 4 tests
2026-10-07T00:54:20.4842233Z test local_container_escape_stays_rejected_in_high_and_low ... ok
2026-10-07T00:54:20.8027438Z test restore_rhs_keeps_its_source_line_and_generated_slots_are_synthetic ... ok
2026-10-07T00:54:21.0197017Z test move_phi_and_mutation_fixtures_use_the_container_flow_plan ... ok
2026-10-07T00:54:21.5235431Z test owning_view_container_rebinding_runs_in_high_saved_low_and_handwritten_low ... ok
2026-10-07T00:54:21.5236274Z 
2026-10-07T00:54:21.5237008Z test result: ok. 4 passed; 0 failed; 0 ignored; 0 measured; 0 filtered out; finished in 1.04s
2026-10-07T00:54:21.5237533Z 
2026-10-07T00:54:21.5239807Z [1m[92m     Running[0m tests/view_flow_completion.rs (target/debug/deps/view_flow_completion-a91c3b1a25303d92)
2026-10-07T00:54:21.5250667Z 
2026-10-07T00:54:21.5250948Z running 3 tests
2026-10-07T00:54:21.5274247Z test completion_keeps_local_and_iterator_owner_escape_rejections ... ok
2026-10-07T00:54:21.5397882Z test scopes_keep_lexical_storage_and_route_nested_errors ... ok
2026-10-07T00:54:22.4678176Z test owned_storage_loops_and_async_compile_and_run_in_all_source_forms ... ok
2026-10-07T00:54:22.4678819Z 
2026-10-07T00:54:22.4679467Z test result: ok. 3 passed; 0 failed; 0 ignored; 0 measured; 0 filtered out; finished in 0.94s
2026-10-07T00:54:22.4679982Z 
2026-10-07T00:54:22.4681876Z [1m[92m     Running[0m tests/view_flow_foundation.rs (target/debug/deps/view_flow_foundation-4bcb7bebe2852d9d)
2026-10-07T00:54:22.4693031Z 
2026-10-07T00:54:22.4693226Z running 2 tests
2026-10-07T00:54:22.4861824Z test observer_lowering_does_not_accept_local_owner_escapes ... ok
2026-10-07T00:54:23.2553436Z test return_observers_and_match_edges_compile_and_run_in_all_source_forms ... ok
2026-10-07T00:54:23.2554119Z 
2026-10-07T00:54:23.2554651Z test result: ok. 2 passed; 0 failed; 0 ignored; 0 measured; 0 filtered out; finished in 0.79s
2026-10-07T00:54:23.2555023Z 
2026-10-07T00:54:23.2609045Z ##[group]Run cargo test --locked -p nagic --test sqlite_contract_inputs
2026-10-07T00:54:23.2609597Z [36;1mcargo test --locked -p nagic --test sqlite_contract_inputs[0m
2026-10-07T00:54:23.2673226Z shell: /usr/bin/bash -e {0}
2026-10-07T00:54:23.2673478Z env:
2026-10-07T00:54:23.2673788Z   NAGI_FAILURE_DIR: /home/runner/work/Nagi/Nagi/build/compiler-failures
2026-10-07T00:54:23.2674179Z   CARGO_HOME: /home/runner/.cargo
2026-10-07T00:54:23.2674429Z   CARGO_INCREMENTAL: 0
2026-10-07T00:54:23.2674664Z   CARGO_TERM_COLOR: always
2026-10-07T00:54:23.2674959Z   pythonLocation: /opt/hostedtoolcache/Python/3.12.15/x64
2026-10-07T00:54:23.2675386Z   PKG_CONFIG_PATH: /opt/hostedtoolcache/Python/3.12.15/x64/lib/pkgconfig
2026-10-07T00:54:23.2675800Z   Python_ROOT_DIR: /opt/hostedtoolcache/Python/3.12.15/x64
2026-10-07T00:54:23.2676178Z   Python2_ROOT_DIR: /opt/hostedtoolcache/Python/3.12.15/x64
2026-10-07T00:54:23.2676560Z   Python3_ROOT_DIR: /opt/hostedtoolcache/Python/3.12.15/x64
2026-10-07T00:54:23.2676966Z   LD_LIBRARY_PATH: /opt/hostedtoolcache/Python/3.12.15/x64/lib
2026-10-07T00:54:23.2677288Z ##[endgroup]
2026-10-07T00:54:23.3243972Z [1m[92m   Compiling[0m nagic v0.1.11 (/home/runner/work/Nagi/Nagi/compiler)
2026-10-07T00:54:23.5822068Z [1m[92m    Finished[0m `test` profile [unoptimized + debuginfo] target(s) in 0.29s
2026-10-07T00:54:23.5847850Z [1m[92m     Running[0m tests/sqlite_contract_inputs.rs (target/debug/deps/sqlite_contract_inputs-0176047799ee5ec7)
2026-10-07T00:54:23.5859642Z 
2026-10-07T00:54:23.5859831Z running 2 tests
2026-10-07T00:54:23.5885833Z test planned_rejection_anchors_identify_original_fixture_lines_and_lexer_tokens ... ok
2026-10-07T00:54:23.5909990Z test every_planned_high_and_handwritten_low_input_parses_before_module_resolution ... ok
2026-10-07T00:54:23.5910379Z 
2026-10-07T00:54:23.5910783Z test result: ok. 2 passed; 0 failed; 0 ignored; 0 measured; 0 filtered out; finished in 0.01s
2026-10-07T00:54:23.5911141Z 
2026-10-07T00:54:23.5986360Z ##[group]Run set -o pipefail
2026-10-07T00:54:23.5986892Z [36;1mset -o pipefail[0m
2026-10-07T00:54:23.5987724Z [36;1mcargo test --locked -p nagi-runtime --lib task::tests:: 2>&1 | tee "$RUNNER_TEMP/task-runtime.log"[0m
2026-10-07T00:54:23.5989611Z [36;1mpython -c 'import pathlib,re,os; text=pathlib.Path(os.environ["RUNNER_TEMP"],"task-runtime.log").read_text(); assert re.search(r"test result: ok\. 17 passed; 0 failed; 0 ignored;",text),text'[0m
2026-10-07T00:54:23.5991270Z [36;1mcargo test --locked -p nagi-runtime --test task_handles[0m
2026-10-07T00:54:23.5992286Z [36;1mcargo test --locked -p nagi-runtime --doc[0m
2026-10-07T00:54:23.6065520Z shell: /usr/bin/bash --noprofile --norc -e -o pipefail {0}
2026-10-07T00:54:23.6066121Z env:
2026-10-07T00:54:23.6066664Z   NAGI_FAILURE_DIR: /home/runner/work/Nagi/Nagi/build/compiler-failures
2026-10-07T00:54:23.6067374Z   CARGO_HOME: /home/runner/.cargo
2026-10-07T00:54:23.6067720Z   CARGO_INCREMENTAL: 0
2026-10-07T00:54:23.6067978Z   CARGO_TERM_COLOR: always
2026-10-07T00:54:23.6068274Z   pythonLocation: /opt/hostedtoolcache/Python/3.12.15/x64
2026-10-07T00:54:23.6068731Z   PKG_CONFIG_PATH: /opt/hostedtoolcache/Python/3.12.15/x64/lib/pkgconfig
2026-10-07T00:54:23.6069150Z   Python_ROOT_DIR: /opt/hostedtoolcache/Python/3.12.15/x64
2026-10-07T00:54:23.6069519Z   Python2_ROOT_DIR: /opt/hostedtoolcache/Python/3.12.15/x64
2026-10-07T00:54:23.6069903Z   Python3_ROOT_DIR: /opt/hostedtoolcache/Python/3.12.15/x64
2026-10-07T00:54:23.6070277Z   LD_LIBRARY_PATH: /opt/hostedtoolcache/Python/3.12.15/x64/lib
2026-10-07T00:54:23.6070852Z ##[endgroup]
2026-10-07T00:54:23.6745778Z [1m[92m   Compiling[0m nagi-runtime v0.1.11 (/home/runner/work/Nagi/Nagi/runtime)
2026-10-07T00:54:34.1737617Z [1m[92m    Finished[0m `test` profile [unoptimized + debuginfo] target(s) in 10.54s
2026-10-07T00:54:34.1788911Z [1m[92m     Running[0m unittests src/lib.rs (target/debug/deps/nagi_runtime-1bc686b569c81172)
2026-10-07T00:54:34.1804405Z 
2026-10-07T00:54:34.1804758Z running 17 tests
2026-10-07T00:54:34.1817558Z test task::tests::discard_keeps_fault_and_legacy_error_observation ... ok
2026-10-07T00:54:34.1819125Z test task::tests::fault_return_waits_for_requested_sibling_cleanup_and_actual_join ... ok
2026-10-07T00:54:34.1827129Z test task::tests::cancelled_drain_can_resume_after_child_drop_gate ... ok
2026-10-07T00:54:34.1828796Z test task::tests::legacy_structured_cause_preserves_kind_message_and_primary_after_later_fault ... ok
2026-10-07T00:54:34.1831145Z test task::tests::fake_native_id_reuse_does_not_mix_unreceived_tickets_and_retire_records ... ok
2026-10-07T00:54:34.1834682Z test task::tests::heterogeneous_results_and_business_error_keep_sibling_healthy ... ok
2026-10-07T00:54:34.1838699Z test task::tests::parent_drop_requests_abort_but_does_not_report_child_destruction_complete ... ok
2026-10-07T00:54:34.1851112Z test task::tests::payload_drop_locations_distinguish_failed_send_buffer_and_received_value ... ok
2026-10-07T00:54:34.1853453Z test task::tests::received_fault_remains_sticky_at_scope_exit ... ok
2026-10-07T00:54:34.1854672Z test task::tests::receiver_notification_cannot_replace_actual_join ... ok
2026-10-07T00:54:34.1856184Z test task::tests::spawn_after_fault_keeps_input_evaluation_and_actual_join_responsibility ... ok
2026-10-07T00:54:34.1857527Z test task::tests::target_other_than_first_join_and_body_error_primary_are_preserved ... ok
2026-10-07T00:54:34.1858252Z test task::tests::requested_cancel_does_not_hide_already_returned_legacy_error ... ok
2026-10-07T00:54:34.1858939Z test task::tests::requested_cancel_preserves_panic_and_unrequested_cancel_is_fault ... ok
2026-10-07T00:54:34.1859655Z test task::tests::wrong_owner_and_missing_output_are_protocol_errors_without_stolen_join ... ok
2026-10-07T00:54:34.1860353Z test task::tests::unpolled_and_pending_receive_drop_keep_scope_join_responsibility ... ok
2026-10-07T00:54:34.1865642Z test task::tests::sticky_receive_retires_its_joined_ticket ... ok
2026-10-07T00:54:34.1866149Z 
2026-10-07T00:54:34.1867079Z test result: ok. 17 passed; 0 failed; 0 ignored; 0 measured; 191 filtered out; finished in 0.01s
2026-10-07T00:54:34.1867733Z 
2026-10-07T00:54:34.2766985Z [1m[92m   Compiling[0m nagi-runtime v0.1.11 (/home/runner/work/Nagi/Nagi/runtime)
2026-10-07T00:54:36.8841130Z [1m[92m    Finished[0m `test` profile [unoptimized + debuginfo] target(s) in 2.65s
2026-10-07T00:54:36.8894037Z [1m[92m     Running[0m tests/task_handles.rs (target/debug/deps/task_handles-33cd6ae336d7f4f6)
2026-10-07T00:54:36.8906367Z 
2026-10-07T00:54:36.8906621Z running 3 tests
2026-10-07T00:54:36.8913240Z test public_mixed_legacy_failure_keeps_failure_category_and_native_exit_error ... ok
2026-10-07T00:54:36.8914026Z test public_failure_getters_keep_fault_sticky_after_receive ... ok
2026-10-07T00:54:36.8915537Z test public_task_results_keep_business_error_inside_and_legacy_error_at_exit ... ok
2026-10-07T00:54:36.8916151Z 
2026-10-07T00:54:36.8916861Z test result: ok. 3 passed; 0 failed; 0 ignored; 0 measured; 0 filtered out; finished in 0.00s
2026-10-07T00:54:36.8917396Z 
2026-10-07T00:54:36.9506398Z [1m[92m    Finished[0m `test` profile [unoptimized + debuginfo] target(s) in 0.04s
2026-10-07T00:54:36.9529505Z [1m[92m   Doc-tests[0m nagi_runtime
2026-10-07T00:54:38.3626198Z 
2026-10-07T00:54:38.3626690Z running 9 tests
2026-10-07T00:54:38.4555462Z test runtime/src/auth.rs - auth::Principal (line 13) - compile fail ... ok
2026-10-07T00:54:38.4556614Z test runtime/src/auth.rs - auth::Grant (line 53) - compile fail ... ok
2026-10-07T00:54:38.4988758Z test runtime/src/auth.rs - auth::Principal (line 20) - compile fail ... ok
2026-10-07T00:54:38.5282552Z test runtime/src/auth.rs - auth::Principal (line 16) - compile fail ... ok
2026-10-07T00:54:38.5293169Z test runtime/src/auth.rs - auth::Grant (line 48) - compile fail ... ok
2026-10-07T00:54:38.5297430Z test runtime/src/task.rs - task::Task (line 83) - compile fail ... ok
2026-10-07T00:54:38.5670767Z test runtime/src/task.rs - task::Task (line 94) - compile fail ... ok
2026-10-07T00:54:38.5801461Z test runtime/src/task.rs - task::TaskFailure (line 59) - compile fail ... ok
2026-10-07T00:54:38.6312124Z test runtime/src/task.rs - task::Task (line 87) - compile fail ... ok
2026-10-07T00:54:38.6312564Z 
2026-10-07T00:54:38.6315028Z test result: ok. 9 passed; 0 failed; 0 ignored; 0 measured; 0 filtered out; finished in 0.32s
2026-10-07T00:54:38.6315824Z 
2026-10-07T00:54:38.6448254Z ##[group]Run cargo run --locked -p nagic --example task-contract-red -- --report "$RUNNER_TEMP/task-contracts.json"
2026-10-07T00:54:38.6449095Z [36;1mcargo run --locked -p nagic --example task-contract-red -- --report "$RUNNER_TEMP/task-contracts.json"[0m
2026-10-07T00:54:38.6512913Z shell: /usr/bin/bash --noprofile --norc -e -o pipefail {0}
2026-10-07T00:54:38.6513258Z env:
2026-10-07T00:54:38.6513563Z   NAGI_FAILURE_DIR: /home/runner/work/Nagi/Nagi/build/compiler-failures
2026-10-07T00:54:38.6513955Z   CARGO_HOME: /home/runner/.cargo
2026-10-07T00:54:38.6514208Z   CARGO_INCREMENTAL: 0
2026-10-07T00:54:38.6514430Z   CARGO_TERM_COLOR: always
2026-10-07T00:54:38.6514733Z   pythonLocation: /opt/hostedtoolcache/Python/3.12.15/x64
2026-10-07T00:54:38.6515167Z   PKG_CONFIG_PATH: /opt/hostedtoolcache/Python/3.12.15/x64/lib/pkgconfig
2026-10-07T00:54:38.6515589Z   Python_ROOT_DIR: /opt/hostedtoolcache/Python/3.12.15/x64
2026-10-07T00:54:38.6515997Z   Python2_ROOT_DIR: /opt/hostedtoolcache/Python/3.12.15/x64
2026-10-07T00:54:38.6516381Z   Python3_ROOT_DIR: /opt/hostedtoolcache/Python/3.12.15/x64
2026-10-07T00:54:38.6516775Z   LD_LIBRARY_PATH: /opt/hostedtoolcache/Python/3.12.15/x64/lib
2026-10-07T00:54:38.6517103Z ##[endgroup]
2026-10-07T00:54:38.7080913Z [1m[92m   Compiling[0m nagic v0.1.11 (/home/runner/work/Nagi/Nagi/compiler)
2026-10-07T00:54:38.9815601Z [1m[92m    Finished[0m `dev` profile [unoptimized + debuginfo] target(s) in 0.31s
2026-10-07T00:54:38.9842393Z [1m[92m     Running[0m `target/debug/examples/task-contract-red --report /home/runner/work/_temp/task-contracts.json`
2026-10-07T00:54:39.7560444Z Task contracts: 148/148 matched; report: /home/runner/work/_temp/task-contracts.json
2026-10-07T00:54:39.7599728Z ##[group]Run python scripts/verify_library_examples.py --only task-results
2026-10-07T00:54:39.7600281Z [36;1mpython scripts/verify_library_examples.py --only task-results[0m
2026-10-07T00:54:39.7662879Z shell: /usr/bin/bash -e {0}
2026-10-07T00:54:39.7663125Z env:
2026-10-07T00:54:39.7663431Z   NAGI_FAILURE_DIR: /home/runner/work/Nagi/Nagi/build/compiler-failures
2026-10-07T00:54:39.7663825Z   CARGO_HOME: /home/runner/.cargo
2026-10-07T00:54:39.7664092Z   CARGO_INCREMENTAL: 0
2026-10-07T00:54:39.7664310Z   CARGO_TERM_COLOR: always
2026-10-07T00:54:39.7664611Z   pythonLocation: /opt/hostedtoolcache/Python/3.12.15/x64
2026-10-07T00:54:39.7665046Z   PKG_CONFIG_PATH: /opt/hostedtoolcache/Python/3.12.15/x64/lib/pkgconfig
2026-10-07T00:54:39.7665469Z   Python_ROOT_DIR: /opt/hostedtoolcache/Python/3.12.15/x64
2026-10-07T00:54:39.7665847Z   Python2_ROOT_DIR: /opt/hostedtoolcache/Python/3.12.15/x64
2026-10-07T00:54:39.7666272Z   Python3_ROOT_DIR: /opt/hostedtoolcache/Python/3.12.15/x64
2026-10-07T00:54:39.7666675Z   LD_LIBRARY_PATH: /opt/hostedtoolcache/Python/3.12.15/x64/lib
2026-10-07T00:54:39.7667016Z ##[endgroup]
2026-10-07T00:54:41.2972176Z Passed: task-results (high)
2026-10-07T00:54:42.7365452Z Passed: task-results (saved-low)
2026-10-07T00:54:44.1430478Z Passed: task-results (handwritten-low)
2026-10-07T00:54:44.1482994Z {"forms": 3, "status": "passed"}
2026-10-07T00:54:44.1619413Z ##[group]Run python scripts/verify_library_examples.py --only supervised-service
2026-10-07T00:54:44.1620878Z [36;1mpython scripts/verify_library_examples.py --only supervised-service[0m
2026-10-07T00:54:44.1690628Z shell: /usr/bin/bash -e {0}
2026-10-07T00:54:44.1690995Z env:
2026-10-07T00:54:44.1691403Z   NAGI_FAILURE_DIR: /home/runner/work/Nagi/Nagi/build/compiler-failures
2026-10-07T00:54:44.1692310Z   CARGO_HOME: /home/runner/.cargo
2026-10-07T00:54:44.1692660Z   CARGO_INCREMENTAL: 0
2026-10-07T00:54:44.1693001Z   CARGO_TERM_COLOR: always
2026-10-07T00:54:44.1693401Z   pythonLocation: /opt/hostedtoolcache/Python/3.12.15/x64
2026-10-07T00:54:44.1693939Z   PKG_CONFIG_PATH: /opt/hostedtoolcache/Python/3.12.15/x64/lib/pkgconfig
2026-10-07T00:54:44.1694536Z   Python_ROOT_DIR: /opt/hostedtoolcache/Python/3.12.15/x64
2026-10-07T00:54:44.1694999Z   Python2_ROOT_DIR: /opt/hostedtoolcache/Python/3.12.15/x64
2026-10-07T00:54:44.1695602Z   Python3_ROOT_DIR: /opt/hostedtoolcache/Python/3.12.15/x64
2026-10-07T00:54:44.1696073Z   LD_LIBRARY_PATH: /opt/hostedtoolcache/Python/3.12.15/x64/lib
2026-10-07T00:54:44.1696608Z ##[endgroup]
2026-10-07T00:54:49.3379057Z Passed: supervised-service (high)
2026-10-07T00:54:54.2188400Z Passed: supervised-service (saved-low)
2026-10-07T00:54:59.0132260Z Passed: supervised-service (handwritten-low)
2026-10-07T00:54:59.0171371Z {"forms": 3, "status": "passed"}
2026-10-07T00:54:59.0305865Z ##[group]Run python -m unittest discover -s scripts -p 'test_native_artifacts.py'
2026-10-07T00:54:59.0306674Z [36;1mpython -m unittest discover -s scripts -p 'test_native_artifacts.py'[0m
2026-10-07T00:54:59.0370388Z shell: /usr/bin/bash -e {0}
2026-10-07T00:54:59.0370805Z env:
2026-10-07T00:54:59.0371320Z   NAGI_FAILURE_DIR: /home/runner/work/Nagi/Nagi/build/compiler-failures
2026-10-07T00:54:59.0372207Z   CARGO_HOME: /home/runner/.cargo
2026-10-07T00:54:59.0372556Z   CARGO_INCREMENTAL: 0
2026-10-07T00:54:59.0373000Z   CARGO_TERM_COLOR: always
2026-10-07T00:54:59.0373394Z   pythonLocation: /opt/hostedtoolcache/Python/3.12.15/x64
2026-10-07T00:54:59.0373989Z   PKG_CONFIG_PATH: /opt/hostedtoolcache/Python/3.12.15/x64/lib/pkgconfig
2026-10-07T00:54:59.0374572Z   Python_ROOT_DIR: /opt/hostedtoolcache/Python/3.12.15/x64
2026-10-07T00:54:59.0375034Z   Python2_ROOT_DIR: /opt/hostedtoolcache/Python/3.12.15/x64
2026-10-07T00:54:59.0375452Z   Python3_ROOT_DIR: /opt/hostedtoolcache/Python/3.12.15/x64
2026-10-07T00:54:59.0375848Z   LD_LIBRARY_PATH: /opt/hostedtoolcache/Python/3.12.15/x64/lib
2026-10-07T00:54:59.0376171Z ##[endgroup]
2026-10-07T00:54:59.1856530Z .........
2026-10-07T00:54:59.1857027Z ----------------------------------------------------------------------
2026-10-07T00:54:59.1857486Z Ran 9 tests in 0.022s
2026-10-07T00:54:59.1858075Z 
2026-10-07T00:54:59.1858239Z OK
2026-10-07T00:54:59.2030075Z ##[group]Run python -m unittest discover -s scripts -p 'test_application_native_tests.py'
2026-10-07T00:54:59.2031235Z [36;1mpython -m unittest discover -s scripts -p 'test_application_native_tests.py'[0m
2026-10-07T00:54:59.2106469Z shell: /usr/bin/bash -e {0}
2026-10-07T00:54:59.2106726Z env:
2026-10-07T00:54:59.2107032Z   NAGI_FAILURE_DIR: /home/runner/work/Nagi/Nagi/build/compiler-failures
2026-10-07T00:54:59.2107430Z   CARGO_HOME: /home/runner/.cargo
2026-10-07T00:54:59.2107689Z   CARGO_INCREMENTAL: 0
2026-10-07T00:54:59.2107911Z   CARGO_TERM_COLOR: always
2026-10-07T00:54:59.2108213Z   pythonLocation: /opt/hostedtoolcache/Python/3.12.15/x64
2026-10-07T00:54:59.2108656Z   PKG_CONFIG_PATH: /opt/hostedtoolcache/Python/3.12.15/x64/lib/pkgconfig
2026-10-07T00:54:59.2109080Z   Python_ROOT_DIR: /opt/hostedtoolcache/Python/3.12.15/x64
2026-10-07T00:54:59.2109451Z   Python2_ROOT_DIR: /opt/hostedtoolcache/Python/3.12.15/x64
2026-10-07T00:54:59.2109860Z   Python3_ROOT_DIR: /opt/hostedtoolcache/Python/3.12.15/x64
2026-10-07T00:54:59.2110242Z   LD_LIBRARY_PATH: /opt/hostedtoolcache/Python/3.12.15/x64/lib
2026-10-07T00:54:59.2110562Z ##[endgroup]
2026-10-07T00:54:59.4479440Z .....
2026-10-07T00:54:59.4480221Z ----------------------------------------------------------------------
2026-10-07T00:54:59.4481316Z Ran 5 tests in 0.008s
2026-10-07T00:54:59.4481847Z 
2026-10-07T00:54:59.4482034Z OK
2026-10-07T00:54:59.4698758Z ##[group]Run cargo test --locked -p nagi-runtime oversized_body_ -- --test-threads=1
2026-10-07T00:54:59.4699816Z [36;1mcargo test --locked -p nagi-runtime oversized_body_ -- --test-threads=1[0m
2026-10-07T00:54:59.4784757Z shell: /usr/bin/bash -e {0}
2026-10-07T00:54:59.4785143Z env:
2026-10-07T00:54:59.4785643Z   NAGI_FAILURE_DIR: /home/runner/work/Nagi/Nagi/build/compiler-failures
2026-10-07T00:54:59.4786254Z   CARGO_HOME: /home/runner/.cargo
2026-10-07T00:54:59.4786524Z   CARGO_INCREMENTAL: 0
2026-10-07T00:54:59.4786758Z   CARGO_TERM_COLOR: always
2026-10-07T00:54:59.4787063Z   pythonLocation: /opt/hostedtoolcache/Python/3.12.15/x64
2026-10-07T00:54:59.4787502Z   PKG_CONFIG_PATH: /opt/hostedtoolcache/Python/3.12.15/x64/lib/pkgconfig
2026-10-07T00:54:59.4787924Z   Python_ROOT_DIR: /opt/hostedtoolcache/Python/3.12.15/x64
2026-10-07T00:54:59.4788317Z   Python2_ROOT_DIR: /opt/hostedtoolcache/Python/3.12.15/x64
2026-10-07T00:54:59.4788716Z   Python3_ROOT_DIR: /opt/hostedtoolcache/Python/3.12.15/x64
2026-10-07T00:54:59.4789094Z   LD_LIBRARY_PATH: /opt/hostedtoolcache/Python/3.12.15/x64/lib
2026-10-07T00:54:59.4789409Z ##[endgroup]
2026-10-07T00:54:59.5474994Z [1m[92m    Finished[0m `test` profile [unoptimized + debuginfo] target(s) in 0.05s
2026-10-07T00:54:59.5499473Z [1m[92m     Running[0m unittests src/lib.rs (target/debug/deps/nagi_runtime-1bc686b569c81172)
2026-10-07T00:54:59.5514946Z 
2026-10-07T00:54:59.5515293Z running 5 tests
2026-10-07T00:54:59.7562097Z test http_server::tests::oversized_body_boundary_accepts_4096_and_incomplete_upload_keeps_body_deadline ... ok
2026-10-07T00:54:59.7587914Z test http_server::tests::oversized_body_chunked_delivers_413_with_or_without_final_chunk ... ok
2026-10-07T00:54:59.7613939Z test http_server::tests::oversized_body_content_length_delivers_413_without_calling_handler ... ok
2026-10-07T00:54:59.7639712Z test http_server::tests::oversized_body_declared_length_rejects_headers_and_incomplete_upload_promptly ... ok
2026-10-07T00:54:59.7656669Z test http_server::tests::oversized_body_rejects_keep_alive_upload_and_never_dispatches_pipeline ... ok
2026-10-07T00:54:59.7657109Z 
2026-10-07T00:54:59.7657488Z test result: ok. 5 passed; 0 failed; 0 ignored; 0 measured; 203 filtered out; finished in 0.21s
2026-10-07T00:54:59.7657844Z 
2026-10-07T00:54:59.7663626Z [1m[92m     Running[0m tests/task_handles.rs (target/debug/deps/task_handles-33cd6ae336d7f4f6)
2026-10-07T00:54:59.7674837Z 
2026-10-07T00:54:59.7675042Z running 0 tests
2026-10-07T00:54:59.7675290Z 
2026-10-07T00:54:59.7675940Z test result: ok. 0 passed; 0 failed; 0 ignored; 0 measured; 3 filtered out; finished in 0.00s
2026-10-07T00:54:59.7676549Z 
2026-10-07T00:54:59.7743465Z ##[group]Run cargo test --locked -p nagi-runtime panic_ -- --test-threads=1
2026-10-07T00:54:59.7744014Z [36;1mcargo test --locked -p nagi-runtime panic_ -- --test-threads=1[0m
2026-10-07T00:54:59.7807493Z shell: /usr/bin/bash -e {0}
2026-10-07T00:54:59.7807761Z env:
2026-10-07T00:54:59.7808081Z   NAGI_FAILURE_DIR: /home/runner/work/Nagi/Nagi/build/compiler-failures
2026-10-07T00:54:59.7808497Z   CARGO_HOME: /home/runner/.cargo
2026-10-07T00:54:59.7808764Z   CARGO_INCREMENTAL: 0
2026-10-07T00:54:59.7808996Z   CARGO_TERM_COLOR: always
2026-10-07T00:54:59.7809305Z   pythonLocation: /opt/hostedtoolcache/Python/3.12.15/x64
2026-10-07T00:54:59.7809762Z   PKG_CONFIG_PATH: /opt/hostedtoolcache/Python/3.12.15/x64/lib/pkgconfig
2026-10-07T00:54:59.7810206Z   Python_ROOT_DIR: /opt/hostedtoolcache/Python/3.12.15/x64
2026-10-07T00:54:59.7810613Z   Python2_ROOT_DIR: /opt/hostedtoolcache/Python/3.12.15/x64
2026-10-07T00:54:59.7811047Z   Python3_ROOT_DIR: /opt/hostedtoolcache/Python/3.12.15/x64
2026-10-07T00:54:59.7811686Z   LD_LIBRARY_PATH: /opt/hostedtoolcache/Python/3.12.15/x64/lib
2026-10-07T00:54:59.7812058Z ##[endgroup]
2026-10-07T00:54:59.8478130Z [1m[92m    Finished[0m `test` profile [unoptimized + debuginfo] target(s) in 0.05s
2026-10-07T00:54:59.8505805Z [1m[92m     Running[0m unittests src/lib.rs (target/debug/deps/nagi_runtime-1bc686b569c81172)
2026-10-07T00:54:59.8520851Z 
2026-10-07T00:54:59.8521141Z running 18 tests
2026-10-07T00:54:59.9064306Z test actor::lifecycle_adversarial_tests::a_blocking_panic_payload_destructor_remains_a_retained_child_obligation ... ok
2026-10-07T00:54:59.9070541Z test actor::lifecycle_adversarial_tests::a_factory_constructor_panic_does_not_lose_the_context_cleanup_obligation ... ok
2026-10-07T00:54:59.9601945Z test actor::lifecycle_adversarial_tests::a_finite_follow_on_panic_payload_retains_the_guard_and_context_until_drop_finishes ... ok
2026-10-07T00:54:59.9608782Z test actor::lifecycle_adversarial_tests::a_panic_payload_destructor_can_observe_and_stop_its_group_without_a_lock_cycle ... ok
2026-10-07T00:54:59.9613886Z test actor::lifecycle_adversarial_tests::context_owned_by_a_child_panic_payload_is_cleaned_before_final_context_cleanup ... ok
2026-10-07T00:54:59.9617042Z test concurrent::tests::panic_isolated ... ok
2026-10-07T00:54:59.9715969Z test http::panic_tests::handler_extractor_and_response_panics_return_sanitized_500_for_get_and_head ... ok
2026-10-07T00:55:00.0539845Z test http_server::tests::handler_panic_after_deadline_returns_500_and_releases_admission ... ok
2026-10-07T00:55:00.0553490Z test http_server::tests::panic_tests::http_error_mapper_panic_returns_500 ... ok
2026-10-07T00:55:00.0567428Z test http_server::tests::panic_tests::http_handler_constructor_panic_returns_500 ... ok
2026-10-07T00:55:00.0580763Z test http_server::tests::panic_tests::http_handler_division_by_zero_returns_500_and_server_keeps_serving ... ok
2026-10-07T00:55:00.0594706Z test http_server::tests::panic_tests::http_handler_out_of_bounds_returns_500_and_server_keeps_serving ... ok
2026-10-07T00:55:00.0608488Z test http_server::tests::panic_tests::http_handler_panic_after_await_returns_500_without_exposing_payload ... ok
2026-10-07T00:55:00.0621801Z test http_server::tests::panic_tests::http_handler_panic_head_response_has_no_body ... ok
2026-10-07T00:55:00.0638396Z test sqlite_prototype::adapter_tests::callback_panic_retires_pool_and_join_does_not_hide_native_close_failure ... ok
2026-10-07T00:55:00.0644006Z test sqlite_prototype::tests::management_panic_restores_raii_flag_before_observed_rollback_and_retirement ... ok
2026-10-07T00:55:00.0650064Z test sqlite_prototype::tests::user_callback_panic_restores_management_state_and_retires_worker ... ok
2026-10-07T00:55:00.0656184Z test task::tests::requested_cancel_preserves_panic_and_unrequested_cancel_is_fault ... ok
2026-10-07T00:55:00.0656573Z 
2026-10-07T00:55:00.0656965Z test result: ok. 18 passed; 0 failed; 0 ignored; 0 measured; 190 filtered out; finished in 0.21s
2026-10-07T00:55:00.0657325Z 
2026-10-07T00:55:00.0663498Z [1m[92m     Running[0m tests/task_handles.rs (target/debug/deps/task_handles-33cd6ae336d7f4f6)
2026-10-07T00:55:00.0675010Z 
2026-10-07T00:55:00.0675208Z running 0 tests
2026-10-07T00:55:00.0675468Z 
2026-10-07T00:55:00.0675877Z test result: ok. 0 passed; 0 failed; 0 ignored; 0 measured; 3 filtered out; finished in 0.00s
2026-10-07T00:55:00.0676231Z 
2026-10-07T00:55:00.0741952Z ##[group]Run cargo test --locked -p nagi-runtime handler_timeout_ -- --test-threads=1
2026-10-07T00:55:00.0742588Z [36;1mcargo test --locked -p nagi-runtime handler_timeout_ -- --test-threads=1[0m
2026-10-07T00:55:00.0806032Z shell: /usr/bin/bash -e {0}
2026-10-07T00:55:00.0806298Z env:
2026-10-07T00:55:00.0806613Z   NAGI_FAILURE_DIR: /home/runner/work/Nagi/Nagi/build/compiler-failures
2026-10-07T00:55:00.0807035Z   CARGO_HOME: /home/runner/.cargo
2026-10-07T00:55:00.0807305Z   CARGO_INCREMENTAL: 0
2026-10-07T00:55:00.0807539Z   CARGO_TERM_COLOR: always
2026-10-07T00:55:00.0807848Z   pythonLocation: /opt/hostedtoolcache/Python/3.12.15/x64
2026-10-07T00:55:00.0808305Z   PKG_CONFIG_PATH: /opt/hostedtoolcache/Python/3.12.15/x64/lib/pkgconfig
2026-10-07T00:55:00.0808745Z   Python_ROOT_DIR: /opt/hostedtoolcache/Python/3.12.15/x64
2026-10-07T00:55:00.0809320Z   Python2_ROOT_DIR: /opt/hostedtoolcache/Python/3.12.15/x64
2026-10-07T00:55:00.0809753Z   Python3_ROOT_DIR: /opt/hostedtoolcache/Python/3.12.15/x64
2026-10-07T00:55:00.0810167Z   LD_LIBRARY_PATH: /opt/hostedtoolcache/Python/3.12.15/x64/lib
2026-10-07T00:55:00.0810509Z ##[endgroup]
2026-10-07T00:55:00.1462235Z [1m[92m    Finished[0m `test` profile [unoptimized + debuginfo] target(s) in 0.04s
2026-10-07T00:55:00.1484868Z [1m[92m     Running[0m unittests src/lib.rs (target/debug/deps/nagi_runtime-1bc686b569c81172)
2026-10-07T00:55:00.1499714Z 
2026-10-07T00:55:00.1500118Z running 2 tests
2026-10-07T00:55:00.2532510Z test http_server::tests::handler_timeout_cancels_future_and_releases_request_capacity ... ok
2026-10-07T00:55:00.3351108Z test http_server::tests::handler_timeout_rejects_a_ready_response_after_blocking_poll ... ok
2026-10-07T00:55:00.3351993Z 
2026-10-07T00:55:00.3352499Z test result: ok. 2 passed; 0 failed; 0 ignored; 0 measured; 206 filtered out; finished in 0.19s
2026-10-07T00:55:00.3353000Z 
2026-10-07T00:55:00.3356061Z [1m[92m     Running[0m tests/task_handles.rs (target/debug/deps/task_handles-33cd6ae336d7f4f6)
2026-10-07T00:55:00.3368345Z 
2026-10-07T00:55:00.3368526Z running 0 tests
2026-10-07T00:55:00.3368710Z 
2026-10-07T00:55:00.3369107Z test result: ok. 0 passed; 0 failed; 0 ignored; 0 measured; 3 filtered out; finished in 0.00s
2026-10-07T00:55:00.3369465Z 
2026-10-07T00:55:00.3450878Z ##[group]Run python scripts/releases/package.py --binary "target/release/$RELEASE_EXECUTABLE" --version "$RELEASE_VERSION" --platform "$RELEASE_PLATFORM"
2026-10-07T00:55:00.3452321Z [36;1mpython scripts/releases/package.py --binary "target/release/$RELEASE_EXECUTABLE" --version "$RELEASE_VERSION" --platform "$RELEASE_PLATFORM"[0m
2026-10-07T00:55:00.3515768Z shell: /usr/bin/bash --noprofile --norc -e -o pipefail {0}
2026-10-07T00:55:00.3516100Z env:
2026-10-07T00:55:00.3516400Z   NAGI_FAILURE_DIR: /home/runner/work/Nagi/Nagi/build/compiler-failures
2026-10-07T00:55:00.3516797Z   CARGO_HOME: /home/runner/.cargo
2026-10-07T00:55:00.3517049Z   CARGO_INCREMENTAL: 0
2026-10-07T00:55:00.3517266Z   CARGO_TERM_COLOR: always
2026-10-07T00:55:00.3517558Z   pythonLocation: /opt/hostedtoolcache/Python/3.12.15/x64
2026-10-07T00:55:00.3517977Z   PKG_CONFIG_PATH: /opt/hostedtoolcache/Python/3.12.15/x64/lib/pkgconfig
2026-10-07T00:55:00.3518416Z   Python_ROOT_DIR: /opt/hostedtoolcache/Python/3.12.15/x64
2026-10-07T00:55:00.3518793Z   Python2_ROOT_DIR: /opt/hostedtoolcache/Python/3.12.15/x64
2026-10-07T00:55:00.3519164Z   Python3_ROOT_DIR: /opt/hostedtoolcache/Python/3.12.15/x64
2026-10-07T00:55:00.3519545Z   LD_LIBRARY_PATH: /opt/hostedtoolcache/Python/3.12.15/x64/lib
2026-10-07T00:55:00.3519867Z   RELEASE_VERSION: 0.1.11
2026-10-07T00:55:00.3520097Z   RELEASE_PLATFORM: linux-x86_64
2026-10-07T00:55:00.3520342Z   RELEASE_EXECUTABLE: nagic
2026-10-07T00:55:00.3520571Z ##[endgroup]
2026-10-07T00:55:01.2255981Z /home/runner/work/Nagi/Nagi/build/distribution/nagi-0.1.11-linux-x86_64.tar.gz
2026-10-07T00:55:01.2393997Z ##[group]Run python - <<'PY'
2026-10-07T00:55:01.2394552Z [36;1mpython - <<'PY'[0m
2026-10-07T00:55:01.2394976Z [36;1mimport os, sys[0m
2026-10-07T00:55:01.2395404Z [36;1mfrom pathlib import Path[0m
2026-10-07T00:55:01.2395925Z [36;1msys.path.insert(0, 'scripts/releases')[0m
2026-10-07T00:55:01.2396497Z [36;1mfrom verify import verify[0m
2026-10-07T00:55:01.2397249Z [36;1mversion, platform = os.environ['RELEASE_VERSION'], os.environ['RELEASE_PLATFORM'][0m
2026-10-07T00:55:01.2398127Z [36;1msuffix = '.zip' if os.name == 'nt' else '.tar.gz'[0m
2026-10-07T00:55:01.2399194Z [36;1mverify(Path('build/distribution') / f'nagi-{version}-{platform}{suffix}', version, platform, Path('native-target'))[0m
2026-10-07T00:55:01.2400183Z [36;1mPY[0m
2026-10-07T00:55:01.2494088Z shell: /usr/bin/bash --noprofile --norc -e -o pipefail {0}
2026-10-07T00:55:01.2494678Z env:
2026-10-07T00:55:01.2495201Z   NAGI_FAILURE_DIR: /home/runner/work/Nagi/Nagi/build/compiler-failures
2026-10-07T00:55:01.2496231Z   CARGO_HOME: /home/runner/.cargo
2026-10-07T00:55:01.2496725Z   CARGO_INCREMENTAL: 0
2026-10-07T00:55:01.2497135Z   CARGO_TERM_COLOR: always
2026-10-07T00:55:01.2497671Z   pythonLocation: /opt/hostedtoolcache/Python/3.12.15/x64
2026-10-07T00:55:01.2498464Z   PKG_CONFIG_PATH: /opt/hostedtoolcache/Python/3.12.15/x64/lib/pkgconfig
2026-10-07T00:55:01.2499249Z   Python_ROOT_DIR: /opt/hostedtoolcache/Python/3.12.15/x64
2026-10-07T00:55:01.2499953Z   Python2_ROOT_DIR: /opt/hostedtoolcache/Python/3.12.15/x64
2026-10-07T00:55:01.2500672Z   Python3_ROOT_DIR: /opt/hostedtoolcache/Python/3.12.15/x64
2026-10-07T00:55:01.2501393Z   LD_LIBRARY_PATH: /opt/hostedtoolcache/Python/3.12.15/x64/lib
2026-10-07T00:55:01.2502337Z   RELEASE_VERSION: 0.1.11
2026-10-07T00:55:01.2502788Z   RELEASE_PLATFORM: linux-x86_64
2026-10-07T00:55:01.2503201Z   RELEASE_EXECUTABLE: nagic
2026-10-07T00:55:01.2503435Z ##[endgroup]
2026-10-07T00:55:13.7555196Z Verified SQL engine: extracted compiler, offline schema, bad columns/binds, Nagi locations, no Cargo/runtime
2026-10-07T00:55:13.7557306Z Verified 0.1.11 linux-x86_64: PATH, external projects, version, help, function aliases, shared/borrowed JSON, early Nagi diagnostics
2026-10-07T00:55:13.7558791Z Verified local Rust dependency: manifest-relative path, package alias, features, default-features, separate cwd/output
2026-10-07T00:55:13.7559910Z Verified standard actor library: extracted runtime, typed context, task, tracked cleanup
2026-10-07T00:55:13.7561202Z Verified Task handles: extracted compiler/runtime, High/saved Low/handwritten Low, receive/discard, nested business Err, early ownership diagnostics
2026-10-07T00:55:13.7673260Z ##[group]Run python tests/route_integration.py
2026-10-07T00:55:13.7673630Z [36;1mpython tests/route_integration.py[0m
2026-10-07T00:55:13.7736824Z shell: /usr/bin/bash -e {0}
2026-10-07T00:55:13.7737076Z env:
2026-10-07T00:55:13.7737384Z   NAGI_FAILURE_DIR: /home/runner/work/Nagi/Nagi/build/compiler-failures
2026-10-07T00:55:13.7737804Z   CARGO_HOME: /home/runner/.cargo
2026-10-07T00:55:13.7738063Z   CARGO_INCREMENTAL: 0
2026-10-07T00:55:13.7738282Z   CARGO_TERM_COLOR: always
2026-10-07T00:55:13.7738581Z   pythonLocation: /opt/hostedtoolcache/Python/3.12.15/x64
2026-10-07T00:55:13.7739032Z   PKG_CONFIG_PATH: /opt/hostedtoolcache/Python/3.12.15/x64/lib/pkgconfig
2026-10-07T00:55:13.7739480Z   Python_ROOT_DIR: /opt/hostedtoolcache/Python/3.12.15/x64
2026-10-07T00:55:13.7739882Z   Python2_ROOT_DIR: /opt/hostedtoolcache/Python/3.12.15/x64
2026-10-07T00:55:13.7740287Z   Python3_ROOT_DIR: /opt/hostedtoolcache/Python/3.12.15/x64
2026-10-07T00:55:13.7740719Z   LD_LIBRARY_PATH: /opt/hostedtoolcache/Python/3.12.15/x64/lib
2026-10-07T00:55:13.7741062Z ##[endgroup]
2026-10-07T00:55:17.5493156Z HTTP route parameters: 7 passed
2026-10-07T00:55:17.5624697Z ##[group]Run python tests/http_stdlib_integration.py
2026-10-07T00:55:17.5625095Z [36;1mpython tests/http_stdlib_integration.py[0m
2026-10-07T00:55:17.5687477Z shell: /usr/bin/bash -e {0}
2026-10-07T00:55:17.5687742Z env:
2026-10-07T00:55:17.5688044Z   NAGI_FAILURE_DIR: /home/runner/work/Nagi/Nagi/build/compiler-failures
2026-10-07T00:55:17.5688434Z   CARGO_HOME: /home/runner/.cargo
2026-10-07T00:55:17.5688683Z   CARGO_INCREMENTAL: 0
2026-10-07T00:55:17.5688901Z   CARGO_TERM_COLOR: always
2026-10-07T00:55:17.5689200Z   pythonLocation: /opt/hostedtoolcache/Python/3.12.15/x64
2026-10-07T00:55:17.5689648Z   PKG_CONFIG_PATH: /opt/hostedtoolcache/Python/3.12.15/x64/lib/pkgconfig
2026-10-07T00:55:17.5690094Z   Python_ROOT_DIR: /opt/hostedtoolcache/Python/3.12.15/x64
2026-10-07T00:55:17.5690491Z   Python2_ROOT_DIR: /opt/hostedtoolcache/Python/3.12.15/x64
2026-10-07T00:55:17.5690889Z   Python3_ROOT_DIR: /opt/hostedtoolcache/Python/3.12.15/x64
2026-10-07T00:55:17.5691324Z   LD_LIBRARY_PATH: /opt/hostedtoolcache/Python/3.12.15/x64/lib
2026-10-07T00:55:17.5691814Z ##[endgroup]
2026-10-07T00:55:25.6507336Z Standard HTTP Nagi integration: 72 passed (High and independent Low)
2026-10-07T00:55:25.6639574Z ##[group]Run cargo test --locked -p nagic --test scoped_tasks
2026-10-07T00:55:25.6640180Z [36;1mcargo test --locked -p nagic --test scoped_tasks[0m
2026-10-07T00:55:25.6702528Z shell: /usr/bin/bash -e {0}
2026-10-07T00:55:25.6702783Z env:
2026-10-07T00:55:25.6703100Z   NAGI_FAILURE_DIR: /home/runner/work/Nagi/Nagi/build/compiler-failures
2026-10-07T00:55:25.6703506Z   CARGO_HOME: /home/runner/.cargo
2026-10-07T00:55:25.6703771Z   CARGO_INCREMENTAL: 0
2026-10-07T00:55:25.6704000Z   CARGO_TERM_COLOR: always
2026-10-07T00:55:25.6704314Z   pythonLocation: /opt/hostedtoolcache/Python/3.12.15/x64
2026-10-07T00:55:25.6704771Z   PKG_CONFIG_PATH: /opt/hostedtoolcache/Python/3.12.15/x64/lib/pkgconfig
2026-10-07T00:55:25.6705224Z   Python_ROOT_DIR: /opt/hostedtoolcache/Python/3.12.15/x64
2026-10-07T00:55:25.6705622Z   Python2_ROOT_DIR: /opt/hostedtoolcache/Python/3.12.15/x64
2026-10-07T00:55:25.6706030Z   Python3_ROOT_DIR: /opt/hostedtoolcache/Python/3.12.15/x64
2026-10-07T00:55:25.6706462Z   LD_LIBRARY_PATH: /opt/hostedtoolcache/Python/3.12.15/x64/lib
2026-10-07T00:55:25.6706812Z ##[endgroup]
2026-10-07T00:55:25.7194903Z [1m[92m   Compiling[0m nagic v0.1.11 (/home/runner/work/Nagi/Nagi/compiler)
2026-10-07T00:55:25.9846640Z [1m[92m    Finished[0m `test` profile [unoptimized + debuginfo] target(s) in 0.29s
2026-10-07T00:55:25.9871407Z [1m[92m     Running[0m tests/scoped_tasks.rs (target/debug/deps/scoped_tasks-c4db432061971487)
2026-10-07T00:55:25.9884657Z 
2026-10-07T00:55:25.9884802Z running 5 tests
2026-10-07T00:55:25.9912707Z test moving_an_owned_argument_still_consumes_it_before_later_parent_work ... ok
2026-10-07T00:55:25.9961904Z test scope_rejects_known_foreign_error_types_and_preserves_local_error_adapters ... ok
2026-10-07T00:55:25.9972710Z test futures_that_still_hold_views_are_rejected_after_copying_containers ... ok
2026-10-07T00:55:26.0066576Z test copied_views_and_values_computed_from_views_can_enter_tasks ... ok
2026-10-07T00:55:26.1239736Z test spawn_evaluates_owned_arguments_before_parent_continues_and_keeps_sources ... ok
2026-10-07T00:55:26.1240169Z 
2026-10-07T00:55:26.1240613Z test result: ok. 5 passed; 0 failed; 0 ignored; 0 measured; 0 filtered out; finished in 0.14s
2026-10-07T00:55:26.1240979Z 
2026-10-07T00:55:26.1303912Z ##[group]Run cargo test --locked -p nagi-runtime actor::
2026-10-07T00:55:26.1304354Z [36;1mcargo test --locked -p nagi-runtime actor::[0m
2026-10-07T00:55:26.1304767Z [36;1mcargo test --locked -p nagi-runtime supervisor_drop[0m
2026-10-07T00:55:26.1367765Z shell: /usr/bin/bash -e {0}
2026-10-07T00:55:26.1368019Z env:
2026-10-07T00:55:26.1368330Z   NAGI_FAILURE_DIR: /home/runner/work/Nagi/Nagi/build/compiler-failures
2026-10-07T00:55:26.1368720Z   CARGO_HOME: /home/runner/.cargo
2026-10-07T00:55:26.1368984Z   CARGO_INCREMENTAL: 0
2026-10-07T00:55:26.1369203Z   CARGO_TERM_COLOR: always
2026-10-07T00:55:26.1369504Z   pythonLocation: /opt/hostedtoolcache/Python/3.12.15/x64
2026-10-07T00:55:26.1369935Z   PKG_CONFIG_PATH: /opt/hostedtoolcache/Python/3.12.15/x64/lib/pkgconfig
2026-10-07T00:55:26.1370381Z   Python_ROOT_DIR: /opt/hostedtoolcache/Python/3.12.15/x64
2026-10-07T00:55:26.1370785Z   Python2_ROOT_DIR: /opt/hostedtoolcache/Python/3.12.15/x64
2026-10-07T00:55:26.1371219Z   Python3_ROOT_DIR: /opt/hostedtoolcache/Python/3.12.15/x64
2026-10-07T00:55:26.1371911Z   LD_LIBRARY_PATH: /opt/hostedtoolcache/Python/3.12.15/x64/lib
2026-10-07T00:55:26.1372252Z ##[endgroup]
2026-10-07T00:55:26.2017180Z [1m[92m    Finished[0m `test` profile [unoptimized + debuginfo] target(s) in 0.04s
2026-10-07T00:55:26.2045232Z [1m[92m     Running[0m unittests src/lib.rs (target/debug/deps/nagi_runtime-1bc686b569c81172)
2026-10-07T00:55:26.2060918Z 
2026-10-07T00:55:26.2061210Z running 44 tests
2026-10-07T00:55:26.2066781Z test actor::charge::tests::arithmetic_and_expired_deadlines_fail_before_acceptance ... ok
2026-10-07T00:55:26.2076639Z test actor::charge::tests::list_capacity_and_only_initialized_elements_contribute_heap ... ok
2026-10-07T00:55:26.2078068Z test actor::charge::tests::option_and_result_visit_only_the_active_payload ... ok
2026-10-07T00:55:26.2079924Z test actor::charge::tests::retained_string_bytes_and_error_capacities_are_charged ... ok
2026-10-07T00:55:26.2081463Z test actor::charge::tests::recursive_owned_graphs_obey_depth_limit_and_restore_walk_after_errors ... ok
2026-10-07T00:55:26.2083084Z test actor::charge::tests::root_inline_and_envelope_are_counted_once ... ok
2026-10-07T00:55:26.2095687Z test actor::charge::tests::inline_only_lists_skip_every_element_and_zero_sized_capacity_is_safe ... ok
2026-10-07T00:55:26.2106543Z test actor::lifecycle_adversarial_tests::a_factory_constructor_panic_does_not_lose_the_context_cleanup_obligation ... ok
2026-10-07T00:55:26.2189594Z test actor::charge::tests::work_budget_includes_root_and_initialized_non_inline_elements ... ok
2026-10-07T00:55:26.2192133Z test actor::lifecycle_adversarial_tests::a_late_buffered_outer_failure_obeys_the_same_reply_deadline ... ok
2026-10-07T00:55:26.2603880Z test actor::lifecycle_adversarial_tests::a_blocking_native_poll_retains_its_child_record_until_it_returns ... ok
2026-10-07T00:55:26.2611790Z test actor::lifecycle_adversarial_tests::a_panic_payload_destructor_can_observe_and_stop_its_group_without_a_lock_cycle ... ok
2026-10-07T00:55:26.2613705Z test actor::lifecycle_adversarial_tests::a_reply_completed_after_deadline_times_out_even_when_already_buffered ... ok
2026-10-07T00:55:26.2615096Z test actor::lifecycle_adversarial_tests::a_reply_completed_before_deadline_succeeds_when_the_caller_polls_after_deadline ... ok
2026-10-07T00:55:26.2620199Z test actor::lifecycle_adversarial_tests::a_blocking_panic_payload_destructor_remains_a_retained_child_obligation ... ok
2026-10-07T00:55:26.2644013Z test actor::lifecycle_adversarial_tests::a_finite_follow_on_panic_payload_retains_the_guard_and_context_until_drop_finishes ... ok
2026-10-07T00:55:26.2648382Z test actor::lifecycle_adversarial_tests::an_event_only_surviving_control_drains_cleanup_and_observes_stream_close ... ok
2026-10-07T00:55:26.2721212Z test actor::lifecycle_adversarial_tests::a_non_yielding_poll_cannot_be_reported_as_completed_cleanup ... ok
2026-10-07T00:55:26.2918076Z test actor::lifecycle_adversarial_tests::an_unrestarted_child_failure_is_retained_while_a_healthy_sibling_continues ... ok
2026-10-07T00:55:26.2923084Z test actor::lifecycle_adversarial_tests::context_owned_by_a_child_panic_payload_is_cleaned_before_final_context_cleanup ... ok
2026-10-07T00:55:26.3144794Z test actor::lifecycle_adversarial_tests::a_surviving_control_can_finish_cleanup_after_the_running_owner_is_dropped ... ok
2026-10-07T00:55:26.3151113Z test actor::lifecycle_adversarial_tests::abort_does_not_complete_before_the_child_future_destructor_finishes ... ok
2026-10-07T00:55:26.3155832Z test actor::lifecycle_adversarial_tests::origin_runtime_cancellation_does_not_restart_a_permanent_child_on_a_surviving_runtime ... ok
2026-10-07T00:55:26.3160792Z test actor::lifecycle_adversarial_tests::panicking_factory_destruction_during_owner_drop_cannot_strand_context_cleanup ... ok
2026-10-07T00:55:26.3166777Z test actor::lifecycle_adversarial_tests::stop_during_factory_construction_cancels_every_later_inserted_child ... ok
2026-10-07T00:55:26.3173370Z test actor::lifecycle_adversarial_tests::user_destructors_do_not_run_under_the_ledger_or_stop_lock ... ok
2026-10-07T00:55:26.3182370Z test actor::tests::a_smaller_immediate_call_cannot_bypass_a_waiting_byte_reservation ... ok
2026-10-07T00:55:26.3187567Z test actor::tests::an_expired_admission_deadline_rejects_even_immediately_ready_operations ... ok
2026-10-07T00:55:26.3249978Z test actor::lifecycle_adversarial_tests::canceled_observation_keeps_unfinished_joins_available_to_another_control ... ok
2026-10-07T00:55:26.3311092Z test actor::tests::business_error_preserves_owned_state_and_restart_is_one_for_one ... ok
2026-10-07T00:55:26.3321357Z test actor::tests::canceled_event_wait_does_not_consume_a_concurrently_published_event ... ok
2026-10-07T00:55:26.3435522Z test actor::tests::escaped_readiness_tokens_reject_old_generations_and_do_not_retain_the_group ... ok
2026-10-07T00:55:26.3469257Z test actor::tests::caller_timeout_keeps_accepted_work_and_all_reservations_until_handler_finishes ... ok
2026-10-07T00:55:26.3479643Z test actor::tests::event_deadlines_include_lock_contention_and_preserve_the_cursor ... ok
2026-10-07T00:55:26.3486369Z test actor::tests::lifecycle_events_are_ordered_bounded_and_keep_utf8_truncation_metadata ... ok
2026-10-07T00:55:26.3498468Z test actor::tests::global_restart_intensity_counts_attempts_and_stops_a_pending_sibling ... ok
2026-10-07T00:55:26.3503031Z test actor::tests::normally_finished_task_tokens_are_invalid_while_the_supervisor_stays_running ... ok
2026-10-07T00:55:26.3510429Z test actor::tests::oversized_business_reply_keeps_next_state_and_retained_input_capacity_is_checked ... ok
2026-10-07T00:55:26.3576476Z test actor::tests::startup_deadline_and_zero_restart_budget_end_the_group_without_a_ready_actor ... ok
2026-10-07T00:55:26.3580952Z test actor::tests::stopped_tasks_cannot_publish_readiness_and_legacy_tasks_never_publish_it ... ok
2026-10-07T00:55:26.3606068Z test actor::tests::task_readiness_follows_initialization_once_without_changing_started ... ok
2026-10-07T00:55:26.3642066Z test actor::tests::native_factory_construction_is_included_in_the_startup_deadline ... ok
2026-10-07T00:55:26.3672799Z test actor::lifecycle_adversarial_tests::final_context_destruction_is_a_retained_phase_before_completion ... ok
2026-10-07T00:55:26.4082753Z test actor::lifecycle_adversarial_tests::delayed_native_context_owners_then_actual_context_drop_precede_completion ... ok
2026-10-07T00:55:26.4083376Z 
2026-10-07T00:55:26.4083841Z test result: ok. 44 passed; 0 failed; 0 ignored; 0 measured; 164 filtered out; finished in 0.20s
2026-10-07T00:55:26.4084289Z 
2026-10-07T00:55:26.4089606Z [1m[92m     Running[0m tests/task_handles.rs (target/debug/deps/task_handles-33cd6ae336d7f4f6)
2026-10-07T00:55:26.4102386Z 
2026-10-07T00:55:26.4102601Z running 0 tests
2026-10-07T00:55:26.4104676Z 
2026-10-07T00:55:26.4105348Z test result: ok. 0 passed; 0 failed; 0 ignored; 0 measured; 3 filtered out; finished in 0.00s
2026-10-07T00:55:26.4105831Z 
2026-10-07T00:55:26.4715582Z [1m[92m    Finished[0m `test` profile [unoptimized + debuginfo] target(s) in 0.04s
2026-10-07T00:55:26.4740280Z [1m[92m     Running[0m unittests src/lib.rs (target/debug/deps/nagi_runtime-1bc686b569c81172)
2026-10-07T00:55:26.4756023Z 
2026-10-07T00:55:26.4756308Z running 2 tests
2026-10-07T00:55:26.4764207Z test concurrent::tests::supervisor_drop_while_waiting_for_worker_start ... ok
2026-10-07T00:55:26.4765311Z test concurrent::tests::supervisor_drop_after_worker_start ... ok
2026-10-07T00:55:26.4765874Z 
2026-10-07T00:55:26.4766560Z test result: ok. 2 passed; 0 failed; 0 ignored; 0 measured; 206 filtered out; finished in 0.00s
2026-10-07T00:55:26.4767222Z 
2026-10-07T00:55:26.4768163Z [1m[92m     Running[0m tests/task_handles.rs (target/debug/deps/task_handles-33cd6ae336d7f4f6)
2026-10-07T00:55:26.4778783Z 
2026-10-07T00:55:26.4778993Z running 0 tests
2026-10-07T00:55:26.4779258Z 
2026-10-07T00:55:26.4781940Z test result: ok. 0 passed; 0 failed; 0 ignored; 0 measured; 3 filtered out; finished in 0.00s
2026-10-07T00:55:26.4782429Z 
2026-10-07T00:55:26.4843015Z ##[group]Run cargo test --locked -p nagi-runtime database::tests
2026-10-07T00:55:26.4843495Z [36;1mcargo test --locked -p nagi-runtime database::tests[0m
2026-10-07T00:55:26.4906439Z shell: /usr/bin/bash -e {0}
2026-10-07T00:55:26.4906689Z env:
2026-10-07T00:55:26.4907008Z   NAGI_FAILURE_DIR: /home/runner/work/Nagi/Nagi/build/compiler-failures
2026-10-07T00:55:26.4907416Z   CARGO_HOME: /home/runner/.cargo
2026-10-07T00:55:26.4907673Z   CARGO_INCREMENTAL: 0
2026-10-07T00:55:26.4907891Z   CARGO_TERM_COLOR: always
2026-10-07T00:55:26.4908198Z   pythonLocation: /opt/hostedtoolcache/Python/3.12.15/x64
2026-10-07T00:55:26.4908651Z   PKG_CONFIG_PATH: /opt/hostedtoolcache/Python/3.12.15/x64/lib/pkgconfig
2026-10-07T00:55:26.4909087Z   Python_ROOT_DIR: /opt/hostedtoolcache/Python/3.12.15/x64
2026-10-07T00:55:26.4909470Z   Python2_ROOT_DIR: /opt/hostedtoolcache/Python/3.12.15/x64
2026-10-07T00:55:26.4910044Z   Python3_ROOT_DIR: /opt/hostedtoolcache/Python/3.12.15/x64
2026-10-07T00:55:26.4910467Z   LD_LIBRARY_PATH: /opt/hostedtoolcache/Python/3.12.15/x64/lib
2026-10-07T00:55:26.4910792Z ##[endgroup]
2026-10-07T00:55:26.5579004Z [1m[92m    Finished[0m `test` profile [unoptimized + debuginfo] target(s) in 0.05s
2026-10-07T00:55:26.5603094Z [1m[92m     Running[0m unittests src/lib.rs (target/debug/deps/nagi_runtime-1bc686b569c81172)
2026-10-07T00:55:26.5618247Z 
2026-10-07T00:55:26.5618502Z running 6 tests
2026-10-07T00:55:26.5639944Z test database::tests::column_order_independent ... ok
2026-10-07T00:55:26.5645134Z test database::tests::missing_column_is_error ... ok
2026-10-07T00:55:26.5646084Z test database::tests::exec_counts_only_changes_in_the_current_batch ... ok
2026-10-07T00:55:26.5647263Z test database::tests::exec_counts_trigger_changes_and_preserves_sql_errors ... ok
2026-10-07T00:55:26.5648503Z test database::tests::crud_and_parameterization ... ok
2026-10-07T00:55:26.5651146Z test database::tests::runtime_type_mismatch ... ok
2026-10-07T00:55:26.5651396Z 
2026-10-07T00:55:26.5652436Z test result: ok. 6 passed; 0 failed; 0 ignored; 0 measured; 202 filtered out; finished in 0.00s
2026-10-07T00:55:26.5653069Z 
2026-10-07T00:55:26.5656432Z [1m[92m     Running[0m tests/task_handles.rs (target/debug/deps/task_handles-33cd6ae336d7f4f6)
2026-10-07T00:55:26.5666728Z 
2026-10-07T00:55:26.5666932Z running 0 tests
2026-10-07T00:55:26.5667170Z 
2026-10-07T00:55:26.5669683Z test result: ok. 0 passed; 0 failed; 0 ignored; 0 measured; 3 filtered out; finished in 0.00s
2026-10-07T00:55:26.5670192Z 
2026-10-07T00:55:26.5734572Z ##[group]Run cargo test --locked -p nagi-runtime sqlite_prototype
2026-10-07T00:55:26.5735072Z [36;1mcargo test --locked -p nagi-runtime sqlite_prototype[0m
2026-10-07T00:55:26.5798010Z shell: /usr/bin/bash -e {0}
2026-10-07T00:55:26.5798261Z env:
2026-10-07T00:55:26.5798559Z   NAGI_FAILURE_DIR: /home/runner/work/Nagi/Nagi/build/compiler-failures
2026-10-07T00:55:26.5798959Z   CARGO_HOME: /home/runner/.cargo
2026-10-07T00:55:26.5799211Z   CARGO_INCREMENTAL: 0
2026-10-07T00:55:26.5799436Z   CARGO_TERM_COLOR: always
2026-10-07T00:55:26.5799727Z   pythonLocation: /opt/hostedtoolcache/Python/3.12.15/x64
2026-10-07T00:55:26.5800155Z   PKG_CONFIG_PATH: /opt/hostedtoolcache/Python/3.12.15/x64/lib/pkgconfig
2026-10-07T00:55:26.5800566Z   Python_ROOT_DIR: /opt/hostedtoolcache/Python/3.12.15/x64
2026-10-07T00:55:26.5800953Z   Python2_ROOT_DIR: /opt/hostedtoolcache/Python/3.12.15/x64
2026-10-07T00:55:26.5801331Z   Python3_ROOT_DIR: /opt/hostedtoolcache/Python/3.12.15/x64
2026-10-07T00:55:26.5802076Z   LD_LIBRARY_PATH: /opt/hostedtoolcache/Python/3.12.15/x64/lib
2026-10-07T00:55:26.5802412Z ##[endgroup]
2026-10-07T00:55:26.6453471Z [1m[92m    Finished[0m `test` profile [unoptimized + debuginfo] target(s) in 0.04s
2026-10-07T00:55:26.6476855Z [1m[92m     Running[0m unittests src/lib.rs (target/debug/deps/nagi_runtime-1bc686b569c81172)
2026-10-07T00:55:26.6493238Z 
2026-10-07T00:55:26.6493515Z running 61 tests
2026-10-07T00:55:26.6498949Z test sqlite_prototype::acquire_tests::acquire_budget_arithmetic_keeps_immediate_distinct_and_checks_overflow ... ok
2026-10-07T00:55:26.6515555Z test sqlite_prototype::acquire_tests::acquire_expiry_does_not_replace_closed_or_recycle_failure_cause ... ok
2026-10-07T00:55:26.6517564Z test sqlite_prototype::acquire_tests::acquire_expired_finite_budget_does_not_register_even_when_native_free ... ok
2026-10-07T00:55:26.6519587Z test sqlite_prototype::acquire_tests::acquire_immediate_free_reserves_before_slow_startup_and_reuses ... ok
2026-10-07T00:55:26.6527970Z test sqlite_prototype::acquire_tests::acquire_immediate_logical_full_is_timeout_without_pool_failure ... ok
2026-10-07T00:55:26.6541000Z test sqlite_prototype::acquire_tests::acquire_same_task_scopes_are_isolated_and_drop_restores_legacy_begin ... ok
2026-10-07T00:55:26.6558001Z test sqlite_prototype::adapter_tests::acquired_deadpool_object_after_close_is_rejected_before_user_begin ... ok
2026-10-07T00:55:26.6570694Z test sqlite_prototype::adapter_tests::callback_panic_retires_pool_and_join_does_not_hide_native_close_failure ... ok
2026-10-07T00:55:26.6578085Z test sqlite_prototype::adapter_tests::cancelled_begin_reply_keeps_checkout_until_eof_rollback_is_observed ... ok
2026-10-07T00:55:26.6587601Z test sqlite_prototype::adapter_tests::cancelled_create_cannot_start_replacement_before_old_native_worker_joins ... ok
2026-10-07T00:55:26.6604355Z test sqlite_prototype::adapter_tests::cancelled_get_during_create_preserves_startup_close_and_join_owner ... ok
2026-10-07T00:55:26.6614222Z test sqlite_prototype::adapter_tests::cancelled_tx_keeps_deadpool_checkout_until_native_cleanup_completes ... ok
2026-10-07T00:55:26.6631732Z test sqlite_prototype::adapter_tests::close_clone_and_cancel_keep_closing_while_active_checkout_can_finish ... ok
2026-10-07T00:55:26.6637354Z test sqlite_prototype::adapter_tests::close_retires_idle_worker_while_stock_permit_is_reserved_for_unpolled_waiter ... ok
2026-10-07T00:55:26.6653539Z test sqlite_prototype::adapter_tests::close_waits_for_registered_create_and_late_create_cannot_begin ... ok
2026-10-07T00:55:26.6664674Z test sqlite_prototype::adapter_tests::deadpool_adapter_reuses_same_native_worker_and_sql_session_core ... ok
2026-10-07T00:55:26.6670994Z test sqlite_prototype::adapter_tests::deadpool_recycle_error_stops_create_instead_of_default_replacement ... ok
2026-10-07T00:55:26.6689350Z test sqlite_prototype::adapter_tests::joined_is_published_only_after_terminal_native_failure_is_in_ledger ... ok
2026-10-07T00:55:26.6696133Z test sqlite_prototype::adapter_tests::last_adapter_drop_closes_idle_worker_without_observer_owning_pool_or_tx_sender ... ok
2026-10-07T00:55:26.6703635Z test sqlite_prototype::adapter_tests::last_adapter_drop_preserves_active_tx_until_its_explicit_finish ... ok
2026-10-07T00:55:26.6740140Z test sqlite_prototype::adapter_tests::multi_b_terminal_failure_is_published_without_waiting_for_a ... ok
2026-10-07T00:55:26.6768872Z test sqlite_prototype::adapter_tests::multi_cancelled_b_joins_and_c_begins_before_healthy_a_finishes ... ok
2026-10-07T00:55:26.6805979Z test sqlite_prototype::adapter_tests::multi_close_during_b_startup_preserves_a_and_all_join_responsibility ... ok
2026-10-07T00:55:26.6833800Z test sqlite_prototype::adapter_tests::multi_native_spawn_failure_keeps_cause_without_native_b_or_fake_join ... ok
2026-10-07T00:55:26.6854415Z test sqlite_prototype::adapter_tests::multi_observer_spawn_failure_never_starts_or_fake_joins_native_b ... ok
2026-10-07T00:55:26.6884574Z test sqlite_prototype::adapter_tests::multi_stock_detach_permit_gap_respects_native_cap_with_a_active ... ok
2026-10-07T00:55:26.6918578Z test sqlite_prototype::adapter_tests::multi_two_filesystem_connections_begin_while_first_tx_stays_active ... ok
2026-10-07T00:55:26.6925234Z test sqlite_prototype::adapter_tests::native_cleanup_failure_closes_deadpool_and_never_creates_replacement ... ok
2026-10-07T00:55:26.6932734Z test sqlite_prototype::adapter_tests::native_close_failure_is_kept_after_deadpool_objects_and_workers_are_gone ... ok
2026-10-07T00:55:26.6943023Z test sqlite_prototype::adapter_tests::object_take_and_last_pool_drop_both_preserve_native_close_join_observation ... ok
2026-10-07T00:55:26.6948405Z test sqlite_prototype::adapter_tests::resize_zero_uses_worker_drop_even_when_manager_detach_is_bypassed ... ok
2026-10-07T00:55:26.6958028Z test sqlite_prototype::adapter_tests::stock_detach_permit_before_handle_drop_cannot_start_another_native_worker ... ok
2026-10-07T00:55:26.6969024Z test sqlite_prototype::adapter_tests::taken_object_cannot_start_replacement_before_old_native_worker_joins ... ok
2026-10-07T00:55:26.6976106Z test sqlite_prototype::adapter_tests::tokio_runtime_drop_cannot_return_native_owned_checkout_before_cleanup ... ok
2026-10-07T00:55:26.8538633Z test sqlite_prototype::acquire_tests::acquire_absolute_budget_survives_logical_wait_to_native_fence ... ok
2026-10-07T00:55:27.6551361Z test sqlite_prototype::acquire_tests::acquire_registered_startup_and_begin_are_outside_finite_budget ... ok
2026-10-07T00:55:27.6562073Z test sqlite_prototype::acquire_tests::acquire_immediate_native_full_after_stock_detach_is_timeout ... ok
2026-10-07T00:55:27.6564168Z test sqlite_prototype::tests::begin_reply_cancellation_closes_only_sender_and_runs_observed_cleanup ... ok
2026-10-07T00:55:27.6569363Z test sqlite_prototype::tests::cancelled_commit_reply_preserves_committed_data_and_does_not_retry ... ok
2026-10-07T00:55:27.6584859Z test sqlite_prototype::tests::cancelled_finish_before_full_inbox_admission_uses_eof_cleanup ... ok
2026-10-07T00:55:27.6597780Z test sqlite_prototype::tests::close_timeout_and_cancel_keep_closing_until_native_close_and_join ... ok
2026-10-07T00:55:27.6607597Z test sqlite_prototype::tests::commit_after_native_auto_rollback_returns_aborted_error_instead_of_success ... ok
2026-10-07T00:55:27.6615964Z test sqlite_prototype::tests::commit_failure_and_failed_cleanup_preserve_both_causes_and_unknown_outcome ... ok
2026-10-07T00:55:27.6619951Z test sqlite_prototype::tests::committed_outcome_and_cleanup_failure_are_both_preserved ... ok
2026-10-07T00:55:27.6633175Z test sqlite_prototype::tests::eof_cleanup_blocks_next_session_and_unpolled_finish_still_owns_cleanup ... ok
2026-10-07T00:55:27.6649941Z test sqlite_prototype::tests::existing_trigger_and_or_rollback_abort_session_and_reject_later_sql ... ok
2026-10-07T00:55:27.6651491Z test sqlite_prototype::tests::failed_commit_with_successful_observed_rollback_can_reuse_connection ... ok
2026-10-07T00:55:27.6653115Z test sqlite_prototype::tests::management_panic_restores_raii_flag_before_observed_rollback_and_retirement ... ok
2026-10-07T00:55:27.6654559Z test sqlite_prototype::tests::full_inbox_and_cancelled_admitted_operation_drain_before_eof_rollback ... ok
2026-10-07T00:55:27.6656151Z test sqlite_prototype::tests::native_close_failure_is_not_reported_as_success_even_after_join ... ok
2026-10-07T00:55:27.6672770Z test sqlite_prototype::tests::ordinary_sql_error_does_not_abort_active_session_and_exec_counts_direct_changes ... ok
2026-10-07T00:55:27.6677348Z test sqlite_prototype::tests::one_statement_anonymous_bind_and_operation_shape_are_checked_before_step ... ok
2026-10-07T00:55:27.6693290Z test sqlite_prototype::tests::owned_bind_values_and_decode_errors_use_native_row_contract ... ok
2026-10-07T00:55:27.6706644Z test sqlite_prototype::tests::pragma_tvf_existing_views_and_schema_reprepare_keep_authorizer_installed ... ok
2026-10-07T00:55:27.6727300Z test sqlite_prototype::tests::rollback_failure_is_observed_without_native_drop_retry_and_retires_connection ... ok
2026-10-07T00:55:27.6743857Z test sqlite_prototype::tests::raise_fail_preserves_active_prior_effects_until_explicit_rollback ... ok
2026-10-07T00:55:27.6749391Z test sqlite_prototype::tests::sql_policy_denies_control_in_every_entry_and_keeps_tx_active ... ok
2026-10-07T00:55:27.6754351Z test sqlite_prototype::tests::user_callback_panic_restores_management_state_and_retires_worker ... ok
2026-10-07T00:55:27.6760409Z test sqlite_prototype::tests::trigger_pragma_is_denied_and_native_prior_effects_require_explicit_rollback ... ok
2026-10-07T00:55:28.7063103Z test sqlite_prototype::comparison::bounded_and_unbounded_deadpool_warm_comparison ... ok
2026-10-07T00:55:28.7980128Z test sqlite_prototype::comparison::direct_and_deadpool_warm_native_session_comparison ... ok
2026-10-07T00:55:28.7980681Z 
2026-10-07T00:55:28.7981203Z test result: ok. 61 passed; 0 failed; 0 ignored; 0 measured; 147 filtered out; finished in 2.15s
2026-10-07T00:55:28.7981842Z 
2026-10-07T00:55:28.7989119Z [1m[92m     Running[0m tests/task_handles.rs (target/debug/deps/task_handles-33cd6ae336d7f4f6)
2026-10-07T00:55:28.8001113Z 
2026-10-07T00:55:28.8001355Z running 0 tests
2026-10-07T00:55:28.8001828Z 
2026-10-07T00:55:28.8002586Z test result: ok. 0 passed; 0 failed; 0 ignored; 0 measured; 3 filtered out; finished in 0.00s
2026-10-07T00:55:28.8003101Z 
2026-10-07T00:55:28.8085143Z ##[group]Run python scripts/verify_application_examples.py
2026-10-07T00:55:28.8086105Z [36;1mpython scripts/verify_application_examples.py[0m
2026-10-07T00:55:28.8160997Z shell: /usr/bin/bash -e {0}
2026-10-07T00:55:28.8161255Z env:
2026-10-07T00:55:28.8161817Z   NAGI_FAILURE_DIR: /home/runner/work/Nagi/Nagi/build/compiler-failures
2026-10-07T00:55:28.8162233Z   CARGO_HOME: /home/runner/.cargo
2026-10-07T00:55:28.8162495Z   CARGO_INCREMENTAL: 0
2026-10-07T00:55:28.8162712Z   CARGO_TERM_COLOR: always
2026-10-07T00:55:28.8163005Z   pythonLocation: /opt/hostedtoolcache/Python/3.12.15/x64
2026-10-07T00:55:28.8163447Z   PKG_CONFIG_PATH: /opt/hostedtoolcache/Python/3.12.15/x64/lib/pkgconfig
2026-10-07T00:55:28.8163870Z   Python_ROOT_DIR: /opt/hostedtoolcache/Python/3.12.15/x64
2026-10-07T00:55:28.8164250Z   Python2_ROOT_DIR: /opt/hostedtoolcache/Python/3.12.15/x64
2026-10-07T00:55:28.8164634Z   Python3_ROOT_DIR: /opt/hostedtoolcache/Python/3.12.15/x64
2026-10-07T00:55:28.8165050Z   LD_LIBRARY_PATH: /opt/hostedtoolcache/Python/3.12.15/x64/lib
2026-10-07T00:55:28.8165376Z ##[endgroup]
2026-10-07T00:55:29.6768697Z Passed: stock-report (high)
2026-10-07T00:55:30.4910264Z Passed: stock-report (low)
2026-10-07T00:55:34.5811729Z Passed: device-settings (high)
2026-10-07T00:55:38.6191200Z Passed: device-settings (low)
2026-10-07T00:55:40.9950423Z Passed: seat-reservations (high)
2026-10-07T00:55:43.3425206Z Passed: seat-reservations (low)
2026-10-07T00:55:44.0097698Z Passed: file-json (high)
2026-10-07T00:55:44.7789814Z Passed: file-json (low)
2026-10-07T00:55:48.3368292Z Passed: quote-api (high)
2026-10-07T00:55:51.8349620Z Passed: quote-api (low)
2026-10-07T00:55:54.5339628Z Passed: supervised-worker (high)
2026-10-07T00:55:57.3600955Z Passed: supervised-worker (low)
2026-10-07T00:56:00.4556534Z Passed: byte-inspector (high)
2026-10-07T00:56:03.5487385Z Passed: byte-inspector (low)
2026-10-07T00:56:10.7958683Z Passed: axum-service (high)
2026-10-07T00:56:18.0627785Z Passed: axum-service (low)
2026-10-07T00:56:27.1011465Z Passed: auth-boundary (high)
2026-10-07T00:56:35.9305357Z Passed: auth-boundary (low)
2026-10-07T00:56:36.7234357Z Passed: order-quote (low)
2026-10-07T00:56:36.7235134Z {"projects": 10, "runs": 19, "status": "passed"}
2026-10-07T00:56:36.7403719Z ##[group]Run python -m unittest discover -s scripts/releases -p 'test_install.py'
2026-10-07T00:56:36.7404320Z [36;1mpython -m unittest discover -s scripts/releases -p 'test_install.py'[0m
2026-10-07T00:56:36.7466720Z shell: /usr/bin/bash -e {0}
2026-10-07T00:56:36.7466967Z env:
2026-10-07T00:56:36.7467279Z   NAGI_FAILURE_DIR: /home/runner/work/Nagi/Nagi/build/compiler-failures
2026-10-07T00:56:36.7467673Z   CARGO_HOME: /home/runner/.cargo
2026-10-07T00:56:36.7467926Z   CARGO_INCREMENTAL: 0
2026-10-07T00:56:36.7468143Z   CARGO_TERM_COLOR: always
2026-10-07T00:56:36.7468439Z   pythonLocation: /opt/hostedtoolcache/Python/3.12.15/x64
2026-10-07T00:56:36.7468870Z   PKG_CONFIG_PATH: /opt/hostedtoolcache/Python/3.12.15/x64/lib/pkgconfig
2026-10-07T00:56:36.7469308Z   Python_ROOT_DIR: /opt/hostedtoolcache/Python/3.12.15/x64
2026-10-07T00:56:36.7469698Z   Python2_ROOT_DIR: /opt/hostedtoolcache/Python/3.12.15/x64
2026-10-07T00:56:36.7470099Z   Python3_ROOT_DIR: /opt/hostedtoolcache/Python/3.12.15/x64
2026-10-07T00:56:36.7470504Z   LD_LIBRARY_PATH: /opt/hostedtoolcache/Python/3.12.15/x64/lib
2026-10-07T00:56:36.7470830Z ##[endgroup]
2026-10-07T00:56:39.7652191Z .....................
2026-10-07T00:56:39.7652976Z ----------------------------------------------------------------------
2026-10-07T00:56:39.7653588Z Ran 21 tests in 2.944s
2026-10-07T00:56:39.7653816Z 
2026-10-07T00:56:39.7653940Z OK
2026-10-07T00:56:39.7787904Z ##[group]Run python -m unittest discover -s scripts/releases -p 'test_uninstall.py'
2026-10-07T00:56:39.7788493Z [36;1mpython -m unittest discover -s scripts/releases -p 'test_uninstall.py'[0m
2026-10-07T00:56:39.7851930Z shell: /usr/bin/bash -e {0}
2026-10-07T00:56:39.7852194Z env:
2026-10-07T00:56:39.7852498Z   NAGI_FAILURE_DIR: /home/runner/work/Nagi/Nagi/build/compiler-failures
2026-10-07T00:56:39.7852880Z   CARGO_HOME: /home/runner/.cargo
2026-10-07T00:56:39.7853341Z   CARGO_INCREMENTAL: 0
2026-10-07T00:56:39.7853559Z   CARGO_TERM_COLOR: always
2026-10-07T00:56:39.7853847Z   pythonLocation: /opt/hostedtoolcache/Python/3.12.15/x64
2026-10-07T00:56:39.7854266Z   PKG_CONFIG_PATH: /opt/hostedtoolcache/Python/3.12.15/x64/lib/pkgconfig
2026-10-07T00:56:39.7854681Z   Python_ROOT_DIR: /opt/hostedtoolcache/Python/3.12.15/x64
2026-10-07T00:56:39.7855086Z   Python2_ROOT_DIR: /opt/hostedtoolcache/Python/3.12.15/x64
2026-10-07T00:56:39.7855487Z   Python3_ROOT_DIR: /opt/hostedtoolcache/Python/3.12.15/x64
2026-10-07T00:56:39.7855867Z   LD_LIBRARY_PATH: /opt/hostedtoolcache/Python/3.12.15/x64/lib
2026-10-07T00:56:39.7856183Z ##[endgroup]
2026-10-07T00:56:42.6625635Z ..............
2026-10-07T00:56:42.6626435Z ----------------------------------------------------------------------
2026-10-07T00:56:42.6626910Z Ran 14 tests in 2.803s
2026-10-07T00:56:42.6627090Z 
2026-10-07T00:56:42.6627187Z OK
2026-10-07T00:56:42.6819963Z ##[group]Run actions/upload-artifact@v4
2026-10-07T00:56:42.6820510Z with:
2026-10-07T00:56:42.6820864Z   name: release-linux-x86_64
2026-10-07T00:56:42.6821946Z   path: build/distribution/nagi-*.zip
build/distribution/nagi-*.tar.gz
build/distribution/nagi-*.sha256

2026-10-07T00:56:42.6822906Z   if-no-files-found: error
2026-10-07T00:56:42.6823354Z   compression-level: 6
2026-10-07T00:56:42.6823762Z   overwrite: false
2026-10-07T00:56:42.6824158Z   include-hidden-files: false
2026-10-07T00:56:42.6824590Z env:
2026-10-07T00:56:42.6825122Z   NAGI_FAILURE_DIR: /home/runner/work/Nagi/Nagi/build/compiler-failures
2026-10-07T00:56:42.6825821Z   CARGO_HOME: /home/runner/.cargo
2026-10-07T00:56:42.6826283Z   CARGO_INCREMENTAL: 0
2026-10-07T00:56:42.6826682Z   CARGO_TERM_COLOR: always
2026-10-07T00:56:42.6827228Z   pythonLocation: /opt/hostedtoolcache/Python/3.12.15/x64
2026-10-07T00:56:42.6828020Z   PKG_CONFIG_PATH: /opt/hostedtoolcache/Python/3.12.15/x64/lib/pkgconfig
2026-10-07T00:56:42.6828852Z   Python_ROOT_DIR: /opt/hostedtoolcache/Python/3.12.15/x64
2026-10-07T00:56:42.6829574Z   Python2_ROOT_DIR: /opt/hostedtoolcache/Python/3.12.15/x64
2026-10-07T00:56:42.6830282Z   Python3_ROOT_DIR: /opt/hostedtoolcache/Python/3.12.15/x64
2026-10-07T00:56:42.6831000Z   LD_LIBRARY_PATH: /opt/hostedtoolcache/Python/3.12.15/x64/lib
2026-10-07T00:56:42.6831812Z ##[endgroup]
2026-10-07T00:56:42.8524192Z (node:25700) [DEP0040] DeprecationWarning: The `punycode` module is deprecated. Please use a userland alternative instead.
2026-10-07T00:56:42.8525203Z (Use `node --trace-deprecation ...` to show where the warning was created)
2026-10-07T00:56:42.8585416Z With the provided path, there will be 2 files uploaded
2026-10-07T00:56:42.8591803Z Artifact name is valid!
2026-10-07T00:56:42.8592683Z Root directory input is valid!
2026-10-07T00:56:43.0741182Z Beginning upload of artifact content to blob storage
2026-10-07T00:56:43.1788679Z (node:25700) [DEP0169] DeprecationWarning: `url.parse()` behavior is not standardized and prone to errors that have security implications. Use the WHATWG URL API instead. CVEs are not issued for `url.parse()` vulnerabilities.
2026-10-07T00:56:43.2715805Z Uploaded bytes 2569451
2026-10-07T00:56:43.2865537Z Finished uploading artifact content to blob storage!
2026-10-07T00:56:43.2866602Z SHA256 digest of uploaded artifact zip is a5dbbec5965c5adcc2167d753b2819c6f91d416b06f2cfb8517e231b0347e5ad
2026-10-07T00:56:43.2868258Z Finalizing artifact upload
2026-10-07T00:56:43.4969065Z Artifact release-linux-x86_64.zip successfully finalized. Artifact ID 11454416628
2026-10-07T00:56:43.4970254Z Artifact release-linux-x86_64 has been successfully uploaded! Final size is 2569451 bytes. Artifact ID is 11454416628
2026-10-07T00:56:43.4977693Z Artifact download URL: https://github.com/disnana/Nagi/actions/runs/37553704154/artifacts/11454416628
2026-10-07T00:56:43.5150381Z Post job cleanup.
2026-10-07T00:56:43.6409342Z (node:25713) [DEP0040] DeprecationWarning: The `punycode` module is deprecated. Please use a userland alternative instead.
2026-10-07T00:56:43.6411063Z (Use `node --trace-deprecation ...` to show where the warning was created)
2026-10-07T00:56:43.6622401Z Post job cleanup.
2026-10-07T00:56:43.7909009Z (node:25721) [DEP0040] DeprecationWarning: The `punycode` module is deprecated. Please use a userland alternative instead.
2026-10-07T00:56:43.7910017Z (Use `node --trace-deprecation ...` to show where the warning was created)
2026-10-07T00:56:45.0320717Z Post job cleanup.
2026-10-07T00:56:45.1521382Z (node:25766) [DEP0040] DeprecationWarning: The `punycode` module is deprecated. Please use a userland alternative instead.
2026-10-07T00:56:45.1525333Z (Use `node --trace-deprecation ...` to show where the warning was created)
2026-10-07T00:56:45.1748568Z [command]/usr/bin/tar --posix -cf cache.tzst --exclude cache.tzst -P -C /home/runner/work/Nagi/Nagi --files-from manifest.txt --use-compress-program zstdmt
2026-10-07T00:57:06.8985597Z (node:25766) [DEP0169] DeprecationWarning: `url.parse()` behavior is not standardized and prone to errors that have security implications. Use the WHATWG URL API instead. CVEs are not issued for `url.parse()` vulnerabilities.
2026-10-07T00:57:07.8863065Z Sent 0 of 2178425529 (0.0%), 0.0 MBs/sec
2026-10-07T00:57:08.8846899Z Sent 603979776 of 2178425529 (27.7%), 287.6 MBs/sec
2026-10-07T00:57:09.8849029Z Sent 1140850688 of 2178425529 (52.4%), 362.3 MBs/sec
2026-10-07T00:57:10.8847843Z Sent 1744830464 of 2178425529 (80.1%), 415.7 MBs/sec
2026-10-07T00:57:11.3191392Z Sent 2178425529 of 2178425529 (100.0%), 468.2 MBs/sec
2026-10-07T00:57:11.5670463Z Cache saved with key: nagi-rust-v1-package-linux-x86_64-20260928b940-ea0ec8ed94fb35bcf1d7c665cba9b22ca9050a457cc062d0c63198341f876515-0b86d267842384c4053a5e5fd79f989e184954a703b5365ab17024600c1d4de3
2026-10-07T00:57:11.5833607Z Post job cleanup.
2026-10-07T00:57:11.6732766Z [command]/usr/bin/git version
2026-10-07T00:57:11.6780442Z git version 2.55.0
2026-10-07T00:57:11.6820451Z Temporarily overriding HOME='/home/runner/work/_temp/3c4075fc-3a78-4c65-8f09-d37357332168' before making global git config changes
2026-10-07T00:57:11.6822449Z Adding repository directory to the temporary git global config as a safe directory
2026-10-07T00:57:11.6827425Z [command]/usr/bin/git config --global --add safe.directory /home/runner/work/Nagi/Nagi
2026-10-07T00:57:11.6867567Z [command]/usr/bin/git config --local --name-only --get-regexp core\.sshCommand
2026-10-07T00:57:11.6909498Z [command]/usr/bin/git submodule foreach --recursive sh -c "git config --local --name-only --get-regexp 'core\.sshCommand' && git config --local --unset-all 'core.sshCommand' || :"
2026-10-07T00:57:11.7213629Z [command]/usr/bin/git config --local --name-only --get-regexp http\.https\:\/\/github\.com\/\.extraheader
2026-10-07T00:57:11.7237787Z http.https://github.com/.extraheader
2026-10-07T00:57:11.7257662Z [command]/usr/bin/git config --local --unset-all http.https://github.com/.extraheader
2026-10-07T00:57:11.7297318Z [command]/usr/bin/git submodule foreach --recursive sh -c "git config --local --name-only --get-regexp 'http\.https\:\/\/github\.com\/\.extraheader' && git config --local --unset-all 'http.https://github.com/.extraheader' || :"
2026-10-07T00:57:11.7567701Z [command]/usr/bin/git config --local --name-only --get-regexp ^includeIf\.gitdir:
2026-10-07T00:57:11.7615210Z [command]/usr/bin/git submodule foreach --recursive git config --local --show-origin --name-only --get-regexp remote.origin.url
2026-10-07T00:57:11.8003785Z Cleaning up orphan processes
2026-10-07T00:57:11.8328523Z ##[warning]Node.js 20 is deprecated. The following actions target Node.js 20 but are being forced to run on Node.js 24: actions/cache@v4, actions/checkout@v4, actions/setup-node@v4, actions/setup-python@v5, actions/upload-artifact@v4. For more information see: https://github.blog/changelog/2025-09-19-deprecation-of-node-20-on-github-actions-runners/
