2026-10-07T01:16:04.0480240Z Current runner version: '2.337.0'
2026-10-07T01:16:04.0516180Z ##[group]Runner Image Provisioner
2026-10-07T01:16:04.0517790Z Hosted Compute Agent
2026-10-07T01:16:04.0518880Z Version: 20260819.586
2026-10-07T01:16:04.0519930Z Commit: 3cc4a88dfa507ef76119ad1bb3eccc6378bb2b76
2026-10-07T01:16:04.0521180Z Build Date: 2026-08-18T23:20:18Z
2026-10-07T01:16:04.0522590Z Worker ID: {1de8ffa5-5ab4-4282-bd37-82baa662cd13}
2026-10-07T01:16:04.0523870Z Azure Region: westus
2026-10-07T01:16:04.0524870Z ##[endgroup]
2026-10-07T01:16:04.0527700Z ##[group]Operating System
2026-10-07T01:16:04.0529020Z macOS
2026-10-07T01:16:04.0529950Z 15.7.9
2026-10-07T01:16:04.0530790Z 24G830
2026-10-07T01:16:04.0531710Z ##[endgroup]
2026-10-07T01:16:04.0532630Z ##[group]Runner Image
2026-10-07T01:16:04.0533590Z Image: macos-15
2026-10-07T01:16:04.0534550Z Version: 20260824.0482.1
2026-10-07T01:16:04.0536960Z Included Software: https://github.com/actions/runner-images/blob/macos-15/20260824.0482/images/macos/macos-15-Readme.md
2026-10-07T01:16:04.0540110Z Image Release: https://github.com/actions/runner-images/releases/tag/macos-15%2F20260824.0482
2026-10-07T01:16:04.0542260Z ##[endgroup]
2026-10-07T01:16:04.0544280Z ##[group]GITHUB_TOKEN Permissions
2026-10-07T01:16:04.0547390Z Contents: read
2026-10-07T01:16:04.0548420Z Metadata: read
2026-10-07T01:16:04.0549350Z ##[endgroup]
2026-10-07T01:16:04.0552760Z Secret source: Actions
2026-10-07T01:16:04.0554370Z Cache mode: write
2026-10-07T01:16:04.0555620Z Prepare workflow directory
2026-10-07T01:16:04.1493560Z Prepare all required actions
2026-10-07T01:16:04.1575840Z Getting action download info
2026-10-07T01:16:04.6529420Z Download action repository 'actions/checkout@v4' (SHA:11d5960a326750d5838078e36cf38b85af677262)
2026-10-07T01:16:04.9909510Z Download action repository 'dtolnay/rust-toolchain@stable' (SHA:89b12181fb390509a0842a86cc55eeb8eb928c1d)
2026-10-07T01:16:05.3597170Z Download action repository 'actions/cache@v4' (SHA:0057852bfaa89a56745cba8c7296529d2fc39830)
2026-10-07T01:16:05.4910640Z Download action repository 'actions/setup-python@v5' (SHA:a26af69be951a213d495a4c3e4e4022e16d87065)
2026-10-07T01:16:05.6956970Z Download action repository 'actions/setup-node@v4' (SHA:49933ea5288caeca8642d1e84afbd3f7d6820020)
2026-10-07T01:16:05.8786470Z Download action repository 'actions/upload-artifact@v4' (SHA:ea165f8d65b6e75b540449e92b4886f43607fa02)
2026-10-07T01:16:06.7432440Z Complete job name: nagi-package (macos-15-intel, macos-x86_64, nagic, x86_64-apple-darwin)
2026-10-07T01:16:07.0142260Z ##[group]Run actions/checkout@v4
2026-10-07T01:16:07.0145230Z with:
2026-10-07T01:16:07.0147170Z   repository: disnana/Nagi
2026-10-07T01:16:07.0172990Z   token: ***
2026-10-07T01:16:07.0174890Z   ssh-strict: true
2026-10-07T01:16:07.0177040Z   ssh-user: git
2026-10-07T01:16:07.0179340Z   persist-credentials: true
2026-10-07T01:16:07.0182180Z   clean: true
2026-10-07T01:16:07.0185490Z   sparse-checkout-cone-mode: true
2026-10-07T01:16:07.0187910Z   fetch-depth: 1
2026-10-07T01:16:07.0189920Z   fetch-tags: false
2026-10-07T01:16:07.0192510Z   show-progress: true
2026-10-07T01:16:07.0194740Z   lfs: false
2026-10-07T01:16:07.0197010Z   submodules: false
2026-10-07T01:16:07.0199610Z   set-safe-directory: true
2026-10-07T01:16:07.0202040Z   allow-unsafe-pr-checkout: false
2026-10-07T01:16:07.0206770Z env:
2026-10-07T01:16:07.0210120Z   NAGI_FAILURE_DIR: /Users/runner/work/Nagi/Nagi/build/compiler-failures
2026-10-07T01:16:07.0213990Z ##[endgroup]
2026-10-07T01:16:07.6191860Z Syncing repository: disnana/Nagi
2026-10-07T01:16:07.6197490Z ##[group]Getting Git version info
2026-10-07T01:16:07.6201050Z Working directory is '/Users/runner/work/Nagi/Nagi'
2026-10-07T01:16:07.6205630Z [command]/usr/local/bin/git version
2026-10-07T01:16:07.6655290Z git version 2.55.0
2026-10-07T01:16:07.6722140Z ##[endgroup]
2026-10-07T01:16:07.6745840Z Copying '/Users/runner/.gitconfig' to '/Users/runner/work/_temp/a093ddf4-d2fc-4ff1-868c-6817778227fa/.gitconfig'
2026-10-07T01:16:07.6778510Z Temporarily overriding HOME='/Users/runner/work/_temp/a093ddf4-d2fc-4ff1-868c-6817778227fa' before making global git config changes
2026-10-07T01:16:07.6789570Z Adding repository directory to the temporary git global config as a safe directory
2026-10-07T01:16:07.6796760Z [command]/usr/local/bin/git config --global --add safe.directory /Users/runner/work/Nagi/Nagi
2026-10-07T01:16:07.7002500Z Deleting the contents of '/Users/runner/work/Nagi/Nagi'
2026-10-07T01:16:07.7016740Z ##[group]Initializing the repository
2026-10-07T01:16:07.7026170Z [command]/usr/local/bin/git init /Users/runner/work/Nagi/Nagi
2026-10-07T01:16:07.7541180Z hint: Using 'master' as the name for the initial branch. This default branch name
2026-10-07T01:16:07.7548140Z hint: will change to "main" in Git 3.0. To configure the initial branch name
2026-10-07T01:16:07.7555230Z hint: to use in all of your new repositories, which will suppress this warning,
2026-10-07T01:16:07.7560800Z hint: call:
2026-10-07T01:16:07.7563820Z hint:
2026-10-07T01:16:07.7567290Z hint: 	git config --global init.defaultBranch <name>
2026-10-07T01:16:07.7571340Z hint:
2026-10-07T01:16:07.7575300Z hint: Names commonly chosen instead of 'master' are 'main', 'trunk' and
2026-10-07T01:16:07.7581390Z hint: 'development'. The just-created branch can be renamed via this command:
2026-10-07T01:16:07.7586200Z hint:
2026-10-07T01:16:07.7589560Z hint: 	git branch -m <name>
2026-10-07T01:16:07.7592680Z hint:
2026-10-07T01:16:07.7597460Z hint: Disable this message with "git config set advice.defaultBranchName false"
2026-10-07T01:16:07.7605520Z Initialized empty Git repository in /Users/runner/work/Nagi/Nagi/.git/
2026-10-07T01:16:07.7617360Z [command]/usr/local/bin/git remote add origin https://github.com/disnana/Nagi
2026-10-07T01:16:07.7799940Z ##[endgroup]
2026-10-07T01:16:07.7803790Z ##[group]Disabling automatic garbage collection
2026-10-07T01:16:07.7806980Z [command]/usr/local/bin/git config --local gc.auto 0
2026-10-07T01:16:07.7962390Z ##[endgroup]
2026-10-07T01:16:07.7967020Z ##[group]Setting up auth
2026-10-07T01:16:07.7972180Z [command]/usr/local/bin/git config --local --name-only --get-regexp core\.sshCommand
2026-10-07T01:16:07.8124540Z [command]/usr/local/bin/git submodule foreach --recursive sh -c "git config --local --name-only --get-regexp 'core\.sshCommand' && git config --local --unset-all 'core.sshCommand' || :"
2026-10-07T01:16:08.0704490Z [command]/usr/local/bin/git config --local --name-only --get-regexp http\.https\:\/\/github\.com\/\.extraheader
2026-10-07T01:16:08.0889510Z [command]/usr/local/bin/git submodule foreach --recursive sh -c "git config --local --name-only --get-regexp 'http\.https\:\/\/github\.com\/\.extraheader' && git config --local --unset-all 'http.https://github.com/.extraheader' || :"
2026-10-07T01:16:08.4875100Z [command]/usr/local/bin/git config --local --name-only --get-regexp ^includeIf\.gitdir:
2026-10-07T01:16:08.4973890Z [command]/usr/local/bin/git submodule foreach --recursive git config --local --show-origin --name-only --get-regexp remote.origin.url
2026-10-07T01:16:08.6154790Z [command]/usr/local/bin/git config --local http.https://github.com/.extraheader AUTHORIZATION: basic ***
2026-10-07T01:16:08.6352890Z ##[endgroup]
2026-10-07T01:16:08.6355260Z ##[group]Fetching the repository
2026-10-07T01:16:08.6372090Z [command]/usr/local/bin/git -c protocol.version=2 fetch --no-tags --prune --no-recurse-submodules --depth=1 origin +3750d312318bd5d07ca6fc3d8bbcb8cfbee43402:refs/remotes/pull/91/merge
2026-10-07T01:16:10.6836480Z From https://github.com/disnana/Nagi
2026-10-07T01:16:10.6850460Z  * [new ref]         3750d312318bd5d07ca6fc3d8bbcb8cfbee43402 -> pull/91/merge
2026-10-07T01:16:10.6861170Z ##[endgroup]
2026-10-07T01:16:10.6867410Z ##[group]Determining the checkout info
2026-10-07T01:16:10.6872050Z ##[endgroup]
2026-10-07T01:16:10.6875430Z [command]/usr/local/bin/git sparse-checkout disable
2026-10-07T01:16:10.7114340Z [command]/usr/local/bin/git config --local --unset-all extensions.worktreeConfig
2026-10-07T01:16:10.7315460Z ##[group]Checking out the ref
2026-10-07T01:16:10.7319880Z [command]/usr/local/bin/git checkout --progress --force refs/remotes/pull/91/merge
2026-10-07T01:16:11.9050540Z Updating files:  67% (1728/2554)
2026-10-07T01:16:11.9161430Z Updating files:  68% (1737/2554)
2026-10-07T01:16:11.9282470Z Updating files:  69% (1763/2554)
2026-10-07T01:16:11.9391490Z Updating files:  70% (1788/2554)
2026-10-07T01:16:11.9519070Z Updating files:  71% (1814/2554)
2026-10-07T01:16:11.9652890Z Updating files:  72% (1839/2554)
2026-10-07T01:16:11.9768150Z Updating files:  73% (1865/2554)
2026-10-07T01:16:11.9876260Z Updating files:  74% (1890/2554)
2026-10-07T01:16:11.9990400Z Updating files:  75% (1916/2554)
2026-10-07T01:16:12.0095540Z Updating files:  76% (1942/2554)
2026-10-07T01:16:12.0213830Z Updating files:  77% (1967/2554)
2026-10-07T01:16:12.0340190Z Updating files:  78% (1993/2554)
2026-10-07T01:16:12.0451540Z Updating files:  79% (2018/2554)
2026-10-07T01:16:12.0562540Z Updating files:  80% (2044/2554)
2026-10-07T01:16:12.0677620Z Updating files:  81% (2069/2554)
2026-10-07T01:16:12.0772030Z Updating files:  82% (2095/2554)
2026-10-07T01:16:12.0877410Z Updating files:  83% (2120/2554)
2026-10-07T01:16:12.0982250Z Updating files:  84% (2146/2554)
2026-10-07T01:16:12.1090920Z Updating files:  85% (2171/2554)
2026-10-07T01:16:12.1185240Z Updating files:  86% (2197/2554)
2026-10-07T01:16:12.1289530Z Updating files:  87% (2222/2554)
2026-10-07T01:16:12.1402930Z Updating files:  88% (2248/2554)
2026-10-07T01:16:12.1503860Z Updating files:  89% (2274/2554)
2026-10-07T01:16:12.1597990Z Updating files:  90% (2299/2554)
2026-10-07T01:16:12.1694620Z Updating files:  91% (2325/2554)
2026-10-07T01:16:12.1809960Z Updating files:  92% (2350/2554)
2026-10-07T01:16:12.1920930Z Updating files:  93% (2376/2554)
2026-10-07T01:16:12.2032240Z Updating files:  94% (2401/2554)
2026-10-07T01:16:12.2135310Z Updating files:  95% (2427/2554)
2026-10-07T01:16:12.2255660Z Updating files:  96% (2452/2554)
2026-10-07T01:16:12.2385410Z Updating files:  97% (2478/2554)
2026-10-07T01:16:12.2471910Z Updating files:  98% (2503/2554)
2026-10-07T01:16:12.2647170Z Updating files:  99% (2529/2554)
2026-10-07T01:16:12.2648400Z Updating files: 100% (2554/2554)
2026-10-07T01:16:12.2649200Z Updating files: 100% (2554/2554), done.
2026-10-07T01:16:12.2772230Z HEAD is now at 3750d31 Merge c2b227533b89268028ecb2d67e39492b7aa4e4a5 into 97e62f82b1f67dbcea699071477cbeec7388a713
2026-10-07T01:16:12.2803660Z ##[endgroup]
2026-10-07T01:16:12.3003010Z [command]/usr/local/bin/git log -1 --format=%H
2026-10-07T01:16:12.3167400Z 3750d312318bd5d07ca6fc3d8bbcb8cfbee43402
2026-10-07T01:16:12.3996570Z ##[group]Run dtolnay/rust-toolchain@stable
2026-10-07T01:16:12.3997520Z with:
2026-10-07T01:16:12.3998090Z   toolchain: stable
2026-10-07T01:16:12.3998680Z env:
2026-10-07T01:16:12.3999580Z   NAGI_FAILURE_DIR: /Users/runner/work/Nagi/Nagi/build/compiler-failures
2026-10-07T01:16:12.4000710Z ##[endgroup]
2026-10-07T01:16:12.4167250Z ##[start-action display=Parse toolchain version;id=rust.parse]
2026-10-07T01:16:12.4310150Z ##[group]Run if [[ -z $toolchain ]]; then
2026-10-07T01:16:12.4311310Z [36;1mif [[ -z $toolchain ]]; then[0m
2026-10-07T01:16:12.4313020Z [36;1m  # GitHub does not enforce `required: true` inputs itself. https://github.com/actions/runner/issues/1070[0m
2026-10-07T01:16:12.4314910Z [36;1m  echo "'toolchain' is a required input" >&2[0m
2026-10-07T01:16:12.4315910Z [36;1m  exit 1[0m
2026-10-07T01:16:12.4317110Z [36;1melif [[ $toolchain =~ ^stable' '[0-9]+' '(year|month|week|day)s?' 'ago$ ]]; then[0m
2026-10-07T01:16:12.4318680Z [36;1m  if [[ macOS == macOS ]]; then[0m
2026-10-07T01:16:12.4320840Z [36;1m    echo "toolchain=1.$((($(date -v-$(sed 's/stable \([0-9]*\) \(.\).*/\1\2/' <<< $toolchain) +%s)/60/60/24-16569)/7/6))" >> $GITHUB_OUTPUT[0m
2026-10-07T01:16:12.4322630Z [36;1m  else[0m
2026-10-07T01:16:12.4323930Z [36;1m    echo "toolchain=1.$((($(date --date "${toolchain#stable }" +%s)/60/60/24-16569)/7/6))" >> $GITHUB_OUTPUT[0m
2026-10-07T01:16:12.4325300Z [36;1m  fi[0m
2026-10-07T01:16:12.4326050Z [36;1melif [[ $toolchain =~ ^stable' 'minus' '[0-9]+' 'releases?$ ]]; then[0m
2026-10-07T01:16:12.4328350Z [36;1m  echo "toolchain=1.$((($(date +%s)/60/60/24-16569)/7/6-${toolchain//[^0-9]/}))" >> $GITHUB_OUTPUT[0m
2026-10-07T01:16:12.4329650Z [36;1melif [[ $toolchain =~ ^1\.[0-9]+$ ]]; then[0m
2026-10-07T01:16:12.4331210Z [36;1m  echo "toolchain=1.$((i=${toolchain#1.}, c=($(date +%s)/60/60/24-16569)/7/6, i+9*i*(10*i<=c)+90*i*(100*i<=c)))" >> $GITHUB_OUTPUT[0m
2026-10-07T01:16:12.4332640Z [36;1melse[0m
2026-10-07T01:16:12.4333380Z [36;1m  echo "toolchain=$toolchain" >> $GITHUB_OUTPUT[0m
2026-10-07T01:16:12.4334200Z [36;1mfi[0m
2026-10-07T01:16:12.4443200Z shell: /bin/bash --noprofile --norc -e -o pipefail {0}
2026-10-07T01:16:12.4444120Z env:
2026-10-07T01:16:12.4444990Z   NAGI_FAILURE_DIR: /Users/runner/work/Nagi/Nagi/build/compiler-failures
2026-10-07T01:16:12.4445860Z   toolchain: stable
2026-10-07T01:16:12.4446360Z ##[endgroup]
2026-10-07T01:16:12.4854100Z ##[end-action id=rust.parse;outcome=success;conclusion=success;duration_ms=68]
2026-10-07T01:16:12.4878880Z ##[start-action display=Construct rustup command line;id=rust.flags]
2026-10-07T01:16:12.4980160Z ##[group]Run echo "targets=$(for t in ${targets//,/ }; do echo -n ' --target' $t; done)" >> $GITHUB_OUTPUT
2026-10-07T01:16:12.4981970Z [36;1mecho "targets=$(for t in ${targets//,/ }; do echo -n ' --target' $t; done)" >> $GITHUB_OUTPUT[0m
2026-10-07T01:16:12.4983710Z [36;1mecho "components=$(for c in ${components//,/ }; do echo -n ' --component' $c; done)" >> $GITHUB_OUTPUT[0m
2026-10-07T01:16:12.4985160Z [36;1mecho "downgrade=" >> $GITHUB_OUTPUT[0m
2026-10-07T01:16:12.5071640Z shell: /bin/bash --noprofile --norc -e -o pipefail {0}
2026-10-07T01:16:12.5072540Z env:
2026-10-07T01:16:12.5073430Z   NAGI_FAILURE_DIR: /Users/runner/work/Nagi/Nagi/build/compiler-failures
2026-10-07T01:16:12.5074670Z   targets: 
2026-10-07T01:16:12.5075240Z   components: 
2026-10-07T01:16:12.5076210Z ##[endgroup]
2026-10-07T01:16:12.5408680Z ##[end-action id=rust.flags;outcome=success;conclusion=success;duration_ms=52]
2026-10-07T01:16:12.5418670Z ##[start-action display=Set $CARGO_HOME;id=rust.__run]
2026-10-07T01:16:12.5498690Z ##[group]Run echo CARGO_HOME=${CARGO_HOME:-"$HOME/.cargo"} >> $GITHUB_ENV
2026-10-07T01:16:12.5500050Z [36;1mecho CARGO_HOME=${CARGO_HOME:-"$HOME/.cargo"} >> $GITHUB_ENV[0m
2026-10-07T01:16:12.5589560Z shell: /bin/bash --noprofile --norc -e -o pipefail {0}
2026-10-07T01:16:12.5590370Z env:
2026-10-07T01:16:12.5592430Z   NAGI_FAILURE_DIR: /Users/runner/work/Nagi/Nagi/build/compiler-failures
2026-10-07T01:16:12.5593430Z ##[endgroup]
2026-10-07T01:16:12.5881820Z ##[end-action id=rust.__run;outcome=success;conclusion=success;duration_ms=46]
2026-10-07T01:16:12.5887230Z ##[start-action display=Install rustup if needed;id=rust.__run_2]
2026-10-07T01:16:12.5964350Z ##[group]Run if ! command -v rustup &>/dev/null; then
2026-10-07T01:16:12.5965270Z [36;1mif ! command -v rustup &>/dev/null; then[0m
2026-10-07T01:16:12.5967130Z [36;1m  curl --proto '=https' --tlsv1.2 --retry 10 --retry-connrefused --location --silent --show-error --fail https://sh.rustup.rs | sh -s -- --default-toolchain none -y[0m
2026-10-07T01:16:12.5969070Z [36;1m  echo "$CARGO_HOME/bin" >> $GITHUB_PATH[0m
2026-10-07T01:16:12.5969780Z [36;1mfi[0m
2026-10-07T01:16:12.6043300Z shell: /bin/bash --noprofile --norc -e -o pipefail {0}
2026-10-07T01:16:12.6044120Z env:
2026-10-07T01:16:12.6044880Z   NAGI_FAILURE_DIR: /Users/runner/work/Nagi/Nagi/build/compiler-failures
2026-10-07T01:16:12.6045930Z   CARGO_HOME: /Users/runner/.cargo
2026-10-07T01:16:12.6046560Z ##[endgroup]
2026-10-07T01:16:12.6277510Z ##[end-action id=rust.__run_2;outcome=success;conclusion=success;duration_ms=38]
2026-10-07T01:16:12.6283380Z ##[start-action display=Install rustup if needed on windows;id=rust.__run_3]
2026-10-07T01:16:12.6299240Z ##[end-action id=rust.__run_3;outcome=skipped;conclusion=skipped;duration_ms=0]
2026-10-07T01:16:12.6320810Z ##[start-action display=rustup toolchain install stable;id=rust.__run_4]
2026-10-07T01:16:12.6392520Z ##[group]Run log=$(mktemp)
2026-10-07T01:16:12.6393210Z [36;1mlog=$(mktemp)[0m
2026-10-07T01:16:12.6393790Z [36;1mtrap 'rm -f "$log"' EXIT[0m
2026-10-07T01:16:12.6394470Z [36;1mfor attempt in 1 2 3 4 5; do[0m
2026-10-07T01:16:12.6395810Z [36;1m  if rustup toolchain install stable --profile minimal --no-self-update --force-non-host 2>&1 | tee "$log"; then[0m
2026-10-07T01:16:12.6397150Z [36;1m    break[0m
2026-10-07T01:16:12.6397780Z [36;1m  else[0m
2026-10-07T01:16:12.6398570Z [36;1m    status=$?[0m
2026-10-07T01:16:12.6399200Z [36;1m  fi[0m
2026-10-07T01:16:12.6399940Z [36;1m  if [[ $attempt == 5 ]] || ! grep -Fq 'checksum failed for ' "$log" \[0m
2026-10-07T01:16:12.6401430Z [36;1m      || ! grep -Fq 'this is likely due to an ongoing update of the official release server' "$log"; then[0m
2026-10-07T01:16:12.6402710Z [36;1m    exit "$status"[0m
2026-10-07T01:16:12.6403300Z [36;1m  fi[0m
2026-10-07T01:16:12.6404290Z [36;1m  echo "Retrying rustup toolchain install in 30 seconds (retry $attempt of 4)" >&2[0m
2026-10-07T01:16:12.6405420Z [36;1m  sleep 30[0m
2026-10-07T01:16:12.6406070Z [36;1mdone[0m
2026-10-07T01:16:12.6560850Z shell: /bin/bash --noprofile --norc -e -o pipefail {0}
2026-10-07T01:16:12.6562260Z env:
2026-10-07T01:16:12.6563330Z   NAGI_FAILURE_DIR: /Users/runner/work/Nagi/Nagi/build/compiler-failures
2026-10-07T01:16:12.6565190Z   CARGO_HOME: /Users/runner/.cargo
2026-10-07T01:16:12.6566100Z   RUSTUP_PERMIT_COPY_RENAME: 1
2026-10-07T01:16:12.6566910Z ##[endgroup]
2026-10-07T01:16:13.4010940Z info: syncing channel updates for stable-x86_64-apple-darwin
2026-10-07T01:16:13.6318080Z info: latest update on 2026-10-01 for version 1.99.0 (b940084d7 2026-09-28)
2026-10-07T01:16:13.6722310Z info: removing previous version of component clippy
2026-10-07T01:16:13.6780230Z info: removing previous version of component rustfmt
2026-10-07T01:16:13.6836620Z info: removing previous version of component cargo
2026-10-07T01:16:13.7092050Z info: removing previous version of component rust-std
2026-10-07T01:16:13.7368520Z info: removing previous version of component rustc
2026-10-07T01:16:13.7813230Z info: downloading 5 components
2026-10-07T01:16:39.9459660Z 
2026-10-07T01:16:40.0077350Z   stable-x86_64-apple-darwin updated - rustc 1.99.0 (b940084d7 2026-09-28) (from rustc 1.98.0 (88d9e12ae 2026-08-18))
2026-10-07T01:16:40.0079880Z 
2026-10-07T01:16:40.0083240Z info: self-update is disabled for this build of rustup
2026-10-07T01:16:40.0088150Z info: any updates to rustup will need to be fetched with your system package manager
2026-10-07T01:16:40.0439980Z ##[end-action id=rust.__run_4;outcome=success;conclusion=success;duration_ms=27397]
2026-10-07T01:16:40.0467800Z ##[start-action display=rustup default stable;id=rust.__run_5]
2026-10-07T01:16:40.0963870Z ##[group]Run rustup default stable --force-non-host
2026-10-07T01:16:40.0965750Z [36;1mrustup default stable --force-non-host[0m
2026-10-07T01:16:40.1103420Z shell: /bin/bash --noprofile --norc -e -o pipefail {0}
2026-10-07T01:16:40.1104290Z env:
2026-10-07T01:16:40.1105570Z   NAGI_FAILURE_DIR: /Users/runner/work/Nagi/Nagi/build/compiler-failures
2026-10-07T01:16:40.1106770Z   CARGO_HOME: /Users/runner/.cargo
2026-10-07T01:16:40.1107430Z ##[endgroup]
2026-10-07T01:16:40.1906280Z 
2026-10-07T01:16:40.1912790Z info: using existing install for stable-x86_64-apple-darwin
2026-10-07T01:16:40.2916540Z info: default toolchain set to stable-x86_64-apple-darwin
2026-10-07T01:16:40.2918340Z   stable-x86_64-apple-darwin unchanged - rustc 1.99.0 (b940084d7 2026-09-28)
2026-10-07T01:16:40.3026440Z 
2026-10-07T01:16:40.3061870Z ##[end-action id=rust.__run_5;outcome=success;conclusion=success;duration_ms=259]
2026-10-07T01:16:40.3069290Z ##[start-action display=Create cachekey;id=rust.rustc-version]
2026-10-07T01:16:40.3158770Z ##[group]Run DATE=$(rustc +stable --version --verbose | sed -ne 's/^commit-date: \(20[0-9][0-9]\)-\([01][0-9]\)-\([0-3][0-9]\)$/\1\2\3/p')
2026-10-07T01:16:40.3162080Z [36;1mDATE=$(rustc +stable --version --verbose | sed -ne 's/^commit-date: \(20[0-9][0-9]\)-\([01][0-9]\)-\([0-3][0-9]\)$/\1\2\3/p')[0m
2026-10-07T01:16:40.3165970Z [36;1mHASH=$(rustc +stable --version --verbose | sed -ne 's/^commit-hash: //p')[0m
2026-10-07T01:16:40.3167820Z [36;1mecho "cachekey=$(echo $DATE$HASH | head -c12)" >> $GITHUB_OUTPUT[0m
2026-10-07T01:16:40.3306260Z shell: /bin/bash --noprofile --norc -e -o pipefail {0}
2026-10-07T01:16:40.3307470Z env:
2026-10-07T01:16:40.3308920Z   NAGI_FAILURE_DIR: /Users/runner/work/Nagi/Nagi/build/compiler-failures
2026-10-07T01:16:40.3310450Z   CARGO_HOME: /Users/runner/.cargo
2026-10-07T01:16:40.3311420Z ##[endgroup]
2026-10-07T01:16:40.6035910Z ##[end-action id=rust.rustc-version;outcome=success;conclusion=success;duration_ms=296]
2026-10-07T01:16:40.6041750Z ##[start-action display=Disable incremental compilation;id=rust.__run_6]
2026-10-07T01:16:40.6190340Z ##[group]Run if [ -z "${CARGO_INCREMENTAL+set}" ]; then
2026-10-07T01:16:40.6191640Z [36;1mif [ -z "${CARGO_INCREMENTAL+set}" ]; then[0m
2026-10-07T01:16:40.6192950Z [36;1m  echo CARGO_INCREMENTAL=0 >> $GITHUB_ENV[0m
2026-10-07T01:16:40.6193910Z [36;1mfi[0m
2026-10-07T01:16:40.6305660Z shell: /bin/bash --noprofile --norc -e -o pipefail {0}
2026-10-07T01:16:40.6306840Z env:
2026-10-07T01:16:40.6308240Z   NAGI_FAILURE_DIR: /Users/runner/work/Nagi/Nagi/build/compiler-failures
2026-10-07T01:16:40.6310060Z   CARGO_HOME: /Users/runner/.cargo
2026-10-07T01:16:40.6311070Z ##[endgroup]
2026-10-07T01:16:40.6678420Z ##[end-action id=rust.__run_6;outcome=success;conclusion=success;duration_ms=63]
2026-10-07T01:16:40.6685880Z ##[start-action display=Enable colors in Cargo output;id=rust.__run_7]
2026-10-07T01:16:40.6745460Z ##[group]Run if [ -z "${CARGO_TERM_COLOR+set}" ]; then
2026-10-07T01:16:40.6746850Z [36;1mif [ -z "${CARGO_TERM_COLOR+set}" ]; then[0m
2026-10-07T01:16:40.6748150Z [36;1m  echo CARGO_TERM_COLOR=always >> $GITHUB_ENV[0m
2026-10-07T01:16:40.6749390Z [36;1mfi[0m
2026-10-07T01:16:40.6879670Z shell: /bin/bash --noprofile --norc -e -o pipefail {0}
2026-10-07T01:16:40.6881000Z env:
2026-10-07T01:16:40.6882180Z   NAGI_FAILURE_DIR: /Users/runner/work/Nagi/Nagi/build/compiler-failures
2026-10-07T01:16:40.6883630Z   CARGO_HOME: /Users/runner/.cargo
2026-10-07T01:16:40.6884650Z   CARGO_INCREMENTAL: 0
2026-10-07T01:16:40.6885460Z ##[endgroup]
2026-10-07T01:16:40.7226950Z ##[end-action id=rust.__run_7;outcome=success;conclusion=success;duration_ms=53]
2026-10-07T01:16:40.7234500Z ##[start-action display=Enable Cargo sparse registry;id=rust.__run_8]
2026-10-07T01:16:40.7292960Z ##[group]Run # implemented in 1.66, stabilized in 1.68, made default in 1.70
2026-10-07T01:16:40.7294400Z [36;1m# implemented in 1.66, stabilized in 1.68, made default in 1.70[0m
2026-10-07T01:16:40.7296880Z [36;1mif [ -z "${CARGO_REGISTRIES_CRATES_IO_PROTOCOL+set}" -o -f "/Users/runner/work/_temp"/.implicit_cargo_registries_crates_io_protocol ]; then[0m
2026-10-07T01:16:40.7298900Z [36;1m  if rustc +stable --version --verbose | grep -q '^release: 1\.6[89]\.'; then[0m
2026-10-07T01:16:40.7300560Z [36;1m    touch "/Users/runner/work/_temp"/.implicit_cargo_registries_crates_io_protocol || true[0m
2026-10-07T01:16:40.7302050Z [36;1m    echo CARGO_REGISTRIES_CRATES_IO_PROTOCOL=sparse >> $GITHUB_ENV[0m
2026-10-07T01:16:40.7303400Z [36;1m  elif rustc +stable --version --verbose | grep -q '^release: 1\.6[67]\.'; then[0m
2026-10-07T01:16:40.7305070Z [36;1m    touch "/Users/runner/work/_temp"/.implicit_cargo_registries_crates_io_protocol || true[0m
2026-10-07T01:16:40.7307400Z [36;1m    echo CARGO_REGISTRIES_CRATES_IO_PROTOCOL=git >> $GITHUB_ENV[0m
2026-10-07T01:16:40.7308800Z [36;1m  fi[0m
2026-10-07T01:16:40.7309530Z [36;1mfi[0m
2026-10-07T01:16:40.7431630Z shell: /bin/bash --noprofile --norc -e -o pipefail {0}
2026-10-07T01:16:40.7432460Z env:
2026-10-07T01:16:40.7433240Z   NAGI_FAILURE_DIR: /Users/runner/work/Nagi/Nagi/build/compiler-failures
2026-10-07T01:16:40.7434260Z   CARGO_HOME: /Users/runner/.cargo
2026-10-07T01:16:40.7434940Z   CARGO_INCREMENTAL: 0
2026-10-07T01:16:40.7436100Z   CARGO_TERM_COLOR: always
2026-10-07T01:16:40.7436680Z ##[endgroup]
2026-10-07T01:16:40.9440480Z ##[end-action id=rust.__run_8;outcome=success;conclusion=success;duration_ms=220]
2026-10-07T01:16:40.9447580Z ##[start-action display=Work around spurious network errors in curl 8.0;id=rust.__run_9]
2026-10-07T01:16:40.9550880Z ##[group]Run # https://rust-lang.zulipchat.com/#narrow/stream/246057-t-cargo/topic/timeout.20investigation
2026-10-07T01:16:40.9553720Z [36;1m# https://rust-lang.zulipchat.com/#narrow/stream/246057-t-cargo/topic/timeout.20investigation[0m
2026-10-07T01:16:40.9556400Z [36;1mif rustc +stable --version --verbose | grep -q '^release: 1\.7[01]\.'; then[0m
2026-10-07T01:16:40.9558120Z [36;1m  echo CARGO_HTTP_MULTIPLEXING=false >> $GITHUB_ENV[0m
2026-10-07T01:16:40.9559330Z [36;1mfi[0m
2026-10-07T01:16:40.9698430Z shell: /bin/bash --noprofile --norc -e -o pipefail {0}
2026-10-07T01:16:40.9699250Z env:
2026-10-07T01:16:40.9700050Z   NAGI_FAILURE_DIR: /Users/runner/work/Nagi/Nagi/build/compiler-failures
2026-10-07T01:16:40.9701220Z   CARGO_HOME: /Users/runner/.cargo
2026-10-07T01:16:40.9701900Z   CARGO_INCREMENTAL: 0
2026-10-07T01:16:40.9702510Z   CARGO_TERM_COLOR: always
2026-10-07T01:16:40.9703100Z ##[endgroup]
2026-10-07T01:16:41.0736900Z ##[end-action id=rust.__run_9;outcome=success;conclusion=success;duration_ms=128]
2026-10-07T01:16:41.0749890Z ##[start-action display=rustc +stable --version --verbose;id=rust.__run_10]
2026-10-07T01:16:41.0822940Z ##[group]Run rustc +stable --version --verbose
2026-10-07T01:16:41.0824180Z [36;1mrustc +stable --version --verbose[0m
2026-10-07T01:16:41.0943490Z shell: /bin/bash --noprofile --norc -e -o pipefail {0}
2026-10-07T01:16:41.0944710Z env:
2026-10-07T01:16:41.0945810Z   NAGI_FAILURE_DIR: /Users/runner/work/Nagi/Nagi/build/compiler-failures
2026-10-07T01:16:41.0947330Z   CARGO_HOME: /Users/runner/.cargo
2026-10-07T01:16:41.0948290Z   CARGO_INCREMENTAL: 0
2026-10-07T01:16:41.0949070Z   CARGO_TERM_COLOR: always
2026-10-07T01:16:41.0951110Z ##[endgroup]
2026-10-07T01:16:41.2145750Z rustc 1.99.0 (b940084d7 2026-09-28)
2026-10-07T01:16:41.2149580Z binary: rustc
2026-10-07T01:16:41.2151270Z commit-hash: b940084d7eb6a299eb4bfeb8e34901bc051e7ac4
2026-10-07T01:16:41.2152680Z commit-date: 2026-09-28
2026-10-07T01:16:41.2153520Z host: x86_64-apple-darwin
2026-10-07T01:16:41.2155370Z release: 1.99.0
2026-10-07T01:16:41.2162420Z LLVM version: 23.1.1
2026-10-07T01:16:41.2207180Z ##[end-action id=rust.__run_10;outcome=success;conclusion=success;duration_ms=145]
2026-10-07T01:16:42.7068950Z ##[group]Run actions/cache@v4
2026-10-07T01:16:42.7069940Z with:
2026-10-07T01:16:42.7070670Z   path: ~/.cargo/registry
~/.cargo/git
target
native-target

2026-10-07T01:16:42.7073230Z   key: nagi-rust-v1-package-macos-x86_64-20260928b940-ea0ec8ed94fb35bcf1d7c665cba9b22ca9050a457cc062d0c63198341f876515-0b86d267842384c4053a5e5fd79f989e184954a703b5365ab17024600c1d4de3
2026-10-07T01:16:42.7077270Z   restore-keys: nagi-rust-v1-package-macos-x86_64-20260928b940-ea0ec8ed94fb35bcf1d7c665cba9b22ca9050a457cc062d0c63198341f876515-
nagi-rust-v1-package-macos-x86_64-20260928b940-

2026-10-07T01:16:42.7080080Z   enableCrossOsArchive: false
2026-10-07T01:16:42.7080860Z   fail-on-cache-miss: false
2026-10-07T01:16:42.7081470Z   lookup-only: false
2026-10-07T01:16:42.7082140Z   save-always: false
2026-10-07T01:16:42.7082650Z env:
2026-10-07T01:16:42.7083380Z   NAGI_FAILURE_DIR: /Users/runner/work/Nagi/Nagi/build/compiler-failures
2026-10-07T01:16:42.7084650Z   CARGO_HOME: /Users/runner/.cargo
2026-10-07T01:16:42.7085760Z   CARGO_INCREMENTAL: 0
2026-10-07T01:16:42.7086690Z   CARGO_TERM_COLOR: always
2026-10-07T01:16:42.7087460Z ##[endgroup]
2026-10-07T01:16:43.1159120Z (node:7863) [DEP0040] DeprecationWarning: The `punycode` module is deprecated. Please use a userland alternative instead.
2026-10-07T01:16:43.1496710Z (Use `node --trace-deprecation ...` to show where the warning was created)
2026-10-07T01:16:43.4677950Z Cache not found for input keys: nagi-rust-v1-package-macos-x86_64-20260928b940-ea0ec8ed94fb35bcf1d7c665cba9b22ca9050a457cc062d0c63198341f876515-0b86d267842384c4053a5e5fd79f989e184954a703b5365ab17024600c1d4de3, nagi-rust-v1-package-macos-x86_64-20260928b940-ea0ec8ed94fb35bcf1d7c665cba9b22ca9050a457cc062d0c63198341f876515-, nagi-rust-v1-package-macos-x86_64-20260928b940-
2026-10-07T01:16:43.4963920Z ##[group]Run actions/setup-python@v5
2026-10-07T01:16:43.4965060Z with:
2026-10-07T01:16:43.4965810Z   python-version: 3.12
2026-10-07T01:16:43.4966740Z   check-latest: false
2026-10-07T01:16:43.4977760Z   token: ***
2026-10-07T01:16:43.4978640Z   update-environment: true
2026-10-07T01:16:43.4979530Z   allow-prereleases: false
2026-10-07T01:16:43.4980340Z   freethreaded: false
2026-10-07T01:16:43.4981120Z env:
2026-10-07T01:16:43.4982210Z   NAGI_FAILURE_DIR: /Users/runner/work/Nagi/Nagi/build/compiler-failures
2026-10-07T01:16:43.4983560Z   CARGO_HOME: /Users/runner/.cargo
2026-10-07T01:16:43.4985110Z   CARGO_INCREMENTAL: 0
2026-10-07T01:16:43.4985980Z   CARGO_TERM_COLOR: always
2026-10-07T01:16:43.4986920Z ##[endgroup]
2026-10-07T01:16:44.1848070Z ##[group]Installed versions
2026-10-07T01:16:44.2032670Z (node:7877) [DEP0040] DeprecationWarning: The `punycode` module is deprecated. Please use a userland alternative instead.
2026-10-07T01:16:44.2115650Z (Use `node --trace-deprecation ...` to show where the warning was created)
2026-10-07T01:16:44.2736500Z Successfully set up CPython (3.12.10)
2026-10-07T01:16:44.2784760Z ##[endgroup]
2026-10-07T01:16:44.3150740Z ##[group]Run actions/setup-node@v4
2026-10-07T01:16:44.3151890Z with:
2026-10-07T01:16:44.3152590Z   node-version: 22
2026-10-07T01:16:44.3153450Z   always-auth: false
2026-10-07T01:16:44.3154310Z   check-latest: false
2026-10-07T01:16:44.3164820Z   token: ***
2026-10-07T01:16:44.3165680Z env:
2026-10-07T01:16:44.3166790Z   NAGI_FAILURE_DIR: /Users/runner/work/Nagi/Nagi/build/compiler-failures
2026-10-07T01:16:44.3168310Z   CARGO_HOME: /Users/runner/.cargo
2026-10-07T01:16:44.3169280Z   CARGO_INCREMENTAL: 0
2026-10-07T01:16:44.3170270Z   CARGO_TERM_COLOR: always
2026-10-07T01:16:44.3171980Z   pythonLocation: /Users/runner/hostedtoolcache/Python/3.12.10/x64
2026-10-07T01:16:44.3173990Z   PKG_CONFIG_PATH: /Users/runner/hostedtoolcache/Python/3.12.10/x64/lib/pkgconfig
2026-10-07T01:16:44.3176000Z   Python_ROOT_DIR: /Users/runner/hostedtoolcache/Python/3.12.10/x64
2026-10-07T01:16:44.3177750Z   Python2_ROOT_DIR: /Users/runner/hostedtoolcache/Python/3.12.10/x64
2026-10-07T01:16:44.3179690Z   Python3_ROOT_DIR: /Users/runner/hostedtoolcache/Python/3.12.10/x64
2026-10-07T01:16:44.3181180Z ##[endgroup]
2026-10-07T01:16:44.9557570Z (node:7954) [DEP0040] DeprecationWarning: The `punycode` module is deprecated. Please use a userland alternative instead.
2026-10-07T01:16:44.9668740Z (Use `node --trace-deprecation ...` to show where the warning was created)
2026-10-07T01:16:45.0160760Z Found in cache @ /Users/runner/hostedtoolcache/node/22.23.2/x64
2026-10-07T01:16:45.0189100Z ##[group]Environment details
2026-10-07T01:16:46.6192800Z node: v22.23.2
2026-10-07T01:16:46.6193540Z npm: 10.9.8
2026-10-07T01:16:46.6194160Z yarn: 1.22.22
2026-10-07T01:16:46.6195950Z ##[endgroup]
2026-10-07T01:16:46.6451270Z ##[group]Run python - <<'PY'
2026-10-07T01:16:46.6452080Z [36;1mpython - <<'PY'[0m
2026-10-07T01:16:46.6452740Z [36;1mimport os, subprocess[0m
2026-10-07T01:16:46.6453760Z [36;1mlines = subprocess.check_output(['rustc', '-vV'], text=True).splitlines()[0m
2026-10-07T01:16:46.6456900Z [36;1mhost = next(line.removeprefix('host: ') for line in lines if line.startswith('host: '))[0m
2026-10-07T01:16:46.6458830Z [36;1massert host == os.environ['RELEASE_RUST_HOST'], host[0m
2026-10-07T01:16:46.6460120Z [36;1mPY[0m
2026-10-07T01:16:46.6617090Z shell: /bin/bash --noprofile --norc -e -o pipefail {0}
2026-10-07T01:16:46.6618260Z env:
2026-10-07T01:16:46.6619330Z   NAGI_FAILURE_DIR: /Users/runner/work/Nagi/Nagi/build/compiler-failures
2026-10-07T01:16:46.6620830Z   CARGO_HOME: /Users/runner/.cargo
2026-10-07T01:16:46.6621710Z   CARGO_INCREMENTAL: 0
2026-10-07T01:16:46.6623550Z   CARGO_TERM_COLOR: always
2026-10-07T01:16:46.6624980Z   pythonLocation: /Users/runner/hostedtoolcache/Python/3.12.10/x64
2026-10-07T01:16:46.6626900Z   PKG_CONFIG_PATH: /Users/runner/hostedtoolcache/Python/3.12.10/x64/lib/pkgconfig
2026-10-07T01:16:46.6629000Z   Python_ROOT_DIR: /Users/runner/hostedtoolcache/Python/3.12.10/x64
2026-10-07T01:16:46.6630420Z   Python2_ROOT_DIR: /Users/runner/hostedtoolcache/Python/3.12.10/x64
2026-10-07T01:16:46.6632090Z   Python3_ROOT_DIR: /Users/runner/hostedtoolcache/Python/3.12.10/x64
2026-10-07T01:16:46.6633310Z   RELEASE_RUST_HOST: x86_64-apple-darwin
2026-10-07T01:16:46.6634220Z ##[endgroup]
2026-10-07T01:16:47.1818590Z ##[group]Run cargo fetch --locked --target "$RELEASE_RUST_HOST"
2026-10-07T01:16:47.1819870Z [36;1mcargo fetch --locked --target "$RELEASE_RUST_HOST"[0m
2026-10-07T01:16:47.1901130Z shell: /bin/bash --noprofile --norc -e -o pipefail {0}
2026-10-07T01:16:47.1901980Z env:
2026-10-07T01:16:47.1902760Z   NAGI_FAILURE_DIR: /Users/runner/work/Nagi/Nagi/build/compiler-failures
2026-10-07T01:16:47.1903960Z   CARGO_HOME: /Users/runner/.cargo
2026-10-07T01:16:47.1904950Z   CARGO_INCREMENTAL: 0
2026-10-07T01:16:47.1905850Z   CARGO_TERM_COLOR: always
2026-10-07T01:16:47.1906790Z   pythonLocation: /Users/runner/hostedtoolcache/Python/3.12.10/x64
2026-10-07T01:16:47.1908150Z   PKG_CONFIG_PATH: /Users/runner/hostedtoolcache/Python/3.12.10/x64/lib/pkgconfig
2026-10-07T01:16:47.1909410Z   Python_ROOT_DIR: /Users/runner/hostedtoolcache/Python/3.12.10/x64
2026-10-07T01:16:47.1910560Z   Python2_ROOT_DIR: /Users/runner/hostedtoolcache/Python/3.12.10/x64
2026-10-07T01:16:47.1911840Z   Python3_ROOT_DIR: /Users/runner/hostedtoolcache/Python/3.12.10/x64
2026-10-07T01:16:47.1912820Z   RELEASE_RUST_HOST: x86_64-apple-darwin
2026-10-07T01:16:47.1913480Z ##[endgroup]
2026-10-07T01:16:47.3351080Z [1m[92m    Updating[0m crates.io index
2026-10-07T01:16:48.6632580Z [1m[92m Downloading[0m crates ...
2026-10-07T01:16:48.7635140Z [1m[92m  Downloaded[0m errno v0.3.14
2026-10-07T01:16:48.8640170Z [1m[92m  Downloaded[0m httpdate v1.0.3
2026-10-07T01:16:48.9644710Z [1m[92m  Downloaded[0m atomic-waker v1.1.2
2026-10-07T01:16:48.9792050Z [1m[92m  Downloaded[0m shlex v2.0.1
2026-10-07T01:16:48.9912800Z [1m[92m  Downloaded[0m fallible-iterator v0.3.0
2026-10-07T01:16:49.0917190Z [1m[92m  Downloaded[0m futures-macro v0.3.34
2026-10-07T01:16:49.1921200Z [1m[92m  Downloaded[0m bumpalo v3.20.3
2026-10-07T01:16:49.2925390Z [1m[92m  Downloaded[0m tracing-core v0.1.36
2026-10-07T01:16:49.3532440Z [1m[92m  Downloaded[0m tower-layer v0.3.3
2026-10-07T01:16:49.3588090Z [1m[92m  Downloaded[0m tokio-tungstenite v0.29.0
2026-10-07T01:16:49.3941290Z [1m[92m  Downloaded[0m thiserror-impl v2.0.21
2026-10-07T01:16:49.4946650Z [1m[92m  Downloaded[0m digest v0.10.7
2026-10-07T01:16:49.5360840Z [1m[92m  Downloaded[0m cpufeatures v0.2.17
2026-10-07T01:16:49.5387330Z [1m[92m  Downloaded[0m ppv-lite86 v0.2.21
2026-10-07T01:16:49.5423470Z [1m[92m  Downloaded[0m serde_urlencoded v0.7.1
2026-10-07T01:16:49.5500970Z [1m[92m  Downloaded[0m percent-encoding v2.3.2
2026-10-07T01:16:49.5726380Z [1m[92m  Downloaded[0m mime v0.3.17
2026-10-07T01:16:49.5975670Z [1m[92m  Downloaded[0m axum-core v0.5.6
2026-10-07T01:16:49.6005110Z [1m[92m  Downloaded[0m toml_writer v1.1.2+spec-1.1.0
2026-10-07T01:16:49.6250310Z [1m[92m  Downloaded[0m serde_spanned v1.1.1
2026-10-07T01:16:49.6259220Z [1m[92m  Downloaded[0m tokio-macros v2.7.2
2026-10-07T01:16:49.6265760Z [1m[92m  Downloaded[0m unicode-ident v1.0.26
2026-10-07T01:16:49.6305650Z [1m[92m  Downloaded[0m quote v1.0.47
2026-10-07T01:16:49.6308430Z [1m[92m  Downloaded[0m proc-macro2 v1.0.107
2026-10-07T01:16:49.6311360Z [1m[92m  Downloaded[0m socket2 v0.6.5
2026-10-07T01:16:49.6315080Z [1m[92m  Downloaded[0m bytes v1.12.1
2026-10-07T01:16:49.6318040Z [1m[92m  Downloaded[0m serde_core v1.0.229
2026-10-07T01:16:49.6321040Z [1m[92m  Downloaded[0m serde v1.0.229
2026-10-07T01:16:49.6325960Z [1m[92m  Downloaded[0m smallvec v1.16.2
2026-10-07T01:16:49.6332090Z [1m[92m  Downloaded[0m pkg-config v0.3.34
2026-10-07T01:16:49.6343510Z [1m[92m  Downloaded[0m hashbrown v0.17.1
2026-10-07T01:16:49.6346860Z [1m[92m  Downloaded[0m matchit v0.8.4
2026-10-07T01:16:49.6353030Z [1m[92m  Downloaded[0m signal-hook-registry v1.4.8
2026-10-07T01:16:49.6355870Z [1m[92m  Downloaded[0m pin-project-lite v0.2.17
2026-10-07T01:16:49.6357840Z [1m[92m  Downloaded[0m serde_json v1.0.151
2026-10-07T01:16:49.6359580Z [1m[92m  Downloaded[0m itoa v1.0.18
2026-10-07T01:16:49.6361290Z [1m[92m  Downloaded[0m serde_derive v1.0.229
2026-10-07T01:16:49.6365100Z [1m[92m  Downloaded[0m vcpkg v0.2.15
2026-10-07T01:16:50.0115500Z [1m[92m  Downloaded[0m syn v3.0.6
2026-10-07T01:16:50.0760860Z [1m[92m  Downloaded[0m futures-core v0.3.34
2026-10-07T01:16:50.0849720Z [1m[92m  Downloaded[0m rusqlite v0.40.2
2026-10-07T01:16:50.1301980Z [1m[92m  Downloaded[0m futures-task v0.3.34
2026-10-07T01:16:50.1380300Z [1m[92m  Downloaded[0m deadpool-runtime v0.3.1
2026-10-07T01:16:50.1442380Z [1m[92m  Downloaded[0m futures-sink v0.3.34
2026-10-07T01:16:50.1496760Z [1m[92m  Downloaded[0m httparse v1.10.1
2026-10-07T01:16:50.1650110Z [1m[92m  Downloaded[0m mio v1.2.3
2026-10-07T01:16:50.2035060Z [1m[92m  Downloaded[0m zmij v1.0.23
2026-10-07T01:16:50.2143650Z [1m[92m  Downloaded[0m cc v1.5.1
2026-10-07T01:16:50.2344990Z [1m[92m  Downloaded[0m find-msvc-tools v0.1.14
2026-10-07T01:16:50.2447230Z [1m[92m  Downloaded[0m http v1.5.0
2026-10-07T01:16:50.2641160Z [1m[92m  Downloaded[0m fallible-streaming-iterator v0.1.9
2026-10-07T01:16:50.2702190Z [1m[92m  Downloaded[0m foldhash v0.2.0
2026-10-07T01:16:50.2780960Z [1m[92m  Downloaded[0m futures-channel v0.3.34
2026-10-07T01:16:50.2924790Z [1m[92m  Downloaded[0m deadpool v0.13.1
2026-10-07T01:16:50.3134180Z [1m[92m  Downloaded[0m version_check v0.9.5
2026-10-07T01:16:50.3214170Z [1m[92m  Downloaded[0m form_urlencoded v1.2.2
2026-10-07T01:16:50.3256640Z [1m[92m  Downloaded[0m http-body v1.1.0
2026-10-07T01:16:50.3328800Z [1m[92m  Downloaded[0m sha1 v0.10.7
2026-10-07T01:16:50.3416900Z [1m[92m  Downloaded[0m block-buffer v0.10.4
2026-10-07T01:16:50.3474140Z [1m[92m  Downloaded[0m equivalent v1.0.2
2026-10-07T01:16:50.3695370Z [1m[92m  Downloaded[0m cfg-if v1.0.5
2026-10-07T01:16:50.4240580Z [1m[92m  Downloaded[0m toml_datetime v1.1.1+spec-1.1.0
2026-10-07T01:16:50.4401510Z [1m[92m  Downloaded[0m slab v0.4.12
2026-10-07T01:16:50.4647650Z [1m[92m  Downloaded[0m data-encoding v2.11.1
2026-10-07T01:16:50.4651180Z [1m[92m  Downloaded[0m http-body-util v0.1.5
2026-10-07T01:16:50.4813320Z [1m[92m  Downloaded[0m toml_parser v1.1.3+spec-1.1.0
2026-10-07T01:16:50.4994800Z [1m[92m  Downloaded[0m generic-array v0.14.7
2026-10-07T01:16:50.5098590Z [1m[92m  Downloaded[0m bitflags v2.13.2
2026-10-07T01:16:50.5475830Z [1m[92m  Downloaded[0m tower-service v0.3.3
2026-10-07T01:16:50.5533900Z [1m[92m  Downloaded[0m crypto-common v0.1.7
2026-10-07T01:16:50.6536120Z [1m[92m  Downloaded[0m hashlink v0.12.2
2026-10-07T01:16:50.7464100Z [1m[92m  Downloaded[0m getrandom v0.3.4
2026-10-07T01:16:50.7480130Z [1m[92m  Downloaded[0m ryu v1.0.23
2026-10-07T01:16:50.7494840Z [1m[92m  Downloaded[0m once_cell v1.21.4
2026-10-07T01:16:50.7499500Z [1m[92m  Downloaded[0m rand_chacha v0.9.0
2026-10-07T01:16:50.7505920Z [1m[92m  Downloaded[0m base64 v0.22.1
2026-10-07T01:16:50.7521300Z [1m[92m  Downloaded[0m toml v1.1.6+spec-1.1.0
2026-10-07T01:16:50.7529110Z [1m[92m  Downloaded[0m tower v0.5.3
2026-10-07T01:16:50.8406350Z [1m[92m  Downloaded[0m rand v0.9.5
2026-10-07T01:16:50.9621230Z [1m[92m  Downloaded[0m memchr v2.8.3
2026-10-07T01:16:51.0627210Z [1m[92m  Downloaded[0m hyper-util v0.1.21
2026-10-07T01:16:51.0850540Z [1m[92m  Downloaded[0m hyper v1.11.1
2026-10-07T01:16:51.1101410Z [1m[92m  Downloaded[0m futures-util v0.3.34
2026-10-07T01:16:51.2230210Z [1m[92m  Downloaded[0m serde_path_to_error v0.1.20
2026-10-07T01:16:51.2336680Z [1m[92m  Downloaded[0m axum v0.8.9
2026-10-07T01:16:51.2859450Z [1m[92m  Downloaded[0m thiserror v2.0.21
2026-10-07T01:16:51.3411000Z [1m[92m  Downloaded[0m zerocopy v0.8.59
2026-10-07T01:16:51.5682110Z [1m[92m  Downloaded[0m typenum v1.20.1
2026-10-07T01:16:51.5871370Z [1m[92m  Downloaded[0m tracing v0.1.44
2026-10-07T01:16:51.6780920Z [1m[92m  Downloaded[0m sync_wrapper v1.0.2
2026-10-07T01:16:51.6839020Z [1m[92m  Downloaded[0m log v0.4.34
2026-10-07T01:16:51.6980820Z [1m[92m  Downloaded[0m indexmap v2.14.2
2026-10-07T01:16:51.7279040Z [1m[92m  Downloaded[0m tokio v1.53.1
2026-10-07T01:16:52.1692050Z [1m[92m  Downloaded[0m libc v0.2.189
2026-10-07T01:16:52.5752970Z [1m[92m  Downloaded[0m rand_core v0.9.5
2026-10-07T01:16:52.5757800Z [1m[92m  Downloaded[0m tungstenite v0.29.0
2026-10-07T01:16:52.5848700Z [1m[92m  Downloaded[0m winnow v1.0.4
2026-10-07T01:16:52.6849340Z [1m[92m  Downloaded[0m libsqlite3-sys v0.38.2
2026-10-07T01:16:52.9695910Z ##[group]Run cargo build --release --locked -p nagic
2026-10-07T01:16:52.9697460Z [36;1mcargo build --release --locked -p nagic[0m
2026-10-07T01:16:52.9841920Z shell: /bin/bash -e {0}
2026-10-07T01:16:52.9842750Z env:
2026-10-07T01:16:52.9843880Z   NAGI_FAILURE_DIR: /Users/runner/work/Nagi/Nagi/build/compiler-failures
2026-10-07T01:16:52.9845310Z   CARGO_HOME: /Users/runner/.cargo
2026-10-07T01:16:52.9846280Z   CARGO_INCREMENTAL: 0
2026-10-07T01:16:52.9847130Z   CARGO_TERM_COLOR: always
2026-10-07T01:16:52.9848390Z   pythonLocation: /Users/runner/hostedtoolcache/Python/3.12.10/x64
2026-10-07T01:16:52.9850240Z   PKG_CONFIG_PATH: /Users/runner/hostedtoolcache/Python/3.12.10/x64/lib/pkgconfig
2026-10-07T01:16:52.9852030Z   Python_ROOT_DIR: /Users/runner/hostedtoolcache/Python/3.12.10/x64
2026-10-07T01:16:52.9853670Z   Python2_ROOT_DIR: /Users/runner/hostedtoolcache/Python/3.12.10/x64
2026-10-07T01:16:52.9855350Z   Python3_ROOT_DIR: /Users/runner/hostedtoolcache/Python/3.12.10/x64
2026-10-07T01:16:52.9856860Z ##[endgroup]
2026-10-07T01:16:53.4368360Z [1m[92m   Compiling[0m serde_core v1.0.229
2026-10-07T01:16:53.4381540Z [1m[92m   Compiling[0m proc-macro2 v1.0.107
2026-10-07T01:16:53.4383510Z [1m[92m   Compiling[0m unicode-ident v1.0.26
2026-10-07T01:16:53.4389320Z [1m[92m   Compiling[0m quote v1.0.47
2026-10-07T01:16:53.6483530Z [1m[92m   Compiling[0m shlex v2.0.1
2026-10-07T01:16:53.9848970Z [1m[92m   Compiling[0m find-msvc-tools v0.1.14
2026-10-07T01:16:54.6498400Z [1m[92m   Compiling[0m cc v1.5.1
2026-10-07T01:17:01.1731170Z [1m[92m   Compiling[0m vcpkg v0.2.15
2026-10-07T01:17:04.5019330Z [1m[92m   Compiling[0m pkg-config v0.3.34
2026-10-07T01:17:06.2603330Z [1m[92m   Compiling[0m libsqlite3-sys v0.38.2
2026-10-07T01:17:07.3130060Z [1m[92m   Compiling[0m foldhash v0.2.0
2026-10-07T01:17:07.6149970Z [1m[92m   Compiling[0m zmij v1.0.23
2026-10-07T01:17:08.3092320Z [1m[92m   Compiling[0m hashbrown v0.17.1
2026-10-07T01:17:11.4977790Z [1m[92m   Compiling[0m syn v3.0.6
2026-10-07T01:17:13.0646800Z [1m[92m   Compiling[0m winnow v1.0.4
2026-10-07T01:17:15.4435140Z [1m[92m   Compiling[0m serde v1.0.229
2026-10-07T01:17:16.1106690Z [1m[92m   Compiling[0m serde_json v1.0.151
2026-10-07T01:17:16.7871790Z [1m[92m   Compiling[0m toml_parser v1.1.3+spec-1.1.0
2026-10-07T01:17:23.5253340Z [1m[92m   Compiling[0m toml_datetime v1.1.1+spec-1.1.0
2026-10-07T01:17:23.6459350Z [1m[92m   Compiling[0m serde_derive v1.0.229
2026-10-07T01:17:23.8644990Z [1m[92m   Compiling[0m serde_spanned v1.1.1
2026-10-07T01:17:24.0631860Z [1m[92m   Compiling[0m hashlink v0.12.2
2026-10-07T01:17:25.1155670Z [1m[92m   Compiling[0m toml_writer v1.1.2+spec-1.1.0
2026-10-07T01:17:25.4915550Z [1m[92m   Compiling[0m fallible-streaming-iterator v0.1.9
2026-10-07T01:17:25.6647960Z [1m[92m   Compiling[0m fallible-iterator v0.3.0
2026-10-07T01:17:25.8111390Z [1m[92m   Compiling[0m smallvec v1.16.2
2026-10-07T01:17:26.3706290Z [1m[92m   Compiling[0m bitflags v2.13.2
2026-10-07T01:17:26.9521920Z [1m[92m   Compiling[0m memchr v2.8.3
2026-10-07T01:17:27.6070490Z [1m[92m   Compiling[0m itoa v1.0.18
2026-10-07T01:17:28.2710850Z [1m[92m   Compiling[0m toml v1.1.6+spec-1.1.0
2026-10-07T01:18:23.8906090Z [1m[92m   Compiling[0m rusqlite v0.40.2
2026-10-07T01:18:28.8582040Z [1m[92m   Compiling[0m nagic v0.1.11 (/Users/runner/work/Nagi/Nagi/compiler)
2026-10-07T01:20:23.3776240Z [1m[92m    Finished[0m `release` profile [optimized] target(s) in 3m 30s
2026-10-07T01:20:23.4482560Z ##[group]Run cargo test --locked -p nagic --lib --test cli --test installation --test codegen --test loop_ownership --test ownership_calls --test ownership_boundaries --test comparison_ownership --test owned_copy_codegen --test build_diagnostics --test rust_dependencies --test expression_contracts --test frontend_contracts --test literal_contracts --test http_route_conflicts --test symbols --test modules --test module_parser --test module_emission --test module_symbols --test enum_parser --test enum_modules --test enum_emission --test enum_patterns --test nullable_database --test nullable_roundtrip --test owned_database --test borrow_free_returns --test static_callback_views --test view_iteration --test view_parameter_rebinding --test sql_check --test typed_errors --test error_routes --test class_field_types --test resource_contract_characterization --test stdlib_imports --test option_match --test http_stdlib --test http_codegen --test actor_stdlib --test actor_codegen --test graph_types --test graph_relations --test graph_render --test graph_html --test map_cli --test low_multiline --test list_ownership_inference --test list_borrow_iteration --test result_stdlib
2026-10-07T01:20:23.4512180Z [36;1mcargo test --locked -p nagic --lib --test cli --test installation --test codegen --test loop_ownership --test ownership_calls --test ownership_boundaries --test comparison_ownership --test owned_copy_codegen --test build_diagnostics --test rust_dependencies --test expression_contracts --test frontend_contracts --test literal_contracts --test http_route_conflicts --test symbols --test modules --test module_parser --test module_emission --test module_symbols --test enum_parser --test enum_modules --test enum_emission --test enum_patterns --test nullable_database --test nullable_roundtrip --test owned_database --test borrow_free_returns --test static_callback_views --test view_iteration --test view_parameter_rebinding --test sql_check --test typed_errors --test error_routes --test class_field_types --test resource_contract_characterization --test stdlib_imports --test option_match --test http_stdlib --test http_codegen --test actor_stdlib --test actor_codegen --test graph_types --test graph_relations --test graph_render --test graph_html --test map_cli --test low_multiline --test list_ownership_inference --test list_borrow_iteration --test result_stdlib[0m
2026-10-07T01:20:23.4811820Z shell: /bin/bash -e {0}
2026-10-07T01:20:23.4813970Z env:
2026-10-07T01:20:23.4828910Z   NAGI_FAILURE_DIR: /Users/runner/work/Nagi/Nagi/build/compiler-failures
2026-10-07T01:20:23.4831460Z   CARGO_HOME: /Users/runner/.cargo
2026-10-07T01:20:23.4833250Z   CARGO_INCREMENTAL: 0
2026-10-07T01:20:23.4834270Z   CARGO_TERM_COLOR: always
2026-10-07T01:20:23.4836580Z   pythonLocation: /Users/runner/hostedtoolcache/Python/3.12.10/x64
2026-10-07T01:20:23.4838400Z   PKG_CONFIG_PATH: /Users/runner/hostedtoolcache/Python/3.12.10/x64/lib/pkgconfig
2026-10-07T01:20:23.4841660Z   Python_ROOT_DIR: /Users/runner/hostedtoolcache/Python/3.12.10/x64
2026-10-07T01:20:23.4843110Z   Python2_ROOT_DIR: /Users/runner/hostedtoolcache/Python/3.12.10/x64
2026-10-07T01:20:23.4844940Z   Python3_ROOT_DIR: /Users/runner/hostedtoolcache/Python/3.12.10/x64
2026-10-07T01:20:23.4846540Z ##[endgroup]
2026-10-07T01:20:23.8170290Z [1m[92m   Compiling[0m serde_core v1.0.229
2026-10-07T01:20:23.9218460Z [1m[92m   Compiling[0m proc-macro2 v1.0.107
2026-10-07T01:20:24.1278320Z [1m[92m   Compiling[0m shlex v2.0.1
2026-10-07T01:20:24.2287900Z [1m[92m   Compiling[0m find-msvc-tools v0.1.14
2026-10-07T01:20:24.5956600Z [1m[92m   Compiling[0m unicode-ident v1.0.26
2026-10-07T01:20:25.0108650Z [1m[92m   Compiling[0m quote v1.0.47
2026-10-07T01:20:25.2132230Z [1m[92m   Compiling[0m cc v1.5.1
2026-10-07T01:20:25.8932470Z [1m[92m   Compiling[0m vcpkg v0.2.15
2026-10-07T01:20:27.3885880Z [1m[92m   Compiling[0m pkg-config v0.3.34
2026-10-07T01:20:28.3567380Z [1m[92m   Compiling[0m zmij v1.0.23
2026-10-07T01:20:29.1512350Z [1m[92m   Compiling[0m foldhash v0.2.0
2026-10-07T01:20:29.6766210Z [1m[92m   Compiling[0m hashbrown v0.17.1
2026-10-07T01:20:29.7729780Z [1m[92m   Compiling[0m syn v3.0.6
2026-10-07T01:20:30.4229860Z [1m[92m   Compiling[0m libsqlite3-sys v0.38.2
2026-10-07T01:20:31.5609780Z [1m[92m   Compiling[0m serde v1.0.229
2026-10-07T01:20:32.3042040Z [1m[92m   Compiling[0m serde_json v1.0.151
2026-10-07T01:20:32.6430180Z [1m[92m   Compiling[0m winnow v1.0.4
2026-10-07T01:20:33.9346690Z [1m[92m   Compiling[0m toml_parser v1.1.3+spec-1.1.0
2026-10-07T01:20:34.7272290Z [1m[92m   Compiling[0m toml_datetime v1.1.1+spec-1.1.0
2026-10-07T01:20:35.7223310Z [1m[92m   Compiling[0m serde_spanned v1.1.1
2026-10-07T01:20:36.0644270Z [1m[92m   Compiling[0m hashlink v0.12.2
2026-10-07T01:20:37.4556290Z [1m[92m   Compiling[0m fallible-streaming-iterator v0.1.9
2026-10-07T01:20:37.6835310Z [1m[92m   Compiling[0m memchr v2.8.3
2026-10-07T01:20:37.7045450Z [1m[92m   Compiling[0m fallible-iterator v0.3.0
2026-10-07T01:20:37.9809900Z [1m[92m   Compiling[0m serde_derive v1.0.229
2026-10-07T01:20:38.6336460Z [1m[92m   Compiling[0m itoa v1.0.18
2026-10-07T01:20:39.0076950Z [1m[92m   Compiling[0m toml_writer v1.1.2+spec-1.1.0
2026-10-07T01:20:39.4330870Z [1m[92m   Compiling[0m smallvec v1.16.2
2026-10-07T01:20:39.6478930Z [1m[92m   Compiling[0m bitflags v2.13.2
2026-10-07T01:20:39.9758440Z [1m[92m   Compiling[0m toml v1.1.6+spec-1.1.0
2026-10-07T01:20:42.3998520Z [1m[92m   Compiling[0m rusqlite v0.40.2
2026-10-07T01:20:46.9760020Z [1m[92m   Compiling[0m nagic v0.1.11 (/Users/runner/work/Nagi/Nagi/compiler)
2026-10-07T01:21:33.5125150Z [1m[92m    Finished[0m `test` profile [unoptimized + debuginfo] target(s) in 1m 09s
2026-10-07T01:21:33.5255120Z [1m[92m     Running[0m unittests src/lib.rs (target/debug/deps/nagic-ce5cc5bb32c5b354)
2026-10-07T01:21:33.5336370Z 
2026-10-07T01:21:33.5424630Z running 122 tests
2026-10-07T01:21:33.6141580Z test capabilities::tests::charge_recursive_lists_have_known_storage_but_require_a_walk ... ok
2026-10-07T01:21:33.6231070Z test capabilities::tests::charge_inline_capability_accounts_for_every_enum_variant ... ok
2026-10-07T01:21:33.6300910Z test capabilities::tests::charge_rejects_excluded_storage_with_a_nested_field_path ... ok
2026-10-07T01:21:33.6461720Z test capabilities::tests::indirect_cycles_remain_serializable_only_with_serializable_fields ... ok
2026-10-07T01:21:33.6839870Z test capabilities::tests::private_causes_prevent_serialization_through_nested_records ... ok
2026-10-07T01:21:33.6847590Z test capabilities::tests::native_debug_does_not_require_generic_payload_debug ... ok
2026-10-07T01:21:33.6857310Z test capabilities::tests::native_payload_roles_are_purpose_specific ... ok
2026-10-07T01:21:33.6865570Z test check::checked::tests::final_diagnostic_transports_kind_without_changing_user_messages ... ok
2026-10-07T01:21:33.6873400Z test check::checked::tests::final_factory_checks_and_seals_owned_input ... ok
2026-10-07T01:21:33.6886570Z test capabilities::tests::serde_charge_and_owned_fields_are_distinct_capabilities ... ok
2026-10-07T01:21:33.6892500Z test check::checked::tests::final_factory_rejects_invalid_input ... ok
2026-10-07T01:21:33.6898560Z test check::checked::tests::facts_and_emission_are_deterministic_and_read_only ... ok
2026-10-07T01:21:33.6907480Z test check::checked::tests::missing_binding_and_pattern_types_are_rejected_without_rechecking ... ok
2026-10-07T01:21:33.6913720Z test check::checked::tests::missing_declaration_type_is_rejected_without_rechecking ... ok
2026-10-07T01:21:33.6921180Z test check::checked::tests::missing_name_resolution_is_rejected_without_rechecking ... ok
2026-10-07T01:21:33.6926400Z test check::checked::tests::sealed_missing_expression_plan_fails_closed ... ok
2026-10-07T01:21:33.6932630Z test check::checked::tests::sealed_missing_operand_role_fails_closed ... ok
2026-10-07T01:21:33.6937400Z test check::checked::tests::sealed_missing_rust_type_plan_fails_closed ... ok
2026-10-07T01:21:33.6944950Z test check::checked::tests::sealing_rejects_missing_expression_types ... ok
2026-10-07T01:21:33.6951510Z test check::checked::tests::symbolic_enum_owner_is_not_an_untyped_payload ... ok
2026-10-07T01:21:33.6957210Z test check::checked::tests::sealed_missing_required_flow_or_slots_fails_closed ... ok
2026-10-07T01:21:33.6959710Z test check::checked::tests::unknown_origin_is_not_user_blame ... ok
2026-10-07T01:21:33.6968140Z test check::flow_metadata_tests::checked_operand_roles_reach_codegen_and_missing_roles_fail ... ok
2026-10-07T01:21:33.6975050Z test check::flow_metadata_tests::content_mutation_events_survive_rhs_replacement_and_stay_in_their_statement ... ok
2026-10-07T01:21:33.6982370Z test check::checked::tests::generated_saved_native_replacement_and_synthetic_origins_are_distinct ... ok
2026-10-07T01:21:33.6992490Z test check::checked::tests::task_sealing_rejects_missing_or_mismatched_scope_and_use_facts ... ok
2026-10-07T01:21:33.6998530Z test check::flow_metadata_tests::flow_snapshots_only_keep_return_dependency_bindings ... ok
2026-10-07T01:21:33.7011000Z test check::flow_metadata_tests::loop_regions_preserve_candidate_reads_and_assignments ... ok
2026-10-07T01:21:33.7016800Z test check::flow_metadata_tests::flow_facts_recompute_for_high_saved_low_and_self_consumption ... ok
2026-10-07T01:21:33.7024910Z test check::flow_metadata_tests::semantic_value_edges_keep_mutation_inputs_without_scalar_overselection ... ok
2026-10-07T01:21:33.7031050Z test modules::metadata_tests::intrinsic_transport_rejects_forged_namespace_collisions_and_unknown_heads ... ok
2026-10-07T01:21:33.7037620Z test modules::metadata_tests::intrinsic_type_transport_is_structural_and_avoids_real_bindings ... ok
2026-10-07T01:21:33.7043840Z test modules::metadata_tests::low_identity_is_portable_between_unix_drive_and_unc_paths ... ok
2026-10-07T01:21:33.7049550Z test modules::metadata_tests::low_metadata_rejects_unknown_topology_and_span_fields ... ok
2026-10-07T01:21:33.7057050Z test modules::metadata_tests::malformed_internal_looking_names_keep_their_original_display ... ok
2026-10-07T01:21:33.7061250Z test modules::metadata_tests::metadata_cannot_rebind_a_definition_to_a_builtin_or_unrelated_id ... ok
2026-10-07T01:21:33.7064520Z test modules::metadata_tests::metadata_rejects_relative_noncanonical_and_traversing_ids ... ok
2026-10-07T01:21:33.7066840Z test check::flow_metadata_tests::flow_collection_is_gated_to_view_return_dependencies ... ok
2026-10-07T01:21:33.7070000Z test sql_check::collect::tests::checked_high_and_saved_low_preserve_supported_operations_and_source_fields ... ok
2026-10-07T01:21:33.7073420Z test sql_check::collect::tests::conditional_loop_and_match_bodies_are_collected_once ... ok
2026-10-07T01:21:33.7077040Z test sql_check::collect::tests::dynamic_sql_and_exec_scripts_remain_visible_as_excluded_sites ... ok
2026-10-07T01:21:33.7080400Z test sql_check::collect::tests::integrated_native_replacements_only_collect_the_final_function_body ... ok
2026-10-07T01:21:33.7084360Z test sql_check::collect::tests::aliased_row_classes_use_canonical_identity_and_original_field_names ... ok
2026-10-07T01:21:33.7088460Z test sql_check::collect::tests::nested_value_expressions_returns_and_scope_spawn_keep_each_actual_call ... ok
2026-10-07T01:21:33.7092000Z test sql_check::collect::tests::same_named_user_function_and_local_function_value_are_not_sql_calls ... ok
2026-10-07T01:21:33.7095340Z test sql_check::engine::tests::columns_aliases_and_sqlite_parameter_numbering ... ok
2026-10-07T01:21:33.7098500Z test sql_check::engine::tests::every_default_expression_uses_the_function_allowlist_even_when_unused ... ok
2026-10-07T01:21:33.7103580Z test sql_check::engine::tests::external_files_and_extension_paths_are_never_opened_or_modified ... ok
2026-10-07T01:21:33.7106910Z test sql_check::collect::tests::collection_rejects_excessive_sites_at_the_first_over_limit_call ... ok
2026-10-07T01:21:33.7111450Z test sql_check::engine::tests::ordinary_tables_indexes_views_and_pure_functions_are_supported ... ok
2026-10-07T01:21:33.7117090Z test sql_check::engine::tests::prepare_authorizer_also_rejects_unsafe_view_functions ... ok
2026-10-07T01:21:33.7120360Z test sql_check::engine::tests::prepare_only_dml_does_not_write_application_rows ... ok
2026-10-07T01:21:33.7123030Z test sql_check::engine::tests::rejects_operation_shape_mismatches ... ok
2026-10-07T01:21:33.7126700Z test sql_check::engine::tests::schema_is_ddl_snapshot_not_migration_or_arbitrary_sql ... ok
2026-10-07T01:21:33.7130470Z test sql_check::collect::tests::repeated_row_metadata_is_bounded_before_building_the_worker_request ... ok
2026-10-07T01:21:33.7134010Z test sql_check::tests::bounded_input_does_not_accept_a_truncated_prefix ... ok
2026-10-07T01:21:33.7301470Z test sql_check::engine::tests::sqlite_identifier_defaults_remain_literals_without_hiding_function_terms ... ok
2026-10-07T01:21:33.8071960Z test sql_check::tests::deadline_kills_and_reaps_a_worker_with_blocked_input ... ok
2026-10-07T01:21:33.8120910Z test sql_check::tests::terminating_a_worker_returns_its_reaped_exit_status ... ok
2026-10-07T01:21:33.9125290Z test sql_check::tests::worker_fixture ... ok
2026-10-07T01:21:33.9375250Z test stdlib::resource_contract_tests::descriptor_rejects_arity_parameter_mismatch - should panic ... ok
2026-10-07T01:21:33.9728100Z test stdlib::resource_contract_tests::descriptor_rejects_duplicate_in_one_role - should panic ... ok
2026-10-07T01:21:33.9745090Z test stdlib::resource_contract_tests::descriptor_rejects_missing_role - should panic ... ok
2026-10-07T01:21:34.0082200Z test stdlib::resource_contract_tests::descriptor_rejects_out_of_range_role - should panic ... ok
2026-10-07T01:21:34.0755620Z test stdlib::resource_contract_tests::descriptor_rejects_overlapping_roles - should panic ... ok
2026-10-07T01:21:34.1087530Z test stdlib::resource_contract_tests::descriptor_rejects_roles_on_zero_arity - should panic ... ok
2026-10-07T01:21:34.1765220Z test stdlib::resource_contract_tests::legacy_views_borrow_the_registered_descriptor ... ok
2026-10-07T01:21:34.2099660Z test stdlib::resource_contract_tests::registered_roles_match_the_independent_position_oracle ... ok
2026-10-07T01:21:34.2512930Z test tests::await_only_async ... ok
2026-10-07T01:21:34.2726230Z test tests::bad_string ... ok
2026-10-07T01:21:34.2775020Z test tests::class_field_check ... ok
2026-10-07T01:21:34.3107540Z test tests::class_move ... ok
2026-10-07T01:21:34.3519980Z test tests::console_io_roundtrip ... ok
2026-10-07T01:21:34.3732480Z test tests::copy_value_class ... ok
2026-10-07T01:21:34.3781350Z test tests::cost_not_dynamic_count ... ok
2026-10-07T01:21:34.4158940Z test tests::duplicate_class_fields ... ok
2026-10-07T01:21:34.4523780Z test tests::empty_list_inference ... ok
2026-10-07T01:21:34.4604280Z test tests::error_propagation ... ok
2026-10-07T01:21:34.4755000Z test tests::explicit_copy ... ok
2026-10-07T01:21:34.4766150Z test tests::floating_literals_accept_f32_boundary_and_roundtrip ... ok
2026-10-07T01:21:34.4827250Z test tests::floating_literals_keep_f64_range_and_default_inference ... ok
2026-10-07T01:21:34.4892700Z test tests::floating_literals_reject_f32_overflow_in_high_and_low ... ok
2026-10-07T01:21:34.4971170Z test tests::forgotten_await ... ok
2026-10-07T01:21:34.5786360Z test tests::hello ... ok
2026-10-07T01:21:34.5850880Z test tests::html_route_is_not_encoded_as_json ... ok
2026-10-07T01:21:34.5985650Z test tests::invalid_indent ... ok
2026-10-07T01:21:34.6177390Z test tests::low_standalone ... ok
2026-10-07T01:21:34.6258040Z test tests::mismatched_type ... ok
2026-10-07T01:21:34.6264670Z test tests::missing_return ... ok
2026-10-07T01:21:34.6272190Z test tests::native_numeric ... ok
2026-10-07T01:21:34.6278340Z test tests::nested_view_in_class_rejected ... ok
2026-10-07T01:21:34.6284960Z test tests::no_implicit_conversion ... ok
2026-10-07T01:21:34.6291370Z test tests::nullable ... ok
2026-10-07T01:21:34.6297230Z test tests::number_overflow ... ok
2026-10-07T01:21:34.6303420Z test tests::owned_parameter_cannot_return_view ... ok
2026-10-07T01:21:34.6310170Z test tests::precedence ... ok
2026-10-07T01:21:34.6317780Z test tests::recursive_value ... ok
2026-10-07T01:21:34.6352100Z test tests::replace_bad_signature ... ok
2026-10-07T01:21:34.6364270Z test tests::replace_exact_signature ... ok
2026-10-07T01:21:34.6372970Z test sql_check::engine::tests::finite_limits_reject_large_and_deep_inputs ... ok
2026-10-07T01:21:34.6382390Z test tests::resource_contract_goldens::data_derives_golden ... ok
2026-10-07T01:21:34.6390330Z test sql_check::tests::encoded_metadata_is_bounded_including_json_escaping ... ok
2026-10-07T01:21:34.6398340Z test tests::resource_contract_goldens::actor_data_golden ... ok
2026-10-07T01:21:34.6524110Z test tests::result_must_handle ... ok
2026-10-07T01:21:34.6567740Z test tests::roundtrip_low ... ok
2026-10-07T01:21:34.6585360Z test tests::rust_extern_interface_and_low_roundtrip ... ok
2026-10-07T01:21:34.6590690Z test tests::scope_spawn ... ok
2026-10-07T01:21:34.6595910Z test tests::signed_minimum_literals_are_in_range_in_high_and_low ... ok
2026-10-07T01:21:34.8545170Z test tests::signed_minimum_literals_compile_and_run_after_lowering ... ok
2026-10-07T01:21:34.8577440Z test tests::string_move ... ok
2026-10-07T01:21:34.8581290Z test tests::tabs_rejected ... ok
2026-10-07T01:21:34.8584760Z test tests::unknown_class ... ok
2026-10-07T01:21:34.8588140Z test tests::unknown_name ... ok
2026-10-07T01:21:34.8591580Z test tests::unscoped_spawn ... ok
2026-10-07T01:21:34.8595110Z test tests::view_cannot_spawn ... ok
2026-10-07T01:21:34.8598460Z test tests::view_escape ... ok
2026-10-07T01:21:34.8601750Z test tests::view_prevents_move ... ok
2026-10-07T01:21:34.8605290Z test tests::view_prevents_mutation ... ok
2026-10-07T01:21:34.8608680Z test tests::view_return_parameter ... ok
2026-10-07T01:21:35.1232930Z test tests::resource_contract_goldens::http_inspection_golden ... ok
2026-10-07T01:21:35.1250880Z test tests::resource_contract_goldens::http_borrow_and_mappers_golden ... ok
2026-10-07T01:21:38.6498840Z test check::flow_metadata_tests::return_alias_dependencies_keep_straight_line_snapshots_sparse ... ok
2026-10-07T01:21:38.6500540Z 
2026-10-07T01:21:38.6501810Z test result: ok. 122 passed; 0 failed; 0 ignored; 0 measured; 0 filtered out; finished in 5.11s
2026-10-07T01:21:38.6502840Z 
2026-10-07T01:21:38.6548680Z [1m[92m     Running[0m tests/actor_codegen.rs (target/debug/deps/actor_codegen-56c609d3e3859822)
2026-10-07T01:21:38.6643100Z 
2026-10-07T01:21:38.6644780Z running 2 tests
2026-10-07T01:21:39.4370900Z test actor_charge_generation_survives_low_without_clones_reflection_or_serde_requirements ... ok
2026-10-07T01:22:38.8072000Z test generated_nominal_charges_execute_against_native_capacity_and_walk_limits has been running for over 60 seconds
2026-10-07T01:23:39.0341500Z test generated_nominal_charges_execute_against_native_capacity_and_walk_limits ... ok
2026-10-07T01:23:39.0342840Z 
2026-10-07T01:23:39.0344420Z test result: ok. 2 passed; 0 failed; 0 ignored; 0 measured; 0 filtered out; finished in 120.31s
2026-10-07T01:23:39.0345790Z 
2026-10-07T01:23:39.0349260Z [1m[92m     Running[0m tests/actor_stdlib.rs (target/debug/deps/actor_stdlib-fc5ae4a6adf08626)
2026-10-07T01:23:39.0422910Z 
2026-10-07T01:23:39.0427240Z running 12 tests
2026-10-07T01:23:41.2350220Z test lifecycle_text_views_follow_their_native_owner_and_cannot_serialize ... ok
2026-10-07T01:23:42.2732070Z test actor_and_http_aliases_keep_distinct_registry_identity_without_fake_classes ... ok
2026-10-07T01:23:43.4174450Z test callback_shapes_and_custom_error_identity_are_checked_before_native_build ... ok
2026-10-07T01:23:44.7795140Z test named_task_factory_aliases_require_shared_context_async_unit_and_builtin_error ... ok
2026-10-07T01:23:53.1014450Z test explicit_task_readiness_and_typed_event_deadlines_execute_from_high_and_low ... ok
2026-10-07T01:23:58.2494100Z test readiness_factory_and_wait_error_contracts_are_checked_before_native_build ... ok
2026-10-07T01:23:58.8440270Z test saved_low_cannot_invent_actor_types_capabilities_or_standard_implementations ... ok
2026-10-07T01:24:00.2067030Z test spawning_borrowing_native_futures_requires_an_owned_named_wrapper ... ok
2026-10-07T01:24:03.1689430Z test turn_inline_layout_generics_and_left_to_right_moves_are_not_erased ... ok
2026-10-07T01:24:06.7321440Z test messages_replies_and_business_errors_reject_unaccounted_nested_payloads ... ok
2026-10-07T01:24:09.2420910Z test owned_custom_class_replies_and_errors_execute_without_clone_or_serde_bounds ... ok
2026-10-07T01:24:23.8772620Z test pending_owned_state_business_failure_and_restart_execute_from_high_and_low ... ok
2026-10-07T01:24:23.8773510Z 
2026-10-07T01:24:23.8775460Z test result: ok. 12 passed; 0 failed; 0 ignored; 0 measured; 0 filtered out; finished in 44.81s
2026-10-07T01:24:23.8776370Z 
2026-10-07T01:24:23.8781370Z [1m[92m     Running[0m tests/borrow_free_returns.rs (target/debug/deps/borrow_free_returns-6b73db1784c352fa)
2026-10-07T01:24:23.8847190Z 
2026-10-07T01:24:23.8873960Z running 5 tests
2026-10-07T01:24:23.8962820Z test adding_local_views_to_absent_values_still_rejects_escape ... ok
2026-10-07T01:24:23.8980320Z test unknown_native_origins_do_not_gain_an_absence_proof ... ok
2026-10-07T01:24:23.9071320Z test clearing_values_does_not_erase_rust_lifetime_constraints ... ok
2026-10-07T01:24:24.4674090Z test direct_absent_returns_remain_legal_after_local_borrows ... ok
2026-10-07T01:24:25.5325190Z test absent_views_in_nullable_empty_lists_and_failures_can_be_returned ... ok
2026-10-07T01:24:25.5325930Z 
2026-10-07T01:24:25.5326800Z test result: ok. 5 passed; 0 failed; 0 ignored; 0 measured; 0 filtered out; finished in 1.65s
2026-10-07T01:24:25.5327670Z 
2026-10-07T01:24:25.5330470Z [1m[92m     Running[0m tests/build_diagnostics.rs (target/debug/deps/build_diagnostics-4c80c5a9e9ab5a42)
2026-10-07T01:24:25.5393520Z 
2026-10-07T01:24:25.5395250Z running 30 tests
2026-10-07T01:24:25.5474870Z test child_notes_cannot_relabel_an_unmapped_primary_or_dependency ... ok
2026-10-07T01:24:25.5510130Z test child_notes_keep_module_locations_and_readable_definition_names ... ok
2026-10-07T01:24:25.5534290Z test dependency_synthetic_and_incomplete_diagnostics_fall_back_without_guessing ... ok
2026-10-07T01:24:25.5583180Z test existing_path_aliases_match_only_the_generated_file ... ok
2026-10-07T01:24:26.3609040Z test finite_f32_extremes_compile_and_run_after_lowering ... ok
2026-10-07T01:24:26.3808970Z test a_successful_run_stays_quiet_and_passes_through_program_output ... ok
2026-10-07T01:24:26.8807800Z test high_build_points_to_nagi_and_keeps_rust_notes_and_failure_status ... ok
2026-10-07T01:24:27.0798310Z test cli_maps_adapter_mismatch_without_repeating_generated_rust_by_default ... ok
2026-10-07T01:24:27.3359660Z test imported_high_uses_the_dependency_path_and_local_line ... ok
2026-10-07T01:24:27.5474970Z test imported_low_uses_its_own_file_instead_of_the_entry_file ... ok
2026-10-07T01:24:27.6289490Z test invalid_operators_in_imports_report_nagi_lines_before_rust_or_cargo ... ok
2026-10-07T01:24:27.6749330Z test iterator_mutation_fails_in_check_and_build_before_backend_generation ... ok
2026-10-07T01:24:27.6898610Z test lowering_restores_nested_statement_expression_arm_and_field_lines ... ok
2026-10-07T01:24:27.7358360Z test invalid_entrypoints_are_rejected_before_cargo_with_source_locations ... ok
2026-10-07T01:24:27.7498870Z test native_signature_errors_also_keep_the_native_low_location ... ok
2026-10-07T01:24:27.7892760Z test overflowing_f32_is_rejected_at_the_source_before_backend_build ... ok
2026-10-07T01:24:27.8530630Z test repeated_moves_fail_in_check_and_build_before_invoking_rust ... ok
2026-10-07T01:24:27.9121460Z test repeated_moves_keep_imported_and_replacement_source_locations ... ok
2026-10-07T01:24:28.1626910Z test native_rust_errors_are_not_relabelled_as_nagi ... ok
2026-10-07T01:24:28.3980000Z test replacement_adapter_errors_point_to_the_handwritten_low_file ... ok
2026-10-07T01:24:28.4779680Z test extern_argument_and_sync_async_mismatches_fail_at_the_declaration_in_high_and_low ... ok
2026-10-07T01:24:29.3029510Z test safe_reinitialization_and_return_paths_check_build_and_run ... ok
2026-10-07T01:24:29.8068530Z test standalone_low_uses_the_original_low_lines ... ok
2026-10-07T01:24:30.0125350Z test try_result_reuse_reports_source_lines_before_invoking_cargo ... ok
2026-10-07T01:24:30.0349120Z test unix_backslashes_do_not_turn_a_dependency_path_into_the_generated_file ... ok
2026-10-07T01:24:30.1508670Z test unsupported_class_fields_and_async_reassignments_fail_before_backend_generation ... ok
2026-10-07T01:24:30.1512410Z test windows_paths_and_canonical_prefixes_match_only_the_generated_target ... ok
2026-10-07T01:24:30.9698360Z test run_preserves_json_stdout_with_and_without_a_cost_report_in_high_and_saved_low ... ok
2026-10-07T01:24:31.0862460Z test imported_async_ffi_send_failure_maps_the_cause_note_in_high_and_saved_low ... ok
2026-10-07T01:24:36.9864000Z test source_names_with_spaces_and_dots_build_and_run ... ok
2026-10-07T01:24:36.9864770Z 
2026-10-07T01:24:36.9866590Z test result: ok. 30 passed; 0 failed; 0 ignored; 0 measured; 0 filtered out; finished in 11.44s
2026-10-07T01:24:36.9868890Z [1m[92m     Running[0m tests/class_field_types.rs (target/debug/deps/class_field_types-5ba6d203bc125383)
2026-10-07T01:24:36.9869790Z 
2026-10-07T01:24:36.9931440Z 
2026-10-07T01:24:36.9947090Z running 5 tests
2026-10-07T01:24:37.0030860Z test map_keys_with_missing_equality_or_hashing_fail_before_derivation ... ok
2026-10-07T01:24:37.0034490Z test nested_data_fields_and_bridge_defined_key_traits_remain_available ... ok
2026-10-07T01:24:37.0058910Z test unsupported_resource_and_function_fields_fail_at_the_field_line ... ok
2026-10-07T01:24:37.0121350Z test owned_database_fields_are_private_state_and_keep_high_low_emission_valid ... ok
2026-10-07T01:24:39.0807700Z test native_database_debug_hides_connection_details_inside_shared_state ... ok
2026-10-07T01:24:39.0808760Z 
2026-10-07T01:24:39.0809830Z test result: ok. 5 passed; 0 failed; 0 ignored; 0 measured; 0 filtered out; finished in 2.09s
2026-10-07T01:24:39.0810650Z 
2026-10-07T01:24:39.0811680Z [1m[92m     Running[0m tests/cli.rs (target/debug/deps/cli-84b797bbada39d0b)
2026-10-07T01:24:39.0868810Z 
2026-10-07T01:24:39.0878990Z running 7 tests
2026-10-07T01:24:39.1108160Z test an_unusable_cargo_is_not_reported_as_a_missing_rust_installation ... ok
2026-10-07T01:24:39.1411930Z test check_and_lower_put_status_on_stderr_and_keep_cost_report_machine_readable ... ok
2026-10-07T01:24:39.1415590Z test check_needs_no_cargo_and_build_reports_the_missing_tool ... ok
2026-10-07T01:24:39.1485900Z test version_rejects_unexpected_arguments ... ok
2026-10-07T01:24:39.1608810Z test version_works_without_project_runtime_or_build_tools ... ok
2026-10-07T01:24:39.1617660Z test help_works_without_source_or_valid_project ... ok
2026-10-07T01:24:39.3451580Z test cargo_failure_preserves_the_cause_without_blaming_the_nagi_program ... ok
2026-10-07T01:24:39.3455080Z [1m[92m     Running[0m tests/codegen.rs (target/debug/deps/codegen-949a51a8cb4d74c4)
2026-10-07T01:24:39.3455810Z 
2026-10-07T01:24:39.3456680Z test result: ok. 7 passed; 0 failed; 0 ignored; 0 measured; 0 filtered out; finished in 0.26s
2026-10-07T01:24:39.3458000Z 
2026-10-07T01:24:39.3518080Z 
2026-10-07T01:24:39.3523500Z running 16 tests
2026-10-07T01:24:39.3547520Z test a_record_named_fn_does_not_become_a_copy_function_value ... ok
2026-10-07T01:24:39.8279640Z test builtin_option_and_result_constructors_do_not_call_user_functions ... ok
2026-10-07T01:24:39.8317490Z test async_function_values_keep_their_future_return_type ... ok
2026-10-07T01:24:39.8325640Z test for_bindings_can_be_reassigned_without_changing_the_iterator_or_outer_binding ... ok
2026-10-07T01:24:39.8422080Z test explicit_local_async_function_annotations_compile_and_run ... ok
2026-10-07T01:24:40.2845090Z test nested_views_compile_and_copy_strings_bytes_and_lists ... ok
2026-10-07T01:24:40.2877120Z test local_function_values_shadow_builtins_and_functions ... ok
2026-10-07T01:24:40.2944080Z test function_values_preserve_the_shared_view_lifetime ... ok
2026-10-07T01:24:40.4731000Z test numeric_negation_and_nested_view_comparisons_compile_and_run ... ok
2026-10-07T01:24:40.7538310Z test reassignment_of_the_same_async_function_through_aliases_compiles_and_runs ... ok
2026-10-07T01:24:40.8257520Z test output_compiles_for_numbers_booleans_and_borrowed_strings ... ok
2026-10-07T01:24:40.8264920Z test result_match_compiles_and_runs_owned_and_borrowed_payloads ... ok
2026-10-07T01:24:41.0739410Z test returning_a_function_value_does_not_borrow_local_data ... ok
2026-10-07T01:24:41.2900520Z test rust_keywords_and_generated_helper_names_remain_valid_nagi_names ... ok
2026-10-07T01:24:41.2902220Z test user_functions_with_builtin_names_keep_their_call_targets ... ok
2026-10-07T01:24:42.2482980Z test user_and_local_functions_named_serve_compile_without_http_runtime ... ok
2026-10-07T01:24:42.2483830Z 
2026-10-07T01:24:42.2484770Z test result: ok. 16 passed; 0 failed; 0 ignored; 0 measured; 0 filtered out; finished in 2.89s
2026-10-07T01:24:42.2485610Z 
2026-10-07T01:24:42.2491560Z [1m[92m     Running[0m tests/comparison_ownership.rs (target/debug/deps/comparison_ownership-d5e86e522390b84a)
2026-10-07T01:24:42.2558690Z 
2026-10-07T01:24:42.2661380Z running 4 tests
2026-10-07T01:24:42.2663530Z test comparisons_hold_the_left_operand_through_right_operand_evaluation ... ok
2026-10-07T01:24:42.2757460Z test copy_aggregate_comparisons_borrow_fields_and_indexed_containers ... ok
2026-10-07T01:24:42.3476710Z test native_resource_comparisons_do_not_allow_moving_the_borrowed_request ... ok
2026-10-07T01:24:42.6057470Z test completed_copy_operands_disjoint_fields_and_temporary_views_remain_valid ... ok
2026-10-07T01:24:42.6059040Z 
2026-10-07T01:24:42.6060370Z test result: ok. 4 passed; 0 failed; 0 ignored; 0 measured; 0 filtered out; finished in 0.35s
2026-10-07T01:24:42.6061620Z 
2026-10-07T01:24:42.6063170Z [1m[92m     Running[0m tests/enum_emission.rs (target/debug/deps/enum_emission-5469a46452820b9b)
2026-10-07T01:24:42.6128270Z 
2026-10-07T01:24:42.6183310Z running 5 tests
2026-10-07T01:24:42.6186930Z test data_records_keep_serde_while_enum_fields_remain_private ... ok
2026-10-07T01:24:43.0588400Z test error_cause_records_move_payloads_without_serde_or_clone_requirements ... ok
2026-10-07T01:24:43.0627210Z test native_enum_constructors_patterns_and_result_propagation_roundtrip ... ok
2026-10-07T01:24:43.0791260Z test custom_main_errors_need_only_debug_and_copy_enums_reuse_values ... ok
2026-10-07T01:24:43.0846900Z test module_enum_aliases_preserve_identity_and_escape_variant_fields ... ok
2026-10-07T01:24:43.0847710Z 
2026-10-07T01:24:43.0848650Z test result: ok. 5 passed; 0 failed; 0 ignored; 0 measured; 0 filtered out; finished in 0.47s
2026-10-07T01:24:43.0849520Z 
2026-10-07T01:24:43.0851750Z [1m[92m     Running[0m tests/enum_modules.rs (target/debug/deps/enum_modules-49ed2ec08bac102f)
2026-10-07T01:24:43.0916770Z 
2026-10-07T01:24:43.0923530Z running 9 tests
2026-10-07T01:24:43.1101820Z test builtin_spelled_enum_aliases_keep_intrinsic_types_distinct_in_generated_low ... ok
2026-10-07T01:24:43.1607800Z test enum_payload_types_use_the_definition_file_scope_and_survive_low ... ok
2026-10-07T01:24:43.1611740Z test different_files_have_distinct_enum_types_even_with_equal_names_and_variants ... ok
2026-10-07T01:24:43.1615320Z test enum_aliases_and_guessed_canonical_symbols_do_not_escape_module_scopes ... ok
2026-10-07T01:24:43.1620780Z test local_values_shadow_enum_value_syntax_but_named_constructor_uses_type_scope ... ok
2026-10-07T01:24:43.1632570Z test namespace_from_and_flat_imports_share_enum_identity_in_constructors_and_patterns ... ok
2026-10-07T01:24:43.1647310Z test native_fragments_reuse_high_enum_aliases_and_export_their_own_enum_identity ... ok
2026-10-07T01:24:43.6255250Z test saved_low_enum_variants_navigate_to_the_opened_file ... ok
2026-10-07T01:24:44.0788800Z test enum_symbols_keep_variant_targets_alias_signatures_and_payload_binding_types ... ok
2026-10-07T01:24:44.0789920Z 
2026-10-07T01:24:44.0790910Z test result: ok. 9 passed; 0 failed; 0 ignored; 0 measured; 0 filtered out; finished in 0.99s
2026-10-07T01:24:44.0791940Z 
2026-10-07T01:24:44.0796380Z [1m[92m     Running[0m tests/enum_parser.rs (target/debug/deps/enum_parser-62c82a3d913b233d)
2026-10-07T01:24:44.0855620Z 
2026-10-07T01:24:44.0862510Z running 8 tests
2026-10-07T01:24:44.0865070Z test contextual_enum_word_remains_an_identifier_inside_declarations_and_calls ... ok
2026-10-07T01:24:44.0869920Z test enum_constructors_keep_the_existing_expression_forms ... ok
2026-10-07T01:24:44.0871560Z test enum_patterns_keep_qualified_names_and_each_payload_binding_span ... ok
2026-10-07T01:24:44.0873240Z test enum_payload_types_use_the_existing_nesting_limit ... ok
2026-10-07T01:24:44.0887620Z test enums_keep_variant_names_fields_types_and_source_locations ... ok
2026-10-07T01:24:44.0889790Z [1m[92m     Running[0m tests/enum_patterns.rs (target/debug/deps/enum_patterns-b15543a342c9be3f)
2026-10-07T01:24:44.0891270Z test invalid_enum_declarations_return_parse_errors ... ok
2026-10-07T01:24:44.0892480Z test result_patterns_preserve_ok_err_and_discard_bindings ... ok
2026-10-07T01:24:44.0893890Z test patterns_reject_wildcards_nested_matches_and_unnamed_variants ... ok
2026-10-07T01:24:44.0894650Z 
2026-10-07T01:24:44.0895580Z test result: ok. 8 passed; 0 failed; 0 ignored; 0 measured; 0 filtered out; finished in 0.00s
2026-10-07T01:24:44.0896430Z 
2026-10-07T01:24:44.0957510Z 
2026-10-07T01:24:44.0958970Z running 1 test
2026-10-07T01:24:44.3919820Z test mutable_enum_patterns_preserve_names_and_compile_without_shorthand_warnings ... ok
2026-10-07T01:24:44.3923370Z [1m[92m     Running[0m tests/error_routes.rs (target/debug/deps/error_routes-c1828ce13d476448)
2026-10-07T01:24:44.3924340Z 
2026-10-07T01:24:44.3925290Z test result: ok. 1 passed; 0 failed; 0 ignored; 0 measured; 0 filtered out; finished in 0.30s
2026-10-07T01:24:44.3926130Z 
2026-10-07T01:24:44.3994200Z 
2026-10-07T01:24:44.3996040Z running 2 tests
2026-10-07T01:24:44.4072010Z test existing_data_and_html_http_routes_keep_their_representations ... ok
2026-10-07T01:24:44.4120620Z test private_error_data_is_rejected_at_http_json_boundaries_in_high_and_low ... ok
2026-10-07T01:24:44.4122140Z 
2026-10-07T01:24:44.4123370Z test result: ok. 2 passed; 0 failed; 0 ignored; 0 measured; 0 filtered out; finished in 0.01s
2026-10-07T01:24:44.4124230Z 
2026-10-07T01:24:44.4126470Z [1m[92m     Running[0m tests/expression_contracts.rs (target/debug/deps/expression_contracts-8039cd439560a6ce)
2026-10-07T01:24:44.4203060Z 
2026-10-07T01:24:44.4204750Z running 2 tests
2026-10-07T01:24:44.7565570Z test literal_suffixes_preserve_contextual_numeric_types_and_negative_boundaries ... ok
2026-10-07T01:24:44.7568110Z test inferred_i64_literals_keep_their_type_without_a_rust_type_context ... ok
2026-10-07T01:24:44.7569710Z 
2026-10-07T01:24:44.7570740Z test result: ok. 2 passed; 0 failed; 0 ignored; 0 measured; 0 filtered out; finished in 0.34s
2026-10-07T01:24:44.7571580Z 
2026-10-07T01:24:44.7573580Z [1m[92m     Running[0m tests/frontend_contracts.rs (target/debug/deps/frontend_contracts-4df0672f30ad599f)
2026-10-07T01:24:44.7648590Z 
2026-10-07T01:24:44.7735190Z running 5 tests
2026-10-07T01:24:44.7751210Z test generic_builtins_and_ordinary_record_constructors_still_roundtrip ... ok
2026-10-07T01:24:44.7812780Z test speculative_index_recovery_preserves_actual_nesting_limits ... ok
2026-10-07T01:24:44.9661500Z test record_constructors_reject_type_arguments_in_high_low_and_symbols ... ok
2026-10-07T01:24:46.3089250Z test lowering_keeps_try_and_await_as_field_and_index_receivers ... ok
2026-10-07T01:24:47.6968090Z test index_lookahead_does_not_accumulate_nesting_across_statements_or_functions ... ok
2026-10-07T01:24:47.6969340Z 
2026-10-07T01:24:47.6971610Z test result: ok. 5 passed; 0 failed; 0 ignored; 0 measured; 0 filtered out; finished in 2.93s
2026-10-07T01:24:47.6972430Z 
2026-10-07T01:24:47.6975710Z [1m[92m     Running[0m tests/graph_html.rs (target/debug/deps/graph_html-a898497c02018770)
2026-10-07T01:24:47.7038360Z 
2026-10-07T01:24:47.7039970Z running 3 tests
2026-10-07T01:24:47.7047440Z test standalone_viewer_keeps_assets_local_and_uses_safe_dom_text ... ok
2026-10-07T01:24:47.7050110Z test only_physical_absolute_sources_receive_encoded_user_action_links ... ok
2026-10-07T01:24:47.7052570Z test hostile_unicode_graph_data_remains_json_and_cannot_close_the_script ... ok
2026-10-07T01:24:47.7053350Z 
2026-10-07T01:24:47.7054240Z test result: ok. 3 passed; 0 failed; 0 ignored; 0 measured; 0 filtered out; finished in 0.00s
2026-10-07T01:24:47.7055030Z 
2026-10-07T01:24:47.7056340Z [1m[92m     Running[0m tests/graph_relations.rs (target/debug/deps/graph_relations-eb9834e553e7c240)
2026-10-07T01:24:47.7122500Z 
2026-10-07T01:24:47.7126850Z running 9 tests
2026-10-07T01:24:47.7484840Z test calls_resolve_named_aliases_without_guessing_local_function_values ... ok
2026-10-07T01:24:47.7832990Z test module_imports_are_read_from_loaded_overlay_text ... ok
2026-10-07T01:24:47.7836390Z test module_edges_use_exact_identities_and_recover_empty_flat_imports ... ok
2026-10-07T01:24:47.7838900Z test native_replacements_keep_the_generated_id_and_low_ffi_locations ... ok
2026-10-07T01:24:47.7844330Z test checked_standard_and_database_operations_are_boundaries_not_routing_or_table_guesses ... ok
2026-10-07T01:24:47.7846730Z test one_line_low_import_references_do_not_hide_body_uses ... ok
2026-10-07T01:24:47.7849960Z test saved_low_keeps_definition_ids_without_mapping_foreign_modules_to_its_file ... ok
2026-10-07T01:24:47.7858360Z test all_views_use_shortest_unique_physical_suffixes_before_filtering ... ok
2026-10-07T01:24:47.8292820Z test nested_calls_are_visited_but_class_and_enum_constructors_are_not_calls ... ok
2026-10-07T01:24:47.8293630Z 
2026-10-07T01:24:47.8294550Z test result: ok. 9 passed; 0 failed; 0 ignored; 0 measured; 0 filtered out; finished in 0.12s
2026-10-07T01:24:47.8295350Z 
2026-10-07T01:24:47.8297860Z [1m[92m     Running[0m tests/graph_render.rs (target/debug/deps/graph_render-0219f5d3089abaa8)
2026-10-07T01:24:47.8355650Z 
2026-10-07T01:24:47.8359950Z running 9 tests
2026-10-07T01:24:47.8364860Z test image_arguments_are_validated_before_starting_a_renderer ... ok
2026-10-07T01:24:47.8368980Z test labels_preserve_unicode_without_becoming_diagram_syntax_or_links ... ok
2026-10-07T01:24:47.8371530Z test diagram_order_is_deterministic_and_empty_graphs_are_readable ... ok
2026-10-07T01:24:47.8374550Z test mermaid_literal_hashes_backticks_and_directives_cannot_change_the_render_config ... ok
2026-10-07T01:24:47.8378030Z test clustered_edges_reference_declared_nodes_without_group_boundary_duplicates ... ok
2026-10-07T01:24:47.8380140Z test process_tests::image_child ... ok
2026-10-07T01:24:47.8431270Z 
2026-10-07T01:24:47.8432840Z running 1 test
2026-10-07T01:24:47.8444420Z test process_tests::image_child ... 
2026-10-07T01:24:47.8446290Z running 1 test
2026-10-07T01:24:47.8459430Z test process_tests::image_child ... 
2026-10-07T01:24:47.8461270Z running 1 test
2026-10-07T01:24:47.8471120Z test process_tests::image_child ... ok
2026-10-07T01:24:47.8473680Z 
2026-10-07T01:24:47.8475530Z test result: ok. 1 passed; 0 failed; 0 ignored; 0 measured; 8 filtered out; finished in 0.00s
2026-10-07T01:24:47.8476370Z 
2026-10-07T01:24:47.8480480Z test process_tests::missing_renderer_explains_installation_and_d2_source_fallback ... ok
2026-10-07T01:24:47.8533090Z ok
2026-10-07T01:24:47.8534780Z 
2026-10-07T01:24:47.8544020Z test result: ok. 1 passed; 0 failed; 0 ignored; 0 measured; 8 filtered out; finished in 0.01s
2026-10-07T01:24:47.8545390Z 
2026-10-07T01:24:47.8545560Z ok
2026-10-07T01:24:47.8545780Z 
2026-10-07T01:24:47.8546650Z test result: ok. 1 passed; 0 failed; 0 ignored; 0 measured; 8 filtered out; finished in 0.01s
2026-10-07T01:24:47.8547800Z 
2026-10-07T01:24:47.8548620Z test process_tests::failed_renderer_reports_stderr_and_removes_its_source ... ok
2026-10-07T01:24:47.8550100Z test process_tests::export_passes_arguments_literally_without_a_shell ... ok
2026-10-07T01:24:47.8550810Z 
2026-10-07T01:24:47.8551700Z test result: ok. 9 passed; 0 failed; 0 ignored; 0 measured; 0 filtered out; finished in 0.02s
2026-10-07T01:24:47.8552510Z 
2026-10-07T01:24:47.8554210Z [1m[92m     Running[0m tests/graph_types.rs (target/debug/deps/graph_types-730d249a9758b8cd)
2026-10-07T01:24:47.8615580Z 
2026-10-07T01:24:47.8628590Z running 7 tests
2026-10-07T01:24:47.8834120Z test imported_same_named_types_keep_author_identity_and_original_source_lines ... ok
2026-10-07T01:24:47.8837140Z test focused_depth_is_bounded_on_cycles_and_defaults_to_one_hop ... ok
2026-10-07T01:24:47.8840260Z test ir_deduplicates_and_sorts_without_renderer_syntax_or_losing_isolated_types ... ok
2026-10-07T01:24:47.8843410Z test field_display_limits_do_not_erase_relationships_from_later_fields ... ok
2026-10-07T01:24:47.8952820Z test declarations_preserve_field_variant_wrapper_and_signature_meanings ... ok
2026-10-07T01:24:47.8988800Z test resource_type_arguments_are_dependencies_without_inventing_runtime_instances ... ok
2026-10-07T01:24:47.9115110Z test independent_low_preserves_type_identity_and_reports_its_physical_source ... ok
2026-10-07T01:24:47.9116120Z 
2026-10-07T01:24:47.9117030Z test result: ok. 7 passed; 0 failed; 0 ignored; 0 measured; 0 filtered out; finished in 0.05s
2026-10-07T01:24:47.9117850Z 
2026-10-07T01:24:47.9119920Z [1m[92m     Running[0m tests/http_codegen.rs (target/debug/deps/http_codegen-61eaecc8259bba4d)
2026-10-07T01:24:47.9186810Z 
2026-10-07T01:24:47.9188530Z running 4 tests
2026-10-07T01:24:47.9345700Z test literal_view_optimization_does_not_change_a_shadowing_owned_function ... ok
2026-10-07T01:24:48.5867360Z test borrow_and_named_mappers_preserve_high_low_codegen ... ok
2026-10-07T01:24:48.6107640Z test borrowed_http_inspection_and_async_registration_add_no_owned_adapter_work ... ok
2026-10-07T01:24:52.6989400Z test borrow_and_named_mapper_registration_execute_native_adapters ... ok
2026-10-07T01:24:52.6990430Z 
2026-10-07T01:24:52.6991500Z test result: ok. 4 passed; 0 failed; 0 ignored; 0 measured; 0 filtered out; finished in 4.78s
2026-10-07T01:24:52.6992560Z 
2026-10-07T01:24:52.6994670Z [1m[92m     Running[0m tests/http_route_conflicts.rs (target/debug/deps/http_route_conflicts-76679e236d0a1b0e)
2026-10-07T01:24:52.7054790Z 
2026-10-07T01:24:52.7056140Z running 3 tests
2026-10-07T01:24:52.7085610Z test get_handlers_cannot_replace_builtin_endpoints ... ok
2026-10-07T01:24:52.7101290Z test shared_patterns_distinct_paths_and_literal_braces_remain_available ... ok
2026-10-07T01:24:52.7162050Z test equivalent_capture_paths_are_rejected_even_for_different_methods ... ok
2026-10-07T01:24:52.7162970Z 
2026-10-07T01:24:52.7164430Z test result: ok. 3 passed; 0 failed; 0 ignored; 0 measured; 0 filtered out; finished in 0.01s
2026-10-07T01:24:52.7165840Z 
2026-10-07T01:24:52.7168490Z [1m[92m     Running[0m tests/http_stdlib.rs (target/debug/deps/http_stdlib-4eb7fd2c456f6c74)
2026-10-07T01:24:52.7249460Z 
2026-10-07T01:24:52.7250500Z running 15 tests
2026-10-07T01:24:53.4653930Z test handlers_require_exact_async_request_shared_state_and_error_contracts ... ok
2026-10-07T01:24:54.3363190Z test borrowed_option_temporaries_allow_arm_local_use_but_cannot_escape ... ok
2026-10-07T01:24:54.3725130Z test header_views_depend_on_request_owner_and_not_the_name_temporary ... ok
2026-10-07T01:24:55.0057060Z test json_content_type_requires_a_request_and_has_no_generic_arguments ... ok
2026-10-07T01:24:55.4865130Z test apps_validate_generic_arity_owned_state_and_mapper_error_type ... ok
2026-10-07T01:24:56.7309130Z test method_name_views_can_return_from_borrowed_request_parameters ... ok
2026-10-07T01:24:57.0672280Z test optional_header_and_query_views_keep_the_request_borrow_through_match ... ok
2026-10-07T01:24:58.5040690Z test ordinary_classes_and_local_shadows_cannot_impersonate_standard_resources ... ok
2026-10-07T01:24:58.9225430Z test native_method_comparisons_borrow_but_assignment_tracks_request_partial_moves ... ok
2026-10-07T01:24:59.0068030Z test saved_low_cannot_change_registry_identity_or_define_resource_implementations ... ok
2026-10-07T01:24:59.2859550Z test standard_resolution_ignores_cwd_files_and_unsaved_lookalikes ... ok
2026-10-07T01:24:59.8595740Z test standard_aliases_are_registry_resources_and_roundtrip_independently ... ok
2026-10-07T01:25:01.0003320Z test resource_construction_serialization_and_shared_field_moves_fail_before_build ... ok
2026-10-07T01:25:01.9519030Z test resource_references_do_not_acquire_legacy_slice_operations ... ok
2026-10-07T01:25:06.0871510Z test status_method_and_db_free_app_execute_from_high_and_saved_low ... ok
2026-10-07T01:25:06.0872330Z 
2026-10-07T01:25:06.0873310Z test result: ok. 15 passed; 0 failed; 0 ignored; 0 measured; 0 filtered out; finished in 13.36s
2026-10-07T01:25:06.0874160Z 
2026-10-07T01:25:06.0877500Z [1m[92m     Running[0m tests/installation.rs (target/debug/deps/installation-81fd073b49de1455)
2026-10-07T01:25:06.0936870Z 
2026-10-07T01:25:06.0937970Z running 4 tests
2026-10-07T01:25:06.1484410Z test wrong_root_explains_the_distribution_folder_before_calling_cargo ... ok
2026-10-07T01:25:06.1530420Z test linked_distributions_keep_the_seed_until_the_last_owner_drops ... ok
2026-10-07T01:25:06.7989090Z test standalone_build_keeps_native_artifacts_in_the_working_directory ... ok
2026-10-07T01:25:06.8030650Z test moved_distribution_builds_an_external_project_with_no_root_override ... ok
2026-10-07T01:25:06.8031440Z 
2026-10-07T01:25:06.8032300Z test result: ok. 4 passed; 0 failed; 0 ignored; 0 measured; 0 filtered out; finished in 0.71s
2026-10-07T01:25:06.8033060Z 
2026-10-07T01:25:06.8050580Z [1m[92m     Running[0m tests/list_borrow_iteration.rs (target/debug/deps/list_borrow_iteration-7d4080244a22861c)
2026-10-07T01:25:06.8113490Z 
2026-10-07T01:25:06.8241450Z running 5 tests
2026-10-07T01:25:06.8243440Z test borrowed_elements_and_their_field_views_cannot_escape ... ok
2026-10-07T01:25:06.8245470Z test borrowed_elements_cannot_move_reassign_or_mutate ... ok
2026-10-07T01:25:06.8321430Z test an_active_element_pins_its_owner_and_aliases ... ok
2026-10-07T01:25:07.2646680Z test symbols_distinguish_borrowed_record_locals_and_fields ... ok
2026-10-07T01:25:08.2287780Z test noncopy_iteration_is_native_and_survives_saved_low ... ok
2026-10-07T01:25:08.2288640Z 
2026-10-07T01:25:08.2289800Z test result: ok. 5 passed; 0 failed; 0 ignored; 0 measured; 0 filtered out; finished in 1.42s
2026-10-07T01:25:08.2290960Z 
2026-10-07T01:25:08.2293850Z [1m[92m     Running[0m tests/list_ownership_inference.rs (target/debug/deps/list_ownership_inference-1bee9e0682e4930a)
2026-10-07T01:25:08.2357270Z 
2026-10-07T01:25:08.2359660Z running 4 tests
2026-10-07T01:25:08.2374350Z test inferred_lists_still_reject_second_moves_and_mixed_element_types ... ok
2026-10-07T01:25:08.2377840Z test explicit_list_element_types_still_contextualize_the_first_literal ... ok
2026-10-07T01:25:08.2409030Z test inferred_list_first_elements_can_move_owned_inputs_once ... ok
2026-10-07T01:25:08.2419370Z test record_list_iteration_accepts_copy_values_and_readonly_noncopy_borrows ... ok
2026-10-07T01:25:08.2420170Z 
2026-10-07T01:25:08.2421030Z test result: ok. 4 passed; 0 failed; 0 ignored; 0 measured; 0 filtered out; finished in 0.01s
2026-10-07T01:25:08.2421800Z 
2026-10-07T01:25:08.2425270Z [1m[92m     Running[0m tests/literal_contracts.rs (target/debug/deps/literal_contracts-b1adfb73595aca24)
2026-10-07T01:25:08.2488580Z 
2026-10-07T01:25:08.2489020Z running 1 test
2026-10-07T01:25:08.8192440Z test strings_preserve_control_characters_through_high_low_and_rust ... ok
2026-10-07T01:25:08.8193260Z 
2026-10-07T01:25:08.8194190Z test result: ok. 1 passed; 0 failed; 0 ignored; 0 measured; 0 filtered out; finished in 0.57s
2026-10-07T01:25:08.8195040Z 
2026-10-07T01:25:08.8196730Z [1m[92m     Running[0m tests/loop_ownership.rs (target/debug/deps/loop_ownership-37a7ea17d872966f)
2026-10-07T01:25:08.8265670Z 
2026-10-07T01:25:08.8299360Z running 13 tests
2026-10-07T01:25:08.8319500Z test conditional_reinitialization_needs_every_continuing_path ... ok
2026-10-07T01:25:08.8391520Z test fields_and_nested_fields_cannot_be_consumed_on_later_iterations ... ok
2026-10-07T01:25:08.9534080Z test a_for_iterator_expression_is_evaluated_only_once ... ok
2026-10-07T01:25:09.0218010Z test locals_copy_values_and_borrowed_arguments_are_available_each_iteration ... ok
2026-10-07T01:25:09.0222670Z test owned_values_cannot_be_consumed_on_later_iterations ... ok
2026-10-07T01:25:09.0830980Z test nested_loops_are_checked_without_carrying_local_declarations ... ok
2026-10-07T01:25:09.0836490Z test all_continuing_branches_can_restore_a_moved_value ... ok
2026-10-07T01:25:09.0841380Z test standalone_low_rejects_repeated_moves_at_the_original_line ... ok
2026-10-07T01:25:09.0846270Z test branch_joins_preserve_reassignment_and_return_outside_loops ... ok
2026-10-07T01:25:09.2191040Z test zero_iterations_and_loop_bindings_preserve_outer_state ... ok
2026-10-07T01:25:09.2192960Z test while_conditions_are_checked_on_each_evaluation_and_on_exit ... ok
2026-10-07T01:25:09.3037780Z test reinitialization_before_and_after_a_move_is_allowed ... ok
2026-10-07T01:25:09.6645190Z test return_paths_do_not_repeat_or_consume_values_on_other_paths ... ok
2026-10-07T01:25:09.6646060Z 
2026-10-07T01:25:09.6647040Z test result: ok. 13 passed; 0 failed; 0 ignored; 0 measured; 0 filtered out; finished in 0.84s
2026-10-07T01:25:09.6648130Z 
2026-10-07T01:25:09.6650590Z [1m[92m     Running[0m tests/low_multiline.rs (target/debug/deps/low_multiline-1de1d5edec054650)
2026-10-07T01:25:09.6717800Z 
2026-10-07T01:25:09.6722620Z running 3 tests
2026-10-07T01:25:09.6742530Z test low_braces_keep_newline_statement_boundaries ... ok
2026-10-07T01:25:09.6771870Z test multiline_errors_keep_physical_source_lines ... ok
2026-10-07T01:25:10.0007040Z test multiline_quote_matches_high_and_runs_as_native_low ... ok
2026-10-07T01:25:10.0012940Z [1m[92m     Running[0m tests/map_cli.rs (target/debug/deps/map_cli-76e20f8347a5416c)
2026-10-07T01:25:10.0013750Z 
2026-10-07T01:25:10.0015830Z test result: ok. 3 passed; 0 failed; 0 ignored; 0 measured; 0 filtered out; finished in 0.33s
2026-10-07T01:25:10.0018100Z 
2026-10-07T01:25:10.1090140Z 
2026-10-07T01:25:10.1403070Z running 9 tests
2026-10-07T01:25:10.1430030Z test failed_check_points_to_original_source_and_writes_no_map ... ok
2026-10-07T01:25:10.1444920Z test map_preparse_keeps_existing_project_overrides_and_output_path_precedence ... ok
2026-10-07T01:25:10.1450140Z test image_formats_require_output_and_fail_helpfully_without_local_d2 ... ok
2026-10-07T01:25:10.1452240Z test map_output_cannot_overwrite_loaded_input_or_project_configuration ... ok
2026-10-07T01:25:10.1456740Z test namespace_module_filter_and_focus_select_original_definitions ... ok
2026-10-07T01:25:10.1488370Z test help_and_argument_errors_do_not_load_a_project_or_mutate_files ... ok
2026-10-07T01:25:10.1495760Z test project_discovery_reuses_native_replacements_and_extern_resolution ... ok
2026-10-07T01:25:10.2070370Z test map_views_check_high_and_low_without_runtime_or_generated_output ... ok
2026-10-07T01:25:10.2416110Z test text_formats_write_only_requested_output_and_keep_stdout_clean ... ok
2026-10-07T01:25:10.2416920Z 
2026-10-07T01:25:10.2420560Z [1m[92m     Running[0m tests/module_emission.rs (target/debug/deps/module_emission-73caf5bafb810a67)
2026-10-07T01:25:10.2422510Z test result: ok. 9 passed; 0 failed; 0 ignored; 0 measured; 0 filtered out; finished in 0.23s
2026-10-07T01:25:10.2423370Z 
2026-10-07T01:25:10.2489420Z 
2026-10-07T01:25:10.2500730Z running 8 tests
2026-10-07T01:25:10.2818530Z test legacy_flat_cost_report_keeps_public_function_names ... ok
2026-10-07T01:25:10.2839230Z test inferred_primitive_values_and_a_class_alias_keep_distinct_type_identities ... ok
2026-10-07T01:25:10.2919310Z test qualified_nested_types_emit_internal_names_through_low ... ok
2026-10-07T01:25:10.7692600Z test source_function_names_that_match_foreign_symbols_keep_distinct_call_targets ... ok
2026-10-07T01:25:10.7747750Z test unresolved_high_imports_keep_as_and_from_syntax_in_low ... ok
2026-10-07T01:25:10.7750530Z test independent_low_parser_preserves_module_ids_and_native_function_aliases ... ok
2026-10-07T01:25:10.7811240Z test source_locals_that_match_generated_symbols_keep_distinct_values ... ok
2026-10-07T01:25:12.9365720Z test inferred_builtin_types_survive_module_aliases_low_transport_and_rust_emission ... ok
2026-10-07T01:25:12.9367470Z 
2026-10-07T01:25:12.9368750Z test result: ok. 8 passed; 0 failed; 0 ignored; 0 measured; 0 filtered out; finished in 2.69s
2026-10-07T01:25:12.9369640Z 
2026-10-07T01:25:12.9371030Z [1m[92m     Running[0m tests/module_parser.rs (target/debug/deps/module_parser-201569338fd6bcc4)
2026-10-07T01:25:12.9429750Z 
2026-10-07T01:25:12.9435910Z running 9 tests
2026-10-07T01:25:12.9438630Z test import_forms_keep_original_names_aliases_and_token_spans ... ok
2026-10-07T01:25:12.9446210Z test from_and_as_remain_contextual_identifiers ... ok
2026-10-07T01:25:12.9448960Z test low_metadata_is_read_without_changing_source_spans ... ok
2026-10-07T01:25:12.9450630Z test module_replace_path_remains_a_structured_attribute_value ... ok
2026-10-07T01:25:12.9452060Z test malformed_imports_and_qualified_constructs_keep_parser_errors ... ok
2026-10-07T01:25:12.9453620Z test qualified_calls_constructors_and_function_values_preserve_semantic_choice ... ok
2026-10-07T01:25:12.9455240Z test qualified_types_parse_inside_nested_generics_lists_and_nullable_types ... ok
2026-10-07T01:25:12.9456530Z test qualified_types_respect_existing_nesting_limit ... ok
2026-10-07T01:25:12.9477950Z test qualified_index_lookahead_restores_depth_and_preserves_index_nodes ... ok
2026-10-07T01:25:12.9478740Z 
2026-10-07T01:25:12.9479620Z test result: ok. 9 passed; 0 failed; 0 ignored; 0 measured; 0 filtered out; finished in 0.00s
2026-10-07T01:25:12.9480420Z 
2026-10-07T01:25:12.9483670Z [1m[92m     Running[0m tests/module_symbols.rs (target/debug/deps/module_symbols-dbf68514f50692a7)
2026-10-07T01:25:12.9547650Z 
2026-10-07T01:25:12.9550610Z running 5 tests
2026-10-07T01:25:13.4666660Z test local_names_colliding_with_the_entrypoint_keep_source_names_and_navigation ... ok
2026-10-07T01:25:13.4670450Z test saved_low_namespaces_use_the_opened_file_and_rebased_definition_locations ... ok
2026-10-07T01:25:13.4877530Z test module_bindings_export_only_own_definitions_and_share_definition_identity ... ok
2026-10-07T01:25:13.9158610Z test unsaved_imported_buffers_drive_fields_and_shadowed_aliases_use_local_bindings ... ok
2026-10-07T01:25:13.9537400Z test record_and_import_alias_named_option_remain_record_types_in_editor_output ... ok
2026-10-07T01:25:13.9538450Z 
2026-10-07T01:25:13.9539340Z test result: ok. 5 passed; 0 failed; 0 ignored; 0 measured; 0 filtered out; finished in 1.00s
2026-10-07T01:25:13.9540130Z 
2026-10-07T01:25:13.9544220Z [1m[92m     Running[0m tests/modules.rs (target/debug/deps/modules-d25dbfafcc7d70c2)
2026-10-07T01:25:13.9617250Z 
2026-10-07T01:25:13.9619830Z running 32 tests
2026-10-07T01:25:13.9874820Z test alias_imports_keep_cycle_relative_path_and_language_guards ... ok
2026-10-07T01:25:13.9917180Z test conflicting_import_bindings_report_the_import_statement ... ok
2026-10-07T01:25:13.9935900Z test aliases_keep_original_source_diagnostics_and_embedded_asset_paths ... ok
2026-10-07T01:25:13.9958290Z test corrupted_low_identity_metadata_cannot_rename_or_invent_definitions ... ok
2026-10-07T01:25:14.0137990Z test aliases_of_one_function_cannot_be_replaced_twice_across_native_files ... ok
2026-10-07T01:25:14.0275120Z test flat_imported_main_remains_an_entry_but_namespace_imported_main_does_not ... ok
2026-10-07T01:25:14.0316650Z test edited_saved_low_body_resolves_original_aliases_and_maps_only_its_physical_root ... ok
2026-10-07T01:25:14.0405360Z test foreign_functions_keep_their_builtin_scope_when_root_aliases_use_builtin_names ... ok
2026-10-07T01:25:14.0765090Z test aliases_from_imports_and_flat_imports_share_the_canonical_class ... ok
2026-10-07T01:25:14.0987420Z test high_and_native_modules_can_use_the_same_private_namespace_spelling ... ok
2026-10-07T01:25:14.1001430Z test imported_bindings_are_private_but_own_definitions_can_use_them ... ok
2026-10-07T01:25:14.1017320Z test every_explicit_native_root_gets_high_aliases_without_overwriting_own_or_dependency_scopes ... ok
2026-10-07T01:25:14.1299790Z test imported_names_cannot_silently_fall_back_to_builtins_of_a_different_kind ... ok
2026-10-07T01:25:14.1790930Z test guessed_internal_symbols_cannot_bypass_private_imports_in_raw_source ... ok
2026-10-07T01:25:14.1847950Z test legacy_flat_helpers_can_call_root_definitions_without_inheriting_private_aliases ... ok
2026-10-07T01:25:14.2008360Z test legacy_classes_constructors_and_intrinsic_types_keep_their_original_namespaces ... ok
2026-10-07T01:25:14.2039170Z test local_fields_and_function_values_shadow_imports_only_in_their_scope ... ok
2026-10-07T01:25:14.2128370Z test native_main_replacement_keeps_the_generated_identity_and_recursive_target ... ok
2026-10-07T01:25:14.2545460Z test low_alias_syntax_resolves_qualified_record_and_generic_types ... ok
2026-10-07T01:25:14.2865080Z test native_import_aliases_remain_local_while_own_functions_are_available_to_high ... ok
2026-10-07T01:25:14.2991420Z test omitted_unit_returns_keep_builtin_identity_while_explicit_namespace_types_are_rejected ... ok
2026-10-07T01:25:14.2997140Z test old_flat_imports_keep_transitive_names_and_diamond_deduplication ... ok
2026-10-07T01:25:14.3002320Z test renamed_local_main_diagnostics_keep_source_spelling_after_program_is_taken ... ok
2026-10-07T01:25:14.3118680Z test same_named_classes_from_different_files_are_distinct_in_all_type_positions ... ok
2026-10-07T01:25:14.3432320Z test qualified_replacements_compare_definition_identity_and_report_low_sources ... ok
2026-10-07T01:25:14.3436120Z test saved_generated_low_can_be_imported_without_reidentifying_its_main ... ok
2026-10-07T01:25:14.4054320Z test separate_native_files_can_reuse_a_replacement_declaration_name ... ok
2026-10-07T01:25:14.4128500Z test the_checker_rejects_parser_only_alias_imports_until_the_source_loader_resolves_them ... ok
2026-10-07T01:25:14.4131530Z test unsaved_overlays_change_imported_definitions_and_keep_disk_sources_unchanged ... ok
2026-10-07T01:25:14.4159780Z test namespace_imports_preserve_depth_file_count_and_total_byte_limits ... ok
2026-10-07T01:25:15.7733080Z test saved_low_flat_and_from_imports_promote_the_original_definition_to_entry ... ok
2026-10-07T01:25:16.2160690Z test project_aliases_cross_low_replacement_and_rust_record_bridges_from_an_external_cwd ... ok
2026-10-07T01:25:16.2161900Z 
2026-10-07T01:25:16.2163340Z test result: ok. 32 passed; 0 failed; 0 ignored; 0 measured; 0 filtered out; finished in 2.25s
2026-10-07T01:25:16.2164580Z 
2026-10-07T01:25:16.2175780Z [1m[92m     Running[0m tests/nullable_database.rs (target/debug/deps/nullable_database-6949b19928805228)
2026-10-07T01:25:16.2244910Z 
2026-10-07T01:25:16.2458800Z running 4 tests
2026-10-07T01:25:16.2647980Z test unsupported_nullable_payloads_keep_manual_from_row_eligibility ... ok
2026-10-07T01:25:16.3848560Z test raw_numeric_and_bool_field_shadows_keep_manual_row_implementations ... ok
2026-10-07T01:26:03.2155150Z test raw_nullable_classes_can_supply_a_native_sqlite_row_bridge ... ok
2026-10-07T01:26:10.7011910Z test nullable_scalars_read_sqlite_null_and_non_null_rows_in_high_and_saved_low ... ok
2026-10-07T01:26:10.7012750Z 
2026-10-07T01:26:10.7014430Z test result: ok. 4 passed; 0 failed; 0 ignored; 0 measured; 0 filtered out; finished in 54.48s
2026-10-07T01:26:10.7016130Z 
2026-10-07T01:26:10.7019480Z [1m[92m     Running[0m tests/nullable_roundtrip.rs (target/debug/deps/nullable_roundtrip-f64ca91c8a6c28ef)
2026-10-07T01:26:10.7079470Z 
2026-10-07T01:26:10.7080810Z running 1 test
2026-10-07T01:26:10.9747910Z test nested_options_keep_distinct_none_and_some_values_through_independent_low ... ok
2026-10-07T01:26:10.9753500Z [1m[92m     Running[0m tests/option_match.rs (target/debug/deps/option_match-7ab567c3de8b4e3b)
2026-10-07T01:26:10.9755050Z 
2026-10-07T01:26:10.9755940Z test result: ok. 1 passed; 0 failed; 0 ignored; 0 measured; 0 filtered out; finished in 0.27s
2026-10-07T01:26:10.9756700Z 
2026-10-07T01:26:10.9812110Z 
2026-10-07T01:26:10.9831000Z running 5 tests
2026-10-07T01:26:10.9835680Z test option_cases_must_be_exhaustive_unique_and_match_the_subject_type ... ok
2026-10-07T01:26:10.9839150Z test option_payload_bindings_obey_move_scope_and_borrow_owner_rules ... ok
2026-10-07T01:26:10.9841660Z test some_and_none_patterns_keep_binding_spans_without_synthetic_none_payload ... ok
2026-10-07T01:26:10.9843270Z test option_matching_accepts_discarded_payloads_and_borrowed_string_contents ... ok
2026-10-07T01:26:10.9844790Z test some_patterns_reject_unsupported_payload_shapes_and_none_parentheses ... ok
2026-10-07T01:26:10.9845520Z 
2026-10-07T01:26:10.9846860Z [1m[92m     Running[0m tests/owned_copy_codegen.rs (target/debug/deps/owned_copy_codegen-d6aee45d86f687fe)
2026-10-07T01:26:10.9848590Z test result: ok. 5 passed; 0 failed; 0 ignored; 0 measured; 0 filtered out; finished in 0.00s
2026-10-07T01:26:10.9849360Z 
2026-10-07T01:26:10.9908280Z 
2026-10-07T01:26:10.9909430Z running 2 tests
2026-10-07T01:26:11.0632290Z test owned_string_and_list_fields_remain_moves ... ok
2026-10-07T01:26:12.5600310Z test owned_scalar_fields_copy_in_native_high_and_independent_low ... ok
2026-10-07T01:26:12.5601140Z 
2026-10-07T01:26:12.5603210Z test result: ok. 2 passed; 0 failed; 0 ignored; 0 measured; 0 filtered out; finished in 1.57s
2026-10-07T01:26:12.5605240Z [1m[92m     Running[0m tests/owned_database.rs (target/debug/deps/owned_database-4a480f21fdc8d64e)
2026-10-07T01:26:12.5606070Z 
2026-10-07T01:26:12.5665280Z 
2026-10-07T01:26:12.5666100Z running 2 tests
2026-10-07T01:26:12.6222220Z test owned_wrappers_preserve_unsupported_fields_and_manual_row_eligibility ... ok
2026-10-07T01:26:20.5516760Z test owned_scalars_decode_sqlite_rows_in_high_and_independent_saved_low ... ok
2026-10-07T01:26:20.5517860Z 
2026-10-07T01:26:20.5518830Z test result: ok. 2 passed; 0 failed; 0 ignored; 0 measured; 0 filtered out; finished in 7.99s
2026-10-07T01:26:20.5519640Z 
2026-10-07T01:26:20.5521550Z [1m[92m     Running[0m tests/ownership_boundaries.rs (target/debug/deps/ownership_boundaries-59f02af11143c043)
2026-10-07T01:26:20.5586110Z 
2026-10-07T01:26:20.5743980Z running 7 tests
2026-10-07T01:26:20.5746050Z test branch_loop_and_payload_owners_cannot_escape_in_outer_views ... ok
2026-10-07T01:26:20.5749100Z test nested_view_containers_cannot_keep_child_scope_owners ... ok
2026-10-07T01:26:20.7093120Z test index_evaluation_holds_the_container_but_releases_it_afterwards ... ok
2026-10-07T01:26:20.7100540Z test copied_iterator_elements_keep_their_own_borrow_depth ... ok
2026-10-07T01:26:20.7902890Z test static_resource_views_remain_valid_across_branch_scopes ... ok
2026-10-07T01:26:20.8256240Z test outer_owners_local_copies_restored_aliases_and_return_paths_remain_valid ... ok
2026-10-07T01:26:20.8313560Z test temporary_iterator_views_cannot_escape_but_body_use_and_static_views_remain_valid ... ok
2026-10-07T01:26:20.8323660Z [1m[92m     Running[0m tests/ownership_calls.rs (target/debug/deps/ownership_calls-84fdd910d0d7e37b)
2026-10-07T01:26:20.8324650Z 
2026-10-07T01:26:20.8327400Z test result: ok. 7 passed; 0 failed; 0 ignored; 0 measured; 0 filtered out; finished in 0.27s
2026-10-07T01:26:20.8344400Z 
2026-10-07T01:26:20.8396120Z 
2026-10-07T01:26:20.8586830Z running 9 tests
2026-10-07T01:26:20.8655120Z test database_receiver_is_borrowed_but_materialized_sql_does_not_extend_its_loan ... ok
2026-10-07T01:26:20.8658060Z test discarded_owned_places_are_consumed_but_copy_and_borrowed_values_remain_available ... ok
2026-10-07T01:26:20.8660790Z test earlier_view_arguments_block_later_moves_in_direct_and_aliased_calls ... ok
2026-10-07T01:26:20.8663350Z test earlier_list_elements_hold_views_through_later_element_evaluation ... ok
2026-10-07T01:26:20.8665950Z test earlier_views_remain_borrowed_while_nested_later_arguments_are_evaluated ... ok
2026-10-07T01:26:20.8669750Z test completed_inner_calls_copies_and_disjoint_owners_do_not_keep_call_loans ... ok
2026-10-07T01:26:20.8672460Z test list_mutation_checks_outer_loans_without_rejecting_two_phase_reads ... ok
2026-10-07T01:26:20.8886130Z test call_conflicts_and_discarded_moves_fail_before_backend_tools_are_needed ... ok
2026-10-07T01:26:21.1102610Z test implicit_standard_references_hold_the_owner_through_later_arguments ... ok
2026-10-07T01:26:21.1103430Z 
2026-10-07T01:26:21.1105580Z test result: ok. 9 passed; 0 failed; 0 ignored; 0 measured; 0 filtered out; finished in 0.27s
2026-10-07T01:26:21.1106410Z 
2026-10-07T01:26:21.1108630Z [1m[92m     Running[0m tests/resource_contract_characterization.rs (target/debug/deps/resource_contract_characterization-63513f960f286a7c)
2026-10-07T01:26:21.1170340Z 
2026-10-07T01:26:21.1177200Z running 4 tests
2026-10-07T01:26:21.1178910Z test registered_resources_match_the_independent_inventory ... ok
2026-10-07T01:26:21.1180640Z test registered_accessors_match_the_complete_inventory ... ok
2026-10-07T01:26:21.1182180Z test registered_operations_match_signatures_and_passing ... ok
2026-10-07T01:26:21.1183340Z test registered_constants_match_the_complete_inventory ... ok
2026-10-07T01:26:21.1183930Z 
2026-10-07T01:26:21.1184840Z test result: ok. 4 passed; 0 failed; 0 ignored; 0 measured; 0 filtered out; finished in 0.00s
2026-10-07T01:26:21.1185660Z 
2026-10-07T01:26:21.1187080Z [1m[92m     Running[0m tests/result_stdlib.rs (target/debug/deps/result_stdlib-e2c21ca78b574f96)
2026-10-07T01:26:21.1251610Z 
2026-10-07T01:26:21.1255820Z running 6 tests
2026-10-07T01:26:21.4818850Z test mapping_moves_input_left_to_right_and_preserves_borrow_origins ... ok
2026-10-07T01:26:21.5878450Z test mapper_contract_errors_fail_before_rust_backend_in_high_and_saved_low ... ok
2026-10-07T01:26:21.6754020Z test try_keeps_exact_error_identity_and_map_error_does_not_reserve_local_names ... ok
2026-10-07T01:26:21.7666630Z test inferred_mapping_keeps_enum_class_aliases_and_borrowed_success_through_saved_low ... ok
2026-10-07T01:26:22.7249420Z test native_success_failure_and_original_cause_survive_high_and_saved_low ... ok
2026-10-07T01:26:25.2210020Z test static_error_labels_avoid_read_allocations_but_keep_owned_results_and_shadowing ... ok
2026-10-07T01:26:25.2211080Z 
2026-10-07T01:26:25.2211980Z test result: ok. 6 passed; 0 failed; 0 ignored; 0 measured; 0 filtered out; finished in 4.10s
2026-10-07T01:26:25.2212750Z 
2026-10-07T01:26:25.2216710Z [1m[92m     Running[0m tests/rust_dependencies.rs (target/debug/deps/rust_dependencies-da19cf365f7fb132)
2026-10-07T01:26:25.2278870Z 
2026-10-07T01:26:25.2284230Z running 8 tests
2026-10-07T01:26:25.2559590Z test generated_manifest_preserves_legacy_versions_and_every_supported_table_field ... ok
2026-10-07T01:26:25.2822370Z test generated_toml_round_trips_quotes_backslashes_and_newlines_without_extra_tables ... ok
2026-10-07T01:26:25.2861150Z test dependency_paths_follow_the_selected_manifest_with_different_cwd_and_output ... ok
2026-10-07T01:26:25.2895280Z test cli_version_replaces_the_whole_table_and_keeps_alias_collision_checks ... ok
2026-10-07T01:26:25.3845110Z test missing_local_dependency_is_valid_for_check_and_reported_by_cargo_during_build ... ok
2026-10-07T01:26:25.4998270Z test invalid_dependency_tables_fail_in_the_public_cli_before_cargo ... ok
2026-10-07T01:26:25.7628700Z test check_and_symbols_accept_dependency_tables_without_cargo_or_checked_out_crates ... ok
2026-10-07T01:26:26.2890180Z test local_package_rename_features_and_disabled_defaults_run_without_registry_dependencies ... ok
2026-10-07T01:26:26.2891150Z 
2026-10-07T01:26:26.2892050Z test result: ok. 8 passed; 0 failed; 0 ignored; 0 measured; 0 filtered out; finished in 1.06s
2026-10-07T01:26:26.2892870Z 
2026-10-07T01:26:26.2894200Z [1m[92m     Running[0m tests/sql_check.rs (target/debug/deps/sql_check-d354efbbad73b329)
2026-10-07T01:26:26.2953980Z 
2026-10-07T01:26:26.2957710Z running 13 tests
2026-10-07T01:26:26.3607910Z test enabled::a_user_function_named_db_all_is_not_a_builtin_sql_query ... ok
2026-10-07T01:26:26.3982800Z test enabled::dynamic_sql_and_db_exec_are_reported_as_runtime_checks ... ok
2026-10-07T01:26:26.4409660Z test enabled::explicit_project_schema_path_is_relative_to_invocation_directory ... ok
2026-10-07T01:26:26.4659620Z test enabled::bounded_schema_and_query_inputs_fail_before_sql_preparation ... ok
2026-10-07T01:26:26.4991290Z test enabled::imported_queries_report_the_original_module_file_and_line ... ok
2026-10-07T01:26:26.5057980Z test enabled::aliases_case_reordering_extra_columns_and_reused_numbered_bind_are_valid ... ok
2026-10-07T01:26:26.5456520Z test enabled::literal_insert_update_delete_are_prepared_without_executing_queries ... ok
2026-10-07T01:26:26.6042070Z test enabled::schema_and_dialect_are_paired_check_only_options ... ok
2026-10-07T01:26:26.7422510Z test enabled::missing_return_columns_and_wrong_bind_count_use_query_source_lines ... ok
2026-10-07T01:26:26.7649580Z test enabled::schema_check_is_opt_in_and_reports_bad_columns_in_high_and_saved_low ... ok
2026-10-07T01:26:26.9146720Z test enabled::helper_statement_kind_and_single_statement_contracts_are_checked ... ok
2026-10-07T01:26:27.0321640Z test enabled::literal_queries_cannot_change_schema_or_access_external_functions ... ok
2026-10-07T01:26:27.0502520Z test enabled::unsafe_schema_operations_cannot_create_or_modify_external_files ... ok
2026-10-07T01:26:27.0503380Z 
2026-10-07T01:26:27.0504320Z test result: ok. 13 passed; 0 failed; 0 ignored; 0 measured; 0 filtered out; finished in 0.75s
2026-10-07T01:26:27.0505130Z 
2026-10-07T01:26:27.0510340Z [1m[92m     Running[0m tests/static_callback_views.rs (target/debug/deps/static_callback_views-55c4c970400b771f)
2026-10-07T01:26:27.0576030Z 
2026-10-07T01:26:27.0578040Z running 3 tests
2026-10-07T01:26:27.0601430Z test input_bound_callback_results_still_borrow_their_actual_inputs ... ok
2026-10-07T01:26:27.0606500Z test static_outputs_do_not_allow_local_or_owned_parameter_borrows ... ok
2026-10-07T01:26:30.3482800Z test static_callbacks_keep_their_origins_and_independent_lifetime_scopes_in_high_and_low ... ok
2026-10-07T01:26:30.3483970Z 
2026-10-07T01:26:30.3485050Z test result: ok. 3 passed; 0 failed; 0 ignored; 0 measured; 0 filtered out; finished in 3.29s
2026-10-07T01:26:30.3486170Z 
2026-10-07T01:26:30.3490920Z [1m[92m     Running[0m tests/stdlib_imports.rs (target/debug/deps/stdlib_imports-aa56b41681106f3d)
2026-10-07T01:26:30.3569200Z 
2026-10-07T01:26:30.4653960Z running 12 tests
2026-10-07T01:26:30.4669590Z test comma_separated_from_imports_preserve_each_name_alias_and_source_span ... ok
2026-10-07T01:26:30.4672680Z test constant_fields_and_function_aliases_resolve_without_ignoring_local_shadowing ... ok
2026-10-07T01:26:30.4675900Z test low_metadata_cannot_forge_standard_ids_or_implement_registry_functions ... ok
2026-10-07T01:26:30.4678980Z test malformed_standard_imports_do_not_fall_back_to_file_lookup ... ok
2026-10-07T01:26:30.4681980Z test parser_distinguishes_standard_names_from_quoted_files_and_keeps_alias_spans ... ok
2026-10-07T01:26:30.4684950Z test from_list_reuses_existing_conflict_and_same_definition_rules ... ok
2026-10-07T01:26:30.4688300Z test low_metadata_rejects_native_paths_capabilities_and_unimported_canonical_names ... ok
2026-10-07T01:26:30.4691420Z test registered_resources_and_functions_are_separate_from_source_definitions ... ok
2026-10-07T01:26:30.4694360Z test standard_imports_ignore_local_lookalikes_and_unsaved_overlays ... ok
2026-10-07T01:26:30.8787160Z test multiple_from_aliases_keep_registry_identity_in_independently_loaded_low ... ok
2026-10-07T01:26:30.8853660Z test saved_low_keeps_registry_identity_without_standard_source_files ... ok
2026-10-07T01:26:31.0598470Z test repeated_standard_imports_do_not_shift_registry_declaration_lines ... ok
2026-10-07T01:26:31.0599280Z 
2026-10-07T01:26:31.0600160Z test result: ok. 12 passed; 0 failed; 0 ignored; 0 measured; 0 filtered out; finished in 0.70s
2026-10-07T01:26:31.0600950Z 
2026-10-07T01:26:31.0603930Z [1m[92m     Running[0m tests/symbols.rs (target/debug/deps/symbols-7b561baa8f800610)
2026-10-07T01:26:31.0669230Z 
2026-10-07T01:26:31.0707860Z running 21 tests
2026-10-07T01:26:31.1733460Z test editor_input_rejects_invalid_schema_alias_duplicates_and_other_commands ... ok
2026-10-07T01:26:31.6017460Z test actual_symbols_command_resolves_transitive_imports_and_utf16_columns ... ok
2026-10-07T01:26:31.6126930Z test expression_ranges_cover_multiline_receivers_and_do_not_unwrap_results ... ok
2026-10-07T01:26:31.6318190Z test editor_buffers_update_imported_and_low_signatures_without_writing_files ... ok
2026-10-07T01:26:32.0743520Z test duplicate_let_and_case_bindings_cannot_replace_an_outer_definition ... ok
2026-10-07T01:26:32.1335380Z test imported_and_native_types_use_unsaved_buffers_and_utf16_ranges ... ok
2026-10-07T01:26:32.2118520Z test failed_iterator_mutation_does_not_leak_a_loan_or_move_into_editor_types ... ok
2026-10-07T01:26:32.3122310Z test inferred_locals_parameters_and_loop_bindings_obey_exact_scopes ... ok
2026-10-07T01:26:32.6235840Z test invalid_signatures_do_not_generate_guessed_local_types ... ok
2026-10-07T01:26:32.6657440Z test local_call_and_function_value_navigation_use_the_resolved_binding ... ok
2026-10-07T01:26:32.7627160Z test local_navigation_preserves_binding_identity_across_reassignments_and_scopes ... ok
2026-10-07T01:26:33.1704070Z test low_records_replacements_and_same_line_bindings_keep_their_source_positions ... ok
2026-10-07T01:26:33.2009140Z test match_payloads_and_child_locals_do_not_escape_their_arm ... ok
2026-10-07T01:26:33.3572960Z test moved_values_and_scope_locals_have_no_later_inferred_type ... ok
2026-10-07T01:26:33.7061280Z test native_low_symbols_and_calls_inside_match_keep_original_files ... ok
2026-10-07T01:26:34.0191340Z test navigation_resolves_case_and_scope_bindings_without_leaking_them ... ok
2026-10-07T01:26:34.5233970Z test navigation_uses_unsaved_import_and_low_replacement_positions_in_utf16 ... ok
2026-10-07T01:26:34.5236170Z test navigation_is_available_after_moves_and_invalid_types_but_not_before_binding ... ok
2026-10-07T01:26:34.7036550Z test local_function_value_uses_have_hover_types_without_replacing_global_signatures ... ok
2026-10-07T01:26:34.7443000Z test partial_moves_do_not_infer_invalid_bindings_or_hide_unmoved_fields ... ok
2026-10-07T01:26:35.0484830Z test symbols_work_despite_type_errors_and_distinguish_fields_locals_and_calls ... ok
2026-10-07T01:26:35.0485850Z 
2026-10-07T01:26:35.0486980Z test result: ok. 21 passed; 0 failed; 0 ignored; 0 measured; 0 filtered out; finished in 3.98s
2026-10-07T01:26:35.0487870Z 
2026-10-07T01:26:35.0493240Z [1m[92m     Running[0m tests/typed_errors.rs (target/debug/deps/typed_errors-245066e7894fe2bd)
2026-10-07T01:26:35.0564250Z 
2026-10-07T01:26:35.0578130Z running 15 tests
2026-10-07T01:26:35.1549610Z test diagnostic_cause_containers_are_rejected_by_json_serialization ... ok
2026-10-07T01:26:35.1555930Z test direct_parser_builtin_enum_names_require_canonical_source_loading ... ok
2026-10-07T01:26:37.6248920Z test async_custom_errors_propagate_the_same_enum_through_await_and_try ... ok
2026-10-07T01:26:37.7692150Z test enum_constructors_reject_unknown_variants_wrong_arity_and_wrong_payload_types ... ok
2026-10-07T01:26:37.8925970Z test enum_matches_require_exhaustive_unique_matching_variants_and_payload_bindings ... ok
2026-10-07T01:26:37.9631110Z test enum_payload_moves_and_borrowed_views_cannot_escape_match_arms ... ok
2026-10-07T01:26:38.9310020Z test builtin_error_causes_survive_wrapping_without_json_or_database_requirements ... ok
2026-10-07T01:26:39.0256330Z test fail_and_try_reject_implicit_conversion_between_custom_error_types ... ok
2026-10-07T01:26:40.3695430Z test class_errors_keep_context_nested_results_same_error_try_and_explicit_conversion ... ok
2026-10-07T01:27:03.0967670Z test entry_result_errors_keep_exit_status_through_owned_wrappers_and_async_saved_low ... ok
2026-10-07T01:27:03.1856800Z test same_named_module_enums_are_distinct_error_types_for_try_and_patterns ... ok
2026-10-07T01:27:04.5298520Z test enums_construct_match_owned_payloads_and_preserve_copy_variants ... ok
2026-10-07T01:27:05.6945820Z test file_loaded_builtin_spelled_enums_keep_literal_types_and_variant_identity ... ok
2026-10-07T01:27:06.9427450Z test module_aliases_share_enum_error_identity_and_keep_qualified_variants ... ok
2026-10-07T01:27:10.9786680Z test scope_enum_conversion_requires_the_explicit_rust_bridge_and_keeps_the_owned_cause ... ok
2026-10-07T01:27:10.9787710Z 
2026-10-07T01:27:10.9790010Z test result: ok. 15 passed; 0 failed; 0 ignored; 0 measured; 0 filtered out; finished in 35.92s
2026-10-07T01:27:10.9790980Z 
2026-10-07T01:27:10.9793810Z [1m[92m     Running[0m tests/view_iteration.rs (target/debug/deps/view_iteration-b28849b569d2d43f)
2026-10-07T01:27:10.9857230Z 
2026-10-07T01:27:10.9861690Z running 3 tests
2026-10-07T01:27:10.9885460Z test string_views_reject_iteration_and_numeric_indexing_in_high_and_low ... ok
2026-10-07T01:27:11.0033870Z test native_resource_views_still_reject_iteration ... ok
2026-10-07T01:27:11.6466460Z test byte_views_use_u8_and_preserve_nested_views_and_owned_element_slices ... ok
2026-10-07T01:27:11.6467530Z 
2026-10-07T01:27:11.6468460Z test result: ok. 3 passed; 0 failed; 0 ignored; 0 measured; 0 filtered out; finished in 0.66s
2026-10-07T01:27:11.6469570Z 
2026-10-07T01:27:11.6471330Z [1m[92m     Running[0m tests/view_parameter_rebinding.rs (target/debug/deps/view_parameter_rebinding-cd3368de5b7fa6de)
2026-10-07T01:27:11.6540130Z 
2026-10-07T01:27:11.6573870Z running 5 tests
2026-10-07T01:27:11.6579390Z test local_borrows_still_cannot_escape_through_reassigned_parameters ... ok
2026-10-07T01:27:11.6583530Z test rebinding_is_synthetic_and_does_not_change_signatures_or_extern_wrappers ... ok
2026-10-07T01:27:12.4869080Z test local_parameter_updates_compile_and_run_in_high_and_saved_low ... ok
2026-10-07T01:27:12.8690560Z test owning_parameters_keep_their_drop_order_when_a_view_container_is_rebound ... ok
2026-10-07T01:27:13.3586150Z test views_of_owned_record_fields_can_be_used_locally_through_parameters ... ok
2026-10-07T01:27:13.3587270Z 
2026-10-07T01:27:13.3590870Z test result: ok. 5 passed; 0 failed; 0 ignored; 0 measured; 0 filtered out; finished in 1.70s
2026-10-07T01:27:13.3591890Z 
2026-10-07T01:27:13.3714590Z ##[group]Run node --test editors/vscode-nagi/test/*.test.js scripts/test_graph_html_viewport.mjs
2026-10-07T01:27:13.3716290Z [36;1mnode --test editors/vscode-nagi/test/*.test.js scripts/test_graph_html_viewport.mjs[0m
2026-10-07T01:27:13.3822960Z shell: /bin/bash --noprofile --norc -e -o pipefail {0}
2026-10-07T01:27:13.3823670Z env:
2026-10-07T01:27:13.3824300Z   NAGI_FAILURE_DIR: /Users/runner/work/Nagi/Nagi/build/compiler-failures
2026-10-07T01:27:13.3825160Z   CARGO_HOME: /Users/runner/.cargo
2026-10-07T01:27:13.3825710Z   CARGO_INCREMENTAL: 0
2026-10-07T01:27:13.3826180Z   CARGO_TERM_COLOR: always
2026-10-07T01:27:13.3826890Z   pythonLocation: /Users/runner/hostedtoolcache/Python/3.12.10/x64
2026-10-07T01:27:13.3827990Z   PKG_CONFIG_PATH: /Users/runner/hostedtoolcache/Python/3.12.10/x64/lib/pkgconfig
2026-10-07T01:27:13.3829110Z   Python_ROOT_DIR: /Users/runner/hostedtoolcache/Python/3.12.10/x64
2026-10-07T01:27:13.3830140Z   Python2_ROOT_DIR: /Users/runner/hostedtoolcache/Python/3.12.10/x64
2026-10-07T01:27:13.3831140Z   Python3_ROOT_DIR: /Users/runner/hostedtoolcache/Python/3.12.10/x64
2026-10-07T01:27:13.3832010Z ##[endgroup]
2026-10-07T01:27:13.5526070Z TAP version 13
2026-10-07T01:27:13.7138380Z # Subtest: Actor and Turn snippets preserve all three registered type parameters
2026-10-07T01:27:13.7158660Z ok 1 - Actor and Turn snippets preserve all three registered type parameters
2026-10-07T01:27:13.7162020Z   ---
2026-10-07T01:27:13.7164240Z   duration_ms: 4.465751
2026-10-07T01:27:13.7166900Z   type: 'test'
2026-10-07T01:27:13.7168950Z   ...
2026-10-07T01:27:13.7171620Z # Subtest: same-name standard options retain their owning namespace and return type
2026-10-07T01:27:13.7175240Z ok 2 - same-name standard options retain their owning namespace and return type
2026-10-07T01:27:13.7182000Z   ---
2026-10-07T01:27:13.7186010Z   duration_ms: 1.817349
2026-10-07T01:27:13.7189030Z   type: 'test'
2026-10-07T01:27:13.7191950Z   ...
2026-10-07T01:27:13.7195790Z # Subtest: both module catalogs complete imports without merging their members
2026-10-07T01:27:13.7200380Z ok 3 - both module catalogs complete imports without merging their members
2026-10-07T01:27:13.7203970Z   ---
2026-10-07T01:27:13.7206880Z   duration_ms: 2.177127
2026-10-07T01:27:13.7209910Z   type: 'test'
2026-10-07T01:27:13.7212840Z   ...
2026-10-07T01:27:15.5320240Z # Subtest: real nagi actor symbols separate modules and preserve three-parameter handles
2026-10-07T01:27:15.5323490Z ok 4 - real nagi actor symbols separate modules and preserve three-parameter handles
2026-10-07T01:27:15.5325510Z   ---
2026-10-07T01:27:15.5327300Z   duration_ms: 1875.643312
2026-10-07T01:27:15.5329230Z   type: 'test'
2026-10-07T01:27:15.5331000Z   ...
2026-10-07T01:27:17.0566450Z # Subtest: real low actor symbols separate modules and preserve three-parameter handles
2026-10-07T01:27:17.0569900Z ok 5 - real low actor symbols separate modules and preserve three-parameter handles
2026-10-07T01:27:17.0571840Z   ---
2026-10-07T01:27:17.0575120Z   duration_ms: 1524.589563
2026-10-07T01:27:17.0576910Z   type: 'test'
2026-10-07T01:27:17.0578370Z   ...
2026-10-07T01:27:17.5920650Z # Subtest: unsaved actor dependency constants keep their own source without writing or building
2026-10-07T01:27:17.5936490Z ok 6 - unsaved actor dependency constants keep their own source without writing or building
2026-10-07T01:27:17.5939180Z   ---
2026-10-07T01:27:17.5940690Z   duration_ms: 540.446299
2026-10-07T01:27:17.5942650Z   type: 'test'
2026-10-07T01:27:17.5944300Z   ...
2026-10-07T01:27:17.6272970Z # Subtest: nagi borrowed loop locals keep their declared type and bare insertion
2026-10-07T01:27:17.6515250Z ok 7 - nagi borrowed loop locals keep their declared type and bare insertion
2026-10-07T01:27:17.6517830Z   ---
2026-10-07T01:27:17.6519940Z   duration_ms: 12.852491
2026-10-07T01:27:17.6522150Z   type: 'test'
2026-10-07T01:27:17.6524250Z   ...
2026-10-07T01:27:17.6526980Z # Subtest: nagi owned and read-only-only locals retain their existing presentation
2026-10-07T01:27:17.6531400Z ok 8 - nagi owned and read-only-only locals retain their existing presentation
2026-10-07T01:27:17.6534060Z   ---
2026-10-07T01:27:17.6536150Z   duration_ms: 1.149953
2026-10-07T01:27:17.6538330Z   type: 'test'
2026-10-07T01:27:17.6540390Z   ...
2026-10-07T01:27:17.6543160Z # Subtest: nagi borrowed receiver fields preserve the compiler read-only contract
2026-10-07T01:27:17.6546540Z ok 9 - nagi borrowed receiver fields preserve the compiler read-only contract
2026-10-07T01:27:17.6549150Z   ---
2026-10-07T01:27:17.6551250Z   duration_ms: 2.053749
2026-10-07T01:27:17.6553360Z   type: 'test'
2026-10-07T01:27:17.6555430Z   ...
2026-10-07T01:27:17.6558110Z # Subtest: low borrowed loop locals keep their declared type and bare insertion
2026-10-07T01:27:17.6561290Z ok 10 - low borrowed loop locals keep their declared type and bare insertion
2026-10-07T01:27:17.6563870Z   ---
2026-10-07T01:27:17.6565940Z   duration_ms: 2.411522
2026-10-07T01:27:17.6568120Z   type: 'test'
2026-10-07T01:27:17.6570210Z   ...
2026-10-07T01:27:17.6573000Z # Subtest: low owned and read-only-only locals retain their existing presentation
2026-10-07T01:27:17.6590690Z ok 11 - low owned and read-only-only locals retain their existing presentation
2026-10-07T01:27:17.6593590Z   ---
2026-10-07T01:27:17.6598210Z   duration_ms: 1.674003
2026-10-07T01:27:17.6600430Z   type: 'test'
2026-10-07T01:27:17.6603730Z   ...
2026-10-07T01:27:17.6606750Z # Subtest: low borrowed receiver fields preserve the compiler read-only contract
2026-10-07T01:27:17.6610220Z ok 12 - low borrowed receiver fields preserve the compiler read-only contract
2026-10-07T01:27:17.6613030Z   ---
2026-10-07T01:27:17.6615300Z   duration_ms: 1.22369
2026-10-07T01:27:17.6617620Z   type: 'test'
2026-10-07T01:27:17.6619930Z   ...
2026-10-07T01:27:17.6622980Z # Subtest: Windows diagnostics preserve the drive and convert to zero-based line
2026-10-07T01:27:17.6627320Z ok 13 - Windows diagnostics preserve the drive and convert to zero-based line
2026-10-07T01:27:17.6630150Z   ---
2026-10-07T01:27:17.6632710Z   duration_ms: 2.39879
2026-10-07T01:27:17.6634210Z   type: 'test'
2026-10-07T01:27:17.6636100Z   ...
2026-10-07T01:27:17.6639590Z # Subtest: symbol positions use UTF-16 ranges and exclude whitespace and other files
2026-10-07T01:27:17.6643320Z ok 14 - symbol positions use UTF-16 ranges and exclude whitespace and other files
2026-10-07T01:27:17.6646360Z   ---
2026-10-07T01:27:17.6655960Z   duration_ms: 1.702198
2026-10-07T01:27:17.6657780Z   type: 'test'
2026-10-07T01:27:17.6659420Z   ...
2026-10-07T01:27:17.6661760Z # Subtest: Low integration errors and process errors have usable fallback locations
2026-10-07T01:27:17.6664720Z ok 15 - Low integration errors and process errors have usable fallback locations
2026-10-07T01:27:17.6667040Z   ---
2026-10-07T01:27:17.6687310Z   duration_ms: 0.393961
2026-10-07T01:27:17.6692000Z   type: 'test'
2026-10-07T01:27:17.6693650Z   ...
2026-10-07T01:27:17.6695890Z # Subtest: Rust arguments remain separate and long Windows paths normalize
2026-10-07T01:27:17.6698580Z ok 16 - Rust arguments remain separate and long Windows paths normalize
2026-10-07T01:27:17.6700790Z   ---
2026-10-07T01:27:17.6702390Z   duration_ms: 0.312672
2026-10-07T01:27:17.6703990Z   type: 'test'
2026-10-07T01:27:17.6705900Z   ...
2026-10-07T01:27:17.6708320Z # Subtest: diagnostic file identities resolve symlinks and Windows path spelling
2026-10-07T01:27:17.6711230Z ok 17 - diagnostic file identities resolve symlinks and Windows path spelling
2026-10-07T01:27:17.6713280Z   ---
2026-10-07T01:27:17.6714840Z   duration_ms: 3.475302
2026-10-07T01:27:17.6716510Z   type: 'test'
2026-10-07T01:27:17.6718000Z   ...
2026-10-07T01:27:17.6720290Z # Subtest: task matcher accepts Nagi frontend and mapped backend positions only
2026-10-07T01:27:17.6723040Z ok 18 - task matcher accepts Nagi frontend and mapped backend positions only
2026-10-07T01:27:17.6725270Z   ---
2026-10-07T01:27:17.6726840Z   duration_ms: 1.379875
2026-10-07T01:27:17.6728580Z   type: 'test'
2026-10-07T01:27:17.6731120Z   ...
2026-10-07T01:27:17.6733730Z # Subtest: files and native paths are individual arguments with isolated check output
2026-10-07T01:27:17.6736740Z ok 19 - files and native paths are individual arguments with isolated check output
2026-10-07T01:27:17.6738950Z   ---
2026-10-07T01:27:17.6740460Z   duration_ms: 1.802795
2026-10-07T01:27:17.6741980Z   type: 'test'
2026-10-07T01:27:17.6743550Z   ...
2026-10-07T01:27:17.6745730Z # Subtest: configured compiler paths are workspace relative; PATH remains a fallback
2026-10-07T01:27:17.6748520Z ok 20 - configured compiler paths are workspace relative; PATH remains a fallback
2026-10-07T01:27:17.6751150Z   ---
2026-10-07T01:27:17.6752870Z   duration_ms: 0.589327
2026-10-07T01:27:17.6754410Z   type: 'test'
2026-10-07T01:27:17.6755880Z   ...
2026-10-07T01:27:17.6758030Z # Subtest: compiler execution does not interpret shell metacharacters
2026-10-07T01:27:17.6760470Z ok 21 - compiler execution does not interpret shell metacharacters
2026-10-07T01:27:17.6762370Z   ---
2026-10-07T01:27:17.6763840Z   duration_ms: 105.423544
2026-10-07T01:27:17.6765420Z   type: 'test'
2026-10-07T01:27:17.6766950Z   ...
2026-10-07T01:27:17.6768740Z # Subtest: real Nagi checker diagnoses a source error
2026-10-07T01:27:17.6770810Z ok 22 - real Nagi checker diagnoses a source error
2026-10-07T01:27:17.6772550Z   ---
2026-10-07T01:27:17.6774030Z   duration_ms: 10.821818
2026-10-07T01:27:17.6775640Z   type: 'test'
2026-10-07T01:27:17.6777090Z   ...
2026-10-07T01:27:17.6778970Z # Subtest: missing compiler is reported as an execution problem
2026-10-07T01:27:17.6781540Z ok 23 - missing compiler is reported as an execution problem
2026-10-07T01:27:17.6783340Z   ---
2026-10-07T01:27:17.6784910Z   duration_ms: 8.653632
2026-10-07T01:27:17.6786420Z   type: 'test'
2026-10-07T01:27:17.6787910Z   ...
2026-10-07T01:27:17.6790760Z # Subtest: timed out checker is reported as an execution problem
2026-10-07T01:27:17.6793080Z ok 24 - timed out checker is reported as an execution problem
2026-10-07T01:27:17.6794960Z   ---
2026-10-07T01:27:17.6796440Z   duration_ms: 258.880172
2026-10-07T01:27:17.6798000Z   type: 'test'
2026-10-07T01:27:17.6799560Z   ...
2026-10-07T01:27:17.6801850Z # Subtest: nearest manifest wins and project arguments delegate entry selection to nagic
2026-10-07T01:27:17.6804680Z ok 25 - nearest manifest wins and project arguments delegate entry selection to nagic
2026-10-07T01:27:17.6806700Z   ---
2026-10-07T01:27:17.6808170Z   duration_ms: 2.251219
2026-10-07T01:27:17.6809700Z   type: 'test'
2026-10-07T01:27:17.6811170Z   ...
2026-10-07T01:27:17.6813510Z # Subtest: real checker resolves a helper through its manifest entry rather than checking it alone
2026-10-07T01:27:17.6817100Z ok 26 - real checker resolves a helper through its manifest entry rather than checking it alone
2026-10-07T01:27:17.6819430Z   ---
2026-10-07T01:27:17.6821100Z   duration_ms: 18.705439
2026-10-07T01:27:17.6822850Z   type: 'test'
2026-10-07T01:27:17.6824540Z   ...
2026-10-07T01:27:17.6826870Z # Subtest: real symbol query navigates from a helper to its entry-defined function
2026-10-07T01:27:17.6830120Z ok 27 - real symbol query navigates from a helper to its entry-defined function
2026-10-07T01:27:17.6832350Z   ---
2026-10-07T01:27:17.6834080Z   duration_ms: 453.702809
2026-10-07T01:27:17.6836410Z   type: 'test'
2026-10-07T01:27:17.6838070Z   ...
2026-10-07T01:27:17.6840520Z # Subtest: enum completion includes own/imported type namespaces and never bare variants
2026-10-07T01:27:17.6843510Z ok 28 - enum completion includes own/imported type namespaces and never bare variants
2026-10-07T01:27:17.6845730Z   ---
2026-10-07T01:27:17.6852050Z   duration_ms: 11.085592
2026-10-07T01:27:17.6855470Z   type: 'test'
2026-10-07T01:27:17.6857290Z   ...
2026-10-07T01:27:17.6859810Z # Subtest: enum type positions offer enum types and exclude variant values
2026-10-07T01:27:17.6862450Z ok 29 - enum type positions offer enum types and exclude variant values
2026-10-07T01:27:17.6864330Z   ---
2026-10-07T01:27:17.6866400Z   duration_ms: 2.38476
2026-10-07T01:27:17.6867900Z   type: 'test'
2026-10-07T01:27:17.6869360Z   ...
2026-10-07T01:27:17.6872210Z # Subtest: unit/payload variant hover and payload signatures preserve alias-qualified spelling
2026-10-07T01:27:17.6879020Z ok 30 - unit/payload variant hover and payload signatures preserve alias-qualified spelling
2026-10-07T01:27:17.6882050Z   ---
2026-10-07T01:27:17.6884920Z   duration_ms: 3.618657
2026-10-07T01:27:17.6886510Z   type: 'test'
2026-10-07T01:27:17.6887890Z   ...
2026-10-07T01:27:17.6890170Z # Subtest: nested variant declaration references resolve hover and F12 without exporting names
2026-10-07T01:27:17.6893060Z ok 31 - nested variant declaration references resolve hover and F12 without exporting names
2026-10-07T01:27:17.6895690Z   ---
2026-10-07T01:27:17.6897100Z   duration_ms: 1.430991
2026-10-07T01:27:17.6898590Z   type: 'test'
2026-10-07T01:27:17.6899960Z   ...
2026-10-07T01:27:17.6901990Z # Subtest: lexical values that shadow enum/module roots suppress type namespaces
2026-10-07T01:27:17.6990830Z ok 32 - lexical values that shadow enum/module roots suppress type namespaces
2026-10-07T01:27:17.6993340Z   ---
2026-10-07T01:27:17.6995330Z   duration_ms: 4.930945
2026-10-07T01:27:17.6997370Z   type: 'test'
2026-10-07T01:27:17.6999340Z   ...
2026-10-07T01:27:17.7001990Z # Subtest: typed failure help exposes an error value without requiring builtin Error
2026-10-07T01:27:17.7005260Z ok 33 - typed failure help exposes an error value without requiring builtin Error
2026-10-07T01:27:17.7013570Z   ---
2026-10-07T01:27:17.7015260Z   duration_ms: 0.703532
2026-10-07T01:27:17.7017450Z   type: 'test'
2026-10-07T01:27:17.7019180Z   ...
2026-10-07T01:27:17.7021720Z # Subtest: Result patterns have completion hover and argument help only after case
2026-10-07T01:27:17.7024880Z ok 34 - Result patterns have completion hover and argument help only after case
2026-10-07T01:27:17.7028410Z   ---
2026-10-07T01:27:17.7030290Z   duration_ms: 1.342694
2026-10-07T01:27:17.7032110Z   type: 'test'
2026-10-07T01:27:17.7033820Z   ...
2026-10-07T01:27:17.7036380Z # Subtest: real nagi enum symbols preserve aliases, payload help and declaration targets
2026-10-07T01:27:17.7039600Z ok 35 - real nagi enum symbols preserve aliases, payload help and declaration targets
2026-10-07T01:27:17.7042420Z   ---
2026-10-07T01:27:17.7044530Z   duration_ms: 401.182953
2026-10-07T01:27:17.7046830Z   type: 'test'
2026-10-07T01:27:17.7050680Z   ...
2026-10-07T01:27:17.7055020Z # Subtest: real low enum symbols preserve aliases, payload help and declaration targets
2026-10-07T01:27:17.7058440Z ok 36 - real low enum symbols preserve aliases, payload help and declaration targets
2026-10-07T01:27:17.7061200Z   ---
2026-10-07T01:27:17.7063320Z   duration_ms: 377.566466
2026-10-07T01:27:17.7065680Z   type: 'test'
2026-10-07T01:27:17.7067750Z   ...
2026-10-07T01:27:17.7070680Z # Subtest: unsaved enum changes update payloads and F12 without writing source or building
2026-10-07T01:27:17.7074480Z ok 37 - unsaved enum changes update payloads and F12 without writing source or building
2026-10-07T01:27:17.7076210Z   ---
2026-10-07T01:27:17.7077780Z   duration_ms: 374.437854
2026-10-07T01:27:17.7079670Z   type: 'test'
2026-10-07T01:27:17.7081080Z   ...
2026-10-07T01:27:17.7084120Z # Subtest: hover preserves declared async/nullable types and class fields but skips locals, members and comments
2026-10-07T01:27:17.7088550Z ok 38 - hover preserves declared async/nullable types and class fields but skips locals, members and comments
2026-10-07T01:27:17.7090760Z   ---
2026-10-07T01:27:17.7092130Z   duration_ms: 4.521254
2026-10-07T01:27:17.7093710Z   type: 'test'
2026-10-07T01:27:17.7095130Z   ...
2026-10-07T01:27:17.7097730Z # Subtest: completion works on incomplete prefixes and inserts positional calls or named class fields
2026-10-07T01:27:17.7115220Z ok 39 - completion works on incomplete prefixes and inserts positional calls or named class fields
2026-10-07T01:27:17.7117560Z   ---
2026-10-07T01:27:17.7119180Z   duration_ms: 2.271795
2026-10-07T01:27:17.7122380Z   type: 'test'
2026-10-07T01:27:17.7126320Z   ...
2026-10-07T01:27:17.7128540Z # Subtest: type positions offer classes and type constructors rather than value calls
2026-10-07T01:27:17.7132250Z ok 40 - type positions offer classes and type constructors rather than value calls
2026-10-07T01:27:17.7134190Z   ---
2026-10-07T01:27:17.7135560Z   duration_ms: 4.147532
2026-10-07T01:27:17.7136990Z   type: 'test'
2026-10-07T01:27:17.7138360Z   ...
2026-10-07T01:27:17.7140500Z # Subtest: a class named Future completes as its declared type rather than a generic builtin
2026-10-07T01:27:17.7143230Z ok 41 - a class named Future completes as its declared type rather than a generic builtin
2026-10-07T01:27:17.7145170Z   ---
2026-10-07T01:27:17.7146540Z   duration_ms: 0.623318
2026-10-07T01:27:17.7147980Z   type: 'test'
2026-10-07T01:27:17.7149360Z   ...
2026-10-07T01:27:17.7157930Z # Subtest: signature argument tracking ignores nested calls, strings, arrays and generic arguments
2026-10-07T01:27:17.7163060Z ok 42 - signature argument tracking ignores nested calls, strings, arrays and generic arguments
2026-10-07T01:27:17.7164370Z   ---
2026-10-07T01:27:17.7164890Z   duration_ms: 1.95436
2026-10-07T01:27:17.7165490Z   type: 'test'
2026-10-07T01:27:17.7165930Z   ...
2026-10-07T01:27:17.7167310Z # Subtest: local hovers use the exact UTF-16 occurrence and file rather than a shared name
2026-10-07T01:27:17.7169700Z ok 43 - local hovers use the exact UTF-16 occurrence and file rather than a shared name
2026-10-07T01:27:17.7170990Z   ---
2026-10-07T01:27:17.7171520Z   duration_ms: 1.753835
2026-10-07T01:27:17.7172100Z   type: 'test'
2026-10-07T01:27:17.7172700Z   ...
2026-10-07T01:27:17.7174470Z # Subtest: member analysis masks just the edited member and preserves UTF-16 and CRLF positions
2026-10-07T01:27:17.7176940Z ok 44 - member analysis masks just the edited member and preserves UTF-16 and CRLF positions
2026-10-07T01:27:17.7178840Z   ---
2026-10-07T01:27:17.7179280Z   duration_ms: 0.278076
2026-10-07T01:27:17.7179890Z   type: 'test'
2026-10-07T01:27:17.7180430Z   ...
2026-10-07T01:27:17.7182170Z # Subtest: field candidates come from the receiver occurrence and never from saved or other-file types
2026-10-07T01:27:17.7184490Z ok 45 - field candidates come from the receiver occurrence and never from saved or other-file types
2026-10-07T01:27:17.7185610Z   ---
2026-10-07T01:27:17.7186040Z   duration_ms: 1.024646
2026-10-07T01:27:17.7186540Z   type: 'test'
2026-10-07T01:27:17.7186970Z   ...
2026-10-07T01:27:17.7188140Z # Subtest: a trailing member binds inside try/await unless the receiver is parenthesized
2026-10-07T01:27:17.7190090Z ok 46 - a trailing member binds inside try/await unless the receiver is parenthesized
2026-10-07T01:27:17.7191210Z   ---
2026-10-07T01:27:17.7191650Z   duration_ms: 0.712488
2026-10-07T01:27:17.7192150Z   type: 'test'
2026-10-07T01:27:17.7192610Z   ...
2026-10-07T01:27:17.7193810Z # Subtest: builtin completion catalog matches compiler arities and required type arguments
2026-10-07T01:27:17.7195730Z ok 47 - builtin completion catalog matches compiler arities and required type arguments
2026-10-07T01:27:17.7196980Z   ---
2026-10-07T01:27:17.7197600Z   duration_ms: 4.16301
2026-10-07T01:27:17.7198430Z   type: 'test'
2026-10-07T01:27:17.7204190Z   ...
2026-10-07T01:27:17.7207440Z # Subtest: builtin help preserves conversion, SQLite, async and callback contracts
2026-10-07T01:27:17.7211400Z ok 48 - builtin help preserves conversion, SQLite, async and callback contracts
2026-10-07T01:27:17.7217720Z   ---
2026-10-07T01:27:17.7219300Z   duration_ms: 0.541499
2026-10-07T01:27:17.7220930Z   type: 'test'
2026-10-07T01:27:17.7222360Z   ...
2026-10-07T01:27:17.7224590Z # Subtest: function and nullable types complete inside all supported generic builtin contexts
2026-10-07T01:27:17.7226590Z ok 49 - function and nullable types complete inside all supported generic builtin contexts
2026-10-07T01:27:17.7229490Z   ---
2026-10-07T01:27:17.7230940Z   duration_ms: 0.816547
2026-10-07T01:27:17.7232510Z   type: 'test'
2026-10-07T01:27:17.7234660Z   ...
2026-10-07T01:27:17.7237550Z # Subtest: completion preserves existing generic arguments and call parentheses
2026-10-07T01:27:17.7240180Z ok 50 - completion preserves existing generic arguments and call parentheses
2026-10-07T01:27:17.7242060Z   ---
2026-10-07T01:27:17.7243460Z   duration_ms: 0.458385
2026-10-07T01:27:17.7244930Z   type: 'test'
2026-10-07T01:27:17.7246320Z   ...
2026-10-07T01:27:17.7248880Z # Subtest: unindented Low fn, record and enum bodies keep their closing braces visible
2026-10-07T01:27:17.7252660Z ok 51 - unindented Low fn, record and enum bodies keep their closing braces visible
2026-10-07T01:27:17.7254840Z   ---
2026-10-07T01:27:17.7256240Z   duration_ms: 4.157516
2026-10-07T01:27:17.7257700Z   type: 'test'
2026-10-07T01:27:17.7259080Z   ...
2026-10-07T01:27:17.7261080Z # Subtest: nested match, case, scope and branch bodies fold at each opening line
2026-10-07T01:27:17.7264010Z ok 52 - nested match, case, scope and branch bodies fold at each opening line
2026-10-07T01:27:17.7266000Z   ---
2026-10-07T01:27:17.7267510Z   duration_ms: 0.596396
2026-10-07T01:27:17.7269210Z   type: 'test'
2026-10-07T01:27:17.7270720Z   ...
2026-10-07T01:27:17.7272870Z # Subtest: multiline fn and async fn draft headers join their body in one fold
2026-10-07T01:27:17.7275460Z ok 53 - multiline fn and async fn draft headers join their body in one fold
2026-10-07T01:27:17.7277500Z   ---
2026-10-07T01:27:17.7279050Z   duration_ms: 0.508232
2026-10-07T01:27:17.7280640Z   type: 'test'
2026-10-07T01:27:17.7282190Z   ...
2026-10-07T01:27:17.7284100Z # Subtest: strings and comments do not create or close folds
2026-10-07T01:27:17.7286390Z ok 54 - strings and comments do not create or close folds
2026-10-07T01:27:17.7300940Z   ---
2026-10-07T01:27:17.7303300Z   duration_ms: 0.44781
2026-10-07T01:27:17.7306620Z   type: 'test'
2026-10-07T01:27:17.7309400Z   ...
2026-10-07T01:27:17.7340020Z # Subtest: crossed, stray and unclosed delimiters cannot invent brace folds
2026-10-07T01:27:17.7343870Z ok 55 - crossed, stray and unclosed delimiters cannot invent brace folds
2026-10-07T01:27:17.7350700Z   ---
2026-10-07T01:27:17.7353150Z   duration_ms: 0.5327
2026-10-07T01:27:17.7355520Z   type: 'test'
2026-10-07T01:27:17.7357590Z   ...
2026-10-07T01:27:17.7360580Z # Subtest: matched call and list continuations guard bodies without separate folds
2026-10-07T01:27:17.7364790Z ok 56 - matched call and list continuations guard bodies without separate folds
2026-10-07T01:27:17.7367860Z   ---
2026-10-07T01:27:17.7369570Z   duration_ms: 0.371926
2026-10-07T01:27:17.7371500Z   type: 'test'
2026-10-07T01:27:17.7373100Z   ...
2026-10-07T01:27:17.7375460Z # Subtest: completed declarations and unrelated lines do not donate a header to another body
2026-10-07T01:27:17.7378880Z ok 57 - completed declarations and unrelated lines do not donate a header to another body
2026-10-07T01:27:17.7381810Z   ---
2026-10-07T01:27:17.7383910Z   duration_ms: 0.517025
2026-10-07T01:27:17.7386080Z   type: 'test'
2026-10-07T01:27:17.7387760Z   ...
2026-10-07T01:27:17.7390080Z # Subtest: single-line and empty bodies are omitted and each start line has one fold
2026-10-07T01:27:17.7392880Z ok 58 - single-line and empty bodies are omitted and each start line has one fold
2026-10-07T01:27:17.7395500Z   ---
2026-10-07T01:27:17.7397140Z   duration_ms: 1.720585
2026-10-07T01:27:17.7398780Z   type: 'test'
2026-10-07T01:27:17.7400320Z   ...
2026-10-07T01:27:17.7408240Z # Subtest: inline closing braces fold the final statement while delimiter-only closers stay visible
2026-10-07T01:27:17.7411820Z ok 59 - inline closing braces fold the final statement while delimiter-only closers stay visible
2026-10-07T01:27:17.7414460Z   ---
2026-10-07T01:27:17.7416520Z   duration_ms: 0.681221
2026-10-07T01:27:17.7419220Z   type: 'test'
2026-10-07T01:27:17.7421740Z   ...
2026-10-07T01:27:17.7432630Z # Subtest: High Function snippet defaults compile in their declared context
2026-10-07T01:27:17.7436290Z ok 60 - High Function snippet defaults compile in their declared context
2026-10-07T01:27:17.7438450Z   ---
2026-10-07T01:27:17.7440000Z   duration_ms: 20.824066
2026-10-07T01:27:17.7441640Z   type: 'test'
2026-10-07T01:27:17.7443180Z   ...
2026-10-07T01:27:17.7445270Z # Subtest: High Class snippet defaults compile in their declared context
2026-10-07T01:27:17.7447770Z ok 61 - High Class snippet defaults compile in their declared context
2026-10-07T01:27:17.7449710Z   ---
2026-10-07T01:27:17.7451210Z   duration_ms: 18.598315
2026-10-07T01:27:17.7452790Z   type: 'test'
2026-10-07T01:27:17.7454180Z   ...
2026-10-07T01:27:17.7456080Z # Subtest: High Enum snippet defaults compile in their declared context
2026-10-07T01:27:17.7458400Z ok 62 - High Enum snippet defaults compile in their declared context
2026-10-07T01:27:17.7460160Z   ---
2026-10-07T01:27:17.7461540Z   duration_ms: 17.350816
2026-10-07T01:27:17.7463040Z   type: 'test'
2026-10-07T01:27:17.7465210Z   ...
2026-10-07T01:27:17.7468390Z # Subtest: High Main snippet defaults compile in their declared context
2026-10-07T01:27:17.7472530Z ok 63 - High Main snippet defaults compile in their declared context
2026-10-07T01:27:17.7481840Z   ---
2026-10-07T01:27:17.7484670Z   duration_ms: 13.786303
2026-10-07T01:27:17.7486220Z   type: 'test'
2026-10-07T01:27:17.7487630Z   ...
2026-10-07T01:27:17.7489620Z # Subtest: High Async main snippet defaults compile in their declared context
2026-10-07T01:27:17.7492080Z ok 64 - High Async main snippet defaults compile in their declared context
2026-10-07T01:27:17.7493930Z   ---
2026-10-07T01:27:17.7495320Z   duration_ms: 19.926139
2026-10-07T01:27:17.7496790Z   type: 'test'
2026-10-07T01:27:17.7498170Z   ...
2026-10-07T01:27:17.7500150Z # Subtest: High HTTP server snippet defaults compile in their declared context
2026-10-07T01:27:17.7502640Z ok 65 - High HTTP server snippet defaults compile in their declared context
2026-10-07T01:27:17.7505080Z   ---
2026-10-07T01:27:17.7506480Z   duration_ms: 403.83613
2026-10-07T01:27:17.7507930Z   type: 'test'
2026-10-07T01:27:17.7509310Z   ...
2026-10-07T01:27:17.7511370Z # Subtest: High GET handler snippet defaults compile in their declared context
2026-10-07T01:27:17.7514380Z ok 66 - High GET handler snippet defaults compile in their declared context
2026-10-07T01:27:17.7516230Z   ---
2026-10-07T01:27:17.7517620Z   duration_ms: 25.818894
2026-10-07T01:27:17.7520180Z   type: 'test'
2026-10-07T01:27:17.7521560Z   ...
2026-10-07T01:27:17.7523560Z # Subtest: High POST handler snippet defaults compile in their declared context
2026-10-07T01:27:17.7526050Z ok 67 - High POST handler snippet defaults compile in their declared context
2026-10-07T01:27:17.7527910Z   ---
2026-10-07T01:27:17.7529290Z   duration_ms: 24.749891
2026-10-07T01:27:17.7530710Z   type: 'test'
2026-10-07T01:27:17.7532790Z   ...
2026-10-07T01:27:17.7535270Z # Subtest: High Loop snippet defaults compile in their declared context
2026-10-07T01:27:17.7538110Z ok 68 - High Loop snippet defaults compile in their declared context
2026-10-07T01:27:17.7541230Z   ---
2026-10-07T01:27:17.7543140Z   duration_ms: 12.934363
2026-10-07T01:27:17.7544990Z   type: 'test'
2026-10-07T01:27:17.7546670Z   ...
2026-10-07T01:27:17.7549360Z # Subtest: High Borrowed array snippet defaults compile in their declared context
2026-10-07T01:27:17.7552550Z ok 69 - High Borrowed array snippet defaults compile in their declared context
2026-10-07T01:27:17.7555180Z   ---
2026-10-07T01:27:17.7557020Z   duration_ms: 18.13382
2026-10-07T01:27:17.7558960Z   type: 'test'
2026-10-07T01:27:17.7560640Z   ...
2026-10-07T01:27:17.7563280Z # Subtest: High Result match snippet defaults compile in their declared context
2026-10-07T01:27:17.7567050Z ok 70 - High Result match snippet defaults compile in their declared context
2026-10-07T01:27:17.7569750Z   ---
2026-10-07T01:27:17.7571690Z   duration_ms: 13.424285
2026-10-07T01:27:17.7585350Z   type: 'test'
2026-10-07T01:27:17.7587640Z   ...
2026-10-07T01:27:17.7590680Z # Subtest: High Nullable match snippet defaults compile in their declared context
2026-10-07T01:27:17.7595620Z ok 71 - High Nullable match snippet defaults compile in their declared context
2026-10-07T01:27:17.7598910Z   ---
2026-10-07T01:27:17.7601310Z   duration_ms: 13.150386
2026-10-07T01:27:17.7603760Z   type: 'test'
2026-10-07T01:27:17.7606060Z   ...
2026-10-07T01:27:17.7609240Z # Subtest: real High quoted imports complete class enum and function names without calls
2026-10-07T01:27:17.7613330Z ok 72 - real High quoted imports complete class enum and function names without calls
2026-10-07T01:27:17.7616390Z   ---
2026-10-07T01:27:17.7619110Z   duration_ms: 353.732299
2026-10-07T01:27:17.7621910Z   type: 'test'
2026-10-07T01:27:17.7624380Z   ...
2026-10-07T01:27:17.7627900Z # Subtest: real High quoted imports complete class enum and function names without calls through a directory alias
2026-10-07T01:27:17.7633110Z ok 73 - real High quoted imports complete class enum and function names without calls through a directory alias
2026-10-07T01:27:17.7636990Z   ---
2026-10-07T01:27:17.7638920Z   duration_ms: 342.183437
2026-10-07T01:27:17.7640600Z   type: 'test'
2026-10-07T01:27:17.7642270Z   ...
2026-10-07T01:27:17.7644880Z # Subtest: real Low quoted imports complete class enum and function names without calls
2026-10-07T01:27:17.7648260Z ok 74 - real Low quoted imports complete class enum and function names without calls
2026-10-07T01:27:17.7651160Z   ---
2026-10-07T01:27:17.7653240Z   duration_ms: 307.371865
2026-10-07T01:27:17.7655380Z   type: 'test'
2026-10-07T01:27:17.7657060Z   ...
2026-10-07T01:27:17.7660000Z # Subtest: real Low quoted imports complete class enum and function names without calls through a directory alias
2026-10-07T01:27:17.7663890Z ok 75 - real Low quoted imports complete class enum and function names without calls through a directory alias
2026-10-07T01:27:17.7666980Z   ---
2026-10-07T01:27:17.7668560Z   duration_ms: 453.450086
2026-10-07T01:27:17.7670860Z   type: 'test'
2026-10-07T01:27:17.7672730Z   ...
2026-10-07T01:27:17.7675290Z # Subtest: canonical source aliases share one identity per request and refresh after a symlink changes
2026-10-07T01:27:17.7678430Z ok 76 - canonical source aliases share one identity per request and refresh after a symlink changes
2026-10-07T01:27:17.7680880Z   ---
2026-10-07T01:27:17.7682710Z   duration_ms: 10.166456
2026-10-07T01:27:17.7684410Z   type: 'test'
2026-10-07T01:27:17.7685980Z   ...
2026-10-07T01:27:17.7688700Z # Subtest: standard source identities remain logical IDs without filesystem lookups
2026-10-07T01:27:17.7691880Z ok 77 - standard source identities remain logical IDs without filesystem lookups
2026-10-07T01:27:17.7694000Z   ---
2026-10-07T01:27:17.7695620Z   duration_ms: 2.553353
2026-10-07T01:27:17.7697470Z   type: 'test'
2026-10-07T01:27:17.7699240Z   ...
2026-10-07T01:27:17.7701580Z # Subtest: High block headers indent one level, including main, async, match and case
2026-10-07T01:27:17.7704320Z ok 78 - High block headers indent one level, including main, async, match and case
2026-10-07T01:27:17.7706570Z   ---
2026-10-07T01:27:17.7708580Z   duration_ms: 3.631343
2026-10-07T01:27:17.7710030Z   type: 'test'
2026-10-07T01:27:17.7711350Z   ...
2026-10-07T01:27:17.7713340Z # Subtest: else uses the matching if indentation after nested bodies and comments
2026-10-07T01:27:17.7715800Z ok 79 - else uses the matching if indentation after nested bodies and comments
2026-10-07T01:27:17.7717750Z   ---
2026-10-07T01:27:17.7719180Z   duration_ms: 0.513981
2026-10-07T01:27:17.7720510Z   type: 'test'
2026-10-07T01:27:17.7722040Z   ...
2026-10-07T01:27:17.7723930Z # Subtest: first and following cases align under their nearest match
2026-10-07T01:27:17.7726240Z ok 80 - first and following cases align under their nearest match
2026-10-07T01:27:17.7728040Z   ---
2026-10-07T01:27:17.7729350Z   duration_ms: 1.734586
2026-10-07T01:27:17.7730750Z   type: 'test'
2026-10-07T01:27:17.7732040Z   ...
2026-10-07T01:27:17.7734050Z # Subtest: immediate Enter after else/case aligns the branch and its new body together
2026-10-07T01:27:17.7737420Z ok 81 - immediate Enter after else/case aligns the branch and its new body together
2026-10-07T01:27:17.7739900Z   ---
2026-10-07T01:27:17.7741770Z   duration_ms: 0.267703
2026-10-07T01:27:17.7743220Z   type: 'test'
2026-10-07T01:27:17.7744500Z   ...
2026-10-07T01:27:17.7746420Z # Subtest: explicitly dedented outer branches keep their matching outer block
2026-10-07T01:27:17.7748800Z ok 82 - explicitly dedented outer branches keep their matching outer block
2026-10-07T01:27:17.7750550Z   ---
2026-10-07T01:27:17.7751820Z   duration_ms: 0.374125
2026-10-07T01:27:17.7753170Z   type: 'test'
2026-10-07T01:27:17.7754440Z   ...
2026-10-07T01:27:17.7756470Z # Subtest: multiline case headers move together when colon is typed or Enter cancels it
2026-10-07T01:27:17.7759050Z ok 83 - multiline case headers move together when colon is typed or Enter cancels it
2026-10-07T01:27:17.7760900Z   ---
2026-10-07T01:27:17.7762170Z   duration_ms: 0.249854
2026-10-07T01:27:17.7763540Z   type: 'test'
2026-10-07T01:27:17.7764840Z   ...
2026-10-07T01:27:17.7766840Z # Subtest: multiline calls, lists and nested delimiters indent and align closing lines
2026-10-07T01:27:17.7769410Z ok 84 - multiline calls, lists and nested delimiters indent and align closing lines
2026-10-07T01:27:17.7771220Z   ---
2026-10-07T01:27:17.7772530Z   duration_ms: 0.265542
2026-10-07T01:27:17.7773900Z   type: 'test'
2026-10-07T01:27:17.7775180Z   ...
2026-10-07T01:27:17.7777080Z # Subtest: strings, escapes and comments never create fake blocks or brackets
2026-10-07T01:27:17.7779450Z ok 85 - strings, escapes and comments never create fake blocks or brackets
2026-10-07T01:27:17.7781200Z   ---
2026-10-07T01:27:17.7782600Z   duration_ms: 0.319001
2026-10-07T01:27:17.7784080Z   type: 'test'
2026-10-07T01:27:17.7785340Z   ...
2026-10-07T01:27:17.7787640Z # Subtest: an unfinished string on an earlier line does not disable later indentation
2026-10-07T01:27:17.7790790Z ok 86 - an unfinished string on an earlier line does not disable later indentation
2026-10-07T01:27:17.7792580Z   ---
2026-10-07T01:27:17.7793920Z   duration_ms: 0.581706
2026-10-07T01:27:17.7795240Z   type: 'test'
2026-10-07T01:27:17.7796530Z   ...
2026-10-07T01:27:17.7798390Z # Subtest: indentation respects two spaces, tabs, CRLF and Low brace blocks
2026-10-07T01:27:17.7800690Z ok 87 - indentation respects two spaces, tabs, CRLF and Low brace blocks
2026-10-07T01:27:17.7802440Z   ---
2026-10-07T01:27:17.7803750Z   duration_ms: 0.638094
2026-10-07T01:27:17.7805110Z   type: 'test'
2026-10-07T01:27:17.7806360Z   ...
2026-10-07T01:27:17.7808340Z # Subtest: Low native indentation rules ignore braces in comments and escaped strings
2026-10-07T01:27:17.7810880Z ok 88 - Low native indentation rules ignore braces in comments and escaped strings
2026-10-07T01:27:17.7812690Z   ---
2026-10-07T01:27:17.7813970Z   duration_ms: 0.762661
2026-10-07T01:27:17.7815330Z   type: 'test'
2026-10-07T01:27:17.7816640Z   ...
2026-10-07T01:27:19.0900090Z # Subtest: real checker completes arguments, inferred locals, chains, calls, index receivers and match payloads
2026-10-07T01:27:19.0967630Z ok 89 - real checker completes arguments, inferred locals, chains, calls, index receivers and match payloads
2026-10-07T01:27:19.1037200Z   ---
2026-10-07T01:27:19.1053100Z   duration_ms: 3110.837178
2026-10-07T01:27:19.1118100Z   type: 'test'
2026-10-07T01:27:19.1133980Z   ...
2026-10-07T01:27:21.9340070Z # Subtest: real checker suppresses fields for unknown, moved, out-of-scope and wrapped values
2026-10-07T01:27:21.9343990Z ok 90 - real checker suppresses fields for unknown, moved, out-of-scope and wrapped values
2026-10-07T01:27:21.9346670Z   ---
2026-10-07T01:27:21.9348630Z   duration_ms: 2846.80154
2026-10-07T01:27:21.9350830Z   type: 'test'
2026-10-07T01:27:21.9352840Z   ...
2026-10-07T01:27:22.5468510Z # Subtest: real unsaved High/Low imports supply local hovers and fields with UTF-16 positions
2026-10-07T01:27:22.5470990Z ok 91 - real unsaved High/Low imports supply local hovers and fields with UTF-16 positions
2026-10-07T01:27:22.5472430Z   ---
2026-10-07T01:27:22.5474280Z   duration_ms: 615.37202
2026-10-07T01:27:22.5474880Z   type: 'test'
2026-10-07T01:27:22.5475310Z   ...
2026-10-07T01:27:23.9865420Z # Subtest: real Low completion isolates same-line scopes, restores outer loop variables and handles CRLF
2026-10-07T01:27:23.9884330Z ok 92 - real Low completion isolates same-line scopes, restores outer loop variables and handles CRLF
2026-10-07T01:27:23.9885480Z   ---
2026-10-07T01:27:23.9885900Z   duration_ms: 1436.771664
2026-10-07T01:27:23.9886460Z   type: 'test'
2026-10-07T01:27:23.9886870Z   ...
2026-10-07T01:27:23.9985830Z # Subtest: checked local values replace same-name class and builtin call insertions
2026-10-07T01:27:23.9987430Z ok 93 - checked local values replace same-name class and builtin call insertions
2026-10-07T01:27:23.9988330Z   ---
2026-10-07T01:27:23.9988730Z   duration_ms: 4.907719
2026-10-07T01:27:23.9989230Z   type: 'test'
2026-10-07T01:27:23.9989630Z   ...
2026-10-07T01:27:23.9990720Z # Subtest: lexical references without local types never insert an unrelated global call
2026-10-07T01:27:23.9992370Z ok 94 - lexical references without local types never insert an unrelated global call
2026-10-07T01:27:23.9993300Z   ---
2026-10-07T01:27:23.9993710Z   duration_ms: 0.891193
2026-10-07T01:27:23.9994180Z   type: 'test'
2026-10-07T01:27:23.9994580Z   ...
2026-10-07T01:27:23.9995680Z # Subtest: partial and saved occurrences keep global names without guessing local scopes
2026-10-07T01:27:23.9997320Z ok 95 - partial and saved occurrences keep global names without guessing local scopes
2026-10-07T01:27:23.9998250Z   ---
2026-10-07T01:27:23.9998650Z   duration_ms: 2.689331
2026-10-07T01:27:23.9999120Z   type: 'test'
2026-10-07T01:27:23.9999520Z   ...
2026-10-07T01:27:24.0000620Z # Subtest: a resolved global constructor remains available outside the shadowing function
2026-10-07T01:27:24.0003100Z ok 96 - a resolved global constructor remains available outside the shadowing function
2026-10-07T01:27:24.0005130Z   ---
2026-10-07T01:27:24.0005550Z   duration_ms: 0.935127
2026-10-07T01:27:24.0006030Z   type: 'test'
2026-10-07T01:27:24.0006420Z   ...
2026-10-07T01:27:24.0007560Z # Subtest: binding hints distinguish declaration tokens, masked text, and real value binders
2026-10-07T01:27:24.0009300Z ok 97 - binding hints distinguish declaration tokens, masked text, and real value binders
2026-10-07T01:27:24.0010250Z   ---
2026-10-07T01:27:24.0010650Z   duration_ms: 1.551258
2026-10-07T01:27:24.0011100Z   type: 'test'
2026-10-07T01:27:24.0011490Z   ...
2026-10-07T01:27:24.0012790Z # Subtest: real High local and parameter completions stay bare while types and constructors remain usable
2026-10-07T01:27:24.0014930Z ok 98 - real High local and parameter completions stay bare while types and constructors remain usable
2026-10-07T01:27:24.0016030Z   ---
2026-10-07T01:27:24.0016430Z   duration_ms: 770.145263
2026-10-07T01:27:24.0016920Z   type: 'test'
2026-10-07T01:27:24.0017320Z   ...
2026-10-07T01:27:24.0018610Z # Subtest: real Low local and parameter completions stay bare while types and constructors remain usable
2026-10-07T01:27:24.0020570Z ok 99 - real Low local and parameter completions stay bare while types and constructors remain usable
2026-10-07T01:27:24.0021630Z   ---
2026-10-07T01:27:24.0022030Z   duration_ms: 781.9322
2026-10-07T01:27:24.0022490Z   type: 'test'
2026-10-07T01:27:24.0022890Z   ...
2026-10-07T01:27:24.0023760Z # Subtest: Low Main snippet defaults compile in their declared context
2026-10-07T01:27:24.0025030Z ok 100 - Low Main snippet defaults compile in their declared context
2026-10-07T01:27:24.0025790Z   ---
2026-10-07T01:27:24.0026190Z   duration_ms: 16.503516
2026-10-07T01:27:24.0026650Z   type: 'test'
2026-10-07T01:27:24.0027060Z   ...
2026-10-07T01:27:24.0028000Z # Subtest: Low File import snippet defaults compile in their declared context
2026-10-07T01:27:24.0029400Z ok 101 - Low File import snippet defaults compile in their declared context
2026-10-07T01:27:24.0030230Z   ---
2026-10-07T01:27:24.0030630Z   duration_ms: 13.404695
2026-10-07T01:27:24.0031640Z   type: 'test'
2026-10-07T01:27:24.0032060Z   ...
2026-10-07T01:27:24.0033010Z # Subtest: Low From import snippet defaults compile in their declared context
2026-10-07T01:27:24.0034420Z ok 102 - Low From import snippet defaults compile in their declared context
2026-10-07T01:27:24.0035240Z   ---
2026-10-07T01:27:24.0035630Z   duration_ms: 16.288175
2026-10-07T01:27:24.0036110Z   type: 'test'
2026-10-07T01:27:24.0036500Z   ...
2026-10-07T01:27:24.0037500Z # Subtest: Low Standard import snippet defaults compile in their declared context
2026-10-07T01:27:24.0038990Z ok 103 - Low Standard import snippet defaults compile in their declared context
2026-10-07T01:27:24.0039860Z   ---
2026-10-07T01:27:24.0040260Z   duration_ms: 247.91433
2026-10-07T01:27:24.0040730Z   type: 'test'
2026-10-07T01:27:24.0041130Z   ...
2026-10-07T01:27:24.0042050Z # Subtest: Low Function snippet defaults compile in their declared context
2026-10-07T01:27:24.0043420Z ok 104 - Low Function snippet defaults compile in their declared context
2026-10-07T01:27:24.0044230Z   ---
2026-10-07T01:27:24.0044630Z   duration_ms: 13.878215
2026-10-07T01:27:24.0045100Z   type: 'test'
2026-10-07T01:27:24.0045510Z   ...
2026-10-07T01:27:24.0046530Z # Subtest: Low Record snippet defaults compile in their declared context
2026-10-07T01:27:24.0048750Z ok 105 - Low Record snippet defaults compile in their declared context
2026-10-07T01:27:24.0049590Z   ---
2026-10-07T01:27:24.0049990Z   duration_ms: 17.01359
2026-10-07T01:27:24.0050450Z   type: 'test'
2026-10-07T01:27:24.0050850Z   ...
2026-10-07T01:27:24.0051760Z # Subtest: Low Enum snippet defaults compile in their declared context
2026-10-07T01:27:24.0053020Z ok 106 - Low Enum snippet defaults compile in their declared context
2026-10-07T01:27:24.0053780Z   ---
2026-10-07T01:27:24.0054180Z   duration_ms: 15.903965
2026-10-07T01:27:24.0055180Z   type: 'test'
2026-10-07T01:27:24.0055570Z   ...
2026-10-07T01:27:24.0056480Z # Subtest: Low Replace snippet defaults compile in their declared context
2026-10-07T01:27:24.0057830Z ok 107 - Low Replace snippet defaults compile in their declared context
2026-10-07T01:27:24.0058620Z   ---
2026-10-07T01:27:24.0059020Z   duration_ms: 17.875174
2026-10-07T01:27:24.0059500Z   type: 'test'
2026-10-07T01:27:24.0059890Z   ...
2026-10-07T01:27:24.0060860Z # Subtest: Low Result match snippet defaults compile in their declared context
2026-10-07T01:27:24.0062830Z ok 108 - Low Result match snippet defaults compile in their declared context
2026-10-07T01:27:24.0063690Z   ---
2026-10-07T01:27:24.0064080Z   duration_ms: 13.629402
2026-10-07T01:27:24.0064560Z   type: 'test'
2026-10-07T01:27:24.0064950Z   ...
2026-10-07T01:27:24.0065930Z # Subtest: Low Nullable match snippet defaults compile in their declared context
2026-10-07T01:27:24.0067410Z ok 109 - Low Nullable match snippet defaults compile in their declared context
2026-10-07T01:27:24.0068270Z   ---
2026-10-07T01:27:24.0068680Z   duration_ms: 13.148401
2026-10-07T01:27:24.0069150Z   type: 'test'
2026-10-07T01:27:24.0069540Z   ...
2026-10-07T01:27:24.0070800Z # Subtest: module member completion exposes functions/classes and type positions insert only classes
2026-10-07T01:27:24.0072730Z ok 110 - module member completion exposes functions/classes and type positions insert only classes
2026-10-07T01:27:24.0073970Z   ---
2026-10-07T01:27:24.0074370Z   duration_ms: 6.389666
2026-10-07T01:27:24.0074840Z   type: 'test'
2026-10-07T01:27:24.0075240Z   ...
2026-10-07T01:27:24.0076290Z # Subtest: qualified and renamed declarations retain structured hover/signature help
2026-10-07T01:27:24.0077870Z ok 111 - qualified and renamed declarations retain structured hover/signature help
2026-10-07T01:27:24.0078780Z   ---
2026-10-07T01:27:24.0079180Z   duration_ms: 1.998881
2026-10-07T01:27:24.0079640Z   type: 'test'
2026-10-07T01:27:24.0080050Z   ...
2026-10-07T01:27:24.0081160Z # Subtest: lexical alias shadowing switches completion to fields and prevents module help
2026-10-07T01:27:24.0083640Z ok 112 - lexical alias shadowing switches completion to fields and prevents module help
2026-10-07T01:27:24.0084670Z   ---
2026-10-07T01:27:24.0085070Z   duration_ms: 1.807456
2026-10-07T01:27:24.0085530Z   type: 'test'
2026-10-07T01:27:24.0085930Z   ...
2026-10-07T01:27:24.0086730Z # Subtest: spaced field chains do not borrow a module namespace
2026-10-07T01:27:24.0088200Z ok 113 - spaced field chains do not borrow a module namespace
2026-10-07T01:27:24.0089210Z   ---
2026-10-07T01:27:24.0089790Z   duration_ms: 0.773865
2026-10-07T01:27:24.0090460Z   type: 'test'
2026-10-07T01:27:24.0091010Z   ...
2026-10-07T01:27:24.0092380Z # Subtest: imported class and module binding tokens keep their resolved hover
2026-10-07T01:27:24.0094620Z ok 114 - imported class and module binding tokens keep their resolved hover
2026-10-07T01:27:24.0095850Z   ---
2026-10-07T01:27:24.0096440Z   duration_ms: 1.159438
2026-10-07T01:27:24.0097120Z   type: 'test'
2026-10-07T01:27:24.0097690Z   ...
2026-10-07T01:27:24.0099440Z # Subtest: quoted from imports insert names only and preserve aliases and comma-separated lists
2026-10-07T01:27:24.0102000Z ok 115 - quoted from imports insert names only and preserve aliases and comma-separated lists
2026-10-07T01:27:24.0103430Z   ---
2026-10-07T01:27:24.0103970Z   duration_ms: 1.967508
2026-10-07T01:27:24.0104620Z   type: 'test'
2026-10-07T01:27:24.0105170Z   ...
2026-10-07T01:27:24.0106730Z # Subtest: unresolved and changed fallback import targets never offer expression completions
2026-10-07T01:27:24.0108680Z ok 116 - unresolved and changed fallback import targets never offer expression completions
2026-10-07T01:27:24.0109670Z   ---
2026-10-07T01:27:24.0110060Z   duration_ms: 0.637239
2026-10-07T01:27:24.0110530Z   type: 'test'
2026-10-07T01:27:24.0110930Z   ...
2026-10-07T01:27:24.0112250Z # Subtest: Low quoted imports after a same-line declaration or semicolon retain name-only insertion
2026-10-07T01:27:24.0114750Z ok 117 - Low quoted imports after a same-line declaration or semicolon retain name-only insertion
2026-10-07T01:27:24.0115820Z   ---
2026-10-07T01:27:24.0116230Z   duration_ms: 0.390373
2026-10-07T01:27:24.0116760Z   type: 'test'
2026-10-07T01:27:24.0117160Z   ...
2026-10-07T01:27:24.0118280Z # Subtest: real compiler navigation uses edited source and target positions across imports
2026-10-07T01:27:24.0119980Z ok 118 - real compiler navigation uses edited source and target positions across imports
2026-10-07T01:27:24.0120930Z   ---
2026-10-07T01:27:24.0121350Z   duration_ms: 325.89752
2026-10-07T01:27:24.0121820Z   type: 'test'
2026-10-07T01:27:24.0122220Z   ...
2026-10-07T01:27:24.0123510Z # Subtest: real Low navigation keeps reassignments at their original binding and restores loop shadowing
2026-10-07T01:27:24.0125480Z ok 119 - real Low navigation keeps reassignments at their original binding and restores loop shadowing
2026-10-07T01:27:24.0126550Z   ---
2026-10-07T01:27:24.0126960Z   duration_ms: 325.883615
2026-10-07T01:27:24.0127460Z   type: 'test'
2026-10-07T01:27:24.0127860Z   ...
2026-10-07T01:27:24.0129280Z # Subtest: unsaved canonical import diagnostics use the open alias and UTF-16 source range
2026-10-07T01:27:24.0131760Z ok 120 - unsaved canonical import diagnostics use the open alias and UTF-16 source range
2026-10-07T01:27:24.0133150Z   ---
2026-10-07T01:27:24.0133560Z   duration_ms: 21.613626
2026-10-07T01:27:24.0134040Z   type: 'test'
2026-10-07T01:27:24.0134430Z   ...
2026-10-07T01:27:24.0135590Z # Subtest: closing a checked import overlay refreshes its owners and keeps unrelated errors
2026-10-07T01:27:24.0137310Z ok 121 - closing a checked import overlay refreshes its owners and keeps unrelated errors
2026-10-07T01:27:24.0138260Z   ---
2026-10-07T01:27:24.0138690Z   duration_ms: 8.981337
2026-10-07T01:27:24.0139340Z   type: 'test'
2026-10-07T01:27:24.0139900Z   ...
2026-10-07T01:27:24.0141090Z # Subtest: closing an in-flight import overlay rejects its stale result
2026-10-07T01:27:24.0142590Z ok 122 - closing an in-flight import overlay rejects its stale result
2026-10-07T01:27:24.0143370Z   ---
2026-10-07T01:27:24.0144500Z   duration_ms: 5.011617
2026-10-07T01:27:24.0144990Z   type: 'test'
2026-10-07T01:27:24.0145420Z   ...
2026-10-07T01:27:24.0146430Z # Subtest: lower build and run tasks use the registered source diagnostic matcher
2026-10-07T01:27:24.0147940Z ok 123 - lower build and run tasks use the registered source diagnostic matcher
2026-10-07T01:27:24.0148970Z   ---
2026-10-07T01:27:24.0149550Z   duration_ms: 6.619012
2026-10-07T01:27:24.0150230Z   type: 'test'
2026-10-07T01:27:24.0150810Z   ...
2026-10-07T01:27:24.0152460Z # Subtest: standalone tasks save imported changes and leave unrelated dirty buffers untouched
2026-10-07T01:27:24.0155000Z ok 124 - standalone tasks save imported changes and leave unrelated dirty buffers untouched
2026-10-07T01:27:24.0156440Z   ---
2026-10-07T01:27:24.0157020Z   duration_ms: 12.420381
2026-10-07T01:27:24.0157720Z   type: 'test'
2026-10-07T01:27:24.0158200Z   ...
2026-10-07T01:27:24.0159530Z # Subtest: project tasks save imported changes and leave unrelated dirty buffers untouched
2026-10-07T01:27:24.0161800Z ok 125 - project tasks save imported changes and leave unrelated dirty buffers untouched
2026-10-07T01:27:24.0162880Z   ---
2026-10-07T01:27:24.0163290Z   duration_ms: 12.328352
2026-10-07T01:27:24.0163760Z   type: 'test'
2026-10-07T01:27:24.0164150Z   ...
2026-10-07T01:27:24.0165050Z # Subtest: task execution stops when an imported buffer cannot be saved
2026-10-07T01:27:24.0166350Z ok 126 - task execution stops when an imported buffer cannot be saved
2026-10-07T01:27:24.0167130Z   ---
2026-10-07T01:27:24.0167530Z   duration_ms: 4.781316
2026-10-07T01:27:24.0167980Z   type: 'test'
2026-10-07T01:27:24.0168380Z   ...
2026-10-07T01:27:24.0169250Z # Subtest: task execution stops when dirty imports cannot be resolved
2026-10-07T01:27:24.0170510Z ok 127 - task execution stops when dirty imports cannot be resolved
2026-10-07T01:27:24.0171780Z   ---
2026-10-07T01:27:24.0172170Z   duration_ms: 3.932078
2026-10-07T01:27:24.0172630Z   type: 'test'
2026-10-07T01:27:24.0173030Z   ...
2026-10-07T01:27:24.0174150Z # Subtest: saving an imported file refreshes its changed imports before launching the task
2026-10-07T01:27:24.0175820Z ok 128 - saving an imported file refreshes its changed imports before launching the task
2026-10-07T01:27:24.0176750Z   ---
2026-10-07T01:27:24.0177150Z   duration_ms: 8.129291
2026-10-07T01:27:24.0177610Z   type: 'test'
2026-10-07T01:27:24.0178010Z   ...
2026-10-07T01:27:24.0178910Z # Subtest: conflicting imported aliases are not saved over one another
2026-10-07T01:27:24.0180210Z ok 129 - conflicting imported aliases are not saved over one another
2026-10-07T01:27:24.0181000Z   ---
2026-10-07T01:27:24.0181400Z   duration_ms: 5.462034
2026-10-07T01:27:24.0181870Z   type: 'test'
2026-10-07T01:27:24.0182270Z   ...
2026-10-07T01:27:24.0183910Z # Subtest: standalone source without imports launches normally despite unrelated dirty buffers
2026-10-07T01:27:24.0185900Z ok 130 - standalone source without imports launches normally despite unrelated dirty buffers
2026-10-07T01:27:24.0186910Z   ---
2026-10-07T01:27:24.0187360Z   duration_ms: 4.665469
2026-10-07T01:27:24.0187830Z   type: 'test'
2026-10-07T01:27:24.0188230Z   ...
2026-10-07T01:27:24.0189360Z # Subtest: task execution stops if the entry buffer changes while an import is saved
2026-10-07T01:27:24.0202430Z ok 131 - task execution stops if the entry buffer changes while an import is saved
2026-10-07T01:27:24.0203370Z   ---
2026-10-07T01:27:24.0203780Z   duration_ms: 6.724524
2026-10-07T01:27:24.0204260Z   type: 'test'
2026-10-07T01:27:24.0204660Z   ...
2026-10-07T01:27:24.0205760Z # Subtest: task execution stops if the entry changes while its own project helper is saved
2026-10-07T01:27:24.0207420Z ok 132 - task execution stops if the entry changes while its own project helper is saved
2026-10-07T01:27:24.0208370Z   ---
2026-10-07T01:27:24.0208770Z   duration_ms: 5.284111
2026-10-07T01:27:24.0209270Z   type: 'test'
2026-10-07T01:27:24.0209670Z   ...
2026-10-07T01:27:24.0211450Z # Subtest: task execution stops if its source closes during project saving
2026-10-07T01:27:24.0214070Z ok 133 - task execution stops if its source closes during project saving
2026-10-07T01:27:24.0214910Z   ---
2026-10-07T01:27:24.0215330Z   duration_ms: 4.060829
2026-10-07T01:27:24.0215800Z   type: 'test'
2026-10-07T01:27:24.0216200Z   ...
2026-10-07T01:27:24.0217220Z # Subtest: task execution stops if a later project save changes the dirty manifest
2026-10-07T01:27:24.0218750Z ok 134 - task execution stops if a later project save changes the dirty manifest
2026-10-07T01:27:24.0219780Z   ---
2026-10-07T01:27:24.0220190Z   duration_ms: 4.323147
2026-10-07T01:27:24.0220650Z   type: 'test'
2026-10-07T01:27:24.0221050Z   ...
2026-10-07T01:27:24.0222160Z # Subtest: task execution stops if a later project save changes the already-saved manifest
2026-10-07T01:27:24.0223830Z ok 135 - task execution stops if a later project save changes the already-saved manifest
2026-10-07T01:27:24.0224800Z   ---
2026-10-07T01:27:24.0225200Z   duration_ms: 3.756022
2026-10-07T01:27:24.0225680Z   type: 'test'
2026-10-07T01:27:24.0226080Z   ...
2026-10-07T01:27:24.0227270Z # Subtest: task execution stops if an already-saved Rust input changes during a later project save
2026-10-07T01:27:24.0229110Z ok 136 - task execution stops if an already-saved Rust input changes during a later project save
2026-10-07T01:27:24.0230110Z   ---
2026-10-07T01:27:24.0230510Z   duration_ms: 4.473049
2026-10-07T01:27:24.0230970Z   type: 'test'
2026-10-07T01:27:24.0231370Z   ...
2026-10-07T01:27:24.0232380Z # Subtest: task execution stops if workspace trust changes during project saving
2026-10-07T01:27:24.0233860Z ok 137 - task execution stops if workspace trust changes during project saving
2026-10-07T01:27:24.0234720Z   ---
2026-10-07T01:27:24.0235110Z   duration_ms: 4.058227
2026-10-07T01:27:24.0235570Z   type: 'test'
2026-10-07T01:27:24.0236760Z   ...
2026-10-07T01:27:24.0237820Z # Subtest: task execution stops if the nearest project changes while an import is saved
2026-10-07T01:27:24.0239830Z ok 138 - task execution stops if the nearest project changes while an import is saved
2026-10-07T01:27:24.0240740Z   ---
2026-10-07T01:27:24.0241140Z   duration_ms: 5.672321
2026-10-07T01:27:24.0241600Z   type: 'test'
2026-10-07T01:27:24.0241990Z   ...
2026-10-07T01:27:24.0243400Z # Subtest: tasks suppress only the matching automatic scope and checks resume when the task ends
2026-10-07T01:27:24.0245230Z ok 139 - tasks suppress only the matching automatic scope and checks resume when the task ends
2026-10-07T01:27:24.0246230Z   ---
2026-10-07T01:27:24.0246620Z   duration_ms: 9.788176
2026-10-07T01:27:24.0247080Z   type: 'test'
2026-10-07T01:27:24.0247470Z   ...
2026-10-07T01:27:24.0248270Z # Subtest: task launch failure releases live check suppression
2026-10-07T01:27:24.0249400Z ok 140 - task launch failure releases live check suppression
2026-10-07T01:27:24.0250110Z   ---
2026-10-07T01:27:24.0250510Z   duration_ms: 4.48188
2026-10-07T01:27:24.0250960Z   type: 'test'
2026-10-07T01:27:24.0251360Z   ...
2026-10-07T01:27:24.0252420Z # Subtest: project task clears checks from its helper while preserving another project
2026-10-07T01:27:24.0254030Z ok 141 - project task clears checks from its helper while preserving another project
2026-10-07T01:27:24.0254950Z   ---
2026-10-07T01:27:24.0255340Z   duration_ms: 9.399086
2026-10-07T01:27:24.0255800Z   type: 'test'
2026-10-07T01:27:24.0256200Z   ...
2026-10-07T01:27:24.0257310Z # Subtest: a long task permits checks of new source without reacting to other project edits
2026-10-07T01:27:24.0259210Z ok 142 - a long task permits checks of new source without reacting to other project edits
2026-10-07T01:27:24.0260150Z   ---
2026-10-07T01:27:24.0260540Z   duration_ms: 8.220792
2026-10-07T01:27:24.0261000Z   type: 'test'
2026-10-07T01:27:24.0261400Z   ...
2026-10-07T01:27:24.0262450Z # Subtest: failed task diagnostics are replaced by checks and removed by source edits
2026-10-07T01:27:24.0264050Z ok 143 - failed task diagnostics are replaced by checks and removed by source edits
2026-10-07T01:27:24.0265580Z   ---
2026-10-07T01:27:24.0266100Z   duration_ms: 7.838475
2026-10-07T01:27:24.0266570Z   type: 'test'
2026-10-07T01:27:24.0266970Z   ...
2026-10-07T01:27:24.0267970Z # Subtest: manual checks inspect dirty imports outside the running task project
2026-10-07T01:27:24.0269440Z ok 144 - manual checks inspect dirty imports outside the running task project
2026-10-07T01:27:24.0270290Z   ---
2026-10-07T01:27:24.0270680Z   duration_ms: 8.018619
2026-10-07T01:27:24.0271140Z   type: 'test'
2026-10-07T01:27:24.0271550Z   ...
2026-10-07T01:27:24.0272630Z # Subtest: editing and closing imported aliases remove only their canonical task markers
2026-10-07T01:27:24.0274270Z ok 145 - editing and closing imported aliases remove only their canonical task markers
2026-10-07T01:27:24.0275200Z   ---
2026-10-07T01:27:24.0275590Z   duration_ms: 5.808054
2026-10-07T01:27:24.0276060Z   type: 'test'
2026-10-07T01:27:24.0276470Z   ...
2026-10-07T01:27:24.0277570Z # Subtest: typing invalidates snapshots without launching save-only checks per keystroke
2026-10-07T01:27:24.0279240Z ok 146 - typing invalidates snapshots without launching save-only checks per keystroke
2026-10-07T01:27:24.0280190Z   ---
2026-10-07T01:27:24.0280580Z   duration_ms: 8.995971
2026-10-07T01:27:24.0281040Z   type: 'test'
2026-10-07T01:27:24.0281440Z   ...
2026-10-07T01:27:24.0283050Z # Subtest: known unrelated diagnostics survive repeated edits while unknown and project inputs stay conservative
2026-10-07T01:27:24.0285320Z ok 147 - known unrelated diagnostics survive repeated edits while unknown and project inputs stay conservative
2026-10-07T01:27:24.0286470Z   ---
2026-10-07T01:27:24.0286870Z   duration_ms: 10.596968
2026-10-07T01:27:24.0287330Z   type: 'test'
2026-10-07T01:27:24.0287740Z   ...
2026-10-07T01:27:24.0289050Z # Subtest: known unrelated pending checks finish during edits and same-scope changes reject stale callbacks
2026-10-07T01:27:24.0291550Z ok 148 - known unrelated pending checks finish during edits and same-scope changes reject stale callbacks
2026-10-07T01:27:24.0292650Z   ---
2026-10-07T01:27:24.0293050Z   duration_ms: 9.69463
2026-10-07T01:27:24.0293510Z   type: 'test'
2026-10-07T01:27:24.0293900Z   ...
2026-10-07T01:27:24.0295040Z # Subtest: shared imports and stale dependency snapshots still invalidate diagnosed projects
2026-10-07T01:27:24.0296940Z ok 149 - shared imports and stale dependency snapshots still invalidate diagnosed projects
2026-10-07T01:27:24.0298020Z   ---
2026-10-07T01:27:24.0298420Z   duration_ms: 9.295104
2026-10-07T01:27:24.0298890Z   type: 'test'
2026-10-07T01:27:24.0299280Z   ...
2026-10-07T01:27:24.0300690Z # Subtest: failed symbols queries still supply static builtin help without erasing source diagnostics
2026-10-07T01:27:24.0302840Z ok 150 - failed symbols queries still supply static builtin help without erasing source diagnostics
2026-10-07T01:27:24.0303910Z   ---
2026-10-07T01:27:24.0304300Z   duration_ms: 6.187482
2026-10-07T01:27:24.0304760Z   type: 'test'
2026-10-07T01:27:24.0305160Z   ...
2026-10-07T01:27:24.0306200Z # Subtest: missing compiler keeps prefix completion, hover and signatures available
2026-10-07T01:27:24.0307750Z ok 151 - missing compiler keeps prefix completion, hover and signatures available
2026-10-07T01:27:24.0308640Z   ---
2026-10-07T01:27:24.0309040Z   duration_ms: 6.4153
2026-10-07T01:27:24.0309500Z   type: 'test'
2026-10-07T01:27:24.0309940Z   ...
2026-10-07T01:27:24.0311410Z # Subtest: borrowed local providers annotate hover and detail while keeping variable kind and insertion
2026-10-07T01:27:24.0313670Z ok 152 - borrowed local providers annotate hover and detail while keeping variable kind and insertion
2026-10-07T01:27:24.0314900Z   ---
2026-10-07T01:27:24.0315380Z   duration_ms: 7.232841
2026-10-07T01:27:24.0315930Z   type: 'test'
2026-10-07T01:27:24.0316400Z   ...
2026-10-07T01:27:24.0317670Z # Subtest: untrusted and untitled assistance executes no compiler and retains High/Low selectors
2026-10-07T01:27:24.0320210Z ok 153 - untrusted and untitled assistance executes no compiler and retains High/Low selectors
2026-10-07T01:27:24.0321250Z   ---
2026-10-07T01:27:24.0321640Z   duration_ms: 9.796025
2026-10-07T01:27:24.0322110Z   type: 'test'
2026-10-07T01:27:24.0322510Z   ...
2026-10-07T01:27:24.0323700Z # Subtest: Low builtin help uses fn and record in hover, completion and signatures without a compiler
2026-10-07T01:27:24.0325540Z ok 154 - Low builtin help uses fn and record in hover, completion and signatures without a compiler
2026-10-07T01:27:24.0326540Z   ---
2026-10-07T01:27:24.0326940Z   duration_ms: 3.974007
2026-10-07T01:27:24.0327410Z   type: 'test'
2026-10-07T01:27:24.0327810Z   ...
2026-10-07T01:27:24.0329520Z # Subtest: Low declaration and standard-operation help displays braces while retaining compiler kinds and call shapes
2026-10-07T01:27:24.0332370Z ok 155 - Low declaration and standard-operation help displays braces while retaining compiler kinds and call shapes
2026-10-07T01:27:24.0333810Z   ---
2026-10-07T01:27:24.0334280Z   duration_ms: 5.915957
2026-10-07T01:27:24.0334820Z   type: 'test'
2026-10-07T01:27:24.0335260Z   ...
2026-10-07T01:27:24.0336330Z # Subtest: Low enum declaration help removes namespace prefixes only from variant names
2026-10-07T01:27:24.0338130Z ok 156 - Low enum declaration help removes namespace prefixes only from variant names
2026-10-07T01:27:24.0339060Z   ---
2026-10-07T01:27:24.0339510Z   duration_ms: 9.158554
2026-10-07T01:27:24.0340050Z   type: 'test'
2026-10-07T01:27:24.0340520Z   ...
2026-10-07T01:27:24.0341580Z # Subtest: Low folding is available without trust or a compiler and honors cancellation
2026-10-07T01:27:24.0343170Z ok 157 - Low folding is available without trust or a compiler and honors cancellation
2026-10-07T01:27:24.0344080Z   ---
2026-10-07T01:27:24.0344480Z   duration_ms: 2.557587
2026-10-07T01:27:24.0344940Z   type: 'test'
2026-10-07T01:27:24.0345740Z   ...
2026-10-07T01:27:24.0346980Z # Subtest: cancelled, closed and changed documents cannot receive static fallback from failed queries
2026-10-07T01:27:24.0348900Z ok 158 - cancelled, closed and changed documents cannot receive static fallback from failed queries
2026-10-07T01:27:24.0349940Z   ---
2026-10-07T01:27:24.0350340Z   duration_ms: 4.168133
2026-10-07T01:27:24.0350810Z   type: 'test'
2026-10-07T01:27:24.0351200Z   ...
2026-10-07T01:27:24.0352310Z # Subtest: registered providers render enum/member kinds and payload signature parameters
2026-10-07T01:27:24.0354130Z ok 159 - registered providers render enum/member kinds and payload signature parameters
2026-10-07T01:27:24.0355090Z   ---
2026-10-07T01:27:24.0355480Z   duration_ms: 7.396241
2026-10-07T01:27:24.0355940Z   type: 'test'
2026-10-07T01:27:24.0356330Z   ...
2026-10-07T01:27:24.0357510Z # Subtest: standard F12 targets open compiler registry text through a read-only virtual document
2026-10-07T01:27:24.0359310Z ok 160 - standard F12 targets open compiler registry text through a read-only virtual document
2026-10-07T01:27:24.0360320Z   ---
2026-10-07T01:27:24.0360710Z   duration_ms: 4.222731
2026-10-07T01:27:24.0361180Z   type: 'test'
2026-10-07T01:27:24.0361570Z   ...
2026-10-07T01:27:24.0362770Z # Subtest: standard F12 keeps each project compiler registry text when another compiler is queried
2026-10-07T01:27:24.0364610Z ok 161 - standard F12 keeps each project compiler registry text when another compiler is queried
2026-10-07T01:27:24.0365620Z   ---
2026-10-07T01:27:24.0366020Z   duration_ms: 10.431396
2026-10-07T01:27:24.0366490Z   type: 'test'
2026-10-07T01:27:24.0366890Z   ...
2026-10-07T01:27:24.0368190Z # Subtest: keyword completion covers existing syntax in High and Low without leaking into types or members
2026-10-07T01:27:24.0370230Z ok 162 - keyword completion covers existing syntax in High and Low without leaking into types or members
2026-10-07T01:27:24.0371320Z   ---
2026-10-07T01:27:24.0371720Z   duration_ms: 5.111068
2026-10-07T01:27:24.0372190Z   type: 'test'
2026-10-07T01:27:24.0372580Z   ...
2026-10-07T01:27:24.0373550Z # Subtest: static builtin help works with incomplete syntax without an index
2026-10-07T01:27:24.0375370Z ok 163 - static builtin help works with incomplete syntax without an index
2026-10-07T01:27:24.0376230Z   ---
2026-10-07T01:27:24.0376620Z   duration_ms: 3.110305
2026-10-07T01:27:24.0377090Z   type: 'test'
2026-10-07T01:27:24.0377480Z   ...
2026-10-07T01:27:24.0378790Z # Subtest: static builtin fallback avoids declarations, parameters and local bindings that shadow the name
2026-10-07T01:27:24.0380850Z ok 164 - static builtin fallback avoids declarations, parameters and local bindings that shadow the name
2026-10-07T01:27:24.0381950Z   ---
2026-10-07T01:27:24.0382340Z   duration_ms: 6.632562
2026-10-07T01:27:24.0382800Z   type: 'test'
2026-10-07T01:27:24.0383190Z   ...
2026-10-07T01:27:24.0384540Z # Subtest: unresolved imports suppress guessed builtins but retain syntax and types; checked declarations win
2026-10-07T01:27:24.0386660Z ok 165 - unresolved imports suppress guessed builtins but retain syntax and types; checked declarations win
2026-10-07T01:27:24.0387780Z   ---
2026-10-07T01:27:24.0388180Z   duration_ms: 1.832666
2026-10-07T01:27:24.0388640Z   type: 'test'
2026-10-07T01:27:24.0389030Z   ...
2026-10-07T01:27:24.0390250Z # Subtest: signature help does not replace a compiler-resolved local function with builtin metadata
2026-10-07T01:27:24.0392110Z ok 166 - signature help does not replace a compiler-resolved local function with builtin metadata
2026-10-07T01:27:24.0393130Z   ---
2026-10-07T01:27:24.0393520Z   duration_ms: 0.996976
2026-10-07T01:27:24.0393980Z   type: 'test'
2026-10-07T01:27:24.0394370Z   ...
2026-10-07T01:27:24.0395530Z # Subtest: lexical references prevent guessed signatures when a type error removes local types
2026-10-07T01:27:24.0397330Z ok 167 - lexical references prevent guessed signatures when a type error removes local types
2026-10-07T01:27:24.0398310Z   ---
2026-10-07T01:27:24.0398940Z   duration_ms: 0.828246
2026-10-07T01:27:24.0399400Z   type: 'test'
2026-10-07T01:27:24.0399800Z   ...
2026-10-07T01:27:24.0401100Z # Subtest: unfinished line strings do not hide later assistance and preserve UTF-16 CRLF ranges
2026-10-07T01:27:24.0402890Z ok 168 - unfinished line strings do not hide later assistance and preserve UTF-16 CRLF ranges
2026-10-07T01:27:24.0403860Z   ---
2026-10-07T01:27:24.0404260Z   duration_ms: 1.308835
2026-10-07T01:27:24.0404710Z   type: 'test'
2026-10-07T01:27:24.0405110Z   ...
2026-10-07T01:27:24.0406340Z # Subtest: registered resources and constants keep namespaces and never create constructor snippets
2026-10-07T01:27:24.0408240Z ok 169 - registered resources and constants keep namespaces and never create constructor snippets
2026-10-07T01:27:24.0409280Z   ---
2026-10-07T01:27:24.0409670Z   duration_ms: 7.155468
2026-10-07T01:27:24.0410130Z   type: 'test'
2026-10-07T01:27:24.0410530Z   ...
2026-10-07T01:27:24.0411580Z # Subtest: standard operation and aliased constants preserve hover and argument help
2026-10-07T01:27:24.0413170Z ok 170 - standard operation and aliased constants preserve hover and argument help
2026-10-07T01:27:24.0414070Z   ---
2026-10-07T01:27:24.0422320Z   duration_ms: 2.850009
2026-10-07T01:27:24.0422880Z   type: 'test'
2026-10-07T01:27:24.0423290Z   ...
2026-10-07T01:27:24.0424400Z # Subtest: typed resource fields are read-only and do not expose type constants on values
2026-10-07T01:27:24.0426060Z ok 171 - typed resource fields are read-only and do not expose type constants on values
2026-10-07T01:27:24.0426990Z   ---
2026-10-07T01:27:24.0427390Z   duration_ms: 1.520488
2026-10-07T01:27:24.0427850Z   type: 'test'
2026-10-07T01:27:24.0428250Z   ...
2026-10-07T01:27:24.0429240Z # Subtest: virtual source identifiers cannot navigate to project paths or URLs
2026-10-07T01:27:24.0430690Z ok 172 - virtual source identifiers cannot navigate to project paths or URLs
2026-10-07T01:27:24.0431540Z   ---
2026-10-07T01:27:24.0431930Z   duration_ms: 0.761025
2026-10-07T01:27:24.0432420Z   type: 'test'
2026-10-07T01:27:24.0432820Z   ...
2026-10-07T01:27:24.0434450Z # Subtest: virtual registry revisions keep module paths and accept only a source hash
2026-10-07T01:27:24.0436080Z ok 173 - virtual registry revisions keep module paths and accept only a source hash
2026-10-07T01:27:24.0436990Z   ---
2026-10-07T01:27:24.0437380Z   duration_ms: 0.460908
2026-10-07T01:27:24.0437850Z   type: 'test'
2026-10-07T01:27:24.0438240Z   ...
2026-10-07T01:27:24.0439200Z # Subtest: Some and None are pattern assistance, not general value constructors
2026-10-07T01:27:24.0440630Z ok 174 - Some and None are pattern assistance, not general value constructors
2026-10-07T01:27:24.0441460Z   ---
2026-10-07T01:27:24.0441840Z   duration_ms: 1.53291
2026-10-07T01:27:24.0442300Z   type: 'test'
2026-10-07T01:27:24.0442690Z   ...
2026-10-07T01:27:24.0443890Z # Subtest: standard import completion uses the compiler catalog and replaces the full dotted path
2026-10-07T01:27:24.0445730Z ok 175 - standard import completion uses the compiler catalog and replaces the full dotted path
2026-10-07T01:27:24.0446750Z   ---
2026-10-07T01:27:24.0447140Z   duration_ms: 1.042565
2026-10-07T01:27:24.0447610Z   type: 'test'
2026-10-07T01:27:24.0448010Z   ...
2026-10-07T01:27:24.0449270Z # Subtest: Low standard imports can follow another declaration or import on the same line
2026-10-07T01:27:24.0450940Z ok 176 - Low standard imports can follow another declaration or import on the same line
2026-10-07T01:27:24.0451870Z   ---
2026-10-07T01:27:24.0452270Z   duration_ms: 0.451549
2026-10-07T01:27:24.0452740Z   type: 'test'
2026-10-07T01:27:24.0453130Z   ...
2026-10-07T01:27:24.0454290Z # Subtest: real nagi standard symbols keep resource identity, virtual sources and UTF-16 targets
2026-10-07T01:27:24.0456070Z ok 177 - real nagi standard symbols keep resource identity, virtual sources and UTF-16 targets
2026-10-07T01:27:24.0457060Z   ---
2026-10-07T01:27:24.0457520Z   duration_ms: 1812.75164
2026-10-07T01:27:24.0458410Z   type: 'test'
2026-10-07T01:27:24.0458810Z   ...
2026-10-07T01:27:24.0459960Z # Subtest: real low standard symbols keep resource identity, virtual sources and UTF-16 targets
2026-10-07T01:27:24.0461720Z ok 178 - real low standard symbols keep resource identity, virtual sources and UTF-16 targets
2026-10-07T01:27:24.0462700Z   ---
2026-10-07T01:27:24.0463100Z   duration_ms: 1334.237442
2026-10-07T01:27:24.0463580Z   type: 'test'
2026-10-07T01:27:24.0463970Z   ...
2026-10-07T01:27:24.0465060Z # Subtest: unsaved dependency standard aliases update sources without saving or building
2026-10-07T01:27:24.0466710Z ok 179 - unsaved dependency standard aliases update sources without saving or building
2026-10-07T01:27:24.0467650Z   ---
2026-10-07T01:27:24.0468050Z   duration_ms: 1056.427363
2026-10-07T01:27:24.0468520Z   type: 'test'
2026-10-07T01:27:24.0468920Z   ...
2026-10-07T01:27:24.0470090Z # Subtest: an incomplete initial standard import uses the registry catalog from a saved snapshot
2026-10-07T01:27:24.0471900Z ok 180 - an incomplete initial standard import uses the registry catalog from a saved snapshot
2026-10-07T01:27:24.0472900Z   ---
2026-10-07T01:27:24.0473300Z   duration_ms: 289.172244
2026-10-07T01:27:24.0473790Z   type: 'test'
2026-10-07T01:27:24.0474180Z   ...
2026-10-07T01:27:24.0475130Z # Subtest: shared receiver fields are read-only regardless of each field type
2026-10-07T01:27:24.0476550Z ok 181 - shared receiver fields are read-only regardless of each field type
2026-10-07T01:27:24.0477380Z   ---
2026-10-07T01:27:24.0477790Z   duration_ms: 296.998284
2026-10-07T01:27:24.0478260Z   type: 'test'
2026-10-07T01:27:24.0478660Z   ...
2026-10-07T01:27:24.0479900Z # Subtest: nagi saved snapshots complete new modules and from-import names before imports are checked
2026-10-07T01:27:24.0481810Z ok 182 - nagi saved snapshots complete new modules and from-import names before imports are checked
2026-10-07T01:27:24.0482860Z   ---
2026-10-07T01:27:24.0483250Z   duration_ms: 7.307347
2026-10-07T01:27:24.0483720Z   type: 'test'
2026-10-07T01:27:24.0484110Z   ...
2026-10-07T01:27:24.0485260Z # Subtest: nagi readiness and wait resources preserve namespaces and do not offer constructors
2026-10-07T01:27:24.0487200Z ok 183 - nagi readiness and wait resources preserve namespaces and do not offer constructors
2026-10-07T01:27:24.0488370Z   ---
2026-10-07T01:27:24.0488770Z   duration_ms: 9.176349
2026-10-07T01:27:24.0489230Z   type: 'test'
2026-10-07T01:27:24.0489620Z   ...
2026-10-07T01:27:24.0490690Z # Subtest: nagi WaitError value fields keep borrowed payload types and read-only status
2026-10-07T01:27:24.0492300Z ok 184 - nagi WaitError value fields keep borrowed payload types and read-only status
2026-10-07T01:27:24.0493220Z   ---
2026-10-07T01:27:24.0493610Z   duration_ms: 0.915915
2026-10-07T01:27:24.0494070Z   type: 'test'
2026-10-07T01:27:24.0494470Z   ...
2026-10-07T01:27:24.0495890Z # Subtest: nagi inferred standard operations insert positional calls and retain exact callback and Future contracts
2026-10-07T01:27:24.0498140Z ok 185 - nagi inferred standard operations insert positional calls and retain exact callback and Future contracts
2026-10-07T01:27:24.0499320Z   ---
2026-10-07T01:27:24.0499720Z   duration_ms: 3.092748
2026-10-07T01:27:24.0500190Z   type: 'test'
2026-10-07T01:27:24.0500580Z   ...
2026-10-07T01:27:24.0501940Z # Subtest: low saved snapshots complete new modules and from-import names before imports are checked
2026-10-07T01:27:24.0503850Z ok 186 - low saved snapshots complete new modules and from-import names before imports are checked
2026-10-07T01:27:24.0504890Z   ---
2026-10-07T01:27:24.0505290Z   duration_ms: 1.132822
2026-10-07T01:27:24.0505750Z   type: 'test'
2026-10-07T01:27:24.0506140Z   ...
2026-10-07T01:27:24.0507280Z # Subtest: low readiness and wait resources preserve namespaces and do not offer constructors
2026-10-07T01:27:24.0509020Z ok 187 - low readiness and wait resources preserve namespaces and do not offer constructors
2026-10-07T01:27:24.0510000Z   ---
2026-10-07T01:27:24.0511100Z   duration_ms: 4.34787
2026-10-07T01:27:24.0511570Z   type: 'test'
2026-10-07T01:27:24.0511960Z   ...
2026-10-07T01:27:24.0513020Z # Subtest: low WaitError value fields keep borrowed payload types and read-only status
2026-10-07T01:27:24.0514620Z ok 188 - low WaitError value fields keep borrowed payload types and read-only status
2026-10-07T01:27:24.0515530Z   ---
2026-10-07T01:27:24.0515920Z   duration_ms: 0.400345
2026-10-07T01:27:24.0516380Z   type: 'test'
2026-10-07T01:27:24.0516770Z   ...
2026-10-07T01:27:24.0518180Z # Subtest: low inferred standard operations insert positional calls and retain exact callback and Future contracts
2026-10-07T01:27:24.0520390Z ok 189 - low inferred standard operations insert positional calls and retain exact callback and Future contracts
2026-10-07T01:27:24.0521560Z   ---
2026-10-07T01:27:24.0521950Z   duration_ms: 2.558034
2026-10-07T01:27:24.0522410Z   type: 'test'
2026-10-07T01:27:24.0522800Z   ...
2026-10-07T01:27:24.0524010Z # Subtest: new operations and constants navigate to compiler standard sources with UTF-16 locations
2026-10-07T01:27:24.0525900Z ok 190 - new operations and constants navigate to compiler standard sources with UTF-16 locations
2026-10-07T01:27:24.0526920Z   ---
2026-10-07T01:27:24.0527310Z   duration_ms: 5.32596
2026-10-07T01:27:24.0527770Z   type: 'test'
2026-10-07T01:27:24.0528160Z   ...
2026-10-07T01:27:24.0529420Z # Subtest: real nagi borrowed list locals and nested fields keep read-only metadata in editor assistance
2026-10-07T01:27:24.0531370Z ok 191 - real nagi borrowed list locals and nested fields keep read-only metadata in editor assistance
2026-10-07T01:27:24.0532420Z   ---
2026-10-07T01:27:24.0532820Z   duration_ms: 407.104059
2026-10-07T01:27:24.0533290Z   type: 'test'
2026-10-07T01:27:24.0533680Z   ...
2026-10-07T01:27:24.0534940Z # Subtest: real low borrowed list locals and nested fields keep read-only metadata in editor assistance
2026-10-07T01:27:24.0536860Z ok 192 - real low borrowed list locals and nested fields keep read-only metadata in editor assistance
2026-10-07T01:27:24.0537900Z   ---
2026-10-07T01:27:24.0538300Z   duration_ms: 372.445954
2026-10-07T01:27:24.0538770Z   type: 'test'
2026-10-07T01:27:24.0539340Z   ...
2026-10-07T01:27:24.0540540Z # Subtest: real nagi map_error aliases retain inferred generics and standard virtual navigation
2026-10-07T01:27:24.0542300Z ok 193 - real nagi map_error aliases retain inferred generics and standard virtual navigation
2026-10-07T01:27:24.0543280Z   ---
2026-10-07T01:27:24.0543680Z   duration_ms: 392.461898
2026-10-07T01:27:24.0544160Z   type: 'test'
2026-10-07T01:27:24.0544550Z   ...
2026-10-07T01:27:24.0545700Z # Subtest: real low map_error aliases retain inferred generics and standard virtual navigation
2026-10-07T01:27:24.0547440Z ok 194 - real low map_error aliases retain inferred generics and standard virtual navigation
2026-10-07T01:27:24.0548410Z   ---
2026-10-07T01:27:24.0548800Z   duration_ms: 350.065676
2026-10-07T01:27:24.0549280Z   type: 'test'
2026-10-07T01:27:24.0549700Z   ...
2026-10-07T01:27:24.0550940Z # Subtest: real nagi readiness and deadline API assistance keeps resource aliases and read-only fields
2026-10-07T01:27:24.0552870Z ok 195 - real nagi readiness and deadline API assistance keeps resource aliases and read-only fields
2026-10-07T01:27:24.0553910Z   ---
2026-10-07T01:27:24.0554300Z   duration_ms: 602.161105
2026-10-07T01:27:24.0554780Z   type: 'test'
2026-10-07T01:27:24.0555180Z   ...
2026-10-07T01:27:24.0556410Z # Subtest: real low readiness and deadline API assistance keeps resource aliases and read-only fields
2026-10-07T01:27:24.0558300Z ok 196 - real low readiness and deadline API assistance keeps resource aliases and read-only fields
2026-10-07T01:27:24.0559330Z   ---
2026-10-07T01:27:24.0559720Z   duration_ms: 576.937503
2026-10-07T01:27:24.0560190Z   type: 'test'
2026-10-07T01:27:24.0560590Z   ...
2026-10-07T01:27:24.0561600Z # Subtest: cross-module call curves fit with marker and stroke space on both sides
2026-10-07T01:27:24.0563120Z ok 197 - cross-module call curves fit with marker and stroke space on both sides
2026-10-07T01:27:24.0564170Z   ---
2026-10-07T01:27:24.0564570Z   duration_ms: 8.397727
2026-10-07T01:27:24.0565040Z   type: 'test'
2026-10-07T01:27:24.0565440Z   ...
2026-10-07T01:27:24.0566280Z # Subtest: ordinary stock-report layout keeps its existing extent
2026-10-07T01:27:24.0567480Z ok 198 - ordinary stock-report layout keeps its existing extent
2026-10-07T01:27:24.0568210Z   ---
2026-10-07T01:27:24.0568600Z   duration_ms: 0.299077
2026-10-07T01:27:24.0569060Z   type: 'test'
2026-10-07T01:27:24.0569460Z   ...
2026-10-07T01:27:24.0570390Z # Subtest: geometry above or below the layout extends the vertical viewport
2026-10-07T01:27:24.0571760Z ok 199 - geometry above or below the layout extends the vertical viewport
2026-10-07T01:27:24.0572580Z   ---
2026-10-07T01:27:24.0573130Z   duration_ms: 0.286323
2026-10-07T01:27:24.0573640Z   type: 'test'
2026-10-07T01:27:24.0574050Z   ...
2026-10-07T01:27:24.0574850Z # Subtest: an empty SVG bounding box does not add blank padding
2026-10-07T01:27:24.0575990Z ok 200 - an empty SVG bounding box does not add blank padding
2026-10-07T01:27:24.0576690Z   ---
2026-10-07T01:27:24.0577090Z   duration_ms: 0.245015
2026-10-07T01:27:24.0577550Z   type: 'test'
2026-10-07T01:27:24.0577950Z   ...
2026-10-07T01:27:24.0578900Z # Subtest: non-finite browser measurements preserve the finite layout extent
2026-10-07T01:27:24.0580320Z ok 201 - non-finite browser measurements preserve the finite layout extent
2026-10-07T01:27:24.0581150Z   ---
2026-10-07T01:27:24.0581550Z   duration_ms: 0.603798
2026-10-07T01:27:24.0582010Z   type: 'test'
2026-10-07T01:27:24.0582410Z   ...
2026-10-07T01:27:24.0582780Z 1..201
2026-10-07T01:27:24.0583140Z # tests 201
2026-10-07T01:27:24.0583530Z # suites 0
2026-10-07T01:27:24.0583900Z # pass 201
2026-10-07T01:27:24.0584280Z # fail 0
2026-10-07T01:27:24.0584660Z # cancelled 0
2026-10-07T01:27:24.0585060Z # skipped 0
2026-10-07T01:27:24.0585440Z # todo 0
2026-10-07T01:27:24.0585890Z # duration_ms 10508.599061
2026-10-07T01:27:24.0667440Z ##[group]Run cargo test --locked -p nagic --test output_safety --test integer_arithmetic --test integer_zero_division --test constant_validation --test auth_boundaries --test view_branch_rebinding --test view_container_rebinding --test view_container_drop --test view_flow_foundation --test view_flow_completion --test explicit_moves --test task_handles --test conformance --test scope_runtime_contract --test copy_capabilities --test shared_field_moves --test asset_calls --test shared_target --test build_generations --test project
2026-10-07T01:27:24.0676540Z [36;1mcargo test --locked -p nagic --test output_safety --test integer_arithmetic --test integer_zero_division --test constant_validation --test auth_boundaries --test view_branch_rebinding --test view_container_rebinding --test view_container_drop --test view_flow_foundation --test view_flow_completion --test explicit_moves --test task_handles --test conformance --test scope_runtime_contract --test copy_capabilities --test shared_field_moves --test asset_calls --test shared_target --test build_generations --test project[0m
2026-10-07T01:27:24.0762300Z shell: /bin/bash -e {0}
2026-10-07T01:27:24.0762810Z env:
2026-10-07T01:27:24.0763460Z   NAGI_FAILURE_DIR: /Users/runner/work/Nagi/Nagi/build/compiler-failures
2026-10-07T01:27:24.0764320Z   CARGO_HOME: /Users/runner/.cargo
2026-10-07T01:27:24.0764870Z   CARGO_INCREMENTAL: 0
2026-10-07T01:27:24.0765330Z   CARGO_TERM_COLOR: always
2026-10-07T01:27:24.0766030Z   pythonLocation: /Users/runner/hostedtoolcache/Python/3.12.10/x64
2026-10-07T01:27:24.0767130Z   PKG_CONFIG_PATH: /Users/runner/hostedtoolcache/Python/3.12.10/x64/lib/pkgconfig
2026-10-07T01:27:24.0768230Z   Python_ROOT_DIR: /Users/runner/hostedtoolcache/Python/3.12.10/x64
2026-10-07T01:27:24.0769210Z   Python2_ROOT_DIR: /Users/runner/hostedtoolcache/Python/3.12.10/x64
2026-10-07T01:27:24.0770210Z   Python3_ROOT_DIR: /Users/runner/hostedtoolcache/Python/3.12.10/x64
2026-10-07T01:27:24.0770990Z ##[endgroup]
2026-10-07T01:27:24.2242190Z [1m[92m   Compiling[0m nagic v0.1.11 (/Users/runner/work/Nagi/Nagi/compiler)
2026-10-07T01:27:30.7525590Z [1m[92m    Finished[0m `test` profile [unoptimized + debuginfo] target(s) in 6.60s
2026-10-07T01:27:30.7598070Z [1m[92m     Running[0m tests/asset_calls.rs (target/debug/deps/asset_calls-aec6e085ccfd108b)
2026-10-07T01:27:30.7673700Z 
2026-10-07T01:27:30.7674770Z running 2 tests
2026-10-07T01:27:30.7710210Z test a_missing_real_asset_still_reports_the_original_call ... ok
2026-10-07T01:27:31.3379860Z test local_callbacks_named_include_text_keep_literals_and_restore_builtin_after_scope ... ok
2026-10-07T01:27:31.3381160Z 
2026-10-07T01:27:31.3382760Z test result: ok. 2 passed; 0 failed; 0 ignored; 0 measured; 0 filtered out; finished in 0.57s
2026-10-07T01:27:31.3384190Z 
2026-10-07T01:27:31.3385930Z [1m[92m     Running[0m tests/auth_boundaries.rs (target/debug/deps/auth_boundaries-034fdb23bd5b25a5)
2026-10-07T01:27:31.3466420Z 
2026-10-07T01:27:31.4510040Z running 9 tests
2026-10-07T01:27:31.5526060Z test handwritten_low_and_owned_local_containers_keep_nominal_marker_identity ... ok
2026-10-07T01:27:31.6529360Z test aliases_option_result_and_async_delegation_preserve_proof_identity ... ok
2026-10-07T01:27:31.7226430Z test a_function_signature_and_a_deep_dto_do_not_contain_a_proof_payload ... ok
2026-10-07T01:27:31.7685410Z test missing_principal_grant_wrong_permission_and_reuse_are_rejected ... ok
2026-10-07T01:27:33.0183040Z test opaque_proofs_cannot_be_constructed_decoded_copied_or_shared ... ok
2026-10-07T01:27:33.3868240Z test indirect_arc_state_cannot_share_a_proof ... ok
2026-10-07T01:28:31.5027630Z test native_phantom_types_do_not_become_field_payloads has been running for over 60 seconds
2026-10-07T01:28:31.7404430Z test opaque_main_errors_fail_without_a_debug_bound_or_proof_payload has been running for over 60 seconds
2026-10-07T01:28:33.0929410Z test proof_move_and_nominal_marker_build_and_run_against_real_runtime has been running for over 60 seconds
2026-10-07T01:29:33.6692650Z test proof_move_and_nominal_marker_build_and_run_against_real_runtime ... ok
2026-10-07T01:29:36.2392260Z test native_phantom_types_do_not_become_field_payloads ... ok
2026-10-07T01:29:37.7653350Z test opaque_main_errors_fail_without_a_debug_bound_or_proof_payload ... ok
2026-10-07T01:29:37.7654520Z 
2026-10-07T01:29:37.7655630Z test result: ok. 9 passed; 0 failed; 0 ignored; 0 measured; 0 filtered out; finished in 126.42s
2026-10-07T01:29:37.7656640Z 
2026-10-07T01:29:37.7664490Z [1m[92m     Running[0m tests/build_generations.rs (target/debug/deps/build_generations-e358039c7769d7e0)
2026-10-07T01:29:37.7747380Z 
2026-10-07T01:29:37.7774960Z running 22 tests
2026-10-07T01:29:39.9060460Z test cargo_cache_keeps_a_preexisting_default_package_binary_unchanged ... ok
2026-10-07T01:29:40.0289530Z test a_running_old_executable_is_not_replaced_by_a_new_build ... ok
2026-10-07T01:29:40.1648440Z test invalid_input_does_not_create_output_or_its_lock ... ok
2026-10-07T01:29:41.3174470Z test latest_metadata_used_as_an_input_cannot_be_overwritten_by_rebuild ... ok
2026-10-07T01:29:41.4603410Z test lock_is_permanent_and_input_protection_is_rechecked_after_waiting ... ok
2026-10-07T01:29:41.6059670Z test cargo_failure_retains_latest_and_inherited_lockfile ... ok
2026-10-07T01:29:41.6320440Z test nonwriting_low_check_and_lower_do_not_wait_for_the_output_writer_lock ... ok
2026-10-07T01:29:41.7373350Z test compatibility_outputs_cannot_alias_previous_latest_metadata ... ok
2026-10-07T01:29:42.6212950Z test long_basename_accepted_by_the_previous_cache_scheme_uses_a_short_generation_bin ... ok
2026-10-07T01:29:43.0502590Z test latest_temp_failure_keeps_old_metadata_and_does_not_run_new_generation ... ok
2026-10-07T01:29:44.1294370Z test published_manifest_runtime_reference_resolves_from_the_published_location ... ok
2026-10-07T01:29:44.6384080Z test orphan_cargo_uses_an_immutable_snapshot_and_cannot_replace_next_generation ... ok
2026-10-07T01:29:44.7839980Z test parallel_latest_readers_observe_only_complete_published_generations ... ok
2026-10-07T01:29:45.1998750Z test projection_failure_keeps_old_latest_and_reports_partial_projection ... ok
2026-10-07T01:29:45.8054660Z test rebuild_publishes_new_generation_and_preserves_old_executable_and_snapshot ... ok
2026-10-07T01:29:46.3359910Z test user_low_snapshot_comes_from_this_input_instead_of_a_stale_high_projection ... ok
2026-10-07T01:29:46.4225990Z test run_releases_output_lock_before_waiting_for_the_selected_executable ... ok
2026-10-07T01:29:47.5204860Z test writing_high_check_cannot_alias_previous_latest ... ok
2026-10-07T01:29:48.5673090Z test writing_cost_report_cannot_alias_previous_latest ... ok
2026-10-07T01:29:48.7529190Z test writing_high_lower_cannot_alias_previous_latest ... ok
2026-10-07T01:29:49.6300520Z test same_and_different_apps_with_equivalent_output_paths_wait_for_one_output_writer ... ok
2026-10-07T01:29:50.9244380Z test writing_check_lower_and_cost_wait_while_build_owns_the_output_lock ... ok
2026-10-07T01:29:50.9245680Z 
2026-10-07T01:29:50.9247230Z test result: ok. 22 passed; 0 failed; 0 ignored; 0 measured; 0 filtered out; finished in 13.15s
2026-10-07T01:29:50.9248520Z 
2026-10-07T01:29:50.9252290Z [1m[92m     Running[0m tests/conformance.rs (target/debug/deps/conformance-137ce5f779a81e2d)
2026-10-07T01:29:50.9351190Z 
2026-10-07T01:29:50.9360680Z running 6 tests
2026-10-07T01:29:50.9388130Z test batch_root_relocation_preserves_literals_raw_strings_and_comments ... ok
2026-10-07T01:29:50.9444970Z test failure_shrinking_preserves_the_checker_failure_instead_of_a_parse_error ... ok
2026-10-07T01:29:50.9993870Z test native_process_deadline_reaps_a_hanging_child ... ok
2026-10-07T01:29:51.4900870Z test explicit_move_corpus_reaches_native_execution ... ok
2026-10-07T01:29:51.9852450Z test backend_shrinking_does_not_turn_an_oracle_error_into_a_compiler_reproducer ... ok
2026-10-07T01:29:53.0644340Z test corpus_and_bounded_generated_contracts_reach_native_execution ... ok
2026-10-07T01:29:53.0657630Z [1m[92m     Running[0m tests/constant_validation.rs (target/debug/deps/constant_validation-999f4d4a834f06e4)
2026-10-07T01:29:53.0659270Z 
2026-10-07T01:29:53.0662070Z test result: ok. 6 passed; 0 failed; 0 ignored; 0 measured; 0 filtered out; finished in 2.13s
2026-10-07T01:29:53.0664460Z 
2026-10-07T01:29:53.1268080Z 
2026-10-07T01:29:53.1272540Z running 10 tests
2026-10-07T01:29:53.1350420Z test builtin_widening_uses_resolution_and_result_casts_remain_opaque ... ok
2026-10-07T01:29:53.1371130Z test binding_facts_follow_reassignment_scope_and_continuing_branch_joins ... ok
2026-10-07T01:29:53.1408210Z test compound_failures_are_checked_even_in_dead_branches_and_short_circuit_rhs ... ok
2026-10-07T01:29:53.1486720Z test loop_writes_kill_facts_before_conditions_and_respect_shadowed_counter_bindings ... ok
2026-10-07T01:29:53.1572750Z test profile_dependent_intermediates_are_not_folded_to_a_known_zero ... ok
2026-10-07T01:29:53.1603470Z test compound_and_alias_zero_fail_after_type_check_in_all_widths_and_forms ... ok
2026-10-07T01:29:53.1696230Z test typed_ast_errors_precede_new_constant_diagnostics ... ok
2026-10-07T01:29:53.1730440Z test signed_minimum_division_and_remainder_are_static_failures_in_every_width ... ok
2026-10-07T01:29:53.2034350Z test compound_diagnostics_identify_original_modules_before_cargo ... ok
2026-10-07T01:29:54.9549600Z test minimum_negation_and_integer_oracle_build_and_run_in_both_profiles ... ok
2026-10-07T01:29:54.9550960Z 
2026-10-07T01:29:54.9552370Z test result: ok. 10 passed; 0 failed; 0 ignored; 0 measured; 0 filtered out; finished in 1.88s
2026-10-07T01:29:54.9553720Z 
2026-10-07T01:29:54.9557910Z [1m[92m     Running[0m tests/copy_capabilities.rs (target/debug/deps/copy_capabilities-d15357b6b9df47c2)
2026-10-07T01:29:54.9657610Z 
2026-10-07T01:29:54.9658900Z running 2 tests
2026-10-07T01:29:55.2558520Z test omitted_clone_adapter_reports_the_element_clone_bound ... ok
2026-10-07T01:29:55.8568370Z test manual_clone_adapter_copies_owned_enum_payloads_in_high_and_independent_low ... ok
2026-10-07T01:29:55.8569850Z 
2026-10-07T01:29:55.8571890Z test result: ok. 2 passed; 0 failed; 0 ignored; 0 measured; 0 filtered out; finished in 0.89s
2026-10-07T01:29:55.8572870Z 
2026-10-07T01:29:55.8574870Z [1m[92m     Running[0m tests/explicit_moves.rs (target/debug/deps/explicit_moves-44533d4481f89008)
2026-10-07T01:29:55.8658350Z 
2026-10-07T01:29:55.8662150Z running 9 tests
2026-10-07T01:29:56.0696190Z test explicit_move_preserves_use_after_move_borrow_partial_move_and_loop_checks ... ok
2026-10-07T01:29:56.1289780Z test copy_inputs_keep_ordinary_assignment_and_move_expected_type_inference ... ok
2026-10-07T01:29:56.2411210Z test implicit_noncopy_local_assignments_fail_at_the_original_source_line ... ok
2026-10-07T01:30:01.0677680Z test move_keeps_typed_constant_failures_and_profile_dependent_overflow ... ok
2026-10-07T01:30:01.1420060Z test move_operation_rejects_arity_type_arguments_and_future_transfer ... ok
2026-10-07T01:30:01.2054580Z test moving_nested_view_containers_keeps_escape_and_temporary_rejections ... ok
2026-10-07T01:30:55.8731600Z test canonical_aliases_shadowing_and_transparent_values_run_in_all_three_sources has been running for over 60 seconds
2026-10-07T01:30:55.8735590Z test identity_move_materializes_copy_values_and_keeps_bare_place_comparison_loans has been running for over 60 seconds
2026-10-07T01:30:56.1163330Z test identity_moves_preserve_rhs_failure_drop_order_and_async_cancellation has been running for over 60 seconds
2026-10-07T01:30:56.9026320Z test identity_moves_preserve_rhs_failure_drop_order_and_async_cancellation ... ok
2026-10-07T01:30:57.6523360Z test canonical_aliases_shadowing_and_transparent_values_run_in_all_three_sources ... ok
2026-10-07T01:30:58.3678030Z test identity_move_materializes_copy_values_and_keeps_bare_place_comparison_loans ... ok
2026-10-07T01:30:58.3679490Z 
2026-10-07T01:30:58.3681020Z test result: ok. 9 passed; 0 failed; 0 ignored; 0 measured; 0 filtered out; finished in 62.50s
2026-10-07T01:30:58.3682380Z 
2026-10-07T01:30:58.3692760Z [1m[92m     Running[0m tests/integer_arithmetic.rs (target/debug/deps/integer_arithmetic-96bda37201814946)
2026-10-07T01:30:58.3798900Z 
2026-10-07T01:30:58.3800480Z running 2 tests
2026-10-07T01:30:58.5063860Z test native_adapter_constant_overflow_keeps_rust_diagnostics ... ok
2026-10-07T01:30:59.1038190Z test constant_integer_arithmetic_preserves_release_wrapping_and_debug_panics ... ok
2026-10-07T01:30:59.1039710Z 
2026-10-07T01:30:59.1046080Z [1m[92m     Running[0m tests/integer_zero_division.rs (target/debug/deps/integer_zero_division-9bc09963741f05b1)
2026-10-07T01:30:59.1048540Z test result: ok. 2 passed; 0 failed; 0 ignored; 0 measured; 0 filtered out; finished in 0.72s
2026-10-07T01:30:59.1049570Z 
2026-10-07T01:30:59.1152600Z 
2026-10-07T01:30:59.1213470Z running 5 tests
2026-10-07T01:30:59.1224620Z test dynamic_aliases_remain_runtime_operations ... ok
2026-10-07T01:30:59.1229070Z test operand_and_earlier_type_errors_keep_priority_over_zero_divisor_errors ... ok
2026-10-07T01:30:59.1754500Z test explicit_integer_zero_divisors_fail_in_high_handwritten_low_and_saved_low ... ok
2026-10-07T01:30:59.4903080Z test cli_rejects_zero_at_the_original_file_and_line_before_cargo ... ok
2026-10-07T01:31:01.8499100Z test dynamic_zero_nonzero_and_float_controls_compile_and_run_in_both_profiles ... ok
2026-10-07T01:31:01.8501240Z 
2026-10-07T01:31:01.8502970Z test result: ok. 5 passed; 0 failed; 0 ignored; 0 measured; 0 filtered out; finished in 2.73s
2026-10-07T01:31:01.8504480Z 
2026-10-07T01:31:01.8507040Z [1m[92m     Running[0m tests/output_safety.rs (target/debug/deps/output_safety-c25afdcb06074309)
2026-10-07T01:31:01.8600150Z 
2026-10-07T01:31:01.8600880Z running 10 tests
2026-10-07T01:31:01.8783760Z test custom_project_manifest_is_protected_before_generated_outputs ... ok
2026-10-07T01:31:01.8823130Z test build_preflights_rust_adapter_before_writing_any_generated_files ... ok
2026-10-07T01:31:01.9007660Z test aliased_generated_outputs_are_rejected_without_partial_writes ... ok
2026-10-07T01:31:01.9217780Z test include_text_assets_are_protected_in_generated_and_map_outputs ... ok
2026-10-07T01:31:01.9740880Z test every_generated_file_rejects_a_hard_link_to_an_imported_source ... ok
2026-10-07T01:31:01.9852550Z test loaded_empty_module_filters_produce_empty_type_and_call_graphs ... ok
2026-10-07T01:31:01.9912800Z test native_low_is_not_replaced_by_check_or_lower_output ... ok
2026-10-07T01:31:02.0023030Z test symlinked_generated_paths_preserve_all_inputs ... ok
2026-10-07T01:31:02.0611260Z test repeated_checks_and_build_preparation_keep_existing_generated_outputs_usable ... ok
2026-10-07T01:31:02.4296490Z test map_formats_protect_hard_links_to_sources_manifest_and_rust_adapter ... ok
2026-10-07T01:31:02.4298120Z 
2026-10-07T01:31:02.4299810Z test result: ok. 10 passed; 0 failed; 0 ignored; 0 measured; 0 filtered out; finished in 0.57s
2026-10-07T01:31:02.4301050Z 
2026-10-07T01:31:02.4302710Z [1m[92m     Running[0m tests/project.rs (target/debug/deps/project-f3c04c992d8fb9a9)
2026-10-07T01:31:02.4399580Z 
2026-10-07T01:31:02.4417920Z running 12 tests
2026-10-07T01:31:02.4700530Z test actual_cli_manifest_and_import_errors_point_to_original_files ... ok
2026-10-07T01:31:02.4786020Z test cli_overrides_scalars_and_dependency_versions_and_adds_native_files ... ok
2026-10-07T01:31:02.4793270Z test dependency_alias_collision_across_manifest_and_cli_is_rejected ... ok
2026-10-07T01:31:02.5233870Z test actual_cli_checks_entry_with_low_support_from_a_subdirectory ... ok
2026-10-07T01:31:02.5237780Z test explicit_source_keeps_legacy_behavior_even_next_to_a_broken_manifest ... ok
2026-10-07T01:31:02.5241120Z test invalid_commands_and_flags_fail_before_loading_sources ... ok
2026-10-07T01:31:02.5246670Z test manifest_typos_wrong_types_duplicates_and_empty_paths_are_rejected ... ok
2026-10-07T01:31:02.5250190Z test nearest_project_uses_manifest_relative_paths_from_any_subdirectory ... ok
2026-10-07T01:31:02.5253580Z test rust_diagnostic_details_are_an_explicit_build_or_run_option ... ok
2026-10-07T01:32:02.6474090Z test a_borrowed_record_field_does_not_block_moving_a_disjoint_field has been running for over 60 seconds
2026-10-07T01:32:02.6767170Z test actual_run_uses_rust_dependencies_and_a_stable_project_working_directory has been running for over 60 seconds
2026-10-07T01:32:02.7777440Z test escaped_record_and_route_names_preserve_json_sqlite_and_rust_bridges has been running for over 60 seconds
2026-10-07T01:33:18.3537470Z test a_borrowed_record_field_does_not_block_moving_a_disjoint_field ... ok
2026-10-07T01:33:20.8314100Z test escaped_record_and_route_names_preserve_json_sqlite_and_rust_bridges ... ok
2026-10-07T01:33:38.9757080Z test actual_run_uses_rust_dependencies_and_a_stable_project_working_directory ... ok
2026-10-07T01:33:38.9759780Z [1m[92m     Running[0m tests/scope_runtime_contract.rs (target/debug/deps/scope_runtime_contract-fca7286b84fbd4f8)
2026-10-07T01:33:38.9760890Z 
2026-10-07T01:33:38.9761910Z test result: ok. 12 passed; 0 failed; 0 ignored; 0 measured; 0 filtered out; finished in 156.54s
2026-10-07T01:33:38.9762820Z 
2026-10-07T01:33:38.9855380Z 
2026-10-07T01:33:38.9856120Z running 1 test
2026-10-07T01:33:58.3029920Z test generated_scope_failure_and_cancellation_contract_runs_with_the_real_runtime ... ok
2026-10-07T01:33:58.3033520Z [1m[92m     Running[0m tests/shared_field_moves.rs (target/debug/deps/shared_field_moves-c99724a436ac75c8)
2026-10-07T01:33:58.3034890Z 
2026-10-07T01:33:58.3036080Z test result: ok. 1 passed; 0 failed; 0 ignored; 0 measured; 0 filtered out; finished in 19.32s
2026-10-07T01:33:58.3037140Z 
2026-10-07T01:33:58.3116580Z 
2026-10-07T01:33:58.3117070Z running 4 tests
2026-10-07T01:33:58.3466180Z test nested_shared_parents_and_call_temporaries_cannot_supply_owned_fields ... ok
2026-10-07T01:33:58.3951930Z test shared_field_moves_are_rejected_in_each_consuming_context_in_high_and_handwritten_low ... ok
2026-10-07T01:33:58.4155350Z test invalid_shared_field_moves_fail_before_check_build_or_run_needs_cargo ... ok
2026-10-07T01:34:00.7530630Z test valid_arc_moves_copy_fields_and_explicit_copies_run_in_high_and_independent_low ... ok
2026-10-07T01:34:00.7532810Z 
2026-10-07T01:34:00.7534040Z test result: ok. 4 passed; 0 failed; 0 ignored; 0 measured; 0 filtered out; finished in 2.44s
2026-10-07T01:34:00.7535180Z 
2026-10-07T01:34:00.7538540Z [1m[92m     Running[0m tests/shared_target.rs (target/debug/deps/shared_target-8902f14d1bc0c7b9)
2026-10-07T01:34:00.7637850Z 
2026-10-07T01:34:00.7639670Z running 3 tests
2026-10-07T01:34:00.7709570Z test repeated_timestamps_keep_fixture_ownership_distinct ... ok
2026-10-07T01:34:04.7216810Z test explicitly_shared_targets_keep_application_identity_stable_and_generations_distinct ... ok
2026-10-07T01:34:04.7235390Z test default_shared_targets_keep_application_identity_stable_and_generations_distinct ... ok
2026-10-07T01:34:04.7238540Z 
2026-10-07T01:34:04.7241090Z [1m[92m     Running[0m tests/task_handles.rs (target/debug/deps/task_handles-29d84e148203c0ad)
2026-10-07T01:34:04.7248830Z test result: ok. 3 passed; 0 failed; 0 ignored; 0 measured; 0 filtered out; finished in 3.96s
2026-10-07T01:34:04.7252560Z 
2026-10-07T01:34:04.7360300Z 
2026-10-07T01:34:04.7370720Z running 8 tests
2026-10-07T01:34:04.8143360Z test canonical_task_metadata_survives_saved_low_and_user_task_names ... ok
2026-10-07T01:34:04.9148070Z test raw_check_registers_contextual_task_and_preserves_obligation ... ok
2026-10-07T01:34:36.7447530Z test task_conditional_consumption::always_evaluated_receipts_and_lazy_values_run_in_three_sources ... ok
2026-10-07T01:34:39.1365810Z test native_business_fault_cleanup_and_branch_contracts ... ok
2026-10-07T01:34:49.8498260Z test bounded_generated_task_paths_reach_native ... ok
2026-10-07T01:35:04.8182650Z test positive_contracts_build_and_run_high_saved_and_handwritten_low has been running for over 60 seconds
2026-10-07T01:35:04.9029420Z test task_service::legacy_supervisor_terminal_and_normal_shutdown_reach_real_http ... ok
2026-10-07T01:35:07.3266460Z test task_service_s2::typed_monitor_preserves_service_errors_shutdown_and_parent_drop ... ok
2026-10-07T01:36:04.7440910Z test positive_contracts_build_and_run_high_saved_and_handwritten_low ... ok
2026-10-07T01:36:04.7442370Z 
2026-10-07T01:36:04.7443810Z test result: ok. 8 passed; 0 failed; 0 ignored; 0 measured; 0 filtered out; finished in 120.01s
2026-10-07T01:36:04.7445310Z 
2026-10-07T01:36:04.7454950Z [1m[92m     Running[0m tests/view_branch_rebinding.rs (target/debug/deps/view_branch_rebinding-84e2bc34d4407937)
2026-10-07T01:36:04.7559940Z 
2026-10-07T01:36:04.7560870Z running 4 tests
2026-10-07T01:36:04.7626180Z test local_views_still_cannot_escape_a_terminating_or_continuing_branch ... ok
2026-10-07T01:36:04.7655360Z test terminating_parent_blocks_respect_loop_and_pattern_binding_names ... ok
2026-10-07T01:36:04.7685090Z test branch_copies_are_synthetic_and_preserve_public_and_callback_lifetimes ... ok
2026-10-07T01:36:06.3406840Z test terminating_view_updates_compile_and_run_in_high_saved_low_and_handwritten_low ... ok
2026-10-07T01:36:06.3407990Z 
2026-10-07T01:36:06.3409150Z test result: ok. 4 passed; 0 failed; 0 ignored; 0 measured; 0 filtered out; finished in 1.58s
2026-10-07T01:36:06.3410250Z 
2026-10-07T01:36:06.3414840Z [1m[92m     Running[0m tests/view_container_drop.rs (target/debug/deps/view_container_drop-249c3ee9a54bb98c)
2026-10-07T01:36:06.3516310Z 
2026-10-07T01:36:06.3517270Z running 1 test
2026-10-07T01:36:09.5425360Z test local_view_container_replacement_preserves_allocations_and_drop_order ... ok
2026-10-07T01:36:09.5427010Z 
2026-10-07T01:36:09.5428810Z test result: ok. 1 passed; 0 failed; 0 ignored; 0 measured; 0 filtered out; finished in 3.19s
2026-10-07T01:36:09.5430530Z 
2026-10-07T01:36:09.5437450Z [1m[92m     Running[0m tests/view_container_rebinding.rs (target/debug/deps/view_container_rebinding-1f4cdd8b1aae378f)
2026-10-07T01:36:09.5540290Z 
2026-10-07T01:36:09.5541860Z running 4 tests
2026-10-07T01:36:09.5576380Z test local_container_escape_stays_rejected_in_high_and_low ... ok
2026-10-07T01:36:10.0459750Z test restore_rhs_keeps_its_source_line_and_generated_slots_are_synthetic ... ok
2026-10-07T01:36:10.6069150Z test move_phi_and_mutation_fixtures_use_the_container_flow_plan ... ok
2026-10-07T01:36:13.6281800Z test owning_view_container_rebinding_runs_in_high_saved_low_and_handwritten_low ... ok
2026-10-07T01:36:13.6283000Z 
2026-10-07T01:36:13.6284350Z test result: ok. 4 passed; 0 failed; 0 ignored; 0 measured; 0 filtered out; finished in 4.07s
2026-10-07T01:36:13.6285430Z 
2026-10-07T01:36:13.6299510Z [1m[92m     Running[0m tests/view_flow_completion.rs (target/debug/deps/view_flow_completion-f0b968a02315b268)
2026-10-07T01:36:13.6465190Z 
2026-10-07T01:36:13.6499960Z running 3 tests
2026-10-07T01:36:13.6503550Z test completion_keeps_local_and_iterator_owner_escape_rejections ... ok
2026-10-07T01:36:13.6856250Z test scopes_keep_lexical_storage_and_route_nested_errors ... ok
2026-10-07T01:36:16.7851040Z test owned_storage_loops_and_async_compile_and_run_in_all_source_forms ... ok
2026-10-07T01:36:16.7851850Z 
2026-10-07T01:36:16.7852830Z test result: ok. 3 passed; 0 failed; 0 ignored; 0 measured; 0 filtered out; finished in 3.14s
2026-10-07T01:36:16.7853680Z 
2026-10-07T01:36:16.7861910Z [1m[92m     Running[0m tests/view_flow_foundation.rs (target/debug/deps/view_flow_foundation-92e8a8f6c6617b56)
2026-10-07T01:36:16.7948760Z 
2026-10-07T01:36:16.7951970Z running 2 tests
2026-10-07T01:36:16.8370130Z test observer_lowering_does_not_accept_local_owner_escapes ... ok
2026-10-07T01:36:19.4123200Z test return_observers_and_match_edges_compile_and_run_in_all_source_forms ... ok
2026-10-07T01:36:19.4124160Z 
2026-10-07T01:36:19.4125290Z test result: ok. 2 passed; 0 failed; 0 ignored; 0 measured; 0 filtered out; finished in 2.62s
2026-10-07T01:36:19.4126150Z 
2026-10-07T01:36:19.4337370Z ##[group]Run cargo test --locked -p nagic --test sqlite_contract_inputs
2026-10-07T01:36:19.4338820Z [36;1mcargo test --locked -p nagic --test sqlite_contract_inputs[0m
2026-10-07T01:36:19.4471680Z shell: /bin/bash -e {0}
2026-10-07T01:36:19.4472240Z env:
2026-10-07T01:36:19.4472950Z   NAGI_FAILURE_DIR: /Users/runner/work/Nagi/Nagi/build/compiler-failures
2026-10-07T01:36:19.4473930Z   CARGO_HOME: /Users/runner/.cargo
2026-10-07T01:36:19.4474560Z   CARGO_INCREMENTAL: 0
2026-10-07T01:36:19.4475050Z   CARGO_TERM_COLOR: always
2026-10-07T01:36:19.4475840Z   pythonLocation: /Users/runner/hostedtoolcache/Python/3.12.10/x64
2026-10-07T01:36:19.4477100Z   PKG_CONFIG_PATH: /Users/runner/hostedtoolcache/Python/3.12.10/x64/lib/pkgconfig
2026-10-07T01:36:19.4478310Z   Python_ROOT_DIR: /Users/runner/hostedtoolcache/Python/3.12.10/x64
2026-10-07T01:36:19.4479480Z   Python2_ROOT_DIR: /Users/runner/hostedtoolcache/Python/3.12.10/x64
2026-10-07T01:36:19.4480750Z   Python3_ROOT_DIR: /Users/runner/hostedtoolcache/Python/3.12.10/x64
2026-10-07T01:36:19.4481650Z ##[endgroup]
2026-10-07T01:36:19.6454130Z [1m[92m   Compiling[0m nagic v0.1.11 (/Users/runner/work/Nagi/Nagi/compiler)
2026-10-07T01:36:20.3519250Z [1m[92m    Finished[0m `test` profile [unoptimized + debuginfo] target(s) in 0.81s
2026-10-07T01:36:20.3592680Z [1m[92m     Running[0m tests/sqlite_contract_inputs.rs (target/debug/deps/sqlite_contract_inputs-b591bca5d442e9c4)
2026-10-07T01:36:20.3692310Z 
2026-10-07T01:36:20.3693410Z running 2 tests
2026-10-07T01:36:20.3758970Z test planned_rejection_anchors_identify_original_fixture_lines_and_lexer_tokens ... ok
2026-10-07T01:36:20.3831370Z test every_planned_high_and_handwritten_low_input_parses_before_module_resolution ... ok
2026-10-07T01:36:20.3832450Z 
2026-10-07T01:36:20.3833490Z test result: ok. 2 passed; 0 failed; 0 ignored; 0 measured; 0 filtered out; finished in 0.01s
2026-10-07T01:36:20.3834440Z 
2026-10-07T01:36:20.4002520Z ##[group]Run set -o pipefail
2026-10-07T01:36:20.4003610Z [36;1mset -o pipefail[0m
2026-10-07T01:36:20.4005110Z [36;1mcargo test --locked -p nagi-runtime --lib task::tests:: 2>&1 | tee "$RUNNER_TEMP/task-runtime.log"[0m
2026-10-07T01:36:20.4008730Z [36;1mpython -c 'import pathlib,re,os; text=pathlib.Path(os.environ["RUNNER_TEMP"],"task-runtime.log").read_text(); assert re.search(r"test result: ok\. 17 passed; 0 failed; 0 ignored;",text),text'[0m
2026-10-07T01:36:20.4011790Z [36;1mcargo test --locked -p nagi-runtime --test task_handles[0m
2026-10-07T01:36:20.4012780Z [36;1mcargo test --locked -p nagi-runtime --doc[0m
2026-10-07T01:36:20.4120220Z shell: /bin/bash --noprofile --norc -e -o pipefail {0}
2026-10-07T01:36:20.4121460Z env:
2026-10-07T01:36:20.4122430Z   NAGI_FAILURE_DIR: /Users/runner/work/Nagi/Nagi/build/compiler-failures
2026-10-07T01:36:20.4123510Z   CARGO_HOME: /Users/runner/.cargo
2026-10-07T01:36:20.4124170Z   CARGO_INCREMENTAL: 0
2026-10-07T01:36:20.4124940Z   CARGO_TERM_COLOR: always
2026-10-07T01:36:20.4125960Z   pythonLocation: /Users/runner/hostedtoolcache/Python/3.12.10/x64
2026-10-07T01:36:20.4127500Z   PKG_CONFIG_PATH: /Users/runner/hostedtoolcache/Python/3.12.10/x64/lib/pkgconfig
2026-10-07T01:36:20.4129230Z   Python_ROOT_DIR: /Users/runner/hostedtoolcache/Python/3.12.10/x64
2026-10-07T01:36:20.4130460Z   Python2_ROOT_DIR: /Users/runner/hostedtoolcache/Python/3.12.10/x64
2026-10-07T01:36:20.4131700Z   Python3_ROOT_DIR: /Users/runner/hostedtoolcache/Python/3.12.10/x64
2026-10-07T01:36:20.4132780Z ##[endgroup]
2026-10-07T01:36:20.7522720Z [1m[92m   Compiling[0m proc-macro2 v1.0.107
2026-10-07T01:36:20.7550900Z [1m[92m   Compiling[0m unicode-ident v1.0.26
2026-10-07T01:36:20.7590530Z [1m[92m   Compiling[0m quote v1.0.47
2026-10-07T01:36:20.7602810Z [1m[92m   Compiling[0m libc v0.2.189
2026-10-07T01:36:21.0402800Z [1m[92m   Compiling[0m bytes v1.12.1
2026-10-07T01:36:21.4690450Z [1m[92m   Compiling[0m pin-project-lite v0.2.17
2026-10-07T01:36:21.6202040Z [1m[92m   Compiling[0m version_check v0.9.5
2026-10-07T01:36:22.2672570Z [1m[92m   Compiling[0m generic-array v0.14.7
2026-10-07T01:36:22.7456430Z [1m[92m   Compiling[0m futures-core v0.3.34
2026-10-07T01:36:23.0543580Z [1m[92m   Compiling[0m cfg-if v1.0.5
2026-10-07T01:36:23.2669360Z [1m[92m   Compiling[0m zerocopy v0.8.59
2026-10-07T01:36:23.9953830Z [1m[92m   Compiling[0m http v1.5.0
2026-10-07T01:36:24.3128240Z [1m[92m   Compiling[0m typenum v1.20.1
2026-10-07T01:36:24.7053250Z [1m[92m   Compiling[0m syn v3.0.6
2026-10-07T01:36:24.8565310Z [1m[92m   Compiling[0m errno v0.3.14
2026-10-07T01:36:25.1593070Z [1m[92m   Compiling[0m signal-hook-registry v1.4.8
2026-10-07T01:36:25.9096650Z [1m[92m   Compiling[0m mio v1.2.3
2026-10-07T01:36:26.4975120Z [1m[92m   Compiling[0m socket2 v0.6.5
2026-10-07T01:36:27.5754770Z [1m[92m   Compiling[0m getrandom v0.3.4
2026-10-07T01:36:27.8256230Z [1m[92m   Compiling[0m httparse v1.10.1
2026-10-07T01:36:28.2023110Z [1m[92m   Compiling[0m serde_core v1.0.229
2026-10-07T01:36:28.9201280Z [1m[92m   Compiling[0m log v0.4.34
2026-10-07T01:36:29.7926090Z [1m[92m   Compiling[0m block-buffer v0.10.4
2026-10-07T01:36:30.0199830Z [1m[92m   Compiling[0m crypto-common v0.1.7
2026-10-07T01:36:30.2318160Z [1m[92m   Compiling[0m rand_core v0.9.5
2026-10-07T01:36:31.2685360Z [1m[92m   Compiling[0m http-body v1.1.0
2026-10-07T01:36:31.5140060Z [1m[92m   Compiling[0m once_cell v1.21.4
2026-10-07T01:36:31.9971410Z [1m[92m   Compiling[0m thiserror v2.0.21
2026-10-07T01:36:32.7982140Z [1m[92m   Compiling[0m tracing-core v0.1.36
2026-10-07T01:36:34.4326390Z [1m[92m   Compiling[0m digest v0.10.7
2026-10-07T01:36:34.8150420Z [1m[92m   Compiling[0m tower-service v0.3.3
2026-10-07T01:36:34.9530430Z [1m[92m   Compiling[0m smallvec v1.16.2
2026-10-07T01:36:35.4241770Z [1m[92m   Compiling[0m futures-sink v0.3.34
2026-10-07T01:36:35.5915310Z [1m[92m   Compiling[0m futures-task v0.3.34
2026-10-07T01:36:35.9876410Z [1m[92m   Compiling[0m slab v0.4.12
2026-10-07T01:36:36.3563090Z [1m[92m   Compiling[0m serde v1.0.229
2026-10-07T01:36:36.4570930Z [1m[92m   Compiling[0m tokio-macros v2.7.2
2026-10-07T01:36:36.6726550Z [1m[92m   Compiling[0m thiserror-impl v2.0.21
2026-10-07T01:36:36.9890400Z [1m[92m   Compiling[0m futures-macro v0.3.34
2026-10-07T01:36:38.1729370Z [1m[92m   Compiling[0m tokio v1.53.1
2026-10-07T01:36:38.8909870Z [1m[92m   Compiling[0m cpufeatures v0.2.17
2026-10-07T01:36:38.9906410Z [1m[92m   Compiling[0m sha1 v0.10.7
2026-10-07T01:36:39.4737560Z [1m[92m   Compiling[0m futures-util v0.3.34
2026-10-07T01:36:40.4461460Z [1m[92m   Compiling[0m serde_derive v1.0.229
2026-10-07T01:36:41.6574910Z [1m[92m   Compiling[0m ppv-lite86 v0.2.21
2026-10-07T01:36:42.5687550Z [1m[92m   Compiling[0m rand_chacha v0.9.0
2026-10-07T01:36:43.2165040Z [1m[92m   Compiling[0m rand v0.9.5
2026-10-07T01:36:44.5000680Z [1m[92m   Compiling[0m tracing v0.1.44
2026-10-07T01:36:44.9846950Z [1m[92m   Compiling[0m futures-channel v0.3.34
2026-10-07T01:36:45.3649370Z [1m[92m   Compiling[0m sync_wrapper v1.0.2
2026-10-07T01:36:45.4775680Z [1m[92m   Compiling[0m serde_json v1.0.151
2026-10-07T01:36:45.5794900Z [1m[92m   Compiling[0m tower-layer v0.3.3
2026-10-07T01:36:45.8488800Z [1m[92m   Compiling[0m data-encoding v2.11.1
2026-10-07T01:36:46.0464810Z [1m[92m   Compiling[0m httpdate v1.0.3
2026-10-07T01:36:46.5013750Z [1m[92m   Compiling[0m atomic-waker v1.1.2
2026-10-07T01:36:46.6610320Z [1m[92m   Compiling[0m percent-encoding v2.3.2
2026-10-07T01:36:46.9576290Z [1m[92m   Compiling[0m form_urlencoded v1.2.2
2026-10-07T01:36:47.1832390Z [1m[92m   Compiling[0m tungstenite v0.29.0
2026-10-07T01:36:47.7434520Z [1m[92m   Compiling[0m http-body-util v0.1.5
2026-10-07T01:36:48.2345220Z [1m[92m   Compiling[0m mime v0.3.17
2026-10-07T01:36:48.2963080Z [1m[92m   Compiling[0m ryu v1.0.23
2026-10-07T01:36:48.6051210Z [1m[92m   Compiling[0m hyper v1.11.1
2026-10-07T01:36:48.8344770Z [1m[92m   Compiling[0m memchr v2.8.3
2026-10-07T01:36:49.5950930Z [1m[92m   Compiling[0m axum-core v0.5.6
2026-10-07T01:36:52.1942340Z [1m[92m   Compiling[0m hyper-util v0.1.21
2026-10-07T01:36:52.7186700Z [1m[92m   Compiling[0m serde_urlencoded v0.7.1
2026-10-07T01:36:52.9003060Z [1m[92m   Compiling[0m tower v0.5.3
2026-10-07T01:36:53.3533790Z [1m[92m   Compiling[0m deadpool-runtime v0.3.1
2026-10-07T01:36:53.4960820Z [1m[92m   Compiling[0m tokio-tungstenite v0.29.0
2026-10-07T01:36:53.6534490Z [1m[92m   Compiling[0m serde_path_to_error v0.1.20
2026-10-07T01:36:53.9822250Z [1m[92m   Compiling[0m base64 v0.22.1
2026-10-07T01:36:54.1406770Z [1m[92m   Compiling[0m matchit v0.8.4
2026-10-07T01:36:54.1490000Z [1m[92m   Compiling[0m rusqlite v0.40.2
2026-10-07T01:36:54.7246730Z [1m[92m   Compiling[0m axum v0.8.9
2026-10-07T01:36:54.7815050Z [1m[92m   Compiling[0m deadpool v0.13.1
2026-10-07T01:36:55.0277910Z [1m[92m   Compiling[0m bumpalo v3.20.3
2026-10-07T01:37:03.4044470Z [1m[92m   Compiling[0m nagi-runtime v0.1.11 (/Users/runner/work/Nagi/Nagi/runtime)
2026-10-07T01:37:41.0235670Z [1m[92m    Finished[0m `test` profile [unoptimized + debuginfo] target(s) in 1m 20s
2026-10-07T01:37:41.0325100Z [1m[92m     Running[0m unittests src/lib.rs (target/debug/deps/nagi_runtime-4080976bff621759)
2026-10-07T01:37:41.0475060Z 
2026-10-07T01:37:41.0477980Z running 17 tests
2026-10-07T01:37:41.0514690Z test task::tests::discard_keeps_fault_and_legacy_error_observation ... ok
2026-10-07T01:37:41.0539810Z test task::tests::cancelled_drain_can_resume_after_child_drop_gate ... ok
2026-10-07T01:37:41.0565210Z test task::tests::fault_return_waits_for_requested_sibling_cleanup_and_actual_join ... ok
2026-10-07T01:37:41.0589420Z test task::tests::heterogeneous_results_and_business_error_keep_sibling_healthy ... ok
2026-10-07T01:37:41.0606350Z test task::tests::parent_drop_requests_abort_but_does_not_report_child_destruction_complete ... ok
2026-10-07T01:37:41.0620960Z test task::tests::legacy_structured_cause_preserves_kind_message_and_primary_after_later_fault ... ok
2026-10-07T01:37:41.0626740Z test task::tests::received_fault_remains_sticky_at_scope_exit ... ok
2026-10-07T01:37:41.0629010Z test task::tests::receiver_notification_cannot_replace_actual_join ... ok
2026-10-07T01:37:41.0632050Z test task::tests::payload_drop_locations_distinguish_failed_send_buffer_and_received_value ... ok
2026-10-07T01:37:41.0636330Z test task::tests::requested_cancel_does_not_hide_already_returned_legacy_error ... ok
2026-10-07T01:37:41.0639650Z test task::tests::spawn_after_fault_keeps_input_evaluation_and_actual_join_responsibility ... ok
2026-10-07T01:37:41.0643350Z test task::tests::requested_cancel_preserves_panic_and_unrequested_cancel_is_fault ... ok
2026-10-07T01:37:41.0646490Z test task::tests::target_other_than_first_join_and_body_error_primary_are_preserved ... ok
2026-10-07T01:37:41.0649000Z test task::tests::unpolled_and_pending_receive_drop_keep_scope_join_responsibility ... ok
2026-10-07T01:37:41.0651670Z test task::tests::wrong_owner_and_missing_output_are_protocol_errors_without_stolen_join ... ok
2026-10-07T01:37:41.0655050Z test task::tests::fake_native_id_reuse_does_not_mix_unreceived_tickets_and_retire_records ... ok
2026-10-07T01:37:41.0657010Z test task::tests::sticky_receive_retires_its_joined_ticket ... ok
2026-10-07T01:37:41.0657830Z 
2026-10-07T01:37:41.0659020Z test result: ok. 17 passed; 0 failed; 0 ignored; 0 measured; 191 filtered out; finished in 0.02s
2026-10-07T01:37:41.0660200Z 
2026-10-07T01:37:41.4490300Z [1m[92m   Compiling[0m nagi-runtime v0.1.11 (/Users/runner/work/Nagi/Nagi/runtime)
2026-10-07T01:37:50.4673200Z [1m[92m    Finished[0m `test` profile [unoptimized + debuginfo] target(s) in 9.17s
2026-10-07T01:37:50.4811420Z [1m[92m     Running[0m tests/task_handles.rs (target/debug/deps/task_handles-c236fd50c190eaff)
2026-10-07T01:37:50.4926240Z 
2026-10-07T01:37:50.4930550Z running 3 tests
2026-10-07T01:37:50.4947370Z test public_mixed_legacy_failure_keeps_failure_category_and_native_exit_error ... ok
2026-10-07T01:37:50.4950740Z test public_failure_getters_keep_fault_sticky_after_receive ... ok
2026-10-07T01:37:50.4953860Z test public_task_results_keep_business_error_inside_and_legacy_error_at_exit ... ok
2026-10-07T01:37:50.4955160Z 
2026-10-07T01:37:50.4956540Z test result: ok. 3 passed; 0 failed; 0 ignored; 0 measured; 0 filtered out; finished in 0.00s
2026-10-07T01:37:50.4957820Z 
2026-10-07T01:37:50.7290230Z [1m[92m    Finished[0m `test` profile [unoptimized + debuginfo] target(s) in 0.16s
2026-10-07T01:37:50.7410090Z [1m[92m   Doc-tests[0m nagi_runtime
2026-10-07T01:37:51.0774960Z 
2026-10-07T01:37:51.0811490Z running 9 tests
2026-10-07T01:37:51.2742970Z test runtime/src/auth.rs - auth::Principal (line 13) - compile fail ... ok
2026-10-07T01:37:51.3744960Z test runtime/src/auth.rs - auth::Grant (line 53) - compile fail ... ok
2026-10-07T01:37:51.4749490Z test runtime/src/auth.rs - auth::Principal (line 16) - compile fail ... ok
2026-10-07T01:37:51.5754560Z test runtime/src/auth.rs - auth::Principal (line 20) - compile fail ... ok
2026-10-07T01:37:51.6199930Z test runtime/src/auth.rs - auth::Grant (line 48) - compile fail ... ok
2026-10-07T01:37:51.6208320Z test runtime/src/task.rs - task::Task (line 87) - compile fail ... ok
2026-10-07T01:37:51.6211810Z test runtime/src/task.rs - task::Task (line 94) - compile fail ... ok
2026-10-07T01:37:51.6630920Z test runtime/src/task.rs - task::Task (line 83) - compile fail ... ok
2026-10-07T01:37:51.7087910Z test runtime/src/task.rs - task::TaskFailure (line 59) - compile fail ... ok
2026-10-07T01:37:51.7089190Z 
2026-10-07T01:37:51.7092340Z test result: ok. 9 passed; 0 failed; 0 ignored; 0 measured; 0 filtered out; finished in 0.63s
2026-10-07T01:37:51.7093720Z 
2026-10-07T01:37:51.7345770Z ##[group]Run cargo run --locked -p nagic --example task-contract-red -- --report "$RUNNER_TEMP/task-contracts.json"
2026-10-07T01:37:51.7348900Z [36;1mcargo run --locked -p nagic --example task-contract-red -- --report "$RUNNER_TEMP/task-contracts.json"[0m
2026-10-07T01:37:51.7505500Z shell: /bin/bash --noprofile --norc -e -o pipefail {0}
2026-10-07T01:37:51.7506700Z env:
2026-10-07T01:37:51.7507740Z   NAGI_FAILURE_DIR: /Users/runner/work/Nagi/Nagi/build/compiler-failures
2026-10-07T01:37:51.7509410Z   CARGO_HOME: /Users/runner/.cargo
2026-10-07T01:37:51.7510250Z   CARGO_INCREMENTAL: 0
2026-10-07T01:37:51.7510990Z   CARGO_TERM_COLOR: always
2026-10-07T01:37:51.7513130Z   pythonLocation: /Users/runner/hostedtoolcache/Python/3.12.10/x64
2026-10-07T01:37:51.7514960Z   PKG_CONFIG_PATH: /Users/runner/hostedtoolcache/Python/3.12.10/x64/lib/pkgconfig
2026-10-07T01:37:51.7516670Z   Python_ROOT_DIR: /Users/runner/hostedtoolcache/Python/3.12.10/x64
2026-10-07T01:37:51.7518250Z   Python2_ROOT_DIR: /Users/runner/hostedtoolcache/Python/3.12.10/x64
2026-10-07T01:37:51.7519900Z   Python3_ROOT_DIR: /Users/runner/hostedtoolcache/Python/3.12.10/x64
2026-10-07T01:37:51.7521140Z ##[endgroup]
2026-10-07T01:37:51.9972180Z [1m[92m   Compiling[0m nagic v0.1.11 (/Users/runner/work/Nagi/Nagi/compiler)
2026-10-07T01:37:52.9221450Z [1m[92m    Finished[0m `dev` profile [unoptimized + debuginfo] target(s) in 1.04s
2026-10-07T01:37:52.9288800Z [1m[92m     Running[0m `target/debug/examples/task-contract-red --report /Users/runner/work/_temp/task-contracts.json`
2026-10-07T01:37:54.6973750Z Task contracts: 148/148 matched; report: /Users/runner/work/_temp/task-contracts.json
2026-10-07T01:37:54.7084210Z ##[group]Run python scripts/verify_library_examples.py --only task-results
2026-10-07T01:37:54.7087030Z [36;1mpython scripts/verify_library_examples.py --only task-results[0m
2026-10-07T01:37:54.7180530Z shell: /bin/bash -e {0}
2026-10-07T01:37:54.7181310Z env:
2026-10-07T01:37:54.7182320Z   NAGI_FAILURE_DIR: /Users/runner/work/Nagi/Nagi/build/compiler-failures
2026-10-07T01:37:54.7183660Z   CARGO_HOME: /Users/runner/.cargo
2026-10-07T01:37:54.7184540Z   CARGO_INCREMENTAL: 0
2026-10-07T01:37:54.7185310Z   CARGO_TERM_COLOR: always
2026-10-07T01:37:54.7186380Z   pythonLocation: /Users/runner/hostedtoolcache/Python/3.12.10/x64
2026-10-07T01:37:54.7188120Z   PKG_CONFIG_PATH: /Users/runner/hostedtoolcache/Python/3.12.10/x64/lib/pkgconfig
2026-10-07T01:37:54.7189970Z   Python_ROOT_DIR: /Users/runner/hostedtoolcache/Python/3.12.10/x64
2026-10-07T01:37:54.7191510Z   Python2_ROOT_DIR: /Users/runner/hostedtoolcache/Python/3.12.10/x64
2026-10-07T01:37:54.7193470Z   Python3_ROOT_DIR: /Users/runner/hostedtoolcache/Python/3.12.10/x64
2026-10-07T01:37:54.7194700Z ##[endgroup]
2026-10-07T01:37:59.7444940Z Passed: task-results (high)
2026-10-07T01:38:04.3095120Z Passed: task-results (saved-low)
2026-10-07T01:38:08.6343060Z Passed: task-results (handwritten-low)
2026-10-07T01:38:08.6469150Z {"forms": 3, "status": "passed"}
2026-10-07T01:38:08.6749160Z ##[group]Run python scripts/verify_library_examples.py --only supervised-service
2026-10-07T01:38:08.6750820Z [36;1mpython scripts/verify_library_examples.py --only supervised-service[0m
2026-10-07T01:38:08.6867800Z shell: /bin/bash -e {0}
2026-10-07T01:38:08.6868430Z env:
2026-10-07T01:38:08.6869290Z   NAGI_FAILURE_DIR: /Users/runner/work/Nagi/Nagi/build/compiler-failures
2026-10-07T01:38:08.6870360Z   CARGO_HOME: /Users/runner/.cargo
2026-10-07T01:38:08.6871120Z   CARGO_INCREMENTAL: 0
2026-10-07T01:38:08.6871760Z   CARGO_TERM_COLOR: always
2026-10-07T01:38:08.6872650Z   pythonLocation: /Users/runner/hostedtoolcache/Python/3.12.10/x64
2026-10-07T01:38:08.6874180Z   PKG_CONFIG_PATH: /Users/runner/hostedtoolcache/Python/3.12.10/x64/lib/pkgconfig
2026-10-07T01:38:08.6876020Z   Python_ROOT_DIR: /Users/runner/hostedtoolcache/Python/3.12.10/x64
2026-10-07T01:38:08.6878120Z   Python2_ROOT_DIR: /Users/runner/hostedtoolcache/Python/3.12.10/x64
2026-10-07T01:38:08.6880030Z   Python3_ROOT_DIR: /Users/runner/hostedtoolcache/Python/3.12.10/x64
2026-10-07T01:38:08.6881040Z ##[endgroup]
2026-10-07T01:38:30.5292720Z Passed: supervised-service (high)
2026-10-07T01:38:51.5769770Z Passed: supervised-service (saved-low)
2026-10-07T01:39:13.8789190Z Passed: supervised-service (handwritten-low)
2026-10-07T01:39:13.8925390Z {"forms": 3, "status": "passed"}
2026-10-07T01:39:13.9259750Z ##[group]Run python -m unittest discover -s scripts -p 'test_native_artifacts.py'
2026-10-07T01:39:13.9261810Z [36;1mpython -m unittest discover -s scripts -p 'test_native_artifacts.py'[0m
2026-10-07T01:39:13.9385880Z shell: /bin/bash -e {0}
2026-10-07T01:39:13.9386740Z env:
2026-10-07T01:39:13.9388950Z   NAGI_FAILURE_DIR: /Users/runner/work/Nagi/Nagi/build/compiler-failures
2026-10-07T01:39:13.9390420Z   CARGO_HOME: /Users/runner/.cargo
2026-10-07T01:39:13.9391410Z   CARGO_INCREMENTAL: 0
2026-10-07T01:39:13.9392260Z   CARGO_TERM_COLOR: always
2026-10-07T01:39:13.9393450Z   pythonLocation: /Users/runner/hostedtoolcache/Python/3.12.10/x64
2026-10-07T01:39:13.9395160Z   PKG_CONFIG_PATH: /Users/runner/hostedtoolcache/Python/3.12.10/x64/lib/pkgconfig
2026-10-07T01:39:13.9397040Z   Python_ROOT_DIR: /Users/runner/hostedtoolcache/Python/3.12.10/x64
2026-10-07T01:39:13.9398580Z   Python2_ROOT_DIR: /Users/runner/hostedtoolcache/Python/3.12.10/x64
2026-10-07T01:39:13.9400430Z   Python3_ROOT_DIR: /Users/runner/hostedtoolcache/Python/3.12.10/x64
2026-10-07T01:39:13.9401730Z ##[endgroup]
2026-10-07T01:39:14.3041280Z .........
2026-10-07T01:39:14.3044100Z ----------------------------------------------------------------------
2026-10-07T01:39:14.3046750Z Ran 9 tests in 0.069s
2026-10-07T01:39:14.3048240Z 
2026-10-07T01:39:14.3049930Z OK
2026-10-07T01:39:14.3331600Z ##[group]Run python -m unittest discover -s scripts -p 'test_application_native_tests.py'
2026-10-07T01:39:14.3334070Z [36;1mpython -m unittest discover -s scripts -p 'test_application_native_tests.py'[0m
2026-10-07T01:39:14.3481540Z shell: /bin/bash -e {0}
2026-10-07T01:39:14.3482490Z env:
2026-10-07T01:39:14.3483610Z   NAGI_FAILURE_DIR: /Users/runner/work/Nagi/Nagi/build/compiler-failures
2026-10-07T01:39:14.3485060Z   CARGO_HOME: /Users/runner/.cargo
2026-10-07T01:39:14.3486060Z   CARGO_INCREMENTAL: 0
2026-10-07T01:39:14.3486920Z   CARGO_TERM_COLOR: always
2026-10-07T01:39:14.3488900Z   pythonLocation: /Users/runner/hostedtoolcache/Python/3.12.10/x64
2026-10-07T01:39:14.3490720Z   PKG_CONFIG_PATH: /Users/runner/hostedtoolcache/Python/3.12.10/x64/lib/pkgconfig
2026-10-07T01:39:14.3492510Z   Python_ROOT_DIR: /Users/runner/hostedtoolcache/Python/3.12.10/x64
2026-10-07T01:39:14.3494200Z   Python2_ROOT_DIR: /Users/runner/hostedtoolcache/Python/3.12.10/x64
2026-10-07T01:39:14.3496070Z   Python3_ROOT_DIR: /Users/runner/hostedtoolcache/Python/3.12.10/x64
2026-10-07T01:39:14.3497450Z ##[endgroup]
2026-10-07T01:39:14.7303570Z .....
2026-10-07T01:39:14.7322950Z ----------------------------------------------------------------------
2026-10-07T01:39:14.7326590Z Ran 5 tests in 0.030s
2026-10-07T01:39:14.7328270Z 
2026-10-07T01:39:14.7329760Z OK
2026-10-07T01:39:14.7705190Z ##[group]Run cargo test --locked -p nagi-runtime oversized_body_ -- --test-threads=1
2026-10-07T01:39:14.7706730Z [36;1mcargo test --locked -p nagi-runtime oversized_body_ -- --test-threads=1[0m
2026-10-07T01:39:14.7793100Z shell: /bin/bash -e {0}
2026-10-07T01:39:14.7793690Z env:
2026-10-07T01:39:14.7794450Z   NAGI_FAILURE_DIR: /Users/runner/work/Nagi/Nagi/build/compiler-failures
2026-10-07T01:39:14.7795510Z   CARGO_HOME: /Users/runner/.cargo
2026-10-07T01:39:14.7796200Z   CARGO_INCREMENTAL: 0
2026-10-07T01:39:14.7796820Z   CARGO_TERM_COLOR: always
2026-10-07T01:39:14.7797660Z   pythonLocation: /Users/runner/hostedtoolcache/Python/3.12.10/x64
2026-10-07T01:39:14.7799030Z   PKG_CONFIG_PATH: /Users/runner/hostedtoolcache/Python/3.12.10/x64/lib/pkgconfig
2026-10-07T01:39:14.7800320Z   Python_ROOT_DIR: /Users/runner/hostedtoolcache/Python/3.12.10/x64
2026-10-07T01:39:14.7801500Z   Python2_ROOT_DIR: /Users/runner/hostedtoolcache/Python/3.12.10/x64
2026-10-07T01:39:14.7802760Z   Python3_ROOT_DIR: /Users/runner/hostedtoolcache/Python/3.12.10/x64
2026-10-07T01:39:14.7803730Z ##[endgroup]
2026-10-07T01:39:15.0780300Z [1m[92m    Finished[0m `test` profile [unoptimized + debuginfo] target(s) in 0.17s
2026-10-07T01:39:15.0877400Z [1m[92m     Running[0m unittests src/lib.rs (target/debug/deps/nagi_runtime-4080976bff621759)
2026-10-07T01:39:15.1054690Z 
2026-10-07T01:39:15.1055850Z running 5 tests
2026-10-07T01:39:15.3390950Z [1m[92m     Running[0m tests/task_handles.rs (target/debug/deps/task_handles-c236fd50c190eaff)
2026-10-07T01:39:15.3394360Z test http_server::tests::oversized_body_boundary_accepts_4096_and_incomplete_upload_keeps_body_deadline ... ok
2026-10-07T01:39:15.3624130Z test http_server::tests::oversized_body_chunked_delivers_413_with_or_without_final_chunk ... ok
2026-10-07T01:39:15.3904350Z test http_server::tests::oversized_body_content_length_delivers_413_without_calling_handler ... ok
2026-10-07T01:39:15.4020850Z test http_server::tests::oversized_body_declared_length_rejects_headers_and_incomplete_upload_promptly ... ok
2026-10-07T01:39:15.4024550Z test http_server::tests::oversized_body_rejects_keep_alive_upload_and_never_dispatches_pipeline ... ok
2026-10-07T01:39:15.4025950Z 
2026-10-07T01:39:15.4027420Z test result: ok. 5 passed; 0 failed; 0 ignored; 0 measured; 203 filtered out; finished in 0.23s
2026-10-07T01:39:15.4028450Z 
2026-10-07T01:39:15.4028460Z 
2026-10-07T01:39:15.4028710Z running 0 tests
2026-10-07T01:39:15.4029100Z 
2026-10-07T01:39:15.4030450Z test result: ok. 0 passed; 0 failed; 0 ignored; 0 measured; 3 filtered out; finished in 0.00s
2026-10-07T01:39:15.4031850Z 
2026-10-07T01:39:15.4144790Z ##[group]Run cargo test --locked -p nagi-runtime panic_ -- --test-threads=1
2026-10-07T01:39:15.4146450Z [36;1mcargo test --locked -p nagi-runtime panic_ -- --test-threads=1[0m
2026-10-07T01:39:15.4276630Z shell: /bin/bash -e {0}
2026-10-07T01:39:15.4277250Z env:
2026-10-07T01:39:15.4278030Z   NAGI_FAILURE_DIR: /Users/runner/work/Nagi/Nagi/build/compiler-failures
2026-10-07T01:39:15.4279080Z   CARGO_HOME: /Users/runner/.cargo
2026-10-07T01:39:15.4279760Z   CARGO_INCREMENTAL: 0
2026-10-07T01:39:15.4280360Z   CARGO_TERM_COLOR: always
2026-10-07T01:39:15.4281240Z   pythonLocation: /Users/runner/hostedtoolcache/Python/3.12.10/x64
2026-10-07T01:39:15.4282530Z   PKG_CONFIG_PATH: /Users/runner/hostedtoolcache/Python/3.12.10/x64/lib/pkgconfig
2026-10-07T01:39:15.4283830Z   Python_ROOT_DIR: /Users/runner/hostedtoolcache/Python/3.12.10/x64
2026-10-07T01:39:15.4285250Z   Python2_ROOT_DIR: /Users/runner/hostedtoolcache/Python/3.12.10/x64
2026-10-07T01:39:15.4286510Z   Python3_ROOT_DIR: /Users/runner/hostedtoolcache/Python/3.12.10/x64
2026-10-07T01:39:15.4287540Z ##[endgroup]
2026-10-07T01:39:15.7225740Z [1m[92m    Finished[0m `test` profile [unoptimized + debuginfo] target(s) in 0.18s
2026-10-07T01:39:15.7346410Z [1m[92m     Running[0m unittests src/lib.rs (target/debug/deps/nagi_runtime-4080976bff621759)
2026-10-07T01:39:15.7588030Z 
2026-10-07T01:39:15.7619060Z running 18 tests
2026-10-07T01:39:15.8138270Z test actor::lifecycle_adversarial_tests::a_blocking_panic_payload_destructor_remains_a_retained_child_obligation ... ok
2026-10-07T01:39:15.8162430Z test actor::lifecycle_adversarial_tests::a_factory_constructor_panic_does_not_lose_the_context_cleanup_obligation ... ok
2026-10-07T01:39:15.9092610Z test actor::lifecycle_adversarial_tests::a_finite_follow_on_panic_payload_retains_the_guard_and_context_until_drop_finishes ... ok
2026-10-07T01:39:15.9337570Z test actor::lifecycle_adversarial_tests::a_panic_payload_destructor_can_observe_and_stop_its_group_without_a_lock_cycle ... ok
2026-10-07T01:39:15.9641140Z test actor::lifecycle_adversarial_tests::context_owned_by_a_child_panic_payload_is_cleaned_before_final_context_cleanup ... ok
2026-10-07T01:39:15.9870350Z test concurrent::tests::panic_isolated ... ok
2026-10-07T01:39:15.9895260Z test http::panic_tests::handler_extractor_and_response_panics_return_sanitized_500_for_get_and_head ... ok
2026-10-07T01:39:16.1164420Z test http_server::tests::handler_panic_after_deadline_returns_500_and_releases_admission ... ok
2026-10-07T01:39:16.1284430Z test http_server::tests::panic_tests::http_error_mapper_panic_returns_500 ... ok
2026-10-07T01:39:16.1316230Z test http_server::tests::panic_tests::http_handler_constructor_panic_returns_500 ... ok
2026-10-07T01:39:16.1345770Z test http_server::tests::panic_tests::http_handler_division_by_zero_returns_500_and_server_keeps_serving ... ok
2026-10-07T01:39:16.1360470Z test http_server::tests::panic_tests::http_handler_out_of_bounds_returns_500_and_server_keeps_serving ... ok
2026-10-07T01:39:16.1398200Z test http_server::tests::panic_tests::http_handler_panic_after_await_returns_500_without_exposing_payload ... ok
2026-10-07T01:39:16.1443200Z test http_server::tests::panic_tests::http_handler_panic_head_response_has_no_body ... ok
2026-10-07T01:39:16.1471190Z test sqlite_prototype::adapter_tests::callback_panic_retires_pool_and_join_does_not_hide_native_close_failure ... ok
2026-10-07T01:39:16.1490540Z test sqlite_prototype::tests::management_panic_restores_raii_flag_before_observed_rollback_and_retirement ... ok
2026-10-07T01:39:16.1530030Z [1m[92m     Running[0m tests/task_handles.rs (target/debug/deps/task_handles-c236fd50c190eaff)
2026-10-07T01:39:16.1533580Z test sqlite_prototype::tests::user_callback_panic_restores_management_state_and_retires_worker ... ok
2026-10-07T01:39:16.1536920Z test task::tests::requested_cancel_preserves_panic_and_unrequested_cancel_is_fault ... ok
2026-10-07T01:39:16.1575480Z 
2026-10-07T01:39:16.1597550Z test result: ok. 18 passed; 0 failed; 0 ignored; 0 measured; 190 filtered out; finished in 0.40s
2026-10-07T01:39:16.1617450Z 
2026-10-07T01:39:16.1695120Z 
2026-10-07T01:39:16.1710500Z running 0 tests
2026-10-07T01:39:16.1740060Z 
2026-10-07T01:39:16.1763810Z test result: ok. 0 passed; 0 failed; 0 ignored; 0 measured; 3 filtered out; finished in 0.00s
2026-10-07T01:39:16.1775170Z 
2026-10-07T01:39:16.1970740Z ##[group]Run cargo test --locked -p nagi-runtime handler_timeout_ -- --test-threads=1
2026-10-07T01:39:16.1973080Z [36;1mcargo test --locked -p nagi-runtime handler_timeout_ -- --test-threads=1[0m
2026-10-07T01:39:16.2129270Z shell: /bin/bash -e {0}
2026-10-07T01:39:16.2131040Z env:
2026-10-07T01:39:16.2132100Z   NAGI_FAILURE_DIR: /Users/runner/work/Nagi/Nagi/build/compiler-failures
2026-10-07T01:39:16.2133520Z   CARGO_HOME: /Users/runner/.cargo
2026-10-07T01:39:16.2134520Z   CARGO_INCREMENTAL: 0
2026-10-07T01:39:16.2135330Z   CARGO_TERM_COLOR: always
2026-10-07T01:39:16.2136480Z   pythonLocation: /Users/runner/hostedtoolcache/Python/3.12.10/x64
2026-10-07T01:39:16.2138460Z   PKG_CONFIG_PATH: /Users/runner/hostedtoolcache/Python/3.12.10/x64/lib/pkgconfig
2026-10-07T01:39:16.2140710Z   Python_ROOT_DIR: /Users/runner/hostedtoolcache/Python/3.12.10/x64
2026-10-07T01:39:16.2142390Z   Python2_ROOT_DIR: /Users/runner/hostedtoolcache/Python/3.12.10/x64
2026-10-07T01:39:16.2144290Z   Python3_ROOT_DIR: /Users/runner/hostedtoolcache/Python/3.12.10/x64
2026-10-07T01:39:16.2145620Z ##[endgroup]
2026-10-07T01:39:16.5803880Z [1m[92m    Finished[0m `test` profile [unoptimized + debuginfo] target(s) in 0.19s
2026-10-07T01:39:16.6214550Z [1m[92m     Running[0m unittests src/lib.rs (target/debug/deps/nagi_runtime-4080976bff621759)
2026-10-07T01:39:16.6365660Z 
2026-10-07T01:39:16.6435740Z running 2 tests
2026-10-07T01:39:16.7393720Z test http_server::tests::handler_timeout_cancels_future_and_releases_request_capacity ... ok
2026-10-07T01:39:16.9655970Z [1m[92m     Running[0m tests/task_handles.rs (target/debug/deps/task_handles-c236fd50c190eaff)
2026-10-07T01:39:16.9659970Z test http_server::tests::handler_timeout_rejects_a_ready_response_after_blocking_poll ... ok
2026-10-07T01:39:16.9661680Z 
2026-10-07T01:39:16.9865250Z test result: ok. 2 passed; 0 failed; 0 ignored; 0 measured; 206 filtered out; finished in 0.34s
2026-10-07T01:39:16.9875260Z 
2026-10-07T01:39:16.9922630Z 
2026-10-07T01:39:16.9976060Z running 0 tests
2026-10-07T01:39:16.9998910Z 
2026-10-07T01:39:17.0103460Z test result: ok. 0 passed; 0 failed; 0 ignored; 0 measured; 3 filtered out; finished in 0.00s
2026-10-07T01:39:17.0479500Z 
2026-10-07T01:39:17.0648100Z ##[group]Run python scripts/releases/package.py --binary "target/release/$RELEASE_EXECUTABLE" --version "$RELEASE_VERSION" --platform "$RELEASE_PLATFORM"
2026-10-07T01:39:17.0651590Z [36;1mpython scripts/releases/package.py --binary "target/release/$RELEASE_EXECUTABLE" --version "$RELEASE_VERSION" --platform "$RELEASE_PLATFORM"[0m
2026-10-07T01:39:17.0776550Z shell: /bin/bash --noprofile --norc -e -o pipefail {0}
2026-10-07T01:39:17.0777780Z env:
2026-10-07T01:39:17.0779600Z   NAGI_FAILURE_DIR: /Users/runner/work/Nagi/Nagi/build/compiler-failures
2026-10-07T01:39:17.0781140Z   CARGO_HOME: /Users/runner/.cargo
2026-10-07T01:39:17.0782090Z   CARGO_INCREMENTAL: 0
2026-10-07T01:39:17.0782910Z   CARGO_TERM_COLOR: always
2026-10-07T01:39:17.0784160Z   pythonLocation: /Users/runner/hostedtoolcache/Python/3.12.10/x64
2026-10-07T01:39:17.0785990Z   PKG_CONFIG_PATH: /Users/runner/hostedtoolcache/Python/3.12.10/x64/lib/pkgconfig
2026-10-07T01:39:17.0787900Z   Python_ROOT_DIR: /Users/runner/hostedtoolcache/Python/3.12.10/x64
2026-10-07T01:39:17.0789640Z   Python2_ROOT_DIR: /Users/runner/hostedtoolcache/Python/3.12.10/x64
2026-10-07T01:39:17.0791350Z   Python3_ROOT_DIR: /Users/runner/hostedtoolcache/Python/3.12.10/x64
2026-10-07T01:39:17.0792740Z   RELEASE_VERSION: 0.1.11
2026-10-07T01:39:17.0793610Z   RELEASE_PLATFORM: macos-x86_64
2026-10-07T01:39:17.0794560Z   RELEASE_EXECUTABLE: nagic
2026-10-07T01:39:17.0795400Z ##[endgroup]
2026-10-07T01:39:18.5098730Z /Users/runner/work/Nagi/Nagi/build/distribution/nagi-0.1.11-macos-x86_64.tar.gz
2026-10-07T01:39:18.5460160Z ##[group]Run python - <<'PY'
2026-10-07T01:39:18.5461930Z [36;1mpython - <<'PY'[0m
2026-10-07T01:39:18.5463080Z [36;1mimport os, sys[0m
2026-10-07T01:39:18.5464100Z [36;1mfrom pathlib import Path[0m
2026-10-07T01:39:18.5465220Z [36;1msys.path.insert(0, 'scripts/releases')[0m
2026-10-07T01:39:18.5466300Z [36;1mfrom verify import verify[0m
2026-10-07T01:39:18.5468100Z [36;1mversion, platform = os.environ['RELEASE_VERSION'], os.environ['RELEASE_PLATFORM'][0m
2026-10-07T01:39:18.5469810Z [36;1msuffix = '.zip' if os.name == 'nt' else '.tar.gz'[0m
2026-10-07T01:39:18.5471850Z [36;1mverify(Path('build/distribution') / f'nagi-{version}-{platform}{suffix}', version, platform, Path('native-target'))[0m
2026-10-07T01:39:18.5473740Z [36;1mPY[0m
2026-10-07T01:39:18.5600950Z shell: /bin/bash --noprofile --norc -e -o pipefail {0}
2026-10-07T01:39:18.5601780Z env:
2026-10-07T01:39:18.5602540Z   NAGI_FAILURE_DIR: /Users/runner/work/Nagi/Nagi/build/compiler-failures
2026-10-07T01:39:18.5603700Z   CARGO_HOME: /Users/runner/.cargo
2026-10-07T01:39:18.5604350Z   CARGO_INCREMENTAL: 0
2026-10-07T01:39:18.5604940Z   CARGO_TERM_COLOR: always
2026-10-07T01:39:18.5605770Z   pythonLocation: /Users/runner/hostedtoolcache/Python/3.12.10/x64
2026-10-07T01:39:18.5607040Z   PKG_CONFIG_PATH: /Users/runner/hostedtoolcache/Python/3.12.10/x64/lib/pkgconfig
2026-10-07T01:39:18.5608260Z   Python_ROOT_DIR: /Users/runner/hostedtoolcache/Python/3.12.10/x64
2026-10-07T01:39:18.5609360Z   Python2_ROOT_DIR: /Users/runner/hostedtoolcache/Python/3.12.10/x64
2026-10-07T01:39:18.5610440Z   Python3_ROOT_DIR: /Users/runner/hostedtoolcache/Python/3.12.10/x64
2026-10-07T01:39:18.5611390Z   RELEASE_VERSION: 0.1.11
2026-10-07T01:39:18.5612040Z   RELEASE_PLATFORM: macos-x86_64
2026-10-07T01:39:18.5612730Z   RELEASE_EXECUTABLE: nagic
2026-10-07T01:39:18.5613340Z ##[endgroup]
2026-10-07T01:40:11.5261690Z Verified SQL engine: extracted compiler, offline schema, bad columns/binds, Nagi locations, no Cargo/runtime
2026-10-07T01:40:11.5336110Z Verified 0.1.11 macos-x86_64: PATH, external projects, version, help, function aliases, shared/borrowed JSON, early Nagi diagnostics
2026-10-07T01:40:11.5340260Z Verified local Rust dependency: manifest-relative path, package alias, features, default-features, separate cwd/output
2026-10-07T01:40:11.5351330Z Verified standard actor library: extracted runtime, typed context, task, tracked cleanup
2026-10-07T01:40:11.5374740Z Verified Task handles: extracted compiler/runtime, High/saved Low/handwritten Low, receive/discard, nested business Err, early ownership diagnostics
2026-10-07T01:40:11.5560490Z ##[group]Run python tests/route_integration.py
2026-10-07T01:40:11.5561540Z [36;1mpython tests/route_integration.py[0m
2026-10-07T01:40:11.5695840Z shell: /bin/bash -e {0}
2026-10-07T01:40:11.5696780Z env:
2026-10-07T01:40:11.5697940Z   NAGI_FAILURE_DIR: /Users/runner/work/Nagi/Nagi/build/compiler-failures
2026-10-07T01:40:11.5700740Z   CARGO_HOME: /Users/runner/.cargo
2026-10-07T01:40:11.5701730Z   CARGO_INCREMENTAL: 0
2026-10-07T01:40:11.5702640Z   CARGO_TERM_COLOR: always
2026-10-07T01:40:11.5704070Z   pythonLocation: /Users/runner/hostedtoolcache/Python/3.12.10/x64
2026-10-07T01:40:11.5705990Z   PKG_CONFIG_PATH: /Users/runner/hostedtoolcache/Python/3.12.10/x64/lib/pkgconfig
2026-10-07T01:40:11.5707870Z   Python_ROOT_DIR: /Users/runner/hostedtoolcache/Python/3.12.10/x64
2026-10-07T01:40:11.5709600Z   Python2_ROOT_DIR: /Users/runner/hostedtoolcache/Python/3.12.10/x64
2026-10-07T01:40:11.5711320Z   Python3_ROOT_DIR: /Users/runner/hostedtoolcache/Python/3.12.10/x64
2026-10-07T01:40:11.5712900Z ##[endgroup]
2026-10-07T01:40:27.5917250Z HTTP route parameters: 7 passed
2026-10-07T01:40:27.6289840Z ##[group]Run python tests/http_stdlib_integration.py
2026-10-07T01:40:27.6291410Z [36;1mpython tests/http_stdlib_integration.py[0m
2026-10-07T01:40:27.6386590Z shell: /bin/bash -e {0}
2026-10-07T01:40:27.6387190Z env:
2026-10-07T01:40:27.6388030Z   NAGI_FAILURE_DIR: /Users/runner/work/Nagi/Nagi/build/compiler-failures
2026-10-07T01:40:27.6389020Z   CARGO_HOME: /Users/runner/.cargo
2026-10-07T01:40:27.6389690Z   CARGO_INCREMENTAL: 0
2026-10-07T01:40:27.6390310Z   CARGO_TERM_COLOR: always
2026-10-07T01:40:27.6391230Z   pythonLocation: /Users/runner/hostedtoolcache/Python/3.12.10/x64
2026-10-07T01:40:27.6392510Z   PKG_CONFIG_PATH: /Users/runner/hostedtoolcache/Python/3.12.10/x64/lib/pkgconfig
2026-10-07T01:40:27.6393840Z   Python_ROOT_DIR: /Users/runner/hostedtoolcache/Python/3.12.10/x64
2026-10-07T01:40:27.6395020Z   Python2_ROOT_DIR: /Users/runner/hostedtoolcache/Python/3.12.10/x64
2026-10-07T01:40:27.6396170Z   Python3_ROOT_DIR: /Users/runner/hostedtoolcache/Python/3.12.10/x64
2026-10-07T01:40:27.6397170Z ##[endgroup]
2026-10-07T01:41:03.4532990Z Standard HTTP Nagi integration: 72 passed (High and independent Low)
2026-10-07T01:41:03.4906910Z ##[group]Run cargo test --locked -p nagic --test scoped_tasks
2026-10-07T01:41:03.4908730Z [36;1mcargo test --locked -p nagic --test scoped_tasks[0m
2026-10-07T01:41:03.5030120Z shell: /bin/bash -e {0}
2026-10-07T01:41:03.5030920Z env:
2026-10-07T01:41:03.5032480Z   NAGI_FAILURE_DIR: /Users/runner/work/Nagi/Nagi/build/compiler-failures
2026-10-07T01:41:03.5034060Z   CARGO_HOME: /Users/runner/.cargo
2026-10-07T01:41:03.5035080Z   CARGO_INCREMENTAL: 0
2026-10-07T01:41:03.5035970Z   CARGO_TERM_COLOR: always
2026-10-07T01:41:03.5037220Z   pythonLocation: /Users/runner/hostedtoolcache/Python/3.12.10/x64
2026-10-07T01:41:03.5039110Z   PKG_CONFIG_PATH: /Users/runner/hostedtoolcache/Python/3.12.10/x64/lib/pkgconfig
2026-10-07T01:41:03.5040940Z   Python_ROOT_DIR: /Users/runner/hostedtoolcache/Python/3.12.10/x64
2026-10-07T01:41:03.5042650Z   Python2_ROOT_DIR: /Users/runner/hostedtoolcache/Python/3.12.10/x64
2026-10-07T01:41:03.5044560Z   Python3_ROOT_DIR: /Users/runner/hostedtoolcache/Python/3.12.10/x64
2026-10-07T01:41:03.5045950Z ##[endgroup]
2026-10-07T01:41:03.7204150Z [1m[92m   Compiling[0m nagic v0.1.11 (/Users/runner/work/Nagi/Nagi/compiler)
2026-10-07T01:41:04.7488290Z [1m[92m    Finished[0m `test` profile [unoptimized + debuginfo] target(s) in 1.13s
2026-10-07T01:41:04.7563540Z [1m[92m     Running[0m tests/scoped_tasks.rs (target/debug/deps/scoped_tasks-e73fe5d492398f6a)
2026-10-07T01:41:04.7688440Z 
2026-10-07T01:41:04.7797920Z running 5 tests
2026-10-07T01:41:04.7801300Z test moving_an_owned_argument_still_consumes_it_before_later_parent_work ... ok
2026-10-07T01:41:04.7804990Z test scope_rejects_known_foreign_error_types_and_preserves_local_error_adapters ... ok
2026-10-07T01:41:04.7828090Z test futures_that_still_hold_views_are_rejected_after_copying_containers ... ok
2026-10-07T01:41:04.7990320Z test copied_views_and_values_computed_from_views_can_enter_tasks ... ok
2026-10-07T01:41:05.3426260Z test spawn_evaluates_owned_arguments_before_parent_continues_and_keeps_sources ... ok
2026-10-07T01:41:05.3430190Z 
2026-10-07T01:41:05.3433300Z test result: ok. 5 passed; 0 failed; 0 ignored; 0 measured; 0 filtered out; finished in 0.57s
2026-10-07T01:41:05.3443950Z 
2026-10-07T01:41:05.3607490Z ##[group]Run cargo test --locked -p nagi-runtime actor::
2026-10-07T01:41:05.3609100Z [36;1mcargo test --locked -p nagi-runtime actor::[0m
2026-10-07T01:41:05.3611320Z [36;1mcargo test --locked -p nagi-runtime supervisor_drop[0m
2026-10-07T01:41:05.3748690Z shell: /bin/bash -e {0}
2026-10-07T01:41:05.3749440Z env:
2026-10-07T01:41:05.3750460Z   NAGI_FAILURE_DIR: /Users/runner/work/Nagi/Nagi/build/compiler-failures
2026-10-07T01:41:05.3751630Z   CARGO_HOME: /Users/runner/.cargo
2026-10-07T01:41:05.3752330Z   CARGO_INCREMENTAL: 0
2026-10-07T01:41:05.3753020Z   CARGO_TERM_COLOR: always
2026-10-07T01:41:05.3754030Z   pythonLocation: /Users/runner/hostedtoolcache/Python/3.12.10/x64
2026-10-07T01:41:05.3755360Z   PKG_CONFIG_PATH: /Users/runner/hostedtoolcache/Python/3.12.10/x64/lib/pkgconfig
2026-10-07T01:41:05.3756770Z   Python_ROOT_DIR: /Users/runner/hostedtoolcache/Python/3.12.10/x64
2026-10-07T01:41:05.3758560Z   Python2_ROOT_DIR: /Users/runner/hostedtoolcache/Python/3.12.10/x64
2026-10-07T01:41:05.3760000Z   Python3_ROOT_DIR: /Users/runner/hostedtoolcache/Python/3.12.10/x64
2026-10-07T01:41:05.3761220Z ##[endgroup]
2026-10-07T01:41:05.6345110Z [1m[92m    Finished[0m `test` profile [unoptimized + debuginfo] target(s) in 0.17s
2026-10-07T01:41:05.6436410Z [1m[92m     Running[0m unittests src/lib.rs (target/debug/deps/nagi_runtime-4080976bff621759)
2026-10-07T01:41:05.6633260Z 
2026-10-07T01:41:05.6706470Z running 44 tests
2026-10-07T01:41:05.6709530Z test actor::charge::tests::arithmetic_and_expired_deadlines_fail_before_acceptance ... ok
2026-10-07T01:41:05.6716190Z test actor::charge::tests::list_capacity_and_only_initialized_elements_contribute_heap ... ok
2026-10-07T01:41:05.6720800Z test actor::charge::tests::option_and_result_visit_only_the_active_payload ... ok
2026-10-07T01:41:05.6725480Z test actor::charge::tests::recursive_owned_graphs_obey_depth_limit_and_restore_walk_after_errors ... ok
2026-10-07T01:41:05.6730980Z test actor::charge::tests::retained_string_bytes_and_error_capacities_are_charged ... ok
2026-10-07T01:41:05.6734790Z test actor::charge::tests::root_inline_and_envelope_are_counted_once ... ok
2026-10-07T01:41:05.6738850Z test actor::charge::tests::inline_only_lists_skip_every_element_and_zero_sized_capacity_is_safe ... ok
2026-10-07T01:41:05.6743720Z test actor::lifecycle_adversarial_tests::a_factory_constructor_panic_does_not_lose_the_context_cleanup_obligation ... ok
2026-10-07T01:41:05.6830550Z test actor::charge::tests::work_budget_includes_root_and_initialized_non_inline_elements ... ok
2026-10-07T01:41:05.6837100Z test actor::lifecycle_adversarial_tests::a_late_buffered_outer_failure_obeys_the_same_reply_deadline ... ok
2026-10-07T01:41:05.7232380Z test actor::lifecycle_adversarial_tests::a_blocking_native_poll_retains_its_child_record_until_it_returns ... ok
2026-10-07T01:41:05.7237250Z test actor::lifecycle_adversarial_tests::a_blocking_panic_payload_destructor_remains_a_retained_child_obligation ... ok
2026-10-07T01:41:05.7255530Z test actor::lifecycle_adversarial_tests::a_reply_completed_after_deadline_times_out_even_when_already_buffered ... ok
2026-10-07T01:41:05.7265770Z test actor::lifecycle_adversarial_tests::a_reply_completed_before_deadline_succeeds_when_the_caller_polls_after_deadline ... ok
2026-10-07T01:41:05.7270600Z test actor::lifecycle_adversarial_tests::a_finite_follow_on_panic_payload_retains_the_guard_and_context_until_drop_finishes ... ok
2026-10-07T01:41:05.7274960Z test actor::lifecycle_adversarial_tests::a_panic_payload_destructor_can_observe_and_stop_its_group_without_a_lock_cycle ... ok
2026-10-07T01:41:05.7278800Z test actor::lifecycle_adversarial_tests::an_event_only_surviving_control_drains_cleanup_and_observes_stream_close ... ok
2026-10-07T01:41:05.7387450Z test actor::lifecycle_adversarial_tests::a_non_yielding_poll_cannot_be_reported_as_completed_cleanup ... ok
2026-10-07T01:41:05.7559750Z test actor::lifecycle_adversarial_tests::an_unrestarted_child_failure_is_retained_while_a_healthy_sibling_continues ... ok
2026-10-07T01:41:05.7584900Z test actor::lifecycle_adversarial_tests::context_owned_by_a_child_panic_payload_is_cleaned_before_final_context_cleanup ... ok
2026-10-07T01:41:05.7797460Z test actor::lifecycle_adversarial_tests::a_surviving_control_can_finish_cleanup_after_the_running_owner_is_dropped ... ok
2026-10-07T01:41:05.7824400Z test actor::lifecycle_adversarial_tests::abort_does_not_complete_before_the_child_future_destructor_finishes ... ok
2026-10-07T01:41:05.7833010Z test actor::lifecycle_adversarial_tests::origin_runtime_cancellation_does_not_restart_a_permanent_child_on_a_surviving_runtime ... ok
2026-10-07T01:41:05.7849930Z test actor::lifecycle_adversarial_tests::panicking_factory_destruction_during_owner_drop_cannot_strand_context_cleanup ... ok
2026-10-07T01:41:05.7865360Z test actor::lifecycle_adversarial_tests::stop_during_factory_construction_cancels_every_later_inserted_child ... ok
2026-10-07T01:41:05.7900460Z test actor::lifecycle_adversarial_tests::user_destructors_do_not_run_under_the_ledger_or_stop_lock ... ok
2026-10-07T01:41:05.7982260Z test actor::tests::a_smaller_immediate_call_cannot_bypass_a_waiting_byte_reservation ... ok
2026-10-07T01:41:05.7991180Z test actor::tests::an_expired_admission_deadline_rejects_even_immediately_ready_operations ... ok
2026-10-07T01:41:05.7999160Z test actor::lifecycle_adversarial_tests::canceled_observation_keeps_unfinished_joins_available_to_another_control ... ok
2026-10-07T01:41:05.8373450Z test actor::tests::business_error_preserves_owned_state_and_restart_is_one_for_one ... ok
2026-10-07T01:41:05.8377340Z test actor::tests::canceled_event_wait_does_not_consume_a_concurrently_published_event ... ok
2026-10-07T01:41:05.8393440Z test actor::tests::caller_timeout_keeps_accepted_work_and_all_reservations_until_handler_finishes ... ok
2026-10-07T01:41:05.8396720Z test actor::tests::escaped_readiness_tokens_reject_old_generations_and_do_not_retain_the_group ... ok
2026-10-07T01:41:05.8400840Z test actor::tests::event_deadlines_include_lock_contention_and_preserve_the_cursor ... ok
2026-10-07T01:41:05.8405030Z test actor::tests::lifecycle_events_are_ordered_bounded_and_keep_utf8_truncation_metadata ... ok
2026-10-07T01:41:05.8517950Z test actor::tests::global_restart_intensity_counts_attempts_and_stops_a_pending_sibling ... ok
2026-10-07T01:41:05.8549910Z test actor::tests::normally_finished_task_tokens_are_invalid_while_the_supervisor_stays_running ... ok
2026-10-07T01:41:05.8565700Z test actor::tests::oversized_business_reply_keeps_next_state_and_retained_input_capacity_is_checked ... ok
2026-10-07T01:41:05.8593440Z test actor::lifecycle_adversarial_tests::final_context_destruction_is_a_retained_phase_before_completion ... ok
2026-10-07T01:41:05.8598560Z test actor::tests::stopped_tasks_cannot_publish_readiness_and_legacy_tasks_never_publish_it ... ok
2026-10-07T01:41:05.8603320Z test actor::tests::task_readiness_follows_initialization_once_without_changing_started ... ok
2026-10-07T01:41:05.8607160Z test actor::tests::startup_deadline_and_zero_restart_budget_end_the_group_without_a_ready_actor ... ok
2026-10-07T01:41:05.8613720Z test actor::tests::native_factory_construction_is_included_in_the_startup_deadline ... ok
2026-10-07T01:41:06.0160330Z test actor::lifecycle_adversarial_tests::delayed_native_context_owners_then_actual_context_drop_precede_completion ... ok
2026-10-07T01:41:06.0165610Z 
2026-10-07T01:41:06.0173600Z [1m[92m     Running[0m tests/task_handles.rs (target/debug/deps/task_handles-c236fd50c190eaff)
2026-10-07T01:41:06.0176510Z test result: ok. 44 passed; 0 failed; 0 ignored; 0 measured; 164 filtered out; finished in 0.35s
2026-10-07T01:41:06.0180110Z 
2026-10-07T01:41:06.0328230Z 
2026-10-07T01:41:06.0390070Z running 0 tests
2026-10-07T01:41:06.0409290Z 
2026-10-07T01:41:06.0423360Z test result: ok. 0 passed; 0 failed; 0 ignored; 0 measured; 3 filtered out; finished in 0.00s
2026-10-07T01:41:06.0431840Z 
2026-10-07T01:41:06.2963250Z [1m[92m    Finished[0m `test` profile [unoptimized + debuginfo] target(s) in 0.18s
2026-10-07T01:41:06.3155390Z [1m[92m     Running[0m unittests src/lib.rs (target/debug/deps/nagi_runtime-4080976bff621759)
2026-10-07T01:41:06.3262700Z 
2026-10-07T01:41:06.3283410Z running 2 tests
2026-10-07T01:41:06.3292820Z test concurrent::tests::supervisor_drop_while_waiting_for_worker_start ... ok
2026-10-07T01:41:06.3318920Z [1m[92m     Running[0m tests/task_handles.rs (target/debug/deps/task_handles-c236fd50c190eaff)
2026-10-07T01:41:06.3321820Z test concurrent::tests::supervisor_drop_after_worker_start ... ok
2026-10-07T01:41:06.3323690Z 
2026-10-07T01:41:06.3352460Z test result: ok. 2 passed; 0 failed; 0 ignored; 0 measured; 206 filtered out; finished in 0.00s
2026-10-07T01:41:06.3366410Z 
2026-10-07T01:41:06.3473360Z 
2026-10-07T01:41:06.3505770Z running 0 tests
2026-10-07T01:41:06.3523410Z 
2026-10-07T01:41:06.3555200Z test result: ok. 0 passed; 0 failed; 0 ignored; 0 measured; 3 filtered out; finished in 0.00s
2026-10-07T01:41:06.3578040Z 
2026-10-07T01:41:06.3719650Z ##[group]Run cargo test --locked -p nagi-runtime database::tests
2026-10-07T01:41:06.3721460Z [36;1mcargo test --locked -p nagi-runtime database::tests[0m
2026-10-07T01:41:06.3870280Z shell: /bin/bash -e {0}
2026-10-07T01:41:06.3871260Z env:
2026-10-07T01:41:06.3872330Z   NAGI_FAILURE_DIR: /Users/runner/work/Nagi/Nagi/build/compiler-failures
2026-10-07T01:41:06.3873800Z   CARGO_HOME: /Users/runner/.cargo
2026-10-07T01:41:06.3874690Z   CARGO_INCREMENTAL: 0
2026-10-07T01:41:06.3875410Z   CARGO_TERM_COLOR: always
2026-10-07T01:41:06.3876430Z   pythonLocation: /Users/runner/hostedtoolcache/Python/3.12.10/x64
2026-10-07T01:41:06.3878330Z   PKG_CONFIG_PATH: /Users/runner/hostedtoolcache/Python/3.12.10/x64/lib/pkgconfig
2026-10-07T01:41:06.3880240Z   Python_ROOT_DIR: /Users/runner/hostedtoolcache/Python/3.12.10/x64
2026-10-07T01:41:06.3881920Z   Python2_ROOT_DIR: /Users/runner/hostedtoolcache/Python/3.12.10/x64
2026-10-07T01:41:06.3883800Z   Python3_ROOT_DIR: /Users/runner/hostedtoolcache/Python/3.12.10/x64
2026-10-07T01:41:06.3885160Z ##[endgroup]
2026-10-07T01:41:06.6728020Z [1m[92m    Finished[0m `test` profile [unoptimized + debuginfo] target(s) in 0.16s
2026-10-07T01:41:06.7189190Z [1m[92m     Running[0m unittests src/lib.rs (target/debug/deps/nagi_runtime-4080976bff621759)
2026-10-07T01:41:06.7190740Z 
2026-10-07T01:41:06.7248070Z [1m[92m     Running[0m tests/task_handles.rs (target/debug/deps/task_handles-c236fd50c190eaff)
2026-10-07T01:41:06.7249650Z running 6 tests
2026-10-07T01:41:06.7281350Z test database::tests::column_order_independent ... ok
2026-10-07T01:41:06.7301720Z test database::tests::exec_counts_only_changes_in_the_current_batch ... ok
2026-10-07T01:41:06.7337840Z test database::tests::exec_counts_trigger_changes_and_preserves_sql_errors ... ok
2026-10-07T01:41:06.7365860Z test database::tests::crud_and_parameterization ... ok
2026-10-07T01:41:06.7387340Z test database::tests::missing_column_is_error ... ok
2026-10-07T01:41:06.7402810Z test database::tests::runtime_type_mismatch ... ok
2026-10-07T01:41:06.7411300Z 
2026-10-07T01:41:06.7435690Z test result: ok. 6 passed; 0 failed; 0 ignored; 0 measured; 202 filtered out; finished in 0.01s
2026-10-07T01:41:06.7445870Z 
2026-10-07T01:41:06.7482460Z 
2026-10-07T01:41:06.7545690Z running 0 tests
2026-10-07T01:41:06.7604900Z 
2026-10-07T01:41:06.7666540Z test result: ok. 0 passed; 0 failed; 0 ignored; 0 measured; 3 filtered out; finished in 0.00s
2026-10-07T01:41:06.7680580Z 
2026-10-07T01:41:06.7850590Z ##[group]Run cargo test --locked -p nagi-runtime sqlite_prototype
2026-10-07T01:41:06.7852420Z [36;1mcargo test --locked -p nagi-runtime sqlite_prototype[0m
2026-10-07T01:41:06.8001240Z shell: /bin/bash -e {0}
2026-10-07T01:41:06.8002080Z env:
2026-10-07T01:41:06.8003200Z   NAGI_FAILURE_DIR: /Users/runner/work/Nagi/Nagi/build/compiler-failures
2026-10-07T01:41:06.8004680Z   CARGO_HOME: /Users/runner/.cargo
2026-10-07T01:41:06.8005770Z   CARGO_INCREMENTAL: 0
2026-10-07T01:41:06.8006740Z   CARGO_TERM_COLOR: always
2026-10-07T01:41:06.8007920Z   pythonLocation: /Users/runner/hostedtoolcache/Python/3.12.10/x64
2026-10-07T01:41:06.8010450Z   PKG_CONFIG_PATH: /Users/runner/hostedtoolcache/Python/3.12.10/x64/lib/pkgconfig
2026-10-07T01:41:06.8012450Z   Python_ROOT_DIR: /Users/runner/hostedtoolcache/Python/3.12.10/x64
2026-10-07T01:41:06.8013640Z   Python2_ROOT_DIR: /Users/runner/hostedtoolcache/Python/3.12.10/x64
2026-10-07T01:41:06.8014840Z   Python3_ROOT_DIR: /Users/runner/hostedtoolcache/Python/3.12.10/x64
2026-10-07T01:41:06.8015720Z ##[endgroup]
2026-10-07T01:41:07.0886590Z [1m[92m    Finished[0m `test` profile [unoptimized + debuginfo] target(s) in 0.17s
2026-10-07T01:41:07.1096230Z [1m[92m     Running[0m unittests src/lib.rs (target/debug/deps/nagi_runtime-4080976bff621759)
2026-10-07T01:41:07.1259420Z 
2026-10-07T01:41:07.1303300Z running 61 tests
2026-10-07T01:41:07.1322470Z test sqlite_prototype::acquire_tests::acquire_budget_arithmetic_keeps_immediate_distinct_and_checks_overflow ... ok
2026-10-07T01:41:07.1332880Z test sqlite_prototype::acquire_tests::acquire_expiry_does_not_replace_closed_or_recycle_failure_cause ... ok
2026-10-07T01:41:07.1343130Z test sqlite_prototype::acquire_tests::acquire_expired_finite_budget_does_not_register_even_when_native_free ... ok
2026-10-07T01:41:07.1357970Z test sqlite_prototype::acquire_tests::acquire_immediate_free_reserves_before_slow_startup_and_reuses ... ok
2026-10-07T01:41:07.1365530Z test sqlite_prototype::acquire_tests::acquire_immediate_logical_full_is_timeout_without_pool_failure ... ok
2026-10-07T01:41:07.1377310Z test sqlite_prototype::acquire_tests::acquire_same_task_scopes_are_isolated_and_drop_restores_legacy_begin ... ok
2026-10-07T01:41:07.1390630Z test sqlite_prototype::adapter_tests::acquired_deadpool_object_after_close_is_rejected_before_user_begin ... ok
2026-10-07T01:41:07.1406440Z test sqlite_prototype::adapter_tests::callback_panic_retires_pool_and_join_does_not_hide_native_close_failure ... ok
2026-10-07T01:41:07.1432220Z test sqlite_prototype::adapter_tests::cancelled_begin_reply_keeps_checkout_until_eof_rollback_is_observed ... ok
2026-10-07T01:41:07.1437120Z test sqlite_prototype::adapter_tests::cancelled_create_cannot_start_replacement_before_old_native_worker_joins ... ok
2026-10-07T01:41:07.1493060Z test sqlite_prototype::adapter_tests::cancelled_get_during_create_preserves_startup_close_and_join_owner ... ok
2026-10-07T01:41:07.1530100Z test sqlite_prototype::adapter_tests::cancelled_tx_keeps_deadpool_checkout_until_native_cleanup_completes ... ok
2026-10-07T01:41:07.1597320Z test sqlite_prototype::adapter_tests::close_clone_and_cancel_keep_closing_while_active_checkout_can_finish ... ok
2026-10-07T01:41:07.1614020Z test sqlite_prototype::adapter_tests::close_retires_idle_worker_while_stock_permit_is_reserved_for_unpolled_waiter ... ok
2026-10-07T01:41:07.1646900Z test sqlite_prototype::adapter_tests::close_waits_for_registered_create_and_late_create_cannot_begin ... ok
2026-10-07T01:41:07.1679250Z test sqlite_prototype::adapter_tests::deadpool_adapter_reuses_same_native_worker_and_sql_session_core ... ok
2026-10-07T01:41:07.1683100Z test sqlite_prototype::adapter_tests::deadpool_recycle_error_stops_create_instead_of_default_replacement ... ok
2026-10-07T01:41:07.1691620Z test sqlite_prototype::adapter_tests::joined_is_published_only_after_terminal_native_failure_is_in_ledger ... ok
2026-10-07T01:41:07.1712710Z test sqlite_prototype::adapter_tests::last_adapter_drop_closes_idle_worker_without_observer_owning_pool_or_tx_sender ... ok
2026-10-07T01:41:07.1724800Z test sqlite_prototype::adapter_tests::last_adapter_drop_preserves_active_tx_until_its_explicit_finish ... ok
2026-10-07T01:41:07.1755420Z test sqlite_prototype::adapter_tests::multi_b_terminal_failure_is_published_without_waiting_for_a ... ok
2026-10-07T01:41:07.1835700Z test sqlite_prototype::adapter_tests::multi_cancelled_b_joins_and_c_begins_before_healthy_a_finishes ... ok
2026-10-07T01:41:07.1929670Z test sqlite_prototype::adapter_tests::multi_close_during_b_startup_preserves_a_and_all_join_responsibility ... ok
2026-10-07T01:41:07.1992980Z test sqlite_prototype::adapter_tests::multi_native_spawn_failure_keeps_cause_without_native_b_or_fake_join ... ok
2026-10-07T01:41:07.2122320Z test sqlite_prototype::adapter_tests::multi_observer_spawn_failure_never_starts_or_fake_joins_native_b ... ok
2026-10-07T01:41:07.2174590Z test sqlite_prototype::adapter_tests::multi_stock_detach_permit_gap_respects_native_cap_with_a_active ... ok
2026-10-07T01:41:07.2272900Z test sqlite_prototype::adapter_tests::multi_two_filesystem_connections_begin_while_first_tx_stays_active ... ok
2026-10-07T01:41:07.2290520Z test sqlite_prototype::adapter_tests::native_cleanup_failure_closes_deadpool_and_never_creates_replacement ... ok
2026-10-07T01:41:07.2328780Z test sqlite_prototype::adapter_tests::native_close_failure_is_kept_after_deadpool_objects_and_workers_are_gone ... ok
2026-10-07T01:41:07.2341930Z test sqlite_prototype::adapter_tests::object_take_and_last_pool_drop_both_preserve_native_close_join_observation ... ok
2026-10-07T01:41:07.2363270Z test sqlite_prototype::adapter_tests::resize_zero_uses_worker_drop_even_when_manager_detach_is_bypassed ... ok
2026-10-07T01:41:07.2374370Z test sqlite_prototype::adapter_tests::stock_detach_permit_before_handle_drop_cannot_start_another_native_worker ... ok
2026-10-07T01:41:07.2390480Z test sqlite_prototype::adapter_tests::taken_object_cannot_start_replacement_before_old_native_worker_joins ... ok
2026-10-07T01:41:07.2412250Z test sqlite_prototype::adapter_tests::tokio_runtime_drop_cannot_return_native_owned_checkout_before_cleanup ... ok
2026-10-07T01:41:07.3272850Z test sqlite_prototype::acquire_tests::acquire_absolute_budget_survives_logical_wait_to_native_fence ... ok
2026-10-07T01:41:08.2144040Z test sqlite_prototype::acquire_tests::acquire_registered_startup_and_begin_are_outside_finite_budget ... ok
2026-10-07T01:41:08.2499260Z test sqlite_prototype::acquire_tests::acquire_immediate_native_full_after_stock_detach_is_timeout ... ok
2026-10-07T01:41:08.3467390Z test sqlite_prototype::tests::begin_reply_cancellation_closes_only_sender_and_runs_observed_cleanup ... ok
2026-10-07T01:41:08.3605460Z test sqlite_prototype::tests::cancelled_commit_reply_preserves_committed_data_and_does_not_retry ... ok
2026-10-07T01:41:08.3609160Z test sqlite_prototype::tests::cancelled_finish_before_full_inbox_admission_uses_eof_cleanup ... ok
2026-10-07T01:41:08.3640440Z test sqlite_prototype::tests::close_timeout_and_cancel_keep_closing_until_native_close_and_join ... ok
2026-10-07T01:41:08.3651690Z test sqlite_prototype::tests::commit_failure_and_failed_cleanup_preserve_both_causes_and_unknown_outcome ... ok
2026-10-07T01:41:08.3670440Z test sqlite_prototype::tests::commit_after_native_auto_rollback_returns_aborted_error_instead_of_success ... ok
2026-10-07T01:41:08.3983420Z test sqlite_prototype::tests::committed_outcome_and_cleanup_failure_are_both_preserved ... ok
2026-10-07T01:41:08.4052500Z test sqlite_prototype::tests::eof_cleanup_blocks_next_session_and_unpolled_finish_still_owns_cleanup ... ok
2026-10-07T01:41:08.4165050Z test sqlite_prototype::tests::failed_commit_with_successful_observed_rollback_can_reuse_connection ... ok
2026-10-07T01:41:08.4356630Z test sqlite_prototype::tests::existing_trigger_and_or_rollback_abort_session_and_reject_later_sql ... ok
2026-10-07T01:41:08.4435210Z test sqlite_prototype::tests::full_inbox_and_cancelled_admitted_operation_drain_before_eof_rollback ... ok
2026-10-07T01:41:08.4601380Z test sqlite_prototype::tests::management_panic_restores_raii_flag_before_observed_rollback_and_retirement ... ok
2026-10-07T01:41:08.4653490Z test sqlite_prototype::tests::native_close_failure_is_not_reported_as_success_even_after_join ... ok
2026-10-07T01:41:08.4691410Z test sqlite_prototype::tests::ordinary_sql_error_does_not_abort_active_session_and_exec_counts_direct_changes ... ok
2026-10-07T01:41:08.4726490Z test sqlite_prototype::tests::one_statement_anonymous_bind_and_operation_shape_are_checked_before_step ... ok
2026-10-07T01:41:08.4751780Z test sqlite_prototype::tests::owned_bind_values_and_decode_errors_use_native_row_contract ... ok
2026-10-07T01:41:08.4778690Z test sqlite_prototype::tests::raise_fail_preserves_active_prior_effects_until_explicit_rollback ... ok
2026-10-07T01:41:08.4792440Z test sqlite_prototype::tests::pragma_tvf_existing_views_and_schema_reprepare_keep_authorizer_installed ... ok
2026-10-07T01:41:08.4841560Z test sqlite_prototype::tests::rollback_failure_is_observed_without_native_drop_retry_and_retires_connection ... ok
2026-10-07T01:41:08.4880350Z test sqlite_prototype::tests::trigger_pragma_is_denied_and_native_prior_effects_require_explicit_rollback ... ok
2026-10-07T01:41:08.4962180Z test sqlite_prototype::tests::sql_policy_denies_control_in_every_entry_and_keeps_tx_active ... ok
2026-10-07T01:41:08.4976380Z test sqlite_prototype::tests::user_callback_panic_restores_management_state_and_retires_worker ... ok
2026-10-07T01:41:11.8907840Z test sqlite_prototype::comparison::direct_and_deadpool_warm_native_session_comparison ... ok
2026-10-07T01:41:11.9661900Z test sqlite_prototype::comparison::bounded_and_unbounded_deadpool_warm_comparison ... ok
2026-10-07T01:41:11.9665090Z 
2026-10-07T01:41:11.9667840Z test result: ok. 61 passed; 0 failed; 0 ignored; 0 measured; 147 filtered out; finished in 4.85s
2026-10-07T01:41:11.9670510Z 
2026-10-07T01:41:11.9696560Z [1m[92m     Running[0m tests/task_handles.rs (target/debug/deps/task_handles-c236fd50c190eaff)
2026-10-07T01:41:11.9885470Z 
2026-10-07T01:41:11.9937960Z running 0 tests
2026-10-07T01:41:11.9944180Z 
2026-10-07T01:41:11.9947680Z test result: ok. 0 passed; 0 failed; 0 ignored; 0 measured; 3 filtered out; finished in 0.00s
2026-10-07T01:41:11.9955350Z 
2026-10-07T01:41:12.0089820Z ##[group]Run python scripts/verify_application_examples.py
2026-10-07T01:41:12.0091630Z [36;1mpython scripts/verify_application_examples.py[0m
2026-10-07T01:41:12.0236840Z shell: /bin/bash -e {0}
2026-10-07T01:41:12.0237740Z env:
2026-10-07T01:41:12.0238810Z   NAGI_FAILURE_DIR: /Users/runner/work/Nagi/Nagi/build/compiler-failures
2026-10-07T01:41:12.0240250Z   CARGO_HOME: /Users/runner/.cargo
2026-10-07T01:41:12.0241250Z   CARGO_INCREMENTAL: 0
2026-10-07T01:41:12.0242090Z   CARGO_TERM_COLOR: always
2026-10-07T01:41:12.0243460Z   pythonLocation: /Users/runner/hostedtoolcache/Python/3.12.10/x64
2026-10-07T01:41:12.0245710Z   PKG_CONFIG_PATH: /Users/runner/hostedtoolcache/Python/3.12.10/x64/lib/pkgconfig
2026-10-07T01:41:12.0248060Z   Python_ROOT_DIR: /Users/runner/hostedtoolcache/Python/3.12.10/x64
2026-10-07T01:41:12.0250220Z   Python2_ROOT_DIR: /Users/runner/hostedtoolcache/Python/3.12.10/x64
2026-10-07T01:41:12.0252540Z   Python3_ROOT_DIR: /Users/runner/hostedtoolcache/Python/3.12.10/x64
2026-10-07T01:41:12.0254110Z ##[endgroup]
2026-10-07T01:41:15.9722290Z Passed: stock-report (high)
2026-10-07T01:41:19.2111810Z Passed: stock-report (low)
2026-10-07T01:41:36.4129950Z Passed: device-settings (high)
2026-10-07T01:41:54.2416780Z Passed: device-settings (low)
2026-10-07T01:42:05.0332540Z Passed: seat-reservations (high)
2026-10-07T01:42:15.3561670Z Passed: seat-reservations (low)
2026-10-07T01:42:18.3409840Z Passed: file-json (high)
2026-10-07T01:42:21.1487350Z Passed: file-json (low)
2026-10-07T01:42:36.5420660Z Passed: quote-api (high)
2026-10-07T01:42:51.4252130Z Passed: quote-api (low)
2026-10-07T01:43:03.1633540Z Passed: supervised-worker (high)
2026-10-07T01:43:14.7502000Z Passed: supervised-worker (low)
2026-10-07T01:43:28.9104480Z Passed: byte-inspector (high)
2026-10-07T01:43:42.2235690Z Passed: byte-inspector (low)
2026-10-07T01:44:05.2419180Z Passed: axum-service (high)
2026-10-07T01:44:24.7971080Z Passed: axum-service (low)
2026-10-07T01:44:41.9981990Z Passed: auth-boundary (high)
2026-10-07T01:44:57.7662480Z Passed: auth-boundary (low)
2026-10-07T01:44:59.8412160Z Passed: order-quote (low)
2026-10-07T01:44:59.8413100Z {"projects": 10, "runs": 19, "status": "passed"}
2026-10-07T01:44:59.8709740Z ##[group]Run python -m unittest discover -s scripts/releases -p 'test_install.py'
2026-10-07T01:44:59.8711150Z [36;1mpython -m unittest discover -s scripts/releases -p 'test_install.py'[0m
2026-10-07T01:44:59.8802620Z shell: /bin/bash -e {0}
2026-10-07T01:44:59.8803220Z env:
2026-10-07T01:44:59.8803920Z   NAGI_FAILURE_DIR: /Users/runner/work/Nagi/Nagi/build/compiler-failures
2026-10-07T01:44:59.8804820Z   CARGO_HOME: /Users/runner/.cargo
2026-10-07T01:44:59.8805440Z   CARGO_INCREMENTAL: 0
2026-10-07T01:44:59.8805970Z   CARGO_TERM_COLOR: always
2026-10-07T01:44:59.8806800Z   pythonLocation: /Users/runner/hostedtoolcache/Python/3.12.10/x64
2026-10-07T01:44:59.8808080Z   PKG_CONFIG_PATH: /Users/runner/hostedtoolcache/Python/3.12.10/x64/lib/pkgconfig
2026-10-07T01:44:59.8809370Z   Python_ROOT_DIR: /Users/runner/hostedtoolcache/Python/3.12.10/x64
2026-10-07T01:44:59.8829240Z   Python2_ROOT_DIR: /Users/runner/hostedtoolcache/Python/3.12.10/x64
2026-10-07T01:44:59.8831160Z   Python3_ROOT_DIR: /Users/runner/hostedtoolcache/Python/3.12.10/x64
2026-10-07T01:44:59.8832020Z ##[endgroup]
2026-10-07T01:45:14.9370130Z .....................
2026-10-07T01:45:14.9371990Z ----------------------------------------------------------------------
2026-10-07T01:45:14.9373140Z Ran 21 tests in 14.886s
2026-10-07T01:45:14.9373480Z 
2026-10-07T01:45:14.9373710Z OK
2026-10-07T01:45:14.9617820Z ##[group]Run python -m unittest discover -s scripts/releases -p 'test_uninstall.py'
2026-10-07T01:45:14.9619160Z [36;1mpython -m unittest discover -s scripts/releases -p 'test_uninstall.py'[0m
2026-10-07T01:45:14.9693990Z shell: /bin/bash -e {0}
2026-10-07T01:45:14.9694540Z env:
2026-10-07T01:45:14.9695240Z   NAGI_FAILURE_DIR: /Users/runner/work/Nagi/Nagi/build/compiler-failures
2026-10-07T01:45:14.9696110Z   CARGO_HOME: /Users/runner/.cargo
2026-10-07T01:45:14.9696710Z   CARGO_INCREMENTAL: 0
2026-10-07T01:45:14.9697270Z   CARGO_TERM_COLOR: always
2026-10-07T01:45:14.9698000Z   pythonLocation: /Users/runner/hostedtoolcache/Python/3.12.10/x64
2026-10-07T01:45:14.9699110Z   PKG_CONFIG_PATH: /Users/runner/hostedtoolcache/Python/3.12.10/x64/lib/pkgconfig
2026-10-07T01:45:14.9700210Z   Python_ROOT_DIR: /Users/runner/hostedtoolcache/Python/3.12.10/x64
2026-10-07T01:45:14.9701230Z   Python2_ROOT_DIR: /Users/runner/hostedtoolcache/Python/3.12.10/x64
2026-10-07T01:45:14.9702310Z   Python3_ROOT_DIR: /Users/runner/hostedtoolcache/Python/3.12.10/x64
2026-10-07T01:45:14.9703170Z ##[endgroup]
2026-10-07T01:45:28.3770240Z ..............
2026-10-07T01:45:28.3771280Z ----------------------------------------------------------------------
2026-10-07T01:45:28.3772100Z Ran 14 tests in 13.228s
2026-10-07T01:45:28.3772450Z 
2026-10-07T01:45:28.3772650Z OK
2026-10-07T01:45:28.4089630Z ##[group]Run actions/upload-artifact@v4
2026-10-07T01:45:28.4090290Z with:
2026-10-07T01:45:28.4090770Z   name: release-macos-x86_64
2026-10-07T01:45:28.4091800Z   path: build/distribution/nagi-*.zip
build/distribution/nagi-*.tar.gz
build/distribution/nagi-*.sha256

2026-10-07T01:45:28.4092930Z   if-no-files-found: error
2026-10-07T01:45:28.4093480Z   compression-level: 6
2026-10-07T01:45:28.4093970Z   overwrite: false
2026-10-07T01:45:28.4094460Z   include-hidden-files: false
2026-10-07T01:45:28.4095150Z env:
2026-10-07T01:45:28.4095890Z   NAGI_FAILURE_DIR: /Users/runner/work/Nagi/Nagi/build/compiler-failures
2026-10-07T01:45:28.4096900Z   CARGO_HOME: /Users/runner/.cargo
2026-10-07T01:45:28.4097480Z   CARGO_INCREMENTAL: 0
2026-10-07T01:45:28.4097970Z   CARGO_TERM_COLOR: always
2026-10-07T01:45:28.4098660Z   pythonLocation: /Users/runner/hostedtoolcache/Python/3.12.10/x64
2026-10-07T01:45:28.4099850Z   PKG_CONFIG_PATH: /Users/runner/hostedtoolcache/Python/3.12.10/x64/lib/pkgconfig
2026-10-07T01:45:28.4100950Z   Python_ROOT_DIR: /Users/runner/hostedtoolcache/Python/3.12.10/x64
2026-10-07T01:45:28.4101890Z   Python2_ROOT_DIR: /Users/runner/hostedtoolcache/Python/3.12.10/x64
2026-10-07T01:45:28.4102820Z   Python3_ROOT_DIR: /Users/runner/hostedtoolcache/Python/3.12.10/x64
2026-10-07T01:45:28.4103730Z ##[endgroup]
2026-10-07T01:45:28.7629040Z (node:71544) [DEP0040] DeprecationWarning: The `punycode` module is deprecated. Please use a userland alternative instead.
2026-10-07T01:45:28.7632210Z (Use `node --trace-deprecation ...` to show where the warning was created)
2026-10-07T01:45:28.7729860Z With the provided path, there will be 2 files uploaded
2026-10-07T01:45:28.7737240Z Artifact name is valid!
2026-10-07T01:45:28.7738040Z Root directory input is valid!
2026-10-07T01:45:29.1541470Z Beginning upload of artifact content to blob storage
2026-10-07T01:45:29.3206860Z (node:71544) [DEP0169] DeprecationWarning: `url.parse()` behavior is not standardized and prone to errors that have security implications. Use the WHATWG URL API instead. CVEs are not issued for `url.parse()` vulnerabilities.
2026-10-07T01:45:30.1643840Z Uploaded bytes 2444742
2026-10-07T01:45:30.2446400Z Finished uploading artifact content to blob storage!
2026-10-07T01:45:30.2448200Z SHA256 digest of uploaded artifact zip is aa7317b0c64efbe49e5abbfba35a6219da40b6b6cb2a1cb18366662e617e0c36
2026-10-07T01:45:30.2449530Z Finalizing artifact upload
2026-10-07T01:45:30.5092730Z Artifact release-macos-x86_64.zip successfully finalized. Artifact ID 11455901633
2026-10-07T01:45:30.5094900Z Artifact release-macos-x86_64 has been successfully uploaded! Final size is 2444742 bytes. Artifact ID is 11455901633
2026-10-07T01:45:30.5108770Z Artifact download URL: https://github.com/disnana/Nagi/actions/runs/37553704154/artifacts/11455901633
2026-10-07T01:45:30.5477390Z Post job cleanup.
2026-10-07T01:45:30.7972080Z (node:71556) [DEP0040] DeprecationWarning: The `punycode` module is deprecated. Please use a userland alternative instead.
2026-10-07T01:45:30.7975970Z (Use `node --trace-deprecation ...` to show where the warning was created)
2026-10-07T01:45:30.8356220Z Post job cleanup.
2026-10-07T01:45:31.0838330Z (node:71557) [DEP0040] DeprecationWarning: The `punycode` module is deprecated. Please use a userland alternative instead.
2026-10-07T01:45:31.0841120Z (Use `node --trace-deprecation ...` to show where the warning was created)
2026-10-07T01:45:34.5730760Z Post job cleanup.
2026-10-07T01:45:34.7992910Z (node:71782) [DEP0040] DeprecationWarning: The `punycode` module is deprecated. Please use a userland alternative instead.
2026-10-07T01:45:34.8005150Z (Use `node --trace-deprecation ...` to show where the warning was created)
2026-10-07T01:45:34.8805460Z [command]/usr/local/bin/gtar --posix -cf cache.tzst --exclude cache.tzst -P -C /Users/runner/work/Nagi/Nagi --files-from manifest.txt --delay-directory-restore --use-compress-program zstdmt
2026-10-07T01:45:49.2866660Z (node:71782) [DEP0169] DeprecationWarning: `url.parse()` behavior is not standardized and prone to errors that have security implications. Use the WHATWG URL API instead. CVEs are not issued for `url.parse()` vulnerabilities.
2026-10-07T01:45:50.4367040Z Sent 0 of 678302629 (0.0%), 0.0 MBs/sec
2026-10-07T01:45:51.6401000Z Sent 0 of 678302629 (0.0%), 0.0 MBs/sec
2026-10-07T01:45:52.6469350Z Sent 0 of 678302629 (0.0%), 0.0 MBs/sec
2026-10-07T01:45:53.6465020Z Sent 0 of 678302629 (0.0%), 0.0 MBs/sec
2026-10-07T01:45:54.6609450Z Sent 134217728 of 678302629 (19.8%), 23.7 MBs/sec
2026-10-07T01:45:55.6650940Z Sent 201326592 of 678302629 (29.7%), 30.0 MBs/sec
2026-10-07T01:45:56.6660460Z Sent 275649445 of 678302629 (40.6%), 35.5 MBs/sec
2026-10-07T01:45:57.6696440Z Sent 342758309 of 678302629 (50.5%), 38.9 MBs/sec
2026-10-07T01:45:58.6669020Z Sent 544084901 of 678302629 (80.2%), 55.1 MBs/sec
2026-10-07T01:45:59.6677600Z Sent 611193765 of 678302629 (90.1%), 56.0 MBs/sec
2026-10-07T01:46:00.6687300Z Sent 611193765 of 678302629 (90.1%), 51.1 MBs/sec
2026-10-07T01:46:01.6730160Z Sent 611193765 of 678302629 (90.1%), 46.9 MBs/sec
2026-10-07T01:46:02.6742530Z Sent 611193765 of 678302629 (90.1%), 43.4 MBs/sec
2026-10-07T01:46:03.6744550Z Sent 611193765 of 678302629 (90.1%), 40.4 MBs/sec
2026-10-07T01:46:04.6752150Z Sent 611193765 of 678302629 (90.1%), 37.8 MBs/sec
2026-10-07T01:46:05.6768280Z Sent 611193765 of 678302629 (90.1%), 35.5 MBs/sec
2026-10-07T01:46:06.6782970Z Sent 611193765 of 678302629 (90.1%), 33.5 MBs/sec
2026-10-07T01:46:07.6810200Z Sent 611193765 of 678302629 (90.1%), 31.6 MBs/sec
2026-10-07T01:46:08.6802390Z Sent 611193765 of 678302629 (90.1%), 30.0 MBs/sec
2026-10-07T01:46:09.6809980Z Sent 611193765 of 678302629 (90.1%), 28.5 MBs/sec
2026-10-07T01:46:10.0545240Z Sent 678302629 of 678302629 (100.0%), 31.1 MBs/sec
2026-10-07T01:46:10.4434020Z Cache saved with key: nagi-rust-v1-package-macos-x86_64-20260928b940-ea0ec8ed94fb35bcf1d7c665cba9b22ca9050a457cc062d0c63198341f876515-0b86d267842384c4053a5e5fd79f989e184954a703b5365ab17024600c1d4de3
2026-10-07T01:46:10.4835880Z Post job cleanup.
2026-10-07T01:46:10.6970030Z [command]/usr/local/bin/git version
2026-10-07T01:46:10.7564120Z git version 2.55.0
2026-10-07T01:46:10.7609250Z Copying '/Users/runner/.gitconfig' to '/Users/runner/work/_temp/1229e3cf-5150-4c12-9401-be363f8d181f/.gitconfig'
2026-10-07T01:46:10.7634130Z Temporarily overriding HOME='/Users/runner/work/_temp/1229e3cf-5150-4c12-9401-be363f8d181f' before making global git config changes
2026-10-07T01:46:10.7636910Z Adding repository directory to the temporary git global config as a safe directory
2026-10-07T01:46:10.7643220Z [command]/usr/local/bin/git config --global --add safe.directory /Users/runner/work/Nagi/Nagi
2026-10-07T01:46:10.7814350Z [command]/usr/local/bin/git config --local --name-only --get-regexp core\.sshCommand
2026-10-07T01:46:10.8039700Z [command]/usr/local/bin/git submodule foreach --recursive sh -c "git config --local --name-only --get-regexp 'core\.sshCommand' && git config --local --unset-all 'core.sshCommand' || :"
2026-10-07T01:46:10.9855500Z [command]/usr/local/bin/git config --local --name-only --get-regexp http\.https\:\/\/github\.com\/\.extraheader
2026-10-07T01:46:10.9964340Z http.https://github.com/.extraheader
2026-10-07T01:46:10.9984030Z [command]/usr/local/bin/git config --local --unset-all http.https://github.com/.extraheader
2026-10-07T01:46:11.0122060Z [command]/usr/local/bin/git submodule foreach --recursive sh -c "git config --local --name-only --get-regexp 'http\.https\:\/\/github\.com\/\.extraheader' && git config --local --unset-all 'http.https://github.com/.extraheader' || :"
2026-10-07T01:46:11.1712290Z [command]/usr/local/bin/git config --local --name-only --get-regexp ^includeIf\.gitdir:
2026-10-07T01:46:11.1845210Z [command]/usr/local/bin/git submodule foreach --recursive git config --local --show-origin --name-only --get-regexp remote.origin.url
2026-10-07T01:46:11.3757950Z Cleaning up orphan processes
2026-10-07T01:46:11.8241730Z ##[warning]Node.js 20 is deprecated. The following actions target Node.js 20 but are being forced to run on Node.js 24: actions/cache@v4, actions/checkout@v4, actions/setup-node@v4, actions/setup-python@v5, actions/upload-artifact@v4. For more information see: https://github.blog/changelog/2025-09-19-deprecation-of-node-20-on-github-actions-runners/
