2026-10-07T00:47:45.2293191Z Current runner version: '2.337.0'
2026-10-07T00:47:45.2330124Z ##[group]Runner Image Provisioner
2026-10-07T00:47:45.2331448Z Hosted Compute Agent
2026-10-07T00:47:45.2332451Z Version: 20260901.588
2026-10-07T00:47:45.2333491Z Commit: f88ec8081b781fac6c440065ac7ff9e710ce3d0b
2026-10-07T00:47:45.2334688Z Build Date: 2026-09-01T19:56:44Z
2026-10-07T00:47:45.2335886Z Worker ID: {eedd4052-930d-4f7f-ad39-6387d07a623c}
2026-10-07T00:47:45.2337072Z Azure Region: northcentralus
2026-10-07T00:47:45.2338210Z ##[endgroup]
2026-10-07T00:47:45.2340492Z ##[group]Operating System
2026-10-07T00:47:45.2341620Z Microsoft Windows Server 2025
2026-10-07T00:47:45.2342688Z 10.0.26100
2026-10-07T00:47:45.2343527Z Datacenter
2026-10-07T00:47:45.2344800Z ##[endgroup]
2026-10-07T00:47:45.2345672Z ##[group]Runner Image
2026-10-07T00:47:45.2346700Z Image: windows-2025-vs2026
2026-10-07T00:47:45.2347695Z Version: 20260925.250.1
2026-10-07T00:47:45.2351256Z Included Software: https://github.com/actions/runner-images/blob/win25-vs2026/20260925.250/images/windows/Windows2025-VS2026-Readme.md
2026-10-07T00:47:45.2354368Z Image Release: https://github.com/actions/runner-images/releases/tag/win25-vs2026%2F20260925.250
2026-10-07T00:47:45.2356205Z ##[endgroup]
2026-10-07T00:47:45.2358065Z ##[group]GITHUB_TOKEN Permissions
2026-10-07T00:47:45.2360621Z Contents: read
2026-10-07T00:47:45.2361593Z Metadata: read
2026-10-07T00:47:45.2362472Z ##[endgroup]
2026-10-07T00:47:45.2365914Z Secret source: Actions
2026-10-07T00:47:45.2367383Z Cache mode: write
2026-10-07T00:47:45.2368582Z Prepare workflow directory
2026-10-07T00:47:45.2984162Z Prepare all required actions
2026-10-07T00:47:45.3033180Z Getting action download info
2026-10-07T00:47:45.5470743Z Download action repository 'actions/checkout@v4' (SHA:11d5960a326750d5838078e36cf38b85af677262)
2026-10-07T00:47:45.6805590Z Download action repository 'dtolnay/rust-toolchain@stable' (SHA:89b12181fb390509a0842a86cc55eeb8eb928c1d)
2026-10-07T00:47:45.8253755Z Download action repository 'actions/cache@v4' (SHA:0057852bfaa89a56745cba8c7296529d2fc39830)
2026-10-07T00:47:45.9700670Z Download action repository 'actions/setup-python@v5' (SHA:a26af69be951a213d495a4c3e4e4022e16d87065)
2026-10-07T00:47:46.1243888Z Download action repository 'actions/setup-node@v4' (SHA:49933ea5288caeca8642d1e84afbd3f7d6820020)
2026-10-07T00:47:46.2910199Z Download action repository 'actions/upload-artifact@v4' (SHA:ea165f8d65b6e75b540449e92b4886f43607fa02)
2026-10-07T00:47:46.7044985Z Complete job name: nagi-package (windows-latest, windows-x86_64, nagic.exe, x86_64-pc-windows-msvc)
2026-10-07T00:47:46.8727940Z ##[group]Run actions/checkout@v4
2026-10-07T00:47:46.8728990Z with:
2026-10-07T00:47:46.8729506Z   repository: disnana/Nagi
2026-10-07T00:47:46.8733296Z   token: ***
2026-10-07T00:47:46.8733797Z   ssh-strict: true
2026-10-07T00:47:46.8734272Z   ssh-user: git
2026-10-07T00:47:46.8734750Z   persist-credentials: true
2026-10-07T00:47:46.8735264Z   clean: true
2026-10-07T00:47:46.8735760Z   sparse-checkout-cone-mode: true
2026-10-07T00:47:46.8736319Z   fetch-depth: 1
2026-10-07T00:47:46.8736807Z   fetch-tags: false
2026-10-07T00:47:46.8737313Z   show-progress: true
2026-10-07T00:47:46.8737788Z   lfs: false
2026-10-07T00:47:46.8738243Z   submodules: false
2026-10-07T00:47:46.8738725Z   set-safe-directory: true
2026-10-07T00:47:46.8739263Z   allow-unsafe-pr-checkout: false
2026-10-07T00:47:46.8740055Z env:
2026-10-07T00:47:46.8740598Z   NAGI_FAILURE_DIR: D:\a\Nagi\Nagi/build/compiler-failures
2026-10-07T00:47:46.8741206Z ##[endgroup]
2026-10-07T00:47:47.0228058Z Syncing repository: disnana/Nagi
2026-10-07T00:47:47.0229977Z ##[group]Getting Git version info
2026-10-07T00:47:47.0230612Z Working directory is 'D:\a\Nagi\Nagi'
2026-10-07T00:47:47.1183897Z [command]"C:\Program Files\Git\bin\git.exe" version
2026-10-07T00:47:47.4590547Z git version 2.55.0.windows.5
2026-10-07T00:47:47.4641419Z ##[endgroup]
2026-10-07T00:47:47.4663091Z Temporarily overriding HOME='D:\a\_temp\2700e2ff-9fbd-456a-abc7-aa0a0447a58f' before making global git config changes
2026-10-07T00:47:47.4674211Z Adding repository directory to the temporary git global config as a safe directory
2026-10-07T00:47:47.4675230Z [command]"C:\Program Files\Git\bin\git.exe" config --global --add safe.directory D:\a\Nagi\Nagi
2026-10-07T00:47:47.5298419Z Deleting the contents of 'D:\a\Nagi\Nagi'
2026-10-07T00:47:47.5304784Z ##[group]Initializing the repository
2026-10-07T00:47:47.5313493Z [command]"C:\Program Files\Git\bin\git.exe" init D:\a\Nagi\Nagi
2026-10-07T00:47:47.6156691Z Initialized empty Git repository in D:/a/Nagi/Nagi/.git/
2026-10-07T00:47:47.6204032Z [command]"C:\Program Files\Git\bin\git.exe" remote add origin https://github.com/disnana/Nagi
2026-10-07T00:47:47.6821158Z ##[endgroup]
2026-10-07T00:47:47.6822070Z ##[group]Disabling automatic garbage collection
2026-10-07T00:47:47.6822841Z [command]"C:\Program Files\Git\bin\git.exe" config --local gc.auto 0
2026-10-07T00:47:47.7124571Z ##[endgroup]
2026-10-07T00:47:47.7125482Z ##[group]Setting up auth
2026-10-07T00:47:47.7137486Z [command]"C:\Program Files\Git\bin\git.exe" config --local --name-only --get-regexp core\.sshCommand
2026-10-07T00:47:47.7470971Z [command]"C:\Program Files\Git\bin\git.exe" submodule foreach --recursive "sh -c \"git config --local --name-only --get-regexp 'core\.sshCommand' && git config --local --unset-all 'core.sshCommand' || :\""
2026-10-07T00:47:49.2284922Z [command]"C:\Program Files\Git\bin\git.exe" config --local --name-only --get-regexp http\.https\:\/\/github\.com\/\.extraheader
2026-10-07T00:47:49.2586820Z [command]"C:\Program Files\Git\bin\git.exe" submodule foreach --recursive "sh -c \"git config --local --name-only --get-regexp 'http\.https\:\/\/github\.com\/\.extraheader' && git config --local --unset-all 'http.https://github.com/.extraheader' || :\""
2026-10-07T00:47:49.8172997Z [command]"C:\Program Files\Git\bin\git.exe" config --local --name-only --get-regexp ^includeIf\.gitdir:
2026-10-07T00:47:49.8480516Z [command]"C:\Program Files\Git\bin\git.exe" submodule foreach --recursive "git config --local --show-origin --name-only --get-regexp remote.origin.url"
2026-10-07T00:47:50.3827064Z [command]"C:\Program Files\Git\bin\git.exe" config --local http.https://github.com/.extraheader "AUTHORIZATION: basic ***"
2026-10-07T00:47:50.4126827Z ##[endgroup]
2026-10-07T00:47:50.4127519Z ##[group]Fetching the repository
2026-10-07T00:47:50.4149691Z [command]"C:\Program Files\Git\bin\git.exe" -c protocol.version=2 fetch --no-tags --prune --no-recurse-submodules --depth=1 origin +3750d312318bd5d07ca6fc3d8bbcb8cfbee43402:refs/remotes/pull/91/merge
2026-10-07T00:47:51.8285925Z From https://github.com/disnana/Nagi
2026-10-07T00:47:51.8286828Z  * [new ref]         3750d312318bd5d07ca6fc3d8bbcb8cfbee43402 -> pull/91/merge
2026-10-07T00:47:51.8326854Z ##[endgroup]
2026-10-07T00:47:51.8327523Z ##[group]Determining the checkout info
2026-10-07T00:47:51.8330349Z ##[endgroup]
2026-10-07T00:47:51.8340349Z [command]"C:\Program Files\Git\bin\git.exe" sparse-checkout disable
2026-10-07T00:47:51.8777572Z [command]"C:\Program Files\Git\bin\git.exe" config --local --unset-all extensions.worktreeConfig
2026-10-07T00:47:51.9093283Z ##[group]Checking out the ref
2026-10-07T00:47:51.9093922Z [command]"C:\Program Files\Git\bin\git.exe" checkout --progress --force refs/remotes/pull/91/merge
2026-10-07T00:47:52.6343562Z Note: switching to 'refs/remotes/pull/91/merge'.
2026-10-07T00:47:52.6344134Z 
2026-10-07T00:47:52.6344336Z You are in 'detached HEAD' state. You can look around, make experimental
2026-10-07T00:47:52.6373463Z changes and commit them, and you can discard any commits you make in this
2026-10-07T00:47:52.6374415Z state without impacting any branches by switching back to a branch.
2026-10-07T00:47:52.6374869Z 
2026-10-07T00:47:52.6375091Z If you want to create a new branch to retain commits you create, you may
2026-10-07T00:47:52.6375907Z do so (now or later) by using -c with the switch command. Example:
2026-10-07T00:47:52.6377236Z 
2026-10-07T00:47:52.6377370Z   git switch -c <new-branch-name>
2026-10-07T00:47:52.6377555Z 
2026-10-07T00:47:52.6377652Z Or undo this operation with:
2026-10-07T00:47:52.6377858Z 
2026-10-07T00:47:52.6377962Z   git switch -
2026-10-07T00:47:52.6378085Z 
2026-10-07T00:47:52.6378289Z Turn off this advice by setting config variable advice.detachedHead to false
2026-10-07T00:47:52.6378600Z 
2026-10-07T00:47:52.6379049Z HEAD is now at 3750d31 Merge c2b227533b89268028ecb2d67e39492b7aa4e4a5 into 97e62f82b1f67dbcea699071477cbeec7388a713
2026-10-07T00:47:52.6459279Z ##[endgroup]
2026-10-07T00:47:52.6859230Z [command]"C:\Program Files\Git\bin\git.exe" log -1 --format=%H
2026-10-07T00:47:52.7138576Z 3750d312318bd5d07ca6fc3d8bbcb8cfbee43402
2026-10-07T00:47:52.8067343Z ##[group]Run dtolnay/rust-toolchain@stable
2026-10-07T00:47:52.8067718Z with:
2026-10-07T00:47:52.8067910Z   toolchain: stable
2026-10-07T00:47:52.8068100Z env:
2026-10-07T00:47:52.8068341Z   NAGI_FAILURE_DIR: D:\a\Nagi\Nagi/build/compiler-failures
2026-10-07T00:47:52.8068676Z ##[endgroup]
2026-10-07T00:47:52.8136797Z ##[start-action display=Parse toolchain version;id=rust.parse]
2026-10-07T00:47:52.8315272Z ##[group]Run if [[ -z $toolchain ]]; then
2026-10-07T00:47:52.8315688Z [36;1mif [[ -z $toolchain ]]; then[0m
2026-10-07T00:47:52.8316222Z [36;1m  # GitHub does not enforce `required: true` inputs itself. https://github.com/actions/runner/issues/1070[0m
2026-10-07T00:47:52.8316778Z [36;1m  echo "'toolchain' is a required input" >&2[0m
2026-10-07T00:47:52.8317058Z [36;1m  exit 1[0m
2026-10-07T00:47:52.8317375Z [36;1melif [[ $toolchain =~ ^stable' '[0-9]+' '(year|month|week|day)s?' 'ago$ ]]; then[0m
2026-10-07T00:47:52.8317821Z [36;1m  if [[ Windows == macOS ]]; then[0m
2026-10-07T00:47:52.8318342Z [36;1m    echo "toolchain=1.$((($(date -v-$(sed 's/stable \([0-9]*\) \(.\).*/\1\2/' <<< $toolchain) +%s)/60/60/24-16569)/7/6))" >> $GITHUB_OUTPUT[0m
2026-10-07T00:47:52.8318852Z [36;1m  else[0m
2026-10-07T00:47:52.8319255Z [36;1m    echo "toolchain=1.$((($(date --date "${toolchain#stable }" +%s)/60/60/24-16569)/7/6))" >> $GITHUB_OUTPUT[0m
2026-10-07T00:47:52.8319697Z [36;1m  fi[0m
2026-10-07T00:47:52.8319990Z [36;1melif [[ $toolchain =~ ^stable' 'minus' '[0-9]+' 'releases?$ ]]; then[0m
2026-10-07T00:47:52.8320520Z [36;1m  echo "toolchain=1.$((($(date +%s)/60/60/24-16569)/7/6-${toolchain//[^0-9]/}))" >> $GITHUB_OUTPUT[0m
2026-10-07T00:47:52.8321278Z [36;1melif [[ $toolchain =~ ^1\.[0-9]+$ ]]; then[0m
2026-10-07T00:47:52.8321804Z [36;1m  echo "toolchain=1.$((i=${toolchain#1.}, c=($(date +%s)/60/60/24-16569)/7/6, i+9*i*(10*i<=c)+90*i*(100*i<=c)))" >> $GITHUB_OUTPUT[0m
2026-10-07T00:47:52.8322287Z [36;1melse[0m
2026-10-07T00:47:52.8322609Z [36;1m  echo "toolchain=$toolchain" >> $GITHUB_OUTPUT[0m
2026-10-07T00:47:52.8323050Z [36;1mfi[0m
2026-10-07T00:47:52.8347670Z shell: C:\Program Files\Git\bin\bash.EXE --noprofile --norc -e -o pipefail {0}
2026-10-07T00:47:52.8348182Z env:
2026-10-07T00:47:52.8348508Z   NAGI_FAILURE_DIR: D:\a\Nagi\Nagi/build/compiler-failures
2026-10-07T00:47:52.8348902Z   toolchain: stable
2026-10-07T00:47:52.8349127Z ##[endgroup]
2026-10-07T00:47:52.9930892Z ##[end-action id=rust.parse;outcome=success;conclusion=success;duration_ms=179]
2026-10-07T00:47:52.9943942Z ##[start-action display=Construct rustup command line;id=rust.flags]
2026-10-07T00:47:53.0100099Z ##[group]Run echo "targets=$(for t in ${targets//,/ }; do echo -n ' --target' $t; done)" >> $GITHUB_OUTPUT
2026-10-07T00:47:53.0100819Z [36;1mecho "targets=$(for t in ${targets//,/ }; do echo -n ' --target' $t; done)" >> $GITHUB_OUTPUT[0m
2026-10-07T00:47:53.0101500Z [36;1mecho "components=$(for c in ${components//,/ }; do echo -n ' --component' $c; done)" >> $GITHUB_OUTPUT[0m
2026-10-07T00:47:53.0101978Z [36;1mecho "downgrade=" >> $GITHUB_OUTPUT[0m
2026-10-07T00:47:53.0117928Z shell: C:\Program Files\Git\bin\bash.EXE --noprofile --norc -e -o pipefail {0}
2026-10-07T00:47:53.0118329Z env:
2026-10-07T00:47:53.0118761Z   NAGI_FAILURE_DIR: D:\a\Nagi\Nagi/build/compiler-failures
2026-10-07T00:47:53.0119062Z   targets: 
2026-10-07T00:47:53.0119231Z   components: 
2026-10-07T00:47:53.0119407Z ##[endgroup]
2026-10-07T00:47:53.0795548Z ##[end-action id=rust.flags;outcome=success;conclusion=success;duration_ms=85]
2026-10-07T00:47:53.0798327Z ##[start-action display=Set $CARGO_HOME;id=rust.__run]
2026-10-07T00:47:53.0939826Z ##[group]Run echo CARGO_HOME=${CARGO_HOME:-"$USERPROFILE\.cargo"} >> $GITHUB_ENV
2026-10-07T00:47:53.0940356Z [36;1mecho CARGO_HOME=${CARGO_HOME:-"$USERPROFILE\.cargo"} >> $GITHUB_ENV[0m
2026-10-07T00:47:53.0956589Z shell: C:\Program Files\Git\bin\bash.EXE --noprofile --norc -e -o pipefail {0}
2026-10-07T00:47:53.0958705Z env:
2026-10-07T00:47:53.0959028Z   NAGI_FAILURE_DIR: D:\a\Nagi\Nagi/build/compiler-failures
2026-10-07T00:47:53.0959347Z ##[endgroup]
2026-10-07T00:47:53.1376013Z ##[end-action id=rust.__run;outcome=success;conclusion=success;duration_ms=57]
2026-10-07T00:47:53.1378650Z ##[start-action display=Install rustup if needed;id=rust.__run_2]
2026-10-07T00:47:53.1390258Z ##[end-action id=rust.__run_2;outcome=skipped;conclusion=skipped;duration_ms=0]
2026-10-07T00:47:53.1393026Z ##[start-action display=Install rustup if needed on windows;id=rust.__run_3]
2026-10-07T00:47:53.1539816Z ##[group]Run if ! command -v rustup &>/dev/null; then
2026-10-07T00:47:53.1540215Z [36;1mif ! command -v rustup &>/dev/null; then[0m
2026-10-07T00:47:53.1540989Z [36;1m  curl --proto '=https' --tlsv1.2 --retry 10 --retry-connrefused --location --silent --show-error --fail https://win.rustup.rs/x86_64 --output 'D:\a\_temp\rustup-init.exe'[0m
2026-10-07T00:47:53.1541876Z [36;1m  'D:\a\_temp\rustup-init.exe' --default-toolchain none --no-modify-path -y[0m
2026-10-07T00:47:53.1542318Z [36;1m  echo "$CARGO_HOME\bin" >> $GITHUB_PATH[0m
2026-10-07T00:47:53.1542585Z [36;1mfi[0m
2026-10-07T00:47:53.1558777Z shell: C:\Program Files\Git\bin\bash.EXE --noprofile --norc -e -o pipefail {0}
2026-10-07T00:47:53.1559206Z env:
2026-10-07T00:47:53.1559449Z   NAGI_FAILURE_DIR: D:\a\Nagi\Nagi/build/compiler-failures
2026-10-07T00:47:53.1559785Z   CARGO_HOME: C:\Users\runneradmin\.cargo
2026-10-07T00:47:53.1560041Z ##[endgroup]
2026-10-07T00:47:53.2104071Z ##[end-action id=rust.__run_3;outcome=success;conclusion=success;duration_ms=71]
2026-10-07T00:47:53.2117879Z ##[start-action display=rustup toolchain install stable;id=rust.__run_4]
2026-10-07T00:47:53.2286369Z ##[group]Run log=$(mktemp)
2026-10-07T00:47:53.2286661Z [36;1mlog=$(mktemp)[0m
2026-10-07T00:47:53.2286898Z [36;1mtrap 'rm -f "$log"' EXIT[0m
2026-10-07T00:47:53.2287152Z [36;1mfor attempt in 1 2 3 4 5; do[0m
2026-10-07T00:47:53.2288094Z [36;1m  if rustup toolchain install stable --profile minimal --no-self-update --force-non-host 2>&1 | tee "$log"; then[0m
2026-10-07T00:47:53.2288647Z [36;1m    break[0m
2026-10-07T00:47:53.2288837Z [36;1m  else[0m
2026-10-07T00:47:53.2289017Z [36;1m    status=$?[0m
2026-10-07T00:47:53.2289232Z [36;1m  fi[0m
2026-10-07T00:47:53.2289522Z [36;1m  if [[ $attempt == 5 ]] || ! grep -Fq 'checksum failed for ' "$log" \[0m
2026-10-07T00:47:53.2290084Z [36;1m      || ! grep -Fq 'this is likely due to an ongoing update of the official release server' "$log"; then[0m
2026-10-07T00:47:53.2290537Z [36;1m    exit "$status"[0m
2026-10-07T00:47:53.2290746Z [36;1m  fi[0m
2026-10-07T00:47:53.2291088Z [36;1m  echo "Retrying rustup toolchain install in 30 seconds (retry $attempt of 4)" >&2[0m
2026-10-07T00:47:53.2291494Z [36;1m  sleep 30[0m
2026-10-07T00:47:53.2291678Z [36;1mdone[0m
2026-10-07T00:47:53.2307345Z shell: C:\Program Files\Git\bin\bash.EXE --noprofile --norc -e -o pipefail {0}
2026-10-07T00:47:53.2308227Z env:
2026-10-07T00:47:53.2308482Z   NAGI_FAILURE_DIR: D:\a\Nagi\Nagi/build/compiler-failures
2026-10-07T00:47:53.2308819Z   CARGO_HOME: C:\Users\runneradmin\.cargo
2026-10-07T00:47:53.2309084Z   RUSTUP_PERMIT_COPY_RENAME: 1
2026-10-07T00:47:53.2309297Z ##[endgroup]
2026-10-07T00:47:56.0530387Z info: syncing channel updates for stable-x86_64-pc-windows-msvc
2026-10-07T00:47:56.5755545Z info: latest update on 2026-10-01 for version 1.99.0 (b940084d7 2026-09-28)
2026-10-07T00:47:56.6071657Z info: removing previous version of component rustfmt
2026-10-07T00:47:56.6230136Z info: removing previous version of component clippy
2026-10-07T00:47:56.6548223Z info: removing previous version of component rust-std for target x86_64-pc-windows-gnu
2026-10-07T00:47:56.7657291Z info: removing previous version of component rust-std for target i686-pc-windows-msvc
2026-10-07T00:47:56.8312076Z info: removing previous version of component cargo
2026-10-07T00:47:56.9235622Z info: removing previous version of component rust-std
2026-10-07T00:47:57.0026050Z info: removing previous version of component rustc
2026-10-07T00:47:57.1132396Z info: downloading 7 components
2026-10-07T00:48:10.1877760Z 
2026-10-07T00:48:10.2195217Z   stable-x86_64-pc-windows-msvc updated - rustc 1.99.0 (b940084d7 2026-09-28) (from rustc 1.98.1 (48a229cea 2026-09-01))
2026-10-07T00:48:10.2196158Z 
2026-10-07T00:48:10.2581083Z ##[end-action id=rust.__run_4;outcome=success;conclusion=success;duration_ms=17046]
2026-10-07T00:48:10.2585889Z ##[start-action display=rustup default stable;id=rust.__run_5]
2026-10-07T00:48:10.2736836Z ##[group]Run rustup default stable --force-non-host
2026-10-07T00:48:10.2737199Z [36;1mrustup default stable --force-non-host[0m
2026-10-07T00:48:10.2753265Z shell: C:\Program Files\Git\bin\bash.EXE --noprofile --norc -e -o pipefail {0}
2026-10-07T00:48:10.2753663Z env:
2026-10-07T00:48:10.2753909Z   NAGI_FAILURE_DIR: D:\a\Nagi\Nagi/build/compiler-failures
2026-10-07T00:48:10.2754258Z   CARGO_HOME: C:\Users\runneradmin\.cargo
2026-10-07T00:48:10.2754512Z ##[endgroup]
2026-10-07T00:48:10.3491624Z info: using existing install for stable-x86_64-pc-windows-msvc
2026-10-07T00:48:10.3534208Z info: default toolchain set to stable-x86_64-pc-windows-msvc
2026-10-07T00:48:10.3534682Z 
2026-10-07T00:48:10.3748455Z   stable-x86_64-pc-windows-msvc unchanged - rustc 1.99.0 (b940084d7 2026-09-28)
2026-10-07T00:48:10.3748871Z 
2026-10-07T00:48:10.3830653Z ##[end-action id=rust.__run_5;outcome=success;conclusion=success;duration_ms=124]
2026-10-07T00:48:10.3833062Z ##[start-action display=Create cachekey;id=rust.rustc-version]
2026-10-07T00:48:10.3974459Z ##[group]Run DATE=$(rustc +stable --version --verbose | sed -ne 's/^commit-date: \(20[0-9][0-9]\)-\([01][0-9]\)-\([0-3][0-9]\)$/\1\2\3/p')
2026-10-07T00:48:10.3975284Z [36;1mDATE=$(rustc +stable --version --verbose | sed -ne 's/^commit-date: \(20[0-9][0-9]\)-\([01][0-9]\)-\([0-3][0-9]\)$/\1\2\3/p')[0m
2026-10-07T00:48:10.3975919Z [36;1mHASH=$(rustc +stable --version --verbose | sed -ne 's/^commit-hash: //p')[0m
2026-10-07T00:48:10.3976403Z [36;1mecho "cachekey=$(echo $DATE$HASH | head -c12)" >> $GITHUB_OUTPUT[0m
2026-10-07T00:48:10.3991981Z shell: C:\Program Files\Git\bin\bash.EXE --noprofile --norc -e -o pipefail {0}
2026-10-07T00:48:10.3992386Z env:
2026-10-07T00:48:10.3992616Z   NAGI_FAILURE_DIR: D:\a\Nagi\Nagi/build/compiler-failures
2026-10-07T00:48:10.3992946Z   CARGO_HOME: C:\Users\runneradmin\.cargo
2026-10-07T00:48:10.3993192Z ##[endgroup]
2026-10-07T00:48:11.1488302Z ##[end-action id=rust.rustc-version;outcome=success;conclusion=success;duration_ms=765]
2026-10-07T00:48:11.1490970Z ##[start-action display=Disable incremental compilation;id=rust.__run_6]
2026-10-07T00:48:11.1628722Z ##[group]Run if [ -z "${CARGO_INCREMENTAL+set}" ]; then
2026-10-07T00:48:11.1629097Z [36;1mif [ -z "${CARGO_INCREMENTAL+set}" ]; then[0m
2026-10-07T00:48:11.1629459Z [36;1m  echo CARGO_INCREMENTAL=0 >> $GITHUB_ENV[0m
2026-10-07T00:48:11.1629800Z [36;1mfi[0m
2026-10-07T00:48:11.1646490Z shell: C:\Program Files\Git\bin\bash.EXE --noprofile --norc -e -o pipefail {0}
2026-10-07T00:48:11.1646886Z env:
2026-10-07T00:48:11.1647218Z   NAGI_FAILURE_DIR: D:\a\Nagi\Nagi/build/compiler-failures
2026-10-07T00:48:11.1647754Z   CARGO_HOME: C:\Users\runneradmin\.cargo
2026-10-07T00:48:11.1649359Z ##[endgroup]
2026-10-07T00:48:11.2083754Z ##[end-action id=rust.__run_6;outcome=success;conclusion=success;duration_ms=59]
2026-10-07T00:48:11.2086227Z ##[start-action display=Enable colors in Cargo output;id=rust.__run_7]
2026-10-07T00:48:11.2221174Z ##[group]Run if [ -z "${CARGO_TERM_COLOR+set}" ]; then
2026-10-07T00:48:11.2221537Z [36;1mif [ -z "${CARGO_TERM_COLOR+set}" ]; then[0m
2026-10-07T00:48:11.2221856Z [36;1m  echo CARGO_TERM_COLOR=always >> $GITHUB_ENV[0m
2026-10-07T00:48:11.2222144Z [36;1mfi[0m
2026-10-07T00:48:11.2237384Z shell: C:\Program Files\Git\bin\bash.EXE --noprofile --norc -e -o pipefail {0}
2026-10-07T00:48:11.2237788Z env:
2026-10-07T00:48:11.2238205Z   NAGI_FAILURE_DIR: D:\a\Nagi\Nagi/build/compiler-failures
2026-10-07T00:48:11.2238555Z   CARGO_HOME: C:\Users\runneradmin\.cargo
2026-10-07T00:48:11.2238820Z   CARGO_INCREMENTAL: 0
2026-10-07T00:48:11.2239014Z ##[endgroup]
2026-10-07T00:48:11.2650378Z ##[end-action id=rust.__run_7;outcome=success;conclusion=success;duration_ms=56]
2026-10-07T00:48:11.2652544Z ##[start-action display=Enable Cargo sparse registry;id=rust.__run_8]
2026-10-07T00:48:11.2791300Z ##[group]Run # implemented in 1.66, stabilized in 1.68, made default in 1.70
2026-10-07T00:48:11.2791842Z [36;1m# implemented in 1.66, stabilized in 1.68, made default in 1.70[0m
2026-10-07T00:48:11.2792500Z [36;1mif [ -z "${CARGO_REGISTRIES_CRATES_IO_PROTOCOL+set}" -o -f "D:\a\_temp"/.implicit_cargo_registries_crates_io_protocol ]; then[0m
2026-10-07T00:48:11.2793182Z [36;1m  if rustc +stable --version --verbose | grep -q '^release: 1\.6[89]\.'; then[0m
2026-10-07T00:48:11.2793703Z [36;1m    touch "D:\a\_temp"/.implicit_cargo_registries_crates_io_protocol || true[0m
2026-10-07T00:48:11.2794194Z [36;1m    echo CARGO_REGISTRIES_CRATES_IO_PROTOCOL=sparse >> $GITHUB_ENV[0m
2026-10-07T00:48:11.2794686Z [36;1m  elif rustc +stable --version --verbose | grep -q '^release: 1\.6[67]\.'; then[0m
2026-10-07T00:48:11.2795209Z [36;1m    touch "D:\a\_temp"/.implicit_cargo_registries_crates_io_protocol || true[0m
2026-10-07T00:48:11.2795671Z [36;1m    echo CARGO_REGISTRIES_CRATES_IO_PROTOCOL=git >> $GITHUB_ENV[0m
2026-10-07T00:48:11.2796007Z [36;1m  fi[0m
2026-10-07T00:48:11.2796174Z [36;1mfi[0m
2026-10-07T00:48:11.2813421Z shell: C:\Program Files\Git\bin\bash.EXE --noprofile --norc -e -o pipefail {0}
2026-10-07T00:48:11.2813813Z env:
2026-10-07T00:48:11.2814060Z   NAGI_FAILURE_DIR: D:\a\Nagi\Nagi/build/compiler-failures
2026-10-07T00:48:11.2814393Z   CARGO_HOME: C:\Users\runneradmin\.cargo
2026-10-07T00:48:11.2814649Z   CARGO_INCREMENTAL: 0
2026-10-07T00:48:11.2814852Z   CARGO_TERM_COLOR: always
2026-10-07T00:48:11.2815064Z ##[endgroup]
2026-10-07T00:48:11.4619617Z ##[end-action id=rust.__run_8;outcome=success;conclusion=success;duration_ms=196]
2026-10-07T00:48:11.4621766Z ##[start-action display=Work around spurious network errors in curl 8.0;id=rust.__run_9]
2026-10-07T00:48:11.4758006Z ##[group]Run # https://rust-lang.zulipchat.com/#narrow/stream/246057-t-cargo/topic/timeout.20investigation
2026-10-07T00:48:11.4758875Z [36;1m# https://rust-lang.zulipchat.com/#narrow/stream/246057-t-cargo/topic/timeout.20investigation[0m
2026-10-07T00:48:11.4759591Z [36;1mif rustc +stable --version --verbose | grep -q '^release: 1\.7[01]\.'; then[0m
2026-10-07T00:48:11.4760122Z [36;1m  echo CARGO_HTTP_MULTIPLEXING=false >> $GITHUB_ENV[0m
2026-10-07T00:48:11.4760514Z [36;1mfi[0m
2026-10-07T00:48:11.4843869Z shell: C:\Program Files\Git\bin\bash.EXE --noprofile --norc -e -o pipefail {0}
2026-10-07T00:48:11.4844499Z env:
2026-10-07T00:48:11.4844903Z   NAGI_FAILURE_DIR: D:\a\Nagi\Nagi/build/compiler-failures
2026-10-07T00:48:11.4845472Z   CARGO_HOME: C:\Users\runneradmin\.cargo
2026-10-07T00:48:11.4845915Z   CARGO_INCREMENTAL: 0
2026-10-07T00:48:11.4846251Z   CARGO_TERM_COLOR: always
2026-10-07T00:48:11.4846589Z ##[endgroup]
2026-10-07T00:48:11.6049481Z ##[end-action id=rust.__run_9;outcome=success;conclusion=success;duration_ms=142]
2026-10-07T00:48:11.6054186Z ##[start-action display=rustc +stable --version --verbose;id=rust.__run_10]
2026-10-07T00:48:11.6191212Z ##[group]Run rustc +stable --version --verbose
2026-10-07T00:48:11.6191545Z [36;1mrustc +stable --version --verbose[0m
2026-10-07T00:48:11.6207027Z shell: C:\Program Files\Git\bin\bash.EXE --noprofile --norc -e -o pipefail {0}
2026-10-07T00:48:11.6207423Z env:
2026-10-07T00:48:11.6207663Z   NAGI_FAILURE_DIR: D:\a\Nagi\Nagi/build/compiler-failures
2026-10-07T00:48:11.6208007Z   CARGO_HOME: C:\Users\runneradmin\.cargo
2026-10-07T00:48:11.6208278Z   CARGO_INCREMENTAL: 0
2026-10-07T00:48:11.6208486Z   CARGO_TERM_COLOR: always
2026-10-07T00:48:11.6208880Z ##[endgroup]
2026-10-07T00:48:11.7081913Z rustc 1.99.0 (b940084d7 2026-09-28)
2026-10-07T00:48:11.7082399Z binary: rustc
2026-10-07T00:48:11.7082791Z commit-hash: b940084d7eb6a299eb4bfeb8e34901bc051e7ac4
2026-10-07T00:48:11.7083281Z commit-date: 2026-09-28
2026-10-07T00:48:11.7083525Z host: x86_64-pc-windows-msvc
2026-10-07T00:48:11.7083775Z release: 1.99.0
2026-10-07T00:48:11.7085818Z LLVM version: 23.1.1
2026-10-07T00:48:11.7249403Z ##[end-action id=rust.__run_10;outcome=success;conclusion=success;duration_ms=119]
2026-10-07T00:48:12.3565250Z ##[group]Run actions/cache@v4
2026-10-07T00:48:12.3565562Z with:
2026-10-07T00:48:12.3565847Z   path: ~/.cargo/registry
~/.cargo/git
target
native-target

2026-10-07T00:48:12.3566788Z   key: nagi-rust-v1-package-windows-x86_64-20260928b940-ec36a51f8eba44c485d62f4c9bfa24f91f29bf1b628cce42ff81e70bfa0a8824-a942c09f6aba8a01179bd09ddfd9289d89d6aeb59f8267ff2dba869d09d21b5a
2026-10-07T00:48:12.3568235Z   restore-keys: nagi-rust-v1-package-windows-x86_64-20260928b940-ec36a51f8eba44c485d62f4c9bfa24f91f29bf1b628cce42ff81e70bfa0a8824-
nagi-rust-v1-package-windows-x86_64-20260928b940-

2026-10-07T00:48:12.3569081Z   enableCrossOsArchive: false
2026-10-07T00:48:12.3569332Z   fail-on-cache-miss: false
2026-10-07T00:48:12.3569557Z   lookup-only: false
2026-10-07T00:48:12.3569770Z   save-always: false
2026-10-07T00:48:12.3569953Z env:
2026-10-07T00:48:12.3570186Z   NAGI_FAILURE_DIR: D:\a\Nagi\Nagi/build/compiler-failures
2026-10-07T00:48:12.3570534Z   CARGO_HOME: C:\Users\runneradmin\.cargo
2026-10-07T00:48:12.3570796Z   CARGO_INCREMENTAL: 0
2026-10-07T00:48:12.3570998Z   CARGO_TERM_COLOR: always
2026-10-07T00:48:12.3571197Z ##[endgroup]
2026-10-07T00:48:12.5099247Z (node:8044) [DEP0040] DeprecationWarning: The `punycode` module is deprecated. Please use a userland alternative instead.
2026-10-07T00:48:12.5100014Z (Use `node --trace-deprecation ...` to show where the warning was created)
2026-10-07T00:48:12.8008198Z Cache not found for input keys: nagi-rust-v1-package-windows-x86_64-20260928b940-ec36a51f8eba44c485d62f4c9bfa24f91f29bf1b628cce42ff81e70bfa0a8824-a942c09f6aba8a01179bd09ddfd9289d89d6aeb59f8267ff2dba869d09d21b5a, nagi-rust-v1-package-windows-x86_64-20260928b940-ec36a51f8eba44c485d62f4c9bfa24f91f29bf1b628cce42ff81e70bfa0a8824-, nagi-rust-v1-package-windows-x86_64-20260928b940-
2026-10-07T00:48:12.8294176Z ##[group]Run actions/setup-python@v5
2026-10-07T00:48:12.8294507Z with:
2026-10-07T00:48:12.8294695Z   python-version: 3.12
2026-10-07T00:48:12.8294915Z   check-latest: false
2026-10-07T00:48:12.8297694Z   token: ***
2026-10-07T00:48:12.8297893Z   update-environment: true
2026-10-07T00:48:12.8298115Z   allow-prereleases: false
2026-10-07T00:48:12.8298319Z   freethreaded: false
2026-10-07T00:48:12.8298502Z env:
2026-10-07T00:48:12.8298723Z   NAGI_FAILURE_DIR: D:\a\Nagi\Nagi/build/compiler-failures
2026-10-07T00:48:12.8299051Z   CARGO_HOME: C:\Users\runneradmin\.cargo
2026-10-07T00:48:12.8299302Z   CARGO_INCREMENTAL: 0
2026-10-07T00:48:12.8299497Z   CARGO_TERM_COLOR: always
2026-10-07T00:48:12.8299701Z ##[endgroup]
2026-10-07T00:48:12.9988906Z ##[group]Installed versions
2026-10-07T00:48:13.0196933Z (node:9484) [DEP0040] DeprecationWarning: The `punycode` module is deprecated. Please use a userland alternative instead.
2026-10-07T00:48:13.0198628Z (Use `node --trace-deprecation ...` to show where the warning was created)
2026-10-07T00:48:13.0199389Z Successfully set up CPython (3.12.10)
2026-10-07T00:48:13.0200729Z ##[endgroup]
2026-10-07T00:48:13.0527270Z ##[group]Run actions/setup-node@v4
2026-10-07T00:48:13.0527594Z with:
2026-10-07T00:48:13.0527776Z   node-version: 22
2026-10-07T00:48:13.0527974Z   always-auth: false
2026-10-07T00:48:13.0528190Z   check-latest: false
2026-10-07T00:48:13.0530910Z   token: ***
2026-10-07T00:48:13.0531088Z env:
2026-10-07T00:48:13.0531322Z   NAGI_FAILURE_DIR: D:\a\Nagi\Nagi/build/compiler-failures
2026-10-07T00:48:13.0531647Z   CARGO_HOME: C:\Users\runneradmin\.cargo
2026-10-07T00:48:13.0531898Z   CARGO_INCREMENTAL: 0
2026-10-07T00:48:13.0532092Z   CARGO_TERM_COLOR: always
2026-10-07T00:48:13.0532382Z   pythonLocation: C:\hostedtoolcache\windows\Python\3.12.10\x64
2026-10-07T00:48:13.0532858Z   PKG_CONFIG_PATH: C:\hostedtoolcache\windows\Python\3.12.10\x64/lib/pkgconfig
2026-10-07T00:48:13.0533325Z   Python_ROOT_DIR: C:\hostedtoolcache\windows\Python\3.12.10\x64
2026-10-07T00:48:13.0533718Z   Python2_ROOT_DIR: C:\hostedtoolcache\windows\Python\3.12.10\x64
2026-10-07T00:48:13.0534129Z   Python3_ROOT_DIR: C:\hostedtoolcache\windows\Python\3.12.10\x64
2026-10-07T00:48:13.0534438Z ##[endgroup]
2026-10-07T00:48:13.2397940Z Found in cache @ C:\hostedtoolcache\windows\node\22.23.3\x64
2026-10-07T00:48:13.2405462Z (node:9508) [DEP0040] DeprecationWarning: The `punycode` module is deprecated. Please use a userland alternative instead.
2026-10-07T00:48:13.2406171Z (Use `node --trace-deprecation ...` to show where the warning was created)
2026-10-07T00:48:13.2409346Z ##[group]Environment details
2026-10-07T00:48:17.6474715Z node: v22.23.3
2026-10-07T00:48:17.6475114Z npm: 10.9.9
2026-10-07T00:48:17.6475448Z yarn: 1.22.22
2026-10-07T00:48:17.6475986Z ##[endgroup]
2026-10-07T00:48:17.6780288Z ##[group]Run python - <<'PY'
2026-10-07T00:48:17.6780641Z [36;1mpython - <<'PY'[0m
2026-10-07T00:48:17.6780903Z [36;1mimport os, subprocess[0m
2026-10-07T00:48:17.6781297Z [36;1mlines = subprocess.check_output(['rustc', '-vV'], text=True).splitlines()[0m
2026-10-07T00:48:17.6781874Z [36;1mhost = next(line.removeprefix('host: ') for line in lines if line.startswith('host: '))[0m
2026-10-07T00:48:17.6782393Z [36;1massert host == os.environ['RELEASE_RUST_HOST'], host[0m
2026-10-07T00:48:17.6782707Z [36;1mPY[0m
2026-10-07T00:48:17.6801650Z shell: C:\Program Files\Git\bin\bash.EXE --noprofile --norc -e -o pipefail {0}
2026-10-07T00:48:17.6802040Z env:
2026-10-07T00:48:17.6802277Z   NAGI_FAILURE_DIR: D:\a\Nagi\Nagi/build/compiler-failures
2026-10-07T00:48:17.6802604Z   CARGO_HOME: C:\Users\runneradmin\.cargo
2026-10-07T00:48:17.6802852Z   CARGO_INCREMENTAL: 0
2026-10-07T00:48:17.6803050Z   CARGO_TERM_COLOR: always
2026-10-07T00:48:17.6803372Z   pythonLocation: C:\hostedtoolcache\windows\Python\3.12.10\x64
2026-10-07T00:48:17.6803834Z   PKG_CONFIG_PATH: C:\hostedtoolcache\windows\Python\3.12.10\x64/lib/pkgconfig
2026-10-07T00:48:17.6804286Z   Python_ROOT_DIR: C:\hostedtoolcache\windows\Python\3.12.10\x64
2026-10-07T00:48:17.6804674Z   Python2_ROOT_DIR: C:\hostedtoolcache\windows\Python\3.12.10\x64
2026-10-07T00:48:17.6805063Z   Python3_ROOT_DIR: C:\hostedtoolcache\windows\Python\3.12.10\x64
2026-10-07T00:48:17.6805394Z   RELEASE_RUST_HOST: x86_64-pc-windows-msvc
2026-10-07T00:48:17.6805656Z ##[endgroup]
2026-10-07T00:48:18.7037172Z ##[group]Run cargo fetch --locked --target "$RELEASE_RUST_HOST"
2026-10-07T00:48:18.7037952Z [36;1mcargo fetch --locked --target "$RELEASE_RUST_HOST"[0m
2026-10-07T00:48:18.7055430Z shell: C:\Program Files\Git\bin\bash.EXE --noprofile --norc -e -o pipefail {0}
2026-10-07T00:48:18.7055818Z env:
2026-10-07T00:48:18.7056053Z   NAGI_FAILURE_DIR: D:\a\Nagi\Nagi/build/compiler-failures
2026-10-07T00:48:18.7056379Z   CARGO_HOME: C:\Users\runneradmin\.cargo
2026-10-07T00:48:18.7056630Z   CARGO_INCREMENTAL: 0
2026-10-07T00:48:18.7056829Z   CARGO_TERM_COLOR: always
2026-10-07T00:48:18.7057304Z   pythonLocation: C:\hostedtoolcache\windows\Python\3.12.10\x64
2026-10-07T00:48:18.7057755Z   PKG_CONFIG_PATH: C:\hostedtoolcache\windows\Python\3.12.10\x64/lib/pkgconfig
2026-10-07T00:48:18.7058821Z   Python_ROOT_DIR: C:\hostedtoolcache\windows\Python\3.12.10\x64
2026-10-07T00:48:18.7059243Z   Python2_ROOT_DIR: C:\hostedtoolcache\windows\Python\3.12.10\x64
2026-10-07T00:48:18.7059670Z   Python3_ROOT_DIR: C:\hostedtoolcache\windows\Python\3.12.10\x64
2026-10-07T00:48:18.7060008Z   RELEASE_RUST_HOST: x86_64-pc-windows-msvc
2026-10-07T00:48:18.7060257Z ##[endgroup]
2026-10-07T00:48:19.3561643Z [1m[92m    Updating[0m crates.io index
2026-10-07T00:48:19.8603625Z [1m[92m Downloading[0m crates ...
2026-10-07T00:48:19.9412435Z [1m[92m  Downloaded[0m tokio-macros v2.7.2
2026-10-07T00:48:19.9531308Z [1m[92m  Downloaded[0m axum v0.8.9
2026-10-07T00:48:20.0451701Z [1m[92m  Downloaded[0m proc-macro2 v1.0.107
2026-10-07T00:48:20.0809610Z [1m[92m  Downloaded[0m windows-link v0.2.1
2026-10-07T00:48:20.0897937Z [1m[92m  Downloaded[0m matchit v0.8.4
2026-10-07T00:48:20.1416930Z [1m[92m  Downloaded[0m futures-sink v0.3.34
2026-10-07T00:48:20.1495669Z [1m[92m  Downloaded[0m fallible-iterator v0.3.0
2026-10-07T00:48:20.1613925Z [1m[92m  Downloaded[0m pin-project-lite v0.2.17
2026-10-07T00:48:20.2489153Z [1m[92m  Downloaded[0m httpdate v1.0.3
2026-10-07T00:48:20.2599645Z [1m[92m  Downloaded[0m http-body v1.1.0
2026-10-07T00:48:20.2708560Z [1m[92m  Downloaded[0m bytes v1.12.1
2026-10-07T00:48:20.3083827Z [1m[92m  Downloaded[0m memchr v2.8.3
2026-10-07T00:48:20.3637897Z [1m[92m  Downloaded[0m zmij v1.0.23
2026-10-07T00:48:20.3831106Z [1m[92m  Downloaded[0m deadpool v0.13.1
2026-10-07T00:48:20.4130653Z [1m[92m  Downloaded[0m sync_wrapper v1.0.2
2026-10-07T00:48:20.4207362Z [1m[92m  Downloaded[0m serde_urlencoded v0.7.1
2026-10-07T00:48:20.4398986Z [1m[92m  Downloaded[0m socket2 v0.6.5
2026-10-07T00:48:20.4539384Z [1m[92m  Downloaded[0m bitflags v2.13.2
2026-10-07T00:48:20.5053721Z [1m[92m  Downloaded[0m deadpool-runtime v0.3.1
2026-10-07T00:48:20.5156170Z [1m[92m  Downloaded[0m version_check v0.9.5
2026-10-07T00:48:20.5302382Z [1m[92m  Downloaded[0m rand_chacha v0.9.0
2026-10-07T00:48:20.5571492Z [1m[92m  Downloaded[0m httparse v1.10.1
2026-10-07T00:48:20.5815643Z [1m[92m  Downloaded[0m unicode-ident v1.0.26
2026-10-07T00:48:20.6069973Z [1m[92m  Downloaded[0m quote v1.0.47
2026-10-07T00:48:20.6383863Z [1m[92m  Downloaded[0m digest v0.10.7
2026-10-07T00:48:20.6614659Z [1m[92m  Downloaded[0m percent-encoding v2.3.2
2026-10-07T00:48:20.6734665Z [1m[92m  Downloaded[0m futures-macro v0.3.34
2026-10-07T00:48:20.6835229Z [1m[92m  Downloaded[0m thiserror v2.0.21
2026-10-07T00:48:20.7810888Z [1m[92m  Downloaded[0m serde_core v1.0.229
2026-10-07T00:48:20.8051778Z [1m[92m  Downloaded[0m shlex v2.0.1
2026-10-07T00:48:20.8184308Z [1m[92m  Downloaded[0m tower-service v0.3.3
2026-10-07T00:48:20.8293695Z [1m[92m  Downloaded[0m equivalent v1.0.2
2026-10-07T00:48:20.8408527Z [1m[92m  Downloaded[0m cpufeatures v0.2.17
2026-10-07T00:48:20.8563914Z [1m[92m  Downloaded[0m form_urlencoded v1.2.2
2026-10-07T00:48:20.8654585Z [1m[92m  Downloaded[0m generic-array v0.14.7
2026-10-07T00:48:20.8863465Z [1m[92m  Downloaded[0m serde_spanned v1.1.1
2026-10-07T00:48:20.8975286Z [1m[92m  Downloaded[0m tokio-tungstenite v0.29.0
2026-10-07T00:48:20.9176458Z [1m[92m  Downloaded[0m sha1 v0.10.7
2026-10-07T00:48:20.9358174Z [1m[92m  Downloaded[0m pkg-config v0.3.34
2026-10-07T00:48:20.9505568Z [1m[92m  Downloaded[0m rand_core v0.9.5
2026-10-07T00:48:20.9622698Z [1m[92m  Downloaded[0m futures-core v0.3.34
2026-10-07T00:48:20.9809983Z [1m[92m  Downloaded[0m futures-task v0.3.34
2026-10-07T00:48:20.9957801Z [1m[92m  Downloaded[0m thiserror-impl v2.0.21
2026-10-07T00:48:21.0114722Z [1m[92m  Downloaded[0m find-msvc-tools v0.1.14
2026-10-07T00:48:21.0328222Z [1m[92m  Downloaded[0m http-body-util v0.1.5
2026-10-07T00:48:21.0600192Z [1m[92m  Downloaded[0m toml_datetime v1.1.1+spec-1.1.0
2026-10-07T00:48:21.0703583Z [1m[92m  Downloaded[0m once_cell v1.21.4
2026-10-07T00:48:21.1031330Z [1m[92m  Downloaded[0m serde_json v1.0.151
2026-10-07T00:48:21.5806971Z [1m[92m  Downloaded[0m atomic-waker v1.1.2
2026-10-07T00:48:21.5915652Z [1m[92m  Downloaded[0m mime v0.3.17
2026-10-07T00:48:21.6070764Z [1m[92m  Downloaded[0m ppv-lite86 v0.2.21
2026-10-07T00:48:21.6198543Z [1m[92m  Downloaded[0m data-encoding v2.11.1
2026-10-07T00:48:21.6295307Z [1m[92m  Downloaded[0m itoa v1.0.18
2026-10-07T00:48:21.6463397Z [1m[92m  Downloaded[0m slab v0.4.12
2026-10-07T00:48:21.6603830Z [1m[92m  Downloaded[0m smallvec v1.16.2
2026-10-07T00:48:21.6761398Z [1m[92m  Downloaded[0m foldhash v0.2.0
2026-10-07T00:48:21.6889241Z [1m[92m  Downloaded[0m cfg-if v1.0.5
2026-10-07T00:48:21.7050914Z [1m[92m  Downloaded[0m tower-layer v0.3.3
2026-10-07T00:48:21.7177552Z [1m[92m  Downloaded[0m tower v0.5.3
2026-10-07T00:48:21.8460956Z [1m[92m  Downloaded[0m tungstenite v0.29.0
2026-10-07T00:48:21.8783157Z [1m[92m  Downloaded[0m serde_path_to_error v0.1.20
2026-10-07T00:48:21.9009733Z [1m[92m  Downloaded[0m serde_derive v1.0.229
2026-10-07T00:48:21.9368136Z [1m[92m  Downloaded[0m hashlink v0.12.2
2026-10-07T00:48:21.9578729Z [1m[92m  Downloaded[0m fallible-streaming-iterator v0.1.9
2026-10-07T00:48:21.9691237Z [1m[92m  Downloaded[0m crypto-common v0.1.7
2026-10-07T00:48:21.9781367Z [1m[92m  Downloaded[0m block-buffer v0.10.4
2026-10-07T00:48:21.9931449Z [1m[92m  Downloaded[0m ryu v1.0.23
2026-10-07T00:48:22.0296769Z [1m[92m  Downloaded[0m axum-core v0.5.6
2026-10-07T00:48:22.0552795Z [1m[92m  Downloaded[0m getrandom v0.3.4
2026-10-07T00:48:22.0968791Z [1m[92m  Downloaded[0m log v0.4.34
2026-10-07T00:48:22.1207316Z [1m[92m  Downloaded[0m toml_parser v1.1.3+spec-1.1.0
2026-10-07T00:48:22.1401381Z [1m[92m  Downloaded[0m toml_writer v1.1.2+spec-1.1.0
2026-10-07T00:48:22.1530479Z [1m[92m  Downloaded[0m base64 v0.22.1
2026-10-07T00:48:22.1901397Z [1m[92m  Downloaded[0m futures-channel v0.3.34
2026-10-07T00:48:22.2104162Z [1m[92m  Downloaded[0m toml v1.1.6+spec-1.1.0
2026-10-07T00:48:22.2494771Z [1m[92m  Downloaded[0m bumpalo v3.20.3
2026-10-07T00:48:22.2685975Z [1m[92m  Downloaded[0m mio v1.2.3
2026-10-07T00:48:22.3326896Z [1m[92m  Downloaded[0m hyper-util v0.1.21
2026-10-07T00:48:22.3919348Z [1m[92m  Downloaded[0m cc v1.5.1
2026-10-07T00:48:22.4267751Z [1m[92m  Downloaded[0m tracing-core v0.1.36
2026-10-07T00:48:22.4686080Z [1m[92m  Downloaded[0m indexmap v2.14.2
2026-10-07T00:48:22.9624415Z [1m[92m  Downloaded[0m serde v1.0.229
2026-10-07T00:48:23.0837750Z [1m[92m  Downloaded[0m rand v0.9.5
2026-10-07T00:48:23.2650362Z [1m[92m  Downloaded[0m http v1.5.0
2026-10-07T00:48:23.4077685Z [1m[92m  Downloaded[0m typenum v1.20.1
2026-10-07T00:48:23.5228228Z [1m[92m  Downloaded[0m hyper v1.11.1
2026-10-07T00:48:23.8067650Z [1m[92m  Downloaded[0m futures-util v0.3.34
2026-10-07T00:48:24.5682104Z [1m[92m  Downloaded[0m winnow v1.0.4
2026-10-07T00:48:25.0055080Z [1m[92m  Downloaded[0m hashbrown v0.17.1
2026-10-07T00:48:25.0530937Z [1m[92m  Downloaded[0m syn v3.0.6
2026-10-07T00:48:25.1633079Z [1m[92m  Downloaded[0m vcpkg v0.2.15
2026-10-07T00:48:26.3039449Z [1m[92m  Downloaded[0m rusqlite v0.40.2
2026-10-07T00:48:26.3663622Z [1m[92m  Downloaded[0m zerocopy v0.8.59
2026-10-07T00:48:26.9990507Z [1m[92m  Downloaded[0m tokio v1.53.1
2026-10-07T00:48:27.4549394Z [1m[92m  Downloaded[0m tracing v0.1.44
2026-10-07T00:48:27.5350135Z [1m[92m  Downloaded[0m windows-sys v0.61.2
2026-10-07T00:48:28.7173794Z [1m[92m  Downloaded[0m libsqlite3-sys v0.38.2
2026-10-07T00:48:28.8995837Z ##[group]Run cargo build --release --locked -p nagic
2026-10-07T00:48:28.8996307Z [36;1mcargo build --release --locked -p nagic[0m
2026-10-07T00:48:28.9688983Z shell: C:\Program Files\PowerShell\7\pwsh.EXE -command ". '{0}'"
2026-10-07T00:48:28.9689442Z env:
2026-10-07T00:48:28.9689752Z   NAGI_FAILURE_DIR: D:\a\Nagi\Nagi/build/compiler-failures
2026-10-07T00:48:28.9690178Z   CARGO_HOME: C:\Users\runneradmin\.cargo
2026-10-07T00:48:28.9690521Z   CARGO_INCREMENTAL: 0
2026-10-07T00:48:28.9690782Z   CARGO_TERM_COLOR: always
2026-10-07T00:48:28.9691164Z   pythonLocation: C:\hostedtoolcache\windows\Python\3.12.10\x64
2026-10-07T00:48:28.9691761Z   PKG_CONFIG_PATH: C:\hostedtoolcache\windows\Python\3.12.10\x64/lib/pkgconfig
2026-10-07T00:48:28.9692350Z   Python_ROOT_DIR: C:\hostedtoolcache\windows\Python\3.12.10\x64
2026-10-07T00:48:28.9692883Z   Python2_ROOT_DIR: C:\hostedtoolcache\windows\Python\3.12.10\x64
2026-10-07T00:48:28.9693450Z   Python3_ROOT_DIR: C:\hostedtoolcache\windows\Python\3.12.10\x64
2026-10-07T00:48:28.9693868Z ##[endgroup]
2026-10-07T00:48:29.6644218Z [1m[92m   Compiling[0m serde_core v1.0.229
2026-10-07T00:48:29.6645057Z [1m[92m   Compiling[0m proc-macro2 v1.0.107
2026-10-07T00:48:29.6645787Z [1m[92m   Compiling[0m find-msvc-tools v0.1.14
2026-10-07T00:48:29.6646424Z [1m[92m   Compiling[0m quote v1.0.47
2026-10-07T00:48:30.6683251Z [1m[92m   Compiling[0m shlex v2.0.1
2026-10-07T00:48:30.8568865Z [1m[92m   Compiling[0m unicode-ident v1.0.26
2026-10-07T00:48:30.9350952Z [1m[92m   Compiling[0m cc v1.5.1
2026-10-07T00:48:31.6756186Z [1m[92m   Compiling[0m vcpkg v0.2.15
2026-10-07T00:48:32.8714098Z [1m[92m   Compiling[0m pkg-config v0.3.34
2026-10-07T00:48:33.2710685Z [1m[92m   Compiling[0m foldhash v0.2.0
2026-10-07T00:48:33.4019315Z [1m[92m   Compiling[0m zmij v1.0.23
2026-10-07T00:48:33.6068732Z [1m[92m   Compiling[0m hashbrown v0.17.1
2026-10-07T00:48:33.6873065Z [1m[92m   Compiling[0m libsqlite3-sys v0.38.2
2026-10-07T00:48:33.7947222Z [1m[92m   Compiling[0m syn v3.0.6
2026-10-07T00:48:34.6878117Z [1m[92m   Compiling[0m winnow v1.0.4
2026-10-07T00:48:35.2643139Z [1m[92m   Compiling[0m serde_json v1.0.151
2026-10-07T00:48:35.6084330Z [1m[92m   Compiling[0m serde v1.0.229
2026-10-07T00:48:35.7472256Z [1m[92m   Compiling[0m serde_spanned v1.1.1
2026-10-07T00:48:35.8845443Z [1m[92m   Compiling[0m toml_datetime v1.1.1+spec-1.1.0
2026-10-07T00:48:35.9654692Z [1m[92m   Compiling[0m toml_parser v1.1.3+spec-1.1.0
2026-10-07T00:48:36.4370613Z [1m[92m   Compiling[0m hashlink v0.12.2
2026-10-07T00:48:37.3619468Z [1m[92m   Compiling[0m serde_derive v1.0.229
2026-10-07T00:48:37.3691712Z [1m[92m   Compiling[0m bitflags v2.13.2
2026-10-07T00:48:37.8550371Z [1m[92m   Compiling[0m fallible-iterator v0.3.0
2026-10-07T00:48:38.1059148Z [1m[92m   Compiling[0m memchr v2.8.3
2026-10-07T00:48:38.4342170Z [1m[92m   Compiling[0m toml_writer v1.1.2+spec-1.1.0
2026-10-07T00:48:38.7065416Z [1m[92m   Compiling[0m itoa v1.0.18
2026-10-07T00:48:39.0336913Z [1m[92m   Compiling[0m fallible-streaming-iterator v0.1.9
2026-10-07T00:48:39.2616044Z [1m[92m   Compiling[0m smallvec v1.16.2
2026-10-07T00:48:40.9071087Z [1m[92m   Compiling[0m toml v1.1.6+spec-1.1.0
2026-10-07T00:49:06.6887327Z [1m[92m   Compiling[0m rusqlite v0.40.2
2026-10-07T00:49:07.8000113Z [1m[92m   Compiling[0m nagic v0.1.11 (D:\a\Nagi\Nagi\compiler)
2026-10-07T00:50:13.3719593Z [1m[92m    Finished[0m `release` profile [optimized] target(s) in 1m 43s
2026-10-07T00:50:13.5025584Z ##[group]Run cargo test --locked -p nagic --lib --test cli --test installation --test codegen --test loop_ownership --test ownership_calls --test ownership_boundaries --test comparison_ownership --test owned_copy_codegen --test build_diagnostics --test rust_dependencies --test expression_contracts --test frontend_contracts --test literal_contracts --test http_route_conflicts --test symbols --test modules --test module_parser --test module_emission --test module_symbols --test enum_parser --test enum_modules --test enum_emission --test enum_patterns --test nullable_database --test nullable_roundtrip --test owned_database --test borrow_free_returns --test static_callback_views --test view_iteration --test view_parameter_rebinding --test sql_check --test typed_errors --test error_routes --test class_field_types --test resource_contract_characterization --test stdlib_imports --test option_match --test http_stdlib --test http_codegen --test actor_stdlib --test actor_codegen --test graph_types --test graph_relations --test graph_render --test graph_html --test map_cli --test low_multiline --test list_ownership_inference --test list_borrow_iteration --test result_stdlib
2026-10-07T00:50:13.5034218Z [36;1mcargo test --locked -p nagic --lib --test cli --test installation --test codegen --test loop_ownership --test ownership_calls --test ownership_boundaries --test comparison_ownership --test owned_copy_codegen --test build_diagnostics --test rust_dependencies --test expression_contracts --test frontend_contracts --test literal_contracts --test http_route_conflicts --test symbols --test modules --test module_parser --test module_emission --test module_symbols --test enum_parser --test enum_modules --test enum_emission --test enum_patterns --test nullable_database --test nullable_roundtrip --test owned_database --test borrow_free_returns --test static_callback_views --test view_iteration --test view_parameter_rebinding --test sql_check --test typed_errors --test error_routes --test class_field_types --test resource_contract_characterization --test stdlib_imports --test option_match --test http_stdlib --test http_codegen --test actor_stdlib --test actor_codegen --test graph_types --test graph_relations --test graph_render --test graph_html --test map_cli --test low_multiline --test list_ownership_inference --test list_borrow_iteration --test result_stdlib[0m
2026-10-07T00:50:13.5111235Z shell: C:\Program Files\PowerShell\7\pwsh.EXE -command ". '{0}'"
2026-10-07T00:50:13.5111583Z env:
2026-10-07T00:50:13.5111835Z   NAGI_FAILURE_DIR: D:\a\Nagi\Nagi/build/compiler-failures
2026-10-07T00:50:13.5112183Z   CARGO_HOME: C:\Users\runneradmin\.cargo
2026-10-07T00:50:13.5112457Z   CARGO_INCREMENTAL: 0
2026-10-07T00:50:13.5112667Z   CARGO_TERM_COLOR: always
2026-10-07T00:50:13.5112965Z   pythonLocation: C:\hostedtoolcache\windows\Python\3.12.10\x64
2026-10-07T00:50:13.5113425Z   PKG_CONFIG_PATH: C:\hostedtoolcache\windows\Python\3.12.10\x64/lib/pkgconfig
2026-10-07T00:50:13.5113887Z   Python_ROOT_DIR: C:\hostedtoolcache\windows\Python\3.12.10\x64
2026-10-07T00:50:13.5114288Z   Python2_ROOT_DIR: C:\hostedtoolcache\windows\Python\3.12.10\x64
2026-10-07T00:50:13.5115104Z   Python3_ROOT_DIR: C:\hostedtoolcache\windows\Python\3.12.10\x64
2026-10-07T00:50:13.5115642Z ##[endgroup]
2026-10-07T00:50:13.9355181Z [1m[92m   Compiling[0m serde_core v1.0.229
2026-10-07T00:50:13.9356992Z [1m[92m   Compiling[0m proc-macro2 v1.0.107
2026-10-07T00:50:13.9358224Z [1m[92m   Compiling[0m shlex v2.0.1
2026-10-07T00:50:13.9359501Z [1m[92m   Compiling[0m find-msvc-tools v0.1.14
2026-10-07T00:50:14.2226048Z [1m[92m   Compiling[0m quote v1.0.47
2026-10-07T00:50:14.5884703Z [1m[92m   Compiling[0m unicode-ident v1.0.26
2026-10-07T00:50:14.6493455Z [1m[92m   Compiling[0m cc v1.5.1
2026-10-07T00:50:15.3240334Z [1m[92m   Compiling[0m pkg-config v0.3.34
2026-10-07T00:50:15.7100286Z [1m[92m   Compiling[0m vcpkg v0.2.15
2026-10-07T00:50:16.4931031Z [1m[92m   Compiling[0m foldhash v0.2.0
2026-10-07T00:50:16.7034108Z [1m[92m   Compiling[0m zmij v1.0.23
2026-10-07T00:50:16.7451132Z [1m[92m   Compiling[0m hashbrown v0.17.1
2026-10-07T00:50:17.0338070Z [1m[92m   Compiling[0m libsqlite3-sys v0.38.2
2026-10-07T00:50:17.0902381Z [1m[92m   Compiling[0m syn v3.0.6
2026-10-07T00:50:17.6672135Z [1m[92m   Compiling[0m serde_json v1.0.151
2026-10-07T00:50:17.9220069Z [1m[92m   Compiling[0m winnow v1.0.4
2026-10-07T00:50:18.0659242Z [1m[92m   Compiling[0m serde v1.0.229
2026-10-07T00:50:18.4968607Z [1m[92m   Compiling[0m toml_parser v1.1.3+spec-1.1.0
2026-10-07T00:50:18.5222469Z [1m[92m   Compiling[0m toml_datetime v1.1.1+spec-1.1.0
2026-10-07T00:50:19.0150975Z [1m[92m   Compiling[0m serde_spanned v1.1.1
2026-10-07T00:50:19.1555905Z [1m[92m   Compiling[0m hashlink v0.12.2
2026-10-07T00:50:19.7967060Z [1m[92m   Compiling[0m smallvec v1.16.2
2026-10-07T00:50:20.0320705Z [1m[92m   Compiling[0m fallible-iterator v0.3.0
2026-10-07T00:50:20.0877064Z [1m[92m   Compiling[0m fallible-streaming-iterator v0.1.9
2026-10-07T00:50:20.2515468Z [1m[92m   Compiling[0m bitflags v2.13.2
2026-10-07T00:50:20.5112389Z [1m[92m   Compiling[0m memchr v2.8.3
2026-10-07T00:50:20.5656555Z [1m[92m   Compiling[0m toml_writer v1.1.2+spec-1.1.0
2026-10-07T00:50:20.8582912Z [1m[92m   Compiling[0m itoa v1.0.18
2026-10-07T00:50:21.0894600Z [1m[92m   Compiling[0m toml v1.1.6+spec-1.1.0
2026-10-07T00:50:21.0968849Z [1m[92m   Compiling[0m serde_derive v1.0.229
2026-10-07T00:50:21.4171615Z [1m[92m   Compiling[0m rusqlite v0.40.2
2026-10-07T00:50:25.1744656Z [1m[92m   Compiling[0m nagic v0.1.11 (D:\a\Nagi\Nagi\compiler)
2026-10-07T00:51:02.7233805Z [1m[92m    Finished[0m `test` profile [unoptimized + debuginfo] target(s) in 48.89s
2026-10-07T00:51:02.7354985Z [1m[92m     Running[0m unittests src\lib.rs (target\debug\deps\nagic-2ff4082995697b26.exe)
2026-10-07T00:51:02.7462112Z 
2026-10-07T00:51:02.7462448Z running 122 tests
2026-10-07T00:51:02.7489796Z test capabilities::tests::charge_recursive_lists_have_known_storage_but_require_a_walk ... ok
2026-10-07T00:51:02.7491235Z test capabilities::tests::charge_inline_capability_accounts_for_every_enum_variant ... ok
2026-10-07T00:51:02.7493441Z test capabilities::tests::charge_rejects_excluded_storage_with_a_nested_field_path ... ok
2026-10-07T00:51:02.7495158Z test capabilities::tests::indirect_cycles_remain_serializable_only_with_serializable_fields ... ok
2026-10-07T00:51:02.7499808Z test capabilities::tests::private_causes_prevent_serialization_through_nested_records ... ok
2026-10-07T00:51:02.7505108Z test capabilities::tests::native_debug_does_not_require_generic_payload_debug ... ok
2026-10-07T00:51:02.7532521Z test capabilities::tests::native_payload_roles_are_purpose_specific ... ok
2026-10-07T00:51:02.7543178Z test check::checked::tests::final_factory_checks_and_seals_owned_input ... ok
2026-10-07T00:51:02.7544571Z test check::checked::tests::final_diagnostic_transports_kind_without_changing_user_messages ... ok
2026-10-07T00:51:02.7549574Z test check::checked::tests::final_factory_rejects_invalid_input ... ok
2026-10-07T00:51:02.7550765Z test capabilities::tests::serde_charge_and_owned_fields_are_distinct_capabilities ... ok
2026-10-07T00:51:02.7558454Z test check::checked::tests::missing_declaration_type_is_rejected_without_rechecking ... ok
2026-10-07T00:51:02.7564772Z test check::checked::tests::missing_binding_and_pattern_types_are_rejected_without_rechecking ... ok
2026-10-07T00:51:02.7566197Z test check::checked::tests::missing_name_resolution_is_rejected_without_rechecking ... ok
2026-10-07T00:51:02.7571431Z test check::checked::tests::sealed_missing_expression_plan_fails_closed ... ok
2026-10-07T00:51:02.7587260Z test check::checked::tests::sealed_missing_operand_role_fails_closed ... ok
2026-10-07T00:51:02.7591581Z test check::checked::tests::facts_and_emission_are_deterministic_and_read_only ... ok
2026-10-07T00:51:02.7597951Z test check::checked::tests::sealed_missing_rust_type_plan_fails_closed ... ok
2026-10-07T00:51:02.7599197Z test check::checked::tests::sealing_rejects_missing_expression_types ... ok
2026-10-07T00:51:02.7608048Z test check::checked::tests::symbolic_enum_owner_is_not_an_untyped_payload ... ok
2026-10-07T00:51:02.7611986Z test check::checked::tests::unknown_origin_is_not_user_blame ... ok
2026-10-07T00:51:02.7618495Z test check::checked::tests::sealed_missing_required_flow_or_slots_fails_closed ... ok
2026-10-07T00:51:02.7653986Z test check::flow_metadata_tests::checked_operand_roles_reach_codegen_and_missing_roles_fail ... ok
2026-10-07T00:51:02.7685079Z test check::flow_metadata_tests::content_mutation_events_survive_rhs_replacement_and_stay_in_their_statement ... ok
2026-10-07T00:51:02.7733928Z test check::checked::tests::generated_saved_native_replacement_and_synthetic_origins_are_distinct ... ok
2026-10-07T00:51:02.7768854Z test check::checked::tests::task_sealing_rejects_missing_or_mismatched_scope_and_use_facts ... ok
2026-10-07T00:51:02.7816067Z test check::flow_metadata_tests::loop_regions_preserve_candidate_reads_and_assignments ... ok
2026-10-07T00:51:02.7874261Z test check::flow_metadata_tests::flow_snapshots_only_keep_return_dependency_bindings ... ok
2026-10-07T00:51:02.7885411Z test check::flow_metadata_tests::flow_facts_recompute_for_high_saved_low_and_self_consumption ... ok
2026-10-07T00:51:02.7890689Z test modules::metadata_tests::intrinsic_transport_rejects_forged_namespace_collisions_and_unknown_heads ... ok
2026-10-07T00:51:02.7896416Z test modules::metadata_tests::intrinsic_type_transport_is_structural_and_avoids_real_bindings ... ok
2026-10-07T00:51:02.7914534Z test check::flow_metadata_tests::flow_collection_is_gated_to_view_return_dependencies ... ok
2026-10-07T00:51:02.7918515Z test modules::metadata_tests::low_identity_is_portable_between_unix_drive_and_unc_paths ... ok
2026-10-07T00:51:02.7922569Z test modules::metadata_tests::low_metadata_rejects_unknown_topology_and_span_fields ... ok
2026-10-07T00:51:02.7929211Z test modules::metadata_tests::malformed_internal_looking_names_keep_their_original_display ... ok
2026-10-07T00:51:02.7930987Z test modules::metadata_tests::metadata_cannot_rebind_a_definition_to_a_builtin_or_unrelated_id ... ok
2026-10-07T00:51:02.7945798Z test modules::metadata_tests::metadata_rejects_relative_noncanonical_and_traversing_ids ... ok
2026-10-07T00:51:02.7948699Z test check::flow_metadata_tests::semantic_value_edges_keep_mutation_inputs_without_scalar_overselection ... ok
2026-10-07T00:51:02.7975200Z test sql_check::collect::tests::checked_high_and_saved_low_preserve_supported_operations_and_source_fields ... ok
2026-10-07T00:51:02.8000846Z test sql_check::collect::tests::conditional_loop_and_match_bodies_are_collected_once ... ok
2026-10-07T00:51:02.8016451Z test sql_check::collect::tests::dynamic_sql_and_exec_scripts_remain_visible_as_excluded_sites ... ok
2026-10-07T00:51:02.8051507Z test sql_check::collect::tests::integrated_native_replacements_only_collect_the_final_function_body ... ok
2026-10-07T00:51:02.8094037Z test sql_check::collect::tests::nested_value_expressions_returns_and_scope_spawn_keep_each_actual_call ... ok
2026-10-07T00:51:02.8239929Z test sql_check::collect::tests::aliased_row_classes_use_canonical_identity_and_original_field_names ... ok
2026-10-07T00:51:02.8249316Z test sql_check::collect::tests::same_named_user_function_and_local_function_value_are_not_sql_calls ... ok
2026-10-07T00:51:02.8288767Z test sql_check::engine::tests::columns_aliases_and_sqlite_parameter_numbering ... ok
2026-10-07T00:51:02.8318358Z test sql_check::collect::tests::collection_rejects_excessive_sites_at_the_first_over_limit_call ... ok
2026-10-07T00:51:02.8344740Z test sql_check::engine::tests::every_default_expression_uses_the_function_allowlist_even_when_unused ... ok
2026-10-07T00:51:02.8436365Z test sql_check::collect::tests::repeated_row_metadata_is_bounded_before_building_the_worker_request ... ok
2026-10-07T00:51:02.8450043Z test sql_check::engine::tests::ordinary_tables_indexes_views_and_pure_functions_are_supported ... ok
2026-10-07T00:51:02.8472159Z test sql_check::engine::tests::prepare_authorizer_also_rejects_unsafe_view_functions ... ok
2026-10-07T00:51:02.8493787Z test sql_check::engine::tests::prepare_only_dml_does_not_write_application_rows ... ok
2026-10-07T00:51:02.8505243Z test sql_check::engine::tests::rejects_operation_shape_mismatches ... ok
2026-10-07T00:51:02.8531326Z test sql_check::engine::tests::schema_is_ddl_snapshot_not_migration_or_arbitrary_sql ... ok
2026-10-07T00:51:02.8702202Z test sql_check::engine::tests::external_files_and_extension_paths_are_never_opened_or_modified ... ok
2026-10-07T00:51:02.8722185Z test sql_check::engine::tests::sqlite_identifier_defaults_remain_literals_without_hiding_function_terms ... ok
2026-10-07T00:51:02.8790889Z test sql_check::tests::bounded_input_does_not_accept_a_truncated_prefix ... ok
2026-10-07T00:51:02.9800644Z test sql_check::tests::deadline_kills_and_reaps_a_worker_with_blocked_input ... ok
2026-10-07T00:51:02.9844567Z test sql_check::tests::terminating_a_worker_returns_its_reaped_exit_status ... ok
2026-10-07T00:51:02.9849069Z test sql_check::tests::worker_fixture ... ok
2026-10-07T00:51:02.9864672Z test stdlib::resource_contract_tests::descriptor_rejects_arity_parameter_mismatch - should panic ... ok
2026-10-07T00:51:02.9869901Z test stdlib::resource_contract_tests::descriptor_rejects_duplicate_in_one_role - should panic ... ok
2026-10-07T00:51:02.9878237Z test stdlib::resource_contract_tests::descriptor_rejects_missing_role - should panic ... ok
2026-10-07T00:51:02.9882936Z test stdlib::resource_contract_tests::descriptor_rejects_out_of_range_role - should panic ... ok
2026-10-07T00:51:02.9887631Z test stdlib::resource_contract_tests::descriptor_rejects_overlapping_roles - should panic ... ok
2026-10-07T00:51:02.9892242Z test stdlib::resource_contract_tests::descriptor_rejects_roles_on_zero_arity - should panic ... ok
2026-10-07T00:51:02.9896574Z test stdlib::resource_contract_tests::legacy_views_borrow_the_registered_descriptor ... ok
2026-10-07T00:51:02.9901278Z test stdlib::resource_contract_tests::registered_roles_match_the_independent_position_oracle ... ok
2026-10-07T00:51:02.9911190Z test tests::await_only_async ... ok
2026-10-07T00:51:02.9915008Z test tests::bad_string ... ok
2026-10-07T00:51:02.9925501Z test tests::class_field_check ... ok
2026-10-07T00:51:02.9937461Z test tests::class_move ... ok
2026-10-07T00:51:02.9954688Z test tests::console_io_roundtrip ... ok
2026-10-07T00:51:02.9967199Z test tests::copy_value_class ... ok
2026-10-07T00:51:02.9973313Z test tests::cost_not_dynamic_count ... ok
2026-10-07T00:51:02.9977728Z test tests::duplicate_class_fields ... ok
2026-10-07T00:51:02.9984355Z test tests::empty_list_inference ... ok
2026-10-07T00:51:02.9990353Z test tests::error_propagation ... ok
2026-10-07T00:51:03.0009075Z test tests::explicit_copy ... ok
2026-10-07T00:51:03.0018638Z test tests::floating_literals_accept_f32_boundary_and_roundtrip ... ok
2026-10-07T00:51:03.0026835Z test tests::floating_literals_keep_f64_range_and_default_inference ... ok
2026-10-07T00:51:03.0050498Z test tests::floating_literals_reject_f32_overflow_in_high_and_low ... ok
2026-10-07T00:51:03.0055896Z test tests::forgotten_await ... ok
2026-10-07T00:51:03.0060931Z test tests::hello ... ok
2026-10-07T00:51:03.0071118Z test tests::html_route_is_not_encoded_as_json ... ok
2026-10-07T00:51:03.0075023Z test tests::invalid_indent ... ok
2026-10-07T00:51:03.0091030Z test tests::low_standalone ... ok
2026-10-07T00:51:03.0095685Z test tests::mismatched_type ... ok
2026-10-07T00:51:03.0101380Z test tests::missing_return ... ok
2026-10-07T00:51:03.0107111Z test tests::native_numeric ... ok
2026-10-07T00:51:03.0111432Z test tests::nested_view_in_class_rejected ... ok
2026-10-07T00:51:03.0116697Z test tests::no_implicit_conversion ... ok
2026-10-07T00:51:03.0122212Z test tests::nullable ... ok
2026-10-07T00:51:03.0126557Z test tests::number_overflow ... ok
2026-10-07T00:51:03.0134645Z test tests::owned_parameter_cannot_return_view ... ok
2026-10-07T00:51:03.0141006Z test tests::precedence ... ok
2026-10-07T00:51:03.0142439Z test sql_check::engine::tests::finite_limits_reject_large_and_deep_inputs ... ok
2026-10-07T00:51:03.0145812Z test tests::recursive_value ... ok
2026-10-07T00:51:03.0149357Z test tests::replace_bad_signature ... ok
2026-10-07T00:51:03.0153423Z test tests::replace_exact_signature ... ok
2026-10-07T00:51:03.0629335Z test tests::resource_contract_goldens::data_derives_golden ... ok
2026-10-07T00:51:03.1597084Z test sql_check::tests::encoded_metadata_is_bounded_including_json_escaping ... ok
2026-10-07T00:51:03.6368112Z test tests::resource_contract_goldens::actor_data_golden ... ok
2026-10-07T00:51:03.6374951Z test tests::result_must_handle ... ok
2026-10-07T00:51:03.6403958Z test tests::roundtrip_low ... ok
2026-10-07T00:51:03.6422791Z test tests::rust_extern_interface_and_low_roundtrip ... ok
2026-10-07T00:51:03.6429775Z test tests::scope_spawn ... ok
2026-10-07T00:51:03.6446140Z test tests::signed_minimum_literals_are_in_range_in_high_and_low ... ok
2026-10-07T00:51:03.9308837Z test tests::signed_minimum_literals_compile_and_run_after_lowering ... ok
2026-10-07T00:51:03.9316496Z test tests::string_move ... ok
2026-10-07T00:51:03.9320472Z test tests::tabs_rejected ... ok
2026-10-07T00:51:03.9325916Z test tests::unknown_class ... ok
2026-10-07T00:51:03.9331127Z test tests::unknown_name ... ok
2026-10-07T00:51:03.9335930Z test tests::unscoped_spawn ... ok
2026-10-07T00:51:03.9343758Z test tests::view_cannot_spawn ... ok
2026-10-07T00:51:03.9349825Z test tests::view_escape ... ok
2026-10-07T00:51:03.9356354Z test tests::view_prevents_move ... ok
2026-10-07T00:51:03.9362960Z test tests::view_prevents_mutation ... ok
2026-10-07T00:51:03.9368093Z test tests::view_return_parameter ... ok
2026-10-07T00:51:04.0005145Z test tests::resource_contract_goldens::http_borrow_and_mappers_golden ... ok
2026-10-07T00:51:04.0680942Z test tests::resource_contract_goldens::http_inspection_golden ... ok
2026-10-07T00:51:06.5698045Z test check::flow_metadata_tests::return_alias_dependencies_keep_straight_line_snapshots_sparse ... ok
2026-10-07T00:51:06.5698884Z 
2026-10-07T00:51:06.5699517Z test result: ok. 122 passed; 0 failed; 0 ignored; 0 measured; 0 filtered out; finished in 3.82s
2026-10-07T00:51:06.5700223Z 
2026-10-07T00:51:06.5731572Z [1m[92m     Running[0m tests\actor_codegen.rs (target\debug\deps\actor_codegen-956f3c287165757d.exe)
2026-10-07T00:51:06.5837947Z 
2026-10-07T00:51:06.5838299Z running 2 tests
2026-10-07T00:51:07.1540771Z test actor_charge_generation_survives_low_without_clones_reflection_or_serde_requirements ... ok
2026-10-07T00:52:06.5840129Z test generated_nominal_charges_execute_against_native_capacity_and_walk_limits has been running for over 60 seconds
2026-10-07T00:52:11.1637490Z test generated_nominal_charges_execute_against_native_capacity_and_walk_limits ... ok
2026-10-07T00:52:11.1637894Z 
2026-10-07T00:52:11.1638286Z test result: ok. 2 passed; 0 failed; 0 ignored; 0 measured; 0 filtered out; finished in 64.58s
2026-10-07T00:52:11.1638655Z 
2026-10-07T00:52:11.1659498Z [1m[92m     Running[0m tests\actor_stdlib.rs (target\debug\deps\actor_stdlib-1e3f8c9b44304735.exe)
2026-10-07T00:52:11.1760673Z 
2026-10-07T00:52:11.1760928Z running 12 tests
2026-10-07T00:52:13.4102057Z test lifecycle_text_views_follow_their_native_owner_and_cannot_serialize ... ok
2026-10-07T00:52:14.2174374Z test actor_and_http_aliases_keep_distinct_registry_identity_without_fake_classes ... ok
2026-10-07T00:52:15.5194573Z test callback_shapes_and_custom_error_identity_are_checked_before_native_build ... ok
2026-10-07T00:52:16.8990771Z test named_task_factory_aliases_require_shared_context_async_unit_and_builtin_error ... ok
2026-10-07T00:52:20.9529788Z test explicit_task_readiness_and_typed_event_deadlines_execute_from_high_and_low ... ok
2026-10-07T00:52:25.3280254Z test readiness_factory_and_wait_error_contracts_are_checked_before_native_build ... ok
2026-10-07T00:52:25.7296820Z test saved_low_cannot_invent_actor_types_capabilities_or_standard_implementations ... ok
2026-10-07T00:52:27.0494616Z test spawning_borrowing_native_futures_requires_an_owned_named_wrapper ... ok
2026-10-07T00:52:28.9960587Z test turn_inline_layout_generics_and_left_to_right_moves_are_not_erased ... ok
2026-10-07T00:52:31.7241578Z test owned_custom_class_replies_and_errors_execute_without_clone_or_serde_bounds ... ok
2026-10-07T00:52:32.0630144Z test messages_replies_and_business_errors_reject_unaccounted_nested_payloads ... ok
2026-10-07T00:52:41.1184067Z test pending_owned_state_business_failure_and_restart_execute_from_high_and_low ... ok
2026-10-07T00:52:41.1184812Z 
2026-10-07T00:52:41.1185204Z test result: ok. 12 passed; 0 failed; 0 ignored; 0 measured; 0 filtered out; finished in 29.94s
2026-10-07T00:52:41.1185563Z 
2026-10-07T00:52:41.1207667Z [1m[92m     Running[0m tests\borrow_free_returns.rs (target\debug\deps\borrow_free_returns-39c3396a115d3d13.exe)
2026-10-07T00:52:41.1317590Z 
2026-10-07T00:52:41.1318032Z running 5 tests
2026-10-07T00:52:41.1443848Z test adding_local_views_to_absent_values_still_rejects_escape ... ok
2026-10-07T00:52:41.1651059Z test clearing_values_does_not_erase_rust_lifetime_constraints ... ok
2026-10-07T00:52:41.1656011Z test unknown_native_origins_do_not_gain_an_absence_proof ... ok
2026-10-07T00:52:41.6101310Z test direct_absent_returns_remain_legal_after_local_borrows ... ok
2026-10-07T00:52:42.4366493Z test absent_views_in_nullable_empty_lists_and_failures_can_be_returned ... ok
2026-10-07T00:52:42.4367074Z 
2026-10-07T00:52:42.4367669Z test result: ok. 5 passed; 0 failed; 0 ignored; 0 measured; 0 filtered out; finished in 1.30s
2026-10-07T00:52:42.4368101Z 
2026-10-07T00:52:42.4389063Z [1m[92m     Running[0m tests\build_diagnostics.rs (target\debug\deps\build_diagnostics-daefdeb4aa6364c1.exe)
2026-10-07T00:52:42.4496702Z 
2026-10-07T00:52:42.4497016Z running 29 tests
2026-10-07T00:52:42.4636449Z test child_notes_cannot_relabel_an_unmapped_primary_or_dependency ... ok
2026-10-07T00:52:42.4689352Z test child_notes_keep_module_locations_and_readable_definition_names ... ok
2026-10-07T00:52:42.4722994Z test dependency_synthetic_and_incomplete_diagnostics_fall_back_without_guessing ... ok
2026-10-07T00:52:42.4902607Z test existing_path_aliases_match_only_the_generated_file ... ok
2026-10-07T00:52:43.1439097Z test a_successful_run_stays_quiet_and_passes_through_program_output ... ok
2026-10-07T00:52:43.1747918Z test finite_f32_extremes_compile_and_run_after_lowering ... ok
2026-10-07T00:52:43.6442415Z test high_build_points_to_nagi_and_keeps_rust_notes_and_failure_status ... ok
2026-10-07T00:52:43.9368906Z test cli_maps_adapter_mismatch_without_repeating_generated_rust_by_default ... ok
2026-10-07T00:52:44.1224405Z test imported_high_uses_the_dependency_path_and_local_line ... ok
2026-10-07T00:52:44.3881660Z test imported_low_uses_its_own_file_instead_of_the_entry_file ... ok
2026-10-07T00:52:44.4908252Z test invalid_operators_in_imports_report_nagi_lines_before_rust_or_cargo ... ok
2026-10-07T00:52:44.5665095Z test iterator_mutation_fails_in_check_and_build_before_backend_generation ... ok
2026-10-07T00:52:44.5899050Z test lowering_restores_nested_statement_expression_arm_and_field_lines ... ok
2026-10-07T00:52:44.6681013Z test invalid_entrypoints_are_rejected_before_cargo_with_source_locations ... ok
2026-10-07T00:52:44.6947152Z test native_signature_errors_also_keep_the_native_low_location ... ok
2026-10-07T00:52:44.7547997Z test overflowing_f32_is_rejected_at_the_source_before_backend_build ... ok
2026-10-07T00:52:44.8436076Z test repeated_moves_fail_in_check_and_build_before_invoking_rust ... ok
2026-10-07T00:52:44.9305702Z test repeated_moves_keep_imported_and_replacement_source_locations ... ok
2026-10-07T00:52:45.0284134Z test native_rust_errors_are_not_relabelled_as_nagi ... ok
2026-10-07T00:52:45.3864886Z test replacement_adapter_errors_point_to_the_handwritten_low_file ... ok
2026-10-07T00:52:45.4453854Z test extern_argument_and_sync_async_mismatches_fail_at_the_declaration_in_high_and_low ... ok
2026-10-07T00:52:46.2989690Z test safe_reinitialization_and_return_paths_check_build_and_run ... ok
2026-10-07T00:52:46.7477176Z test standalone_low_uses_the_original_low_lines ... ok
2026-10-07T00:52:47.0059928Z test try_result_reuse_reports_source_lines_before_invoking_cargo ... ok
2026-10-07T00:52:47.1874379Z test unsupported_class_fields_and_async_reassignments_fail_before_backend_generation ... ok
2026-10-07T00:52:47.1977224Z test windows_paths_and_canonical_prefixes_match_only_the_generated_target ... ok
2026-10-07T00:52:47.7064482Z test run_preserves_json_stdout_with_and_without_a_cost_report_in_high_and_saved_low ... ok
2026-10-07T00:52:48.0393222Z test imported_async_ffi_send_failure_maps_the_cause_note_in_high_and_saved_low ... ok
2026-10-07T00:52:51.8987500Z test source_names_with_spaces_and_dots_build_and_run ... ok
2026-10-07T00:52:51.8987862Z 
2026-10-07T00:52:51.8988325Z test result: ok. 29 passed; 0 failed; 0 ignored; 0 measured; 0 filtered out; finished in 9.45s
2026-10-07T00:52:51.8988736Z 
2026-10-07T00:52:51.9015452Z [1m[92m     Running[0m tests\class_field_types.rs (target\debug\deps\class_field_types-9f0f7459c06e0f1d.exe)
2026-10-07T00:52:51.9146994Z 
2026-10-07T00:52:51.9147828Z running 5 tests
2026-10-07T00:52:51.9220961Z test map_keys_with_missing_equality_or_hashing_fail_before_derivation ... ok
2026-10-07T00:52:51.9306180Z test nested_data_fields_and_bridge_defined_key_traits_remain_available ... ok
2026-10-07T00:52:51.9330272Z test unsupported_resource_and_function_fields_fail_at_the_field_line ... ok
2026-10-07T00:52:51.9440344Z test owned_database_fields_are_private_state_and_keep_high_low_emission_valid ... ok
2026-10-07T00:52:53.8997646Z test native_database_debug_hides_connection_details_inside_shared_state ... ok
2026-10-07T00:52:53.8998097Z 
2026-10-07T00:52:53.8998504Z test result: ok. 5 passed; 0 failed; 0 ignored; 0 measured; 0 filtered out; finished in 1.99s
2026-10-07T00:52:53.8998905Z 
2026-10-07T00:52:53.9020117Z [1m[92m     Running[0m tests\cli.rs (target\debug\deps\cli-d42c4e6855fe0a58.exe)
2026-10-07T00:52:53.9118094Z 
2026-10-07T00:52:53.9118462Z running 7 tests
2026-10-07T00:52:53.9934910Z test an_unusable_cargo_is_not_reported_as_a_missing_rust_installation ... ok
2026-10-07T00:52:54.0106969Z test check_and_lower_put_status_on_stderr_and_keep_cost_report_machine_readable ... ok
2026-10-07T00:52:54.0183517Z test check_needs_no_cargo_and_build_reports_the_missing_tool ... ok
2026-10-07T00:52:54.0222292Z test version_rejects_unexpected_arguments ... ok
2026-10-07T00:52:54.0495217Z test version_works_without_project_runtime_or_build_tools ... ok
2026-10-07T00:52:54.0725588Z test help_works_without_source_or_valid_project ... ok
2026-10-07T00:52:54.1702229Z test cargo_failure_preserves_the_cause_without_blaming_the_nagi_program ... ok
2026-10-07T00:52:54.1702969Z 
2026-10-07T00:52:54.1703653Z test result: ok. 7 passed; 0 failed; 0 ignored; 0 measured; 0 filtered out; finished in 0.26s
2026-10-07T00:52:54.1704368Z 
2026-10-07T00:52:54.1723103Z [1m[92m     Running[0m tests\codegen.rs (target\debug\deps\codegen-3b0a78ead252cc7f.exe)
2026-10-07T00:52:54.1829051Z 
2026-10-07T00:52:54.1829652Z running 16 tests
2026-10-07T00:52:54.1881872Z test a_record_named_fn_does_not_become_a_copy_function_value ... ok
2026-10-07T00:52:54.5889345Z test async_function_values_keep_their_future_return_type ... ok
2026-10-07T00:52:54.5945143Z test builtin_option_and_result_constructors_do_not_call_user_functions ... ok
2026-10-07T00:52:54.6101613Z test for_bindings_can_be_reassigned_without_changing_the_iterator_or_outer_binding ... ok
2026-10-07T00:52:54.6336585Z test explicit_local_async_function_annotations_compile_and_run ... ok
2026-10-07T00:52:54.9911880Z test function_values_preserve_the_shared_view_lifetime ... ok
2026-10-07T00:52:55.0048615Z test local_function_values_shadow_builtins_and_functions ... ok
2026-10-07T00:52:55.0788886Z test nested_views_compile_and_copy_strings_bytes_and_lists ... ok
2026-10-07T00:52:55.1922471Z test numeric_negation_and_nested_view_comparisons_compile_and_run ... ok
2026-10-07T00:52:55.3970703Z test output_compiles_for_numbers_booleans_and_borrowed_strings ... ok
2026-10-07T00:52:55.4037456Z test reassignment_of_the_same_async_function_through_aliases_compiles_and_runs ... ok
2026-10-07T00:52:55.4697419Z test result_match_compiles_and_runs_owned_and_borrowed_payloads ... ok
2026-10-07T00:52:55.6324481Z test returning_a_function_value_does_not_borrow_local_data ... ok
2026-10-07T00:52:55.7471091Z test rust_keywords_and_generated_helper_names_remain_valid_nagi_names ... ok
2026-10-07T00:52:55.8102275Z test user_functions_with_builtin_names_keep_their_call_targets ... ok
2026-10-07T00:52:56.4371996Z test user_and_local_functions_named_serve_compile_without_http_runtime ... ok
2026-10-07T00:52:56.4372453Z 
2026-10-07T00:52:56.4372901Z test result: ok. 16 passed; 0 failed; 0 ignored; 0 measured; 0 filtered out; finished in 2.25s
2026-10-07T00:52:56.4373277Z 
2026-10-07T00:52:56.4394643Z [1m[92m     Running[0m tests\comparison_ownership.rs (target\debug\deps\comparison_ownership-f91ce1e1342c7495.exe)
2026-10-07T00:52:56.4496986Z 
2026-10-07T00:52:56.4497391Z running 4 tests
2026-10-07T00:52:56.4632979Z test comparisons_hold_the_left_operand_through_right_operand_evaluation ... ok
2026-10-07T00:52:56.4771457Z test copy_aggregate_comparisons_borrow_fields_and_indexed_containers ... ok
2026-10-07T00:52:56.5471791Z test native_resource_comparisons_do_not_allow_moving_the_borrowed_request ... ok
2026-10-07T00:52:56.7131877Z test completed_copy_operands_disjoint_fields_and_temporary_views_remain_valid ... ok
2026-10-07T00:52:56.7132644Z 
2026-10-07T00:52:56.7133356Z test result: ok. 4 passed; 0 failed; 0 ignored; 0 measured; 0 filtered out; finished in 0.26s
2026-10-07T00:52:56.7134105Z 
2026-10-07T00:52:56.7154427Z [1m[92m     Running[0m tests\enum_emission.rs (target\debug\deps\enum_emission-4ac4d88a4bbe15a9.exe)
2026-10-07T00:52:56.7256198Z 
2026-10-07T00:52:56.7256602Z running 5 tests
2026-10-07T00:52:56.7321413Z test data_records_keep_serde_while_enum_fields_remain_private ... ok
2026-10-07T00:52:57.1706270Z test module_enum_aliases_preserve_identity_and_escape_variant_fields ... ok
2026-10-07T00:52:57.1894493Z test custom_main_errors_need_only_debug_and_copy_enums_reuse_values ... ok
2026-10-07T00:52:57.1954527Z test native_enum_constructors_patterns_and_result_propagation_roundtrip ... ok
2026-10-07T00:52:57.2103375Z test error_cause_records_move_payloads_without_serde_or_clone_requirements ... ok
2026-10-07T00:52:57.2104049Z 
2026-10-07T00:52:57.2104751Z test result: ok. 5 passed; 0 failed; 0 ignored; 0 measured; 0 filtered out; finished in 0.48s
2026-10-07T00:52:57.2105426Z 
2026-10-07T00:52:57.2133739Z [1m[92m     Running[0m tests\enum_modules.rs (target\debug\deps\enum_modules-8650c3b165ed5a03.exe)
2026-10-07T00:52:57.2241698Z 
2026-10-07T00:52:57.2242415Z running 9 tests
2026-10-07T00:52:57.2570131Z test enum_payload_types_use_the_definition_file_scope_and_survive_low ... ok
2026-10-07T00:52:57.2572883Z test builtin_spelled_enum_aliases_keep_intrinsic_types_distinct_in_generated_low ... ok
2026-10-07T00:52:57.2649937Z test different_files_have_distinct_enum_types_even_with_equal_names_and_variants ... ok
2026-10-07T00:52:57.2790307Z test enum_aliases_and_guessed_canonical_symbols_do_not_escape_module_scopes ... ok
2026-10-07T00:52:57.2857281Z test local_values_shadow_enum_value_syntax_but_named_constructor_uses_type_scope ... ok
2026-10-07T00:52:57.3123581Z test namespace_from_and_flat_imports_share_enum_identity_in_constructors_and_patterns ... ok
2026-10-07T00:52:57.3193098Z test native_fragments_reuse_high_enum_aliases_and_export_their_own_enum_identity ... ok
2026-10-07T00:52:57.7044765Z test saved_low_enum_variants_navigate_to_the_opened_file ... ok
2026-10-07T00:52:58.0620792Z test enum_symbols_keep_variant_targets_alias_signatures_and_payload_binding_types ... ok
2026-10-07T00:52:58.0621718Z 
2026-10-07T00:52:58.0622112Z test result: ok. 9 passed; 0 failed; 0 ignored; 0 measured; 0 filtered out; finished in 0.84s
2026-10-07T00:52:58.0622520Z 
2026-10-07T00:52:58.0647463Z [1m[92m     Running[0m tests\enum_parser.rs (target\debug\deps\enum_parser-1e507d5ce3b3a26a.exe)
2026-10-07T00:52:58.0755537Z 
2026-10-07T00:52:58.0756088Z running 8 tests
2026-10-07T00:52:58.0770761Z test contextual_enum_word_remains_an_identifier_inside_declarations_and_calls ... ok
2026-10-07T00:52:58.0772759Z test enum_constructors_keep_the_existing_expression_forms ... ok
2026-10-07T00:52:58.0774198Z test enum_patterns_keep_qualified_names_and_each_payload_binding_span ... ok
2026-10-07T00:52:58.0775759Z test enum_payload_types_use_the_existing_nesting_limit ... ok
2026-10-07T00:52:58.0779510Z test enums_keep_variant_names_fields_types_and_source_locations ... ok
2026-10-07T00:52:58.0780676Z test invalid_enum_declarations_return_parse_errors ... ok
2026-10-07T00:52:58.0782265Z test result_patterns_preserve_ok_err_and_discard_bindings ... ok
2026-10-07T00:52:58.0788681Z test patterns_reject_wildcards_nested_matches_and_unnamed_variants ... ok
2026-10-07T00:52:58.0789377Z 
2026-10-07T00:52:58.0790026Z test result: ok. 8 passed; 0 failed; 0 ignored; 0 measured; 0 filtered out; finished in 0.00s
2026-10-07T00:52:58.0790728Z 
2026-10-07T00:52:58.0808456Z [1m[92m     Running[0m tests\enum_patterns.rs (target\debug\deps\enum_patterns-e3c39bc134b92efa.exe)
2026-10-07T00:52:58.0914714Z 
2026-10-07T00:52:58.0915161Z running 1 test
2026-10-07T00:52:58.3351152Z test mutable_enum_patterns_preserve_names_and_compile_without_shorthand_warnings ... ok
2026-10-07T00:52:58.3351665Z 
2026-10-07T00:52:58.3352084Z test result: ok. 1 passed; 0 failed; 0 ignored; 0 measured; 0 filtered out; finished in 0.24s
2026-10-07T00:52:58.3352474Z 
2026-10-07T00:52:58.3374097Z [1m[92m     Running[0m tests\error_routes.rs (target\debug\deps\error_routes-dd8d0b648b73e3c9.exe)
2026-10-07T00:52:58.3480657Z 
2026-10-07T00:52:58.3481227Z running 2 tests
2026-10-07T00:52:58.3589811Z test existing_data_and_html_http_routes_keep_their_representations ... ok
2026-10-07T00:52:58.3622763Z test private_error_data_is_rejected_at_http_json_boundaries_in_high_and_low ... ok
2026-10-07T00:52:58.3623255Z 
2026-10-07T00:52:58.3623683Z test result: ok. 2 passed; 0 failed; 0 ignored; 0 measured; 0 filtered out; finished in 0.01s
2026-10-07T00:52:58.3624106Z 
2026-10-07T00:52:58.3647376Z [1m[92m     Running[0m tests\expression_contracts.rs (target\debug\deps\expression_contracts-295b7c2faa08ceb4.exe)
2026-10-07T00:52:58.3758030Z 
2026-10-07T00:52:58.3758524Z running 2 tests
2026-10-07T00:52:58.6041220Z test literal_suffixes_preserve_contextual_numeric_types_and_negative_boundaries ... ok
2026-10-07T00:52:58.6196579Z test inferred_i64_literals_keep_their_type_without_a_rust_type_context ... ok
2026-10-07T00:52:58.6197038Z 
2026-10-07T00:52:58.6197450Z test result: ok. 2 passed; 0 failed; 0 ignored; 0 measured; 0 filtered out; finished in 0.24s
2026-10-07T00:52:58.6197862Z 
2026-10-07T00:52:58.6218587Z [1m[92m     Running[0m tests\frontend_contracts.rs (target\debug\deps\frontend_contracts-5b2247ea3f9f9374.exe)
2026-10-07T00:52:58.6327569Z 
2026-10-07T00:52:58.6328165Z running 5 tests
2026-10-07T00:52:58.6381671Z test generic_builtins_and_ordinary_record_constructors_still_roundtrip ... ok
2026-10-07T00:52:58.6415616Z test speculative_index_recovery_preserves_actual_nesting_limits ... ok
2026-10-07T00:52:58.8235247Z test record_constructors_reject_type_arguments_in_high_low_and_symbols ... ok
2026-10-07T00:52:59.7338321Z test lowering_keeps_try_and_await_as_field_and_index_receivers ... ok
2026-10-07T00:53:00.7971853Z test index_lookahead_does_not_accumulate_nesting_across_statements_or_functions ... ok
2026-10-07T00:53:00.7972420Z 
2026-10-07T00:53:00.7972838Z test result: ok. 5 passed; 0 failed; 0 ignored; 0 measured; 0 filtered out; finished in 2.16s
2026-10-07T00:53:00.7973210Z 
2026-10-07T00:53:00.7996910Z [1m[92m     Running[0m tests\graph_html.rs (target\debug\deps\graph_html-fa46418d4643a035.exe)
2026-10-07T00:53:00.8099524Z 
2026-10-07T00:53:00.8099917Z running 3 tests
2026-10-07T00:53:00.8111840Z test standalone_viewer_keeps_assets_local_and_uses_safe_dom_text ... ok
2026-10-07T00:53:00.8113627Z test only_physical_absolute_sources_receive_encoded_user_action_links ... ok
2026-10-07T00:53:00.8116235Z test hostile_unicode_graph_data_remains_json_and_cannot_close_the_script ... ok
2026-10-07T00:53:00.8116670Z 
2026-10-07T00:53:00.8117043Z test result: ok. 3 passed; 0 failed; 0 ignored; 0 measured; 0 filtered out; finished in 0.00s
2026-10-07T00:53:00.8117746Z 
2026-10-07T00:53:00.8134391Z [1m[92m     Running[0m tests\graph_relations.rs (target\debug\deps\graph_relations-5d7e741518dab708.exe)
2026-10-07T00:53:00.8235330Z 
2026-10-07T00:53:00.8235682Z running 9 tests
2026-10-07T00:53:00.8749738Z test calls_resolve_named_aliases_without_guessing_local_function_values ... ok
2026-10-07T00:53:00.8839354Z test module_imports_are_read_from_loaded_overlay_text ... ok
2026-10-07T00:53:00.8910286Z test module_edges_use_exact_identities_and_recover_empty_flat_imports ... ok
2026-10-07T00:53:00.8980211Z test native_replacements_keep_the_generated_id_and_low_ffi_locations ... ok
2026-10-07T00:53:00.9062238Z test checked_standard_and_database_operations_are_boundaries_not_routing_or_table_guesses ... ok
2026-10-07T00:53:00.9143235Z test one_line_low_import_references_do_not_hide_body_uses ... ok
2026-10-07T00:53:00.9194969Z test saved_low_keeps_definition_ids_without_mapping_foreign_modules_to_its_file ... ok
2026-10-07T00:53:00.9305191Z test all_views_use_shortest_unique_physical_suffixes_before_filtering ... ok
2026-10-07T00:53:00.9695387Z test nested_calls_are_visited_but_class_and_enum_constructors_are_not_calls ... ok
2026-10-07T00:53:00.9695848Z 
2026-10-07T00:53:00.9720569Z [1m[92m     Running[0m tests\graph_render.rs (target\debug\deps\graph_render-ffeebd044766254e.exe)
2026-10-07T00:53:00.9721455Z test result: ok. 9 passed; 0 failed; 0 ignored; 0 measured; 0 filtered out; finished in 0.15s
2026-10-07T00:53:00.9721821Z 
2026-10-07T00:53:00.9829907Z 
2026-10-07T00:53:00.9830505Z running 5 tests
2026-10-07T00:53:00.9839070Z test image_arguments_are_validated_before_starting_a_renderer ... ok
2026-10-07T00:53:00.9843670Z test labels_preserve_unicode_without_becoming_diagram_syntax_or_links ... ok
2026-10-07T00:53:00.9845300Z test clustered_edges_reference_declared_nodes_without_group_boundary_duplicates ... ok
2026-10-07T00:53:00.9846576Z test mermaid_literal_hashes_backticks_and_directives_cannot_change_the_render_config ... ok
2026-10-07T00:53:00.9847364Z test diagram_order_is_deterministic_and_empty_graphs_are_readable ... ok
2026-10-07T00:53:00.9847687Z 
2026-10-07T00:53:00.9848083Z test result: ok. 5 passed; 0 failed; 0 ignored; 0 measured; 0 filtered out; finished in 0.00s
2026-10-07T00:53:00.9848457Z 
2026-10-07T00:53:00.9866050Z [1m[92m     Running[0m tests\graph_types.rs (target\debug\deps\graph_types-db68ec4b5e70a326.exe)
2026-10-07T00:53:00.9971572Z 
2026-10-07T00:53:00.9972150Z running 7 tests
2026-10-07T00:53:01.0159415Z test imported_same_named_types_keep_author_identity_and_original_source_lines ... ok
2026-10-07T00:53:01.0175141Z test focused_depth_is_bounded_on_cycles_and_defaults_to_one_hop ... ok
2026-10-07T00:53:01.0182577Z test ir_deduplicates_and_sorts_without_renderer_syntax_or_losing_isolated_types ... ok
2026-10-07T00:53:01.0291186Z test field_display_limits_do_not_erase_relationships_from_later_fields ... ok
2026-10-07T00:53:01.0453688Z test resource_type_arguments_are_dependencies_without_inventing_runtime_instances ... ok
2026-10-07T00:53:01.0480175Z test declarations_preserve_field_variant_wrapper_and_signature_meanings ... ok
2026-10-07T00:53:01.0635356Z test independent_low_preserves_type_identity_and_reports_its_physical_source ... ok
2026-10-07T00:53:01.0635787Z 
2026-10-07T00:53:01.0636482Z test result: ok. 7 passed; 0 failed; 0 ignored; 0 measured; 0 filtered out; finished in 0.07s
2026-10-07T00:53:01.0636896Z 
2026-10-07T00:53:01.0660370Z [1m[92m     Running[0m tests\http_codegen.rs (target\debug\deps\http_codegen-c9f4cf06c577090d.exe)
2026-10-07T00:53:01.0768650Z 
2026-10-07T00:53:01.0769219Z running 4 tests
2026-10-07T00:53:01.0956530Z test literal_view_optimization_does_not_change_a_shadowing_owned_function ... ok
2026-10-07T00:53:01.7988010Z test borrowed_http_inspection_and_async_registration_add_no_owned_adapter_work ... ok
2026-10-07T00:53:01.8583470Z test borrow_and_named_mappers_preserve_high_low_codegen ... ok
2026-10-07T00:53:06.2382223Z test borrow_and_named_mapper_registration_execute_native_adapters ... ok
2026-10-07T00:53:06.2382965Z 
2026-10-07T00:53:06.2383354Z test result: ok. 4 passed; 0 failed; 0 ignored; 0 measured; 0 filtered out; finished in 5.16s
2026-10-07T00:53:06.2383758Z 
2026-10-07T00:53:06.2408413Z [1m[92m     Running[0m tests\http_route_conflicts.rs (target\debug\deps\http_route_conflicts-267aca00710070ef.exe)
2026-10-07T00:53:06.2521360Z 
2026-10-07T00:53:06.2521995Z running 3 tests
2026-10-07T00:53:06.2585825Z test get_handlers_cannot_replace_builtin_endpoints ... ok
2026-10-07T00:53:06.2602373Z test shared_patterns_distinct_paths_and_literal_braces_remain_available ... ok
2026-10-07T00:53:06.2651073Z test equivalent_capture_paths_are_rejected_even_for_different_methods ... ok
2026-10-07T00:53:06.2651717Z 
2026-10-07T00:53:06.2652392Z test result: ok. 3 passed; 0 failed; 0 ignored; 0 measured; 0 filtered out; finished in 0.01s
2026-10-07T00:53:06.2653089Z 
2026-10-07T00:53:06.2676174Z [1m[92m     Running[0m tests\http_stdlib.rs (target\debug\deps\http_stdlib-17aee2517b6a46ef.exe)
2026-10-07T00:53:06.2791535Z 
2026-10-07T00:53:06.2792259Z running 15 tests
2026-10-07T00:53:07.1843116Z test handlers_require_exact_async_request_shared_state_and_error_contracts ... ok
2026-10-07T00:53:08.3755777Z test header_views_depend_on_request_owner_and_not_the_name_temporary ... ok
2026-10-07T00:53:09.1005498Z test borrowed_option_temporaries_allow_arm_local_use_but_cannot_escape ... ok
2026-10-07T00:53:09.1288734Z test json_content_type_requires_a_request_and_has_no_generic_arguments ... ok
2026-10-07T00:53:10.0943140Z test apps_validate_generic_arity_owned_state_and_mapper_error_type ... ok
2026-10-07T00:53:11.6663576Z test method_name_views_can_return_from_borrowed_request_parameters ... ok
2026-10-07T00:53:11.7535643Z test optional_header_and_query_views_keep_the_request_borrow_through_match ... ok
2026-10-07T00:53:13.3445524Z test ordinary_classes_and_local_shadows_cannot_impersonate_standard_resources ... ok
2026-10-07T00:53:14.2628327Z test saved_low_cannot_change_registry_identity_or_define_resource_implementations ... ok
2026-10-07T00:53:15.2571798Z test native_method_comparisons_borrow_but_assignment_tracks_request_partial_moves ... ok
2026-10-07T00:53:15.5836085Z test standard_aliases_are_registry_resources_and_roundtrip_independently ... ok
2026-10-07T00:53:15.7972204Z test standard_resolution_ignores_cwd_files_and_unsaved_lookalikes ... ok
2026-10-07T00:53:17.6194830Z test resource_construction_serialization_and_shared_field_moves_fail_before_build ... ok
2026-10-07T00:53:18.5766737Z test resource_references_do_not_acquire_legacy_slice_operations ... ok
2026-10-07T00:53:23.5918502Z test status_method_and_db_free_app_execute_from_high_and_saved_low ... ok
2026-10-07T00:53:23.5919190Z 
2026-10-07T00:53:23.5919839Z test result: ok. 15 passed; 0 failed; 0 ignored; 0 measured; 0 filtered out; finished in 17.31s
2026-10-07T00:53:23.5920541Z 
2026-10-07T00:53:23.5941851Z [1m[92m     Running[0m tests\installation.rs (target\debug\deps\installation-2f8a975faf189027.exe)
2026-10-07T00:53:23.6060630Z 
2026-10-07T00:53:23.6061347Z running 4 tests
2026-10-07T00:53:23.6443869Z test linked_distributions_keep_the_seed_until_the_last_owner_drops ... ok
2026-10-07T00:53:23.6766850Z test wrong_root_explains_the_distribution_folder_before_calling_cargo ... ok
2026-10-07T00:53:24.3668239Z test moved_distribution_builds_an_external_project_with_no_root_override ... ok
2026-10-07T00:53:24.3862774Z test standalone_build_keeps_native_artifacts_in_the_working_directory ... ok
2026-10-07T00:53:24.3863589Z 
2026-10-07T00:53:24.3864316Z test result: ok. 4 passed; 0 failed; 0 ignored; 0 measured; 0 filtered out; finished in 0.78s
2026-10-07T00:53:24.3864964Z 
2026-10-07T00:53:24.3883372Z [1m[92m     Running[0m tests\list_borrow_iteration.rs (target\debug\deps\list_borrow_iteration-d45734b52a16199e.exe)
2026-10-07T00:53:24.3993399Z 
2026-10-07T00:53:24.3994203Z running 5 tests
2026-10-07T00:53:24.4203906Z test borrowed_elements_and_their_field_views_cannot_escape ... ok
2026-10-07T00:53:24.4211957Z test borrowed_elements_cannot_move_reassign_or_mutate ... ok
2026-10-07T00:53:24.4405803Z test an_active_element_pins_its_owner_and_aliases ... ok
2026-10-07T00:53:25.0546503Z test symbols_distinguish_borrowed_record_locals_and_fields ... ok
2026-10-07T00:53:26.0032302Z test noncopy_iteration_is_native_and_survives_saved_low ... ok
2026-10-07T00:53:26.0032904Z 
2026-10-07T00:53:26.0033641Z test result: ok. 5 passed; 0 failed; 0 ignored; 0 measured; 0 filtered out; finished in 1.60s
2026-10-07T00:53:26.0034345Z 
2026-10-07T00:53:26.0058028Z [1m[92m     Running[0m tests\list_ownership_inference.rs (target\debug\deps\list_ownership_inference-5e5d3d71250a76e8.exe)
2026-10-07T00:53:26.0172157Z 
2026-10-07T00:53:26.0172959Z running 4 tests
2026-10-07T00:53:26.0217392Z test inferred_lists_still_reject_second_moves_and_mixed_element_types ... ok
2026-10-07T00:53:26.0218995Z test explicit_list_element_types_still_contextualize_the_first_literal ... ok
2026-10-07T00:53:26.0244830Z test record_list_iteration_accepts_copy_values_and_readonly_noncopy_borrows ... ok
2026-10-07T00:53:26.0251644Z test inferred_list_first_elements_can_move_owned_inputs_once ... ok
2026-10-07T00:53:26.0252234Z 
2026-10-07T00:53:26.0253010Z test result: ok. 4 passed; 0 failed; 0 ignored; 0 measured; 0 filtered out; finished in 0.01s
2026-10-07T00:53:26.0253663Z 
2026-10-07T00:53:26.0275595Z [1m[92m     Running[0m tests\literal_contracts.rs (target\debug\deps\literal_contracts-953c48366437c187.exe)
2026-10-07T00:53:26.0385004Z 
2026-10-07T00:53:26.0385919Z running 1 test
2026-10-07T00:53:26.6849752Z test strings_preserve_control_characters_through_high_low_and_rust ... ok
2026-10-07T00:53:26.6850449Z 
2026-10-07T00:53:26.6851103Z test result: ok. 1 passed; 0 failed; 0 ignored; 0 measured; 0 filtered out; finished in 0.65s
2026-10-07T00:53:26.6851843Z 
2026-10-07T00:53:26.6871746Z [1m[92m     Running[0m tests\loop_ownership.rs (target\debug\deps\loop_ownership-ef41fd65e8b6a836.exe)
2026-10-07T00:53:26.6979085Z 
2026-10-07T00:53:26.6979957Z running 13 tests
2026-10-07T00:53:26.7085932Z test conditional_reinitialization_needs_every_continuing_path ... ok
2026-10-07T00:53:26.7135805Z test fields_and_nested_fields_cannot_be_consumed_on_later_iterations ... ok
2026-10-07T00:53:26.8774309Z test a_for_iterator_expression_is_evaluated_only_once ... ok
2026-10-07T00:53:26.9356010Z test locals_copy_values_and_borrowed_arguments_are_available_each_iteration ... ok
2026-10-07T00:53:26.9469682Z test owned_values_cannot_be_consumed_on_later_iterations ... ok
2026-10-07T00:53:27.0246846Z test all_continuing_branches_can_restore_a_moved_value ... ok
2026-10-07T00:53:27.0279268Z test nested_loops_are_checked_without_carrying_local_declarations ... ok
2026-10-07T00:53:27.0341685Z test standalone_low_rejects_repeated_moves_at_the_original_line ... ok
2026-10-07T00:53:27.0450000Z test branch_joins_preserve_reassignment_and_return_outside_loops ... ok
2026-10-07T00:53:27.1762968Z test while_conditions_are_checked_on_each_evaluation_and_on_exit ... ok
2026-10-07T00:53:27.1906393Z test zero_iterations_and_loop_bindings_preserve_outer_state ... ok
2026-10-07T00:53:27.2153470Z test reinitialization_before_and_after_a_move_is_allowed ... ok
2026-10-07T00:53:27.5433839Z test return_paths_do_not_repeat_or_consume_values_on_other_paths ... ok
2026-10-07T00:53:27.5434960Z 
2026-10-07T00:53:27.5436780Z test result: ok. 13 passed; 0 failed; 0 ignored; 0 measured; 0 filtered out; finished in 0.85s
2026-10-07T00:53:27.5438824Z 
2026-10-07T00:53:27.5460776Z [1m[92m     Running[0m tests\low_multiline.rs (target\debug\deps\low_multiline-2e4780dd9cc5a11b.exe)
2026-10-07T00:53:27.5576484Z 
2026-10-07T00:53:27.5577633Z running 3 tests
2026-10-07T00:53:27.5624030Z test low_braces_keep_newline_statement_boundaries ... ok
2026-10-07T00:53:27.5681787Z test multiline_errors_keep_physical_source_lines ... ok
2026-10-07T00:53:27.8489198Z test multiline_quote_matches_high_and_runs_as_native_low ... ok
2026-10-07T00:53:27.8490473Z 
2026-10-07T00:53:27.8491270Z test result: ok. 3 passed; 0 failed; 0 ignored; 0 measured; 0 filtered out; finished in 0.29s
2026-10-07T00:53:27.8493274Z 
2026-10-07T00:53:27.8520819Z [1m[92m     Running[0m tests\map_cli.rs (target\debug\deps\map_cli-5596ec8eaaed3cac.exe)
2026-10-07T00:53:27.8662159Z 
2026-10-07T00:53:27.8663252Z running 9 tests
2026-10-07T00:53:27.8963608Z test failed_check_points_to_original_source_and_writes_no_map ... ok
2026-10-07T00:53:27.9194255Z test map_preparse_keeps_existing_project_overrides_and_output_path_precedence ... ok
2026-10-07T00:53:27.9737076Z test image_formats_require_output_and_fail_helpfully_without_local_d2 ... ok
2026-10-07T00:53:27.9816935Z test map_output_cannot_overwrite_loaded_input_or_project_configuration ... ok
2026-10-07T00:53:28.0214024Z test project_discovery_reuses_native_replacements_and_extern_resolution ... ok
2026-10-07T00:53:28.0572162Z test namespace_module_filter_and_focus_select_original_definitions ... ok
2026-10-07T00:53:28.0716934Z test help_and_argument_errors_do_not_load_a_project_or_mutate_files ... ok
2026-10-07T00:53:28.1303039Z test map_views_check_high_and_low_without_runtime_or_generated_output ... ok
2026-10-07T00:53:28.1759363Z test text_formats_write_only_requested_output_and_keep_stdout_clean ... ok
2026-10-07T00:53:28.1760383Z 
2026-10-07T00:53:28.1761289Z test result: ok. 9 passed; 0 failed; 0 ignored; 0 measured; 0 filtered out; finished in 0.31s
2026-10-07T00:53:28.1762192Z 
2026-10-07T00:53:28.1783965Z [1m[92m     Running[0m tests\module_emission.rs (target\debug\deps\module_emission-ba3fdf5e068f64ac.exe)
2026-10-07T00:53:28.1897257Z 
2026-10-07T00:53:28.1898096Z running 8 tests
2026-10-07T00:53:28.2160780Z test legacy_flat_cost_report_keeps_public_function_names ... ok
2026-10-07T00:53:28.2162822Z test inferred_primitive_values_and_a_class_alias_keep_distinct_type_identities ... ok
2026-10-07T00:53:28.2914843Z test qualified_nested_types_emit_internal_names_through_low ... ok
2026-10-07T00:53:28.7394817Z test independent_low_parser_preserves_module_ids_and_native_function_aliases ... ok
2026-10-07T00:53:28.7475140Z test unresolved_high_imports_keep_as_and_from_syntax_in_low ... ok
2026-10-07T00:53:28.7951904Z test source_function_names_that_match_foreign_symbols_keep_distinct_call_targets ... ok
2026-10-07T00:53:28.8409434Z test source_locals_that_match_generated_symbols_keep_distinct_values ... ok
2026-10-07T00:53:30.8785688Z test inferred_builtin_types_survive_module_aliases_low_transport_and_rust_emission ... ok
2026-10-07T00:53:30.8786479Z 
2026-10-07T00:53:30.8787107Z test result: ok. 8 passed; 0 failed; 0 ignored; 0 measured; 0 filtered out; finished in 2.69s
2026-10-07T00:53:30.8787812Z 
2026-10-07T00:53:30.8810580Z [1m[92m     Running[0m tests\module_parser.rs (target\debug\deps\module_parser-28c90926a57ca8c0.exe)
2026-10-07T00:53:30.8920496Z 
2026-10-07T00:53:30.8921291Z running 9 tests
2026-10-07T00:53:30.8935610Z test import_forms_keep_original_names_aliases_and_token_spans ... ok
2026-10-07T00:53:30.8937564Z test low_metadata_is_read_without_changing_source_spans ... ok
2026-10-07T00:53:30.8938544Z test from_and_as_remain_contextual_identifiers ... ok
2026-10-07T00:53:30.8945467Z test malformed_imports_and_qualified_constructs_keep_parser_errors ... ok
2026-10-07T00:53:30.8948377Z test module_replace_path_remains_a_structured_attribute_value ... ok
2026-10-07T00:53:30.8952940Z test qualified_calls_constructors_and_function_values_preserve_semantic_choice ... ok
2026-10-07T00:53:30.8954170Z test qualified_types_parse_inside_nested_generics_lists_and_nullable_types ... ok
2026-10-07T00:53:30.8957422Z test qualified_types_respect_existing_nesting_limit ... ok
2026-10-07T00:53:30.8975181Z test qualified_index_lookahead_restores_depth_and_preserves_index_nodes ... ok
2026-10-07T00:53:30.8975862Z 
2026-10-07T00:53:30.8976495Z test result: ok. 9 passed; 0 failed; 0 ignored; 0 measured; 0 filtered out; finished in 0.01s
2026-10-07T00:53:30.8977501Z 
2026-10-07T00:53:30.8997006Z [1m[92m     Running[0m tests\module_symbols.rs (target\debug\deps\module_symbols-258a89035b83db5c.exe)
2026-10-07T00:53:30.9103429Z 
2026-10-07T00:53:30.9103988Z running 5 tests
2026-10-07T00:53:31.8986757Z test saved_low_namespaces_use_the_opened_file_and_rebased_definition_locations ... ok
2026-10-07T00:53:31.9206735Z test local_names_colliding_with_the_entrypoint_keep_source_names_and_navigation ... ok
2026-10-07T00:53:31.9235818Z test module_bindings_export_only_own_definitions_and_share_definition_identity ... ok
2026-10-07T00:53:32.5148677Z test record_and_import_alias_named_option_remain_record_types_in_editor_output ... ok
2026-10-07T00:53:32.5434985Z test unsaved_imported_buffers_drive_fields_and_shadowed_aliases_use_local_bindings ... ok
2026-10-07T00:53:32.5436147Z 
2026-10-07T00:53:32.5437018Z test result: ok. 5 passed; 0 failed; 0 ignored; 0 measured; 0 filtered out; finished in 1.63s
2026-10-07T00:53:32.5437926Z 
2026-10-07T00:53:32.5460944Z [1m[92m     Running[0m tests\modules.rs (target\debug\deps\modules-77eeb31350114b9f.exe)
2026-10-07T00:53:32.5578966Z 
2026-10-07T00:53:32.5579411Z running 32 tests
2026-10-07T00:53:32.5828854Z test alias_imports_keep_cycle_relative_path_and_language_guards ... ok
2026-10-07T00:53:32.6028214Z test aliases_keep_original_source_diagnostics_and_embedded_asset_paths ... ok
2026-10-07T00:53:32.6132022Z test conflicting_import_bindings_report_the_import_statement ... ok
2026-10-07T00:53:32.6301942Z test corrupted_low_identity_metadata_cannot_rename_or_invent_definitions ... ok
2026-10-07T00:53:32.6381274Z test aliases_of_one_function_cannot_be_replaced_twice_across_native_files ... ok
2026-10-07T00:53:32.6736990Z test edited_saved_low_body_resolves_original_aliases_and_maps_only_its_physical_root ... ok
2026-10-07T00:53:32.7086985Z test flat_imported_main_remains_an_entry_but_namespace_imported_main_does_not ... ok
2026-10-07T00:53:32.7477389Z test aliases_from_imports_and_flat_imports_share_the_canonical_class ... ok
2026-10-07T00:53:32.7684443Z test foreign_functions_keep_their_builtin_scope_when_root_aliases_use_builtin_names ... ok
2026-10-07T00:53:32.8726768Z test high_and_native_modules_can_use_the_same_private_namespace_spelling ... ok
2026-10-07T00:53:32.8843036Z test every_explicit_native_root_gets_high_aliases_without_overwriting_own_or_dependency_scopes ... ok
2026-10-07T00:53:32.9198630Z test imported_bindings_are_private_but_own_definitions_can_use_them ... ok
2026-10-07T00:53:32.9964850Z test imported_names_cannot_silently_fall_back_to_builtins_of_a_different_kind ... ok
2026-10-07T00:53:33.0225710Z test guessed_internal_symbols_cannot_bypass_private_imports_in_raw_source ... ok
2026-10-07T00:53:33.0633558Z test legacy_classes_constructors_and_intrinsic_types_keep_their_original_namespaces ... ok
2026-10-07T00:53:33.0874193Z test legacy_flat_helpers_can_call_root_definitions_without_inheriting_private_aliases ... ok
2026-10-07T00:53:33.1014233Z test local_fields_and_function_values_shadow_imports_only_in_their_scope ... ok
2026-10-07T00:53:33.1649042Z test low_alias_syntax_resolves_qualified_record_and_generic_types ... ok
2026-10-07T00:53:33.1713543Z test native_main_replacement_keeps_the_generated_identity_and_recursive_target ... ok
2026-10-07T00:53:33.2425717Z test native_import_aliases_remain_local_while_own_functions_are_available_to_high ... ok
2026-10-07T00:53:33.2597684Z test omitted_unit_returns_keep_builtin_identity_while_explicit_namespace_types_are_rejected ... ok
2026-10-07T00:53:33.3035323Z test old_flat_imports_keep_transitive_names_and_diamond_deduplication ... ok
2026-10-07T00:53:33.3202075Z test renamed_local_main_diagnostics_keep_source_spelling_after_program_is_taken ... ok
2026-10-07T00:53:33.4266996Z test qualified_replacements_compare_definition_identity_and_report_low_sources ... ok
2026-10-07T00:53:33.4922587Z test same_named_classes_from_different_files_are_distinct_in_all_type_positions ... ok
2026-10-07T00:53:33.5280797Z test saved_generated_low_can_be_imported_without_reidentifying_its_main ... ok
2026-10-07T00:53:33.6678273Z test separate_native_files_can_reuse_a_replacement_declaration_name ... ok
2026-10-07T00:53:33.6688872Z test the_checker_rejects_parser_only_alias_imports_until_the_source_loader_resolves_them ... ok
2026-10-07T00:53:33.7025950Z test unsaved_overlays_change_imported_definitions_and_keep_disk_sources_unchanged ... ok
2026-10-07T00:53:34.6253438Z test namespace_imports_preserve_depth_file_count_and_total_byte_limits ... ok
2026-10-07T00:53:35.6445311Z test saved_low_flat_and_from_imports_promote_the_original_definition_to_entry ... ok
2026-10-07T00:53:35.7590050Z test project_aliases_cross_low_replacement_and_rust_record_bridges_from_an_external_cwd ... ok
2026-10-07T00:53:35.7590815Z 
2026-10-07T00:53:35.7591450Z test result: ok. 32 passed; 0 failed; 0 ignored; 0 measured; 0 filtered out; finished in 3.20s
2026-10-07T00:53:35.7592130Z 
2026-10-07T00:53:35.7613613Z [1m[92m     Running[0m tests\nullable_database.rs (target\debug\deps\nullable_database-e71e5d073389e0e6.exe)
2026-10-07T00:53:35.7725549Z 
2026-10-07T00:53:35.7726060Z running 4 tests
2026-10-07T00:53:35.8368122Z test unsupported_nullable_payloads_keep_manual_from_row_eligibility ... ok
2026-10-07T00:53:36.0569952Z test raw_numeric_and_bool_field_shadows_keep_manual_row_implementations ... ok
2026-10-07T00:54:18.6620828Z test raw_nullable_classes_can_supply_a_native_sqlite_row_bridge ... ok
2026-10-07T00:54:25.1732699Z test nullable_scalars_read_sqlite_null_and_non_null_rows_in_high_and_saved_low ... ok
2026-10-07T00:54:25.1733439Z 
2026-10-07T00:54:25.1734033Z test result: ok. 4 passed; 0 failed; 0 ignored; 0 measured; 0 filtered out; finished in 49.40s
2026-10-07T00:54:25.1734686Z 
2026-10-07T00:54:25.1757764Z [1m[92m     Running[0m tests\nullable_roundtrip.rs (target\debug\deps\nullable_roundtrip-b6803b20eb13d5a1.exe)
2026-10-07T00:54:25.1864324Z 
2026-10-07T00:54:25.1864816Z running 1 test
2026-10-07T00:54:25.4104615Z test nested_options_keep_distinct_none_and_some_values_through_independent_low ... ok
2026-10-07T00:54:25.4105057Z 
2026-10-07T00:54:25.4105415Z test result: ok. 1 passed; 0 failed; 0 ignored; 0 measured; 0 filtered out; finished in 0.22s
2026-10-07T00:54:25.4105819Z 
2026-10-07T00:54:25.4125492Z [1m[92m     Running[0m tests\option_match.rs (target\debug\deps\option_match-fd23dd35412542d4.exe)
2026-10-07T00:54:25.4225274Z 
2026-10-07T00:54:25.4225553Z running 5 tests
2026-10-07T00:54:25.4273897Z test option_cases_must_be_exhaustive_unique_and_match_the_subject_type ... ok
2026-10-07T00:54:25.4275692Z test option_payload_bindings_obey_move_scope_and_borrow_owner_rules ... ok
2026-10-07T00:54:25.4278457Z test some_and_none_patterns_keep_binding_spans_without_synthetic_none_payload ... ok
2026-10-07T00:54:25.4280182Z test option_matching_accepts_discarded_payloads_and_borrowed_string_contents ... ok
2026-10-07T00:54:25.4285177Z test some_patterns_reject_unsupported_payload_shapes_and_none_parentheses ... ok
2026-10-07T00:54:25.4285681Z 
2026-10-07T00:54:25.4286065Z test result: ok. 5 passed; 0 failed; 0 ignored; 0 measured; 0 filtered out; finished in 0.01s
2026-10-07T00:54:25.4286438Z 
2026-10-07T00:54:25.4303939Z [1m[92m     Running[0m tests\owned_copy_codegen.rs (target\debug\deps\owned_copy_codegen-fc9bf69fc7d6b5a0.exe)
2026-10-07T00:54:25.4406343Z 
2026-10-07T00:54:25.4407133Z running 2 tests
2026-10-07T00:54:25.5067790Z test owned_string_and_list_fields_remain_moves ... ok
2026-10-07T00:54:26.9998471Z test owned_scalar_fields_copy_in_native_high_and_independent_low ... ok
2026-10-07T00:54:26.9998850Z 
2026-10-07T00:54:26.9999211Z test result: ok. 2 passed; 0 failed; 0 ignored; 0 measured; 0 filtered out; finished in 1.56s
2026-10-07T00:54:26.9999572Z 
2026-10-07T00:54:27.0021506Z [1m[92m     Running[0m tests\owned_database.rs (target\debug\deps\owned_database-389fb6f9c1e73d3b.exe)
2026-10-07T00:54:27.0124320Z 
2026-10-07T00:54:27.0124579Z running 2 tests
2026-10-07T00:54:27.0613655Z test owned_wrappers_preserve_unsupported_fields_and_manual_row_eligibility ... ok
2026-10-07T00:54:33.7386288Z test owned_scalars_decode_sqlite_rows_in_high_and_independent_saved_low ... ok
2026-10-07T00:54:33.7386898Z 
2026-10-07T00:54:33.7387479Z test result: ok. 2 passed; 0 failed; 0 ignored; 0 measured; 0 filtered out; finished in 6.73s
2026-10-07T00:54:33.7388075Z 
2026-10-07T00:54:33.7413875Z [1m[92m     Running[0m tests\ownership_boundaries.rs (target\debug\deps\ownership_boundaries-7c88a42368078670.exe)
2026-10-07T00:54:33.7529777Z 
2026-10-07T00:54:33.7530461Z running 7 tests
2026-10-07T00:54:33.7628225Z test nested_view_containers_cannot_keep_child_scope_owners ... ok
2026-10-07T00:54:33.7630200Z test branch_loop_and_payload_owners_cannot_escape_in_outer_views ... ok
2026-10-07T00:54:33.8896481Z test index_evaluation_holds_the_container_but_releases_it_afterwards ... ok
2026-10-07T00:54:33.8963207Z test copied_iterator_elements_keep_their_own_borrow_depth ... ok
2026-10-07T00:54:34.0105036Z test outer_owners_local_copies_restored_aliases_and_return_paths_remain_valid ... ok
2026-10-07T00:54:34.0151256Z test temporary_iterator_views_cannot_escape_but_body_use_and_static_views_remain_valid ... ok
2026-10-07T00:54:34.0153466Z test static_resource_views_remain_valid_across_branch_scopes ... ok
2026-10-07T00:54:34.0153965Z 
2026-10-07T00:54:34.0154356Z test result: ok. 7 passed; 0 failed; 0 ignored; 0 measured; 0 filtered out; finished in 0.26s
2026-10-07T00:54:34.0154705Z 
2026-10-07T00:54:34.0177837Z [1m[92m     Running[0m tests\ownership_calls.rs (target\debug\deps\ownership_calls-e71ffcb085becac8.exe)
2026-10-07T00:54:34.0282687Z 
2026-10-07T00:54:34.0282989Z running 9 tests
2026-10-07T00:54:34.0379668Z test database_receiver_is_borrowed_but_materialized_sql_does_not_extend_its_loan ... ok
2026-10-07T00:54:34.0411563Z test discarded_owned_places_are_consumed_but_copy_and_borrowed_values_remain_available ... ok
2026-10-07T00:54:34.0428359Z test earlier_view_arguments_block_later_moves_in_direct_and_aliased_calls ... ok
2026-10-07T00:54:34.0437888Z test earlier_list_elements_hold_views_through_later_element_evaluation ... ok
2026-10-07T00:54:34.0445829Z test earlier_views_remain_borrowed_while_nested_later_arguments_are_evaluated ... ok
2026-10-07T00:54:34.0482707Z test completed_inner_calls_copies_and_disjoint_owners_do_not_keep_call_loans ... ok
2026-10-07T00:54:34.0504694Z test list_mutation_checks_outer_loans_without_rejecting_two_phase_reads ... ok
2026-10-07T00:54:34.0897988Z test call_conflicts_and_discarded_moves_fail_before_backend_tools_are_needed ... ok
2026-10-07T00:54:34.2810996Z test implicit_standard_references_hold_the_owner_through_later_arguments ... ok
2026-10-07T00:54:34.2811694Z 
2026-10-07T00:54:34.2812310Z test result: ok. 9 passed; 0 failed; 0 ignored; 0 measured; 0 filtered out; finished in 0.25s
2026-10-07T00:54:34.2812905Z 
2026-10-07T00:54:34.2839426Z [1m[92m     Running[0m tests\resource_contract_characterization.rs (target\debug\deps\resource_contract_characterization-e4415108af3f363a.exe)
2026-10-07T00:54:34.2953267Z 
2026-10-07T00:54:34.2953942Z running 4 tests
2026-10-07T00:54:34.2964713Z test registered_resources_match_the_independent_inventory ... ok
2026-10-07T00:54:34.2966151Z test registered_operations_match_signatures_and_passing ... ok
2026-10-07T00:54:34.2967441Z test registered_constants_match_the_complete_inventory ... ok
2026-10-07T00:54:34.2969218Z test registered_accessors_match_the_complete_inventory ... ok
2026-10-07T00:54:34.2969674Z 
2026-10-07T00:54:34.2970233Z test result: ok. 4 passed; 0 failed; 0 ignored; 0 measured; 0 filtered out; finished in 0.00s
2026-10-07T00:54:34.2970683Z 
2026-10-07T00:54:34.2992012Z [1m[92m     Running[0m tests\result_stdlib.rs (target\debug\deps\result_stdlib-d5469bcde73e894a.exe)
2026-10-07T00:54:34.3094305Z 
2026-10-07T00:54:34.3094816Z running 6 tests
2026-10-07T00:54:34.7865178Z test mapping_moves_input_left_to_right_and_preserves_borrow_origins ... ok
2026-10-07T00:54:34.9306584Z test mapper_contract_errors_fail_before_rust_backend_in_high_and_saved_low ... ok
2026-10-07T00:54:35.0398003Z test try_keeps_exact_error_identity_and_map_error_does_not_reserve_local_names ... ok
2026-10-07T00:54:35.1172322Z test inferred_mapping_keeps_enum_class_aliases_and_borrowed_success_through_saved_low ... ok
2026-10-07T00:54:36.1605175Z test native_success_failure_and_original_cause_survive_high_and_saved_low ... ok
2026-10-07T00:54:38.7256917Z test static_error_labels_avoid_read_allocations_but_keep_owned_results_and_shadowing ... ok
2026-10-07T00:54:38.7257353Z 
2026-10-07T00:54:38.7257710Z test result: ok. 6 passed; 0 failed; 0 ignored; 0 measured; 0 filtered out; finished in 4.42s
2026-10-07T00:54:38.7258063Z 
2026-10-07T00:54:38.7283352Z [1m[92m     Running[0m tests\rust_dependencies.rs (target\debug\deps\rust_dependencies-9523bfa9a1cb2125.exe)
2026-10-07T00:54:38.7404259Z 
2026-10-07T00:54:38.7405649Z running 8 tests
2026-10-07T00:54:38.8361743Z test generated_manifest_preserves_legacy_versions_and_every_supported_table_field ... ok
2026-10-07T00:54:38.8732575Z test dependency_paths_follow_the_selected_manifest_with_different_cwd_and_output ... ok
2026-10-07T00:54:38.9117447Z test cli_version_replaces_the_whole_table_and_keeps_alias_collision_checks ... ok
2026-10-07T00:54:38.9323312Z test generated_toml_round_trips_quotes_backslashes_and_newlines_without_extra_tables ... ok
2026-10-07T00:54:39.1782559Z test missing_local_dependency_is_valid_for_check_and_reported_by_cargo_during_build ... ok
2026-10-07T00:54:39.3219442Z test invalid_dependency_tables_fail_in_the_public_cli_before_cargo ... ok
2026-10-07T00:54:39.4503012Z test check_and_symbols_accept_dependency_tables_without_cargo_or_checked_out_crates ... ok
2026-10-07T00:54:40.7776753Z test local_package_rename_features_and_disabled_defaults_run_without_registry_dependencies ... ok
2026-10-07T00:54:40.7777913Z 
2026-10-07T00:54:40.7778750Z test result: ok. 8 passed; 0 failed; 0 ignored; 0 measured; 0 filtered out; finished in 2.04s
2026-10-07T00:54:40.7779655Z 
2026-10-07T00:54:40.7808851Z [1m[92m     Running[0m tests\sql_check.rs (target\debug\deps\sql_check-46bf444a9da36ad1.exe)
2026-10-07T00:54:40.7963654Z 
2026-10-07T00:54:40.7965148Z running 13 tests
2026-10-07T00:54:40.9369014Z test enabled::a_user_function_named_db_all_is_not_a_builtin_sql_query ... ok
2026-10-07T00:54:40.9962957Z test enabled::dynamic_sql_and_db_exec_are_reported_as_runtime_checks ... ok
2026-10-07T00:54:41.0544108Z test enabled::explicit_project_schema_path_is_relative_to_invocation_directory ... ok
2026-10-07T00:54:41.0550234Z test enabled::aliases_case_reordering_extra_columns_and_reused_numbered_bind_are_valid ... ok
2026-10-07T00:54:41.0805961Z test enabled::bounded_schema_and_query_inputs_fail_before_sql_preparation ... ok
2026-10-07T00:54:41.1050307Z test enabled::imported_queries_report_the_original_module_file_and_line ... ok
2026-10-07T00:54:41.1709638Z test enabled::literal_insert_update_delete_are_prepared_without_executing_queries ... ok
2026-10-07T00:54:41.2668700Z test enabled::schema_and_dialect_are_paired_check_only_options ... ok
2026-10-07T00:54:41.7504637Z test enabled::missing_return_columns_and_wrong_bind_count_use_query_source_lines ... ok
2026-10-07T00:54:41.7859921Z test enabled::schema_check_is_opt_in_and_reports_bad_columns_in_high_and_saved_low ... ok
2026-10-07T00:54:41.8509817Z test enabled::helper_statement_kind_and_single_statement_contracts_are_checked ... ok
2026-10-07T00:54:41.9291411Z test enabled::literal_queries_cannot_change_schema_or_access_external_functions ... ok
2026-10-07T00:54:42.0419686Z test enabled::unsafe_schema_operations_cannot_create_or_modify_external_files ... ok
2026-10-07T00:54:42.0420124Z 
2026-10-07T00:54:42.0420498Z test result: ok. 13 passed; 0 failed; 0 ignored; 0 measured; 0 filtered out; finished in 1.25s
2026-10-07T00:54:42.0420882Z 
2026-10-07T00:54:42.0444555Z [1m[92m     Running[0m tests\static_callback_views.rs (target\debug\deps\static_callback_views-d4685e07c6b6c1b4.exe)
2026-10-07T00:54:42.0555061Z 
2026-10-07T00:54:42.0555552Z running 3 tests
2026-10-07T00:54:42.0586022Z test input_bound_callback_results_still_borrow_their_actual_inputs ... ok
2026-10-07T00:54:42.0594393Z test static_outputs_do_not_allow_local_or_owned_parameter_borrows ... ok
2026-10-07T00:54:45.0924705Z test static_callbacks_keep_their_origins_and_independent_lifetime_scopes_in_high_and_low ... ok
2026-10-07T00:54:45.0925618Z 
2026-10-07T00:54:45.0926339Z test result: ok. 3 passed; 0 failed; 0 ignored; 0 measured; 0 filtered out; finished in 3.04s
2026-10-07T00:54:45.0927119Z 
2026-10-07T00:54:45.0950907Z [1m[92m     Running[0m tests\stdlib_imports.rs (target\debug\deps\stdlib_imports-486f656ded9b6cd9.exe)
2026-10-07T00:54:45.1062041Z 
2026-10-07T00:54:45.1062542Z running 12 tests
2026-10-07T00:54:45.1098867Z test comma_separated_from_imports_preserve_each_name_alias_and_source_span ... ok
2026-10-07T00:54:45.1436880Z test constant_fields_and_function_aliases_resolve_without_ignoring_local_shadowing ... ok
2026-10-07T00:54:45.1461679Z test malformed_standard_imports_do_not_fall_back_to_file_lookup ... ok
2026-10-07T00:54:45.1468900Z test low_metadata_cannot_forge_standard_ids_or_implement_registry_functions ... ok
2026-10-07T00:54:45.1477100Z test parser_distinguishes_standard_names_from_quoted_files_and_keeps_alias_spans ... ok
2026-10-07T00:54:45.1516178Z test low_metadata_rejects_native_paths_capabilities_and_unimported_canonical_names ... ok
2026-10-07T00:54:45.1533470Z test from_list_reuses_existing_conflict_and_same_definition_rules ... ok
2026-10-07T00:54:45.1923017Z test registered_resources_and_functions_are_separate_from_source_definitions ... ok
2026-10-07T00:54:45.2186273Z test standard_imports_ignore_local_lookalikes_and_unsaved_overlays ... ok
2026-10-07T00:54:45.6341313Z test multiple_from_aliases_keep_registry_identity_in_independently_loaded_low ... ok
2026-10-07T00:54:45.6647554Z test saved_low_keeps_registry_identity_without_standard_source_files ... ok
2026-10-07T00:54:45.7142604Z test repeated_standard_imports_do_not_shift_registry_declaration_lines ... ok
2026-10-07T00:54:45.7143320Z 
2026-10-07T00:54:45.7143967Z test result: ok. 12 passed; 0 failed; 0 ignored; 0 measured; 0 filtered out; finished in 0.61s
2026-10-07T00:54:45.7144676Z 
2026-10-07T00:54:45.7166693Z [1m[92m     Running[0m tests\symbols.rs (target\debug\deps\symbols-b750ee8a4f98488b.exe)
2026-10-07T00:54:45.7272293Z 
2026-10-07T00:54:45.7272595Z running 21 tests
2026-10-07T00:54:45.7356888Z test editor_input_rejects_invalid_schema_alias_duplicates_and_other_commands ... ok
2026-10-07T00:54:46.4596481Z test actual_symbols_command_resolves_transitive_imports_and_utf16_columns ... ok
2026-10-07T00:54:46.4791145Z test expression_ranges_cover_multiline_receivers_and_do_not_unwrap_results ... ok
2026-10-07T00:54:46.4914107Z test editor_buffers_update_imported_and_low_signatures_without_writing_files ... ok
2026-10-07T00:54:47.1583486Z test failed_iterator_mutation_does_not_leak_a_loan_or_move_into_editor_types ... ok
2026-10-07T00:54:47.1590522Z test duplicate_let_and_case_bindings_cannot_replace_an_outer_definition ... ok
2026-10-07T00:54:47.1767168Z test imported_and_native_types_use_unsaved_buffers_and_utf16_ranges ... ok
2026-10-07T00:54:47.2179172Z test inferred_locals_parameters_and_loop_bindings_obey_exact_scopes ... ok
2026-10-07T00:54:47.8515130Z test invalid_signatures_do_not_generate_guessed_local_types ... ok
2026-10-07T00:54:47.8579337Z test local_call_and_function_value_navigation_use_the_resolved_binding ... ok
2026-10-07T00:54:47.9432531Z test local_navigation_preserves_binding_identity_across_reassignments_and_scopes ... ok
2026-10-07T00:54:48.5971830Z test match_payloads_and_child_locals_do_not_escape_their_arm ... ok
2026-10-07T00:54:48.6028839Z test low_records_replacements_and_same_line_bindings_keep_their_source_positions ... ok
2026-10-07T00:54:48.6779994Z test moved_values_and_scope_locals_have_no_later_inferred_type ... ok
2026-10-07T00:54:49.2958875Z test native_low_symbols_and_calls_inside_match_keep_original_files ... ok
2026-10-07T00:54:49.4059949Z test navigation_resolves_case_and_scope_bindings_without_leaking_them ... ok
2026-10-07T00:54:49.9927077Z test navigation_is_available_after_moves_and_invalid_types_but_not_before_binding ... ok
2026-10-07T00:54:49.9986861Z test navigation_uses_unsaved_import_and_low_replacement_positions_in_utf16 ... ok
2026-10-07T00:54:50.1047035Z test partial_moves_do_not_infer_invalid_bindings_or_hide_unmoved_fields ... ok
2026-10-07T00:54:50.1804954Z test local_function_value_uses_have_hover_types_without_replacing_global_signatures ... ok
2026-10-07T00:54:50.4055479Z test symbols_work_despite_type_errors_and_distinguish_fields_locals_and_calls ... ok
2026-10-07T00:54:50.4056160Z 
2026-10-07T00:54:50.4057034Z test result: ok. 21 passed; 0 failed; 0 ignored; 0 measured; 0 filtered out; finished in 4.68s
2026-10-07T00:54:50.4057438Z 
2026-10-07T00:54:50.4083846Z [1m[92m     Running[0m tests\typed_errors.rs (target\debug\deps\typed_errors-6491d75553e80d1b.exe)
2026-10-07T00:54:50.4189193Z 
2026-10-07T00:54:50.4189479Z running 15 tests
2026-10-07T00:54:50.5151294Z test diagnostic_cause_containers_are_rejected_by_json_serialization ... ok
2026-10-07T00:54:50.5154819Z test direct_parser_builtin_enum_names_require_canonical_source_loading ... ok
2026-10-07T00:54:52.7213355Z test async_custom_errors_propagate_the_same_enum_through_await_and_try ... ok
2026-10-07T00:54:52.8584024Z test enum_constructors_reject_unknown_variants_wrong_arity_and_wrong_payload_types ... ok
2026-10-07T00:54:52.9839479Z test enum_matches_require_exhaustive_unique_matching_variants_and_payload_bindings ... ok
2026-10-07T00:54:53.0545358Z test enum_payload_moves_and_borrowed_views_cannot_escape_match_arms ... ok
2026-10-07T00:54:54.1799594Z test builtin_error_causes_survive_wrapping_without_json_or_database_requirements ... ok
2026-10-07T00:54:54.2733217Z test fail_and_try_reject_implicit_conversion_between_custom_error_types ... ok
2026-10-07T00:54:55.6774773Z test class_errors_keep_context_nested_results_same_error_try_and_explicit_conversion ... ok
2026-10-07T00:55:19.9718493Z test entry_result_errors_keep_exit_status_through_owned_wrappers_and_async_saved_low ... ok
2026-10-07T00:55:20.0566807Z test same_named_module_enums_are_distinct_error_types_for_try_and_patterns ... ok
2026-10-07T00:55:21.2213174Z test enums_construct_match_owned_payloads_and_preserve_copy_variants ... ok
2026-10-07T00:55:22.3447089Z test file_loaded_builtin_spelled_enums_keep_literal_types_and_variant_identity ... ok
2026-10-07T00:55:23.5046324Z test module_aliases_share_enum_error_identity_and_keep_qualified_variants ... ok
2026-10-07T00:55:27.0466758Z test scope_enum_conversion_requires_the_explicit_rust_bridge_and_keeps_the_owned_cause ... ok
2026-10-07T00:55:27.0467211Z 
2026-10-07T00:55:27.0467730Z test result: ok. 15 passed; 0 failed; 0 ignored; 0 measured; 0 filtered out; finished in 36.63s
2026-10-07T00:55:27.0468229Z 
2026-10-07T00:55:27.0496360Z [1m[92m     Running[0m tests\view_iteration.rs (target\debug\deps\view_iteration-9bb6731391eb5912.exe)
2026-10-07T00:55:27.0607248Z 
2026-10-07T00:55:27.0607781Z running 3 tests
2026-10-07T00:55:27.0650779Z test string_views_reject_iteration_and_numeric_indexing_in_high_and_low ... ok
2026-10-07T00:55:27.0768176Z test native_resource_views_still_reject_iteration ... ok
2026-10-07T00:55:27.5980037Z test byte_views_use_u8_and_preserve_nested_views_and_owned_element_slices ... ok
2026-10-07T00:55:27.5980422Z 
2026-10-07T00:55:27.5980782Z test result: ok. 3 passed; 0 failed; 0 ignored; 0 measured; 0 filtered out; finished in 0.54s
2026-10-07T00:55:27.5981143Z 
2026-10-07T00:55:27.6002486Z [1m[92m     Running[0m tests\view_parameter_rebinding.rs (target\debug\deps\view_parameter_rebinding-b30d60ef787482b8.exe)
2026-10-07T00:55:27.6108841Z 
2026-10-07T00:55:27.6109161Z running 5 tests
2026-10-07T00:55:27.6163343Z test local_borrows_still_cannot_escape_through_reassigned_parameters ... ok
2026-10-07T00:55:27.6169438Z test rebinding_is_synthetic_and_does_not_change_signatures_or_extern_wrappers ... ok
2026-10-07T00:55:28.4216015Z test local_parameter_updates_compile_and_run_in_high_and_saved_low ... ok
2026-10-07T00:55:28.7589431Z test owning_parameters_keep_their_drop_order_when_a_view_container_is_rebound ... ok
2026-10-07T00:55:29.4735395Z test views_of_owned_record_fields_can_be_used_locally_through_parameters ... ok
2026-10-07T00:55:29.4735790Z 
2026-10-07T00:55:29.4736148Z test result: ok. 5 passed; 0 failed; 0 ignored; 0 measured; 0 filtered out; finished in 1.86s
2026-10-07T00:55:29.4736504Z 
2026-10-07T00:55:29.6142857Z ##[group]Run node --test editors/vscode-nagi/test/*.test.js scripts/test_graph_html_viewport.mjs
2026-10-07T00:55:29.6143663Z [36;1mnode --test editors/vscode-nagi/test/*.test.js scripts/test_graph_html_viewport.mjs[0m
2026-10-07T00:55:29.6161754Z shell: C:\Program Files\Git\bin\bash.EXE --noprofile --norc -e -o pipefail {0}
2026-10-07T00:55:29.6162161Z env:
2026-10-07T00:55:29.6162404Z   NAGI_FAILURE_DIR: D:\a\Nagi\Nagi/build/compiler-failures
2026-10-07T00:55:29.6162739Z   CARGO_HOME: C:\Users\runneradmin\.cargo
2026-10-07T00:55:29.6162992Z   CARGO_INCREMENTAL: 0
2026-10-07T00:55:29.6163187Z   CARGO_TERM_COLOR: always
2026-10-07T00:55:29.6163472Z   pythonLocation: C:\hostedtoolcache\windows\Python\3.12.10\x64
2026-10-07T00:55:29.6163922Z   PKG_CONFIG_PATH: C:\hostedtoolcache\windows\Python\3.12.10\x64/lib/pkgconfig
2026-10-07T00:55:29.6164360Z   Python_ROOT_DIR: C:\hostedtoolcache\windows\Python\3.12.10\x64
2026-10-07T00:55:29.6164783Z   Python2_ROOT_DIR: C:\hostedtoolcache\windows\Python\3.12.10\x64
2026-10-07T00:55:29.6165174Z   Python3_ROOT_DIR: C:\hostedtoolcache\windows\Python\3.12.10\x64
2026-10-07T00:55:29.6165486Z ##[endgroup]
2026-10-07T00:55:29.8509478Z TAP version 13
2026-10-07T00:55:29.9347923Z # Subtest: Actor and Turn snippets preserve all three registered type parameters
2026-10-07T00:55:29.9357165Z ok 1 - Actor and Turn snippets preserve all three registered type parameters
2026-10-07T00:55:29.9386593Z   ---
2026-10-07T00:55:29.9453451Z   duration_ms: 5.4409
2026-10-07T00:55:29.9456782Z   type: 'test'
2026-10-07T00:55:29.9462592Z   ...
2026-10-07T00:55:29.9465919Z # Subtest: same-name standard options retain their owning namespace and return type
2026-10-07T00:55:29.9499799Z ok 2 - same-name standard options retain their owning namespace and return type
2026-10-07T00:55:29.9501841Z   ---
2026-10-07T00:55:29.9502843Z   duration_ms: 1.7867
2026-10-07T00:55:29.9503425Z   type: 'test'
2026-10-07T00:55:29.9503946Z   ...
2026-10-07T00:55:29.9504856Z # Subtest: both module catalogs complete imports without merging their members
2026-10-07T00:55:29.9507656Z ok 3 - both module catalogs complete imports without merging their members
2026-10-07T00:55:29.9508662Z   ---
2026-10-07T00:55:29.9509654Z   duration_ms: 8.4026
2026-10-07T00:55:29.9510347Z   type: 'test'
2026-10-07T00:55:29.9510944Z   ...
2026-10-07T00:55:30.9084039Z # Subtest: real nagi actor symbols separate modules and preserve three-parameter handles
2026-10-07T00:55:30.9084988Z ok 4 - real nagi actor symbols separate modules and preserve three-parameter handles
2026-10-07T00:55:30.9085425Z   ---
2026-10-07T00:55:30.9085617Z   duration_ms: 979.1953
2026-10-07T00:55:30.9085843Z   type: 'test'
2026-10-07T00:55:30.9086291Z   ...
2026-10-07T00:55:31.7960102Z # Subtest: real low actor symbols separate modules and preserve three-parameter handles
2026-10-07T00:55:31.7961414Z ok 5 - real low actor symbols separate modules and preserve three-parameter handles
2026-10-07T00:55:31.7962166Z   ---
2026-10-07T00:55:31.7962468Z   duration_ms: 887.882
2026-10-07T00:55:31.7962816Z   type: 'test'
2026-10-07T00:55:31.7963120Z   ...
2026-10-07T00:55:32.1454776Z # Subtest: unsaved actor dependency constants keep their own source without writing or building
2026-10-07T00:55:32.1459919Z ok 6 - unsaved actor dependency constants keep their own source without writing or building
2026-10-07T00:55:32.1461354Z   ---
2026-10-07T00:55:32.1468939Z   duration_ms: 354.7919
2026-10-07T00:55:32.1469519Z   type: 'test'
2026-10-07T00:55:32.1470063Z   ...
2026-10-07T00:55:32.1615659Z # Subtest: nagi borrowed loop locals keep their declared type and bare insertion
2026-10-07T00:55:32.1616962Z ok 7 - nagi borrowed loop locals keep their declared type and bare insertion
2026-10-07T00:55:32.1617745Z   ---
2026-10-07T00:55:32.1618151Z   duration_ms: 7.7643
2026-10-07T00:55:32.1618598Z   type: 'test'
2026-10-07T00:55:32.1618983Z   ...
2026-10-07T00:55:32.1622835Z # Subtest: nagi owned and read-only-only locals retain their existing presentation
2026-10-07T00:55:32.1624398Z ok 8 - nagi owned and read-only-only locals retain their existing presentation
2026-10-07T00:55:32.1625128Z   ---
2026-10-07T00:55:32.1625586Z   duration_ms: 1.0251
2026-10-07T00:55:32.1626051Z   type: 'test'
2026-10-07T00:55:32.1626481Z   ...
2026-10-07T00:55:32.1627972Z # Subtest: nagi borrowed receiver fields preserve the compiler read-only contract
2026-10-07T00:55:32.1630362Z ok 9 - nagi borrowed receiver fields preserve the compiler read-only contract
2026-10-07T00:55:32.1631081Z   ---
2026-10-07T00:55:32.1644108Z   duration_ms: 1.1779
2026-10-07T00:55:32.1644560Z   type: 'test'
2026-10-07T00:55:32.1644888Z   ...
2026-10-07T00:55:32.1645566Z # Subtest: low borrowed loop locals keep their declared type and bare insertion
2026-10-07T00:55:32.1646755Z ok 10 - low borrowed loop locals keep their declared type and bare insertion
2026-10-07T00:55:32.1672641Z   ---
2026-10-07T00:55:32.1679492Z   duration_ms: 1.199
2026-10-07T00:55:32.1684936Z   type: 'test'
2026-10-07T00:55:32.1685313Z   ...
2026-10-07T00:55:32.1686611Z # Subtest: low owned and read-only-only locals retain their existing presentation
2026-10-07T00:55:32.1687742Z ok 11 - low owned and read-only-only locals retain their existing presentation
2026-10-07T00:55:32.1689062Z   ---
2026-10-07T00:55:32.1689442Z   duration_ms: 0.8491
2026-10-07T00:55:32.1689889Z   type: 'test'
2026-10-07T00:55:32.1690263Z   ...
2026-10-07T00:55:32.1690973Z # Subtest: low borrowed receiver fields preserve the compiler read-only contract
2026-10-07T00:55:32.1691836Z ok 12 - low borrowed receiver fields preserve the compiler read-only contract
2026-10-07T00:55:32.1692602Z   ---
2026-10-07T00:55:32.1692985Z   duration_ms: 0.8826
2026-10-07T00:55:32.1693405Z   type: 'test'
2026-10-07T00:55:32.1693790Z   ...
2026-10-07T00:55:32.8154853Z # Subtest: Windows diagnostics preserve the drive and convert to zero-based line
2026-10-07T00:55:32.8167011Z ok 13 - Windows diagnostics preserve the drive and convert to zero-based line
2026-10-07T00:55:32.8168437Z   ---
2026-10-07T00:55:32.8169352Z   duration_ms: 2.4588
2026-10-07T00:55:32.8171198Z   type: 'test'
2026-10-07T00:55:32.8171826Z   ...
2026-10-07T00:55:32.8172954Z # Subtest: symbol positions use UTF-16 ranges and exclude whitespace and other files
2026-10-07T00:55:32.8174266Z ok 14 - symbol positions use UTF-16 ranges and exclude whitespace and other files
2026-10-07T00:55:32.8175122Z   ---
2026-10-07T00:55:32.8176824Z   duration_ms: 1.4947
2026-10-07T00:55:32.8177592Z   type: 'test'
2026-10-07T00:55:32.8178366Z   ...
2026-10-07T00:55:32.8179245Z # Subtest: Low integration errors and process errors have usable fallback locations
2026-10-07T00:55:32.8180972Z ok 15 - Low integration errors and process errors have usable fallback locations
2026-10-07T00:55:32.8182351Z   ---
2026-10-07T00:55:32.8182835Z   duration_ms: 0.3308
2026-10-07T00:55:32.8183418Z   type: 'test'
2026-10-07T00:55:32.8183728Z   ...
2026-10-07T00:55:32.8184366Z # Subtest: Rust arguments remain separate and long Windows paths normalize
2026-10-07T00:55:32.8185375Z ok 16 - Rust arguments remain separate and long Windows paths normalize
2026-10-07T00:55:32.8186626Z   ---
2026-10-07T00:55:32.8186944Z   duration_ms: 0.334
2026-10-07T00:55:32.8187291Z   type: 'test'
2026-10-07T00:55:32.8187612Z   ...
2026-10-07T00:55:32.8188235Z # Subtest: diagnostic file identities resolve symlinks and Windows path spelling
2026-10-07T00:55:32.8189726Z ok 17 - diagnostic file identities resolve symlinks and Windows path spelling
2026-10-07T00:55:32.8190795Z   ---
2026-10-07T00:55:32.8191352Z   duration_ms: 2755.1036
2026-10-07T00:55:32.8191911Z   type: 'test'
2026-10-07T00:55:32.8192402Z   ...
2026-10-07T00:55:32.8193250Z # Subtest: task matcher accepts Nagi frontend and mapped backend positions only
2026-10-07T00:55:32.8194828Z ok 18 - task matcher accepts Nagi frontend and mapped backend positions only
2026-10-07T00:55:32.8195770Z   ---
2026-10-07T00:55:32.8197302Z   duration_ms: 1.4744
2026-10-07T00:55:32.8197708Z   type: 'test'
2026-10-07T00:55:32.8198010Z   ...
2026-10-07T00:55:32.8198751Z # Subtest: files and native paths are individual arguments with isolated check output
2026-10-07T00:55:32.8200226Z ok 19 - files and native paths are individual arguments with isolated check output
2026-10-07T00:55:32.8201323Z   ---
2026-10-07T00:55:32.8201645Z   duration_ms: 5.7767
2026-10-07T00:55:32.8201990Z   type: 'test'
2026-10-07T00:55:32.8202279Z   ...
2026-10-07T00:55:32.8202967Z # Subtest: configured compiler paths are workspace relative; PATH remains a fallback
2026-10-07T00:55:32.8203975Z ok 20 - configured compiler paths are workspace relative; PATH remains a fallback
2026-10-07T00:55:32.8204674Z   ---
2026-10-07T00:55:32.8204985Z   duration_ms: 1.0095
2026-10-07T00:55:32.8205326Z   type: 'test'
2026-10-07T00:55:32.8205634Z   ...
2026-10-07T00:55:32.8918977Z # Subtest: compiler execution does not interpret shell metacharacters
2026-10-07T00:55:32.8928486Z ok 21 - compiler execution does not interpret shell metacharacters
2026-10-07T00:55:32.8944952Z   ---
2026-10-07T00:55:32.8945748Z   duration_ms: 89.7448
2026-10-07T00:55:32.8946264Z   type: 'test'
2026-10-07T00:55:32.8946710Z   ...
2026-10-07T00:55:32.9200871Z # Subtest: real Nagi checker diagnoses a source error
2026-10-07T00:55:32.9201976Z ok 22 - real Nagi checker diagnoses a source error
2026-10-07T00:55:32.9202752Z   ---
2026-10-07T00:55:32.9203215Z   duration_ms: 25.6813
2026-10-07T00:55:32.9203714Z   type: 'test'
2026-10-07T00:55:32.9204151Z   ...
2026-10-07T00:55:32.9204868Z # Subtest: missing compiler is reported as an execution problem
2026-10-07T00:55:32.9205842Z ok 23 - missing compiler is reported as an execution problem
2026-10-07T00:55:32.9206522Z   ---
2026-10-07T00:55:32.9207640Z   duration_ms: 3.4421
2026-10-07T00:55:32.9208245Z   type: 'test'
2026-10-07T00:55:32.9208733Z   ...
2026-10-07T00:55:33.1866808Z # Subtest: timed out checker is reported as an execution problem
2026-10-07T00:55:33.1868416Z ok 24 - timed out checker is reported as an execution problem
2026-10-07T00:55:33.1869197Z   ---
2026-10-07T00:55:33.1869666Z   duration_ms: 262.2831
2026-10-07T00:55:33.1870165Z   type: 'test'
2026-10-07T00:55:33.1870594Z   ...
2026-10-07T00:55:33.1871522Z # Subtest: nearest manifest wins and project arguments delegate entry selection to nagic
2026-10-07T00:55:33.1872856Z ok 25 - nearest manifest wins and project arguments delegate entry selection to nagic
2026-10-07T00:55:33.1873696Z   ---
2026-10-07T00:55:33.1874119Z   duration_ms: 2.6396
2026-10-07T00:55:33.1874601Z   type: 'test'
2026-10-07T00:55:33.1875035Z   ...
2026-10-07T00:55:33.2154237Z # Subtest: real checker resolves a helper through its manifest entry rather than checking it alone
2026-10-07T00:55:33.2155959Z ok 26 - real checker resolves a helper through its manifest entry rather than checking it alone
2026-10-07T00:55:33.2156906Z   ---
2026-10-07T00:55:33.2157465Z   duration_ms: 30.9208
2026-10-07T00:55:33.2158082Z   type: 'test'
2026-10-07T00:55:33.2158597Z   ...
2026-10-07T00:55:33.4608412Z # Subtest: real symbol query navigates from a helper to its entry-defined function
2026-10-07T00:55:33.4616852Z ok 27 - real symbol query navigates from a helper to its entry-defined function
2026-10-07T00:55:33.4620105Z   ---
2026-10-07T00:55:33.4620677Z   duration_ms: 248.2635
2026-10-07T00:55:33.4625041Z   type: 'test'
2026-10-07T00:55:33.4626157Z   ...
2026-10-07T00:55:33.4814089Z # Subtest: enum completion includes own/imported type namespaces and never bare variants
2026-10-07T00:55:33.4980027Z ok 28 - enum completion includes own/imported type namespaces and never bare variants
2026-10-07T00:55:33.4985658Z   ---
2026-10-07T00:55:33.5002078Z   duration_ms: 11.4593
2026-10-07T00:55:33.5012531Z   type: 'test'
2026-10-07T00:55:33.5029417Z   ...
2026-10-07T00:55:33.5030348Z # Subtest: enum type positions offer enum types and exclude variant values
2026-10-07T00:55:33.5032055Z ok 29 - enum type positions offer enum types and exclude variant values
2026-10-07T00:55:33.5033613Z   ---
2026-10-07T00:55:33.5034211Z   duration_ms: 1.3629
2026-10-07T00:55:33.5034792Z   type: 'test'
2026-10-07T00:55:33.5035535Z   ...
2026-10-07T00:55:33.5036661Z # Subtest: unit/payload variant hover and payload signatures preserve alias-qualified spelling
2026-10-07T00:55:33.5038015Z ok 30 - unit/payload variant hover and payload signatures preserve alias-qualified spelling
2026-10-07T00:55:33.5039110Z   ---
2026-10-07T00:55:33.5040195Z   duration_ms: 2.4779
2026-10-07T00:55:33.5040887Z   type: 'test'
2026-10-07T00:55:33.5043868Z   ...
2026-10-07T00:55:33.5045584Z # Subtest: nested variant declaration references resolve hover and F12 without exporting names
2026-10-07T00:55:33.5047281Z ok 31 - nested variant declaration references resolve hover and F12 without exporting names
2026-10-07T00:55:33.5049297Z   ---
2026-10-07T00:55:33.5050762Z   duration_ms: 1.1664
2026-10-07T00:55:33.5051711Z   type: 'test'
2026-10-07T00:55:33.5052765Z   ...
2026-10-07T00:55:33.5053663Z # Subtest: lexical values that shadow enum/module roots suppress type namespaces
2026-10-07T00:55:33.5106892Z ok 32 - lexical values that shadow enum/module roots suppress type namespaces
2026-10-07T00:55:33.5111349Z   ---
2026-10-07T00:55:33.5112190Z   duration_ms: 3.4236
2026-10-07T00:55:33.5119566Z   type: 'test'
2026-10-07T00:55:33.5121355Z   ...
2026-10-07T00:55:33.5122426Z # Subtest: typed failure help exposes an error value without requiring builtin Error
2026-10-07T00:55:33.5125170Z ok 33 - typed failure help exposes an error value without requiring builtin Error
2026-10-07T00:55:33.5126517Z   ---
2026-10-07T00:55:33.5126832Z   duration_ms: 0.5533
2026-10-07T00:55:33.5127185Z   type: 'test'
2026-10-07T00:55:33.5127486Z   ...
2026-10-07T00:55:33.5128198Z # Subtest: Result patterns have completion hover and argument help only after case
2026-10-07T00:55:33.5133498Z ok 34 - Result patterns have completion hover and argument help only after case
2026-10-07T00:55:33.5136380Z   ---
2026-10-07T00:55:33.5136706Z   duration_ms: 1.2899
2026-10-07T00:55:33.5137060Z   type: 'test'
2026-10-07T00:55:33.5137355Z   ...
2026-10-07T00:55:33.5138102Z # Subtest: real nagi enum symbols preserve aliases, payload help and declaration targets
2026-10-07T00:55:33.5139235Z ok 35 - real nagi enum symbols preserve aliases, payload help and declaration targets
2026-10-07T00:55:33.5139951Z   ---
2026-10-07T00:55:33.5140339Z   duration_ms: 263.3905
2026-10-07T00:55:33.5140688Z   type: 'test'
2026-10-07T00:55:33.5140975Z   ...
2026-10-07T00:55:33.5141669Z # Subtest: real low enum symbols preserve aliases, payload help and declaration targets
2026-10-07T00:55:33.5142751Z ok 36 - real low enum symbols preserve aliases, payload help and declaration targets
2026-10-07T00:55:33.5143402Z   ---
2026-10-07T00:55:33.5143682Z   duration_ms: 205.1411
2026-10-07T00:55:33.5144004Z   type: 'test'
2026-10-07T00:55:33.5144276Z   ...
2026-10-07T00:55:33.5145347Z # Subtest: unsaved enum changes update payloads and F12 without writing source or building
2026-10-07T00:55:33.5146534Z ok 37 - unsaved enum changes update payloads and F12 without writing source or building
2026-10-07T00:55:33.5147248Z   ---
2026-10-07T00:55:33.5147535Z   duration_ms: 215.5999
2026-10-07T00:55:33.5148193Z   type: 'test'
2026-10-07T00:55:33.5148492Z   ...
2026-10-07T00:55:33.5149672Z # Subtest: hover preserves declared async/nullable types and class fields but skips locals, members and comments
2026-10-07T00:55:33.5150951Z ok 38 - hover preserves declared async/nullable types and class fields but skips locals, members and comments
2026-10-07T00:55:33.5151661Z   ---
2026-10-07T00:55:33.5151931Z   duration_ms: 3.2707
2026-10-07T00:55:33.5152224Z   type: 'test'
2026-10-07T00:55:33.5152468Z   ...
2026-10-07T00:55:33.5153182Z # Subtest: completion works on incomplete prefixes and inserts positional calls or named class fields
2026-10-07T00:55:33.5154582Z ok 39 - completion works on incomplete prefixes and inserts positional calls or named class fields
2026-10-07T00:55:33.5155326Z   ---
2026-10-07T00:55:33.5155605Z   duration_ms: 1.7722
2026-10-07T00:55:33.5155900Z   type: 'test'
2026-10-07T00:55:33.5156141Z   ...
2026-10-07T00:55:33.5156719Z # Subtest: type positions offer classes and type constructors rather than value calls
2026-10-07T00:55:33.5157794Z ok 40 - type positions offer classes and type constructors rather than value calls
2026-10-07T00:55:33.5158474Z   ---
2026-10-07T00:55:33.5158775Z   duration_ms: 2.7677
2026-10-07T00:55:33.5159111Z   type: 'test'
2026-10-07T00:55:33.5159384Z   ...
2026-10-07T00:55:33.5160118Z # Subtest: a class named Future completes as its declared type rather than a generic builtin
2026-10-07T00:55:33.5161267Z ok 41 - a class named Future completes as its declared type rather than a generic builtin
2026-10-07T00:55:33.5161950Z   ---
2026-10-07T00:55:33.5162224Z   duration_ms: 0.4933
2026-10-07T00:55:33.5162537Z   type: 'test'
2026-10-07T00:55:33.5162812Z   ...
2026-10-07T00:55:33.5163581Z # Subtest: signature argument tracking ignores nested calls, strings, arrays and generic arguments
2026-10-07T00:55:33.5165211Z ok 42 - signature argument tracking ignores nested calls, strings, arrays and generic arguments
2026-10-07T00:55:33.5165970Z   ---
2026-10-07T00:55:33.5166240Z   duration_ms: 1.512
2026-10-07T00:55:33.5166562Z   type: 'test'
2026-10-07T00:55:33.5166837Z   ...
2026-10-07T00:55:33.5167520Z # Subtest: local hovers use the exact UTF-16 occurrence and file rather than a shared name
2026-10-07T00:55:33.5168602Z ok 43 - local hovers use the exact UTF-16 occurrence and file rather than a shared name
2026-10-07T00:55:33.5169261Z   ---
2026-10-07T00:55:33.5169527Z   duration_ms: 1.3346
2026-10-07T00:55:33.5169839Z   type: 'test'
2026-10-07T00:55:33.5170112Z   ...
2026-10-07T00:55:33.5170847Z # Subtest: member analysis masks just the edited member and preserves UTF-16 and CRLF positions
2026-10-07T00:55:33.5172031Z ok 44 - member analysis masks just the edited member and preserves UTF-16 and CRLF positions
2026-10-07T00:55:33.5172736Z   ---
2026-10-07T00:55:33.5173003Z   duration_ms: 0.2303
2026-10-07T00:55:33.5173317Z   type: 'test'
2026-10-07T00:55:33.5173592Z   ...
2026-10-07T00:55:33.5174386Z # Subtest: field candidates come from the receiver occurrence and never from saved or other-file types
2026-10-07T00:55:33.5175677Z ok 45 - field candidates come from the receiver occurrence and never from saved or other-file types
2026-10-07T00:55:33.5176431Z   ---
2026-10-07T00:55:33.5176705Z   duration_ms: 0.8146
2026-10-07T00:55:33.5177019Z   type: 'test'
2026-10-07T00:55:33.5177296Z   ...
2026-10-07T00:55:33.5177977Z # Subtest: a trailing member binds inside try/await unless the receiver is parenthesized
2026-10-07T00:55:33.5179057Z ok 46 - a trailing member binds inside try/await unless the receiver is parenthesized
2026-10-07T00:55:33.5179725Z   ---
2026-10-07T00:55:33.5179991Z   duration_ms: 0.633
2026-10-07T00:55:33.5180304Z   type: 'test'
2026-10-07T00:55:33.5180582Z   ...
2026-10-07T00:55:33.5181291Z # Subtest: builtin completion catalog matches compiler arities and required type arguments
2026-10-07T00:55:33.5182422Z ok 47 - builtin completion catalog matches compiler arities and required type arguments
2026-10-07T00:55:33.5183118Z   ---
2026-10-07T00:55:33.5183387Z   duration_ms: 3.2537
2026-10-07T00:55:33.5183979Z   type: 'test'
2026-10-07T00:55:33.5184248Z   ...
2026-10-07T00:55:33.5184883Z # Subtest: builtin help preserves conversion, SQLite, async and callback contracts
2026-10-07T00:55:33.5186329Z ok 48 - builtin help preserves conversion, SQLite, async and callback contracts
2026-10-07T00:55:33.5187006Z   ---
2026-10-07T00:55:33.5187325Z   duration_ms: 0.6663
2026-10-07T00:55:33.5187678Z   type: 'test'
2026-10-07T00:55:33.5187982Z   ...
2026-10-07T00:55:33.5188754Z # Subtest: function and nullable types complete inside all supported generic builtin contexts
2026-10-07T00:55:33.5191152Z ok 49 - function and nullable types complete inside all supported generic builtin contexts
2026-10-07T00:55:33.5192003Z   ---
2026-10-07T00:55:33.5192323Z   duration_ms: 1.0225
2026-10-07T00:55:33.5192662Z   type: 'test'
2026-10-07T00:55:33.5192948Z   ...
2026-10-07T00:55:33.5193610Z # Subtest: completion preserves existing generic arguments and call parentheses
2026-10-07T00:55:33.5194660Z ok 50 - completion preserves existing generic arguments and call parentheses
2026-10-07T00:55:33.5195299Z   ---
2026-10-07T00:55:33.5195577Z   duration_ms: 0.5973
2026-10-07T00:55:33.5195908Z   type: 'test'
2026-10-07T00:55:33.5196187Z   ...
2026-10-07T00:55:33.5196846Z # Subtest: unindented Low fn, record and enum bodies keep their closing braces visible
2026-10-07T00:55:33.5197868Z ok 51 - unindented Low fn, record and enum bodies keep their closing braces visible
2026-10-07T00:55:33.5198491Z   ---
2026-10-07T00:55:33.5198764Z   duration_ms: 2.7658
2026-10-07T00:55:33.5199088Z   type: 'test'
2026-10-07T00:55:33.5199376Z   ...
2026-10-07T00:55:33.5199987Z # Subtest: nested match, case, scope and branch bodies fold at each opening line
2026-10-07T00:55:33.5200897Z ok 52 - nested match, case, scope and branch bodies fold at each opening line
2026-10-07T00:55:33.5201469Z   ---
2026-10-07T00:55:33.5201738Z   duration_ms: 0.337
2026-10-07T00:55:33.5202052Z   type: 'test'
2026-10-07T00:55:33.5202811Z   ...
2026-10-07T00:55:33.5203873Z # Subtest: multiline fn and async fn draft headers join their body in one fold
2026-10-07T00:55:33.5204919Z ok 53 - multiline fn and async fn draft headers join their body in one fold
2026-10-07T00:55:33.5205568Z   ---
2026-10-07T00:55:33.5205867Z   duration_ms: 0.4123
2026-10-07T00:55:33.5206218Z   type: 'test'
2026-10-07T00:55:33.5206517Z   ...
2026-10-07T00:55:33.5207042Z # Subtest: strings and comments do not create or close folds
2026-10-07T00:55:33.5207817Z ok 54 - strings and comments do not create or close folds
2026-10-07T00:55:33.5208311Z   ---
2026-10-07T00:55:33.5208626Z   duration_ms: 0.2392
2026-10-07T00:55:33.5208990Z   type: 'test'
2026-10-07T00:55:33.5209293Z   ...
2026-10-07T00:55:33.5209925Z # Subtest: crossed, stray and unclosed delimiters cannot invent brace folds
2026-10-07T00:55:33.5210884Z ok 55 - crossed, stray and unclosed delimiters cannot invent brace folds
2026-10-07T00:55:33.5211511Z   ---
2026-10-07T00:55:33.5211821Z   duration_ms: 0.3545
2026-10-07T00:55:33.5212194Z   type: 'test'
2026-10-07T00:55:33.5212490Z   ...
2026-10-07T00:55:33.5213173Z # Subtest: matched call and list continuations guard bodies without separate folds
2026-10-07T00:55:33.5214252Z ok 56 - matched call and list continuations guard bodies without separate folds
2026-10-07T00:55:33.5214926Z   ---
2026-10-07T00:55:33.5215229Z   duration_ms: 0.2034
2026-10-07T00:55:33.5215591Z   type: 'test'
2026-10-07T00:55:33.5215895Z   ...
2026-10-07T00:55:33.5216671Z # Subtest: completed declarations and unrelated lines do not donate a header to another body
2026-10-07T00:55:33.5217930Z ok 57 - completed declarations and unrelated lines do not donate a header to another body
2026-10-07T00:55:33.5218689Z   ---
2026-10-07T00:55:33.5218993Z   duration_ms: 1.3775
2026-10-07T00:55:33.5219356Z   type: 'test'
2026-10-07T00:55:33.5219651Z   ...
2026-10-07T00:55:33.5220348Z # Subtest: single-line and empty bodies are omitted and each start line has one fold
2026-10-07T00:55:33.5221864Z ok 58 - single-line and empty bodies are omitted and each start line has one fold
2026-10-07T00:55:33.5222574Z   ---
2026-10-07T00:55:33.5222897Z   duration_ms: 0.2248
2026-10-07T00:55:33.5223574Z   type: 'test'
2026-10-07T00:55:33.5223914Z   ...
2026-10-07T00:55:33.5224751Z # Subtest: inline closing braces fold the final statement while delimiter-only closers stay visible
2026-10-07T00:55:33.5226102Z ok 59 - inline closing braces fold the final statement while delimiter-only closers stay visible
2026-10-07T00:55:33.5226875Z   ---
2026-10-07T00:55:33.5227190Z   duration_ms: 0.4591
2026-10-07T00:55:33.5227797Z   type: 'test'
2026-10-07T00:55:33.5228142Z   ...
2026-10-07T00:55:33.5228772Z # Subtest: High Function snippet defaults compile in their declared context
2026-10-07T00:55:33.5229716Z ok 60 - High Function snippet defaults compile in their declared context
2026-10-07T00:55:33.5230303Z   ---
2026-10-07T00:55:33.5230588Z   duration_ms: 22.1059
2026-10-07T00:55:33.5230930Z   type: 'test'
2026-10-07T00:55:33.5231210Z   ...
2026-10-07T00:55:33.5231798Z # Subtest: High Class snippet defaults compile in their declared context
2026-10-07T00:55:33.5232718Z ok 61 - High Class snippet defaults compile in their declared context
2026-10-07T00:55:33.5233301Z   ---
2026-10-07T00:55:33.5233592Z   duration_ms: 19.2697
2026-10-07T00:55:33.5233928Z   type: 'test'
2026-10-07T00:55:33.5234211Z   ...
2026-10-07T00:55:33.5234782Z # Subtest: High Enum snippet defaults compile in their declared context
2026-10-07T00:55:33.5235664Z ok 62 - High Enum snippet defaults compile in their declared context
2026-10-07T00:55:33.5236242Z   ---
2026-10-07T00:55:33.5236533Z   duration_ms: 15.8827
2026-10-07T00:55:33.5236862Z   type: 'test'
2026-10-07T00:55:33.5237144Z   ...
2026-10-07T00:55:33.5237736Z # Subtest: High Main snippet defaults compile in their declared context
2026-10-07T00:55:33.5238639Z ok 63 - High Main snippet defaults compile in their declared context
2026-10-07T00:55:33.5239225Z   ---
2026-10-07T00:55:33.5239509Z   duration_ms: 16.5972
2026-10-07T00:55:33.5239850Z   type: 'test'
2026-10-07T00:55:33.5240139Z   ...
2026-10-07T00:55:33.5240783Z # Subtest: High Async main snippet defaults compile in their declared context
2026-10-07T00:55:33.5241776Z ok 64 - High Async main snippet defaults compile in their declared context
2026-10-07T00:55:33.5242462Z   ---
2026-10-07T00:55:33.5242761Z   duration_ms: 16.6422
2026-10-07T00:55:33.5243107Z   type: 'test'
2026-10-07T00:55:33.5243805Z   ...
2026-10-07T00:55:33.5244502Z # Subtest: High HTTP server snippet defaults compile in their declared context
2026-10-07T00:55:33.5245511Z ok 65 - High HTTP server snippet defaults compile in their declared context
2026-10-07T00:55:33.5246129Z   ---
2026-10-07T00:55:33.5246406Z   duration_ms: 241.8241
2026-10-07T00:55:33.5246738Z   type: 'test'
2026-10-07T00:55:33.5247026Z   ...
2026-10-07T00:55:33.5247662Z # Subtest: High GET handler snippet defaults compile in their declared context
2026-10-07T00:55:33.5248651Z ok 66 - High GET handler snippet defaults compile in their declared context
2026-10-07T00:55:33.5249263Z   ---
2026-10-07T00:55:33.5249548Z   duration_ms: 23.292
2026-10-07T00:55:33.5249877Z   type: 'test'
2026-10-07T00:55:33.5250175Z   ...
2026-10-07T00:55:33.5250818Z # Subtest: High POST handler snippet defaults compile in their declared context
2026-10-07T00:55:33.5251916Z ok 67 - High POST handler snippet defaults compile in their declared context
2026-10-07T00:55:33.5252552Z   ---
2026-10-07T00:55:33.5252836Z   duration_ms: 22.9057
2026-10-07T00:55:33.5253167Z   type: 'test'
2026-10-07T00:55:33.5253477Z   ...
2026-10-07T00:55:33.5254058Z # Subtest: High Loop snippet defaults compile in their declared context
2026-10-07T00:55:33.5254951Z ok 68 - High Loop snippet defaults compile in their declared context
2026-10-07T00:55:33.5255532Z   ---
2026-10-07T00:55:33.5255818Z   duration_ms: 15.2973
2026-10-07T00:55:33.5256154Z   type: 'test'
2026-10-07T00:55:33.5256737Z   ...
2026-10-07T00:55:33.5257411Z # Subtest: High Borrowed array snippet defaults compile in their declared context
2026-10-07T00:55:33.5258448Z ok 69 - High Borrowed array snippet defaults compile in their declared context
2026-10-07T00:55:33.5259126Z   ---
2026-10-07T00:55:33.5259422Z   duration_ms: 17.9477
2026-10-07T00:55:33.5259763Z   type: 'test'
2026-10-07T00:55:33.5260050Z   ...
2026-10-07T00:55:33.5260687Z # Subtest: High Result match snippet defaults compile in their declared context
2026-10-07T00:55:33.5261707Z ok 70 - High Result match snippet defaults compile in their declared context
2026-10-07T00:55:33.5262654Z   ---
2026-10-07T00:55:33.5262984Z   duration_ms: 15.3524
2026-10-07T00:55:33.5263341Z   type: 'test'
2026-10-07T00:55:33.5263936Z   ...
2026-10-07T00:55:33.5264616Z # Subtest: High Nullable match snippet defaults compile in their declared context
2026-10-07T00:55:33.5265673Z ok 71 - High Nullable match snippet defaults compile in their declared context
2026-10-07T00:55:33.5266330Z   ---
2026-10-07T00:55:33.5266620Z   duration_ms: 14.6095
2026-10-07T00:55:33.5266958Z   type: 'test'
2026-10-07T00:55:33.5267259Z   ...
2026-10-07T00:55:33.5268303Z # Subtest: real High quoted imports complete class enum and function names without calls
2026-10-07T00:55:33.5286204Z ok 72 - real High quoted imports complete class enum and function names without calls
2026-10-07T00:55:33.5287047Z   ---
2026-10-07T00:55:33.5287463Z   duration_ms: 246.2682
2026-10-07T00:55:33.5287930Z   type: 'test'
2026-10-07T00:55:33.5288342Z   ...
2026-10-07T00:55:33.5289366Z # Subtest: real High quoted imports complete class enum and function names without calls through a directory alias
2026-10-07T00:55:33.5290949Z ok 73 - real High quoted imports complete class enum and function names without calls through a directory alias
2026-10-07T00:55:33.5292289Z   ---
2026-10-07T00:55:33.5292747Z   duration_ms: 208.9357
2026-10-07T00:55:33.5293193Z   type: 'test'
2026-10-07T00:55:33.5293627Z   ...
2026-10-07T00:55:33.5294442Z # Subtest: real Low quoted imports complete class enum and function names without calls
2026-10-07T00:55:33.5295682Z ok 74 - real Low quoted imports complete class enum and function names without calls
2026-10-07T00:55:33.5296481Z   ---
2026-10-07T00:55:33.5296908Z   duration_ms: 228.4383
2026-10-07T00:55:33.5297367Z   type: 'test'
2026-10-07T00:55:33.5297772Z   ...
2026-10-07T00:55:33.5298760Z # Subtest: real Low quoted imports complete class enum and function names without calls through a directory alias
2026-10-07T00:55:33.5300317Z ok 75 - real Low quoted imports complete class enum and function names without calls through a directory alias
2026-10-07T00:55:33.5301292Z   ---
2026-10-07T00:55:33.5301747Z   duration_ms: 238.7482
2026-10-07T00:55:33.5302254Z   type: 'test'
2026-10-07T00:55:33.5302698Z   ...
2026-10-07T00:55:33.5303735Z # Subtest: canonical source aliases share one identity per request and refresh after a symlink changes
2026-10-07T00:55:33.5305427Z ok 76 - canonical source aliases share one identity per request and refresh after a symlink changes
2026-10-07T00:55:33.5307819Z   ---
2026-10-07T00:55:33.5308783Z   duration_ms: 11.5218
2026-10-07T00:55:33.5309329Z   type: 'test'
2026-10-07T00:55:33.5309769Z   ...
2026-10-07T00:55:33.5310578Z # Subtest: standard source identities remain logical IDs without filesystem lookups
2026-10-07T00:55:33.5311782Z ok 77 - standard source identities remain logical IDs without filesystem lookups
2026-10-07T00:55:33.5312597Z   ---
2026-10-07T00:55:33.5313045Z   duration_ms: 1.7346
2026-10-07T00:55:33.5313513Z   type: 'test'
2026-10-07T00:55:33.5313922Z   ...
2026-10-07T00:55:33.5314702Z # Subtest: High block headers indent one level, including main, async, match and case
2026-10-07T00:55:33.5315908Z ok 78 - High block headers indent one level, including main, async, match and case
2026-10-07T00:55:33.5316748Z   ---
2026-10-07T00:55:33.5317146Z   duration_ms: 3.2314
2026-10-07T00:55:33.5317580Z   type: 'test'
2026-10-07T00:55:33.5318302Z   ...
2026-10-07T00:55:33.5319081Z # Subtest: else uses the matching if indentation after nested bodies and comments
2026-10-07T00:55:33.5320261Z ok 79 - else uses the matching if indentation after nested bodies and comments
2026-10-07T00:55:33.5321068Z   ---
2026-10-07T00:55:33.5321501Z   duration_ms: 0.4553
2026-10-07T00:55:33.5321971Z   type: 'test'
2026-10-07T00:55:33.5322372Z   ...
2026-10-07T00:55:33.5323993Z # Subtest: first and following cases align under their nearest match
2026-10-07T00:55:33.5327548Z ok 80 - first and following cases align under their nearest match
2026-10-07T00:55:33.5328538Z   ---
2026-10-07T00:55:33.5329005Z   duration_ms: 1.1123
2026-10-07T00:55:33.5329439Z   type: 'test'
2026-10-07T00:55:33.5329828Z   ...
2026-10-07T00:55:33.5330595Z # Subtest: immediate Enter after else/case aligns the branch and its new body together
2026-10-07T00:55:33.5331794Z ok 81 - immediate Enter after else/case aligns the branch and its new body together
2026-10-07T00:55:33.5332575Z   ---
2026-10-07T00:55:33.5332960Z   duration_ms: 0.2443
2026-10-07T00:55:33.5333388Z   type: 'test'
2026-10-07T00:55:33.5333775Z   ...
2026-10-07T00:55:33.5334539Z # Subtest: explicitly dedented outer branches keep their matching outer block
2026-10-07T00:55:33.5335719Z ok 82 - explicitly dedented outer branches keep their matching outer block
2026-10-07T00:55:33.5336482Z   ---
2026-10-07T00:55:33.5336912Z   duration_ms: 0.427
2026-10-07T00:55:33.5337645Z   type: 'test'
2026-10-07T00:55:33.5338090Z   ...
2026-10-07T00:55:33.5338941Z # Subtest: multiline case headers move together when colon is typed or Enter cancels it
2026-10-07T00:55:33.5340212Z ok 83 - multiline case headers move together when colon is typed or Enter cancels it
2026-10-07T00:55:33.5342670Z   ---
2026-10-07T00:55:33.5343000Z   duration_ms: 0.2352
2026-10-07T00:55:33.5343729Z   type: 'test'
2026-10-07T00:55:33.5344570Z   ...
2026-10-07T00:55:33.5345399Z # Subtest: multiline calls, lists and nested delimiters indent and align closing lines
2026-10-07T00:55:33.5346657Z ok 84 - multiline calls, lists and nested delimiters indent and align closing lines
2026-10-07T00:55:33.5347432Z   ---
2026-10-07T00:55:33.5347794Z   duration_ms: 0.3452
2026-10-07T00:55:33.5348211Z   type: 'test'
2026-10-07T00:55:33.5348571Z   ...
2026-10-07T00:55:33.5349291Z # Subtest: strings, escapes and comments never create fake blocks or brackets
2026-10-07T00:55:33.5350363Z ok 85 - strings, escapes and comments never create fake blocks or brackets
2026-10-07T00:55:33.5351065Z   ---
2026-10-07T00:55:33.5351425Z   duration_ms: 0.3339
2026-10-07T00:55:33.5351838Z   type: 'test'
2026-10-07T00:55:33.5352198Z   ...
2026-10-07T00:55:33.5352960Z # Subtest: an unfinished string on an earlier line does not disable later indentation
2026-10-07T00:55:33.5354132Z ok 86 - an unfinished string on an earlier line does not disable later indentation
2026-10-07T00:55:33.5354872Z   ---
2026-10-07T00:55:33.5355232Z   duration_ms: 0.5858
2026-10-07T00:55:33.5355639Z   type: 'test'
2026-10-07T00:55:33.5355998Z   ...
2026-10-07T00:55:33.5356703Z # Subtest: indentation respects two spaces, tabs, CRLF and Low brace blocks
2026-10-07T00:55:33.5357760Z ok 87 - indentation respects two spaces, tabs, CRLF and Low brace blocks
2026-10-07T00:55:33.5358457Z   ---
2026-10-07T00:55:33.5358808Z   duration_ms: 0.6097
2026-10-07T00:55:33.5359214Z   type: 'test'
2026-10-07T00:55:33.5359570Z   ...
2026-10-07T00:55:33.5360330Z # Subtest: Low native indentation rules ignore braces in comments and escaped strings
2026-10-07T00:55:33.5362096Z ok 88 - Low native indentation rules ignore braces in comments and escaped strings
2026-10-07T00:55:33.5364147Z   ---
2026-10-07T00:55:33.5367623Z   duration_ms: 0.9632
2026-10-07T00:55:33.5368395Z   type: 'test'
2026-10-07T00:55:33.5370009Z   ...
2026-10-07T00:55:34.8745512Z # Subtest: real checker completes arguments, inferred locals, chains, calls, index receivers and match payloads
2026-10-07T00:55:34.8750484Z ok 89 - real checker completes arguments, inferred locals, chains, calls, index receivers and match payloads
2026-10-07T00:55:34.8770049Z   ---
2026-10-07T00:55:34.8773247Z   duration_ms: 2527.9548
2026-10-07T00:55:34.8779722Z   type: 'test'
2026-10-07T00:55:34.8810858Z   ...
2026-10-07T00:55:37.1012126Z # Subtest: real checker suppresses fields for unknown, moved, out-of-scope and wrapped values
2026-10-07T00:55:37.1013821Z ok 90 - real checker suppresses fields for unknown, moved, out-of-scope and wrapped values
2026-10-07T00:55:37.1014846Z   ---
2026-10-07T00:55:37.1015772Z   duration_ms: 2229.0029
2026-10-07T00:55:37.1017682Z   type: 'test'
2026-10-07T00:55:37.1018281Z   ...
2026-10-07T00:55:37.6577454Z # Subtest: real unsaved High/Low imports supply local hovers and fields with UTF-16 positions
2026-10-07T00:55:37.6578886Z ok 91 - real unsaved High/Low imports supply local hovers and fields with UTF-16 positions
2026-10-07T00:55:37.6579650Z   ---
2026-10-07T00:55:37.6579959Z   duration_ms: 558.2222
2026-10-07T00:55:37.6580366Z   type: 'test'
2026-10-07T00:55:37.6580655Z   ...
2026-10-07T00:55:38.7066934Z # Subtest: real Low completion isolates same-line scopes, restores outer loop variables and handles CRLF
2026-10-07T00:55:38.7068507Z ok 92 - real Low completion isolates same-line scopes, restores outer loop variables and handles CRLF
2026-10-07T00:55:38.7068975Z   ---
2026-10-07T00:55:38.7069170Z   duration_ms: 1052.8339
2026-10-07T00:55:38.7069384Z   type: 'test'
2026-10-07T00:55:38.7069561Z   ...
2026-10-07T00:55:38.7183293Z # Subtest: checked local values replace same-name class and builtin call insertions
2026-10-07T00:55:38.7184229Z ok 93 - checked local values replace same-name class and builtin call insertions
2026-10-07T00:55:38.7185105Z   ---
2026-10-07T00:55:38.7185467Z   duration_ms: 5.1997
2026-10-07T00:55:38.7186201Z   type: 'test'
2026-10-07T00:55:38.7186913Z   ...
2026-10-07T00:55:38.7187697Z # Subtest: lexical references without local types never insert an unrelated global call
2026-10-07T00:55:38.7188941Z ok 94 - lexical references without local types never insert an unrelated global call
2026-10-07T00:55:38.7189697Z   ---
2026-10-07T00:55:38.7190018Z   duration_ms: 0.8281
2026-10-07T00:55:38.7190390Z   type: 'test'
2026-10-07T00:55:38.7190730Z   ...
2026-10-07T00:55:38.7191498Z # Subtest: partial and saved occurrences keep global names without guessing local scopes
2026-10-07T00:55:38.7192735Z ok 95 - partial and saved occurrences keep global names without guessing local scopes
2026-10-07T00:55:38.7193518Z   ---
2026-10-07T00:55:38.7193837Z   duration_ms: 2.1996
2026-10-07T00:55:38.7194225Z   type: 'test'
2026-10-07T00:55:38.7194542Z   ...
2026-10-07T00:55:38.7195312Z # Subtest: a resolved global constructor remains available outside the shadowing function
2026-10-07T00:55:38.7196555Z ok 96 - a resolved global constructor remains available outside the shadowing function
2026-10-07T00:55:38.7197297Z   ---
2026-10-07T00:55:38.7197599Z   duration_ms: 0.776
2026-10-07T00:55:38.7197949Z   type: 'test'
2026-10-07T00:55:38.7198242Z   ...
2026-10-07T00:55:38.7199011Z # Subtest: binding hints distinguish declaration tokens, masked text, and real value binders
2026-10-07T00:55:38.7200303Z ok 97 - binding hints distinguish declaration tokens, masked text, and real value binders
2026-10-07T00:55:38.7201086Z   ---
2026-10-07T00:55:38.7201402Z   duration_ms: 1.2198
2026-10-07T00:55:38.7201775Z   type: 'test'
2026-10-07T00:55:38.7202109Z   ...
2026-10-07T00:55:38.7203030Z # Subtest: real High local and parameter completions stay bare while types and constructors remain usable
2026-10-07T00:55:38.7204512Z ok 98 - real High local and parameter completions stay bare while types and constructors remain usable
2026-10-07T00:55:38.7205375Z   ---
2026-10-07T00:55:38.7205688Z   duration_ms: 766.7666
2026-10-07T00:55:38.7206070Z   type: 'test'
2026-10-07T00:55:38.7206386Z   ...
2026-10-07T00:55:38.7207522Z # Subtest: real Low local and parameter completions stay bare while types and constructors remain usable
2026-10-07T00:55:38.7209437Z ok 99 - real Low local and parameter completions stay bare while types and constructors remain usable
2026-10-07T00:55:38.7210293Z   ---
2026-10-07T00:55:38.7210612Z   duration_ms: 782.228
2026-10-07T00:55:38.7210987Z   type: 'test'
2026-10-07T00:55:38.7211299Z   ...
2026-10-07T00:55:38.7211897Z # Subtest: Low Main snippet defaults compile in their declared context
2026-10-07T00:55:38.7212799Z ok 100 - Low Main snippet defaults compile in their declared context
2026-10-07T00:55:38.7213396Z   ---
2026-10-07T00:55:38.7213724Z   duration_ms: 21.252
2026-10-07T00:55:38.7217103Z   type: 'test'
2026-10-07T00:55:38.7219593Z   ...
2026-10-07T00:55:38.7220333Z # Subtest: Low File import snippet defaults compile in their declared context
2026-10-07T00:55:38.7221408Z ok 101 - Low File import snippet defaults compile in their declared context
2026-10-07T00:55:38.7222087Z   ---
2026-10-07T00:55:38.7222407Z   duration_ms: 21.0682
2026-10-07T00:55:38.7222794Z   type: 'test'
2026-10-07T00:55:38.7223103Z   ...
2026-10-07T00:55:38.7223788Z # Subtest: Low From import snippet defaults compile in their declared context
2026-10-07T00:55:38.7224842Z ok 102 - Low From import snippet defaults compile in their declared context
2026-10-07T00:55:38.7225533Z   ---
2026-10-07T00:55:38.7225862Z   duration_ms: 18.0934
2026-10-07T00:55:38.7226305Z   type: 'test'
2026-10-07T00:55:38.7226611Z   ...
2026-10-07T00:55:38.7227288Z # Subtest: Low Standard import snippet defaults compile in their declared context
2026-10-07T00:55:38.7228589Z ok 103 - Low Standard import snippet defaults compile in their declared context
2026-10-07T00:55:38.7229792Z   ---
2026-10-07T00:55:38.7230144Z   duration_ms: 173.8173
2026-10-07T00:55:38.7230531Z   type: 'test'
2026-10-07T00:55:38.7230847Z   ...
2026-10-07T00:55:38.7231508Z # Subtest: Low Function snippet defaults compile in their declared context
2026-10-07T00:55:38.7232543Z ok 104 - Low Function snippet defaults compile in their declared context
2026-10-07T00:55:38.7233217Z   ---
2026-10-07T00:55:38.7233533Z   duration_ms: 19.5034
2026-10-07T00:55:38.7233894Z   type: 'test'
2026-10-07T00:55:38.7234214Z   ...
2026-10-07T00:55:38.7234843Z # Subtest: Low Record snippet defaults compile in their declared context
2026-10-07T00:55:38.7235810Z ok 105 - Low Record snippet defaults compile in their declared context
2026-10-07T00:55:38.7236441Z   ---
2026-10-07T00:55:38.7236743Z   duration_ms: 21.8057
2026-10-07T00:55:38.7237099Z   type: 'test'
2026-10-07T00:55:38.7237393Z   ...
2026-10-07T00:55:38.7238024Z # Subtest: Low Enum snippet defaults compile in their declared context
2026-10-07T00:55:38.7238976Z ok 106 - Low Enum snippet defaults compile in their declared context
2026-10-07T00:55:38.7239606Z   ---
2026-10-07T00:55:38.7239951Z   duration_ms: 18.5343
2026-10-07T00:55:38.7240302Z   type: 'test'
2026-10-07T00:55:38.7240625Z   ...
2026-10-07T00:55:38.7241261Z # Subtest: Low Replace snippet defaults compile in their declared context
2026-10-07T00:55:38.7242270Z ok 107 - Low Replace snippet defaults compile in their declared context
2026-10-07T00:55:38.7242919Z   ---
2026-10-07T00:55:38.7243237Z   duration_ms: 23.581
2026-10-07T00:55:38.7243592Z   type: 'test'
2026-10-07T00:55:38.7243908Z   ...
2026-10-07T00:55:38.7244579Z # Subtest: Low Result match snippet defaults compile in their declared context
2026-10-07T00:55:38.7245621Z ok 108 - Low Result match snippet defaults compile in their declared context
2026-10-07T00:55:38.7246310Z   ---
2026-10-07T00:55:38.7246641Z   duration_ms: 18.2526
2026-10-07T00:55:38.7247309Z   type: 'test'
2026-10-07T00:55:38.7247640Z   ...
2026-10-07T00:55:38.7248329Z # Subtest: Low Nullable match snippet defaults compile in their declared context
2026-10-07T00:55:38.7249412Z ok 109 - Low Nullable match snippet defaults compile in their declared context
2026-10-07T00:55:38.7250096Z   ---
2026-10-07T00:55:38.7250403Z   duration_ms: 16.8322
2026-10-07T00:55:38.7251040Z   type: 'test'
2026-10-07T00:55:38.7251338Z   ...
2026-10-07T00:55:38.7252194Z # Subtest: module member completion exposes functions/classes and type positions insert only classes
2026-10-07T00:55:38.7253610Z ok 110 - module member completion exposes functions/classes and type positions insert only classes
2026-10-07T00:55:38.7254411Z   ---
2026-10-07T00:55:38.7254710Z   duration_ms: 5.7224
2026-10-07T00:55:38.7255047Z   type: 'test'
2026-10-07T00:55:38.7255352Z   ...
2026-10-07T00:55:38.7256061Z # Subtest: qualified and renamed declarations retain structured hover/signature help
2026-10-07T00:55:38.7258316Z ok 111 - qualified and renamed declarations retain structured hover/signature help
2026-10-07T00:55:38.7259308Z   ---
2026-10-07T00:55:38.7259636Z   duration_ms: 3.1055
2026-10-07T00:55:38.7259979Z   type: 'test'
2026-10-07T00:55:38.7260272Z   ...
2026-10-07T00:55:38.7261047Z # Subtest: lexical alias shadowing switches completion to fields and prevents module help
2026-10-07T00:55:38.7262310Z ok 112 - lexical alias shadowing switches completion to fields and prevents module help
2026-10-07T00:55:38.7263072Z   ---
2026-10-07T00:55:38.7263412Z   duration_ms: 1.9266
2026-10-07T00:55:38.7263792Z   type: 'test'
2026-10-07T00:55:38.7264111Z   ...
2026-10-07T00:55:38.7264667Z # Subtest: spaced field chains do not borrow a module namespace
2026-10-07T00:55:38.7265528Z ok 113 - spaced field chains do not borrow a module namespace
2026-10-07T00:55:38.7266115Z   ---
2026-10-07T00:55:38.7266426Z   duration_ms: 1.0073
2026-10-07T00:55:38.7266784Z   type: 'test'
2026-10-07T00:55:38.7267375Z   ...
2026-10-07T00:55:38.7268056Z # Subtest: imported class and module binding tokens keep their resolved hover
2026-10-07T00:55:38.7297437Z ok 114 - imported class and module binding tokens keep their resolved hover
2026-10-07T00:55:38.7297856Z   ---
2026-10-07T00:55:38.7298047Z   duration_ms: 1.7453
2026-10-07T00:55:38.7298271Z   type: 'test'
2026-10-07T00:55:38.7298455Z   ...
2026-10-07T00:55:38.7298923Z # Subtest: quoted from imports insert names only and preserve aliases and comma-separated lists
2026-10-07T00:55:38.7299662Z ok 115 - quoted from imports insert names only and preserve aliases and comma-separated lists
2026-10-07T00:55:38.7300098Z   ---
2026-10-07T00:55:38.7300273Z   duration_ms: 2.2288
2026-10-07T00:55:38.7300474Z   type: 'test'
2026-10-07T00:55:38.7300646Z   ...
2026-10-07T00:55:38.7301078Z # Subtest: unresolved and changed fallback import targets never offer expression completions
2026-10-07T00:55:38.7361656Z ok 116 - unresolved and changed fallback import targets never offer expression completions
2026-10-07T00:55:38.7362584Z   ---
2026-10-07T00:55:38.7364537Z   duration_ms: 0.715
2026-10-07T00:55:38.7364885Z   type: 'test'
2026-10-07T00:55:38.7365710Z   ...
2026-10-07T00:55:38.7382124Z # Subtest: Low quoted imports after a same-line declaration or semicolon retain name-only insertion
2026-10-07T00:55:38.7396981Z ok 117 - Low quoted imports after a same-line declaration or semicolon retain name-only insertion
2026-10-07T00:55:38.7397909Z   ---
2026-10-07T00:55:38.7398239Z   duration_ms: 0.5121
2026-10-07T00:55:38.7398605Z   type: 'test'
2026-10-07T00:55:38.7398942Z   ...
2026-10-07T00:55:38.7399736Z # Subtest: real compiler navigation uses edited source and target positions across imports
2026-10-07T00:55:38.7401016Z ok 118 - real compiler navigation uses edited source and target positions across imports
2026-10-07T00:55:38.7402346Z   ---
2026-10-07T00:55:38.7402710Z   duration_ms: 271.7576
2026-10-07T00:55:38.7403094Z   type: 'test'
2026-10-07T00:55:38.7403692Z   ...
2026-10-07T00:55:38.7406662Z # Subtest: real Low navigation keeps reassignments at their original binding and restores loop shadowing
2026-10-07T00:55:38.7411148Z ok 119 - real Low navigation keeps reassignments at their original binding and restores loop shadowing
2026-10-07T00:55:38.7414900Z   ---
2026-10-07T00:55:38.7415225Z   duration_ms: 315.0296
2026-10-07T00:55:38.7415576Z   type: 'test'
2026-10-07T00:55:38.7416365Z   ...
2026-10-07T00:55:38.7417115Z # Subtest: unsaved canonical import diagnostics use the open alias and UTF-16 source range
2026-10-07T00:55:38.7418334Z ok 120 - unsaved canonical import diagnostics use the open alias and UTF-16 source range
2026-10-07T00:55:38.7419055Z   ---
2026-10-07T00:55:38.7419899Z   duration_ms: 28.5348
2026-10-07T00:55:38.7420271Z   type: 'test'
2026-10-07T00:55:38.7420574Z   ...
2026-10-07T00:55:38.7422019Z # Subtest: closing a checked import overlay refreshes its owners and keeps unrelated errors
2026-10-07T00:55:38.7426442Z ok 121 - closing a checked import overlay refreshes its owners and keeps unrelated errors
2026-10-07T00:55:38.7427888Z   ---
2026-10-07T00:55:38.7428246Z   duration_ms: 18.0832
2026-10-07T00:55:38.7428879Z   type: 'test'
2026-10-07T00:55:38.7429211Z   ...
2026-10-07T00:55:38.7431476Z # Subtest: closing an in-flight import overlay rejects its stale result
2026-10-07T00:55:38.7432500Z ok 122 - closing an in-flight import overlay rejects its stale result
2026-10-07T00:55:38.7433668Z   ---
2026-10-07T00:55:38.7434244Z   duration_ms: 7.693
2026-10-07T00:55:38.7434899Z   type: 'test'
2026-10-07T00:55:38.7435512Z   ...
2026-10-07T00:55:38.7436836Z # Subtest: lower build and run tasks use the registered source diagnostic matcher
2026-10-07T00:55:38.7439692Z ok 123 - lower build and run tasks use the registered source diagnostic matcher
2026-10-07T00:55:38.7441157Z   ---
2026-10-07T00:55:38.7441772Z   duration_ms: 12.2603
2026-10-07T00:55:38.7442363Z   type: 'test'
2026-10-07T00:55:38.7442947Z   ...
2026-10-07T00:55:38.7443982Z # Subtest: standalone tasks save imported changes and leave unrelated dirty buffers untouched
2026-10-07T00:55:38.7446381Z ok 124 - standalone tasks save imported changes and leave unrelated dirty buffers untouched
2026-10-07T00:55:38.7447355Z   ---
2026-10-07T00:55:38.7447657Z   duration_ms: 24.1391
2026-10-07T00:55:38.7448240Z   type: 'test'
2026-10-07T00:55:38.7448569Z   ...
2026-10-07T00:55:38.7450215Z # Subtest: project tasks save imported changes and leave unrelated dirty buffers untouched
2026-10-07T00:55:38.7452111Z ok 125 - project tasks save imported changes and leave unrelated dirty buffers untouched
2026-10-07T00:55:38.7452913Z   ---
2026-10-07T00:55:38.7454066Z   duration_ms: 21.8785
2026-10-07T00:55:38.7454501Z   type: 'test'
2026-10-07T00:55:38.7454837Z   ...
2026-10-07T00:55:38.7455934Z # Subtest: task execution stops when an imported buffer cannot be saved
2026-10-07T00:55:38.7457729Z ok 126 - task execution stops when an imported buffer cannot be saved
2026-10-07T00:55:38.7458320Z   ---
2026-10-07T00:55:38.7458622Z   duration_ms: 7.43
2026-10-07T00:55:38.7458939Z   type: 'test'
2026-10-07T00:55:38.7459232Z   ...
2026-10-07T00:55:38.7459837Z # Subtest: task execution stops when dirty imports cannot be resolved
2026-10-07T00:55:38.7460798Z ok 127 - task execution stops when dirty imports cannot be resolved
2026-10-07T00:55:38.7461434Z   ---
2026-10-07T00:55:38.7461778Z   duration_ms: 5.6527
2026-10-07T00:55:38.7462143Z   type: 'test'
2026-10-07T00:55:38.7462466Z   ...
2026-10-07T00:55:38.7463228Z # Subtest: saving an imported file refreshes its changed imports before launching the task
2026-10-07T00:55:38.7464508Z ok 128 - saving an imported file refreshes its changed imports before launching the task
2026-10-07T00:55:38.7465288Z   ---
2026-10-07T00:55:38.7465618Z   duration_ms: 16.5522
2026-10-07T00:55:38.7465996Z   type: 'test'
2026-10-07T00:55:38.7466661Z   ...
2026-10-07T00:55:38.7467558Z # Subtest: conflicting imported aliases are not saved over one another
2026-10-07T00:55:38.7468787Z ok 129 - conflicting imported aliases are not saved over one another
2026-10-07T00:55:38.7469693Z   ---
2026-10-07T00:55:38.7470166Z   duration_ms: 10.4352
2026-10-07T00:55:38.7470680Z   type: 'test'
2026-10-07T00:55:38.7471181Z   ...
2026-10-07T00:55:38.7487294Z # Subtest: standalone source without imports launches normally despite unrelated dirty buffers
2026-10-07T00:55:38.7488937Z ok 130 - standalone source without imports launches normally despite unrelated dirty buffers
2026-10-07T00:55:38.7489700Z   ---
2026-10-07T00:55:38.7490014Z   duration_ms: 6.0718
2026-10-07T00:55:38.7490374Z   type: 'test'
2026-10-07T00:55:38.7490690Z   ...
2026-10-07T00:55:38.7491397Z # Subtest: task execution stops if the entry buffer changes while an import is saved
2026-10-07T00:55:38.7492534Z ok 131 - task execution stops if the entry buffer changes while an import is saved
2026-10-07T00:55:38.7493234Z   ---
2026-10-07T00:55:38.7493558Z   duration_ms: 6.7318
2026-10-07T00:55:38.7494216Z   type: 'test'
2026-10-07T00:55:38.7494577Z   ...
2026-10-07T00:55:38.7495359Z # Subtest: task execution stops if the entry changes while its own project helper is saved
2026-10-07T00:55:38.7496582Z ok 132 - task execution stops if the entry changes while its own project helper is saved
2026-10-07T00:55:38.7497311Z   ---
2026-10-07T00:55:38.7497598Z   duration_ms: 6.9429
2026-10-07T00:55:38.7497953Z   type: 'test'
2026-10-07T00:55:38.7498254Z   ...
2026-10-07T00:55:38.7498898Z # Subtest: task execution stops if its source closes during project saving
2026-10-07T00:55:38.7499918Z ok 133 - task execution stops if its source closes during project saving
2026-10-07T00:55:38.7500575Z   ---
2026-10-07T00:55:38.7500891Z   duration_ms: 6.5746
2026-10-07T00:55:38.7501257Z   type: 'test'
2026-10-07T00:55:38.7501565Z   ...
2026-10-07T00:55:38.7502376Z # Subtest: task execution stops if a later project save changes the dirty manifest
2026-10-07T00:55:38.7503522Z ok 134 - task execution stops if a later project save changes the dirty manifest
2026-10-07T00:55:38.7505162Z   ---
2026-10-07T00:55:38.7505502Z   duration_ms: 6.0189
2026-10-07T00:55:38.7505848Z   type: 'test'
2026-10-07T00:55:38.7506189Z   ...
2026-10-07T00:55:38.7506941Z # Subtest: task execution stops if a later project save changes the already-saved manifest
2026-10-07T00:55:38.7508124Z ok 135 - task execution stops if a later project save changes the already-saved manifest
2026-10-07T00:55:38.7508869Z   ---
2026-10-07T00:55:38.7509160Z   duration_ms: 5.5603
2026-10-07T00:55:38.7509463Z   type: 'test'
2026-10-07T00:55:38.7509731Z   ...
2026-10-07T00:55:38.7510465Z # Subtest: task execution stops if an already-saved Rust input changes during a later project save
2026-10-07T00:55:38.7512282Z ok 136 - task execution stops if an already-saved Rust input changes during a later project save
2026-10-07T00:55:38.7513041Z   ---
2026-10-07T00:55:38.7513332Z   duration_ms: 6.7152
2026-10-07T00:55:38.7513653Z   type: 'test'
2026-10-07T00:55:38.7513947Z   ...
2026-10-07T00:55:38.7514583Z # Subtest: task execution stops if workspace trust changes during project saving
2026-10-07T00:55:38.7515552Z ok 137 - task execution stops if workspace trust changes during project saving
2026-10-07T00:55:38.7516165Z   ---
2026-10-07T00:55:38.7516449Z   duration_ms: 5.8347
2026-10-07T00:55:38.7516770Z   type: 'test'
2026-10-07T00:55:38.7517058Z   ...
2026-10-07T00:55:38.7517710Z # Subtest: task execution stops if the nearest project changes while an import is saved
2026-10-07T00:55:38.7518674Z ok 138 - task execution stops if the nearest project changes while an import is saved
2026-10-07T00:55:38.7519298Z   ---
2026-10-07T00:55:38.7519579Z   duration_ms: 7.6813
2026-10-07T00:55:38.7519902Z   type: 'test'
2026-10-07T00:55:38.7520172Z   ...
2026-10-07T00:55:38.7520910Z # Subtest: tasks suppress only the matching automatic scope and checks resume when the task ends
2026-10-07T00:55:38.7522108Z ok 139 - tasks suppress only the matching automatic scope and checks resume when the task ends
2026-10-07T00:55:38.7522825Z   ---
2026-10-07T00:55:38.7523098Z   duration_ms: 9.1252
2026-10-07T00:55:38.7523420Z   type: 'test'
2026-10-07T00:55:38.7523693Z   ...
2026-10-07T00:55:38.7524189Z # Subtest: task launch failure releases live check suppression
2026-10-07T00:55:38.7525268Z ok 140 - task launch failure releases live check suppression
2026-10-07T00:55:38.7526104Z   ---
2026-10-07T00:55:38.7526385Z   duration_ms: 6.0197
2026-10-07T00:55:38.7526710Z   type: 'test'
2026-10-07T00:55:38.7526986Z   ...
2026-10-07T00:55:38.7527645Z # Subtest: project task clears checks from its helper while preserving another project
2026-10-07T00:55:38.7528698Z ok 141 - project task clears checks from its helper while preserving another project
2026-10-07T00:55:38.7529346Z   ---
2026-10-07T00:55:38.7529630Z   duration_ms: 14.5795
2026-10-07T00:55:38.7529960Z   type: 'test'
2026-10-07T00:55:38.7530243Z   ...
2026-10-07T00:55:38.7531835Z # Subtest: a long task permits checks of new source without reacting to other project edits
2026-10-07T00:55:38.7534017Z ok 142 - a long task permits checks of new source without reacting to other project edits
2026-10-07T00:55:38.7534887Z   ---
2026-10-07T00:55:38.7535178Z   duration_ms: 10.1434
2026-10-07T00:55:38.7535407Z   type: 'test'
2026-10-07T00:55:38.7535595Z   ...
2026-10-07T00:55:38.7536004Z # Subtest: failed task diagnostics are replaced by checks and removed by source edits
2026-10-07T00:55:38.7536652Z ok 143 - failed task diagnostics are replaced by checks and removed by source edits
2026-10-07T00:55:38.7537058Z   ---
2026-10-07T00:55:38.7537239Z   duration_ms: 11.0264
2026-10-07T00:55:38.7537444Z   type: 'test'
2026-10-07T00:55:38.7537621Z   ...
2026-10-07T00:55:38.7538009Z # Subtest: manual checks inspect dirty imports outside the running task project
2026-10-07T00:55:38.7538598Z ok 144 - manual checks inspect dirty imports outside the running task project
2026-10-07T00:55:38.7538977Z   ---
2026-10-07T00:55:38.7539163Z   duration_ms: 11.7087
2026-10-07T00:55:38.7539372Z   type: 'test'
2026-10-07T00:55:38.7539551Z   ...
2026-10-07T00:55:38.7539966Z # Subtest: editing and closing imported aliases remove only their canonical task markers
2026-10-07T00:55:38.7540614Z ok 145 - editing and closing imported aliases remove only their canonical task markers
2026-10-07T00:55:38.7541021Z   ---
2026-10-07T00:55:38.7541199Z   duration_ms: 9.403
2026-10-07T00:55:38.7541399Z   type: 'test'
2026-10-07T00:55:38.7541582Z   ...
2026-10-07T00:55:38.7541998Z # Subtest: typing invalidates snapshots without launching save-only checks per keystroke
2026-10-07T00:55:38.7542659Z ok 146 - typing invalidates snapshots without launching save-only checks per keystroke
2026-10-07T00:55:38.7543067Z   ---
2026-10-07T00:55:38.7543244Z   duration_ms: 23.7872
2026-10-07T00:55:38.7543449Z   type: 'test'
2026-10-07T00:55:38.7543965Z   ...
2026-10-07T00:55:38.7544975Z # Subtest: known unrelated diagnostics survive repeated edits while unknown and project inputs stay conservative
2026-10-07T00:55:38.7546504Z ok 147 - known unrelated diagnostics survive repeated edits while unknown and project inputs stay conservative
2026-10-07T00:55:38.7547006Z   ---
2026-10-07T00:55:38.7547192Z   duration_ms: 19.7466
2026-10-07T00:55:38.7547392Z   type: 'test'
2026-10-07T00:55:38.7547567Z   ...
2026-10-07T00:55:38.7548066Z # Subtest: known unrelated pending checks finish during edits and same-scope changes reject stale callbacks
2026-10-07T00:55:38.7548870Z ok 148 - known unrelated pending checks finish during edits and same-scope changes reject stale callbacks
2026-10-07T00:55:38.7549332Z   ---
2026-10-07T00:55:38.7549505Z   duration_ms: 16.975
2026-10-07T00:55:38.7549704Z   type: 'test'
2026-10-07T00:55:38.7549878Z   ...
2026-10-07T00:55:38.7550304Z # Subtest: shared imports and stale dependency snapshots still invalidate diagnosed projects
2026-10-07T00:55:38.7551001Z ok 149 - shared imports and stale dependency snapshots still invalidate diagnosed projects
2026-10-07T00:55:38.7551420Z   ---
2026-10-07T00:55:38.7551592Z   duration_ms: 16.9071
2026-10-07T00:55:38.7551789Z   type: 'test'
2026-10-07T00:55:38.7551959Z   ...
2026-10-07T00:55:38.7552417Z # Subtest: failed symbols queries still supply static builtin help without erasing source diagnostics
2026-10-07T00:55:38.7553330Z ok 150 - failed symbols queries still supply static builtin help without erasing source diagnostics
2026-10-07T00:55:38.7553992Z   ---
2026-10-07T00:55:38.7554170Z   duration_ms: 10.2907
2026-10-07T00:55:38.7554371Z   type: 'test'
2026-10-07T00:55:38.7554543Z   ...
2026-10-07T00:55:38.7554932Z # Subtest: missing compiler keeps prefix completion, hover and signatures available
2026-10-07T00:55:38.7555893Z ok 151 - missing compiler keeps prefix completion, hover and signatures available
2026-10-07T00:55:38.7556391Z   ---
2026-10-07T00:55:38.7556689Z   duration_ms: 9.9866
2026-10-07T00:55:38.7556965Z   type: 'test'
2026-10-07T00:55:38.7557257Z   ...
2026-10-07T00:55:38.7558376Z # Subtest: borrowed local providers annotate hover and detail while keeping variable kind and insertion
2026-10-07T00:55:38.7559423Z ok 152 - borrowed local providers annotate hover and detail while keeping variable kind and insertion
2026-10-07T00:55:38.7559883Z   ---
2026-10-07T00:55:38.7560057Z   duration_ms: 8.2651
2026-10-07T00:55:38.7560250Z   type: 'test'
2026-10-07T00:55:38.7560425Z   ...
2026-10-07T00:55:38.7560876Z # Subtest: untrusted and untitled assistance executes no compiler and retains High/Low selectors
2026-10-07T00:55:38.7561574Z ok 153 - untrusted and untitled assistance executes no compiler and retains High/Low selectors
2026-10-07T00:55:38.7561996Z   ---
2026-10-07T00:55:38.7562166Z   duration_ms: 13.1151
2026-10-07T00:55:38.7562360Z   type: 'test'
2026-10-07T00:55:38.7562528Z   ...
2026-10-07T00:55:38.7562972Z # Subtest: Low builtin help uses fn and record in hover, completion and signatures without a compiler
2026-10-07T00:55:38.7563670Z ok 154 - Low builtin help uses fn and record in hover, completion and signatures without a compiler
2026-10-07T00:55:38.7564448Z   ---
2026-10-07T00:55:38.7564626Z   duration_ms: 5.6872
2026-10-07T00:55:38.7564820Z   type: 'test'
2026-10-07T00:55:38.7564992Z   ...
2026-10-07T00:55:38.7565541Z # Subtest: Low declaration and standard-operation help displays braces while retaining compiler kinds and call shapes
2026-10-07T00:55:38.7566423Z ok 155 - Low declaration and standard-operation help displays braces while retaining compiler kinds and call shapes
2026-10-07T00:55:38.7566926Z   ---
2026-10-07T00:55:38.7567093Z   duration_ms: 7.3759
2026-10-07T00:55:38.7567285Z   type: 'test'
2026-10-07T00:55:38.7567466Z   ...
2026-10-07T00:55:38.7567855Z # Subtest: Low enum declaration help removes namespace prefixes only from variant names
2026-10-07T00:55:38.7568468Z ok 156 - Low enum declaration help removes namespace prefixes only from variant names
2026-10-07T00:55:38.7568844Z   ---
2026-10-07T00:55:38.7569013Z   duration_ms: 14.1957
2026-10-07T00:55:38.7569206Z   type: 'test'
2026-10-07T00:55:38.7569378Z   ...
2026-10-07T00:55:38.7569760Z # Subtest: Low folding is available without trust or a compiler and honors cancellation
2026-10-07T00:55:38.7570364Z ok 157 - Low folding is available without trust or a compiler and honors cancellation
2026-10-07T00:55:38.7570737Z   ---
2026-10-07T00:55:38.7570906Z   duration_ms: 3.1103
2026-10-07T00:55:38.7571095Z   type: 'test'
2026-10-07T00:55:38.7571270Z   ...
2026-10-07T00:55:38.7571721Z # Subtest: cancelled, closed and changed documents cannot receive static fallback from failed queries
2026-10-07T00:55:38.7572442Z ok 158 - cancelled, closed and changed documents cannot receive static fallback from failed queries
2026-10-07T00:55:38.7572866Z   ---
2026-10-07T00:55:38.7573025Z   duration_ms: 5.1001
2026-10-07T00:55:38.7573212Z   type: 'test'
2026-10-07T00:55:38.7573388Z   ...
2026-10-07T00:55:38.7573795Z # Subtest: registered providers render enum/member kinds and payload signature parameters
2026-10-07T00:55:38.7574435Z ok 159 - registered providers render enum/member kinds and payload signature parameters
2026-10-07T00:55:38.7574823Z   ---
2026-10-07T00:55:38.7574988Z   duration_ms: 7.8973
2026-10-07T00:55:38.7575185Z   type: 'test'
2026-10-07T00:55:38.7575348Z   ...
2026-10-07T00:55:38.7575775Z # Subtest: standard F12 targets open compiler registry text through a read-only virtual document
2026-10-07T00:55:38.7576612Z ok 160 - standard F12 targets open compiler registry text through a read-only virtual document
2026-10-07T00:55:38.7577024Z   ---
2026-10-07T00:55:38.7577193Z   duration_ms: 10.2724
2026-10-07T00:55:38.7577393Z   type: 'test'
2026-10-07T00:55:38.7577558Z   ...
2026-10-07T00:55:38.7577994Z # Subtest: standard F12 keeps each project compiler registry text when another compiler is queried
2026-10-07T00:55:38.7578687Z ok 161 - standard F12 keeps each project compiler registry text when another compiler is queried
2026-10-07T00:55:38.7579098Z   ---
2026-10-07T00:55:38.7579352Z   duration_ms: 15.9972
2026-10-07T00:55:38.7579566Z   type: 'test'
2026-10-07T00:55:38.7579742Z   ...
2026-10-07T00:55:38.7580230Z # Subtest: keyword completion covers existing syntax in High and Low without leaking into types or members
2026-10-07T00:55:38.7581016Z ok 162 - keyword completion covers existing syntax in High and Low without leaking into types or members
2026-10-07T00:55:38.7581469Z   ---
2026-10-07T00:55:38.7581639Z   duration_ms: 4.7895
2026-10-07T00:55:38.7581848Z   type: 'test'
2026-10-07T00:55:38.7582021Z   ...
2026-10-07T00:55:38.7582379Z # Subtest: static builtin help works with incomplete syntax without an index
2026-10-07T00:55:38.7582917Z ok 163 - static builtin help works with incomplete syntax without an index
2026-10-07T00:55:38.7583260Z   ---
2026-10-07T00:55:38.7583425Z   duration_ms: 2.4839
2026-10-07T00:55:38.7583623Z   type: 'test'
2026-10-07T00:55:38.7583790Z   ...
2026-10-07T00:55:38.7584612Z # Subtest: static builtin fallback avoids declarations, parameters and local bindings that shadow the name
2026-10-07T00:55:38.7585399Z ok 164 - static builtin fallback avoids declarations, parameters and local bindings that shadow the name
2026-10-07T00:55:38.7585856Z   ---
2026-10-07T00:55:38.7586033Z   duration_ms: 7.0708
2026-10-07T00:55:38.7586231Z   type: 'test'
2026-10-07T00:55:38.7586401Z   ...
2026-10-07T00:55:38.7586902Z # Subtest: unresolved imports suppress guessed builtins but retain syntax and types; checked declarations win
2026-10-07T00:55:38.7587701Z ok 165 - unresolved imports suppress guessed builtins but retain syntax and types; checked declarations win
2026-10-07T00:55:38.7588166Z   ---
2026-10-07T00:55:38.7588339Z   duration_ms: 2.0742
2026-10-07T00:55:38.7588528Z   type: 'test'
2026-10-07T00:55:38.7588706Z   ...
2026-10-07T00:55:38.7589146Z # Subtest: signature help does not replace a compiler-resolved local function with builtin metadata
2026-10-07T00:55:38.7589858Z ok 166 - signature help does not replace a compiler-resolved local function with builtin metadata
2026-10-07T00:55:38.7590282Z   ---
2026-10-07T00:55:38.7590446Z   duration_ms: 1.0909
2026-10-07T00:55:38.7590645Z   type: 'test'
2026-10-07T00:55:38.7590820Z   ...
2026-10-07T00:55:38.7591251Z # Subtest: lexical references prevent guessed signatures when a type error removes local types
2026-10-07T00:55:38.7591934Z ok 167 - lexical references prevent guessed signatures when a type error removes local types
2026-10-07T00:55:38.7592346Z   ---
2026-10-07T00:55:38.7592506Z   duration_ms: 0.6938
2026-10-07T00:55:38.7592694Z   type: 'test'
2026-10-07T00:55:38.7592863Z   ...
2026-10-07T00:55:38.7593278Z # Subtest: unfinished line strings do not hide later assistance and preserve UTF-16 CRLF ranges
2026-10-07T00:55:38.7593944Z ok 168 - unfinished line strings do not hide later assistance and preserve UTF-16 CRLF ranges
2026-10-07T00:55:38.7594339Z   ---
2026-10-07T00:55:38.7594502Z   duration_ms: 1.2913
2026-10-07T00:55:38.7594689Z   type: 'test'
2026-10-07T00:55:38.7594860Z   ...
2026-10-07T00:55:38.7595306Z # Subtest: registered resources and constants keep namespaces and never create constructor snippets
2026-10-07T00:55:38.7596024Z ok 169 - registered resources and constants keep namespaces and never create constructor snippets
2026-10-07T00:55:38.7596446Z   ---
2026-10-07T00:55:38.7596604Z   duration_ms: 10.5564
2026-10-07T00:55:38.7596977Z   type: 'test'
2026-10-07T00:55:38.7597284Z   ...
2026-10-07T00:55:38.7598288Z # Subtest: standard operation and aliased constants preserve hover and argument help
2026-10-07T00:55:38.7599225Z ok 170 - standard operation and aliased constants preserve hover and argument help
2026-10-07T00:55:38.7599644Z   ---
2026-10-07T00:55:38.7599827Z   duration_ms: 1.5057
2026-10-07T00:55:38.7600038Z   type: 'test'
2026-10-07T00:55:38.7600213Z   ...
2026-10-07T00:55:38.7600648Z # Subtest: typed resource fields are read-only and do not expose type constants on values
2026-10-07T00:55:38.7602233Z ok 171 - typed resource fields are read-only and do not expose type constants on values
2026-10-07T00:55:38.7602718Z   ---
2026-10-07T00:55:38.7602899Z   duration_ms: 1.3524
2026-10-07T00:55:38.7603168Z   type: 'test'
2026-10-07T00:55:38.7603473Z   ...
2026-10-07T00:55:38.7604137Z # Subtest: virtual source identifiers cannot navigate to project paths or URLs
2026-10-07T00:55:38.7605513Z ok 172 - virtual source identifiers cannot navigate to project paths or URLs
2026-10-07T00:55:38.7605936Z   ---
2026-10-07T00:55:38.7606129Z   duration_ms: 0.7491
2026-10-07T00:55:38.7606345Z   type: 'test'
2026-10-07T00:55:38.7606517Z   ...
2026-10-07T00:55:38.7607807Z # Subtest: virtual registry revisions keep module paths and accept only a source hash
2026-10-07T00:55:38.7609057Z ok 173 - virtual registry revisions keep module paths and accept only a source hash
2026-10-07T00:55:38.7609789Z   ---
2026-10-07T00:55:38.7610094Z   duration_ms: 0.7476
2026-10-07T00:55:38.7610457Z   type: 'test'
2026-10-07T00:55:38.7610767Z   ...
2026-10-07T00:55:38.7611412Z # Subtest: Some and None are pattern assistance, not general value constructors
2026-10-07T00:55:38.7612413Z ok 174 - Some and None are pattern assistance, not general value constructors
2026-10-07T00:55:38.7614376Z   ---
2026-10-07T00:55:38.7614715Z   duration_ms: 2.0386
2026-10-07T00:55:38.7615061Z   type: 'test'
2026-10-07T00:55:38.7615339Z   ...
2026-10-07T00:55:38.7616143Z # Subtest: standard import completion uses the compiler catalog and replaces the full dotted path
2026-10-07T00:55:38.7617322Z ok 175 - standard import completion uses the compiler catalog and replaces the full dotted path
2026-10-07T00:55:38.7617765Z   ---
2026-10-07T00:55:38.7617943Z   duration_ms: 1.168
2026-10-07T00:55:38.7618165Z   type: 'test'
2026-10-07T00:55:38.7618335Z   ...
2026-10-07T00:55:38.7618747Z # Subtest: Low standard imports can follow another declaration or import on the same line
2026-10-07T00:55:38.7619401Z ok 176 - Low standard imports can follow another declaration or import on the same line
2026-10-07T00:55:38.7619797Z   ---
2026-10-07T00:55:38.7619970Z   duration_ms: 0.6355
2026-10-07T00:55:38.7620163Z   type: 'test'
2026-10-07T00:55:38.7620329Z   ...
2026-10-07T00:55:38.7620765Z # Subtest: real nagi standard symbols keep resource identity, virtual sources and UTF-16 targets
2026-10-07T00:55:38.7621449Z ok 177 - real nagi standard symbols keep resource identity, virtual sources and UTF-16 targets
2026-10-07T00:55:38.7621859Z   ---
2026-10-07T00:55:38.7622037Z   duration_ms: 1065.5515
2026-10-07T00:55:38.7622240Z   type: 'test'
2026-10-07T00:55:38.7622411Z   ...
2026-10-07T00:55:38.7622840Z # Subtest: real low standard symbols keep resource identity, virtual sources and UTF-16 targets
2026-10-07T00:55:38.7623515Z ok 178 - real low standard symbols keep resource identity, virtual sources and UTF-16 targets
2026-10-07T00:55:38.7623929Z   ---
2026-10-07T00:55:38.7624104Z   duration_ms: 1196.4631
2026-10-07T00:55:38.7624308Z   type: 'test'
2026-10-07T00:55:38.7624484Z   ...
2026-10-07T00:55:38.7624897Z # Subtest: unsaved dependency standard aliases update sources without saving or building
2026-10-07T00:55:38.7625917Z ok 179 - unsaved dependency standard aliases update sources without saving or building
2026-10-07T00:55:38.7626327Z   ---
2026-10-07T00:55:38.7626507Z   duration_ms: 783.3573
2026-10-07T00:55:38.7626703Z   type: 'test'
2026-10-07T00:55:38.7627102Z   ...
2026-10-07T00:55:38.7627983Z # Subtest: an incomplete initial standard import uses the registry catalog from a saved snapshot
2026-10-07T00:55:38.7628911Z ok 180 - an incomplete initial standard import uses the registry catalog from a saved snapshot
2026-10-07T00:55:38.7629326Z   ---
2026-10-07T00:55:38.7629499Z   duration_ms: 281.289
2026-10-07T00:55:38.7629693Z   type: 'test'
2026-10-07T00:55:38.7629857Z   ...
2026-10-07T00:55:38.7630217Z # Subtest: shared receiver fields are read-only regardless of each field type
2026-10-07T00:55:38.7630927Z ok 181 - shared receiver fields are read-only regardless of each field type
2026-10-07T00:55:38.7631287Z   ---
2026-10-07T00:55:38.7631455Z   duration_ms: 245.5438
2026-10-07T00:55:38.7631647Z   type: 'test'
2026-10-07T00:55:38.7631807Z   ...
2026-10-07T00:55:38.7632260Z # Subtest: nagi saved snapshots complete new modules and from-import names before imports are checked
2026-10-07T00:55:38.7632983Z ok 182 - nagi saved snapshots complete new modules and from-import names before imports are checked
2026-10-07T00:55:38.7633469Z   ---
2026-10-07T00:55:38.7633781Z   duration_ms: 8.0539
2026-10-07T00:55:38.7633976Z   type: 'test'
2026-10-07T00:55:38.7634137Z   ...
2026-10-07T00:55:38.7634556Z # Subtest: nagi readiness and wait resources preserve namespaces and do not offer constructors
2026-10-07T00:55:38.7635218Z ok 183 - nagi readiness and wait resources preserve namespaces and do not offer constructors
2026-10-07T00:55:38.7635621Z   ---
2026-10-07T00:55:38.7635781Z   duration_ms: 10.3649
2026-10-07T00:55:38.7635967Z   type: 'test'
2026-10-07T00:55:38.7636132Z   ...
2026-10-07T00:55:38.7636792Z # Subtest: nagi WaitError value fields keep borrowed payload types and read-only status
2026-10-07T00:55:38.7637429Z ok 184 - nagi WaitError value fields keep borrowed payload types and read-only status
2026-10-07T00:55:38.7637817Z   ---
2026-10-07T00:55:38.7637975Z   duration_ms: 0.7893
2026-10-07T00:55:38.7638292Z   type: 'test'
2026-10-07T00:55:38.7638586Z   ...
2026-10-07T00:55:38.7639375Z # Subtest: nagi inferred standard operations insert positional calls and retain exact callback and Future contracts
2026-10-07T00:55:38.7640233Z ok 185 - nagi inferred standard operations insert positional calls and retain exact callback and Future contracts
2026-10-07T00:55:38.7640722Z   ---
2026-10-07T00:55:38.7640892Z   duration_ms: 3.4391
2026-10-07T00:55:38.7641087Z   type: 'test'
2026-10-07T00:55:38.7641257Z   ...
2026-10-07T00:55:38.7641727Z # Subtest: low saved snapshots complete new modules and from-import names before imports are checked
2026-10-07T00:55:38.7642458Z ok 186 - low saved snapshots complete new modules and from-import names before imports are checked
2026-10-07T00:55:38.7642891Z   ---
2026-10-07T00:55:38.7643052Z   duration_ms: 1.0799
2026-10-07T00:55:38.7643236Z   type: 'test'
2026-10-07T00:55:38.7643404Z   ...
2026-10-07T00:55:38.7643826Z # Subtest: low readiness and wait resources preserve namespaces and do not offer constructors
2026-10-07T00:55:38.7644510Z ok 187 - low readiness and wait resources preserve namespaces and do not offer constructors
2026-10-07T00:55:38.7644928Z   ---
2026-10-07T00:55:38.7645116Z   duration_ms: 5.2707
2026-10-07T00:55:38.7645883Z   type: 'test'
2026-10-07T00:55:38.7646107Z   ...
2026-10-07T00:55:38.7646524Z # Subtest: low WaitError value fields keep borrowed payload types and read-only status
2026-10-07T00:55:38.7647156Z ok 188 - low WaitError value fields keep borrowed payload types and read-only status
2026-10-07T00:55:38.7647550Z   ---
2026-10-07T00:55:38.7647724Z   duration_ms: 0.4664
2026-10-07T00:55:38.7647919Z   type: 'test'
2026-10-07T00:55:38.7648090Z   ...
2026-10-07T00:55:38.7648615Z # Subtest: low inferred standard operations insert positional calls and retain exact callback and Future contracts
2026-10-07T00:55:38.7649450Z ok 189 - low inferred standard operations insert positional calls and retain exact callback and Future contracts
2026-10-07T00:55:38.7650671Z   ---
2026-10-07T00:55:38.7650843Z   duration_ms: 3.346
2026-10-07T00:55:38.7651039Z   type: 'test'
2026-10-07T00:55:38.7651213Z   ...
2026-10-07T00:55:38.7651674Z # Subtest: new operations and constants navigate to compiler standard sources with UTF-16 locations
2026-10-07T00:55:38.7652390Z ok 190 - new operations and constants navigate to compiler standard sources with UTF-16 locations
2026-10-07T00:55:38.7652813Z   ---
2026-10-07T00:55:38.7652979Z   duration_ms: 4.857
2026-10-07T00:55:38.7653170Z   type: 'test'
2026-10-07T00:55:38.7653345Z   ...
2026-10-07T00:55:38.7653910Z # Subtest: real nagi borrowed list locals and nested fields keep read-only metadata in editor assistance
2026-10-07T00:55:38.7654667Z ok 191 - real nagi borrowed list locals and nested fields keep read-only metadata in editor assistance
2026-10-07T00:55:38.7655103Z   ---
2026-10-07T00:55:38.7655273Z   duration_ms: 343.582
2026-10-07T00:55:38.7655469Z   type: 'test'
2026-10-07T00:55:38.7655639Z   ...
2026-10-07T00:55:38.7656104Z # Subtest: real low borrowed list locals and nested fields keep read-only metadata in editor assistance
2026-10-07T00:55:38.7656834Z ok 192 - real low borrowed list locals and nested fields keep read-only metadata in editor assistance
2026-10-07T00:55:38.7657261Z   ---
2026-10-07T00:55:38.7657426Z   duration_ms: 307.8446
2026-10-07T00:55:38.7657622Z   type: 'test'
2026-10-07T00:55:38.7657795Z   ...
2026-10-07T00:55:38.7658229Z # Subtest: real nagi map_error aliases retain inferred generics and standard virtual navigation
2026-10-07T00:55:38.7658904Z ok 193 - real nagi map_error aliases retain inferred generics and standard virtual navigation
2026-10-07T00:55:38.7659308Z   ---
2026-10-07T00:55:38.7659474Z   duration_ms: 307.443
2026-10-07T00:55:38.7659666Z   type: 'test'
2026-10-07T00:55:38.7659836Z   ...
2026-10-07T00:55:38.7660251Z # Subtest: real low map_error aliases retain inferred generics and standard virtual navigation
2026-10-07T00:55:38.7660917Z ok 194 - real low map_error aliases retain inferred generics and standard virtual navigation
2026-10-07T00:55:38.7661315Z   ---
2026-10-07T00:55:38.7661474Z   duration_ms: 264.6773
2026-10-07T00:55:38.7661676Z   type: 'test'
2026-10-07T00:55:38.7661838Z   ...
2026-10-07T00:55:38.7662290Z # Subtest: real nagi readiness and deadline API assistance keeps resource aliases and read-only fields
2026-10-07T00:55:38.7663016Z ok 195 - real nagi readiness and deadline API assistance keeps resource aliases and read-only fields
2026-10-07T00:55:38.7664043Z   ---
2026-10-07T00:55:38.7664216Z   duration_ms: 493.3852
2026-10-07T00:55:38.7664424Z   type: 'test'
2026-10-07T00:55:38.7664586Z   ...
2026-10-07T00:55:38.7665030Z # Subtest: real low readiness and deadline API assistance keeps resource aliases and read-only fields
2026-10-07T00:55:38.7665746Z ok 196 - real low readiness and deadline API assistance keeps resource aliases and read-only fields
2026-10-07T00:55:38.7666168Z   ---
2026-10-07T00:55:38.7666333Z   duration_ms: 546.2034
2026-10-07T00:55:38.7666539Z   type: 'test'
2026-10-07T00:55:38.7666705Z   ...
2026-10-07T00:55:38.7667080Z # Subtest: cross-module call curves fit with marker and stroke space on both sides
2026-10-07T00:55:38.7667663Z ok 197 - cross-module call curves fit with marker and stroke space on both sides
2026-10-07T00:55:38.7668021Z   ---
2026-10-07T00:55:38.7668186Z   duration_ms: 3.4566
2026-10-07T00:55:38.7668389Z   type: 'test'
2026-10-07T00:55:38.7668552Z   ...
2026-10-07T00:55:38.7668862Z # Subtest: ordinary stock-report layout keeps its existing extent
2026-10-07T00:55:38.7669328Z ok 198 - ordinary stock-report layout keeps its existing extent
2026-10-07T00:55:38.7669631Z   ---
2026-10-07T00:55:38.7669788Z   duration_ms: 0.2589
2026-10-07T00:55:38.7669979Z   type: 'test'
2026-10-07T00:55:38.7670135Z   ...
2026-10-07T00:55:38.7670473Z # Subtest: geometry above or below the layout extends the vertical viewport
2026-10-07T00:55:38.7671005Z ok 199 - geometry above or below the layout extends the vertical viewport
2026-10-07T00:55:38.7671883Z   ---
2026-10-07T00:55:38.7672055Z   duration_ms: 0.2587
2026-10-07T00:55:38.7672254Z   type: 'test'
2026-10-07T00:55:38.7672420Z   ...
2026-10-07T00:55:38.7672738Z # Subtest: an empty SVG bounding box does not add blank padding
2026-10-07T00:55:38.7673189Z ok 200 - an empty SVG bounding box does not add blank padding
2026-10-07T00:55:38.7673481Z   ---
2026-10-07T00:55:38.7673644Z   duration_ms: 0.2496
2026-10-07T00:55:38.7673837Z   type: 'test'
2026-10-07T00:55:38.7674000Z   ...
2026-10-07T00:55:38.7674452Z # Subtest: non-finite browser measurements preserve the finite layout extent
2026-10-07T00:55:38.7675006Z ok 201 - non-finite browser measurements preserve the finite layout extent
2026-10-07T00:55:38.7675352Z   ---
2026-10-07T00:55:38.7675517Z   duration_ms: 0.727
2026-10-07T00:55:38.7675708Z   type: 'test'
2026-10-07T00:55:38.7675871Z   ...
2026-10-07T00:55:38.7676023Z 1..201
2026-10-07T00:55:38.7676185Z # tests 201
2026-10-07T00:55:38.7676353Z # suites 0
2026-10-07T00:55:38.7676510Z # pass 201
2026-10-07T00:55:38.7676672Z # fail 0
2026-10-07T00:55:38.7676836Z # cancelled 0
2026-10-07T00:55:38.7677006Z # skipped 0
2026-10-07T00:55:38.7677166Z # todo 0
2026-10-07T00:55:38.7677343Z # duration_ms 8938.6011
2026-10-07T00:55:38.7833085Z ##[group]Run cargo test --locked -p nagic --test output_safety --test integer_arithmetic --test integer_zero_division --test constant_validation --test auth_boundaries --test view_branch_rebinding --test view_container_rebinding --test view_container_drop --test view_flow_foundation --test view_flow_completion --test explicit_moves --test task_handles --test conformance --test scope_runtime_contract --test copy_capabilities --test shared_field_moves --test asset_calls --test shared_target --test build_generations --test project
2026-10-07T00:55:38.7836785Z [36;1mcargo test --locked -p nagic --test output_safety --test integer_arithmetic --test integer_zero_division --test constant_validation --test auth_boundaries --test view_branch_rebinding --test view_container_rebinding --test view_container_drop --test view_flow_foundation --test view_flow_completion --test explicit_moves --test task_handles --test conformance --test scope_runtime_contract --test copy_capabilities --test shared_field_moves --test asset_calls --test shared_target --test build_generations --test project[0m
2026-10-07T00:55:38.7917341Z shell: C:\Program Files\PowerShell\7\pwsh.EXE -command ". '{0}'"
2026-10-07T00:55:38.7917695Z env:
2026-10-07T00:55:38.7917939Z   NAGI_FAILURE_DIR: D:\a\Nagi\Nagi/build/compiler-failures
2026-10-07T00:55:38.7918259Z   CARGO_HOME: C:\Users\runneradmin\.cargo
2026-10-07T00:55:38.7918515Z   CARGO_INCREMENTAL: 0
2026-10-07T00:55:38.7918722Z   CARGO_TERM_COLOR: always
2026-10-07T00:55:38.7919020Z   pythonLocation: C:\hostedtoolcache\windows\Python\3.12.10\x64
2026-10-07T00:55:38.7919475Z   PKG_CONFIG_PATH: C:\hostedtoolcache\windows\Python\3.12.10\x64/lib/pkgconfig
2026-10-07T00:55:38.7919950Z   Python_ROOT_DIR: C:\hostedtoolcache\windows\Python\3.12.10\x64
2026-10-07T00:55:38.7920371Z   Python2_ROOT_DIR: C:\hostedtoolcache\windows\Python\3.12.10\x64
2026-10-07T00:55:38.7920769Z   Python3_ROOT_DIR: C:\hostedtoolcache\windows\Python\3.12.10\x64
2026-10-07T00:55:38.7921099Z ##[endgroup]
2026-10-07T00:55:39.2146216Z [1m[92m   Compiling[0m nagic v0.1.11 (D:\a\Nagi\Nagi\compiler)
2026-10-07T00:55:48.4380018Z [1m[92m    Finished[0m `test` profile [unoptimized + debuginfo] target(s) in 9.33s
2026-10-07T00:55:48.4456833Z [1m[92m     Running[0m tests\asset_calls.rs (target\debug\deps\asset_calls-e676774de0dbe2ce.exe)
2026-10-07T00:55:48.4568319Z 
2026-10-07T00:55:48.4568640Z running 2 tests
2026-10-07T00:55:48.4626973Z test a_missing_real_asset_still_reports_the_original_call ... ok
2026-10-07T00:55:48.8811490Z test local_callbacks_named_include_text_keep_literals_and_restore_builtin_after_scope ... ok
2026-10-07T00:55:48.8811924Z 
2026-10-07T00:55:48.8812313Z test result: ok. 2 passed; 0 failed; 0 ignored; 0 measured; 0 filtered out; finished in 0.42s
2026-10-07T00:55:48.8813863Z 
2026-10-07T00:55:48.8834753Z [1m[92m     Running[0m tests\auth_boundaries.rs (target\debug\deps\auth_boundaries-1132094689c92dfc.exe)
2026-10-07T00:55:48.8940614Z 
2026-10-07T00:55:48.8941130Z running 9 tests
2026-10-07T00:55:48.9543499Z test handwritten_low_and_owned_local_containers_keep_nominal_marker_identity ... ok
2026-10-07T00:55:49.0189969Z test aliases_option_result_and_async_delegation_preserve_proof_identity ... ok
2026-10-07T00:55:49.3121791Z test a_function_signature_and_a_deep_dto_do_not_contain_a_proof_payload ... ok
2026-10-07T00:55:49.3762753Z test missing_principal_grant_wrong_permission_and_reuse_are_rejected ... ok
2026-10-07T00:55:50.2730920Z test opaque_proofs_cannot_be_constructed_decoded_copied_or_shared ... ok
2026-10-07T00:55:50.6766277Z test indirect_arc_state_cannot_share_a_proof ... ok
2026-10-07T00:56:49.0200964Z test native_phantom_types_do_not_become_field_payloads has been running for over 60 seconds
2026-10-07T00:56:49.3148527Z test opaque_main_errors_fail_without_a_debug_bound_or_proof_payload has been running for over 60 seconds
2026-10-07T00:56:50.2743538Z test proof_move_and_nominal_marker_build_and_run_against_real_runtime has been running for over 60 seconds
2026-10-07T00:56:58.7449034Z test proof_move_and_nominal_marker_build_and_run_against_real_runtime ... ok
2026-10-07T00:57:00.5453957Z test native_phantom_types_do_not_become_field_payloads ... ok
2026-10-07T00:57:01.6716230Z test opaque_main_errors_fail_without_a_debug_bound_or_proof_payload ... ok
2026-10-07T00:57:01.6716851Z 
2026-10-07T00:57:01.6717449Z test result: ok. 9 passed; 0 failed; 0 ignored; 0 measured; 0 filtered out; finished in 72.78s
2026-10-07T00:57:01.6718077Z 
2026-10-07T00:57:01.6744886Z [1m[92m     Running[0m tests\build_generations.rs (target\debug\deps\build_generations-14c5ba5a5200b102.exe)
2026-10-07T00:57:01.6851890Z 
2026-10-07T00:57:01.6852308Z running 22 tests
2026-10-07T00:57:02.9793504Z test cargo_cache_keeps_a_preexisting_default_package_binary_unchanged ... ok
2026-10-07T00:57:03.0287368Z test invalid_input_does_not_create_output_or_its_lock ... ok
2026-10-07T00:57:03.0642819Z test a_running_old_executable_is_not_replaced_by_a_new_build ... ok
2026-10-07T00:57:03.6298398Z test cargo_failure_retains_latest_and_inherited_lockfile ... ok
2026-10-07T00:57:03.7309339Z test latest_metadata_used_as_an_input_cannot_be_overwritten_by_rebuild ... ok
2026-10-07T00:57:03.7749822Z test lock_is_permanent_and_input_protection_is_rechecked_after_waiting ... ok
2026-10-07T00:57:03.8380668Z test nonwriting_low_check_and_lower_do_not_wait_for_the_output_writer_lock ... ok
2026-10-07T00:57:03.9683271Z test compatibility_outputs_cannot_alias_previous_latest_metadata ... ok
2026-10-07T00:57:04.7013415Z test latest_rename_failure_preserves_old_success_and_recovers_after_handle_close ... ok
2026-10-07T00:57:05.2419401Z test latest_temp_failure_keeps_old_metadata_and_does_not_run_new_generation ... ok
2026-10-07T00:57:05.5825641Z test orphan_cargo_uses_an_immutable_snapshot_and_cannot_replace_next_generation ... ok
2026-10-07T00:57:05.9882372Z test published_manifest_runtime_reference_resolves_from_the_published_location ... ok
2026-10-07T00:57:06.0389887Z test parallel_latest_readers_observe_only_complete_published_generations ... ok
2026-10-07T00:57:06.3553146Z test projection_failure_keeps_old_latest_and_reports_partial_projection ... ok
2026-10-07T00:57:06.8844561Z test rebuild_publishes_new_generation_and_preserves_old_executable_and_snapshot ... ok
2026-10-07T00:57:07.0800260Z test user_low_snapshot_comes_from_this_input_instead_of_a_stale_high_projection ... ok
2026-10-07T00:57:07.2986338Z test run_releases_output_lock_before_waiting_for_the_selected_executable ... ok
2026-10-07T00:57:08.0330565Z test writing_high_check_cannot_alias_previous_latest ... ok
2026-10-07T00:57:08.5568201Z test writing_cost_report_cannot_alias_previous_latest ... ok
2026-10-07T00:57:08.7265800Z test writing_high_lower_cannot_alias_previous_latest ... ok
2026-10-07T00:57:09.1930590Z test same_and_different_apps_with_equivalent_output_paths_wait_for_one_output_writer ... ok
2026-10-07T00:57:09.9033063Z test writing_check_lower_and_cost_wait_while_build_owns_the_output_lock ... ok
2026-10-07T00:57:09.9033654Z 
2026-10-07T00:57:09.9034015Z test result: ok. 22 passed; 0 failed; 0 ignored; 0 measured; 0 filtered out; finished in 8.22s
2026-10-07T00:57:09.9034377Z 
2026-10-07T00:57:09.9055951Z [1m[92m     Running[0m tests\conformance.rs (target\debug\deps\conformance-bd38157a9e5dad58.exe)
2026-10-07T00:57:09.9159608Z 
2026-10-07T00:57:09.9159871Z running 6 tests
2026-10-07T00:57:09.9169774Z test batch_root_relocation_preserves_literals_raw_strings_and_comments ... ok
2026-10-07T00:57:09.9245366Z test failure_shrinking_preserves_the_checker_failure_instead_of_a_parse_error ... ok
2026-10-07T00:57:09.9637526Z test native_process_deadline_reaps_a_hanging_child ... ok
2026-10-07T00:57:10.3135953Z test explicit_move_corpus_reaches_native_execution ... ok
2026-10-07T00:57:10.4728873Z test backend_shrinking_does_not_turn_an_oracle_error_into_a_compiler_reproducer ... ok
2026-10-07T00:57:11.0257232Z test corpus_and_bounded_generated_contracts_reach_native_execution ... ok
2026-10-07T00:57:11.0258986Z 
2026-10-07T00:57:11.0259672Z test result: ok. 6 passed; 0 failed; 0 ignored; 0 measured; 0 filtered out; finished in 1.11s
2026-10-07T00:57:11.0260359Z 
2026-10-07T00:57:11.0282230Z [1m[92m     Running[0m tests\constant_validation.rs (target\debug\deps\constant_validation-2e29d82889933378.exe)
2026-10-07T00:57:11.0391388Z 
2026-10-07T00:57:11.0391775Z running 10 tests
2026-10-07T00:57:11.0443844Z test builtin_widening_uses_resolution_and_result_casts_remain_opaque ... ok
2026-10-07T00:57:11.0460997Z test compound_failures_are_checked_even_in_dead_branches_and_short_circuit_rhs ... ok
2026-10-07T00:57:11.0467153Z test binding_facts_follow_reassignment_scope_and_continuing_branch_joins ... ok
2026-10-07T00:57:11.0489290Z test loop_writes_kill_facts_before_conditions_and_respect_shadowed_counter_bindings ... ok
2026-10-07T00:57:11.0527822Z test profile_dependent_intermediates_are_not_folded_to_a_known_zero ... ok
2026-10-07T00:57:11.0606256Z test signed_minimum_division_and_remainder_are_static_failures_in_every_width ... ok
2026-10-07T00:57:11.0622861Z test typed_ast_errors_precede_new_constant_diagnostics ... ok
2026-10-07T00:57:11.0766537Z test compound_and_alias_zero_fail_after_type_check_in_all_widths_and_forms ... ok
2026-10-07T00:57:11.1244854Z test compound_diagnostics_identify_original_modules_before_cargo ... ok
2026-10-07T00:57:12.1732361Z test minimum_negation_and_integer_oracle_build_and_run_in_both_profiles ... ok
2026-10-07T00:57:12.1732773Z 
2026-10-07T00:57:12.1733168Z test result: ok. 10 passed; 0 failed; 0 ignored; 0 measured; 0 filtered out; finished in 1.13s
2026-10-07T00:57:12.1733520Z 
2026-10-07T00:57:12.1755533Z [1m[92m     Running[0m tests\copy_capabilities.rs (target\debug\deps\copy_capabilities-0953b1ba5058242a.exe)
2026-10-07T00:57:12.1856976Z 
2026-10-07T00:57:12.1857278Z running 2 tests
2026-10-07T00:57:12.4034248Z test omitted_clone_adapter_reports_the_element_clone_bound ... ok
2026-10-07T00:57:12.8040595Z test manual_clone_adapter_copies_owned_enum_payloads_in_high_and_independent_low ... ok
2026-10-07T00:57:12.8041298Z 
2026-10-07T00:57:12.8041911Z test result: ok. 2 passed; 0 failed; 0 ignored; 0 measured; 0 filtered out; finished in 0.62s
2026-10-07T00:57:12.8042564Z 
2026-10-07T00:57:12.8065802Z [1m[92m     Running[0m tests\explicit_moves.rs (target\debug\deps\explicit_moves-d5042a634b1d3e47.exe)
2026-10-07T00:57:12.8188127Z 
2026-10-07T00:57:12.8188931Z running 9 tests
2026-10-07T00:57:13.0341115Z test explicit_move_preserves_use_after_move_borrow_partial_move_and_loop_checks ... ok
2026-10-07T00:57:13.0929822Z test copy_inputs_keep_ordinary_assignment_and_move_expected_type_inference ... ok
2026-10-07T00:57:13.2685846Z test implicit_noncopy_local_assignments_fail_at_the_original_source_line ... ok
2026-10-07T00:57:15.6546386Z test move_keeps_typed_constant_failures_and_profile_dependent_overflow ... ok
2026-10-07T00:57:15.7492584Z test move_operation_rejects_arity_type_arguments_and_future_transfer ... ok
2026-10-07T00:57:15.8726888Z test moving_nested_view_containers_keeps_escape_and_temporary_rejections ... ok
2026-10-07T00:57:49.2623178Z test identity_moves_preserve_rhs_failure_drop_order_and_async_cancellation ... ok
2026-10-07T00:57:49.8818302Z test canonical_aliases_shadowing_and_transparent_values_run_in_all_three_sources ... ok
2026-10-07T00:57:50.4216259Z test identity_move_materializes_copy_values_and_keeps_bare_place_comparison_loans ... ok
2026-10-07T00:57:50.4216983Z 
2026-10-07T00:57:50.4217611Z test result: ok. 9 passed; 0 failed; 0 ignored; 0 measured; 0 filtered out; finished in 37.60s
2026-10-07T00:57:50.4218256Z 
2026-10-07T00:57:50.4242170Z [1m[92m     Running[0m tests\integer_arithmetic.rs (target\debug\deps\integer_arithmetic-795002cc22b33923.exe)
2026-10-07T00:57:50.4347438Z 
2026-10-07T00:57:50.4347953Z running 2 tests
2026-10-07T00:57:50.5297704Z test native_adapter_constant_overflow_keeps_rust_diagnostics ... ok
2026-10-07T00:57:50.9861523Z test constant_integer_arithmetic_preserves_release_wrapping_and_debug_panics ... ok
2026-10-07T00:57:50.9861964Z 
2026-10-07T00:57:50.9862332Z test result: ok. 2 passed; 0 failed; 0 ignored; 0 measured; 0 filtered out; finished in 0.55s
2026-10-07T00:57:50.9862691Z 
2026-10-07T00:57:50.9885654Z [1m[92m     Running[0m tests\integer_zero_division.rs (target\debug\deps\integer_zero_division-3ea4527421eb4fbc.exe)
2026-10-07T00:57:51.0008359Z 
2026-10-07T00:57:51.0008818Z running 5 tests
2026-10-07T00:57:51.0043458Z test dynamic_aliases_remain_runtime_operations ... ok
2026-10-07T00:57:51.0061084Z test operand_and_earlier_type_errors_keep_priority_over_zero_divisor_errors ... ok
2026-10-07T00:57:51.0517629Z test explicit_integer_zero_divisors_fail_in_high_handwritten_low_and_saved_low ... ok
2026-10-07T00:57:51.3578876Z test cli_rejects_zero_at_the_original_file_and_line_before_cargo ... ok
2026-10-07T00:57:52.8329881Z test dynamic_zero_nonzero_and_float_controls_compile_and_run_in_both_profiles ... ok
2026-10-07T00:57:52.8330524Z 
2026-10-07T00:57:52.8331149Z test result: ok. 5 passed; 0 failed; 0 ignored; 0 measured; 0 filtered out; finished in 1.83s
2026-10-07T00:57:52.8331758Z 
2026-10-07T00:57:52.8355571Z [1m[92m     Running[0m tests\output_safety.rs (target\debug\deps\output_safety-ef8067877a0a78c4.exe)
2026-10-07T00:57:52.8484930Z 
2026-10-07T00:57:52.8485609Z running 9 tests
2026-10-07T00:57:52.8742216Z test aliased_generated_outputs_are_rejected_without_partial_writes ... ok
2026-10-07T00:57:52.8750960Z test custom_project_manifest_is_protected_before_generated_outputs ... ok
2026-10-07T00:57:52.8837696Z test build_preflights_rust_adapter_before_writing_any_generated_files ... ok
2026-10-07T00:57:52.9185460Z test include_text_assets_are_protected_in_generated_and_map_outputs ... ok
2026-10-07T00:57:52.9703122Z test every_generated_file_rejects_a_hard_link_to_an_imported_source ... ok
2026-10-07T00:57:52.9704335Z test loaded_empty_module_filters_produce_empty_type_and_call_graphs ... ok
2026-10-07T00:57:52.9937055Z test native_low_is_not_replaced_by_check_or_lower_output ... ok
2026-10-07T00:57:53.0645299Z test repeated_checks_and_build_preparation_keep_existing_generated_outputs_usable ... ok
2026-10-07T00:57:53.3971980Z test map_formats_protect_hard_links_to_sources_manifest_and_rust_adapter ... ok
2026-10-07T00:57:53.3972607Z 
2026-10-07T00:57:53.3973200Z test result: ok. 9 passed; 0 failed; 0 ignored; 0 measured; 0 filtered out; finished in 0.55s
2026-10-07T00:57:53.3974034Z 
2026-10-07T00:57:53.3993723Z [1m[92m     Running[0m tests\project.rs (target\debug\deps\project-f329ff416af28f22.exe)
2026-10-07T00:57:53.4096859Z 
2026-10-07T00:57:53.4097379Z running 12 tests
2026-10-07T00:57:53.4423558Z test actual_cli_manifest_and_import_errors_point_to_original_files ... ok
2026-10-07T00:57:53.4468804Z test cli_overrides_scalars_and_dependency_versions_and_adds_native_files ... ok
2026-10-07T00:57:53.4499240Z test dependency_alias_collision_across_manifest_and_cli_is_rejected ... ok
2026-10-07T00:57:53.4798245Z test actual_cli_checks_entry_with_low_support_from_a_subdirectory ... ok
2026-10-07T00:57:53.4830643Z test explicit_source_keeps_legacy_behavior_even_next_to_a_broken_manifest ... ok
2026-10-07T00:57:53.4843958Z test invalid_commands_and_flags_fail_before_loading_sources ... ok
2026-10-07T00:57:53.4965831Z test manifest_typos_wrong_types_duplicates_and_empty_paths_are_rejected ... ok
2026-10-07T00:57:53.5028685Z test nearest_project_uses_manifest_relative_paths_from_any_subdirectory ... ok
2026-10-07T00:57:53.5034076Z test rust_diagnostic_details_are_an_explicit_build_or_run_option ... ok
2026-10-07T00:58:53.5137975Z test a_borrowed_record_field_does_not_block_moving_a_disjoint_field has been running for over 60 seconds
2026-10-07T00:58:53.5732843Z test actual_run_uses_rust_dependencies_and_a_stable_project_working_directory has been running for over 60 seconds
2026-10-07T00:58:53.6209518Z test escaped_record_and_route_names_preserve_json_sqlite_and_rust_bridges has been running for over 60 seconds
2026-10-07T00:59:15.8763859Z test a_borrowed_record_field_does_not_block_moving_a_disjoint_field ... ok
2026-10-07T00:59:17.4204999Z test escaped_record_and_route_names_preserve_json_sqlite_and_rust_bridges ... ok
2026-10-07T00:59:34.3087814Z test actual_run_uses_rust_dependencies_and_a_stable_project_working_directory ... ok
2026-10-07T00:59:34.3088765Z 
2026-10-07T00:59:34.3089577Z test result: ok. 12 passed; 0 failed; 0 ignored; 0 measured; 0 filtered out; finished in 100.90s
2026-10-07T00:59:34.3090358Z 
2026-10-07T00:59:34.3120624Z [1m[92m     Running[0m tests\scope_runtime_contract.rs (target\debug\deps\scope_runtime_contract-7e825ed209ded241.exe)
2026-10-07T00:59:34.3261917Z 
2026-10-07T00:59:34.3262520Z running 1 test
2026-10-07T00:59:46.9291701Z test generated_scope_failure_and_cancellation_contract_runs_with_the_real_runtime ... ok
2026-10-07T00:59:46.9292416Z 
2026-10-07T00:59:46.9293047Z test result: ok. 1 passed; 0 failed; 0 ignored; 0 measured; 0 filtered out; finished in 12.60s
2026-10-07T00:59:46.9293668Z 
2026-10-07T00:59:46.9318174Z [1m[92m     Running[0m tests\shared_field_moves.rs (target\debug\deps\shared_field_moves-31803aba49469763.exe)
2026-10-07T00:59:46.9439090Z 
2026-10-07T00:59:46.9439537Z running 4 tests
2026-10-07T00:59:46.9844971Z test nested_shared_parents_and_call_temporaries_cannot_supply_owned_fields ... ok
2026-10-07T00:59:47.0220820Z test shared_field_moves_are_rejected_in_each_consuming_context_in_high_and_handwritten_low ... ok
2026-10-07T00:59:47.0651431Z test invalid_shared_field_moves_fail_before_check_build_or_run_needs_cargo ... ok
2026-10-07T00:59:50.2180200Z test valid_arc_moves_copy_fields_and_explicit_copies_run_in_high_and_independent_low ... ok
2026-10-07T00:59:50.2180818Z 
2026-10-07T00:59:50.2181222Z test result: ok. 4 passed; 0 failed; 0 ignored; 0 measured; 0 filtered out; finished in 3.27s
2026-10-07T00:59:50.2181576Z 
2026-10-07T00:59:50.2203740Z [1m[92m     Running[0m tests\shared_target.rs (target\debug\deps\shared_target-9b29924f31b12a53.exe)
2026-10-07T00:59:50.2309301Z 
2026-10-07T00:59:50.2309747Z running 3 tests
2026-10-07T00:59:50.2429065Z test repeated_timestamps_keep_fixture_ownership_distinct ... ok
2026-10-07T00:59:53.9476030Z test explicitly_shared_targets_keep_application_identity_stable_and_generations_distinct ... ok
2026-10-07T00:59:54.0791284Z test default_shared_targets_keep_application_identity_stable_and_generations_distinct ... ok
2026-10-07T00:59:54.0791927Z 
2026-10-07T00:59:54.0792287Z test result: ok. 3 passed; 0 failed; 0 ignored; 0 measured; 0 filtered out; finished in 3.85s
2026-10-07T00:59:54.0792648Z 
2026-10-07T00:59:54.0813298Z [1m[92m     Running[0m tests\task_handles.rs (target\debug\deps\task_handles-2841af5c301e3b9c.exe)
2026-10-07T00:59:54.0926680Z 
2026-10-07T00:59:54.0927142Z running 8 tests
2026-10-07T00:59:54.1373697Z test canonical_task_metadata_survives_saved_low_and_user_task_names ... ok
2026-10-07T00:59:54.2013192Z test raw_check_registers_contextual_task_and_preserves_obligation ... ok
2026-10-07T01:00:15.1801485Z test native_business_fault_cleanup_and_branch_contracts ... ok
2026-10-07T01:00:16.1931974Z test task_conditional_consumption::always_evaluated_receipts_and_lazy_values_run_in_three_sources ... ok
2026-10-07T01:00:22.8263808Z test bounded_generated_task_paths_reach_native ... ok
2026-10-07T01:00:53.4430939Z test task_service::legacy_supervisor_terminal_and_normal_shutdown_reach_real_http ... ok
2026-10-07T01:00:54.0925603Z test positive_contracts_build_and_run_high_saved_and_handwritten_low has been running for over 60 seconds
2026-10-07T01:01:12.4949187Z test task_service_s2::typed_monitor_preserves_service_errors_shutdown_and_parent_drop ... ok
2026-10-07T01:01:19.0307558Z test positive_contracts_build_and_run_high_saved_and_handwritten_low ... ok
2026-10-07T01:01:19.0307975Z 
2026-10-07T01:01:19.0308352Z test result: ok. 8 passed; 0 failed; 0 ignored; 0 measured; 0 filtered out; finished in 84.94s
2026-10-07T01:01:19.0308702Z 
2026-10-07T01:01:19.0334676Z [1m[92m     Running[0m tests\view_branch_rebinding.rs (target\debug\deps\view_branch_rebinding-7738e1ff5f57d056.exe)
2026-10-07T01:01:19.0445568Z 
2026-10-07T01:01:19.0446147Z running 4 tests
2026-10-07T01:01:19.0526837Z test local_views_still_cannot_escape_a_terminating_or_continuing_branch ... ok
2026-10-07T01:01:19.0573510Z test branch_copies_are_synthetic_and_preserve_public_and_callback_lifetimes ... ok
2026-10-07T01:01:19.0581099Z test terminating_parent_blocks_respect_loop_and_pattern_binding_names ... ok
2026-10-07T01:01:20.1551543Z test terminating_view_updates_compile_and_run_in_high_saved_low_and_handwritten_low ... ok
2026-10-07T01:01:20.1551982Z 
2026-10-07T01:01:20.1552325Z test result: ok. 4 passed; 0 failed; 0 ignored; 0 measured; 0 filtered out; finished in 1.11s
2026-10-07T01:01:20.1552700Z 
2026-10-07T01:01:20.1576089Z [1m[92m     Running[0m tests\view_container_drop.rs (target\debug\deps\view_container_drop-487561c13931abef.exe)
2026-10-07T01:01:20.1680915Z 
2026-10-07T01:01:20.1681364Z running 1 test
2026-10-07T01:01:22.3389362Z test local_view_container_replacement_preserves_allocations_and_drop_order ... ok
2026-10-07T01:01:22.3390015Z 
2026-10-07T01:01:22.3390624Z test result: ok. 1 passed; 0 failed; 0 ignored; 0 measured; 0 filtered out; finished in 2.17s
2026-10-07T01:01:22.3391270Z 
2026-10-07T01:01:22.3419983Z [1m[92m     Running[0m tests\view_container_rebinding.rs (target\debug\deps\view_container_rebinding-ce2c22ffc0002712.exe)
2026-10-07T01:01:22.3533264Z 
2026-10-07T01:01:22.3533823Z running 4 tests
2026-10-07T01:01:22.3574683Z test local_container_escape_stays_rejected_in_high_and_low ... ok
2026-10-07T01:01:22.7336298Z test restore_rhs_keeps_its_source_line_and_generated_slots_are_synthetic ... ok
2026-10-07T01:01:23.1232551Z test move_phi_and_mutation_fixtures_use_the_container_flow_plan ... ok
2026-10-07T01:01:24.6062502Z test owning_view_container_rebinding_runs_in_high_saved_low_and_handwritten_low ... ok
2026-10-07T01:01:24.6063203Z 
2026-10-07T01:01:24.6063627Z test result: ok. 4 passed; 0 failed; 0 ignored; 0 measured; 0 filtered out; finished in 2.25s
2026-10-07T01:01:24.6064006Z 
2026-10-07T01:01:24.6087424Z [1m[92m     Running[0m tests\view_flow_completion.rs (target\debug\deps\view_flow_completion-936c02cf3cb31206.exe)
2026-10-07T01:01:24.6192114Z 
2026-10-07T01:01:24.6192633Z running 3 tests
2026-10-07T01:01:24.6238492Z test completion_keeps_local_and_iterator_owner_escape_rejections ... ok
2026-10-07T01:01:24.6541877Z test scopes_keep_lexical_storage_and_route_nested_errors ... ok
2026-10-07T01:01:26.6062248Z test owned_storage_loops_and_async_compile_and_run_in_all_source_forms ... ok
2026-10-07T01:01:26.6062697Z 
2026-10-07T01:01:26.6063470Z test result: ok. 3 passed; 0 failed; 0 ignored; 0 measured; 0 filtered out; finished in 1.99s
2026-10-07T01:01:26.6063879Z 
2026-10-07T01:01:26.6087536Z [1m[92m     Running[0m tests\view_flow_foundation.rs (target\debug\deps\view_flow_foundation-c2c9b9626f6af0a5.exe)
2026-10-07T01:01:26.6195291Z 
2026-10-07T01:01:26.6195628Z running 2 tests
2026-10-07T01:01:26.6864879Z test observer_lowering_does_not_accept_local_owner_escapes ... ok
2026-10-07T01:01:28.4371655Z test return_observers_and_match_edges_compile_and_run_in_all_source_forms ... ok
2026-10-07T01:01:28.4372068Z 
2026-10-07T01:01:28.4372469Z test result: ok. 2 passed; 0 failed; 0 ignored; 0 measured; 0 filtered out; finished in 1.82s
2026-10-07T01:01:28.4372880Z 
2026-10-07T01:01:28.5775970Z ##[group]Run cargo test --locked -p nagic --test sqlite_contract_inputs
2026-10-07T01:01:28.5776704Z [36;1mcargo test --locked -p nagic --test sqlite_contract_inputs[0m
2026-10-07T01:01:28.5855019Z shell: C:\Program Files\PowerShell\7\pwsh.EXE -command ". '{0}'"
2026-10-07T01:01:28.5855446Z env:
2026-10-07T01:01:28.5855760Z   NAGI_FAILURE_DIR: D:\a\Nagi\Nagi/build/compiler-failures
2026-10-07T01:01:28.5856164Z   CARGO_HOME: C:\Users\runneradmin\.cargo
2026-10-07T01:01:28.5856501Z   CARGO_INCREMENTAL: 0
2026-10-07T01:01:28.5856772Z   CARGO_TERM_COLOR: always
2026-10-07T01:01:28.5857140Z   pythonLocation: C:\hostedtoolcache\windows\Python\3.12.10\x64
2026-10-07T01:01:28.5857681Z   PKG_CONFIG_PATH: C:\hostedtoolcache\windows\Python\3.12.10\x64/lib/pkgconfig
2026-10-07T01:01:28.5858227Z   Python_ROOT_DIR: C:\hostedtoolcache\windows\Python\3.12.10\x64
2026-10-07T01:01:28.5858693Z   Python2_ROOT_DIR: C:\hostedtoolcache\windows\Python\3.12.10\x64
2026-10-07T01:01:28.5859229Z   Python3_ROOT_DIR: C:\hostedtoolcache\windows\Python\3.12.10\x64
2026-10-07T01:01:28.5859610Z ##[endgroup]
2026-10-07T01:01:29.0692322Z [1m[92m   Compiling[0m nagic v0.1.11 (D:\a\Nagi\Nagi\compiler)
2026-10-07T01:01:29.8044413Z [1m[92m    Finished[0m `test` profile [unoptimized + debuginfo] target(s) in 0.87s
2026-10-07T01:01:29.8086315Z [1m[92m     Running[0m tests\sqlite_contract_inputs.rs (target\debug\deps\sqlite_contract_inputs-eeb6ca7fa0503845.exe)
2026-10-07T01:01:29.8199739Z 
2026-10-07T01:01:29.8200228Z running 2 tests
2026-10-07T01:01:29.8251415Z test planned_rejection_anchors_identify_original_fixture_lines_and_lexer_tokens ... ok
2026-10-07T01:01:29.8290838Z test every_planned_high_and_handwritten_low_input_parses_before_module_resolution ... ok
2026-10-07T01:01:29.8291577Z 
2026-10-07T01:01:29.8291980Z test result: ok. 2 passed; 0 failed; 0 ignored; 0 measured; 0 filtered out; finished in 0.01s
2026-10-07T01:01:29.8292368Z 
2026-10-07T01:01:29.9834982Z ##[group]Run set -o pipefail
2026-10-07T01:01:29.9835337Z [36;1mset -o pipefail[0m
2026-10-07T01:01:29.9835817Z [36;1mcargo test --locked -p nagi-runtime --lib task::tests:: 2>&1 | tee "$RUNNER_TEMP/task-runtime.log"[0m
2026-10-07T01:01:29.9836839Z [36;1mpython -c 'import pathlib,re,os; text=pathlib.Path(os.environ["RUNNER_TEMP"],"task-runtime.log").read_text(); assert re.search(r"test result: ok\. 17 passed; 0 failed; 0 ignored;",text),text'[0m
2026-10-07T01:01:29.9837718Z [36;1mcargo test --locked -p nagi-runtime --test task_handles[0m
2026-10-07T01:01:29.9838116Z [36;1mcargo test --locked -p nagi-runtime --doc[0m
2026-10-07T01:01:29.9855198Z shell: C:\Program Files\Git\bin\bash.EXE --noprofile --norc -e -o pipefail {0}
2026-10-07T01:01:29.9855600Z env:
2026-10-07T01:01:29.9855850Z   NAGI_FAILURE_DIR: D:\a\Nagi\Nagi/build/compiler-failures
2026-10-07T01:01:29.9856179Z   CARGO_HOME: C:\Users\runneradmin\.cargo
2026-10-07T01:01:29.9856478Z   CARGO_INCREMENTAL: 0
2026-10-07T01:01:29.9856682Z   CARGO_TERM_COLOR: always
2026-10-07T01:01:29.9856972Z   pythonLocation: C:\hostedtoolcache\windows\Python\3.12.10\x64
2026-10-07T01:01:29.9857416Z   PKG_CONFIG_PATH: C:\hostedtoolcache\windows\Python\3.12.10\x64/lib/pkgconfig
2026-10-07T01:01:29.9857857Z   Python_ROOT_DIR: C:\hostedtoolcache\windows\Python\3.12.10\x64
2026-10-07T01:01:29.9858447Z   Python2_ROOT_DIR: C:\hostedtoolcache\windows\Python\3.12.10\x64
2026-10-07T01:01:29.9859357Z   Python3_ROOT_DIR: C:\hostedtoolcache\windows\Python\3.12.10\x64
2026-10-07T01:01:29.9859936Z ##[endgroup]
2026-10-07T01:01:30.2202085Z [1m[92m   Compiling[0m proc-macro2 v1.0.107
2026-10-07T01:01:30.2203128Z [1m[92m   Compiling[0m unicode-ident v1.0.26
2026-10-07T01:01:30.2203974Z [1m[92m   Compiling[0m quote v1.0.47
2026-10-07T01:01:30.2204759Z [1m[92m   Compiling[0m bytes v1.12.1
2026-10-07T01:01:30.3541810Z [1m[92m   Compiling[0m pin-project-lite v0.2.17
2026-10-07T01:01:30.4327603Z [1m[92m   Compiling[0m windows-link v0.2.1
2026-10-07T01:01:30.5266455Z [1m[92m   Compiling[0m windows-sys v0.61.2
2026-10-07T01:01:30.6030594Z [1m[92m   Compiling[0m version_check v0.9.5
2026-10-07T01:01:31.0010453Z [1m[92m   Compiling[0m generic-array v0.14.7
2026-10-07T01:01:31.2732267Z [1m[92m   Compiling[0m futures-core v0.3.34
2026-10-07T01:01:31.4752995Z [1m[92m   Compiling[0m http v1.5.0
2026-10-07T01:01:31.8232263Z [1m[92m   Compiling[0m syn v3.0.6
2026-10-07T01:01:31.9364323Z [1m[92m   Compiling[0m getrandom v0.3.4
2026-10-07T01:01:32.3515683Z [1m[92m   Compiling[0m zerocopy v0.8.59
2026-10-07T01:01:32.9084743Z [1m[92m   Compiling[0m typenum v1.20.1
2026-10-07T01:01:33.4743989Z [1m[92m   Compiling[0m cfg-if v1.0.5
2026-10-07T01:01:33.6568787Z [1m[92m   Compiling[0m httparse v1.10.1
2026-10-07T01:01:34.2223002Z [1m[92m   Compiling[0m serde_core v1.0.229
2026-10-07T01:01:34.8018186Z [1m[92m   Compiling[0m socket2 v0.6.5
2026-10-07T01:01:35.1739790Z [1m[92m   Compiling[0m mio v1.2.3
2026-10-07T01:01:36.1416613Z [1m[92m   Compiling[0m log v0.4.34
2026-10-07T01:01:36.3959524Z [1m[92m   Compiling[0m rand_core v0.9.5
2026-10-07T01:01:36.6824968Z [1m[92m   Compiling[0m block-buffer v0.10.4
2026-10-07T01:01:36.7380526Z [1m[92m   Compiling[0m crypto-common v0.1.7
2026-10-07T01:01:37.3189800Z [1m[92m   Compiling[0m http-body v1.1.0
2026-10-07T01:01:37.4898771Z [1m[92m   Compiling[0m once_cell v1.21.4
2026-10-07T01:01:37.8074811Z [1m[92m   Compiling[0m thiserror v2.0.21
2026-10-07T01:01:38.4177658Z [1m[92m   Compiling[0m tracing-core v0.1.36
2026-10-07T01:01:38.6495917Z [1m[92m   Compiling[0m tokio-macros v2.7.2
2026-10-07T01:01:39.5684967Z [1m[92m   Compiling[0m thiserror-impl v2.0.21
2026-10-07T01:01:39.6526857Z [1m[92m   Compiling[0m tokio v1.53.1
2026-10-07T01:01:40.8207474Z [1m[92m   Compiling[0m futures-macro v0.3.34
2026-10-07T01:01:41.7735671Z [1m[92m   Compiling[0m digest v0.10.7
2026-10-07T01:01:42.0300422Z [1m[92m   Compiling[0m smallvec v1.16.2
2026-10-07T01:01:42.1614677Z [1m[92m   Compiling[0m ppv-lite86 v0.2.21
2026-10-07T01:01:42.3238413Z [1m[92m   Compiling[0m cpufeatures v0.2.17
2026-10-07T01:01:42.3382968Z [1m[92m   Compiling[0m tower-service v0.3.3
2026-10-07T01:01:42.3797766Z [1m[92m   Compiling[0m futures-sink v0.3.34
2026-10-07T01:01:42.4317562Z [1m[92m   Compiling[0m slab v0.4.12
2026-10-07T01:01:42.4735329Z [1m[92m   Compiling[0m futures-task v0.3.34
2026-10-07T01:01:42.6273943Z [1m[92m   Compiling[0m serde v1.0.229
2026-10-07T01:01:42.6889373Z [1m[92m   Compiling[0m rand_chacha v0.9.0
2026-10-07T01:01:42.7394972Z [1m[92m   Compiling[0m futures-util v0.3.34
2026-10-07T01:01:43.1294935Z [1m[92m   Compiling[0m rand v0.9.5
2026-10-07T01:01:43.3939732Z [1m[92m   Compiling[0m sha1 v0.10.7
2026-10-07T01:01:43.9623086Z [1m[92m   Compiling[0m tracing v0.1.44
2026-10-07T01:01:44.2171362Z [1m[92m   Compiling[0m serde_derive v1.0.229
2026-10-07T01:01:44.3732859Z [1m[92m   Compiling[0m futures-channel v0.3.34
2026-10-07T01:01:44.6456862Z [1m[92m   Compiling[0m httpdate v1.0.3
2026-10-07T01:01:45.0659371Z [1m[92m   Compiling[0m data-encoding v2.11.1
2026-10-07T01:01:46.6458121Z [1m[92m   Compiling[0m sync_wrapper v1.0.2
2026-10-07T01:01:46.7228740Z [1m[92m   Compiling[0m percent-encoding v2.3.2
2026-10-07T01:01:47.0092815Z [1m[92m   Compiling[0m tower-layer v0.3.3
2026-10-07T01:01:47.1215150Z [1m[92m   Compiling[0m atomic-waker v1.1.2
2026-10-07T01:01:47.2464520Z [1m[92m   Compiling[0m serde_json v1.0.151
2026-10-07T01:01:47.2523780Z [1m[92m   Compiling[0m hyper v1.11.1
2026-10-07T01:01:47.5226993Z [1m[92m   Compiling[0m form_urlencoded v1.2.2
2026-10-07T01:01:47.7458070Z [1m[92m   Compiling[0m tungstenite v0.29.0
2026-10-07T01:01:49.8824003Z [1m[92m   Compiling[0m http-body-util v0.1.5
2026-10-07T01:01:50.1470850Z [1m[92m   Compiling[0m ryu v1.0.23
2026-10-07T01:01:50.2492387Z [1m[92m   Compiling[0m memchr v2.8.3
2026-10-07T01:01:50.3874987Z [1m[92m   Compiling[0m mime v0.3.17
2026-10-07T01:01:50.4262462Z [1m[92m   Compiling[0m tokio-tungstenite v0.29.0
2026-10-07T01:01:50.7302079Z [1m[92m   Compiling[0m axum-core v0.5.6
2026-10-07T01:01:50.8481176Z [1m[92m   Compiling[0m serde_urlencoded v0.7.1
2026-10-07T01:01:50.8801636Z [1m[92m   Compiling[0m hyper-util v0.1.21
2026-10-07T01:01:51.3306544Z [1m[92m   Compiling[0m tower v0.5.3
2026-10-07T01:01:51.5603920Z [1m[92m   Compiling[0m deadpool-runtime v0.3.1
2026-10-07T01:01:51.7247631Z [1m[92m   Compiling[0m serde_path_to_error v0.1.20
2026-10-07T01:01:51.9511826Z [1m[92m   Compiling[0m base64 v0.22.1
2026-10-07T01:01:52.3829098Z [1m[92m   Compiling[0m matchit v0.8.4
2026-10-07T01:01:52.6373195Z [1m[92m   Compiling[0m rusqlite v0.40.2
2026-10-07T01:01:53.0419168Z [1m[92m   Compiling[0m axum v0.8.9
2026-10-07T01:01:53.4876694Z [1m[92m   Compiling[0m deadpool v0.13.1
2026-10-07T01:01:53.8813145Z [1m[92m   Compiling[0m bumpalo v3.20.3
2026-10-07T01:01:58.0707652Z [1m[92m   Compiling[0m nagi-runtime v0.1.11 (D:\a\Nagi\Nagi\runtime)
2026-10-07T01:02:23.8271437Z [1m[92m    Finished[0m `test` profile [unoptimized + debuginfo] target(s) in 53.73s
2026-10-07T01:02:23.8292603Z [1m[92m     Running[0m unittests src\lib.rs (target\debug\deps\nagi_runtime-a770d1c1efa4fc1d.exe)
2026-10-07T01:02:23.8434295Z 
2026-10-07T01:02:23.8435454Z running 17 tests
2026-10-07T01:02:23.8455567Z test task::tests::cancelled_drain_can_resume_after_child_drop_gate ... ok
2026-10-07T01:02:23.8588445Z test task::tests::fault_return_waits_for_requested_sibling_cleanup_and_actual_join ... ok
2026-10-07T01:02:23.8589588Z test task::tests::discard_keeps_fault_and_legacy_error_observation ... ok
2026-10-07T01:02:23.8590929Z test task::tests::legacy_structured_cause_preserves_kind_message_and_primary_after_later_fault ... ok
2026-10-07T01:02:23.8593167Z test task::tests::parent_drop_requests_abort_but_does_not_report_child_destruction_complete ... ok
2026-10-07T01:02:23.8593972Z test task::tests::heterogeneous_results_and_business_error_keep_sibling_healthy ... ok
2026-10-07T01:02:23.8594684Z test task::tests::fake_native_id_reuse_does_not_mix_unreceived_tickets_and_retire_records ... ok
2026-10-07T01:02:23.8595353Z test task::tests::received_fault_remains_sticky_at_scope_exit ... ok
2026-10-07T01:02:23.8596524Z test task::tests::payload_drop_locations_distinguish_failed_send_buffer_and_received_value ... ok
2026-10-07T01:02:23.8597454Z test task::tests::receiver_notification_cannot_replace_actual_join ... ok
2026-10-07T01:02:23.8598068Z test task::tests::requested_cancel_does_not_hide_already_returned_legacy_error ... ok
2026-10-07T01:02:23.8598739Z test task::tests::requested_cancel_preserves_panic_and_unrequested_cancel_is_fault ... ok
2026-10-07T01:02:23.8599445Z test task::tests::spawn_after_fault_keeps_input_evaluation_and_actual_join_responsibility ... ok
2026-10-07T01:02:23.8600139Z test task::tests::target_other_than_first_join_and_body_error_primary_are_preserved ... ok
2026-10-07T01:02:23.8600820Z test task::tests::unpolled_and_pending_receive_drop_keep_scope_join_responsibility ... ok
2026-10-07T01:02:23.8601615Z test task::tests::wrong_owner_and_missing_output_are_protocol_errors_without_stolen_join ... ok
2026-10-07T01:02:23.8602493Z test task::tests::sticky_receive_retires_its_joined_ticket ... ok
2026-10-07T01:02:23.8602775Z 
2026-10-07T01:02:23.8603119Z test result: ok. 17 passed; 0 failed; 0 ignored; 0 measured; 191 filtered out; finished in 0.01s
2026-10-07T01:02:23.8603567Z 
2026-10-07T01:02:24.1606705Z [1m[92m   Compiling[0m nagi-runtime v0.1.11 (D:\a\Nagi\Nagi\runtime)
2026-10-07T01:02:30.0063210Z [1m[92m    Finished[0m `test` profile [unoptimized + debuginfo] target(s) in 5.97s
2026-10-07T01:02:30.0132569Z [1m[92m     Running[0m tests\task_handles.rs (target\debug\deps\task_handles-1352ddeda06405d9.exe)
2026-10-07T01:02:30.0246139Z 
2026-10-07T01:02:30.0247105Z running 3 tests
2026-10-07T01:02:30.0275344Z test public_mixed_legacy_failure_keeps_failure_category_and_native_exit_error ... ok
2026-10-07T01:02:30.0276540Z test public_failure_getters_keep_fault_sticky_after_receive ... ok
2026-10-07T01:02:30.0277161Z test public_task_results_keep_business_error_inside_and_legacy_error_at_exit ... ok
2026-10-07T01:02:30.0277526Z 
2026-10-07T01:02:30.0277867Z test result: ok. 3 passed; 0 failed; 0 ignored; 0 measured; 0 filtered out; finished in 0.00s
2026-10-07T01:02:30.0278207Z 
2026-10-07T01:02:30.1951866Z [1m[92m    Finished[0m `test` profile [unoptimized + debuginfo] target(s) in 0.11s
2026-10-07T01:02:30.2017654Z [1m[92m   Doc-tests[0m nagi_runtime
2026-10-07T01:02:30.3672827Z 
2026-10-07T01:02:30.3673397Z running 9 tests
2026-10-07T01:02:30.5211930Z test runtime\src\auth.rs - auth::Principal (line 13) - compile fail ... ok
2026-10-07T01:02:30.5335747Z test runtime\src\auth.rs - auth::Grant (line 53) - compile fail ... ok
2026-10-07T01:02:30.5416639Z test runtime\src\auth.rs - auth::Principal (line 16) - compile fail ... ok
2026-10-07T01:02:30.5492925Z test runtime\src\auth.rs - auth::Grant (line 48) - compile fail ... ok
2026-10-07T01:02:30.6569390Z test runtime\src\auth.rs - auth::Principal (line 20) - compile fail ... ok
2026-10-07T01:02:30.6782475Z test runtime\src\task.rs - task::Task (line 87) - compile fail ... ok
2026-10-07T01:02:30.6793539Z test runtime\src\task.rs - task::Task (line 94) - compile fail ... ok
2026-10-07T01:02:30.6993883Z test runtime\src\task.rs - task::Task (line 83) - compile fail ... ok
2026-10-07T01:02:30.7772352Z test runtime\src\task.rs - task::TaskFailure (line 59) - compile fail ... ok
2026-10-07T01:02:30.7773000Z 
2026-10-07T01:02:30.7773643Z test result: ok. 9 passed; 0 failed; 0 ignored; 0 measured; 0 filtered out; finished in 0.41s
2026-10-07T01:02:30.7774308Z 
2026-10-07T01:02:30.8114376Z ##[group]Run cargo run --locked -p nagic --example task-contract-red -- --report "$RUNNER_TEMP/task-contracts.json"
2026-10-07T01:02:30.8115279Z [36;1mcargo run --locked -p nagic --example task-contract-red -- --report "$RUNNER_TEMP/task-contracts.json"[0m
2026-10-07T01:02:30.8135398Z shell: C:\Program Files\Git\bin\bash.EXE --noprofile --norc -e -o pipefail {0}
2026-10-07T01:02:30.8135798Z env:
2026-10-07T01:02:30.8136042Z   NAGI_FAILURE_DIR: D:\a\Nagi\Nagi/build/compiler-failures
2026-10-07T01:02:30.8136773Z   CARGO_HOME: C:\Users\runneradmin\.cargo
2026-10-07T01:02:30.8137045Z   CARGO_INCREMENTAL: 0
2026-10-07T01:02:30.8137260Z   CARGO_TERM_COLOR: always
2026-10-07T01:02:30.8137553Z   pythonLocation: C:\hostedtoolcache\windows\Python\3.12.10\x64
2026-10-07T01:02:30.8138002Z   PKG_CONFIG_PATH: C:\hostedtoolcache\windows\Python\3.12.10\x64/lib/pkgconfig
2026-10-07T01:02:30.8138444Z   Python_ROOT_DIR: C:\hostedtoolcache\windows\Python\3.12.10\x64
2026-10-07T01:02:30.8138875Z   Python2_ROOT_DIR: C:\hostedtoolcache\windows\Python\3.12.10\x64
2026-10-07T01:02:30.8139267Z   Python3_ROOT_DIR: C:\hostedtoolcache\windows\Python\3.12.10\x64
2026-10-07T01:02:30.8139579Z ##[endgroup]
2026-10-07T01:02:30.9789341Z [1m[92m   Compiling[0m nagic v0.1.11 (D:\a\Nagi\Nagi\compiler)
2026-10-07T01:02:31.8021541Z [1m[92m    Finished[0m `dev` profile [unoptimized + debuginfo] target(s) in 0.89s
2026-10-07T01:02:31.8065772Z [1m[92m     Running[0m `target\debug\examples\task-contract-red.exe --report 'D:\a\_temp/task-contracts.json'`
2026-10-07T01:02:33.0685388Z Task contracts: 148/148 matched; report: D:\a\_temp/task-contracts.json
2026-10-07T01:02:33.0976909Z ##[group]Run python scripts/verify_library_examples.py --only task-results
2026-10-07T01:02:33.0977549Z [36;1mpython scripts/verify_library_examples.py --only task-results[0m
2026-10-07T01:02:33.1050972Z shell: C:\Program Files\PowerShell\7\pwsh.EXE -command ". '{0}'"
2026-10-07T01:02:33.1051318Z env:
2026-10-07T01:02:33.1051559Z   NAGI_FAILURE_DIR: D:\a\Nagi\Nagi/build/compiler-failures
2026-10-07T01:02:33.1051900Z   CARGO_HOME: C:\Users\runneradmin\.cargo
2026-10-07T01:02:33.1052157Z   CARGO_INCREMENTAL: 0
2026-10-07T01:02:33.1052354Z   CARGO_TERM_COLOR: always
2026-10-07T01:02:33.1052646Z   pythonLocation: C:\hostedtoolcache\windows\Python\3.12.10\x64
2026-10-07T01:02:33.1053114Z   PKG_CONFIG_PATH: C:\hostedtoolcache\windows\Python\3.12.10\x64/lib/pkgconfig
2026-10-07T01:02:33.1053563Z   Python_ROOT_DIR: C:\hostedtoolcache\windows\Python\3.12.10\x64
2026-10-07T01:02:33.1053974Z   Python2_ROOT_DIR: C:\hostedtoolcache\windows\Python\3.12.10\x64
2026-10-07T01:02:33.1054397Z   Python3_ROOT_DIR: C:\hostedtoolcache\windows\Python\3.12.10\x64
2026-10-07T01:02:33.1054709Z ##[endgroup]
2026-10-07T01:02:37.3648940Z Passed: task-results (high)
2026-10-07T01:02:40.1844300Z Passed: task-results (saved-low)
2026-10-07T01:02:43.0180144Z Passed: task-results (handwritten-low)
2026-10-07T01:02:43.0350235Z {"forms": 3, "status": "passed"}
2026-10-07T01:02:43.1938288Z ##[group]Run python scripts/verify_library_examples.py --only supervised-service
2026-10-07T01:02:43.1938948Z [36;1mpython scripts/verify_library_examples.py --only supervised-service[0m
2026-10-07T01:02:43.2012502Z shell: C:\Program Files\PowerShell\7\pwsh.EXE -command ". '{0}'"
2026-10-07T01:02:43.2012850Z env:
2026-10-07T01:02:43.2013086Z   NAGI_FAILURE_DIR: D:\a\Nagi\Nagi/build/compiler-failures
2026-10-07T01:02:43.2013423Z   CARGO_HOME: C:\Users\runneradmin\.cargo
2026-10-07T01:02:43.2013701Z   CARGO_INCREMENTAL: 0
2026-10-07T01:02:43.2013910Z   CARGO_TERM_COLOR: always
2026-10-07T01:02:43.2014216Z   pythonLocation: C:\hostedtoolcache\windows\Python\3.12.10\x64
2026-10-07T01:02:43.2014660Z   PKG_CONFIG_PATH: C:\hostedtoolcache\windows\Python\3.12.10\x64/lib/pkgconfig
2026-10-07T01:02:43.2015105Z   Python_ROOT_DIR: C:\hostedtoolcache\windows\Python\3.12.10\x64
2026-10-07T01:02:43.2015502Z   Python2_ROOT_DIR: C:\hostedtoolcache\windows\Python\3.12.10\x64
2026-10-07T01:02:43.2015928Z   Python3_ROOT_DIR: C:\hostedtoolcache\windows\Python\3.12.10\x64
2026-10-07T01:02:43.2016237Z ##[endgroup]
2026-10-07T01:02:55.6063263Z Passed: supervised-service (high)
2026-10-07T01:03:07.5804588Z Passed: supervised-service (saved-low)
2026-10-07T01:03:19.3973792Z Passed: supervised-service (handwritten-low)
2026-10-07T01:03:19.4187859Z {"forms": 3, "status": "passed"}
2026-10-07T01:03:19.5415794Z ##[group]Run python -m unittest discover -s scripts -p 'test_native_artifacts.py'
2026-10-07T01:03:19.5416957Z [36;1mpython -m unittest discover -s scripts -p 'test_native_artifacts.py'[0m
2026-10-07T01:03:19.5489159Z shell: C:\Program Files\PowerShell\7\pwsh.EXE -command ". '{0}'"
2026-10-07T01:03:19.5489518Z env:
2026-10-07T01:03:19.5489764Z   NAGI_FAILURE_DIR: D:\a\Nagi\Nagi/build/compiler-failures
2026-10-07T01:03:19.5490092Z   CARGO_HOME: C:\Users\runneradmin\.cargo
2026-10-07T01:03:19.5490348Z   CARGO_INCREMENTAL: 0
2026-10-07T01:03:19.5490553Z   CARGO_TERM_COLOR: always
2026-10-07T01:03:19.5490850Z   pythonLocation: C:\hostedtoolcache\windows\Python\3.12.10\x64
2026-10-07T01:03:19.5491324Z   PKG_CONFIG_PATH: C:\hostedtoolcache\windows\Python\3.12.10\x64/lib/pkgconfig
2026-10-07T01:03:19.5491777Z   Python_ROOT_DIR: C:\hostedtoolcache\windows\Python\3.12.10\x64
2026-10-07T01:03:19.5492202Z   Python2_ROOT_DIR: C:\hostedtoolcache\windows\Python\3.12.10\x64
2026-10-07T01:03:19.5492653Z   Python3_ROOT_DIR: C:\hostedtoolcache\windows\Python\3.12.10\x64
2026-10-07T01:03:19.5493190Z ##[endgroup]
2026-10-07T01:03:20.2232065Z .........
2026-10-07T01:03:20.2233090Z ----------------------------------------------------------------------
2026-10-07T01:03:20.2234736Z Ran 9 tests in 0.078s
2026-10-07T01:03:20.2235170Z 
2026-10-07T01:03:20.2235469Z OK
2026-10-07T01:03:20.3752514Z ##[group]Run python -m unittest discover -s scripts -p 'test_application_native_tests.py'
2026-10-07T01:03:20.3753242Z [36;1mpython -m unittest discover -s scripts -p 'test_application_native_tests.py'[0m
2026-10-07T01:03:20.3837574Z shell: C:\Program Files\PowerShell\7\pwsh.EXE -command ". '{0}'"
2026-10-07T01:03:20.3837975Z env:
2026-10-07T01:03:20.3838229Z   NAGI_FAILURE_DIR: D:\a\Nagi\Nagi/build/compiler-failures
2026-10-07T01:03:20.3838833Z   CARGO_HOME: C:\Users\runneradmin\.cargo
2026-10-07T01:03:20.3839265Z   CARGO_INCREMENTAL: 0
2026-10-07T01:03:20.3839605Z   CARGO_TERM_COLOR: always
2026-10-07T01:03:20.3840073Z   pythonLocation: C:\hostedtoolcache\windows\Python\3.12.10\x64
2026-10-07T01:03:20.3840875Z   PKG_CONFIG_PATH: C:\hostedtoolcache\windows\Python\3.12.10\x64/lib/pkgconfig
2026-10-07T01:03:20.3841631Z   Python_ROOT_DIR: C:\hostedtoolcache\windows\Python\3.12.10\x64
2026-10-07T01:03:20.3842342Z   Python2_ROOT_DIR: C:\hostedtoolcache\windows\Python\3.12.10\x64
2026-10-07T01:03:20.3842980Z   Python3_ROOT_DIR: C:\hostedtoolcache\windows\Python\3.12.10\x64
2026-10-07T01:03:20.3843515Z ##[endgroup]
2026-10-07T01:03:21.1807912Z .....
2026-10-07T01:03:21.1808578Z ----------------------------------------------------------------------
2026-10-07T01:03:21.1809177Z Ran 5 tests in 0.026s
2026-10-07T01:03:21.1809393Z 
2026-10-07T01:03:21.1809505Z OK
2026-10-07T01:03:21.3158090Z ##[group]Run cargo test --locked -p nagi-runtime oversized_body_ -- --test-threads=1
2026-10-07T01:03:21.3159178Z [36;1mcargo test --locked -p nagi-runtime oversized_body_ -- --test-threads=1[0m
2026-10-07T01:03:21.3277984Z shell: C:\Program Files\PowerShell\7\pwsh.EXE -command ". '{0}'"
2026-10-07T01:03:21.3278557Z env:
2026-10-07T01:03:21.3278935Z   NAGI_FAILURE_DIR: D:\a\Nagi\Nagi/build/compiler-failures
2026-10-07T01:03:21.3279481Z   CARGO_HOME: C:\Users\runneradmin\.cargo
2026-10-07T01:03:21.3279905Z   CARGO_INCREMENTAL: 0
2026-10-07T01:03:21.3280241Z   CARGO_TERM_COLOR: always
2026-10-07T01:03:21.3280740Z   pythonLocation: C:\hostedtoolcache\windows\Python\3.12.10\x64
2026-10-07T01:03:21.3281507Z   PKG_CONFIG_PATH: C:\hostedtoolcache\windows\Python\3.12.10\x64/lib/pkgconfig
2026-10-07T01:03:21.3282269Z   Python_ROOT_DIR: C:\hostedtoolcache\windows\Python\3.12.10\x64
2026-10-07T01:03:21.3282956Z   Python2_ROOT_DIR: C:\hostedtoolcache\windows\Python\3.12.10\x64
2026-10-07T01:03:21.3283702Z   Python3_ROOT_DIR: C:\hostedtoolcache\windows\Python\3.12.10\x64
2026-10-07T01:03:21.3284248Z ##[endgroup]
2026-10-07T01:03:21.7695879Z [1m[92m    Finished[0m `test` profile [unoptimized + debuginfo] target(s) in 0.12s
2026-10-07T01:03:21.7763744Z [1m[92m     Running[0m unittests src\lib.rs (target\debug\deps\nagi_runtime-a770d1c1efa4fc1d.exe)
2026-10-07T01:03:21.7830027Z 
2026-10-07T01:03:21.7830738Z running 5 tests
2026-10-07T01:03:21.9967296Z test http_server::tests::oversized_body_boundary_accepts_4096_and_incomplete_upload_keeps_body_deadline ... ok
2026-10-07T01:03:22.0017546Z test http_server::tests::oversized_body_chunked_delivers_413_with_or_without_final_chunk ... ok
2026-10-07T01:03:22.0064229Z test http_server::tests::oversized_body_content_length_delivers_413_without_calling_handler ... ok
2026-10-07T01:03:22.0111370Z test http_server::tests::oversized_body_declared_length_rejects_headers_and_incomplete_upload_promptly ... ok
2026-10-07T01:03:22.0141096Z test http_server::tests::oversized_body_rejects_keep_alive_upload_and_never_dispatches_pipeline ... ok
2026-10-07T01:03:22.0141739Z 
2026-10-07T01:03:22.0142129Z test result: ok. 5 passed; 0 failed; 0 ignored; 0 measured; 203 filtered out; finished in 0.23s
2026-10-07T01:03:22.0142498Z 
2026-10-07T01:03:22.0168389Z [1m[92m     Running[0m tests\task_handles.rs (target\debug\deps\task_handles-1352ddeda06405d9.exe)
2026-10-07T01:03:22.0226287Z 
2026-10-07T01:03:22.0226521Z running 0 tests
2026-10-07T01:03:22.0227353Z 
2026-10-07T01:03:22.0227870Z test result: ok. 0 passed; 0 failed; 0 ignored; 0 measured; 3 filtered out; finished in 0.00s
2026-10-07T01:03:22.0228248Z 
2026-10-07T01:03:22.1500269Z ##[group]Run cargo test --locked -p nagi-runtime panic_ -- --test-threads=1
2026-10-07T01:03:22.1500899Z [36;1mcargo test --locked -p nagi-runtime panic_ -- --test-threads=1[0m
2026-10-07T01:03:22.1592454Z shell: C:\Program Files\PowerShell\7\pwsh.EXE -command ". '{0}'"
2026-10-07T01:03:22.1593022Z env:
2026-10-07T01:03:22.1593397Z   NAGI_FAILURE_DIR: D:\a\Nagi\Nagi/build/compiler-failures
2026-10-07T01:03:22.1594297Z   CARGO_HOME: C:\Users\runneradmin\.cargo
2026-10-07T01:03:22.1594718Z   CARGO_INCREMENTAL: 0
2026-10-07T01:03:22.1595043Z   CARGO_TERM_COLOR: always
2026-10-07T01:03:22.1595535Z   pythonLocation: C:\hostedtoolcache\windows\Python\3.12.10\x64
2026-10-07T01:03:22.1596331Z   PKG_CONFIG_PATH: C:\hostedtoolcache\windows\Python\3.12.10\x64/lib/pkgconfig
2026-10-07T01:03:22.1597095Z   Python_ROOT_DIR: C:\hostedtoolcache\windows\Python\3.12.10\x64
2026-10-07T01:03:22.1597771Z   Python2_ROOT_DIR: C:\hostedtoolcache\windows\Python\3.12.10\x64
2026-10-07T01:03:22.1598484Z   Python3_ROOT_DIR: C:\hostedtoolcache\windows\Python\3.12.10\x64
2026-10-07T01:03:22.1599019Z ##[endgroup]
2026-10-07T01:03:22.6210526Z [1m[92m    Finished[0m `test` profile [unoptimized + debuginfo] target(s) in 0.13s
2026-10-07T01:03:22.6277748Z [1m[92m     Running[0m unittests src\lib.rs (target\debug\deps\nagi_runtime-a770d1c1efa4fc1d.exe)
2026-10-07T01:03:22.6350579Z 
2026-10-07T01:03:22.6351251Z running 18 tests
2026-10-07T01:03:22.6920012Z test actor::lifecycle_adversarial_tests::a_blocking_panic_payload_destructor_remains_a_retained_child_obligation ... ok
2026-10-07T01:03:22.6930487Z test actor::lifecycle_adversarial_tests::a_factory_constructor_panic_does_not_lose_the_context_cleanup_obligation ... ok
2026-10-07T01:03:22.7565853Z test actor::lifecycle_adversarial_tests::a_finite_follow_on_panic_payload_retains_the_guard_and_context_until_drop_finishes ... ok
2026-10-07T01:03:22.7578612Z test actor::lifecycle_adversarial_tests::a_panic_payload_destructor_can_observe_and_stop_its_group_without_a_lock_cycle ... ok
2026-10-07T01:03:22.7587777Z test actor::lifecycle_adversarial_tests::context_owned_by_a_child_panic_payload_is_cleaned_before_final_context_cleanup ... ok
2026-10-07T01:03:22.7596772Z test concurrent::tests::panic_isolated ... ok
2026-10-07T01:03:22.7794131Z test http::panic_tests::handler_extractor_and_response_panics_return_sanitized_500_for_get_and_head ... ok
2026-10-07T01:03:22.8634253Z test http_server::tests::handler_panic_after_deadline_returns_500_and_releases_admission ... ok
2026-10-07T01:03:22.8657875Z test http_server::tests::panic_tests::http_error_mapper_panic_returns_500 ... ok
2026-10-07T01:03:22.8682060Z test http_server::tests::panic_tests::http_handler_constructor_panic_returns_500 ... ok
2026-10-07T01:03:22.8704621Z test http_server::tests::panic_tests::http_handler_division_by_zero_returns_500_and_server_keeps_serving ... ok
2026-10-07T01:03:22.8727398Z test http_server::tests::panic_tests::http_handler_out_of_bounds_returns_500_and_server_keeps_serving ... ok
2026-10-07T01:03:22.8750584Z test http_server::tests::panic_tests::http_handler_panic_after_await_returns_500_without_exposing_payload ... ok
2026-10-07T01:03:22.8772428Z test http_server::tests::panic_tests::http_handler_panic_head_response_has_no_body ... ok
2026-10-07T01:03:22.8804592Z test sqlite_prototype::adapter_tests::callback_panic_retires_pool_and_join_does_not_hide_native_close_failure ... ok
2026-10-07T01:03:22.8813447Z test sqlite_prototype::tests::management_panic_restores_raii_flag_before_observed_rollback_and_retirement ... ok
2026-10-07T01:03:22.8824315Z test sqlite_prototype::tests::user_callback_panic_restores_management_state_and_retires_worker ... ok
2026-10-07T01:03:22.8837134Z test task::tests::requested_cancel_preserves_panic_and_unrequested_cancel_is_fault ... ok
2026-10-07T01:03:22.8837656Z 
2026-10-07T01:03:22.8838035Z test result: ok. 18 passed; 0 failed; 0 ignored; 0 measured; 190 filtered out; finished in 0.25s
2026-10-07T01:03:22.8838392Z 
2026-10-07T01:03:22.8873202Z [1m[92m     Running[0m tests\task_handles.rs (target\debug\deps\task_handles-1352ddeda06405d9.exe)
2026-10-07T01:03:22.8928227Z 
2026-10-07T01:03:22.8928672Z running 0 tests
2026-10-07T01:03:22.8928927Z 
2026-10-07T01:03:22.8929580Z test result: ok. 0 passed; 0 failed; 0 ignored; 0 measured; 3 filtered out; finished in 0.00s
2026-10-07T01:03:22.8930225Z 
2026-10-07T01:03:23.0196104Z ##[group]Run cargo test --locked -p nagi-runtime handler_timeout_ -- --test-threads=1
2026-10-07T01:03:23.0196800Z [36;1mcargo test --locked -p nagi-runtime handler_timeout_ -- --test-threads=1[0m
2026-10-07T01:03:23.0268757Z shell: C:\Program Files\PowerShell\7\pwsh.EXE -command ". '{0}'"
2026-10-07T01:03:23.0269118Z env:
2026-10-07T01:03:23.0269353Z   NAGI_FAILURE_DIR: D:\a\Nagi\Nagi/build/compiler-failures
2026-10-07T01:03:23.0269705Z   CARGO_HOME: C:\Users\runneradmin\.cargo
2026-10-07T01:03:23.0269960Z   CARGO_INCREMENTAL: 0
2026-10-07T01:03:23.0270159Z   CARGO_TERM_COLOR: always
2026-10-07T01:03:23.0270454Z   pythonLocation: C:\hostedtoolcache\windows\Python\3.12.10\x64
2026-10-07T01:03:23.0270913Z   PKG_CONFIG_PATH: C:\hostedtoolcache\windows\Python\3.12.10\x64/lib/pkgconfig
2026-10-07T01:03:23.0271362Z   Python_ROOT_DIR: C:\hostedtoolcache\windows\Python\3.12.10\x64
2026-10-07T01:03:23.0271784Z   Python2_ROOT_DIR: C:\hostedtoolcache\windows\Python\3.12.10\x64
2026-10-07T01:03:23.0272175Z   Python3_ROOT_DIR: C:\hostedtoolcache\windows\Python\3.12.10\x64
2026-10-07T01:03:23.0272481Z ##[endgroup]
2026-10-07T01:03:23.4667064Z [1m[92m    Finished[0m `test` profile [unoptimized + debuginfo] target(s) in 0.12s
2026-10-07T01:03:23.4735963Z [1m[92m     Running[0m unittests src\lib.rs (target\debug\deps\nagi_runtime-a770d1c1efa4fc1d.exe)
2026-10-07T01:03:23.4802236Z 
2026-10-07T01:03:23.4802704Z running 2 tests
2026-10-07T01:03:23.5984633Z test http_server::tests::handler_timeout_cancels_future_and_releases_request_capacity ... ok
2026-10-07T01:03:23.6819556Z test http_server::tests::handler_timeout_rejects_a_ready_response_after_blocking_poll ... ok
2026-10-07T01:03:23.6819984Z 
2026-10-07T01:03:23.6820343Z test result: ok. 2 passed; 0 failed; 0 ignored; 0 measured; 206 filtered out; finished in 0.20s
2026-10-07T01:03:23.6820755Z 
2026-10-07T01:03:23.6847542Z [1m[92m     Running[0m tests\task_handles.rs (target\debug\deps\task_handles-1352ddeda06405d9.exe)
2026-10-07T01:03:23.6908551Z 
2026-10-07T01:03:23.6909490Z running 0 tests
2026-10-07T01:03:23.6909812Z 
2026-10-07T01:03:23.6910473Z test result: ok. 0 passed; 0 failed; 0 ignored; 0 measured; 3 filtered out; finished in 0.00s
2026-10-07T01:03:23.6911158Z 
2026-10-07T01:03:23.8210614Z ##[group]Run ./scripts/build_windows_demo.ps1 -Source examples/hello.nagi -Offline
2026-10-07T01:03:23.8211299Z [36;1m./scripts/build_windows_demo.ps1 -Source examples/hello.nagi -Offline[0m
2026-10-07T01:03:23.8211757Z [36;1m$output = & ./build/distribution/nagi-hello.exe[0m
2026-10-07T01:03:23.8212274Z [36;1mif ($LASTEXITCODE -ne 0 -or $output -notcontains 'Hello, Nagi!') { throw 'Packaged Hello failed.' }[0m
2026-10-07T01:03:23.8288875Z shell: C:\Windows\System32\WindowsPowerShell\v1.0\powershell.EXE -command ". '{0}'"
2026-10-07T01:03:23.8289302Z env:
2026-10-07T01:03:23.8289547Z   NAGI_FAILURE_DIR: D:\a\Nagi\Nagi/build/compiler-failures
2026-10-07T01:03:23.8289883Z   CARGO_HOME: C:\Users\runneradmin\.cargo
2026-10-07T01:03:23.8290139Z   CARGO_INCREMENTAL: 0
2026-10-07T01:03:23.8290347Z   CARGO_TERM_COLOR: always
2026-10-07T01:03:23.8290635Z   pythonLocation: C:\hostedtoolcache\windows\Python\3.12.10\x64
2026-10-07T01:03:23.8291120Z   PKG_CONFIG_PATH: C:\hostedtoolcache\windows\Python\3.12.10\x64/lib/pkgconfig
2026-10-07T01:03:23.8291760Z   Python_ROOT_DIR: C:\hostedtoolcache\windows\Python\3.12.10\x64
2026-10-07T01:03:23.8292146Z   Python2_ROOT_DIR: C:\hostedtoolcache\windows\Python\3.12.10\x64
2026-10-07T01:03:23.8292536Z   Python3_ROOT_DIR: C:\hostedtoolcache\windows\Python\3.12.10\x64
2026-10-07T01:03:23.8292841Z ##[endgroup]
2026-10-07T01:03:28.4948688Z [1m[92m    Finished[0m `release` profile [optimized] target(s) in 0.08s
2026-10-07T01:03:29.6709690Z [1m[92m     Locking[0m 107 packages to highest compatible versions
2026-10-07T01:03:29.6736413Z [1m[92m   Compiling[0m proc-macro2 v1.0.107
2026-10-07T01:03:29.6764416Z [1m[92m   Compiling[0m unicode-ident v1.0.26
2026-10-07T01:03:29.6768801Z [1m[92m   Compiling[0m quote v1.0.47
2026-10-07T01:03:29.6796309Z [1m[92m   Compiling[0m bytes v1.12.1
2026-10-07T01:03:29.6797166Z [1m[92m   Compiling[0m itoa v1.0.18
2026-10-07T01:03:29.6798488Z [1m[92m   Compiling[0m pin-project-lite v0.2.17
2026-10-07T01:03:29.6799626Z [1m[92m   Compiling[0m windows-link v0.2.1
2026-10-07T01:03:29.6811236Z [1m[92m   Compiling[0m windows-sys v0.61.2
2026-10-07T01:03:30.2281651Z [1m[92m   Compiling[0m version_check v0.9.5
2026-10-07T01:03:30.5277212Z [1m[92m   Compiling[0m generic-array v0.14.7
2026-10-07T01:03:32.1169518Z [1m[92m   Compiling[0m http v1.5.0
2026-10-07T01:03:32.1186415Z [1m[92m   Compiling[0m typenum v1.20.1
2026-10-07T01:03:33.3041275Z [1m[92m   Compiling[0m syn v3.0.6
2026-10-07T01:03:33.3747975Z [1m[92m   Compiling[0m socket2 v0.6.5
2026-10-07T01:03:33.4450762Z [1m[92m   Compiling[0m mio v1.2.4
2026-10-07T01:03:34.7571408Z [1m[92m   Compiling[0m zerocopy v0.8.60
2026-10-07T01:03:35.4003679Z [1m[92m   Compiling[0m cfg-if v1.0.5
2026-10-07T01:03:35.4450110Z [1m[92m   Compiling[0m getrandom v0.3.4
2026-10-07T01:03:35.4620177Z [1m[92m   Compiling[0m futures-core v0.3.34
2026-10-07T01:03:35.9172960Z [1m[92m   Compiling[0m httparse v1.10.1
2026-10-07T01:03:36.0393679Z [1m[92m   Compiling[0m serde_core v1.0.229
2026-10-07T01:03:36.7892387Z [1m[92m   Compiling[0m log v0.4.34
2026-10-07T01:03:36.8129591Z [1m[92m   Compiling[0m crypto-common v0.1.7
2026-10-07T01:03:36.9448089Z [1m[92m   Compiling[0m block-buffer v0.10.4
2026-10-07T01:03:37.1096819Z [1m[92m   Compiling[0m rand_core v0.9.5
2026-10-07T01:03:38.3638027Z [1m[92m   Compiling[0m http-body v1.1.0
2026-10-07T01:03:38.4289598Z [1m[92m   Compiling[0m shlex v2.0.1
2026-10-07T01:03:38.6510458Z [1m[92m   Compiling[0m once_cell v1.21.4
2026-10-07T01:03:38.9797687Z [1m[92m   Compiling[0m find-msvc-tools v0.1.14
2026-10-07T01:03:40.2537554Z [1m[92m   Compiling[0m tokio-macros v2.7.2
2026-10-07T01:03:40.3602623Z [1m[92m   Compiling[0m thiserror v2.0.21
2026-10-07T01:03:41.1063265Z [1m[92m   Compiling[0m thiserror-impl v2.0.21
2026-10-07T01:03:41.5525522Z [1m[92m   Compiling[0m futures-macro v0.3.34
2026-10-07T01:03:41.6166028Z [1m[92m   Compiling[0m tokio v1.53.2
2026-10-07T01:03:42.8138750Z [1m[92m   Compiling[0m cc v1.6.0
2026-10-07T01:03:43.4481064Z [1m[92m   Compiling[0m tracing-core v0.1.36
2026-10-07T01:03:43.9684607Z [1m[92m   Compiling[0m ppv-lite86 v0.2.21
2026-10-07T01:03:44.5582248Z [1m[92m   Compiling[0m rand_chacha v0.9.0
2026-10-07T01:03:45.0762220Z [1m[92m   Compiling[0m digest v0.10.7
2026-10-07T01:03:45.3695108Z [1m[92m   Compiling[0m tower-service v0.3.3
2026-10-07T01:03:45.4586872Z [1m[92m   Compiling[0m smallvec v1.16.2
2026-10-07T01:03:45.6591028Z [1m[92m   Compiling[0m slab v0.4.12
2026-10-07T01:03:45.7226282Z [1m[92m   Compiling[0m futures-task v0.3.34
2026-10-07T01:03:45.8113062Z [1m[92m   Compiling[0m futures-sink v0.3.34
2026-10-07T01:03:45.8752763Z [1m[92m   Compiling[0m cpufeatures v0.2.17
2026-10-07T01:03:45.8943058Z [1m[92m   Compiling[0m zmij v1.0.23
2026-10-07T01:03:45.9335965Z [1m[92m   Compiling[0m serde v1.0.229
2026-10-07T01:03:45.9469271Z [1m[92m   Compiling[0m pkg-config v0.3.34
2026-10-07T01:03:46.5302610Z [1m[92m   Compiling[0m vcpkg v0.2.15
2026-10-07T01:03:46.6544534Z [1m[92m   Compiling[0m sha1 v0.10.7
2026-10-07T01:03:46.8567042Z [1m[92m   Compiling[0m futures-util v0.3.34
2026-10-07T01:03:47.5136392Z [1m[92m   Compiling[0m rand v0.9.5
2026-10-07T01:03:47.5654198Z [1m[92m   Compiling[0m libsqlite3-sys v0.38.2
2026-10-07T01:03:48.2405755Z [1m[92m   Compiling[0m tracing v0.1.44
2026-10-07T01:03:48.9073023Z [1m[92m   Compiling[0m serde_derive v1.0.229
2026-10-07T01:03:48.9387055Z [1m[92m   Compiling[0m percent-encoding v2.3.2
2026-10-07T01:03:49.3385947Z [1m[92m   Compiling[0m sync_wrapper v1.0.2
2026-10-07T01:03:49.4269217Z [1m[92m   Compiling[0m tower-layer v0.3.3
2026-10-07T01:03:49.6984228Z [1m[92m   Compiling[0m data-encoding v2.11.1
2026-10-07T01:03:51.1992734Z [1m[92m   Compiling[0m serde_json v1.0.151
2026-10-07T01:03:51.6104882Z [1m[92m   Compiling[0m atomic-waker v1.1.2
2026-10-07T01:03:51.7382642Z [1m[92m   Compiling[0m httpdate v1.0.3
2026-10-07T01:03:52.3404280Z [1m[92m   Compiling[0m foldhash v0.2.0
2026-10-07T01:03:52.6125812Z [1m[92m   Compiling[0m hashbrown v0.17.1
2026-10-07T01:03:53.8695055Z [1m[92m   Compiling[0m hyper v1.12.0
2026-10-07T01:03:55.7217520Z [1m[92m   Compiling[0m tungstenite v0.29.0
2026-10-07T01:03:55.9252786Z [1m[92m   Compiling[0m form_urlencoded v1.2.2
2026-10-07T01:03:58.6236838Z [1m[92m   Compiling[0m http-body-util v0.1.5
2026-10-07T01:03:59.8283988Z [1m[92m   Compiling[0m ryu v1.0.23
2026-10-07T01:03:59.8743895Z [1m[92m   Compiling[0m memchr v2.8.3
2026-10-07T01:04:00.4673289Z [1m[92m   Compiling[0m mime v0.3.17
2026-10-07T01:04:02.9828592Z [1m[92m   Compiling[0m axum-core v0.5.6
2026-10-07T01:04:04.3392660Z [1m[92m   Compiling[0m serde_urlencoded v0.7.1
2026-10-07T01:04:04.9530121Z [1m[92m   Compiling[0m tokio-tungstenite v0.29.0
2026-10-07T01:04:06.6081861Z [1m[92m   Compiling[0m hyper-util v0.1.21
2026-10-07T01:04:07.9475228Z [1m[92m   Compiling[0m hashlink v0.12.2
2026-10-07T01:04:08.7171790Z [1m[92m   Compiling[0m tower v0.5.3
2026-10-07T01:04:09.5102346Z [1m[92m   Compiling[0m deadpool-runtime v0.3.1
2026-10-07T01:04:09.7128268Z [1m[92m   Compiling[0m serde_path_to_error v0.1.20
2026-10-07T01:04:10.3516587Z [1m[92m   Compiling[0m fallible-iterator v0.3.0
2026-10-07T01:04:10.5501342Z [1m[92m   Compiling[0m fallible-streaming-iterator v0.1.9
2026-10-07T01:04:10.5733086Z [1m[92m   Compiling[0m bitflags v2.13.2
2026-10-07T01:04:10.6021748Z [1m[92m   Compiling[0m base64 v0.22.1
2026-10-07T01:04:11.2944709Z [1m[92m   Compiling[0m matchit v0.8.4
2026-10-07T01:04:11.9804959Z [1m[92m   Compiling[0m deadpool v0.13.1
2026-10-07T01:04:12.2676867Z [1m[92m   Compiling[0m axum v0.8.9
2026-10-07T01:04:12.3616136Z [1m[92m   Compiling[0m bumpalo v3.20.3
2026-10-07T01:04:26.8381767Z [1m[92m   Compiling[0m rusqlite v0.40.2
2026-10-07T01:04:27.8808638Z [1m[92m   Compiling[0m nagi-runtime v0.1.11 (D:\a\Nagi\Nagi\runtime)
2026-10-07T01:04:37.0687547Z [1m[92m   Compiling[0m nagi-hello-1c070a4da5390ed1 v0.1.0 (D:\a\Nagi\Nagi\build\hello\.nagi\apps\nagi-hello-1c070a4da5390ed1\generations\.staging-g-1928-18dc19b309db057c-0)
2026-10-07T01:04:37.7001445Z [1m[92m    Finished[0m `release` profile [optimized] target(s) in 1m 09s
2026-10-07T01:04:37.7413064Z native: \\?\D:\a\Nagi\Nagi\build\hello\.nagi\apps\nagi-hello-1c070a4da5390ed1\generations\g-1928-18dc19b309db057c-0\nagi-1c070a4da5390ed1-g-1928-18dc19b309db057c-0.exe
2026-10-07T01:04:37.9693119Z EXE: D:\a\Nagi\Nagi\build\distribution\nagi-hello.exe
2026-10-07T01:04:37.9924988Z Size: 1909760 bytes
2026-10-07T01:04:38.3067298Z SHA256: B8E0D94CD3B59D4232CC9913C83808836DDD239158E44814AD060BDD06A3C3E5
2026-10-07T01:04:38.5477159Z ##[group]Run ./scripts/build_windows_demo.ps1 -Source examples/hello.nagi -Offline
2026-10-07T01:04:38.5477847Z [36;1m./scripts/build_windows_demo.ps1 -Source examples/hello.nagi -Offline[0m
2026-10-07T01:04:38.5478533Z [36;1m$output = & ./build/distribution/nagi-hello.exe[0m
2026-10-07T01:04:38.5479065Z [36;1mif ($LASTEXITCODE -ne 0 -or $output -notcontains 'Hello, Nagi!') { throw 'Packaged Hello failed.' }[0m
2026-10-07T01:04:38.5479616Z [36;1m./test-nagi-code/build_fractal_exe.ps1 -Offline[0m
2026-10-07T01:04:38.5480014Z [36;1m$output = 'q' | & ./build/distribution/nagi-fractal.exe[0m
2026-10-07T01:04:38.5480542Z [36;1mif ($LASTEXITCODE -ne 0 -or -not ($output -match 'Goodbye!')) { throw 'Packaged fractal failed.' }[0m
2026-10-07T01:04:38.5557042Z shell: C:\Program Files\PowerShell\7\pwsh.EXE -command ". '{0}'"
2026-10-07T01:04:38.5557392Z env:
2026-10-07T01:04:38.5557642Z   NAGI_FAILURE_DIR: D:\a\Nagi\Nagi/build/compiler-failures
2026-10-07T01:04:38.5558018Z   CARGO_HOME: C:\Users\runneradmin\.cargo
2026-10-07T01:04:38.5558277Z   CARGO_INCREMENTAL: 0
2026-10-07T01:04:38.5558479Z   CARGO_TERM_COLOR: always
2026-10-07T01:04:38.5558776Z   pythonLocation: C:\hostedtoolcache\windows\Python\3.12.10\x64
2026-10-07T01:04:38.5559242Z   PKG_CONFIG_PATH: C:\hostedtoolcache\windows\Python\3.12.10\x64/lib/pkgconfig
2026-10-07T01:04:38.5559684Z   Python_ROOT_DIR: C:\hostedtoolcache\windows\Python\3.12.10\x64
2026-10-07T01:04:38.5560083Z   Python2_ROOT_DIR: C:\hostedtoolcache\windows\Python\3.12.10\x64
2026-10-07T01:04:38.5560510Z   Python3_ROOT_DIR: C:\hostedtoolcache\windows\Python\3.12.10\x64
2026-10-07T01:04:38.5560827Z ##[endgroup]
2026-10-07T01:04:39.1784440Z [1m[92m    Finished[0m `release` profile [optimized] target(s) in 0.14s
2026-10-07T01:04:39.4545633Z [1m[92m   Compiling[0m nagi-hello-1c070a4da5390ed1 v0.1.0 (D:\a\Nagi\Nagi\build\hello\.nagi\apps\nagi-hello-1c070a4da5390ed1\generations\.staging-g-6b0-18dc19c37ea8fda4-0)
2026-10-07T01:04:39.9301763Z [1m[92m    Finished[0m `release` profile [optimized] target(s) in 0.67s
2026-10-07T01:04:39.9501686Z native: \\?\D:\a\Nagi\Nagi\build\hello\.nagi\apps\nagi-hello-1c070a4da5390ed1\generations\g-6b0-18dc19c37ea8fda4-0\nagi-1c070a4da5390ed1-g-6b0-18dc19c37ea8fda4-0.exe
2026-10-07T01:04:39.9767767Z EXE: D:\a\Nagi\Nagi\build\distribution\nagi-hello.exe
2026-10-07T01:04:39.9819303Z Size: 1909760 bytes
2026-10-07T01:04:40.0476780Z SHA256: A08F56437CF9D92077AAE63B92419EF02E9E79913B09DC7A78CC9BB626CA8B53
2026-10-07T01:04:40.2244321Z [1m[92m    Finished[0m `release` profile [optimized] target(s) in 0.08s
2026-10-07T01:04:40.5168660Z [1m[92m     Locking[0m 107 packages to highest compatible versions
2026-10-07T01:04:40.8685493Z [1m[92m   Compiling[0m proc-macro2 v1.0.107
2026-10-07T01:04:40.8690371Z [1m[92m   Compiling[0m unicode-ident v1.0.26
2026-10-07T01:04:40.8697423Z [1m[92m   Compiling[0m quote v1.0.47
2026-10-07T01:04:40.8707677Z [1m[92m   Compiling[0m bytes v1.12.1
2026-10-07T01:04:40.9927332Z [1m[92m   Compiling[0m pin-project-lite v0.2.17
2026-10-07T01:04:41.1434487Z [1m[92m   Compiling[0m itoa v1.0.18
2026-10-07T01:04:41.5891446Z [1m[92m   Compiling[0m windows-link v0.2.1
2026-10-07T01:04:41.5937853Z [1m[92m   Compiling[0m version_check v0.9.5
2026-10-07T01:04:41.6520176Z [1m[92m   Compiling[0m windows-sys v0.61.2
2026-10-07T01:04:42.0824870Z [1m[92m   Compiling[0m generic-array v0.14.7
2026-10-07T01:04:42.6116790Z [1m[92m   Compiling[0m http v1.5.0
2026-10-07T01:04:43.1563230Z [1m[92m   Compiling[0m syn v3.0.6
2026-10-07T01:04:43.3507180Z [1m[92m   Compiling[0m futures-core v0.3.34
2026-10-07T01:04:43.5552088Z [1m[92m   Compiling[0m typenum v1.20.1
2026-10-07T01:04:44.8873524Z [1m[92m   Compiling[0m getrandom v0.3.4
2026-10-07T01:04:45.4806389Z [1m[92m   Compiling[0m zerocopy v0.8.60
2026-10-07T01:04:46.2097457Z [1m[92m   Compiling[0m cfg-if v1.0.5
2026-10-07T01:04:46.3252435Z [1m[92m   Compiling[0m socket2 v0.6.5
2026-10-07T01:04:46.7731180Z [1m[92m   Compiling[0m mio v1.2.4
2026-10-07T01:04:47.4187688Z [1m[92m   Compiling[0m httparse v1.10.1
2026-10-07T01:04:47.6810925Z [1m[92m   Compiling[0m serde_core v1.0.229
2026-10-07T01:04:48.2806775Z [1m[92m   Compiling[0m log v0.4.34
2026-10-07T01:04:49.2365449Z [1m[92m   Compiling[0m rand_core v0.9.5
2026-10-07T01:04:50.2747872Z [1m[92m   Compiling[0m tokio-macros v2.7.2
2026-10-07T01:04:50.5708196Z [1m[92m   Compiling[0m crypto-common v0.1.7
2026-10-07T01:04:50.8527113Z [1m[92m   Compiling[0m block-buffer v0.10.4
2026-10-07T01:04:51.0294172Z [1m[92m   Compiling[0m http-body v1.1.0
2026-10-07T01:04:51.2502325Z [1m[92m   Compiling[0m find-msvc-tools v0.1.14
2026-10-07T01:04:51.5422012Z [1m[92m   Compiling[0m tokio v1.53.2
2026-10-07T01:04:52.7147162Z [1m[92m   Compiling[0m thiserror v2.0.21
2026-10-07T01:04:53.3996707Z [1m[92m   Compiling[0m shlex v2.0.1
2026-10-07T01:04:53.4820821Z [1m[92m   Compiling[0m once_cell v1.21.4
2026-10-07T01:04:53.6862596Z [1m[92m   Compiling[0m cc v1.6.0
2026-10-07T01:04:53.9168521Z [1m[92m   Compiling[0m tracing-core v0.1.36
2026-10-07T01:04:55.4910544Z [1m[92m   Compiling[0m ppv-lite86 v0.2.21
2026-10-07T01:04:55.7365326Z [1m[92m   Compiling[0m digest v0.10.7
2026-10-07T01:04:56.0990511Z [1m[92m   Compiling[0m thiserror-impl v2.0.21
2026-10-07T01:04:56.2341595Z [1m[92m   Compiling[0m rand_chacha v0.9.0
2026-10-07T01:04:56.4010891Z [1m[92m   Compiling[0m futures-macro v0.3.34
2026-10-07T01:04:57.2449902Z [1m[92m   Compiling[0m zmij v1.0.23
2026-10-07T01:04:57.7928451Z [1m[92m   Compiling[0m cpufeatures v0.2.17
2026-10-07T01:04:57.7941811Z [1m[92m   Compiling[0m futures-task v0.3.34
2026-10-07T01:04:57.9822791Z [1m[92m   Compiling[0m slab v0.4.12
2026-10-07T01:04:58.1219094Z [1m[92m   Compiling[0m smallvec v1.16.2
2026-10-07T01:04:58.3494133Z [1m[92m   Compiling[0m futures-sink v0.3.34
2026-10-07T01:04:58.3845775Z [1m[92m   Compiling[0m vcpkg v0.2.15
2026-10-07T01:04:58.4675674Z [1m[92m   Compiling[0m pkg-config v0.3.34
2026-10-07T01:04:58.5619552Z [1m[92m   Compiling[0m serde v1.0.229
2026-10-07T01:04:59.0257260Z [1m[92m   Compiling[0m tower-service v0.3.3
2026-10-07T01:04:59.2725890Z [1m[92m   Compiling[0m futures-util v0.3.34
2026-10-07T01:04:59.2987616Z [1m[92m   Compiling[0m sha1 v0.10.7
2026-10-07T01:04:59.6484713Z [1m[92m   Compiling[0m libsqlite3-sys v0.38.2
2026-10-07T01:05:00.2776723Z [1m[92m   Compiling[0m rand v0.9.5
2026-10-07T01:05:00.3535421Z [1m[92m   Compiling[0m tracing v0.1.44
2026-10-07T01:05:01.0963340Z [1m[92m   Compiling[0m serde_derive v1.0.229
2026-10-07T01:05:01.6634832Z [1m[92m   Compiling[0m serde_json v1.0.151
2026-10-07T01:05:02.0137950Z [1m[92m   Compiling[0m httpdate v1.0.3
2026-10-07T01:05:02.7029092Z [1m[92m   Compiling[0m foldhash v0.2.0
2026-10-07T01:05:03.2269576Z [1m[92m   Compiling[0m tower-layer v0.3.3
2026-10-07T01:05:03.4075435Z [1m[92m   Compiling[0m atomic-waker v1.1.2
2026-10-07T01:05:03.5196305Z [1m[92m   Compiling[0m sync_wrapper v1.0.2
2026-10-07T01:05:03.6217623Z [1m[92m   Compiling[0m data-encoding v2.11.1
2026-10-07T01:05:04.0391264Z [1m[92m   Compiling[0m percent-encoding v2.3.2
2026-10-07T01:05:04.3795788Z [1m[92m   Compiling[0m tungstenite v0.29.0
2026-10-07T01:05:08.1253920Z [1m[92m   Compiling[0m form_urlencoded v1.2.2
2026-10-07T01:05:08.2858455Z [1m[92m   Compiling[0m hyper v1.12.0
2026-10-07T01:05:08.5600397Z [1m[92m   Compiling[0m hashbrown v0.17.1
2026-10-07T01:05:09.8402300Z [1m[92m   Compiling[0m http-body-util v0.1.5
2026-10-07T01:05:10.2232019Z [1m[92m   Compiling[0m mime v0.3.17
2026-10-07T01:05:10.3825264Z [1m[92m   Compiling[0m memchr v2.8.3
2026-10-07T01:05:11.0194855Z [1m[92m   Compiling[0m ryu v1.0.23
2026-10-07T01:05:12.3909356Z [1m[92m   Compiling[0m serde_urlencoded v0.7.1
2026-10-07T01:05:13.8264208Z [1m[92m   Compiling[0m axum-core v0.5.6
2026-10-07T01:05:15.7459527Z [1m[92m   Compiling[0m hyper-util v0.1.21
2026-10-07T01:05:17.1744273Z [1m[92m   Compiling[0m hashlink v0.12.2
2026-10-07T01:05:18.8349071Z [1m[92m   Compiling[0m tokio-tungstenite v0.29.0
2026-10-07T01:05:20.1016072Z [1m[92m   Compiling[0m tower v0.5.3
2026-10-07T01:05:20.8466254Z [1m[92m   Compiling[0m deadpool-runtime v0.3.1
2026-10-07T01:05:21.5908202Z [1m[92m   Compiling[0m serde_path_to_error v0.1.20
2026-10-07T01:05:22.0704382Z [1m[92m   Compiling[0m bitflags v2.13.2
2026-10-07T01:05:22.6346706Z [1m[92m   Compiling[0m matchit v0.8.4
2026-10-07T01:05:23.3096369Z [1m[92m   Compiling[0m fallible-streaming-iterator v0.1.9
2026-10-07T01:05:24.1272714Z [1m[92m   Compiling[0m base64 v0.22.1
2026-10-07T01:05:24.8591589Z [1m[92m   Compiling[0m fallible-iterator v0.3.0
2026-10-07T01:05:25.2954272Z [1m[92m   Compiling[0m deadpool v0.13.1
2026-10-07T01:05:25.2961113Z [1m[92m   Compiling[0m axum v0.8.9
2026-10-07T01:05:25.2966519Z [1m[92m   Compiling[0m bumpalo v3.20.3
2026-10-07T01:05:42.1756597Z [1m[92m   Compiling[0m rusqlite v0.40.2
2026-10-07T01:05:43.2518699Z [1m[92m   Compiling[0m nagi-runtime v0.1.11 (D:\a\Nagi\Nagi\runtime)
2026-10-07T01:05:52.9357347Z [1m[92m   Compiling[0m nagi-fractal-196ea646f47f2f32 v0.1.0 (D:\a\Nagi\Nagi\build\fractal\.nagi\apps\nagi-fractal-196ea646f47f2f32\generations\.staging-g-25c4-18dc19c3bc686eb8-0)
2026-10-07T01:05:53.3846685Z [1m[92m    Finished[0m `release` profile [optimized] target(s) in 1m 13s
2026-10-07T01:05:53.4226614Z native: \\?\D:\a\Nagi\Nagi\build\fractal\.nagi\apps\nagi-fractal-196ea646f47f2f32\generations\g-25c4-18dc19c3bc686eb8-0\nagi-196ea646f47f2f32-g-25c4-18dc19c3bc686eb8-0.exe
2026-10-07T01:05:53.4280618Z EXE: D:\a\Nagi\Nagi\build\distribution\nagi-fractal.exe
2026-10-07T01:05:53.4283993Z Size: 1901056 bytes
2026-10-07T01:05:53.4310254Z SHA256: 7C9DB03AF3D287FB09C6030FFB13FF67FD1DAA8E3864E6E5764A91C3198DCB18
2026-10-07T01:05:53.4940458Z ##[group]Run python scripts/releases/package.py --binary "target/release/$RELEASE_EXECUTABLE" --version "$RELEASE_VERSION" --platform "$RELEASE_PLATFORM"
2026-10-07T01:05:53.4941936Z [36;1mpython scripts/releases/package.py --binary "target/release/$RELEASE_EXECUTABLE" --version "$RELEASE_VERSION" --platform "$RELEASE_PLATFORM"[0m
2026-10-07T01:05:53.4959021Z shell: C:\Program Files\Git\bin\bash.EXE --noprofile --norc -e -o pipefail {0}
2026-10-07T01:05:53.4959427Z env:
2026-10-07T01:05:53.4959681Z   NAGI_FAILURE_DIR: D:\a\Nagi\Nagi/build/compiler-failures
2026-10-07T01:05:53.4960018Z   CARGO_HOME: C:\Users\runneradmin\.cargo
2026-10-07T01:05:53.4960435Z   CARGO_INCREMENTAL: 0
2026-10-07T01:05:53.4960757Z   CARGO_TERM_COLOR: always
2026-10-07T01:05:53.4961063Z   pythonLocation: C:\hostedtoolcache\windows\Python\3.12.10\x64
2026-10-07T01:05:53.4961718Z   PKG_CONFIG_PATH: C:\hostedtoolcache\windows\Python\3.12.10\x64/lib/pkgconfig
2026-10-07T01:05:53.4962205Z   Python_ROOT_DIR: C:\hostedtoolcache\windows\Python\3.12.10\x64
2026-10-07T01:05:53.4962605Z   Python2_ROOT_DIR: C:\hostedtoolcache\windows\Python\3.12.10\x64
2026-10-07T01:05:53.4963001Z   Python3_ROOT_DIR: C:\hostedtoolcache\windows\Python\3.12.10\x64
2026-10-07T01:05:53.4963319Z   RELEASE_VERSION: 0.1.11
2026-10-07T01:05:53.4963548Z   RELEASE_PLATFORM: windows-x86_64
2026-10-07T01:05:53.4963792Z   RELEASE_EXECUTABLE: nagic.exe
2026-10-07T01:05:53.4964010Z ##[endgroup]
2026-10-07T01:05:54.3731701Z D:\a\Nagi\Nagi\build\distribution\nagi-0.1.11-windows-x86_64.zip
2026-10-07T01:05:54.4055660Z ##[group]Run python - <<'PY'
2026-10-07T01:05:54.4056200Z [36;1mpython - <<'PY'[0m
2026-10-07T01:05:54.4056453Z [36;1mimport os, sys[0m
2026-10-07T01:05:54.4056689Z [36;1mfrom pathlib import Path[0m
2026-10-07T01:05:54.4056993Z [36;1msys.path.insert(0, 'scripts/releases')[0m
2026-10-07T01:05:54.4057294Z [36;1mfrom verify import verify[0m
2026-10-07T01:05:54.4057705Z [36;1mversion, platform = os.environ['RELEASE_VERSION'], os.environ['RELEASE_PLATFORM'][0m
2026-10-07T01:05:54.4058189Z [36;1msuffix = '.zip' if os.name == 'nt' else '.tar.gz'[0m
2026-10-07T01:05:54.4058765Z [36;1mverify(Path('build/distribution') / f'nagi-{version}-{platform}{suffix}', version, platform, Path('native-target'))[0m
2026-10-07T01:05:54.4059966Z [36;1mPY[0m
2026-10-07T01:05:54.4076041Z shell: C:\Program Files\Git\bin\bash.EXE --noprofile --norc -e -o pipefail {0}
2026-10-07T01:05:54.4076435Z env:
2026-10-07T01:05:54.4077246Z   NAGI_FAILURE_DIR: D:\a\Nagi\Nagi/build/compiler-failures
2026-10-07T01:05:54.4077816Z   CARGO_HOME: C:\Users\runneradmin\.cargo
2026-10-07T01:05:54.4078235Z   CARGO_INCREMENTAL: 0
2026-10-07T01:05:54.4078563Z   CARGO_TERM_COLOR: always
2026-10-07T01:05:54.4078916Z   pythonLocation: C:\hostedtoolcache\windows\Python\3.12.10\x64
2026-10-07T01:05:54.4079386Z   PKG_CONFIG_PATH: C:\hostedtoolcache\windows\Python\3.12.10\x64/lib/pkgconfig
2026-10-07T01:05:54.4079921Z   Python_ROOT_DIR: C:\hostedtoolcache\windows\Python\3.12.10\x64
2026-10-07T01:05:54.4080450Z   Python2_ROOT_DIR: C:\hostedtoolcache\windows\Python\3.12.10\x64
2026-10-07T01:05:54.4080961Z   Python3_ROOT_DIR: C:\hostedtoolcache\windows\Python\3.12.10\x64
2026-10-07T01:05:54.4081374Z   RELEASE_VERSION: 0.1.11
2026-10-07T01:05:54.4081714Z   RELEASE_PLATFORM: windows-x86_64
2026-10-07T01:05:54.4082050Z   RELEASE_EXECUTABLE: nagic.exe
2026-10-07T01:05:54.4082345Z ##[endgroup]
2026-10-07T01:06:19.7000993Z Verified SQL engine: extracted compiler, offline schema, bad columns/binds, Nagi locations, no Cargo/runtime
2026-10-07T01:06:19.7002106Z Verified 0.1.11 windows-x86_64: PATH, external projects, version, help, function aliases, shared/borrowed JSON, early Nagi diagnostics
2026-10-07T01:06:19.7003159Z Verified local Rust dependency: manifest-relative path, package alias, features, default-features, separate cwd/output
2026-10-07T01:06:19.7004001Z Verified standard actor library: extracted runtime, typed context, task, tracked cleanup
2026-10-07T01:06:19.7005010Z Verified Task handles: extracted compiler/runtime, High/saved Low/handwritten Low, receive/discard, nested business Err, early ownership diagnostics
2026-10-07T01:06:19.7302370Z ##[group]Run python tests/route_integration.py
2026-10-07T01:06:19.7302785Z [36;1mpython tests/route_integration.py[0m
2026-10-07T01:06:19.7375732Z shell: C:\Program Files\PowerShell\7\pwsh.EXE -command ". '{0}'"
2026-10-07T01:06:19.7376089Z env:
2026-10-07T01:06:19.7376330Z   NAGI_FAILURE_DIR: D:\a\Nagi\Nagi/build/compiler-failures
2026-10-07T01:06:19.7376663Z   CARGO_HOME: C:\Users\runneradmin\.cargo
2026-10-07T01:06:19.7376914Z   CARGO_INCREMENTAL: 0
2026-10-07T01:06:19.7377112Z   CARGO_TERM_COLOR: always
2026-10-07T01:06:19.7377400Z   pythonLocation: C:\hostedtoolcache\windows\Python\3.12.10\x64
2026-10-07T01:06:19.7377862Z   PKG_CONFIG_PATH: C:\hostedtoolcache\windows\Python\3.12.10\x64/lib/pkgconfig
2026-10-07T01:06:19.7378305Z   Python_ROOT_DIR: C:\hostedtoolcache\windows\Python\3.12.10\x64
2026-10-07T01:06:19.7378709Z   Python2_ROOT_DIR: C:\hostedtoolcache\windows\Python\3.12.10\x64
2026-10-07T01:06:19.7379161Z   Python3_ROOT_DIR: C:\hostedtoolcache\windows\Python\3.12.10\x64
2026-10-07T01:06:19.7379480Z ##[endgroup]
2026-10-07T01:06:29.3380779Z HTTP route parameters: 7 passed
2026-10-07T01:06:29.4912088Z ##[group]Run python tests/http_stdlib_integration.py
2026-10-07T01:06:29.4912528Z [36;1mpython tests/http_stdlib_integration.py[0m
2026-10-07T01:06:29.4985939Z shell: C:\Program Files\PowerShell\7\pwsh.EXE -command ". '{0}'"
2026-10-07T01:06:29.4986286Z env:
2026-10-07T01:06:29.4986534Z   NAGI_FAILURE_DIR: D:\a\Nagi\Nagi/build/compiler-failures
2026-10-07T01:06:29.4986872Z   CARGO_HOME: C:\Users\runneradmin\.cargo
2026-10-07T01:06:29.4987134Z   CARGO_INCREMENTAL: 0
2026-10-07T01:06:29.4987338Z   CARGO_TERM_COLOR: always
2026-10-07T01:06:29.4987641Z   pythonLocation: C:\hostedtoolcache\windows\Python\3.12.10\x64
2026-10-07T01:06:29.4988108Z   PKG_CONFIG_PATH: C:\hostedtoolcache\windows\Python\3.12.10\x64/lib/pkgconfig
2026-10-07T01:06:29.4988560Z   Python_ROOT_DIR: C:\hostedtoolcache\windows\Python\3.12.10\x64
2026-10-07T01:06:29.4988959Z   Python2_ROOT_DIR: C:\hostedtoolcache\windows\Python\3.12.10\x64
2026-10-07T01:06:29.4989401Z   Python3_ROOT_DIR: C:\hostedtoolcache\windows\Python\3.12.10\x64
2026-10-07T01:06:29.4989933Z ##[endgroup]
2026-10-07T01:06:47.4973618Z Standard HTTP Nagi integration: 72 passed (High and independent Low)
2026-10-07T01:06:47.6165921Z ##[group]Run cargo test --locked -p nagic --test scoped_tasks
2026-10-07T01:06:47.6166450Z [36;1mcargo test --locked -p nagic --test scoped_tasks[0m
2026-10-07T01:06:47.6238085Z shell: C:\Program Files\PowerShell\7\pwsh.EXE -command ". '{0}'"
2026-10-07T01:06:47.6238430Z env:
2026-10-07T01:06:47.6238674Z   NAGI_FAILURE_DIR: D:\a\Nagi\Nagi/build/compiler-failures
2026-10-07T01:06:47.6239023Z   CARGO_HOME: C:\Users\runneradmin\.cargo
2026-10-07T01:06:47.6239279Z   CARGO_INCREMENTAL: 0
2026-10-07T01:06:47.6239480Z   CARGO_TERM_COLOR: always
2026-10-07T01:06:47.6239777Z   pythonLocation: C:\hostedtoolcache\windows\Python\3.12.10\x64
2026-10-07T01:06:47.6240241Z   PKG_CONFIG_PATH: C:\hostedtoolcache\windows\Python\3.12.10\x64/lib/pkgconfig
2026-10-07T01:06:47.6240679Z   Python_ROOT_DIR: C:\hostedtoolcache\windows\Python\3.12.10\x64
2026-10-07T01:06:47.6241088Z   Python2_ROOT_DIR: C:\hostedtoolcache\windows\Python\3.12.10\x64
2026-10-07T01:06:47.6241511Z   Python3_ROOT_DIR: C:\hostedtoolcache\windows\Python\3.12.10\x64
2026-10-07T01:06:47.6241818Z ##[endgroup]
2026-10-07T01:06:48.0299142Z [1m[92m   Compiling[0m nagic v0.1.11 (D:\a\Nagi\Nagi\compiler)
2026-10-07T01:06:48.9137606Z [1m[92m    Finished[0m `test` profile [unoptimized + debuginfo] target(s) in 0.98s
2026-10-07T01:06:48.9179834Z [1m[92m     Running[0m tests\scoped_tasks.rs (target\debug\deps\scoped_tasks-2e92580973fbed6e.exe)
2026-10-07T01:06:48.9293434Z 
2026-10-07T01:06:48.9293806Z running 5 tests
2026-10-07T01:06:48.9344028Z test moving_an_owned_argument_still_consumes_it_before_later_parent_work ... ok
2026-10-07T01:06:48.9433527Z test scope_rejects_known_foreign_error_types_and_preserves_local_error_adapters ... ok
2026-10-07T01:06:48.9447906Z test futures_that_still_hold_views_are_rejected_after_copying_containers ... ok
2026-10-07T01:06:48.9619631Z test copied_views_and_values_computed_from_views_can_enter_tasks ... ok
2026-10-07T01:06:49.2778487Z test spawn_evaluates_owned_arguments_before_parent_continues_and_keeps_sources ... ok
2026-10-07T01:06:49.2779436Z 
2026-10-07T01:06:49.2780136Z test result: ok. 5 passed; 0 failed; 0 ignored; 0 measured; 0 filtered out; finished in 0.35s
2026-10-07T01:06:49.2780797Z 
2026-10-07T01:06:49.4285897Z ##[group]Run cargo test --locked -p nagi-runtime actor::
2026-10-07T01:06:49.4286406Z [36;1mcargo test --locked -p nagi-runtime actor::[0m
2026-10-07T01:06:49.4286811Z [36;1mcargo test --locked -p nagi-runtime supervisor_drop[0m
2026-10-07T01:06:49.4358570Z shell: C:\Program Files\PowerShell\7\pwsh.EXE -command ". '{0}'"
2026-10-07T01:06:49.4358908Z env:
2026-10-07T01:06:49.4359148Z   NAGI_FAILURE_DIR: D:\a\Nagi\Nagi/build/compiler-failures
2026-10-07T01:06:49.4359473Z   CARGO_HOME: C:\Users\runneradmin\.cargo
2026-10-07T01:06:49.4359733Z   CARGO_INCREMENTAL: 0
2026-10-07T01:06:49.4359964Z   CARGO_TERM_COLOR: always
2026-10-07T01:06:49.4360258Z   pythonLocation: C:\hostedtoolcache\windows\Python\3.12.10\x64
2026-10-07T01:06:49.4360723Z   PKG_CONFIG_PATH: C:\hostedtoolcache\windows\Python\3.12.10\x64/lib/pkgconfig
2026-10-07T01:06:49.4361201Z   Python_ROOT_DIR: C:\hostedtoolcache\windows\Python\3.12.10\x64
2026-10-07T01:06:49.4361631Z   Python2_ROOT_DIR: C:\hostedtoolcache\windows\Python\3.12.10\x64
2026-10-07T01:06:49.4362025Z   Python3_ROOT_DIR: C:\hostedtoolcache\windows\Python\3.12.10\x64
2026-10-07T01:06:49.4362331Z ##[endgroup]
2026-10-07T01:06:49.8797329Z [1m[92m    Finished[0m `test` profile [unoptimized + debuginfo] target(s) in 0.14s
2026-10-07T01:06:49.8863781Z [1m[92m     Running[0m unittests src\lib.rs (target\debug\deps\nagi_runtime-a770d1c1efa4fc1d.exe)
2026-10-07T01:06:49.8931591Z 
2026-10-07T01:06:49.8932057Z running 44 tests
2026-10-07T01:06:49.8936793Z test actor::charge::tests::arithmetic_and_expired_deadlines_fail_before_acceptance ... ok
2026-10-07T01:06:49.8938468Z test actor::charge::tests::list_capacity_and_only_initialized_elements_contribute_heap ... ok
2026-10-07T01:06:49.8939645Z test actor::charge::tests::option_and_result_visit_only_the_active_payload ... ok
2026-10-07T01:06:49.8942616Z test actor::charge::tests::recursive_owned_graphs_obey_depth_limit_and_restore_walk_after_errors ... ok
2026-10-07T01:06:49.8943839Z test actor::charge::tests::root_inline_and_envelope_are_counted_once ... ok
2026-10-07T01:06:49.8954903Z test actor::charge::tests::retained_string_bytes_and_error_capacities_are_charged ... ok
2026-10-07T01:06:49.8968125Z test actor::charge::tests::inline_only_lists_skip_every_element_and_zero_sized_capacity_is_safe ... ok
2026-10-07T01:06:49.8981078Z test actor::lifecycle_adversarial_tests::a_factory_constructor_panic_does_not_lose_the_context_cleanup_obligation ... ok
2026-10-07T01:06:49.9093131Z test actor::charge::tests::work_budget_includes_root_and_initialized_non_inline_elements ... ok
2026-10-07T01:06:49.9097976Z test actor::lifecycle_adversarial_tests::a_late_buffered_outer_failure_obeys_the_same_reply_deadline ... ok
2026-10-07T01:06:49.9553941Z test actor::lifecycle_adversarial_tests::a_blocking_panic_payload_destructor_remains_a_retained_child_obligation ... ok
2026-10-07T01:06:49.9567113Z test actor::lifecycle_adversarial_tests::a_panic_payload_destructor_can_observe_and_stop_its_group_without_a_lock_cycle ... ok
2026-10-07T01:06:49.9571574Z test actor::lifecycle_adversarial_tests::a_reply_completed_after_deadline_times_out_even_when_already_buffered ... ok
2026-10-07T01:06:49.9575054Z test actor::lifecycle_adversarial_tests::a_reply_completed_before_deadline_succeeds_when_the_caller_polls_after_deadline ... ok
2026-10-07T01:06:49.9589660Z test actor::lifecycle_adversarial_tests::a_blocking_native_poll_retains_its_child_record_until_it_returns ... ok
2026-10-07T01:06:49.9591434Z test actor::lifecycle_adversarial_tests::a_finite_follow_on_panic_payload_retains_the_guard_and_context_until_drop_finishes ... ok
2026-10-07T01:06:49.9602619Z test actor::lifecycle_adversarial_tests::an_event_only_surviving_control_drains_cleanup_and_observes_stream_close ... ok
2026-10-07T01:06:49.9745579Z test actor::lifecycle_adversarial_tests::a_non_yielding_poll_cannot_be_reported_as_completed_cleanup ... ok
2026-10-07T01:06:49.9909959Z test actor::lifecycle_adversarial_tests::an_unrestarted_child_failure_is_retained_while_a_healthy_sibling_continues ... ok
2026-10-07T01:06:49.9916081Z test actor::lifecycle_adversarial_tests::context_owned_by_a_child_panic_payload_is_cleaned_before_final_context_cleanup ... ok
2026-10-07T01:06:50.0224083Z test actor::lifecycle_adversarial_tests::abort_does_not_complete_before_the_child_future_destructor_finishes ... ok
2026-10-07T01:06:50.0225810Z test actor::lifecycle_adversarial_tests::a_surviving_control_can_finish_cleanup_after_the_running_owner_is_dropped ... ok
2026-10-07T01:06:50.0231800Z test actor::lifecycle_adversarial_tests::origin_runtime_cancellation_does_not_restart_a_permanent_child_on_a_surviving_runtime ... ok
2026-10-07T01:06:50.0242197Z test actor::lifecycle_adversarial_tests::panicking_factory_destruction_during_owner_drop_cannot_strand_context_cleanup ... ok
2026-10-07T01:06:50.0251564Z test actor::lifecycle_adversarial_tests::stop_during_factory_construction_cancels_every_later_inserted_child ... ok
2026-10-07T01:06:50.0262408Z test actor::lifecycle_adversarial_tests::user_destructors_do_not_run_under_the_ledger_or_stop_lock ... ok
2026-10-07T01:06:50.0279301Z test actor::tests::a_smaller_immediate_call_cannot_bypass_a_waiting_byte_reservation ... ok
2026-10-07T01:06:50.0289183Z test actor::tests::an_expired_admission_deadline_rejects_even_immediately_ready_operations ... ok
2026-10-07T01:06:50.0397869Z test actor::lifecycle_adversarial_tests::canceled_observation_keeps_unfinished_joins_available_to_another_control ... ok
2026-10-07T01:06:50.0543751Z test actor::tests::business_error_preserves_owned_state_and_restart_is_one_for_one ... ok
2026-10-07T01:06:50.0554750Z test actor::tests::canceled_event_wait_does_not_consume_a_concurrently_published_event ... ok
2026-10-07T01:06:50.0697865Z test actor::tests::escaped_readiness_tokens_reject_old_generations_and_do_not_retain_the_group ... ok
2026-10-07T01:06:50.0700629Z test actor::tests::caller_timeout_keeps_accepted_work_and_all_reservations_until_handler_finishes ... ok
2026-10-07T01:06:50.0857154Z test actor::lifecycle_adversarial_tests::final_context_destruction_is_a_retained_phase_before_completion ... ok
2026-10-07T01:06:50.0866146Z test actor::tests::lifecycle_events_are_ordered_bounded_and_keep_utf8_truncation_metadata ... ok
2026-10-07T01:06:50.1015011Z test actor::tests::event_deadlines_include_lock_contention_and_preserve_the_cursor ... ok
2026-10-07T01:06:50.1018360Z test actor::tests::global_restart_intensity_counts_attempts_and_stops_a_pending_sibling ... ok
2026-10-07T01:06:50.1024182Z test actor::tests::normally_finished_task_tokens_are_invalid_while_the_supervisor_stays_running ... ok
2026-10-07T01:06:50.1033697Z test actor::tests::oversized_business_reply_keeps_next_state_and_retained_input_capacity_is_checked ... ok
2026-10-07T01:06:50.1035475Z test actor::tests::native_factory_construction_is_included_in_the_startup_deadline ... ok
2026-10-07T01:06:50.1039713Z test actor::tests::stopped_tasks_cannot_publish_readiness_and_legacy_tasks_never_publish_it ... ok
2026-10-07T01:06:50.1170589Z test actor::tests::task_readiness_follows_initialization_once_without_changing_started ... ok
2026-10-07T01:06:50.1171537Z test actor::tests::startup_deadline_and_zero_restart_budget_end_the_group_without_a_ready_actor ... ok
2026-10-07T01:06:50.1453293Z test actor::lifecycle_adversarial_tests::delayed_native_context_owners_then_actual_context_drop_precede_completion ... ok
2026-10-07T01:06:50.1453956Z 
2026-10-07T01:06:50.1454414Z test result: ok. 44 passed; 0 failed; 0 ignored; 0 measured; 164 filtered out; finished in 0.25s
2026-10-07T01:06:50.1454859Z 
2026-10-07T01:06:50.1481533Z [1m[92m     Running[0m tests\task_handles.rs (target\debug\deps\task_handles-1352ddeda06405d9.exe)
2026-10-07T01:06:50.1538355Z 
2026-10-07T01:06:50.1538610Z running 0 tests
2026-10-07T01:06:50.1538837Z 
2026-10-07T01:06:50.1539441Z test result: ok. 0 passed; 0 failed; 0 ignored; 0 measured; 3 filtered out; finished in 0.00s
2026-10-07T01:06:50.1540356Z 
2026-10-07T01:06:50.3184437Z [1m[92m    Finished[0m `test` profile [unoptimized + debuginfo] target(s) in 0.12s
2026-10-07T01:06:50.3253272Z [1m[92m     Running[0m unittests src\lib.rs (target\debug\deps\nagi_runtime-a770d1c1efa4fc1d.exe)
2026-10-07T01:06:50.3317403Z 
2026-10-07T01:06:50.3317801Z running 2 tests
2026-10-07T01:06:50.3332349Z test concurrent::tests::supervisor_drop_while_waiting_for_worker_start ... ok
2026-10-07T01:06:50.3333026Z test concurrent::tests::supervisor_drop_after_worker_start ... ok
2026-10-07T01:06:50.3333320Z 
2026-10-07T01:06:50.3333659Z test result: ok. 2 passed; 0 failed; 0 ignored; 0 measured; 206 filtered out; finished in 0.00s
2026-10-07T01:06:50.3334030Z 
2026-10-07T01:06:50.3351571Z [1m[92m     Running[0m tests\task_handles.rs (target\debug\deps\task_handles-1352ddeda06405d9.exe)
2026-10-07T01:06:50.3405837Z 
2026-10-07T01:06:50.3406147Z running 0 tests
2026-10-07T01:06:50.3406370Z 
2026-10-07T01:06:50.3406964Z test result: ok. 0 passed; 0 failed; 0 ignored; 0 measured; 3 filtered out; finished in 0.00s
2026-10-07T01:06:50.3407486Z 
2026-10-07T01:06:50.4701934Z ##[group]Run cargo test --locked -p nagi-runtime database::tests
2026-10-07T01:06:50.4702489Z [36;1mcargo test --locked -p nagi-runtime database::tests[0m
2026-10-07T01:06:50.4773263Z shell: C:\Program Files\PowerShell\7\pwsh.EXE -command ". '{0}'"
2026-10-07T01:06:50.4773604Z env:
2026-10-07T01:06:50.4773844Z   NAGI_FAILURE_DIR: D:\a\Nagi\Nagi/build/compiler-failures
2026-10-07T01:06:50.4774185Z   CARGO_HOME: C:\Users\runneradmin\.cargo
2026-10-07T01:06:50.4774437Z   CARGO_INCREMENTAL: 0
2026-10-07T01:06:50.4774644Z   CARGO_TERM_COLOR: always
2026-10-07T01:06:50.4775121Z   pythonLocation: C:\hostedtoolcache\windows\Python\3.12.10\x64
2026-10-07T01:06:50.4775571Z   PKG_CONFIG_PATH: C:\hostedtoolcache\windows\Python\3.12.10\x64/lib/pkgconfig
2026-10-07T01:06:50.4776023Z   Python_ROOT_DIR: C:\hostedtoolcache\windows\Python\3.12.10\x64
2026-10-07T01:06:50.4776435Z   Python2_ROOT_DIR: C:\hostedtoolcache\windows\Python\3.12.10\x64
2026-10-07T01:06:50.4776882Z   Python3_ROOT_DIR: C:\hostedtoolcache\windows\Python\3.12.10\x64
2026-10-07T01:06:50.4777202Z ##[endgroup]
2026-10-07T01:06:50.9069747Z [1m[92m    Finished[0m `test` profile [unoptimized + debuginfo] target(s) in 0.12s
2026-10-07T01:06:50.9138297Z [1m[92m     Running[0m unittests src\lib.rs (target\debug\deps\nagi_runtime-a770d1c1efa4fc1d.exe)
2026-10-07T01:06:50.9202560Z 
2026-10-07T01:06:50.9202924Z running 6 tests
2026-10-07T01:06:50.9237367Z test database::tests::column_order_independent ... ok
2026-10-07T01:06:50.9245267Z test database::tests::exec_counts_trigger_changes_and_preserves_sql_errors ... ok
2026-10-07T01:06:50.9246876Z test database::tests::crud_and_parameterization ... ok
2026-10-07T01:06:50.9248001Z test database::tests::exec_counts_only_changes_in_the_current_batch ... ok
2026-10-07T01:06:50.9255941Z test database::tests::missing_column_is_error ... ok
2026-10-07T01:06:50.9258192Z test database::tests::runtime_type_mismatch ... ok
2026-10-07T01:06:50.9258599Z 
2026-10-07T01:06:50.9259185Z test result: ok. 6 passed; 0 failed; 0 ignored; 0 measured; 202 filtered out; finished in 0.01s
2026-10-07T01:06:50.9259763Z 
2026-10-07T01:06:50.9282805Z [1m[92m     Running[0m tests\task_handles.rs (target\debug\deps\task_handles-1352ddeda06405d9.exe)
2026-10-07T01:06:50.9337470Z 
2026-10-07T01:06:50.9337688Z running 0 tests
2026-10-07T01:06:50.9337941Z 
2026-10-07T01:06:50.9338456Z test result: ok. 0 passed; 0 failed; 0 ignored; 0 measured; 3 filtered out; finished in 0.00s
2026-10-07T01:06:50.9338839Z 
2026-10-07T01:06:51.0588409Z ##[group]Run cargo test --locked -p nagi-runtime sqlite_prototype
2026-10-07T01:06:51.0588979Z [36;1mcargo test --locked -p nagi-runtime sqlite_prototype[0m
2026-10-07T01:06:51.0661762Z shell: C:\Program Files\PowerShell\7\pwsh.EXE -command ". '{0}'"
2026-10-07T01:06:51.0662115Z env:
2026-10-07T01:06:51.0662357Z   NAGI_FAILURE_DIR: D:\a\Nagi\Nagi/build/compiler-failures
2026-10-07T01:06:51.0662689Z   CARGO_HOME: C:\Users\runneradmin\.cargo
2026-10-07T01:06:51.0662950Z   CARGO_INCREMENTAL: 0
2026-10-07T01:06:51.0663150Z   CARGO_TERM_COLOR: always
2026-10-07T01:06:51.0663434Z   pythonLocation: C:\hostedtoolcache\windows\Python\3.12.10\x64
2026-10-07T01:06:51.0663889Z   PKG_CONFIG_PATH: C:\hostedtoolcache\windows\Python\3.12.10\x64/lib/pkgconfig
2026-10-07T01:06:51.0664327Z   Python_ROOT_DIR: C:\hostedtoolcache\windows\Python\3.12.10\x64
2026-10-07T01:06:51.0664716Z   Python2_ROOT_DIR: C:\hostedtoolcache\windows\Python\3.12.10\x64
2026-10-07T01:06:51.0665149Z   Python3_ROOT_DIR: C:\hostedtoolcache\windows\Python\3.12.10\x64
2026-10-07T01:06:51.0665479Z ##[endgroup]
2026-10-07T01:06:51.5450323Z [1m[92m    Finished[0m `test` profile [unoptimized + debuginfo] target(s) in 0.13s
2026-10-07T01:06:51.5521615Z [1m[92m     Running[0m unittests src\lib.rs (target\debug\deps\nagi_runtime-a770d1c1efa4fc1d.exe)
2026-10-07T01:06:51.5588793Z 
2026-10-07T01:06:51.5589204Z running 61 tests
2026-10-07T01:06:51.5595285Z test sqlite_prototype::acquire_tests::acquire_budget_arithmetic_keeps_immediate_distinct_and_checks_overflow ... ok
2026-10-07T01:06:51.5632808Z test sqlite_prototype::acquire_tests::acquire_expired_finite_budget_does_not_register_even_when_native_free ... ok
2026-10-07T01:06:51.5634515Z test sqlite_prototype::acquire_tests::acquire_expiry_does_not_replace_closed_or_recycle_failure_cause ... ok
2026-10-07T01:06:51.5636844Z test sqlite_prototype::acquire_tests::acquire_immediate_free_reserves_before_slow_startup_and_reuses ... ok
2026-10-07T01:06:51.5651279Z test sqlite_prototype::acquire_tests::acquire_immediate_logical_full_is_timeout_without_pool_failure ... ok
2026-10-07T01:06:51.5673880Z test sqlite_prototype::acquire_tests::acquire_same_task_scopes_are_isolated_and_drop_restores_legacy_begin ... ok
2026-10-07T01:06:51.5703667Z test sqlite_prototype::adapter_tests::acquired_deadpool_object_after_close_is_rejected_before_user_begin ... ok
2026-10-07T01:06:51.5727602Z test sqlite_prototype::adapter_tests::callback_panic_retires_pool_and_join_does_not_hide_native_close_failure ... ok
2026-10-07T01:06:51.5741259Z test sqlite_prototype::adapter_tests::cancelled_begin_reply_keeps_checkout_until_eof_rollback_is_observed ... ok
2026-10-07T01:06:51.5759430Z test sqlite_prototype::adapter_tests::cancelled_create_cannot_start_replacement_before_old_native_worker_joins ... ok
2026-10-07T01:06:51.5781875Z test sqlite_prototype::adapter_tests::cancelled_get_during_create_preserves_startup_close_and_join_owner ... ok
2026-10-07T01:06:51.5800887Z test sqlite_prototype::adapter_tests::cancelled_tx_keeps_deadpool_checkout_until_native_cleanup_completes ... ok
2026-10-07T01:06:51.5821305Z test sqlite_prototype::adapter_tests::close_clone_and_cancel_keep_closing_while_active_checkout_can_finish ... ok
2026-10-07T01:06:51.5832650Z test sqlite_prototype::adapter_tests::close_retires_idle_worker_while_stock_permit_is_reserved_for_unpolled_waiter ... ok
2026-10-07T01:06:51.5922252Z test sqlite_prototype::adapter_tests::close_waits_for_registered_create_and_late_create_cannot_begin ... ok
2026-10-07T01:06:51.5941205Z test sqlite_prototype::adapter_tests::deadpool_adapter_reuses_same_native_worker_and_sql_session_core ... ok
2026-10-07T01:06:51.5952565Z test sqlite_prototype::adapter_tests::deadpool_recycle_error_stops_create_instead_of_default_replacement ... ok
2026-10-07T01:06:51.5979141Z test sqlite_prototype::adapter_tests::joined_is_published_only_after_terminal_native_failure_is_in_ledger ... ok
2026-10-07T01:06:51.5993171Z test sqlite_prototype::adapter_tests::last_adapter_drop_closes_idle_worker_without_observer_owning_pool_or_tx_sender ... ok
2026-10-07T01:06:51.6002874Z test sqlite_prototype::adapter_tests::last_adapter_drop_preserves_active_tx_until_its_explicit_finish ... ok
2026-10-07T01:06:51.6202298Z test sqlite_prototype::adapter_tests::multi_b_terminal_failure_is_published_without_waiting_for_a ... ok
2026-10-07T01:06:51.6418966Z test sqlite_prototype::adapter_tests::multi_cancelled_b_joins_and_c_begins_before_healthy_a_finishes ... ok
2026-10-07T01:06:51.6728851Z test sqlite_prototype::adapter_tests::multi_close_during_b_startup_preserves_a_and_all_join_responsibility ... ok
2026-10-07T01:06:51.6914919Z test sqlite_prototype::adapter_tests::multi_native_spawn_failure_keeps_cause_without_native_b_or_fake_join ... ok
2026-10-07T01:06:51.7097218Z test sqlite_prototype::adapter_tests::multi_observer_spawn_failure_never_starts_or_fake_joins_native_b ... ok
2026-10-07T01:06:51.7282964Z test sqlite_prototype::adapter_tests::multi_stock_detach_permit_gap_respects_native_cap_with_a_active ... ok
2026-10-07T01:06:51.7666568Z test sqlite_prototype::adapter_tests::multi_two_filesystem_connections_begin_while_first_tx_stays_active ... ok
2026-10-07T01:06:51.7668045Z test sqlite_prototype::acquire_tests::acquire_absolute_budget_survives_logical_wait_to_native_fence ... ok
2026-10-07T01:06:51.7680146Z test sqlite_prototype::adapter_tests::native_cleanup_failure_closes_deadpool_and_never_creates_replacement ... ok
2026-10-07T01:06:51.7683584Z test sqlite_prototype::adapter_tests::native_close_failure_is_kept_after_deadpool_objects_and_workers_are_gone ... ok
2026-10-07T01:06:51.7697273Z test sqlite_prototype::adapter_tests::resize_zero_uses_worker_drop_even_when_manager_detach_is_bypassed ... ok
2026-10-07T01:06:51.7701649Z test sqlite_prototype::adapter_tests::object_take_and_last_pool_drop_both_preserve_native_close_join_observation ... ok
2026-10-07T01:06:51.7723586Z test sqlite_prototype::adapter_tests::stock_detach_permit_before_handle_drop_cannot_start_another_native_worker ... ok
2026-10-07T01:06:51.7727368Z test sqlite_prototype::adapter_tests::taken_object_cannot_start_replacement_before_old_native_worker_joins ... ok
2026-10-07T01:06:51.7739032Z test sqlite_prototype::adapter_tests::tokio_runtime_drop_cannot_return_native_owned_checkout_before_cleanup ... ok
2026-10-07T01:06:52.5674611Z test sqlite_prototype::acquire_tests::acquire_immediate_native_full_after_stock_detach_is_timeout ... ok
2026-10-07T01:06:52.5692466Z test sqlite_prototype::tests::begin_reply_cancellation_closes_only_sender_and_runs_observed_cleanup ... ok
2026-10-07T01:06:52.5718428Z test sqlite_prototype::tests::cancelled_commit_reply_preserves_committed_data_and_does_not_retry ... ok
2026-10-07T01:06:52.5735974Z test sqlite_prototype::acquire_tests::acquire_registered_startup_and_begin_are_outside_finite_budget ... ok
2026-10-07T01:06:52.5748337Z test sqlite_prototype::tests::cancelled_finish_before_full_inbox_admission_uses_eof_cleanup ... ok
2026-10-07T01:06:52.5777926Z test sqlite_prototype::tests::close_timeout_and_cancel_keep_closing_until_native_close_and_join ... ok
2026-10-07T01:06:52.5794005Z test sqlite_prototype::tests::commit_after_native_auto_rollback_returns_aborted_error_instead_of_success ... ok
2026-10-07T01:06:52.5799630Z test sqlite_prototype::tests::commit_failure_and_failed_cleanup_preserve_both_causes_and_unknown_outcome ... ok
2026-10-07T01:06:52.5818019Z test sqlite_prototype::tests::committed_outcome_and_cleanup_failure_are_both_preserved ... ok
2026-10-07T01:06:52.5831024Z test sqlite_prototype::tests::eof_cleanup_blocks_next_session_and_unpolled_finish_still_owns_cleanup ... ok
2026-10-07T01:06:52.5851905Z test sqlite_prototype::tests::failed_commit_with_successful_observed_rollback_can_reuse_connection ... ok
2026-10-07T01:06:52.5869541Z test sqlite_prototype::tests::existing_trigger_and_or_rollback_abort_session_and_reject_later_sql ... ok
2026-10-07T01:06:52.5884634Z test sqlite_prototype::tests::full_inbox_and_cancelled_admitted_operation_drain_before_eof_rollback ... ok
2026-10-07T01:06:52.5890662Z test sqlite_prototype::tests::management_panic_restores_raii_flag_before_observed_rollback_and_retirement ... ok
2026-10-07T01:06:52.5906049Z test sqlite_prototype::tests::native_close_failure_is_not_reported_as_success_even_after_join ... ok
2026-10-07T01:06:52.5937506Z test sqlite_prototype::tests::ordinary_sql_error_does_not_abort_active_session_and_exec_counts_direct_changes ... ok
2026-10-07T01:06:52.5939548Z test sqlite_prototype::tests::one_statement_anonymous_bind_and_operation_shape_are_checked_before_step ... ok
2026-10-07T01:06:52.5971515Z test sqlite_prototype::tests::owned_bind_values_and_decode_errors_use_native_row_contract ... ok
2026-10-07T01:06:52.5984945Z test sqlite_prototype::tests::pragma_tvf_existing_views_and_schema_reprepare_keep_authorizer_installed ... ok
2026-10-07T01:06:52.6009291Z test sqlite_prototype::tests::rollback_failure_is_observed_without_native_drop_retry_and_retires_connection ... ok
2026-10-07T01:06:52.6014591Z test sqlite_prototype::tests::raise_fail_preserves_active_prior_effects_until_explicit_rollback ... ok
2026-10-07T01:06:52.6080193Z test sqlite_prototype::tests::trigger_pragma_is_denied_and_native_prior_effects_require_explicit_rollback ... ok
2026-10-07T01:06:52.6081816Z test sqlite_prototype::tests::sql_policy_denies_control_in_every_entry_and_keeps_tx_active ... ok
2026-10-07T01:06:52.6092968Z test sqlite_prototype::tests::user_callback_panic_restores_management_state_and_retires_worker ... ok
2026-10-07T01:06:53.7292068Z test sqlite_prototype::comparison::direct_and_deadpool_warm_native_session_comparison ... ok
2026-10-07T01:06:53.7865784Z test sqlite_prototype::comparison::bounded_and_unbounded_deadpool_warm_comparison ... ok
2026-10-07T01:06:53.7866451Z 
2026-10-07T01:06:53.7866835Z test result: ok. 61 passed; 0 failed; 0 ignored; 0 measured; 147 filtered out; finished in 2.23s
2026-10-07T01:06:53.7867203Z 
2026-10-07T01:06:53.7899897Z [1m[92m     Running[0m tests\task_handles.rs (target\debug\deps\task_handles-1352ddeda06405d9.exe)
2026-10-07T01:06:53.7959705Z 
2026-10-07T01:06:53.7960024Z running 0 tests
2026-10-07T01:06:53.7960294Z 
2026-10-07T01:06:53.7960948Z test result: ok. 0 passed; 0 failed; 0 ignored; 0 measured; 3 filtered out; finished in 0.00s
2026-10-07T01:06:53.7961600Z 
2026-10-07T01:06:53.9229310Z ##[group]Run python scripts/verify_application_examples.py
2026-10-07T01:06:53.9229786Z [36;1mpython scripts/verify_application_examples.py[0m
2026-10-07T01:06:53.9302163Z shell: C:\Program Files\PowerShell\7\pwsh.EXE -command ". '{0}'"
2026-10-07T01:06:53.9302511Z env:
2026-10-07T01:06:53.9302748Z   NAGI_FAILURE_DIR: D:\a\Nagi\Nagi/build/compiler-failures
2026-10-07T01:06:53.9303068Z   CARGO_HOME: C:\Users\runneradmin\.cargo
2026-10-07T01:06:53.9303321Z   CARGO_INCREMENTAL: 0
2026-10-07T01:06:53.9303520Z   CARGO_TERM_COLOR: always
2026-10-07T01:06:53.9303810Z   pythonLocation: C:\hostedtoolcache\windows\Python\3.12.10\x64
2026-10-07T01:06:53.9304263Z   PKG_CONFIG_PATH: C:\hostedtoolcache\windows\Python\3.12.10\x64/lib/pkgconfig
2026-10-07T01:06:53.9304733Z   Python_ROOT_DIR: C:\hostedtoolcache\windows\Python\3.12.10\x64
2026-10-07T01:06:53.9305126Z   Python2_ROOT_DIR: C:\hostedtoolcache\windows\Python\3.12.10\x64
2026-10-07T01:06:53.9305548Z   Python3_ROOT_DIR: C:\hostedtoolcache\windows\Python\3.12.10\x64
2026-10-07T01:06:53.9305858Z ##[endgroup]
2026-10-07T01:06:55.8999025Z Passed: stock-report (high)
2026-10-07T01:06:57.5357968Z Passed: stock-report (low)
2026-10-07T01:07:08.8289081Z Passed: device-settings (high)
2026-10-07T01:07:20.1962175Z Passed: device-settings (low)
2026-10-07T01:07:25.0478220Z Passed: seat-reservations (high)
2026-10-07T01:07:29.7674086Z Passed: seat-reservations (low)
2026-10-07T01:07:31.3439167Z Passed: file-json (high)
2026-10-07T01:07:32.9632215Z Passed: file-json (low)
2026-10-07T01:07:43.8860846Z Passed: quote-api (high)
2026-10-07T01:07:54.7893858Z Passed: quote-api (low)
2026-10-07T01:08:00.0531757Z Passed: supervised-worker (high)
2026-10-07T01:08:05.1477888Z Passed: supervised-worker (low)
2026-10-07T01:08:11.9995951Z Passed: byte-inspector (high)
2026-10-07T01:08:18.8202537Z Passed: byte-inspector (low)
2026-10-07T01:08:34.2251177Z Passed: axum-service (high)
2026-10-07T01:08:49.8416177Z Passed: axum-service (low)
2026-10-07T01:09:07.7457881Z Passed: auth-boundary (high)
2026-10-07T01:09:24.7884765Z Passed: auth-boundary (low)
2026-10-07T01:09:26.7099571Z Passed: order-quote (low)
2026-10-07T01:09:26.7100225Z {"projects": 10, "runs": 19, "status": "passed"}
2026-10-07T01:09:26.8479441Z ##[group]Run ./scripts/releases/test_install.ps1 -Archive "build/distribution/nagi-$env:RELEASE_VERSION-windows-x86_64.zip" -Version $env:RELEASE_VERSION -TestUserPath
2026-10-07T01:09:26.8480744Z [36;1m./scripts/releases/test_install.ps1 -Archive "build/distribution/nagi-$env:RELEASE_VERSION-windows-x86_64.zip" -Version $env:RELEASE_VERSION -TestUserPath[0m
2026-10-07T01:09:26.8557292Z shell: C:\Program Files\PowerShell\7\pwsh.EXE -command ". '{0}'"
2026-10-07T01:09:26.8557649Z env:
2026-10-07T01:09:26.8557919Z   NAGI_FAILURE_DIR: D:\a\Nagi\Nagi/build/compiler-failures
2026-10-07T01:09:26.8558261Z   CARGO_HOME: C:\Users\runneradmin\.cargo
2026-10-07T01:09:26.8558533Z   CARGO_INCREMENTAL: 0
2026-10-07T01:09:26.8558740Z   CARGO_TERM_COLOR: always
2026-10-07T01:09:26.8559039Z   pythonLocation: C:\hostedtoolcache\windows\Python\3.12.10\x64
2026-10-07T01:09:26.8559508Z   PKG_CONFIG_PATH: C:\hostedtoolcache\windows\Python\3.12.10\x64/lib/pkgconfig
2026-10-07T01:09:26.8560011Z   Python_ROOT_DIR: C:\hostedtoolcache\windows\Python\3.12.10\x64
2026-10-07T01:09:26.8560409Z   Python2_ROOT_DIR: C:\hostedtoolcache\windows\Python\3.12.10\x64
2026-10-07T01:09:26.8560803Z   Python3_ROOT_DIR: C:\hostedtoolcache\windows\Python\3.12.10\x64
2026-10-07T01:09:26.8561123Z   RELEASE_VERSION: 0.1.11
2026-10-07T01:09:26.8561326Z ##[endgroup]
2026-10-07T01:09:28.5470028Z 
2026-10-07T01:09:28.5528991Z [OK] Installed Nagi 0.1.11 (prebuilt compiler).
2026-10-07T01:09:28.5543965Z      Location: C:\Users\runneradmin\AppData\Local\Temp\nagi installer space 254885f5-a895-4822-8338-6a7316542776\versions\nagi-0.1.11-windows-x86_64
2026-10-07T01:09:28.5553561Z      Command: C:\Users\runneradmin\AppData\Local\Temp\nagi installer space 254885f5-a895-4822-8338-6a7316542776\versions\current\nagic.exe
2026-10-07T01:09:28.5560280Z 
2026-10-07T01:09:28.5570361Z [NEXT] Try in this terminal: nagic --version
2026-10-07T01:09:28.5577907Z        Restart VS Code to refresh its PATH.
2026-10-07T01:09:28.5585141Z 
2026-10-07T01:09:28.5594263Z [INFO] To build your own Nagi apps with nagic build/run:
2026-10-07T01:09:28.5601516Z        Rust/Cargo and Visual Studio C++ Build Tools are required.
2026-10-07T01:09:28.5609043Z        Use your existing installation if these tools are already installed.
2026-10-07T01:09:28.9372407Z 
2026-10-07T01:09:28.9382391Z [OK] Installed Nagi 0.1.11 (prebuilt compiler).
2026-10-07T01:09:28.9390013Z      Location: C:\Users\runneradmin\AppData\Local\Temp\nagi installer space 254885f5-a895-4822-8338-6a7316542776\versions\nagi-0.1.11-windows-x86_64
2026-10-07T01:09:28.9400060Z      Command: C:\Users\runneradmin\AppData\Local\Temp\nagi installer space 254885f5-a895-4822-8338-6a7316542776\versions\current\nagic.exe
2026-10-07T01:09:28.9403402Z 
2026-10-07T01:09:28.9414370Z [NEXT] Try in this terminal: nagic --version
2026-10-07T01:09:28.9421419Z        Restart VS Code to refresh its PATH.
2026-10-07T01:09:28.9428106Z 
2026-10-07T01:09:28.9436169Z [INFO] To build your own Nagi apps with nagic build/run:
2026-10-07T01:09:28.9442757Z        Rust/Cargo and Visual Studio C++ Build Tools are required.
2026-10-07T01:09:28.9449298Z        Use your existing installation if these tools are already installed.
2026-10-07T01:09:29.0577863Z [1m[92m    Updating[0m crates.io index
2026-10-07T01:09:29.1979216Z [1m[92m     Locking[0m 107 packages to highest compatible versions
2026-10-07T01:09:29.2106337Z [1m[92m      Adding[0m generic-array v0.14.7 [1m[93m(available: v0.14.9)[0m
2026-10-07T01:09:29.2266949Z [1m[92m      Adding[0m matchit v0.8.4 [1m[93m(available: v0.8.6)[0m
2026-10-07T01:09:29.4084927Z [1m[92m   Compiling[0m nagi-runtime v0.1.11 (C:\Users\runneradmin\AppData\Local\Temp\nagi installer space 254885f5-a895-4822-8338-6a7316542776\versions\nagi-0.1.11-windows-x86_64\runtime)
2026-10-07T01:09:39.7619413Z [1m[92m   Compiling[0m nagi-main-9f36a53a43041763 v0.1.0 (C:\Users\runneradmin\AppData\Local\Temp\nagi installer space 254885f5-a895-4822-8338-6a7316542776\outside project\build\main\.nagi\apps\nagi-main-9f36a53a43041763\generations\.staging-g-1bfc-18dc1a06f74fe400-0)
2026-10-07T01:09:39.9329426Z [1m[92m    Finished[0m `release` profile [optimized] target(s) in 10.88s
2026-10-07T01:09:39.9856471Z native: \\?\C:\Users\runneradmin\AppData\Local\Temp\nagi installer space 254885f5-a895-4822-8338-6a7316542776\outside project\build\main\.nagi\apps\nagi-main-9f36a53a43041763\generations\g-1bfc-18dc1a06f74fe400-0\nagi-9f36a53a43041763-g-1bfc-18dc1a06f74fe400-0.exe
2026-10-07T01:09:41.3411509Z Removed old version: C:\Users\runneradmin\AppData\Local\Temp\nagi installer space 254885f5-a895-4822-8338-6a7316542776\versions\nagi-0.1.11-windows-x86_64
2026-10-07T01:09:41.3416137Z 
2026-10-07T01:09:41.3426730Z [OK] Installed Nagi 0.0.1 (prebuilt compiler).
2026-10-07T01:09:41.3434271Z      Location: C:\Users\runneradmin\AppData\Local\Temp\nagi installer space 254885f5-a895-4822-8338-6a7316542776\versions\nagi-0.0.1-windows-x86_64
2026-10-07T01:09:41.3442404Z      Command: C:\Users\runneradmin\AppData\Local\Temp\nagi installer space 254885f5-a895-4822-8338-6a7316542776\versions\current\nagic.exe
2026-10-07T01:09:41.3447728Z 
2026-10-07T01:09:41.3457355Z [NEXT] Try in this terminal: nagic --version
2026-10-07T01:09:41.3464621Z        Restart VS Code to refresh its PATH.
2026-10-07T01:09:41.3470689Z 
2026-10-07T01:09:41.3477152Z [INFO] To build your own Nagi apps with nagic build/run:
2026-10-07T01:09:41.3484048Z        Rust/Cargo and Visual Studio C++ Build Tools are required.
2026-10-07T01:09:41.3490615Z        Use your existing installation if these tools are already installed.
2026-10-07T01:09:41.6183790Z Removed old version: C:\Users\runneradmin\AppData\Local\Temp\nagi installer space 254885f5-a895-4822-8338-6a7316542776\versions\nagi-0.0.1-windows-x86_64
2026-10-07T01:09:41.6188982Z 
2026-10-07T01:09:41.6197615Z [OK] Installed Nagi 0.0.2 (prebuilt compiler).
2026-10-07T01:09:41.6203579Z      Location: C:\Users\runneradmin\AppData\Local\Temp\nagi installer space 254885f5-a895-4822-8338-6a7316542776\versions\nagi-0.0.2-windows-x86_64
2026-10-07T01:09:41.6214851Z      Command: C:\Users\runneradmin\AppData\Local\Temp\nagi installer space 254885f5-a895-4822-8338-6a7316542776\versions\current\nagic.exe
2026-10-07T01:09:41.6217443Z 
2026-10-07T01:09:41.6226327Z [NEXT] Try in this terminal: nagic --version
2026-10-07T01:09:41.6233702Z        Restart VS Code to refresh its PATH.
2026-10-07T01:09:41.6240287Z 
2026-10-07T01:09:41.6247613Z [INFO] To build your own Nagi apps with nagic build/run:
2026-10-07T01:09:41.6254614Z        Rust/Cargo and Visual Studio C++ Build Tools are required.
2026-10-07T01:09:41.6261315Z        Use your existing installation if these tools are already installed.
2026-10-07T01:09:41.8249619Z 
2026-10-07T01:09:41.8258600Z [OK] Installed Nagi 0.0.2 (prebuilt compiler).
2026-10-07T01:09:41.8264851Z      Location: C:\Users\runneradmin\AppData\Local\Temp\nagi installer space 254885f5-a895-4822-8338-6a7316542776\versions\nagi-0.0.2-windows-x86_64
2026-10-07T01:09:41.8272338Z      Command: C:\Users\runneradmin\AppData\Local\Temp\nagi installer space 254885f5-a895-4822-8338-6a7316542776\versions\current\nagic.exe
2026-10-07T01:09:41.8278520Z 
2026-10-07T01:09:41.8286733Z [NEXT] Try in this terminal: nagic --version
2026-10-07T01:09:41.8293447Z        Restart VS Code to refresh its PATH.
2026-10-07T01:09:41.8300035Z 
2026-10-07T01:09:41.8306851Z [INFO] To build your own Nagi apps with nagic build/run:
2026-10-07T01:09:41.8312238Z        Rust/Cargo and Visual Studio C++ Build Tools are required.
2026-10-07T01:09:41.8318051Z        Use your existing installation if these tools are already installed.
2026-10-07T01:09:42.0897306Z Removed old version: C:\Users\runneradmin\AppData\Local\Temp\nagi installer space 254885f5-a895-4822-8338-6a7316542776\versions\nagi-0.0.2-windows-x86_64
2026-10-07T01:09:42.0898549Z 
2026-10-07T01:09:42.0909620Z [OK] Installed Nagi 0.0.1 (prebuilt compiler).
2026-10-07T01:09:42.0918340Z      Location: C:\Users\runneradmin\AppData\Local\Temp\nagi installer space 254885f5-a895-4822-8338-6a7316542776\versions\nagi-0.0.1-windows-x86_64
2026-10-07T01:09:42.0924172Z      Command: C:\Users\runneradmin\AppData\Local\Temp\nagi installer space 254885f5-a895-4822-8338-6a7316542776\versions\current\nagic.exe
2026-10-07T01:09:42.0927076Z 
2026-10-07T01:09:42.0937254Z [NEXT] Try in this terminal: nagic --version
2026-10-07T01:09:42.0945040Z        Restart VS Code to refresh its PATH.
2026-10-07T01:09:42.0951077Z 
2026-10-07T01:09:42.0958535Z [INFO] To build your own Nagi apps with nagic build/run:
2026-10-07T01:09:42.0965974Z        Rust/Cargo and Visual Studio C++ Build Tools are required.
2026-10-07T01:09:42.0972501Z        Use your existing installation if these tools are already installed.
2026-10-07T01:09:42.6021799Z Removed old version: C:\Users\runneradmin\AppData\Local\Temp\nagi installer space 254885f5-a895-4822-8338-6a7316542776\versions\nagi-0.0.1-windows-x86_64
2026-10-07T01:09:42.6023554Z 
2026-10-07T01:09:42.6034824Z [OK] Installed Nagi 0.0.2 (prebuilt compiler).
2026-10-07T01:09:42.6041415Z      Location: C:\Users\runneradmin\AppData\Local\Temp\nagi installer space 254885f5-a895-4822-8338-6a7316542776\versions\nagi-0.0.2-windows-x86_64
2026-10-07T01:09:42.6048215Z      Command: C:\Users\runneradmin\AppData\Local\Temp\nagi installer space 254885f5-a895-4822-8338-6a7316542776\versions\current\nagic.exe
2026-10-07T01:09:42.6052028Z 
2026-10-07T01:09:42.6061179Z [NEXT] Try in this terminal: nagic --version
2026-10-07T01:09:42.6067669Z        Restart VS Code to refresh its PATH.
2026-10-07T01:09:42.6074420Z 
2026-10-07T01:09:42.6082026Z [INFO] To build your own Nagi apps with nagic build/run:
2026-10-07T01:09:42.6087879Z        Rust/Cargo and Visual Studio C++ Build Tools are required.
2026-10-07T01:09:42.6093542Z        Use your existing installation if these tools are already installed.
2026-10-07T01:09:42.9114391Z Removed old version: C:\Users\runneradmin\AppData\Local\Temp\nagi installer space 254885f5-a895-4822-8338-6a7316542776\legacy\nagi-0.0.1-windows-x86_64
2026-10-07T01:09:42.9116078Z 
2026-10-07T01:09:42.9125860Z [OK] Installed Nagi 0.0.2 (prebuilt compiler).
2026-10-07T01:09:42.9133776Z      Location: C:\Users\runneradmin\AppData\Local\Temp\nagi installer space 254885f5-a895-4822-8338-6a7316542776\legacy\nagi-0.0.2-windows-x86_64
2026-10-07T01:09:42.9140230Z      Command: C:\Users\runneradmin\AppData\Local\Temp\nagi installer space 254885f5-a895-4822-8338-6a7316542776\legacy\current\nagic.exe
2026-10-07T01:09:42.9142249Z 
2026-10-07T01:09:42.9151233Z [NEXT] Try in this terminal: nagic --version
2026-10-07T01:09:42.9157570Z        Restart VS Code to refresh its PATH.
2026-10-07T01:09:42.9163789Z 
2026-10-07T01:09:42.9170771Z [INFO] To build your own Nagi apps with nagic build/run:
2026-10-07T01:09:42.9177067Z        Rust/Cargo and Visual Studio C++ Build Tools are required.
2026-10-07T01:09:42.9184111Z        Use your existing installation if these tools are already installed.
2026-10-07T01:09:43.0750286Z 
2026-10-07T01:09:43.0759113Z [OK] Installed Nagi 0.0.1 (prebuilt compiler).
2026-10-07T01:09:43.0766755Z      Location: C:\Users\runneradmin\AppData\Local\Temp\nagi installer space 254885f5-a895-4822-8338-6a7316542776\protected-changed\nagi-0.0.1-windows-x86_64
2026-10-07T01:09:43.0773250Z      Command: C:\Users\runneradmin\AppData\Local\Temp\nagi installer space 254885f5-a895-4822-8338-6a7316542776\protected-changed\current\nagic.exe
2026-10-07T01:09:43.0778873Z 
2026-10-07T01:09:43.0787158Z [NEXT] Try in this terminal: nagic --version
2026-10-07T01:09:43.0793620Z 
2026-10-07T01:09:43.0802039Z [INFO] To build your own Nagi apps with nagic build/run:
2026-10-07T01:09:43.0807834Z        Rust/Cargo and Visual Studio C++ Build Tools are required.
2026-10-07T01:09:43.0814169Z        Use your existing installation if these tools are already installed.
2026-10-07T01:09:43.2642079Z [33;1mWARNING: Kept old installation: C:\Users\runneradmin\AppData\Local\Temp\nagi installer space 254885f5-a895-4822-8338-6a7316542776\protected-changed\nagi-0.0.1-windows-x86_64 (Files were added or changed)[0m
2026-10-07T01:09:43.2644023Z 
2026-10-07T01:09:43.2652701Z [OK] Installed Nagi 0.0.2 (prebuilt compiler).
2026-10-07T01:09:43.2660459Z      Location: C:\Users\runneradmin\AppData\Local\Temp\nagi installer space 254885f5-a895-4822-8338-6a7316542776\protected-changed\nagi-0.0.2-windows-x86_64
2026-10-07T01:09:43.2667678Z      Command: C:\Users\runneradmin\AppData\Local\Temp\nagi installer space 254885f5-a895-4822-8338-6a7316542776\protected-changed\current\nagic.exe
2026-10-07T01:09:43.2673018Z 
2026-10-07T01:09:43.2680948Z [NEXT] Try in this terminal: nagic --version
2026-10-07T01:09:43.2687054Z 
2026-10-07T01:09:43.2694071Z [INFO] To build your own Nagi apps with nagic build/run:
2026-10-07T01:09:43.2699768Z        Rust/Cargo and Visual Studio C++ Build Tools are required.
2026-10-07T01:09:43.2705896Z        Use your existing installation if these tools are already installed.
2026-10-07T01:09:43.3978986Z 
2026-10-07T01:09:43.3988218Z [OK] Installed Nagi 0.0.1 (prebuilt compiler).
2026-10-07T01:09:43.3995275Z      Location: C:\Users\runneradmin\AppData\Local\Temp\nagi installer space 254885f5-a895-4822-8338-6a7316542776\protected-added\nagi-0.0.1-windows-x86_64
2026-10-07T01:09:43.4001741Z      Command: C:\Users\runneradmin\AppData\Local\Temp\nagi installer space 254885f5-a895-4822-8338-6a7316542776\protected-added\current\nagic.exe
2026-10-07T01:09:43.4007496Z 
2026-10-07T01:09:43.4015981Z [NEXT] Try in this terminal: nagic --version
2026-10-07T01:09:43.4022350Z 
2026-10-07T01:09:43.4029881Z [INFO] To build your own Nagi apps with nagic build/run:
2026-10-07T01:09:43.4036617Z        Rust/Cargo and Visual Studio C++ Build Tools are required.
2026-10-07T01:09:43.4042830Z        Use your existing installation if these tools are already installed.
2026-10-07T01:09:43.5772304Z [33;1mWARNING: Kept old installation: C:\Users\runneradmin\AppData\Local\Temp\nagi installer space 254885f5-a895-4822-8338-6a7316542776\protected-added\nagi-0.0.1-windows-x86_64 (Files were added or changed)[0m
2026-10-07T01:09:43.5774479Z 
2026-10-07T01:09:43.5782506Z [OK] Installed Nagi 0.0.2 (prebuilt compiler).
2026-10-07T01:09:43.5789139Z      Location: C:\Users\runneradmin\AppData\Local\Temp\nagi installer space 254885f5-a895-4822-8338-6a7316542776\protected-added\nagi-0.0.2-windows-x86_64
2026-10-07T01:09:43.5796830Z      Command: C:\Users\runneradmin\AppData\Local\Temp\nagi installer space 254885f5-a895-4822-8338-6a7316542776\protected-added\current\nagic.exe
2026-10-07T01:09:43.5801394Z 
2026-10-07T01:09:43.5809542Z [NEXT] Try in this terminal: nagic --version
2026-10-07T01:09:43.5816091Z 
2026-10-07T01:09:43.5822960Z [INFO] To build your own Nagi apps with nagic build/run:
2026-10-07T01:09:43.5829171Z        Rust/Cargo and Visual Studio C++ Build Tools are required.
2026-10-07T01:09:43.5836230Z        Use your existing installation if these tools are already installed.
2026-10-07T01:09:43.7481820Z 
2026-10-07T01:09:43.7490739Z [OK] Installed Nagi 0.0.1 (prebuilt compiler).
2026-10-07T01:09:43.7494479Z      Location: C:\Users\runneradmin\AppData\Local\Temp\nagi installer space 254885f5-a895-4822-8338-6a7316542776\protected-empty-directory\nagi-0.0.1-windows-x86_64
2026-10-07T01:09:43.7498700Z      Command: C:\Users\runneradmin\AppData\Local\Temp\nagi installer space 254885f5-a895-4822-8338-6a7316542776\protected-empty-directory\current\nagic.exe
2026-10-07T01:09:43.7500126Z 
2026-10-07T01:09:43.7507992Z [NEXT] Try in this terminal: nagic --version
2026-10-07T01:09:43.7511072Z 
2026-10-07T01:09:43.7516547Z [INFO] To build your own Nagi apps with nagic build/run:
2026-10-07T01:09:43.7519486Z        Rust/Cargo and Visual Studio C++ Build Tools are required.
2026-10-07T01:09:43.7522660Z        Use your existing installation if these tools are already installed.
2026-10-07T01:09:43.9594544Z [33;1mWARNING: Kept old installation: C:\Users\runneradmin\AppData\Local\Temp\nagi installer space 254885f5-a895-4822-8338-6a7316542776\protected-empty-directory\nagi-0.0.1-windows-x86_64 (Files were added or changed)[0m
2026-10-07T01:09:43.9596304Z 
2026-10-07T01:09:43.9604065Z [OK] Installed Nagi 0.0.2 (prebuilt compiler).
2026-10-07T01:09:43.9609704Z      Location: C:\Users\runneradmin\AppData\Local\Temp\nagi installer space 254885f5-a895-4822-8338-6a7316542776\protected-empty-directory\nagi-0.0.2-windows-x86_64
2026-10-07T01:09:43.9615662Z      Command: C:\Users\runneradmin\AppData\Local\Temp\nagi installer space 254885f5-a895-4822-8338-6a7316542776\protected-empty-directory\current\nagic.exe
2026-10-07T01:09:43.9618211Z 
2026-10-07T01:09:43.9626189Z [NEXT] Try in this terminal: nagic --version
2026-10-07T01:09:43.9630573Z 
2026-10-07T01:09:43.9637028Z [INFO] To build your own Nagi apps with nagic build/run:
2026-10-07T01:09:43.9642304Z        Rust/Cargo and Visual Studio C++ Build Tools are required.
2026-10-07T01:09:43.9648006Z        Use your existing installation if these tools are already installed.
2026-10-07T01:09:44.1269713Z 
2026-10-07T01:09:44.1278769Z [OK] Installed Nagi 0.0.1 (prebuilt compiler).
2026-10-07T01:09:44.1281197Z      Location: C:\Users\runneradmin\AppData\Local\Temp\nagi installer space 254885f5-a895-4822-8338-6a7316542776\protected-busy\nagi-0.0.1-windows-x86_64
2026-10-07T01:09:44.1285608Z      Command: C:\Users\runneradmin\AppData\Local\Temp\nagi installer space 254885f5-a895-4822-8338-6a7316542776\protected-busy\current\nagic.exe
2026-10-07T01:09:44.1287452Z 
2026-10-07T01:09:44.1296176Z [NEXT] Try in this terminal: nagic --version
2026-10-07T01:09:44.1298904Z 
2026-10-07T01:09:44.1306978Z [INFO] To build your own Nagi apps with nagic build/run:
2026-10-07T01:09:44.1310810Z        Rust/Cargo and Visual Studio C++ Build Tools are required.
2026-10-07T01:09:44.1313852Z        Use your existing installation if these tools are already installed.
2026-10-07T01:09:44.2663490Z [33;1mWARNING: Kept old installation: C:\Users\runneradmin\AppData\Local\Temp\nagi installer space 254885f5-a895-4822-8338-6a7316542776\protected-busy\nagi-0.0.1-windows-x86_64 (The process cannot access the file 'C:\Users\runneradmin\AppData\Local\Temp\nagi installer space 254885f5-a895-4822-8338-6a7316542776\protected-busy\nagi-0.0.1-windows-x86_64\nagic.exe' because it is being used by another process.)[0m
2026-10-07T01:09:44.2670533Z 
2026-10-07T01:09:44.2675300Z [OK] Installed Nagi 0.0.2 (prebuilt compiler).
2026-10-07T01:09:44.2688639Z      Location: C:\Users\runneradmin\AppData\Local\Temp\nagi installer space 254885f5-a895-4822-8338-6a7316542776\protected-busy\nagi-0.0.2-windows-x86_64
2026-10-07T01:09:44.2694160Z      Command: C:\Users\runneradmin\AppData\Local\Temp\nagi installer space 254885f5-a895-4822-8338-6a7316542776\protected-busy\current\nagic.exe
2026-10-07T01:09:44.2699548Z 
2026-10-07T01:09:44.2708266Z [NEXT] Try in this terminal: nagic --version
2026-10-07T01:09:44.2712979Z 
2026-10-07T01:09:44.2718846Z [INFO] To build your own Nagi apps with nagic build/run:
2026-10-07T01:09:44.2725696Z        Rust/Cargo and Visual Studio C++ Build Tools are required.
2026-10-07T01:09:44.2731425Z        Use your existing installation if these tools are already installed.
2026-10-07T01:09:44.4100208Z 
2026-10-07T01:09:44.4106263Z [OK] Installed Nagi 0.0.1 (prebuilt compiler).
2026-10-07T01:09:44.4112628Z      Location: C:\Users\runneradmin\AppData\Local\Temp\nagi installer space 254885f5-a895-4822-8338-6a7316542776\protected-junction\nagi-0.0.1-windows-x86_64
2026-10-07T01:09:44.4118648Z      Command: C:\Users\runneradmin\AppData\Local\Temp\nagi installer space 254885f5-a895-4822-8338-6a7316542776\protected-junction\current\nagic.exe
2026-10-07T01:09:44.4124554Z 
2026-10-07T01:09:44.4133127Z [NEXT] Try in this terminal: nagic --version
2026-10-07T01:09:44.4138495Z 
2026-10-07T01:09:44.4145726Z [INFO] To build your own Nagi apps with nagic build/run:
2026-10-07T01:09:44.4149564Z        Rust/Cargo and Visual Studio C++ Build Tools are required.
2026-10-07T01:09:44.4157597Z        Use your existing installation if these tools are already installed.
2026-10-07T01:09:44.5841079Z [33;1mWARNING: Kept old installation: C:\Users\runneradmin\AppData\Local\Temp\nagi installer space 254885f5-a895-4822-8338-6a7316542776\protected-junction\nagi-0.0.1-windows-x86_64 (Installation contains a link or an unrecognized file name)[0m
2026-10-07T01:09:44.5843353Z 
2026-10-07T01:09:44.5850761Z [OK] Installed Nagi 0.0.2 (prebuilt compiler).
2026-10-07T01:09:44.5858305Z      Location: C:\Users\runneradmin\AppData\Local\Temp\nagi installer space 254885f5-a895-4822-8338-6a7316542776\protected-junction\nagi-0.0.2-windows-x86_64
2026-10-07T01:09:44.5865214Z      Command: C:\Users\runneradmin\AppData\Local\Temp\nagi installer space 254885f5-a895-4822-8338-6a7316542776\protected-junction\current\nagic.exe
2026-10-07T01:09:44.5870326Z 
2026-10-07T01:09:44.5877831Z [NEXT] Try in this terminal: nagic --version
2026-10-07T01:09:44.5884328Z 
2026-10-07T01:09:44.5891081Z [INFO] To build your own Nagi apps with nagic build/run:
2026-10-07T01:09:44.5896957Z        Rust/Cargo and Visual Studio C++ Build Tools are required.
2026-10-07T01:09:44.5903595Z        Use your existing installation if these tools are already installed.
2026-10-07T01:09:44.6609633Z PowerShell installer: external project, upgrade, repeat, explicit version, rollback, legacy PATH, protected files, lock, and latest selection passed.
2026-10-07T01:09:44.8251920Z ##[group]Run ./scripts/releases/test_install.ps1 -Archive "build/distribution/nagi-$env:RELEASE_VERSION-windows-x86_64.zip" -Version $env:RELEASE_VERSION -TestUserPath
2026-10-07T01:09:44.8253844Z [36;1m./scripts/releases/test_install.ps1 -Archive "build/distribution/nagi-$env:RELEASE_VERSION-windows-x86_64.zip" -Version $env:RELEASE_VERSION -TestUserPath[0m
2026-10-07T01:09:44.8330489Z shell: C:\Windows\System32\WindowsPowerShell\v1.0\powershell.EXE -command ". '{0}'"
2026-10-07T01:09:44.8331054Z env:
2026-10-07T01:09:44.8331337Z   NAGI_FAILURE_DIR: D:\a\Nagi\Nagi/build/compiler-failures
2026-10-07T01:09:44.8331804Z   CARGO_HOME: C:\Users\runneradmin\.cargo
2026-10-07T01:09:44.8332189Z   CARGO_INCREMENTAL: 0
2026-10-07T01:09:44.8332433Z   CARGO_TERM_COLOR: always
2026-10-07T01:09:44.8332842Z   pythonLocation: C:\hostedtoolcache\windows\Python\3.12.10\x64
2026-10-07T01:09:44.8333458Z   PKG_CONFIG_PATH: C:\hostedtoolcache\windows\Python\3.12.10\x64/lib/pkgconfig
2026-10-07T01:09:44.8333965Z   Python_ROOT_DIR: C:\hostedtoolcache\windows\Python\3.12.10\x64
2026-10-07T01:09:44.8334505Z   Python2_ROOT_DIR: C:\hostedtoolcache\windows\Python\3.12.10\x64
2026-10-07T01:09:44.8335047Z   Python3_ROOT_DIR: C:\hostedtoolcache\windows\Python\3.12.10\x64
2026-10-07T01:09:44.8335390Z   RELEASE_VERSION: 0.1.11
2026-10-07T01:09:44.8335600Z ##[endgroup]
2026-10-07T01:09:47.5948141Z 
2026-10-07T01:09:47.6157110Z [OK] Installed Nagi 0.1.11 (prebuilt compiler).
2026-10-07T01:09:47.6177888Z      Location: C:\Users\runneradmin\AppData\Local\Temp\nagi installer space 18e56d17-19fa-44a2-a568-6fbc01cf4f1b\versions\nagi-0.1.11-windows-x86_64
2026-10-07T01:09:47.6187929Z      Command: C:\Users\runneradmin\AppData\Local\Temp\nagi installer space 18e56d17-19fa-44a2-a568-6fbc01cf4f1b\versions\current\nagic.exe
2026-10-07T01:09:47.6191819Z 
2026-10-07T01:09:47.6205093Z [NEXT] Try in this terminal: nagic --version
2026-10-07T01:09:47.6213509Z        Restart VS Code to refresh its PATH.
2026-10-07T01:09:47.6218127Z 
2026-10-07T01:09:47.6226666Z [INFO] To build your own Nagi apps with nagic build/run:
2026-10-07T01:09:47.6234780Z        Rust/Cargo and Visual Studio C++ Build Tools are required.
2026-10-07T01:09:47.6242859Z        Use your existing installation if these tools are already installed.
2026-10-07T01:09:48.4450151Z 
2026-10-07T01:09:48.4464363Z [OK] Installed Nagi 0.1.11 (prebuilt compiler).
2026-10-07T01:09:48.4473771Z      Location: C:\Users\runneradmin\AppData\Local\Temp\nagi installer space 18e56d17-19fa-44a2-a568-6fbc01cf4f1b\versions\nagi-0.1.11-windows-x86_64
2026-10-07T01:09:48.4484134Z      Command: C:\Users\runneradmin\AppData\Local\Temp\nagi installer space 18e56d17-19fa-44a2-a568-6fbc01cf4f1b\versions\current\nagic.exe
2026-10-07T01:09:48.4488122Z 
2026-10-07T01:09:48.4500710Z [NEXT] Try in this terminal: nagic --version
2026-10-07T01:09:48.4509341Z        Restart VS Code to refresh its PATH.
2026-10-07T01:09:48.4513484Z 
2026-10-07T01:09:48.4522491Z [INFO] To build your own Nagi apps with nagic build/run:
2026-10-07T01:09:48.4530762Z        Rust/Cargo and Visual Studio C++ Build Tools are required.
2026-10-07T01:09:48.4539186Z        Use your existing installation if these tools are already installed.
2026-10-07T01:09:48.5662797Z [1m[92m    Updating[0m crates.io index
2026-10-07T01:09:48.7376492Z [1m[92m     Locking[0m 107 packages to highest compatible versions
2026-10-07T01:09:48.7503297Z [1m[92m      Adding[0m generic-array v0.14.7 [1m[93m(available: v0.14.9)[0m
2026-10-07T01:09:48.7643234Z [1m[92m      Adding[0m matchit v0.8.4 [1m[93m(available: v0.8.6)[0m
2026-10-07T01:09:48.9256477Z [1m[92m   Compiling[0m nagi-runtime v0.1.11 (C:\Users\runneradmin\AppData\Local\Temp\nagi installer space 18e56d17-19fa-44a2-a568-6fbc01cf4f1b\versions\nagi-0.1.11-windows-x86_64\runtime)
2026-10-07T01:09:58.7652892Z [1m[92m   Compiling[0m nagi-main-860e204ba232a27c v0.1.0 (C:\Users\runneradmin\AppData\Local\Temp\nagi installer space 18e56d17-19fa-44a2-a568-6fbc01cf4f1b\outside project\build\main\.nagi\apps\nagi-main-860e204ba232a27c\generations\.staging-g-910-18dc1a0b82139fd8-0)
2026-10-07T01:09:58.9362299Z [1m[92m    Finished[0m `release` profile [optimized] target(s) in 10.38s
2026-10-07T01:09:58.9839056Z native: \\?\C:\Users\runneradmin\AppData\Local\Temp\nagi installer space 18e56d17-19fa-44a2-a568-6fbc01cf4f1b\outside project\build\main\.nagi\apps\nagi-main-860e204ba232a27c\generations\g-910-18dc1a0b82139fd8-0\nagi-860e204ba232a27c-g-910-18dc1a0b82139fd8-0.exe
2026-10-07T01:10:02.0295460Z Removed old version: C:\Users\runneradmin\AppData\Local\Temp\nagi installer space 18e56d17-19fa-44a2-a568-6fbc01cf4f1b\versions\nagi-0.1.11-windows-x86_64
2026-10-07T01:10:02.0299528Z 
2026-10-07T01:10:02.0315923Z [OK] Installed Nagi 0.0.1 (prebuilt compiler).
2026-10-07T01:10:02.0327187Z      Location: C:\Users\runneradmin\AppData\Local\Temp\nagi installer space 18e56d17-19fa-44a2-a568-6fbc01cf4f1b\versions\nagi-0.0.1-windows-x86_64
2026-10-07T01:10:02.0340183Z      Command: C:\Users\runneradmin\AppData\Local\Temp\nagi installer space 18e56d17-19fa-44a2-a568-6fbc01cf4f1b\versions\current\nagic.exe
2026-10-07T01:10:02.0344126Z 
2026-10-07T01:10:02.0359167Z [NEXT] Try in this terminal: nagic --version
2026-10-07T01:10:02.0370126Z        Restart VS Code to refresh its PATH.
2026-10-07T01:10:02.0374982Z 
2026-10-07T01:10:02.0385914Z [INFO] To build your own Nagi apps with nagic build/run:
2026-10-07T01:10:02.0396717Z        Rust/Cargo and Visual Studio C++ Build Tools are required.
2026-10-07T01:10:02.0407244Z        Use your existing installation if these tools are already installed.
2026-10-07T01:10:02.6884423Z Removed old version: C:\Users\runneradmin\AppData\Local\Temp\nagi installer space 18e56d17-19fa-44a2-a568-6fbc01cf4f1b\versions\nagi-0.0.1-windows-x86_64
2026-10-07T01:10:02.6888013Z 
2026-10-07T01:10:02.6909309Z [OK] Installed Nagi 0.0.2 (prebuilt compiler).
2026-10-07T01:10:02.6923382Z      Location: C:\Users\runneradmin\AppData\Local\Temp\nagi installer space 18e56d17-19fa-44a2-a568-6fbc01cf4f1b\versions\nagi-0.0.2-windows-x86_64
2026-10-07T01:10:02.6938081Z      Command: C:\Users\runneradmin\AppData\Local\Temp\nagi installer space 18e56d17-19fa-44a2-a568-6fbc01cf4f1b\versions\current\nagic.exe
2026-10-07T01:10:02.6942883Z 
2026-10-07T01:10:02.6963015Z [NEXT] Try in this terminal: nagic --version
2026-10-07T01:10:02.6975236Z        Restart VS Code to refresh its PATH.
2026-10-07T01:10:02.6980357Z 
2026-10-07T01:10:02.6992885Z [INFO] To build your own Nagi apps with nagic build/run:
2026-10-07T01:10:02.7004692Z        Rust/Cargo and Visual Studio C++ Build Tools are required.
2026-10-07T01:10:02.7015975Z        Use your existing installation if these tools are already installed.
2026-10-07T01:10:03.0972382Z 
2026-10-07T01:10:03.0988587Z [OK] Installed Nagi 0.0.2 (prebuilt compiler).
2026-10-07T01:10:03.0999947Z      Location: C:\Users\runneradmin\AppData\Local\Temp\nagi installer space 18e56d17-19fa-44a2-a568-6fbc01cf4f1b\versions\nagi-0.0.2-windows-x86_64
2026-10-07T01:10:03.1011162Z      Command: C:\Users\runneradmin\AppData\Local\Temp\nagi installer space 18e56d17-19fa-44a2-a568-6fbc01cf4f1b\versions\current\nagic.exe
2026-10-07T01:10:03.1015653Z 
2026-10-07T01:10:03.1029558Z [NEXT] Try in this terminal: nagic --version
2026-10-07T01:10:03.1040219Z        Restart VS Code to refresh its PATH.
2026-10-07T01:10:03.1045490Z 
2026-10-07T01:10:03.1056926Z [INFO] To build your own Nagi apps with nagic build/run:
2026-10-07T01:10:03.1067282Z        Rust/Cargo and Visual Studio C++ Build Tools are required.
2026-10-07T01:10:03.1077181Z        Use your existing installation if these tools are already installed.
2026-10-07T01:10:03.7595973Z Removed old version: C:\Users\runneradmin\AppData\Local\Temp\nagi installer space 18e56d17-19fa-44a2-a568-6fbc01cf4f1b\versions\nagi-0.0.2-windows-x86_64
2026-10-07T01:10:03.7600418Z 
2026-10-07T01:10:03.7615943Z [OK] Installed Nagi 0.0.1 (prebuilt compiler).
2026-10-07T01:10:03.7628756Z      Location: C:\Users\runneradmin\AppData\Local\Temp\nagi installer space 18e56d17-19fa-44a2-a568-6fbc01cf4f1b\versions\nagi-0.0.1-windows-x86_64
2026-10-07T01:10:03.7639906Z      Command: C:\Users\runneradmin\AppData\Local\Temp\nagi installer space 18e56d17-19fa-44a2-a568-6fbc01cf4f1b\versions\current\nagic.exe
2026-10-07T01:10:03.7644661Z 
2026-10-07T01:10:03.7659162Z [NEXT] Try in this terminal: nagic --version
2026-10-07T01:10:03.7669618Z        Restart VS Code to refresh its PATH.
2026-10-07T01:10:03.7674221Z 
2026-10-07T01:10:03.7694443Z [INFO] To build your own Nagi apps with nagic build/run:
2026-10-07T01:10:03.7711110Z        Rust/Cargo and Visual Studio C++ Build Tools are required.
2026-10-07T01:10:03.7723644Z        Use your existing installation if these tools are already installed.
2026-10-07T01:10:04.9035437Z Removed old version: C:\Users\runneradmin\AppData\Local\Temp\nagi installer space 18e56d17-19fa-44a2-a568-6fbc01cf4f1b\versions\nagi-0.0.1-windows-x86_64
2026-10-07T01:10:04.9039899Z 
2026-10-07T01:10:04.9056798Z [OK] Installed Nagi 0.0.2 (prebuilt compiler).
2026-10-07T01:10:04.9068598Z      Location: C:\Users\runneradmin\AppData\Local\Temp\nagi installer space 18e56d17-19fa-44a2-a568-6fbc01cf4f1b\versions\nagi-0.0.2-windows-x86_64
2026-10-07T01:10:04.9080542Z      Command: C:\Users\runneradmin\AppData\Local\Temp\nagi installer space 18e56d17-19fa-44a2-a568-6fbc01cf4f1b\versions\current\nagic.exe
2026-10-07T01:10:04.9084891Z 
2026-10-07T01:10:04.9100387Z [NEXT] Try in this terminal: nagic --version
2026-10-07T01:10:04.9111253Z        Restart VS Code to refresh its PATH.
2026-10-07T01:10:04.9115918Z 
2026-10-07T01:10:04.9126515Z [INFO] To build your own Nagi apps with nagic build/run:
2026-10-07T01:10:04.9136906Z        Rust/Cargo and Visual Studio C++ Build Tools are required.
2026-10-07T01:10:04.9147827Z        Use your existing installation if these tools are already installed.
2026-10-07T01:10:05.6977834Z Removed old version: C:\Users\runneradmin\AppData\Local\Temp\nagi installer space 18e56d17-19fa-44a2-a568-6fbc01cf4f1b\legacy\nagi-0.0.1-windows-x86_64
2026-10-07T01:10:05.6981632Z 
2026-10-07T01:10:05.6997782Z [OK] Installed Nagi 0.0.2 (prebuilt compiler).
2026-10-07T01:10:05.7009015Z      Location: C:\Users\runneradmin\AppData\Local\Temp\nagi installer space 18e56d17-19fa-44a2-a568-6fbc01cf4f1b\legacy\nagi-0.0.2-windows-x86_64
2026-10-07T01:10:05.7021077Z      Command: C:\Users\runneradmin\AppData\Local\Temp\nagi installer space 18e56d17-19fa-44a2-a568-6fbc01cf4f1b\legacy\current\nagic.exe
2026-10-07T01:10:05.7025963Z 
2026-10-07T01:10:05.7039710Z [NEXT] Try in this terminal: nagic --version
2026-10-07T01:10:05.7050515Z        Restart VS Code to refresh its PATH.
2026-10-07T01:10:05.7055674Z 
2026-10-07T01:10:05.7065538Z [INFO] To build your own Nagi apps with nagic build/run:
2026-10-07T01:10:05.7075508Z        Rust/Cargo and Visual Studio C++ Build Tools are required.
2026-10-07T01:10:05.7085385Z        Use your existing installation if these tools are already installed.
2026-10-07T01:10:06.0589979Z 
2026-10-07T01:10:06.0605767Z [OK] Installed Nagi 0.0.1 (prebuilt compiler).
2026-10-07T01:10:06.0616622Z      Location: C:\Users\runneradmin\AppData\Local\Temp\nagi installer space 18e56d17-19fa-44a2-a568-6fbc01cf4f1b\protected-changed\nagi-0.0.1-windows-x86_64
2026-10-07T01:10:06.0628983Z      Command: C:\Users\runneradmin\AppData\Local\Temp\nagi installer space 18e56d17-19fa-44a2-a568-6fbc01cf4f1b\protected-changed\current\nagic.exe
2026-10-07T01:10:06.0632744Z 
2026-10-07T01:10:06.0646914Z [NEXT] Try in this terminal: nagic --version
2026-10-07T01:10:06.0652247Z 
2026-10-07T01:10:06.0663894Z [INFO] To build your own Nagi apps with nagic build/run:
2026-10-07T01:10:06.0673693Z        Rust/Cargo and Visual Studio C++ Build Tools are required.
2026-10-07T01:10:06.0683860Z        Use your existing installation if these tools are already installed.
2026-10-07T01:10:06.6704935Z WARNING: Kept old installation: C:\Users\runneradmin\AppData\Local\Temp\nagi installer space 
2026-10-07T01:10:06.6706666Z 18e56d17-19fa-44a2-a568-6fbc01cf4f1b\protected-changed\nagi-0.0.1-windows-x86_64 (Files were added or changed)
2026-10-07T01:10:06.6712818Z 
2026-10-07T01:10:06.6729094Z [OK] Installed Nagi 0.0.2 (prebuilt compiler).
2026-10-07T01:10:06.6741250Z      Location: C:\Users\runneradmin\AppData\Local\Temp\nagi installer space 18e56d17-19fa-44a2-a568-6fbc01cf4f1b\protected-changed\nagi-0.0.2-windows-x86_64
2026-10-07T01:10:06.6753955Z      Command: C:\Users\runneradmin\AppData\Local\Temp\nagi installer space 18e56d17-19fa-44a2-a568-6fbc01cf4f1b\protected-changed\current\nagic.exe
2026-10-07T01:10:06.6758877Z 
2026-10-07T01:10:06.6773301Z [NEXT] Try in this terminal: nagic --version
2026-10-07T01:10:06.6778315Z 
2026-10-07T01:10:06.6788878Z [INFO] To build your own Nagi apps with nagic build/run:
2026-10-07T01:10:06.6799053Z        Rust/Cargo and Visual Studio C++ Build Tools are required.
2026-10-07T01:10:06.6809359Z        Use your existing installation if these tools are already installed.
2026-10-07T01:10:07.0259180Z 
2026-10-07T01:10:07.0276192Z [OK] Installed Nagi 0.0.1 (prebuilt compiler).
2026-10-07T01:10:07.0287573Z      Location: C:\Users\runneradmin\AppData\Local\Temp\nagi installer space 18e56d17-19fa-44a2-a568-6fbc01cf4f1b\protected-added\nagi-0.0.1-windows-x86_64
2026-10-07T01:10:07.0300174Z      Command: C:\Users\runneradmin\AppData\Local\Temp\nagi installer space 18e56d17-19fa-44a2-a568-6fbc01cf4f1b\protected-added\current\nagic.exe
2026-10-07T01:10:07.0304491Z 
2026-10-07T01:10:07.0320012Z [NEXT] Try in this terminal: nagic --version
2026-10-07T01:10:07.0325271Z 
2026-10-07T01:10:07.0336145Z [INFO] To build your own Nagi apps with nagic build/run:
2026-10-07T01:10:07.0346817Z        Rust/Cargo and Visual Studio C++ Build Tools are required.
2026-10-07T01:10:07.0358098Z        Use your existing installation if these tools are already installed.
2026-10-07T01:10:07.6430647Z WARNING: Kept old installation: C:\Users\runneradmin\AppData\Local\Temp\nagi installer space 
2026-10-07T01:10:07.6432441Z 18e56d17-19fa-44a2-a568-6fbc01cf4f1b\protected-added\nagi-0.0.1-windows-x86_64 (Files were added or changed)
2026-10-07T01:10:07.6437680Z 
2026-10-07T01:10:07.6452266Z [OK] Installed Nagi 0.0.2 (prebuilt compiler).
2026-10-07T01:10:07.6463427Z      Location: C:\Users\runneradmin\AppData\Local\Temp\nagi installer space 18e56d17-19fa-44a2-a568-6fbc01cf4f1b\protected-added\nagi-0.0.2-windows-x86_64
2026-10-07T01:10:07.6474447Z      Command: C:\Users\runneradmin\AppData\Local\Temp\nagi installer space 18e56d17-19fa-44a2-a568-6fbc01cf4f1b\protected-added\current\nagic.exe
2026-10-07T01:10:07.6478763Z 
2026-10-07T01:10:07.6493079Z [NEXT] Try in this terminal: nagic --version
2026-10-07T01:10:07.6498018Z 
2026-10-07T01:10:07.6507947Z [INFO] To build your own Nagi apps with nagic build/run:
2026-10-07T01:10:07.6517739Z        Rust/Cargo and Visual Studio C++ Build Tools are required.
2026-10-07T01:10:07.6527345Z        Use your existing installation if these tools are already installed.
2026-10-07T01:10:07.9970201Z 
2026-10-07T01:10:07.9986604Z [OK] Installed Nagi 0.0.1 (prebuilt compiler).
2026-10-07T01:10:07.9997174Z      Location: C:\Users\runneradmin\AppData\Local\Temp\nagi installer space 18e56d17-19fa-44a2-a568-6fbc01cf4f1b\protected-empty-directory\nagi-0.0.1-windows-x86_64
2026-10-07T01:10:08.0008466Z      Command: C:\Users\runneradmin\AppData\Local\Temp\nagi installer space 18e56d17-19fa-44a2-a568-6fbc01cf4f1b\protected-empty-directory\current\nagic.exe
2026-10-07T01:10:08.0012675Z 
2026-10-07T01:10:08.0026668Z [NEXT] Try in this terminal: nagic --version
2026-10-07T01:10:08.0031721Z 
2026-10-07T01:10:08.0041707Z [INFO] To build your own Nagi apps with nagic build/run:
2026-10-07T01:10:08.0056053Z        Rust/Cargo and Visual Studio C++ Build Tools are required.
2026-10-07T01:10:08.0064842Z        Use your existing installation if these tools are already installed.
2026-10-07T01:10:08.5984079Z WARNING: Kept old installation: C:\Users\runneradmin\AppData\Local\Temp\nagi installer space 
2026-10-07T01:10:08.5985751Z 18e56d17-19fa-44a2-a568-6fbc01cf4f1b\protected-empty-directory\nagi-0.0.1-windows-x86_64 (Files were added or changed)
2026-10-07T01:10:08.5990880Z 
2026-10-07T01:10:08.6008365Z [OK] Installed Nagi 0.0.2 (prebuilt compiler).
2026-10-07T01:10:08.6019803Z      Location: C:\Users\runneradmin\AppData\Local\Temp\nagi installer space 18e56d17-19fa-44a2-a568-6fbc01cf4f1b\protected-empty-directory\nagi-0.0.2-windows-x86_64
2026-10-07T01:10:08.6031111Z      Command: C:\Users\runneradmin\AppData\Local\Temp\nagi installer space 18e56d17-19fa-44a2-a568-6fbc01cf4f1b\protected-empty-directory\current\nagic.exe
2026-10-07T01:10:08.6034944Z 
2026-10-07T01:10:08.6048738Z [NEXT] Try in this terminal: nagic --version
2026-10-07T01:10:08.6054180Z 
2026-10-07T01:10:08.6064045Z [INFO] To build your own Nagi apps with nagic build/run:
2026-10-07T01:10:08.6074383Z        Rust/Cargo and Visual Studio C++ Build Tools are required.
2026-10-07T01:10:08.6084182Z        Use your existing installation if these tools are already installed.
2026-10-07T01:10:08.9525095Z 
2026-10-07T01:10:08.9540953Z [OK] Installed Nagi 0.0.1 (prebuilt compiler).
2026-10-07T01:10:08.9551968Z      Location: C:\Users\runneradmin\AppData\Local\Temp\nagi installer space 18e56d17-19fa-44a2-a568-6fbc01cf4f1b\protected-busy\nagi-0.0.1-windows-x86_64
2026-10-07T01:10:08.9563800Z      Command: C:\Users\runneradmin\AppData\Local\Temp\nagi installer space 18e56d17-19fa-44a2-a568-6fbc01cf4f1b\protected-busy\current\nagic.exe
2026-10-07T01:10:08.9567519Z 
2026-10-07T01:10:08.9581678Z [NEXT] Try in this terminal: nagic --version
2026-10-07T01:10:08.9586803Z 
2026-10-07T01:10:08.9597180Z [INFO] To build your own Nagi apps with nagic build/run:
2026-10-07T01:10:08.9607264Z        Rust/Cargo and Visual Studio C++ Build Tools are required.
2026-10-07T01:10:08.9617124Z        Use your existing installation if these tools are already installed.
2026-10-07T01:10:09.3076624Z WARNING: Kept old installation: C:\Users\runneradmin\AppData\Local\Temp\nagi installer space 
2026-10-07T01:10:09.3078311Z 18e56d17-19fa-44a2-a568-6fbc01cf4f1b\protected-busy\nagi-0.0.1-windows-x86_64 (The file 
2026-10-07T01:10:09.3080030Z 'C:\Users\runneradmin\AppData\Local\Temp\nagi installer space 
2026-10-07T01:10:09.3081318Z 18e56d17-19fa-44a2-a568-6fbc01cf4f1b\protected-busy\nagi-0.0.1-windows-x86_64\nagic.exe' cannot be read: The process 
2026-10-07T01:10:09.3082644Z cannot access the file 'C:\Users\runneradmin\AppData\Local\Temp\nagi installer space 
2026-10-07T01:10:09.3083549Z 18e56d17-19fa-44a2-a568-6fbc01cf4f1b\protected-busy\nagi-0.0.1-windows-x86_64\nagic.exe' because it is being used by 
2026-10-07T01:10:09.3084104Z another process.)
2026-10-07T01:10:09.3084869Z 
2026-10-07T01:10:09.3102131Z [OK] Installed Nagi 0.0.2 (prebuilt compiler).
2026-10-07T01:10:09.3113360Z      Location: C:\Users\runneradmin\AppData\Local\Temp\nagi installer space 18e56d17-19fa-44a2-a568-6fbc01cf4f1b\protected-busy\nagi-0.0.2-windows-x86_64
2026-10-07T01:10:09.3124755Z      Command: C:\Users\runneradmin\AppData\Local\Temp\nagi installer space 18e56d17-19fa-44a2-a568-6fbc01cf4f1b\protected-busy\current\nagic.exe
2026-10-07T01:10:09.3128611Z 
2026-10-07T01:10:09.3143097Z [NEXT] Try in this terminal: nagic --version
2026-10-07T01:10:09.3148548Z 
2026-10-07T01:10:09.3159003Z [INFO] To build your own Nagi apps with nagic build/run:
2026-10-07T01:10:09.3169047Z        Rust/Cargo and Visual Studio C++ Build Tools are required.
2026-10-07T01:10:09.3178787Z        Use your existing installation if these tools are already installed.
2026-10-07T01:10:09.6514699Z 
2026-10-07T01:10:09.6535108Z [OK] Installed Nagi 0.0.1 (prebuilt compiler).
2026-10-07T01:10:09.6547165Z      Location: C:\Users\runneradmin\AppData\Local\Temp\nagi installer space 18e56d17-19fa-44a2-a568-6fbc01cf4f1b\protected-junction\nagi-0.0.1-windows-x86_64
2026-10-07T01:10:09.6561141Z      Command: C:\Users\runneradmin\AppData\Local\Temp\nagi installer space 18e56d17-19fa-44a2-a568-6fbc01cf4f1b\protected-junction\current\nagic.exe
2026-10-07T01:10:09.6562781Z 
2026-10-07T01:10:09.6579462Z [NEXT] Try in this terminal: nagic --version
2026-10-07T01:10:09.6584766Z 
2026-10-07T01:10:09.6596207Z [INFO] To build your own Nagi apps with nagic build/run:
2026-10-07T01:10:09.6605881Z        Rust/Cargo and Visual Studio C++ Build Tools are required.
2026-10-07T01:10:09.6616043Z        Use your existing installation if these tools are already installed.
2026-10-07T01:10:09.9848792Z WARNING: Kept old installation: C:\Users\runneradmin\AppData\Local\Temp\nagi installer space 
2026-10-07T01:10:09.9851211Z 18e56d17-19fa-44a2-a568-6fbc01cf4f1b\protected-junction\nagi-0.0.1-windows-x86_64 (Installation contains a link or an 
2026-10-07T01:10:09.9852220Z unrecognized file name)
2026-10-07T01:10:09.9857281Z 
2026-10-07T01:10:09.9874234Z [OK] Installed Nagi 0.0.2 (prebuilt compiler).
2026-10-07T01:10:09.9885521Z      Location: C:\Users\runneradmin\AppData\Local\Temp\nagi installer space 18e56d17-19fa-44a2-a568-6fbc01cf4f1b\protected-junction\nagi-0.0.2-windows-x86_64
2026-10-07T01:10:09.9898017Z      Command: C:\Users\runneradmin\AppData\Local\Temp\nagi installer space 18e56d17-19fa-44a2-a568-6fbc01cf4f1b\protected-junction\current\nagic.exe
2026-10-07T01:10:09.9901980Z 
2026-10-07T01:10:09.9917906Z [NEXT] Try in this terminal: nagic --version
2026-10-07T01:10:09.9922965Z 
2026-10-07T01:10:09.9933045Z [INFO] To build your own Nagi apps with nagic build/run:
2026-10-07T01:10:09.9943398Z        Rust/Cargo and Visual Studio C++ Build Tools are required.
2026-10-07T01:10:09.9952928Z        Use your existing installation if these tools are already installed.
2026-10-07T01:10:10.0813217Z PowerShell installer: external project, upgrade, repeat, explicit version, rollback, legacy PATH, protected files, lock, and latest selection passed.
2026-10-07T01:10:10.2232756Z ##[group]Run ./scripts/releases/test_uninstall.ps1
2026-10-07T01:10:10.2233221Z [36;1m./scripts/releases/test_uninstall.ps1[0m
2026-10-07T01:10:10.2308701Z shell: C:\Program Files\PowerShell\7\pwsh.EXE -command ". '{0}'"
2026-10-07T01:10:10.2309571Z env:
2026-10-07T01:10:10.2309834Z   NAGI_FAILURE_DIR: D:\a\Nagi\Nagi/build/compiler-failures
2026-10-07T01:10:10.2310183Z   CARGO_HOME: C:\Users\runneradmin\.cargo
2026-10-07T01:10:10.2310450Z   CARGO_INCREMENTAL: 0
2026-10-07T01:10:10.2310658Z   CARGO_TERM_COLOR: always
2026-10-07T01:10:10.2310970Z   pythonLocation: C:\hostedtoolcache\windows\Python\3.12.10\x64
2026-10-07T01:10:10.2311418Z   PKG_CONFIG_PATH: C:\hostedtoolcache\windows\Python\3.12.10\x64/lib/pkgconfig
2026-10-07T01:10:10.2311867Z   Python_ROOT_DIR: C:\hostedtoolcache\windows\Python\3.12.10\x64
2026-10-07T01:10:10.2312260Z   Python2_ROOT_DIR: C:\hostedtoolcache\windows\Python\3.12.10\x64
2026-10-07T01:10:10.2312710Z   Python3_ROOT_DIR: C:\hostedtoolcache\windows\Python\3.12.10\x64
2026-10-07T01:10:10.2313028Z ##[endgroup]
2026-10-07T01:10:15.1434827Z What if: Performing the operation "Remove installer current junction" on target "C:\Users\runneradmin\AppData\Local\Temp\nagi uninstaller space 598d22a4-d610-4aa6-bb53-f0784caa1b82\preview\current".
2026-10-07T01:10:15.1464643Z What if: Performing the operation "Remove installer-owned Nagi entries" on target "User PATH".
2026-10-07T01:10:15.1485923Z What if: Performing the operation "Remove unchanged verified Nagi distribution" on target "C:\Users\runneradmin\AppData\Local\Temp\nagi uninstaller space 598d22a4-d610-4aa6-bb53-f0784caa1b82\preview\nagi-0.0.1-windows-x86_64".
2026-10-07T01:10:15.1518735Z [OK] Dry run complete; no installed files or PATH entries changed.
2026-10-07T01:10:16.2443134Z Removed command junction: C:\Users\runneradmin\AppData\Local\Temp\nagi uninstaller space 598d22a4-d610-4aa6-bb53-f0784caa1b82\normal\current
2026-10-07T01:10:16.2776322Z Removed distribution: C:\Users\runneradmin\AppData\Local\Temp\nagi uninstaller space 598d22a4-d610-4aa6-bb53-f0784caa1b82\normal\nagi-0.0.1-windows-x86_64
2026-10-07T01:10:16.2783131Z [OK] Nagi uninstall complete. Any kept items are listed above.
2026-10-07T01:10:16.2788931Z Restart your terminal and VS Code to refresh PATH.
2026-10-07T01:10:16.3091370Z [OK] Nagi uninstall complete. Any kept items are listed above.
2026-10-07T01:10:16.3097551Z Restart your terminal and VS Code to refresh PATH.
2026-10-07T01:10:16.3230862Z [OK] No installation directory: C:\Users\runneradmin\AppData\Local\Temp\nagi uninstaller space 598d22a4-d610-4aa6-bb53-f0784caa1b82\not installed
2026-10-07T01:10:17.5227802Z Removed distribution: C:\Users\runneradmin\AppData\Local\Temp\nagi uninstaller space 598d22a4-d610-4aa6-bb53-f0784caa1b82\legacy\nagi-0.0.1-windows-x86_64
2026-10-07T01:10:17.5233022Z [OK] Nagi uninstall complete. Any kept items are listed above.
2026-10-07T01:10:17.5240349Z Restart your terminal and VS Code to refresh PATH.
2026-10-07T01:10:18.4621869Z [33;1mWARNING: Kept changed, busy or unverifiable installation: C:\Users\runneradmin\AppData\Local\Temp\nagi uninstaller space 598d22a4-d610-4aa6-bb53-f0784caa1b82\protected-changed\nagi-0.0.1-windows-x86_64 (Files were added or changed)[0m
2026-10-07T01:10:18.4646546Z Removed command junction: C:\Users\runneradmin\AppData\Local\Temp\nagi uninstaller space 598d22a4-d610-4aa6-bb53-f0784caa1b82\protected-changed\current
2026-10-07T01:10:18.4665113Z [OK] Nagi uninstall complete. Any kept items are listed above.
2026-10-07T01:10:18.4671829Z Restart your terminal and VS Code to refresh PATH.
2026-10-07T01:10:19.1514324Z [33;1mWARNING: Kept changed, busy or unverifiable installation: C:\Users\runneradmin\AppData\Local\Temp\nagi uninstaller space 598d22a4-d610-4aa6-bb53-f0784caa1b82\protected-added\nagi-0.0.1-windows-x86_64 (Files were added or changed)[0m
2026-10-07T01:10:19.1540822Z Removed command junction: C:\Users\runneradmin\AppData\Local\Temp\nagi uninstaller space 598d22a4-d610-4aa6-bb53-f0784caa1b82\protected-added\current
2026-10-07T01:10:19.1554563Z [OK] Nagi uninstall complete. Any kept items are listed above.
2026-10-07T01:10:19.1560191Z Restart your terminal and VS Code to refresh PATH.
2026-10-07T01:10:21.6407033Z [33;1mWARNING: Kept changed, busy or unverifiable installation: C:\Users\runneradmin\AppData\Local\Temp\nagi uninstaller space 598d22a4-d610-4aa6-bb53-f0784caa1b82\protected-empty-directory\nagi-0.0.1-windows-x86_64 (Files were added or changed)[0m
2026-10-07T01:10:21.6428138Z Removed command junction: C:\Users\runneradmin\AppData\Local\Temp\nagi uninstaller space 598d22a4-d610-4aa6-bb53-f0784caa1b82\protected-empty-directory\current
2026-10-07T01:10:21.6446788Z [OK] Nagi uninstall complete. Any kept items are listed above.
2026-10-07T01:10:21.6452978Z Restart your terminal and VS Code to refresh PATH.
2026-10-07T01:10:21.8027243Z [33;1mWARNING: Kept changed, busy or unverifiable installation: C:\Users\runneradmin\AppData\Local\Temp\nagi uninstaller space 598d22a4-d610-4aa6-bb53-f0784caa1b82\protected-hidden\nagi-0.0.1-windows-x86_64 (Files were added or changed)[0m
2026-10-07T01:10:21.8049195Z Removed command junction: C:\Users\runneradmin\AppData\Local\Temp\nagi uninstaller space 598d22a4-d610-4aa6-bb53-f0784caa1b82\protected-hidden\current
2026-10-07T01:10:21.8065672Z [OK] Nagi uninstall complete. Any kept items are listed above.
2026-10-07T01:10:21.8071399Z Restart your terminal and VS Code to refresh PATH.
2026-10-07T01:10:21.8915327Z [33;1mWARNING: Kept changed, busy or unverifiable installation: C:\Users\runneradmin\AppData\Local\Temp\nagi uninstaller space 598d22a4-d610-4aa6-bb53-f0784caa1b82\protected-busy\nagi-0.0.1-windows-x86_64 (The process cannot access the file 'C:\Users\runneradmin\AppData\Local\Temp\nagi uninstaller space 598d22a4-d610-4aa6-bb53-f0784caa1b82\protected-busy\nagi-0.0.1-windows-x86_64\nagic.exe' because it is being used by another process.)[0m
2026-10-07T01:10:21.8941741Z Removed command junction: C:\Users\runneradmin\AppData\Local\Temp\nagi uninstaller space 598d22a4-d610-4aa6-bb53-f0784caa1b82\protected-busy\current
2026-10-07T01:10:21.8960041Z [OK] Nagi uninstall complete. Any kept items are listed above.
2026-10-07T01:10:21.8971865Z Restart your terminal and VS Code to refresh PATH.
2026-10-07T01:10:21.9785795Z [33;1mWARNING: Kept changed, busy or unverifiable installation: C:\Users\runneradmin\AppData\Local\Temp\nagi uninstaller space 598d22a4-d610-4aa6-bb53-f0784caa1b82\protected-junction\nagi-0.0.1-windows-x86_64 (Installation contains a link or an unrecognized file name)[0m
2026-10-07T01:10:21.9805223Z Removed command junction: C:\Users\runneradmin\AppData\Local\Temp\nagi uninstaller space 598d22a4-d610-4aa6-bb53-f0784caa1b82\protected-junction\current
2026-10-07T01:10:21.9821715Z [OK] Nagi uninstall complete. Any kept items are listed above.
2026-10-07T01:10:21.9827773Z Restart your terminal and VS Code to refresh PATH.
2026-10-07T01:10:22.0429431Z [33;1mWARNING: Kept existing current path: C:\Users\runneradmin\AppData\Local\Temp\nagi uninstaller space 598d22a4-d610-4aa6-bb53-f0784caa1b82\foreign-file\current[0m
2026-10-07T01:10:22.1707183Z Removed distribution: C:\Users\runneradmin\AppData\Local\Temp\nagi uninstaller space 598d22a4-d610-4aa6-bb53-f0784caa1b82\foreign-file\nagi-0.0.1-windows-x86_64
2026-10-07T01:10:22.1713412Z [OK] Nagi uninstall complete. Any kept items are listed above.
2026-10-07T01:10:22.1721053Z Restart your terminal and VS Code to refresh PATH.
2026-10-07T01:10:22.2231162Z [33;1mWARNING: Kept existing current path: C:\Users\runneradmin\AppData\Local\Temp\nagi uninstaller space 598d22a4-d610-4aa6-bb53-f0784caa1b82\foreign-directory\current[0m
2026-10-07T01:10:22.3412713Z Removed distribution: C:\Users\runneradmin\AppData\Local\Temp\nagi uninstaller space 598d22a4-d610-4aa6-bb53-f0784caa1b82\foreign-directory\nagi-0.0.1-windows-x86_64
2026-10-07T01:10:22.3418387Z [OK] Nagi uninstall complete. Any kept items are listed above.
2026-10-07T01:10:22.3425542Z Restart your terminal and VS Code to refresh PATH.
2026-10-07T01:10:22.3929280Z [33;1mWARNING: Kept existing current path: C:\Users\runneradmin\AppData\Local\Temp\nagi uninstaller space 598d22a4-d610-4aa6-bb53-f0784caa1b82\foreign-foreign-junction\current[0m
2026-10-07T01:10:22.5187618Z Removed distribution: C:\Users\runneradmin\AppData\Local\Temp\nagi uninstaller space 598d22a4-d610-4aa6-bb53-f0784caa1b82\foreign-foreign-junction\nagi-0.0.1-windows-x86_64
2026-10-07T01:10:22.5191641Z [OK] Nagi uninstall complete. Any kept items are listed above.
2026-10-07T01:10:22.5195275Z Restart your terminal and VS Code to refresh PATH.
2026-10-07T01:10:22.5860595Z [33;1mWARNING: Kept changed, busy or unverifiable installation: C:\Users\runneradmin\AppData\Local\Temp\nagi uninstaller space 598d22a4-d610-4aa6-bb53-f0784caa1b82\version-junction\nagi-0.0.1-windows-x86_64 (Not a plain installation directory)[0m
2026-10-07T01:10:22.5874029Z [OK] Nagi uninstall complete. Any kept items are listed above.
2026-10-07T01:10:22.5881044Z Restart your terminal and VS Code to refresh PATH.
2026-10-07T01:10:22.6926068Z [33;1mWARNING: Kept changed, busy or unverifiable installation: C:\Users\runneradmin\AppData\Local\Temp\nagi uninstaller space 598d22a4-d610-4aa6-bb53-f0784caa1b82\unverified-checksum\nagi-0.0.1-windows-x86_64 (SHA-256 mismatch)[0m
2026-10-07T01:10:22.6950336Z Removed command junction: C:\Users\runneradmin\AppData\Local\Temp\nagi uninstaller space 598d22a4-d610-4aa6-bb53-f0784caa1b82\unverified-checksum\current
2026-10-07T01:10:22.6970263Z [OK] Nagi uninstall complete. Any kept items are listed above.
2026-10-07T01:10:22.6976411Z Restart your terminal and VS Code to refresh PATH.
2026-10-07T01:10:22.7892239Z [33;1mWARNING: Kept changed, busy or unverifiable installation: C:\Users\runneradmin\AppData\Local\Temp\nagi uninstaller space 598d22a4-d610-4aa6-bb53-f0784caa1b82\unverified-offline\nagi-0.0.1-windows-x86_64 (Fixture download unavailable)[0m
2026-10-07T01:10:22.7914391Z Removed command junction: C:\Users\runneradmin\AppData\Local\Temp\nagi uninstaller space 598d22a4-d610-4aa6-bb53-f0784caa1b82\unverified-offline\current
2026-10-07T01:10:22.7932261Z [OK] Nagi uninstall complete. Any kept items are listed above.
2026-10-07T01:10:22.7939708Z Restart your terminal and VS Code to refresh PATH.
2026-10-07T01:10:22.8909491Z [33;1mWARNING: Kept changed, busy or unverifiable installation: C:\Users\runneradmin\AppData\Local\Temp\nagi uninstaller space 598d22a4-d610-4aa6-bb53-f0784caa1b82\unverified-unsafe\nagi-0.0.90-windows-x86_64 (Unsafe archive entry)[0m
2026-10-07T01:10:22.8932938Z Removed command junction: C:\Users\runneradmin\AppData\Local\Temp\nagi uninstaller space 598d22a4-d610-4aa6-bb53-f0784caa1b82\unverified-unsafe\current
2026-10-07T01:10:22.8951886Z [OK] Nagi uninstall complete. Any kept items are listed above.
2026-10-07T01:10:22.8957663Z Restart your terminal and VS Code to refresh PATH.
2026-10-07T01:10:23.0373523Z [33;1mWARNING: Kept changed, busy or unverifiable installation: C:\Users\runneradmin\AppData\Local\Temp\nagi uninstaller space 598d22a4-d610-4aa6-bb53-f0784caa1b82\unverified-incomplete\nagi-0.0.91-windows-x86_64 (Incomplete distribution)[0m
2026-10-07T01:10:23.0399585Z Removed command junction: C:\Users\runneradmin\AppData\Local\Temp\nagi uninstaller space 598d22a4-d610-4aa6-bb53-f0784caa1b82\unverified-incomplete\current
2026-10-07T01:10:23.0421360Z [OK] Nagi uninstall complete. Any kept items are listed above.
2026-10-07T01:10:23.0429535Z Restart your terminal and VS Code to refresh PATH.
2026-10-07T01:10:23.1795081Z [33;1mWARNING: Kept changed, busy or unverifiable installation: C:\Users\runneradmin\AppData\Local\Temp\nagi uninstaller space 598d22a4-d610-4aa6-bb53-f0784caa1b82\unverified-metadata\nagi-0.0.92-windows-x86_64 (Distribution metadata mismatch)[0m
2026-10-07T01:10:23.1816602Z Removed command junction: C:\Users\runneradmin\AppData\Local\Temp\nagi uninstaller space 598d22a4-d610-4aa6-bb53-f0784caa1b82\unverified-metadata\current
2026-10-07T01:10:23.1833464Z [OK] Nagi uninstall complete. Any kept items are listed above.
2026-10-07T01:10:23.1839081Z Restart your terminal and VS Code to refresh PATH.
2026-10-07T01:10:23.5901165Z Removed command junction: C:\Users\runneradmin\AppData\Local\Temp\nagi uninstaller space 598d22a4-d610-4aa6-bb53-f0784caa1b82\path\current
2026-10-07T01:10:23.6210094Z Removed distribution: C:\Users\runneradmin\AppData\Local\Temp\nagi uninstaller space 598d22a4-d610-4aa6-bb53-f0784caa1b82\path\nagi-0.0.1-windows-x86_64
2026-10-07T01:10:23.6430501Z Removed distribution: C:\Users\runneradmin\AppData\Local\Temp\nagi uninstaller space 598d22a4-d610-4aa6-bb53-f0784caa1b82\path\nagi-0.0.2-windows-x86_64
2026-10-07T01:10:23.6435470Z [OK] Nagi uninstall complete. Any kept items are listed above.
2026-10-07T01:10:23.6440908Z Restart your terminal and VS Code to refresh PATH.
2026-10-07T01:10:23.7703669Z [33;1mWARNING: Kept changed, busy or unverifiable installation: C:\Users\runneradmin\AppData\Local\Temp\nagi uninstaller space 598d22a4-d610-4aa6-bb53-f0784caa1b82\path-unverified\nagi-0.0.1-windows-x86_64 (Files were added or changed)[0m
2026-10-07T01:10:23.7723561Z [OK] Nagi uninstall complete. Any kept items are listed above.
2026-10-07T01:10:23.7730773Z Restart your terminal and VS Code to refresh PATH.
2026-10-07T01:10:23.9033671Z [33;1mWARNING: Kept changed, busy or unverifiable installation: C:\Users\runneradmin\AppData\Local\Temp\nagi uninstaller space 598d22a4-d610-4aa6-bb53-f0784caa1b82\path-changed-current\nagi-0.0.1-windows-x86_64 (Files were added or changed)[0m
2026-10-07T01:10:23.9054387Z Removed command junction: C:\Users\runneradmin\AppData\Local\Temp\nagi uninstaller space 598d22a4-d610-4aa6-bb53-f0784caa1b82\path-changed-current\current
2026-10-07T01:10:23.9074703Z [OK] Nagi uninstall complete. Any kept items are listed above.
2026-10-07T01:10:23.9081924Z Restart your terminal and VS Code to refresh PATH.
2026-10-07T01:10:23.9536988Z [33;1mWARNING: Kept existing current path: C:\Users\runneradmin\AppData\Local\Temp\nagi uninstaller space 598d22a4-d610-4aa6-bb53-f0784caa1b82\path-foreign-current\current[0m
2026-10-07T01:10:24.0705577Z Removed distribution: C:\Users\runneradmin\AppData\Local\Temp\nagi uninstaller space 598d22a4-d610-4aa6-bb53-f0784caa1b82\path-foreign-current\nagi-0.0.1-windows-x86_64
2026-10-07T01:10:24.0711129Z [OK] Nagi uninstall complete. Any kept items are listed above.
2026-10-07T01:10:24.0717859Z Restart your terminal and VS Code to refresh PATH.
2026-10-07T01:10:24.0831257Z [OK] No installation directory: C:\Users\runneradmin\AppData\Local\Temp\nagi uninstaller space 598d22a4-d610-4aa6-bb53-f0784caa1b82\null-path-missing
2026-10-07T01:10:24.0955614Z [OK] Nagi uninstall complete. Any kept items are listed above.
2026-10-07T01:10:24.0961209Z Restart your terminal and VS Code to refresh PATH.
2026-10-07T01:10:24.1022089Z PowerShell uninstaller: preview, repeat, legacy, complete trees, protected files, foreign links, failed verification, lock, root junction, and isolated PATH tests passed.
2026-10-07T01:10:24.2670013Z ##[group]Run ./scripts/releases/test_uninstall.ps1
2026-10-07T01:10:24.2670451Z [36;1m./scripts/releases/test_uninstall.ps1[0m
2026-10-07T01:10:24.2741237Z shell: C:\Windows\System32\WindowsPowerShell\v1.0\powershell.EXE -command ". '{0}'"
2026-10-07T01:10:24.2741656Z env:
2026-10-07T01:10:24.2741917Z   NAGI_FAILURE_DIR: D:\a\Nagi\Nagi/build/compiler-failures
2026-10-07T01:10:24.2742245Z   CARGO_HOME: C:\Users\runneradmin\.cargo
2026-10-07T01:10:24.2742497Z   CARGO_INCREMENTAL: 0
2026-10-07T01:10:24.2742695Z   CARGO_TERM_COLOR: always
2026-10-07T01:10:24.2742983Z   pythonLocation: C:\hostedtoolcache\windows\Python\3.12.10\x64
2026-10-07T01:10:24.2743425Z   PKG_CONFIG_PATH: C:\hostedtoolcache\windows\Python\3.12.10\x64/lib/pkgconfig
2026-10-07T01:10:24.2743870Z   Python_ROOT_DIR: C:\hostedtoolcache\windows\Python\3.12.10\x64
2026-10-07T01:10:24.2744269Z   Python2_ROOT_DIR: C:\hostedtoolcache\windows\Python\3.12.10\x64
2026-10-07T01:10:24.2744882Z   Python3_ROOT_DIR: C:\hostedtoolcache\windows\Python\3.12.10\x64
2026-10-07T01:10:24.2745317Z ##[endgroup]
2026-10-07T01:10:26.9497235Z What if: Performing the operation "Remove installer current junction" on target "C:\Users\runneradmin\AppData\Local\Temp\nagi uninstaller space 581ef154-39ab-4bff-ae9f-1e2c7a591184\preview\current".
2026-10-07T01:10:26.9551253Z What if: Performing the operation "Remove installer-owned Nagi entries" on target "User PATH".
2026-10-07T01:10:26.9593628Z What if: Performing the operation "Remove unchanged verified Nagi distribution" on target "C:\Users\runneradmin\AppData\Local\Temp\nagi uninstaller space 581ef154-39ab-4bff-ae9f-1e2c7a591184\preview\nagi-0.0.1-windows-x86_64".
2026-10-07T01:10:26.9732430Z [OK] Dry run complete; no installed files or PATH entries changed.
2026-10-07T01:10:27.4161877Z Removed command junction: C:\Users\runneradmin\AppData\Local\Temp\nagi uninstaller space 581ef154-39ab-4bff-ae9f-1e2c7a591184\normal\current
2026-10-07T01:10:27.4815869Z Removed distribution: C:\Users\runneradmin\AppData\Local\Temp\nagi uninstaller space 581ef154-39ab-4bff-ae9f-1e2c7a591184\normal\nagi-0.0.1-windows-x86_64
2026-10-07T01:10:27.4844824Z [OK] Nagi uninstall complete. Any kept items are listed above.
2026-10-07T01:10:27.4901738Z Restart your terminal and VS Code to refresh PATH.
2026-10-07T01:10:27.5050733Z [OK] Nagi uninstall complete. Any kept items are listed above.
2026-10-07T01:10:27.5060984Z Restart your terminal and VS Code to refresh PATH.
2026-10-07T01:10:27.5220650Z [OK] No installation directory: C:\Users\runneradmin\AppData\Local\Temp\nagi uninstaller space 581ef154-39ab-4bff-ae9f-1e2c7a591184\not installed
2026-10-07T01:10:27.9131200Z Removed distribution: C:\Users\runneradmin\AppData\Local\Temp\nagi uninstaller space 581ef154-39ab-4bff-ae9f-1e2c7a591184\legacy\nagi-0.0.1-windows-x86_64
2026-10-07T01:10:27.9140594Z [OK] Nagi uninstall complete. Any kept items are listed above.
2026-10-07T01:10:27.9150626Z Restart your terminal and VS Code to refresh PATH.
2026-10-07T01:10:28.2682887Z WARNING: Kept changed, busy or unverifiable installation: C:\Users\runneradmin\AppData\Local\Temp\nagi uninstaller 
2026-10-07T01:10:28.2684656Z space 581ef154-39ab-4bff-ae9f-1e2c7a591184\protected-changed\nagi-0.0.1-windows-x86_64 (Files were added or changed)
2026-10-07T01:10:28.2706774Z Removed command junction: C:\Users\runneradmin\AppData\Local\Temp\nagi uninstaller space 581ef154-39ab-4bff-ae9f-1e2c7a591184\protected-changed\current
2026-10-07T01:10:28.2727978Z [OK] Nagi uninstall complete. Any kept items are listed above.
2026-10-07T01:10:28.2737947Z Restart your terminal and VS Code to refresh PATH.
2026-10-07T01:10:28.6084785Z WARNING: Kept changed, busy or unverifiable installation: C:\Users\runneradmin\AppData\Local\Temp\nagi uninstaller 
2026-10-07T01:10:28.6086787Z space 581ef154-39ab-4bff-ae9f-1e2c7a591184\protected-added\nagi-0.0.1-windows-x86_64 (Files were added or changed)
2026-10-07T01:10:28.6110608Z Removed command junction: C:\Users\runneradmin\AppData\Local\Temp\nagi uninstaller space 581ef154-39ab-4bff-ae9f-1e2c7a591184\protected-added\current
2026-10-07T01:10:28.6129826Z [OK] Nagi uninstall complete. Any kept items are listed above.
2026-10-07T01:10:28.6139572Z Restart your terminal and VS Code to refresh PATH.
2026-10-07T01:10:28.9687959Z WARNING: Kept changed, busy or unverifiable installation: C:\Users\runneradmin\AppData\Local\Temp\nagi uninstaller 
2026-10-07T01:10:28.9689696Z space 581ef154-39ab-4bff-ae9f-1e2c7a591184\protected-empty-directory\nagi-0.0.1-windows-x86_64 (Files were added or 
2026-10-07T01:10:28.9690696Z changed)
2026-10-07T01:10:28.9711541Z Removed command junction: C:\Users\runneradmin\AppData\Local\Temp\nagi uninstaller space 581ef154-39ab-4bff-ae9f-1e2c7a591184\protected-empty-directory\current
2026-10-07T01:10:28.9733669Z [OK] Nagi uninstall complete. Any kept items are listed above.
2026-10-07T01:10:28.9743650Z Restart your terminal and VS Code to refresh PATH.
2026-10-07T01:10:29.3322867Z WARNING: Kept changed, busy or unverifiable installation: C:\Users\runneradmin\AppData\Local\Temp\nagi uninstaller 
2026-10-07T01:10:29.3324700Z space 581ef154-39ab-4bff-ae9f-1e2c7a591184\protected-hidden\nagi-0.0.1-windows-x86_64 (Files were added or changed)
2026-10-07T01:10:29.3345618Z Removed command junction: C:\Users\runneradmin\AppData\Local\Temp\nagi uninstaller space 581ef154-39ab-4bff-ae9f-1e2c7a591184\protected-hidden\current
2026-10-07T01:10:29.3367238Z [OK] Nagi uninstall complete. Any kept items are listed above.
2026-10-07T01:10:29.3377298Z Restart your terminal and VS Code to refresh PATH.
2026-10-07T01:10:29.4262939Z WARNING: Kept changed, busy or unverifiable installation: C:\Users\runneradmin\AppData\Local\Temp\nagi uninstaller 
2026-10-07T01:10:29.4264281Z space 581ef154-39ab-4bff-ae9f-1e2c7a591184\protected-busy\nagi-0.0.1-windows-x86_64 (The file 
2026-10-07T01:10:29.4264924Z 'C:\Users\runneradmin\AppData\Local\Temp\nagi uninstaller space 
2026-10-07T01:10:29.4265692Z 581ef154-39ab-4bff-ae9f-1e2c7a591184\protected-busy\nagi-0.0.1-windows-x86_64\nagic.exe' cannot be read: The process 
2026-10-07T01:10:29.4266482Z cannot access the file 'C:\Users\runneradmin\AppData\Local\Temp\nagi uninstaller space 
2026-10-07T01:10:29.4267286Z 581ef154-39ab-4bff-ae9f-1e2c7a591184\protected-busy\nagi-0.0.1-windows-x86_64\nagic.exe' because it is being used by 
2026-10-07T01:10:29.4267856Z another process.)
2026-10-07T01:10:29.4289814Z Removed command junction: C:\Users\runneradmin\AppData\Local\Temp\nagi uninstaller space 581ef154-39ab-4bff-ae9f-1e2c7a591184\protected-busy\current
2026-10-07T01:10:29.4312740Z [OK] Nagi uninstall complete. Any kept items are listed above.
2026-10-07T01:10:29.4322716Z Restart your terminal and VS Code to refresh PATH.
2026-10-07T01:10:29.5019577Z WARNING: Kept changed, busy or unverifiable installation: C:\Users\runneradmin\AppData\Local\Temp\nagi uninstaller 
2026-10-07T01:10:29.5021074Z space 581ef154-39ab-4bff-ae9f-1e2c7a591184\protected-junction\nagi-0.0.1-windows-x86_64 (Installation contains a link 
2026-10-07T01:10:29.5021699Z or an unrecognized file name)
2026-10-07T01:10:29.5044277Z Removed command junction: C:\Users\runneradmin\AppData\Local\Temp\nagi uninstaller space 581ef154-39ab-4bff-ae9f-1e2c7a591184\protected-junction\current
2026-10-07T01:10:29.5067758Z [OK] Nagi uninstall complete. Any kept items are listed above.
2026-10-07T01:10:29.5078925Z Restart your terminal and VS Code to refresh PATH.
2026-10-07T01:10:29.5609960Z WARNING: Kept existing current path: C:\Users\runneradmin\AppData\Local\Temp\nagi uninstaller space 
2026-10-07T01:10:29.5611111Z 581ef154-39ab-4bff-ae9f-1e2c7a591184\foreign-file\current
2026-10-07T01:10:29.8741806Z Removed distribution: C:\Users\runneradmin\AppData\Local\Temp\nagi uninstaller space 581ef154-39ab-4bff-ae9f-1e2c7a591184\foreign-file\nagi-0.0.1-windows-x86_64
2026-10-07T01:10:29.8750217Z [OK] Nagi uninstall complete. Any kept items are listed above.
2026-10-07T01:10:29.8760303Z Restart your terminal and VS Code to refresh PATH.
2026-10-07T01:10:29.9137331Z WARNING: Kept existing current path: C:\Users\runneradmin\AppData\Local\Temp\nagi uninstaller space 
2026-10-07T01:10:29.9138645Z 581ef154-39ab-4bff-ae9f-1e2c7a591184\foreign-directory\current
2026-10-07T01:10:30.2305800Z Removed distribution: C:\Users\runneradmin\AppData\Local\Temp\nagi uninstaller space 581ef154-39ab-4bff-ae9f-1e2c7a591184\foreign-directory\nagi-0.0.1-windows-x86_64
2026-10-07T01:10:30.2315466Z [OK] Nagi uninstall complete. Any kept items are listed above.
2026-10-07T01:10:30.2325733Z Restart your terminal and VS Code to refresh PATH.
2026-10-07T01:10:30.2772338Z WARNING: Kept existing current path: C:\Users\runneradmin\AppData\Local\Temp\nagi uninstaller space 
2026-10-07T01:10:30.2773373Z 581ef154-39ab-4bff-ae9f-1e2c7a591184\foreign-foreign-junction\current
2026-10-07T01:10:30.5870137Z Removed distribution: C:\Users\runneradmin\AppData\Local\Temp\nagi uninstaller space 581ef154-39ab-4bff-ae9f-1e2c7a591184\foreign-foreign-junction\nagi-0.0.1-windows-x86_64
2026-10-07T01:10:30.5877864Z [OK] Nagi uninstall complete. Any kept items are listed above.
2026-10-07T01:10:30.5887762Z Restart your terminal and VS Code to refresh PATH.
2026-10-07T01:10:30.6556049Z WARNING: Kept changed, busy or unverifiable installation: C:\Users\runneradmin\AppData\Local\Temp\nagi uninstaller 
2026-10-07T01:10:30.6558300Z space 581ef154-39ab-4bff-ae9f-1e2c7a591184\version-junction\nagi-0.0.1-windows-x86_64 (Not a plain installation 
2026-10-07T01:10:30.6559300Z directory)
2026-10-07T01:10:30.6579683Z [OK] Nagi uninstall complete. Any kept items are listed above.
2026-10-07T01:10:30.6590392Z Restart your terminal and VS Code to refresh PATH.
2026-10-07T01:10:30.7450265Z WARNING: Kept changed, busy or unverifiable installation: C:\Users\runneradmin\AppData\Local\Temp\nagi uninstaller 
2026-10-07T01:10:30.7452297Z space 581ef154-39ab-4bff-ae9f-1e2c7a591184\unverified-checksum\nagi-0.0.1-windows-x86_64 (SHA-256 mismatch)
2026-10-07T01:10:30.7472779Z Removed command junction: C:\Users\runneradmin\AppData\Local\Temp\nagi uninstaller space 581ef154-39ab-4bff-ae9f-1e2c7a591184\unverified-checksum\current
2026-10-07T01:10:30.7494661Z [OK] Nagi uninstall complete. Any kept items are listed above.
2026-10-07T01:10:30.7504936Z Restart your terminal and VS Code to refresh PATH.
2026-10-07T01:10:30.8336914Z WARNING: Kept changed, busy or unverifiable installation: C:\Users\runneradmin\AppData\Local\Temp\nagi uninstaller 
2026-10-07T01:10:30.8339621Z space 581ef154-39ab-4bff-ae9f-1e2c7a591184\unverified-offline\nagi-0.0.1-windows-x86_64 (Fixture download unavailable)
2026-10-07T01:10:30.8360762Z Removed command junction: C:\Users\runneradmin\AppData\Local\Temp\nagi uninstaller space 581ef154-39ab-4bff-ae9f-1e2c7a591184\unverified-offline\current
2026-10-07T01:10:30.8385493Z [OK] Nagi uninstall complete. Any kept items are listed above.
2026-10-07T01:10:30.8394721Z Restart your terminal and VS Code to refresh PATH.
2026-10-07T01:10:30.9398498Z WARNING: Kept changed, busy or unverifiable installation: C:\Users\runneradmin\AppData\Local\Temp\nagi uninstaller 
2026-10-07T01:10:30.9400148Z space 581ef154-39ab-4bff-ae9f-1e2c7a591184\unverified-unsafe\nagi-0.0.90-windows-x86_64 (Unsafe archive entry)
2026-10-07T01:10:30.9424484Z Removed command junction: C:\Users\runneradmin\AppData\Local\Temp\nagi uninstaller space 581ef154-39ab-4bff-ae9f-1e2c7a591184\unverified-unsafe\current
2026-10-07T01:10:30.9445545Z [OK] Nagi uninstall complete. Any kept items are listed above.
2026-10-07T01:10:30.9455488Z Restart your terminal and VS Code to refresh PATH.
2026-10-07T01:10:31.2653556Z WARNING: Kept changed, busy or unverifiable installation: C:\Users\runneradmin\AppData\Local\Temp\nagi uninstaller 
2026-10-07T01:10:31.2655489Z space 581ef154-39ab-4bff-ae9f-1e2c7a591184\unverified-incomplete\nagi-0.0.91-windows-x86_64 (Incomplete distribution)
2026-10-07T01:10:31.2680872Z Removed command junction: C:\Users\runneradmin\AppData\Local\Temp\nagi uninstaller space 581ef154-39ab-4bff-ae9f-1e2c7a591184\unverified-incomplete\current
2026-10-07T01:10:31.2701929Z [OK] Nagi uninstall complete. Any kept items are listed above.
2026-10-07T01:10:31.2711589Z Restart your terminal and VS Code to refresh PATH.
2026-10-07T01:10:31.5917621Z WARNING: Kept changed, busy or unverifiable installation: C:\Users\runneradmin\AppData\Local\Temp\nagi uninstaller 
2026-10-07T01:10:31.5919342Z space 581ef154-39ab-4bff-ae9f-1e2c7a591184\unverified-metadata\nagi-0.0.92-windows-x86_64 (Distribution metadata 
2026-10-07T01:10:31.5919912Z mismatch)
2026-10-07T01:10:31.5942982Z Removed command junction: C:\Users\runneradmin\AppData\Local\Temp\nagi uninstaller space 581ef154-39ab-4bff-ae9f-1e2c7a591184\unverified-metadata\current
2026-10-07T01:10:31.5965397Z [OK] Nagi uninstall complete. Any kept items are listed above.
2026-10-07T01:10:31.5975534Z Restart your terminal and VS Code to refresh PATH.
2026-10-07T01:10:32.3525224Z Removed command junction: C:\Users\runneradmin\AppData\Local\Temp\nagi uninstaller space 581ef154-39ab-4bff-ae9f-1e2c7a591184\path\current
2026-10-07T01:10:32.3849913Z Removed distribution: C:\Users\runneradmin\AppData\Local\Temp\nagi uninstaller space 581ef154-39ab-4bff-ae9f-1e2c7a591184\path\nagi-0.0.1-windows-x86_64
2026-10-07T01:10:32.4059841Z Removed distribution: C:\Users\runneradmin\AppData\Local\Temp\nagi uninstaller space 581ef154-39ab-4bff-ae9f-1e2c7a591184\path\nagi-0.0.2-windows-x86_64
2026-10-07T01:10:32.4070172Z [OK] Nagi uninstall complete. Any kept items are listed above.
2026-10-07T01:10:32.4080774Z Restart your terminal and VS Code to refresh PATH.
2026-10-07T01:10:32.7181829Z WARNING: Kept changed, busy or unverifiable installation: C:\Users\runneradmin\AppData\Local\Temp\nagi uninstaller 
2026-10-07T01:10:32.7183754Z space 581ef154-39ab-4bff-ae9f-1e2c7a591184\path-unverified\nagi-0.0.1-windows-x86_64 (Files were added or changed)
2026-10-07T01:10:32.7213966Z [OK] Nagi uninstall complete. Any kept items are listed above.
2026-10-07T01:10:32.7224978Z Restart your terminal and VS Code to refresh PATH.
2026-10-07T01:10:33.0379584Z WARNING: Kept changed, busy or unverifiable installation: C:\Users\runneradmin\AppData\Local\Temp\nagi uninstaller 
2026-10-07T01:10:33.0381758Z space 581ef154-39ab-4bff-ae9f-1e2c7a591184\path-changed-current\nagi-0.0.1-windows-x86_64 (Files were added or changed)
2026-10-07T01:10:33.0406348Z Removed command junction: C:\Users\runneradmin\AppData\Local\Temp\nagi uninstaller space 581ef154-39ab-4bff-ae9f-1e2c7a591184\path-changed-current\current
2026-10-07T01:10:33.0430345Z [OK] Nagi uninstall complete. Any kept items are listed above.
2026-10-07T01:10:33.0440557Z Restart your terminal and VS Code to refresh PATH.
2026-10-07T01:10:33.0764166Z WARNING: Kept existing current path: C:\Users\runneradmin\AppData\Local\Temp\nagi uninstaller space 
2026-10-07T01:10:33.0765608Z 581ef154-39ab-4bff-ae9f-1e2c7a591184\path-foreign-current\current
2026-10-07T01:10:33.3367032Z Removed distribution: C:\Users\runneradmin\AppData\Local\Temp\nagi uninstaller space 581ef154-39ab-4bff-ae9f-1e2c7a591184\path-foreign-current\nagi-0.0.1-windows-x86_64
2026-10-07T01:10:33.3376015Z [OK] Nagi uninstall complete. Any kept items are listed above.
2026-10-07T01:10:33.3386399Z Restart your terminal and VS Code to refresh PATH.
2026-10-07T01:10:33.3512805Z [OK] No installation directory: C:\Users\runneradmin\AppData\Local\Temp\nagi uninstaller space 581ef154-39ab-4bff-ae9f-1e2c7a591184\null-path-missing
2026-10-07T01:10:33.3629779Z [OK] Nagi uninstall complete. Any kept items are listed above.
2026-10-07T01:10:33.3639326Z Restart your terminal and VS Code to refresh PATH.
2026-10-07T01:10:33.3703605Z PowerShell uninstaller: preview, repeat, legacy, complete trees, protected files, foreign links, failed verification, lock, root junction, and isolated PATH tests passed.
2026-10-07T01:10:33.5430450Z ##[group]Run actions/upload-artifact@v4
2026-10-07T01:10:33.5430801Z with:
2026-10-07T01:10:33.5430999Z   name: release-windows-x86_64
2026-10-07T01:10:33.5431482Z   path: build/distribution/nagi-*.zip
build/distribution/nagi-*.tar.gz
build/distribution/nagi-*.sha256

2026-10-07T01:10:33.5431969Z   if-no-files-found: error
2026-10-07T01:10:33.5432183Z   compression-level: 6
2026-10-07T01:10:33.5432384Z   overwrite: false
2026-10-07T01:10:33.5432592Z   include-hidden-files: false
2026-10-07T01:10:33.5432803Z env:
2026-10-07T01:10:33.5433046Z   NAGI_FAILURE_DIR: D:\a\Nagi\Nagi/build/compiler-failures
2026-10-07T01:10:33.5433367Z   CARGO_HOME: C:\Users\runneradmin\.cargo
2026-10-07T01:10:33.5433611Z   CARGO_INCREMENTAL: 0
2026-10-07T01:10:33.5433802Z   CARGO_TERM_COLOR: always
2026-10-07T01:10:33.5434082Z   pythonLocation: C:\hostedtoolcache\windows\Python\3.12.10\x64
2026-10-07T01:10:33.5434560Z   PKG_CONFIG_PATH: C:\hostedtoolcache\windows\Python\3.12.10\x64/lib/pkgconfig
2026-10-07T01:10:33.5435017Z   Python_ROOT_DIR: C:\hostedtoolcache\windows\Python\3.12.10\x64
2026-10-07T01:10:33.5435411Z   Python2_ROOT_DIR: C:\hostedtoolcache\windows\Python\3.12.10\x64
2026-10-07T01:10:33.5435795Z   Python3_ROOT_DIR: C:\hostedtoolcache\windows\Python\3.12.10\x64
2026-10-07T01:10:33.5436098Z ##[endgroup]
2026-10-07T01:10:33.7882073Z (node:3140) [DEP0040] DeprecationWarning: The `punycode` module is deprecated. Please use a userland alternative instead.
2026-10-07T01:10:33.7883463Z (Use `node --trace-deprecation ...` to show where the warning was created)
2026-10-07T01:10:33.7975680Z With the provided path, there will be 2 files uploaded
2026-10-07T01:10:33.7981562Z Artifact name is valid!
2026-10-07T01:10:33.7983832Z Root directory input is valid!
2026-10-07T01:10:34.0602490Z Beginning upload of artifact content to blob storage
2026-10-07T01:10:34.1796882Z (node:3140) [DEP0169] DeprecationWarning: `url.parse()` behavior is not standardized and prone to errors that have security implications. Use the WHATWG URL API instead. CVEs are not issued for `url.parse()` vulnerabilities.
2026-10-07T01:10:34.4983515Z Uploaded bytes 2303879
2026-10-07T01:10:34.5341628Z Finished uploading artifact content to blob storage!
2026-10-07T01:10:34.5342995Z SHA256 digest of uploaded artifact zip is 286c83a62190f54414dccb4cce7239aab57c0663923e5d006d30deb8745c87e7
2026-10-07T01:10:34.5345907Z Finalizing artifact upload
2026-10-07T01:10:34.7610208Z Artifact release-windows-x86_64.zip successfully finalized. Artifact ID 11453574844
2026-10-07T01:10:34.7617514Z Artifact release-windows-x86_64 has been successfully uploaded! Final size is 2303879 bytes. Artifact ID is 11453574844
2026-10-07T01:10:34.7631419Z Artifact download URL: https://github.com/disnana/Nagi/actions/runs/37553704154/artifacts/11453574844
2026-10-07T01:10:34.8124769Z Post job cleanup.
2026-10-07T01:10:34.9800492Z (node:1800) [DEP0040] DeprecationWarning: The `punycode` module is deprecated. Please use a userland alternative instead.
2026-10-07T01:10:34.9801836Z (Use `node --trace-deprecation ...` to show where the warning was created)
2026-10-07T01:10:35.0166457Z Post job cleanup.
2026-10-07T01:10:35.1769431Z (node:1232) [DEP0040] DeprecationWarning: The `punycode` module is deprecated. Please use a userland alternative instead.
2026-10-07T01:10:35.1770820Z (Use `node --trace-deprecation ...` to show where the warning was created)
2026-10-07T01:10:37.7692680Z Post job cleanup.
2026-10-07T01:10:37.9187957Z (node:5972) [DEP0040] DeprecationWarning: The `punycode` module is deprecated. Please use a userland alternative instead.
2026-10-07T01:10:37.9189224Z (Use `node --trace-deprecation ...` to show where the warning was created)
2026-10-07T01:10:38.0668117Z [command]"C:\Program Files\Git\usr\bin\tar.exe" --posix -cf cache.tzst --exclude cache.tzst -P -C D:/a/Nagi/Nagi --files-from manifest.txt --force-local --use-compress-program "zstd -T0"
2026-10-07T01:11:02.2274689Z (node:5972) [DEP0169] DeprecationWarning: `url.parse()` behavior is not standardized and prone to errors that have security implications. Use the WHATWG URL API instead. CVEs are not issued for `url.parse()` vulnerabilities.
2026-10-07T01:11:03.2117541Z Sent 0 of 1323762466 (0.0%), 0.0 MBs/sec
2026-10-07T01:11:04.2084879Z Sent 536870912 of 1323762466 (40.6%), 255.6 MBs/sec
2026-10-07T01:11:05.2138448Z Sent 738197504 of 1323762466 (55.8%), 234.2 MBs/sec
2026-10-07T01:11:06.2254901Z Sent 1189544738 of 1323762466 (89.9%), 282.2 MBs/sec
2026-10-07T01:11:06.4514206Z Sent 1323762466 of 1323762466 (100.0%), 297.3 MBs/sec
2026-10-07T01:11:06.7055206Z Cache saved with key: nagi-rust-v1-package-windows-x86_64-20260928b940-ec36a51f8eba44c485d62f4c9bfa24f91f29bf1b628cce42ff81e70bfa0a8824-a942c09f6aba8a01179bd09ddfd9289d89d6aeb59f8267ff2dba869d09d21b5a
2026-10-07T01:11:06.7401401Z Post job cleanup.
2026-10-07T01:11:06.9843599Z [command]"C:\Program Files\Git\bin\git.exe" version
2026-10-07T01:11:07.0168559Z git version 2.55.0.windows.5
2026-10-07T01:11:07.0253269Z Temporarily overriding HOME='D:\a\_temp\931e1e67-b635-4f3c-b17e-16bc64806291' before making global git config changes
2026-10-07T01:11:07.0254721Z Adding repository directory to the temporary git global config as a safe directory
2026-10-07T01:11:07.0268300Z [command]"C:\Program Files\Git\bin\git.exe" config --global --add safe.directory D:\a\Nagi\Nagi
2026-10-07T01:11:07.0660945Z [command]"C:\Program Files\Git\bin\git.exe" config --local --name-only --get-regexp core\.sshCommand
2026-10-07T01:11:07.1014629Z [command]"C:\Program Files\Git\bin\git.exe" submodule foreach --recursive "sh -c \"git config --local --name-only --get-regexp 'core\.sshCommand' && git config --local --unset-all 'core.sshCommand' || :\""
2026-10-07T01:11:07.7415174Z [command]"C:\Program Files\Git\bin\git.exe" config --local --name-only --get-regexp http\.https\:\/\/github\.com\/\.extraheader
2026-10-07T01:11:07.7714577Z http.https://github.com/.extraheader
2026-10-07T01:11:07.7760560Z [command]"C:\Program Files\Git\bin\git.exe" config --local --unset-all http.https://github.com/.extraheader
2026-10-07T01:11:07.8094743Z [command]"C:\Program Files\Git\bin\git.exe" submodule foreach --recursive "sh -c \"git config --local --name-only --get-regexp 'http\.https\:\/\/github\.com\/\.extraheader' && git config --local --unset-all 'http.https://github.com/.extraheader' || :\""
2026-10-07T01:11:08.3665909Z [command]"C:\Program Files\Git\bin\git.exe" config --local --name-only --get-regexp ^includeIf\.gitdir:
2026-10-07T01:11:08.3978254Z [command]"C:\Program Files\Git\bin\git.exe" submodule foreach --recursive "git config --local --show-origin --name-only --get-regexp remote.origin.url"
2026-10-07T01:11:09.0005612Z Cleaning up orphan processes
2026-10-07T01:11:09.0345255Z Terminate orphan process: pid (6840) (vctip)
2026-10-07T01:11:09.0406211Z ##[warning]Node.js 20 is deprecated. The following actions target Node.js 20 but are being forced to run on Node.js 24: actions/cache@v4, actions/checkout@v4, actions/setup-node@v4, actions/setup-python@v5, actions/upload-artifact@v4. For more information see: https://github.blog/changelog/2025-09-19-deprecation-of-node-20-on-github-actions-runners/
