2026-10-07T01:48:16.4561890Z Current runner version: '2.337.0'
2026-10-07T01:48:16.4577850Z ##[group]Runner Image Provisioner
2026-10-07T01:48:16.4578360Z Hosted Compute Agent
2026-10-07T01:48:16.4578740Z Version: 20260828.587
2026-10-07T01:48:16.4579140Z Commit: abac92662cab4cc7352de4f9f9d2e2419aad9c29
2026-10-07T01:48:16.4579610Z Build Date: 2026-08-28T16:44:25Z
2026-10-07T01:48:16.4580040Z Worker ID: {475d5a34-0839-4275-89ba-bcfeb7caae68}
2026-10-07T01:48:16.4580500Z Azure Region: westus
2026-10-07T01:48:16.4580870Z ##[endgroup]
2026-10-07T01:48:16.4581680Z ##[group]Operating System
2026-10-07T01:48:16.4582070Z macOS
2026-10-07T01:48:16.4582390Z 15.7.9
2026-10-07T01:48:16.4582720Z 24G830
2026-10-07T01:48:16.4583050Z ##[endgroup]
2026-10-07T01:48:16.4583410Z ##[group]Runner Image
2026-10-07T01:48:16.4583780Z Image: macos-15-arm64
2026-10-07T01:48:16.4584160Z Version: 20260907.0337.1
2026-10-07T01:48:16.4584960Z Included Software: https://github.com/actions/runner-images/blob/macos-15-arm64/20260907.0337/images/macos/macos-15-arm64-Readme.md
2026-10-07T01:48:16.4585970Z Image Release: https://github.com/actions/runner-images/releases/tag/macos-15-arm64%2F20260907.0337
2026-10-07T01:48:16.4586610Z ##[endgroup]
2026-10-07T01:48:16.4587310Z ##[group]GITHUB_TOKEN Permissions
2026-10-07T01:48:16.4588300Z Contents: read
2026-10-07T01:48:16.4588890Z Metadata: read
2026-10-07T01:48:16.4589320Z ##[endgroup]
2026-10-07T01:48:16.4590690Z Secret source: Actions
2026-10-07T01:48:16.4591230Z Cache mode: write
2026-10-07T01:48:16.4591680Z Prepare workflow directory
2026-10-07T01:48:16.4911900Z Prepare all required actions
2026-10-07T01:48:16.4943280Z Getting action download info
2026-10-07T01:48:16.7477550Z Download action repository 'actions/checkout@v4' (SHA:11d5960a326750d5838078e36cf38b85af677262)
2026-10-07T01:48:16.9917350Z Download action repository 'dtolnay/rust-toolchain@stable' (SHA:89b12181fb390509a0842a86cc55eeb8eb928c1d)
2026-10-07T01:48:17.4132170Z Download action repository 'actions/cache@v4' (SHA:0057852bfaa89a56745cba8c7296529d2fc39830)
2026-10-07T01:48:17.4945630Z Download action repository 'actions/setup-python@v5' (SHA:a26af69be951a213d495a4c3e4e4022e16d87065)
2026-10-07T01:48:17.5661290Z Download action repository 'actions/setup-node@v4' (SHA:49933ea5288caeca8642d1e84afbd3f7d6820020)
2026-10-07T01:48:17.6462710Z Download action repository 'actions/upload-artifact@v4' (SHA:ea165f8d65b6e75b540449e92b4886f43607fa02)
2026-10-07T01:48:17.8495400Z Complete job name: nagi-package (macos-15, macos-arm64, nagic, aarch64-apple-darwin)
2026-10-07T01:48:17.8996170Z ##[group]Run actions/checkout@v4
2026-10-07T01:48:17.8996670Z with:
2026-10-07T01:48:17.8996960Z   repository: disnana/Nagi
2026-10-07T01:48:17.8999350Z   token: ***
2026-10-07T01:48:17.8999700Z   ssh-strict: true
2026-10-07T01:48:17.9000000Z   ssh-user: git
2026-10-07T01:48:17.9000290Z   persist-credentials: true
2026-10-07T01:48:17.9000620Z   clean: true
2026-10-07T01:48:17.9000920Z   sparse-checkout-cone-mode: true
2026-10-07T01:48:17.9001270Z   fetch-depth: 1
2026-10-07T01:48:17.9001580Z   fetch-tags: false
2026-10-07T01:48:17.9001880Z   show-progress: true
2026-10-07T01:48:17.9002180Z   lfs: false
2026-10-07T01:48:17.9002470Z   submodules: false
2026-10-07T01:48:17.9002770Z   set-safe-directory: true
2026-10-07T01:48:17.9003110Z   allow-unsafe-pr-checkout: false
2026-10-07T01:48:17.9003550Z env:
2026-10-07T01:48:17.9004000Z   NAGI_FAILURE_DIR: /Users/runner/work/Nagi/Nagi/build/compiler-failures
2026-10-07T01:48:17.9004480Z ##[endgroup]
2026-10-07T01:48:18.2319660Z Syncing repository: disnana/Nagi
2026-10-07T01:48:18.2321120Z ##[group]Getting Git version info
2026-10-07T01:48:18.2321710Z Working directory is '/Users/runner/work/Nagi/Nagi'
2026-10-07T01:48:18.2322460Z [command]/opt/homebrew/bin/git version
2026-10-07T01:48:18.2839880Z git version 2.55.0
2026-10-07T01:48:18.2851460Z ##[endgroup]
2026-10-07T01:48:18.2859900Z Copying '/Users/runner/.gitconfig' to '/Users/runner/work/_temp/0ec4349e-ebd5-47db-a049-0421854477d8/.gitconfig'
2026-10-07T01:48:18.2877530Z Temporarily overriding HOME='/Users/runner/work/_temp/0ec4349e-ebd5-47db-a049-0421854477d8' before making global git config changes
2026-10-07T01:48:18.2884530Z Adding repository directory to the temporary git global config as a safe directory
2026-10-07T01:48:18.2909600Z [command]/opt/homebrew/bin/git config --global --add safe.directory /Users/runner/work/Nagi/Nagi
2026-10-07T01:48:18.3018320Z Deleting the contents of '/Users/runner/work/Nagi/Nagi'
2026-10-07T01:48:18.3020990Z ##[group]Initializing the repository
2026-10-07T01:48:18.3024200Z [command]/opt/homebrew/bin/git init /Users/runner/work/Nagi/Nagi
2026-10-07T01:48:18.3210440Z hint: Using 'master' as the name for the initial branch. This default branch name
2026-10-07T01:48:18.3213590Z hint: will change to "main" in Git 3.0. To configure the initial branch name
2026-10-07T01:48:18.3216510Z hint: to use in all of your new repositories, which will suppress this warning,
2026-10-07T01:48:18.3217240Z hint: call:
2026-10-07T01:48:18.3217640Z hint:
2026-10-07T01:48:18.3218210Z hint: 	git config --global init.defaultBranch <name>
2026-10-07T01:48:18.3218810Z hint:
2026-10-07T01:48:18.3219320Z hint: Names commonly chosen instead of 'master' are 'main', 'trunk' and
2026-10-07T01:48:18.3220480Z hint: 'development'. The just-created branch can be renamed via this command:
2026-10-07T01:48:18.3221130Z hint:
2026-10-07T01:48:18.3221560Z hint: 	git branch -m <name>
2026-10-07T01:48:18.3222050Z hint:
2026-10-07T01:48:18.3222650Z hint: Disable this message with "git config set advice.defaultBranchName false"
2026-10-07T01:48:18.3223700Z Initialized empty Git repository in /Users/runner/work/Nagi/Nagi/.git/
2026-10-07T01:48:18.3226270Z [command]/opt/homebrew/bin/git remote add origin https://github.com/disnana/Nagi
2026-10-07T01:48:18.3293560Z ##[endgroup]
2026-10-07T01:48:18.3294340Z ##[group]Disabling automatic garbage collection
2026-10-07T01:48:18.3295050Z [command]/opt/homebrew/bin/git config --local gc.auto 0
2026-10-07T01:48:18.3360060Z ##[endgroup]
2026-10-07T01:48:18.3367820Z ##[group]Setting up auth
2026-10-07T01:48:18.3368980Z [command]/opt/homebrew/bin/git config --local --name-only --get-regexp core\.sshCommand
2026-10-07T01:48:18.3502870Z [command]/opt/homebrew/bin/git submodule foreach --recursive sh -c "git config --local --name-only --get-regexp 'core\.sshCommand' && git config --local --unset-all 'core.sshCommand' || :"
2026-10-07T01:48:18.4417350Z [command]/opt/homebrew/bin/git config --local --name-only --get-regexp http\.https\:\/\/github\.com\/\.extraheader
2026-10-07T01:48:18.4469640Z [command]/opt/homebrew/bin/git submodule foreach --recursive sh -c "git config --local --name-only --get-regexp 'http\.https\:\/\/github\.com\/\.extraheader' && git config --local --unset-all 'http.https://github.com/.extraheader' || :"
2026-10-07T01:48:18.5096070Z [command]/opt/homebrew/bin/git config --local --name-only --get-regexp ^includeIf\.gitdir:
2026-10-07T01:48:18.5149950Z [command]/opt/homebrew/bin/git submodule foreach --recursive git config --local --show-origin --name-only --get-regexp remote.origin.url
2026-10-07T01:48:18.6191530Z [command]/opt/homebrew/bin/git config --local http.https://github.com/.extraheader AUTHORIZATION: basic ***
2026-10-07T01:48:18.6195930Z ##[endgroup]
2026-10-07T01:48:18.6197110Z ##[group]Fetching the repository
2026-10-07T01:48:18.6198600Z [command]/opt/homebrew/bin/git -c protocol.version=2 fetch --no-tags --prune --no-recurse-submodules --depth=1 origin +003a594de086383100016b7c75466da37705646c:refs/remotes/origin/main
2026-10-07T01:48:19.7998920Z From https://github.com/disnana/Nagi
2026-10-07T01:48:19.8007360Z  * [new ref]         003a594de086383100016b7c75466da37705646c -> origin/main
2026-10-07T01:48:19.8065250Z ##[endgroup]
2026-10-07T01:48:19.8066030Z ##[group]Determining the checkout info
2026-10-07T01:48:19.8067080Z ##[endgroup]
2026-10-07T01:48:19.8067630Z [command]/opt/homebrew/bin/git sparse-checkout disable
2026-10-07T01:48:19.8078390Z [command]/opt/homebrew/bin/git config --local --unset-all extensions.worktreeConfig
2026-10-07T01:48:19.8133300Z ##[group]Checking out the ref
2026-10-07T01:48:19.8139670Z [command]/opt/homebrew/bin/git checkout --progress --force -B main refs/remotes/origin/main
2026-10-07T01:48:20.1111140Z Switched to a new branch 'main'
2026-10-07T01:48:20.1113480Z branch 'main' set up to track 'origin/main'.
2026-10-07T01:48:20.1132580Z ##[endgroup]
2026-10-07T01:48:20.1202820Z [command]/opt/homebrew/bin/git log -1 --format=%H
2026-10-07T01:48:20.1254400Z 003a594de086383100016b7c75466da37705646c
2026-10-07T01:48:20.1499870Z ##[group]Run dtolnay/rust-toolchain@stable
2026-10-07T01:48:20.1500140Z with:
2026-10-07T01:48:20.1500300Z   toolchain: stable
2026-10-07T01:48:20.1500460Z env:
2026-10-07T01:48:20.1500700Z   NAGI_FAILURE_DIR: /Users/runner/work/Nagi/Nagi/build/compiler-failures
2026-10-07T01:48:20.1501000Z ##[endgroup]
2026-10-07T01:48:20.1545440Z ##[start-action display=Parse toolchain version;id=rust.parse]
2026-10-07T01:48:20.1590770Z ##[group]Run if [[ -z $toolchain ]]; then
2026-10-07T01:48:20.1591190Z [36;1mif [[ -z $toolchain ]]; then[0m
2026-10-07T01:48:20.1591670Z [36;1m  # GitHub does not enforce `required: true` inputs itself. https://github.com/actions/runner/issues/1070[0m
2026-10-07T01:48:20.1592150Z [36;1m  echo "'toolchain' is a required input" >&2[0m
2026-10-07T01:48:20.1592400Z [36;1m  exit 1[0m
2026-10-07T01:48:20.1592720Z [36;1melif [[ $toolchain =~ ^stable' '[0-9]+' '(year|month|week|day)s?' 'ago$ ]]; then[0m
2026-10-07T01:48:20.1593110Z [36;1m  if [[ macOS == macOS ]]; then[0m
2026-10-07T01:48:20.1593570Z [36;1m    echo "toolchain=1.$((($(date -v-$(sed 's/stable \([0-9]*\) \(.\).*/\1\2/' <<< $toolchain) +%s)/60/60/24-16569)/7/6))" >> $GITHUB_OUTPUT[0m
2026-10-07T01:48:20.1594020Z [36;1m  else[0m
2026-10-07T01:48:20.1594390Z [36;1m    echo "toolchain=1.$((($(date --date "${toolchain#stable }" +%s)/60/60/24-16569)/7/6))" >> $GITHUB_OUTPUT[0m
2026-10-07T01:48:20.1594770Z [36;1m  fi[0m
2026-10-07T01:48:20.1595040Z [36;1melif [[ $toolchain =~ ^stable' 'minus' '[0-9]+' 'releases?$ ]]; then[0m
2026-10-07T01:48:20.1595510Z [36;1m  echo "toolchain=1.$((($(date +%s)/60/60/24-16569)/7/6-${toolchain//[^0-9]/}))" >> $GITHUB_OUTPUT[0m
2026-10-07T01:48:20.1595920Z [36;1melif [[ $toolchain =~ ^1\.[0-9]+$ ]]; then[0m
2026-10-07T01:48:20.1596390Z [36;1m  echo "toolchain=1.$((i=${toolchain#1.}, c=($(date +%s)/60/60/24-16569)/7/6, i+9*i*(10*i<=c)+90*i*(100*i<=c)))" >> $GITHUB_OUTPUT[0m
2026-10-07T01:48:20.1596810Z [36;1melse[0m
2026-10-07T01:48:20.1597040Z [36;1m  echo "toolchain=$toolchain" >> $GITHUB_OUTPUT[0m
2026-10-07T01:48:20.1597300Z [36;1mfi[0m
2026-10-07T01:48:20.1638170Z shell: /bin/bash --noprofile --norc -e -o pipefail {0}
2026-10-07T01:48:20.1638460Z env:
2026-10-07T01:48:20.1638730Z   NAGI_FAILURE_DIR: /Users/runner/work/Nagi/Nagi/build/compiler-failures
2026-10-07T01:48:20.1639040Z   toolchain: stable
2026-10-07T01:48:20.1639210Z ##[endgroup]
2026-10-07T01:48:20.1953060Z ##[end-action id=rust.parse;outcome=success;conclusion=success;duration_ms=40]
2026-10-07T01:48:20.1961050Z ##[start-action display=Construct rustup command line;id=rust.flags]
2026-10-07T01:48:20.1985220Z ##[group]Run echo "targets=$(for t in ${targets//,/ }; do echo -n ' --target' $t; done)" >> $GITHUB_OUTPUT
2026-10-07T01:48:20.1985790Z [36;1mecho "targets=$(for t in ${targets//,/ }; do echo -n ' --target' $t; done)" >> $GITHUB_OUTPUT[0m
2026-10-07T01:48:20.1986340Z [36;1mecho "components=$(for c in ${components//,/ }; do echo -n ' --component' $c; done)" >> $GITHUB_OUTPUT[0m
2026-10-07T01:48:20.1986810Z [36;1mecho "downgrade=" >> $GITHUB_OUTPUT[0m
2026-10-07T01:48:20.2018470Z shell: /bin/bash --noprofile --norc -e -o pipefail {0}
2026-10-07T01:48:20.2018770Z env:
2026-10-07T01:48:20.2019070Z   NAGI_FAILURE_DIR: /Users/runner/work/Nagi/Nagi/build/compiler-failures
2026-10-07T01:48:20.2019400Z   targets: 
2026-10-07T01:48:20.2019570Z   components: 
2026-10-07T01:48:20.2019980Z ##[endgroup]
2026-10-07T01:48:20.2290800Z ##[end-action id=rust.flags;outcome=success;conclusion=success;duration_ms=32]
2026-10-07T01:48:20.2293100Z ##[start-action display=Set $CARGO_HOME;id=rust.__run]
2026-10-07T01:48:20.2310690Z ##[group]Run echo CARGO_HOME=${CARGO_HOME:-"$HOME/.cargo"} >> $GITHUB_ENV
2026-10-07T01:48:20.2311110Z [36;1mecho CARGO_HOME=${CARGO_HOME:-"$HOME/.cargo"} >> $GITHUB_ENV[0m
2026-10-07T01:48:20.2342430Z shell: /bin/bash --noprofile --norc -e -o pipefail {0}
2026-10-07T01:48:20.2342710Z env:
2026-10-07T01:48:20.2343290Z   NAGI_FAILURE_DIR: /Users/runner/work/Nagi/Nagi/build/compiler-failures
2026-10-07T01:48:20.2343620Z ##[endgroup]
2026-10-07T01:48:20.2589470Z ##[end-action id=rust.__run;outcome=success;conclusion=success;duration_ms=29]
2026-10-07T01:48:20.2591480Z ##[start-action display=Install rustup if needed;id=rust.__run_2]
2026-10-07T01:48:20.2614700Z ##[group]Run if ! command -v rustup &>/dev/null; then
2026-10-07T01:48:20.2615030Z [36;1mif ! command -v rustup &>/dev/null; then[0m
2026-10-07T01:48:20.2615660Z [36;1m  curl --proto '=https' --tlsv1.2 --retry 10 --retry-connrefused --location --silent --show-error --fail https://sh.rustup.rs | sh -s -- --default-toolchain none -y[0m
2026-10-07T01:48:20.2616330Z [36;1m  echo "$CARGO_HOME/bin" >> $GITHUB_PATH[0m
2026-10-07T01:48:20.2616570Z [36;1mfi[0m
2026-10-07T01:48:20.2645930Z shell: /bin/bash --noprofile --norc -e -o pipefail {0}
2026-10-07T01:48:20.2646190Z env:
2026-10-07T01:48:20.2646460Z   NAGI_FAILURE_DIR: /Users/runner/work/Nagi/Nagi/build/compiler-failures
2026-10-07T01:48:20.2646820Z   CARGO_HOME: /Users/runner/.cargo
2026-10-07T01:48:20.2647050Z ##[endgroup]
2026-10-07T01:48:20.2902430Z ##[end-action id=rust.__run_2;outcome=success;conclusion=success;duration_ms=31]
2026-10-07T01:48:20.2904940Z ##[start-action display=Install rustup if needed on windows;id=rust.__run_3]
2026-10-07T01:48:20.2911700Z ##[end-action id=rust.__run_3;outcome=skipped;conclusion=skipped;duration_ms=0]
2026-10-07T01:48:20.2919140Z ##[start-action display=rustup toolchain install stable;id=rust.__run_4]
2026-10-07T01:48:20.2938570Z ##[group]Run log=$(mktemp)
2026-10-07T01:48:20.2938860Z [36;1mlog=$(mktemp)[0m
2026-10-07T01:48:20.2939100Z [36;1mtrap 'rm -f "$log"' EXIT[0m
2026-10-07T01:48:20.2939330Z [36;1mfor attempt in 1 2 3 4 5; do[0m
2026-10-07T01:48:20.2939780Z [36;1m  if rustup toolchain install stable --profile minimal --no-self-update --force-non-host 2>&1 | tee "$log"; then[0m
2026-10-07T01:48:20.2940210Z [36;1m    break[0m
2026-10-07T01:48:20.2940390Z [36;1m  else[0m
2026-10-07T01:48:20.2940600Z [36;1m    status=$?[0m
2026-10-07T01:48:20.2940800Z [36;1m  fi[0m
2026-10-07T01:48:20.2941070Z [36;1m  if [[ $attempt == 5 ]] || ! grep -Fq 'checksum failed for ' "$log" \[0m
2026-10-07T01:48:20.2941550Z [36;1m      || ! grep -Fq 'this is likely due to an ongoing update of the official release server' "$log"; then[0m
2026-10-07T01:48:20.2941950Z [36;1m    exit "$status"[0m
2026-10-07T01:48:20.2942150Z [36;1m  fi[0m
2026-10-07T01:48:20.2942480Z [36;1m  echo "Retrying rustup toolchain install in 30 seconds (retry $attempt of 4)" >&2[0m
2026-10-07T01:48:20.2942830Z [36;1m  sleep 30[0m
2026-10-07T01:48:20.2943020Z [36;1mdone[0m
2026-10-07T01:48:20.2973040Z shell: /bin/bash --noprofile --norc -e -o pipefail {0}
2026-10-07T01:48:20.2973330Z env:
2026-10-07T01:48:20.2973600Z   NAGI_FAILURE_DIR: /Users/runner/work/Nagi/Nagi/build/compiler-failures
2026-10-07T01:48:20.2973940Z   CARGO_HOME: /Users/runner/.cargo
2026-10-07T01:48:20.2974220Z   RUSTUP_PERMIT_COPY_RENAME: 1
2026-10-07T01:48:20.2974430Z ##[endgroup]
2026-10-07T01:48:20.6436890Z info: syncing channel updates for stable-aarch64-apple-darwin
2026-10-07T01:48:20.7535630Z info: latest update on 2026-10-01 for version 1.99.0 (b940084d7 2026-09-28)
2026-10-07T01:48:20.7637880Z info: removing previous version of component clippy
2026-10-07T01:48:20.7657900Z info: removing previous version of component rustfmt
2026-10-07T01:48:20.7670350Z info: removing previous version of component cargo
2026-10-07T01:48:20.7725710Z info: removing previous version of component rust-std
2026-10-07T01:48:20.7806480Z info: removing previous version of component rustc
2026-10-07T01:48:20.7872610Z info: downloading 5 components
2026-10-07T01:48:27.4838790Z 
2026-10-07T01:48:27.5592430Z   stable-aarch64-apple-darwin updated - rustc 1.99.0 (b940084d7 2026-09-28) (from rustc 1.98.1 (48a229cea 2026-09-01))
2026-10-07T01:48:27.5593220Z 
2026-10-07T01:48:27.5593470Z info: self-update is disabled for this build of rustup
2026-10-07T01:48:27.5599900Z info: any updates to rustup will need to be fetched with your system package manager
2026-10-07T01:48:27.6056230Z ##[end-action id=rust.__run_4;outcome=success;conclusion=success;duration_ms=7309]
2026-10-07T01:48:27.6070750Z ##[start-action display=rustup default stable;id=rust.__run_5]
2026-10-07T01:48:27.6103240Z ##[group]Run rustup default stable --force-non-host
2026-10-07T01:48:27.6103660Z [36;1mrustup default stable --force-non-host[0m
2026-10-07T01:48:27.6153940Z shell: /bin/bash --noprofile --norc -e -o pipefail {0}
2026-10-07T01:48:27.6154230Z env:
2026-10-07T01:48:27.6154590Z   NAGI_FAILURE_DIR: /Users/runner/work/Nagi/Nagi/build/compiler-failures
2026-10-07T01:48:27.6155010Z   CARGO_HOME: /Users/runner/.cargo
2026-10-07T01:48:27.6155290Z ##[endgroup]
2026-10-07T01:48:27.6740650Z info: using existing install for stable-aarch64-apple-darwin
2026-10-07T01:48:27.6752370Z info: default toolchain set to stable-aarch64-apple-darwin
2026-10-07T01:48:27.6752700Z 
2026-10-07T01:48:27.6890510Z   stable-aarch64-apple-darwin unchanged - rustc 1.99.0 (b940084d7 2026-09-28)
2026-10-07T01:48:27.6890920Z 
2026-10-07T01:48:27.6906290Z ##[end-action id=rust.__run_5;outcome=success;conclusion=success;duration_ms=83]
2026-10-07T01:48:27.6908760Z ##[start-action display=Create cachekey;id=rust.rustc-version]
2026-10-07T01:48:27.6957130Z ##[group]Run DATE=$(rustc +stable --version --verbose | sed -ne 's/^commit-date: \(20[0-9][0-9]\)-\([01][0-9]\)-\([0-3][0-9]\)$/\1\2\3/p')
2026-10-07T01:48:27.6957890Z [36;1mDATE=$(rustc +stable --version --verbose | sed -ne 's/^commit-date: \(20[0-9][0-9]\)-\([01][0-9]\)-\([0-3][0-9]\)$/\1\2\3/p')[0m
2026-10-07T01:48:27.6958470Z [36;1mHASH=$(rustc +stable --version --verbose | sed -ne 's/^commit-hash: //p')[0m
2026-10-07T01:48:27.6959040Z [36;1mecho "cachekey=$(echo $DATE$HASH | head -c12)" >> $GITHUB_OUTPUT[0m
2026-10-07T01:48:27.6989330Z shell: /bin/bash --noprofile --norc -e -o pipefail {0}
2026-10-07T01:48:27.6989600Z env:
2026-10-07T01:48:27.6989970Z   NAGI_FAILURE_DIR: /Users/runner/work/Nagi/Nagi/build/compiler-failures
2026-10-07T01:48:27.6990310Z   CARGO_HOME: /Users/runner/.cargo
2026-10-07T01:48:27.6990550Z ##[endgroup]
2026-10-07T01:48:27.7771690Z ##[end-action id=rust.rustc-version;outcome=success;conclusion=success;duration_ms=86]
2026-10-07T01:48:27.7774130Z ##[start-action display=Disable incremental compilation;id=rust.__run_6]
2026-10-07T01:48:27.7794720Z ##[group]Run if [ -z "${CARGO_INCREMENTAL+set}" ]; then
2026-10-07T01:48:27.7795070Z [36;1mif [ -z "${CARGO_INCREMENTAL+set}" ]; then[0m
2026-10-07T01:48:27.7795450Z [36;1m  echo CARGO_INCREMENTAL=0 >> $GITHUB_ENV[0m
2026-10-07T01:48:27.7795800Z [36;1mfi[0m
2026-10-07T01:48:27.7825340Z shell: /bin/bash --noprofile --norc -e -o pipefail {0}
2026-10-07T01:48:27.7825660Z env:
2026-10-07T01:48:27.7825920Z   NAGI_FAILURE_DIR: /Users/runner/work/Nagi/Nagi/build/compiler-failures
2026-10-07T01:48:27.7826350Z   CARGO_HOME: /Users/runner/.cargo
2026-10-07T01:48:27.7826610Z ##[endgroup]
2026-10-07T01:48:27.8099250Z ##[end-action id=rust.__run_6;outcome=success;conclusion=success;duration_ms=32]
2026-10-07T01:48:27.8101600Z ##[start-action display=Enable colors in Cargo output;id=rust.__run_7]
2026-10-07T01:48:27.8120500Z ##[group]Run if [ -z "${CARGO_TERM_COLOR+set}" ]; then
2026-10-07T01:48:27.8120780Z [36;1mif [ -z "${CARGO_TERM_COLOR+set}" ]; then[0m
2026-10-07T01:48:27.8121050Z [36;1m  echo CARGO_TERM_COLOR=always >> $GITHUB_ENV[0m
2026-10-07T01:48:27.8121270Z [36;1mfi[0m
2026-10-07T01:48:27.8152260Z shell: /bin/bash --noprofile --norc -e -o pipefail {0}
2026-10-07T01:48:27.8152570Z env:
2026-10-07T01:48:27.8153140Z   NAGI_FAILURE_DIR: /Users/runner/work/Nagi/Nagi/build/compiler-failures
2026-10-07T01:48:27.8153440Z   CARGO_HOME: /Users/runner/.cargo
2026-10-07T01:48:27.8153620Z   CARGO_INCREMENTAL: 0
2026-10-07T01:48:27.8153790Z ##[endgroup]
2026-10-07T01:48:27.8466650Z ##[end-action id=rust.__run_7;outcome=success;conclusion=success;duration_ms=36]
2026-10-07T01:48:27.8469250Z ##[start-action display=Enable Cargo sparse registry;id=rust.__run_8]
2026-10-07T01:48:27.8488340Z ##[group]Run # implemented in 1.66, stabilized in 1.68, made default in 1.70
2026-10-07T01:48:27.8488780Z [36;1m# implemented in 1.66, stabilized in 1.68, made default in 1.70[0m
2026-10-07T01:48:27.8489370Z [36;1mif [ -z "${CARGO_REGISTRIES_CRATES_IO_PROTOCOL+set}" -o -f "/Users/runner/work/_temp"/.implicit_cargo_registries_crates_io_protocol ]; then[0m
2026-10-07T01:48:27.8489940Z [36;1m  if rustc +stable --version --verbose | grep -q '^release: 1\.6[89]\.'; then[0m
2026-10-07T01:48:27.8490410Z [36;1m    touch "/Users/runner/work/_temp"/.implicit_cargo_registries_crates_io_protocol || true[0m
2026-10-07T01:48:27.8490890Z [36;1m    echo CARGO_REGISTRIES_CRATES_IO_PROTOCOL=sparse >> $GITHUB_ENV[0m
2026-10-07T01:48:27.8491280Z [36;1m  elif rustc +stable --version --verbose | grep -q '^release: 1\.6[67]\.'; then[0m
2026-10-07T01:48:27.8491750Z [36;1m    touch "/Users/runner/work/_temp"/.implicit_cargo_registries_crates_io_protocol || true[0m
2026-10-07T01:48:27.8492180Z [36;1m    echo CARGO_REGISTRIES_CRATES_IO_PROTOCOL=git >> $GITHUB_ENV[0m
2026-10-07T01:48:27.8492450Z [36;1m  fi[0m
2026-10-07T01:48:27.8492590Z [36;1mfi[0m
2026-10-07T01:48:27.8525290Z shell: /bin/bash --noprofile --norc -e -o pipefail {0}
2026-10-07T01:48:27.8525540Z env:
2026-10-07T01:48:27.8525780Z   NAGI_FAILURE_DIR: /Users/runner/work/Nagi/Nagi/build/compiler-failures
2026-10-07T01:48:27.8526080Z   CARGO_HOME: /Users/runner/.cargo
2026-10-07T01:48:27.8526280Z   CARGO_INCREMENTAL: 0
2026-10-07T01:48:27.8526450Z   CARGO_TERM_COLOR: always
2026-10-07T01:48:27.8526630Z ##[endgroup]
2026-10-07T01:48:27.9289270Z ##[end-action id=rust.__run_8;outcome=success;conclusion=success;duration_ms=81]
2026-10-07T01:48:27.9291350Z ##[start-action display=Work around spurious network errors in curl 8.0;id=rust.__run_9]
2026-10-07T01:48:27.9308010Z ##[group]Run # https://rust-lang.zulipchat.com/#narrow/stream/246057-t-cargo/topic/timeout.20investigation
2026-10-07T01:48:27.9308630Z [36;1m# https://rust-lang.zulipchat.com/#narrow/stream/246057-t-cargo/topic/timeout.20investigation[0m
2026-10-07T01:48:27.9309110Z [36;1mif rustc +stable --version --verbose | grep -q '^release: 1\.7[01]\.'; then[0m
2026-10-07T01:48:27.9309470Z [36;1m  echo CARGO_HTTP_MULTIPLEXING=false >> $GITHUB_ENV[0m
2026-10-07T01:48:27.9309710Z [36;1mfi[0m
2026-10-07T01:48:27.9338740Z shell: /bin/bash --noprofile --norc -e -o pipefail {0}
2026-10-07T01:48:27.9338990Z env:
2026-10-07T01:48:27.9339210Z   NAGI_FAILURE_DIR: /Users/runner/work/Nagi/Nagi/build/compiler-failures
2026-10-07T01:48:27.9339550Z   CARGO_HOME: /Users/runner/.cargo
2026-10-07T01:48:27.9339740Z   CARGO_INCREMENTAL: 0
2026-10-07T01:48:27.9339910Z   CARGO_TERM_COLOR: always
2026-10-07T01:48:27.9340070Z ##[endgroup]
2026-10-07T01:48:27.9847840Z ##[end-action id=rust.__run_9;outcome=success;conclusion=success;duration_ms=55]
2026-10-07T01:48:27.9850700Z ##[start-action display=rustc +stable --version --verbose;id=rust.__run_10]
2026-10-07T01:48:27.9865830Z ##[group]Run rustc +stable --version --verbose
2026-10-07T01:48:27.9866100Z [36;1mrustc +stable --version --verbose[0m
2026-10-07T01:48:27.9895050Z shell: /bin/bash --noprofile --norc -e -o pipefail {0}
2026-10-07T01:48:27.9895300Z env:
2026-10-07T01:48:27.9895540Z   NAGI_FAILURE_DIR: /Users/runner/work/Nagi/Nagi/build/compiler-failures
2026-10-07T01:48:27.9895830Z   CARGO_HOME: /Users/runner/.cargo
2026-10-07T01:48:27.9896030Z   CARGO_INCREMENTAL: 0
2026-10-07T01:48:27.9896190Z   CARGO_TERM_COLOR: always
2026-10-07T01:48:27.9896360Z ##[endgroup]
2026-10-07T01:48:28.0364100Z rustc 1.99.0 (b940084d7 2026-09-28)
2026-10-07T01:48:28.0364870Z binary: rustc
2026-10-07T01:48:28.0365090Z commit-hash: b940084d7eb6a299eb4bfeb8e34901bc051e7ac4
2026-10-07T01:48:28.0365360Z commit-date: 2026-09-28
2026-10-07T01:48:28.0365560Z host: aarch64-apple-darwin
2026-10-07T01:48:28.0365740Z release: 1.99.0
2026-10-07T01:48:28.0366350Z LLVM version: 23.1.1
2026-10-07T01:48:28.0377580Z ##[end-action id=rust.__run_10;outcome=success;conclusion=success;duration_ms=52]
2026-10-07T01:48:28.5268340Z ##[group]Run actions/cache@v4
2026-10-07T01:48:28.5268580Z with:
2026-10-07T01:48:28.5268800Z   path: ~/.cargo/registry
~/.cargo/git
target
native-target

2026-10-07T01:48:28.5269540Z   key: nagi-rust-v1-package-macos-arm64-20260928b940-ea0ec8ed94fb35bcf1d7c665cba9b22ca9050a457cc062d0c63198341f876515-0b86d267842384c4053a5e5fd79f989e184954a703b5365ab17024600c1d4de3
2026-10-07T01:48:28.5270660Z   restore-keys: nagi-rust-v1-package-macos-arm64-20260928b940-ea0ec8ed94fb35bcf1d7c665cba9b22ca9050a457cc062d0c63198341f876515-
nagi-rust-v1-package-macos-arm64-20260928b940-

2026-10-07T01:48:28.5271350Z   enableCrossOsArchive: false
2026-10-07T01:48:28.5271560Z   fail-on-cache-miss: false
2026-10-07T01:48:28.5271740Z   lookup-only: false
2026-10-07T01:48:28.5271910Z   save-always: false
2026-10-07T01:48:28.5272060Z env:
2026-10-07T01:48:28.5272290Z   NAGI_FAILURE_DIR: /Users/runner/work/Nagi/Nagi/build/compiler-failures
2026-10-07T01:48:28.5272580Z   CARGO_HOME: /Users/runner/.cargo
2026-10-07T01:48:28.5272820Z   CARGO_INCREMENTAL: 0
2026-10-07T01:48:28.5272990Z   CARGO_TERM_COLOR: always
2026-10-07T01:48:28.5273170Z ##[endgroup]
2026-10-07T01:48:28.6553970Z (node:13738) [DEP0040] DeprecationWarning: The `punycode` module is deprecated. Please use a userland alternative instead.
2026-10-07T01:48:28.6554670Z (Use `node --trace-deprecation ...` to show where the warning was created)
2026-10-07T01:48:28.7708260Z Cache not found for input keys: nagi-rust-v1-package-macos-arm64-20260928b940-ea0ec8ed94fb35bcf1d7c665cba9b22ca9050a457cc062d0c63198341f876515-0b86d267842384c4053a5e5fd79f989e184954a703b5365ab17024600c1d4de3, nagi-rust-v1-package-macos-arm64-20260928b940-ea0ec8ed94fb35bcf1d7c665cba9b22ca9050a457cc062d0c63198341f876515-, nagi-rust-v1-package-macos-arm64-20260928b940-
2026-10-07T01:48:28.7800500Z ##[group]Run actions/setup-python@v5
2026-10-07T01:48:28.7800710Z with:
2026-10-07T01:48:28.7800850Z   python-version: 3.12
2026-10-07T01:48:28.7801010Z   check-latest: false
2026-10-07T01:48:28.7802780Z   token: ***
2026-10-07T01:48:28.7802940Z   update-environment: true
2026-10-07T01:48:28.7803190Z   allow-prereleases: false
2026-10-07T01:48:28.7803390Z   freethreaded: false
2026-10-07T01:48:28.7803540Z env:
2026-10-07T01:48:28.7803770Z   NAGI_FAILURE_DIR: /Users/runner/work/Nagi/Nagi/build/compiler-failures
2026-10-07T01:48:28.7804070Z   CARGO_HOME: /Users/runner/.cargo
2026-10-07T01:48:28.7804270Z   CARGO_INCREMENTAL: 0
2026-10-07T01:48:28.7804430Z   CARGO_TERM_COLOR: always
2026-10-07T01:48:28.7804600Z ##[endgroup]
2026-10-07T01:48:28.8937660Z ##[group]Installed versions
2026-10-07T01:48:28.9040770Z (node:13740) [DEP0040] DeprecationWarning: The `punycode` module is deprecated. Please use a userland alternative instead.
2026-10-07T01:48:28.9041540Z (Use `node --trace-deprecation ...` to show where the warning was created)
2026-10-07T01:48:28.9041950Z Successfully set up CPython (3.12.10)
2026-10-07T01:48:28.9042360Z ##[endgroup]
2026-10-07T01:48:28.9145670Z ##[group]Run actions/setup-node@v4
2026-10-07T01:48:28.9145890Z with:
2026-10-07T01:48:28.9146030Z   node-version: 22
2026-10-07T01:48:28.9146180Z   always-auth: false
2026-10-07T01:48:28.9146330Z   check-latest: false
2026-10-07T01:48:28.9148080Z   token: ***
2026-10-07T01:48:28.9148200Z env:
2026-10-07T01:48:28.9148420Z   NAGI_FAILURE_DIR: /Users/runner/work/Nagi/Nagi/build/compiler-failures
2026-10-07T01:48:28.9148700Z   CARGO_HOME: /Users/runner/.cargo
2026-10-07T01:48:28.9148880Z   CARGO_INCREMENTAL: 0
2026-10-07T01:48:28.9149060Z   CARGO_TERM_COLOR: always
2026-10-07T01:48:28.9149560Z   pythonLocation: /Users/runner/hostedtoolcache/Python/3.12.10/arm64
2026-10-07T01:48:28.9149980Z   PKG_CONFIG_PATH: /Users/runner/hostedtoolcache/Python/3.12.10/arm64/lib/pkgconfig
2026-10-07T01:48:28.9150370Z   Python_ROOT_DIR: /Users/runner/hostedtoolcache/Python/3.12.10/arm64
2026-10-07T01:48:28.9150720Z   Python2_ROOT_DIR: /Users/runner/hostedtoolcache/Python/3.12.10/arm64
2026-10-07T01:48:28.9151100Z   Python3_ROOT_DIR: /Users/runner/hostedtoolcache/Python/3.12.10/arm64
2026-10-07T01:48:28.9151380Z ##[endgroup]
2026-10-07T01:48:29.0325630Z Found in cache @ /Users/runner/hostedtoolcache/node/22.23.2/arm64
2026-10-07T01:48:29.0328120Z (node:13741) [DEP0040] DeprecationWarning: The `punycode` module is deprecated. Please use a userland alternative instead.
2026-10-07T01:48:29.0328680Z (Use `node --trace-deprecation ...` to show where the warning was created)
2026-10-07T01:48:29.0329530Z ##[group]Environment details
2026-10-07T01:48:29.4134420Z node: v22.23.2
2026-10-07T01:48:29.4151610Z npm: 10.9.8
2026-10-07T01:48:29.4154620Z yarn: 1.22.22
2026-10-07T01:48:29.4156890Z ##[endgroup]
2026-10-07T01:48:29.4205800Z ##[group]Run python - <<'PY'
2026-10-07T01:48:29.4206080Z [36;1mpython - <<'PY'[0m
2026-10-07T01:48:29.4206270Z [36;1mimport os, subprocess[0m
2026-10-07T01:48:29.4206600Z [36;1mlines = subprocess.check_output(['rustc', '-vV'], text=True).splitlines()[0m
2026-10-07T01:48:29.4207100Z [36;1mhost = next(line.removeprefix('host: ') for line in lines if line.startswith('host: '))[0m
2026-10-07T01:48:29.4207530Z [36;1massert host == os.environ['RELEASE_RUST_HOST'], host[0m
2026-10-07T01:48:29.4207790Z [36;1mPY[0m
2026-10-07T01:48:29.4258010Z shell: /bin/bash --noprofile --norc -e -o pipefail {0}
2026-10-07T01:48:29.4258270Z env:
2026-10-07T01:48:29.4258530Z   NAGI_FAILURE_DIR: /Users/runner/work/Nagi/Nagi/build/compiler-failures
2026-10-07T01:48:29.4258840Z   CARGO_HOME: /Users/runner/.cargo
2026-10-07T01:48:29.4259070Z   CARGO_INCREMENTAL: 0
2026-10-07T01:48:29.4259270Z   CARGO_TERM_COLOR: always
2026-10-07T01:48:29.4259620Z   pythonLocation: /Users/runner/hostedtoolcache/Python/3.12.10/arm64
2026-10-07T01:48:29.4260060Z   PKG_CONFIG_PATH: /Users/runner/hostedtoolcache/Python/3.12.10/arm64/lib/pkgconfig
2026-10-07T01:48:29.4260490Z   Python_ROOT_DIR: /Users/runner/hostedtoolcache/Python/3.12.10/arm64
2026-10-07T01:48:29.4260910Z   Python2_ROOT_DIR: /Users/runner/hostedtoolcache/Python/3.12.10/arm64
2026-10-07T01:48:29.4261300Z   Python3_ROOT_DIR: /Users/runner/hostedtoolcache/Python/3.12.10/arm64
2026-10-07T01:48:29.4261600Z   RELEASE_RUST_HOST: aarch64-apple-darwin
2026-10-07T01:48:29.4261850Z ##[endgroup]
2026-10-07T01:48:29.6660560Z ##[group]Run cargo fetch --locked --target "$RELEASE_RUST_HOST"
2026-10-07T01:48:29.6660960Z [36;1mcargo fetch --locked --target "$RELEASE_RUST_HOST"[0m
2026-10-07T01:48:29.6695020Z shell: /bin/bash --noprofile --norc -e -o pipefail {0}
2026-10-07T01:48:29.6695280Z env:
2026-10-07T01:48:29.6695550Z   NAGI_FAILURE_DIR: /Users/runner/work/Nagi/Nagi/build/compiler-failures
2026-10-07T01:48:29.6695940Z   CARGO_HOME: /Users/runner/.cargo
2026-10-07T01:48:29.6696190Z   CARGO_INCREMENTAL: 0
2026-10-07T01:48:29.6696360Z   CARGO_TERM_COLOR: always
2026-10-07T01:48:29.6696640Z   pythonLocation: /Users/runner/hostedtoolcache/Python/3.12.10/arm64
2026-10-07T01:48:29.6697070Z   PKG_CONFIG_PATH: /Users/runner/hostedtoolcache/Python/3.12.10/arm64/lib/pkgconfig
2026-10-07T01:48:29.6697580Z   Python_ROOT_DIR: /Users/runner/hostedtoolcache/Python/3.12.10/arm64
2026-10-07T01:48:29.6697990Z   Python2_ROOT_DIR: /Users/runner/hostedtoolcache/Python/3.12.10/arm64
2026-10-07T01:48:29.6698440Z   Python3_ROOT_DIR: /Users/runner/hostedtoolcache/Python/3.12.10/arm64
2026-10-07T01:48:29.6698780Z   RELEASE_RUST_HOST: aarch64-apple-darwin
2026-10-07T01:48:29.6698990Z ##[endgroup]
2026-10-07T01:48:29.8074490Z [1m[92m    Updating[0m crates.io index
2026-10-07T01:48:30.0652610Z [1m[92m Downloading[0m crates ...
2026-10-07T01:48:30.1024140Z [1m[92m  Downloaded[0m zmij v1.0.23
2026-10-07T01:48:30.1069380Z [1m[92m  Downloaded[0m serde_core v1.0.229
2026-10-07T01:48:30.1115920Z [1m[92m  Downloaded[0m memchr v2.8.3
2026-10-07T01:48:30.1199140Z [1m[92m  Downloaded[0m mime v0.3.17
2026-10-07T01:48:30.1222050Z [1m[92m  Downloaded[0m equivalent v1.0.2
2026-10-07T01:48:30.1234600Z [1m[92m  Downloaded[0m rand_chacha v0.9.0
2026-10-07T01:48:30.1280370Z [1m[92m  Downloaded[0m itoa v1.0.18
2026-10-07T01:48:30.1288390Z [1m[92m  Downloaded[0m hashlink v0.12.2
2026-10-07T01:48:30.1315220Z [1m[92m  Downloaded[0m hashbrown v0.17.1
2026-10-07T01:48:30.1401720Z [1m[92m  Downloaded[0m fallible-streaming-iterator v0.1.9
2026-10-07T01:48:30.1415410Z [1m[92m  Downloaded[0m atomic-waker v1.1.2
2026-10-07T01:48:30.1434080Z [1m[92m  Downloaded[0m slab v0.4.12
2026-10-07T01:48:30.1453910Z [1m[92m  Downloaded[0m deadpool v0.13.1
2026-10-07T01:48:30.1502690Z [1m[92m  Downloaded[0m data-encoding v2.11.1
2026-10-07T01:48:30.1518200Z [1m[92m  Downloaded[0m futures-macro v0.3.34
2026-10-07T01:48:30.1553870Z [1m[92m  Downloaded[0m tokio-macros v2.7.2
2026-10-07T01:48:30.1566070Z [1m[92m  Downloaded[0m futures-core v0.3.34
2026-10-07T01:48:30.1589750Z [1m[92m  Downloaded[0m futures-sink v0.3.34
2026-10-07T01:48:30.1605910Z [1m[92m  Downloaded[0m serde_spanned v1.1.1
2026-10-07T01:48:30.1623480Z [1m[92m  Downloaded[0m block-buffer v0.10.4
2026-10-07T01:48:30.1643350Z [1m[92m  Downloaded[0m httpdate v1.0.3
2026-10-07T01:48:30.1659990Z [1m[92m  Downloaded[0m generic-array v0.14.7
2026-10-07T01:48:30.1693050Z [1m[92m  Downloaded[0m find-msvc-tools v0.1.14
2026-10-07T01:48:30.1723880Z [1m[92m  Downloaded[0m http-body v1.1.0
2026-10-07T01:48:30.1754320Z [1m[92m  Downloaded[0m deadpool-runtime v0.3.1
2026-10-07T01:48:30.1765000Z [1m[92m  Downloaded[0m tokio-tungstenite v0.29.0
2026-10-07T01:48:30.1798630Z [1m[92m  Downloaded[0m sha1 v0.10.7
2026-10-07T01:48:30.1899040Z [1m[92m  Downloaded[0m crypto-common v0.1.7
2026-10-07T01:48:30.1900370Z [1m[92m  Downloaded[0m cpufeatures v0.2.17
2026-10-07T01:48:30.1900930Z [1m[92m  Downloaded[0m form_urlencoded v1.2.2
2026-10-07T01:48:30.1901390Z [1m[92m  Downloaded[0m percent-encoding v2.3.2
2026-10-07T01:48:30.1908090Z [1m[92m  Downloaded[0m errno v0.3.14
2026-10-07T01:48:30.1936670Z [1m[92m  Downloaded[0m tower-service v0.3.3
2026-10-07T01:48:30.1947770Z [1m[92m  Downloaded[0m shlex v2.0.1
2026-10-07T01:48:30.2047010Z [1m[92m  Downloaded[0m foldhash v0.2.0
2026-10-07T01:48:30.2047650Z [1m[92m  Downloaded[0m futures-task v0.3.34
2026-10-07T01:48:30.2048690Z [1m[92m  Downloaded[0m once_cell v1.21.4
2026-10-07T01:48:30.2116920Z [1m[92m  Downloaded[0m sync_wrapper v1.0.2
2026-10-07T01:48:30.2167310Z [1m[92m  Downloaded[0m thiserror-impl v2.0.21
2026-10-07T01:48:30.2167900Z [1m[92m  Downloaded[0m version_check v0.9.5
2026-10-07T01:48:30.2187070Z [1m[92m  Downloaded[0m cfg-if v1.0.5
2026-10-07T01:48:30.2221530Z [1m[92m  Downloaded[0m ppv-lite86 v0.2.21
2026-10-07T01:48:30.2240260Z [1m[92m  Downloaded[0m serde_urlencoded v0.7.1
2026-10-07T01:48:30.2264610Z [1m[92m  Downloaded[0m http-body-util v0.1.5
2026-10-07T01:48:30.2294380Z [1m[92m  Downloaded[0m axum-core v0.5.6
2026-10-07T01:48:30.2327830Z [1m[92m  Downloaded[0m toml_datetime v1.1.1+spec-1.1.0
2026-10-07T01:48:30.2345810Z [1m[92m  Downloaded[0m signal-hook-registry v1.4.8
2026-10-07T01:48:30.2361870Z [1m[92m  Downloaded[0m smallvec v1.16.2
2026-10-07T01:48:30.2383920Z [1m[92m  Downloaded[0m pkg-config v0.3.34
2026-10-07T01:48:30.2404280Z [1m[92m  Downloaded[0m fallible-iterator v0.3.0
2026-10-07T01:48:30.2423670Z [1m[92m  Downloaded[0m matchit v0.8.4
2026-10-07T01:48:30.2463480Z [1m[92m  Downloaded[0m httparse v1.10.1
2026-10-07T01:48:30.2499530Z [1m[92m  Downloaded[0m futures-channel v0.3.34
2026-10-07T01:48:30.2526890Z [1m[92m  Downloaded[0m tower-layer v0.3.3
2026-10-07T01:48:30.2541000Z [1m[92m  Downloaded[0m digest v0.10.7
2026-10-07T01:48:30.2566300Z [1m[92m  Downloaded[0m rand_core v0.9.5
2026-10-07T01:48:30.2586470Z [1m[92m  Downloaded[0m serde_path_to_error v0.1.20
2026-10-07T01:48:30.2611540Z [1m[92m  Downloaded[0m toml v1.1.6+spec-1.1.0
2026-10-07T01:48:30.2671090Z [1m[92m  Downloaded[0m toml_writer v1.1.2+spec-1.1.0
2026-10-07T01:48:30.2698640Z [1m[92m  Downloaded[0m unicode-ident v1.0.26
2026-10-07T01:48:30.2738750Z [1m[92m  Downloaded[0m quote v1.0.47
2026-10-07T01:48:30.2785880Z [1m[92m  Downloaded[0m socket2 v0.6.5
2026-10-07T01:48:30.2809040Z [1m[92m  Downloaded[0m pin-project-lite v0.2.17
2026-10-07T01:48:30.2899210Z [1m[92m  Downloaded[0m bitflags v2.13.2
2026-10-07T01:48:30.2981380Z [1m[92m  Downloaded[0m log v0.4.34
2026-10-07T01:48:30.3014800Z [1m[92m  Downloaded[0m thiserror v2.0.21
2026-10-07T01:48:30.3118550Z [1m[92m  Downloaded[0m ryu v1.0.23
2026-10-07T01:48:30.3177190Z [1m[92m  Downloaded[0m toml_parser v1.1.3+spec-1.1.0
2026-10-07T01:48:30.3212180Z [1m[92m  Downloaded[0m proc-macro2 v1.0.107
2026-10-07T01:48:30.3260460Z [1m[92m  Downloaded[0m serde_derive v1.0.229
2026-10-07T01:48:30.3309630Z [1m[92m  Downloaded[0m tracing-core v0.1.36
2026-10-07T01:48:30.3347560Z [1m[92m  Downloaded[0m getrandom v0.3.4
2026-10-07T01:48:30.3398750Z [1m[92m  Downloaded[0m bytes v1.12.1
2026-10-07T01:48:30.3465550Z [1m[92m  Downloaded[0m serde v1.0.229
2026-10-07T01:48:30.3513840Z [1m[92m  Downloaded[0m bumpalo v3.20.3
2026-10-07T01:48:30.3544930Z [1m[92m  Downloaded[0m tower v0.5.3
2026-10-07T01:48:30.3702180Z [1m[92m  Downloaded[0m tungstenite v0.29.0
2026-10-07T01:48:30.3760710Z [1m[92m  Downloaded[0m typenum v1.20.1
2026-10-07T01:48:30.3806360Z [1m[92m  Downloaded[0m rand v0.9.5
2026-10-07T01:48:30.3861630Z [1m[92m  Downloaded[0m base64 v0.22.1
2026-10-07T01:48:30.3920350Z [1m[92m  Downloaded[0m indexmap v2.14.2
2026-10-07T01:48:30.3996610Z [1m[92m  Downloaded[0m mio v1.2.3
2026-10-07T01:48:30.4093260Z [1m[92m  Downloaded[0m cc v1.5.1
2026-10-07T01:48:30.4143990Z [1m[92m  Downloaded[0m http v1.5.0
2026-10-07T01:48:30.4197530Z [1m[92m  Downloaded[0m serde_json v1.0.151
2026-10-07T01:48:30.4333260Z [1m[92m  Downloaded[0m hyper-util v0.1.21
2026-10-07T01:48:30.4426940Z [1m[92m  Downloaded[0m rusqlite v0.40.2
2026-10-07T01:48:30.4539490Z [1m[92m  Downloaded[0m hyper v1.11.1
2026-10-07T01:48:30.4643940Z [1m[92m  Downloaded[0m futures-util v0.3.34
2026-10-07T01:48:30.4941540Z [1m[92m  Downloaded[0m axum v0.8.9
2026-10-07T01:48:30.5034240Z [1m[92m  Downloaded[0m winnow v1.0.4
2026-10-07T01:48:30.5160310Z [1m[92m  Downloaded[0m vcpkg v0.2.15
2026-10-07T01:48:30.6345460Z [1m[92m  Downloaded[0m zerocopy v0.8.59
2026-10-07T01:48:30.6718440Z [1m[92m  Downloaded[0m syn v3.0.6
2026-10-07T01:48:30.6889670Z [1m[92m  Downloaded[0m tracing v0.1.44
2026-10-07T01:48:30.7101940Z [1m[92m  Downloaded[0m libc v0.2.189
2026-10-07T01:48:30.7756080Z [1m[92m  Downloaded[0m tokio v1.53.1
2026-10-07T01:48:30.8465690Z [1m[92m  Downloaded[0m libsqlite3-sys v0.38.2
2026-10-07T01:48:30.9196890Z ##[group]Run cargo build --release --locked -p nagic
2026-10-07T01:48:30.9197220Z [36;1mcargo build --release --locked -p nagic[0m
2026-10-07T01:48:30.9227130Z shell: /bin/bash -e {0}
2026-10-07T01:48:30.9227290Z env:
2026-10-07T01:48:30.9227530Z   NAGI_FAILURE_DIR: /Users/runner/work/Nagi/Nagi/build/compiler-failures
2026-10-07T01:48:30.9227810Z   CARGO_HOME: /Users/runner/.cargo
2026-10-07T01:48:30.9227980Z   CARGO_INCREMENTAL: 0
2026-10-07T01:48:30.9228150Z   CARGO_TERM_COLOR: always
2026-10-07T01:48:30.9228390Z   pythonLocation: /Users/runner/hostedtoolcache/Python/3.12.10/arm64
2026-10-07T01:48:30.9228780Z   PKG_CONFIG_PATH: /Users/runner/hostedtoolcache/Python/3.12.10/arm64/lib/pkgconfig
2026-10-07T01:48:30.9229160Z   Python_ROOT_DIR: /Users/runner/hostedtoolcache/Python/3.12.10/arm64
2026-10-07T01:48:30.9229500Z   Python2_ROOT_DIR: /Users/runner/hostedtoolcache/Python/3.12.10/arm64
2026-10-07T01:48:30.9229880Z   Python3_ROOT_DIR: /Users/runner/hostedtoolcache/Python/3.12.10/arm64
2026-10-07T01:48:30.9230320Z ##[endgroup]
2026-10-07T01:48:31.0418780Z [1m[92m   Compiling[0m serde_core v1.0.229
2026-10-07T01:48:31.0421520Z [1m[92m   Compiling[0m proc-macro2 v1.0.107
2026-10-07T01:48:31.0422040Z [1m[92m   Compiling[0m find-msvc-tools v0.1.14
2026-10-07T01:48:31.3157020Z [1m[92m   Compiling[0m shlex v2.0.1
2026-10-07T01:48:31.4090510Z [1m[92m   Compiling[0m unicode-ident v1.0.26
2026-10-07T01:48:31.4662870Z [1m[92m   Compiling[0m quote v1.0.47
2026-10-07T01:48:33.5059460Z [1m[92m   Compiling[0m cc v1.5.1
2026-10-07T01:48:33.9437600Z [1m[92m   Compiling[0m vcpkg v0.2.15
2026-10-07T01:48:34.2607620Z [1m[92m   Compiling[0m pkg-config v0.3.34
2026-10-07T01:48:34.4639570Z [1m[92m   Compiling[0m zmij v1.0.23
2026-10-07T01:48:34.4979160Z [1m[92m   Compiling[0m libsqlite3-sys v0.38.2
2026-10-07T01:48:34.6019050Z [1m[92m   Compiling[0m foldhash v0.2.0
2026-10-07T01:48:34.8042460Z [1m[92m   Compiling[0m hashbrown v0.17.1
2026-10-07T01:48:34.9178910Z [1m[92m   Compiling[0m syn v3.0.6
2026-10-07T01:48:35.3610760Z [1m[92m   Compiling[0m serde v1.0.229
2026-10-07T01:48:35.5796170Z [1m[92m   Compiling[0m serde_json v1.0.151
2026-10-07T01:48:35.8904250Z [1m[92m   Compiling[0m winnow v1.0.4
2026-10-07T01:48:36.1573500Z [1m[92m   Compiling[0m toml_parser v1.1.3+spec-1.1.0
2026-10-07T01:48:36.4927160Z [1m[92m   Compiling[0m serde_derive v1.0.229
2026-10-07T01:48:36.9037770Z [1m[92m   Compiling[0m hashlink v0.12.2
2026-10-07T01:48:37.3057100Z [1m[92m   Compiling[0m toml_datetime v1.1.1+spec-1.1.0
2026-10-07T01:48:37.5191090Z [1m[92m   Compiling[0m serde_spanned v1.1.1
2026-10-07T01:48:37.5736520Z [1m[92m   Compiling[0m fallible-streaming-iterator v0.1.9
2026-10-07T01:48:37.6336310Z [1m[92m   Compiling[0m memchr v2.8.3
2026-10-07T01:48:38.0434870Z [1m[92m   Compiling[0m itoa v1.0.18
2026-10-07T01:48:38.1006420Z [1m[92m   Compiling[0m bitflags v2.13.2
2026-10-07T01:48:38.1572980Z [1m[92m   Compiling[0m fallible-iterator v0.3.0
2026-10-07T01:48:38.2622980Z [1m[92m   Compiling[0m toml_writer v1.1.2+spec-1.1.0
2026-10-07T01:48:38.3371080Z [1m[92m   Compiling[0m smallvec v1.16.2
2026-10-07T01:48:38.3710000Z [1m[92m   Compiling[0m toml v1.1.6+spec-1.1.0
2026-10-07T01:48:53.4426070Z [1m[92m   Compiling[0m rusqlite v0.40.2
2026-10-07T01:48:54.1618580Z [1m[92m   Compiling[0m nagic v0.1.11 (/Users/runner/work/Nagi/Nagi/compiler)
2026-10-07T01:49:31.5339020Z [1m[92m    Finished[0m `release` profile [optimized] target(s) in 1m 00s
2026-10-07T01:49:31.5527650Z ##[group]Run cargo test --locked -p nagic --lib --test cli --test installation --test codegen --test loop_ownership --test ownership_calls --test ownership_boundaries --test comparison_ownership --test owned_copy_codegen --test build_diagnostics --test rust_dependencies --test expression_contracts --test frontend_contracts --test literal_contracts --test http_route_conflicts --test symbols --test modules --test module_parser --test module_emission --test module_symbols --test enum_parser --test enum_modules --test enum_emission --test enum_patterns --test nullable_database --test nullable_roundtrip --test owned_database --test borrow_free_returns --test static_callback_views --test view_iteration --test view_parameter_rebinding --test sql_check --test typed_errors --test error_routes --test class_field_types --test resource_contract_characterization --test stdlib_imports --test option_match --test http_stdlib --test http_codegen --test actor_stdlib --test actor_codegen --test graph_types --test graph_relations --test graph_render --test graph_html --test map_cli --test low_multiline --test list_ownership_inference --test list_borrow_iteration --test result_stdlib
2026-10-07T01:49:31.5534690Z [36;1mcargo test --locked -p nagic --lib --test cli --test installation --test codegen --test loop_ownership --test ownership_calls --test ownership_boundaries --test comparison_ownership --test owned_copy_codegen --test build_diagnostics --test rust_dependencies --test expression_contracts --test frontend_contracts --test literal_contracts --test http_route_conflicts --test symbols --test modules --test module_parser --test module_emission --test module_symbols --test enum_parser --test enum_modules --test enum_emission --test enum_patterns --test nullable_database --test nullable_roundtrip --test owned_database --test borrow_free_returns --test static_callback_views --test view_iteration --test view_parameter_rebinding --test sql_check --test typed_errors --test error_routes --test class_field_types --test resource_contract_characterization --test stdlib_imports --test option_match --test http_stdlib --test http_codegen --test actor_stdlib --test actor_codegen --test graph_types --test graph_relations --test graph_render --test graph_html --test map_cli --test low_multiline --test list_ownership_inference --test list_borrow_iteration --test result_stdlib[0m
2026-10-07T01:49:31.5775350Z shell: /bin/bash -e {0}
2026-10-07T01:49:31.5775700Z env:
2026-10-07T01:49:31.5776160Z   NAGI_FAILURE_DIR: /Users/runner/work/Nagi/Nagi/build/compiler-failures
2026-10-07T01:49:31.5776580Z   CARGO_HOME: /Users/runner/.cargo
2026-10-07T01:49:31.5776890Z   CARGO_INCREMENTAL: 0
2026-10-07T01:49:31.5777150Z   CARGO_TERM_COLOR: always
2026-10-07T01:49:31.5777540Z   pythonLocation: /Users/runner/hostedtoolcache/Python/3.12.10/arm64
2026-10-07T01:49:31.5777990Z   PKG_CONFIG_PATH: /Users/runner/hostedtoolcache/Python/3.12.10/arm64/lib/pkgconfig
2026-10-07T01:49:31.5778650Z   Python_ROOT_DIR: /Users/runner/hostedtoolcache/Python/3.12.10/arm64
2026-10-07T01:49:31.5779110Z   Python2_ROOT_DIR: /Users/runner/hostedtoolcache/Python/3.12.10/arm64
2026-10-07T01:49:31.5779620Z   Python3_ROOT_DIR: /Users/runner/hostedtoolcache/Python/3.12.10/arm64
2026-10-07T01:49:31.5780120Z ##[endgroup]
2026-10-07T01:49:31.7833950Z [1m[92m   Compiling[0m serde_core v1.0.229
2026-10-07T01:49:31.7952110Z [1m[92m   Compiling[0m proc-macro2 v1.0.107
2026-10-07T01:49:31.8056240Z [1m[92m   Compiling[0m unicode-ident v1.0.26
2026-10-07T01:49:31.8684000Z [1m[92m   Compiling[0m quote v1.0.47
2026-10-07T01:49:32.0969880Z [1m[92m   Compiling[0m shlex v2.0.1
2026-10-07T01:49:32.1961080Z [1m[92m   Compiling[0m find-msvc-tools v0.1.14
2026-10-07T01:49:32.3770890Z [1m[92m   Compiling[0m cc v1.5.1
2026-10-07T01:49:32.6777540Z [1m[92m   Compiling[0m vcpkg v0.2.15
2026-10-07T01:49:33.0560000Z [1m[92m   Compiling[0m pkg-config v0.3.34
2026-10-07T01:49:33.2986890Z [1m[92m   Compiling[0m libsqlite3-sys v0.38.2
2026-10-07T01:49:33.3803940Z [1m[92m   Compiling[0m zmij v1.0.23
2026-10-07T01:49:33.4763890Z [1m[92m   Compiling[0m foldhash v0.2.0
2026-10-07T01:49:33.5590270Z [1m[92m   Compiling[0m hashbrown v0.17.1
2026-10-07T01:49:33.5663030Z [1m[92m   Compiling[0m syn v3.0.6
2026-10-07T01:49:33.8970260Z [1m[92m   Compiling[0m serde v1.0.229
2026-10-07T01:49:34.0503750Z [1m[92m   Compiling[0m serde_json v1.0.151
2026-10-07T01:49:34.1503630Z [1m[92m   Compiling[0m winnow v1.0.4
2026-10-07T01:49:34.3493800Z [1m[92m   Compiling[0m toml_parser v1.1.3+spec-1.1.0
2026-10-07T01:49:34.7850180Z [1m[92m   Compiling[0m hashlink v0.12.2
2026-10-07T01:49:34.8742730Z [1m[92m   Compiling[0m serde_derive v1.0.229
2026-10-07T01:49:35.1455750Z [1m[92m   Compiling[0m toml_datetime v1.1.1+spec-1.1.0
2026-10-07T01:49:35.3010660Z [1m[92m   Compiling[0m serde_spanned v1.1.1
2026-10-07T01:49:35.3545790Z [1m[92m   Compiling[0m bitflags v2.13.2
2026-10-07T01:49:35.4575670Z [1m[92m   Compiling[0m smallvec v1.16.2
2026-10-07T01:49:35.5708360Z [1m[92m   Compiling[0m fallible-iterator v0.3.0
2026-10-07T01:49:35.7378300Z [1m[92m   Compiling[0m memchr v2.8.3
2026-10-07T01:49:35.7480430Z [1m[92m   Compiling[0m itoa v1.0.18
2026-10-07T01:49:35.8371920Z [1m[92m   Compiling[0m toml_writer v1.1.2+spec-1.1.0
2026-10-07T01:49:35.9303130Z [1m[92m   Compiling[0m fallible-streaming-iterator v0.1.9
2026-10-07T01:49:36.0006610Z [1m[92m   Compiling[0m rusqlite v0.40.2
2026-10-07T01:49:36.6720050Z [1m[92m   Compiling[0m toml v1.1.6+spec-1.1.0
2026-10-07T01:49:37.0651300Z [1m[92m   Compiling[0m nagic v0.1.11 (/Users/runner/work/Nagi/Nagi/compiler)
2026-10-07T01:49:50.1747800Z [1m[92m    Finished[0m `test` profile [unoptimized + debuginfo] target(s) in 18.48s
2026-10-07T01:49:50.1795030Z [1m[92m     Running[0m unittests src/lib.rs (target/debug/deps/nagic-01ebaaae2ccb04bb)
2026-10-07T01:49:50.1847580Z 
2026-10-07T01:49:50.1972180Z running 122 tests
2026-10-07T01:49:50.2086020Z test capabilities::tests::charge_recursive_lists_have_known_storage_but_require_a_walk ... ok
2026-10-07T01:49:50.2187670Z test capabilities::tests::charge_inline_capability_accounts_for_every_enum_variant ... ok
2026-10-07T01:49:50.2288890Z test capabilities::tests::charge_rejects_excluded_storage_with_a_nested_field_path ... ok
2026-10-07T01:49:50.2347740Z test capabilities::tests::indirect_cycles_remain_serializable_only_with_serializable_fields ... ok
2026-10-07T01:49:50.2348490Z test capabilities::tests::private_causes_prevent_serialization_through_nested_records ... ok
2026-10-07T01:49:50.2349160Z test capabilities::tests::native_debug_does_not_require_generic_payload_debug ... ok
2026-10-07T01:49:50.2349760Z test capabilities::tests::native_payload_roles_are_purpose_specific ... ok
2026-10-07T01:49:50.2350630Z test capabilities::tests::serde_charge_and_owned_fields_are_distinct_capabilities ... ok
2026-10-07T01:49:50.2351330Z test check::checked::tests::final_factory_checks_and_seals_owned_input ... ok
2026-10-07T01:49:50.2352070Z test check::checked::tests::final_factory_rejects_invalid_input ... ok
2026-10-07T01:49:50.2352870Z test check::checked::tests::final_diagnostic_transports_kind_without_changing_user_messages ... ok
2026-10-07T01:49:50.2353590Z test check::checked::tests::missing_binding_and_pattern_types_are_rejected_without_rechecking ... ok
2026-10-07T01:49:50.2354320Z test check::checked::tests::missing_declaration_type_is_rejected_without_rechecking ... ok
2026-10-07T01:49:50.2354970Z test check::checked::tests::missing_name_resolution_is_rejected_without_rechecking ... ok
2026-10-07T01:49:50.2355570Z test check::checked::tests::sealed_missing_expression_plan_fails_closed ... ok
2026-10-07T01:49:50.2356160Z test check::checked::tests::facts_and_emission_are_deterministic_and_read_only ... ok
2026-10-07T01:49:50.2356800Z test check::checked::tests::sealed_missing_operand_role_fails_closed ... ok
2026-10-07T01:49:50.2357440Z test check::checked::tests::sealed_missing_rust_type_plan_fails_closed ... ok
2026-10-07T01:49:50.2362160Z test check::checked::tests::sealing_rejects_missing_expression_types ... ok
2026-10-07T01:49:50.2363370Z test check::checked::tests::symbolic_enum_owner_is_not_an_untyped_payload ... ok
2026-10-07T01:49:50.2364150Z test check::checked::tests::sealed_missing_required_flow_or_slots_fails_closed ... ok
2026-10-07T01:49:50.2364750Z test check::checked::tests::unknown_origin_is_not_user_blame ... ok
2026-10-07T01:49:50.2365420Z test check::flow_metadata_tests::checked_operand_roles_reach_codegen_and_missing_roles_fail ... ok
2026-10-07T01:49:50.2366190Z test check::checked::tests::generated_saved_native_replacement_and_synthetic_origins_are_distinct ... ok
2026-10-07T01:49:50.2367000Z test check::flow_metadata_tests::content_mutation_events_survive_rhs_replacement_and_stay_in_their_statement ... ok
2026-10-07T01:49:50.2367840Z test check::checked::tests::task_sealing_rejects_missing_or_mismatched_scope_and_use_facts ... ok
2026-10-07T01:49:50.2368630Z test check::flow_metadata_tests::flow_snapshots_only_keep_return_dependency_bindings ... ok
2026-10-07T01:49:50.2369520Z test check::flow_metadata_tests::flow_facts_recompute_for_high_saved_low_and_self_consumption ... ok
2026-10-07T01:49:50.2370300Z test check::flow_metadata_tests::loop_regions_preserve_candidate_reads_and_assignments ... ok
2026-10-07T01:49:50.2371140Z test check::flow_metadata_tests::flow_collection_is_gated_to_view_return_dependencies ... ok
2026-10-07T01:49:50.2372000Z test modules::metadata_tests::intrinsic_transport_rejects_forged_namespace_collisions_and_unknown_heads ... ok
2026-10-07T01:49:50.2373250Z test modules::metadata_tests::intrinsic_type_transport_is_structural_and_avoids_real_bindings ... ok
2026-10-07T01:49:50.2373990Z test modules::metadata_tests::low_identity_is_portable_between_unix_drive_and_unc_paths ... ok
2026-10-07T01:49:50.2374710Z test modules::metadata_tests::low_metadata_rejects_unknown_topology_and_span_fields ... ok
2026-10-07T01:49:50.2375340Z test modules::metadata_tests::malformed_internal_looking_names_keep_their_original_display ... ok
2026-10-07T01:49:50.2376080Z test modules::metadata_tests::metadata_cannot_rebind_a_definition_to_a_builtin_or_unrelated_id ... ok
2026-10-07T01:49:50.2376780Z test modules::metadata_tests::metadata_rejects_relative_noncanonical_and_traversing_ids ... ok
2026-10-07T01:49:50.2377590Z test check::flow_metadata_tests::semantic_value_edges_keep_mutation_inputs_without_scalar_overselection ... ok
2026-10-07T01:49:50.2378520Z test sql_check::collect::tests::checked_high_and_saved_low_preserve_supported_operations_and_source_fields ... ok
2026-10-07T01:49:50.2379240Z test sql_check::collect::tests::aliased_row_classes_use_canonical_identity_and_original_field_names ... ok
2026-10-07T01:49:50.2380000Z test sql_check::collect::tests::conditional_loop_and_match_bodies_are_collected_once ... ok
2026-10-07T01:49:50.2380690Z test sql_check::collect::tests::dynamic_sql_and_exec_scripts_remain_visible_as_excluded_sites ... ok
2026-10-07T01:49:50.2381510Z test sql_check::collect::tests::collection_rejects_excessive_sites_at_the_first_over_limit_call ... ok
2026-10-07T01:49:50.2382250Z test sql_check::collect::tests::integrated_native_replacements_only_collect_the_final_function_body ... ok
2026-10-07T01:49:50.2383110Z test sql_check::collect::tests::nested_value_expressions_returns_and_scope_spawn_keep_each_actual_call ... ok
2026-10-07T01:49:50.2383860Z test sql_check::collect::tests::same_named_user_function_and_local_function_value_are_not_sql_calls ... ok
2026-10-07T01:49:50.2384620Z test sql_check::engine::tests::columns_aliases_and_sqlite_parameter_numbering ... ok
2026-10-07T01:49:50.2385320Z test sql_check::engine::tests::every_default_expression_uses_the_function_allowlist_even_when_unused ... ok
2026-10-07T01:49:50.2386060Z test sql_check::engine::tests::external_files_and_extension_paths_are_never_opened_or_modified ... ok
2026-10-07T01:49:50.2386880Z test sql_check::collect::tests::repeated_row_metadata_is_bounded_before_building_the_worker_request ... ok
2026-10-07T01:49:50.2387760Z test sql_check::engine::tests::ordinary_tables_indexes_views_and_pure_functions_are_supported ... ok
2026-10-07T01:49:50.2388520Z test sql_check::engine::tests::prepare_authorizer_also_rejects_unsafe_view_functions ... ok
2026-10-07T01:49:50.2389210Z test sql_check::engine::tests::prepare_only_dml_does_not_write_application_rows ... ok
2026-10-07T01:49:50.2389790Z test sql_check::engine::tests::rejects_operation_shape_mismatches ... ok
2026-10-07T01:49:50.2390440Z test sql_check::engine::tests::schema_is_ddl_snapshot_not_migration_or_arbitrary_sql ... ok
2026-10-07T01:49:50.2391180Z test sql_check::engine::tests::sqlite_identifier_defaults_remain_literals_without_hiding_function_terms ... ok
2026-10-07T01:49:50.2391910Z test sql_check::tests::bounded_input_does_not_accept_a_truncated_prefix ... ok
2026-10-07T01:49:50.2931190Z test sql_check::engine::tests::finite_limits_reject_large_and_deep_inputs ... ok
2026-10-07T01:49:50.3324310Z test sql_check::tests::deadline_kills_and_reaps_a_worker_with_blocked_input ... ok
2026-10-07T01:49:50.3425420Z test sql_check::tests::terminating_a_worker_returns_its_reaped_exit_status ... ok
2026-10-07T01:49:50.3528620Z test sql_check::tests::worker_fixture ... ok
2026-10-07T01:49:50.3629490Z test stdlib::resource_contract_tests::descriptor_rejects_arity_parameter_mismatch - should panic ... ok
2026-10-07T01:49:50.3761180Z test stdlib::resource_contract_tests::descriptor_rejects_duplicate_in_one_role - should panic ... ok
2026-10-07T01:49:50.3861660Z test stdlib::resource_contract_tests::descriptor_rejects_missing_role - should panic ... ok
2026-10-07T01:49:50.3963070Z test stdlib::resource_contract_tests::descriptor_rejects_out_of_range_role - should panic ... ok
2026-10-07T01:49:50.4064130Z test stdlib::resource_contract_tests::descriptor_rejects_overlapping_roles - should panic ... ok
2026-10-07T01:49:50.4165190Z test stdlib::resource_contract_tests::descriptor_rejects_roles_on_zero_arity - should panic ... ok
2026-10-07T01:49:50.4265450Z test stdlib::resource_contract_tests::legacy_views_borrow_the_registered_descriptor ... ok
2026-10-07T01:49:50.4374340Z test stdlib::resource_contract_tests::registered_roles_match_the_independent_position_oracle ... ok
2026-10-07T01:49:50.4475340Z test tests::await_only_async ... ok
2026-10-07T01:49:50.4575960Z test tests::bad_string ... ok
2026-10-07T01:49:50.4676590Z test tests::class_field_check ... ok
2026-10-07T01:49:50.4789990Z test tests::class_move ... ok
2026-10-07T01:49:50.4890550Z test tests::console_io_roundtrip ... ok
2026-10-07T01:49:50.5011320Z test tests::copy_value_class ... ok
2026-10-07T01:49:50.5011830Z test tests::cost_not_dynamic_count ... ok
2026-10-07T01:49:50.5112150Z test tests::duplicate_class_fields ... ok
2026-10-07T01:49:50.5212690Z test tests::empty_list_inference ... ok
2026-10-07T01:49:50.5313160Z test tests::error_propagation ... ok
2026-10-07T01:49:50.5430050Z test tests::explicit_copy ... ok
2026-10-07T01:49:50.5531000Z test tests::floating_literals_accept_f32_boundary_and_roundtrip ... ok
2026-10-07T01:49:50.5631840Z test tests::floating_literals_keep_f64_range_and_default_inference ... ok
2026-10-07T01:49:50.5732570Z test tests::floating_literals_reject_f32_overflow_in_high_and_low ... ok
2026-10-07T01:49:50.5833360Z test tests::forgotten_await ... ok
2026-10-07T01:49:50.5933900Z test tests::hello ... ok
2026-10-07T01:49:50.6034510Z test tests::html_route_is_not_encoded_as_json ... ok
2026-10-07T01:49:50.6135180Z test tests::invalid_indent ... ok
2026-10-07T01:49:50.6235700Z test tests::low_standalone ... ok
2026-10-07T01:49:50.6336410Z test tests::mismatched_type ... ok
2026-10-07T01:49:50.6436940Z test tests::missing_return ... ok
2026-10-07T01:49:50.6537540Z test tests::native_numeric ... ok
2026-10-07T01:49:50.6638120Z test tests::nested_view_in_class_rejected ... ok
2026-10-07T01:49:50.6738860Z test tests::no_implicit_conversion ... ok
2026-10-07T01:49:50.6784060Z test tests::nullable ... ok
2026-10-07T01:49:50.6787380Z test tests::number_overflow ... ok
2026-10-07T01:49:50.6789380Z test tests::owned_parameter_cannot_return_view ... ok
2026-10-07T01:49:50.6791770Z test tests::precedence ... ok
2026-10-07T01:49:50.6792870Z test tests::recursive_value ... ok
2026-10-07T01:49:50.6793290Z test tests::replace_bad_signature ... ok
2026-10-07T01:49:50.6793690Z test tests::replace_exact_signature ... ok
2026-10-07T01:49:50.6794290Z test sql_check::tests::encoded_metadata_is_bounded_including_json_escaping ... ok
2026-10-07T01:49:50.6794940Z test tests::resource_contract_goldens::data_derives_golden ... ok
2026-10-07T01:49:50.6812300Z test tests::resource_contract_goldens::actor_data_golden ... ok
2026-10-07T01:49:50.6812970Z test tests::resource_contract_goldens::http_borrow_and_mappers_golden ... ok
2026-10-07T01:49:50.6813460Z test tests::result_must_handle ... ok
2026-10-07T01:49:50.6813840Z test tests::roundtrip_low ... ok
2026-10-07T01:49:50.6814290Z test tests::rust_extern_interface_and_low_roundtrip ... ok
2026-10-07T01:49:50.6814710Z test tests::scope_spawn ... ok
2026-10-07T01:49:50.6815240Z test tests::signed_minimum_literals_are_in_range_in_high_and_low ... ok
2026-10-07T01:49:50.7623240Z test tests::resource_contract_goldens::http_inspection_golden ... ok
2026-10-07T01:49:50.7624750Z test tests::string_move ... ok
2026-10-07T01:49:50.7631920Z test tests::tabs_rejected ... ok
2026-10-07T01:49:50.7632280Z test tests::unknown_class ... ok
2026-10-07T01:49:50.7632640Z test tests::unknown_name ... ok
2026-10-07T01:49:50.7633000Z test tests::unscoped_spawn ... ok
2026-10-07T01:49:50.7633380Z test tests::view_cannot_spawn ... ok
2026-10-07T01:49:50.7633760Z test tests::view_escape ... ok
2026-10-07T01:49:50.7634540Z test tests::view_prevents_move ... ok
2026-10-07T01:49:50.7634910Z test tests::view_prevents_mutation ... ok
2026-10-07T01:49:50.7635290Z test tests::view_return_parameter ... ok
2026-10-07T01:49:50.8013540Z test tests::signed_minimum_literals_compile_and_run_after_lowering ... ok
2026-10-07T01:49:51.7486750Z test check::flow_metadata_tests::return_alias_dependencies_keep_straight_line_snapshots_sparse ... ok
2026-10-07T01:49:51.7487240Z 
2026-10-07T01:49:51.7487630Z test result: ok. 122 passed; 0 failed; 0 ignored; 0 measured; 0 filtered out; finished in 1.56s
2026-10-07T01:49:51.7487950Z 
2026-10-07T01:49:51.7494240Z [1m[92m     Running[0m tests/actor_codegen.rs (target/debug/deps/actor_codegen-b29ce9fe3855bc57)
2026-10-07T01:49:51.7522500Z 
2026-10-07T01:49:51.7522720Z running 2 tests
2026-10-07T01:49:52.0079410Z test actor_charge_generation_survives_low_without_clones_reflection_or_serde_requirements ... ok
2026-10-07T01:50:27.9816950Z test generated_nominal_charges_execute_against_native_capacity_and_walk_limits ... ok
2026-10-07T01:50:27.9817520Z 
2026-10-07T01:50:27.9818070Z test result: ok. 2 passed; 0 failed; 0 ignored; 0 measured; 0 filtered out; finished in 36.21s
2026-10-07T01:50:27.9818440Z 
2026-10-07T01:50:27.9822540Z [1m[92m     Running[0m tests/actor_stdlib.rs (target/debug/deps/actor_stdlib-2848d347a48e9b4d)
2026-10-07T01:50:27.9911100Z 
2026-10-07T01:50:27.9911290Z running 12 tests
2026-10-07T01:50:28.7173760Z test actor_and_http_aliases_keep_distinct_registry_identity_without_fake_classes ... ok
2026-10-07T01:50:29.0508560Z test callback_shapes_and_custom_error_identity_are_checked_before_native_build ... ok
2026-10-07T01:50:29.2881660Z test lifecycle_text_views_follow_their_native_owner_and_cannot_serialize ... ok
2026-10-07T01:50:29.9234540Z test named_task_factory_aliases_require_shared_context_async_unit_and_builtin_error ... ok
2026-10-07T01:50:31.4105630Z test explicit_task_readiness_and_typed_event_deadlines_execute_from_high_and_low ... ok
2026-10-07T01:50:35.5418240Z test owned_custom_class_replies_and_errors_execute_without_clone_or_serde_bounds ... ok
2026-10-07T01:50:35.5948770Z test messages_replies_and_business_errors_reject_unaccounted_nested_payloads ... ok
2026-10-07T01:50:35.7345030Z test saved_low_cannot_invent_actor_types_capabilities_or_standard_implementations ... ok
2026-10-07T01:50:36.1193780Z test spawning_borrowing_native_futures_requires_an_owned_named_wrapper ... ok
2026-10-07T01:50:36.8493640Z test turn_inline_layout_generics_and_left_to_right_moves_are_not_erased ... ok
2026-10-07T01:50:36.9951560Z test readiness_factory_and_wait_error_contracts_are_checked_before_native_build ... ok
2026-10-07T01:50:40.3358040Z test pending_owned_state_business_failure_and_restart_execute_from_high_and_low ... ok
2026-10-07T01:50:40.3358480Z 
2026-10-07T01:50:40.3358880Z test result: ok. 12 passed; 0 failed; 0 ignored; 0 measured; 0 filtered out; finished in 12.34s
2026-10-07T01:50:40.3359250Z 
2026-10-07T01:50:40.3359990Z [1m[92m     Running[0m tests/borrow_free_returns.rs (target/debug/deps/borrow_free_returns-6d2eabb43acb471b)
2026-10-07T01:50:40.3456800Z 
2026-10-07T01:50:40.3457780Z running 5 tests
2026-10-07T01:50:40.3627540Z test adding_local_views_to_absent_values_still_rejects_escape ... ok
2026-10-07T01:50:40.3691360Z test clearing_values_does_not_erase_rust_lifetime_constraints ... ok
2026-10-07T01:50:40.3692240Z test unknown_native_origins_do_not_gain_an_absence_proof ... ok
2026-10-07T01:50:40.5611250Z test direct_absent_returns_remain_legal_after_local_borrows ... ok
2026-10-07T01:50:40.9184270Z test absent_views_in_nullable_empty_lists_and_failures_can_be_returned ... ok
2026-10-07T01:50:40.9184630Z 
2026-10-07T01:50:40.9185220Z test result: ok. 5 passed; 0 failed; 0 ignored; 0 measured; 0 filtered out; finished in 0.57s
2026-10-07T01:50:40.9185560Z 
2026-10-07T01:50:40.9186170Z [1m[92m     Running[0m tests/build_diagnostics.rs (target/debug/deps/build_diagnostics-281105509a81d638)
2026-10-07T01:50:40.9278990Z 
2026-10-07T01:50:40.9285900Z running 30 tests
2026-10-07T01:50:40.9448440Z test child_notes_cannot_relabel_an_unmapped_primary_or_dependency ... ok
2026-10-07T01:50:40.9454880Z test child_notes_keep_module_locations_and_readable_definition_names ... ok
2026-10-07T01:50:40.9472700Z test dependency_synthetic_and_incomplete_diagnostics_fall_back_without_guessing ... ok
2026-10-07T01:50:40.9495150Z test existing_path_aliases_match_only_the_generated_file ... ok
2026-10-07T01:50:41.1563950Z test a_successful_run_stays_quiet_and_passes_through_program_output ... ok
2026-10-07T01:50:41.3931060Z test finite_f32_extremes_compile_and_run_after_lowering ... ok
2026-10-07T01:50:41.4414540Z test cli_maps_adapter_mismatch_without_repeating_generated_rust_by_default ... ok
2026-10-07T01:50:41.5765160Z test high_build_points_to_nagi_and_keeps_rust_notes_and_failure_status ... ok
2026-10-07T01:50:41.7321930Z test imported_high_uses_the_dependency_path_and_local_line ... ok
2026-10-07T01:50:41.8831970Z test imported_low_uses_its_own_file_instead_of_the_entry_file ... ok
2026-10-07T01:50:41.9013130Z test extern_argument_and_sync_async_mismatches_fail_at_the_declaration_in_high_and_low ... ok
2026-10-07T01:50:41.9254840Z test invalid_operators_in_imports_report_nagi_lines_before_rust_or_cargo ... ok
2026-10-07T01:50:41.9412720Z test iterator_mutation_fails_in_check_and_build_before_backend_generation ... ok
2026-10-07T01:50:41.9450760Z test lowering_restores_nested_statement_expression_arm_and_field_lines ... ok
2026-10-07T01:50:42.0099900Z test invalid_entrypoints_are_rejected_before_cargo_with_source_locations ... ok
2026-10-07T01:50:42.0153520Z test native_signature_errors_also_keep_the_native_low_location ... ok
2026-10-07T01:50:42.0321890Z test overflowing_f32_is_rejected_at_the_source_before_backend_build ... ok
2026-10-07T01:50:42.0542920Z test repeated_moves_fail_in_check_and_build_before_invoking_rust ... ok
2026-10-07T01:50:42.0747990Z test repeated_moves_keep_imported_and_replacement_source_locations ... ok
2026-10-07T01:50:42.0887690Z test native_rust_errors_are_not_relabelled_as_nagi ... ok
2026-10-07T01:50:42.2409460Z test replacement_adapter_errors_point_to_the_handwritten_low_file ... ok
2026-10-07T01:50:42.5356760Z test safe_reinitialization_and_return_paths_check_build_and_run ... ok
2026-10-07T01:50:42.8099550Z test imported_async_ffi_send_failure_maps_the_cause_note_in_high_and_saved_low ... ok
2026-10-07T01:50:43.0195590Z test standalone_low_uses_the_original_low_lines ... ok
2026-10-07T01:50:43.0557560Z test run_preserves_json_stdout_with_and_without_a_cost_report_in_high_and_saved_low ... ok
2026-10-07T01:50:43.0582960Z test unix_backslashes_do_not_turn_a_dependency_path_into_the_generated_file ... ok
2026-10-07T01:50:43.0910550Z test try_result_reuse_reports_source_lines_before_invoking_cargo ... ok
2026-10-07T01:50:43.0911990Z test windows_paths_and_canonical_prefixes_match_only_the_generated_target ... ok
2026-10-07T01:50:43.1020090Z test unsupported_class_fields_and_async_reassignments_fail_before_backend_generation ... ok
2026-10-07T01:50:45.2127280Z test source_names_with_spaces_and_dots_build_and_run ... ok
2026-10-07T01:50:45.2127830Z 
2026-10-07T01:50:45.2128690Z test result: ok. 30 passed; 0 failed; 0 ignored; 0 measured; 0 filtered out; finished in 4.28s
2026-10-07T01:50:45.2129940Z [1m[92m     Running[0m tests/class_field_types.rs (target/debug/deps/class_field_types-dc1afe9508a090bb)
2026-10-07T01:50:45.2130330Z 
2026-10-07T01:50:45.2207840Z 
2026-10-07T01:50:45.2208590Z running 5 tests
2026-10-07T01:50:45.2325880Z test map_keys_with_missing_equality_or_hashing_fail_before_derivation ... ok
2026-10-07T01:50:45.2360390Z test nested_data_fields_and_bridge_defined_key_traits_remain_available ... ok
2026-10-07T01:50:45.2374620Z test unsupported_resource_and_function_fields_fail_at_the_field_line ... ok
2026-10-07T01:50:45.2380720Z test owned_database_fields_are_private_state_and_keep_high_low_emission_valid ... ok
2026-10-07T01:50:46.0326380Z test native_database_debug_hides_connection_details_inside_shared_state ... ok
2026-10-07T01:50:46.0327190Z 
2026-10-07T01:50:46.0327660Z test result: ok. 5 passed; 0 failed; 0 ignored; 0 measured; 0 filtered out; finished in 0.81s
2026-10-07T01:50:46.0328030Z 
2026-10-07T01:50:46.0328460Z [1m[92m     Running[0m tests/cli.rs (target/debug/deps/cli-b576dfee59d1d88f)
2026-10-07T01:50:46.0459340Z 
2026-10-07T01:50:46.0460160Z running 7 tests
2026-10-07T01:50:46.0555350Z test an_unusable_cargo_is_not_reported_as_a_missing_rust_installation ... ok
2026-10-07T01:50:46.0641040Z test check_and_lower_put_status_on_stderr_and_keep_cost_report_machine_readable ... ok
2026-10-07T01:50:46.0714030Z test check_needs_no_cargo_and_build_reports_the_missing_tool ... ok
2026-10-07T01:50:46.0743350Z test version_rejects_unexpected_arguments ... ok
2026-10-07T01:50:46.0812470Z test version_works_without_project_runtime_or_build_tools ... ok
2026-10-07T01:50:46.0838310Z test help_works_without_source_or_valid_project ... ok
2026-10-07T01:50:46.1372010Z test cargo_failure_preserves_the_cause_without_blaming_the_nagi_program ... ok
2026-10-07T01:50:46.1372500Z 
2026-10-07T01:50:46.1372910Z test result: ok. 7 passed; 0 failed; 0 ignored; 0 measured; 0 filtered out; finished in 0.09s
2026-10-07T01:50:46.1373200Z 
2026-10-07T01:50:46.1373670Z [1m[92m     Running[0m tests/codegen.rs (target/debug/deps/codegen-0d11c6cd395e71ae)
2026-10-07T01:50:46.1470420Z 
2026-10-07T01:50:46.1470700Z running 16 tests
2026-10-07T01:50:46.1590960Z test a_record_named_fn_does_not_become_a_copy_function_value ... ok
2026-10-07T01:50:46.3010650Z test builtin_option_and_result_constructors_do_not_call_user_functions ... ok
2026-10-07T01:50:46.3019350Z test explicit_local_async_function_annotations_compile_and_run ... ok
2026-10-07T01:50:46.3026600Z test async_function_values_keep_their_future_return_type ... ok
2026-10-07T01:50:46.4444790Z test local_function_values_shadow_builtins_and_functions ... ok
2026-10-07T01:50:46.4515270Z test for_bindings_can_be_reassigned_without_changing_the_iterator_or_outer_binding ... ok
2026-10-07T01:50:46.4544080Z test function_values_preserve_the_shared_view_lifetime ... ok
2026-10-07T01:50:46.5781240Z test nested_views_compile_and_copy_strings_bytes_and_lists ... ok
2026-10-07T01:50:46.5783100Z test output_compiles_for_numbers_booleans_and_borrowed_strings ... ok
2026-10-07T01:50:46.6440980Z test numeric_negation_and_nested_view_comparisons_compile_and_run ... ok
2026-10-07T01:50:46.7126110Z test result_match_compiles_and_runs_owned_and_borrowed_payloads ... ok
2026-10-07T01:50:46.7127470Z test reassignment_of_the_same_async_function_through_aliases_compiles_and_runs ... ok
2026-10-07T01:50:46.7775950Z test returning_a_function_value_does_not_borrow_local_data ... ok
2026-10-07T01:50:46.8383410Z test rust_keywords_and_generated_helper_names_remain_valid_nagi_names ... ok
2026-10-07T01:50:46.8964350Z test user_functions_with_builtin_names_keep_their_call_targets ... ok
2026-10-07T01:50:47.1302700Z test user_and_local_functions_named_serve_compile_without_http_runtime ... ok
2026-10-07T01:50:47.1303340Z 
2026-10-07T01:50:47.1304030Z test result: ok. 16 passed; 0 failed; 0 ignored; 0 measured; 0 filtered out; finished in 0.98s
2026-10-07T01:50:47.1305140Z [1m[92m     Running[0m tests/comparison_ownership.rs (target/debug/deps/comparison_ownership-5bb430f8566fe637)
2026-10-07T01:50:47.1305490Z 
2026-10-07T01:50:47.1402470Z 
2026-10-07T01:50:47.1403360Z running 4 tests
2026-10-07T01:50:47.1548400Z test comparisons_hold_the_left_operand_through_right_operand_evaluation ... ok
2026-10-07T01:50:47.1588510Z test copy_aggregate_comparisons_borrow_fields_and_indexed_containers ... ok
2026-10-07T01:50:47.1889590Z test native_resource_comparisons_do_not_allow_moving_the_borrowed_request ... ok
2026-10-07T01:50:47.2686150Z test completed_copy_operands_disjoint_fields_and_temporary_views_remain_valid ... ok
2026-10-07T01:50:47.2686900Z 
2026-10-07T01:50:47.2687580Z test result: ok. 4 passed; 0 failed; 0 ignored; 0 measured; 0 filtered out; finished in 0.13s
2026-10-07T01:50:47.2688710Z [1m[92m     Running[0m tests/enum_emission.rs (target/debug/deps/enum_emission-713e214a8c45d780)
2026-10-07T01:50:47.2689280Z 
2026-10-07T01:50:47.2792450Z 
2026-10-07T01:50:47.2792650Z running 5 tests
2026-10-07T01:50:47.2895400Z test data_records_keep_serde_while_enum_fields_remain_private ... ok
2026-10-07T01:50:47.4367600Z test custom_main_errors_need_only_debug_and_copy_enums_reuse_values ... ok
2026-10-07T01:50:47.4495850Z test error_cause_records_move_payloads_without_serde_or_clone_requirements ... ok
2026-10-07T01:50:47.4645580Z test module_enum_aliases_preserve_identity_and_escape_variant_fields ... ok
2026-10-07T01:50:47.5617330Z test native_enum_constructors_patterns_and_result_propagation_roundtrip ... ok
2026-10-07T01:50:47.5619770Z [1m[92m     Running[0m tests/enum_modules.rs (target/debug/deps/enum_modules-0649c8e14e30d7b1)
2026-10-07T01:50:47.5620080Z 
2026-10-07T01:50:47.5620440Z test result: ok. 5 passed; 0 failed; 0 ignored; 0 measured; 0 filtered out; finished in 0.28s
2026-10-07T01:50:47.5620780Z 
2026-10-07T01:50:47.5712700Z 
2026-10-07T01:50:47.5713770Z running 9 tests
2026-10-07T01:50:47.5835990Z test builtin_spelled_enum_aliases_keep_intrinsic_types_distinct_in_generated_low ... ok
2026-10-07T01:50:47.5946140Z test different_files_have_distinct_enum_types_even_with_equal_names_and_variants ... ok
2026-10-07T01:50:47.6048860Z test enum_payload_types_use_the_definition_file_scope_and_survive_low ... ok
2026-10-07T01:50:47.6071720Z test enum_aliases_and_guessed_canonical_symbols_do_not_escape_module_scopes ... ok
2026-10-07T01:50:47.6075320Z test local_values_shadow_enum_value_syntax_but_named_constructor_uses_type_scope ... ok
2026-10-07T01:50:47.6096820Z test namespace_from_and_flat_imports_share_enum_identity_in_constructors_and_patterns ... ok
2026-10-07T01:50:47.6100300Z test native_fragments_reuse_high_enum_aliases_and_export_their_own_enum_identity ... ok
2026-10-07T01:50:47.7851270Z test saved_low_enum_variants_navigate_to_the_opened_file ... ok
2026-10-07T01:50:47.9504670Z test enum_symbols_keep_variant_targets_alias_signatures_and_payload_binding_types ... ok
2026-10-07T01:50:47.9505030Z 
2026-10-07T01:50:47.9505360Z test result: ok. 9 passed; 0 failed; 0 ignored; 0 measured; 0 filtered out; finished in 0.38s
2026-10-07T01:50:47.9505690Z 
2026-10-07T01:50:47.9506680Z [1m[92m     Running[0m tests/enum_parser.rs (target/debug/deps/enum_parser-fef7f04e6058c461)
2026-10-07T01:50:47.9602470Z 
2026-10-07T01:50:47.9603200Z running 8 tests
2026-10-07T01:50:47.9613920Z test contextual_enum_word_remains_an_identifier_inside_declarations_and_calls ... ok
2026-10-07T01:50:47.9616490Z test enum_constructors_keep_the_existing_expression_forms ... ok
2026-10-07T01:50:47.9616980Z test enum_patterns_keep_qualified_names_and_each_payload_binding_span ... ok
2026-10-07T01:50:47.9617470Z test enums_keep_variant_names_fields_types_and_source_locations ... ok
2026-10-07T01:50:47.9617900Z test enum_payload_types_use_the_existing_nesting_limit ... ok
2026-10-07T01:50:47.9618290Z test invalid_enum_declarations_return_parse_errors ... ok
2026-10-07T01:50:47.9618720Z test result_patterns_preserve_ok_err_and_discard_bindings ... ok
2026-10-07T01:50:47.9619200Z test patterns_reject_wildcards_nested_matches_and_unnamed_variants ... ok
2026-10-07T01:50:47.9619440Z 
2026-10-07T01:50:47.9619770Z test result: ok. 8 passed; 0 failed; 0 ignored; 0 measured; 0 filtered out; finished in 0.00s
2026-10-07T01:50:47.9620090Z 
2026-10-07T01:50:47.9620600Z [1m[92m     Running[0m tests/enum_patterns.rs (target/debug/deps/enum_patterns-c3d845c6efac95c7)
2026-10-07T01:50:47.9699320Z 
2026-10-07T01:50:47.9699690Z running 1 test
2026-10-07T01:50:48.0868410Z test mutable_enum_patterns_preserve_names_and_compile_without_shorthand_warnings ... ok
2026-10-07T01:50:48.0868740Z 
2026-10-07T01:50:48.0869080Z test result: ok. 1 passed; 0 failed; 0 ignored; 0 measured; 0 filtered out; finished in 0.12s
2026-10-07T01:50:48.0869370Z 
2026-10-07T01:50:48.0869880Z [1m[92m     Running[0m tests/error_routes.rs (target/debug/deps/error_routes-cfe2e47f2d463881)
2026-10-07T01:50:48.0950040Z 
2026-10-07T01:50:48.0950390Z running 2 tests
2026-10-07T01:50:48.1092050Z test existing_data_and_html_http_routes_keep_their_representations ... ok
2026-10-07T01:50:48.1093670Z test private_error_data_is_rejected_at_http_json_boundaries_in_high_and_low ... ok
2026-10-07T01:50:48.1094020Z 
2026-10-07T01:50:48.1094380Z test result: ok. 2 passed; 0 failed; 0 ignored; 0 measured; 0 filtered out; finished in 0.01s
2026-10-07T01:50:48.1094660Z 
2026-10-07T01:50:48.1096120Z [1m[92m     Running[0m tests/expression_contracts.rs (target/debug/deps/expression_contracts-3419232976593e9b)
2026-10-07T01:50:48.1180790Z 
2026-10-07T01:50:48.1181070Z running 2 tests
2026-10-07T01:50:48.2359590Z test inferred_i64_literals_keep_their_type_without_a_rust_type_context ... ok
2026-10-07T01:50:48.2360200Z test literal_suffixes_preserve_contextual_numeric_types_and_negative_boundaries ... ok
2026-10-07T01:50:48.2360490Z 
2026-10-07T01:50:48.2360820Z test result: ok. 2 passed; 0 failed; 0 ignored; 0 measured; 0 filtered out; finished in 0.12s
2026-10-07T01:50:48.2361120Z 
2026-10-07T01:50:48.2361690Z [1m[92m     Running[0m tests/frontend_contracts.rs (target/debug/deps/frontend_contracts-f19a24f252a1cc0f)
2026-10-07T01:50:48.2453970Z 
2026-10-07T01:50:48.2454630Z running 5 tests
2026-10-07T01:50:48.2536070Z test generic_builtins_and_ordinary_record_constructors_still_roundtrip ... ok
2026-10-07T01:50:48.3076350Z test record_constructors_reject_type_arguments_in_high_low_and_symbols ... ok
2026-10-07T01:50:48.3079940Z test speculative_index_recovery_preserves_actual_nesting_limits ... ok
2026-10-07T01:50:48.7253920Z test lowering_keeps_try_and_await_as_field_and_index_receivers ... ok
2026-10-07T01:50:49.2263380Z test index_lookahead_does_not_accumulate_nesting_across_statements_or_functions ... ok
2026-10-07T01:50:49.2263700Z 
2026-10-07T01:50:49.2264040Z test result: ok. 5 passed; 0 failed; 0 ignored; 0 measured; 0 filtered out; finished in 0.98s
2026-10-07T01:50:49.2264320Z 
2026-10-07T01:50:49.2265740Z [1m[92m     Running[0m tests/graph_html.rs (target/debug/deps/graph_html-ba375f0c23ef1d02)
2026-10-07T01:50:49.2357850Z 
2026-10-07T01:50:49.2358410Z running 3 tests
2026-10-07T01:50:49.2376690Z test only_physical_absolute_sources_receive_encoded_user_action_links ... ok
2026-10-07T01:50:49.2378440Z test standalone_viewer_keeps_assets_local_and_uses_safe_dom_text ... ok
2026-10-07T01:50:49.2379420Z test hostile_unicode_graph_data_remains_json_and_cannot_close_the_script ... ok
2026-10-07T01:50:49.2379700Z 
2026-10-07T01:50:49.2380030Z test result: ok. 3 passed; 0 failed; 0 ignored; 0 measured; 0 filtered out; finished in 0.00s
2026-10-07T01:50:49.2380390Z 
2026-10-07T01:50:49.2380930Z [1m[92m     Running[0m tests/graph_relations.rs (target/debug/deps/graph_relations-e58d8d67b321c0d2)
2026-10-07T01:50:49.2475430Z 
2026-10-07T01:50:49.2475820Z running 9 tests
2026-10-07T01:50:49.2806200Z test calls_resolve_named_aliases_without_guessing_local_function_values ... ok
2026-10-07T01:50:49.2913030Z test checked_standard_and_database_operations_are_boundaries_not_routing_or_table_guesses ... ok
2026-10-07T01:50:49.2948450Z test module_imports_are_read_from_loaded_overlay_text ... ok
2026-10-07T01:50:49.2949220Z test all_views_use_shortest_unique_physical_suffixes_before_filtering ... ok
2026-10-07T01:50:49.2949930Z test native_replacements_keep_the_generated_id_and_low_ffi_locations ... ok
2026-10-07T01:50:49.2950630Z test one_line_low_import_references_do_not_hide_body_uses ... ok
2026-10-07T01:50:49.2951270Z test module_edges_use_exact_identities_and_recover_empty_flat_imports ... ok
2026-10-07T01:50:49.2954850Z test saved_low_keeps_definition_ids_without_mapping_foreign_modules_to_its_file ... ok
2026-10-07T01:50:49.3139200Z test nested_calls_are_visited_but_class_and_enum_constructors_are_not_calls ... ok
2026-10-07T01:50:49.3139580Z 
2026-10-07T01:50:49.3139990Z test result: ok. 9 passed; 0 failed; 0 ignored; 0 measured; 0 filtered out; finished in 0.07s
2026-10-07T01:50:49.3140290Z 
2026-10-07T01:50:49.3141330Z [1m[92m     Running[0m tests/graph_render.rs (target/debug/deps/graph_render-ae643041c447474c)
2026-10-07T01:50:49.3236510Z 
2026-10-07T01:50:49.3236910Z running 9 tests
2026-10-07T01:50:49.3253060Z test image_arguments_are_validated_before_starting_a_renderer ... ok
2026-10-07T01:50:49.3257630Z test diagram_order_is_deterministic_and_empty_graphs_are_readable ... ok
2026-10-07T01:50:49.3258540Z test clustered_edges_reference_declared_nodes_without_group_boundary_duplicates ... ok
2026-10-07T01:50:49.3260320Z test labels_preserve_unicode_without_becoming_diagram_syntax_or_links ... ok
2026-10-07T01:50:49.3280890Z test mermaid_literal_hashes_backticks_and_directives_cannot_change_the_render_config ... ok
2026-10-07T01:50:49.3281540Z test process_tests::image_child ... ok
2026-10-07T01:50:49.3282720Z 
2026-10-07T01:50:49.3286630Z running 1 test
2026-10-07T01:50:49.3286890Z 
2026-10-07T01:50:49.3287140Z running 1 test
2026-10-07T01:50:49.3287670Z test process_tests::image_child ... test process_tests::image_child ... 
2026-10-07T01:50:49.3288110Z running 1 test
2026-10-07T01:50:49.3288570Z test process_tests::image_child ... ok
2026-10-07T01:50:49.3288840Z 
2026-10-07T01:50:49.3289310Z test result: ok. 1 passed; 0 failed; 0 ignored; 0 measured; 8 filtered out; finished in 0.00s
2026-10-07T01:50:49.3289670Z 
2026-10-07T01:50:49.3290130Z test process_tests::missing_renderer_explains_installation_and_d2_source_fallback ... ok
2026-10-07T01:50:49.3329590Z ok
2026-10-07T01:50:49.3329950Z 
2026-10-07T01:50:49.3330680Z test result: ok. 1 passed; 0 failed; 0 ignored; 0 measured; 8 filtered out; finished in 0.01s
2026-10-07T01:50:49.3331370Z 
2026-10-07T01:50:49.3331640Z ok
2026-10-07T01:50:49.3331830Z 
2026-10-07T01:50:49.3332330Z test result: ok. 1 passed; 0 failed; 0 ignored; 0 measured; 8 filtered out; finished in 0.01s
2026-10-07T01:50:49.3332680Z 
2026-10-07T01:50:49.3333520Z test process_tests::failed_renderer_reports_stderr_and_removes_its_source ... ok
2026-10-07T01:50:49.3334370Z test process_tests::export_passes_arguments_literally_without_a_shell ... ok
2026-10-07T01:50:49.3334700Z 
2026-10-07T01:50:49.3335020Z test result: ok. 9 passed; 0 failed; 0 ignored; 0 measured; 0 filtered out; finished in 0.01s
2026-10-07T01:50:49.3335290Z 
2026-10-07T01:50:49.3336200Z [1m[92m     Running[0m tests/graph_types.rs (target/debug/deps/graph_types-bfcc559552479b87)
2026-10-07T01:50:49.3428450Z 
2026-10-07T01:50:49.3429060Z running 7 tests
2026-10-07T01:50:49.3589810Z test focused_depth_is_bounded_on_cycles_and_defaults_to_one_hop ... ok
2026-10-07T01:50:49.3643450Z test field_display_limits_do_not_erase_relationships_from_later_fields ... ok
2026-10-07T01:50:49.3644230Z test imported_same_named_types_keep_author_identity_and_original_source_lines ... ok
2026-10-07T01:50:49.3644910Z test ir_deduplicates_and_sorts_without_renderer_syntax_or_losing_isolated_types ... ok
2026-10-07T01:50:49.3645550Z test declarations_preserve_field_variant_wrapper_and_signature_meanings ... ok
2026-10-07T01:50:49.3702000Z test resource_type_arguments_are_dependencies_without_inventing_runtime_instances ... ok
2026-10-07T01:50:49.3742630Z test independent_low_preserves_type_identity_and_reports_its_physical_source ... ok
2026-10-07T01:50:49.3743260Z 
2026-10-07T01:50:49.3744270Z test result: ok. 7 passed; 0 failed; 0 ignored; 0 measured; 0 filtered out; finished in 0.03s
2026-10-07T01:50:49.3745260Z [1m[92m     Running[0m tests/http_codegen.rs (target/debug/deps/http_codegen-5a4afb429c83ab98)
2026-10-07T01:50:49.3745590Z 
2026-10-07T01:50:49.3840180Z 
2026-10-07T01:50:49.3840760Z running 4 tests
2026-10-07T01:50:49.6589740Z test borrow_and_named_mappers_preserve_high_low_codegen ... ok
2026-10-07T01:50:49.6591560Z test literal_view_optimization_does_not_change_a_shadowing_owned_function ... ok
2026-10-07T01:50:49.6625360Z test borrowed_http_inspection_and_async_registration_add_no_owned_adapter_work ... ok
2026-10-07T01:50:51.2593760Z test borrow_and_named_mapper_registration_execute_native_adapters ... ok
2026-10-07T01:50:51.2594060Z 
2026-10-07T01:50:51.2594630Z test result: ok. 4 passed; 0 failed; 0 ignored; 0 measured; 0 filtered out; finished in 1.87s
2026-10-07T01:50:51.2594920Z 
2026-10-07T01:50:51.2595500Z [1m[92m     Running[0m tests/http_route_conflicts.rs (target/debug/deps/http_route_conflicts-4529b12682a0ebb7)
2026-10-07T01:50:51.2680150Z 
2026-10-07T01:50:51.2680660Z running 3 tests
2026-10-07T01:50:51.2755790Z test shared_patterns_distinct_paths_and_literal_braces_remain_available ... ok
2026-10-07T01:50:51.2760990Z test get_handlers_cannot_replace_builtin_endpoints ... ok
2026-10-07T01:50:51.2779720Z test equivalent_capture_paths_are_rejected_even_for_different_methods ... ok
2026-10-07T01:50:51.2780070Z 
2026-10-07T01:50:51.2780400Z test result: ok. 3 passed; 0 failed; 0 ignored; 0 measured; 0 filtered out; finished in 0.01s
2026-10-07T01:50:51.2780680Z 
2026-10-07T01:50:51.2781830Z [1m[92m     Running[0m tests/http_stdlib.rs (target/debug/deps/http_stdlib-69049add15684ddb)
2026-10-07T01:50:51.2869120Z 
2026-10-07T01:50:51.2869470Z running 15 tests
2026-10-07T01:50:51.5368430Z test handlers_require_exact_async_request_shared_state_and_error_contracts ... ok
2026-10-07T01:50:51.8000300Z test borrowed_option_temporaries_allow_arm_local_use_but_cannot_escape ... ok
2026-10-07T01:50:52.0419810Z test header_views_depend_on_request_owner_and_not_the_name_temporary ... ok
2026-10-07T01:50:52.2056320Z test apps_validate_generic_arity_owned_state_and_mapper_error_type ... ok
2026-10-07T01:50:52.2881210Z test json_content_type_requires_a_request_and_has_no_generic_arguments ... ok
2026-10-07T01:50:52.6814280Z test method_name_views_can_return_from_borrowed_request_parameters ... ok
2026-10-07T01:50:52.7732930Z test optional_header_and_query_views_keep_the_request_borrow_through_match ... ok
2026-10-07T01:50:53.3257110Z test ordinary_classes_and_local_shadows_cannot_impersonate_standard_resources ... ok
2026-10-07T01:50:53.3358390Z test native_method_comparisons_borrow_but_assignment_tracks_request_partial_moves ... ok
2026-10-07T01:50:53.4706430Z test saved_low_cannot_change_registry_identity_or_define_resource_implementations ... ok
2026-10-07T01:50:53.7302710Z test standard_aliases_are_registry_resources_and_roundtrip_independently ... ok
2026-10-07T01:50:53.7912810Z test standard_resolution_ignores_cwd_files_and_unsaved_lookalikes ... ok
2026-10-07T01:50:53.9543630Z test resource_construction_serialization_and_shared_field_moves_fail_before_build ... ok
2026-10-07T01:50:54.7773090Z test resource_references_do_not_acquire_legacy_slice_operations ... ok
2026-10-07T01:50:56.3070720Z test status_method_and_db_free_app_execute_from_high_and_saved_low ... ok
2026-10-07T01:50:56.3071010Z 
2026-10-07T01:50:56.3071350Z test result: ok. 15 passed; 0 failed; 0 ignored; 0 measured; 0 filtered out; finished in 5.02s
2026-10-07T01:50:56.3071780Z 
2026-10-07T01:50:56.3072760Z [1m[92m     Running[0m tests/installation.rs (target/debug/deps/installation-98fe6e5fc25b8d20)
2026-10-07T01:50:56.3160460Z 
2026-10-07T01:50:56.3161150Z running 4 tests
2026-10-07T01:50:56.3419780Z test linked_distributions_keep_the_seed_until_the_last_owner_drops ... ok
2026-10-07T01:50:56.3480170Z test wrong_root_explains_the_distribution_folder_before_calling_cargo ... ok
2026-10-07T01:50:56.5789610Z test standalone_build_keeps_native_artifacts_in_the_working_directory ... ok
2026-10-07T01:50:56.5794030Z test moved_distribution_builds_an_external_project_with_no_root_override ... ok
2026-10-07T01:50:56.5794460Z 
2026-10-07T01:50:56.5795140Z test result: ok. 4 passed; 0 failed; 0 ignored; 0 measured; 0 filtered out; finished in 0.26s
2026-10-07T01:50:56.5795460Z 
2026-10-07T01:50:56.5800170Z [1m[92m     Running[0m tests/list_borrow_iteration.rs (target/debug/deps/list_borrow_iteration-99704e7704f0d58e)
2026-10-07T01:50:56.5892410Z 
2026-10-07T01:50:56.5892580Z running 5 tests
2026-10-07T01:50:56.6081640Z test borrowed_elements_and_their_field_views_cannot_escape ... ok
2026-10-07T01:50:56.6110390Z test borrowed_elements_cannot_move_reassign_or_mutate ... ok
2026-10-07T01:50:56.6111110Z test an_active_element_pins_its_owner_and_aliases ... ok
2026-10-07T01:50:56.7731650Z test symbols_distinguish_borrowed_record_locals_and_fields ... ok
2026-10-07T01:50:57.1104350Z test noncopy_iteration_is_native_and_survives_saved_low ... ok
2026-10-07T01:50:57.1104610Z 
2026-10-07T01:50:57.1104940Z test result: ok. 5 passed; 0 failed; 0 ignored; 0 measured; 0 filtered out; finished in 0.52s
2026-10-07T01:50:57.1105230Z 
2026-10-07T01:50:57.1106200Z [1m[92m     Running[0m tests/list_ownership_inference.rs (target/debug/deps/list_ownership_inference-6f7c309c739314dd)
2026-10-07T01:50:57.1202580Z 
2026-10-07T01:50:57.1202860Z running 4 tests
2026-10-07T01:50:57.1270420Z test inferred_lists_still_reject_second_moves_and_mixed_element_types ... ok
2026-10-07T01:50:57.1271290Z test explicit_list_element_types_still_contextualize_the_first_literal ... ok
2026-10-07T01:50:57.1280790Z test inferred_list_first_elements_can_move_owned_inputs_once ... ok
2026-10-07T01:50:57.1285380Z test record_list_iteration_accepts_copy_values_and_readonly_noncopy_borrows ... ok
2026-10-07T01:50:57.1285700Z 
2026-10-07T01:50:57.1286030Z test result: ok. 4 passed; 0 failed; 0 ignored; 0 measured; 0 filtered out; finished in 0.01s
2026-10-07T01:50:57.1286320Z 
2026-10-07T01:50:57.1287380Z [1m[92m     Running[0m tests/literal_contracts.rs (target/debug/deps/literal_contracts-53a4e93f79567e56)
2026-10-07T01:50:57.1370920Z 
2026-10-07T01:50:57.1371220Z running 1 test
2026-10-07T01:50:57.3363590Z test strings_preserve_control_characters_through_high_low_and_rust ... ok
2026-10-07T01:50:57.3364670Z [1m[92m     Running[0m tests/loop_ownership.rs (target/debug/deps/loop_ownership-dac7fa58f059841c)
2026-10-07T01:50:57.3366910Z 
2026-10-07T01:50:57.3369480Z test result: ok. 1 passed; 0 failed; 0 ignored; 0 measured; 0 filtered out; finished in 0.20s
2026-10-07T01:50:57.3373610Z 
2026-10-07T01:50:57.3453770Z 
2026-10-07T01:50:57.3454710Z running 13 tests
2026-10-07T01:50:57.4086860Z test a_for_iterator_expression_is_evaluated_only_once ... ok
2026-10-07T01:50:57.4120320Z test conditional_reinitialization_needs_every_continuing_path ... ok
2026-10-07T01:50:57.4121500Z test fields_and_nested_fields_cannot_be_consumed_on_later_iterations ... ok
2026-10-07T01:50:57.4649550Z test branch_joins_preserve_reassignment_and_return_outside_loops ... ok
2026-10-07T01:50:57.4652950Z test locals_copy_values_and_borrowed_arguments_are_available_each_iteration ... ok
2026-10-07T01:50:57.4655310Z test all_continuing_branches_can_restore_a_moved_value ... ok
2026-10-07T01:50:57.4656010Z test owned_values_cannot_be_consumed_on_later_iterations ... ok
2026-10-07T01:50:57.5267000Z test nested_loops_are_checked_without_carrying_local_declarations ... ok
2026-10-07T01:50:57.5268670Z test standalone_low_rejects_repeated_moves_at_the_original_line ... ok
2026-10-07T01:50:57.5734460Z test while_conditions_are_checked_on_each_evaluation_and_on_exit ... ok
2026-10-07T01:50:57.6214500Z test reinitialization_before_and_after_a_move_is_allowed ... ok
2026-10-07T01:50:57.6484410Z test zero_iterations_and_loop_bindings_preserve_outer_state ... ok
2026-10-07T01:50:57.7507930Z test return_paths_do_not_repeat_or_consume_values_on_other_paths ... ok
2026-10-07T01:50:57.7508780Z 
2026-10-07T01:50:57.7509580Z [1m[92m     Running[0m tests/low_multiline.rs (target/debug/deps/low_multiline-5d4901698cc8335b)
2026-10-07T01:50:57.7510240Z test result: ok. 13 passed; 0 failed; 0 ignored; 0 measured; 0 filtered out; finished in 0.41s
2026-10-07T01:50:57.7510640Z 
2026-10-07T01:50:57.7696110Z 
2026-10-07T01:50:57.7696390Z running 3 tests
2026-10-07T01:50:57.7783620Z test low_braces_keep_newline_statement_boundaries ... ok
2026-10-07T01:50:57.7790220Z test multiline_errors_keep_physical_source_lines ... ok
2026-10-07T01:50:57.9135330Z test multiline_quote_matches_high_and_runs_as_native_low ... ok
2026-10-07T01:50:57.9139570Z [1m[92m     Running[0m tests/map_cli.rs (target/debug/deps/map_cli-117f71322dbace3b)
2026-10-07T01:50:57.9139850Z 
2026-10-07T01:50:57.9148320Z test result: ok. 3 passed; 0 failed; 0 ignored; 0 measured; 0 filtered out; finished in 0.14s
2026-10-07T01:50:57.9159930Z 
2026-10-07T01:50:57.9270880Z 
2026-10-07T01:50:57.9271240Z running 9 tests
2026-10-07T01:50:57.9366180Z test failed_check_points_to_original_source_and_writes_no_map ... ok
2026-10-07T01:50:57.9643630Z test image_formats_require_output_and_fail_helpfully_without_local_d2 ... ok
2026-10-07T01:50:57.9685710Z test map_preparse_keeps_existing_project_overrides_and_output_path_precedence ... ok
2026-10-07T01:50:57.9878060Z test map_output_cannot_overwrite_loaded_input_or_project_configuration ... ok
2026-10-07T01:50:58.0076930Z test help_and_argument_errors_do_not_load_a_project_or_mutate_files ... ok
2026-10-07T01:50:58.0190920Z test namespace_module_filter_and_focus_select_original_definitions ... ok
2026-10-07T01:50:58.0196650Z test project_discovery_reuses_native_replacements_and_extern_resolution ... ok
2026-10-07T01:50:58.0413950Z test map_views_check_high_and_low_without_runtime_or_generated_output ... ok
2026-10-07T01:50:58.0570660Z test text_formats_write_only_requested_output_and_keep_stdout_clean ... ok
2026-10-07T01:50:58.0571140Z 
2026-10-07T01:50:58.0580170Z [1m[92m     Running[0m tests/module_emission.rs (target/debug/deps/module_emission-01f27ed387c1754f)
2026-10-07T01:50:58.0580820Z test result: ok. 9 passed; 0 failed; 0 ignored; 0 measured; 0 filtered out; finished in 0.13s
2026-10-07T01:50:58.0581850Z 
2026-10-07T01:50:58.0680750Z 
2026-10-07T01:50:58.0682340Z running 8 tests
2026-10-07T01:50:58.0942270Z test inferred_primitive_values_and_a_class_alias_keep_distinct_type_identities ... ok
2026-10-07T01:50:58.1050470Z test legacy_flat_cost_report_keeps_public_function_names ... ok
2026-10-07T01:50:58.1072620Z test qualified_nested_types_emit_internal_names_through_low ... ok
2026-10-07T01:50:58.3274510Z test independent_low_parser_preserves_module_ids_and_native_function_aliases ... ok
2026-10-07T01:50:58.3515300Z test source_function_names_that_match_foreign_symbols_keep_distinct_call_targets ... ok
2026-10-07T01:50:58.3547620Z test unresolved_high_imports_keep_as_and_from_syntax_in_low ... ok
2026-10-07T01:50:58.4539080Z test source_locals_that_match_generated_symbols_keep_distinct_values ... ok
2026-10-07T01:50:59.1232970Z test inferred_builtin_types_survive_module_aliases_low_transport_and_rust_emission ... ok
2026-10-07T01:50:59.1233310Z 
2026-10-07T01:50:59.1234000Z test result: ok. 8 passed; 0 failed; 0 ignored; 0 measured; 0 filtered out; finished in 1.05s
2026-10-07T01:50:59.1234290Z 
2026-10-07T01:50:59.1234840Z [1m[92m     Running[0m tests/module_parser.rs (target/debug/deps/module_parser-fa3aa424b0020a4d)
2026-10-07T01:50:59.1323310Z 
2026-10-07T01:50:59.1324110Z running 9 tests
2026-10-07T01:50:59.1338900Z test import_forms_keep_original_names_aliases_and_token_spans ... ok
2026-10-07T01:50:59.1341860Z test from_and_as_remain_contextual_identifiers ... ok
2026-10-07T01:50:59.1342410Z test low_metadata_is_read_without_changing_source_spans ... ok
2026-10-07T01:50:59.1343190Z test module_replace_path_remains_a_structured_attribute_value ... ok
2026-10-07T01:50:59.1343780Z test qualified_calls_constructors_and_function_values_preserve_semantic_choice ... ok
2026-10-07T01:50:59.1344320Z test malformed_imports_and_qualified_constructs_keep_parser_errors ... ok
2026-10-07T01:50:59.1344830Z test qualified_types_parse_inside_nested_generics_lists_and_nullable_types ... ok
2026-10-07T01:50:59.1345290Z test qualified_types_respect_existing_nesting_limit ... ok
2026-10-07T01:50:59.1352750Z test qualified_index_lookahead_restores_depth_and_preserves_index_nodes ... ok
2026-10-07T01:50:59.1353030Z 
2026-10-07T01:50:59.1353440Z test result: ok. 9 passed; 0 failed; 0 ignored; 0 measured; 0 filtered out; finished in 0.00s
2026-10-07T01:50:59.1353800Z 
2026-10-07T01:50:59.1354290Z [1m[92m     Running[0m tests/module_symbols.rs (target/debug/deps/module_symbols-d119488520c893a1)
2026-10-07T01:50:59.1440640Z 
2026-10-07T01:50:59.1446300Z running 5 tests
2026-10-07T01:50:59.3368300Z test local_names_colliding_with_the_entrypoint_keep_source_names_and_navigation ... ok
2026-10-07T01:50:59.3489580Z test module_bindings_export_only_own_definitions_and_share_definition_identity ... ok
2026-10-07T01:50:59.5043700Z test saved_low_namespaces_use_the_opened_file_and_rebased_definition_locations ... ok
2026-10-07T01:50:59.5068510Z test unsaved_imported_buffers_drive_fields_and_shadowed_aliases_use_local_bindings ... ok
2026-10-07T01:50:59.5105600Z test record_and_import_alias_named_option_remain_record_types_in_editor_output ... ok
2026-10-07T01:50:59.5107400Z 
2026-10-07T01:50:59.5108280Z [1m[92m     Running[0m tests/modules.rs (target/debug/deps/modules-ffd6a3a251330c31)
2026-10-07T01:50:59.5109300Z test result: ok. 5 passed; 0 failed; 0 ignored; 0 measured; 0 filtered out; finished in 0.37s
2026-10-07T01:50:59.5112010Z 
2026-10-07T01:50:59.5204250Z 
2026-10-07T01:50:59.5205090Z running 32 tests
2026-10-07T01:50:59.5295820Z test alias_imports_keep_cycle_relative_path_and_language_guards ... ok
2026-10-07T01:50:59.5340350Z test aliases_keep_original_source_diagnostics_and_embedded_asset_paths ... ok
2026-10-07T01:50:59.5374820Z test conflicting_import_bindings_report_the_import_statement ... ok
2026-10-07T01:50:59.5380620Z test corrupted_low_identity_metadata_cannot_rename_or_invent_definitions ... ok
2026-10-07T01:50:59.5411530Z test aliases_of_one_function_cannot_be_replaced_twice_across_native_files ... ok
2026-10-07T01:50:59.5468150Z test edited_saved_low_body_resolves_original_aliases_and_maps_only_its_physical_root ... ok
2026-10-07T01:50:59.5527860Z test flat_imported_main_remains_an_entry_but_namespace_imported_main_does_not ... ok
2026-10-07T01:50:59.5621100Z test aliases_from_imports_and_flat_imports_share_the_canonical_class ... ok
2026-10-07T01:50:59.5625680Z test foreign_functions_keep_their_builtin_scope_when_root_aliases_use_builtin_names ... ok
2026-10-07T01:50:59.5748550Z test every_explicit_native_root_gets_high_aliases_without_overwriting_own_or_dependency_scopes ... ok
2026-10-07T01:50:59.5788550Z test high_and_native_modules_can_use_the_same_private_namespace_spelling ... ok
2026-10-07T01:50:59.5848760Z test imported_bindings_are_private_but_own_definitions_can_use_them ... ok
2026-10-07T01:50:59.5963010Z test imported_names_cannot_silently_fall_back_to_builtins_of_a_different_kind ... ok
2026-10-07T01:50:59.6113170Z test legacy_classes_constructors_and_intrinsic_types_keep_their_original_namespaces ... ok
2026-10-07T01:50:59.6218750Z test guessed_internal_symbols_cannot_bypass_private_imports_in_raw_source ... ok
2026-10-07T01:50:59.6322360Z test legacy_flat_helpers_can_call_root_definitions_without_inheriting_private_aliases ... ok
2026-10-07T01:50:59.6445770Z test local_fields_and_function_values_shadow_imports_only_in_their_scope ... ok
2026-10-07T01:50:59.6488130Z test low_alias_syntax_resolves_qualified_record_and_generic_types ... ok
2026-10-07T01:50:59.6593470Z test native_main_replacement_keeps_the_generated_identity_and_recursive_target ... ok
2026-10-07T01:50:59.6695050Z test native_import_aliases_remain_local_while_own_functions_are_available_to_high ... ok
2026-10-07T01:50:59.6800060Z test omitted_unit_returns_keep_builtin_identity_while_explicit_namespace_types_are_rejected ... ok
2026-10-07T01:50:59.6903870Z test old_flat_imports_keep_transitive_names_and_diamond_deduplication ... ok
2026-10-07T01:50:59.6979560Z test namespace_imports_preserve_depth_file_count_and_total_byte_limits ... ok
2026-10-07T01:50:59.6980870Z test renamed_local_main_diagnostics_keep_source_spelling_after_program_is_taken ... ok
2026-10-07T01:50:59.7095380Z test same_named_classes_from_different_files_are_distinct_in_all_type_positions ... ok
2026-10-07T01:50:59.7097440Z test qualified_replacements_compare_definition_identity_and_report_low_sources ... ok
2026-10-07T01:50:59.7195190Z test saved_generated_low_can_be_imported_without_reidentifying_its_main ... ok
2026-10-07T01:50:59.7400280Z test separate_native_files_can_reuse_a_replacement_declaration_name ... ok
2026-10-07T01:50:59.7401160Z test the_checker_rejects_parser_only_alias_imports_until_the_source_loader_resolves_them ... ok
2026-10-07T01:50:59.7402340Z test unsaved_overlays_change_imported_definitions_and_keep_disk_sources_unchanged ... ok
2026-10-07T01:51:00.2506440Z test saved_low_flat_and_from_imports_promote_the_original_definition_to_entry ... ok
2026-10-07T01:51:00.4081440Z test project_aliases_cross_low_replacement_and_rust_record_bridges_from_an_external_cwd ... ok
2026-10-07T01:51:00.4084490Z 
2026-10-07T01:51:00.4087240Z test result: ok. 32 passed; 0 failed; 0 ignored; 0 measured; 0 filtered out; finished in 0.89s
2026-10-07T01:51:00.4088920Z [1m[92m     Running[0m tests/nullable_database.rs (target/debug/deps/nullable_database-8d59b6884f6d0b9a)
2026-10-07T01:51:00.4089250Z 
2026-10-07T01:51:00.4185170Z 
2026-10-07T01:51:00.4186140Z running 4 tests
2026-10-07T01:51:00.4948770Z test raw_numeric_and_bool_field_shadows_keep_manual_row_implementations ... ok
2026-10-07T01:51:00.5087380Z test unsupported_nullable_payloads_keep_manual_from_row_eligibility ... ok
2026-10-07T01:51:17.7943430Z test raw_nullable_classes_can_supply_a_native_sqlite_row_bridge ... ok
2026-10-07T01:51:20.9153010Z test nullable_scalars_read_sqlite_null_and_non_null_rows_in_high_and_saved_low ... ok
2026-10-07T01:51:20.9154120Z 
2026-10-07T01:51:20.9155160Z test result: ok. 4 passed; 0 failed; 0 ignored; 0 measured; 0 filtered out; finished in 20.49s
2026-10-07T01:51:20.9155770Z 
2026-10-07T01:51:20.9157760Z [1m[92m     Running[0m tests/nullable_roundtrip.rs (target/debug/deps/nullable_roundtrip-a05d4524ca5608d1)
2026-10-07T01:51:20.9239600Z 
2026-10-07T01:51:21.0451820Z running 1 test
2026-10-07T01:51:21.0452440Z test nested_options_keep_distinct_none_and_some_values_through_independent_low ... ok
2026-10-07T01:51:21.0452820Z 
2026-10-07T01:51:21.0453260Z test result: ok. 1 passed; 0 failed; 0 ignored; 0 measured; 0 filtered out; finished in 0.12s
2026-10-07T01:51:21.0453550Z 
2026-10-07T01:51:21.0454070Z [1m[92m     Running[0m tests/option_match.rs (target/debug/deps/option_match-2896b93fea8c113c)
2026-10-07T01:51:21.0536690Z 
2026-10-07T01:51:21.0537100Z running 5 tests
2026-10-07T01:51:21.0608470Z test option_cases_must_be_exhaustive_unique_and_match_the_subject_type ... ok
2026-10-07T01:51:21.0610790Z test option_matching_accepts_discarded_payloads_and_borrowed_string_contents ... ok
2026-10-07T01:51:21.0611440Z test option_payload_bindings_obey_move_scope_and_borrow_owner_rules ... ok
2026-10-07T01:51:21.0616890Z test some_patterns_reject_unsupported_payload_shapes_and_none_parentheses ... ok
2026-10-07T01:51:21.0618140Z [1m[92m     Running[0m tests/owned_copy_codegen.rs (target/debug/deps/owned_copy_codegen-6dd7770c1efabc69)
2026-10-07T01:51:21.0618760Z test some_and_none_patterns_keep_binding_spans_without_synthetic_none_payload ... ok
2026-10-07T01:51:21.0619040Z 
2026-10-07T01:51:21.0619360Z test result: ok. 5 passed; 0 failed; 0 ignored; 0 measured; 0 filtered out; finished in 0.01s
2026-10-07T01:51:21.0619640Z 
2026-10-07T01:51:21.0700600Z 
2026-10-07T01:51:21.0701030Z running 2 tests
2026-10-07T01:51:21.1070490Z test owned_string_and_list_fields_remain_moves ... ok
2026-10-07T01:51:21.6092430Z test owned_scalar_fields_copy_in_native_high_and_independent_low ... ok
2026-10-07T01:51:21.6095940Z [1m[92m     Running[0m tests/owned_database.rs (target/debug/deps/owned_database-307ac29e09accfc7)
2026-10-07T01:51:21.6096270Z 
2026-10-07T01:51:21.6096950Z test result: ok. 2 passed; 0 failed; 0 ignored; 0 measured; 0 filtered out; finished in 0.54s
2026-10-07T01:51:21.6097230Z 
2026-10-07T01:51:21.6179230Z 
2026-10-07T01:51:21.6179580Z running 2 tests
2026-10-07T01:51:21.6499780Z test owned_wrappers_preserve_unsupported_fields_and_manual_row_eligibility ... ok
2026-10-07T01:51:24.3759200Z test owned_scalars_decode_sqlite_rows_in_high_and_independent_saved_low ... ok
2026-10-07T01:51:24.3759550Z 
2026-10-07T01:51:24.3759970Z test result: ok. 2 passed; 0 failed; 0 ignored; 0 measured; 0 filtered out; finished in 2.76s
2026-10-07T01:51:24.3760360Z 
2026-10-07T01:51:24.3766990Z [1m[92m     Running[0m tests/ownership_boundaries.rs (target/debug/deps/ownership_boundaries-5b28e7dd30e409ed)
2026-10-07T01:51:24.3898900Z 
2026-10-07T01:51:24.3899700Z running 7 tests
2026-10-07T01:51:24.4009760Z test branch_loop_and_payload_owners_cannot_escape_in_outer_views ... ok
2026-10-07T01:51:24.4044050Z test nested_view_containers_cannot_keep_child_scope_owners ... ok
2026-10-07T01:51:24.4438530Z test index_evaluation_holds_the_container_but_releases_it_afterwards ... ok
2026-10-07T01:51:24.4499970Z test copied_iterator_elements_keep_their_own_borrow_depth ... ok
2026-10-07T01:51:24.4857830Z test outer_owners_local_copies_restored_aliases_and_return_paths_remain_valid ... ok
2026-10-07T01:51:24.4872170Z test temporary_iterator_views_cannot_escape_but_body_use_and_static_views_remain_valid ... ok
2026-10-07T01:51:24.5195670Z test static_resource_views_remain_valid_across_branch_scopes ... ok
2026-10-07T01:51:24.5196000Z 
2026-10-07T01:51:24.5196340Z test result: ok. 7 passed; 0 failed; 0 ignored; 0 measured; 0 filtered out; finished in 0.13s
2026-10-07T01:51:24.5196880Z 
2026-10-07T01:51:24.5197600Z [1m[92m     Running[0m tests/ownership_calls.rs (target/debug/deps/ownership_calls-02f9c15ce58f635d)
2026-10-07T01:51:24.5294080Z 
2026-10-07T01:51:24.5294290Z running 9 tests
2026-10-07T01:51:24.5422500Z test database_receiver_is_borrowed_but_materialized_sql_does_not_extend_its_loan ... ok
2026-10-07T01:51:24.5452350Z test completed_inner_calls_copies_and_disjoint_owners_do_not_keep_call_loans ... ok
2026-10-07T01:51:24.5454290Z test discarded_owned_places_are_consumed_but_copy_and_borrowed_values_remain_available ... ok
2026-10-07T01:51:24.5455030Z test earlier_view_arguments_block_later_moves_in_direct_and_aliased_calls ... ok
2026-10-07T01:51:24.5455740Z test earlier_views_remain_borrowed_while_nested_later_arguments_are_evaluated ... ok
2026-10-07T01:51:24.5456410Z test earlier_list_elements_hold_views_through_later_element_evaluation ... ok
2026-10-07T01:51:24.5457160Z test list_mutation_checks_outer_loans_without_rejecting_two_phase_reads ... ok
2026-10-07T01:51:24.5509620Z test call_conflicts_and_discarded_moves_fail_before_backend_tools_are_needed ... ok
2026-10-07T01:51:24.6410130Z test implicit_standard_references_hold_the_owner_through_later_arguments ... ok
2026-10-07T01:51:24.6410530Z 
2026-10-07T01:51:24.6410950Z test result: ok. 9 passed; 0 failed; 0 ignored; 0 measured; 0 filtered out; finished in 0.11s
2026-10-07T01:51:24.6411290Z 
2026-10-07T01:51:24.6412750Z [1m[92m     Running[0m tests/resource_contract_characterization.rs (target/debug/deps/resource_contract_characterization-ba0fd5669c8ca610)
2026-10-07T01:51:24.6501150Z 
2026-10-07T01:51:24.6501540Z running 4 tests
2026-10-07T01:51:24.6508940Z test registered_accessors_match_the_complete_inventory ... ok
2026-10-07T01:51:24.6509800Z test registered_operations_match_signatures_and_passing ... ok
2026-10-07T01:51:24.6510440Z test registered_constants_match_the_complete_inventory ... ok
2026-10-07T01:51:24.6511070Z test registered_resources_match_the_independent_inventory ... ok
2026-10-07T01:51:24.6511320Z 
2026-10-07T01:51:24.6515090Z test result: ok. 4 passed; 0 failed; 0 ignored; 0 measured; 0 filtered out; finished in 0.00s
2026-10-07T01:51:24.6515450Z 
2026-10-07T01:51:24.6516920Z [1m[92m     Running[0m tests/result_stdlib.rs (target/debug/deps/result_stdlib-77c669103aff02cc)
2026-10-07T01:51:24.6604230Z 
2026-10-07T01:51:24.6604470Z running 6 tests
2026-10-07T01:51:24.8017900Z test mapping_moves_input_left_to_right_and_preserves_borrow_origins ... ok
2026-10-07T01:51:24.8443850Z test mapper_contract_errors_fail_before_rust_backend_in_high_and_saved_low ... ok
2026-10-07T01:51:24.8938240Z test inferred_mapping_keeps_enum_class_aliases_and_borrowed_success_through_saved_low ... ok
2026-10-07T01:51:24.9271930Z test try_keeps_exact_error_identity_and_map_error_does_not_reserve_local_names ... ok
2026-10-07T01:51:25.3280980Z test native_success_failure_and_original_cause_survive_high_and_saved_low ... ok
2026-10-07T01:51:26.2269570Z test static_error_labels_avoid_read_allocations_but_keep_owned_results_and_shadowing ... ok
2026-10-07T01:51:26.2269980Z 
2026-10-07T01:51:26.2277460Z test result: ok. 6 passed; 0 failed; 0 ignored; 0 measured; 0 filtered out; finished in 1.57s
2026-10-07T01:51:26.2278510Z [1m[92m     Running[0m tests/rust_dependencies.rs (target/debug/deps/rust_dependencies-5c2a8d851417e5de)
2026-10-07T01:51:26.2278880Z 
2026-10-07T01:51:26.2365910Z 
2026-10-07T01:51:26.2366500Z running 8 tests
2026-10-07T01:51:26.2538700Z test dependency_paths_follow_the_selected_manifest_with_different_cwd_and_output ... ok
2026-10-07T01:51:26.2570930Z test cli_version_replaces_the_whole_table_and_keeps_alias_collision_checks ... ok
2026-10-07T01:51:26.2622900Z test generated_manifest_preserves_legacy_versions_and_every_supported_table_field ... ok
2026-10-07T01:51:26.2646500Z test generated_toml_round_trips_quotes_backslashes_and_newlines_without_extra_tables ... ok
2026-10-07T01:51:26.3306600Z test invalid_dependency_tables_fail_in_the_public_cli_before_cargo ... ok
2026-10-07T01:51:26.3613270Z test missing_local_dependency_is_valid_for_check_and_reported_by_cargo_during_build ... ok
2026-10-07T01:51:26.4424010Z test check_and_symbols_accept_dependency_tables_without_cargo_or_checked_out_crates ... ok
2026-10-07T01:51:26.5949440Z test local_package_rename_features_and_disabled_defaults_run_without_registry_dependencies ... ok
2026-10-07T01:51:26.5949850Z 
2026-10-07T01:51:26.5953150Z test result: ok. 8 passed; 0 failed; 0 ignored; 0 measured; 0 filtered out; finished in 0.36s
2026-10-07T01:51:26.5953510Z 
2026-10-07T01:51:26.5955010Z [1m[92m     Running[0m tests/sql_check.rs (target/debug/deps/sql_check-849070f6af51bace)
2026-10-07T01:51:26.6038150Z 
2026-10-07T01:51:26.6038630Z running 13 tests
2026-10-07T01:51:26.6736170Z test enabled::bounded_schema_and_query_inputs_fail_before_sql_preparation ... ok
2026-10-07T01:51:26.7162100Z test enabled::a_user_function_named_db_all_is_not_a_builtin_sql_query ... ok
2026-10-07T01:51:26.7363540Z test enabled::dynamic_sql_and_db_exec_are_reported_as_runtime_checks ... ok
2026-10-07T01:51:26.7488100Z test enabled::aliases_case_reordering_extra_columns_and_reused_numbered_bind_are_valid ... ok
2026-10-07T01:51:26.7606420Z test enabled::explicit_project_schema_path_is_relative_to_invocation_directory ... ok
2026-10-07T01:51:26.7962990Z test enabled::imported_queries_report_the_original_module_file_and_line ... ok
2026-10-07T01:51:26.8086530Z test enabled::literal_insert_update_delete_are_prepared_without_executing_queries ... ok
2026-10-07T01:51:27.0526660Z test enabled::helper_statement_kind_and_single_statement_contracts_are_checked ... ok
2026-10-07T01:51:27.0729150Z test enabled::schema_and_dialect_are_paired_check_only_options ... ok
2026-10-07T01:51:27.0863000Z test enabled::missing_return_columns_and_wrong_bind_count_use_query_source_lines ... ok
2026-10-07T01:51:27.1889670Z test enabled::literal_queries_cannot_change_schema_or_access_external_functions ... ok
2026-10-07T01:51:27.2010420Z test enabled::schema_check_is_opt_in_and_reports_bad_columns_in_high_and_saved_low ... ok
2026-10-07T01:51:27.4612910Z test enabled::unsafe_schema_operations_cannot_create_or_modify_external_files ... ok
2026-10-07T01:51:27.4613620Z 
2026-10-07T01:51:27.4614370Z test result: ok. 13 passed; 0 failed; 0 ignored; 0 measured; 0 filtered out; finished in 0.86s
2026-10-07T01:51:27.4615030Z 
2026-10-07T01:51:27.4617330Z [1m[92m     Running[0m tests/static_callback_views.rs (target/debug/deps/static_callback_views-36734fdedf3c8966)
2026-10-07T01:51:27.4700610Z 
2026-10-07T01:51:27.4701390Z running 3 tests
2026-10-07T01:51:27.4780140Z test input_bound_callback_results_still_borrow_their_actual_inputs ... ok
2026-10-07T01:51:27.4782480Z test static_outputs_do_not_allow_local_or_owned_parameter_borrows ... ok
2026-10-07T01:51:28.6119010Z test static_callbacks_keep_their_origins_and_independent_lifetime_scopes_in_high_and_low ... ok
2026-10-07T01:51:28.6119530Z 
2026-10-07T01:51:28.6120030Z test result: ok. 3 passed; 0 failed; 0 ignored; 0 measured; 0 filtered out; finished in 1.14s
2026-10-07T01:51:28.6120550Z 
2026-10-07T01:51:28.6121160Z [1m[92m     Running[0m tests/stdlib_imports.rs (target/debug/deps/stdlib_imports-250c0b2b18cc1ab2)
2026-10-07T01:51:28.6211090Z 
2026-10-07T01:51:28.6211780Z running 12 tests
2026-10-07T01:51:28.6284020Z test comma_separated_from_imports_preserve_each_name_alias_and_source_span ... ok
2026-10-07T01:51:28.6393370Z test constant_fields_and_function_aliases_resolve_without_ignoring_local_shadowing ... ok
2026-10-07T01:51:28.6525810Z test low_metadata_cannot_forge_standard_ids_or_implement_registry_functions ... ok
2026-10-07T01:51:28.6625780Z test malformed_standard_imports_do_not_fall_back_to_file_lookup ... ok
2026-10-07T01:51:28.6726790Z test from_list_reuses_existing_conflict_and_same_definition_rules ... ok
2026-10-07T01:51:28.6827600Z test parser_distinguishes_standard_names_from_quoted_files_and_keeps_alias_spans ... ok
2026-10-07T01:51:28.6927840Z test low_metadata_rejects_native_paths_capabilities_and_unimported_canonical_names ... ok
2026-10-07T01:51:28.7028830Z test registered_resources_and_functions_are_separate_from_source_definitions ... ok
2026-10-07T01:51:28.7963110Z test multiple_from_aliases_keep_registry_identity_in_independently_loaded_low ... ok
2026-10-07T01:51:28.7996790Z test standard_imports_ignore_local_lookalikes_and_unsaved_overlays ... ok
2026-10-07T01:51:28.8065720Z test saved_low_keeps_registry_identity_without_standard_source_files ... ok
2026-10-07T01:51:28.8652980Z test repeated_standard_imports_do_not_shift_registry_declaration_lines ... ok
2026-10-07T01:51:28.8653270Z 
2026-10-07T01:51:28.8653600Z test result: ok. 12 passed; 0 failed; 0 ignored; 0 measured; 0 filtered out; finished in 0.24s
2026-10-07T01:51:28.8653930Z 
2026-10-07T01:51:28.8654970Z [1m[92m     Running[0m tests/symbols.rs (target/debug/deps/symbols-e0130102c7732007)
2026-10-07T01:51:28.8746570Z 
2026-10-07T01:51:28.8746740Z running 21 tests
2026-10-07T01:51:29.0573570Z test actual_symbols_command_resolves_transitive_imports_and_utf16_columns ... ok
2026-10-07T01:51:29.0579480Z test editor_input_rejects_invalid_schema_alias_duplicates_and_other_commands ... ok
2026-10-07T01:51:29.0597790Z test editor_buffers_update_imported_and_low_signatures_without_writing_files ... ok
2026-10-07T01:51:29.2223200Z test duplicate_let_and_case_bindings_cannot_replace_an_outer_definition ... ok
2026-10-07T01:51:29.2367630Z test expression_ranges_cover_multiline_receivers_and_do_not_unwrap_results ... ok
2026-10-07T01:51:29.2387630Z test failed_iterator_mutation_does_not_leak_a_loan_or_move_into_editor_types ... ok
2026-10-07T01:51:29.3992580Z test imported_and_native_types_use_unsaved_buffers_and_utf16_ranges ... ok
2026-10-07T01:51:29.4105400Z test invalid_signatures_do_not_generate_guessed_local_types ... ok
2026-10-07T01:51:29.4206590Z test inferred_locals_parameters_and_loop_bindings_obey_exact_scopes ... ok
2026-10-07T01:51:29.5774470Z test local_call_and_function_value_navigation_use_the_resolved_binding ... ok
2026-10-07T01:51:29.6065010Z test local_navigation_preserves_binding_identity_across_reassignments_and_scopes ... ok
2026-10-07T01:51:29.7571620Z test low_records_replacements_and_same_line_bindings_keep_their_source_positions ... ok
2026-10-07T01:51:29.7855830Z test match_payloads_and_child_locals_do_not_escape_their_arm ... ok
2026-10-07T01:51:29.9382430Z test moved_values_and_scope_locals_have_no_later_inferred_type ... ok
2026-10-07T01:51:29.9607610Z test native_low_symbols_and_calls_inside_match_keep_original_files ... ok
2026-10-07T01:51:30.1443630Z test navigation_resolves_case_and_scope_bindings_without_leaking_them ... ok
2026-10-07T01:51:30.1792540Z test local_function_value_uses_have_hover_types_without_replacing_global_signatures ... ok
2026-10-07T01:51:30.2935510Z test navigation_is_available_after_moves_and_invalid_types_but_not_before_binding ... ok
2026-10-07T01:51:30.3217280Z test navigation_uses_unsaved_import_and_low_replacement_positions_in_utf16 ... ok
2026-10-07T01:51:30.3570520Z test partial_moves_do_not_infer_invalid_bindings_or_hide_unmoved_fields ... ok
2026-10-07T01:51:30.4545360Z test symbols_work_despite_type_errors_and_distinguish_fields_locals_and_calls ... ok
2026-10-07T01:51:30.4545830Z 
2026-10-07T01:51:30.4546320Z test result: ok. 21 passed; 0 failed; 0 ignored; 0 measured; 0 filtered out; finished in 1.58s
2026-10-07T01:51:30.4546700Z 
2026-10-07T01:51:30.4548110Z [1m[92m     Running[0m tests/typed_errors.rs (target/debug/deps/typed_errors-1f57abb909b978d2)
2026-10-07T01:51:30.4639610Z 
2026-10-07T01:51:30.4640380Z running 15 tests
2026-10-07T01:51:30.9305850Z test builtin_error_causes_survive_wrapping_without_json_or_database_requirements ... ok
2026-10-07T01:51:30.9578240Z test diagnostic_cause_containers_are_rejected_by_json_serialization ... ok
2026-10-07T01:51:30.9579120Z test direct_parser_builtin_enum_names_require_canonical_source_loading ... ok
2026-10-07T01:51:31.7991190Z test async_custom_errors_propagate_the_same_enum_through_await_and_try ... ok
2026-10-07T01:51:31.8529190Z test enum_constructors_reject_unknown_variants_wrong_arity_and_wrong_payload_types ... ok
2026-10-07T01:51:31.9013570Z test enum_matches_require_exhaustive_unique_matching_variants_and_payload_bindings ... ok
2026-10-07T01:51:31.9280190Z test enum_payload_moves_and_borrowed_views_cannot_escape_match_arms ... ok
2026-10-07T01:51:32.2905160Z test class_errors_keep_context_nested_results_same_error_try_and_explicit_conversion ... ok
2026-10-07T01:51:32.3279160Z test fail_and_try_reject_implicit_conversion_between_custom_error_types ... ok
2026-10-07T01:51:39.5549490Z test entry_result_errors_keep_exit_status_through_owned_wrappers_and_async_saved_low ... ok
2026-10-07T01:51:40.0100510Z test enums_construct_match_owned_payloads_and_preserve_copy_variants ... ok
2026-10-07T01:51:40.0388170Z test same_named_module_enums_are_distinct_error_types_for_try_and_patterns ... ok
2026-10-07T01:51:40.4065630Z test file_loaded_builtin_spelled_enums_keep_literal_types_and_variant_identity ... ok
2026-10-07T01:51:40.8286400Z test module_aliases_share_enum_error_identity_and_keep_qualified_variants ... ok
2026-10-07T01:51:42.2540050Z test scope_enum_conversion_requires_the_explicit_rust_bridge_and_keeps_the_owned_cause ... ok
2026-10-07T01:51:42.2540590Z 
2026-10-07T01:51:42.2541010Z test result: ok. 15 passed; 0 failed; 0 ignored; 0 measured; 0 filtered out; finished in 11.78s
2026-10-07T01:51:42.2541390Z 
2026-10-07T01:51:42.2542740Z [1m[92m     Running[0m tests/view_iteration.rs (target/debug/deps/view_iteration-2f0619ba79119c3d)
2026-10-07T01:51:42.2625690Z 
2026-10-07T01:51:42.2625860Z running 3 tests
2026-10-07T01:51:42.2715800Z test string_views_reject_iteration_and_numeric_indexing_in_high_and_low ... ok
2026-10-07T01:51:42.2771360Z test native_resource_views_still_reject_iteration ... ok
2026-10-07T01:51:42.4831140Z test byte_views_use_u8_and_preserve_nested_views_and_owned_element_slices ... ok
2026-10-07T01:51:42.4831450Z 
2026-10-07T01:51:42.4831810Z test result: ok. 3 passed; 0 failed; 0 ignored; 0 measured; 0 filtered out; finished in 0.22s
2026-10-07T01:51:42.4832190Z 
2026-10-07T01:51:42.4832910Z [1m[92m     Running[0m tests/view_parameter_rebinding.rs (target/debug/deps/view_parameter_rebinding-90a52fd738b207bd)
2026-10-07T01:51:42.4913600Z 
2026-10-07T01:51:42.4913900Z running 5 tests
2026-10-07T01:51:42.5044860Z test local_borrows_still_cannot_escape_through_reassigned_parameters ... ok
2026-10-07T01:51:42.5064330Z test rebinding_is_synthetic_and_does_not_change_signatures_or_extern_wrappers ... ok
2026-10-07T01:51:42.7993620Z test local_parameter_updates_compile_and_run_in_high_and_saved_low ... ok
2026-10-07T01:51:42.9340580Z test owning_parameters_keep_their_drop_order_when_a_view_container_is_rebound ... ok
2026-10-07T01:51:43.1132660Z test views_of_owned_record_fields_can_be_used_locally_through_parameters ... ok
2026-10-07T01:51:43.1133890Z 
2026-10-07T01:51:43.1134370Z test result: ok. 5 passed; 0 failed; 0 ignored; 0 measured; 0 filtered out; finished in 0.62s
2026-10-07T01:51:43.1134990Z 
2026-10-07T01:51:43.1213750Z ##[group]Run node --test editors/vscode-nagi/test/*.test.js scripts/test_graph_html_viewport.mjs
2026-10-07T01:51:43.1214340Z [36;1mnode --test editors/vscode-nagi/test/*.test.js scripts/test_graph_html_viewport.mjs[0m
2026-10-07T01:51:43.1390720Z shell: /bin/bash --noprofile --norc -e -o pipefail {0}
2026-10-07T01:51:43.1390960Z env:
2026-10-07T01:51:43.1391180Z   NAGI_FAILURE_DIR: /Users/runner/work/Nagi/Nagi/build/compiler-failures
2026-10-07T01:51:43.1391480Z   CARGO_HOME: /Users/runner/.cargo
2026-10-07T01:51:43.1391670Z   CARGO_INCREMENTAL: 0
2026-10-07T01:51:43.1391830Z   CARGO_TERM_COLOR: always
2026-10-07T01:51:43.1392070Z   pythonLocation: /Users/runner/hostedtoolcache/Python/3.12.10/arm64
2026-10-07T01:51:43.1392440Z   PKG_CONFIG_PATH: /Users/runner/hostedtoolcache/Python/3.12.10/arm64/lib/pkgconfig
2026-10-07T01:51:43.1392840Z   Python_ROOT_DIR: /Users/runner/hostedtoolcache/Python/3.12.10/arm64
2026-10-07T01:51:43.1393300Z   Python2_ROOT_DIR: /Users/runner/hostedtoolcache/Python/3.12.10/arm64
2026-10-07T01:51:43.1393700Z   Python3_ROOT_DIR: /Users/runner/hostedtoolcache/Python/3.12.10/arm64
2026-10-07T01:51:43.1393990Z ##[endgroup]
2026-10-07T01:51:43.3940430Z TAP version 13
2026-10-07T01:51:43.4387310Z # Subtest: Actor and Turn snippets preserve all three registered type parameters
2026-10-07T01:51:43.4389060Z ok 1 - Actor and Turn snippets preserve all three registered type parameters
2026-10-07T01:51:43.4390500Z   ---
2026-10-07T01:51:43.4390890Z   duration_ms: 2.439083
2026-10-07T01:51:43.4391180Z   type: 'test'
2026-10-07T01:51:43.4391490Z   ...
2026-10-07T01:51:43.4392760Z # Subtest: same-name standard options retain their owning namespace and return type
2026-10-07T01:51:43.4393440Z ok 2 - same-name standard options retain their owning namespace and return type
2026-10-07T01:51:43.4393870Z   ---
2026-10-07T01:51:43.4394110Z   duration_ms: 0.593083
2026-10-07T01:51:43.4394380Z   type: 'test'
2026-10-07T01:51:43.4394640Z   ...
2026-10-07T01:51:43.4395660Z # Subtest: both module catalogs complete imports without merging their members
2026-10-07T01:51:43.4396300Z ok 3 - both module catalogs complete imports without merging their members
2026-10-07T01:51:43.4396700Z   ---
2026-10-07T01:51:43.4396950Z   duration_ms: 1.298833
2026-10-07T01:51:43.4397230Z   type: 'test'
2026-10-07T01:51:43.4398580Z   ...
2026-10-07T01:51:43.8030630Z # Subtest: real nagi actor symbols separate modules and preserve three-parameter handles
2026-10-07T01:51:43.8031760Z ok 4 - real nagi actor symbols separate modules and preserve three-parameter handles
2026-10-07T01:51:43.8032280Z   ---
2026-10-07T01:51:43.8032470Z   duration_ms: 369.692875
2026-10-07T01:51:43.8032650Z   type: 'test'
2026-10-07T01:51:43.8032810Z   ...
2026-10-07T01:51:44.1634100Z # Subtest: real low actor symbols separate modules and preserve three-parameter handles
2026-10-07T01:51:44.1634880Z ok 5 - real low actor symbols separate modules and preserve three-parameter handles
2026-10-07T01:51:44.1635270Z   ---
2026-10-07T01:51:44.1635530Z   duration_ms: 360.125958
2026-10-07T01:51:44.1635770Z   type: 'test'
2026-10-07T01:51:44.1635990Z   ...
2026-10-07T01:51:44.3015520Z # Subtest: unsaved actor dependency constants keep their own source without writing or building
2026-10-07T01:51:44.3017990Z ok 6 - unsaved actor dependency constants keep their own source without writing or building
2026-10-07T01:51:44.3019060Z   ---
2026-10-07T01:51:44.3019350Z   duration_ms: 139.09775
2026-10-07T01:51:44.3019550Z   type: 'test'
2026-10-07T01:51:44.3019760Z   ...
2026-10-07T01:51:44.3086330Z # Subtest: nagi borrowed loop locals keep their declared type and bare insertion
2026-10-07T01:51:44.3149670Z ok 7 - nagi borrowed loop locals keep their declared type and bare insertion
2026-10-07T01:51:44.3150210Z   ---
2026-10-07T01:51:44.3150450Z   duration_ms: 3.934708
2026-10-07T01:51:44.3150690Z   type: 'test'
2026-10-07T01:51:44.3150940Z   ...
2026-10-07T01:51:44.3152190Z # Subtest: nagi owned and read-only-only locals retain their existing presentation
2026-10-07T01:51:44.3152980Z ok 8 - nagi owned and read-only-only locals retain their existing presentation
2026-10-07T01:51:44.3153340Z   ---
2026-10-07T01:51:44.3153580Z   duration_ms: 0.444084
2026-10-07T01:51:44.3153870Z   type: 'test'
2026-10-07T01:51:44.3154110Z   ...
2026-10-07T01:51:44.3154610Z # Subtest: nagi borrowed receiver fields preserve the compiler read-only contract
2026-10-07T01:51:44.3155310Z ok 9 - nagi borrowed receiver fields preserve the compiler read-only contract
2026-10-07T01:51:44.3155730Z   ---
2026-10-07T01:51:44.3155960Z   duration_ms: 0.532917
2026-10-07T01:51:44.3156230Z   type: 'test'
2026-10-07T01:51:44.3167210Z   ...
2026-10-07T01:51:44.3169590Z # Subtest: low borrowed loop locals keep their declared type and bare insertion
2026-10-07T01:51:44.3170180Z ok 10 - low borrowed loop locals keep their declared type and bare insertion
2026-10-07T01:51:44.3170530Z   ---
2026-10-07T01:51:44.3170730Z   duration_ms: 0.569
2026-10-07T01:51:44.3170960Z   type: 'test'
2026-10-07T01:51:44.3171190Z   ...
2026-10-07T01:51:44.3171600Z # Subtest: low owned and read-only-only locals retain their existing presentation
2026-10-07T01:51:44.3172190Z ok 11 - low owned and read-only-only locals retain their existing presentation
2026-10-07T01:51:44.3172580Z   ---
2026-10-07T01:51:44.3172810Z   duration_ms: 0.198375
2026-10-07T01:51:44.3173050Z   type: 'test'
2026-10-07T01:51:44.3173250Z   ...
2026-10-07T01:51:44.3173670Z # Subtest: low borrowed receiver fields preserve the compiler read-only contract
2026-10-07T01:51:44.3174250Z ok 12 - low borrowed receiver fields preserve the compiler read-only contract
2026-10-07T01:51:44.3174620Z   ---
2026-10-07T01:51:44.3174830Z   duration_ms: 0.261709
2026-10-07T01:51:44.3175050Z   type: 'test'
2026-10-07T01:51:44.3175280Z   ...
2026-10-07T01:51:44.3175710Z # Subtest: Windows diagnostics preserve the drive and convert to zero-based line
2026-10-07T01:51:44.3176280Z ok 13 - Windows diagnostics preserve the drive and convert to zero-based line
2026-10-07T01:51:44.3176650Z   ---
2026-10-07T01:51:44.3176870Z   duration_ms: 0.913792
2026-10-07T01:51:44.3177100Z   type: 'test'
2026-10-07T01:51:44.3177330Z   ...
2026-10-07T01:51:44.3177780Z # Subtest: symbol positions use UTF-16 ranges and exclude whitespace and other files
2026-10-07T01:51:44.3178400Z ok 14 - symbol positions use UTF-16 ranges and exclude whitespace and other files
2026-10-07T01:51:44.3178760Z   ---
2026-10-07T01:51:44.3178960Z   duration_ms: 0.925
2026-10-07T01:51:44.3179170Z   type: 'test'
2026-10-07T01:51:44.3179380Z   ...
2026-10-07T01:51:44.3179830Z # Subtest: Low integration errors and process errors have usable fallback locations
2026-10-07T01:51:44.3180490Z ok 15 - Low integration errors and process errors have usable fallback locations
2026-10-07T01:51:44.3180840Z   ---
2026-10-07T01:51:44.3181030Z   duration_ms: 0.181334
2026-10-07T01:51:44.3181250Z   type: 'test'
2026-10-07T01:51:44.3181450Z   ...
2026-10-07T01:51:44.3181840Z # Subtest: Rust arguments remain separate and long Windows paths normalize
2026-10-07T01:51:44.3182400Z ok 16 - Rust arguments remain separate and long Windows paths normalize
2026-10-07T01:51:44.3182730Z   ---
2026-10-07T01:51:44.3182940Z   duration_ms: 0.115916
2026-10-07T01:51:44.3183170Z   type: 'test'
2026-10-07T01:51:44.3183360Z   ...
2026-10-07T01:51:44.3183780Z # Subtest: diagnostic file identities resolve symlinks and Windows path spelling
2026-10-07T01:51:44.3184420Z ok 17 - diagnostic file identities resolve symlinks and Windows path spelling
2026-10-07T01:51:44.3184840Z   ---
2026-10-07T01:51:44.3185050Z   duration_ms: 1.253375
2026-10-07T01:51:44.3185270Z   type: 'test'
2026-10-07T01:51:44.3185470Z   ...
2026-10-07T01:51:44.3185910Z # Subtest: task matcher accepts Nagi frontend and mapped backend positions only
2026-10-07T01:51:44.3186500Z ok 18 - task matcher accepts Nagi frontend and mapped backend positions only
2026-10-07T01:51:44.3186900Z   ---
2026-10-07T01:51:44.3187100Z   duration_ms: 0.526333
2026-10-07T01:51:44.3187330Z   type: 'test'
2026-10-07T01:51:44.3188120Z   ...
2026-10-07T01:51:44.3188590Z # Subtest: files and native paths are individual arguments with isolated check output
2026-10-07T01:51:44.3189190Z ok 19 - files and native paths are individual arguments with isolated check output
2026-10-07T01:51:44.3189550Z   ---
2026-10-07T01:51:44.3189730Z   duration_ms: 1.034333
2026-10-07T01:51:44.3189970Z   type: 'test'
2026-10-07T01:51:44.3190160Z   ...
2026-10-07T01:51:44.3190570Z # Subtest: configured compiler paths are workspace relative; PATH remains a fallback
2026-10-07T01:51:44.3191160Z ok 20 - configured compiler paths are workspace relative; PATH remains a fallback
2026-10-07T01:51:44.3191520Z   ---
2026-10-07T01:51:44.3191740Z   duration_ms: 0.261166
2026-10-07T01:51:44.3191980Z   type: 'test'
2026-10-07T01:51:44.3192180Z   ...
2026-10-07T01:51:44.3192540Z # Subtest: compiler execution does not interpret shell metacharacters
2026-10-07T01:51:44.3193050Z ok 21 - compiler execution does not interpret shell metacharacters
2026-10-07T01:51:44.3193380Z   ---
2026-10-07T01:51:44.3193560Z   duration_ms: 28.608917
2026-10-07T01:51:44.3193780Z   type: 'test'
2026-10-07T01:51:44.3193990Z   ...
2026-10-07T01:51:44.3194350Z # Subtest: real Nagi checker diagnoses a source error
2026-10-07T01:51:44.3194770Z ok 22 - real Nagi checker diagnoses a source error
2026-10-07T01:51:44.3195050Z   ---
2026-10-07T01:51:44.3195250Z   duration_ms: 4.663375
2026-10-07T01:51:44.3195460Z   type: 'test'
2026-10-07T01:51:44.3195660Z   ...
2026-10-07T01:51:44.3196050Z # Subtest: missing compiler is reported as an execution problem
2026-10-07T01:51:44.3196570Z ok 23 - missing compiler is reported as an execution problem
2026-10-07T01:51:44.3196880Z   ---
2026-10-07T01:51:44.3197070Z   duration_ms: 0.916292
2026-10-07T01:51:44.3197300Z   type: 'test'
2026-10-07T01:51:44.3197490Z   ...
2026-10-07T01:51:44.3197820Z # Subtest: timed out checker is reported as an execution problem
2026-10-07T01:51:44.3198290Z ok 24 - timed out checker is reported as an execution problem
2026-10-07T01:51:44.3198600Z   ---
2026-10-07T01:51:44.3198780Z   duration_ms: 253.863
2026-10-07T01:51:44.3199000Z   type: 'test'
2026-10-07T01:51:44.3199200Z   ...
2026-10-07T01:51:44.3199910Z # Subtest: nearest manifest wins and project arguments delegate entry selection to nagic
2026-10-07T01:51:44.3200580Z ok 25 - nearest manifest wins and project arguments delegate entry selection to nagic
2026-10-07T01:51:44.3200990Z   ---
2026-10-07T01:51:44.3201210Z   duration_ms: 1.176542
2026-10-07T01:51:44.3201440Z   type: 'test'
2026-10-07T01:51:44.3201640Z   ...
2026-10-07T01:51:44.3202130Z # Subtest: real checker resolves a helper through its manifest entry rather than checking it alone
2026-10-07T01:51:44.3202860Z ok 26 - real checker resolves a helper through its manifest entry rather than checking it alone
2026-10-07T01:51:44.3203280Z   ---
2026-10-07T01:51:44.3203710Z   duration_ms: 6.43575
2026-10-07T01:51:44.3204140Z   type: 'test'
2026-10-07T01:51:44.3204340Z   ...
2026-10-07T01:51:44.3204780Z # Subtest: real symbol query navigates from a helper to its entry-defined function
2026-10-07T01:51:44.3205380Z ok 27 - real symbol query navigates from a helper to its entry-defined function
2026-10-07T01:51:44.3205750Z   ---
2026-10-07T01:51:44.3205960Z   duration_ms: 78.896541
2026-10-07T01:51:44.3206180Z   type: 'test'
2026-10-07T01:51:44.3206380Z   ...
2026-10-07T01:51:44.3206830Z # Subtest: enum completion includes own/imported type namespaces and never bare variants
2026-10-07T01:51:44.3207480Z ok 28 - enum completion includes own/imported type namespaces and never bare variants
2026-10-07T01:51:44.3207860Z   ---
2026-10-07T01:51:44.3208060Z   duration_ms: 3.9345
2026-10-07T01:51:44.3208280Z   type: 'test'
2026-10-07T01:51:44.3208470Z   ...
2026-10-07T01:51:44.3208900Z # Subtest: enum type positions offer enum types and exclude variant values
2026-10-07T01:51:44.3209450Z ok 29 - enum type positions offer enum types and exclude variant values
2026-10-07T01:51:44.3209780Z   ---
2026-10-07T01:51:44.3209980Z   duration_ms: 0.636625
2026-10-07T01:51:44.3210930Z   type: 'test'
2026-10-07T01:51:44.3211120Z   ...
2026-10-07T01:51:44.3211590Z # Subtest: unit/payload variant hover and payload signatures preserve alias-qualified spelling
2026-10-07T01:51:44.3212250Z ok 30 - unit/payload variant hover and payload signatures preserve alias-qualified spelling
2026-10-07T01:51:44.3212630Z   ---
2026-10-07T01:51:44.3213010Z   duration_ms: 0.825167
2026-10-07T01:51:44.3213810Z   type: 'test'
2026-10-07T01:51:44.3214010Z   ...
2026-10-07T01:51:44.3214480Z # Subtest: nested variant declaration references resolve hover and F12 without exporting names
2026-10-07T01:51:44.3215140Z ok 31 - nested variant declaration references resolve hover and F12 without exporting names
2026-10-07T01:51:44.3215520Z   ---
2026-10-07T01:51:44.3215690Z   duration_ms: 0.705458
2026-10-07T01:51:44.3215850Z   type: 'test'
2026-10-07T01:51:44.3216010Z   ...
2026-10-07T01:51:44.3216370Z # Subtest: lexical values that shadow enum/module roots suppress type namespaces
2026-10-07T01:51:44.3216930Z ok 32 - lexical values that shadow enum/module roots suppress type namespaces
2026-10-07T01:51:44.3217220Z   ---
2026-10-07T01:51:44.3217350Z   duration_ms: 1.184667
2026-10-07T01:51:44.3217510Z   type: 'test'
2026-10-07T01:51:44.3217640Z   ...
2026-10-07T01:51:44.3218020Z # Subtest: typed failure help exposes an error value without requiring builtin Error
2026-10-07T01:51:44.3218580Z ok 33 - typed failure help exposes an error value without requiring builtin Error
2026-10-07T01:51:44.3218880Z   ---
2026-10-07T01:51:44.3219010Z   duration_ms: 0.250125
2026-10-07T01:51:44.3219170Z   type: 'test'
2026-10-07T01:51:44.3219310Z   ...
2026-10-07T01:51:44.3219670Z # Subtest: Result patterns have completion hover and argument help only after case
2026-10-07T01:51:44.3220190Z ok 34 - Result patterns have completion hover and argument help only after case
2026-10-07T01:51:44.3220480Z   ---
2026-10-07T01:51:44.3220620Z   duration_ms: 0.525792
2026-10-07T01:51:44.3220770Z   type: 'test'
2026-10-07T01:51:44.3220910Z   ...
2026-10-07T01:51:44.3221300Z # Subtest: real nagi enum symbols preserve aliases, payload help and declaration targets
2026-10-07T01:51:44.3221850Z ok 35 - real nagi enum symbols preserve aliases, payload help and declaration targets
2026-10-07T01:51:44.3222160Z   ---
2026-10-07T01:51:44.3222290Z   duration_ms: 90.729791
2026-10-07T01:51:44.3222450Z   type: 'test'
2026-10-07T01:51:44.3222580Z   ...
2026-10-07T01:51:44.3222950Z # Subtest: real low enum symbols preserve aliases, payload help and declaration targets
2026-10-07T01:51:44.3223550Z ok 36 - real low enum symbols preserve aliases, payload help and declaration targets
2026-10-07T01:51:44.3223940Z   ---
2026-10-07T01:51:44.3224120Z   duration_ms: 84.563791
2026-10-07T01:51:44.3224340Z   type: 'test'
2026-10-07T01:51:44.3224520Z   ...
2026-10-07T01:51:44.3224980Z # Subtest: unsaved enum changes update payloads and F12 without writing source or building
2026-10-07T01:51:44.3225610Z ok 37 - unsaved enum changes update payloads and F12 without writing source or building
2026-10-07T01:51:44.3225970Z   ---
2026-10-07T01:51:44.3226150Z   duration_ms: 82.48025
2026-10-07T01:51:44.3226360Z   type: 'test'
2026-10-07T01:51:44.3226550Z   ...
2026-10-07T01:51:44.3227070Z # Subtest: hover preserves declared async/nullable types and class fields but skips locals, members and comments
2026-10-07T01:51:44.3227850Z ok 38 - hover preserves declared async/nullable types and class fields but skips locals, members and comments
2026-10-07T01:51:44.3228270Z   ---
2026-10-07T01:51:44.3228440Z   duration_ms: 1.288792
2026-10-07T01:51:44.3228650Z   type: 'test'
2026-10-07T01:51:44.3228820Z   ...
2026-10-07T01:51:44.3229310Z # Subtest: completion works on incomplete prefixes and inserts positional calls or named class fields
2026-10-07T01:51:44.3230020Z ok 39 - completion works on incomplete prefixes and inserts positional calls or named class fields
2026-10-07T01:51:44.3230410Z   ---
2026-10-07T01:51:44.3230590Z   duration_ms: 0.821917
2026-10-07T01:51:44.3231100Z   type: 'test'
2026-10-07T01:51:44.3231300Z   ...
2026-10-07T01:51:44.3231720Z # Subtest: type positions offer classes and type constructors rather than value calls
2026-10-07T01:51:44.3232320Z ok 40 - type positions offer classes and type constructors rather than value calls
2026-10-07T01:51:44.3232670Z   ---
2026-10-07T01:51:44.3232840Z   duration_ms: 1.467625
2026-10-07T01:51:44.3233050Z   type: 'test'
2026-10-07T01:51:44.3233230Z   ...
2026-10-07T01:51:44.3233690Z # Subtest: a class named Future completes as its declared type rather than a generic builtin
2026-10-07T01:51:44.3234330Z ok 41 - a class named Future completes as its declared type rather than a generic builtin
2026-10-07T01:51:44.3234680Z   ---
2026-10-07T01:51:44.3234860Z   duration_ms: 0.213917
2026-10-07T01:51:44.3235070Z   type: 'test'
2026-10-07T01:51:44.3235270Z   ...
2026-10-07T01:51:44.3235740Z # Subtest: signature argument tracking ignores nested calls, strings, arrays and generic arguments
2026-10-07T01:51:44.3236430Z ok 42 - signature argument tracking ignores nested calls, strings, arrays and generic arguments
2026-10-07T01:51:44.3237190Z   ---
2026-10-07T01:51:44.3237440Z   duration_ms: 0.686
2026-10-07T01:51:44.3237660Z   type: 'test'
2026-10-07T01:51:44.3237850Z   ...
2026-10-07T01:51:44.3238300Z # Subtest: local hovers use the exact UTF-16 occurrence and file rather than a shared name
2026-10-07T01:51:44.3238930Z ok 43 - local hovers use the exact UTF-16 occurrence and file rather than a shared name
2026-10-07T01:51:44.3239300Z   ---
2026-10-07T01:51:44.3239480Z   duration_ms: 0.549917
2026-10-07T01:51:44.3239690Z   type: 'test'
2026-10-07T01:51:44.3239870Z   ...
2026-10-07T01:51:44.3240340Z # Subtest: member analysis masks just the edited member and preserves UTF-16 and CRLF positions
2026-10-07T01:51:44.3241000Z ok 44 - member analysis masks just the edited member and preserves UTF-16 and CRLF positions
2026-10-07T01:51:44.3241380Z   ---
2026-10-07T01:51:44.3241560Z   duration_ms: 0.081166
2026-10-07T01:51:44.3241780Z   type: 'test'
2026-10-07T01:51:44.3241960Z   ...
2026-10-07T01:51:44.3242460Z # Subtest: field candidates come from the receiver occurrence and never from saved or other-file types
2026-10-07T01:51:44.3243160Z ok 45 - field candidates come from the receiver occurrence and never from saved or other-file types
2026-10-07T01:51:44.3243550Z   ---
2026-10-07T01:51:44.3243740Z   duration_ms: 0.3165
2026-10-07T01:51:44.3243940Z   type: 'test'
2026-10-07T01:51:44.3244120Z   ...
2026-10-07T01:51:44.3244550Z # Subtest: a trailing member binds inside try/await unless the receiver is parenthesized
2026-10-07T01:51:44.3245170Z ok 46 - a trailing member binds inside try/await unless the receiver is parenthesized
2026-10-07T01:51:44.3245520Z   ---
2026-10-07T01:51:44.3245710Z   duration_ms: 0.303583
2026-10-07T01:51:44.3245910Z   type: 'test'
2026-10-07T01:51:44.3246090Z   ...
2026-10-07T01:51:44.3246530Z # Subtest: builtin completion catalog matches compiler arities and required type arguments
2026-10-07T01:51:44.3247180Z ok 47 - builtin completion catalog matches compiler arities and required type arguments
2026-10-07T01:51:44.3247810Z   ---
2026-10-07T01:51:44.3248060Z   duration_ms: 3.369708
2026-10-07T01:51:44.3248310Z   type: 'test'
2026-10-07T01:51:44.3248530Z   ...
2026-10-07T01:51:44.3248970Z # Subtest: builtin help preserves conversion, SQLite, async and callback contracts
2026-10-07T01:51:44.3249570Z ok 48 - builtin help preserves conversion, SQLite, async and callback contracts
2026-10-07T01:51:44.3249980Z   ---
2026-10-07T01:51:44.3250180Z   duration_ms: 0.230625
2026-10-07T01:51:44.3250390Z   type: 'test'
2026-10-07T01:51:44.3250600Z   ...
2026-10-07T01:51:44.3251070Z # Subtest: function and nullable types complete inside all supported generic builtin contexts
2026-10-07T01:51:44.3251740Z ok 49 - function and nullable types complete inside all supported generic builtin contexts
2026-10-07T01:51:44.3258430Z   ---
2026-10-07T01:51:44.3258680Z   duration_ms: 0.309209
2026-10-07T01:51:44.3258900Z   type: 'test'
2026-10-07T01:51:44.3259550Z   ...
2026-10-07T01:51:44.3259980Z # Subtest: completion preserves existing generic arguments and call parentheses
2026-10-07T01:51:44.3260550Z ok 50 - completion preserves existing generic arguments and call parentheses
2026-10-07T01:51:44.3260880Z   ---
2026-10-07T01:51:44.3261070Z   duration_ms: 0.173959
2026-10-07T01:51:44.3261290Z   type: 'test'
2026-10-07T01:51:44.3261510Z   ...
2026-10-07T01:51:44.3479800Z # Subtest: unindented Low fn, record and enum bodies keep their closing braces visible
2026-10-07T01:51:44.3530200Z ok 51 - unindented Low fn, record and enum bodies keep their closing braces visible
2026-10-07T01:51:44.3530710Z   ---
2026-10-07T01:51:44.3530920Z   duration_ms: 1.193459
2026-10-07T01:51:44.3531130Z   type: 'test'
2026-10-07T01:51:44.3531320Z   ...
2026-10-07T01:51:44.3531790Z # Subtest: nested match, case, scope and branch bodies fold at each opening line
2026-10-07T01:51:44.3532360Z ok 52 - nested match, case, scope and branch bodies fold at each opening line
2026-10-07T01:51:44.3532680Z   ---
2026-10-07T01:51:44.3532830Z   duration_ms: 0.207417
2026-10-07T01:51:44.3532990Z   type: 'test'
2026-10-07T01:51:44.3533120Z   ...
2026-10-07T01:51:44.3533470Z # Subtest: multiline fn and async fn draft headers join their body in one fold
2026-10-07T01:51:44.3533960Z ok 53 - multiline fn and async fn draft headers join their body in one fold
2026-10-07T01:51:44.3534240Z   ---
2026-10-07T01:51:44.3534370Z   duration_ms: 0.132791
2026-10-07T01:51:44.3534580Z   type: 'test'
2026-10-07T01:51:44.3535420Z   ...
2026-10-07T01:51:44.3535750Z # Subtest: strings and comments do not create or close folds
2026-10-07T01:51:44.3536140Z ok 54 - strings and comments do not create or close folds
2026-10-07T01:51:44.3536370Z   ---
2026-10-07T01:51:44.3536520Z   duration_ms: 0.1065
2026-10-07T01:51:44.3536700Z   type: 'test'
2026-10-07T01:51:44.3536840Z   ...
2026-10-07T01:51:44.3537170Z # Subtest: crossed, stray and unclosed delimiters cannot invent brace folds
2026-10-07T01:51:44.3537660Z ok 55 - crossed, stray and unclosed delimiters cannot invent brace folds
2026-10-07T01:51:44.3537940Z   ---
2026-10-07T01:51:44.3538080Z   duration_ms: 0.174583
2026-10-07T01:51:44.3538240Z   type: 'test'
2026-10-07T01:51:44.3538360Z   ...
2026-10-07T01:51:44.3538730Z # Subtest: matched call and list continuations guard bodies without separate folds
2026-10-07T01:51:44.3539270Z ok 56 - matched call and list continuations guard bodies without separate folds
2026-10-07T01:51:44.3539570Z   ---
2026-10-07T01:51:44.3539710Z   duration_ms: 0.078
2026-10-07T01:51:44.3540010Z   type: 'test'
2026-10-07T01:51:44.3540140Z   ...
2026-10-07T01:51:44.3540540Z # Subtest: completed declarations and unrelated lines do not donate a header to another body
2026-10-07T01:51:44.3541140Z ok 57 - completed declarations and unrelated lines do not donate a header to another body
2026-10-07T01:51:44.3541470Z   ---
2026-10-07T01:51:44.3541600Z   duration_ms: 0.635791
2026-10-07T01:51:44.3541800Z   type: 'test'
2026-10-07T01:51:44.3541950Z   ...
2026-10-07T01:51:44.3542390Z # Subtest: single-line and empty bodies are omitted and each start line has one fold
2026-10-07T01:51:44.3542950Z ok 58 - single-line and empty bodies are omitted and each start line has one fold
2026-10-07T01:51:44.3543260Z   ---
2026-10-07T01:51:44.3543390Z   duration_ms: 0.067
2026-10-07T01:51:44.3543540Z   type: 'test'
2026-10-07T01:51:44.3543680Z   ...
2026-10-07T01:51:44.3544120Z # Subtest: inline closing braces fold the final statement while delimiter-only closers stay visible
2026-10-07T01:51:44.3545820Z ok 59 - inline closing braces fold the final statement while delimiter-only closers stay visible
2026-10-07T01:51:44.3546150Z   ---
2026-10-07T01:51:44.3546290Z   duration_ms: 0.280834
2026-10-07T01:51:44.3546440Z   type: 'test'
2026-10-07T01:51:44.3546570Z   ...
2026-10-07T01:51:44.5077320Z # Subtest: High Function snippet defaults compile in their declared context
2026-10-07T01:51:44.5086630Z ok 60 - High Function snippet defaults compile in their declared context
2026-10-07T01:51:44.5087430Z   ---
2026-10-07T01:51:44.5087660Z   duration_ms: 7.122667
2026-10-07T01:51:44.5087870Z   type: 'test'
2026-10-07T01:51:44.5088060Z   ...
2026-10-07T01:51:44.5088490Z # Subtest: High Class snippet defaults compile in their declared context
2026-10-07T01:51:44.5090310Z ok 61 - High Class snippet defaults compile in their declared context
2026-10-07T01:51:44.5090690Z   ---
2026-10-07T01:51:44.5090880Z   duration_ms: 9.425417
2026-10-07T01:51:44.5091090Z   type: 'test'
2026-10-07T01:51:44.5091270Z   ...
2026-10-07T01:51:44.5091640Z # Subtest: High Enum snippet defaults compile in their declared context
2026-10-07T01:51:44.5092140Z ok 62 - High Enum snippet defaults compile in their declared context
2026-10-07T01:51:44.5092450Z   ---
2026-10-07T01:51:44.5092640Z   duration_ms: 5.095917
2026-10-07T01:51:44.5092850Z   type: 'test'
2026-10-07T01:51:44.5093030Z   ...
2026-10-07T01:51:44.5093390Z # Subtest: High Main snippet defaults compile in their declared context
2026-10-07T01:51:44.5093900Z ok 63 - High Main snippet defaults compile in their declared context
2026-10-07T01:51:44.5094210Z   ---
2026-10-07T01:51:44.5094390Z   duration_ms: 4.250584
2026-10-07T01:51:44.5095100Z   type: 'test'
2026-10-07T01:51:44.5095350Z   ...
2026-10-07T01:51:44.5095770Z # Subtest: High Async main snippet defaults compile in their declared context
2026-10-07T01:51:44.5096310Z ok 64 - High Async main snippet defaults compile in their declared context
2026-10-07T01:51:44.5096630Z   ---
2026-10-07T01:51:44.5096820Z   duration_ms: 5.664833
2026-10-07T01:51:44.5097030Z   type: 'test'
2026-10-07T01:51:44.5097210Z   ...
2026-10-07T01:51:44.5097590Z # Subtest: High HTTP server snippet defaults compile in their declared context
2026-10-07T01:51:44.5098140Z ok 65 - High HTTP server snippet defaults compile in their declared context
2026-10-07T01:51:44.5098690Z   ---
2026-10-07T01:51:44.5098860Z   duration_ms: 96.510667
2026-10-07T01:51:44.5099040Z   type: 'test'
2026-10-07T01:51:44.5099170Z   ...
2026-10-07T01:51:44.5099590Z # Subtest: High GET handler snippet defaults compile in their declared context
2026-10-07T01:51:44.5100130Z ok 66 - High GET handler snippet defaults compile in their declared context
2026-10-07T01:51:44.5100450Z   ---
2026-10-07T01:51:44.5100590Z   duration_ms: 9.620792
2026-10-07T01:51:44.5100770Z   type: 'test'
2026-10-07T01:51:44.5100920Z   ...
2026-10-07T01:51:44.5101290Z # Subtest: High POST handler snippet defaults compile in their declared context
2026-10-07T01:51:44.5101800Z ok 67 - High POST handler snippet defaults compile in their declared context
2026-10-07T01:51:44.5102080Z   ---
2026-10-07T01:51:44.5102220Z   duration_ms: 8.650125
2026-10-07T01:51:44.5102380Z   type: 'test'
2026-10-07T01:51:44.5102510Z   ...
2026-10-07T01:51:44.5102830Z # Subtest: High Loop snippet defaults compile in their declared context
2026-10-07T01:51:44.5103330Z ok 68 - High Loop snippet defaults compile in their declared context
2026-10-07T01:51:44.5103600Z   ---
2026-10-07T01:51:44.5103770Z   duration_ms: 4.545375
2026-10-07T01:51:44.5103960Z   type: 'test'
2026-10-07T01:51:44.5104090Z   ...
2026-10-07T01:51:44.5104500Z # Subtest: High Borrowed array snippet defaults compile in their declared context
2026-10-07T01:51:44.5105130Z ok 69 - High Borrowed array snippet defaults compile in their declared context
2026-10-07T01:51:44.5105420Z   ---
2026-10-07T01:51:44.5105550Z   duration_ms: 4.593042
2026-10-07T01:51:44.5105760Z   type: 'test'
2026-10-07T01:51:44.5106000Z   ...
2026-10-07T01:51:44.5106510Z # Subtest: High Result match snippet defaults compile in their declared context
2026-10-07T01:51:44.5107070Z ok 70 - High Result match snippet defaults compile in their declared context
2026-10-07T01:51:44.5107390Z   ---
2026-10-07T01:51:44.5107540Z   duration_ms: 4.009959
2026-10-07T01:51:44.5107720Z   type: 'test'
2026-10-07T01:51:44.5107880Z   ...
2026-10-07T01:51:44.5108250Z # Subtest: High Nullable match snippet defaults compile in their declared context
2026-10-07T01:51:44.5108950Z ok 71 - High Nullable match snippet defaults compile in their declared context
2026-10-07T01:51:44.5109330Z   ---
2026-10-07T01:51:44.5109460Z   duration_ms: 3.853583
2026-10-07T01:51:44.5109620Z   type: 'test'
2026-10-07T01:51:44.5109750Z   ...
2026-10-07T01:51:44.5682960Z # Subtest: real High quoted imports complete class enum and function names without calls
2026-10-07T01:51:44.5684050Z ok 72 - real High quoted imports complete class enum and function names without calls
2026-10-07T01:51:44.5684420Z   ---
2026-10-07T01:51:44.5684620Z   duration_ms: 89.268875
2026-10-07T01:51:44.5684840Z   type: 'test'
2026-10-07T01:51:44.5685020Z   ...
2026-10-07T01:51:44.5685580Z # Subtest: real High quoted imports complete class enum and function names without calls through a directory alias
2026-10-07T01:51:44.5686370Z ok 73 - real High quoted imports complete class enum and function names without calls through a directory alias
2026-10-07T01:51:44.5686810Z   ---
2026-10-07T01:51:44.5687050Z   duration_ms: 87.827416
2026-10-07T01:51:44.5687350Z   type: 'test'
2026-10-07T01:51:44.5687540Z   ...
2026-10-07T01:51:44.6512390Z # Subtest: real Low quoted imports complete class enum and function names without calls
2026-10-07T01:51:44.6513210Z ok 74 - real Low quoted imports complete class enum and function names without calls
2026-10-07T01:51:44.6513580Z   ---
2026-10-07T01:51:44.6513780Z   duration_ms: 83.557458
2026-10-07T01:51:44.6513990Z   type: 'test'
2026-10-07T01:51:44.6514180Z   ...
2026-10-07T01:51:44.7382640Z # Subtest: real Low quoted imports complete class enum and function names without calls through a directory alias
2026-10-07T01:51:44.7388780Z ok 75 - real Low quoted imports complete class enum and function names without calls through a directory alias
2026-10-07T01:51:44.7389240Z   ---
2026-10-07T01:51:44.7389440Z   duration_ms: 82.567583
2026-10-07T01:51:44.7389670Z   type: 'test'
2026-10-07T01:51:44.7389860Z   ...
2026-10-07T01:51:44.7390360Z # Subtest: canonical source aliases share one identity per request and refresh after a symlink changes
2026-10-07T01:51:44.7391150Z ok 76 - canonical source aliases share one identity per request and refresh after a symlink changes
2026-10-07T01:51:44.7392070Z   ---
2026-10-07T01:51:44.7392320Z   duration_ms: 3.956458
2026-10-07T01:51:44.7392530Z   type: 'test'
2026-10-07T01:51:44.7392710Z   ...
2026-10-07T01:51:44.7393140Z # Subtest: standard source identities remain logical IDs without filesystem lookups
2026-10-07T01:51:44.7393720Z ok 77 - standard source identities remain logical IDs without filesystem lookups
2026-10-07T01:51:44.7394260Z   ---
2026-10-07T01:51:44.7394410Z   duration_ms: 0.774917
2026-10-07T01:51:44.7394580Z   type: 'test'
2026-10-07T01:51:44.7394720Z   ...
2026-10-07T01:51:44.7432050Z # Subtest: High block headers indent one level, including main, async, match and case
2026-10-07T01:51:44.7434170Z ok 78 - High block headers indent one level, including main, async, match and case
2026-10-07T01:51:44.7434540Z   ---
2026-10-07T01:51:44.7434740Z   duration_ms: 1.4455
2026-10-07T01:51:44.7434980Z   type: 'test'
2026-10-07T01:51:44.7435160Z   ...
2026-10-07T01:51:44.7435570Z # Subtest: else uses the matching if indentation after nested bodies and comments
2026-10-07T01:51:44.7436140Z ok 79 - else uses the matching if indentation after nested bodies and comments
2026-10-07T01:51:44.7436470Z   ---
2026-10-07T01:51:44.7436650Z   duration_ms: 0.218791
2026-10-07T01:51:44.7436860Z   type: 'test'
2026-10-07T01:51:44.7437040Z   ...
2026-10-07T01:51:44.7437390Z # Subtest: first and following cases align under their nearest match
2026-10-07T01:51:44.7437870Z ok 80 - first and following cases align under their nearest match
2026-10-07T01:51:44.7438170Z   ---
2026-10-07T01:51:44.7438350Z   duration_ms: 0.653541
2026-10-07T01:51:44.7438560Z   type: 'test'
2026-10-07T01:51:44.7438740Z   ...
2026-10-07T01:51:44.7439150Z # Subtest: immediate Enter after else/case aligns the branch and its new body together
2026-10-07T01:51:44.7439750Z ok 81 - immediate Enter after else/case aligns the branch and its new body together
2026-10-07T01:51:44.7440600Z   ---
2026-10-07T01:51:44.7440810Z   duration_ms: 0.089667
2026-10-07T01:51:44.7441010Z   type: 'test'
2026-10-07T01:51:44.7441200Z   ...
2026-10-07T01:51:44.7441580Z # Subtest: explicitly dedented outer branches keep their matching outer block
2026-10-07T01:51:44.7442140Z ok 82 - explicitly dedented outer branches keep their matching outer block
2026-10-07T01:51:44.7442470Z   ---
2026-10-07T01:51:44.7442650Z   duration_ms: 0.143417
2026-10-07T01:51:44.7442860Z   type: 'test'
2026-10-07T01:51:44.7443040Z   ...
2026-10-07T01:51:44.7443450Z # Subtest: multiline case headers move together when colon is typed or Enter cancels it
2026-10-07T01:51:44.7444060Z ok 83 - multiline case headers move together when colon is typed or Enter cancels it
2026-10-07T01:51:44.7444400Z   ---
2026-10-07T01:51:44.7444590Z   duration_ms: 0.092417
2026-10-07T01:51:44.7444790Z   type: 'test'
2026-10-07T01:51:44.7444970Z   ...
2026-10-07T01:51:44.7445390Z # Subtest: multiline calls, lists and nested delimiters indent and align closing lines
2026-10-07T01:51:44.7445990Z ok 84 - multiline calls, lists and nested delimiters indent and align closing lines
2026-10-07T01:51:44.7446330Z   ---
2026-10-07T01:51:44.7446510Z   duration_ms: 0.089125
2026-10-07T01:51:44.7446720Z   type: 'test'
2026-10-07T01:51:44.7446900Z   ...
2026-10-07T01:51:44.7447280Z # Subtest: strings, escapes and comments never create fake blocks or brackets
2026-10-07T01:51:44.7447820Z ok 85 - strings, escapes and comments never create fake blocks or brackets
2026-10-07T01:51:44.7448140Z   ---
2026-10-07T01:51:44.7448320Z   duration_ms: 0.115708
2026-10-07T01:51:44.7448530Z   type: 'test'
2026-10-07T01:51:44.7448700Z   ...
2026-10-07T01:51:44.7449110Z # Subtest: an unfinished string on an earlier line does not disable later indentation
2026-10-07T01:51:44.7449690Z ok 86 - an unfinished string on an earlier line does not disable later indentation
2026-10-07T01:51:44.7450030Z   ---
2026-10-07T01:51:44.7450210Z   duration_ms: 0.29125
2026-10-07T01:51:44.7450420Z   type: 'test'
2026-10-07T01:51:44.7450600Z   ...
2026-10-07T01:51:44.7450980Z # Subtest: indentation respects two spaces, tabs, CRLF and Low brace blocks
2026-10-07T01:51:44.7451510Z ok 87 - indentation respects two spaces, tabs, CRLF and Low brace blocks
2026-10-07T01:51:44.7451830Z   ---
2026-10-07T01:51:44.7452070Z   duration_ms: 0.358208
2026-10-07T01:51:44.7499420Z   type: 'test'
2026-10-07T01:51:44.7506730Z   ...
2026-10-07T01:51:44.7507330Z # Subtest: Low native indentation rules ignore braces in comments and escaped strings
2026-10-07T01:51:44.7508000Z ok 88 - Low native indentation rules ignore braces in comments and escaped strings
2026-10-07T01:51:44.7508350Z   ---
2026-10-07T01:51:44.7508540Z   duration_ms: 0.767584
2026-10-07T01:51:44.7508750Z   type: 'test'
2026-10-07T01:51:44.7508930Z   ...
2026-10-07T01:51:45.4301500Z # Subtest: real checker completes arguments, inferred locals, chains, calls, index receivers and match payloads
2026-10-07T01:51:45.4403050Z ok 89 - real checker completes arguments, inferred locals, chains, calls, index receivers and match payloads
2026-10-07T01:51:45.4504230Z   ---
2026-10-07T01:51:45.4605300Z   duration_ms: 834.150959
2026-10-07T01:51:45.4627990Z   type: 'test'
2026-10-07T01:51:45.4631050Z   ...
2026-10-07T01:51:46.1492750Z # Subtest: real checker suppresses fields for unknown, moved, out-of-scope and wrapped values
2026-10-07T01:51:46.1603630Z ok 90 - real checker suppresses fields for unknown, moved, out-of-scope and wrapped values
2026-10-07T01:51:46.1709650Z   ---
2026-10-07T01:51:46.1738120Z   duration_ms: 717.8735
2026-10-07T01:51:46.1738400Z   type: 'test'
2026-10-07T01:51:46.1738600Z   ...
2026-10-07T01:51:46.3285560Z # Subtest: real unsaved High/Low imports supply local hovers and fields with UTF-16 positions
2026-10-07T01:51:46.3386920Z ok 91 - real unsaved High/Low imports supply local hovers and fields with UTF-16 positions
2026-10-07T01:51:46.3487950Z   ---
2026-10-07T01:51:46.3554810Z   duration_ms: 178.879125
2026-10-07T01:51:46.3555530Z   type: 'test'
2026-10-07T01:51:46.3555850Z   ...
2026-10-07T01:51:46.7403840Z # Subtest: real Low completion isolates same-line scopes, restores outer loop variables and handles CRLF
2026-10-07T01:51:46.7404800Z ok 92 - real Low completion isolates same-line scopes, restores outer loop variables and handles CRLF
2026-10-07T01:51:46.7432170Z   ---
2026-10-07T01:51:46.7533060Z   duration_ms: 417.070833
2026-10-07T01:51:46.7546370Z   type: 'test'
2026-10-07T01:51:46.7546610Z   ...
2026-10-07T01:51:46.7547130Z # Subtest: checked local values replace same-name class and builtin call insertions
2026-10-07T01:51:46.7547970Z ok 93 - checked local values replace same-name class and builtin call insertions
2026-10-07T01:51:46.7548320Z   ---
2026-10-07T01:51:46.7548510Z   duration_ms: 1.990167
2026-10-07T01:51:46.7548720Z   type: 'test'
2026-10-07T01:51:46.7548900Z   ...
2026-10-07T01:51:46.7549350Z # Subtest: lexical references without local types never insert an unrelated global call
2026-10-07T01:51:46.7550040Z ok 94 - lexical references without local types never insert an unrelated global call
2026-10-07T01:51:46.7550450Z   ---
2026-10-07T01:51:46.7550630Z   duration_ms: 0.346875
2026-10-07T01:51:46.7550840Z   type: 'test'
2026-10-07T01:51:46.7551030Z   ...
2026-10-07T01:51:46.7551470Z # Subtest: partial and saved occurrences keep global names without guessing local scopes
2026-10-07T01:51:46.7552080Z ok 95 - partial and saved occurrences keep global names without guessing local scopes
2026-10-07T01:51:46.7552440Z   ---
2026-10-07T01:51:46.7552630Z   duration_ms: 1.001625
2026-10-07T01:51:46.7552860Z   type: 'test'
2026-10-07T01:51:46.7553040Z   ...
2026-10-07T01:51:46.7553480Z # Subtest: a resolved global constructor remains available outside the shadowing function
2026-10-07T01:51:46.7554100Z ok 96 - a resolved global constructor remains available outside the shadowing function
2026-10-07T01:51:46.7554460Z   ---
2026-10-07T01:51:46.7554650Z   duration_ms: 0.345083
2026-10-07T01:51:46.7554860Z   type: 'test'
2026-10-07T01:51:46.7555060Z   ...
2026-10-07T01:51:46.7555510Z # Subtest: binding hints distinguish declaration tokens, masked text, and real value binders
2026-10-07T01:51:46.7556160Z ok 97 - binding hints distinguish declaration tokens, masked text, and real value binders
2026-10-07T01:51:46.7556530Z   ---
2026-10-07T01:51:46.7556710Z   duration_ms: 0.549834
2026-10-07T01:51:46.7556920Z   type: 'test'
2026-10-07T01:51:46.7557110Z   ...
2026-10-07T01:51:46.7557610Z # Subtest: real High local and parameter completions stay bare while types and constructors remain usable
2026-10-07T01:51:46.7558340Z ok 98 - real High local and parameter completions stay bare while types and constructors remain usable
2026-10-07T01:51:46.7558750Z   ---
2026-10-07T01:51:46.7558930Z   duration_ms: 240.495125
2026-10-07T01:51:46.7559140Z   type: 'test'
2026-10-07T01:51:46.7559330Z   ...
2026-10-07T01:51:46.7559820Z # Subtest: real Low local and parameter completions stay bare while types and constructors remain usable
2026-10-07T01:51:46.7560550Z ok 99 - real Low local and parameter completions stay bare while types and constructors remain usable
2026-10-07T01:51:46.7560950Z   ---
2026-10-07T01:51:46.7561130Z   duration_ms: 213.973292
2026-10-07T01:51:46.7561370Z   type: 'test'
2026-10-07T01:51:46.7561590Z   ...
2026-10-07T01:51:46.7561950Z # Subtest: Low Main snippet defaults compile in their declared context
2026-10-07T01:51:46.7562460Z ok 100 - Low Main snippet defaults compile in their declared context
2026-10-07T01:51:46.7562790Z   ---
2026-10-07T01:51:46.7562980Z   duration_ms: 27.065667
2026-10-07T01:51:46.7563190Z   type: 'test'
2026-10-07T01:51:46.7563380Z   ...
2026-10-07T01:51:46.7563760Z # Subtest: Low File import snippet defaults compile in their declared context
2026-10-07T01:51:46.7564310Z ok 101 - Low File import snippet defaults compile in their declared context
2026-10-07T01:51:46.7564630Z   ---
2026-10-07T01:51:46.7564820Z   duration_ms: 18.447625
2026-10-07T01:51:46.7565030Z   type: 'test'
2026-10-07T01:51:46.7565490Z   ...
2026-10-07T01:51:46.7566170Z # Subtest: Low From import snippet defaults compile in their declared context
2026-10-07T01:51:46.7566780Z ok 102 - Low From import snippet defaults compile in their declared context
2026-10-07T01:51:46.7567110Z   ---
2026-10-07T01:51:46.7567410Z   duration_ms: 18.191875
2026-10-07T01:51:46.7567620Z   type: 'test'
2026-10-07T01:51:46.7567810Z   ...
2026-10-07T01:51:46.7568220Z # Subtest: Low Standard import snippet defaults compile in their declared context
2026-10-07T01:51:46.7568900Z ok 103 - Low Standard import snippet defaults compile in their declared context
2026-10-07T01:51:46.7569240Z   ---
2026-10-07T01:51:46.7569420Z   duration_ms: 81.198417
2026-10-07T01:51:46.7569640Z   type: 'test'
2026-10-07T01:51:46.7569830Z   ...
2026-10-07T01:51:46.7570200Z # Subtest: Low Function snippet defaults compile in their declared context
2026-10-07T01:51:46.7570730Z ok 104 - Low Function snippet defaults compile in their declared context
2026-10-07T01:51:46.7571040Z   ---
2026-10-07T01:51:46.7571230Z   duration_ms: 6.902125
2026-10-07T01:51:46.7571440Z   type: 'test'
2026-10-07T01:51:46.7571620Z   ...
2026-10-07T01:51:46.7571980Z # Subtest: Low Record snippet defaults compile in their declared context
2026-10-07T01:51:46.7572480Z ok 105 - Low Record snippet defaults compile in their declared context
2026-10-07T01:51:46.7572810Z   ---
2026-10-07T01:51:46.7572990Z   duration_ms: 6.679375
2026-10-07T01:51:46.7573200Z   type: 'test'
2026-10-07T01:51:46.7573390Z   ...
2026-10-07T01:51:46.7573740Z # Subtest: Low Enum snippet defaults compile in their declared context
2026-10-07T01:51:46.7574230Z ok 106 - Low Enum snippet defaults compile in their declared context
2026-10-07T01:51:46.7574540Z   ---
2026-10-07T01:51:46.7574720Z   duration_ms: 6.157292
2026-10-07T01:51:46.7574930Z   type: 'test'
2026-10-07T01:51:46.7575110Z   ...
2026-10-07T01:51:46.7575480Z # Subtest: Low Replace snippet defaults compile in their declared context
2026-10-07T01:51:46.7576010Z ok 107 - Low Replace snippet defaults compile in their declared context
2026-10-07T01:51:46.7576340Z   ---
2026-10-07T01:51:46.7576520Z   duration_ms: 7.05825
2026-10-07T01:51:46.7576730Z   type: 'test'
2026-10-07T01:51:46.7576910Z   ...
2026-10-07T01:51:46.7577300Z # Subtest: Low Result match snippet defaults compile in their declared context
2026-10-07T01:51:46.7577850Z ok 108 - Low Result match snippet defaults compile in their declared context
2026-10-07T01:51:46.7578180Z   ---
2026-10-07T01:51:46.7578360Z   duration_ms: 6.502292
2026-10-07T01:51:46.7578560Z   type: 'test'
2026-10-07T01:51:46.7578740Z   ...
2026-10-07T01:51:46.7579140Z # Subtest: Low Nullable match snippet defaults compile in their declared context
2026-10-07T01:51:46.7579690Z ok 109 - Low Nullable match snippet defaults compile in their declared context
2026-10-07T01:51:46.7580030Z   ---
2026-10-07T01:51:46.7580210Z   duration_ms: 5.916292
2026-10-07T01:51:46.7580410Z   type: 'test'
2026-10-07T01:51:46.7580590Z   ...
2026-10-07T01:51:46.7581090Z # Subtest: module member completion exposes functions/classes and type positions insert only classes
2026-10-07T01:51:46.7581810Z ok 110 - module member completion exposes functions/classes and type positions insert only classes
2026-10-07T01:51:46.7582200Z   ---
2026-10-07T01:51:46.7582380Z   duration_ms: 2.62675
2026-10-07T01:51:46.7582580Z   type: 'test'
2026-10-07T01:51:46.7582760Z   ...
2026-10-07T01:51:46.7583300Z # Subtest: qualified and renamed declarations retain structured hover/signature help
2026-10-07T01:51:46.7583900Z ok 111 - qualified and renamed declarations retain structured hover/signature help
2026-10-07T01:51:46.7584250Z   ---
2026-10-07T01:51:46.7584530Z   duration_ms: 1.361792
2026-10-07T01:51:46.7584740Z   type: 'test'
2026-10-07T01:51:46.7584920Z   ...
2026-10-07T01:51:46.7585380Z # Subtest: lexical alias shadowing switches completion to fields and prevents module help
2026-10-07T01:51:46.7586010Z ok 112 - lexical alias shadowing switches completion to fields and prevents module help
2026-10-07T01:51:46.7586960Z   ---
2026-10-07T01:51:46.7587190Z   duration_ms: 0.738625
2026-10-07T01:51:46.7587390Z   type: 'test'
2026-10-07T01:51:46.7587570Z   ...
2026-10-07T01:51:46.7587910Z # Subtest: spaced field chains do not borrow a module namespace
2026-10-07T01:51:46.7588370Z ok 113 - spaced field chains do not borrow a module namespace
2026-10-07T01:51:46.7588670Z   ---
2026-10-07T01:51:46.7588850Z   duration_ms: 0.332166
2026-10-07T01:51:46.7589050Z   type: 'test'
2026-10-07T01:51:46.7589230Z   ...
2026-10-07T01:51:46.7589620Z # Subtest: imported class and module binding tokens keep their resolved hover
2026-10-07T01:51:46.7590160Z ok 114 - imported class and module binding tokens keep their resolved hover
2026-10-07T01:51:46.7590490Z   ---
2026-10-07T01:51:46.7590670Z   duration_ms: 0.512209
2026-10-07T01:51:46.7590870Z   type: 'test'
2026-10-07T01:51:46.7591050Z   ...
2026-10-07T01:51:46.7591510Z # Subtest: quoted from imports insert names only and preserve aliases and comma-separated lists
2026-10-07T01:51:46.7592610Z ok 115 - quoted from imports insert names only and preserve aliases and comma-separated lists
2026-10-07T01:51:46.7593180Z   ---
2026-10-07T01:51:46.7593320Z   duration_ms: 0.846041
2026-10-07T01:51:46.7593480Z   type: 'test'
2026-10-07T01:51:46.7593620Z   ...
2026-10-07T01:51:46.7594050Z # Subtest: unresolved and changed fallback import targets never offer expression completions
2026-10-07T01:51:46.7594710Z ok 116 - unresolved and changed fallback import targets never offer expression completions
2026-10-07T01:51:46.7595120Z   ---
2026-10-07T01:51:46.7595350Z   duration_ms: 0.203334
2026-10-07T01:51:46.7595620Z   type: 'test'
2026-10-07T01:51:46.7595800Z   ...
2026-10-07T01:51:46.7596280Z # Subtest: Low quoted imports after a same-line declaration or semicolon retain name-only insertion
2026-10-07T01:51:46.7597020Z ok 117 - Low quoted imports after a same-line declaration or semicolon retain name-only insertion
2026-10-07T01:51:46.7597420Z   ---
2026-10-07T01:51:46.7597600Z   duration_ms: 0.13725
2026-10-07T01:51:46.7597820Z   type: 'test'
2026-10-07T01:51:46.7598010Z   ...
2026-10-07T01:51:46.7598480Z # Subtest: real compiler navigation uses edited source and target positions across imports
2026-10-07T01:51:46.7599160Z ok 118 - real compiler navigation uses edited source and target positions across imports
2026-10-07T01:51:46.7599520Z   ---
2026-10-07T01:51:46.7599700Z   duration_ms: 92.908459
2026-10-07T01:51:46.7599910Z   type: 'test'
2026-10-07T01:51:46.7600100Z   ...
2026-10-07T01:51:46.7600640Z # Subtest: real Low navigation keeps reassignments at their original binding and restores loop shadowing
2026-10-07T01:51:46.7601440Z ok 119 - real Low navigation keeps reassignments at their original binding and restores loop shadowing
2026-10-07T01:51:46.7601840Z   ---
2026-10-07T01:51:46.7602020Z   duration_ms: 84.4475
2026-10-07T01:51:46.7602220Z   type: 'test'
2026-10-07T01:51:46.7602400Z   ...
2026-10-07T01:51:46.7602850Z # Subtest: unsaved canonical import diagnostics use the open alias and UTF-16 source range
2026-10-07T01:51:46.7603480Z ok 120 - unsaved canonical import diagnostics use the open alias and UTF-16 source range
2026-10-07T01:51:46.7603850Z   ---
2026-10-07T01:51:46.7604040Z   duration_ms: 9.335666
2026-10-07T01:51:46.7604250Z   type: 'test'
2026-10-07T01:51:46.7604430Z   ...
2026-10-07T01:51:46.7604880Z # Subtest: closing a checked import overlay refreshes its owners and keeps unrelated errors
2026-10-07T01:51:46.7605510Z ok 121 - closing a checked import overlay refreshes its owners and keeps unrelated errors
2026-10-07T01:51:46.7605880Z   ---
2026-10-07T01:51:46.7606050Z   duration_ms: 3.302083
2026-10-07T01:51:46.7606260Z   type: 'test'
2026-10-07T01:51:46.7606440Z   ...
2026-10-07T01:51:46.7606810Z # Subtest: closing an in-flight import overlay rejects its stale result
2026-10-07T01:51:46.7607320Z ok 122 - closing an in-flight import overlay rejects its stale result
2026-10-07T01:51:46.7607640Z   ---
2026-10-07T01:51:46.7607820Z   duration_ms: 1.733209
2026-10-07T01:51:46.7608030Z   type: 'test'
2026-10-07T01:51:46.7608570Z   ...
2026-10-07T01:51:46.7608990Z # Subtest: lower build and run tasks use the registered source diagnostic matcher
2026-10-07T01:51:46.7609560Z ok 123 - lower build and run tasks use the registered source diagnostic matcher
2026-10-07T01:51:46.7609890Z   ---
2026-10-07T01:51:46.7610070Z   duration_ms: 2.250833
2026-10-07T01:51:46.7610280Z   type: 'test'
2026-10-07T01:51:46.7610460Z   ...
2026-10-07T01:51:46.7610910Z # Subtest: standalone tasks save imported changes and leave unrelated dirty buffers untouched
2026-10-07T01:51:46.7611560Z ok 124 - standalone tasks save imported changes and leave unrelated dirty buffers untouched
2026-10-07T01:51:46.7611920Z   ---
2026-10-07T01:51:46.7612110Z   duration_ms: 3.917
2026-10-07T01:51:46.7612310Z   type: 'test'
2026-10-07T01:51:46.7612490Z   ...
2026-10-07T01:51:46.7612920Z # Subtest: project tasks save imported changes and leave unrelated dirty buffers untouched
2026-10-07T01:51:46.7613550Z ok 125 - project tasks save imported changes and leave unrelated dirty buffers untouched
2026-10-07T01:51:46.7613920Z   ---
2026-10-07T01:51:46.7614090Z   duration_ms: 3.927834
2026-10-07T01:51:46.7614300Z   type: 'test'
2026-10-07T01:51:46.7614480Z   ...
2026-10-07T01:51:46.7614840Z # Subtest: task execution stops when an imported buffer cannot be saved
2026-10-07T01:51:46.7615350Z ok 126 - task execution stops when an imported buffer cannot be saved
2026-10-07T01:51:46.7615660Z   ---
2026-10-07T01:51:46.7623680Z   duration_ms: 1.481458
2026-10-07T01:51:46.7623900Z   type: 'test'
2026-10-07T01:51:46.7624080Z   ...
2026-10-07T01:51:46.7624440Z # Subtest: task execution stops when dirty imports cannot be resolved
2026-10-07T01:51:46.7624940Z ok 127 - task execution stops when dirty imports cannot be resolved
2026-10-07T01:51:46.7625260Z   ---
2026-10-07T01:51:46.7625450Z   duration_ms: 1.169375
2026-10-07T01:51:46.7625660Z   type: 'test'
2026-10-07T01:51:46.7625860Z   ...
2026-10-07T01:51:46.7626310Z # Subtest: saving an imported file refreshes its changed imports before launching the task
2026-10-07T01:51:46.7626960Z ok 128 - saving an imported file refreshes its changed imports before launching the task
2026-10-07T01:51:46.7627330Z   ---
2026-10-07T01:51:46.7627510Z   duration_ms: 2.448958
2026-10-07T01:51:46.7627750Z   type: 'test'
2026-10-07T01:51:46.7627980Z   ...
2026-10-07T01:51:46.7628370Z # Subtest: conflicting imported aliases are not saved over one another
2026-10-07T01:51:46.7628880Z ok 129 - conflicting imported aliases are not saved over one another
2026-10-07T01:51:46.7629190Z   ---
2026-10-07T01:51:46.7629380Z   duration_ms: 1.634458
2026-10-07T01:51:46.7629580Z   type: 'test'
2026-10-07T01:51:46.7629760Z   ...
2026-10-07T01:51:46.7630320Z # Subtest: standalone source without imports launches normally despite unrelated dirty buffers
2026-10-07T01:51:46.7630980Z ok 130 - standalone source without imports launches normally despite unrelated dirty buffers
2026-10-07T01:51:46.7631370Z   ---
2026-10-07T01:51:46.7631560Z   duration_ms: 1.267625
2026-10-07T01:51:46.7631780Z   type: 'test'
2026-10-07T01:51:46.7631970Z   ...
2026-10-07T01:51:46.7632370Z # Subtest: task execution stops if the entry buffer changes while an import is saved
2026-10-07T01:51:46.7632970Z ok 131 - task execution stops if the entry buffer changes while an import is saved
2026-10-07T01:51:46.7633380Z   ---
2026-10-07T01:51:46.7633570Z   duration_ms: 1.936875
2026-10-07T01:51:46.7633780Z   type: 'test'
2026-10-07T01:51:46.7633960Z   ...
2026-10-07T01:51:46.7634390Z # Subtest: task execution stops if the entry changes while its own project helper is saved
2026-10-07T01:51:46.7635020Z ok 132 - task execution stops if the entry changes while its own project helper is saved
2026-10-07T01:51:46.7635380Z   ---
2026-10-07T01:51:46.7635560Z   duration_ms: 1.391917
2026-10-07T01:51:46.7635770Z   type: 'test'
2026-10-07T01:51:46.7635950Z   ...
2026-10-07T01:51:46.7636330Z # Subtest: task execution stops if its source closes during project saving
2026-10-07T01:51:46.7637170Z ok 133 - task execution stops if its source closes during project saving
2026-10-07T01:51:46.7637590Z   ---
2026-10-07T01:51:46.7637770Z   duration_ms: 1.090667
2026-10-07T01:51:46.7637980Z   type: 'test'
2026-10-07T01:51:46.7638160Z   ...
2026-10-07T01:51:46.7638560Z # Subtest: task execution stops if a later project save changes the dirty manifest
2026-10-07T01:51:46.7639130Z ok 134 - task execution stops if a later project save changes the dirty manifest
2026-10-07T01:51:46.7639460Z   ---
2026-10-07T01:51:46.7639640Z   duration_ms: 1.45925
2026-10-07T01:51:46.7639850Z   type: 'test'
2026-10-07T01:51:46.7640020Z   ...
2026-10-07T01:51:46.7640450Z # Subtest: task execution stops if a later project save changes the already-saved manifest
2026-10-07T01:51:46.7641070Z ok 135 - task execution stops if a later project save changes the already-saved manifest
2026-10-07T01:51:46.7641440Z   ---
2026-10-07T01:51:46.7641630Z   duration_ms: 1.366834
2026-10-07T01:51:46.7641840Z   type: 'test'
2026-10-07T01:51:46.7642020Z   ...
2026-10-07T01:51:46.7642490Z # Subtest: task execution stops if an already-saved Rust input changes during a later project save
2026-10-07T01:51:46.7643170Z ok 136 - task execution stops if an already-saved Rust input changes during a later project save
2026-10-07T01:51:46.7643560Z   ---
2026-10-07T01:51:46.7643750Z   duration_ms: 1.283833
2026-10-07T01:51:46.7643950Z   type: 'test'
2026-10-07T01:51:46.7644140Z   ...
2026-10-07T01:51:46.7644580Z # Subtest: task execution stops if workspace trust changes during project saving
2026-10-07T01:51:46.7645130Z ok 137 - task execution stops if workspace trust changes during project saving
2026-10-07T01:51:46.7645470Z   ---
2026-10-07T01:51:46.7645640Z   duration_ms: 1.171709
2026-10-07T01:51:46.7645850Z   type: 'test'
2026-10-07T01:51:46.7646030Z   ...
2026-10-07T01:51:46.7646440Z # Subtest: task execution stops if the nearest project changes while an import is saved
2026-10-07T01:51:46.7647040Z ok 138 - task execution stops if the nearest project changes while an import is saved
2026-10-07T01:51:46.7647400Z   ---
2026-10-07T01:51:46.7647580Z   duration_ms: 1.711166
2026-10-07T01:51:46.7647790Z   type: 'test'
2026-10-07T01:51:46.7647980Z   ...
2026-10-07T01:51:46.7648460Z # Subtest: tasks suppress only the matching automatic scope and checks resume when the task ends
2026-10-07T01:51:46.7649130Z ok 139 - tasks suppress only the matching automatic scope and checks resume when the task ends
2026-10-07T01:51:46.7649510Z   ---
2026-10-07T01:51:46.7649690Z   duration_ms: 3.0905
2026-10-07T01:51:46.7649890Z   type: 'test'
2026-10-07T01:51:46.7650070Z   ...
2026-10-07T01:51:46.7650410Z # Subtest: task launch failure releases live check suppression
2026-10-07T01:51:46.7650880Z ok 140 - task launch failure releases live check suppression
2026-10-07T01:51:46.7651220Z   ---
2026-10-07T01:51:46.7651400Z   duration_ms: 1.312042
2026-10-07T01:51:46.7651620Z   type: 'test'
2026-10-07T01:51:46.7651820Z   ...
2026-10-07T01:51:46.7652280Z # Subtest: project task clears checks from its helper while preserving another project
2026-10-07T01:51:46.7652900Z ok 141 - project task clears checks from its helper while preserving another project
2026-10-07T01:51:46.7653270Z   ---
2026-10-07T01:51:46.7653490Z   duration_ms: 3.038708
2026-10-07T01:51:46.7653750Z   type: 'test'
2026-10-07T01:51:46.7653940Z   ...
2026-10-07T01:51:46.7654380Z # Subtest: a long task permits checks of new source without reacting to other project edits
2026-10-07T01:51:46.7655010Z ok 142 - a long task permits checks of new source without reacting to other project edits
2026-10-07T01:51:46.7655370Z   ---
2026-10-07T01:51:46.7655560Z   duration_ms: 2.074667
2026-10-07T01:51:46.7655760Z   type: 'test'
2026-10-07T01:51:46.7655950Z   ...
2026-10-07T01:51:46.7656360Z # Subtest: failed task diagnostics are replaced by checks and removed by source edits
2026-10-07T01:51:46.7656970Z ok 143 - failed task diagnostics are replaced by checks and removed by source edits
2026-10-07T01:51:46.7657330Z   ---
2026-10-07T01:51:46.7657770Z   duration_ms: 2.576125
2026-10-07T01:51:46.7658110Z   type: 'test'
2026-10-07T01:51:46.7658280Z   ...
2026-10-07T01:51:46.7658680Z # Subtest: manual checks inspect dirty imports outside the running task project
2026-10-07T01:51:46.7659420Z ok 144 - manual checks inspect dirty imports outside the running task project
2026-10-07T01:51:46.7659750Z   ---
2026-10-07T01:51:46.7659940Z   duration_ms: 1.9625
2026-10-07T01:51:46.7660140Z   type: 'test'
2026-10-07T01:51:46.7660320Z   ...
2026-10-07T01:51:46.7660760Z # Subtest: editing and closing imported aliases remove only their canonical task markers
2026-10-07T01:51:46.7661380Z ok 145 - editing and closing imported aliases remove only their canonical task markers
2026-10-07T01:51:46.7661740Z   ---
2026-10-07T01:51:46.7661920Z   duration_ms: 1.510333
2026-10-07T01:51:46.7662120Z   type: 'test'
2026-10-07T01:51:46.7662290Z   ...
2026-10-07T01:51:46.7662730Z # Subtest: typing invalidates snapshots without launching save-only checks per keystroke
2026-10-07T01:51:46.7663350Z ok 146 - typing invalidates snapshots without launching save-only checks per keystroke
2026-10-07T01:51:46.7664760Z   ---
2026-10-07T01:51:46.7664970Z   duration_ms: 4.73975
2026-10-07T01:51:46.7665200Z   type: 'test'
2026-10-07T01:51:46.7665380Z   ...
2026-10-07T01:51:46.7665930Z # Subtest: known unrelated diagnostics survive repeated edits while unknown and project inputs stay conservative
2026-10-07T01:51:46.7666720Z ok 147 - known unrelated diagnostics survive repeated edits while unknown and project inputs stay conservative
2026-10-07T01:51:46.7667150Z   ---
2026-10-07T01:51:46.7667340Z   duration_ms: 3.924083
2026-10-07T01:51:46.7667550Z   type: 'test'
2026-10-07T01:51:46.7667740Z   ...
2026-10-07T01:51:46.7668250Z # Subtest: known unrelated pending checks finish during edits and same-scope changes reject stale callbacks
2026-10-07T01:51:46.7669140Z ok 148 - known unrelated pending checks finish during edits and same-scope changes reject stale callbacks
2026-10-07T01:51:46.7669550Z   ---
2026-10-07T01:51:46.7669750Z   duration_ms: 2.840958
2026-10-07T01:51:46.7669960Z   type: 'test'
2026-10-07T01:51:46.7670140Z   ...
2026-10-07T01:51:46.7670600Z # Subtest: shared imports and stale dependency snapshots still invalidate diagnosed projects
2026-10-07T01:51:46.7671250Z ok 149 - shared imports and stale dependency snapshots still invalidate diagnosed projects
2026-10-07T01:51:46.7671610Z   ---
2026-10-07T01:51:46.7671790Z   duration_ms: 2.957958
2026-10-07T01:51:46.7672000Z   type: 'test'
2026-10-07T01:51:46.7672180Z   ...
2026-10-07T01:51:46.7672660Z # Subtest: failed symbols queries still supply static builtin help without erasing source diagnostics
2026-10-07T01:51:46.7673370Z ok 150 - failed symbols queries still supply static builtin help without erasing source diagnostics
2026-10-07T01:51:46.7673760Z   ---
2026-10-07T01:51:46.7673940Z   duration_ms: 2.547458
2026-10-07T01:51:46.7674150Z   type: 'test'
2026-10-07T01:51:46.7674330Z   ...
2026-10-07T01:51:46.7674750Z # Subtest: missing compiler keeps prefix completion, hover and signatures available
2026-10-07T01:51:46.7675370Z ok 151 - missing compiler keeps prefix completion, hover and signatures available
2026-10-07T01:51:46.7675720Z   ---
2026-10-07T01:51:46.7675900Z   duration_ms: 2.65125
2026-10-07T01:51:46.7676110Z   type: 'test'
2026-10-07T01:51:46.7676290Z   ...
2026-10-07T01:51:46.7676790Z # Subtest: borrowed local providers annotate hover and detail while keeping variable kind and insertion
2026-10-07T01:51:46.7677510Z ok 152 - borrowed local providers annotate hover and detail while keeping variable kind and insertion
2026-10-07T01:51:46.7677920Z   ---
2026-10-07T01:51:46.7678110Z   duration_ms: 4.04175
2026-10-07T01:51:46.7678310Z   type: 'test'
2026-10-07T01:51:46.7678510Z   ...
2026-10-07T01:51:46.7678990Z # Subtest: untrusted and untitled assistance executes no compiler and retains High/Low selectors
2026-10-07T01:51:46.7679670Z ok 153 - untrusted and untitled assistance executes no compiler and retains High/Low selectors
2026-10-07T01:51:46.7680430Z   ---
2026-10-07T01:51:46.7680890Z   duration_ms: 3.431375
2026-10-07T01:51:46.7681430Z   type: 'test'
2026-10-07T01:51:46.7681670Z   ...
2026-10-07T01:51:46.7682230Z # Subtest: Low builtin help uses fn and record in hover, completion and signatures without a compiler
2026-10-07T01:51:46.7682950Z ok 154 - Low builtin help uses fn and record in hover, completion and signatures without a compiler
2026-10-07T01:51:46.7683340Z   ---
2026-10-07T01:51:46.7683530Z   duration_ms: 4.236208
2026-10-07T01:51:46.7683740Z   type: 'test'
2026-10-07T01:51:46.7683920Z   ...
2026-10-07T01:51:46.7684500Z # Subtest: Low declaration and standard-operation help displays braces while retaining compiler kinds and call shapes
2026-10-07T01:51:46.7685350Z ok 155 - Low declaration and standard-operation help displays braces while retaining compiler kinds and call shapes
2026-10-07T01:51:46.7685790Z   ---
2026-10-07T01:51:46.7685980Z   duration_ms: 2.635084
2026-10-07T01:51:46.7686190Z   type: 'test'
2026-10-07T01:51:46.7686430Z   ...
2026-10-07T01:51:46.7686870Z # Subtest: Low enum declaration help removes namespace prefixes only from variant names
2026-10-07T01:51:46.7687490Z ok 156 - Low enum declaration help removes namespace prefixes only from variant names
2026-10-07T01:51:46.7687840Z   ---
2026-10-07T01:51:46.7688030Z   duration_ms: 3.393209
2026-10-07T01:51:46.7688240Z   type: 'test'
2026-10-07T01:51:46.7688420Z   ...
2026-10-07T01:51:46.7688840Z # Subtest: Low folding is available without trust or a compiler and honors cancellation
2026-10-07T01:51:46.7689440Z ok 157 - Low folding is available without trust or a compiler and honors cancellation
2026-10-07T01:51:46.7689800Z   ---
2026-10-07T01:51:46.7689980Z   duration_ms: 1.359417
2026-10-07T01:51:46.7690180Z   type: 'test'
2026-10-07T01:51:46.7690360Z   ...
2026-10-07T01:51:46.7690840Z # Subtest: cancelled, closed and changed documents cannot receive static fallback from failed queries
2026-10-07T01:51:46.7691560Z ok 158 - cancelled, closed and changed documents cannot receive static fallback from failed queries
2026-10-07T01:51:46.7691950Z   ---
2026-10-07T01:51:46.7692130Z   duration_ms: 1.352709
2026-10-07T01:51:46.7692330Z   type: 'test'
2026-10-07T01:51:46.7692520Z   ...
2026-10-07T01:51:46.7692960Z # Subtest: registered providers render enum/member kinds and payload signature parameters
2026-10-07T01:51:46.7693570Z ok 159 - registered providers render enum/member kinds and payload signature parameters
2026-10-07T01:51:46.7693890Z   ---
2026-10-07T01:51:46.7694020Z   duration_ms: 3.48075
2026-10-07T01:51:46.7694180Z   type: 'test'
2026-10-07T01:51:46.7694320Z   ...
2026-10-07T01:51:46.7694740Z # Subtest: standard F12 targets open compiler registry text through a read-only virtual document
2026-10-07T01:51:46.7695400Z ok 160 - standard F12 targets open compiler registry text through a read-only virtual document
2026-10-07T01:51:46.7695730Z   ---
2026-10-07T01:51:46.7695870Z   duration_ms: 1.904708
2026-10-07T01:51:46.7696020Z   type: 'test'
2026-10-07T01:51:46.7696150Z   ...
2026-10-07T01:51:46.7696580Z # Subtest: standard F12 keeps each project compiler registry text when another compiler is queried
2026-10-07T01:51:46.7697300Z ok 161 - standard F12 keeps each project compiler registry text when another compiler is queried
2026-10-07T01:51:46.7697640Z   ---
2026-10-07T01:51:46.7697790Z   duration_ms: 4.155875
2026-10-07T01:51:46.7697990Z   type: 'test'
2026-10-07T01:51:46.7698150Z   ...
2026-10-07T01:51:46.7699020Z # Subtest: keyword completion covers existing syntax in High and Low without leaking into types or members
2026-10-07T01:51:46.7699930Z ok 162 - keyword completion covers existing syntax in High and Low without leaking into types or members
2026-10-07T01:51:46.7700290Z   ---
2026-10-07T01:51:46.7700420Z   duration_ms: 2.159959
2026-10-07T01:51:46.7700600Z   type: 'test'
2026-10-07T01:51:46.7700770Z   ...
2026-10-07T01:51:46.7701140Z # Subtest: static builtin help works with incomplete syntax without an index
2026-10-07T01:51:46.7701960Z ok 163 - static builtin help works with incomplete syntax without an index
2026-10-07T01:51:46.7702380Z   ---
2026-10-07T01:51:46.7702510Z   duration_ms: 1.238375
2026-10-07T01:51:46.7702660Z   type: 'test'
2026-10-07T01:51:46.7702790Z   ...
2026-10-07T01:51:46.7703240Z # Subtest: static builtin fallback avoids declarations, parameters and local bindings that shadow the name
2026-10-07T01:51:46.7703980Z ok 164 - static builtin fallback avoids declarations, parameters and local bindings that shadow the name
2026-10-07T01:51:46.7704360Z   ---
2026-10-07T01:51:46.7704510Z   duration_ms: 3.085041
2026-10-07T01:51:46.7704670Z   type: 'test'
2026-10-07T01:51:46.7704810Z   ...
2026-10-07T01:51:46.7705290Z # Subtest: unresolved imports suppress guessed builtins but retain syntax and types; checked declarations win
2026-10-07T01:51:46.7706030Z ok 165 - unresolved imports suppress guessed builtins but retain syntax and types; checked declarations win
2026-10-07T01:51:46.7706410Z   ---
2026-10-07T01:51:46.7706540Z   duration_ms: 0.789875
2026-10-07T01:51:46.7706710Z   type: 'test'
2026-10-07T01:51:46.7712770Z   ...
2026-10-07T01:51:46.7713250Z # Subtest: signature help does not replace a compiler-resolved local function with builtin metadata
2026-10-07T01:51:46.7713910Z ok 166 - signature help does not replace a compiler-resolved local function with builtin metadata
2026-10-07T01:51:46.7714240Z   ---
2026-10-07T01:51:46.7714380Z   duration_ms: 0.408833
2026-10-07T01:51:46.7714530Z   type: 'test'
2026-10-07T01:51:46.7714660Z   ...
2026-10-07T01:51:46.7715060Z # Subtest: lexical references prevent guessed signatures when a type error removes local types
2026-10-07T01:51:46.7715700Z ok 167 - lexical references prevent guessed signatures when a type error removes local types
2026-10-07T01:51:46.7716060Z   ---
2026-10-07T01:51:46.7716190Z   duration_ms: 0.290125
2026-10-07T01:51:46.7716340Z   type: 'test'
2026-10-07T01:51:46.7716470Z   ...
2026-10-07T01:51:46.7716870Z # Subtest: unfinished line strings do not hide later assistance and preserve UTF-16 CRLF ranges
2026-10-07T01:51:46.7717500Z ok 168 - unfinished line strings do not hide later assistance and preserve UTF-16 CRLF ranges
2026-10-07T01:51:46.7717830Z   ---
2026-10-07T01:51:46.7717960Z   duration_ms: 0.691542
2026-10-07T01:51:46.7718120Z   type: 'test'
2026-10-07T01:51:46.7718250Z   ...
2026-10-07T01:51:46.7718680Z # Subtest: registered resources and constants keep namespaces and never create constructor snippets
2026-10-07T01:51:46.7719340Z ok 169 - registered resources and constants keep namespaces and never create constructor snippets
2026-10-07T01:51:46.7719680Z   ---
2026-10-07T01:51:46.7719810Z   duration_ms: 2.6385
2026-10-07T01:51:46.7719960Z   type: 'test'
2026-10-07T01:51:46.7720090Z   ...
2026-10-07T01:51:46.7720450Z # Subtest: standard operation and aliased constants preserve hover and argument help
2026-10-07T01:51:46.7721000Z ok 170 - standard operation and aliased constants preserve hover and argument help
2026-10-07T01:51:46.7721300Z   ---
2026-10-07T01:51:46.7721430Z   duration_ms: 0.989917
2026-10-07T01:51:46.7721590Z   type: 'test'
2026-10-07T01:51:46.7721720Z   ...
2026-10-07T01:51:46.7722100Z # Subtest: typed resource fields are read-only and do not expose type constants on values
2026-10-07T01:51:46.7722690Z ok 171 - typed resource fields are read-only and do not expose type constants on values
2026-10-07T01:51:46.7723010Z   ---
2026-10-07T01:51:46.7723130Z   duration_ms: 0.4795
2026-10-07T01:51:46.7723280Z   type: 'test'
2026-10-07T01:51:46.7723410Z   ...
2026-10-07T01:51:46.7723760Z # Subtest: virtual source identifiers cannot navigate to project paths or URLs
2026-10-07T01:51:46.7724260Z ok 172 - virtual source identifiers cannot navigate to project paths or URLs
2026-10-07T01:51:46.7724540Z   ---
2026-10-07T01:51:46.7724670Z   duration_ms: 0.2575
2026-10-07T01:51:46.7724830Z   type: 'test'
2026-10-07T01:51:46.7724950Z   ...
2026-10-07T01:51:46.7725320Z # Subtest: virtual registry revisions keep module paths and accept only a source hash
2026-10-07T01:51:46.7726250Z ok 173 - virtual registry revisions keep module paths and accept only a source hash
2026-10-07T01:51:46.7726660Z   ---
2026-10-07T01:51:46.7726800Z   duration_ms: 0.193916
2026-10-07T01:51:46.7726960Z   type: 'test'
2026-10-07T01:51:46.7727090Z   ...
2026-10-07T01:51:46.7727430Z # Subtest: Some and None are pattern assistance, not general value constructors
2026-10-07T01:51:46.7727940Z ok 174 - Some and None are pattern assistance, not general value constructors
2026-10-07T01:51:46.7728220Z   ---
2026-10-07T01:51:46.7728350Z   duration_ms: 0.790625
2026-10-07T01:51:46.7728500Z   type: 'test'
2026-10-07T01:51:46.7728630Z   ...
2026-10-07T01:51:46.7729050Z # Subtest: standard import completion uses the compiler catalog and replaces the full dotted path
2026-10-07T01:51:46.7729720Z ok 175 - standard import completion uses the compiler catalog and replaces the full dotted path
2026-10-07T01:51:46.7730050Z   ---
2026-10-07T01:51:46.7730180Z   duration_ms: 0.370583
2026-10-07T01:51:46.7730340Z   type: 'test'
2026-10-07T01:51:46.7730480Z   ...
2026-10-07T01:51:46.7730860Z # Subtest: Low standard imports can follow another declaration or import on the same line
2026-10-07T01:51:46.7731420Z ok 176 - Low standard imports can follow another declaration or import on the same line
2026-10-07T01:51:46.7731730Z   ---
2026-10-07T01:51:46.7731860Z   duration_ms: 0.149875
2026-10-07T01:51:46.7732010Z   type: 'test'
2026-10-07T01:51:46.7732140Z   ...
2026-10-07T01:51:46.7827620Z # Subtest: real nagi standard symbols keep resource identity, virtual sources and UTF-16 targets
2026-10-07T01:51:46.7828420Z ok 177 - real nagi standard symbols keep resource identity, virtual sources and UTF-16 targets
2026-10-07T01:51:46.7828850Z   ---
2026-10-07T01:51:46.7829210Z   duration_ms: 369.501167
2026-10-07T01:51:46.7829440Z   type: 'test'
2026-10-07T01:51:46.7829630Z   ...
2026-10-07T01:51:46.7830100Z # Subtest: real low standard symbols keep resource identity, virtual sources and UTF-16 targets
2026-10-07T01:51:46.7830790Z ok 178 - real low standard symbols keep resource identity, virtual sources and UTF-16 targets
2026-10-07T01:51:46.7831180Z   ---
2026-10-07T01:51:46.7831380Z   duration_ms: 366.945042
2026-10-07T01:51:46.7831610Z   type: 'test'
2026-10-07T01:51:46.7831800Z   ...
2026-10-07T01:51:47.0914020Z # Subtest: unsaved dependency standard aliases update sources without saving or building
2026-10-07T01:51:47.0914830Z ok 179 - unsaved dependency standard aliases update sources without saving or building
2026-10-07T01:51:47.0915240Z   ---
2026-10-07T01:51:47.0915450Z   duration_ms: 308.795584
2026-10-07T01:51:47.0915720Z   type: 'test'
2026-10-07T01:51:47.0915910Z   ...
2026-10-07T01:51:47.1721010Z # Subtest: an incomplete initial standard import uses the registry catalog from a saved snapshot
2026-10-07T01:51:47.1753000Z ok 180 - an incomplete initial standard import uses the registry catalog from a saved snapshot
2026-10-07T01:51:47.1761000Z   ---
2026-10-07T01:51:47.1761350Z   duration_ms: 80.439042
2026-10-07T01:51:47.1774670Z   type: 'test'
2026-10-07T01:51:47.1776060Z   ...
2026-10-07T01:51:47.2538350Z # Subtest: shared receiver fields are read-only regardless of each field type
2026-10-07T01:51:47.2560540Z ok 181 - shared receiver fields are read-only regardless of each field type
2026-10-07T01:51:47.2560930Z   ---
2026-10-07T01:51:47.2561130Z   duration_ms: 83.082375
2026-10-07T01:51:47.2561360Z   type: 'test'
2026-10-07T01:51:47.2561560Z   ...
2026-10-07T01:51:47.2592920Z # Subtest: nagi saved snapshots complete new modules and from-import names before imports are checked
2026-10-07T01:51:47.2593720Z ok 182 - nagi saved snapshots complete new modules and from-import names before imports are checked
2026-10-07T01:51:47.2594130Z   ---
2026-10-07T01:51:47.2594330Z   duration_ms: 3.297
2026-10-07T01:51:47.2594540Z   type: 'test'
2026-10-07T01:51:47.2594730Z   ...
2026-10-07T01:51:47.2595190Z # Subtest: nagi readiness and wait resources preserve namespaces and do not offer constructors
2026-10-07T01:51:47.2596070Z ok 183 - nagi readiness and wait resources preserve namespaces and do not offer constructors
2026-10-07T01:51:47.2596570Z   ---
2026-10-07T01:51:47.2596760Z   duration_ms: 4.161125
2026-10-07T01:51:47.2596970Z   type: 'test'
2026-10-07T01:51:47.2597150Z   ...
2026-10-07T01:51:47.2597580Z # Subtest: nagi WaitError value fields keep borrowed payload types and read-only status
2026-10-07T01:51:47.2598190Z ok 184 - nagi WaitError value fields keep borrowed payload types and read-only status
2026-10-07T01:51:47.2598540Z   ---
2026-10-07T01:51:47.2598730Z   duration_ms: 0.360792
2026-10-07T01:51:47.2598930Z   type: 'test'
2026-10-07T01:51:47.2599120Z   ...
2026-10-07T01:51:47.2599660Z # Subtest: nagi inferred standard operations insert positional calls and retain exact callback and Future contracts
2026-10-07T01:51:47.2600460Z ok 185 - nagi inferred standard operations insert positional calls and retain exact callback and Future contracts
2026-10-07T01:51:47.2600890Z   ---
2026-10-07T01:51:47.2601070Z   duration_ms: 1.15575
2026-10-07T01:51:47.2601280Z   type: 'test'
2026-10-07T01:51:47.2601470Z   ...
2026-10-07T01:51:47.2601950Z # Subtest: low saved snapshots complete new modules and from-import names before imports are checked
2026-10-07T01:51:47.2602650Z ok 186 - low saved snapshots complete new modules and from-import names before imports are checked
2026-10-07T01:51:47.2603030Z   ---
2026-10-07T01:51:47.2603220Z   duration_ms: 0.357958
2026-10-07T01:51:47.2603420Z   type: 'test'
2026-10-07T01:51:47.2603610Z   ...
2026-10-07T01:51:47.2604060Z # Subtest: low readiness and wait resources preserve namespaces and do not offer constructors
2026-10-07T01:51:47.2604700Z ok 187 - low readiness and wait resources preserve namespaces and do not offer constructors
2026-10-07T01:51:47.2605070Z   ---
2026-10-07T01:51:47.2605250Z   duration_ms: 1.665959
2026-10-07T01:51:47.2605460Z   type: 'test'
2026-10-07T01:51:47.2605640Z   ...
2026-10-07T01:51:47.2606060Z # Subtest: low WaitError value fields keep borrowed payload types and read-only status
2026-10-07T01:51:47.2606660Z ok 188 - low WaitError value fields keep borrowed payload types and read-only status
2026-10-07T01:51:47.2607010Z   ---
2026-10-07T01:51:47.2607190Z   duration_ms: 0.140416
2026-10-07T01:51:47.2607410Z   type: 'test'
2026-10-07T01:51:47.2607590Z   ...
2026-10-07T01:51:47.2608130Z # Subtest: low inferred standard operations insert positional calls and retain exact callback and Future contracts
2026-10-07T01:51:47.2608920Z ok 189 - low inferred standard operations insert positional calls and retain exact callback and Future contracts
2026-10-07T01:51:47.2609340Z   ---
2026-10-07T01:51:47.2609520Z   duration_ms: 0.924709
2026-10-07T01:51:47.2609740Z   type: 'test'
2026-10-07T01:51:47.2609920Z   ...
2026-10-07T01:51:47.2610390Z # Subtest: new operations and constants navigate to compiler standard sources with UTF-16 locations
2026-10-07T01:51:47.2611080Z ok 190 - new operations and constants navigate to compiler standard sources with UTF-16 locations
2026-10-07T01:51:47.2611470Z   ---
2026-10-07T01:51:47.2611650Z   duration_ms: 1.728666
2026-10-07T01:51:47.2611860Z   type: 'test'
2026-10-07T01:51:47.2612040Z   ...
2026-10-07T01:51:47.3671920Z # Subtest: real nagi borrowed list locals and nested fields keep read-only metadata in editor assistance
2026-10-07T01:51:47.3672800Z ok 191 - real nagi borrowed list locals and nested fields keep read-only metadata in editor assistance
2026-10-07T01:51:47.3673160Z   ---
2026-10-07T01:51:47.3673550Z   duration_ms: 94.805333
2026-10-07T01:51:47.3673980Z   type: 'test'
2026-10-07T01:51:47.3674620Z   ...
2026-10-07T01:51:47.3675270Z # Subtest: real low borrowed list locals and nested fields keep read-only metadata in editor assistance
2026-10-07T01:51:47.3676090Z ok 192 - real low borrowed list locals and nested fields keep read-only metadata in editor assistance
2026-10-07T01:51:47.3676550Z   ---
2026-10-07T01:51:47.3676860Z   duration_ms: 90.577584
2026-10-07T01:51:47.3677220Z   type: 'test'
2026-10-07T01:51:47.3677510Z   ...
2026-10-07T01:51:47.3678320Z # Subtest: real nagi map_error aliases retain inferred generics and standard virtual navigation
2026-10-07T01:51:47.3679320Z ok 193 - real nagi map_error aliases retain inferred generics and standard virtual navigation
2026-10-07T01:51:47.3679760Z   ---
2026-10-07T01:51:47.3680010Z   duration_ms: 91.579
2026-10-07T01:51:47.3680270Z   type: 'test'
2026-10-07T01:51:47.3680520Z   ...
2026-10-07T01:51:47.3681030Z # Subtest: real low map_error aliases retain inferred generics and standard virtual navigation
2026-10-07T01:51:47.3681650Z ok 194 - real low map_error aliases retain inferred generics and standard virtual navigation
2026-10-07T01:51:47.3681970Z   ---
2026-10-07T01:51:47.3682110Z   duration_ms: 87.372875
2026-10-07T01:51:47.3682280Z   type: 'test'
2026-10-07T01:51:47.3682410Z   ...
2026-10-07T01:51:47.3682860Z # Subtest: real nagi readiness and deadline API assistance keeps resource aliases and read-only fields
2026-10-07T01:51:47.3683520Z ok 195 - real nagi readiness and deadline API assistance keeps resource aliases and read-only fields
2026-10-07T01:51:47.3683880Z   ---
2026-10-07T01:51:47.3684010Z   duration_ms: 156.4045
2026-10-07T01:51:47.3684170Z   type: 'test'
2026-10-07T01:51:47.3684310Z   ...
2026-10-07T01:51:47.5198090Z # Subtest: real low readiness and deadline API assistance keeps resource aliases and read-only fields
2026-10-07T01:51:47.5229870Z ok 196 - real low readiness and deadline API assistance keeps resource aliases and read-only fields
2026-10-07T01:51:47.5283860Z   ---
2026-10-07T01:51:47.5330940Z   duration_ms: 153.450166
2026-10-07T01:51:47.5394840Z   type: 'test'
2026-10-07T01:51:47.5395890Z   ...
2026-10-07T01:51:47.5396620Z # Subtest: cross-module call curves fit with marker and stroke space on both sides
2026-10-07T01:51:47.5397300Z ok 197 - cross-module call curves fit with marker and stroke space on both sides
2026-10-07T01:51:47.5397960Z   ---
2026-10-07T01:51:47.5398470Z   duration_ms: 1.10375
2026-10-07T01:51:47.5398740Z   type: 'test'
2026-10-07T01:51:47.5399190Z   ...
2026-10-07T01:51:47.5399640Z # Subtest: ordinary stock-report layout keeps its existing extent
2026-10-07T01:51:47.5400460Z ok 198 - ordinary stock-report layout keeps its existing extent
2026-10-07T01:51:47.5400910Z   ---
2026-10-07T01:51:47.5401130Z   duration_ms: 0.08
2026-10-07T01:51:47.5401590Z   type: 'test'
2026-10-07T01:51:47.5401840Z   ...
2026-10-07T01:51:47.5402770Z # Subtest: geometry above or below the layout extends the vertical viewport
2026-10-07T01:51:47.5403490Z ok 199 - geometry above or below the layout extends the vertical viewport
2026-10-07T01:51:47.5403970Z   ---
2026-10-07T01:51:47.5404700Z   duration_ms: 0.064792
2026-10-07T01:51:47.5405140Z   type: 'test'
2026-10-07T01:51:47.5405370Z   ...
2026-10-07T01:51:47.5405940Z # Subtest: an empty SVG bounding box does not add blank padding
2026-10-07T01:51:47.5406570Z ok 200 - an empty SVG bounding box does not add blank padding
2026-10-07T01:51:47.5407090Z   ---
2026-10-07T01:51:47.5407330Z   duration_ms: 0.055834
2026-10-07T01:51:47.5407790Z   type: 'test'
2026-10-07T01:51:47.5408030Z   ...
2026-10-07T01:51:47.5408650Z # Subtest: non-finite browser measurements preserve the finite layout extent
2026-10-07T01:51:47.5409480Z ok 201 - non-finite browser measurements preserve the finite layout extent
2026-10-07T01:51:47.5410010Z   ---
2026-10-07T01:51:47.5410470Z   duration_ms: 0.239584
2026-10-07T01:51:47.5410710Z   type: 'test'
2026-10-07T01:51:47.5411060Z   ...
2026-10-07T01:51:47.5411270Z 1..201
2026-10-07T01:51:47.5411840Z # tests 201
2026-10-07T01:51:47.5412320Z # suites 0
2026-10-07T01:51:47.5412550Z # pass 201
2026-10-07T01:51:47.5412970Z # fail 0
2026-10-07T01:51:47.5417690Z # cancelled 0
2026-10-07T01:51:47.5417920Z # skipped 0
2026-10-07T01:51:47.5418130Z # todo 0
2026-10-07T01:51:47.5418410Z # duration_ms 4163.769542
2026-10-07T01:51:47.5460880Z ##[group]Run cargo test --locked -p nagic --test output_safety --test integer_arithmetic --test integer_zero_division --test constant_validation --test auth_boundaries --test view_branch_rebinding --test view_container_rebinding --test view_container_drop --test view_flow_foundation --test view_flow_completion --test explicit_moves --test task_handles --test conformance --test scope_runtime_contract --test copy_capabilities --test shared_field_moves --test asset_calls --test shared_target --test build_generations --test project
2026-10-07T01:51:47.5463880Z [36;1mcargo test --locked -p nagic --test output_safety --test integer_arithmetic --test integer_zero_division --test constant_validation --test auth_boundaries --test view_branch_rebinding --test view_container_rebinding --test view_container_drop --test view_flow_foundation --test view_flow_completion --test explicit_moves --test task_handles --test conformance --test scope_runtime_contract --test copy_capabilities --test shared_field_moves --test asset_calls --test shared_target --test build_generations --test project[0m
2026-10-07T01:51:47.5501130Z shell: /bin/bash -e {0}
2026-10-07T01:51:47.5501300Z env:
2026-10-07T01:51:47.5501530Z   NAGI_FAILURE_DIR: /Users/runner/work/Nagi/Nagi/build/compiler-failures
2026-10-07T01:51:47.5501840Z   CARGO_HOME: /Users/runner/.cargo
2026-10-07T01:51:47.5502020Z   CARGO_INCREMENTAL: 0
2026-10-07T01:51:47.5502220Z   CARGO_TERM_COLOR: always
2026-10-07T01:51:47.5502510Z   pythonLocation: /Users/runner/hostedtoolcache/Python/3.12.10/arm64
2026-10-07T01:51:47.5502900Z   PKG_CONFIG_PATH: /Users/runner/hostedtoolcache/Python/3.12.10/arm64/lib/pkgconfig
2026-10-07T01:51:47.5503300Z   Python_ROOT_DIR: /Users/runner/hostedtoolcache/Python/3.12.10/arm64
2026-10-07T01:51:47.5503650Z   Python2_ROOT_DIR: /Users/runner/hostedtoolcache/Python/3.12.10/arm64
2026-10-07T01:51:47.5504000Z   Python3_ROOT_DIR: /Users/runner/hostedtoolcache/Python/3.12.10/arm64
2026-10-07T01:51:47.5504290Z ##[endgroup]
2026-10-07T01:51:47.6573590Z [1m[92m   Compiling[0m nagic v0.1.11 (/Users/runner/work/Nagi/Nagi/compiler)
2026-10-07T01:51:50.1809840Z [1m[92m    Finished[0m `test` profile [unoptimized + debuginfo] target(s) in 2.58s
2026-10-07T01:51:50.1840230Z [1m[92m     Running[0m tests/asset_calls.rs (target/debug/deps/asset_calls-572415949e94a6d1)
2026-10-07T01:51:50.1868730Z 
2026-10-07T01:51:50.1869100Z running 2 tests
2026-10-07T01:51:50.1891000Z test a_missing_real_asset_still_reports_the_original_call ... ok
2026-10-07T01:51:50.3809110Z test local_callbacks_named_include_text_keep_literals_and_restore_builtin_after_scope ... ok
2026-10-07T01:51:50.3810460Z [1m[92m     Running[0m tests/auth_boundaries.rs (target/debug/deps/auth_boundaries-697d28ed749ce3ce)
2026-10-07T01:51:50.3810810Z 
2026-10-07T01:51:50.3811170Z test result: ok. 2 passed; 0 failed; 0 ignored; 0 measured; 0 filtered out; finished in 0.19s
2026-10-07T01:51:50.3811660Z 
2026-10-07T01:51:50.3839680Z 
2026-10-07T01:51:50.3839930Z running 9 tests
2026-10-07T01:51:50.4044120Z test handwritten_low_and_owned_local_containers_keep_nominal_marker_identity ... ok
2026-10-07T01:51:50.4245360Z test aliases_option_result_and_async_delegation_preserve_proof_identity ... ok
2026-10-07T01:51:50.4980980Z test a_function_signature_and_a_deep_dto_do_not_contain_a_proof_payload ... ok
2026-10-07T01:51:50.5299670Z test missing_principal_grant_wrong_permission_and_reuse_are_rejected ... ok
2026-10-07T01:51:50.8602080Z test indirect_arc_state_cannot_share_a_proof ... ok
2026-10-07T01:51:51.1126670Z test opaque_proofs_cannot_be_constructed_decoded_copied_or_shared ... ok
2026-10-07T01:52:27.3814630Z test proof_move_and_nominal_marker_build_and_run_against_real_runtime ... ok
2026-10-07T01:52:28.1523800Z test native_phantom_types_do_not_become_field_payloads ... ok
2026-10-07T01:52:28.5964240Z test opaque_main_errors_fail_without_a_debug_bound_or_proof_payload ... ok
2026-10-07T01:52:28.5965370Z 
2026-10-07T01:52:28.5969640Z [1m[92m     Running[0m tests/build_generations.rs (target/debug/deps/build_generations-1104df003b16c824)
2026-10-07T01:52:28.5970600Z test result: ok. 9 passed; 0 failed; 0 ignored; 0 measured; 0 filtered out; finished in 38.19s
2026-10-07T01:52:28.5971000Z 
2026-10-07T01:52:28.6087470Z 
2026-10-07T01:52:28.6087850Z running 22 tests
2026-10-07T01:52:29.2538570Z test cargo_cache_keeps_a_preexisting_default_package_binary_unchanged ... ok
2026-10-07T01:52:29.3534350Z test a_running_old_executable_is_not_replaced_by_a_new_build ... ok
2026-10-07T01:52:29.3925470Z test cargo_failure_retains_latest_and_inherited_lockfile ... ok
2026-10-07T01:52:29.4724770Z test invalid_input_does_not_create_output_or_its_lock ... ok
2026-10-07T01:52:29.8223940Z test latest_metadata_used_as_an_input_cannot_be_overwritten_by_rebuild ... ok
2026-10-07T01:52:29.9178260Z test lock_is_permanent_and_input_protection_is_rechecked_after_waiting ... ok
2026-10-07T01:52:30.1642010Z test latest_temp_failure_keeps_old_metadata_and_does_not_run_new_generation ... ok
2026-10-07T01:52:30.2147270Z test nonwriting_low_check_and_lower_do_not_wait_for_the_output_writer_lock ... ok
2026-10-07T01:52:30.2894190Z test compatibility_outputs_cannot_alias_previous_latest_metadata ... ok
2026-10-07T01:52:30.3105180Z test long_basename_accepted_by_the_previous_cache_scheme_uses_a_short_generation_bin ... ok
2026-10-07T01:52:31.0353500Z test projection_failure_keeps_old_latest_and_reports_partial_projection ... ok
2026-10-07T01:52:31.0423810Z test orphan_cargo_uses_an_immutable_snapshot_and_cannot_replace_next_generation ... ok
2026-10-07T01:52:31.1023080Z test parallel_latest_readers_observe_only_complete_published_generations ... ok
2026-10-07T01:52:31.3580560Z test published_manifest_runtime_reference_resolves_from_the_published_location ... ok
2026-10-07T01:52:31.7148580Z test run_releases_output_lock_before_waiting_for_the_selected_executable ... ok
2026-10-07T01:52:31.8311610Z test rebuild_publishes_new_generation_and_preserves_old_executable_and_snapshot ... ok
2026-10-07T01:52:32.0029530Z test user_low_snapshot_comes_from_this_input_instead_of_a_stale_high_projection ... ok
2026-10-07T01:52:32.6949550Z test writing_cost_report_cannot_alias_previous_latest ... ok
2026-10-07T01:52:32.8385250Z test same_and_different_apps_with_equivalent_output_paths_wait_for_one_output_writer ... ok
2026-10-07T01:52:33.0678000Z test writing_high_check_cannot_alias_previous_latest ... ok
2026-10-07T01:52:33.1255830Z test writing_high_lower_cannot_alias_previous_latest ... ok
2026-10-07T01:52:33.6923720Z test writing_check_lower_and_cost_wait_while_build_owns_the_output_lock ... ok
2026-10-07T01:52:33.6924290Z 
2026-10-07T01:52:33.6925000Z test result: ok. 22 passed; 0 failed; 0 ignored; 0 measured; 0 filtered out; finished in 5.08s
2026-10-07T01:52:33.6926200Z [1m[92m     Running[0m tests/conformance.rs (target/debug/deps/conformance-6180da8e2c3faad2)
2026-10-07T01:52:33.6926590Z 
2026-10-07T01:52:33.7029540Z 
2026-10-07T01:52:33.7030140Z running 6 tests
2026-10-07T01:52:33.7068520Z test batch_root_relocation_preserves_literals_raw_strings_and_comments ... ok
2026-10-07T01:52:33.9121190Z test explicit_move_corpus_reaches_native_execution ... ok
2026-10-07T01:52:33.9124790Z test failure_shrinking_preserves_the_checker_failure_instead_of_a_parse_error ... ok
2026-10-07T01:52:33.9558780Z test native_process_deadline_reaps_a_hanging_child ... ok
2026-10-07T01:52:33.9949320Z test backend_shrinking_does_not_turn_an_oracle_error_into_a_compiler_reproducer ... ok
2026-10-07T01:52:34.2112770Z test corpus_and_bounded_generated_contracts_reach_native_execution ... ok
2026-10-07T01:52:34.2113180Z 
2026-10-07T01:52:34.2113640Z test result: ok. 6 passed; 0 failed; 0 ignored; 0 measured; 0 filtered out; finished in 0.51s
2026-10-07T01:52:34.2114150Z 
2026-10-07T01:52:34.2116380Z [1m[92m     Running[0m tests/constant_validation.rs (target/debug/deps/constant_validation-8246749ca47e28cf)
2026-10-07T01:52:34.2210040Z 
2026-10-07T01:52:34.2210570Z running 10 tests
2026-10-07T01:52:34.2319870Z test builtin_widening_uses_resolution_and_result_casts_remain_opaque ... ok
2026-10-07T01:52:34.2374880Z test binding_facts_follow_reassignment_scope_and_continuing_branch_joins ... ok
2026-10-07T01:52:34.2376400Z test compound_failures_are_checked_even_in_dead_branches_and_short_circuit_rhs ... ok
2026-10-07T01:52:34.2377810Z test loop_writes_kill_facts_before_conditions_and_respect_shadowed_counter_bindings ... ok
2026-10-07T01:52:34.2410720Z test compound_and_alias_zero_fail_after_type_check_in_all_widths_and_forms ... ok
2026-10-07T01:52:34.2434170Z test profile_dependent_intermediates_are_not_folded_to_a_known_zero ... ok
2026-10-07T01:52:34.2434900Z test signed_minimum_division_and_remainder_are_static_failures_in_every_width ... ok
2026-10-07T01:52:34.2435490Z test typed_ast_errors_precede_new_constant_diagnostics ... ok
2026-10-07T01:52:34.2563260Z test compound_diagnostics_identify_original_modules_before_cargo ... ok
2026-10-07T01:52:34.6924690Z test minimum_negation_and_integer_oracle_build_and_run_in_both_profiles ... ok
2026-10-07T01:52:34.6925070Z 
2026-10-07T01:52:34.6925610Z test result: ok. 10 passed; 0 failed; 0 ignored; 0 measured; 0 filtered out; finished in 0.47s
2026-10-07T01:52:34.6925980Z 
2026-10-07T01:52:34.6926790Z [1m[92m     Running[0m tests/copy_capabilities.rs (target/debug/deps/copy_capabilities-732bfcb6eafa7823)
2026-10-07T01:52:34.7016810Z 
2026-10-07T01:52:34.7017340Z running 2 tests
2026-10-07T01:52:34.8013020Z test omitted_clone_adapter_reports_the_element_clone_bound ... ok
2026-10-07T01:52:34.9540290Z test manual_clone_adapter_copies_owned_enum_payloads_in_high_and_independent_low ... ok
2026-10-07T01:52:34.9540760Z 
2026-10-07T01:52:34.9541220Z test result: ok. 2 passed; 0 failed; 0 ignored; 0 measured; 0 filtered out; finished in 0.25s
2026-10-07T01:52:34.9541530Z 
2026-10-07T01:52:34.9542100Z [1m[92m     Running[0m tests/explicit_moves.rs (target/debug/deps/explicit_moves-ed5e53d3410a9931)
2026-10-07T01:52:34.9634290Z 
2026-10-07T01:52:34.9634440Z running 9 tests
2026-10-07T01:52:35.0128260Z test explicit_move_preserves_use_after_move_borrow_partial_move_and_loop_checks ... ok
2026-10-07T01:52:35.0338720Z test copy_inputs_keep_ordinary_assignment_and_move_expected_type_inference ... ok
2026-10-07T01:52:50.5551490Z test identity_moves_preserve_rhs_failure_drop_order_and_async_cancellation ... ok
2026-10-07T01:52:50.5818460Z test implicit_noncopy_local_assignments_fail_at_the_original_source_line ... ok
2026-10-07T01:52:50.7176570Z test canonical_aliases_shadowing_and_transparent_values_run_in_all_three_sources ... ok
2026-10-07T01:52:50.7321570Z test move_operation_rejects_arity_type_arguments_and_future_transfer ... ok
2026-10-07T01:52:50.7554380Z test moving_nested_view_containers_keeps_escape_and_temporary_rejections ... ok
2026-10-07T01:52:51.0023970Z test identity_move_materializes_copy_values_and_keeps_bare_place_comparison_loans ... ok
2026-10-07T01:52:51.1696030Z test move_keeps_typed_constant_failures_and_profile_dependent_overflow ... ok
2026-10-07T01:52:51.1696430Z 
2026-10-07T01:52:51.1696820Z test result: ok. 9 passed; 0 failed; 0 ignored; 0 measured; 0 filtered out; finished in 16.20s
2026-10-07T01:52:51.1697190Z 
2026-10-07T01:52:51.1702120Z [1m[92m     Running[0m tests/integer_arithmetic.rs (target/debug/deps/integer_arithmetic-7f0958496ebbb96e)
2026-10-07T01:52:51.1795980Z 
2026-10-07T01:52:51.1796540Z running 2 tests
2026-10-07T01:52:51.2377450Z test native_adapter_constant_overflow_keeps_rust_diagnostics ... ok
2026-10-07T01:52:51.4202170Z test constant_integer_arithmetic_preserves_release_wrapping_and_debug_panics ... ok
2026-10-07T01:52:51.4202590Z 
2026-10-07T01:52:51.4203080Z test result: ok. 2 passed; 0 failed; 0 ignored; 0 measured; 0 filtered out; finished in 0.24s
2026-10-07T01:52:51.4203400Z 
2026-10-07T01:52:51.4204380Z [1m[92m     Running[0m tests/integer_zero_division.rs (target/debug/deps/integer_zero_division-c5788311f9cb089f)
2026-10-07T01:52:51.4288870Z 
2026-10-07T01:52:51.4289710Z running 5 tests
2026-10-07T01:52:51.4378220Z test dynamic_aliases_remain_runtime_operations ... ok
2026-10-07T01:52:51.4539120Z test explicit_integer_zero_divisors_fail_in_high_handwritten_low_and_saved_low ... ok
2026-10-07T01:52:51.4540300Z test operand_and_earlier_type_errors_keep_priority_over_zero_divisor_errors ... ok
2026-10-07T01:52:51.5528390Z test cli_rejects_zero_at_the_original_file_and_line_before_cargo ... ok
2026-10-07T01:52:52.1795970Z test dynamic_zero_nonzero_and_float_controls_compile_and_run_in_both_profiles ... ok
2026-10-07T01:52:52.1796370Z 
2026-10-07T01:52:52.1796810Z test result: ok. 5 passed; 0 failed; 0 ignored; 0 measured; 0 filtered out; finished in 0.75s
2026-10-07T01:52:52.1797220Z 
2026-10-07T01:52:52.1798130Z [1m[92m     Running[0m tests/output_safety.rs (target/debug/deps/output_safety-5fdc18f31b79e2ec)
2026-10-07T01:52:52.1886090Z 
2026-10-07T01:52:52.1886670Z running 10 tests
2026-10-07T01:52:52.1965000Z test custom_project_manifest_is_protected_before_generated_outputs ... ok
2026-10-07T01:52:52.1972660Z test build_preflights_rust_adapter_before_writing_any_generated_files ... ok
2026-10-07T01:52:52.2012600Z test aliased_generated_outputs_are_rejected_without_partial_writes ... ok
2026-10-07T01:52:52.2062190Z test include_text_assets_are_protected_in_generated_and_map_outputs ... ok
2026-10-07T01:52:52.2220540Z test every_generated_file_rejects_a_hard_link_to_an_imported_source ... ok
2026-10-07T01:52:52.2260120Z test loaded_empty_module_filters_produce_empty_type_and_call_graphs ... ok
2026-10-07T01:52:52.2409460Z test native_low_is_not_replaced_by_check_or_lower_output ... ok
2026-10-07T01:52:52.2453840Z test symlinked_generated_paths_preserve_all_inputs ... ok
2026-10-07T01:52:52.2512880Z test repeated_checks_and_build_preparation_keep_existing_generated_outputs_usable ... ok
2026-10-07T01:52:52.3466940Z test map_formats_protect_hard_links_to_sources_manifest_and_rust_adapter ... ok
2026-10-07T01:52:52.3467320Z 
2026-10-07T01:52:52.3472140Z test result: ok. 10 passed; 0 failed; 0 ignored; 0 measured; 0 filtered out; finished in 0.16s
2026-10-07T01:52:52.3472510Z 
2026-10-07T01:52:52.3473890Z [1m[92m     Running[0m tests/project.rs (target/debug/deps/project-105f50c315eca308)
2026-10-07T01:52:52.3557300Z 
2026-10-07T01:52:52.3557700Z running 12 tests
2026-10-07T01:52:52.3677120Z test actual_cli_manifest_and_import_errors_point_to_original_files ... ok
2026-10-07T01:52:52.3749750Z test actual_cli_checks_entry_with_low_support_from_a_subdirectory ... ok
2026-10-07T01:52:52.3765310Z test cli_overrides_scalars_and_dependency_versions_and_adds_native_files ... ok
2026-10-07T01:52:52.3765880Z test dependency_alias_collision_across_manifest_and_cli_is_rejected ... ok
2026-10-07T01:53:33.7876490Z test escaped_record_and_route_names_preserve_json_sqlite_and_rust_bridges ... ok
2026-10-07T01:53:33.7977320Z test explicit_source_keeps_legacy_behavior_even_next_to_a_broken_manifest ... ok
2026-10-07T01:53:33.8080150Z test invalid_commands_and_flags_fail_before_loading_sources ... ok
2026-10-07T01:53:33.8181810Z test manifest_typos_wrong_types_duplicates_and_empty_paths_are_rejected ... ok
2026-10-07T01:53:33.8283100Z test nearest_project_uses_manifest_relative_paths_from_any_subdirectory ... ok
2026-10-07T01:53:33.8409860Z test rust_diagnostic_details_are_an_explicit_build_or_run_option ... ok
2026-10-07T01:53:34.0145480Z test a_borrowed_record_field_does_not_block_moving_a_disjoint_field ... ok
2026-10-07T01:53:40.2365360Z test actual_run_uses_rust_dependencies_and_a_stable_project_working_directory ... ok
2026-10-07T01:53:40.2365910Z 
2026-10-07T01:53:40.2367860Z test result: ok. 12 passed; 0 failed; 0 ignored; 0 measured; 0 filtered out; finished in 47.86s
2026-10-07T01:53:40.2368370Z 
2026-10-07T01:53:40.2374200Z [1m[92m     Running[0m tests/scope_runtime_contract.rs (target/debug/deps/scope_runtime_contract-5c2b461310a9a343)
2026-10-07T01:53:40.2457010Z 
2026-10-07T01:53:40.2457330Z running 1 test
2026-10-07T01:53:45.5740370Z test generated_scope_failure_and_cancellation_contract_runs_with_the_real_runtime ... ok
2026-10-07T01:53:45.5740960Z 
2026-10-07T01:53:45.5746360Z test result: ok. 1 passed; 0 failed; 0 ignored; 0 measured; 0 filtered out; finished in 5.33s
2026-10-07T01:53:45.5746940Z 
2026-10-07T01:53:45.5747790Z [1m[92m     Running[0m tests/shared_field_moves.rs (target/debug/deps/shared_field_moves-51daf1c15414f83f)
2026-10-07T01:53:45.5833420Z 
2026-10-07T01:53:45.5834190Z running 4 tests
2026-10-07T01:53:45.5983650Z test nested_shared_parents_and_call_temporaries_cannot_supply_owned_fields ... ok
2026-10-07T01:53:45.6101720Z test shared_field_moves_are_rejected_in_each_consuming_context_in_high_and_handwritten_low ... ok
2026-10-07T01:53:45.6124740Z test invalid_shared_field_moves_fail_before_check_build_or_run_needs_cargo ... ok
2026-10-07T01:53:46.2371170Z test valid_arc_moves_copy_fields_and_explicit_copies_run_in_high_and_independent_low ... ok
2026-10-07T01:53:46.2371580Z 
2026-10-07T01:53:46.2371990Z test result: ok. 4 passed; 0 failed; 0 ignored; 0 measured; 0 filtered out; finished in 0.65s
2026-10-07T01:53:46.2372350Z 
2026-10-07T01:53:46.2373510Z [1m[92m     Running[0m tests/shared_target.rs (target/debug/deps/shared_target-58ef4fbab9f74287)
2026-10-07T01:53:46.2464780Z 
2026-10-07T01:53:46.2465640Z running 3 tests
2026-10-07T01:53:46.2496910Z test repeated_timestamps_keep_fixture_ownership_distinct ... ok
2026-10-07T01:53:47.3508900Z test default_shared_targets_keep_application_identity_stable_and_generations_distinct ... ok
2026-10-07T01:53:47.3516330Z test explicitly_shared_targets_keep_application_identity_stable_and_generations_distinct ... ok
2026-10-07T01:53:47.3516660Z 
2026-10-07T01:53:47.3521420Z test result: ok. 3 passed; 0 failed; 0 ignored; 0 measured; 0 filtered out; finished in 1.10s
2026-10-07T01:53:47.3521730Z 
2026-10-07T01:53:47.3523790Z [1m[92m     Running[0m tests/task_handles.rs (target/debug/deps/task_handles-94832b6fbc85b68e)
2026-10-07T01:53:47.3615420Z 
2026-10-07T01:53:47.3616240Z running 8 tests
2026-10-07T01:53:47.3856910Z test canonical_task_metadata_survives_saved_low_and_user_task_names ... ok
2026-10-07T01:53:54.5767090Z test native_business_fault_cleanup_and_branch_contracts ... ok
2026-10-07T01:53:54.5911380Z test raw_check_registers_contextual_task_and_preserves_obligation ... ok
2026-10-07T01:53:57.0228360Z test bounded_generated_task_paths_reach_native ... ok
2026-10-07T01:53:59.9982460Z test task_conditional_consumption::always_evaluated_receipts_and_lazy_values_run_in_three_sources ... ok
2026-10-07T01:54:00.5871260Z test task_service::legacy_supervisor_terminal_and_normal_shutdown_reach_real_http ... ok
2026-10-07T01:54:03.1300030Z test task_service_s2::typed_monitor_preserves_service_errors_shutdown_and_parent_drop ... ok
2026-10-07T01:54:19.2054540Z test positive_contracts_build_and_run_high_saved_and_handwritten_low ... ok
2026-10-07T01:54:19.2055590Z 
2026-10-07T01:54:19.2056600Z test result: ok. 8 passed; 0 failed; 0 ignored; 0 measured; 0 filtered out; finished in 31.83s
2026-10-07T01:54:19.2062900Z [1m[92m     Running[0m tests/view_branch_rebinding.rs (target/debug/deps/view_branch_rebinding-d018d5b4fd754151)
2026-10-07T01:54:19.2063510Z 
2026-10-07T01:54:19.2160820Z 
2026-10-07T01:54:19.2161790Z running 4 tests
2026-10-07T01:54:19.2292780Z test local_views_still_cannot_escape_a_terminating_or_continuing_branch ... ok
2026-10-07T01:54:19.2322330Z test terminating_parent_blocks_respect_loop_and_pattern_binding_names ... ok
2026-10-07T01:54:19.2326860Z test branch_copies_are_synthetic_and_preserve_public_and_callback_lifetimes ... ok
2026-10-07T01:54:19.6452870Z test terminating_view_updates_compile_and_run_in_high_saved_low_and_handwritten_low ... ok
2026-10-07T01:54:19.6453210Z 
2026-10-07T01:54:19.6453720Z test result: ok. 4 passed; 0 failed; 0 ignored; 0 measured; 0 filtered out; finished in 0.43s
2026-10-07T01:54:19.6454050Z 
2026-10-07T01:54:19.6454890Z [1m[92m     Running[0m tests/view_container_drop.rs (target/debug/deps/view_container_drop-b451aba8ecc3d54c)
2026-10-07T01:54:19.6553180Z 
2026-10-07T01:54:19.6553450Z running 1 test
2026-10-07T01:54:20.4844370Z test local_view_container_replacement_preserves_allocations_and_drop_order ... ok
2026-10-07T01:54:20.4844840Z 
2026-10-07T01:54:20.4845330Z test result: ok. 1 passed; 0 failed; 0 ignored; 0 measured; 0 filtered out; finished in 0.83s
2026-10-07T01:54:20.4845630Z 
2026-10-07T01:54:20.4846750Z [1m[92m     Running[0m tests/view_container_rebinding.rs (target/debug/deps/view_container_rebinding-1aa8cc160b2ce771)
2026-10-07T01:54:20.4934400Z 
2026-10-07T01:54:20.4935280Z running 4 tests
2026-10-07T01:54:20.5031940Z test local_container_escape_stays_rejected_in_high_and_low ... ok
2026-10-07T01:54:20.6309760Z test restore_rhs_keeps_its_source_line_and_generated_slots_are_synthetic ... ok
2026-10-07T01:54:20.7760440Z test move_phi_and_mutation_fixtures_use_the_container_flow_plan ... ok
2026-10-07T01:54:21.3451390Z test owning_view_container_rebinding_runs_in_high_saved_low_and_handwritten_low ... ok
2026-10-07T01:54:21.3451780Z 
2026-10-07T01:54:21.3452170Z test result: ok. 4 passed; 0 failed; 0 ignored; 0 measured; 0 filtered out; finished in 0.85s
2026-10-07T01:54:21.3452540Z 
2026-10-07T01:54:21.3453770Z [1m[92m     Running[0m tests/view_flow_completion.rs (target/debug/deps/view_flow_completion-186c5094e1f3e455)
2026-10-07T01:54:21.3538150Z 
2026-10-07T01:54:21.3539060Z running 3 tests
2026-10-07T01:54:21.3629280Z test completion_keeps_local_and_iterator_owner_escape_rejections ... ok
2026-10-07T01:54:21.3730360Z test scopes_keep_lexical_storage_and_route_nested_errors ... ok
2026-10-07T01:54:22.1405560Z test owned_storage_loops_and_async_compile_and_run_in_all_source_forms ... ok
2026-10-07T01:54:22.1405930Z 
2026-10-07T01:54:22.1406370Z test result: ok. 3 passed; 0 failed; 0 ignored; 0 measured; 0 filtered out; finished in 0.79s
2026-10-07T01:54:22.1406650Z 
2026-10-07T01:54:22.1407760Z [1m[92m     Running[0m tests/view_flow_foundation.rs (target/debug/deps/view_flow_foundation-795403ec214f79ad)
2026-10-07T01:54:22.1491700Z 
2026-10-07T01:54:22.1491980Z running 2 tests
2026-10-07T01:54:22.1744590Z test observer_lowering_does_not_accept_local_owner_escapes ... ok
2026-10-07T01:54:22.8280180Z test return_observers_and_match_edges_compile_and_run_in_all_source_forms ... ok
2026-10-07T01:54:22.8280620Z 
2026-10-07T01:54:22.8281020Z test result: ok. 2 passed; 0 failed; 0 ignored; 0 measured; 0 filtered out; finished in 0.68s
2026-10-07T01:54:22.8281450Z 
2026-10-07T01:54:22.8365900Z ##[group]Run cargo test --locked -p nagic --test sqlite_contract_inputs
2026-10-07T01:54:22.8366530Z [36;1mcargo test --locked -p nagic --test sqlite_contract_inputs[0m
2026-10-07T01:54:22.8415560Z shell: /bin/bash -e {0}
2026-10-07T01:54:22.8415750Z env:
2026-10-07T01:54:22.8416040Z   NAGI_FAILURE_DIR: /Users/runner/work/Nagi/Nagi/build/compiler-failures
2026-10-07T01:54:22.8416390Z   CARGO_HOME: /Users/runner/.cargo
2026-10-07T01:54:22.8416630Z   CARGO_INCREMENTAL: 0
2026-10-07T01:54:22.8416850Z   CARGO_TERM_COLOR: always
2026-10-07T01:54:22.8417180Z   pythonLocation: /Users/runner/hostedtoolcache/Python/3.12.10/arm64
2026-10-07T01:54:22.8417720Z   PKG_CONFIG_PATH: /Users/runner/hostedtoolcache/Python/3.12.10/arm64/lib/pkgconfig
2026-10-07T01:54:22.8418160Z   Python_ROOT_DIR: /Users/runner/hostedtoolcache/Python/3.12.10/arm64
2026-10-07T01:54:22.8418570Z   Python2_ROOT_DIR: /Users/runner/hostedtoolcache/Python/3.12.10/arm64
2026-10-07T01:54:22.8419060Z   Python3_ROOT_DIR: /Users/runner/hostedtoolcache/Python/3.12.10/arm64
2026-10-07T01:54:22.8419410Z ##[endgroup]
2026-10-07T01:54:22.9477140Z [1m[92m   Compiling[0m nagic v0.1.11 (/Users/runner/work/Nagi/Nagi/compiler)
2026-10-07T01:54:23.3534020Z [1m[92m    Finished[0m `test` profile [unoptimized + debuginfo] target(s) in 0.45s
2026-10-07T01:54:23.3547700Z [1m[92m     Running[0m tests/sqlite_contract_inputs.rs (target/debug/deps/sqlite_contract_inputs-d979839182dd034d)
2026-10-07T01:54:23.3576930Z 
2026-10-07T01:54:23.3582260Z running 2 tests
2026-10-07T01:54:23.3642190Z test planned_rejection_anchors_identify_original_fixture_lines_and_lexer_tokens ... ok
2026-10-07T01:54:23.3650520Z test every_planned_high_and_handwritten_low_input_parses_before_module_resolution ... ok
2026-10-07T01:54:23.3651280Z 
2026-10-07T01:54:23.3652140Z test result: ok. 2 passed; 0 failed; 0 ignored; 0 measured; 0 filtered out; finished in 0.01s
2026-10-07T01:54:23.3652590Z 
2026-10-07T01:54:23.3703720Z ##[group]Run set -o pipefail
2026-10-07T01:54:23.3704040Z [36;1mset -o pipefail[0m
2026-10-07T01:54:23.3704400Z [36;1mcargo test --locked -p nagi-runtime --lib task::tests:: 2>&1 | tee "$RUNNER_TEMP/task-runtime.log"[0m
2026-10-07T01:54:23.3705180Z [36;1mpython -c 'import pathlib,re,os; text=pathlib.Path(os.environ["RUNNER_TEMP"],"task-runtime.log").read_text(); assert re.search(r"test result: ok\. 17 passed; 0 failed; 0 ignored;",text),text'[0m
2026-10-07T01:54:23.3705860Z [36;1mcargo test --locked -p nagi-runtime --test task_handles[0m
2026-10-07T01:54:23.3706160Z [36;1mcargo test --locked -p nagi-runtime --doc[0m
2026-10-07T01:54:23.3741610Z shell: /bin/bash --noprofile --norc -e -o pipefail {0}
2026-10-07T01:54:23.3741850Z env:
2026-10-07T01:54:23.3742070Z   NAGI_FAILURE_DIR: /Users/runner/work/Nagi/Nagi/build/compiler-failures
2026-10-07T01:54:23.3742430Z   CARGO_HOME: /Users/runner/.cargo
2026-10-07T01:54:23.3742610Z   CARGO_INCREMENTAL: 0
2026-10-07T01:54:23.3743000Z   CARGO_TERM_COLOR: always
2026-10-07T01:54:23.3743290Z   pythonLocation: /Users/runner/hostedtoolcache/Python/3.12.10/arm64
2026-10-07T01:54:23.3743700Z   PKG_CONFIG_PATH: /Users/runner/hostedtoolcache/Python/3.12.10/arm64/lib/pkgconfig
2026-10-07T01:54:23.3744090Z   Python_ROOT_DIR: /Users/runner/hostedtoolcache/Python/3.12.10/arm64
2026-10-07T01:54:23.3744480Z   Python2_ROOT_DIR: /Users/runner/hostedtoolcache/Python/3.12.10/arm64
2026-10-07T01:54:23.3744910Z   Python3_ROOT_DIR: /Users/runner/hostedtoolcache/Python/3.12.10/arm64
2026-10-07T01:54:23.3745180Z ##[endgroup]
2026-10-07T01:54:23.4600060Z [1m[92m   Compiling[0m proc-macro2 v1.0.107
2026-10-07T01:54:23.4732340Z [1m[92m   Compiling[0m libc v0.2.189
2026-10-07T01:54:23.4833720Z [1m[92m   Compiling[0m unicode-ident v1.0.26
2026-10-07T01:54:23.5251670Z [1m[92m   Compiling[0m quote v1.0.47
2026-10-07T01:54:23.7098550Z [1m[92m   Compiling[0m bytes v1.12.1
2026-10-07T01:54:24.0641270Z [1m[92m   Compiling[0m pin-project-lite v0.2.17
2026-10-07T01:54:24.0955680Z [1m[92m   Compiling[0m version_check v0.9.5
2026-10-07T01:54:24.1164350Z [1m[92m   Compiling[0m errno v0.3.14
2026-10-07T01:54:24.1572000Z [1m[92m   Compiling[0m syn v3.0.6
2026-10-07T01:54:24.1779280Z [1m[92m   Compiling[0m futures-core v0.3.34
2026-10-07T01:54:24.2407570Z [1m[92m   Compiling[0m signal-hook-registry v1.4.8
2026-10-07T01:54:24.2520540Z [1m[92m   Compiling[0m generic-array v0.14.7
2026-10-07T01:54:24.3724590Z [1m[92m   Compiling[0m http v1.5.0
2026-10-07T01:54:24.4017630Z [1m[92m   Compiling[0m mio v1.2.3
2026-10-07T01:54:24.7283990Z [1m[92m   Compiling[0m socket2 v0.6.5
2026-10-07T01:54:24.9717810Z [1m[92m   Compiling[0m zerocopy v0.8.59
2026-10-07T01:54:24.9848820Z [1m[92m   Compiling[0m typenum v1.20.1
2026-10-07T01:54:25.2034810Z [1m[92m   Compiling[0m getrandom v0.3.4
2026-10-07T01:54:25.3717110Z [1m[92m   Compiling[0m cfg-if v1.0.5
2026-10-07T01:54:25.4311970Z [1m[92m   Compiling[0m serde_core v1.0.229
2026-10-07T01:54:25.6154650Z [1m[92m   Compiling[0m httparse v1.10.1
2026-10-07T01:54:25.8808650Z [1m[92m   Compiling[0m log v0.4.34
2026-10-07T01:54:25.9607190Z [1m[92m   Compiling[0m rand_core v0.9.5
2026-10-07T01:54:26.1992140Z [1m[92m   Compiling[0m tokio-macros v2.7.2
2026-10-07T01:54:26.5845080Z [1m[92m   Compiling[0m tokio v1.53.1
2026-10-07T01:54:27.5650820Z [1m[92m   Compiling[0m block-buffer v0.10.4
2026-10-07T01:54:27.6279220Z [1m[92m   Compiling[0m crypto-common v0.1.7
2026-10-07T01:54:27.6857430Z [1m[92m   Compiling[0m http-body v1.1.0
2026-10-07T01:54:27.7544680Z [1m[92m   Compiling[0m once_cell v1.21.4
2026-10-07T01:54:27.8574540Z [1m[92m   Compiling[0m thiserror v2.0.21
2026-10-07T01:54:27.9167690Z [1m[92m   Compiling[0m ppv-lite86 v0.2.21
2026-10-07T01:54:28.0693430Z [1m[92m   Compiling[0m rand_chacha v0.9.0
2026-10-07T01:54:28.1530210Z [1m[92m   Compiling[0m tracing-core v0.1.36
2026-10-07T01:54:28.4101670Z [1m[92m   Compiling[0m digest v0.10.7
2026-10-07T01:54:28.5087350Z [1m[92m   Compiling[0m futures-macro v0.3.34
2026-10-07T01:54:28.5718090Z [1m[92m   Compiling[0m thiserror-impl v2.0.21
2026-10-07T01:54:29.0674180Z [1m[92m   Compiling[0m cpufeatures v0.2.17
2026-10-07T01:54:29.1183600Z [1m[92m   Compiling[0m tower-service v0.3.3
2026-10-07T01:54:29.1599580Z [1m[92m   Compiling[0m serde v1.0.229
2026-10-07T01:54:29.3801680Z [1m[92m   Compiling[0m slab v0.4.12
2026-10-07T01:54:29.4017730Z [1m[92m   Compiling[0m futures-task v0.3.34
2026-10-07T01:54:29.4676030Z [1m[92m   Compiling[0m smallvec v1.16.2
2026-10-07T01:54:29.4882630Z [1m[92m   Compiling[0m futures-sink v0.3.34
2026-10-07T01:54:29.5295070Z [1m[92m   Compiling[0m futures-util v0.3.34
2026-10-07T01:54:29.6431350Z [1m[92m   Compiling[0m sha1 v0.10.7
2026-10-07T01:54:29.8171630Z [1m[92m   Compiling[0m tracing v0.1.44
2026-10-07T01:54:29.9924320Z [1m[92m   Compiling[0m rand v0.9.5
2026-10-07T01:54:30.3183070Z [1m[92m   Compiling[0m serde_derive v1.0.229
2026-10-07T01:54:30.3490160Z [1m[92m   Compiling[0m futures-channel v0.3.34
2026-10-07T01:54:30.4509010Z [1m[92m   Compiling[0m sync_wrapper v1.0.2
2026-10-07T01:54:30.4922390Z [1m[92m   Compiling[0m data-encoding v2.11.1
2026-10-07T01:54:30.9655140Z [1m[92m   Compiling[0m httpdate v1.0.3
2026-10-07T01:54:31.2069500Z [1m[92m   Compiling[0m atomic-waker v1.1.2
2026-10-07T01:54:31.2310960Z [1m[92m   Compiling[0m percent-encoding v2.3.2
2026-10-07T01:54:31.2920040Z [1m[92m   Compiling[0m tower-layer v0.3.3
2026-10-07T01:54:31.3584580Z [1m[92m   Compiling[0m serde_json v1.0.151
2026-10-07T01:54:31.4116520Z [1m[92m   Compiling[0m form_urlencoded v1.2.2
2026-10-07T01:54:31.5027930Z [1m[92m   Compiling[0m hyper v1.11.1
2026-10-07T01:54:31.6741430Z [1m[92m   Compiling[0m tungstenite v0.29.0
2026-10-07T01:54:32.2963840Z [1m[92m   Compiling[0m http-body-util v0.1.5
2026-10-07T01:54:32.3380120Z [1m[92m   Compiling[0m ryu v1.0.23
2026-10-07T01:54:32.4267560Z [1m[92m   Compiling[0m memchr v2.8.3
2026-10-07T01:54:32.4374710Z [1m[92m   Compiling[0m mime v0.3.17
2026-10-07T01:54:32.4727450Z [1m[92m   Compiling[0m serde_urlencoded v0.7.1
2026-10-07T01:54:32.5691970Z [1m[92m   Compiling[0m axum-core v0.5.6
2026-10-07T01:54:32.5933270Z [1m[92m   Compiling[0m tokio-tungstenite v0.29.0
2026-10-07T01:54:32.7237190Z [1m[92m   Compiling[0m hyper-util v0.1.21
2026-10-07T01:54:32.8742260Z [1m[92m   Compiling[0m tower v0.5.3
2026-10-07T01:54:33.0881690Z [1m[92m   Compiling[0m deadpool-runtime v0.3.1
2026-10-07T01:54:33.1439950Z [1m[92m   Compiling[0m serde_path_to_error v0.1.20
2026-10-07T01:54:33.3382580Z [1m[92m   Compiling[0m base64 v0.22.1
2026-10-07T01:54:33.4582510Z [1m[92m   Compiling[0m matchit v0.8.4
2026-10-07T01:54:33.4905410Z [1m[92m   Compiling[0m rusqlite v0.40.2
2026-10-07T01:54:33.5211740Z [1m[92m   Compiling[0m deadpool v0.13.1
2026-10-07T01:54:33.6553020Z [1m[92m   Compiling[0m axum v0.8.9
2026-10-07T01:54:33.6654810Z [1m[92m   Compiling[0m bumpalo v3.20.3
2026-10-07T01:54:35.8197250Z [1m[92m   Compiling[0m nagi-runtime v0.1.11 (/Users/runner/work/Nagi/Nagi/runtime)
2026-10-07T01:54:44.9927530Z [1m[92m    Finished[0m `test` profile [unoptimized + debuginfo] target(s) in 21.56s
2026-10-07T01:54:44.9977860Z [1m[92m     Running[0m unittests src/lib.rs (target/debug/deps/nagi_runtime-cd28aeb5ce2f1769)
2026-10-07T01:54:45.0022550Z 
2026-10-07T01:54:45.0024760Z running 17 tests
2026-10-07T01:54:45.0062580Z test task::tests::cancelled_drain_can_resume_after_child_drop_gate ... ok
2026-10-07T01:54:45.0068190Z test task::tests::discard_keeps_fault_and_legacy_error_observation ... ok
2026-10-07T01:54:45.0070700Z test task::tests::fault_return_waits_for_requested_sibling_cleanup_and_actual_join ... ok
2026-10-07T01:54:45.0079350Z test task::tests::legacy_structured_cause_preserves_kind_message_and_primary_after_later_fault ... ok
2026-10-07T01:54:45.0080400Z test task::tests::heterogeneous_results_and_business_error_keep_sibling_healthy ... ok
2026-10-07T01:54:45.0089960Z test task::tests::parent_drop_requests_abort_but_does_not_report_child_destruction_complete ... ok
2026-10-07T01:54:45.0090810Z test task::tests::payload_drop_locations_distinguish_failed_send_buffer_and_received_value ... ok
2026-10-07T01:54:45.0091380Z test task::tests::received_fault_remains_sticky_at_scope_exit ... ok
2026-10-07T01:54:45.0091890Z test task::tests::receiver_notification_cannot_replace_actual_join ... ok
2026-10-07T01:54:45.0092470Z test task::tests::requested_cancel_does_not_hide_already_returned_legacy_error ... ok
2026-10-07T01:54:45.0093110Z test task::tests::requested_cancel_preserves_panic_and_unrequested_cancel_is_fault ... ok
2026-10-07T01:54:45.0093760Z test task::tests::spawn_after_fault_keeps_input_evaluation_and_actual_join_responsibility ... ok
2026-10-07T01:54:45.0094670Z test task::tests::target_other_than_first_join_and_body_error_primary_are_preserved ... ok
2026-10-07T01:54:45.0095500Z test task::tests::fake_native_id_reuse_does_not_mix_unreceived_tickets_and_retire_records ... ok
2026-10-07T01:54:45.0096260Z test task::tests::unpolled_and_pending_receive_drop_keep_scope_join_responsibility ... ok
2026-10-07T01:54:45.0097000Z test task::tests::wrong_owner_and_missing_output_are_protocol_errors_without_stolen_join ... ok
2026-10-07T01:54:45.0099820Z test task::tests::sticky_receive_retires_its_joined_ticket ... ok
2026-10-07T01:54:45.0100140Z 
2026-10-07T01:54:45.0100550Z test result: ok. 17 passed; 0 failed; 0 ignored; 0 measured; 191 filtered out; finished in 0.01s
2026-10-07T01:54:45.0100970Z 
2026-10-07T01:54:45.2966330Z [1m[92m   Compiling[0m nagi-runtime v0.1.11 (/Users/runner/work/Nagi/Nagi/runtime)
2026-10-07T01:54:47.3389590Z [1m[92m    Finished[0m `test` profile [unoptimized + debuginfo] target(s) in 2.18s
2026-10-07T01:54:47.3417200Z [1m[92m     Running[0m tests/task_handles.rs (target/debug/deps/task_handles-67174b014eed5515)
2026-10-07T01:54:47.3445270Z 
2026-10-07T01:54:47.3447380Z running 3 tests
2026-10-07T01:54:47.3452210Z test public_mixed_legacy_failure_keeps_failure_category_and_native_exit_error ... ok
2026-10-07T01:54:47.3452910Z test public_task_results_keep_business_error_inside_and_legacy_error_at_exit ... ok
2026-10-07T01:54:47.3453930Z test public_failure_getters_keep_fault_sticky_after_receive ... ok
2026-10-07T01:54:47.3454270Z 
2026-10-07T01:54:47.3454670Z test result: ok. 3 passed; 0 failed; 0 ignored; 0 measured; 0 filtered out; finished in 0.00s
2026-10-07T01:54:47.3455020Z 
2026-10-07T01:54:47.4009140Z [1m[92m    Finished[0m `test` profile [unoptimized + debuginfo] target(s) in 0.03s
2026-10-07T01:54:47.4026700Z [1m[92m   Doc-tests[0m nagi_runtime
2026-10-07T01:54:47.5166920Z 
2026-10-07T01:54:47.5167390Z running 9 tests
2026-10-07T01:54:47.5803110Z test runtime/src/auth.rs - auth::Grant (line 53) - compile fail ... ok
2026-10-07T01:54:47.6207670Z test runtime/src/auth.rs - auth::Principal (line 13) - compile fail ... ok
2026-10-07T01:54:47.6208630Z test runtime/src/auth.rs - auth::Grant (line 48) - compile fail ... ok
2026-10-07T01:54:47.6320970Z test runtime/src/auth.rs - auth::Principal (line 16) - compile fail ... ok
2026-10-07T01:54:47.6683210Z test runtime/src/auth.rs - auth::Principal (line 20) - compile fail ... ok
2026-10-07T01:54:47.6735450Z test runtime/src/task.rs - task::Task (line 87) - compile fail ... ok
2026-10-07T01:54:47.6784650Z test runtime/src/task.rs - task::Task (line 83) - compile fail ... ok
2026-10-07T01:54:47.7105940Z test runtime/src/task.rs - task::Task (line 94) - compile fail ... ok
2026-10-07T01:54:47.7218180Z test runtime/src/task.rs - task::TaskFailure (line 59) - compile fail ... ok
2026-10-07T01:54:47.7218660Z 
2026-10-07T01:54:47.7219180Z test result: ok. 9 passed; 0 failed; 0 ignored; 0 measured; 0 filtered out; finished in 0.20s
2026-10-07T01:54:47.7219590Z 
2026-10-07T01:54:47.7288930Z ##[group]Run cargo run --locked -p nagic --example task-contract-red -- --report "$RUNNER_TEMP/task-contracts.json"
2026-10-07T01:54:47.7289680Z [36;1mcargo run --locked -p nagic --example task-contract-red -- --report "$RUNNER_TEMP/task-contracts.json"[0m
2026-10-07T01:54:47.7331290Z shell: /bin/bash --noprofile --norc -e -o pipefail {0}
2026-10-07T01:54:47.7331660Z env:
2026-10-07T01:54:47.7331910Z   NAGI_FAILURE_DIR: /Users/runner/work/Nagi/Nagi/build/compiler-failures
2026-10-07T01:54:47.7332250Z   CARGO_HOME: /Users/runner/.cargo
2026-10-07T01:54:47.7332520Z   CARGO_INCREMENTAL: 0
2026-10-07T01:54:47.7332710Z   CARGO_TERM_COLOR: always
2026-10-07T01:54:47.7333100Z   pythonLocation: /Users/runner/hostedtoolcache/Python/3.12.10/arm64
2026-10-07T01:54:47.7333520Z   PKG_CONFIG_PATH: /Users/runner/hostedtoolcache/Python/3.12.10/arm64/lib/pkgconfig
2026-10-07T01:54:47.7333890Z   Python_ROOT_DIR: /Users/runner/hostedtoolcache/Python/3.12.10/arm64
2026-10-07T01:54:47.7334270Z   Python2_ROOT_DIR: /Users/runner/hostedtoolcache/Python/3.12.10/arm64
2026-10-07T01:54:47.7334610Z   Python3_ROOT_DIR: /Users/runner/hostedtoolcache/Python/3.12.10/arm64
2026-10-07T01:54:47.7334850Z ##[endgroup]
2026-10-07T01:54:47.8187800Z [1m[92m   Compiling[0m nagic v0.1.11 (/Users/runner/work/Nagi/Nagi/compiler)
2026-10-07T01:54:48.2049810Z [1m[92m    Finished[0m `dev` profile [unoptimized + debuginfo] target(s) in 0.42s
2026-10-07T01:54:48.2070750Z [1m[92m     Running[0m `target/debug/examples/task-contract-red --report /Users/runner/work/_temp/task-contracts.json`
2026-10-07T01:54:48.8314670Z Task contracts: 148/148 matched; report: /Users/runner/work/_temp/task-contracts.json
2026-10-07T01:54:48.8349880Z ##[group]Run python scripts/verify_library_examples.py --only task-results
2026-10-07T01:54:48.8350420Z [36;1mpython scripts/verify_library_examples.py --only task-results[0m
2026-10-07T01:54:48.8382910Z shell: /bin/bash -e {0}
2026-10-07T01:54:48.8383130Z env:
2026-10-07T01:54:48.8383450Z   NAGI_FAILURE_DIR: /Users/runner/work/Nagi/Nagi/build/compiler-failures
2026-10-07T01:54:48.8383790Z   CARGO_HOME: /Users/runner/.cargo
2026-10-07T01:54:48.8384080Z   CARGO_INCREMENTAL: 0
2026-10-07T01:54:48.8384300Z   CARGO_TERM_COLOR: always
2026-10-07T01:54:48.8384660Z   pythonLocation: /Users/runner/hostedtoolcache/Python/3.12.10/arm64
2026-10-07T01:54:48.8385100Z   PKG_CONFIG_PATH: /Users/runner/hostedtoolcache/Python/3.12.10/arm64/lib/pkgconfig
2026-10-07T01:54:48.8385590Z   Python_ROOT_DIR: /Users/runner/hostedtoolcache/Python/3.12.10/arm64
2026-10-07T01:54:48.8386030Z   Python2_ROOT_DIR: /Users/runner/hostedtoolcache/Python/3.12.10/arm64
2026-10-07T01:54:48.8386500Z   Python3_ROOT_DIR: /Users/runner/hostedtoolcache/Python/3.12.10/arm64
2026-10-07T01:54:48.8386860Z ##[endgroup]
2026-10-07T01:54:50.5934110Z Passed: task-results (high)
2026-10-07T01:54:51.9079420Z Passed: task-results (saved-low)
2026-10-07T01:54:53.5746870Z Passed: task-results (handwritten-low)
2026-10-07T01:54:53.5782740Z {"forms": 3, "status": "passed"}
2026-10-07T01:54:53.5871040Z ##[group]Run python scripts/verify_library_examples.py --only supervised-service
2026-10-07T01:54:53.5871500Z [36;1mpython scripts/verify_library_examples.py --only supervised-service[0m
2026-10-07T01:54:53.5920990Z shell: /bin/bash -e {0}
2026-10-07T01:54:53.5921200Z env:
2026-10-07T01:54:53.5921440Z   NAGI_FAILURE_DIR: /Users/runner/work/Nagi/Nagi/build/compiler-failures
2026-10-07T01:54:53.5921740Z   CARGO_HOME: /Users/runner/.cargo
2026-10-07T01:54:53.5921930Z   CARGO_INCREMENTAL: 0
2026-10-07T01:54:53.5922180Z   CARGO_TERM_COLOR: always
2026-10-07T01:54:53.5922430Z   pythonLocation: /Users/runner/hostedtoolcache/Python/3.12.10/arm64
2026-10-07T01:54:53.5922860Z   PKG_CONFIG_PATH: /Users/runner/hostedtoolcache/Python/3.12.10/arm64/lib/pkgconfig
2026-10-07T01:54:53.5923310Z   Python_ROOT_DIR: /Users/runner/hostedtoolcache/Python/3.12.10/arm64
2026-10-07T01:54:53.5923690Z   Python2_ROOT_DIR: /Users/runner/hostedtoolcache/Python/3.12.10/arm64
2026-10-07T01:54:53.5924070Z   Python3_ROOT_DIR: /Users/runner/hostedtoolcache/Python/3.12.10/arm64
2026-10-07T01:54:53.5924360Z ##[endgroup]
2026-10-07T01:54:58.8440800Z Passed: supervised-service (high)
2026-10-07T01:55:04.4442240Z Passed: supervised-service (saved-low)
2026-10-07T01:55:09.5434380Z Passed: supervised-service (handwritten-low)
2026-10-07T01:55:09.5516090Z {"forms": 3, "status": "passed"}
2026-10-07T01:55:09.5677090Z ##[group]Run python -m unittest discover -s scripts -p 'test_native_artifacts.py'
2026-10-07T01:55:09.5677910Z [36;1mpython -m unittest discover -s scripts -p 'test_native_artifacts.py'[0m
2026-10-07T01:55:09.5936150Z shell: /bin/bash -e {0}
2026-10-07T01:55:09.5936480Z env:
2026-10-07T01:55:09.5936810Z   NAGI_FAILURE_DIR: /Users/runner/work/Nagi/Nagi/build/compiler-failures
2026-10-07T01:55:09.5937230Z   CARGO_HOME: /Users/runner/.cargo
2026-10-07T01:55:09.5937480Z   CARGO_INCREMENTAL: 0
2026-10-07T01:55:09.5937740Z   CARGO_TERM_COLOR: always
2026-10-07T01:55:09.5938070Z   pythonLocation: /Users/runner/hostedtoolcache/Python/3.12.10/arm64
2026-10-07T01:55:09.5938590Z   PKG_CONFIG_PATH: /Users/runner/hostedtoolcache/Python/3.12.10/arm64/lib/pkgconfig
2026-10-07T01:55:09.5939120Z   Python_ROOT_DIR: /Users/runner/hostedtoolcache/Python/3.12.10/arm64
2026-10-07T01:55:09.5939690Z   Python2_ROOT_DIR: /Users/runner/hostedtoolcache/Python/3.12.10/arm64
2026-10-07T01:55:09.5940610Z   Python3_ROOT_DIR: /Users/runner/hostedtoolcache/Python/3.12.10/arm64
2026-10-07T01:55:09.5940950Z ##[endgroup]
2026-10-07T01:55:09.7780120Z .........
2026-10-07T01:55:09.7780710Z ----------------------------------------------------------------------
2026-10-07T01:55:09.7781270Z Ran 9 tests in 0.018s
2026-10-07T01:55:09.7781400Z 
2026-10-07T01:55:09.7781540Z OK
2026-10-07T01:55:14.8239390Z ##[group]Run python -m unittest discover -s scripts -p 'test_application_native_tests.py'
2026-10-07T01:55:14.8241360Z [36;1mpython -m unittest discover -s scripts -p 'test_application_native_tests.py'[0m
2026-10-07T01:55:14.8390690Z shell: /bin/bash -e {0}
2026-10-07T01:55:14.8391510Z env:
2026-10-07T01:55:14.8392800Z   NAGI_FAILURE_DIR: /Users/runner/work/Nagi/Nagi/build/compiler-failures
2026-10-07T01:55:14.8393850Z   CARGO_HOME: /Users/runner/.cargo
2026-10-07T01:55:14.8394950Z   CARGO_INCREMENTAL: 0
2026-10-07T01:55:14.8395580Z   CARGO_TERM_COLOR: always
2026-10-07T01:55:14.8396740Z   pythonLocation: /Users/runner/hostedtoolcache/Python/3.12.10/arm64
2026-10-07T01:55:14.8398310Z   PKG_CONFIG_PATH: /Users/runner/hostedtoolcache/Python/3.12.10/arm64/lib/pkgconfig
2026-10-07T01:55:14.8399590Z   Python_ROOT_DIR: /Users/runner/hostedtoolcache/Python/3.12.10/arm64
2026-10-07T01:55:14.8401080Z   Python2_ROOT_DIR: /Users/runner/hostedtoolcache/Python/3.12.10/arm64
2026-10-07T01:55:14.8402530Z   Python3_ROOT_DIR: /Users/runner/hostedtoolcache/Python/3.12.10/arm64
2026-10-07T01:55:14.8403810Z ##[endgroup]
2026-10-07T01:55:14.9975200Z .....
2026-10-07T01:55:14.9975950Z ----------------------------------------------------------------------
2026-10-07T01:55:14.9976510Z Ran 5 tests in 0.006s
2026-10-07T01:55:14.9976700Z 
2026-10-07T01:55:14.9976940Z OK
2026-10-07T01:55:15.0091920Z ##[group]Run cargo test --locked -p nagi-runtime oversized_body_ -- --test-threads=1
2026-10-07T01:55:15.0092570Z [36;1mcargo test --locked -p nagi-runtime oversized_body_ -- --test-threads=1[0m
2026-10-07T01:55:15.0131570Z shell: /bin/bash -e {0}
2026-10-07T01:55:15.0131750Z env:
2026-10-07T01:55:15.0132140Z   NAGI_FAILURE_DIR: /Users/runner/work/Nagi/Nagi/build/compiler-failures
2026-10-07T01:55:15.0132460Z   CARGO_HOME: /Users/runner/.cargo
2026-10-07T01:55:15.0132720Z   CARGO_INCREMENTAL: 0
2026-10-07T01:55:15.0132970Z   CARGO_TERM_COLOR: always
2026-10-07T01:55:15.0133350Z   pythonLocation: /Users/runner/hostedtoolcache/Python/3.12.10/arm64
2026-10-07T01:55:15.0133860Z   PKG_CONFIG_PATH: /Users/runner/hostedtoolcache/Python/3.12.10/arm64/lib/pkgconfig
2026-10-07T01:55:15.0134290Z   Python_ROOT_DIR: /Users/runner/hostedtoolcache/Python/3.12.10/arm64
2026-10-07T01:55:15.0134770Z   Python2_ROOT_DIR: /Users/runner/hostedtoolcache/Python/3.12.10/arm64
2026-10-07T01:55:15.0135260Z   Python3_ROOT_DIR: /Users/runner/hostedtoolcache/Python/3.12.10/arm64
2026-10-07T01:55:15.0135550Z ##[endgroup]
2026-10-07T01:55:15.2064840Z [1m[92m    Finished[0m `test` profile [unoptimized + debuginfo] target(s) in 0.11s
2026-10-07T01:55:15.2137480Z [1m[92m     Running[0m unittests src/lib.rs (target/debug/deps/nagi_runtime-cd28aeb5ce2f1769)
2026-10-07T01:55:15.2375530Z 
2026-10-07T01:55:15.2375860Z running 5 tests
2026-10-07T01:55:15.4894390Z test http_server::tests::oversized_body_boundary_accepts_4096_and_incomplete_upload_keeps_body_deadline ... ok
2026-10-07T01:55:15.4940480Z test http_server::tests::oversized_body_chunked_delivers_413_with_or_without_final_chunk ... ok
2026-10-07T01:55:15.5017030Z test http_server::tests::oversized_body_content_length_delivers_413_without_calling_handler ... ok
2026-10-07T01:55:15.5064290Z test http_server::tests::oversized_body_declared_length_rejects_headers_and_incomplete_upload_promptly ... ok
2026-10-07T01:55:15.5104600Z test http_server::tests::oversized_body_rejects_keep_alive_upload_and_never_dispatches_pipeline ... ok
2026-10-07T01:55:15.5105610Z 
2026-10-07T01:55:15.5115550Z test result: ok. 5 passed; 0 failed; 0 ignored; 0 measured; 203 filtered out; finished in 0.27s
2026-10-07T01:55:15.5116470Z 
2026-10-07T01:55:15.5119910Z [1m[92m     Running[0m tests/task_handles.rs (target/debug/deps/task_handles-67174b014eed5515)
2026-10-07T01:55:15.5278270Z 
2026-10-07T01:55:15.5278680Z running 0 tests
2026-10-07T01:55:15.5282680Z 
2026-10-07T01:55:15.5283550Z test result: ok. 0 passed; 0 failed; 0 ignored; 0 measured; 3 filtered out; finished in 0.00s
2026-10-07T01:55:15.5284160Z 
2026-10-07T01:55:15.5356340Z ##[group]Run cargo test --locked -p nagi-runtime panic_ -- --test-threads=1
2026-10-07T01:55:15.5357170Z [36;1mcargo test --locked -p nagi-runtime panic_ -- --test-threads=1[0m
2026-10-07T01:55:15.5421970Z shell: /bin/bash -e {0}
2026-10-07T01:55:15.5422270Z env:
2026-10-07T01:55:15.5422710Z   NAGI_FAILURE_DIR: /Users/runner/work/Nagi/Nagi/build/compiler-failures
2026-10-07T01:55:15.5423190Z   CARGO_HOME: /Users/runner/.cargo
2026-10-07T01:55:15.5423510Z   CARGO_INCREMENTAL: 0
2026-10-07T01:55:15.5423800Z   CARGO_TERM_COLOR: always
2026-10-07T01:55:15.5424260Z   pythonLocation: /Users/runner/hostedtoolcache/Python/3.12.10/arm64
2026-10-07T01:55:15.5424990Z   PKG_CONFIG_PATH: /Users/runner/hostedtoolcache/Python/3.12.10/arm64/lib/pkgconfig
2026-10-07T01:55:15.5425670Z   Python_ROOT_DIR: /Users/runner/hostedtoolcache/Python/3.12.10/arm64
2026-10-07T01:55:15.5426320Z   Python2_ROOT_DIR: /Users/runner/hostedtoolcache/Python/3.12.10/arm64
2026-10-07T01:55:15.5426950Z   Python3_ROOT_DIR: /Users/runner/hostedtoolcache/Python/3.12.10/arm64
2026-10-07T01:55:15.5427420Z ##[endgroup]
2026-10-07T01:55:15.6626200Z [1m[92m    Finished[0m `test` profile [unoptimized + debuginfo] target(s) in 0.04s
2026-10-07T01:55:15.6658320Z [1m[92m     Running[0m unittests src/lib.rs (target/debug/deps/nagi_runtime-cd28aeb5ce2f1769)
2026-10-07T01:55:15.6722900Z 
2026-10-07T01:55:15.6726040Z running 18 tests
2026-10-07T01:55:15.7491240Z test actor::lifecycle_adversarial_tests::a_blocking_panic_payload_destructor_remains_a_retained_child_obligation ... ok
2026-10-07T01:55:15.7495690Z test actor::lifecycle_adversarial_tests::a_factory_constructor_panic_does_not_lose_the_context_cleanup_obligation ... ok
2026-10-07T01:55:15.8110260Z test actor::lifecycle_adversarial_tests::a_finite_follow_on_panic_payload_retains_the_guard_and_context_until_drop_finishes ... ok
2026-10-07T01:55:15.8121010Z test actor::lifecycle_adversarial_tests::a_panic_payload_destructor_can_observe_and_stop_its_group_without_a_lock_cycle ... ok
2026-10-07T01:55:15.8127450Z test actor::lifecycle_adversarial_tests::context_owned_by_a_child_panic_payload_is_cleaned_before_final_context_cleanup ... ok
2026-10-07T01:55:15.8167710Z test concurrent::tests::panic_isolated ... ok
2026-10-07T01:55:15.8319680Z test http::panic_tests::handler_extractor_and_response_panics_return_sanitized_500_for_get_and_head ... ok
2026-10-07T01:55:15.9252030Z test http_server::tests::handler_panic_after_deadline_returns_500_and_releases_admission ... ok
2026-10-07T01:55:15.9311190Z test http_server::tests::panic_tests::http_error_mapper_panic_returns_500 ... ok
2026-10-07T01:55:15.9314100Z test http_server::tests::panic_tests::http_handler_constructor_panic_returns_500 ... ok
2026-10-07T01:55:15.9337260Z test http_server::tests::panic_tests::http_handler_division_by_zero_returns_500_and_server_keeps_serving ... ok
2026-10-07T01:55:15.9370740Z test http_server::tests::panic_tests::http_handler_out_of_bounds_returns_500_and_server_keeps_serving ... ok
2026-10-07T01:55:15.9392070Z test http_server::tests::panic_tests::http_handler_panic_after_await_returns_500_without_exposing_payload ... ok
2026-10-07T01:55:15.9396760Z test http_server::tests::panic_tests::http_handler_panic_head_response_has_no_body ... ok
2026-10-07T01:55:15.9536870Z test sqlite_prototype::adapter_tests::callback_panic_retires_pool_and_join_does_not_hide_native_close_failure ... ok
2026-10-07T01:55:15.9547000Z test sqlite_prototype::tests::management_panic_restores_raii_flag_before_observed_rollback_and_retirement ... ok
2026-10-07T01:55:15.9553930Z test sqlite_prototype::tests::user_callback_panic_restores_management_state_and_retires_worker ... ok
2026-10-07T01:55:15.9583360Z test task::tests::requested_cancel_preserves_panic_and_unrequested_cancel_is_fault ... ok
2026-10-07T01:55:15.9583910Z 
2026-10-07T01:55:15.9584610Z test result: ok. 18 passed; 0 failed; 0 ignored; 0 measured; 190 filtered out; finished in 0.29s
2026-10-07T01:55:15.9585160Z 
2026-10-07T01:55:15.9589840Z [1m[92m     Running[0m tests/task_handles.rs (target/debug/deps/task_handles-67174b014eed5515)
2026-10-07T01:55:15.9637340Z 
2026-10-07T01:55:15.9637760Z running 0 tests
2026-10-07T01:55:15.9637960Z 
2026-10-07T01:55:15.9638630Z test result: ok. 0 passed; 0 failed; 0 ignored; 0 measured; 3 filtered out; finished in 0.00s
2026-10-07T01:55:15.9639090Z 
2026-10-07T01:55:15.9702890Z ##[group]Run cargo test --locked -p nagi-runtime handler_timeout_ -- --test-threads=1
2026-10-07T01:55:15.9703640Z [36;1mcargo test --locked -p nagi-runtime handler_timeout_ -- --test-threads=1[0m
2026-10-07T01:55:15.9749950Z shell: /bin/bash -e {0}
2026-10-07T01:55:15.9750200Z env:
2026-10-07T01:55:15.9750520Z   NAGI_FAILURE_DIR: /Users/runner/work/Nagi/Nagi/build/compiler-failures
2026-10-07T01:55:15.9750940Z   CARGO_HOME: /Users/runner/.cargo
2026-10-07T01:55:15.9751220Z   CARGO_INCREMENTAL: 0
2026-10-07T01:55:15.9751450Z   CARGO_TERM_COLOR: always
2026-10-07T01:55:15.9751810Z   pythonLocation: /Users/runner/hostedtoolcache/Python/3.12.10/arm64
2026-10-07T01:55:15.9752350Z   PKG_CONFIG_PATH: /Users/runner/hostedtoolcache/Python/3.12.10/arm64/lib/pkgconfig
2026-10-07T01:55:15.9752910Z   Python_ROOT_DIR: /Users/runner/hostedtoolcache/Python/3.12.10/arm64
2026-10-07T01:55:15.9753390Z   Python2_ROOT_DIR: /Users/runner/hostedtoolcache/Python/3.12.10/arm64
2026-10-07T01:55:15.9754010Z   Python3_ROOT_DIR: /Users/runner/hostedtoolcache/Python/3.12.10/arm64
2026-10-07T01:55:15.9754370Z ##[endgroup]
2026-10-07T01:55:16.0747520Z [1m[92m    Finished[0m `test` profile [unoptimized + debuginfo] target(s) in 0.04s
2026-10-07T01:55:16.0769540Z [1m[92m     Running[0m unittests src/lib.rs (target/debug/deps/nagi_runtime-cd28aeb5ce2f1769)
2026-10-07T01:55:16.0809590Z 
2026-10-07T01:55:16.0813430Z running 2 tests
2026-10-07T01:55:16.1906200Z test http_server::tests::handler_timeout_cancels_future_and_releases_request_capacity ... ok
2026-10-07T01:55:16.4288380Z test http_server::tests::handler_timeout_rejects_a_ready_response_after_blocking_poll ... ok
2026-10-07T01:55:16.4290210Z 
2026-10-07T01:55:16.4292150Z test result: ok. 2 passed; 0 failed; 0 ignored; 0 measured; 206 filtered out; finished in 0.35s
2026-10-07T01:55:16.4293780Z 
2026-10-07T01:55:16.4298790Z [1m[92m     Running[0m tests/task_handles.rs (target/debug/deps/task_handles-67174b014eed5515)
2026-10-07T01:55:16.4426140Z 
2026-10-07T01:55:16.4427350Z running 0 tests
2026-10-07T01:55:16.4427940Z 
2026-10-07T01:55:16.4429260Z test result: ok. 0 passed; 0 failed; 0 ignored; 0 measured; 3 filtered out; finished in 0.00s
2026-10-07T01:55:16.4431340Z 
2026-10-07T01:55:16.4572050Z ##[group]Run python scripts/releases/package.py --binary "target/release/$RELEASE_EXECUTABLE" --version "$RELEASE_VERSION" --platform "$RELEASE_PLATFORM"
2026-10-07T01:55:16.4574510Z [36;1mpython scripts/releases/package.py --binary "target/release/$RELEASE_EXECUTABLE" --version "$RELEASE_VERSION" --platform "$RELEASE_PLATFORM"[0m
2026-10-07T01:55:16.4658420Z shell: /bin/bash --noprofile --norc -e -o pipefail {0}
2026-10-07T01:55:16.4659010Z env:
2026-10-07T01:55:16.4659560Z   NAGI_FAILURE_DIR: /Users/runner/work/Nagi/Nagi/build/compiler-failures
2026-10-07T01:55:16.4660290Z   CARGO_HOME: /Users/runner/.cargo
2026-10-07T01:55:16.4660740Z   CARGO_INCREMENTAL: 0
2026-10-07T01:55:16.4661160Z   CARGO_TERM_COLOR: always
2026-10-07T01:55:16.4661780Z   pythonLocation: /Users/runner/hostedtoolcache/Python/3.12.10/arm64
2026-10-07T01:55:16.4662760Z   PKG_CONFIG_PATH: /Users/runner/hostedtoolcache/Python/3.12.10/arm64/lib/pkgconfig
2026-10-07T01:55:16.4663790Z   Python_ROOT_DIR: /Users/runner/hostedtoolcache/Python/3.12.10/arm64
2026-10-07T01:55:16.4664710Z   Python2_ROOT_DIR: /Users/runner/hostedtoolcache/Python/3.12.10/arm64
2026-10-07T01:55:16.4665540Z   Python3_ROOT_DIR: /Users/runner/hostedtoolcache/Python/3.12.10/arm64
2026-10-07T01:55:16.4666280Z   RELEASE_VERSION: 0.1.11
2026-10-07T01:55:16.4666720Z   RELEASE_PLATFORM: macos-arm64
2026-10-07T01:55:16.4667190Z   RELEASE_EXECUTABLE: nagic
2026-10-07T01:55:16.4667590Z ##[endgroup]
2026-10-07T01:55:16.9458980Z /Users/runner/work/Nagi/Nagi/build/distribution/nagi-0.1.11-macos-arm64.tar.gz
2026-10-07T01:55:16.9531470Z ##[group]Run python - <<'PY'
2026-10-07T01:55:16.9531930Z [36;1mpython - <<'PY'[0m
2026-10-07T01:55:16.9532150Z [36;1mimport os, sys[0m
2026-10-07T01:55:16.9532450Z [36;1mfrom pathlib import Path[0m
2026-10-07T01:55:16.9542400Z [36;1msys.path.insert(0, 'scripts/releases')[0m
2026-10-07T01:55:16.9542700Z [36;1mfrom verify import verify[0m
2026-10-07T01:55:16.9543050Z [36;1mversion, platform = os.environ['RELEASE_VERSION'], os.environ['RELEASE_PLATFORM'][0m
2026-10-07T01:55:16.9543500Z [36;1msuffix = '.zip' if os.name == 'nt' else '.tar.gz'[0m
2026-10-07T01:55:16.9544030Z [36;1mverify(Path('build/distribution') / f'nagi-{version}-{platform}{suffix}', version, platform, Path('native-target'))[0m
2026-10-07T01:55:16.9544530Z [36;1mPY[0m
2026-10-07T01:55:16.9577550Z shell: /bin/bash --noprofile --norc -e -o pipefail {0}
2026-10-07T01:55:16.9577800Z env:
2026-10-07T01:55:16.9578040Z   NAGI_FAILURE_DIR: /Users/runner/work/Nagi/Nagi/build/compiler-failures
2026-10-07T01:55:16.9578350Z   CARGO_HOME: /Users/runner/.cargo
2026-10-07T01:55:16.9578540Z   CARGO_INCREMENTAL: 0
2026-10-07T01:55:16.9578700Z   CARGO_TERM_COLOR: always
2026-10-07T01:55:16.9578940Z   pythonLocation: /Users/runner/hostedtoolcache/Python/3.12.10/arm64
2026-10-07T01:55:16.9579320Z   PKG_CONFIG_PATH: /Users/runner/hostedtoolcache/Python/3.12.10/arm64/lib/pkgconfig
2026-10-07T01:55:16.9579710Z   Python_ROOT_DIR: /Users/runner/hostedtoolcache/Python/3.12.10/arm64
2026-10-07T01:55:16.9580060Z   Python2_ROOT_DIR: /Users/runner/hostedtoolcache/Python/3.12.10/arm64
2026-10-07T01:55:16.9580430Z   Python3_ROOT_DIR: /Users/runner/hostedtoolcache/Python/3.12.10/arm64
2026-10-07T01:55:16.9580700Z   RELEASE_VERSION: 0.1.11
2026-10-07T01:55:16.9580880Z   RELEASE_PLATFORM: macos-arm64
2026-10-07T01:55:16.9581070Z   RELEASE_EXECUTABLE: nagic
2026-10-07T01:55:16.9581230Z ##[endgroup]
2026-10-07T01:55:27.7807620Z Verified SQL engine: extracted compiler, offline schema, bad columns/binds, Nagi locations, no Cargo/runtime
2026-10-07T01:55:27.7809010Z Verified 0.1.11 macos-arm64: PATH, external projects, version, help, function aliases, shared/borrowed JSON, early Nagi diagnostics
2026-10-07T01:55:27.7809900Z Verified local Rust dependency: manifest-relative path, package alias, features, default-features, separate cwd/output
2026-10-07T01:55:27.7810600Z Verified standard actor library: extracted runtime, typed context, task, tracked cleanup
2026-10-07T01:55:27.7812050Z Verified Task handles: extracted compiler/runtime, High/saved Low/handwritten Low, receive/discard, nested business Err, early ownership diagnostics
2026-10-07T01:55:27.7876080Z ##[group]Run python tests/route_integration.py
2026-10-07T01:55:27.7876380Z [36;1mpython tests/route_integration.py[0m
2026-10-07T01:55:27.7910880Z shell: /bin/bash -e {0}
2026-10-07T01:55:27.7911080Z env:
2026-10-07T01:55:27.7911340Z   NAGI_FAILURE_DIR: /Users/runner/work/Nagi/Nagi/build/compiler-failures
2026-10-07T01:55:27.7911640Z   CARGO_HOME: /Users/runner/.cargo
2026-10-07T01:55:27.7911840Z   CARGO_INCREMENTAL: 0
2026-10-07T01:55:27.7912000Z   CARGO_TERM_COLOR: always
2026-10-07T01:55:27.7912260Z   pythonLocation: /Users/runner/hostedtoolcache/Python/3.12.10/arm64
2026-10-07T01:55:27.7912670Z   PKG_CONFIG_PATH: /Users/runner/hostedtoolcache/Python/3.12.10/arm64/lib/pkgconfig
2026-10-07T01:55:27.7913050Z   Python_ROOT_DIR: /Users/runner/hostedtoolcache/Python/3.12.10/arm64
2026-10-07T01:55:27.7913420Z   Python2_ROOT_DIR: /Users/runner/hostedtoolcache/Python/3.12.10/arm64
2026-10-07T01:55:27.7913780Z   Python3_ROOT_DIR: /Users/runner/hostedtoolcache/Python/3.12.10/arm64
2026-10-07T01:55:27.7914090Z ##[endgroup]
2026-10-07T01:55:31.2994690Z HTTP route parameters: 7 passed
2026-10-07T01:55:31.3129320Z ##[group]Run python tests/http_stdlib_integration.py
2026-10-07T01:55:31.3129780Z [36;1mpython tests/http_stdlib_integration.py[0m
2026-10-07T01:55:31.3176180Z shell: /bin/bash -e {0}
2026-10-07T01:55:31.3176420Z env:
2026-10-07T01:55:31.3176750Z   NAGI_FAILURE_DIR: /Users/runner/work/Nagi/Nagi/build/compiler-failures
2026-10-07T01:55:31.3177160Z   CARGO_HOME: /Users/runner/.cargo
2026-10-07T01:55:31.3177440Z   CARGO_INCREMENTAL: 0
2026-10-07T01:55:31.3177680Z   CARGO_TERM_COLOR: always
2026-10-07T01:55:31.3178030Z   pythonLocation: /Users/runner/hostedtoolcache/Python/3.12.10/arm64
2026-10-07T01:55:31.3178600Z   PKG_CONFIG_PATH: /Users/runner/hostedtoolcache/Python/3.12.10/arm64/lib/pkgconfig
2026-10-07T01:55:31.3179200Z   Python_ROOT_DIR: /Users/runner/hostedtoolcache/Python/3.12.10/arm64
2026-10-07T01:55:31.3179690Z   Python2_ROOT_DIR: /Users/runner/hostedtoolcache/Python/3.12.10/arm64
2026-10-07T01:55:31.3180230Z   Python3_ROOT_DIR: /Users/runner/hostedtoolcache/Python/3.12.10/arm64
2026-10-07T01:55:31.3180600Z ##[endgroup]
2026-10-07T01:55:38.4516600Z Standard HTTP Nagi integration: 72 passed (High and independent Low)
2026-10-07T01:55:38.4650070Z ##[group]Run cargo test --locked -p nagic --test scoped_tasks
2026-10-07T01:55:38.4650610Z [36;1mcargo test --locked -p nagic --test scoped_tasks[0m
2026-10-07T01:55:38.4700310Z shell: /bin/bash -e {0}
2026-10-07T01:55:38.4700570Z env:
2026-10-07T01:55:38.4700890Z   NAGI_FAILURE_DIR: /Users/runner/work/Nagi/Nagi/build/compiler-failures
2026-10-07T01:55:38.4701370Z   CARGO_HOME: /Users/runner/.cargo
2026-10-07T01:55:38.4701660Z   CARGO_INCREMENTAL: 0
2026-10-07T01:55:38.4701920Z   CARGO_TERM_COLOR: always
2026-10-07T01:55:38.4702310Z   pythonLocation: /Users/runner/hostedtoolcache/Python/3.12.10/arm64
2026-10-07T01:55:38.4702940Z   PKG_CONFIG_PATH: /Users/runner/hostedtoolcache/Python/3.12.10/arm64/lib/pkgconfig
2026-10-07T01:55:38.4703530Z   Python_ROOT_DIR: /Users/runner/hostedtoolcache/Python/3.12.10/arm64
2026-10-07T01:55:38.4704040Z   Python2_ROOT_DIR: /Users/runner/hostedtoolcache/Python/3.12.10/arm64
2026-10-07T01:55:38.4704610Z   Python3_ROOT_DIR: /Users/runner/hostedtoolcache/Python/3.12.10/arm64
2026-10-07T01:55:38.4705030Z ##[endgroup]
2026-10-07T01:55:38.5705090Z [1m[92m   Compiling[0m nagic v0.1.11 (/Users/runner/work/Nagi/Nagi/compiler)
2026-10-07T01:55:38.9890610Z [1m[92m    Finished[0m `test` profile [unoptimized + debuginfo] target(s) in 0.46s
2026-10-07T01:55:38.9905880Z [1m[92m     Running[0m tests/scoped_tasks.rs (target/debug/deps/scoped_tasks-d4ff94cc3dd07cb3)
2026-10-07T01:55:38.9939720Z 
2026-10-07T01:55:39.0040660Z running 5 tests
2026-10-07T01:55:39.0061640Z test moving_an_owned_argument_still_consumes_it_before_later_parent_work ... ok
2026-10-07T01:55:39.0063630Z test futures_that_still_hold_views_are_rejected_after_copying_containers ... ok
2026-10-07T01:55:39.0064290Z test scope_rejects_known_foreign_error_types_and_preserves_local_error_adapters ... ok
2026-10-07T01:55:39.0064930Z test copied_views_and_values_computed_from_views_can_enter_tasks ... ok
2026-10-07T01:55:39.1475300Z test spawn_evaluates_owned_arguments_before_parent_continues_and_keeps_sources ... ok
2026-10-07T01:55:39.1476180Z 
2026-10-07T01:55:39.1477470Z test result: ok. 5 passed; 0 failed; 0 ignored; 0 measured; 0 filtered out; finished in 0.15s
2026-10-07T01:55:39.1477870Z 
2026-10-07T01:55:39.1517820Z ##[group]Run cargo test --locked -p nagi-runtime actor::
2026-10-07T01:55:39.1518280Z [36;1mcargo test --locked -p nagi-runtime actor::[0m
2026-10-07T01:55:39.1518620Z [36;1mcargo test --locked -p nagi-runtime supervisor_drop[0m
2026-10-07T01:55:39.1556460Z shell: /bin/bash -e {0}
2026-10-07T01:55:39.1556690Z env:
2026-10-07T01:55:39.1556960Z   NAGI_FAILURE_DIR: /Users/runner/work/Nagi/Nagi/build/compiler-failures
2026-10-07T01:55:39.1557330Z   CARGO_HOME: /Users/runner/.cargo
2026-10-07T01:55:39.1557540Z   CARGO_INCREMENTAL: 0
2026-10-07T01:55:39.1557710Z   CARGO_TERM_COLOR: always
2026-10-07T01:55:39.1557990Z   pythonLocation: /Users/runner/hostedtoolcache/Python/3.12.10/arm64
2026-10-07T01:55:39.1558400Z   PKG_CONFIG_PATH: /Users/runner/hostedtoolcache/Python/3.12.10/arm64/lib/pkgconfig
2026-10-07T01:55:39.1558840Z   Python_ROOT_DIR: /Users/runner/hostedtoolcache/Python/3.12.10/arm64
2026-10-07T01:55:39.1559290Z   Python2_ROOT_DIR: /Users/runner/hostedtoolcache/Python/3.12.10/arm64
2026-10-07T01:55:39.1559680Z   Python3_ROOT_DIR: /Users/runner/hostedtoolcache/Python/3.12.10/arm64
2026-10-07T01:55:39.1559970Z ##[endgroup]
2026-10-07T01:55:39.2468110Z [1m[92m    Finished[0m `test` profile [unoptimized + debuginfo] target(s) in 0.04s
2026-10-07T01:55:39.2518950Z [1m[92m     Running[0m unittests src/lib.rs (target/debug/deps/nagi_runtime-cd28aeb5ce2f1769)
2026-10-07T01:55:39.2537630Z 
2026-10-07T01:55:39.2560000Z running 44 tests
2026-10-07T01:55:39.2560700Z test actor::charge::tests::arithmetic_and_expired_deadlines_fail_before_acceptance ... ok
2026-10-07T01:55:39.2561610Z test actor::charge::tests::list_capacity_and_only_initialized_elements_contribute_heap ... ok
2026-10-07T01:55:39.2563020Z test actor::charge::tests::option_and_result_visit_only_the_active_payload ... ok
2026-10-07T01:55:39.2563890Z test actor::charge::tests::recursive_owned_graphs_obey_depth_limit_and_restore_walk_after_errors ... ok
2026-10-07T01:55:39.2564710Z test actor::charge::tests::retained_string_bytes_and_error_capacities_are_charged ... ok
2026-10-07T01:55:39.2565390Z test actor::charge::tests::root_inline_and_envelope_are_counted_once ... ok
2026-10-07T01:55:39.2566110Z test actor::charge::tests::inline_only_lists_skip_every_element_and_zero_sized_capacity_is_safe ... ok
2026-10-07T01:55:39.2611240Z test actor::charge::tests::work_budget_includes_root_and_initialized_non_inline_elements ... ok
2026-10-07T01:55:39.2616400Z test actor::lifecycle_adversarial_tests::a_factory_constructor_panic_does_not_lose_the_context_cleanup_obligation ... ok
2026-10-07T01:55:39.3159060Z test actor::lifecycle_adversarial_tests::a_blocking_native_poll_retains_its_child_record_until_it_returns ... ok
2026-10-07T01:55:39.3160110Z test actor::lifecycle_adversarial_tests::a_blocking_panic_payload_destructor_remains_a_retained_child_obligation ... ok
2026-10-07T01:55:39.3161030Z test actor::lifecycle_adversarial_tests::a_late_buffered_outer_failure_obeys_the_same_reply_deadline ... ok
2026-10-07T01:55:39.3163840Z test actor::lifecycle_adversarial_tests::a_panic_payload_destructor_can_observe_and_stop_its_group_without_a_lock_cycle ... ok
2026-10-07T01:55:39.3164700Z test actor::lifecycle_adversarial_tests::a_reply_completed_after_deadline_times_out_even_when_already_buffered ... ok
2026-10-07T01:55:39.3165550Z test actor::lifecycle_adversarial_tests::a_reply_completed_before_deadline_succeeds_when_the_caller_polls_after_deadline ... ok
2026-10-07T01:55:39.3193280Z test actor::lifecycle_adversarial_tests::a_finite_follow_on_panic_payload_retains_the_guard_and_context_until_drop_finishes ... ok
2026-10-07T01:55:39.3757900Z test actor::lifecycle_adversarial_tests::a_surviving_control_can_finish_cleanup_after_the_running_owner_is_dropped ... ok
2026-10-07T01:55:39.3760160Z test actor::lifecycle_adversarial_tests::a_non_yielding_poll_cannot_be_reported_as_completed_cleanup ... ok
2026-10-07T01:55:39.3761080Z test actor::lifecycle_adversarial_tests::abort_does_not_complete_before_the_child_future_destructor_finishes ... ok
2026-10-07T01:55:39.3762700Z test actor::lifecycle_adversarial_tests::an_event_only_surviving_control_drains_cleanup_and_observes_stream_close ... ok
2026-10-07T01:55:39.3763820Z test actor::lifecycle_adversarial_tests::context_owned_by_a_child_panic_payload_is_cleaned_before_final_context_cleanup ... ok
2026-10-07T01:55:39.4075120Z test actor::lifecycle_adversarial_tests::an_unrestarted_child_failure_is_retained_while_a_healthy_sibling_continues ... ok
2026-10-07T01:55:39.4397670Z test actor::lifecycle_adversarial_tests::canceled_observation_keeps_unfinished_joins_available_to_another_control ... ok
2026-10-07T01:55:39.4399340Z test actor::lifecycle_adversarial_tests::origin_runtime_cancellation_does_not_restart_a_permanent_child_on_a_surviving_runtime ... ok
2026-10-07T01:55:39.4429960Z test actor::lifecycle_adversarial_tests::panicking_factory_destruction_during_owner_drop_cannot_strand_context_cleanup ... ok
2026-10-07T01:55:39.4432810Z test actor::lifecycle_adversarial_tests::stop_during_factory_construction_cancels_every_later_inserted_child ... ok
2026-10-07T01:55:39.4436390Z test actor::lifecycle_adversarial_tests::user_destructors_do_not_run_under_the_ledger_or_stop_lock ... ok
2026-10-07T01:55:39.4483850Z test actor::tests::a_smaller_immediate_call_cannot_bypass_a_waiting_byte_reservation ... ok
2026-10-07T01:55:39.4484980Z test actor::tests::an_expired_admission_deadline_rejects_even_immediately_ready_operations ... ok
2026-10-07T01:55:39.4591650Z test actor::tests::business_error_preserves_owned_state_and_restart_is_one_for_one ... ok
2026-10-07T01:55:39.4699650Z test actor::lifecycle_adversarial_tests::final_context_destruction_is_a_retained_phase_before_completion ... ok
2026-10-07T01:55:39.4705640Z test actor::tests::canceled_event_wait_does_not_consume_a_concurrently_published_event ... ok
2026-10-07T01:55:39.4850920Z test actor::tests::escaped_readiness_tokens_reject_old_generations_and_do_not_retain_the_group ... ok
2026-10-07T01:55:39.4852220Z test actor::tests::caller_timeout_keeps_accepted_work_and_all_reservations_until_handler_finishes ... ok
2026-10-07T01:55:39.4895080Z test actor::tests::global_restart_intensity_counts_attempts_and_stops_a_pending_sibling ... ok
2026-10-07T01:55:39.4898560Z test actor::tests::lifecycle_events_are_ordered_bounded_and_keep_utf8_truncation_metadata ... ok
2026-10-07T01:55:39.4907130Z test actor::tests::event_deadlines_include_lock_contention_and_preserve_the_cursor ... ok
2026-10-07T01:55:39.4910430Z test actor::tests::normally_finished_task_tokens_are_invalid_while_the_supervisor_stays_running ... ok
2026-10-07T01:55:39.4915440Z test actor::tests::oversized_business_reply_keeps_next_state_and_retained_input_capacity_is_checked ... ok
2026-10-07T01:55:39.5023720Z test actor::tests::startup_deadline_and_zero_restart_budget_end_the_group_without_a_ready_actor ... ok
2026-10-07T01:55:39.5027260Z test actor::tests::stopped_tasks_cannot_publish_readiness_and_legacy_tasks_never_publish_it ... ok
2026-10-07T01:55:39.5064290Z test actor::tests::task_readiness_follows_initialization_once_without_changing_started ... ok
2026-10-07T01:55:39.5481440Z test actor::tests::native_factory_construction_is_included_in_the_startup_deadline ... ok
2026-10-07T01:55:39.5875650Z test actor::lifecycle_adversarial_tests::delayed_native_context_owners_then_actual_context_drop_precede_completion ... ok
2026-10-07T01:55:39.5876850Z 
2026-10-07T01:55:39.5877870Z test result: ok. 44 passed; 0 failed; 0 ignored; 0 measured; 164 filtered out; finished in 0.33s
2026-10-07T01:55:39.5879530Z 
2026-10-07T01:55:39.5881100Z [1m[92m     Running[0m tests/task_handles.rs (target/debug/deps/task_handles-67174b014eed5515)
2026-10-07T01:55:39.5939420Z 
2026-10-07T01:55:39.5940040Z running 0 tests
2026-10-07T01:55:39.5940390Z 
2026-10-07T01:55:39.5941340Z test result: ok. 0 passed; 0 failed; 0 ignored; 0 measured; 3 filtered out; finished in 0.00s
2026-10-07T01:55:39.5942180Z 
2026-10-07T01:55:39.6683260Z [1m[92m    Finished[0m `test` profile [unoptimized + debuginfo] target(s) in 0.04s
2026-10-07T01:55:39.6704420Z [1m[92m     Running[0m unittests src/lib.rs (target/debug/deps/nagi_runtime-cd28aeb5ce2f1769)
2026-10-07T01:55:39.6748260Z 
2026-10-07T01:55:39.6749200Z running 2 tests
2026-10-07T01:55:39.6751720Z test concurrent::tests::supervisor_drop_after_worker_start ... ok
2026-10-07T01:55:39.6754890Z [1m[92m     Running[0m tests/task_handles.rs (target/debug/deps/task_handles-67174b014eed5515)
2026-10-07T01:55:39.6755690Z test concurrent::tests::supervisor_drop_while_waiting_for_worker_start ... ok
2026-10-07T01:55:39.6771960Z 
2026-10-07T01:55:39.6772490Z test result: ok. 2 passed; 0 failed; 0 ignored; 0 measured; 206 filtered out; finished in 0.00s
2026-10-07T01:55:39.6772920Z 
2026-10-07T01:55:39.6778940Z 
2026-10-07T01:55:39.6779490Z running 0 tests
2026-10-07T01:55:39.6780130Z 
2026-10-07T01:55:39.6780600Z test result: ok. 0 passed; 0 failed; 0 ignored; 0 measured; 3 filtered out; finished in 0.00s
2026-10-07T01:55:39.6780910Z 
2026-10-07T01:55:39.6816640Z ##[group]Run cargo test --locked -p nagi-runtime database::tests
2026-10-07T01:55:39.6817010Z [36;1mcargo test --locked -p nagi-runtime database::tests[0m
2026-10-07T01:55:39.6850140Z shell: /bin/bash -e {0}
2026-10-07T01:55:39.6850330Z env:
2026-10-07T01:55:39.6850610Z   NAGI_FAILURE_DIR: /Users/runner/work/Nagi/Nagi/build/compiler-failures
2026-10-07T01:55:39.6850900Z   CARGO_HOME: /Users/runner/.cargo
2026-10-07T01:55:39.6851090Z   CARGO_INCREMENTAL: 0
2026-10-07T01:55:39.6851270Z   CARGO_TERM_COLOR: always
2026-10-07T01:55:39.6851510Z   pythonLocation: /Users/runner/hostedtoolcache/Python/3.12.10/arm64
2026-10-07T01:55:39.6851890Z   PKG_CONFIG_PATH: /Users/runner/hostedtoolcache/Python/3.12.10/arm64/lib/pkgconfig
2026-10-07T01:55:39.6852270Z   Python_ROOT_DIR: /Users/runner/hostedtoolcache/Python/3.12.10/arm64
2026-10-07T01:55:39.6852600Z   Python2_ROOT_DIR: /Users/runner/hostedtoolcache/Python/3.12.10/arm64
2026-10-07T01:55:39.6852980Z   Python3_ROOT_DIR: /Users/runner/hostedtoolcache/Python/3.12.10/arm64
2026-10-07T01:55:39.6853230Z ##[endgroup]
2026-10-07T01:55:39.7653130Z [1m[92m    Finished[0m `test` profile [unoptimized + debuginfo] target(s) in 0.03s
2026-10-07T01:55:39.7677010Z [1m[92m     Running[0m unittests src/lib.rs (target/debug/deps/nagi_runtime-cd28aeb5ce2f1769)
2026-10-07T01:55:39.7729370Z [1m[92m     Running[0m tests/task_handles.rs (target/debug/deps/task_handles-67174b014eed5515)
2026-10-07T01:55:39.7729820Z 
2026-10-07T01:55:39.7737960Z running 6 tests
2026-10-07T01:55:39.7738510Z test database::tests::column_order_independent ... ok
2026-10-07T01:55:39.7738940Z test database::tests::crud_and_parameterization ... ok
2026-10-07T01:55:39.7739410Z test database::tests::exec_counts_only_changes_in_the_current_batch ... ok
2026-10-07T01:55:39.7739830Z test database::tests::missing_column_is_error ... ok
2026-10-07T01:55:39.7740220Z test database::tests::runtime_type_mismatch ... ok
2026-10-07T01:55:39.7740750Z test database::tests::exec_counts_trigger_changes_and_preserves_sql_errors ... ok
2026-10-07T01:55:39.7741010Z 
2026-10-07T01:55:39.7741370Z test result: ok. 6 passed; 0 failed; 0 ignored; 0 measured; 202 filtered out; finished in 0.00s
2026-10-07T01:55:39.7741660Z 
2026-10-07T01:55:39.7751800Z 
2026-10-07T01:55:39.7752240Z running 0 tests
2026-10-07T01:55:39.7752620Z 
2026-10-07T01:55:39.7753520Z test result: ok. 0 passed; 0 failed; 0 ignored; 0 measured; 3 filtered out; finished in 0.00s
2026-10-07T01:55:39.7754460Z 
2026-10-07T01:55:39.7788820Z ##[group]Run cargo test --locked -p nagi-runtime sqlite_prototype
2026-10-07T01:55:39.7789200Z [36;1mcargo test --locked -p nagi-runtime sqlite_prototype[0m
2026-10-07T01:55:39.7822560Z shell: /bin/bash -e {0}
2026-10-07T01:55:39.7822740Z env:
2026-10-07T01:55:39.7822980Z   NAGI_FAILURE_DIR: /Users/runner/work/Nagi/Nagi/build/compiler-failures
2026-10-07T01:55:39.7823310Z   CARGO_HOME: /Users/runner/.cargo
2026-10-07T01:55:39.7823500Z   CARGO_INCREMENTAL: 0
2026-10-07T01:55:39.7823700Z   CARGO_TERM_COLOR: always
2026-10-07T01:55:39.7824000Z   pythonLocation: /Users/runner/hostedtoolcache/Python/3.12.10/arm64
2026-10-07T01:55:39.7824460Z   PKG_CONFIG_PATH: /Users/runner/hostedtoolcache/Python/3.12.10/arm64/lib/pkgconfig
2026-10-07T01:55:39.7824900Z   Python_ROOT_DIR: /Users/runner/hostedtoolcache/Python/3.12.10/arm64
2026-10-07T01:55:39.7825370Z   Python2_ROOT_DIR: /Users/runner/hostedtoolcache/Python/3.12.10/arm64
2026-10-07T01:55:39.7825770Z   Python3_ROOT_DIR: /Users/runner/hostedtoolcache/Python/3.12.10/arm64
2026-10-07T01:55:39.7826060Z ##[endgroup]
2026-10-07T01:55:39.8594460Z [1m[92m    Finished[0m `test` profile [unoptimized + debuginfo] target(s) in 0.03s
2026-10-07T01:55:39.8613350Z [1m[92m     Running[0m unittests src/lib.rs (target/debug/deps/nagi_runtime-cd28aeb5ce2f1769)
2026-10-07T01:55:39.8647580Z 
2026-10-07T01:55:39.8648390Z running 61 tests
2026-10-07T01:55:39.8649910Z test sqlite_prototype::acquire_tests::acquire_budget_arithmetic_keeps_immediate_distinct_and_checks_overflow ... ok
2026-10-07T01:55:39.8660860Z test sqlite_prototype::acquire_tests::acquire_expiry_does_not_replace_closed_or_recycle_failure_cause ... ok
2026-10-07T01:55:39.8661690Z test sqlite_prototype::acquire_tests::acquire_expired_finite_budget_does_not_register_even_when_native_free ... ok
2026-10-07T01:55:39.8662450Z test sqlite_prototype::acquire_tests::acquire_immediate_logical_full_is_timeout_without_pool_failure ... ok
2026-10-07T01:55:39.8663250Z test sqlite_prototype::acquire_tests::acquire_immediate_free_reserves_before_slow_startup_and_reuses ... ok
2026-10-07T01:55:40.0705310Z test sqlite_prototype::acquire_tests::acquire_absolute_budget_survives_logical_wait_to_native_fence ... ok
2026-10-07T01:55:40.0719260Z test sqlite_prototype::acquire_tests::acquire_same_task_scopes_are_isolated_and_drop_restores_legacy_begin ... ok
2026-10-07T01:55:40.0751800Z test sqlite_prototype::adapter_tests::acquired_deadpool_object_after_close_is_rejected_before_user_begin ... ok
2026-10-07T01:55:40.0767920Z test sqlite_prototype::adapter_tests::callback_panic_retires_pool_and_join_does_not_hide_native_close_failure ... ok
2026-10-07T01:55:40.0776080Z test sqlite_prototype::adapter_tests::cancelled_begin_reply_keeps_checkout_until_eof_rollback_is_observed ... ok
2026-10-07T01:55:40.0786370Z test sqlite_prototype::adapter_tests::cancelled_create_cannot_start_replacement_before_old_native_worker_joins ... ok
2026-10-07T01:55:40.0811670Z test sqlite_prototype::adapter_tests::cancelled_get_during_create_preserves_startup_close_and_join_owner ... ok
2026-10-07T01:55:40.0825680Z test sqlite_prototype::adapter_tests::cancelled_tx_keeps_deadpool_checkout_until_native_cleanup_completes ... ok
2026-10-07T01:55:40.0850270Z test sqlite_prototype::adapter_tests::close_clone_and_cancel_keep_closing_while_active_checkout_can_finish ... ok
2026-10-07T01:55:40.0855350Z test sqlite_prototype::adapter_tests::close_retires_idle_worker_while_stock_permit_is_reserved_for_unpolled_waiter ... ok
2026-10-07T01:55:40.0880410Z test sqlite_prototype::adapter_tests::close_waits_for_registered_create_and_late_create_cannot_begin ... ok
2026-10-07T01:55:40.0892170Z test sqlite_prototype::adapter_tests::deadpool_adapter_reuses_same_native_worker_and_sql_session_core ... ok
2026-10-07T01:55:40.0898000Z test sqlite_prototype::adapter_tests::deadpool_recycle_error_stops_create_instead_of_default_replacement ... ok
2026-10-07T01:55:40.0926120Z test sqlite_prototype::adapter_tests::joined_is_published_only_after_terminal_native_failure_is_in_ledger ... ok
2026-10-07T01:55:40.0930030Z test sqlite_prototype::adapter_tests::last_adapter_drop_closes_idle_worker_without_observer_owning_pool_or_tx_sender ... ok
2026-10-07T01:55:40.0937200Z test sqlite_prototype::adapter_tests::last_adapter_drop_preserves_active_tx_until_its_explicit_finish ... ok
2026-10-07T01:55:40.0974130Z test sqlite_prototype::adapter_tests::multi_b_terminal_failure_is_published_without_waiting_for_a ... ok
2026-10-07T01:55:40.1005850Z test sqlite_prototype::adapter_tests::multi_cancelled_b_joins_and_c_begins_before_healthy_a_finishes ... ok
2026-10-07T01:55:40.1055010Z test sqlite_prototype::adapter_tests::multi_close_during_b_startup_preserves_a_and_all_join_responsibility ... ok
2026-10-07T01:55:40.1155520Z test sqlite_prototype::adapter_tests::multi_native_spawn_failure_keeps_cause_without_native_b_or_fake_join ... ok
2026-10-07T01:55:40.1161350Z test sqlite_prototype::adapter_tests::multi_observer_spawn_failure_never_starts_or_fake_joins_native_b ... ok
2026-10-07T01:55:40.1163160Z test sqlite_prototype::adapter_tests::multi_stock_detach_permit_gap_respects_native_cap_with_a_active ... ok
2026-10-07T01:55:40.1165050Z test sqlite_prototype::adapter_tests::multi_two_filesystem_connections_begin_while_first_tx_stays_active ... ok
2026-10-07T01:55:40.1169630Z test sqlite_prototype::adapter_tests::native_cleanup_failure_closes_deadpool_and_never_creates_replacement ... ok
2026-10-07T01:55:40.1172320Z test sqlite_prototype::adapter_tests::native_close_failure_is_kept_after_deadpool_objects_and_workers_are_gone ... ok
2026-10-07T01:55:40.1174100Z test sqlite_prototype::adapter_tests::object_take_and_last_pool_drop_both_preserve_native_close_join_observation ... ok
2026-10-07T01:55:40.1179230Z test sqlite_prototype::adapter_tests::resize_zero_uses_worker_drop_even_when_manager_detach_is_bypassed ... ok
2026-10-07T01:55:40.1198200Z test sqlite_prototype::adapter_tests::stock_detach_permit_before_handle_drop_cannot_start_another_native_worker ... ok
2026-10-07T01:55:40.1199850Z test sqlite_prototype::adapter_tests::taken_object_cannot_start_replacement_before_old_native_worker_joins ... ok
2026-10-07T01:55:40.1201060Z test sqlite_prototype::adapter_tests::tokio_runtime_drop_cannot_return_native_owned_checkout_before_cleanup ... ok
2026-10-07T01:55:40.7527520Z test sqlite_prototype::comparison::bounded_and_unbounded_deadpool_warm_comparison ... ok
2026-10-07T01:55:40.8746410Z test sqlite_prototype::acquire_tests::acquire_registered_startup_and_begin_are_outside_finite_budget ... ok
2026-10-07T01:55:40.8849400Z test sqlite_prototype::tests::begin_reply_cancellation_closes_only_sender_and_runs_observed_cleanup ... ok
2026-10-07T01:55:40.8951600Z test sqlite_prototype::acquire_tests::acquire_immediate_native_full_after_stock_detach_is_timeout ... ok
2026-10-07T01:55:40.9053760Z test sqlite_prototype::tests::cancelled_commit_reply_preserves_committed_data_and_does_not_retry ... ok
2026-10-07T01:55:40.9086110Z test sqlite_prototype::tests::cancelled_finish_before_full_inbox_admission_uses_eof_cleanup ... ok
2026-10-07T01:55:40.9091040Z test sqlite_prototype::tests::commit_after_native_auto_rollback_returns_aborted_error_instead_of_success ... ok
2026-10-07T01:55:40.9099120Z test sqlite_prototype::tests::close_timeout_and_cancel_keep_closing_until_native_close_and_join ... ok
2026-10-07T01:55:40.9115880Z test sqlite_prototype::tests::commit_failure_and_failed_cleanup_preserve_both_causes_and_unknown_outcome ... ok
2026-10-07T01:55:40.9181490Z test sqlite_prototype::tests::committed_outcome_and_cleanup_failure_are_both_preserved ... ok
2026-10-07T01:55:40.9288920Z test sqlite_prototype::tests::eof_cleanup_blocks_next_session_and_unpolled_finish_still_owns_cleanup ... ok
2026-10-07T01:55:40.9391690Z test sqlite_prototype::tests::existing_trigger_and_or_rollback_abort_session_and_reject_later_sql ... ok
2026-10-07T01:55:40.9464820Z test sqlite_prototype::tests::failed_commit_with_successful_observed_rollback_can_reuse_connection ... ok
2026-10-07T01:55:40.9567380Z test sqlite_prototype::tests::management_panic_restores_raii_flag_before_observed_rollback_and_retirement ... ok
2026-10-07T01:55:40.9579550Z test sqlite_prototype::tests::native_close_failure_is_not_reported_as_success_even_after_join ... ok
2026-10-07T01:55:40.9582740Z test sqlite_prototype::tests::full_inbox_and_cancelled_admitted_operation_drain_before_eof_rollback ... ok
2026-10-07T01:55:40.9585260Z test sqlite_prototype::tests::ordinary_sql_error_does_not_abort_active_session_and_exec_counts_direct_changes ... ok
2026-10-07T01:55:40.9588230Z test sqlite_prototype::tests::one_statement_anonymous_bind_and_operation_shape_are_checked_before_step ... ok
2026-10-07T01:55:40.9591060Z test sqlite_prototype::tests::owned_bind_values_and_decode_errors_use_native_row_contract ... ok
2026-10-07T01:55:40.9595490Z test sqlite_prototype::tests::raise_fail_preserves_active_prior_effects_until_explicit_rollback ... ok
2026-10-07T01:55:40.9597500Z test sqlite_prototype::tests::rollback_failure_is_observed_without_native_drop_retry_and_retires_connection ... ok
2026-10-07T01:55:40.9601380Z test sqlite_prototype::tests::pragma_tvf_existing_views_and_schema_reprepare_keep_authorizer_installed ... ok
2026-10-07T01:55:40.9604090Z test sqlite_prototype::tests::sql_policy_denies_control_in_every_entry_and_keeps_tx_active ... ok
2026-10-07T01:55:40.9607460Z test sqlite_prototype::tests::trigger_pragma_is_denied_and_native_prior_effects_require_explicit_rollback ... ok
2026-10-07T01:55:40.9610490Z test sqlite_prototype::tests::user_callback_panic_restores_management_state_and_retires_worker ... ok
2026-10-07T01:55:41.4637240Z test sqlite_prototype::comparison::direct_and_deadpool_warm_native_session_comparison ... ok
2026-10-07T01:55:41.4637690Z 
2026-10-07T01:55:41.4638070Z test result: ok. 61 passed; 0 failed; 0 ignored; 0 measured; 147 filtered out; finished in 1.60s
2026-10-07T01:55:41.4638360Z 
2026-10-07T01:55:41.4641050Z [1m[92m     Running[0m tests/task_handles.rs (target/debug/deps/task_handles-67174b014eed5515)
2026-10-07T01:55:41.4668320Z 
2026-10-07T01:55:41.4669030Z running 0 tests
2026-10-07T01:55:41.4669350Z 
2026-10-07T01:55:41.4669900Z test result: ok. 0 passed; 0 failed; 0 ignored; 0 measured; 3 filtered out; finished in 0.00s
2026-10-07T01:55:41.4670340Z 
2026-10-07T01:55:41.4709680Z ##[group]Run python scripts/verify_application_examples.py
2026-10-07T01:55:41.4710090Z [36;1mpython scripts/verify_application_examples.py[0m
2026-10-07T01:55:41.4745140Z shell: /bin/bash -e {0}
2026-10-07T01:55:41.4745320Z env:
2026-10-07T01:55:41.4745630Z   NAGI_FAILURE_DIR: /Users/runner/work/Nagi/Nagi/build/compiler-failures
2026-10-07T01:55:41.4746010Z   CARGO_HOME: /Users/runner/.cargo
2026-10-07T01:55:41.4746290Z   CARGO_INCREMENTAL: 0
2026-10-07T01:55:41.4746490Z   CARGO_TERM_COLOR: always
2026-10-07T01:55:41.4746840Z   pythonLocation: /Users/runner/hostedtoolcache/Python/3.12.10/arm64
2026-10-07T01:55:41.4747240Z   PKG_CONFIG_PATH: /Users/runner/hostedtoolcache/Python/3.12.10/arm64/lib/pkgconfig
2026-10-07T01:55:41.4747720Z   Python_ROOT_DIR: /Users/runner/hostedtoolcache/Python/3.12.10/arm64
2026-10-07T01:55:41.4748150Z   Python2_ROOT_DIR: /Users/runner/hostedtoolcache/Python/3.12.10/arm64
2026-10-07T01:55:41.4748530Z   Python3_ROOT_DIR: /Users/runner/hostedtoolcache/Python/3.12.10/arm64
2026-10-07T01:55:41.4748930Z ##[endgroup]
2026-10-07T01:55:42.4222720Z Passed: stock-report (high)
2026-10-07T01:55:43.2327320Z Passed: stock-report (low)
2026-10-07T01:55:47.6946390Z Passed: device-settings (high)
2026-10-07T01:55:51.7770630Z Passed: device-settings (low)
2026-10-07T01:55:53.8422150Z Passed: seat-reservations (high)
2026-10-07T01:55:55.9238470Z Passed: seat-reservations (low)
2026-10-07T01:55:56.5611110Z Passed: file-json (high)
2026-10-07T01:55:57.2268670Z Passed: file-json (low)
2026-10-07T01:56:00.7149880Z Passed: quote-api (high)
2026-10-07T01:56:04.4076940Z Passed: quote-api (low)
2026-10-07T01:56:06.7456070Z Passed: supervised-worker (high)
2026-10-07T01:56:09.0235200Z Passed: supervised-worker (low)
2026-10-07T01:56:11.7831620Z Passed: byte-inspector (high)
2026-10-07T01:56:14.6792070Z Passed: byte-inspector (low)
2026-10-07T01:56:21.1888490Z Passed: axum-service (high)
2026-10-07T01:56:27.6749140Z Passed: axum-service (low)
2026-10-07T01:56:35.9613180Z Passed: auth-boundary (high)
2026-10-07T01:56:44.3134250Z Passed: auth-boundary (low)
2026-10-07T01:56:45.1117890Z Passed: order-quote (low)
2026-10-07T01:56:45.1118390Z {"projects": 10, "runs": 19, "status": "passed"}
2026-10-07T01:56:45.1298630Z ##[group]Run python -m unittest discover -s scripts/releases -p 'test_install.py'
2026-10-07T01:56:45.1299220Z [36;1mpython -m unittest discover -s scripts/releases -p 'test_install.py'[0m
2026-10-07T01:56:45.1507240Z shell: /bin/bash -e {0}
2026-10-07T01:56:45.1507550Z env:
2026-10-07T01:56:45.1507900Z   NAGI_FAILURE_DIR: /Users/runner/work/Nagi/Nagi/build/compiler-failures
2026-10-07T01:56:45.1508390Z   CARGO_HOME: /Users/runner/.cargo
2026-10-07T01:56:45.1508640Z   CARGO_INCREMENTAL: 0
2026-10-07T01:56:45.1509000Z   CARGO_TERM_COLOR: always
2026-10-07T01:56:45.1509470Z   pythonLocation: /Users/runner/hostedtoolcache/Python/3.12.10/arm64
2026-10-07T01:56:45.1509920Z   PKG_CONFIG_PATH: /Users/runner/hostedtoolcache/Python/3.12.10/arm64/lib/pkgconfig
2026-10-07T01:56:45.1510490Z   Python_ROOT_DIR: /Users/runner/hostedtoolcache/Python/3.12.10/arm64
2026-10-07T01:56:45.1510910Z   Python2_ROOT_DIR: /Users/runner/hostedtoolcache/Python/3.12.10/arm64
2026-10-07T01:56:45.1511490Z   Python3_ROOT_DIR: /Users/runner/hostedtoolcache/Python/3.12.10/arm64
2026-10-07T01:56:45.1511830Z ##[endgroup]
2026-10-07T01:56:50.7559560Z .....................
2026-10-07T01:56:50.7560140Z ----------------------------------------------------------------------
2026-10-07T01:56:50.7560470Z Ran 21 tests in 5.492s
2026-10-07T01:56:50.7560650Z 
2026-10-07T01:56:50.7560720Z OK
2026-10-07T01:56:50.7654610Z ##[group]Run python -m unittest discover -s scripts/releases -p 'test_uninstall.py'
2026-10-07T01:56:50.7655110Z [36;1mpython -m unittest discover -s scripts/releases -p 'test_uninstall.py'[0m
2026-10-07T01:56:50.7686610Z shell: /bin/bash -e {0}
2026-10-07T01:56:50.7686890Z env:
2026-10-07T01:56:50.7687170Z   NAGI_FAILURE_DIR: /Users/runner/work/Nagi/Nagi/build/compiler-failures
2026-10-07T01:56:50.7687540Z   CARGO_HOME: /Users/runner/.cargo
2026-10-07T01:56:50.7687720Z   CARGO_INCREMENTAL: 0
2026-10-07T01:56:50.7687900Z   CARGO_TERM_COLOR: always
2026-10-07T01:56:50.7688140Z   pythonLocation: /Users/runner/hostedtoolcache/Python/3.12.10/arm64
2026-10-07T01:56:50.7688540Z   PKG_CONFIG_PATH: /Users/runner/hostedtoolcache/Python/3.12.10/arm64/lib/pkgconfig
2026-10-07T01:56:50.7688930Z   Python_ROOT_DIR: /Users/runner/hostedtoolcache/Python/3.12.10/arm64
2026-10-07T01:56:50.7689310Z   Python2_ROOT_DIR: /Users/runner/hostedtoolcache/Python/3.12.10/arm64
2026-10-07T01:56:50.7689710Z   Python3_ROOT_DIR: /Users/runner/hostedtoolcache/Python/3.12.10/arm64
2026-10-07T01:56:50.7689980Z ##[endgroup]
2026-10-07T01:56:56.2614890Z ..............
2026-10-07T01:56:56.2615370Z ----------------------------------------------------------------------
2026-10-07T01:56:56.2615770Z Ran 14 tests in 5.421s
2026-10-07T01:56:56.2615890Z 
2026-10-07T01:56:56.2615960Z OK
2026-10-07T01:56:56.2722420Z ##[group]Run actions/upload-artifact@v4
2026-10-07T01:56:56.2722640Z with:
2026-10-07T01:56:56.2722770Z   name: release-macos-arm64
2026-10-07T01:56:56.2723130Z   path: build/distribution/nagi-*.zip
build/distribution/nagi-*.tar.gz
build/distribution/nagi-*.sha256

2026-10-07T01:56:56.2723520Z   if-no-files-found: error
2026-10-07T01:56:56.2723700Z   compression-level: 6
2026-10-07T01:56:56.2723870Z   overwrite: false
2026-10-07T01:56:56.2724030Z   include-hidden-files: false
2026-10-07T01:56:56.2724210Z env:
2026-10-07T01:56:56.2724430Z   NAGI_FAILURE_DIR: /Users/runner/work/Nagi/Nagi/build/compiler-failures
2026-10-07T01:56:56.2724730Z   CARGO_HOME: /Users/runner/.cargo
2026-10-07T01:56:56.2724920Z   CARGO_INCREMENTAL: 0
2026-10-07T01:56:56.2725080Z   CARGO_TERM_COLOR: always
2026-10-07T01:56:56.2725340Z   pythonLocation: /Users/runner/hostedtoolcache/Python/3.12.10/arm64
2026-10-07T01:56:56.2725930Z   PKG_CONFIG_PATH: /Users/runner/hostedtoolcache/Python/3.12.10/arm64/lib/pkgconfig
2026-10-07T01:56:56.2726320Z   Python_ROOT_DIR: /Users/runner/hostedtoolcache/Python/3.12.10/arm64
2026-10-07T01:56:56.2726700Z   Python2_ROOT_DIR: /Users/runner/hostedtoolcache/Python/3.12.10/arm64
2026-10-07T01:56:56.2727060Z   Python3_ROOT_DIR: /Users/runner/hostedtoolcache/Python/3.12.10/arm64
2026-10-07T01:56:56.2727330Z ##[endgroup]
2026-10-07T01:56:56.5734260Z (node:51902) [DEP0040] DeprecationWarning: The `punycode` module is deprecated. Please use a userland alternative instead.
2026-10-07T01:56:56.5734940Z (Use `node --trace-deprecation ...` to show where the warning was created)
2026-10-07T01:56:56.5773070Z With the provided path, there will be 2 files uploaded
2026-10-07T01:56:56.5774740Z Artifact name is valid!
2026-10-07T01:56:56.5775110Z Root directory input is valid!
2026-10-07T01:56:56.7709780Z Beginning upload of artifact content to blob storage
2026-10-07T01:56:56.8559280Z (node:51902) [DEP0169] DeprecationWarning: `url.parse()` behavior is not standardized and prone to errors that have security implications. Use the WHATWG URL API instead. CVEs are not issued for `url.parse()` vulnerabilities.
2026-10-07T01:56:56.9534260Z Uploaded bytes 2284671
2026-10-07T01:56:56.9728080Z Finished uploading artifact content to blob storage!
2026-10-07T01:56:56.9728950Z SHA256 digest of uploaded artifact zip is 509e922546120ec3c40044f56fe4832bf95a4d4f888f6928e6e804df338cc241
2026-10-07T01:56:56.9729590Z Finalizing artifact upload
2026-10-07T01:56:57.1757000Z Artifact release-macos-arm64.zip successfully finalized. Artifact ID 11456202195
2026-10-07T01:56:57.1760560Z Artifact release-macos-arm64 has been successfully uploaded! Final size is 2284671 bytes. Artifact ID is 11456202195
2026-10-07T01:56:57.1782670Z Artifact download URL: https://github.com/disnana/Nagi/actions/runs/37558874886/artifacts/11456202195
2026-10-07T01:56:57.2208740Z Post job cleanup.
2026-10-07T01:56:57.3416580Z (node:51904) [DEP0040] DeprecationWarning: The `punycode` module is deprecated. Please use a userland alternative instead.
2026-10-07T01:56:57.3417300Z (Use `node --trace-deprecation ...` to show where the warning was created)
2026-10-07T01:56:57.3498850Z Post job cleanup.
2026-10-07T01:56:57.4521800Z (node:51905) [DEP0040] DeprecationWarning: The `punycode` module is deprecated. Please use a userland alternative instead.
2026-10-07T01:56:57.4522520Z (Use `node --trace-deprecation ...` to show where the warning was created)
2026-10-07T01:56:58.8492880Z Post job cleanup.
2026-10-07T01:56:58.9622790Z (node:52156) [DEP0040] DeprecationWarning: The `punycode` module is deprecated. Please use a userland alternative instead.
2026-10-07T01:56:58.9623910Z (Use `node --trace-deprecation ...` to show where the warning was created)
2026-10-07T01:56:58.9832490Z [command]/opt/homebrew/bin/gtar --posix -cf cache.tzst --exclude cache.tzst -P -C /Users/runner/work/Nagi/Nagi --files-from manifest.txt --delay-directory-restore --use-compress-program zstdmt
2026-10-07T01:57:07.4163570Z (node:52156) [DEP0169] DeprecationWarning: `url.parse()` behavior is not standardized and prone to errors that have security implications. Use the WHATWG URL API instead. CVEs are not issued for `url.parse()` vulnerabilities.
2026-10-07T01:57:08.4033130Z Sent 0 of 691153278 (0.0%), 0.0 MBs/sec
2026-10-07T01:57:09.4051260Z Sent 0 of 691153278 (0.0%), 0.0 MBs/sec
2026-10-07T01:57:10.4105990Z Sent 469762048 of 691153278 (68.0%), 149.1 MBs/sec
2026-10-07T01:57:11.3514560Z Sent 691153278 of 691153278 (100.0%), 166.9 MBs/sec
2026-10-07T01:57:11.4411020Z Cache saved with key: nagi-rust-v1-package-macos-arm64-20260928b940-ea0ec8ed94fb35bcf1d7c665cba9b22ca9050a457cc062d0c63198341f876515-0b86d267842384c4053a5e5fd79f989e184954a703b5365ab17024600c1d4de3
2026-10-07T01:57:11.4614300Z Post job cleanup.
2026-10-07T01:57:11.5992110Z [command]/opt/homebrew/bin/git version
2026-10-07T01:57:11.6177320Z git version 2.55.0
2026-10-07T01:57:11.6194660Z Copying '/Users/runner/.gitconfig' to '/Users/runner/work/_temp/a74cfc15-e73c-4711-a9fb-7537abf858e8/.gitconfig'
2026-10-07T01:57:11.6206350Z Temporarily overriding HOME='/Users/runner/work/_temp/a74cfc15-e73c-4711-a9fb-7537abf858e8' before making global git config changes
2026-10-07T01:57:11.6207270Z Adding repository directory to the temporary git global config as a safe directory
2026-10-07T01:57:11.6209600Z [command]/opt/homebrew/bin/git config --global --add safe.directory /Users/runner/work/Nagi/Nagi
2026-10-07T01:57:11.6300710Z [command]/opt/homebrew/bin/git config --local --name-only --get-regexp core\.sshCommand
2026-10-07T01:57:11.6350180Z [command]/opt/homebrew/bin/git submodule foreach --recursive sh -c "git config --local --name-only --get-regexp 'core\.sshCommand' && git config --local --unset-all 'core.sshCommand' || :"
2026-10-07T01:57:11.7095080Z [command]/opt/homebrew/bin/git config --local --name-only --get-regexp http\.https\:\/\/github\.com\/\.extraheader
2026-10-07T01:57:11.7137200Z http.https://github.com/.extraheader
2026-10-07T01:57:11.7142460Z [command]/opt/homebrew/bin/git config --local --unset-all http.https://github.com/.extraheader
2026-10-07T01:57:11.7192380Z [command]/opt/homebrew/bin/git submodule foreach --recursive sh -c "git config --local --name-only --get-regexp 'http\.https\:\/\/github\.com\/\.extraheader' && git config --local --unset-all 'http.https://github.com/.extraheader' || :"
2026-10-07T01:57:11.7777190Z [command]/opt/homebrew/bin/git config --local --name-only --get-regexp ^includeIf\.gitdir:
2026-10-07T01:57:11.7830840Z [command]/opt/homebrew/bin/git submodule foreach --recursive git config --local --show-origin --name-only --get-regexp remote.origin.url
2026-10-07T01:57:11.8502320Z Cleaning up orphan processes
2026-10-07T01:57:12.3623490Z ##[warning]Node.js 20 is deprecated. The following actions target Node.js 20 but are being forced to run on Node.js 24: actions/cache@v4, actions/checkout@v4, actions/setup-node@v4, actions/setup-python@v5, actions/upload-artifact@v4. For more information see: https://github.blog/changelog/2025-09-19-deprecation-of-node-20-on-github-actions-runners/
