2026-10-06T15:39:39.1789558Z Current runner version: '2.337.0'
2026-10-06T15:39:39.1815935Z ##[group]Runner Image Provisioner
2026-10-06T15:39:39.1817127Z Hosted Compute Agent
2026-10-06T15:39:39.1817960Z Version: 20260901.588
2026-10-06T15:39:39.1818635Z Commit: f88ec8081b781fac6c440065ac7ff9e710ce3d0b
2026-10-06T15:39:39.1819546Z Build Date: 2026-09-01T19:56:44Z
2026-10-06T15:39:39.1820200Z Worker ID: {b204d72e-8eee-4fb4-87ba-13f899c11785}
2026-10-06T15:39:39.1820879Z Azure Region: northcentralus
2026-10-06T15:39:39.1821476Z ##[endgroup]
2026-10-06T15:39:39.1822921Z ##[group]Operating System
2026-10-06T15:39:39.1823603Z Microsoft Windows Server 2025
2026-10-06T15:39:39.1824194Z 10.0.26100
2026-10-06T15:39:39.1824691Z Datacenter
2026-10-06T15:39:39.1825192Z ##[endgroup]
2026-10-06T15:39:39.1825681Z ##[group]Runner Image
2026-10-06T15:39:39.1826227Z Image: windows-2025-vs2026
2026-10-06T15:39:39.1826789Z Version: 20260925.250.1
2026-10-06T15:39:39.1828294Z Included Software: https://github.com/actions/runner-images/blob/win25-vs2026/20260925.250/images/windows/Windows2025-VS2026-Readme.md
2026-10-06T15:39:39.1829890Z Image Release: https://github.com/actions/runner-images/releases/tag/win25-vs2026%2F20260925.250
2026-10-06T15:39:39.1830826Z ##[endgroup]
2026-10-06T15:39:39.1831900Z ##[group]GITHUB_TOKEN Permissions
2026-10-06T15:39:39.1834803Z Contents: read
2026-10-06T15:39:39.1835392Z Metadata: read
2026-10-06T15:39:39.1835917Z ##[endgroup]
2026-10-06T15:39:39.1838820Z Secret source: Actions
2026-10-06T15:39:39.1839734Z Cache mode: write
2026-10-06T15:39:39.1840483Z Prepare workflow directory
2026-10-06T15:39:39.2421243Z Prepare all required actions
2026-10-06T15:39:39.2471794Z Getting action download info
2026-10-06T15:39:39.4705096Z Download action repository 'actions/checkout@v4' (SHA:11d5960a326750d5838078e36cf38b85af677262)
2026-10-06T15:39:39.6106519Z Download action repository 'dtolnay/rust-toolchain@stable' (SHA:89b12181fb390509a0842a86cc55eeb8eb928c1d)
2026-10-06T15:39:39.7476648Z Download action repository 'actions/cache@v4' (SHA:0057852bfaa89a56745cba8c7296529d2fc39830)
2026-10-06T15:39:39.8921922Z Download action repository 'actions/setup-python@v5' (SHA:a26af69be951a213d495a4c3e4e4022e16d87065)
2026-10-06T15:39:40.0651314Z Download action repository 'actions/setup-node@v4' (SHA:49933ea5288caeca8642d1e84afbd3f7d6820020)
2026-10-06T15:39:40.2846707Z Download action repository 'actions/upload-artifact@v4' (SHA:ea165f8d65b6e75b540449e92b4886f43607fa02)
2026-10-06T15:39:40.7697973Z Complete job name: nagi-package (windows-latest, windows-x86_64, nagic.exe, x86_64-pc-windows-msvc)
2026-10-06T15:39:40.9652409Z ##[group]Run actions/checkout@v4
2026-10-06T15:39:40.9653825Z with:
2026-10-06T15:39:40.9654535Z   repository: disnana/Nagi
2026-10-06T15:39:40.9662312Z   token: ***
2026-10-06T15:39:40.9663007Z   ssh-strict: true
2026-10-06T15:39:40.9663702Z   ssh-user: git
2026-10-06T15:39:40.9664411Z   persist-credentials: true
2026-10-06T15:39:40.9665188Z   clean: true
2026-10-06T15:39:40.9665896Z   sparse-checkout-cone-mode: true
2026-10-06T15:39:40.9666791Z   fetch-depth: 1
2026-10-06T15:39:40.9667473Z   fetch-tags: false
2026-10-06T15:39:40.9668201Z   show-progress: true
2026-10-06T15:39:40.9668937Z   lfs: false
2026-10-06T15:39:40.9669585Z   submodules: false
2026-10-06T15:39:40.9670303Z   set-safe-directory: true
2026-10-06T15:39:40.9671122Z   allow-unsafe-pr-checkout: false
2026-10-06T15:39:40.9672236Z env:
2026-10-06T15:39:40.9673053Z   NAGI_FAILURE_DIR: D:\a\Nagi\Nagi/build/compiler-failures
2026-10-06T15:39:40.9674075Z ##[endgroup]
2026-10-06T15:39:41.1224722Z Syncing repository: disnana/Nagi
2026-10-06T15:39:41.1227287Z ##[group]Getting Git version info
2026-10-06T15:39:41.1228276Z Working directory is 'D:\a\Nagi\Nagi'
2026-10-06T15:39:41.2329857Z [command]"C:\Program Files\Git\bin\git.exe" version
2026-10-06T15:39:41.6289894Z git version 2.55.0.windows.5
2026-10-06T15:39:41.6342470Z ##[endgroup]
2026-10-06T15:39:41.6365030Z Temporarily overriding HOME='D:\a\_temp\58c74376-3b4c-4d12-86d5-c7f966599402' before making global git config changes
2026-10-06T15:39:41.6370068Z Adding repository directory to the temporary git global config as a safe directory
2026-10-06T15:39:41.6376573Z [command]"C:\Program Files\Git\bin\git.exe" config --global --add safe.directory D:\a\Nagi\Nagi
2026-10-06T15:39:41.7041940Z Deleting the contents of 'D:\a\Nagi\Nagi'
2026-10-06T15:39:41.7047856Z ##[group]Initializing the repository
2026-10-06T15:39:41.7056490Z [command]"C:\Program Files\Git\bin\git.exe" init D:\a\Nagi\Nagi
2026-10-06T15:39:41.7959618Z Initialized empty Git repository in D:/a/Nagi/Nagi/.git/
2026-10-06T15:39:41.8009480Z [command]"C:\Program Files\Git\bin\git.exe" remote add origin https://github.com/disnana/Nagi
2026-10-06T15:39:41.8705670Z ##[endgroup]
2026-10-06T15:39:41.8708105Z ##[group]Disabling automatic garbage collection
2026-10-06T15:39:41.8715541Z [command]"C:\Program Files\Git\bin\git.exe" config --local gc.auto 0
2026-10-06T15:39:41.9132639Z ##[endgroup]
2026-10-06T15:39:41.9134452Z ##[group]Setting up auth
2026-10-06T15:39:41.9146541Z [command]"C:\Program Files\Git\bin\git.exe" config --local --name-only --get-regexp core\.sshCommand
2026-10-06T15:39:41.9552558Z [command]"C:\Program Files\Git\bin\git.exe" submodule foreach --recursive "sh -c \"git config --local --name-only --get-regexp 'core\.sshCommand' && git config --local --unset-all 'core.sshCommand' || :\""
2026-10-06T15:39:43.4379980Z [command]"C:\Program Files\Git\bin\git.exe" config --local --name-only --get-regexp http\.https\:\/\/github\.com\/\.extraheader
2026-10-06T15:39:43.4702872Z [command]"C:\Program Files\Git\bin\git.exe" submodule foreach --recursive "sh -c \"git config --local --name-only --get-regexp 'http\.https\:\/\/github\.com\/\.extraheader' && git config --local --unset-all 'http.https://github.com/.extraheader' || :\""
2026-10-06T15:39:44.0480291Z [command]"C:\Program Files\Git\bin\git.exe" config --local --name-only --get-regexp ^includeIf\.gitdir:
2026-10-06T15:39:44.0832798Z [command]"C:\Program Files\Git\bin\git.exe" submodule foreach --recursive "git config --local --show-origin --name-only --get-regexp remote.origin.url"
2026-10-06T15:39:44.6504874Z [command]"C:\Program Files\Git\bin\git.exe" config --local http.https://github.com/.extraheader "AUTHORIZATION: basic ***"
2026-10-06T15:39:44.6827897Z ##[endgroup]
2026-10-06T15:39:44.6828806Z ##[group]Fetching the repository
2026-10-06T15:39:44.6844386Z [command]"C:\Program Files\Git\bin\git.exe" -c protocol.version=2 fetch --no-tags --prune --no-recurse-submodules --depth=1 origin +cff579d1a239726dff532dc83aaea44710038d91:refs/remotes/pull/88/merge
2026-10-06T15:39:46.6483169Z From https://github.com/disnana/Nagi
2026-10-06T15:39:46.6484142Z  * [new ref]         cff579d1a239726dff532dc83aaea44710038d91 -> pull/88/merge
2026-10-06T15:39:46.6534995Z ##[endgroup]
2026-10-06T15:39:46.6535411Z ##[group]Determining the checkout info
2026-10-06T15:39:46.6538134Z ##[endgroup]
2026-10-06T15:39:46.6552569Z [command]"C:\Program Files\Git\bin\git.exe" sparse-checkout disable
2026-10-06T15:39:46.7024173Z [command]"C:\Program Files\Git\bin\git.exe" config --local --unset-all extensions.worktreeConfig
2026-10-06T15:39:46.7350054Z ##[group]Checking out the ref
2026-10-06T15:39:46.7360721Z [command]"C:\Program Files\Git\bin\git.exe" checkout --progress --force refs/remotes/pull/88/merge
2026-10-06T15:39:47.2914584Z Note: switching to 'refs/remotes/pull/88/merge'.
2026-10-06T15:39:47.2915139Z 
2026-10-06T15:39:47.2915749Z You are in 'detached HEAD' state. You can look around, make experimental
2026-10-06T15:39:47.2916634Z changes and commit them, and you can discard any commits you make in this
2026-10-06T15:39:47.2917353Z state without impacting any branches by switching back to a branch.
2026-10-06T15:39:47.2917826Z 
2026-10-06T15:39:47.2918041Z If you want to create a new branch to retain commits you create, you may
2026-10-06T15:39:47.2945272Z do so (now or later) by using -c with the switch command. Example:
2026-10-06T15:39:47.2946956Z 
2026-10-06T15:39:47.2947156Z   git switch -c <new-branch-name>
2026-10-06T15:39:47.2947514Z 
2026-10-06T15:39:47.2947655Z Or undo this operation with:
2026-10-06T15:39:47.2947966Z 
2026-10-06T15:39:47.2948076Z   git switch -
2026-10-06T15:39:47.2948207Z 
2026-10-06T15:39:47.2948440Z Turn off this advice by setting config variable advice.detachedHead to false
2026-10-06T15:39:47.2948779Z 
2026-10-06T15:39:47.2949213Z HEAD is now at cff579d Merge 34ac4d585084877372965e3d58ed5c2002604529 into 9ba4a104be6f65dba61eda0c7b1ef0f98c892cf7
2026-10-06T15:39:47.3049989Z ##[endgroup]
2026-10-06T15:39:47.3474770Z [command]"C:\Program Files\Git\bin\git.exe" log -1 --format=%H
2026-10-06T15:39:47.3757318Z cff579d1a239726dff532dc83aaea44710038d91
2026-10-06T15:39:47.4347701Z ##[group]Run dtolnay/rust-toolchain@stable
2026-10-06T15:39:47.4348083Z with:
2026-10-06T15:39:47.4348264Z   toolchain: stable
2026-10-06T15:39:47.4348447Z env:
2026-10-06T15:39:47.4348683Z   NAGI_FAILURE_DIR: D:\a\Nagi\Nagi/build/compiler-failures
2026-10-06T15:39:47.4349009Z ##[endgroup]
2026-10-06T15:39:47.4419614Z ##[start-action display=Parse toolchain version;id=rust.parse]
2026-10-06T15:39:47.4597463Z ##[group]Run if [[ -z $toolchain ]]; then
2026-10-06T15:39:47.4597861Z [36;1mif [[ -z $toolchain ]]; then[0m
2026-10-06T15:39:47.4598399Z [36;1m  # GitHub does not enforce `required: true` inputs itself. https://github.com/actions/runner/issues/1070[0m
2026-10-06T15:39:47.4598950Z [36;1m  echo "'toolchain' is a required input" >&2[0m
2026-10-06T15:39:47.4599227Z [36;1m  exit 1[0m
2026-10-06T15:39:47.4599551Z [36;1melif [[ $toolchain =~ ^stable' '[0-9]+' '(year|month|week|day)s?' 'ago$ ]]; then[0m
2026-10-06T15:39:47.4600006Z [36;1m  if [[ Windows == macOS ]]; then[0m
2026-10-06T15:39:47.4600527Z [36;1m    echo "toolchain=1.$((($(date -v-$(sed 's/stable \([0-9]*\) \(.\).*/\1\2/' <<< $toolchain) +%s)/60/60/24-16569)/7/6))" >> $GITHUB_OUTPUT[0m
2026-10-06T15:39:47.4601019Z [36;1m  else[0m
2026-10-06T15:39:47.4601412Z [36;1m    echo "toolchain=1.$((($(date --date "${toolchain#stable }" +%s)/60/60/24-16569)/7/6))" >> $GITHUB_OUTPUT[0m
2026-10-06T15:39:47.4601845Z [36;1m  fi[0m
2026-10-06T15:39:47.4602122Z [36;1melif [[ $toolchain =~ ^stable' 'minus' '[0-9]+' 'releases?$ ]]; then[0m
2026-10-06T15:39:47.4602636Z [36;1m  echo "toolchain=1.$((($(date +%s)/60/60/24-16569)/7/6-${toolchain//[^0-9]/}))" >> $GITHUB_OUTPUT[0m
2026-10-06T15:39:47.4603080Z [36;1melif [[ $toolchain =~ ^1\.[0-9]+$ ]]; then[0m
2026-10-06T15:39:47.4603576Z [36;1m  echo "toolchain=1.$((i=${toolchain#1.}, c=($(date +%s)/60/60/24-16569)/7/6, i+9*i*(10*i<=c)+90*i*(100*i<=c)))" >> $GITHUB_OUTPUT[0m
2026-10-06T15:39:47.4604050Z [36;1melse[0m
2026-10-06T15:39:47.4604271Z [36;1m  echo "toolchain=$toolchain" >> $GITHUB_OUTPUT[0m
2026-10-06T15:39:47.4604546Z [36;1mfi[0m
2026-10-06T15:39:47.4630353Z shell: C:\Program Files\Git\bin\bash.EXE --noprofile --norc -e -o pipefail {0}
2026-10-06T15:39:47.4630761Z env:
2026-10-06T15:39:47.4631030Z   NAGI_FAILURE_DIR: D:\a\Nagi\Nagi/build/compiler-failures
2026-10-06T15:39:47.4631337Z   toolchain: stable
2026-10-06T15:39:47.4631522Z ##[endgroup]
2026-10-06T15:39:47.6511948Z ##[end-action id=rust.parse;outcome=success;conclusion=success;duration_ms=209]
2026-10-06T15:39:47.6526112Z ##[start-action display=Construct rustup command line;id=rust.flags]
2026-10-06T15:39:47.6688974Z ##[group]Run echo "targets=$(for t in ${targets//,/ }; do echo -n ' --target' $t; done)" >> $GITHUB_OUTPUT
2026-10-06T15:39:47.6689656Z [36;1mecho "targets=$(for t in ${targets//,/ }; do echo -n ' --target' $t; done)" >> $GITHUB_OUTPUT[0m
2026-10-06T15:39:47.6690284Z [36;1mecho "components=$(for c in ${components//,/ }; do echo -n ' --component' $c; done)" >> $GITHUB_OUTPUT[0m
2026-10-06T15:39:47.6690746Z [36;1mecho "downgrade=" >> $GITHUB_OUTPUT[0m
2026-10-06T15:39:47.6708092Z shell: C:\Program Files\Git\bin\bash.EXE --noprofile --norc -e -o pipefail {0}
2026-10-06T15:39:47.6708504Z env:
2026-10-06T15:39:47.6708957Z   NAGI_FAILURE_DIR: D:\a\Nagi\Nagi/build/compiler-failures
2026-10-06T15:39:47.6709256Z   targets: 
2026-10-06T15:39:47.6709473Z   components: 
2026-10-06T15:39:47.6709646Z ##[endgroup]
2026-10-06T15:39:47.7379445Z ##[end-action id=rust.flags;outcome=success;conclusion=success;duration_ms=85]
2026-10-06T15:39:47.7382374Z ##[start-action display=Set $CARGO_HOME;id=rust.__run]
2026-10-06T15:39:47.7527125Z ##[group]Run echo CARGO_HOME=${CARGO_HOME:-"$USERPROFILE\.cargo"} >> $GITHUB_ENV
2026-10-06T15:39:47.7527669Z [36;1mecho CARGO_HOME=${CARGO_HOME:-"$USERPROFILE\.cargo"} >> $GITHUB_ENV[0m
2026-10-06T15:39:47.7544263Z shell: C:\Program Files\Git\bin\bash.EXE --noprofile --norc -e -o pipefail {0}
2026-10-06T15:39:47.7547155Z env:
2026-10-06T15:39:47.7547466Z   NAGI_FAILURE_DIR: D:\a\Nagi\Nagi/build/compiler-failures
2026-10-06T15:39:47.7547788Z ##[endgroup]
2026-10-06T15:39:47.7971541Z ##[end-action id=rust.__run;outcome=success;conclusion=success;duration_ms=58]
2026-10-06T15:39:47.7974365Z ##[start-action display=Install rustup if needed;id=rust.__run_2]
2026-10-06T15:39:47.7986038Z ##[end-action id=rust.__run_2;outcome=skipped;conclusion=skipped;duration_ms=0]
2026-10-06T15:39:47.7988852Z ##[start-action display=Install rustup if needed on windows;id=rust.__run_3]
2026-10-06T15:39:47.8140925Z ##[group]Run if ! command -v rustup &>/dev/null; then
2026-10-06T15:39:47.8141326Z [36;1mif ! command -v rustup &>/dev/null; then[0m
2026-10-06T15:39:47.8142103Z [36;1m  curl --proto '=https' --tlsv1.2 --retry 10 --retry-connrefused --location --silent --show-error --fail https://win.rustup.rs/x86_64 --output 'D:\a\_temp\rustup-init.exe'[0m
2026-10-06T15:39:47.8142979Z [36;1m  'D:\a\_temp\rustup-init.exe' --default-toolchain none --no-modify-path -y[0m
2026-10-06T15:39:47.8143402Z [36;1m  echo "$CARGO_HOME\bin" >> $GITHUB_PATH[0m
2026-10-06T15:39:47.8143666Z [36;1mfi[0m
2026-10-06T15:39:47.8160589Z shell: C:\Program Files\Git\bin\bash.EXE --noprofile --norc -e -o pipefail {0}
2026-10-06T15:39:47.8161018Z env:
2026-10-06T15:39:47.8161264Z   NAGI_FAILURE_DIR: D:\a\Nagi\Nagi/build/compiler-failures
2026-10-06T15:39:47.8161737Z   CARGO_HOME: C:\Users\runneradmin\.cargo
2026-10-06T15:39:47.8162010Z ##[endgroup]
2026-10-06T15:39:47.8700229Z ##[end-action id=rust.__run_3;outcome=success;conclusion=success;duration_ms=71]
2026-10-06T15:39:47.8713027Z ##[start-action display=rustup toolchain install stable;id=rust.__run_4]
2026-10-06T15:39:47.8885082Z ##[group]Run log=$(mktemp)
2026-10-06T15:39:47.8885398Z [36;1mlog=$(mktemp)[0m
2026-10-06T15:39:47.8885618Z [36;1mtrap 'rm -f "$log"' EXIT[0m
2026-10-06T15:39:47.8885864Z [36;1mfor attempt in 1 2 3 4 5; do[0m
2026-10-06T15:39:47.8886400Z [36;1m  if rustup toolchain install stable --profile minimal --no-self-update --force-non-host 2>&1 | tee "$log"; then[0m
2026-10-06T15:39:47.8886913Z [36;1m    break[0m
2026-10-06T15:39:47.8887189Z [36;1m  else[0m
2026-10-06T15:39:47.8887538Z [36;1m    status=$?[0m
2026-10-06T15:39:47.8887820Z [36;1m  fi[0m
2026-10-06T15:39:47.8888096Z [36;1m  if [[ $attempt == 5 ]] || ! grep -Fq 'checksum failed for ' "$log" \[0m
2026-10-06T15:39:47.8888644Z [36;1m      || ! grep -Fq 'this is likely due to an ongoing update of the official release server' "$log"; then[0m
2026-10-06T15:39:47.8889359Z [36;1m    exit "$status"[0m
2026-10-06T15:39:47.8889569Z [36;1m  fi[0m
2026-10-06T15:39:47.8889910Z [36;1m  echo "Retrying rustup toolchain install in 30 seconds (retry $attempt of 4)" >&2[0m
2026-10-06T15:39:47.8890316Z [36;1m  sleep 30[0m
2026-10-06T15:39:47.8890498Z [36;1mdone[0m
2026-10-06T15:39:47.8907435Z shell: C:\Program Files\Git\bin\bash.EXE --noprofile --norc -e -o pipefail {0}
2026-10-06T15:39:47.8908060Z env:
2026-10-06T15:39:47.8908316Z   NAGI_FAILURE_DIR: D:\a\Nagi\Nagi/build/compiler-failures
2026-10-06T15:39:47.8908640Z   CARGO_HOME: C:\Users\runneradmin\.cargo
2026-10-06T15:39:47.8908903Z   RUSTUP_PERMIT_COPY_RENAME: 1
2026-10-06T15:39:47.8909334Z ##[endgroup]
2026-10-06T15:39:50.9446904Z info: syncing channel updates for stable-x86_64-pc-windows-msvc
2026-10-06T15:39:51.4981159Z info: latest update on 2026-10-01 for version 1.99.0 (b940084d7 2026-09-28)
2026-10-06T15:39:51.5297539Z info: removing previous version of component rustfmt
2026-10-06T15:39:51.5455787Z info: removing previous version of component clippy
2026-10-06T15:39:51.5615964Z info: removing previous version of component rust-std for target x86_64-pc-windows-gnu
2026-10-06T15:39:51.6881290Z info: removing previous version of component rust-std for target i686-pc-windows-msvc
2026-10-06T15:39:51.7672296Z info: removing previous version of component cargo
2026-10-06T15:39:51.8464372Z info: removing previous version of component rust-std
2026-10-06T15:39:51.9416143Z info: removing previous version of component rustc
2026-10-06T15:39:52.0522444Z info: downloading 7 components
2026-10-06T15:40:05.9653162Z 
2026-10-06T15:40:05.9970881Z   stable-x86_64-pc-windows-msvc updated - rustc 1.99.0 (b940084d7 2026-09-28) (from rustc 1.98.1 (48a229cea 2026-09-01))
2026-10-06T15:40:05.9971535Z 
2026-10-06T15:40:06.0452085Z ##[end-action id=rust.__run_4;outcome=success;conclusion=success;duration_ms=18173]
2026-10-06T15:40:06.0456581Z ##[start-action display=rustup default stable;id=rust.__run_5]
2026-10-06T15:40:06.0598557Z ##[group]Run rustup default stable --force-non-host
2026-10-06T15:40:06.0598914Z [36;1mrustup default stable --force-non-host[0m
2026-10-06T15:40:06.0614986Z shell: C:\Program Files\Git\bin\bash.EXE --noprofile --norc -e -o pipefail {0}
2026-10-06T15:40:06.0615367Z env:
2026-10-06T15:40:06.0615604Z   NAGI_FAILURE_DIR: D:\a\Nagi\Nagi/build/compiler-failures
2026-10-06T15:40:06.0615938Z   CARGO_HOME: C:\Users\runneradmin\.cargo
2026-10-06T15:40:06.0616183Z ##[endgroup]
2026-10-06T15:40:06.1363928Z info: using existing install for stable-x86_64-pc-windows-msvc
2026-10-06T15:40:06.1416342Z info: default toolchain set to stable-x86_64-pc-windows-msvc
2026-10-06T15:40:06.1416668Z 
2026-10-06T15:40:06.1632901Z   stable-x86_64-pc-windows-msvc unchanged - rustc 1.99.0 (b940084d7 2026-09-28)
2026-10-06T15:40:06.1633292Z 
2026-10-06T15:40:06.1725562Z ##[end-action id=rust.__run_5;outcome=success;conclusion=success;duration_ms=126]
2026-10-06T15:40:06.1727752Z ##[start-action display=Create cachekey;id=rust.rustc-version]
2026-10-06T15:40:06.1864824Z ##[group]Run DATE=$(rustc +stable --version --verbose | sed -ne 's/^commit-date: \(20[0-9][0-9]\)-\([01][0-9]\)-\([0-3][0-9]\)$/\1\2\3/p')
2026-10-06T15:40:06.1865638Z [36;1mDATE=$(rustc +stable --version --verbose | sed -ne 's/^commit-date: \(20[0-9][0-9]\)-\([01][0-9]\)-\([0-3][0-9]\)$/\1\2\3/p')[0m
2026-10-06T15:40:06.1866273Z [36;1mHASH=$(rustc +stable --version --verbose | sed -ne 's/^commit-hash: //p')[0m
2026-10-06T15:40:06.1866755Z [36;1mecho "cachekey=$(echo $DATE$HASH | head -c12)" >> $GITHUB_OUTPUT[0m
2026-10-06T15:40:06.1883511Z shell: C:\Program Files\Git\bin\bash.EXE --noprofile --norc -e -o pipefail {0}
2026-10-06T15:40:06.1883912Z env:
2026-10-06T15:40:06.1884150Z   NAGI_FAILURE_DIR: D:\a\Nagi\Nagi/build/compiler-failures
2026-10-06T15:40:06.1884471Z   CARGO_HOME: C:\Users\runneradmin\.cargo
2026-10-06T15:40:06.1884716Z ##[endgroup]
2026-10-06T15:40:07.0845337Z ##[end-action id=rust.rustc-version;outcome=success;conclusion=success;duration_ms=911]
2026-10-06T15:40:07.0847521Z ##[start-action display=Disable incremental compilation;id=rust.__run_6]
2026-10-06T15:40:07.0987783Z ##[group]Run if [ -z "${CARGO_INCREMENTAL+set}" ]; then
2026-10-06T15:40:07.0988160Z [36;1mif [ -z "${CARGO_INCREMENTAL+set}" ]; then[0m
2026-10-06T15:40:07.0988461Z [36;1m  echo CARGO_INCREMENTAL=0 >> $GITHUB_ENV[0m
2026-10-06T15:40:07.0988717Z [36;1mfi[0m
2026-10-06T15:40:07.1004582Z shell: C:\Program Files\Git\bin\bash.EXE --noprofile --norc -e -o pipefail {0}
2026-10-06T15:40:07.1004977Z env:
2026-10-06T15:40:07.1005216Z   NAGI_FAILURE_DIR: D:\a\Nagi\Nagi/build/compiler-failures
2026-10-06T15:40:07.1005536Z   CARGO_HOME: C:\Users\runneradmin\.cargo
2026-10-06T15:40:07.1006609Z ##[endgroup]
2026-10-06T15:40:07.1445953Z ##[end-action id=rust.__run_6;outcome=success;conclusion=success;duration_ms=59]
2026-10-06T15:40:07.1448297Z ##[start-action display=Enable colors in Cargo output;id=rust.__run_7]
2026-10-06T15:40:07.1589690Z ##[group]Run if [ -z "${CARGO_TERM_COLOR+set}" ]; then
2026-10-06T15:40:07.1590060Z [36;1mif [ -z "${CARGO_TERM_COLOR+set}" ]; then[0m
2026-10-06T15:40:07.1590367Z [36;1m  echo CARGO_TERM_COLOR=always >> $GITHUB_ENV[0m
2026-10-06T15:40:07.1590632Z [36;1mfi[0m
2026-10-06T15:40:07.1606210Z shell: C:\Program Files\Git\bin\bash.EXE --noprofile --norc -e -o pipefail {0}
2026-10-06T15:40:07.1606591Z env:
2026-10-06T15:40:07.1606982Z   NAGI_FAILURE_DIR: D:\a\Nagi\Nagi/build/compiler-failures
2026-10-06T15:40:07.1607313Z   CARGO_HOME: C:\Users\runneradmin\.cargo
2026-10-06T15:40:07.1607566Z   CARGO_INCREMENTAL: 0
2026-10-06T15:40:07.1607764Z ##[endgroup]
2026-10-06T15:40:07.2037247Z ##[end-action id=rust.__run_7;outcome=success;conclusion=success;duration_ms=58]
2026-10-06T15:40:07.2039648Z ##[start-action display=Enable Cargo sparse registry;id=rust.__run_8]
2026-10-06T15:40:07.2181763Z ##[group]Run # implemented in 1.66, stabilized in 1.68, made default in 1.70
2026-10-06T15:40:07.2182288Z [36;1m# implemented in 1.66, stabilized in 1.68, made default in 1.70[0m
2026-10-06T15:40:07.2182921Z [36;1mif [ -z "${CARGO_REGISTRIES_CRATES_IO_PROTOCOL+set}" -o -f "D:\a\_temp"/.implicit_cargo_registries_crates_io_protocol ]; then[0m
2026-10-06T15:40:07.2183567Z [36;1m  if rustc +stable --version --verbose | grep -q '^release: 1\.6[89]\.'; then[0m
2026-10-06T15:40:07.2184066Z [36;1m    touch "D:\a\_temp"/.implicit_cargo_registries_crates_io_protocol || true[0m
2026-10-06T15:40:07.2184527Z [36;1m    echo CARGO_REGISTRIES_CRATES_IO_PROTOCOL=sparse >> $GITHUB_ENV[0m
2026-10-06T15:40:07.2184999Z [36;1m  elif rustc +stable --version --verbose | grep -q '^release: 1\.6[67]\.'; then[0m
2026-10-06T15:40:07.2185498Z [36;1m    touch "D:\a\_temp"/.implicit_cargo_registries_crates_io_protocol || true[0m
2026-10-06T15:40:07.2185945Z [36;1m    echo CARGO_REGISTRIES_CRATES_IO_PROTOCOL=git >> $GITHUB_ENV[0m
2026-10-06T15:40:07.2186265Z [36;1m  fi[0m
2026-10-06T15:40:07.2186426Z [36;1mfi[0m
2026-10-06T15:40:07.2202919Z shell: C:\Program Files\Git\bin\bash.EXE --noprofile --norc -e -o pipefail {0}
2026-10-06T15:40:07.2203311Z env:
2026-10-06T15:40:07.2203548Z   NAGI_FAILURE_DIR: D:\a\Nagi\Nagi/build/compiler-failures
2026-10-06T15:40:07.2203931Z   CARGO_HOME: C:\Users\runneradmin\.cargo
2026-10-06T15:40:07.2204186Z   CARGO_INCREMENTAL: 0
2026-10-06T15:40:07.2204381Z   CARGO_TERM_COLOR: always
2026-10-06T15:40:07.2204593Z ##[endgroup]
2026-10-06T15:40:07.4331536Z ##[end-action id=rust.__run_8;outcome=success;conclusion=success;duration_ms=229]
2026-10-06T15:40:07.4333661Z ##[start-action display=Work around spurious network errors in curl 8.0;id=rust.__run_9]
2026-10-06T15:40:07.4473373Z ##[group]Run # https://rust-lang.zulipchat.com/#narrow/stream/246057-t-cargo/topic/timeout.20investigation
2026-10-06T15:40:07.4474127Z [36;1m# https://rust-lang.zulipchat.com/#narrow/stream/246057-t-cargo/topic/timeout.20investigation[0m
2026-10-06T15:40:07.4475023Z [36;1mif rustc +stable --version --verbose | grep -q '^release: 1\.7[01]\.'; then[0m
2026-10-06T15:40:07.4475467Z [36;1m  echo CARGO_HTTP_MULTIPLEXING=false >> $GITHUB_ENV[0m
2026-10-06T15:40:07.4475763Z [36;1mfi[0m
2026-10-06T15:40:07.4491484Z shell: C:\Program Files\Git\bin\bash.EXE --noprofile --norc -e -o pipefail {0}
2026-10-06T15:40:07.4491936Z env:
2026-10-06T15:40:07.4492267Z   NAGI_FAILURE_DIR: D:\a\Nagi\Nagi/build/compiler-failures
2026-10-06T15:40:07.4492678Z   CARGO_HOME: C:\Users\runneradmin\.cargo
2026-10-06T15:40:07.4492993Z   CARGO_INCREMENTAL: 0
2026-10-06T15:40:07.4493312Z   CARGO_TERM_COLOR: always
2026-10-06T15:40:07.4493578Z ##[endgroup]
2026-10-06T15:40:07.5746310Z ##[end-action id=rust.__run_9;outcome=success;conclusion=success;duration_ms=141]
2026-10-06T15:40:07.5751030Z ##[start-action display=rustc +stable --version --verbose;id=rust.__run_10]
2026-10-06T15:40:07.5888922Z ##[group]Run rustc +stable --version --verbose
2026-10-06T15:40:07.5889259Z [36;1mrustc +stable --version --verbose[0m
2026-10-06T15:40:07.5904106Z shell: C:\Program Files\Git\bin\bash.EXE --noprofile --norc -e -o pipefail {0}
2026-10-06T15:40:07.5904487Z env:
2026-10-06T15:40:07.5904786Z   NAGI_FAILURE_DIR: D:\a\Nagi\Nagi/build/compiler-failures
2026-10-06T15:40:07.5905306Z   CARGO_HOME: C:\Users\runneradmin\.cargo
2026-10-06T15:40:07.5905559Z   CARGO_INCREMENTAL: 0
2026-10-06T15:40:07.5905755Z   CARGO_TERM_COLOR: always
2026-10-06T15:40:07.5906362Z ##[endgroup]
2026-10-06T15:40:07.6806311Z rustc 1.99.0 (b940084d7 2026-09-28)
2026-10-06T15:40:07.6806837Z binary: rustc
2026-10-06T15:40:07.6807254Z commit-hash: b940084d7eb6a299eb4bfeb8e34901bc051e7ac4
2026-10-06T15:40:07.6807774Z commit-date: 2026-09-28
2026-10-06T15:40:07.6808185Z host: x86_64-pc-windows-msvc
2026-10-06T15:40:07.6808564Z release: 1.99.0
2026-10-06T15:40:07.6809758Z LLVM version: 23.1.1
2026-10-06T15:40:07.6963545Z ##[end-action id=rust.__run_10;outcome=success;conclusion=success;duration_ms=121]
2026-10-06T15:40:08.3423635Z ##[group]Run actions/cache@v4
2026-10-06T15:40:08.3423942Z with:
2026-10-06T15:40:08.3424217Z   path: ~/.cargo/registry
~/.cargo/git
target
native-target

2026-10-06T15:40:08.3425320Z   key: nagi-rust-v1-package-windows-x86_64-20260928b940-43e40bfa9880d8e4c9854de239a7db5293e4500e628e2a3fd0da1153d1fb2c04-7921d21ddebff9df33502993cb6591509abc9daf669db173893a845e7a5cb32c
2026-10-06T15:40:08.3426883Z   restore-keys: nagi-rust-v1-package-windows-x86_64-20260928b940-43e40bfa9880d8e4c9854de239a7db5293e4500e628e2a3fd0da1153d1fb2c04-
nagi-rust-v1-package-windows-x86_64-20260928b940-

2026-10-06T15:40:08.3427676Z   enableCrossOsArchive: false
2026-10-06T15:40:08.3427904Z   fail-on-cache-miss: false
2026-10-06T15:40:08.3428115Z   lookup-only: false
2026-10-06T15:40:08.3428319Z   save-always: false
2026-10-06T15:40:08.3428490Z env:
2026-10-06T15:40:08.3428711Z   NAGI_FAILURE_DIR: D:\a\Nagi\Nagi/build/compiler-failures
2026-10-06T15:40:08.3429045Z   CARGO_HOME: C:\Users\runneradmin\.cargo
2026-10-06T15:40:08.3429295Z   CARGO_INCREMENTAL: 0
2026-10-06T15:40:08.3429483Z   CARGO_TERM_COLOR: always
2026-10-06T15:40:08.3429680Z ##[endgroup]
2026-10-06T15:40:08.4942299Z (node:10124) [DEP0040] DeprecationWarning: The `punycode` module is deprecated. Please use a userland alternative instead.
2026-10-06T15:40:08.4942997Z (Use `node --trace-deprecation ...` to show where the warning was created)
2026-10-06T15:40:08.7765866Z Cache hit for restore-key: nagi-rust-v1-package-windows-x86_64-20260928b940-43e40bfa9880d8e4c9854de239a7db5293e4500e628e2a3fd0da1153d1fb2c04-9412a85cc31bb1bd2ee3e3979784bc97cb459f531e92b8a576163771b13e7e44
2026-10-06T15:40:08.7889161Z (node:10124) [DEP0169] DeprecationWarning: `url.parse()` behavior is not standardized and prone to errors that have security implications. Use the WHATWG URL API instead. CVEs are not issued for `url.parse()` vulnerabilities.
2026-10-06T15:40:09.9184178Z Received 130023424 of 1422169094 (9.1%), 123.1 MBs/sec
2026-10-06T15:40:10.9466037Z Received 268435456 of 1422169094 (18.9%), 125.5 MBs/sec
2026-10-06T15:40:11.9595498Z Received 432013312 of 1422169094 (30.4%), 135.1 MBs/sec
2026-10-06T15:40:12.9621792Z Received 599785472 of 1422169094 (42.2%), 141.2 MBs/sec
2026-10-06T15:40:13.9578343Z Received 713031680 of 1422169094 (50.1%), 134.6 MBs/sec
2026-10-06T15:40:14.9653487Z Received 805306368 of 1422169094 (56.6%), 126.7 MBs/sec
2026-10-06T15:40:15.9722602Z Received 939524096 of 1422169094 (66.1%), 126.8 MBs/sec
2026-10-06T15:40:16.9927628Z Received 1098907648 of 1422169094 (77.3%), 129.7 MBs/sec
2026-10-06T15:40:17.9996830Z Received 1224736768 of 1422169094 (86.1%), 128.4 MBs/sec
2026-10-06T15:40:18.9999634Z Received 1363148800 of 1422169094 (95.8%), 128.8 MBs/sec
2026-10-06T15:40:19.4660294Z Received 1422169094 of 1422169094 (100.0%), 128.4 MBs/sec
2026-10-06T15:40:19.4664995Z Cache Size: ~1356 MB (1422169094 B)
2026-10-06T15:40:19.4734179Z [command]"C:\Program Files\Git\usr\bin\tar.exe" -xf D:/a/_temp/458c71fb-e5f4-4b50-a7a9-0cbc1676d6e4/cache.tzst -P -C D:/a/Nagi/Nagi --force-local --use-compress-program "zstd -d"
2026-10-06T15:40:49.9662589Z Cache restored successfully
2026-10-06T15:40:50.0825140Z Cache restored from key: nagi-rust-v1-package-windows-x86_64-20260928b940-43e40bfa9880d8e4c9854de239a7db5293e4500e628e2a3fd0da1153d1fb2c04-9412a85cc31bb1bd2ee3e3979784bc97cb459f531e92b8a576163771b13e7e44
2026-10-06T15:40:50.1155528Z ##[group]Run actions/setup-python@v5
2026-10-06T15:40:50.1156084Z with:
2026-10-06T15:40:50.1156282Z   python-version: 3.12
2026-10-06T15:40:50.1156501Z   check-latest: false
2026-10-06T15:40:50.1159333Z   token: ***
2026-10-06T15:40:50.1159548Z   update-environment: true
2026-10-06T15:40:50.1159782Z   allow-prereleases: false
2026-10-06T15:40:50.1160030Z   freethreaded: false
2026-10-06T15:40:50.1160222Z env:
2026-10-06T15:40:50.1160449Z   NAGI_FAILURE_DIR: D:\a\Nagi\Nagi/build/compiler-failures
2026-10-06T15:40:50.1160861Z   CARGO_HOME: C:\Users\runneradmin\.cargo
2026-10-06T15:40:50.1161186Z   CARGO_INCREMENTAL: 0
2026-10-06T15:40:50.1161452Z   CARGO_TERM_COLOR: always
2026-10-06T15:40:50.1161717Z ##[endgroup]
2026-10-06T15:40:50.2879642Z ##[group]Installed versions
2026-10-06T15:40:50.3206964Z (node:4928) [DEP0040] DeprecationWarning: The `punycode` module is deprecated. Please use a userland alternative instead.
2026-10-06T15:40:50.3207915Z (Use `node --trace-deprecation ...` to show where the warning was created)
2026-10-06T15:40:50.3208632Z Successfully set up CPython (3.12.10)
2026-10-06T15:40:50.3209508Z ##[endgroup]
2026-10-06T15:40:50.3578612Z ##[group]Run actions/setup-node@v4
2026-10-06T15:40:50.3578948Z with:
2026-10-06T15:40:50.3579141Z   node-version: 22
2026-10-06T15:40:50.3579346Z   always-auth: false
2026-10-06T15:40:50.3579585Z   check-latest: false
2026-10-06T15:40:50.3582126Z   token: ***
2026-10-06T15:40:50.3582318Z env:
2026-10-06T15:40:50.3582549Z   NAGI_FAILURE_DIR: D:\a\Nagi\Nagi/build/compiler-failures
2026-10-06T15:40:50.3582870Z   CARGO_HOME: C:\Users\runneradmin\.cargo
2026-10-06T15:40:50.3583121Z   CARGO_INCREMENTAL: 0
2026-10-06T15:40:50.3583325Z   CARGO_TERM_COLOR: always
2026-10-06T15:40:50.3583633Z   pythonLocation: C:\hostedtoolcache\windows\Python\3.12.10\x64
2026-10-06T15:40:50.3584153Z   PKG_CONFIG_PATH: C:\hostedtoolcache\windows\Python\3.12.10\x64/lib/pkgconfig
2026-10-06T15:40:50.3584602Z   Python_ROOT_DIR: C:\hostedtoolcache\windows\Python\3.12.10\x64
2026-10-06T15:40:50.3585005Z   Python2_ROOT_DIR: C:\hostedtoolcache\windows\Python\3.12.10\x64
2026-10-06T15:40:50.3585429Z   Python3_ROOT_DIR: C:\hostedtoolcache\windows\Python\3.12.10\x64
2026-10-06T15:40:50.3585740Z ##[endgroup]
2026-10-06T15:40:50.5403527Z Found in cache @ C:\hostedtoolcache\windows\node\22.23.3\x64
2026-10-06T15:40:50.5410800Z (node:3940) [DEP0040] DeprecationWarning: The `punycode` module is deprecated. Please use a userland alternative instead.
2026-10-06T15:40:50.5411489Z (Use `node --trace-deprecation ...` to show where the warning was created)
2026-10-06T15:40:50.5414751Z ##[group]Environment details
2026-10-06T15:40:58.9929218Z node: v22.23.3
2026-10-06T15:40:58.9929648Z npm: 10.9.9
2026-10-06T15:40:58.9929878Z yarn: 1.22.22
2026-10-06T15:40:58.9930523Z ##[endgroup]
2026-10-06T15:40:59.0241168Z ##[group]Run python - <<'PY'
2026-10-06T15:40:59.0241609Z [36;1mpython - <<'PY'[0m
2026-10-06T15:40:59.0241942Z [36;1mimport os, subprocess[0m
2026-10-06T15:40:59.0242383Z [36;1mlines = subprocess.check_output(['rustc', '-vV'], text=True).splitlines()[0m
2026-10-06T15:40:59.0243025Z [36;1mhost = next(line.removeprefix('host: ') for line in lines if line.startswith('host: '))[0m
2026-10-06T15:40:59.0243624Z [36;1massert host == os.environ['RELEASE_RUST_HOST'], host[0m
2026-10-06T15:40:59.0243989Z [36;1mPY[0m
2026-10-06T15:40:59.0262796Z shell: C:\Program Files\Git\bin\bash.EXE --noprofile --norc -e -o pipefail {0}
2026-10-06T15:40:59.0263250Z env:
2026-10-06T15:40:59.0263557Z   NAGI_FAILURE_DIR: D:\a\Nagi\Nagi/build/compiler-failures
2026-10-06T15:40:59.0263997Z   CARGO_HOME: C:\Users\runneradmin\.cargo
2026-10-06T15:40:59.0264323Z   CARGO_INCREMENTAL: 0
2026-10-06T15:40:59.0264598Z   CARGO_TERM_COLOR: always
2026-10-06T15:40:59.0265051Z   pythonLocation: C:\hostedtoolcache\windows\Python\3.12.10\x64
2026-10-06T15:40:59.0265582Z   PKG_CONFIG_PATH: C:\hostedtoolcache\windows\Python\3.12.10\x64/lib/pkgconfig
2026-10-06T15:40:59.0266111Z   Python_ROOT_DIR: C:\hostedtoolcache\windows\Python\3.12.10\x64
2026-10-06T15:40:59.0266615Z   Python2_ROOT_DIR: C:\hostedtoolcache\windows\Python\3.12.10\x64
2026-10-06T15:40:59.0267086Z   Python3_ROOT_DIR: C:\hostedtoolcache\windows\Python\3.12.10\x64
2026-10-06T15:40:59.0267498Z   RELEASE_RUST_HOST: x86_64-pc-windows-msvc
2026-10-06T15:40:59.0267822Z ##[endgroup]
2026-10-06T15:41:00.0086372Z ##[group]Run cargo fetch --locked --target "$RELEASE_RUST_HOST"
2026-10-06T15:41:00.0087296Z [36;1mcargo fetch --locked --target "$RELEASE_RUST_HOST"[0m
2026-10-06T15:41:00.0110395Z shell: C:\Program Files\Git\bin\bash.EXE --noprofile --norc -e -o pipefail {0}
2026-10-06T15:41:00.0110898Z env:
2026-10-06T15:41:00.0111212Z   NAGI_FAILURE_DIR: D:\a\Nagi\Nagi/build/compiler-failures
2026-10-06T15:41:00.0111616Z   CARGO_HOME: C:\Users\runneradmin\.cargo
2026-10-06T15:41:00.0111961Z   CARGO_INCREMENTAL: 0
2026-10-06T15:41:00.0112236Z   CARGO_TERM_COLOR: always
2026-10-06T15:41:00.0112598Z   pythonLocation: C:\hostedtoolcache\windows\Python\3.12.10\x64
2026-10-06T15:41:00.0113121Z   PKG_CONFIG_PATH: C:\hostedtoolcache\windows\Python\3.12.10\x64/lib/pkgconfig
2026-10-06T15:41:00.0113619Z   Python_ROOT_DIR: C:\hostedtoolcache\windows\Python\3.12.10\x64
2026-10-06T15:41:00.0114122Z   Python2_ROOT_DIR: C:\hostedtoolcache\windows\Python\3.12.10\x64
2026-10-06T15:41:00.0115046Z   Python3_ROOT_DIR: C:\hostedtoolcache\windows\Python\3.12.10\x64
2026-10-06T15:41:00.0115476Z   RELEASE_RUST_HOST: x86_64-pc-windows-msvc
2026-10-06T15:41:00.0115772Z ##[endgroup]
2026-10-06T15:41:00.9572246Z ##[group]Run cargo build --release --locked -p nagic
2026-10-06T15:41:00.9572705Z [36;1mcargo build --release --locked -p nagic[0m
2026-10-06T15:41:01.0176004Z shell: C:\Program Files\PowerShell\7\pwsh.EXE -command ". '{0}'"
2026-10-06T15:41:01.0176378Z env:
2026-10-06T15:41:01.0176633Z   NAGI_FAILURE_DIR: D:\a\Nagi\Nagi/build/compiler-failures
2026-10-06T15:41:01.0176969Z   CARGO_HOME: C:\Users\runneradmin\.cargo
2026-10-06T15:41:01.0177234Z   CARGO_INCREMENTAL: 0
2026-10-06T15:41:01.0177430Z   CARGO_TERM_COLOR: always
2026-10-06T15:41:01.0177721Z   pythonLocation: C:\hostedtoolcache\windows\Python\3.12.10\x64
2026-10-06T15:41:01.0178168Z   PKG_CONFIG_PATH: C:\hostedtoolcache\windows\Python\3.12.10\x64/lib/pkgconfig
2026-10-06T15:41:01.0178618Z   Python_ROOT_DIR: C:\hostedtoolcache\windows\Python\3.12.10\x64
2026-10-06T15:41:01.0179039Z   Python2_ROOT_DIR: C:\hostedtoolcache\windows\Python\3.12.10\x64
2026-10-06T15:41:01.0179468Z   Python3_ROOT_DIR: C:\hostedtoolcache\windows\Python\3.12.10\x64
2026-10-06T15:41:01.0179775Z ##[endgroup]
2026-10-06T15:41:01.5243042Z [1m[92m   Compiling[0m nagic v0.1.10 (D:\a\Nagi\Nagi\compiler)
2026-10-06T15:42:10.9588718Z [1m[92m    Finished[0m `release` profile [optimized] target(s) in 1m 09s
2026-10-06T15:42:11.1037024Z ##[group]Run cargo test --locked -p nagic --lib --test cli --test installation --test codegen --test loop_ownership --test ownership_calls --test ownership_boundaries --test comparison_ownership --test owned_copy_codegen --test build_diagnostics --test rust_dependencies --test expression_contracts --test frontend_contracts --test literal_contracts --test http_route_conflicts --test symbols --test modules --test module_parser --test module_emission --test module_symbols --test enum_parser --test enum_modules --test enum_emission --test enum_patterns --test nullable_database --test nullable_roundtrip --test owned_database --test borrow_free_returns --test static_callback_views --test view_iteration --test view_parameter_rebinding --test sql_check --test typed_errors --test error_routes --test class_field_types --test resource_contract_characterization --test stdlib_imports --test option_match --test http_stdlib --test http_codegen --test actor_stdlib --test actor_codegen --test graph_types --test graph_relations --test graph_render --test graph_html --test map_cli --test low_multiline --test list_ownership_inference --test list_borrow_iteration --test result_stdlib
2026-10-06T15:42:11.1046173Z [36;1mcargo test --locked -p nagic --lib --test cli --test installation --test codegen --test loop_ownership --test ownership_calls --test ownership_boundaries --test comparison_ownership --test owned_copy_codegen --test build_diagnostics --test rust_dependencies --test expression_contracts --test frontend_contracts --test literal_contracts --test http_route_conflicts --test symbols --test modules --test module_parser --test module_emission --test module_symbols --test enum_parser --test enum_modules --test enum_emission --test enum_patterns --test nullable_database --test nullable_roundtrip --test owned_database --test borrow_free_returns --test static_callback_views --test view_iteration --test view_parameter_rebinding --test sql_check --test typed_errors --test error_routes --test class_field_types --test resource_contract_characterization --test stdlib_imports --test option_match --test http_stdlib --test http_codegen --test actor_stdlib --test actor_codegen --test graph_types --test graph_relations --test graph_render --test graph_html --test map_cli --test low_multiline --test list_ownership_inference --test list_borrow_iteration --test result_stdlib[0m
2026-10-06T15:42:11.1125898Z shell: C:\Program Files\PowerShell\7\pwsh.EXE -command ". '{0}'"
2026-10-06T15:42:11.1126255Z env:
2026-10-06T15:42:11.1126514Z   NAGI_FAILURE_DIR: D:\a\Nagi\Nagi/build/compiler-failures
2026-10-06T15:42:11.1126865Z   CARGO_HOME: C:\Users\runneradmin\.cargo
2026-10-06T15:42:11.1127145Z   CARGO_INCREMENTAL: 0
2026-10-06T15:42:11.1127354Z   CARGO_TERM_COLOR: always
2026-10-06T15:42:11.1127654Z   pythonLocation: C:\hostedtoolcache\windows\Python\3.12.10\x64
2026-10-06T15:42:11.1128111Z   PKG_CONFIG_PATH: C:\hostedtoolcache\windows\Python\3.12.10\x64/lib/pkgconfig
2026-10-06T15:42:11.1128575Z   Python_ROOT_DIR: C:\hostedtoolcache\windows\Python\3.12.10\x64
2026-10-06T15:42:11.1128977Z   Python2_ROOT_DIR: C:\hostedtoolcache\windows\Python\3.12.10\x64
2026-10-06T15:42:11.1129378Z   Python3_ROOT_DIR: C:\hostedtoolcache\windows\Python\3.12.10\x64
2026-10-06T15:42:11.1129699Z ##[endgroup]
2026-10-06T15:42:11.5759641Z [1m[92m   Compiling[0m nagic v0.1.10 (D:\a\Nagi\Nagi\compiler)
2026-10-06T15:42:50.6618439Z [1m[92m    Finished[0m `test` profile [unoptimized + debuginfo] target(s) in 39.20s
2026-10-06T15:42:50.6746143Z [1m[92m     Running[0m unittests src\lib.rs (target\debug\deps\nagic-6f4999d7013712c3.exe)
2026-10-06T15:42:50.6861070Z 
2026-10-06T15:42:50.6861468Z running 122 tests
2026-10-06T15:42:50.6885746Z test capabilities::tests::charge_recursive_lists_have_known_storage_but_require_a_walk ... ok
2026-10-06T15:42:50.6887915Z test capabilities::tests::charge_inline_capability_accounts_for_every_enum_variant ... ok
2026-10-06T15:42:50.6892550Z test capabilities::tests::charge_rejects_excluded_storage_with_a_nested_field_path ... ok
2026-10-06T15:42:50.6894120Z test capabilities::tests::indirect_cycles_remain_serializable_only_with_serializable_fields ... ok
2026-10-06T15:42:50.6898478Z test capabilities::tests::private_causes_prevent_serialization_through_nested_records ... ok
2026-10-06T15:42:50.6905858Z test capabilities::tests::native_debug_does_not_require_generic_payload_debug ... ok
2026-10-06T15:42:50.6926129Z test capabilities::tests::native_payload_roles_are_purpose_specific ... ok
2026-10-06T15:42:50.6935957Z test check::checked::tests::final_factory_checks_and_seals_owned_input ... ok
2026-10-06T15:42:50.6942809Z test check::checked::tests::final_factory_rejects_invalid_input ... ok
2026-10-06T15:42:50.6944720Z test check::checked::tests::final_diagnostic_transports_kind_without_changing_user_messages ... ok
2026-10-06T15:42:50.6949926Z test capabilities::tests::serde_charge_and_owned_fields_are_distinct_capabilities ... ok
2026-10-06T15:42:50.6957504Z test check::checked::tests::missing_binding_and_pattern_types_are_rejected_without_rechecking ... ok
2026-10-06T15:42:50.6959085Z test check::checked::tests::missing_declaration_type_is_rejected_without_rechecking ... ok
2026-10-06T15:42:50.6965597Z test check::checked::tests::missing_name_resolution_is_rejected_without_rechecking ... ok
2026-10-06T15:42:50.6966875Z test check::checked::tests::sealed_missing_expression_plan_fails_closed ... ok
2026-10-06T15:42:50.6987466Z test check::checked::tests::sealed_missing_operand_role_fails_closed ... ok
2026-10-06T15:42:50.6994700Z test check::checked::tests::sealed_missing_rust_type_plan_fails_closed ... ok
2026-10-06T15:42:50.6996758Z test check::checked::tests::facts_and_emission_are_deterministic_and_read_only ... ok
2026-10-06T15:42:50.7004230Z test check::checked::tests::sealing_rejects_missing_expression_types ... ok
2026-10-06T15:42:50.7006427Z test check::checked::tests::symbolic_enum_owner_is_not_an_untyped_payload ... ok
2026-10-06T15:42:50.7007769Z test check::checked::tests::sealed_missing_required_flow_or_slots_fails_closed ... ok
2026-10-06T15:42:50.7024627Z test check::checked::tests::unknown_origin_is_not_user_blame ... ok
2026-10-06T15:42:50.7049895Z test check::flow_metadata_tests::checked_operand_roles_reach_codegen_and_missing_roles_fail ... ok
2026-10-06T15:42:50.7089012Z test check::flow_metadata_tests::content_mutation_events_survive_rhs_replacement_and_stay_in_their_statement ... ok
2026-10-06T15:42:50.7141145Z test check::checked::tests::generated_saved_native_replacement_and_synthetic_origins_are_distinct ... ok
2026-10-06T15:42:50.7177274Z test check::checked::tests::task_sealing_rejects_missing_or_mismatched_scope_and_use_facts ... ok
2026-10-06T15:42:50.7223906Z test check::flow_metadata_tests::loop_regions_preserve_candidate_reads_and_assignments ... ok
2026-10-06T15:42:50.7285691Z test check::flow_metadata_tests::flow_snapshots_only_keep_return_dependency_bindings ... ok
2026-10-06T15:42:50.7315048Z test check::flow_metadata_tests::flow_facts_recompute_for_high_saved_low_and_self_consumption ... ok
2026-10-06T15:42:50.7320617Z test modules::metadata_tests::intrinsic_transport_rejects_forged_namespace_collisions_and_unknown_heads ... ok
2026-10-06T15:42:50.7326647Z test modules::metadata_tests::intrinsic_type_transport_is_structural_and_avoids_real_bindings ... ok
2026-10-06T15:42:50.7330741Z test check::flow_metadata_tests::flow_collection_is_gated_to_view_return_dependencies ... ok
2026-10-06T15:42:50.7337517Z test modules::metadata_tests::low_metadata_rejects_unknown_topology_and_span_fields ... ok
2026-10-06T15:42:50.7342135Z test modules::metadata_tests::malformed_internal_looking_names_keep_their_original_display ... ok
2026-10-06T15:42:50.7347720Z test modules::metadata_tests::metadata_cannot_rebind_a_definition_to_a_builtin_or_unrelated_id ... ok
2026-10-06T15:42:50.7349386Z test modules::metadata_tests::low_identity_is_portable_between_unix_drive_and_unc_paths ... ok
2026-10-06T15:42:50.7354584Z test modules::metadata_tests::metadata_rejects_relative_noncanonical_and_traversing_ids ... ok
2026-10-06T15:42:50.7373215Z test check::flow_metadata_tests::semantic_value_edges_keep_mutation_inputs_without_scalar_overselection ... ok
2026-10-06T15:42:50.7396777Z test sql_check::collect::tests::checked_high_and_saved_low_preserve_supported_operations_and_source_fields ... ok
2026-10-06T15:42:50.7422472Z test sql_check::collect::tests::conditional_loop_and_match_bodies_are_collected_once ... ok
2026-10-06T15:42:50.7438646Z test sql_check::collect::tests::dynamic_sql_and_exec_scripts_remain_visible_as_excluded_sites ... ok
2026-10-06T15:42:50.7459691Z test sql_check::collect::tests::integrated_native_replacements_only_collect_the_final_function_body ... ok
2026-10-06T15:42:50.7490921Z test sql_check::collect::tests::nested_value_expressions_returns_and_scope_spawn_keep_each_actual_call ... ok
2026-10-06T15:42:50.7641184Z test sql_check::collect::tests::aliased_row_classes_use_canonical_identity_and_original_field_names ... ok
2026-10-06T15:42:50.7650578Z test sql_check::collect::tests::same_named_user_function_and_local_function_value_are_not_sql_calls ... ok
2026-10-06T15:42:50.7693349Z test sql_check::collect::tests::collection_rejects_excessive_sites_at_the_first_over_limit_call ... ok
2026-10-06T15:42:50.7699855Z test sql_check::engine::tests::columns_aliases_and_sqlite_parameter_numbering ... ok
2026-10-06T15:42:50.7748236Z test sql_check::engine::tests::every_default_expression_uses_the_function_allowlist_even_when_unused ... ok
2026-10-06T15:42:50.7812219Z test sql_check::collect::tests::repeated_row_metadata_is_bounded_before_building_the_worker_request ... ok
2026-10-06T15:42:50.7826657Z test sql_check::engine::tests::ordinary_tables_indexes_views_and_pure_functions_are_supported ... ok
2026-10-06T15:42:50.7843878Z test sql_check::engine::tests::prepare_authorizer_also_rejects_unsafe_view_functions ... ok
2026-10-06T15:42:50.7851817Z test sql_check::engine::tests::prepare_only_dml_does_not_write_application_rows ... ok
2026-10-06T15:42:50.7859634Z test sql_check::engine::tests::rejects_operation_shape_mismatches ... ok
2026-10-06T15:42:50.7888461Z test sql_check::engine::tests::schema_is_ddl_snapshot_not_migration_or_arbitrary_sql ... ok
2026-10-06T15:42:50.8065350Z test sql_check::engine::tests::sqlite_identifier_defaults_remain_literals_without_hiding_function_terms ... ok
2026-10-06T15:42:50.8070067Z test sql_check::tests::bounded_input_does_not_accept_a_truncated_prefix ... ok
2026-10-06T15:42:50.8194606Z test sql_check::engine::tests::external_files_and_extension_paths_are_never_opened_or_modified ... ok
2026-10-06T15:42:50.9136366Z test sql_check::tests::deadline_kills_and_reaps_a_worker_with_blocked_input ... ok
2026-10-06T15:42:50.9176531Z test sql_check::tests::terminating_a_worker_returns_its_reaped_exit_status ... ok
2026-10-06T15:42:50.9180316Z test sql_check::tests::worker_fixture ... ok
2026-10-06T15:42:50.9192792Z test stdlib::resource_contract_tests::descriptor_rejects_arity_parameter_mismatch - should panic ... ok
2026-10-06T15:42:50.9197884Z test stdlib::resource_contract_tests::descriptor_rejects_duplicate_in_one_role - should panic ... ok
2026-10-06T15:42:50.9202332Z test stdlib::resource_contract_tests::descriptor_rejects_missing_role - should panic ... ok
2026-10-06T15:42:50.9206648Z test stdlib::resource_contract_tests::descriptor_rejects_out_of_range_role - should panic ... ok
2026-10-06T15:42:50.9211098Z test stdlib::resource_contract_tests::descriptor_rejects_overlapping_roles - should panic ... ok
2026-10-06T15:42:50.9215830Z test stdlib::resource_contract_tests::descriptor_rejects_roles_on_zero_arity - should panic ... ok
2026-10-06T15:42:50.9219997Z test stdlib::resource_contract_tests::legacy_views_borrow_the_registered_descriptor ... ok
2026-10-06T15:42:50.9224070Z test stdlib::resource_contract_tests::registered_roles_match_the_independent_position_oracle ... ok
2026-10-06T15:42:50.9229788Z test tests::await_only_async ... ok
2026-10-06T15:42:50.9233991Z test tests::bad_string ... ok
2026-10-06T15:42:50.9244540Z test tests::class_field_check ... ok
2026-10-06T15:42:50.9257002Z test tests::class_move ... ok
2026-10-06T15:42:50.9274129Z test tests::console_io_roundtrip ... ok
2026-10-06T15:42:50.9287119Z test tests::copy_value_class ... ok
2026-10-06T15:42:50.9293413Z test tests::cost_not_dynamic_count ... ok
2026-10-06T15:42:50.9297606Z test tests::duplicate_class_fields ... ok
2026-10-06T15:42:50.9303867Z test tests::empty_list_inference ... ok
2026-10-06T15:42:50.9314210Z test tests::error_propagation ... ok
2026-10-06T15:42:50.9333464Z test tests::explicit_copy ... ok
2026-10-06T15:42:50.9343246Z test tests::floating_literals_accept_f32_boundary_and_roundtrip ... ok
2026-10-06T15:42:50.9351281Z test tests::floating_literals_keep_f64_range_and_default_inference ... ok
2026-10-06T15:42:50.9375693Z test tests::floating_literals_reject_f32_overflow_in_high_and_low ... ok
2026-10-06T15:42:50.9380959Z test tests::forgotten_await ... ok
2026-10-06T15:42:50.9385899Z test tests::hello ... ok
2026-10-06T15:42:50.9396291Z test tests::html_route_is_not_encoded_as_json ... ok
2026-10-06T15:42:50.9400035Z test tests::invalid_indent ... ok
2026-10-06T15:42:50.9416816Z test tests::low_standalone ... ok
2026-10-06T15:42:50.9421506Z test tests::mismatched_type ... ok
2026-10-06T15:42:50.9427093Z test tests::missing_return ... ok
2026-10-06T15:42:50.9432691Z test tests::native_numeric ... ok
2026-10-06T15:42:50.9436932Z test tests::nested_view_in_class_rejected ... ok
2026-10-06T15:42:50.9441694Z test tests::no_implicit_conversion ... ok
2026-10-06T15:42:50.9446315Z test tests::nullable ... ok
2026-10-06T15:42:50.9450712Z test tests::number_overflow ... ok
2026-10-06T15:42:50.9456731Z test tests::owned_parameter_cannot_return_view ... ok
2026-10-06T15:42:50.9462073Z test tests::precedence ... ok
2026-10-06T15:42:50.9466149Z test tests::recursive_value ... ok
2026-10-06T15:42:50.9494779Z test tests::replace_bad_signature ... ok
2026-10-06T15:42:50.9745582Z test sql_check::engine::tests::finite_limits_reject_large_and_deep_inputs ... ok
2026-10-06T15:42:50.9747023Z test tests::replace_exact_signature ... ok
2026-10-06T15:42:51.0318211Z test tests::resource_contract_goldens::data_derives_golden ... ok
2026-10-06T15:42:51.0533528Z test sql_check::tests::encoded_metadata_is_bounded_including_json_escaping ... ok
2026-10-06T15:42:51.5998390Z test tests::resource_contract_goldens::actor_data_golden ... ok
2026-10-06T15:42:51.6004766Z test tests::result_must_handle ... ok
2026-10-06T15:42:51.6035033Z test tests::roundtrip_low ... ok
2026-10-06T15:42:51.6054899Z test tests::rust_extern_interface_and_low_roundtrip ... ok
2026-10-06T15:42:51.6061886Z test tests::scope_spawn ... ok
2026-10-06T15:42:51.6076503Z test tests::signed_minimum_literals_are_in_range_in_high_and_low ... ok
2026-10-06T15:42:51.8856345Z test tests::signed_minimum_literals_compile_and_run_after_lowering ... ok
2026-10-06T15:42:51.8863352Z test tests::string_move ... ok
2026-10-06T15:42:51.8866998Z test tests::tabs_rejected ... ok
2026-10-06T15:42:51.8871941Z test tests::unknown_class ... ok
2026-10-06T15:42:51.8876806Z test tests::unknown_name ... ok
2026-10-06T15:42:51.8881329Z test tests::unscoped_spawn ... ok
2026-10-06T15:42:51.8888395Z test tests::view_cannot_spawn ... ok
2026-10-06T15:42:51.8895013Z test tests::view_escape ... ok
2026-10-06T15:42:51.8901136Z test tests::view_prevents_move ... ok
2026-10-06T15:42:51.8907069Z test tests::view_prevents_mutation ... ok
2026-10-06T15:42:51.8912237Z test tests::view_return_parameter ... ok
2026-10-06T15:42:51.9877635Z test tests::resource_contract_goldens::http_inspection_golden ... ok
2026-10-06T15:42:52.0003916Z test tests::resource_contract_goldens::http_borrow_and_mappers_golden ... ok
2026-10-06T15:42:54.5584662Z test check::flow_metadata_tests::return_alias_dependencies_keep_straight_line_snapshots_sparse ... ok
2026-10-06T15:42:54.5585127Z 
2026-10-06T15:42:54.5585855Z test result: ok. 122 passed; 0 failed; 0 ignored; 0 measured; 0 filtered out; finished in 3.87s
2026-10-06T15:42:54.5586236Z 
2026-10-06T15:42:54.5617892Z [1m[92m     Running[0m tests\actor_codegen.rs (target\debug\deps\actor_codegen-2b6362d4b7650315.exe)
2026-10-06T15:42:54.5720119Z 
2026-10-06T15:42:54.5720369Z running 2 tests
2026-10-06T15:42:55.1257653Z test actor_charge_generation_survives_low_without_clones_reflection_or_serde_requirements ... ok
2026-10-06T15:43:05.7911635Z test generated_nominal_charges_execute_against_native_capacity_and_walk_limits ... ok
2026-10-06T15:43:05.7912559Z 
2026-10-06T15:43:05.7913145Z test result: ok. 2 passed; 0 failed; 0 ignored; 0 measured; 0 filtered out; finished in 11.22s
2026-10-06T15:43:05.7914052Z 
2026-10-06T15:43:05.7935601Z [1m[92m     Running[0m tests\actor_stdlib.rs (target\debug\deps\actor_stdlib-05ece6336e5ee358.exe)
2026-10-06T15:43:05.8043371Z 
2026-10-06T15:43:05.8043738Z running 12 tests
2026-10-06T15:43:08.0621564Z test lifecycle_text_views_follow_their_native_owner_and_cannot_serialize ... ok
2026-10-06T15:43:08.7789016Z test actor_and_http_aliases_keep_distinct_registry_identity_without_fake_classes ... ok
2026-10-06T15:43:10.3119766Z test callback_shapes_and_custom_error_identity_are_checked_before_native_build ... ok
2026-10-06T15:43:11.3054718Z test named_task_factory_aliases_require_shared_context_async_unit_and_builtin_error ... ok
2026-10-06T15:43:15.3394525Z test explicit_task_readiness_and_typed_event_deadlines_execute_from_high_and_low ... ok
2026-10-06T15:43:19.6298220Z test readiness_factory_and_wait_error_contracts_are_checked_before_native_build ... ok
2026-10-06T15:43:20.0578664Z test saved_low_cannot_invent_actor_types_capabilities_or_standard_implementations ... ok
2026-10-06T15:43:21.1834536Z test spawning_borrowing_native_futures_requires_an_owned_named_wrapper ... ok
2026-10-06T15:43:23.3864419Z test turn_inline_layout_generics_and_left_to_right_moves_are_not_erased ... ok
2026-10-06T15:43:25.6504181Z test owned_custom_class_replies_and_errors_execute_without_clone_or_serde_bounds ... ok
2026-10-06T15:43:26.3793800Z test messages_replies_and_business_errors_reject_unaccounted_nested_payloads ... ok
2026-10-06T15:43:34.4445493Z test pending_owned_state_business_failure_and_restart_execute_from_high_and_low ... ok
2026-10-06T15:43:34.4446322Z 
2026-10-06T15:43:34.4446737Z test result: ok. 12 passed; 0 failed; 0 ignored; 0 measured; 0 filtered out; finished in 28.64s
2026-10-06T15:43:34.4447129Z 
2026-10-06T15:43:34.4468290Z [1m[92m     Running[0m tests\borrow_free_returns.rs (target\debug\deps\borrow_free_returns-673f772bd79ce366.exe)
2026-10-06T15:43:34.4566460Z 
2026-10-06T15:43:34.4566672Z running 5 tests
2026-10-06T15:43:34.4708132Z test adding_local_views_to_absent_values_still_rejects_escape ... ok
2026-10-06T15:43:34.4782363Z test unknown_native_origins_do_not_gain_an_absence_proof ... ok
2026-10-06T15:43:34.4870767Z test clearing_values_does_not_erase_rust_lifetime_constraints ... ok
2026-10-06T15:43:34.9050474Z test direct_absent_returns_remain_legal_after_local_borrows ... ok
2026-10-06T15:43:35.6686718Z test absent_views_in_nullable_empty_lists_and_failures_can_be_returned ... ok
2026-10-06T15:43:35.6687230Z 
2026-10-06T15:43:35.6688270Z test result: ok. 5 passed; 0 failed; 0 ignored; 0 measured; 0 filtered out; finished in 1.21s
2026-10-06T15:43:35.6688924Z 
2026-10-06T15:43:35.6709236Z [1m[92m     Running[0m tests\build_diagnostics.rs (target\debug\deps\build_diagnostics-94d590c882c3be39.exe)
2026-10-06T15:43:35.6812496Z 
2026-10-06T15:43:35.6812702Z running 29 tests
2026-10-06T15:43:35.6953673Z test child_notes_cannot_relabel_an_unmapped_primary_or_dependency ... ok
2026-10-06T15:43:35.7003487Z test child_notes_keep_module_locations_and_readable_definition_names ... ok
2026-10-06T15:43:35.7060000Z test dependency_synthetic_and_incomplete_diagnostics_fall_back_without_guessing ... ok
2026-10-06T15:43:35.7303965Z test existing_path_aliases_match_only_the_generated_file ... ok
2026-10-06T15:43:36.3304726Z test a_successful_run_stays_quiet_and_passes_through_program_output ... ok
2026-10-06T15:43:36.3685768Z test finite_f32_extremes_compile_and_run_after_lowering ... ok
2026-10-06T15:43:36.7847347Z test high_build_points_to_nagi_and_keeps_rust_notes_and_failure_status ... ok
2026-10-06T15:43:37.0654798Z test cli_maps_adapter_mismatch_without_repeating_generated_rust_by_default ... ok
2026-10-06T15:43:37.2008807Z test imported_high_uses_the_dependency_path_and_local_line ... ok
2026-10-06T15:43:37.4860628Z test imported_low_uses_its_own_file_instead_of_the_entry_file ... ok
2026-10-06T15:43:37.5964449Z test invalid_operators_in_imports_report_nagi_lines_before_rust_or_cargo ... ok
2026-10-06T15:43:37.6626017Z test iterator_mutation_fails_in_check_and_build_before_backend_generation ... ok
2026-10-06T15:43:37.6856466Z test lowering_restores_nested_statement_expression_arm_and_field_lines ... ok
2026-10-06T15:43:37.7061751Z test invalid_entrypoints_are_rejected_before_cargo_with_source_locations ... ok
2026-10-06T15:43:37.7318112Z test native_signature_errors_also_keep_the_native_low_location ... ok
2026-10-06T15:43:37.7884160Z test overflowing_f32_is_rejected_at_the_source_before_backend_build ... ok
2026-10-06T15:43:37.8621123Z test repeated_moves_fail_in_check_and_build_before_invoking_rust ... ok
2026-10-06T15:43:37.9442856Z test repeated_moves_keep_imported_and_replacement_source_locations ... ok
2026-10-06T15:43:38.0930298Z test native_rust_errors_are_not_relabelled_as_nagi ... ok
2026-10-06T15:43:38.3671552Z test replacement_adapter_errors_point_to_the_handwritten_low_file ... ok
2026-10-06T15:43:38.4237297Z test extern_argument_and_sync_async_mismatches_fail_at_the_declaration_in_high_and_low ... ok
2026-10-06T15:43:39.2163999Z test safe_reinitialization_and_return_paths_check_build_and_run ... ok
2026-10-06T15:43:39.6357868Z test standalone_low_uses_the_original_low_lines ... ok
2026-10-06T15:43:39.8989284Z test try_result_reuse_reports_source_lines_before_invoking_cargo ... ok
2026-10-06T15:43:40.0522112Z test unsupported_class_fields_and_async_reassignments_fail_before_backend_generation ... ok
2026-10-06T15:43:40.0719402Z test windows_paths_and_canonical_prefixes_match_only_the_generated_target ... ok
2026-10-06T15:43:40.5652511Z test run_preserves_json_stdout_with_and_without_a_cost_report_in_high_and_saved_low ... ok
2026-10-06T15:43:41.0179491Z test imported_async_ffi_send_failure_maps_the_cause_note_in_high_and_saved_low ... ok
2026-10-06T15:43:44.4765528Z test source_names_with_spaces_and_dots_build_and_run ... ok
2026-10-06T15:43:44.4766050Z 
2026-10-06T15:43:44.4766636Z test result: ok. 29 passed; 0 failed; 0 ignored; 0 measured; 0 filtered out; finished in 8.80s
2026-10-06T15:43:44.4767229Z 
2026-10-06T15:43:44.4789117Z [1m[92m     Running[0m tests\class_field_types.rs (target\debug\deps\class_field_types-64e3d4b3deea7658.exe)
2026-10-06T15:43:44.4885586Z 
2026-10-06T15:43:44.4885793Z running 5 tests
2026-10-06T15:43:44.4955475Z test map_keys_with_missing_equality_or_hashing_fail_before_derivation ... ok
2026-10-06T15:43:44.5043984Z test nested_data_fields_and_bridge_defined_key_traits_remain_available ... ok
2026-10-06T15:43:44.5070044Z test unsupported_resource_and_function_fields_fail_at_the_field_line ... ok
2026-10-06T15:43:44.5122440Z test owned_database_fields_are_private_state_and_keep_high_low_emission_valid ... ok
2026-10-06T15:43:46.3478319Z test native_database_debug_hides_connection_details_inside_shared_state ... ok
2026-10-06T15:43:46.3478709Z 
2026-10-06T15:43:46.3479061Z test result: ok. 5 passed; 0 failed; 0 ignored; 0 measured; 0 filtered out; finished in 1.86s
2026-10-06T15:43:46.3479458Z 
2026-10-06T15:43:46.3498529Z [1m[92m     Running[0m tests\cli.rs (target\debug\deps\cli-761338925e7b0387.exe)
2026-10-06T15:43:46.3591549Z 
2026-10-06T15:43:46.3591790Z running 7 tests
2026-10-06T15:43:46.4585757Z test check_and_lower_put_status_on_stderr_and_keep_cost_report_machine_readable ... ok
2026-10-06T15:43:46.4691519Z test check_needs_no_cargo_and_build_reports_the_missing_tool ... ok
2026-10-06T15:43:46.4793474Z test version_rejects_unexpected_arguments ... ok
2026-10-06T15:43:46.5062190Z test version_works_without_project_runtime_or_build_tools ... ok
2026-10-06T15:43:46.5280101Z test help_works_without_source_or_valid_project ... ok
2026-10-06T15:43:46.6553643Z test an_unusable_cargo_is_not_reported_as_a_missing_rust_installation ... ok
2026-10-06T15:43:46.6655346Z test cargo_failure_preserves_the_cause_without_blaming_the_nagi_program ... ok
2026-10-06T15:43:46.6655791Z 
2026-10-06T15:43:46.6656195Z test result: ok. 7 passed; 0 failed; 0 ignored; 0 measured; 0 filtered out; finished in 0.31s
2026-10-06T15:43:46.6656890Z 
2026-10-06T15:43:46.6673354Z [1m[92m     Running[0m tests\codegen.rs (target\debug\deps\codegen-6e7e99c5d54bd7d0.exe)
2026-10-06T15:43:46.6766976Z 
2026-10-06T15:43:46.6767240Z running 16 tests
2026-10-06T15:43:46.6811873Z test a_record_named_fn_does_not_become_a_copy_function_value ... ok
2026-10-06T15:43:47.0970545Z test explicit_local_async_function_annotations_compile_and_run ... ok
2026-10-06T15:43:47.1034303Z test async_function_values_keep_their_future_return_type ... ok
2026-10-06T15:43:47.1106535Z test for_bindings_can_be_reassigned_without_changing_the_iterator_or_outer_binding ... ok
2026-10-06T15:43:47.1201944Z test builtin_option_and_result_constructors_do_not_call_user_functions ... ok
2026-10-06T15:43:47.5171085Z test function_values_preserve_the_shared_view_lifetime ... ok
2026-10-06T15:43:47.5172750Z test local_function_values_shadow_builtins_and_functions ... ok
2026-10-06T15:43:47.5383523Z test nested_views_compile_and_copy_strings_bytes_and_lists ... ok
2026-10-06T15:43:47.5935480Z test numeric_negation_and_nested_view_comparisons_compile_and_run ... ok
2026-10-06T15:43:47.8977126Z test output_compiles_for_numbers_booleans_and_borrowed_strings ... ok
2026-10-06T15:43:47.9050344Z test reassignment_of_the_same_async_function_through_aliases_compiles_and_runs ... ok
2026-10-06T15:43:47.9107989Z test result_match_compiles_and_runs_owned_and_borrowed_payloads ... ok
2026-10-06T15:43:47.9475532Z test returning_a_function_value_does_not_borrow_local_data ... ok
2026-10-06T15:43:48.2029372Z test rust_keywords_and_generated_helper_names_remain_valid_nagi_names ... ok
2026-10-06T15:43:48.2229894Z test user_functions_with_builtin_names_keep_their_call_targets ... ok
2026-10-06T15:43:48.8590898Z test user_and_local_functions_named_serve_compile_without_http_runtime ... ok
2026-10-06T15:43:48.8591357Z 
2026-10-06T15:43:48.8591764Z test result: ok. 16 passed; 0 failed; 0 ignored; 0 measured; 0 filtered out; finished in 2.18s
2026-10-06T15:43:48.8592167Z 
2026-10-06T15:43:48.8611844Z [1m[92m     Running[0m tests\comparison_ownership.rs (target\debug\deps\comparison_ownership-834b7ccdbdcfb134.exe)
2026-10-06T15:43:48.8708782Z 
2026-10-06T15:43:48.8709034Z running 4 tests
2026-10-06T15:43:48.8839030Z test comparisons_hold_the_left_operand_through_right_operand_evaluation ... ok
2026-10-06T15:43:48.8977315Z test copy_aggregate_comparisons_borrow_fields_and_indexed_containers ... ok
2026-10-06T15:43:48.9465270Z test native_resource_comparisons_do_not_allow_moving_the_borrowed_request ... ok
2026-10-06T15:43:49.1218361Z test completed_copy_operands_disjoint_fields_and_temporary_views_remain_valid ... ok
2026-10-06T15:43:49.1219269Z 
2026-10-06T15:43:49.1219634Z test result: ok. 4 passed; 0 failed; 0 ignored; 0 measured; 0 filtered out; finished in 0.25s
2026-10-06T15:43:49.1220109Z 
2026-10-06T15:43:49.1242126Z [1m[92m     Running[0m tests\enum_emission.rs (target\debug\deps\enum_emission-783a9d70f38aa2a5.exe)
2026-10-06T15:43:49.1338431Z 
2026-10-06T15:43:49.1338633Z running 5 tests
2026-10-06T15:43:49.1473126Z test data_records_keep_serde_while_enum_fields_remain_private ... ok
2026-10-06T15:43:49.5122188Z test error_cause_records_move_payloads_without_serde_or_clone_requirements ... ok
2026-10-06T15:43:49.5146219Z test custom_main_errors_need_only_debug_and_copy_enums_reuse_values ... ok
2026-10-06T15:43:49.5375499Z test module_enum_aliases_preserve_identity_and_escape_variant_fields ... ok
2026-10-06T15:43:49.5957346Z test native_enum_constructors_patterns_and_result_propagation_roundtrip ... ok
2026-10-06T15:43:49.5957745Z 
2026-10-06T15:43:49.5958488Z test result: ok. 5 passed; 0 failed; 0 ignored; 0 measured; 0 filtered out; finished in 0.46s
2026-10-06T15:43:49.5958870Z 
2026-10-06T15:43:49.5979136Z [1m[92m     Running[0m tests\enum_modules.rs (target\debug\deps\enum_modules-e151b0ecc784ddaf.exe)
2026-10-06T15:43:49.6077176Z 
2026-10-06T15:43:49.6077417Z running 9 tests
2026-10-06T15:43:49.6246762Z test builtin_spelled_enum_aliases_keep_intrinsic_types_distinct_in_generated_low ... ok
2026-10-06T15:43:49.6325155Z test enum_payload_types_use_the_definition_file_scope_and_survive_low ... ok
2026-10-06T15:43:49.6463937Z test different_files_have_distinct_enum_types_even_with_equal_names_and_variants ... ok
2026-10-06T15:43:49.6580088Z test local_values_shadow_enum_value_syntax_but_named_constructor_uses_type_scope ... ok
2026-10-06T15:43:49.6586292Z test enum_aliases_and_guessed_canonical_symbols_do_not_escape_module_scopes ... ok
2026-10-06T15:43:49.6789386Z test namespace_from_and_flat_imports_share_enum_identity_in_constructors_and_patterns ... ok
2026-10-06T15:43:49.6837915Z test native_fragments_reuse_high_enum_aliases_and_export_their_own_enum_identity ... ok
2026-10-06T15:43:50.0608413Z test saved_low_enum_variants_navigate_to_the_opened_file ... ok
2026-10-06T15:43:50.4007086Z test enum_symbols_keep_variant_targets_alias_signatures_and_payload_binding_types ... ok
2026-10-06T15:43:50.4007769Z 
2026-10-06T15:43:50.4008441Z test result: ok. 9 passed; 0 failed; 0 ignored; 0 measured; 0 filtered out; finished in 0.79s
2026-10-06T15:43:50.4008821Z 
2026-10-06T15:43:50.4032069Z [1m[92m     Running[0m tests\enum_parser.rs (target\debug\deps\enum_parser-a29cf07bd5f9afed.exe)
2026-10-06T15:43:50.4133157Z 
2026-10-06T15:43:50.4133363Z running 8 tests
2026-10-06T15:43:50.4148064Z test contextual_enum_word_remains_an_identifier_inside_declarations_and_calls ... ok
2026-10-06T15:43:50.4149703Z test enum_constructors_keep_the_existing_expression_forms ... ok
2026-10-06T15:43:50.4151235Z test enum_patterns_keep_qualified_names_and_each_payload_binding_span ... ok
2026-10-06T15:43:50.4152238Z test enum_payload_types_use_the_existing_nesting_limit ... ok
2026-10-06T15:43:50.4156444Z test enums_keep_variant_names_fields_types_and_source_locations ... ok
2026-10-06T15:43:50.4157718Z test invalid_enum_declarations_return_parse_errors ... ok
2026-10-06T15:43:50.4159220Z test result_patterns_preserve_ok_err_and_discard_bindings ... ok
2026-10-06T15:43:50.4164671Z test patterns_reject_wildcards_nested_matches_and_unnamed_variants ... ok
2026-10-06T15:43:50.4165393Z 
2026-10-06T15:43:50.4165755Z test result: ok. 8 passed; 0 failed; 0 ignored; 0 measured; 0 filtered out; finished in 0.00s
2026-10-06T15:43:50.4166120Z 
2026-10-06T15:43:50.4181675Z [1m[92m     Running[0m tests\enum_patterns.rs (target\debug\deps\enum_patterns-041179cffcbe99e9.exe)
2026-10-06T15:43:50.4281508Z 
2026-10-06T15:43:50.4282618Z running 1 test
2026-10-06T15:43:50.6557543Z test mutable_enum_patterns_preserve_names_and_compile_without_shorthand_warnings ... ok
2026-10-06T15:43:50.6557971Z 
2026-10-06T15:43:50.6558327Z test result: ok. 1 passed; 0 failed; 0 ignored; 0 measured; 0 filtered out; finished in 0.23s
2026-10-06T15:43:50.6559050Z 
2026-10-06T15:43:50.6577655Z [1m[92m     Running[0m tests\error_routes.rs (target\debug\deps\error_routes-a5e077c1ae93a269.exe)
2026-10-06T15:43:50.6674703Z 
2026-10-06T15:43:50.6674921Z running 2 tests
2026-10-06T15:43:50.6753693Z test existing_data_and_html_http_routes_keep_their_representations ... ok
2026-10-06T15:43:50.6784663Z test private_error_data_is_rejected_at_http_json_boundaries_in_high_and_low ... ok
2026-10-06T15:43:50.6785558Z 
2026-10-06T15:43:50.6785956Z test result: ok. 2 passed; 0 failed; 0 ignored; 0 measured; 0 filtered out; finished in 0.01s
2026-10-06T15:43:50.6786316Z 
2026-10-06T15:43:50.6804102Z [1m[92m     Running[0m tests\expression_contracts.rs (target\debug\deps\expression_contracts-620d351e0a08d456.exe)
2026-10-06T15:43:50.6900830Z 
2026-10-06T15:43:50.6901038Z running 2 tests
2026-10-06T15:43:50.9120506Z test literal_suffixes_preserve_contextual_numeric_types_and_negative_boundaries ... ok
2026-10-06T15:43:50.9403442Z test inferred_i64_literals_keep_their_type_without_a_rust_type_context ... ok
2026-10-06T15:43:50.9404432Z 
2026-10-06T15:43:50.9404986Z test result: ok. 2 passed; 0 failed; 0 ignored; 0 measured; 0 filtered out; finished in 0.25s
2026-10-06T15:43:50.9406328Z 
2026-10-06T15:43:50.9424442Z [1m[92m     Running[0m tests\frontend_contracts.rs (target\debug\deps\frontend_contracts-de9f60196925de7b.exe)
2026-10-06T15:43:50.9521611Z 
2026-10-06T15:43:50.9521818Z running 5 tests
2026-10-06T15:43:50.9588598Z test generic_builtins_and_ordinary_record_constructors_still_roundtrip ... ok
2026-10-06T15:43:50.9605762Z test speculative_index_recovery_preserves_actual_nesting_limits ... ok
2026-10-06T15:43:51.1250434Z test record_constructors_reject_type_arguments_in_high_low_and_symbols ... ok
2026-10-06T15:43:52.1488625Z test lowering_keeps_try_and_await_as_field_and_index_receivers ... ok
2026-10-06T15:43:53.1975609Z test index_lookahead_does_not_accumulate_nesting_across_statements_or_functions ... ok
2026-10-06T15:43:53.1976077Z 
2026-10-06T15:43:53.1976458Z test result: ok. 5 passed; 0 failed; 0 ignored; 0 measured; 0 filtered out; finished in 2.25s
2026-10-06T15:43:53.1976850Z 
2026-10-06T15:43:53.1997240Z [1m[92m     Running[0m tests\graph_html.rs (target\debug\deps\graph_html-dedba0198de46959.exe)
2026-10-06T15:43:53.2098702Z 
2026-10-06T15:43:53.2098944Z running 3 tests
2026-10-06T15:43:53.2111706Z test only_physical_absolute_sources_receive_encoded_user_action_links ... ok
2026-10-06T15:43:53.2112317Z test standalone_viewer_keeps_assets_local_and_uses_safe_dom_text ... ok
2026-10-06T15:43:53.2115949Z test hostile_unicode_graph_data_remains_json_and_cannot_close_the_script ... ok
2026-10-06T15:43:53.2116416Z 
2026-10-06T15:43:53.2116783Z test result: ok. 3 passed; 0 failed; 0 ignored; 0 measured; 0 filtered out; finished in 0.00s
2026-10-06T15:43:53.2117143Z 
2026-10-06T15:43:53.2132242Z [1m[92m     Running[0m tests\graph_relations.rs (target\debug\deps\graph_relations-c53f004205510f55.exe)
2026-10-06T15:43:53.2227249Z 
2026-10-06T15:43:53.2227500Z running 9 tests
2026-10-06T15:43:53.2728573Z test calls_resolve_named_aliases_without_guessing_local_function_values ... ok
2026-10-06T15:43:53.2814966Z test module_imports_are_read_from_loaded_overlay_text ... ok
2026-10-06T15:43:53.2939293Z test module_edges_use_exact_identities_and_recover_empty_flat_imports ... ok
2026-10-06T15:43:53.2964234Z test native_replacements_keep_the_generated_id_and_low_ffi_locations ... ok
2026-10-06T15:43:53.3026987Z test checked_standard_and_database_operations_are_boundaries_not_routing_or_table_guesses ... ok
2026-10-06T15:43:53.3125431Z test one_line_low_import_references_do_not_hide_body_uses ... ok
2026-10-06T15:43:53.3161535Z test saved_low_keeps_definition_ids_without_mapping_foreign_modules_to_its_file ... ok
2026-10-06T15:43:53.3224914Z test all_views_use_shortest_unique_physical_suffixes_before_filtering ... ok
2026-10-06T15:43:53.3577177Z test nested_calls_are_visited_but_class_and_enum_constructors_are_not_calls ... ok
2026-10-06T15:43:53.3577784Z 
2026-10-06T15:43:53.3578339Z test result: ok. 9 passed; 0 failed; 0 ignored; 0 measured; 0 filtered out; finished in 0.14s
2026-10-06T15:43:53.3578903Z 
2026-10-06T15:43:53.3600980Z [1m[92m     Running[0m tests\graph_render.rs (target\debug\deps\graph_render-8bc7715d6360c7a6.exe)
2026-10-06T15:43:53.3699743Z 
2026-10-06T15:43:53.3699989Z running 5 tests
2026-10-06T15:43:53.3707772Z test image_arguments_are_validated_before_starting_a_renderer ... ok
2026-10-06T15:43:53.3711671Z test labels_preserve_unicode_without_becoming_diagram_syntax_or_links ... ok
2026-10-06T15:43:53.3713896Z test clustered_edges_reference_declared_nodes_without_group_boundary_duplicates ... ok
2026-10-06T15:43:53.3714930Z test mermaid_literal_hashes_backticks_and_directives_cannot_change_the_render_config ... ok
2026-10-06T15:43:53.3715589Z test diagram_order_is_deterministic_and_empty_graphs_are_readable ... ok
2026-10-06T15:43:53.3715902Z 
2026-10-06T15:43:53.3716232Z test result: ok. 5 passed; 0 failed; 0 ignored; 0 measured; 0 filtered out; finished in 0.00s
2026-10-06T15:43:53.3716593Z 
2026-10-06T15:43:53.3731068Z [1m[92m     Running[0m tests\graph_types.rs (target\debug\deps\graph_types-bb15a522a397937b.exe)
2026-10-06T15:43:53.3826450Z 
2026-10-06T15:43:53.3826658Z running 7 tests
2026-10-06T15:43:53.3998421Z test imported_same_named_types_keep_author_identity_and_original_source_lines ... ok
2026-10-06T15:43:53.4028919Z test focused_depth_is_bounded_on_cycles_and_defaults_to_one_hop ... ok
2026-10-06T15:43:53.4034781Z test ir_deduplicates_and_sorts_without_renderer_syntax_or_losing_isolated_types ... ok
2026-10-06T15:43:53.4134089Z test field_display_limits_do_not_erase_relationships_from_later_fields ... ok
2026-10-06T15:43:53.4274997Z test resource_type_arguments_are_dependencies_without_inventing_runtime_instances ... ok
2026-10-06T15:43:53.4307545Z test declarations_preserve_field_variant_wrapper_and_signature_meanings ... ok
2026-10-06T15:43:53.4466248Z test independent_low_preserves_type_identity_and_reports_its_physical_source ... ok
2026-10-06T15:43:53.4466787Z 
2026-10-06T15:43:53.4467155Z test result: ok. 7 passed; 0 failed; 0 ignored; 0 measured; 0 filtered out; finished in 0.06s
2026-10-06T15:43:53.4467531Z 
2026-10-06T15:43:53.4487390Z [1m[92m     Running[0m tests\http_codegen.rs (target\debug\deps\http_codegen-d60e7ee379f331bd.exe)
2026-10-06T15:43:53.4587399Z 
2026-10-06T15:43:53.4587644Z running 4 tests
2026-10-06T15:43:53.4766406Z test literal_view_optimization_does_not_change_a_shadowing_owned_function ... ok
2026-10-06T15:43:54.2168728Z test borrow_and_named_mappers_preserve_high_low_codegen ... ok
2026-10-06T15:43:54.2489146Z test borrowed_http_inspection_and_async_registration_add_no_owned_adapter_work ... ok
2026-10-06T15:43:57.8252554Z test borrow_and_named_mapper_registration_execute_native_adapters ... ok
2026-10-06T15:43:57.8252927Z 
2026-10-06T15:43:57.8253271Z test result: ok. 4 passed; 0 failed; 0 ignored; 0 measured; 0 filtered out; finished in 4.37s
2026-10-06T15:43:57.8253628Z 
2026-10-06T15:43:57.8275263Z [1m[92m     Running[0m tests\http_route_conflicts.rs (target\debug\deps\http_route_conflicts-ffcce2d6f3b9e720.exe)
2026-10-06T15:43:57.8372130Z 
2026-10-06T15:43:57.8372375Z running 3 tests
2026-10-06T15:43:57.8436964Z test get_handlers_cannot_replace_builtin_endpoints ... ok
2026-10-06T15:43:57.8452462Z test shared_patterns_distinct_paths_and_literal_braces_remain_available ... ok
2026-10-06T15:43:57.8496562Z test equivalent_capture_paths_are_rejected_even_for_different_methods ... ok
2026-10-06T15:43:57.8497075Z 
2026-10-06T15:43:57.8497452Z test result: ok. 3 passed; 0 failed; 0 ignored; 0 measured; 0 filtered out; finished in 0.01s
2026-10-06T15:43:57.8497807Z 
2026-10-06T15:43:57.8514095Z [1m[92m     Running[0m tests\http_stdlib.rs (target\debug\deps\http_stdlib-298f75db72e0a118.exe)
2026-10-06T15:43:57.8608478Z 
2026-10-06T15:43:57.8608680Z running 15 tests
2026-10-06T15:43:58.7252661Z test handlers_require_exact_async_request_shared_state_and_error_contracts ... ok
2026-10-06T15:43:59.5984604Z test borrowed_option_temporaries_allow_arm_local_use_but_cannot_escape ... ok
2026-10-06T15:43:59.8382426Z test header_views_depend_on_request_owner_and_not_the_name_temporary ... ok
2026-10-06T15:44:00.6199747Z test json_content_type_requires_a_request_and_has_no_generic_arguments ... ok
2026-10-06T15:44:01.2735649Z test apps_validate_generic_arity_owned_state_and_mapper_error_type ... ok
2026-10-06T15:44:02.1525662Z test method_name_views_can_return_from_borrowed_request_parameters ... ok
2026-10-06T15:44:02.6169205Z test optional_header_and_query_views_keep_the_request_borrow_through_match ... ok
2026-10-06T15:44:03.7678673Z test ordinary_classes_and_local_shadows_cannot_impersonate_standard_resources ... ok
2026-10-06T15:44:04.2491234Z test native_method_comparisons_borrow_but_assignment_tracks_request_partial_moves ... ok
2026-10-06T15:44:04.2938480Z test saved_low_cannot_change_registry_identity_or_define_resource_implementations ... ok
2026-10-06T15:44:04.5384583Z test standard_resolution_ignores_cwd_files_and_unsaved_lookalikes ... ok
2026-10-06T15:44:05.2943590Z test standard_aliases_are_registry_resources_and_roundtrip_independently ... ok
2026-10-06T15:44:06.4409530Z test resource_construction_serialization_and_shared_field_moves_fail_before_build ... ok
2026-10-06T15:44:07.2273265Z test resource_references_do_not_acquire_legacy_slice_operations ... ok
2026-10-06T15:44:10.4581149Z test status_method_and_db_free_app_execute_from_high_and_saved_low ... ok
2026-10-06T15:44:10.4581499Z 
2026-10-06T15:44:10.4581883Z test result: ok. 15 passed; 0 failed; 0 ignored; 0 measured; 0 filtered out; finished in 12.60s
2026-10-06T15:44:10.4582258Z 
2026-10-06T15:44:10.4602364Z [1m[92m     Running[0m tests\installation.rs (target\debug\deps\installation-6328cce8fe9e2774.exe)
2026-10-06T15:44:10.4752193Z 
2026-10-06T15:44:10.4752393Z running 4 tests
2026-10-06T15:44:10.5105870Z test linked_distributions_keep_the_seed_until_the_last_owner_drops ... ok
2026-10-06T15:44:10.5429615Z test wrong_root_explains_the_distribution_folder_before_calling_cargo ... ok
2026-10-06T15:44:11.0887699Z test moved_distribution_builds_an_external_project_with_no_root_override ... ok
2026-10-06T15:44:11.1085505Z test standalone_build_keeps_native_artifacts_in_the_working_directory ... ok
2026-10-06T15:44:11.1086346Z 
2026-10-06T15:44:11.1087079Z test result: ok. 4 passed; 0 failed; 0 ignored; 0 measured; 0 filtered out; finished in 0.63s
2026-10-06T15:44:11.1087846Z 
2026-10-06T15:44:11.1104133Z [1m[92m     Running[0m tests\list_borrow_iteration.rs (target\debug\deps\list_borrow_iteration-077eabae0f0aa069.exe)
2026-10-06T15:44:11.1206610Z 
2026-10-06T15:44:11.1207377Z running 5 tests
2026-10-06T15:44:11.1414183Z test borrowed_elements_and_their_field_views_cannot_escape ... ok
2026-10-06T15:44:11.1422535Z test borrowed_elements_cannot_move_reassign_or_mutate ... ok
2026-10-06T15:44:11.1588177Z test an_active_element_pins_its_owner_and_aliases ... ok
2026-10-06T15:44:11.5667481Z test symbols_distinguish_borrowed_record_locals_and_fields ... ok
2026-10-06T15:44:12.6477812Z test noncopy_iteration_is_native_and_survives_saved_low ... ok
2026-10-06T15:44:12.6478375Z 
2026-10-06T15:44:12.6478964Z test result: ok. 5 passed; 0 failed; 0 ignored; 0 measured; 0 filtered out; finished in 1.53s
2026-10-06T15:44:12.6479578Z 
2026-10-06T15:44:12.6501992Z [1m[92m     Running[0m tests\list_ownership_inference.rs (target\debug\deps\list_ownership_inference-0c3f18b2f72f4fcc.exe)
2026-10-06T15:44:12.6601933Z 
2026-10-06T15:44:12.6602368Z running 4 tests
2026-10-06T15:44:12.6635289Z test inferred_lists_still_reject_second_moves_and_mixed_element_types ... ok
2026-10-06T15:44:12.6636555Z test explicit_list_element_types_still_contextualize_the_first_literal ... ok
2026-10-06T15:44:12.6672878Z test inferred_list_first_elements_can_move_owned_inputs_once ... ok
2026-10-06T15:44:12.6679976Z test record_list_iteration_accepts_copy_values_and_readonly_noncopy_borrows ... ok
2026-10-06T15:44:12.6680613Z 
2026-10-06T15:44:12.6681193Z test result: ok. 4 passed; 0 failed; 0 ignored; 0 measured; 0 filtered out; finished in 0.01s
2026-10-06T15:44:12.6681840Z 
2026-10-06T15:44:12.6699353Z [1m[92m     Running[0m tests\literal_contracts.rs (target\debug\deps\literal_contracts-3adea694e04e43bc.exe)
2026-10-06T15:44:12.6797656Z 
2026-10-06T15:44:12.6798032Z running 1 test
2026-10-06T15:44:13.4883798Z test strings_preserve_control_characters_through_high_low_and_rust ... ok
2026-10-06T15:44:13.4884413Z 
2026-10-06T15:44:13.4885341Z test result: ok. 1 passed; 0 failed; 0 ignored; 0 measured; 0 filtered out; finished in 0.81s
2026-10-06T15:44:13.4885995Z 
2026-10-06T15:44:13.4903461Z [1m[92m     Running[0m tests\loop_ownership.rs (target\debug\deps\loop_ownership-3789c0e882b8c856.exe)
2026-10-06T15:44:13.5006862Z 
2026-10-06T15:44:13.5007069Z running 13 tests
2026-10-06T15:44:13.5085823Z test conditional_reinitialization_needs_every_continuing_path ... ok
2026-10-06T15:44:13.5130211Z test fields_and_nested_fields_cannot_be_consumed_on_later_iterations ... ok
2026-10-06T15:44:13.7440648Z test a_for_iterator_expression_is_evaluated_only_once ... ok
2026-10-06T15:44:13.7592929Z test locals_copy_values_and_borrowed_arguments_are_available_each_iteration ... ok
2026-10-06T15:44:13.7702874Z test owned_values_cannot_be_consumed_on_later_iterations ... ok
2026-10-06T15:44:13.8517976Z test all_continuing_branches_can_restore_a_moved_value ... ok
2026-10-06T15:44:13.8518945Z test branch_joins_preserve_reassignment_and_return_outside_loops ... ok
2026-10-06T15:44:13.8519969Z test nested_loops_are_checked_without_carrying_local_declarations ... ok
2026-10-06T15:44:13.8535495Z test standalone_low_rejects_repeated_moves_at_the_original_line ... ok
2026-10-06T15:44:13.9661958Z test while_conditions_are_checked_on_each_evaluation_and_on_exit ... ok
2026-10-06T15:44:13.9779775Z test zero_iterations_and_loop_bindings_preserve_outer_state ... ok
2026-10-06T15:44:14.0184845Z test reinitialization_before_and_after_a_move_is_allowed ... ok
2026-10-06T15:44:14.4069498Z test return_paths_do_not_repeat_or_consume_values_on_other_paths ... ok
2026-10-06T15:44:14.4070352Z 
2026-10-06T15:44:14.4071122Z test result: ok. 13 passed; 0 failed; 0 ignored; 0 measured; 0 filtered out; finished in 0.91s
2026-10-06T15:44:14.4071891Z 
2026-10-06T15:44:14.4098596Z [1m[92m     Running[0m tests\low_multiline.rs (target\debug\deps\low_multiline-0e3403687938aeda.exe)
2026-10-06T15:44:14.4239816Z 
2026-10-06T15:44:14.4240291Z running 3 tests
2026-10-06T15:44:14.4273771Z test low_braces_keep_newline_statement_boundaries ... ok
2026-10-06T15:44:14.4319466Z test multiline_errors_keep_physical_source_lines ... ok
2026-10-06T15:44:15.5044553Z test multiline_quote_matches_high_and_runs_as_native_low ... ok
2026-10-06T15:44:15.5044889Z 
2026-10-06T15:44:15.5045244Z test result: ok. 3 passed; 0 failed; 0 ignored; 0 measured; 0 filtered out; finished in 1.08s
2026-10-06T15:44:15.5046064Z 
2026-10-06T15:44:15.5066809Z [1m[92m     Running[0m tests\map_cli.rs (target\debug\deps\map_cli-572c28afb707ba27.exe)
2026-10-06T15:44:15.5167626Z 
2026-10-06T15:44:15.5167820Z running 9 tests
2026-10-06T15:44:15.5418649Z test failed_check_points_to_original_source_and_writes_no_map ... ok
2026-10-06T15:44:15.5505826Z test map_preparse_keeps_existing_project_overrides_and_output_path_precedence ... ok
2026-10-06T15:44:15.5937924Z test image_formats_require_output_and_fail_helpfully_without_local_d2 ... ok
2026-10-06T15:44:15.6122894Z test map_output_cannot_overwrite_loaded_input_or_project_configuration ... ok
2026-10-06T15:44:15.6345910Z test help_and_argument_errors_do_not_load_a_project_or_mutate_files ... ok
2026-10-06T15:44:15.6516240Z test project_discovery_reuses_native_replacements_and_extern_resolution ... ok
2026-10-06T15:44:15.6559297Z test namespace_module_filter_and_focus_select_original_definitions ... ok
2026-10-06T15:44:15.7374088Z test map_views_check_high_and_low_without_runtime_or_generated_output ... ok
2026-10-06T15:44:15.7756706Z test text_formats_write_only_requested_output_and_keep_stdout_clean ... ok
2026-10-06T15:44:15.7757358Z 
2026-10-06T15:44:15.7758316Z test result: ok. 9 passed; 0 failed; 0 ignored; 0 measured; 0 filtered out; finished in 0.26s
2026-10-06T15:44:15.7758967Z 
2026-10-06T15:44:15.7776769Z [1m[92m     Running[0m tests\module_emission.rs (target\debug\deps\module_emission-7b08fc070561f859.exe)
2026-10-06T15:44:15.7876967Z 
2026-10-06T15:44:15.7877172Z running 8 tests
2026-10-06T15:44:15.8073715Z test legacy_flat_cost_report_keeps_public_function_names ... ok
2026-10-06T15:44:15.8259212Z test inferred_primitive_values_and_a_class_alias_keep_distinct_type_identities ... ok
2026-10-06T15:44:15.8487359Z test qualified_nested_types_emit_internal_names_through_low ... ok
2026-10-06T15:44:16.4727625Z test source_function_names_that_match_foreign_symbols_keep_distinct_call_targets ... ok
2026-10-06T15:44:16.4732387Z test unresolved_high_imports_keep_as_and_from_syntax_in_low ... ok
2026-10-06T15:44:16.5345283Z test independent_low_parser_preserves_module_ids_and_native_function_aliases ... ok
2026-10-06T15:44:16.5442330Z test source_locals_that_match_generated_symbols_keep_distinct_values ... ok
2026-10-06T15:44:20.9421802Z test inferred_builtin_types_survive_module_aliases_low_transport_and_rust_emission ... ok
2026-10-06T15:44:20.9422403Z 
2026-10-06T15:44:20.9423667Z test result: ok. 8 passed; 0 failed; 0 ignored; 0 measured; 0 filtered out; finished in 5.15s
2026-10-06T15:44:20.9424049Z 
2026-10-06T15:44:20.9445304Z [1m[92m     Running[0m tests\module_parser.rs (target\debug\deps\module_parser-56a76f01e2ed1e5e.exe)
2026-10-06T15:44:20.9541224Z 
2026-10-06T15:44:20.9541423Z running 9 tests
2026-10-06T15:44:20.9553764Z test from_and_as_remain_contextual_identifiers ... ok
2026-10-06T15:44:20.9554795Z test import_forms_keep_original_names_aliases_and_token_spans ... ok
2026-10-06T15:44:20.9556950Z test low_metadata_is_read_without_changing_source_spans ... ok
2026-10-06T15:44:20.9560308Z test module_replace_path_remains_a_structured_attribute_value ... ok
2026-10-06T15:44:20.9561724Z test malformed_imports_and_qualified_constructs_keep_parser_errors ... ok
2026-10-06T15:44:20.9566272Z test qualified_calls_constructors_and_function_values_preserve_semantic_choice ... ok
2026-10-06T15:44:20.9567917Z test qualified_types_parse_inside_nested_generics_lists_and_nullable_types ... ok
2026-10-06T15:44:20.9571661Z test qualified_types_respect_existing_nesting_limit ... ok
2026-10-06T15:44:20.9589988Z test qualified_index_lookahead_restores_depth_and_preserves_index_nodes ... ok
2026-10-06T15:44:20.9590644Z 
2026-10-06T15:44:20.9591257Z test result: ok. 9 passed; 0 failed; 0 ignored; 0 measured; 0 filtered out; finished in 0.00s
2026-10-06T15:44:20.9591905Z 
2026-10-06T15:44:20.9607160Z [1m[92m     Running[0m tests\module_symbols.rs (target\debug\deps\module_symbols-a178be3ed440de0f.exe)
2026-10-06T15:44:20.9702428Z 
2026-10-06T15:44:20.9702626Z running 5 tests
2026-10-06T15:44:21.6900465Z test saved_low_namespaces_use_the_opened_file_and_rebased_definition_locations ... ok
2026-10-06T15:44:21.6978019Z test local_names_colliding_with_the_entrypoint_keep_source_names_and_navigation ... ok
2026-10-06T15:44:21.7107628Z test module_bindings_export_only_own_definitions_and_share_definition_identity ... ok
2026-10-06T15:44:22.0840571Z test record_and_import_alias_named_option_remain_record_types_in_editor_output ... ok
2026-10-06T15:44:22.1083730Z test unsaved_imported_buffers_drive_fields_and_shadowed_aliases_use_local_bindings ... ok
2026-10-06T15:44:22.1084823Z 
2026-10-06T15:44:22.1085893Z test result: ok. 5 passed; 0 failed; 0 ignored; 0 measured; 0 filtered out; finished in 1.14s
2026-10-06T15:44:22.1086539Z 
2026-10-06T15:44:22.1110811Z [1m[92m     Running[0m tests\modules.rs (target\debug\deps\modules-516fb7dbfa173436.exe)
2026-10-06T15:44:22.1212334Z 
2026-10-06T15:44:22.1212528Z running 32 tests
2026-10-06T15:44:22.1396957Z test alias_imports_keep_cycle_relative_path_and_language_guards ... ok
2026-10-06T15:44:22.1867522Z test aliases_of_one_function_cannot_be_replaced_twice_across_native_files ... ok
2026-10-06T15:44:22.2002440Z test conflicting_import_bindings_report_the_import_statement ... ok
2026-10-06T15:44:22.2013912Z test corrupted_low_identity_metadata_cannot_rename_or_invent_definitions ... ok
2026-10-06T15:44:22.2019987Z test aliases_keep_original_source_diagnostics_and_embedded_asset_paths ... ok
2026-10-06T15:44:22.2859092Z test aliases_from_imports_and_flat_imports_share_the_canonical_class ... ok
2026-10-06T15:44:22.3119774Z test flat_imported_main_remains_an_entry_but_namespace_imported_main_does_not ... ok
2026-10-06T15:44:22.3363070Z test edited_saved_low_body_resolves_original_aliases_and_maps_only_its_physical_root ... ok
2026-10-06T15:44:22.3710939Z test foreign_functions_keep_their_builtin_scope_when_root_aliases_use_builtin_names ... ok
2026-10-06T15:44:22.4306940Z test high_and_native_modules_can_use_the_same_private_namespace_spelling ... ok
2026-10-06T15:44:22.4917318Z test imported_bindings_are_private_but_own_definitions_can_use_them ... ok
2026-10-06T15:44:22.5035460Z test every_explicit_native_root_gets_high_aliases_without_overwriting_own_or_dependency_scopes ... ok
2026-10-06T15:44:22.5298299Z test imported_names_cannot_silently_fall_back_to_builtins_of_a_different_kind ... ok
2026-10-06T15:44:22.5611338Z test guessed_internal_symbols_cannot_bypass_private_imports_in_raw_source ... ok
2026-10-06T15:44:22.6571209Z test legacy_flat_helpers_can_call_root_definitions_without_inheriting_private_aliases ... ok
2026-10-06T15:44:22.6742809Z test local_fields_and_function_values_shadow_imports_only_in_their_scope ... ok
2026-10-06T15:44:22.6938242Z test low_alias_syntax_resolves_qualified_record_and_generic_types ... ok
2026-10-06T15:44:22.7344267Z test legacy_classes_constructors_and_intrinsic_types_keep_their_original_namespaces ... ok
2026-10-06T15:44:22.7847627Z test native_main_replacement_keeps_the_generated_identity_and_recursive_target ... ok
2026-10-06T15:44:22.8495320Z test native_import_aliases_remain_local_while_own_functions_are_available_to_high ... ok
2026-10-06T15:44:22.8543398Z test old_flat_imports_keep_transitive_names_and_diamond_deduplication ... ok
2026-10-06T15:44:22.8710080Z test omitted_unit_returns_keep_builtin_identity_while_explicit_namespace_types_are_rejected ... ok
2026-10-06T15:44:22.8875320Z test renamed_local_main_diagnostics_keep_source_spelling_after_program_is_taken ... ok
2026-10-06T15:44:22.9844888Z test qualified_replacements_compare_definition_identity_and_report_low_sources ... ok
2026-10-06T15:44:23.0254792Z test same_named_classes_from_different_files_are_distinct_in_all_type_positions ... ok
2026-10-06T15:44:23.0510944Z test saved_generated_low_can_be_imported_without_reidentifying_its_main ... ok
2026-10-06T15:44:23.1995909Z test separate_native_files_can_reuse_a_replacement_declaration_name ... ok
2026-10-06T15:44:23.2003416Z test the_checker_rejects_parser_only_alias_imports_until_the_source_loader_resolves_them ... ok
2026-10-06T15:44:23.2378277Z test unsaved_overlays_change_imported_definitions_and_keep_disk_sources_unchanged ... ok
2026-10-06T15:44:24.1152332Z test namespace_imports_preserve_depth_file_count_and_total_byte_limits ... ok
2026-10-06T15:44:24.4100738Z test saved_low_flat_and_from_imports_promote_the_original_definition_to_entry ... ok
2026-10-06T15:44:24.9487284Z test project_aliases_cross_low_replacement_and_rust_record_bridges_from_an_external_cwd ... ok
2026-10-06T15:44:24.9488039Z 
2026-10-06T15:44:24.9488980Z test result: ok. 32 passed; 0 failed; 0 ignored; 0 measured; 0 filtered out; finished in 2.83s
2026-10-06T15:44:24.9489504Z 
2026-10-06T15:44:24.9509498Z [1m[92m     Running[0m tests\nullable_database.rs (target\debug\deps\nullable_database-1d7e93c4fe19942d.exe)
2026-10-06T15:44:24.9607484Z 
2026-10-06T15:44:24.9608780Z running 4 tests
2026-10-06T15:44:25.0208053Z test unsupported_nullable_payloads_keep_manual_from_row_eligibility ... ok
2026-10-06T15:44:25.1375322Z test raw_numeric_and_bool_field_shadows_keep_manual_row_implementations ... ok
2026-10-06T15:44:34.0591557Z test raw_nullable_classes_can_supply_a_native_sqlite_row_bridge ... ok
2026-10-06T15:44:40.0996986Z test nullable_scalars_read_sqlite_null_and_non_null_rows_in_high_and_saved_low ... ok
2026-10-06T15:44:40.0997799Z 
2026-10-06T15:44:40.0998195Z test result: ok. 4 passed; 0 failed; 0 ignored; 0 measured; 0 filtered out; finished in 15.14s
2026-10-06T15:44:40.0998560Z 
2026-10-06T15:44:40.1018960Z [1m[92m     Running[0m tests\nullable_roundtrip.rs (target\debug\deps\nullable_roundtrip-ca40661b6c600f16.exe)
2026-10-06T15:44:40.1117713Z 
2026-10-06T15:44:40.1117950Z running 1 test
2026-10-06T15:44:40.3352102Z test nested_options_keep_distinct_none_and_some_values_through_independent_low ... ok
2026-10-06T15:44:40.3352509Z 
2026-10-06T15:44:40.3352881Z test result: ok. 1 passed; 0 failed; 0 ignored; 0 measured; 0 filtered out; finished in 0.22s
2026-10-06T15:44:40.3353252Z 
2026-10-06T15:44:40.3372108Z [1m[92m     Running[0m tests\option_match.rs (target\debug\deps\option_match-c209f2e1a079e2b7.exe)
2026-10-06T15:44:40.3472326Z 
2026-10-06T15:44:40.3472544Z running 5 tests
2026-10-06T15:44:40.3522440Z test option_cases_must_be_exhaustive_unique_and_match_the_subject_type ... ok
2026-10-06T15:44:40.3524062Z test option_payload_bindings_obey_move_scope_and_borrow_owner_rules ... ok
2026-10-06T15:44:40.3525197Z test some_and_none_patterns_keep_binding_spans_without_synthetic_none_payload ... ok
2026-10-06T15:44:40.3528784Z test option_matching_accepts_discarded_payloads_and_borrowed_string_contents ... ok
2026-10-06T15:44:40.3530653Z test some_patterns_reject_unsupported_payload_shapes_and_none_parentheses ... ok
2026-10-06T15:44:40.3531232Z 
2026-10-06T15:44:40.3531624Z test result: ok. 5 passed; 0 failed; 0 ignored; 0 measured; 0 filtered out; finished in 0.01s
2026-10-06T15:44:40.3531990Z 
2026-10-06T15:44:40.3548457Z [1m[92m     Running[0m tests\owned_copy_codegen.rs (target\debug\deps\owned_copy_codegen-f7f79e42b2a4ae18.exe)
2026-10-06T15:44:40.3644448Z 
2026-10-06T15:44:40.3644653Z running 2 tests
2026-10-06T15:44:40.4284977Z test owned_string_and_list_fields_remain_moves ... ok
2026-10-06T15:44:41.8242719Z test owned_scalar_fields_copy_in_native_high_and_independent_low ... ok
2026-10-06T15:44:41.8243075Z 
2026-10-06T15:44:41.8243445Z test result: ok. 2 passed; 0 failed; 0 ignored; 0 measured; 0 filtered out; finished in 1.46s
2026-10-06T15:44:41.8243805Z 
2026-10-06T15:44:41.8264029Z [1m[92m     Running[0m tests\owned_database.rs (target\debug\deps\owned_database-cb1ac21efc401769.exe)
2026-10-06T15:44:41.8360662Z 
2026-10-06T15:44:41.8360901Z running 2 tests
2026-10-06T15:44:41.8928996Z test owned_wrappers_preserve_unsupported_fields_and_manual_row_eligibility ... ok
2026-10-06T15:44:48.2147932Z test owned_scalars_decode_sqlite_rows_in_high_and_independent_saved_low ... ok
2026-10-06T15:44:48.2148303Z 
2026-10-06T15:44:48.2148646Z test result: ok. 2 passed; 0 failed; 0 ignored; 0 measured; 0 filtered out; finished in 6.38s
2026-10-06T15:44:48.2149042Z 
2026-10-06T15:44:48.2169136Z [1m[92m     Running[0m tests\ownership_boundaries.rs (target\debug\deps\ownership_boundaries-2ba0e8411d93a11f.exe)
2026-10-06T15:44:48.2278986Z 
2026-10-06T15:44:48.2279193Z running 7 tests
2026-10-06T15:44:48.2379079Z test nested_view_containers_cannot_keep_child_scope_owners ... ok
2026-10-06T15:44:48.2380360Z test branch_loop_and_payload_owners_cannot_escape_in_outer_views ... ok
2026-10-06T15:44:48.3523243Z test index_evaluation_holds_the_container_but_releases_it_afterwards ... ok
2026-10-06T15:44:48.3562638Z test copied_iterator_elements_keep_their_own_borrow_depth ... ok
2026-10-06T15:44:48.4579632Z test outer_owners_local_copies_restored_aliases_and_return_paths_remain_valid ... ok
2026-10-06T15:44:48.4695258Z test temporary_iterator_views_cannot_escape_but_body_use_and_static_views_remain_valid ... ok
2026-10-06T15:44:48.4996945Z test static_resource_views_remain_valid_across_branch_scopes ... ok
2026-10-06T15:44:48.4997514Z 
2026-10-06T15:44:48.4998183Z test result: ok. 7 passed; 0 failed; 0 ignored; 0 measured; 0 filtered out; finished in 0.27s
2026-10-06T15:44:48.4998831Z 
2026-10-06T15:44:48.5020286Z [1m[92m     Running[0m tests\ownership_calls.rs (target\debug\deps\ownership_calls-01dd48d50fbc2be8.exe)
2026-10-06T15:44:48.5123008Z 
2026-10-06T15:44:48.5123260Z running 9 tests
2026-10-06T15:44:48.5221555Z test database_receiver_is_borrowed_but_materialized_sql_does_not_extend_its_loan ... ok
2026-10-06T15:44:48.5237890Z test discarded_owned_places_are_consumed_but_copy_and_borrowed_values_remain_available ... ok
2026-10-06T15:44:48.5252900Z test earlier_view_arguments_block_later_moves_in_direct_and_aliased_calls ... ok
2026-10-06T15:44:48.5268376Z test earlier_views_remain_borrowed_while_nested_later_arguments_are_evaluated ... ok
2026-10-06T15:44:48.5283955Z test earlier_list_elements_hold_views_through_later_element_evaluation ... ok
2026-10-06T15:44:48.5310555Z test completed_inner_calls_copies_and_disjoint_owners_do_not_keep_call_loans ... ok
2026-10-06T15:44:48.5346386Z test list_mutation_checks_outer_loans_without_rejecting_two_phase_reads ... ok
2026-10-06T15:44:48.5688898Z test call_conflicts_and_discarded_moves_fail_before_backend_tools_are_needed ... ok
2026-10-06T15:44:48.7514637Z test implicit_standard_references_hold_the_owner_through_later_arguments ... ok
2026-10-06T15:44:48.7515069Z 
2026-10-06T15:44:48.7515989Z test result: ok. 9 passed; 0 failed; 0 ignored; 0 measured; 0 filtered out; finished in 0.24s
2026-10-06T15:44:48.7516365Z 
2026-10-06T15:44:48.7538049Z [1m[92m     Running[0m tests\resource_contract_characterization.rs (target\debug\deps\resource_contract_characterization-276f30183df05a0f.exe)
2026-10-06T15:44:48.7641741Z 
2026-10-06T15:44:48.7641935Z running 4 tests
2026-10-06T15:44:48.7651656Z test registered_resources_match_the_independent_inventory ... ok
2026-10-06T15:44:48.7652652Z test registered_operations_match_signatures_and_passing ... ok
2026-10-06T15:44:48.7654147Z test registered_accessors_match_the_complete_inventory ... ok
2026-10-06T15:44:48.7655140Z test registered_constants_match_the_complete_inventory ... ok
2026-10-06T15:44:48.7655465Z 
2026-10-06T15:44:48.7655845Z test result: ok. 4 passed; 0 failed; 0 ignored; 0 measured; 0 filtered out; finished in 0.00s
2026-10-06T15:44:48.7656237Z 
2026-10-06T15:44:48.7670489Z [1m[92m     Running[0m tests\result_stdlib.rs (target\debug\deps\result_stdlib-4e4ee390dc9a9dec.exe)
2026-10-06T15:44:48.7766166Z 
2026-10-06T15:44:48.7766368Z running 6 tests
2026-10-06T15:44:49.2394245Z test mapping_moves_input_left_to_right_and_preserves_borrow_origins ... ok
2026-10-06T15:44:49.3676157Z test mapper_contract_errors_fail_before_rust_backend_in_high_and_saved_low ... ok
2026-10-06T15:44:49.4895028Z test try_keeps_exact_error_identity_and_map_error_does_not_reserve_local_names ... ok
2026-10-06T15:44:49.6128643Z test inferred_mapping_keeps_enum_class_aliases_and_borrowed_success_through_saved_low ... ok
2026-10-06T15:44:50.5366907Z test native_success_failure_and_original_cause_survive_high_and_saved_low ... ok
2026-10-06T15:44:52.7720165Z test static_error_labels_avoid_read_allocations_but_keep_owned_results_and_shadowing ... ok
2026-10-06T15:44:52.7721076Z 
2026-10-06T15:44:52.7721776Z test result: ok. 6 passed; 0 failed; 0 ignored; 0 measured; 0 filtered out; finished in 4.00s
2026-10-06T15:44:52.7722542Z 
2026-10-06T15:44:52.7743729Z [1m[92m     Running[0m tests\rust_dependencies.rs (target\debug\deps\rust_dependencies-1a5168c00db23dc0.exe)
2026-10-06T15:44:52.7840501Z 
2026-10-06T15:44:52.7840735Z running 8 tests
2026-10-06T15:44:52.8314971Z test generated_manifest_preserves_legacy_versions_and_every_supported_table_field ... ok
2026-10-06T15:44:52.8784301Z test generated_toml_round_trips_quotes_backslashes_and_newlines_without_extra_tables ... ok
2026-10-06T15:44:52.8787283Z test dependency_paths_follow_the_selected_manifest_with_different_cwd_and_output ... ok
2026-10-06T15:44:52.8834524Z test cli_version_replaces_the_whole_table_and_keeps_alias_collision_checks ... ok
2026-10-06T15:44:52.9914482Z test missing_local_dependency_is_valid_for_check_and_reported_by_cargo_during_build ... ok
2026-10-06T15:44:53.1264469Z test invalid_dependency_tables_fail_in_the_public_cli_before_cargo ... ok
2026-10-06T15:44:53.4112057Z test check_and_symbols_accept_dependency_tables_without_cargo_or_checked_out_crates ... ok
2026-10-06T15:44:53.7281418Z test local_package_rename_features_and_disabled_defaults_run_without_registry_dependencies ... ok
2026-10-06T15:44:53.7282116Z 
2026-10-06T15:44:53.7282652Z test result: ok. 8 passed; 0 failed; 0 ignored; 0 measured; 0 filtered out; finished in 0.94s
2026-10-06T15:44:53.7283816Z 
2026-10-06T15:44:53.7301324Z [1m[92m     Running[0m tests\sql_check.rs (target\debug\deps\sql_check-10b075e95a49220d.exe)
2026-10-06T15:44:53.7397459Z 
2026-10-06T15:44:53.7397696Z running 13 tests
2026-10-06T15:44:53.8202149Z test enabled::a_user_function_named_db_all_is_not_a_builtin_sql_query ... ok
2026-10-06T15:44:53.8582324Z test enabled::dynamic_sql_and_db_exec_are_reported_as_runtime_checks ... ok
2026-10-06T15:44:53.9247742Z test enabled::explicit_project_schema_path_is_relative_to_invocation_directory ... ok
2026-10-06T15:44:53.9523567Z test enabled::bounded_schema_and_query_inputs_fail_before_sql_preparation ... ok
2026-10-06T15:44:53.9676066Z test enabled::aliases_case_reordering_extra_columns_and_reused_numbered_bind_are_valid ... ok
2026-10-06T15:44:53.9830056Z test enabled::imported_queries_report_the_original_module_file_and_line ... ok
2026-10-06T15:44:54.0687284Z test enabled::literal_insert_update_delete_are_prepared_without_executing_queries ... ok
2026-10-06T15:44:54.1626646Z test enabled::schema_and_dialect_are_paired_check_only_options ... ok
2026-10-06T15:44:54.2891602Z test enabled::missing_return_columns_and_wrong_bind_count_use_query_source_lines ... ok
2026-10-06T15:44:54.3484315Z test enabled::schema_check_is_opt_in_and_reports_bad_columns_in_high_and_saved_low ... ok
2026-10-06T15:44:54.3561414Z test enabled::helper_statement_kind_and_single_statement_contracts_are_checked ... ok
2026-10-06T15:44:54.4695766Z test enabled::literal_queries_cannot_change_schema_or_access_external_functions ... ok
2026-10-06T15:44:54.5537337Z test enabled::unsafe_schema_operations_cannot_create_or_modify_external_files ... ok
2026-10-06T15:44:54.5537745Z 
2026-10-06T15:44:54.5538124Z test result: ok. 13 passed; 0 failed; 0 ignored; 0 measured; 0 filtered out; finished in 0.81s
2026-10-06T15:44:54.5538488Z 
2026-10-06T15:44:54.5558032Z [1m[92m     Running[0m tests\static_callback_views.rs (target\debug\deps\static_callback_views-bb5e548aa1567b9c.exe)
2026-10-06T15:44:54.5656791Z 
2026-10-06T15:44:54.5657048Z running 3 tests
2026-10-06T15:44:54.5685074Z test input_bound_callback_results_still_borrow_their_actual_inputs ... ok
2026-10-06T15:44:54.5689405Z test static_outputs_do_not_allow_local_or_owned_parameter_borrows ... ok
2026-10-06T15:44:57.3936346Z test static_callbacks_keep_their_origins_and_independent_lifetime_scopes_in_high_and_low ... ok
2026-10-06T15:44:57.3937204Z 
2026-10-06T15:44:57.3937885Z test result: ok. 3 passed; 0 failed; 0 ignored; 0 measured; 0 filtered out; finished in 2.83s
2026-10-06T15:44:57.3938615Z 
2026-10-06T15:44:57.3957249Z [1m[92m     Running[0m tests\stdlib_imports.rs (target\debug\deps\stdlib_imports-6429db3001c1703c.exe)
2026-10-06T15:44:57.4064806Z 
2026-10-06T15:44:57.4065077Z running 12 tests
2026-10-06T15:44:57.4084027Z test comma_separated_from_imports_preserve_each_name_alias_and_source_span ... ok
2026-10-06T15:44:57.4427410Z test constant_fields_and_function_aliases_resolve_without_ignoring_local_shadowing ... ok
2026-10-06T15:44:57.4451982Z test malformed_standard_imports_do_not_fall_back_to_file_lookup ... ok
2026-10-06T15:44:57.4479110Z test low_metadata_cannot_forge_standard_ids_or_implement_registry_functions ... ok
2026-10-06T15:44:57.4486381Z test parser_distinguishes_standard_names_from_quoted_files_and_keeps_alias_spans ... ok
2026-10-06T15:44:57.4500011Z test low_metadata_rejects_native_paths_capabilities_and_unimported_canonical_names ... ok
2026-10-06T15:44:57.4531402Z test from_list_reuses_existing_conflict_and_same_definition_rules ... ok
2026-10-06T15:44:57.4926323Z test registered_resources_and_functions_are_separate_from_source_definitions ... ok
2026-10-06T15:44:57.5189826Z test standard_imports_ignore_local_lookalikes_and_unsaved_overlays ... ok
2026-10-06T15:44:57.8372379Z test saved_low_keeps_registry_identity_without_standard_source_files ... ok
2026-10-06T15:44:57.9231511Z test multiple_from_aliases_keep_registry_identity_in_independently_loaded_low ... ok
2026-10-06T15:44:58.0697206Z test repeated_standard_imports_do_not_shift_registry_declaration_lines ... ok
2026-10-06T15:44:58.0697638Z 
2026-10-06T15:44:58.0697985Z test result: ok. 12 passed; 0 failed; 0 ignored; 0 measured; 0 filtered out; finished in 0.66s
2026-10-06T15:44:58.0698349Z 
2026-10-06T15:44:58.0719394Z [1m[92m     Running[0m tests\symbols.rs (target\debug\deps\symbols-fd988a2a36135c95.exe)
2026-10-06T15:44:58.0824269Z 
2026-10-06T15:44:58.0824518Z running 21 tests
2026-10-06T15:44:58.0941561Z test editor_input_rejects_invalid_schema_alias_duplicates_and_other_commands ... ok
2026-10-06T15:44:58.7879356Z test actual_symbols_command_resolves_transitive_imports_and_utf16_columns ... ok
2026-10-06T15:44:58.8072736Z test editor_buffers_update_imported_and_low_signatures_without_writing_files ... ok
2026-10-06T15:44:58.9038778Z test expression_ranges_cover_multiline_receivers_and_do_not_unwrap_results ... ok
2026-10-06T15:44:59.5007898Z test failed_iterator_mutation_does_not_leak_a_loan_or_move_into_editor_types ... ok
2026-10-06T15:44:59.5221695Z test imported_and_native_types_use_unsaved_buffers_and_utf16_ranges ... ok
2026-10-06T15:44:59.5347548Z test duplicate_let_and_case_bindings_cannot_replace_an_outer_definition ... ok
2026-10-06T15:44:59.6378429Z test inferred_locals_parameters_and_loop_bindings_obey_exact_scopes ... ok
2026-10-06T15:45:00.1845279Z test invalid_signatures_do_not_generate_guessed_local_types ... ok
2026-10-06T15:45:00.2374643Z test local_call_and_function_value_navigation_use_the_resolved_binding ... ok
2026-10-06T15:45:00.3609923Z test local_navigation_preserves_binding_identity_across_reassignments_and_scopes ... ok
2026-10-06T15:45:00.9373921Z test low_records_replacements_and_same_line_bindings_keep_their_source_positions ... ok
2026-10-06T15:45:00.9456768Z test match_payloads_and_child_locals_do_not_escape_their_arm ... ok
2026-10-06T15:45:01.0890437Z test moved_values_and_scope_locals_have_no_later_inferred_type ... ok
2026-10-06T15:45:01.6392367Z test native_low_symbols_and_calls_inside_match_keep_original_files ... ok
2026-10-06T15:45:01.8268076Z test navigation_resolves_case_and_scope_bindings_without_leaking_them ... ok
2026-10-06T15:45:02.3501175Z test navigation_is_available_after_moves_and_invalid_types_but_not_before_binding ... ok
2026-10-06T15:45:02.3690617Z test navigation_uses_unsaved_import_and_low_replacement_positions_in_utf16 ... ok
2026-10-06T15:45:02.4748288Z test partial_moves_do_not_infer_invalid_bindings_or_hide_unmoved_fields ... ok
2026-10-06T15:45:02.5373227Z test local_function_value_uses_have_hover_types_without_replacing_global_signatures ... ok
2026-10-06T15:45:02.8021746Z test symbols_work_despite_type_errors_and_distinguish_fields_locals_and_calls ... ok
2026-10-06T15:45:02.8022151Z 
2026-10-06T15:45:02.8022529Z test result: ok. 21 passed; 0 failed; 0 ignored; 0 measured; 0 filtered out; finished in 4.72s
2026-10-06T15:45:02.8022893Z 
2026-10-06T15:45:02.8046573Z [1m[92m     Running[0m tests\typed_errors.rs (target\debug\deps\typed_errors-8cdbec53fabbb842.exe)
2026-10-06T15:45:02.8146525Z 
2026-10-06T15:45:02.8146732Z running 15 tests
2026-10-06T15:45:02.9088343Z test diagnostic_cause_containers_are_rejected_by_json_serialization ... ok
2026-10-06T15:45:02.9092441Z test direct_parser_builtin_enum_names_require_canonical_source_loading ... ok
2026-10-06T15:45:05.0460694Z test async_custom_errors_propagate_the_same_enum_through_await_and_try ... ok
2026-10-06T15:45:05.2242287Z test enum_constructors_reject_unknown_variants_wrong_arity_and_wrong_payload_types ... ok
2026-10-06T15:45:05.3731705Z test enum_matches_require_exhaustive_unique_matching_variants_and_payload_bindings ... ok
2026-10-06T15:45:05.4505356Z test enum_payload_moves_and_borrowed_views_cannot_escape_match_arms ... ok
2026-10-06T15:45:07.2018672Z test builtin_error_causes_survive_wrapping_without_json_or_database_requirements ... ok
2026-10-06T15:45:07.2876314Z test fail_and_try_reject_implicit_conversion_between_custom_error_types ... ok
2026-10-06T15:45:09.6565685Z test class_errors_keep_context_nested_results_same_error_try_and_explicit_conversion ... ok
2026-10-06T15:45:31.1223930Z test entry_result_errors_keep_exit_status_through_owned_wrappers_and_async_saved_low ... ok
2026-10-06T15:45:31.2014434Z test same_named_module_enums_are_distinct_error_types_for_try_and_patterns ... ok
2026-10-06T15:45:32.3104094Z test enums_construct_match_owned_payloads_and_preserve_copy_variants ... ok
2026-10-06T15:45:33.3379675Z test file_loaded_builtin_spelled_enums_keep_literal_types_and_variant_identity ... ok
2026-10-06T15:45:34.4192637Z test module_aliases_share_enum_error_identity_and_keep_qualified_variants ... ok
2026-10-06T15:45:37.7947249Z test scope_enum_conversion_requires_the_explicit_rust_bridge_and_keeps_the_owned_cause ... ok
2026-10-06T15:45:37.7947949Z 
2026-10-06T15:45:37.7948751Z test result: ok. 15 passed; 0 failed; 0 ignored; 0 measured; 0 filtered out; finished in 34.98s
2026-10-06T15:45:37.7949679Z 
2026-10-06T15:45:37.7969589Z [1m[92m     Running[0m tests\view_iteration.rs (target\debug\deps\view_iteration-77e85d594af6bebf.exe)
2026-10-06T15:45:37.8068689Z 
2026-10-06T15:45:37.8068918Z running 3 tests
2026-10-06T15:45:37.8105782Z test string_views_reject_iteration_and_numeric_indexing_in_high_and_low ... ok
2026-10-06T15:45:37.8271684Z test native_resource_views_still_reject_iteration ... ok
2026-10-06T15:45:38.3255297Z test byte_views_use_u8_and_preserve_nested_views_and_owned_element_slices ... ok
2026-10-06T15:45:38.3255679Z 
2026-10-06T15:45:38.3256037Z test result: ok. 3 passed; 0 failed; 0 ignored; 0 measured; 0 filtered out; finished in 0.52s
2026-10-06T15:45:38.3256394Z 
2026-10-06T15:45:38.3276484Z [1m[92m     Running[0m tests\view_parameter_rebinding.rs (target\debug\deps\view_parameter_rebinding-962c2ad03a53c34b.exe)
2026-10-06T15:45:38.3374491Z 
2026-10-06T15:45:38.3374756Z running 5 tests
2026-10-06T15:45:38.3429512Z test local_borrows_still_cannot_escape_through_reassigned_parameters ... ok
2026-10-06T15:45:38.3435336Z test rebinding_is_synthetic_and_does_not_change_signatures_or_extern_wrappers ... ok
2026-10-06T15:45:39.1390299Z test local_parameter_updates_compile_and_run_in_high_and_saved_low ... ok
2026-10-06T15:45:39.4297309Z test owning_parameters_keep_their_drop_order_when_a_view_container_is_rebound ... ok
2026-10-06T15:45:40.1227908Z test views_of_owned_record_fields_can_be_used_locally_through_parameters ... ok
2026-10-06T15:45:40.1228308Z 
2026-10-06T15:45:40.1228673Z test result: ok. 5 passed; 0 failed; 0 ignored; 0 measured; 0 filtered out; finished in 1.79s
2026-10-06T15:45:40.1229027Z 
2026-10-06T15:45:40.2567947Z ##[group]Run node --test editors/vscode-nagi/test/*.test.js scripts/test_graph_html_viewport.mjs
2026-10-06T15:45:40.2568703Z [36;1mnode --test editors/vscode-nagi/test/*.test.js scripts/test_graph_html_viewport.mjs[0m
2026-10-06T15:45:40.2586025Z shell: C:\Program Files\Git\bin\bash.EXE --noprofile --norc -e -o pipefail {0}
2026-10-06T15:45:40.2586427Z env:
2026-10-06T15:45:40.2586673Z   NAGI_FAILURE_DIR: D:\a\Nagi\Nagi/build/compiler-failures
2026-10-06T15:45:40.2587012Z   CARGO_HOME: C:\Users\runneradmin\.cargo
2026-10-06T15:45:40.2587282Z   CARGO_INCREMENTAL: 0
2026-10-06T15:45:40.2587487Z   CARGO_TERM_COLOR: always
2026-10-06T15:45:40.2587788Z   pythonLocation: C:\hostedtoolcache\windows\Python\3.12.10\x64
2026-10-06T15:45:40.2588274Z   PKG_CONFIG_PATH: C:\hostedtoolcache\windows\Python\3.12.10\x64/lib/pkgconfig
2026-10-06T15:45:40.2588737Z   Python_ROOT_DIR: C:\hostedtoolcache\windows\Python\3.12.10\x64
2026-10-06T15:45:40.2589169Z   Python2_ROOT_DIR: C:\hostedtoolcache\windows\Python\3.12.10\x64
2026-10-06T15:45:40.2589610Z   Python3_ROOT_DIR: C:\hostedtoolcache\windows\Python\3.12.10\x64
2026-10-06T15:45:40.2590390Z ##[endgroup]
2026-10-06T15:45:40.4830454Z TAP version 13
2026-10-06T15:45:40.5586178Z # Subtest: Actor and Turn snippets preserve all three registered type parameters
2026-10-06T15:45:40.5588965Z ok 1 - Actor and Turn snippets preserve all three registered type parameters
2026-10-06T15:45:40.5599192Z   ---
2026-10-06T15:45:40.5599621Z   duration_ms: 4.7188
2026-10-06T15:45:40.5600384Z   type: 'test'
2026-10-06T15:45:40.5600889Z   ...
2026-10-06T15:45:40.5601616Z # Subtest: same-name standard options retain their owning namespace and return type
2026-10-06T15:45:40.5603126Z ok 2 - same-name standard options retain their owning namespace and return type
2026-10-06T15:45:40.5603848Z   ---
2026-10-06T15:45:40.5604180Z   duration_ms: 1.7188
2026-10-06T15:45:40.5604562Z   type: 'test'
2026-10-06T15:45:40.5604884Z   ...
2026-10-06T15:45:40.5605643Z # Subtest: both module catalogs complete imports without merging their members
2026-10-06T15:45:40.5607961Z ok 3 - both module catalogs complete imports without merging their members
2026-10-06T15:45:40.5609191Z   ---
2026-10-06T15:45:40.5611283Z   duration_ms: 6.1077
2026-10-06T15:45:40.5620970Z   type: 'test'
2026-10-06T15:45:40.5621632Z   ...
2026-10-06T15:45:41.5532324Z # Subtest: real nagi actor symbols separate modules and preserve three-parameter handles
2026-10-06T15:45:41.5533778Z ok 4 - real nagi actor symbols separate modules and preserve three-parameter handles
2026-10-06T15:45:41.5534464Z   ---
2026-10-06T15:45:41.5534781Z   duration_ms: 997.051
2026-10-06T15:45:41.5535127Z   type: 'test'
2026-10-06T15:45:41.5535410Z   ...
2026-10-06T15:45:42.4115776Z # Subtest: real low actor symbols separate modules and preserve three-parameter handles
2026-10-06T15:45:42.4117221Z ok 5 - real low actor symbols separate modules and preserve three-parameter handles
2026-10-06T15:45:42.7523471Z   ---
2026-10-06T15:45:42.7523873Z   duration_ms: 858.2083
2026-10-06T15:45:42.7524272Z   type: 'test'
2026-10-06T15:45:42.7524597Z   ...
2026-10-06T15:45:42.7525436Z # Subtest: unsaved actor dependency constants keep their own source without writing or building
2026-10-06T15:45:42.7530958Z ok 6 - unsaved actor dependency constants keep their own source without writing or building
2026-10-06T15:45:42.7533655Z   ---
2026-10-06T15:45:42.7535048Z   duration_ms: 344.8367
2026-10-06T15:45:42.7535582Z   type: 'test'
2026-10-06T15:45:42.7536032Z   ...
2026-10-06T15:45:42.7699525Z # Subtest: nagi borrowed loop locals keep their declared type and bare insertion
2026-10-06T15:45:42.7702871Z ok 7 - nagi borrowed loop locals keep their declared type and bare insertion
2026-10-06T15:45:42.7743298Z   ---
2026-10-06T15:45:42.7755810Z   duration_ms: 10.6354
2026-10-06T15:45:42.7756569Z   type: 'test'
2026-10-06T15:45:42.7756960Z   ...
2026-10-06T15:45:42.7761407Z # Subtest: nagi owned and read-only-only locals retain their existing presentation
2026-10-06T15:45:42.7763107Z ok 8 - nagi owned and read-only-only locals retain their existing presentation
2026-10-06T15:45:42.7763905Z   ---
2026-10-06T15:45:42.7764301Z   duration_ms: 1.257
2026-10-06T15:45:42.7764720Z   type: 'test'
2026-10-06T15:45:42.7765096Z   ...
2026-10-06T15:45:42.7765853Z # Subtest: nagi borrowed receiver fields preserve the compiler read-only contract
2026-10-06T15:45:42.7766975Z ok 9 - nagi borrowed receiver fields preserve the compiler read-only contract
2026-10-06T15:45:42.7767717Z   ---
2026-10-06T15:45:42.7768083Z   duration_ms: 1.6938
2026-10-06T15:45:42.7768503Z   type: 'test'
2026-10-06T15:45:42.7768871Z   ...
2026-10-06T15:45:42.7769737Z # Subtest: low borrowed loop locals keep their declared type and bare insertion
2026-10-06T15:45:42.7770843Z ok 10 - low borrowed loop locals keep their declared type and bare insertion
2026-10-06T15:45:42.7771548Z   ---
2026-10-06T15:45:42.7771904Z   duration_ms: 1.9563
2026-10-06T15:45:42.7772312Z   type: 'test'
2026-10-06T15:45:42.7772679Z   ...
2026-10-06T15:45:42.7773401Z # Subtest: low owned and read-only-only locals retain their existing presentation
2026-10-06T15:45:42.7774492Z ok 11 - low owned and read-only-only locals retain their existing presentation
2026-10-06T15:45:42.7775197Z   ---
2026-10-06T15:45:42.7775549Z   duration_ms: 1.0197
2026-10-06T15:45:42.7775944Z   type: 'test'
2026-10-06T15:45:42.7776306Z   ...
2026-10-06T15:45:42.7777025Z # Subtest: low borrowed receiver fields preserve the compiler read-only contract
2026-10-06T15:45:42.7778110Z ok 12 - low borrowed receiver fields preserve the compiler read-only contract
2026-10-06T15:45:42.7778817Z   ---
2026-10-06T15:45:42.7779436Z   duration_ms: 1.2731
2026-10-06T15:45:42.7779838Z   type: 'test'
2026-10-06T15:45:42.7780211Z   ...
2026-10-06T15:45:43.4059475Z # Subtest: Windows diagnostics preserve the drive and convert to zero-based line
2026-10-06T15:45:43.4060723Z ok 13 - Windows diagnostics preserve the drive and convert to zero-based line
2026-10-06T15:45:43.4087556Z   ---
2026-10-06T15:45:43.4090290Z   duration_ms: 2.9934
2026-10-06T15:45:43.4091392Z   type: 'test'
2026-10-06T15:45:43.4092183Z   ...
2026-10-06T15:45:43.4093205Z # Subtest: symbol positions use UTF-16 ranges and exclude whitespace and other files
2026-10-06T15:45:43.4094488Z ok 14 - symbol positions use UTF-16 ranges and exclude whitespace and other files
2026-10-06T15:45:43.4097054Z   ---
2026-10-06T15:45:43.4097542Z   duration_ms: 1.9315
2026-10-06T15:45:43.4098010Z   type: 'test'
2026-10-06T15:45:43.4098398Z   ...
2026-10-06T15:45:43.4099187Z # Subtest: Low integration errors and process errors have usable fallback locations
2026-10-06T15:45:43.4100389Z ok 15 - Low integration errors and process errors have usable fallback locations
2026-10-06T15:45:43.4101119Z   ---
2026-10-06T15:45:43.4101486Z   duration_ms: 0.5105
2026-10-06T15:45:43.4101905Z   type: 'test'
2026-10-06T15:45:43.4102265Z   ...
2026-10-06T15:45:43.4102968Z # Subtest: Rust arguments remain separate and long Windows paths normalize
2026-10-06T15:45:43.4103998Z ok 16 - Rust arguments remain separate and long Windows paths normalize
2026-10-06T15:45:43.4106154Z   ---
2026-10-06T15:45:43.4106590Z   duration_ms: 0.4492
2026-10-06T15:45:43.4107019Z   type: 'test'
2026-10-06T15:45:43.4108184Z   ...
2026-10-06T15:45:43.4109415Z # Subtest: diagnostic file identities resolve symlinks and Windows path spelling
2026-10-06T15:45:43.4110539Z ok 17 - diagnostic file identities resolve symlinks and Windows path spelling
2026-10-06T15:45:43.4111284Z   ---
2026-10-06T15:45:43.4112867Z   duration_ms: 2716.1053
2026-10-06T15:45:43.4114150Z   type: 'test'
2026-10-06T15:45:43.4114544Z   ...
2026-10-06T15:45:43.4116433Z # Subtest: task matcher accepts Nagi frontend and mapped backend positions only
2026-10-06T15:45:43.4117533Z ok 18 - task matcher accepts Nagi frontend and mapped backend positions only
2026-10-06T15:45:43.4118256Z   ---
2026-10-06T15:45:43.4119893Z   duration_ms: 1.5864
2026-10-06T15:45:43.4120398Z   type: 'test'
2026-10-06T15:45:43.4120776Z   ...
2026-10-06T15:45:43.4121550Z # Subtest: files and native paths are individual arguments with isolated check output
2026-10-06T15:45:43.4124681Z ok 19 - files and native paths are individual arguments with isolated check output
2026-10-06T15:45:43.4125379Z   ---
2026-10-06T15:45:43.4126014Z   duration_ms: 5.5012
2026-10-06T15:45:43.4126455Z   type: 'test'
2026-10-06T15:45:43.4126819Z   ...
2026-10-06T15:45:43.4128070Z # Subtest: configured compiler paths are workspace relative; PATH remains a fallback
2026-10-06T15:45:43.4131228Z ok 20 - configured compiler paths are workspace relative; PATH remains a fallback
2026-10-06T15:45:43.4132105Z   ---
2026-10-06T15:45:43.4132480Z   duration_ms: 0.7637
2026-10-06T15:45:43.4132980Z   type: 'test'
2026-10-06T15:45:43.4133359Z   ...
2026-10-06T15:45:43.4817534Z # Subtest: compiler execution does not interpret shell metacharacters
2026-10-06T15:45:43.4834867Z ok 21 - compiler execution does not interpret shell metacharacters
2026-10-06T15:45:43.4847294Z   ---
2026-10-06T15:45:43.4848766Z   duration_ms: 89.3312
2026-10-06T15:45:43.4849652Z   type: 'test'
2026-10-06T15:45:43.4850060Z   ...
2026-10-06T15:45:43.5054253Z # Subtest: real Nagi checker diagnoses a source error
2026-10-06T15:45:43.5056924Z ok 22 - real Nagi checker diagnoses a source error
2026-10-06T15:45:43.5057621Z   ---
2026-10-06T15:45:43.5058475Z   duration_ms: 23.1607
2026-10-06T15:45:43.5069539Z   type: 'test'
2026-10-06T15:45:43.5079079Z   ...
2026-10-06T15:45:43.5079810Z # Subtest: missing compiler is reported as an execution problem
2026-10-06T15:45:43.5080736Z ok 23 - missing compiler is reported as an execution problem
2026-10-06T15:45:43.5082108Z   ---
2026-10-06T15:45:43.5082495Z   duration_ms: 2.5168
2026-10-06T15:45:43.5082927Z   type: 'test'
2026-10-06T15:45:43.5083295Z   ...
2026-10-06T15:45:43.7769550Z # Subtest: timed out checker is reported as an execution problem
2026-10-06T15:45:43.7770663Z ok 24 - timed out checker is reported as an execution problem
2026-10-06T15:45:43.7771310Z   ---
2026-10-06T15:45:43.7771699Z   duration_ms: 266.8889
2026-10-06T15:45:43.7772126Z   type: 'test'
2026-10-06T15:45:43.7773010Z   ...
2026-10-06T15:45:43.7774467Z # Subtest: nearest manifest wins and project arguments delegate entry selection to nagic
2026-10-06T15:45:43.7776066Z ok 25 - nearest manifest wins and project arguments delegate entry selection to nagic
2026-10-06T15:45:43.7776902Z   ---
2026-10-06T15:45:43.7777292Z   duration_ms: 2.5217
2026-10-06T15:45:43.7777715Z   type: 'test'
2026-10-06T15:45:43.7778097Z   ...
2026-10-06T15:45:43.8020886Z # Subtest: real checker resolves a helper through its manifest entry rather than checking it alone
2026-10-06T15:45:43.8022476Z ok 26 - real checker resolves a helper through its manifest entry rather than checking it alone
2026-10-06T15:45:43.8023450Z   ---
2026-10-06T15:45:43.8023881Z   duration_ms: 27.1816
2026-10-06T15:45:43.8024462Z   type: 'test'
2026-10-06T15:45:43.8024917Z   ...
2026-10-06T15:45:44.0533003Z # Subtest: real symbol query navigates from a helper to its entry-defined function
2026-10-06T15:45:44.0534642Z ok 27 - real symbol query navigates from a helper to its entry-defined function
2026-10-06T15:45:44.0535496Z   ---
2026-10-06T15:45:44.0536157Z   duration_ms: 254.9667
2026-10-06T15:45:44.0536640Z   type: 'test'
2026-10-06T15:45:44.0537034Z   ...
2026-10-06T15:45:44.0706817Z # Subtest: enum completion includes own/imported type namespaces and never bare variants
2026-10-06T15:45:44.0792653Z ok 28 - enum completion includes own/imported type namespaces and never bare variants
2026-10-06T15:45:44.0794484Z   ---
2026-10-06T15:45:44.0795415Z   duration_ms: 11.7051
2026-10-06T15:45:44.0795921Z   type: 'test'
2026-10-06T15:45:44.0796355Z   ...
2026-10-06T15:45:44.0797114Z # Subtest: enum type positions offer enum types and exclude variant values
2026-10-06T15:45:44.0798906Z ok 29 - enum type positions offer enum types and exclude variant values
2026-10-06T15:45:44.0799728Z   ---
2026-10-06T15:45:44.0800176Z   duration_ms: 1.3734
2026-10-06T15:45:44.0800664Z   type: 'test'
2026-10-06T15:45:44.0801083Z   ...
2026-10-06T15:45:44.0801956Z # Subtest: unit/payload variant hover and payload signatures preserve alias-qualified spelling
2026-10-06T15:45:44.0803330Z ok 30 - unit/payload variant hover and payload signatures preserve alias-qualified spelling
2026-10-06T15:45:44.0883018Z   ---
2026-10-06T15:45:44.0917066Z   duration_ms: 2.6728
2026-10-06T15:45:44.0936690Z   type: 'test'
2026-10-06T15:45:44.0937317Z   ...
2026-10-06T15:45:44.0939673Z # Subtest: nested variant declaration references resolve hover and F12 without exporting names
2026-10-06T15:45:44.0941626Z ok 31 - nested variant declaration references resolve hover and F12 without exporting names
2026-10-06T15:45:44.0942641Z   ---
2026-10-06T15:45:44.0943756Z   duration_ms: 1.0259
2026-10-06T15:45:44.0944945Z   type: 'test'
2026-10-06T15:45:44.0945557Z   ...
2026-10-06T15:45:44.0946718Z # Subtest: lexical values that shadow enum/module roots suppress type namespaces
2026-10-06T15:45:44.0947849Z ok 32 - lexical values that shadow enum/module roots suppress type namespaces
2026-10-06T15:45:44.0948570Z   ---
2026-10-06T15:45:44.0948957Z   duration_ms: 3.1737
2026-10-06T15:45:44.0949395Z   type: 'test'
2026-10-06T15:45:44.0949770Z   ...
2026-10-06T15:45:44.0950544Z # Subtest: typed failure help exposes an error value without requiring builtin Error
2026-10-06T15:45:44.0951680Z ok 33 - typed failure help exposes an error value without requiring builtin Error
2026-10-06T15:45:44.0952511Z   ---
2026-10-06T15:45:44.0952978Z   duration_ms: 0.5449
2026-10-06T15:45:44.0953801Z   type: 'test'
2026-10-06T15:45:44.0954218Z   ...
2026-10-06T15:45:44.0955361Z # Subtest: Result patterns have completion hover and argument help only after case
2026-10-06T15:45:44.0956554Z ok 34 - Result patterns have completion hover and argument help only after case
2026-10-06T15:45:44.0957355Z   ---
2026-10-06T15:45:44.0957742Z   duration_ms: 1.2042
2026-10-06T15:45:44.0958165Z   type: 'test'
2026-10-06T15:45:44.0958545Z   ...
2026-10-06T15:45:44.0959343Z # Subtest: real nagi enum symbols preserve aliases, payload help and declaration targets
2026-10-06T15:45:44.0960549Z ok 35 - real nagi enum symbols preserve aliases, payload help and declaration targets
2026-10-06T15:45:44.0961322Z   ---
2026-10-06T15:45:44.0961692Z   duration_ms: 248.3096
2026-10-06T15:45:44.0962113Z   type: 'test'
2026-10-06T15:45:44.0962494Z   ...
2026-10-06T15:45:44.0963262Z # Subtest: real low enum symbols preserve aliases, payload help and declaration targets
2026-10-06T15:45:44.0964436Z ok 36 - real low enum symbols preserve aliases, payload help and declaration targets
2026-10-06T15:45:44.0965268Z   ---
2026-10-06T15:45:44.0965645Z   duration_ms: 222.9248
2026-10-06T15:45:44.0966063Z   type: 'test'
2026-10-06T15:45:44.0966438Z   ...
2026-10-06T15:45:44.0967242Z # Subtest: unsaved enum changes update payloads and F12 without writing source or building
2026-10-06T15:45:44.0968400Z ok 37 - unsaved enum changes update payloads and F12 without writing source or building
2026-10-06T15:45:44.0969113Z   ---
2026-10-06T15:45:44.0969483Z   duration_ms: 228.0017
2026-10-06T15:45:44.0969919Z   type: 'test'
2026-10-06T15:45:44.0970284Z   ...
2026-10-06T15:45:44.0971274Z # Subtest: hover preserves declared async/nullable types and class fields but skips locals, members and comments
2026-10-06T15:45:44.0972830Z ok 38 - hover preserves declared async/nullable types and class fields but skips locals, members and comments
2026-10-06T15:45:44.0974281Z   ---
2026-10-06T15:45:44.0974902Z   duration_ms: 4.3786
2026-10-06T15:45:44.0975275Z   type: 'test'
2026-10-06T15:45:44.0975588Z   ...
2026-10-06T15:45:44.0976441Z # Subtest: completion works on incomplete prefixes and inserts positional calls or named class fields
2026-10-06T15:45:44.0978075Z ok 39 - completion works on incomplete prefixes and inserts positional calls or named class fields
2026-10-06T15:45:44.0978935Z   ---
2026-10-06T15:45:44.0979342Z   duration_ms: 1.8227
2026-10-06T15:45:44.0979772Z   type: 'test'
2026-10-06T15:45:44.0980138Z   ...
2026-10-06T15:45:44.0980914Z # Subtest: type positions offer classes and type constructors rather than value calls
2026-10-06T15:45:44.0982094Z ok 40 - type positions offer classes and type constructors rather than value calls
2026-10-06T15:45:44.0982837Z   ---
2026-10-06T15:45:44.0983197Z   duration_ms: 2.6418
2026-10-06T15:45:44.0983621Z   type: 'test'
2026-10-06T15:45:44.0983984Z   ...
2026-10-06T15:45:44.0984788Z # Subtest: a class named Future completes as its declared type rather than a generic builtin
2026-10-06T15:45:44.0986045Z ok 41 - a class named Future completes as its declared type rather than a generic builtin
2026-10-06T15:45:44.0986829Z   ---
2026-10-06T15:45:44.0987198Z   duration_ms: 0.4837
2026-10-06T15:45:44.0987603Z   type: 'test'
2026-10-06T15:45:44.0987975Z   ...
2026-10-06T15:45:44.0988852Z # Subtest: signature argument tracking ignores nested calls, strings, arrays and generic arguments
2026-10-06T15:45:44.0990211Z ok 42 - signature argument tracking ignores nested calls, strings, arrays and generic arguments
2026-10-06T15:45:44.0991046Z   ---
2026-10-06T15:45:44.0991418Z   duration_ms: 1.4909
2026-10-06T15:45:44.0991828Z   type: 'test'
2026-10-06T15:45:44.0992194Z   ...
2026-10-06T15:45:44.0992986Z # Subtest: local hovers use the exact UTF-16 occurrence and file rather than a shared name
2026-10-06T15:45:44.0994176Z ok 43 - local hovers use the exact UTF-16 occurrence and file rather than a shared name
2026-10-06T15:45:44.0995243Z   ---
2026-10-06T15:45:44.0995849Z   duration_ms: 1.3013
2026-10-06T15:45:44.0996265Z   type: 'test'
2026-10-06T15:45:44.0996636Z   ...
2026-10-06T15:45:44.0997487Z # Subtest: member analysis masks just the edited member and preserves UTF-16 and CRLF positions
2026-10-06T15:45:44.0998781Z ok 44 - member analysis masks just the edited member and preserves UTF-16 and CRLF positions
2026-10-06T15:45:44.0999597Z   ---
2026-10-06T15:45:44.0999962Z   duration_ms: 0.2362
2026-10-06T15:45:44.1000370Z   type: 'test'
2026-10-06T15:45:44.1000742Z   ...
2026-10-06T15:45:44.1001643Z # Subtest: field candidates come from the receiver occurrence and never from saved or other-file types
2026-10-06T15:45:44.1003036Z ok 45 - field candidates come from the receiver occurrence and never from saved or other-file types
2026-10-06T15:45:44.1003893Z   ---
2026-10-06T15:45:44.1004296Z   duration_ms: 0.8033
2026-10-06T15:45:44.1004722Z   type: 'test'
2026-10-06T15:45:44.1005090Z   ...
2026-10-06T15:45:44.1005871Z # Subtest: a trailing member binds inside try/await unless the receiver is parenthesized
2026-10-06T15:45:44.1007073Z ok 46 - a trailing member binds inside try/await unless the receiver is parenthesized
2026-10-06T15:45:44.1007828Z   ---
2026-10-06T15:45:44.1008191Z   duration_ms: 0.6012
2026-10-06T15:45:44.1008600Z   type: 'test'
2026-10-06T15:45:44.1008966Z   ...
2026-10-06T15:45:44.1009780Z # Subtest: builtin completion catalog matches compiler arities and required type arguments
2026-10-06T15:45:44.1011021Z ok 47 - builtin completion catalog matches compiler arities and required type arguments
2026-10-06T15:45:44.1011798Z   ---
2026-10-06T15:45:44.1012160Z   duration_ms: 2.7883
2026-10-06T15:45:44.1012566Z   type: 'test'
2026-10-06T15:45:44.1012932Z   ...
2026-10-06T15:45:44.1013680Z # Subtest: builtin help preserves conversion, SQLite, async and callback contracts
2026-10-06T15:45:44.1069968Z ok 48 - builtin help preserves conversion, SQLite, async and callback contracts
2026-10-06T15:45:44.1070802Z   ---
2026-10-06T15:45:44.1071216Z   duration_ms: 0.4688
2026-10-06T15:45:44.1071644Z   type: 'test'
2026-10-06T15:45:44.1072017Z   ...
2026-10-06T15:45:44.1072861Z # Subtest: function and nullable types complete inside all supported generic builtin contexts
2026-10-06T15:45:44.1075324Z ok 49 - function and nullable types complete inside all supported generic builtin contexts
2026-10-06T15:45:44.1092769Z   ---
2026-10-06T15:45:44.1095469Z   duration_ms: 0.7539
2026-10-06T15:45:44.1095974Z   type: 'test'
2026-10-06T15:45:44.1096365Z   ...
2026-10-06T15:45:44.1097142Z # Subtest: completion preserves existing generic arguments and call parentheses
2026-10-06T15:45:44.1098273Z ok 50 - completion preserves existing generic arguments and call parentheses
2026-10-06T15:45:44.1099008Z   ---
2026-10-06T15:45:44.1099373Z   duration_ms: 0.4371
2026-10-06T15:45:44.1099782Z   type: 'test'
2026-10-06T15:45:44.1100150Z   ...
2026-10-06T15:45:44.1100901Z # Subtest: unindented Low fn, record and enum bodies keep their closing braces visible
2026-10-06T15:45:44.1102063Z ok 51 - unindented Low fn, record and enum bodies keep their closing braces visible
2026-10-06T15:45:44.1102796Z   ---
2026-10-06T15:45:44.1103160Z   duration_ms: 2.6453
2026-10-06T15:45:44.1103570Z   type: 'test'
2026-10-06T15:45:44.1103958Z   ...
2026-10-06T15:45:44.1104669Z # Subtest: nested match, case, scope and branch bodies fold at each opening line
2026-10-06T15:45:44.1105993Z ok 52 - nested match, case, scope and branch bodies fold at each opening line
2026-10-06T15:45:44.1106730Z   ---
2026-10-06T15:45:44.1107098Z   duration_ms: 0.3178
2026-10-06T15:45:44.1107505Z   type: 'test'
2026-10-06T15:45:44.1107870Z   ...
2026-10-06T15:45:44.1108562Z # Subtest: multiline fn and async fn draft headers join their body in one fold
2026-10-06T15:45:44.1109592Z ok 53 - multiline fn and async fn draft headers join their body in one fold
2026-10-06T15:45:44.1110270Z   ---
2026-10-06T15:45:44.1110624Z   duration_ms: 0.45
2026-10-06T15:45:44.1111019Z   type: 'test'
2026-10-06T15:45:44.1112406Z   ...
2026-10-06T15:45:44.1113007Z # Subtest: strings and comments do not create or close folds
2026-10-06T15:45:44.1113840Z ok 54 - strings and comments do not create or close folds
2026-10-06T15:45:44.1114417Z   ---
2026-10-06T15:45:44.1114792Z   duration_ms: 0.2341
2026-10-06T15:45:44.1115209Z   type: 'test'
2026-10-06T15:45:44.1115580Z   ...
2026-10-06T15:45:44.1116263Z # Subtest: crossed, stray and unclosed delimiters cannot invent brace folds
2026-10-06T15:45:44.1117280Z ok 55 - crossed, stray and unclosed delimiters cannot invent brace folds
2026-10-06T15:45:44.1117949Z   ---
2026-10-06T15:45:44.1118306Z   duration_ms: 0.3298
2026-10-06T15:45:44.1118723Z   type: 'test'
2026-10-06T15:45:44.1119079Z   ...
2026-10-06T15:45:44.1119813Z # Subtest: matched call and list continuations guard bodies without separate folds
2026-10-06T15:45:44.1120931Z ok 56 - matched call and list continuations guard bodies without separate folds
2026-10-06T15:45:44.1121647Z   ---
2026-10-06T15:45:44.1122005Z   duration_ms: 0.1891
2026-10-06T15:45:44.1122415Z   type: 'test'
2026-10-06T15:45:44.1122778Z   ...
2026-10-06T15:45:44.1123598Z # Subtest: completed declarations and unrelated lines do not donate a header to another body
2026-10-06T15:45:44.1124869Z ok 57 - completed declarations and unrelated lines do not donate a header to another body
2026-10-06T15:45:44.1125658Z   ---
2026-10-06T15:45:44.1126368Z   duration_ms: 1.179
2026-10-06T15:45:44.1127016Z   type: 'test'
2026-10-06T15:45:44.1127393Z   ...
2026-10-06T15:45:44.1128147Z # Subtest: single-line and empty bodies are omitted and each start line has one fold
2026-10-06T15:45:44.1129286Z ok 58 - single-line and empty bodies are omitted and each start line has one fold
2026-10-06T15:45:44.1130007Z   ---
2026-10-06T15:45:44.1130375Z   duration_ms: 0.2002
2026-10-06T15:45:44.1130772Z   type: 'test'
2026-10-06T15:45:44.1131128Z   ...
2026-10-06T15:45:44.1131995Z # Subtest: inline closing braces fold the final statement while delimiter-only closers stay visible
2026-10-06T15:45:44.1133344Z ok 59 - inline closing braces fold the final statement while delimiter-only closers stay visible
2026-10-06T15:45:44.1134155Z   ---
2026-10-06T15:45:44.1134517Z   duration_ms: 0.4447
2026-10-06T15:45:44.1135124Z   type: 'test'
2026-10-06T15:45:44.1135510Z   ...
2026-10-06T15:45:44.1136207Z # Subtest: High Function snippet defaults compile in their declared context
2026-10-06T15:45:44.1137229Z ok 60 - High Function snippet defaults compile in their declared context
2026-10-06T15:45:44.1137905Z   ---
2026-10-06T15:45:44.1138273Z   duration_ms: 19.1463
2026-10-06T15:45:44.1138681Z   type: 'test'
2026-10-06T15:45:44.1139035Z   ...
2026-10-06T15:45:44.1139686Z # Subtest: High Class snippet defaults compile in their declared context
2026-10-06T15:45:44.1140648Z ok 61 - High Class snippet defaults compile in their declared context
2026-10-06T15:45:44.1141297Z   ---
2026-10-06T15:45:44.1141664Z   duration_ms: 18.1437
2026-10-06T15:45:44.1142080Z   type: 'test'
2026-10-06T15:45:44.1142444Z   ...
2026-10-06T15:45:44.1143100Z # Subtest: High Enum snippet defaults compile in their declared context
2026-10-06T15:45:44.1144049Z ok 62 - High Enum snippet defaults compile in their declared context
2026-10-06T15:45:44.1144694Z   ---
2026-10-06T15:45:44.1145050Z   duration_ms: 13.4253
2026-10-06T15:45:44.1145449Z   type: 'test'
2026-10-06T15:45:44.1145813Z   ...
2026-10-06T15:45:44.1146757Z # Subtest: High Main snippet defaults compile in their declared context
2026-10-06T15:45:44.1147729Z ok 63 - High Main snippet defaults compile in their declared context
2026-10-06T15:45:44.1148381Z   ---
2026-10-06T15:45:44.1148747Z   duration_ms: 12.3661
2026-10-06T15:45:44.1149156Z   type: 'test'
2026-10-06T15:45:44.1149525Z   ...
2026-10-06T15:45:44.1150300Z # Subtest: High Async main snippet defaults compile in their declared context
2026-10-06T15:45:44.1151337Z ok 64 - High Async main snippet defaults compile in their declared context
2026-10-06T15:45:44.1152782Z   ---
2026-10-06T15:45:44.1153150Z   duration_ms: 16.6911
2026-10-06T15:45:44.1153562Z   type: 'test'
2026-10-06T15:45:44.1153934Z   ...
2026-10-06T15:45:44.1154632Z # Subtest: High HTTP server snippet defaults compile in their declared context
2026-10-06T15:45:44.1155682Z ok 65 - High HTTP server snippet defaults compile in their declared context
2026-10-06T15:45:44.1156377Z   ---
2026-10-06T15:45:44.1156737Z   duration_ms: 216.0112
2026-10-06T15:45:44.1157149Z   type: 'test'
2026-10-06T15:45:44.1157514Z   ...
2026-10-06T15:45:44.1158210Z # Subtest: High GET handler snippet defaults compile in their declared context
2026-10-06T15:45:44.1159257Z ok 66 - High GET handler snippet defaults compile in their declared context
2026-10-06T15:45:44.1159943Z   ---
2026-10-06T15:45:44.1160296Z   duration_ms: 20.6325
2026-10-06T15:45:44.1160700Z   type: 'test'
2026-10-06T15:45:44.1161066Z   ...
2026-10-06T15:45:44.1161776Z # Subtest: High POST handler snippet defaults compile in their declared context
2026-10-06T15:45:44.1162853Z ok 67 - High POST handler snippet defaults compile in their declared context
2026-10-06T15:45:44.1163552Z   ---
2026-10-06T15:45:44.1163912Z   duration_ms: 20.0143
2026-10-06T15:45:44.1164326Z   type: 'test'
2026-10-06T15:45:44.1164702Z   ...
2026-10-06T15:45:44.1182337Z # Subtest: High Loop snippet defaults compile in their declared context
2026-10-06T15:45:44.1183623Z ok 68 - High Loop snippet defaults compile in their declared context
2026-10-06T15:45:44.1191906Z   ---
2026-10-06T15:45:44.1196162Z   duration_ms: 13.1399
2026-10-06T15:45:44.1196640Z   type: 'test'
2026-10-06T15:45:44.1197028Z   ...
2026-10-06T15:45:44.1197808Z # Subtest: High Borrowed array snippet defaults compile in their declared context
2026-10-06T15:45:44.1198949Z ok 69 - High Borrowed array snippet defaults compile in their declared context
2026-10-06T15:45:44.1199729Z   ---
2026-10-06T15:45:44.1200162Z   duration_ms: 15.5195
2026-10-06T15:45:44.1200641Z   type: 'test'
2026-10-06T15:45:44.1201069Z   ...
2026-10-06T15:45:44.1201869Z # Subtest: High Result match snippet defaults compile in their declared context
2026-10-06T15:45:44.1203004Z ok 70 - High Result match snippet defaults compile in their declared context
2026-10-06T15:45:44.1204049Z   ---
2026-10-06T15:45:44.1204901Z   duration_ms: 12.567
2026-10-06T15:45:44.1205385Z   type: 'test'
2026-10-06T15:45:44.1205808Z   ...
2026-10-06T15:45:44.1206619Z # Subtest: High Nullable match snippet defaults compile in their declared context
2026-10-06T15:45:44.1207805Z ok 71 - High Nullable match snippet defaults compile in their declared context
2026-10-06T15:45:44.1208589Z   ---
2026-10-06T15:45:44.1208991Z   duration_ms: 12.6489
2026-10-06T15:45:44.1209479Z   type: 'test'
2026-10-06T15:45:44.1209921Z   ...
2026-10-06T15:45:44.1210733Z # Subtest: real High quoted imports complete class enum and function names without calls
2026-10-06T15:45:44.1211983Z ok 72 - real High quoted imports complete class enum and function names without calls
2026-10-06T15:45:44.1212799Z   ---
2026-10-06T15:45:44.1213212Z   duration_ms: 225.5607
2026-10-06T15:45:44.1213696Z   type: 'test'
2026-10-06T15:45:44.1214127Z   ...
2026-10-06T15:45:44.1215198Z # Subtest: real High quoted imports complete class enum and function names without calls through a directory alias
2026-10-06T15:45:44.1216818Z ok 73 - real High quoted imports complete class enum and function names without calls through a directory alias
2026-10-06T15:45:44.1217730Z   ---
2026-10-06T15:45:44.1218109Z   duration_ms: 202.829
2026-10-06T15:45:44.1218539Z   type: 'test'
2026-10-06T15:45:44.1218898Z   ...
2026-10-06T15:45:44.1219658Z # Subtest: real Low quoted imports complete class enum and function names without calls
2026-10-06T15:45:44.1220852Z ok 74 - real Low quoted imports complete class enum and function names without calls
2026-10-06T15:45:44.1221645Z   ---
2026-10-06T15:45:44.1222076Z   duration_ms: 260.3074
2026-10-06T15:45:44.1222582Z   type: 'test'
2026-10-06T15:45:44.1224021Z   ...
2026-10-06T15:45:44.1225633Z # Subtest: real Low quoted imports complete class enum and function names without calls through a directory alias
2026-10-06T15:45:44.1227351Z ok 75 - real Low quoted imports complete class enum and function names without calls through a directory alias
2026-10-06T15:45:44.1228367Z   ---
2026-10-06T15:45:44.1228817Z   duration_ms: 208.7097
2026-10-06T15:45:44.1229305Z   type: 'test'
2026-10-06T15:45:44.1229719Z   ...
2026-10-06T15:45:44.1230709Z # Subtest: canonical source aliases share one identity per request and refresh after a symlink changes
2026-10-06T15:45:44.1232231Z ok 76 - canonical source aliases share one identity per request and refresh after a symlink changes
2026-10-06T15:45:44.1233188Z   ---
2026-10-06T15:45:44.1233628Z   duration_ms: 11.9862
2026-10-06T15:45:44.1234123Z   type: 'test'
2026-10-06T15:45:44.1234564Z   ...
2026-10-06T15:45:44.1235406Z # Subtest: standard source identities remain logical IDs without filesystem lookups
2026-10-06T15:45:44.1236679Z ok 77 - standard source identities remain logical IDs without filesystem lookups
2026-10-06T15:45:44.1237469Z   ---
2026-10-06T15:45:44.1237879Z   duration_ms: 1.6243
2026-10-06T15:45:44.1238352Z   type: 'test'
2026-10-06T15:45:44.1238767Z   ...
2026-10-06T15:45:44.1239595Z # Subtest: High block headers indent one level, including main, async, match and case
2026-10-06T15:45:44.1240914Z ok 78 - High block headers indent one level, including main, async, match and case
2026-10-06T15:45:44.1241668Z   ---
2026-10-06T15:45:44.1242065Z   duration_ms: 4.2069
2026-10-06T15:45:44.1243179Z   type: 'test'
2026-10-06T15:45:44.1243621Z   ...
2026-10-06T15:45:44.1244393Z # Subtest: else uses the matching if indentation after nested bodies and comments
2026-10-06T15:45:44.1245525Z ok 79 - else uses the matching if indentation after nested bodies and comments
2026-10-06T15:45:44.1246285Z   ---
2026-10-06T15:45:44.1246651Z   duration_ms: 0.6418
2026-10-06T15:45:44.1247102Z   type: 'test'
2026-10-06T15:45:44.1247489Z   ...
2026-10-06T15:45:44.1248144Z # Subtest: first and following cases align under their nearest match
2026-10-06T15:45:44.1249137Z ok 80 - first and following cases align under their nearest match
2026-10-06T15:45:44.1250008Z   ---
2026-10-06T15:45:44.1250431Z   duration_ms: 1.2823
2026-10-06T15:45:44.1250847Z   type: 'test'
2026-10-06T15:45:44.1251240Z   ...
2026-10-06T15:45:44.1252018Z # Subtest: immediate Enter after else/case aligns the branch and its new body together
2026-10-06T15:45:44.1253255Z ok 81 - immediate Enter after else/case aligns the branch and its new body together
2026-10-06T15:45:44.1254038Z   ---
2026-10-06T15:45:44.1254446Z   duration_ms: 0.3488
2026-10-06T15:45:44.1254888Z   type: 'test'
2026-10-06T15:45:44.1255301Z   ...
2026-10-06T15:45:44.1256060Z # Subtest: explicitly dedented outer branches keep their matching outer block
2026-10-06T15:45:44.1257261Z ok 82 - explicitly dedented outer branches keep their matching outer block
2026-10-06T15:45:44.1258030Z   ---
2026-10-06T15:45:44.1258432Z   duration_ms: 0.5914
2026-10-06T15:45:44.1258888Z   type: 'test'
2026-10-06T15:45:44.1259266Z   ...
2026-10-06T15:45:44.1260078Z # Subtest: multiline case headers move together when colon is typed or Enter cancels it
2026-10-06T15:45:44.1261405Z ok 83 - multiline case headers move together when colon is typed or Enter cancels it
2026-10-06T15:45:44.1262212Z   ---
2026-10-06T15:45:44.1263016Z   duration_ms: 0.3227
2026-10-06T15:45:44.1263514Z   type: 'test'
2026-10-06T15:45:44.1263924Z   ...
2026-10-06T15:45:44.1264766Z # Subtest: multiline calls, lists and nested delimiters indent and align closing lines
2026-10-06T15:45:44.1266018Z ok 84 - multiline calls, lists and nested delimiters indent and align closing lines
2026-10-06T15:45:44.1266860Z   ---
2026-10-06T15:45:44.1267277Z   duration_ms: 0.4605
2026-10-06T15:45:44.1267757Z   type: 'test'
2026-10-06T15:45:44.1268167Z   ...
2026-10-06T15:45:44.1268933Z # Subtest: strings, escapes and comments never create fake blocks or brackets
2026-10-06T15:45:44.1271267Z ok 85 - strings, escapes and comments never create fake blocks or brackets
2026-10-06T15:45:44.1272038Z   ---
2026-10-06T15:45:44.1272449Z   duration_ms: 0.431
2026-10-06T15:45:44.1272906Z   type: 'test'
2026-10-06T15:45:44.1273328Z   ...
2026-10-06T15:45:44.1274150Z # Subtest: an unfinished string on an earlier line does not disable later indentation
2026-10-06T15:45:44.1275379Z ok 86 - an unfinished string on an earlier line does not disable later indentation
2026-10-06T15:45:44.1276204Z   ---
2026-10-06T15:45:44.1276723Z   duration_ms: 0.7798
2026-10-06T15:45:44.1277189Z   type: 'test'
2026-10-06T15:45:44.1277607Z   ...
2026-10-06T15:45:44.1278397Z # Subtest: indentation respects two spaces, tabs, CRLF and Low brace blocks
2026-10-06T15:45:44.1279536Z ok 87 - indentation respects two spaces, tabs, CRLF and Low brace blocks
2026-10-06T15:45:44.1280278Z   ---
2026-10-06T15:45:44.1280679Z   duration_ms: 0.8341
2026-10-06T15:45:44.1281147Z   type: 'test'
2026-10-06T15:45:44.1281559Z   ...
2026-10-06T15:45:44.1282377Z # Subtest: Low native indentation rules ignore braces in comments and escaped strings
2026-10-06T15:45:44.1284096Z ok 88 - Low native indentation rules ignore braces in comments and escaped strings
2026-10-06T15:45:44.1285038Z   ---
2026-10-06T15:45:44.1285485Z   duration_ms: 0.8681
2026-10-06T15:45:44.1285916Z   type: 'test'
2026-10-06T15:45:44.1286286Z   ...
2026-10-06T15:45:45.4838170Z # Subtest: real checker completes arguments, inferred locals, chains, calls, index receivers and match payloads
2026-10-06T15:45:45.4840192Z ok 89 - real checker completes arguments, inferred locals, chains, calls, index receivers and match payloads
2026-10-06T15:45:45.4841362Z   ---
2026-10-06T15:45:45.4841848Z   duration_ms: 2522.2294
2026-10-06T15:45:45.4842415Z   type: 'test'
2026-10-06T15:45:45.4842878Z   ...
2026-10-06T15:45:47.7508774Z # Subtest: real checker suppresses fields for unknown, moved, out-of-scope and wrapped values
2026-10-06T15:45:47.7510436Z ok 90 - real checker suppresses fields for unknown, moved, out-of-scope and wrapped values
2026-10-06T15:45:47.7511361Z   ---
2026-10-06T15:45:47.7511817Z   duration_ms: 2268.4456
2026-10-06T15:45:47.7513333Z   type: 'test'
2026-10-06T15:45:47.7513860Z   ...
2026-10-06T15:45:48.1874632Z # Subtest: real unsaved High/Low imports supply local hovers and fields with UTF-16 positions
2026-10-06T15:45:48.1877792Z ok 91 - real unsaved High/Low imports supply local hovers and fields with UTF-16 positions
2026-10-06T15:45:48.1878624Z   ---
2026-10-06T15:45:48.1878930Z   duration_ms: 437.3256
2026-10-06T15:45:48.1879301Z   type: 'test'
2026-10-06T15:45:48.1879615Z   ...
2026-10-06T15:45:49.1799516Z # Subtest: real Low completion isolates same-line scopes, restores outer loop variables and handles CRLF
2026-10-06T15:45:49.1801071Z ok 92 - real Low completion isolates same-line scopes, restores outer loop variables and handles CRLF
2026-10-06T15:45:49.1801970Z   ---
2026-10-06T15:45:49.1802312Z   duration_ms: 995.8737
2026-10-06T15:45:49.1802700Z   type: 'test'
2026-10-06T15:45:49.1803022Z   ...
2026-10-06T15:45:49.1955298Z # Subtest: checked local values replace same-name class and builtin call insertions
2026-10-06T15:45:49.1956342Z ok 93 - checked local values replace same-name class and builtin call insertions
2026-10-06T15:45:49.1957221Z   ---
2026-10-06T15:45:49.1957655Z   duration_ms: 4.7556
2026-10-06T15:45:49.1958064Z   type: 'test'
2026-10-06T15:45:49.1958395Z   ...
2026-10-06T15:45:49.1959132Z # Subtest: lexical references without local types never insert an unrelated global call
2026-10-06T15:45:49.1960316Z ok 94 - lexical references without local types never insert an unrelated global call
2026-10-06T15:45:49.1961056Z   ---
2026-10-06T15:45:49.1961375Z   duration_ms: 0.7221
2026-10-06T15:45:49.1962036Z   type: 'test'
2026-10-06T15:45:49.1962351Z   ...
2026-10-06T15:45:49.1963129Z # Subtest: partial and saved occurrences keep global names without guessing local scopes
2026-10-06T15:45:49.1964742Z ok 95 - partial and saved occurrences keep global names without guessing local scopes
2026-10-06T15:45:49.1965489Z   ---
2026-10-06T15:45:49.1965819Z   duration_ms: 1.9403
2026-10-06T15:45:49.1966200Z   type: 'test'
2026-10-06T15:45:49.1966522Z   ...
2026-10-06T15:45:49.1967294Z # Subtest: a resolved global constructor remains available outside the shadowing function
2026-10-06T15:45:49.1968535Z ok 96 - a resolved global constructor remains available outside the shadowing function
2026-10-06T15:45:49.1969271Z   ---
2026-10-06T15:45:49.1969550Z   duration_ms: 0.7574
2026-10-06T15:45:49.1969903Z   type: 'test'
2026-10-06T15:45:49.1970225Z   ...
2026-10-06T15:45:49.1971009Z # Subtest: binding hints distinguish declaration tokens, masked text, and real value binders
2026-10-06T15:45:49.1972263Z ok 97 - binding hints distinguish declaration tokens, masked text, and real value binders
2026-10-06T15:45:49.1973035Z   ---
2026-10-06T15:45:49.1973345Z   duration_ms: 1.0242
2026-10-06T15:45:49.1973713Z   type: 'test'
2026-10-06T15:45:49.1974018Z   ...
2026-10-06T15:45:49.1974941Z # Subtest: real High local and parameter completions stay bare while types and constructors remain usable
2026-10-06T15:45:49.1976398Z ok 98 - real High local and parameter completions stay bare while types and constructors remain usable
2026-10-06T15:45:49.1977269Z   ---
2026-10-06T15:45:49.1977587Z   duration_ms: 627.8567
2026-10-06T15:45:49.1977933Z   type: 'test'
2026-10-06T15:45:49.1978213Z   ...
2026-10-06T15:45:49.1979084Z # Subtest: real Low local and parameter completions stay bare while types and constructors remain usable
2026-10-06T15:45:49.1980501Z ok 99 - real Low local and parameter completions stay bare while types and constructors remain usable
2026-10-06T15:45:49.1981334Z   ---
2026-10-06T15:45:49.1981658Z   duration_ms: 730.623
2026-10-06T15:45:49.1982326Z   type: 'test'
2026-10-06T15:45:49.1982642Z   ...
2026-10-06T15:45:49.1983267Z # Subtest: Low Main snippet defaults compile in their declared context
2026-10-06T15:45:49.1984212Z ok 100 - Low Main snippet defaults compile in their declared context
2026-10-06T15:45:49.1984818Z   ---
2026-10-06T15:45:49.1985139Z   duration_ms: 17.621
2026-10-06T15:45:49.1985802Z   type: 'test'
2026-10-06T15:45:49.1986155Z   ...
2026-10-06T15:45:49.1986851Z # Subtest: Low File import snippet defaults compile in their declared context
2026-10-06T15:45:49.1987879Z ok 101 - Low File import snippet defaults compile in their declared context
2026-10-06T15:45:49.1988516Z   ---
2026-10-06T15:45:49.1988810Z   duration_ms: 17.8594
2026-10-06T15:45:49.1989173Z   type: 'test'
2026-10-06T15:45:49.1989563Z   ...
2026-10-06T15:45:49.1990227Z # Subtest: Low From import snippet defaults compile in their declared context
2026-10-06T15:45:49.1991250Z ok 102 - Low From import snippet defaults compile in their declared context
2026-10-06T15:45:49.1995970Z   ---
2026-10-06T15:45:49.1996330Z   duration_ms: 15.2603
2026-10-06T15:45:49.1996744Z   type: 'test'
2026-10-06T15:45:49.1997071Z   ...
2026-10-06T15:45:49.1997786Z # Subtest: Low Standard import snippet defaults compile in their declared context
2026-10-06T15:45:49.1998922Z ok 103 - Low Standard import snippet defaults compile in their declared context
2026-10-06T15:45:49.1999630Z   ---
2026-10-06T15:45:49.1999950Z   duration_ms: 203.8874
2026-10-06T15:45:49.2000323Z   type: 'test'
2026-10-06T15:45:49.2000636Z   ...
2026-10-06T15:45:49.2001252Z # Subtest: Low Function snippet defaults compile in their declared context
2026-10-06T15:45:49.2002568Z ok 104 - Low Function snippet defaults compile in their declared context
2026-10-06T15:45:49.2003231Z   ---
2026-10-06T15:45:49.2003563Z   duration_ms: 14.8149
2026-10-06T15:45:49.2003937Z   type: 'test'
2026-10-06T15:45:49.2004251Z   ...
2026-10-06T15:45:49.2004873Z # Subtest: Low Record snippet defaults compile in their declared context
2026-10-06T15:45:49.2005842Z ok 105 - Low Record snippet defaults compile in their declared context
2026-10-06T15:45:49.2006794Z   ---
2026-10-06T15:45:49.2007118Z   duration_ms: 19.0275
2026-10-06T15:45:49.2007481Z   type: 'test'
2026-10-06T15:45:49.2007798Z   ...
2026-10-06T15:45:49.2008413Z # Subtest: Low Enum snippet defaults compile in their declared context
2026-10-06T15:45:49.2009330Z ok 106 - Low Enum snippet defaults compile in their declared context
2026-10-06T15:45:49.2009953Z   ---
2026-10-06T15:45:49.2010258Z   duration_ms: 16.1381
2026-10-06T15:45:49.2010627Z   type: 'test'
2026-10-06T15:45:49.2010952Z   ...
2026-10-06T15:45:49.2011563Z # Subtest: Low Replace snippet defaults compile in their declared context
2026-10-06T15:45:49.2012490Z ok 107 - Low Replace snippet defaults compile in their declared context
2026-10-06T15:45:49.2013123Z   ---
2026-10-06T15:45:49.2013449Z   duration_ms: 17.3035
2026-10-06T15:45:49.2013817Z   type: 'test'
2026-10-06T15:45:49.2014134Z   ...
2026-10-06T15:45:49.2014806Z # Subtest: Low Result match snippet defaults compile in their declared context
2026-10-06T15:45:49.2015860Z ok 108 - Low Result match snippet defaults compile in their declared context
2026-10-06T15:45:49.2016519Z   ---
2026-10-06T15:45:49.2016838Z   duration_ms: 16.5049
2026-10-06T15:45:49.2017218Z   type: 'test'
2026-10-06T15:45:49.2017535Z   ...
2026-10-06T15:45:49.2018222Z # Subtest: Low Nullable match snippet defaults compile in their declared context
2026-10-06T15:45:49.2019283Z ok 109 - Low Nullable match snippet defaults compile in their declared context
2026-10-06T15:45:49.2019973Z   ---
2026-10-06T15:45:49.2020289Z   duration_ms: 16.1845
2026-10-06T15:45:49.2020670Z   type: 'test'
2026-10-06T15:45:49.2020976Z   ...
2026-10-06T15:45:49.2021823Z # Subtest: module member completion exposes functions/classes and type positions insert only classes
2026-10-06T15:45:49.2023511Z ok 110 - module member completion exposes functions/classes and type positions insert only classes
2026-10-06T15:45:49.2024335Z   ---
2026-10-06T15:45:49.2024676Z   duration_ms: 7.9422
2026-10-06T15:45:49.2025034Z   type: 'test'
2026-10-06T15:45:49.2025346Z   ...
2026-10-06T15:45:49.2026069Z # Subtest: qualified and renamed declarations retain structured hover/signature help
2026-10-06T15:45:49.2027500Z ok 111 - qualified and renamed declarations retain structured hover/signature help
2026-10-06T15:45:49.2028220Z   ---
2026-10-06T15:45:49.2028515Z   duration_ms: 2.7819
2026-10-06T15:45:49.2028865Z   type: 'test'
2026-10-06T15:45:49.2029159Z   ...
2026-10-06T15:45:49.2029886Z # Subtest: lexical alias shadowing switches completion to fields and prevents module help
2026-10-06T15:45:49.2031072Z ok 112 - lexical alias shadowing switches completion to fields and prevents module help
2026-10-06T15:45:49.2031820Z   ---
2026-10-06T15:45:49.2032134Z   duration_ms: 2.3932
2026-10-06T15:45:49.2032490Z   type: 'test'
2026-10-06T15:45:49.2032789Z   ...
2026-10-06T15:45:49.2033329Z # Subtest: spaced field chains do not borrow a module namespace
2026-10-06T15:45:49.2034146Z ok 113 - spaced field chains do not borrow a module namespace
2026-10-06T15:45:49.2035040Z   ---
2026-10-06T15:45:49.2035361Z   duration_ms: 1.1337
2026-10-06T15:45:49.2035976Z   type: 'test'
2026-10-06T15:45:49.2036544Z   ...
2026-10-06T15:45:49.2037457Z # Subtest: imported class and module binding tokens keep their resolved hover
2026-10-06T15:45:49.2038481Z ok 114 - imported class and module binding tokens keep their resolved hover
2026-10-06T15:45:49.2039174Z   ---
2026-10-06T15:45:49.2039499Z   duration_ms: 1.5783
2026-10-06T15:45:49.2039853Z   type: 'test'
2026-10-06T15:45:49.2040169Z   ...
2026-10-06T15:45:49.2040961Z # Subtest: quoted from imports insert names only and preserve aliases and comma-separated lists
2026-10-06T15:45:49.2042264Z ok 115 - quoted from imports insert names only and preserve aliases and comma-separated lists
2026-10-06T15:45:49.2043346Z   ---
2026-10-06T15:45:49.2043681Z   duration_ms: 1.6359
2026-10-06T15:45:49.2044053Z   type: 'test'
2026-10-06T15:45:49.2044655Z   ...
2026-10-06T15:45:49.2045464Z # Subtest: unresolved and changed fallback import targets never offer expression completions
2026-10-06T15:45:49.2046760Z ok 116 - unresolved and changed fallback import targets never offer expression completions
2026-10-06T15:45:49.2047534Z   ---
2026-10-06T15:45:49.2047853Z   duration_ms: 0.5412
2026-10-06T15:45:49.2048176Z   type: 'test'
2026-10-06T15:45:49.2048456Z   ...
2026-10-06T15:45:49.2049296Z # Subtest: Low quoted imports after a same-line declaration or semicolon retain name-only insertion
2026-10-06T15:45:49.2050917Z ok 117 - Low quoted imports after a same-line declaration or semicolon retain name-only insertion
2026-10-06T15:45:49.2052186Z   ---
2026-10-06T15:45:49.2052531Z   duration_ms: 0.3733
2026-10-06T15:45:49.2053113Z   type: 'test'
2026-10-06T15:45:49.2053453Z   ...
2026-10-06T15:45:49.2054185Z # Subtest: real compiler navigation uses edited source and target positions across imports
2026-10-06T15:45:49.2070784Z ok 118 - real compiler navigation uses edited source and target positions across imports
2026-10-06T15:45:49.2071547Z   ---
2026-10-06T15:45:49.2071864Z   duration_ms: 265.5501
2026-10-06T15:45:49.2072213Z   type: 'test'
2026-10-06T15:45:49.2072489Z   ...
2026-10-06T15:45:49.2073327Z # Subtest: real Low navigation keeps reassignments at their original binding and restores loop shadowing
2026-10-06T15:45:49.2074636Z ok 119 - real Low navigation keeps reassignments at their original binding and restores loop shadowing
2026-10-06T15:45:49.2075390Z   ---
2026-10-06T15:45:49.2075662Z   duration_ms: 317.6847
2026-10-06T15:45:49.2075983Z   type: 'test'
2026-10-06T15:45:49.2076249Z   ...
2026-10-06T15:45:49.2099659Z # Subtest: unsaved canonical import diagnostics use the open alias and UTF-16 source range
2026-10-06T15:45:49.2126593Z ok 120 - unsaved canonical import diagnostics use the open alias and UTF-16 source range
2026-10-06T15:45:49.2127378Z   ---
2026-10-06T15:45:49.2137090Z   duration_ms: 24.7865
2026-10-06T15:45:49.2138045Z   type: 'test'
2026-10-06T15:45:49.2138370Z   ...
2026-10-06T15:45:49.2151440Z # Subtest: closing a checked import overlay refreshes its owners and keeps unrelated errors
2026-10-06T15:45:49.2153349Z ok 121 - closing a checked import overlay refreshes its owners and keeps unrelated errors
2026-10-06T15:45:49.2154606Z   ---
2026-10-06T15:45:49.2154930Z   duration_ms: 13.8776
2026-10-06T15:45:49.2155492Z   type: 'test'
2026-10-06T15:45:49.2155805Z   ...
2026-10-06T15:45:49.2156386Z # Subtest: closing an in-flight import overlay rejects its stale result
2026-10-06T15:45:49.2157661Z ok 122 - closing an in-flight import overlay rejects its stale result
2026-10-06T15:45:49.2158427Z   ---
2026-10-06T15:45:49.2158904Z   duration_ms: 5.7358
2026-10-06T15:45:49.2159412Z   type: 'test'
2026-10-06T15:45:49.2159897Z   ...
2026-10-06T15:45:49.2160738Z # Subtest: lower build and run tasks use the registered source diagnostic matcher
2026-10-06T15:45:49.2162485Z ok 123 - lower build and run tasks use the registered source diagnostic matcher
2026-10-06T15:45:49.2163142Z   ---
2026-10-06T15:45:49.2163433Z   duration_ms: 8.4396
2026-10-06T15:45:49.2163756Z   type: 'test'
2026-10-06T15:45:49.2164049Z   ...
2026-10-06T15:45:49.2164563Z # Subtest: standalone tasks save imported changes and leave unrelated dirty buffers untouched
2026-10-06T15:45:49.2165626Z ok 124 - standalone tasks save imported changes and leave unrelated dirty buffers untouched
2026-10-06T15:45:49.2166328Z   ---
2026-10-06T15:45:49.2166623Z   duration_ms: 20.5302
2026-10-06T15:45:49.2166959Z   type: 'test'
2026-10-06T15:45:49.2167254Z   ...
2026-10-06T15:45:49.2167954Z # Subtest: project tasks save imported changes and leave unrelated dirty buffers untouched
2026-10-06T15:45:49.2169039Z ok 125 - project tasks save imported changes and leave unrelated dirty buffers untouched
2026-10-06T15:45:49.2169702Z   ---
2026-10-06T15:45:49.2169984Z   duration_ms: 19.5742
2026-10-06T15:45:49.2170303Z   type: 'test'
2026-10-06T15:45:49.2170814Z   ...
2026-10-06T15:45:49.2171325Z # Subtest: task execution stops when an imported buffer cannot be saved
2026-10-06T15:45:49.2172202Z ok 126 - task execution stops when an imported buffer cannot be saved
2026-10-06T15:45:49.2172753Z   ---
2026-10-06T15:45:49.2173053Z   duration_ms: 6.6037
2026-10-06T15:45:49.2173371Z   type: 'test'
2026-10-06T15:45:49.2173665Z   ...
2026-10-06T15:45:49.2174193Z # Subtest: task execution stops when dirty imports cannot be resolved
2026-10-06T15:45:49.2175068Z ok 127 - task execution stops when dirty imports cannot be resolved
2026-10-06T15:45:49.2175604Z   ---
2026-10-06T15:45:49.2175876Z   duration_ms: 5.3094
2026-10-06T15:45:49.2176197Z   type: 'test'
2026-10-06T15:45:49.2176426Z   ...
2026-10-06T15:45:49.2177147Z # Subtest: saving an imported file refreshes its changed imports before launching the task
2026-10-06T15:45:49.2178231Z ok 128 - saving an imported file refreshes its changed imports before launching the task
2026-10-06T15:45:49.2178904Z   ---
2026-10-06T15:45:49.2179184Z   duration_ms: 14.8006
2026-10-06T15:45:49.2179514Z   type: 'test'
2026-10-06T15:45:49.2179795Z   ...
2026-10-06T15:45:49.2180351Z # Subtest: conflicting imported aliases are not saved over one another
2026-10-06T15:45:49.2181198Z ok 129 - conflicting imported aliases are not saved over one another
2026-10-06T15:45:49.2181997Z   ---
2026-10-06T15:45:49.2182294Z   duration_ms: 10.4073
2026-10-06T15:45:49.2182617Z   type: 'test'
2026-10-06T15:45:49.2182894Z   ...
2026-10-06T15:45:49.2183622Z # Subtest: standalone source without imports launches normally despite unrelated dirty buffers
2026-10-06T15:45:49.2184786Z ok 130 - standalone source without imports launches normally despite unrelated dirty buffers
2026-10-06T15:45:49.2185488Z   ---
2026-10-06T15:45:49.2185764Z   duration_ms: 5.1736
2026-10-06T15:45:49.2186072Z   type: 'test'
2026-10-06T15:45:49.2186343Z   ...
2026-10-06T15:45:49.2186838Z # Subtest: task execution stops if the entry buffer changes while an import is saved
2026-10-06T15:45:49.2187447Z ok 131 - task execution stops if the entry buffer changes while an import is saved
2026-10-06T15:45:49.2187826Z   ---
2026-10-06T15:45:49.2188103Z   duration_ms: 6.1761
2026-10-06T15:45:49.2188648Z   type: 'test'
2026-10-06T15:45:49.2188944Z   ...
2026-10-06T15:45:49.2189645Z # Subtest: task execution stops if the entry changes while its own project helper is saved
2026-10-06T15:45:49.2190748Z ok 132 - task execution stops if the entry changes while its own project helper is saved
2026-10-06T15:45:49.2191412Z   ---
2026-10-06T15:45:49.2191683Z   duration_ms: 7.2838
2026-10-06T15:45:49.2192020Z   type: 'test'
2026-10-06T15:45:49.2192287Z   ...
2026-10-06T15:45:49.2192861Z # Subtest: task execution stops if its source closes during project saving
2026-10-06T15:45:49.2193767Z ok 133 - task execution stops if its source closes during project saving
2026-10-06T15:45:49.2194340Z   ---
2026-10-06T15:45:49.2194680Z   duration_ms: 6.7231
2026-10-06T15:45:49.2194996Z   type: 'test'
2026-10-06T15:45:49.2195287Z   ...
2026-10-06T15:45:49.2195908Z # Subtest: task execution stops if a later project save changes the dirty manifest
2026-10-06T15:45:49.2196886Z ok 134 - task execution stops if a later project save changes the dirty manifest
2026-10-06T15:45:49.2197511Z   ---
2026-10-06T15:45:49.2197781Z   duration_ms: 5.7581
2026-10-06T15:45:49.2198100Z   type: 'test'
2026-10-06T15:45:49.2198383Z   ...
2026-10-06T15:45:49.2199043Z # Subtest: task execution stops if a later project save changes the already-saved manifest
2026-10-06T15:45:49.2200165Z ok 135 - task execution stops if a later project save changes the already-saved manifest
2026-10-06T15:45:49.2200836Z   ---
2026-10-06T15:45:49.2201109Z   duration_ms: 6.0858
2026-10-06T15:45:49.2201675Z   type: 'test'
2026-10-06T15:45:49.2201984Z   ...
2026-10-06T15:45:49.2202936Z # Subtest: task execution stops if an already-saved Rust input changes during a later project save
2026-10-06T15:45:49.2204573Z ok 136 - task execution stops if an already-saved Rust input changes during a later project save
2026-10-06T15:45:49.2205304Z   ---
2026-10-06T15:45:49.2205593Z   duration_ms: 7.4776
2026-10-06T15:45:49.2205912Z   type: 'test'
2026-10-06T15:45:49.2206208Z   ...
2026-10-06T15:45:49.2206836Z # Subtest: task execution stops if workspace trust changes during project saving
2026-10-06T15:45:49.2207800Z ok 137 - task execution stops if workspace trust changes during project saving
2026-10-06T15:45:49.2208410Z   ---
2026-10-06T15:45:49.2208657Z   duration_ms: 7.0196
2026-10-06T15:45:49.2209040Z   type: 'test'
2026-10-06T15:45:49.2209328Z   ...
2026-10-06T15:45:49.2210010Z # Subtest: task execution stops if the nearest project changes while an import is saved
2026-10-06T15:45:49.2211032Z ok 138 - task execution stops if the nearest project changes while an import is saved
2026-10-06T15:45:49.2211644Z   ---
2026-10-06T15:45:49.2211934Z   duration_ms: 8.3799
2026-10-06T15:45:49.2212293Z   type: 'test'
2026-10-06T15:45:49.2212575Z   ...
2026-10-06T15:45:49.2213310Z # Subtest: tasks suppress only the matching automatic scope and checks resume when the task ends
2026-10-06T15:45:49.2214490Z ok 139 - tasks suppress only the matching automatic scope and checks resume when the task ends
2026-10-06T15:45:49.2215198Z   ---
2026-10-06T15:45:49.2215475Z   duration_ms: 10.7514
2026-10-06T15:45:49.2215821Z   type: 'test'
2026-10-06T15:45:49.2216103Z   ...
2026-10-06T15:45:49.2216600Z # Subtest: task launch failure releases live check suppression
2026-10-06T15:45:49.2217352Z ok 140 - task launch failure releases live check suppression
2026-10-06T15:45:49.2217844Z   ---
2026-10-06T15:45:49.2218123Z   duration_ms: 6.7748
2026-10-06T15:45:49.2218446Z   type: 'test'
2026-10-06T15:45:49.2218722Z   ...
2026-10-06T15:45:49.2219298Z # Subtest: project task clears checks from its helper while preserving another project
2026-10-06T15:45:49.2219913Z ok 141 - project task clears checks from its helper while preserving another project
2026-10-06T15:45:49.2220312Z   ---
2026-10-06T15:45:49.2220527Z   duration_ms: 15.5697
2026-10-06T15:45:49.2220876Z   type: 'test'
2026-10-06T15:45:49.2221151Z   ...
2026-10-06T15:45:49.2222088Z # Subtest: a long task permits checks of new source without reacting to other project edits
2026-10-06T15:45:49.2222791Z ok 142 - a long task permits checks of new source without reacting to other project edits
2026-10-06T15:45:49.2223197Z   ---
2026-10-06T15:45:49.2223369Z   duration_ms: 11.7119
2026-10-06T15:45:49.2223630Z   type: 'test'
2026-10-06T15:45:49.2223941Z   ...
2026-10-06T15:45:49.2224459Z # Subtest: failed task diagnostics are replaced by checks and removed by source edits
2026-10-06T15:45:49.2225395Z ok 143 - failed task diagnostics are replaced by checks and removed by source edits
2026-10-06T15:45:49.2225854Z   ---
2026-10-06T15:45:49.2226136Z   duration_ms: 13.8459
2026-10-06T15:45:49.2226428Z   type: 'test'
2026-10-06T15:45:49.2226612Z   ...
2026-10-06T15:45:49.2227238Z # Subtest: manual checks inspect dirty imports outside the running task project
2026-10-06T15:45:49.2227888Z ok 144 - manual checks inspect dirty imports outside the running task project
2026-10-06T15:45:49.2228478Z   ---
2026-10-06T15:45:49.2228685Z   duration_ms: 10.3724
2026-10-06T15:45:49.2228986Z   type: 'test'
2026-10-06T15:45:49.2229263Z   ...
2026-10-06T15:45:49.2229780Z # Subtest: editing and closing imported aliases remove only their canonical task markers
2026-10-06T15:45:49.2230646Z ok 145 - editing and closing imported aliases remove only their canonical task markers
2026-10-06T15:45:49.2231159Z   ---
2026-10-06T15:45:49.2231430Z   duration_ms: 7.5975
2026-10-06T15:45:49.2231730Z   type: 'test'
2026-10-06T15:45:49.2231902Z   ...
2026-10-06T15:45:49.2232352Z # Subtest: typing invalidates snapshots without launching save-only checks per keystroke
2026-10-06T15:45:49.2233291Z ok 146 - typing invalidates snapshots without launching save-only checks per keystroke
2026-10-06T15:45:49.2234130Z   ---
2026-10-06T15:45:49.2234400Z   duration_ms: 19.2407
2026-10-06T15:45:49.2234629Z   type: 'test'
2026-10-06T15:45:49.2234810Z   ...
2026-10-06T15:45:49.2235338Z # Subtest: known unrelated diagnostics survive repeated edits while unknown and project inputs stay conservative
2026-10-06T15:45:49.2236774Z ok 147 - known unrelated diagnostics survive repeated edits while unknown and project inputs stay conservative
2026-10-06T15:45:49.2237445Z   ---
2026-10-06T15:45:49.2237810Z   duration_ms: 18.8647
2026-10-06T15:45:49.2238236Z   type: 'test'
2026-10-06T15:45:49.2238483Z   ...
2026-10-06T15:45:49.2239349Z # Subtest: known unrelated pending checks finish during edits and same-scope changes reject stale callbacks
2026-10-06T15:45:49.2240511Z ok 148 - known unrelated pending checks finish during edits and same-scope changes reject stale callbacks
2026-10-06T15:45:49.2241334Z   ---
2026-10-06T15:45:49.2241675Z   duration_ms: 14.9571
2026-10-06T15:45:49.2242920Z   type: 'test'
2026-10-06T15:45:49.2253231Z   ...
2026-10-06T15:45:49.2254037Z # Subtest: shared imports and stale dependency snapshots still invalidate diagnosed projects
2026-10-06T15:45:49.2255001Z ok 149 - shared imports and stale dependency snapshots still invalidate diagnosed projects
2026-10-06T15:45:49.2255464Z   ---
2026-10-06T15:45:49.2255647Z   duration_ms: 15.4321
2026-10-06T15:45:49.2255849Z   type: 'test'
2026-10-06T15:45:49.2256027Z   ...
2026-10-06T15:45:49.2256724Z # Subtest: failed symbols queries still supply static builtin help without erasing source diagnostics
2026-10-06T15:45:49.2258118Z ok 150 - failed symbols queries still supply static builtin help without erasing source diagnostics
2026-10-06T15:45:49.2258610Z   ---
2026-10-06T15:45:49.2258802Z   duration_ms: 8.543
2026-10-06T15:45:49.2259010Z   type: 'test'
2026-10-06T15:45:49.2259345Z   ...
2026-10-06T15:45:49.2259991Z # Subtest: missing compiler keeps prefix completion, hover and signatures available
2026-10-06T15:45:49.2261066Z ok 151 - missing compiler keeps prefix completion, hover and signatures available
2026-10-06T15:45:49.2261745Z   ---
2026-10-06T15:45:49.2262092Z   duration_ms: 9.5399
2026-10-06T15:45:49.2262321Z   type: 'test'
2026-10-06T15:45:49.2262928Z   ...
2026-10-06T15:45:49.2263993Z # Subtest: borrowed local providers annotate hover and detail while keeping variable kind and insertion
2026-10-06T15:45:49.2265254Z ok 152 - borrowed local providers annotate hover and detail while keeping variable kind and insertion
2026-10-06T15:45:49.2265996Z   ---
2026-10-06T15:45:49.2266335Z   duration_ms: 10.0758
2026-10-06T15:45:49.2266680Z   type: 'test'
2026-10-06T15:45:49.2266968Z   ...
2026-10-06T15:45:49.2267681Z # Subtest: untrusted and untitled assistance executes no compiler and retains High/Low selectors
2026-10-06T15:45:49.2268883Z ok 153 - untrusted and untitled assistance executes no compiler and retains High/Low selectors
2026-10-06T15:45:49.2269341Z   ---
2026-10-06T15:45:49.2269530Z   duration_ms: 9.6422
2026-10-06T15:45:49.2269728Z   type: 'test'
2026-10-06T15:45:49.2269899Z   ...
2026-10-06T15:45:49.2270348Z # Subtest: Low builtin help uses fn and record in hover, completion and signatures without a compiler
2026-10-06T15:45:49.2271053Z ok 154 - Low builtin help uses fn and record in hover, completion and signatures without a compiler
2026-10-06T15:45:49.2271481Z   ---
2026-10-06T15:45:49.2271649Z   duration_ms: 5.1142
2026-10-06T15:45:49.2271847Z   type: 'test'
2026-10-06T15:45:49.2272016Z   ...
2026-10-06T15:45:49.2272553Z # Subtest: Low declaration and standard-operation help displays braces while retaining compiler kinds and call shapes
2026-10-06T15:45:49.2273422Z ok 155 - Low declaration and standard-operation help displays braces while retaining compiler kinds and call shapes
2026-10-06T15:45:49.2273915Z   ---
2026-10-06T15:45:49.2274087Z   duration_ms: 8.4174
2026-10-06T15:45:49.2274289Z   type: 'test'
2026-10-06T15:45:49.2274457Z   ...
2026-10-06T15:45:49.2275018Z # Subtest: Low enum declaration help removes namespace prefixes only from variant names
2026-10-06T15:45:49.2275642Z ok 156 - Low enum declaration help removes namespace prefixes only from variant names
2026-10-06T15:45:49.2276027Z   ---
2026-10-06T15:45:49.2276202Z   duration_ms: 14.2891
2026-10-06T15:45:49.2276408Z   type: 'test'
2026-10-06T15:45:49.2276579Z   ...
2026-10-06T15:45:49.2276966Z # Subtest: Low folding is available without trust or a compiler and honors cancellation
2026-10-06T15:45:49.2277565Z ok 157 - Low folding is available without trust or a compiler and honors cancellation
2026-10-06T15:45:49.2277942Z   ---
2026-10-06T15:45:49.2278107Z   duration_ms: 2.956
2026-10-06T15:45:49.2278300Z   type: 'test'
2026-10-06T15:45:49.2278469Z   ...
2026-10-06T15:45:49.2278914Z # Subtest: cancelled, closed and changed documents cannot receive static fallback from failed queries
2026-10-06T15:45:49.2279855Z ok 158 - cancelled, closed and changed documents cannot receive static fallback from failed queries
2026-10-06T15:45:49.2280524Z   ---
2026-10-06T15:45:49.2280694Z   duration_ms: 5.1309
2026-10-06T15:45:49.2280900Z   type: 'test'
2026-10-06T15:45:49.2281076Z   ...
2026-10-06T15:45:49.2281512Z # Subtest: registered providers render enum/member kinds and payload signature parameters
2026-10-06T15:45:49.2282780Z ok 159 - registered providers render enum/member kinds and payload signature parameters
2026-10-06T15:45:49.2283361Z   ---
2026-10-06T15:45:49.2283549Z   duration_ms: 7.3469
2026-10-06T15:45:49.2283748Z   type: 'test'
2026-10-06T15:45:49.2283917Z   ...
2026-10-06T15:45:49.2284358Z # Subtest: standard F12 targets open compiler registry text through a read-only virtual document
2026-10-06T15:45:49.2285051Z ok 160 - standard F12 targets open compiler registry text through a read-only virtual document
2026-10-06T15:45:49.2285784Z   ---
2026-10-06T15:45:49.2286074Z   duration_ms: 10.5684
2026-10-06T15:45:49.2286398Z   type: 'test'
2026-10-06T15:45:49.2286675Z   ...
2026-10-06T15:45:49.2287417Z # Subtest: standard F12 keeps each project compiler registry text when another compiler is queried
2026-10-06T15:45:49.2288332Z ok 161 - standard F12 keeps each project compiler registry text when another compiler is queried
2026-10-06T15:45:49.2289053Z   ---
2026-10-06T15:45:49.2289559Z   duration_ms: 13.9346
2026-10-06T15:45:49.2289912Z   type: 'test'
2026-10-06T15:45:49.2290194Z   ...
2026-10-06T15:45:49.2291037Z # Subtest: keyword completion covers existing syntax in High and Low without leaking into types or members
2026-10-06T15:45:49.2292407Z ok 162 - keyword completion covers existing syntax in High and Low without leaking into types or members
2026-10-06T15:45:49.2293198Z   ---
2026-10-06T15:45:49.2293493Z   duration_ms: 4.9929
2026-10-06T15:45:49.2293830Z   type: 'test'
2026-10-06T15:45:49.2294120Z   ...
2026-10-06T15:45:49.2294725Z # Subtest: static builtin help works with incomplete syntax without an index
2026-10-06T15:45:49.2295691Z ok 163 - static builtin help works with incomplete syntax without an index
2026-10-06T15:45:49.2296316Z   ---
2026-10-06T15:45:49.2296608Z   duration_ms: 2.3667
2026-10-06T15:45:49.2296940Z   type: 'test'
2026-10-06T15:45:49.2297234Z   ...
2026-10-06T15:45:49.2298131Z # Subtest: static builtin fallback avoids declarations, parameters and local bindings that shadow the name
2026-10-06T15:45:49.2299805Z ok 164 - static builtin fallback avoids declarations, parameters and local bindings that shadow the name
2026-10-06T15:45:49.2300634Z   ---
2026-10-06T15:45:49.2300929Z   duration_ms: 6.2887
2026-10-06T15:45:49.2301267Z   type: 'test'
2026-10-06T15:45:49.2301554Z   ...
2026-10-06T15:45:49.2302427Z # Subtest: unresolved imports suppress guessed builtins but retain syntax and types; checked declarations win
2026-10-06T15:45:49.2303877Z ok 165 - unresolved imports suppress guessed builtins but retain syntax and types; checked declarations win
2026-10-06T15:45:49.2304580Z   ---
2026-10-06T15:45:49.2304756Z   duration_ms: 1.7678
2026-10-06T15:45:49.2305130Z   type: 'test'
2026-10-06T15:45:49.2305306Z   ...
2026-10-06T15:45:49.2305760Z # Subtest: signature help does not replace a compiler-resolved local function with builtin metadata
2026-10-06T15:45:49.2306498Z ok 166 - signature help does not replace a compiler-resolved local function with builtin metadata
2026-10-06T15:45:49.2308888Z   ---
2026-10-06T15:45:49.2309186Z   duration_ms: 1.275
2026-10-06T15:45:49.2309472Z   type: 'test'
2026-10-06T15:45:49.2309698Z   ...
2026-10-06T15:45:49.2311963Z # Subtest: lexical references prevent guessed signatures when a type error removes local types
2026-10-06T15:45:49.2313169Z ok 167 - lexical references prevent guessed signatures when a type error removes local types
2026-10-06T15:45:49.2313907Z   ---
2026-10-06T15:45:49.2314204Z   duration_ms: 0.9057
2026-10-06T15:45:49.2314543Z   type: 'test'
2026-10-06T15:45:49.2314859Z   ...
2026-10-06T15:45:49.2315566Z # Subtest: unfinished line strings do not hide later assistance and preserve UTF-16 CRLF ranges
2026-10-06T15:45:49.2316698Z ok 168 - unfinished line strings do not hide later assistance and preserve UTF-16 CRLF ranges
2026-10-06T15:45:49.2317407Z   ---
2026-10-06T15:45:49.2317700Z   duration_ms: 1.5573
2026-10-06T15:45:49.2318038Z   type: 'test'
2026-10-06T15:45:49.2318338Z   ...
2026-10-06T15:45:49.2319115Z # Subtest: registered resources and constants keep namespaces and never create constructor snippets
2026-10-06T15:45:49.2320735Z ok 169 - registered resources and constants keep namespaces and never create constructor snippets
2026-10-06T15:45:49.2321574Z   ---
2026-10-06T15:45:49.2321907Z   duration_ms: 9.3984
2026-10-06T15:45:49.2322257Z   type: 'test'
2026-10-06T15:45:49.2322569Z   ...
2026-10-06T15:45:49.2323253Z # Subtest: standard operation and aliased constants preserve hover and argument help
2026-10-06T15:45:49.2324257Z ok 170 - standard operation and aliased constants preserve hover and argument help
2026-10-06T15:45:49.2324887Z   ---
2026-10-06T15:45:49.2325180Z   duration_ms: 1.1377
2026-10-06T15:45:49.2325505Z   type: 'test'
2026-10-06T15:45:49.2325784Z   ...
2026-10-06T15:45:49.2326469Z # Subtest: typed resource fields are read-only and do not expose type constants on values
2026-10-06T15:45:49.2329011Z ok 171 - typed resource fields are read-only and do not expose type constants on values
2026-10-06T15:45:49.2329730Z   ---
2026-10-06T15:45:49.2330031Z   duration_ms: 1.3452
2026-10-06T15:45:49.2330370Z   type: 'test'
2026-10-06T15:45:49.2330660Z   ...
2026-10-06T15:45:49.2331309Z # Subtest: virtual source identifiers cannot navigate to project paths or URLs
2026-10-06T15:45:49.2332252Z ok 172 - virtual source identifiers cannot navigate to project paths or URLs
2026-10-06T15:45:49.2333426Z   ---
2026-10-06T15:45:49.2333768Z   duration_ms: 0.7875
2026-10-06T15:45:49.2334156Z   type: 'test'
2026-10-06T15:45:49.2335573Z   ...
2026-10-06T15:45:49.2336636Z # Subtest: virtual registry revisions keep module paths and accept only a source hash
2026-10-06T15:45:49.2337344Z ok 173 - virtual registry revisions keep module paths and accept only a source hash
2026-10-06T15:45:49.2337749Z   ---
2026-10-06T15:45:49.2337926Z   duration_ms: 0.6198
2026-10-06T15:45:49.2338125Z   type: 'test'
2026-10-06T15:45:49.2338303Z   ...
2026-10-06T15:45:49.2338676Z # Subtest: Some and None are pattern assistance, not general value constructors
2026-10-06T15:45:49.2339227Z ok 174 - Some and None are pattern assistance, not general value constructors
2026-10-06T15:45:49.2339597Z   ---
2026-10-06T15:45:49.2339766Z   duration_ms: 1.7785
2026-10-06T15:45:49.2339960Z   type: 'test'
2026-10-06T15:45:49.2340129Z   ...
2026-10-06T15:45:49.2340940Z # Subtest: standard import completion uses the compiler catalog and replaces the full dotted path
2026-10-06T15:45:49.2341660Z ok 175 - standard import completion uses the compiler catalog and replaces the full dotted path
2026-10-06T15:45:49.2342085Z   ---
2026-10-06T15:45:49.2342257Z   duration_ms: 0.8408
2026-10-06T15:45:49.2342655Z   type: 'test'
2026-10-06T15:45:49.2342829Z   ...
2026-10-06T15:45:49.2343243Z # Subtest: Low standard imports can follow another declaration or import on the same line
2026-10-06T15:45:49.2343880Z ok 176 - Low standard imports can follow another declaration or import on the same line
2026-10-06T15:45:49.2344261Z   ---
2026-10-06T15:45:49.2344435Z   duration_ms: 0.3937
2026-10-06T15:45:49.2344629Z   type: 'test'
2026-10-06T15:45:49.2344799Z   ...
2026-10-06T15:45:49.2345221Z # Subtest: real nagi standard symbols keep resource identity, virtual sources and UTF-16 targets
2026-10-06T15:45:49.2345917Z ok 177 - real nagi standard symbols keep resource identity, virtual sources and UTF-16 targets
2026-10-06T15:45:49.2346329Z   ---
2026-10-06T15:45:49.2346549Z   duration_ms: 1120.6796
2026-10-06T15:45:49.2346764Z   type: 'test'
2026-10-06T15:45:49.2346933Z   ...
2026-10-06T15:45:49.2347356Z # Subtest: real low standard symbols keep resource identity, virtual sources and UTF-16 targets
2026-10-06T15:45:49.2348030Z ok 178 - real low standard symbols keep resource identity, virtual sources and UTF-16 targets
2026-10-06T15:45:49.2348435Z   ---
2026-10-06T15:45:49.2348650Z   duration_ms: 906.9864
2026-10-06T15:45:49.2348998Z   type: 'test'
2026-10-06T15:45:49.2349504Z   ...
2026-10-06T15:45:49.2350187Z # Subtest: unsaved dependency standard aliases update sources without saving or building
2026-10-06T15:45:49.2351485Z ok 179 - unsaved dependency standard aliases update sources without saving or building
2026-10-06T15:45:49.2351894Z   ---
2026-10-06T15:45:49.2352068Z   duration_ms: 823.9411
2026-10-06T15:45:49.2352276Z   type: 'test'
2026-10-06T15:45:49.2352450Z   ...
2026-10-06T15:45:49.2352882Z # Subtest: an incomplete initial standard import uses the registry catalog from a saved snapshot
2026-10-06T15:45:49.2353568Z ok 180 - an incomplete initial standard import uses the registry catalog from a saved snapshot
2026-10-06T15:45:49.2353986Z   ---
2026-10-06T15:45:49.2354159Z   duration_ms: 216.9261
2026-10-06T15:45:49.2354356Z   type: 'test'
2026-10-06T15:45:49.2354528Z   ...
2026-10-06T15:45:49.2354886Z # Subtest: shared receiver fields are read-only regardless of each field type
2026-10-06T15:45:49.2355595Z ok 181 - shared receiver fields are read-only regardless of each field type
2026-10-06T15:45:49.2355965Z   ---
2026-10-06T15:45:49.2356132Z   duration_ms: 219.7107
2026-10-06T15:45:49.2356325Z   type: 'test'
2026-10-06T15:45:49.2356494Z   ...
2026-10-06T15:45:49.2356938Z # Subtest: nagi saved snapshots complete new modules and from-import names before imports are checked
2026-10-06T15:45:49.2357662Z ok 182 - nagi saved snapshots complete new modules and from-import names before imports are checked
2026-10-06T15:45:49.2358101Z   ---
2026-10-06T15:45:49.2358267Z   duration_ms: 8.5733
2026-10-06T15:45:49.2358460Z   type: 'test'
2026-10-06T15:45:49.2358625Z   ...
2026-10-06T15:45:49.2359240Z # Subtest: nagi readiness and wait resources preserve namespaces and do not offer constructors
2026-10-06T15:45:49.2359914Z ok 183 - nagi readiness and wait resources preserve namespaces and do not offer constructors
2026-10-06T15:45:49.2360321Z   ---
2026-10-06T15:45:49.2360834Z   duration_ms: 10.641
2026-10-06T15:45:49.2361039Z   type: 'test'
2026-10-06T15:45:49.2361211Z   ...
2026-10-06T15:45:49.2361764Z # Subtest: nagi WaitError value fields keep borrowed payload types and read-only status
2026-10-06T15:45:49.2362564Z ok 184 - nagi WaitError value fields keep borrowed payload types and read-only status
2026-10-06T15:45:49.2363230Z   ---
2026-10-06T15:45:49.2363459Z   duration_ms: 1.1212
2026-10-06T15:45:49.2363788Z   type: 'test'
2026-10-06T15:45:49.2364126Z   ...
2026-10-06T15:45:49.2364831Z # Subtest: nagi inferred standard operations insert positional calls and retain exact callback and Future contracts
2026-10-06T15:45:49.2365691Z ok 185 - nagi inferred standard operations insert positional calls and retain exact callback and Future contracts
2026-10-06T15:45:49.2366344Z   ---
2026-10-06T15:45:49.2366523Z   duration_ms: 7.0447
2026-10-06T15:45:49.2366724Z   type: 'test'
2026-10-06T15:45:49.2366892Z   ...
2026-10-06T15:45:49.2367350Z # Subtest: low saved snapshots complete new modules and from-import names before imports are checked
2026-10-06T15:45:49.2368080Z ok 186 - low saved snapshots complete new modules and from-import names before imports are checked
2026-10-06T15:45:49.2368509Z   ---
2026-10-06T15:45:49.2368674Z   duration_ms: 0.943
2026-10-06T15:45:49.2368872Z   type: 'test'
2026-10-06T15:45:49.2369042Z   ...
2026-10-06T15:45:49.2369458Z # Subtest: low readiness and wait resources preserve namespaces and do not offer constructors
2026-10-06T15:45:49.2370144Z ok 187 - low readiness and wait resources preserve namespaces and do not offer constructors
2026-10-06T15:45:49.2370554Z   ---
2026-10-06T15:45:49.2370721Z   duration_ms: 5.7959
2026-10-06T15:45:49.2370915Z   type: 'test'
2026-10-06T15:45:49.2371083Z   ...
2026-10-06T15:45:49.2371478Z # Subtest: low WaitError value fields keep borrowed payload types and read-only status
2026-10-06T15:45:49.2372093Z ok 188 - low WaitError value fields keep borrowed payload types and read-only status
2026-10-06T15:45:49.2372466Z   ---
2026-10-06T15:45:49.2372631Z   duration_ms: 0.3856
2026-10-06T15:45:49.2372818Z   type: 'test'
2026-10-06T15:45:49.2372985Z   ...
2026-10-06T15:45:49.2373486Z # Subtest: low inferred standard operations insert positional calls and retain exact callback and Future contracts
2026-10-06T15:45:49.2374312Z ok 189 - low inferred standard operations insert positional calls and retain exact callback and Future contracts
2026-10-06T15:45:49.2374789Z   ---
2026-10-06T15:45:49.2374950Z   duration_ms: 2.6714
2026-10-06T15:45:49.2375137Z   type: 'test'
2026-10-06T15:45:49.2375305Z   ...
2026-10-06T15:45:49.2375740Z # Subtest: new operations and constants navigate to compiler standard sources with UTF-16 locations
2026-10-06T15:45:49.2376444Z ok 190 - new operations and constants navigate to compiler standard sources with UTF-16 locations
2026-10-06T15:45:49.2376871Z   ---
2026-10-06T15:45:49.2377037Z   duration_ms: 4.4583
2026-10-06T15:45:49.2377233Z   type: 'test'
2026-10-06T15:45:49.2377406Z   ...
2026-10-06T15:45:49.2377951Z # Subtest: real nagi borrowed list locals and nested fields keep read-only metadata in editor assistance
2026-10-06T15:45:49.2378686Z ok 191 - real nagi borrowed list locals and nested fields keep read-only metadata in editor assistance
2026-10-06T15:45:49.2379122Z   ---
2026-10-06T15:45:49.2379290Z   duration_ms: 297.2764
2026-10-06T15:45:49.2379486Z   type: 'test'
2026-10-06T15:45:49.2379651Z   ...
2026-10-06T15:45:49.2380102Z # Subtest: real low borrowed list locals and nested fields keep read-only metadata in editor assistance
2026-10-06T15:45:49.2381186Z ok 192 - real low borrowed list locals and nested fields keep read-only metadata in editor assistance
2026-10-06T15:45:49.2381628Z   ---
2026-10-06T15:45:49.2381803Z   duration_ms: 211.4416
2026-10-06T15:45:49.2382010Z   type: 'test'
2026-10-06T15:45:49.2382179Z   ...
2026-10-06T15:45:49.2382621Z # Subtest: real nagi map_error aliases retain inferred generics and standard virtual navigation
2026-10-06T15:45:49.2383298Z ok 193 - real nagi map_error aliases retain inferred generics and standard virtual navigation
2026-10-06T15:45:49.2383700Z   ---
2026-10-06T15:45:49.2383873Z   duration_ms: 313.7752
2026-10-06T15:45:49.2384067Z   type: 'test'
2026-10-06T15:45:49.2384232Z   ...
2026-10-06T15:45:49.2384641Z # Subtest: real low map_error aliases retain inferred generics and standard virtual navigation
2026-10-06T15:45:49.2385290Z ok 194 - real low map_error aliases retain inferred generics and standard virtual navigation
2026-10-06T15:45:49.2385684Z   ---
2026-10-06T15:45:49.2385849Z   duration_ms: 301.4104
2026-10-06T15:45:49.2386035Z   type: 'test'
2026-10-06T15:45:49.2386194Z   ...
2026-10-06T15:45:49.2386634Z # Subtest: real nagi readiness and deadline API assistance keeps resource aliases and read-only fields
2026-10-06T15:45:49.2387476Z ok 195 - real nagi readiness and deadline API assistance keeps resource aliases and read-only fields
2026-10-06T15:45:49.2387907Z   ---
2026-10-06T15:45:49.2388071Z   duration_ms: 562.5182
2026-10-06T15:45:49.2388279Z   type: 'test'
2026-10-06T15:45:49.2388447Z   ...
2026-10-06T15:45:49.2388891Z # Subtest: real low readiness and deadline API assistance keeps resource aliases and read-only fields
2026-10-06T15:45:49.2389602Z ok 196 - real low readiness and deadline API assistance keeps resource aliases and read-only fields
2026-10-06T15:45:49.2390025Z   ---
2026-10-06T15:45:49.2390189Z   duration_ms: 478.6728
2026-10-06T15:45:49.2390386Z   type: 'test'
2026-10-06T15:45:49.2390552Z   ...
2026-10-06T15:45:49.2390918Z # Subtest: cross-module call curves fit with marker and stroke space on both sides
2026-10-06T15:45:49.2391502Z ok 197 - cross-module call curves fit with marker and stroke space on both sides
2026-10-06T15:45:49.2391861Z   ---
2026-10-06T15:45:49.2392045Z   duration_ms: 3.1786
2026-10-06T15:45:49.2392242Z   type: 'test'
2026-10-06T15:45:49.2392412Z   ...
2026-10-06T15:45:49.2392719Z # Subtest: ordinary stock-report layout keeps its existing extent
2026-10-06T15:45:49.2393182Z ok 198 - ordinary stock-report layout keeps its existing extent
2026-10-06T15:45:49.2393490Z   ---
2026-10-06T15:45:49.2393650Z   duration_ms: 0.2494
2026-10-06T15:45:49.2393844Z   type: 'test'
2026-10-06T15:45:49.2394007Z   ...
2026-10-06T15:45:49.2394345Z # Subtest: geometry above or below the layout extends the vertical viewport
2026-10-06T15:45:49.2394874Z ok 199 - geometry above or below the layout extends the vertical viewport
2026-10-06T15:45:49.2395206Z   ---
2026-10-06T15:45:49.2395365Z   duration_ms: 0.234
2026-10-06T15:45:49.2395555Z   type: 'test'
2026-10-06T15:45:49.2395715Z   ...
2026-10-06T15:45:49.2396012Z # Subtest: an empty SVG bounding box does not add blank padding
2026-10-06T15:45:49.2396452Z ok 200 - an empty SVG bounding box does not add blank padding
2026-10-06T15:45:49.2396751Z   ---
2026-10-06T15:45:49.2396954Z   duration_ms: 0.2083
2026-10-06T15:45:49.2397140Z   type: 'test'
2026-10-06T15:45:49.2397307Z   ...
2026-10-06T15:45:49.2397741Z # Subtest: non-finite browser measurements preserve the finite layout extent
2026-10-06T15:45:49.2398285Z ok 201 - non-finite browser measurements preserve the finite layout extent
2026-10-06T15:45:49.2398634Z   ---
2026-10-06T15:45:49.2398792Z   duration_ms: 0.7737
2026-10-06T15:45:49.2398979Z   type: 'test'
2026-10-06T15:45:49.2399147Z   ...
2026-10-06T15:45:49.2399299Z 1..201
2026-10-06T15:45:49.2399459Z # tests 201
2026-10-06T15:45:49.2399622Z # suites 0
2026-10-06T15:45:49.2399788Z # pass 201
2026-10-06T15:45:49.2399946Z # fail 0
2026-10-06T15:45:49.2400107Z # cancelled 0
2026-10-06T15:45:49.2400281Z # skipped 0
2026-10-06T15:45:49.2400478Z # todo 0
2026-10-06T15:45:49.2401016Z # duration_ms 8775.621
2026-10-06T15:45:49.2586406Z ##[group]Run cargo test --locked -p nagic --test output_safety --test integer_arithmetic --test integer_zero_division --test constant_validation --test auth_boundaries --test view_branch_rebinding --test view_container_rebinding --test view_container_drop --test view_flow_foundation --test view_flow_completion --test explicit_moves --test task_handles --test conformance --test scope_runtime_contract --test copy_capabilities --test shared_field_moves --test asset_calls --test shared_target --test build_generations --test project
2026-10-06T15:45:49.2590110Z [36;1mcargo test --locked -p nagic --test output_safety --test integer_arithmetic --test integer_zero_division --test constant_validation --test auth_boundaries --test view_branch_rebinding --test view_container_rebinding --test view_container_drop --test view_flow_foundation --test view_flow_completion --test explicit_moves --test task_handles --test conformance --test scope_runtime_contract --test copy_capabilities --test shared_field_moves --test asset_calls --test shared_target --test build_generations --test project[0m
2026-10-06T15:45:49.2664380Z shell: C:\Program Files\PowerShell\7\pwsh.EXE -command ". '{0}'"
2026-10-06T15:45:49.2664721Z env:
2026-10-06T15:45:49.2664964Z   NAGI_FAILURE_DIR: D:\a\Nagi\Nagi/build/compiler-failures
2026-10-06T15:45:49.2665291Z   CARGO_HOME: C:\Users\runneradmin\.cargo
2026-10-06T15:45:49.2665545Z   CARGO_INCREMENTAL: 0
2026-10-06T15:45:49.2665743Z   CARGO_TERM_COLOR: always
2026-10-06T15:45:49.2666048Z   pythonLocation: C:\hostedtoolcache\windows\Python\3.12.10\x64
2026-10-06T15:45:49.2666509Z   PKG_CONFIG_PATH: C:\hostedtoolcache\windows\Python\3.12.10\x64/lib/pkgconfig
2026-10-06T15:45:49.2666962Z   Python_ROOT_DIR: C:\hostedtoolcache\windows\Python\3.12.10\x64
2026-10-06T15:45:49.2667359Z   Python2_ROOT_DIR: C:\hostedtoolcache\windows\Python\3.12.10\x64
2026-10-06T15:45:49.2667758Z   Python3_ROOT_DIR: C:\hostedtoolcache\windows\Python\3.12.10\x64
2026-10-06T15:45:49.2668076Z ##[endgroup]
2026-10-06T15:45:49.6512739Z [1m[92m   Compiling[0m nagic v0.1.10 (D:\a\Nagi\Nagi\compiler)
2026-10-06T15:45:58.6946167Z [1m[92m    Finished[0m `test` profile [unoptimized + debuginfo] target(s) in 9.12s
2026-10-06T15:45:58.7021594Z [1m[92m     Running[0m tests\asset_calls.rs (target\debug\deps\asset_calls-1cf110c0d787472c.exe)
2026-10-06T15:45:58.7132531Z 
2026-10-06T15:45:58.7132813Z running 2 tests
2026-10-06T15:45:58.7201024Z test a_missing_real_asset_still_reports_the_original_call ... ok
2026-10-06T15:45:59.1164525Z test local_callbacks_named_include_text_keep_literals_and_restore_builtin_after_scope ... ok
2026-10-06T15:45:59.1164945Z 
2026-10-06T15:45:59.1165314Z test result: ok. 2 passed; 0 failed; 0 ignored; 0 measured; 0 filtered out; finished in 0.40s
2026-10-06T15:45:59.1165662Z 
2026-10-06T15:45:59.1186843Z [1m[92m     Running[0m tests\auth_boundaries.rs (target\debug\deps\auth_boundaries-b86bed55f8731111.exe)
2026-10-06T15:45:59.1287087Z 
2026-10-06T15:45:59.1287309Z running 9 tests
2026-10-06T15:45:59.1910744Z test handwritten_low_and_owned_local_containers_keep_nominal_marker_identity ... ok
2026-10-06T15:45:59.2500203Z test aliases_option_result_and_async_delegation_preserve_proof_identity ... ok
2026-10-06T15:45:59.5143539Z test a_function_signature_and_a_deep_dto_do_not_contain_a_proof_payload ... ok
2026-10-06T15:45:59.6063016Z test missing_principal_grant_wrong_permission_and_reuse_are_rejected ... ok
2026-10-06T15:46:00.5726708Z test opaque_proofs_cannot_be_constructed_decoded_copied_or_shared ... ok
2026-10-06T15:46:01.1956596Z test indirect_arc_state_cannot_share_a_proof ... ok
2026-10-06T15:46:59.2517444Z test native_phantom_types_do_not_become_field_payloads has been running for over 60 seconds
2026-10-06T15:46:59.5256633Z test opaque_main_errors_fail_without_a_debug_bound_or_proof_payload has been running for over 60 seconds
2026-10-06T15:47:00.5745375Z test proof_move_and_nominal_marker_build_and_run_against_real_runtime has been running for over 60 seconds
2026-10-06T15:47:12.7391510Z test proof_move_and_nominal_marker_build_and_run_against_real_runtime ... ok
2026-10-06T15:47:15.5656002Z test native_phantom_types_do_not_become_field_payloads ... ok
2026-10-06T15:47:17.3062568Z test opaque_main_errors_fail_without_a_debug_bound_or_proof_payload ... ok
2026-10-06T15:47:17.3063342Z 
2026-10-06T15:47:17.3064122Z test result: ok. 9 passed; 0 failed; 0 ignored; 0 measured; 0 filtered out; finished in 78.18s
2026-10-06T15:47:17.3064895Z 
2026-10-06T15:47:17.3088017Z [1m[92m     Running[0m tests\build_generations.rs (target\debug\deps\build_generations-30137a0e694559bc.exe)
2026-10-06T15:47:17.3187320Z 
2026-10-06T15:47:17.3187580Z running 22 tests
2026-10-06T15:47:20.2383757Z test cargo_cache_keeps_a_preexisting_default_package_binary_unchanged ... ok
2026-10-06T15:47:20.3328506Z test invalid_input_does_not_create_output_or_its_lock ... ok
2026-10-06T15:47:20.7302185Z test a_running_old_executable_is_not_replaced_by_a_new_build ... ok
2026-10-06T15:47:21.3013926Z test cargo_failure_retains_latest_and_inherited_lockfile ... ok
2026-10-06T15:47:22.1546220Z test latest_metadata_used_as_an_input_cannot_be_overwritten_by_rebuild ... ok
2026-10-06T15:47:22.2053299Z test lock_is_permanent_and_input_protection_is_rechecked_after_waiting ... ok
2026-10-06T15:47:22.2739087Z test nonwriting_low_check_and_lower_do_not_wait_for_the_output_writer_lock ... ok
2026-10-06T15:47:22.3901327Z test compatibility_outputs_cannot_alias_previous_latest_metadata ... ok
2026-10-06T15:47:23.7970190Z test latest_rename_failure_preserves_old_success_and_recovers_after_handle_close ... ok
2026-10-06T15:47:23.9040419Z test latest_temp_failure_keeps_old_metadata_and_does_not_run_new_generation ... ok
2026-10-06T15:47:25.1104440Z test orphan_cargo_uses_an_immutable_snapshot_and_cannot_replace_next_generation ... ok
2026-10-06T15:47:25.1859948Z test published_manifest_runtime_reference_resolves_from_the_published_location ... ok
2026-10-06T15:47:25.8917048Z test parallel_latest_readers_observe_only_complete_published_generations ... ok
2026-10-06T15:47:26.3363308Z test projection_failure_keeps_old_latest_and_reports_partial_projection ... ok
2026-10-06T15:47:26.9617985Z test run_releases_output_lock_before_waiting_for_the_selected_executable ... ok
2026-10-06T15:47:27.0230373Z test rebuild_publishes_new_generation_and_preserves_old_executable_and_snapshot ... ok
2026-10-06T15:47:27.5135271Z test user_low_snapshot_comes_from_this_input_instead_of_a_stale_high_projection ... ok
2026-10-06T15:47:28.8284528Z test writing_high_check_cannot_alias_previous_latest ... ok
2026-10-06T15:47:29.5047939Z test writing_cost_report_cannot_alias_previous_latest ... ok
2026-10-06T15:47:29.7848064Z test writing_high_lower_cannot_alias_previous_latest ... ok
2026-10-06T15:47:30.2873859Z test same_and_different_apps_with_equivalent_output_paths_wait_for_one_output_writer ... ok
2026-10-06T15:47:31.1111336Z test writing_check_lower_and_cost_wait_while_build_owns_the_output_lock ... ok
2026-10-06T15:47:31.1111963Z 
2026-10-06T15:47:31.1112960Z test result: ok. 22 passed; 0 failed; 0 ignored; 0 measured; 0 filtered out; finished in 13.79s
2026-10-06T15:47:31.1113610Z 
2026-10-06T15:47:31.1132280Z [1m[92m     Running[0m tests\conformance.rs (target\debug\deps\conformance-00510361ac82baea.exe)
2026-10-06T15:47:31.1233737Z 
2026-10-06T15:47:31.1234071Z running 6 tests
2026-10-06T15:47:31.1248427Z test batch_root_relocation_preserves_literals_raw_strings_and_comments ... ok
2026-10-06T15:47:31.1395570Z test failure_shrinking_preserves_the_checker_failure_instead_of_a_parse_error ... ok
2026-10-06T15:47:31.2073274Z test native_process_deadline_reaps_a_hanging_child ... ok
2026-10-06T15:47:31.6022667Z test explicit_move_corpus_reaches_native_execution ... ok
2026-10-06T15:47:31.7688645Z test backend_shrinking_does_not_turn_an_oracle_error_into_a_compiler_reproducer ... ok
2026-10-06T15:47:32.4786390Z test corpus_and_bounded_generated_contracts_reach_native_execution ... ok
2026-10-06T15:47:32.4787984Z 
2026-10-06T15:47:32.4788635Z test result: ok. 6 passed; 0 failed; 0 ignored; 0 measured; 0 filtered out; finished in 1.36s
2026-10-06T15:47:32.4789274Z 
2026-10-06T15:47:32.4809829Z [1m[92m     Running[0m tests\constant_validation.rs (target\debug\deps\constant_validation-d5c9902d44f31953.exe)
2026-10-06T15:47:32.4909375Z 
2026-10-06T15:47:32.4909726Z running 10 tests
2026-10-06T15:47:32.4978809Z test builtin_widening_uses_resolution_and_result_casts_remain_opaque ... ok
2026-10-06T15:47:32.4980578Z test binding_facts_follow_reassignment_scope_and_continuing_branch_joins ... ok
2026-10-06T15:47:32.5009032Z test compound_failures_are_checked_even_in_dead_branches_and_short_circuit_rhs ... ok
2026-10-06T15:47:32.5012654Z test loop_writes_kill_facts_before_conditions_and_respect_shadowed_counter_bindings ... ok
2026-10-06T15:47:32.5057088Z test profile_dependent_intermediates_are_not_folded_to_a_known_zero ... ok
2026-10-06T15:47:32.5249752Z test signed_minimum_division_and_remainder_are_static_failures_in_every_width ... ok
2026-10-06T15:47:32.5296334Z test compound_and_alias_zero_fail_after_type_check_in_all_widths_and_forms ... ok
2026-10-06T15:47:32.5298463Z test typed_ast_errors_precede_new_constant_diagnostics ... ok
2026-10-06T15:47:32.5881839Z test compound_diagnostics_identify_original_modules_before_cargo ... ok
2026-10-06T15:47:33.7810520Z test minimum_negation_and_integer_oracle_build_and_run_in_both_profiles ... ok
2026-10-06T15:47:33.7811125Z 
2026-10-06T15:47:33.7811777Z test result: ok. 10 passed; 0 failed; 0 ignored; 0 measured; 0 filtered out; finished in 1.29s
2026-10-06T15:47:33.7812432Z 
2026-10-06T15:47:33.7832602Z [1m[92m     Running[0m tests\copy_capabilities.rs (target\debug\deps\copy_capabilities-62f281cff384e558.exe)
2026-10-06T15:47:33.7933772Z 
2026-10-06T15:47:33.7934100Z running 2 tests
2026-10-06T15:47:34.0162545Z test omitted_clone_adapter_reports_the_element_clone_bound ... ok
2026-10-06T15:47:34.4316058Z test manual_clone_adapter_copies_owned_enum_payloads_in_high_and_independent_low ... ok
2026-10-06T15:47:34.4316641Z 
2026-10-06T15:47:34.4317147Z test result: ok. 2 passed; 0 failed; 0 ignored; 0 measured; 0 filtered out; finished in 0.64s
2026-10-06T15:47:34.4317655Z 
2026-10-06T15:47:34.4337912Z [1m[92m     Running[0m tests\explicit_moves.rs (target\debug\deps\explicit_moves-80bf256468248f45.exe)
2026-10-06T15:47:34.4437704Z 
2026-10-06T15:47:34.4438095Z running 9 tests
2026-10-06T15:47:34.6057008Z test explicit_move_preserves_use_after_move_borrow_partial_move_and_loop_checks ... ok
2026-10-06T15:47:34.7043315Z test copy_inputs_keep_ordinary_assignment_and_move_expected_type_inference ... ok
2026-10-06T15:47:34.8059992Z test implicit_noncopy_local_assignments_fail_at_the_original_source_line ... ok
2026-10-06T15:47:36.3097974Z test move_keeps_typed_constant_failures_and_profile_dependent_overflow ... ok
2026-10-06T15:47:36.3440530Z test move_operation_rejects_arity_type_arguments_and_future_transfer ... ok
2026-10-06T15:47:36.4011878Z test moving_nested_view_containers_keeps_escape_and_temporary_rejections ... ok
2026-10-06T15:47:41.5739102Z test identity_moves_preserve_rhs_failure_drop_order_and_async_cancellation ... ok
2026-10-06T15:47:42.0813728Z test canonical_aliases_shadowing_and_transparent_values_run_in_all_three_sources ... ok
2026-10-06T15:47:42.5830128Z test identity_move_materializes_copy_values_and_keeps_bare_place_comparison_loans ... ok
2026-10-06T15:47:42.5830560Z 
2026-10-06T15:47:42.5830921Z test result: ok. 9 passed; 0 failed; 0 ignored; 0 measured; 0 filtered out; finished in 8.14s
2026-10-06T15:47:42.5831278Z 
2026-10-06T15:47:42.5853710Z [1m[92m     Running[0m tests\integer_arithmetic.rs (target\debug\deps\integer_arithmetic-fef7d7c13981f7e0.exe)
2026-10-06T15:47:42.5952462Z 
2026-10-06T15:47:42.5952683Z running 2 tests
2026-10-06T15:47:42.6735719Z test native_adapter_constant_overflow_keeps_rust_diagnostics ... ok
2026-10-06T15:47:43.0549243Z test constant_integer_arithmetic_preserves_release_wrapping_and_debug_panics ... ok
2026-10-06T15:47:43.0550024Z 
2026-10-06T15:47:43.0550684Z test result: ok. 2 passed; 0 failed; 0 ignored; 0 measured; 0 filtered out; finished in 0.46s
2026-10-06T15:47:43.0551435Z 
2026-10-06T15:47:43.0569411Z [1m[92m     Running[0m tests\integer_zero_division.rs (target\debug\deps\integer_zero_division-11d4c3d9c1ca6fb8.exe)
2026-10-06T15:47:43.0666081Z 
2026-10-06T15:47:43.0666325Z running 5 tests
2026-10-06T15:47:43.0700477Z test dynamic_aliases_remain_runtime_operations ... ok
2026-10-06T15:47:43.0716001Z test operand_and_earlier_type_errors_keep_priority_over_zero_divisor_errors ... ok
2026-10-06T15:47:43.1122336Z test explicit_integer_zero_divisors_fail_in_high_handwritten_low_and_saved_low ... ok
2026-10-06T15:47:43.4089431Z test cli_rejects_zero_at_the_original_file_and_line_before_cargo ... ok
2026-10-06T15:47:44.8097512Z test dynamic_zero_nonzero_and_float_controls_compile_and_run_in_both_profiles ... ok
2026-10-06T15:47:44.8098171Z 
2026-10-06T15:47:44.8098806Z test result: ok. 5 passed; 0 failed; 0 ignored; 0 measured; 0 filtered out; finished in 1.74s
2026-10-06T15:47:44.8099708Z 
2026-10-06T15:47:44.8119305Z [1m[92m     Running[0m tests\output_safety.rs (target\debug\deps\output_safety-a7efc5fb2c56565e.exe)
2026-10-06T15:47:44.8216489Z 
2026-10-06T15:47:44.8216700Z running 9 tests
2026-10-06T15:47:44.8443168Z test aliased_generated_outputs_are_rejected_without_partial_writes ... ok
2026-10-06T15:47:44.8467671Z test custom_project_manifest_is_protected_before_generated_outputs ... ok
2026-10-06T15:47:44.8541300Z test build_preflights_rust_adapter_before_writing_any_generated_files ... ok
2026-10-06T15:47:44.8880785Z test include_text_assets_are_protected_in_generated_and_map_outputs ... ok
2026-10-06T15:47:44.9365191Z test loaded_empty_module_filters_produce_empty_type_and_call_graphs ... ok
2026-10-06T15:47:44.9367406Z test every_generated_file_rejects_a_hard_link_to_an_imported_source ... ok
2026-10-06T15:47:44.9573459Z test native_low_is_not_replaced_by_check_or_lower_output ... ok
2026-10-06T15:47:45.0300212Z test repeated_checks_and_build_preparation_keep_existing_generated_outputs_usable ... ok
2026-10-06T15:47:45.3627426Z test map_formats_protect_hard_links_to_sources_manifest_and_rust_adapter ... ok
2026-10-06T15:47:45.3627827Z 
2026-10-06T15:47:45.3628202Z test result: ok. 9 passed; 0 failed; 0 ignored; 0 measured; 0 filtered out; finished in 0.54s
2026-10-06T15:47:45.3628554Z 
2026-10-06T15:47:45.3646065Z [1m[92m     Running[0m tests\project.rs (target\debug\deps\project-9e520d0d0054463b.exe)
2026-10-06T15:47:45.3743367Z 
2026-10-06T15:47:45.3743616Z running 12 tests
2026-10-06T15:47:45.4048496Z test actual_cli_manifest_and_import_errors_point_to_original_files ... ok
2026-10-06T15:47:45.4091563Z test cli_overrides_scalars_and_dependency_versions_and_adds_native_files ... ok
2026-10-06T15:47:45.4135083Z test dependency_alias_collision_across_manifest_and_cli_is_rejected ... ok
2026-10-06T15:47:45.4439781Z test actual_cli_checks_entry_with_low_support_from_a_subdirectory ... ok
2026-10-06T15:47:45.4474188Z test explicit_source_keeps_legacy_behavior_even_next_to_a_broken_manifest ... ok
2026-10-06T15:47:45.4488961Z test invalid_commands_and_flags_fail_before_loading_sources ... ok
2026-10-06T15:47:45.4609544Z test manifest_typos_wrong_types_duplicates_and_empty_paths_are_rejected ... ok
2026-10-06T15:47:45.4672143Z test nearest_project_uses_manifest_relative_paths_from_any_subdirectory ... ok
2026-10-06T15:47:45.4675995Z test rust_diagnostic_details_are_an_explicit_build_or_run_option ... ok
2026-10-06T15:47:47.3523878Z test a_borrowed_record_field_does_not_block_moving_a_disjoint_field ... ok
2026-10-06T15:47:49.6157319Z test escaped_record_and_route_names_preserve_json_sqlite_and_rust_bridges ... ok
2026-10-06T15:48:45.3752380Z test actual_run_uses_rust_dependencies_and_a_stable_project_working_directory has been running for over 60 seconds
2026-10-06T15:48:51.6508373Z test actual_run_uses_rust_dependencies_and_a_stable_project_working_directory ... ok
2026-10-06T15:48:51.6509068Z 
2026-10-06T15:48:51.6509492Z test result: ok. 12 passed; 0 failed; 0 ignored; 0 measured; 0 filtered out; finished in 66.28s
2026-10-06T15:48:51.6509901Z 
2026-10-06T15:48:51.6529762Z [1m[92m     Running[0m tests\scope_runtime_contract.rs (target\debug\deps\scope_runtime_contract-74ab5dd60fa7be06.exe)
2026-10-06T15:48:51.6632235Z 
2026-10-06T15:48:51.6632586Z running 1 test
2026-10-06T15:49:02.8692597Z test generated_scope_failure_and_cancellation_contract_runs_with_the_real_runtime ... ok
2026-10-06T15:49:02.8693084Z 
2026-10-06T15:49:02.8693496Z test result: ok. 1 passed; 0 failed; 0 ignored; 0 measured; 0 filtered out; finished in 11.21s
2026-10-06T15:49:02.8693910Z 
2026-10-06T15:49:02.8713138Z [1m[92m     Running[0m tests\shared_field_moves.rs (target\debug\deps\shared_field_moves-b0cc826b0cd00315.exe)
2026-10-06T15:49:02.8812205Z 
2026-10-06T15:49:02.8812730Z running 4 tests
2026-10-06T15:49:02.9204832Z test nested_shared_parents_and_call_temporaries_cannot_supply_owned_fields ... ok
2026-10-06T15:49:02.9693356Z test shared_field_moves_are_rejected_in_each_consuming_context_in_high_and_handwritten_low ... ok
2026-10-06T15:49:02.9965795Z test invalid_shared_field_moves_fail_before_check_build_or_run_needs_cargo ... ok
2026-10-06T15:49:04.6890609Z test valid_arc_moves_copy_fields_and_explicit_copies_run_in_high_and_independent_low ... ok
2026-10-06T15:49:04.6891308Z 
2026-10-06T15:49:04.6891896Z test result: ok. 4 passed; 0 failed; 0 ignored; 0 measured; 0 filtered out; finished in 1.81s
2026-10-06T15:49:04.6892500Z 
2026-10-06T15:49:04.6912064Z [1m[92m     Running[0m tests\shared_target.rs (target\debug\deps\shared_target-7fbf1e19ba2aeca3.exe)
2026-10-06T15:49:04.7051587Z 
2026-10-06T15:49:04.7051938Z running 3 tests
2026-10-06T15:49:04.7173392Z test repeated_timestamps_keep_fixture_ownership_distinct ... ok
2026-10-06T15:49:07.4931447Z test default_shared_targets_keep_application_identity_stable_and_generations_distinct ... ok
2026-10-06T15:49:07.5243017Z test explicitly_shared_targets_keep_application_identity_stable_and_generations_distinct ... ok
2026-10-06T15:49:07.5243750Z 
2026-10-06T15:49:07.5244353Z test result: ok. 3 passed; 0 failed; 0 ignored; 0 measured; 0 filtered out; finished in 2.82s
2026-10-06T15:49:07.5244948Z 
2026-10-06T15:49:07.5266172Z [1m[92m     Running[0m tests\task_handles.rs (target\debug\deps\task_handles-10d38687a636e30c.exe)
2026-10-06T15:49:07.5373473Z 
2026-10-06T15:49:07.5373991Z running 5 tests
2026-10-06T15:49:07.5804236Z test canonical_task_metadata_survives_saved_low_and_user_task_names ... ok
2026-10-06T15:49:07.6722835Z test raw_check_registers_contextual_task_and_preserves_obligation ... ok
2026-10-06T15:49:27.4528634Z test native_business_fault_cleanup_and_branch_contracts ... ok
2026-10-06T15:49:34.8253823Z test bounded_generated_task_paths_reach_native ... ok
2026-10-06T15:50:07.5482440Z test positive_contracts_build_and_run_high_saved_and_handwritten_low has been running for over 60 seconds
2026-10-06T15:50:15.9490304Z test positive_contracts_build_and_run_high_saved_and_handwritten_low ... ok
2026-10-06T15:50:15.9490691Z 
2026-10-06T15:50:15.9491037Z test result: ok. 5 passed; 0 failed; 0 ignored; 0 measured; 0 filtered out; finished in 68.41s
2026-10-06T15:50:15.9491398Z 
2026-10-06T15:50:15.9513532Z [1m[92m     Running[0m tests\view_branch_rebinding.rs (target\debug\deps\view_branch_rebinding-421816dacfd1947c.exe)
2026-10-06T15:50:15.9618606Z 
2026-10-06T15:50:15.9618810Z running 4 tests
2026-10-06T15:50:15.9702066Z test local_views_still_cannot_escape_a_terminating_or_continuing_branch ... ok
2026-10-06T15:50:15.9722952Z test terminating_parent_blocks_respect_loop_and_pattern_binding_names ... ok
2026-10-06T15:50:15.9757045Z test branch_copies_are_synthetic_and_preserve_public_and_callback_lifetimes ... ok
2026-10-06T15:50:17.0167827Z test terminating_view_updates_compile_and_run_in_high_saved_low_and_handwritten_low ... ok
2026-10-06T15:50:17.0168637Z 
2026-10-06T15:50:17.0169570Z test result: ok. 4 passed; 0 failed; 0 ignored; 0 measured; 0 filtered out; finished in 1.05s
2026-10-06T15:50:17.0170197Z 
2026-10-06T15:50:17.0188693Z [1m[92m     Running[0m tests\view_container_drop.rs (target\debug\deps\view_container_drop-2a73289792cdb7a0.exe)
2026-10-06T15:50:17.0293297Z 
2026-10-06T15:50:17.0293511Z running 1 test
2026-10-06T15:50:19.0911912Z test local_view_container_replacement_preserves_allocations_and_drop_order ... ok
2026-10-06T15:50:19.0912352Z 
2026-10-06T15:50:19.0912737Z test result: ok. 1 passed; 0 failed; 0 ignored; 0 measured; 0 filtered out; finished in 2.06s
2026-10-06T15:50:19.0913134Z 
2026-10-06T15:50:19.0935124Z [1m[92m     Running[0m tests\view_container_rebinding.rs (target\debug\deps\view_container_rebinding-cf1c5d9566e04700.exe)
2026-10-06T15:50:19.1034259Z 
2026-10-06T15:50:19.1034507Z running 4 tests
2026-10-06T15:50:19.1077006Z test local_container_escape_stays_rejected_in_high_and_low ... ok
2026-10-06T15:50:19.5133144Z test restore_rhs_keeps_its_source_line_and_generated_slots_are_synthetic ... ok
2026-10-06T15:50:19.8804329Z test move_phi_and_mutation_fixtures_use_the_container_flow_plan ... ok
2026-10-06T15:50:22.6645948Z test owning_view_container_rebinding_runs_in_high_saved_low_and_handwritten_low ... ok
2026-10-06T15:50:22.6646400Z 
2026-10-06T15:50:22.6646773Z test result: ok. 4 passed; 0 failed; 0 ignored; 0 measured; 0 filtered out; finished in 3.56s
2026-10-06T15:50:22.6647181Z 
2026-10-06T15:50:22.6668440Z [1m[92m     Running[0m tests\view_flow_completion.rs (target\debug\deps\view_flow_completion-00b9c4feb2844757.exe)
2026-10-06T15:50:22.6769265Z 
2026-10-06T15:50:22.6769486Z running 3 tests
2026-10-06T15:50:22.6813405Z test completion_keeps_local_and_iterator_owner_escape_rejections ... ok
2026-10-06T15:50:22.7049759Z test scopes_keep_lexical_storage_and_route_nested_errors ... ok
2026-10-06T15:50:24.6764539Z test owned_storage_loops_and_async_compile_and_run_in_all_source_forms ... ok
2026-10-06T15:50:24.6765159Z 
2026-10-06T15:50:24.6765738Z test result: ok. 3 passed; 0 failed; 0 ignored; 0 measured; 0 filtered out; finished in 2.00s
2026-10-06T15:50:24.6766354Z 
2026-10-06T15:50:24.6786962Z [1m[92m     Running[0m tests\view_flow_foundation.rs (target\debug\deps\view_flow_foundation-1fa7808fcef7d4fc.exe)
2026-10-06T15:50:24.6884203Z 
2026-10-06T15:50:24.6884450Z running 2 tests
2026-10-06T15:50:24.7335785Z test observer_lowering_does_not_accept_local_owner_escapes ... ok
2026-10-06T15:50:26.4486042Z test return_observers_and_match_edges_compile_and_run_in_all_source_forms ... ok
2026-10-06T15:50:26.4486525Z 
2026-10-06T15:50:26.4486973Z test result: ok. 2 passed; 0 failed; 0 ignored; 0 measured; 0 filtered out; finished in 1.76s
2026-10-06T15:50:26.4487422Z 
2026-10-06T15:50:26.5795249Z ##[group]Run cargo test --locked -p nagic --test sqlite_contract_inputs
2026-10-06T15:50:26.5796024Z [36;1mcargo test --locked -p nagic --test sqlite_contract_inputs[0m
2026-10-06T15:50:26.5873282Z shell: C:\Program Files\PowerShell\7\pwsh.EXE -command ". '{0}'"
2026-10-06T15:50:26.5873657Z env:
2026-10-06T15:50:26.5873905Z   NAGI_FAILURE_DIR: D:\a\Nagi\Nagi/build/compiler-failures
2026-10-06T15:50:26.5874238Z   CARGO_HOME: C:\Users\runneradmin\.cargo
2026-10-06T15:50:26.5874508Z   CARGO_INCREMENTAL: 0
2026-10-06T15:50:26.5874716Z   CARGO_TERM_COLOR: always
2026-10-06T15:50:26.5875017Z   pythonLocation: C:\hostedtoolcache\windows\Python\3.12.10\x64
2026-10-06T15:50:26.5875472Z   PKG_CONFIG_PATH: C:\hostedtoolcache\windows\Python\3.12.10\x64/lib/pkgconfig
2026-10-06T15:50:26.5875926Z   Python_ROOT_DIR: C:\hostedtoolcache\windows\Python\3.12.10\x64
2026-10-06T15:50:26.5876446Z   Python2_ROOT_DIR: C:\hostedtoolcache\windows\Python\3.12.10\x64
2026-10-06T15:50:26.5877380Z   Python3_ROOT_DIR: C:\hostedtoolcache\windows\Python\3.12.10\x64
2026-10-06T15:50:26.5877718Z ##[endgroup]
2026-10-06T15:50:27.0337390Z [1m[92m   Compiling[0m nagic v0.1.10 (D:\a\Nagi\Nagi\compiler)
2026-10-06T15:50:27.8739602Z [1m[92m    Finished[0m `test` profile [unoptimized + debuginfo] target(s) in 0.97s
2026-10-06T15:50:27.8784018Z [1m[92m     Running[0m tests\sqlite_contract_inputs.rs (target\debug\deps\sqlite_contract_inputs-82505a3033826fca.exe)
2026-10-06T15:50:27.8891148Z 
2026-10-06T15:50:27.8891682Z running 2 tests
2026-10-06T15:50:27.8943282Z test planned_rejection_anchors_identify_original_fixture_lines_and_lexer_tokens ... ok
2026-10-06T15:50:27.8982924Z test every_planned_high_and_handwritten_low_input_parses_before_module_resolution ... ok
2026-10-06T15:50:27.8983457Z 
2026-10-06T15:50:27.8983890Z test result: ok. 2 passed; 0 failed; 0 ignored; 0 measured; 0 filtered out; finished in 0.01s
2026-10-06T15:50:27.8984337Z 
2026-10-06T15:50:28.0458166Z ##[group]Run set -o pipefail
2026-10-06T15:50:28.0458538Z [36;1mset -o pipefail[0m
2026-10-06T15:50:28.0459001Z [36;1mcargo test --locked -p nagi-runtime --lib task::tests:: 2>&1 | tee "$RUNNER_TEMP/task-runtime.log"[0m
2026-10-06T15:50:28.0459978Z [36;1mpython -c 'import pathlib,re,os; text=pathlib.Path(os.environ["RUNNER_TEMP"],"task-runtime.log").read_text(); assert re.search(r"test result: ok\. 17 passed; 0 failed; 0 ignored;",text),text'[0m
2026-10-06T15:50:28.0461015Z [36;1mcargo test --locked -p nagi-runtime --test task_handles[0m
2026-10-06T15:50:28.0461395Z [36;1mcargo test --locked -p nagi-runtime --doc[0m
2026-10-06T15:50:28.0479057Z shell: C:\Program Files\Git\bin\bash.EXE --noprofile --norc -e -o pipefail {0}
2026-10-06T15:50:28.0479541Z env:
2026-10-06T15:50:28.0479851Z   NAGI_FAILURE_DIR: D:\a\Nagi\Nagi/build/compiler-failures
2026-10-06T15:50:28.0480288Z   CARGO_HOME: C:\Users\runneradmin\.cargo
2026-10-06T15:50:28.0480693Z   CARGO_INCREMENTAL: 0
2026-10-06T15:50:28.0480976Z   CARGO_TERM_COLOR: always
2026-10-06T15:50:28.0481340Z   pythonLocation: C:\hostedtoolcache\windows\Python\3.12.10\x64
2026-10-06T15:50:28.0481872Z   PKG_CONFIG_PATH: C:\hostedtoolcache\windows\Python\3.12.10\x64/lib/pkgconfig
2026-10-06T15:50:28.0482414Z   Python_ROOT_DIR: C:\hostedtoolcache\windows\Python\3.12.10\x64
2026-10-06T15:50:28.0482883Z   Python2_ROOT_DIR: C:\hostedtoolcache\windows\Python\3.12.10\x64
2026-10-06T15:50:28.0483348Z   Python3_ROOT_DIR: C:\hostedtoolcache\windows\Python\3.12.10\x64
2026-10-06T15:50:28.0483727Z ##[endgroup]
2026-10-06T15:50:28.2852371Z [1m[92m   Compiling[0m nagi-runtime v0.1.10 (D:\a\Nagi\Nagi\runtime)
2026-10-06T15:50:51.5817212Z [1m[92m    Finished[0m `test` profile [unoptimized + debuginfo] target(s) in 23.41s
2026-10-06T15:50:51.5976158Z [1m[92m     Running[0m unittests src\lib.rs (target\debug\deps\nagi_runtime-1844b12ba3823293.exe)
2026-10-06T15:50:51.6133359Z 
2026-10-06T15:50:51.6133850Z running 17 tests
2026-10-06T15:50:51.6134756Z test task::tests::cancelled_drain_can_resume_after_child_drop_gate ... ok
2026-10-06T15:50:51.6136409Z test task::tests::fault_return_waits_for_requested_sibling_cleanup_and_actual_join ... ok
2026-10-06T15:50:51.6137918Z test task::tests::discard_keeps_fault_and_legacy_error_observation ... ok
2026-10-06T15:50:51.6139734Z test task::tests::heterogeneous_results_and_business_error_keep_sibling_healthy ... ok
2026-10-06T15:50:51.6141791Z test task::tests::parent_drop_requests_abort_but_does_not_report_child_destruction_complete ... ok
2026-10-06T15:50:51.6143311Z test task::tests::legacy_structured_cause_preserves_kind_message_and_primary_after_later_fault ... ok
2026-10-06T15:50:51.6144800Z test task::tests::fake_native_id_reuse_does_not_mix_unreceived_tickets_and_retire_records ... ok
2026-10-06T15:50:51.6146017Z test task::tests::receiver_notification_cannot_replace_actual_join ... ok
2026-10-06T15:50:51.6147067Z test task::tests::received_fault_remains_sticky_at_scope_exit ... ok
2026-10-06T15:50:51.6148336Z test task::tests::payload_drop_locations_distinguish_failed_send_buffer_and_received_value ... ok
2026-10-06T15:50:51.6149650Z test task::tests::requested_cancel_does_not_hide_already_returned_legacy_error ... ok
2026-10-06T15:50:51.6152057Z test task::tests::requested_cancel_preserves_panic_and_unrequested_cancel_is_fault ... ok
2026-10-06T15:50:51.6153706Z test task::tests::spawn_after_fault_keeps_input_evaluation_and_actual_join_responsibility ... ok
2026-10-06T15:50:51.6155604Z test task::tests::target_other_than_first_join_and_body_error_primary_are_preserved ... ok
2026-10-06T15:50:51.6156975Z test task::tests::unpolled_and_pending_receive_drop_keep_scope_join_responsibility ... ok
2026-10-06T15:50:51.6158329Z test task::tests::wrong_owner_and_missing_output_are_protocol_errors_without_stolen_join ... ok
2026-10-06T15:50:51.6159481Z test task::tests::sticky_receive_retires_its_joined_ticket ... ok
2026-10-06T15:50:51.6160028Z 
2026-10-06T15:50:51.6163005Z test result: ok. 17 passed; 0 failed; 0 ignored; 0 measured; 191 filtered out; finished in 0.01s
2026-10-06T15:50:51.6163730Z 
2026-10-06T15:50:51.9099180Z [1m[92m   Compiling[0m nagi-runtime v0.1.10 (D:\a\Nagi\Nagi\runtime)
2026-10-06T15:50:57.5547148Z [1m[92m    Finished[0m `test` profile [unoptimized + debuginfo] target(s) in 5.76s
2026-10-06T15:50:57.5616280Z [1m[92m     Running[0m tests\task_handles.rs (target\debug\deps\task_handles-165f73147a206c3f.exe)
2026-10-06T15:50:57.5730198Z 
2026-10-06T15:50:57.5730527Z running 3 tests
2026-10-06T15:50:57.5761434Z test public_mixed_legacy_failure_keeps_failure_category_and_native_exit_error ... ok
2026-10-06T15:50:57.5762350Z test public_task_results_keep_business_error_inside_and_legacy_error_at_exit ... ok
2026-10-06T15:50:57.5763084Z test public_failure_getters_keep_fault_sticky_after_receive ... ok
2026-10-06T15:50:57.5763486Z 
2026-10-06T15:50:57.5763887Z test result: ok. 3 passed; 0 failed; 0 ignored; 0 measured; 0 filtered out; finished in 0.00s
2026-10-06T15:50:57.5764920Z 
2026-10-06T15:50:57.7497528Z [1m[92m    Finished[0m `test` profile [unoptimized + debuginfo] target(s) in 0.12s
2026-10-06T15:50:57.7553677Z [1m[92m   Doc-tests[0m nagi_runtime
2026-10-06T15:50:58.3628505Z 
2026-10-06T15:50:58.3629110Z running 9 tests
2026-10-06T15:50:58.5255798Z test runtime\src\auth.rs - auth::Principal (line 13) - compile fail ... ok
2026-10-06T15:50:58.5606381Z test runtime\src\auth.rs - auth::Grant (line 53) - compile fail ... ok
2026-10-06T15:50:58.6198716Z test runtime\src\auth.rs - auth::Principal (line 16) - compile fail ... ok
2026-10-06T15:50:58.6231656Z test runtime\src\auth.rs - auth::Grant (line 48) - compile fail ... ok
2026-10-06T15:50:58.6553639Z test runtime\src\auth.rs - auth::Principal (line 20) - compile fail ... ok
2026-10-06T15:50:58.7355838Z test runtime\src\task.rs - task::Task (line 83) - compile fail ... ok
2026-10-06T15:50:58.7529395Z test runtime\src\task.rs - task::Task (line 94) - compile fail ... ok
2026-10-06T15:50:58.7901625Z test runtime\src\task.rs - task::TaskFailure (line 59) - compile fail ... ok
2026-10-06T15:50:58.8142363Z test runtime\src\task.rs - task::Task (line 87) - compile fail ... ok
2026-10-06T15:50:58.8142887Z 
2026-10-06T15:50:58.8226419Z test result: ok. 9 passed; 0 failed; 0 ignored; 0 measured; 0 filtered out; finished in 0.46s
2026-10-06T15:50:58.8226934Z 
2026-10-06T15:50:58.8924330Z ##[group]Run cargo run --locked -p nagic --example task-contract-red -- --report "$RUNNER_TEMP/task-contracts.json"
2026-10-06T15:50:58.8925210Z [36;1mcargo run --locked -p nagic --example task-contract-red -- --report "$RUNNER_TEMP/task-contracts.json"[0m
2026-10-06T15:50:58.8941994Z shell: C:\Program Files\Git\bin\bash.EXE --noprofile --norc -e -o pipefail {0}
2026-10-06T15:50:58.8942391Z env:
2026-10-06T15:50:58.8942639Z   NAGI_FAILURE_DIR: D:\a\Nagi\Nagi/build/compiler-failures
2026-10-06T15:50:58.8942985Z   CARGO_HOME: C:\Users\runneradmin\.cargo
2026-10-06T15:50:58.8943251Z   CARGO_INCREMENTAL: 0
2026-10-06T15:50:58.8943458Z   CARGO_TERM_COLOR: always
2026-10-06T15:50:58.8943767Z   pythonLocation: C:\hostedtoolcache\windows\Python\3.12.10\x64
2026-10-06T15:50:58.8944239Z   PKG_CONFIG_PATH: C:\hostedtoolcache\windows\Python\3.12.10\x64/lib/pkgconfig
2026-10-06T15:50:58.8944723Z   Python_ROOT_DIR: C:\hostedtoolcache\windows\Python\3.12.10\x64
2026-10-06T15:50:58.8945160Z   Python2_ROOT_DIR: C:\hostedtoolcache\windows\Python\3.12.10\x64
2026-10-06T15:50:58.8945558Z   Python3_ROOT_DIR: C:\hostedtoolcache\windows\Python\3.12.10\x64
2026-10-06T15:50:58.8945869Z ##[endgroup]
2026-10-06T15:50:59.0599584Z [1m[92m   Compiling[0m nagic v0.1.10 (D:\a\Nagi\Nagi\compiler)
2026-10-06T15:50:59.8217298Z [1m[92m    Finished[0m `dev` profile [unoptimized + debuginfo] target(s) in 0.83s
2026-10-06T15:50:59.8263046Z [1m[92m     Running[0m `target\debug\examples\task-contract-red.exe --report 'D:\a\_temp/task-contracts.json'`
2026-10-06T15:51:00.4934255Z Task contracts: 90/90 matched; report: D:\a\_temp/task-contracts.json
2026-10-06T15:51:00.5214154Z ##[group]Run python -m unittest discover -s scripts -p 'test_native_artifacts.py'
2026-10-06T15:51:00.5214822Z [36;1mpython -m unittest discover -s scripts -p 'test_native_artifacts.py'[0m
2026-10-06T15:51:00.5286325Z shell: C:\Program Files\PowerShell\7\pwsh.EXE -command ". '{0}'"
2026-10-06T15:51:00.5286845Z env:
2026-10-06T15:51:00.5287084Z   NAGI_FAILURE_DIR: D:\a\Nagi\Nagi/build/compiler-failures
2026-10-06T15:51:00.5287411Z   CARGO_HOME: C:\Users\runneradmin\.cargo
2026-10-06T15:51:00.5287668Z   CARGO_INCREMENTAL: 0
2026-10-06T15:51:00.5287876Z   CARGO_TERM_COLOR: always
2026-10-06T15:51:00.5288168Z   pythonLocation: C:\hostedtoolcache\windows\Python\3.12.10\x64
2026-10-06T15:51:00.5288622Z   PKG_CONFIG_PATH: C:\hostedtoolcache\windows\Python\3.12.10\x64/lib/pkgconfig
2026-10-06T15:51:00.5289066Z   Python_ROOT_DIR: C:\hostedtoolcache\windows\Python\3.12.10\x64
2026-10-06T15:51:00.5289467Z   Python2_ROOT_DIR: C:\hostedtoolcache\windows\Python\3.12.10\x64
2026-10-06T15:51:00.5289890Z   Python3_ROOT_DIR: C:\hostedtoolcache\windows\Python\3.12.10\x64
2026-10-06T15:51:00.5290206Z ##[endgroup]
2026-10-06T15:51:01.3324944Z .........
2026-10-06T15:51:01.3326054Z ----------------------------------------------------------------------
2026-10-06T15:51:01.3326491Z Ran 9 tests in 0.091s
2026-10-06T15:51:01.3326636Z 
2026-10-06T15:51:01.3326709Z OK
2026-10-06T15:51:01.4589900Z ##[group]Run python -m unittest discover -s scripts -p 'test_application_native_tests.py'
2026-10-06T15:51:01.4590601Z [36;1mpython -m unittest discover -s scripts -p 'test_application_native_tests.py'[0m
2026-10-06T15:51:01.4660333Z shell: C:\Program Files\PowerShell\7\pwsh.EXE -command ". '{0}'"
2026-10-06T15:51:01.4660682Z env:
2026-10-06T15:51:01.4660974Z   NAGI_FAILURE_DIR: D:\a\Nagi\Nagi/build/compiler-failures
2026-10-06T15:51:01.4661322Z   CARGO_HOME: C:\Users\runneradmin\.cargo
2026-10-06T15:51:01.4661581Z   CARGO_INCREMENTAL: 0
2026-10-06T15:51:01.4661785Z   CARGO_TERM_COLOR: always
2026-10-06T15:51:01.4662086Z   pythonLocation: C:\hostedtoolcache\windows\Python\3.12.10\x64
2026-10-06T15:51:01.4662550Z   PKG_CONFIG_PATH: C:\hostedtoolcache\windows\Python\3.12.10\x64/lib/pkgconfig
2026-10-06T15:51:01.4663003Z   Python_ROOT_DIR: C:\hostedtoolcache\windows\Python\3.12.10\x64
2026-10-06T15:51:01.4663460Z   Python2_ROOT_DIR: C:\hostedtoolcache\windows\Python\3.12.10\x64
2026-10-06T15:51:01.4663860Z   Python3_ROOT_DIR: C:\hostedtoolcache\windows\Python\3.12.10\x64
2026-10-06T15:51:01.4664172Z ##[endgroup]
2026-10-06T15:51:02.6946648Z .....
2026-10-06T15:51:02.6947189Z ----------------------------------------------------------------------
2026-10-06T15:51:02.6947635Z Ran 5 tests in 0.024s
2026-10-06T15:51:02.6947797Z 
2026-10-06T15:51:02.6947893Z OK
2026-10-06T15:51:02.8371054Z ##[group]Run cargo test --locked -p nagi-runtime oversized_body_ -- --test-threads=1
2026-10-06T15:51:02.8371731Z [36;1mcargo test --locked -p nagi-runtime oversized_body_ -- --test-threads=1[0m
2026-10-06T15:51:02.8441132Z shell: C:\Program Files\PowerShell\7\pwsh.EXE -command ". '{0}'"
2026-10-06T15:51:02.8441475Z env:
2026-10-06T15:51:02.8441722Z   NAGI_FAILURE_DIR: D:\a\Nagi\Nagi/build/compiler-failures
2026-10-06T15:51:02.8442054Z   CARGO_HOME: C:\Users\runneradmin\.cargo
2026-10-06T15:51:02.8442322Z   CARGO_INCREMENTAL: 0
2026-10-06T15:51:02.8442522Z   CARGO_TERM_COLOR: always
2026-10-06T15:51:02.8442821Z   pythonLocation: C:\hostedtoolcache\windows\Python\3.12.10\x64
2026-10-06T15:51:02.8443279Z   PKG_CONFIG_PATH: C:\hostedtoolcache\windows\Python\3.12.10\x64/lib/pkgconfig
2026-10-06T15:51:02.8443727Z   Python_ROOT_DIR: C:\hostedtoolcache\windows\Python\3.12.10\x64
2026-10-06T15:51:02.8444129Z   Python2_ROOT_DIR: C:\hostedtoolcache\windows\Python\3.12.10\x64
2026-10-06T15:51:02.8444565Z   Python3_ROOT_DIR: C:\hostedtoolcache\windows\Python\3.12.10\x64
2026-10-06T15:51:02.8444899Z ##[endgroup]
2026-10-06T15:51:03.4109102Z [1m[92m    Finished[0m `test` profile [unoptimized + debuginfo] target(s) in 0.27s
2026-10-06T15:51:03.4171455Z [1m[92m     Running[0m unittests src\lib.rs (target\debug\deps\nagi_runtime-1844b12ba3823293.exe)
2026-10-06T15:51:03.4241766Z 
2026-10-06T15:51:03.4242194Z running 5 tests
2026-10-06T15:51:03.6379331Z test http_server::tests::oversized_body_boundary_accepts_4096_and_incomplete_upload_keeps_body_deadline ... ok
2026-10-06T15:51:03.6423739Z test http_server::tests::oversized_body_chunked_delivers_413_with_or_without_final_chunk ... ok
2026-10-06T15:51:03.6468749Z test http_server::tests::oversized_body_content_length_delivers_413_without_calling_handler ... ok
2026-10-06T15:51:03.6512157Z test http_server::tests::oversized_body_declared_length_rejects_headers_and_incomplete_upload_promptly ... ok
2026-10-06T15:51:03.6543544Z test http_server::tests::oversized_body_rejects_keep_alive_upload_and_never_dispatches_pipeline ... ok
2026-10-06T15:51:03.6544429Z 
2026-10-06T15:51:03.6545093Z test result: ok. 5 passed; 0 failed; 0 ignored; 0 measured; 203 filtered out; finished in 0.23s
2026-10-06T15:51:03.6545816Z 
2026-10-06T15:51:03.6570108Z [1m[92m     Running[0m tests\task_handles.rs (target\debug\deps\task_handles-165f73147a206c3f.exe)
2026-10-06T15:51:03.6624627Z 
2026-10-06T15:51:03.6625024Z running 0 tests
2026-10-06T15:51:03.6625412Z 
2026-10-06T15:51:03.6626121Z test result: ok. 0 passed; 0 failed; 0 ignored; 0 measured; 3 filtered out; finished in 0.00s
2026-10-06T15:51:03.6626792Z 
2026-10-06T15:51:03.7883270Z ##[group]Run cargo test --locked -p nagi-runtime panic_ -- --test-threads=1
2026-10-06T15:51:03.7884061Z [36;1mcargo test --locked -p nagi-runtime panic_ -- --test-threads=1[0m
2026-10-06T15:51:03.7955204Z shell: C:\Program Files\PowerShell\7\pwsh.EXE -command ". '{0}'"
2026-10-06T15:51:03.7955728Z env:
2026-10-06T15:51:03.7956082Z   NAGI_FAILURE_DIR: D:\a\Nagi\Nagi/build/compiler-failures
2026-10-06T15:51:03.7956535Z   CARGO_HOME: C:\Users\runneradmin\.cargo
2026-10-06T15:51:03.7956891Z   CARGO_INCREMENTAL: 0
2026-10-06T15:51:03.7957255Z   CARGO_TERM_COLOR: always
2026-10-06T15:51:03.7957682Z   pythonLocation: C:\hostedtoolcache\windows\Python\3.12.10\x64
2026-10-06T15:51:03.7958259Z   PKG_CONFIG_PATH: C:\hostedtoolcache\windows\Python\3.12.10\x64/lib/pkgconfig
2026-10-06T15:51:03.7958868Z   Python_ROOT_DIR: C:\hostedtoolcache\windows\Python\3.12.10\x64
2026-10-06T15:51:03.7959746Z   Python2_ROOT_DIR: C:\hostedtoolcache\windows\Python\3.12.10\x64
2026-10-06T15:51:03.7960410Z   Python3_ROOT_DIR: C:\hostedtoolcache\windows\Python\3.12.10\x64
2026-10-06T15:51:03.7960834Z ##[endgroup]
2026-10-06T15:51:04.2475403Z [1m[92m    Finished[0m `test` profile [unoptimized + debuginfo] target(s) in 0.11s
2026-10-06T15:51:04.2536656Z [1m[92m     Running[0m unittests src\lib.rs (target\debug\deps\nagi_runtime-1844b12ba3823293.exe)
2026-10-06T15:51:04.2613199Z 
2026-10-06T15:51:04.2613420Z running 18 tests
2026-10-06T15:51:04.3193961Z test actor::lifecycle_adversarial_tests::a_blocking_panic_payload_destructor_remains_a_retained_child_obligation ... ok
2026-10-06T15:51:04.3202966Z test actor::lifecycle_adversarial_tests::a_factory_constructor_panic_does_not_lose_the_context_cleanup_obligation ... ok
2026-10-06T15:51:04.3816511Z test actor::lifecycle_adversarial_tests::a_finite_follow_on_panic_payload_retains_the_guard_and_context_until_drop_finishes ... ok
2026-10-06T15:51:04.3829134Z test actor::lifecycle_adversarial_tests::a_panic_payload_destructor_can_observe_and_stop_its_group_without_a_lock_cycle ... ok
2026-10-06T15:51:04.3838747Z test actor::lifecycle_adversarial_tests::context_owned_by_a_child_panic_payload_is_cleaned_before_final_context_cleanup ... ok
2026-10-06T15:51:04.3850179Z test concurrent::tests::panic_isolated ... ok
2026-10-06T15:51:04.4039621Z test http::panic_tests::handler_extractor_and_response_panics_return_sanitized_500_for_get_and_head ... ok
2026-10-06T15:51:04.4872700Z test http_server::tests::handler_panic_after_deadline_returns_500_and_releases_admission ... ok
2026-10-06T15:51:04.4896606Z test http_server::tests::panic_tests::http_error_mapper_panic_returns_500 ... ok
2026-10-06T15:51:04.4920127Z test http_server::tests::panic_tests::http_handler_constructor_panic_returns_500 ... ok
2026-10-06T15:51:04.4942564Z test http_server::tests::panic_tests::http_handler_division_by_zero_returns_500_and_server_keeps_serving ... ok
2026-10-06T15:51:04.4964943Z test http_server::tests::panic_tests::http_handler_out_of_bounds_returns_500_and_server_keeps_serving ... ok
2026-10-06T15:51:04.4989109Z test http_server::tests::panic_tests::http_handler_panic_after_await_returns_500_without_exposing_payload ... ok
2026-10-06T15:51:04.5011307Z test http_server::tests::panic_tests::http_handler_panic_head_response_has_no_body ... ok
2026-10-06T15:51:04.5041891Z test sqlite_prototype::adapter_tests::callback_panic_retires_pool_and_join_does_not_hide_native_close_failure ... ok
2026-10-06T15:51:04.5051266Z test sqlite_prototype::tests::management_panic_restores_raii_flag_before_observed_rollback_and_retirement ... ok
2026-10-06T15:51:04.5063230Z test sqlite_prototype::tests::user_callback_panic_restores_management_state_and_retires_worker ... ok
2026-10-06T15:51:04.5076127Z test task::tests::requested_cancel_preserves_panic_and_unrequested_cancel_is_fault ... ok
2026-10-06T15:51:04.5076809Z 
2026-10-06T15:51:04.5077436Z test result: ok. 18 passed; 0 failed; 0 ignored; 0 measured; 190 filtered out; finished in 0.25s
2026-10-06T15:51:04.5077825Z 
2026-10-06T15:51:04.5110338Z [1m[92m     Running[0m tests\task_handles.rs (target\debug\deps\task_handles-165f73147a206c3f.exe)
2026-10-06T15:51:04.5162656Z 
2026-10-06T15:51:04.5163013Z running 0 tests
2026-10-06T15:51:04.5163257Z 
2026-10-06T15:51:04.5164690Z test result: ok. 0 passed; 0 failed; 0 ignored; 0 measured; 3 filtered out; finished in 0.00s
2026-10-06T15:51:04.5165347Z 
2026-10-06T15:51:04.6377553Z ##[group]Run cargo test --locked -p nagi-runtime handler_timeout_ -- --test-threads=1
2026-10-06T15:51:04.6378298Z [36;1mcargo test --locked -p nagi-runtime handler_timeout_ -- --test-threads=1[0m
2026-10-06T15:51:04.6452722Z shell: C:\Program Files\PowerShell\7\pwsh.EXE -command ". '{0}'"
2026-10-06T15:51:04.6453063Z env:
2026-10-06T15:51:04.6453306Z   NAGI_FAILURE_DIR: D:\a\Nagi\Nagi/build/compiler-failures
2026-10-06T15:51:04.6453652Z   CARGO_HOME: C:\Users\runneradmin\.cargo
2026-10-06T15:51:04.6453903Z   CARGO_INCREMENTAL: 0
2026-10-06T15:51:04.6454100Z   CARGO_TERM_COLOR: always
2026-10-06T15:51:04.6454396Z   pythonLocation: C:\hostedtoolcache\windows\Python\3.12.10\x64
2026-10-06T15:51:04.6454844Z   PKG_CONFIG_PATH: C:\hostedtoolcache\windows\Python\3.12.10\x64/lib/pkgconfig
2026-10-06T15:51:04.6455288Z   Python_ROOT_DIR: C:\hostedtoolcache\windows\Python\3.12.10\x64
2026-10-06T15:51:04.6455718Z   Python2_ROOT_DIR: C:\hostedtoolcache\windows\Python\3.12.10\x64
2026-10-06T15:51:04.6456117Z   Python3_ROOT_DIR: C:\hostedtoolcache\windows\Python\3.12.10\x64
2026-10-06T15:51:04.6456439Z ##[endgroup]
2026-10-06T15:51:05.0696725Z [1m[92m    Finished[0m `test` profile [unoptimized + debuginfo] target(s) in 0.11s
2026-10-06T15:51:05.0761069Z [1m[92m     Running[0m unittests src\lib.rs (target\debug\deps\nagi_runtime-1844b12ba3823293.exe)
2026-10-06T15:51:05.0837720Z 
2026-10-06T15:51:05.0837937Z running 2 tests
2026-10-06T15:51:05.1910538Z test http_server::tests::handler_timeout_cancels_future_and_releases_request_capacity ... ok
2026-10-06T15:51:05.2753736Z test http_server::tests::handler_timeout_rejects_a_ready_response_after_blocking_poll ... ok
2026-10-06T15:51:05.2754443Z 
2026-10-06T15:51:05.2755041Z test result: ok. 2 passed; 0 failed; 0 ignored; 0 measured; 206 filtered out; finished in 0.19s
2026-10-06T15:51:05.2755436Z 
2026-10-06T15:51:05.2772141Z [1m[92m     Running[0m tests\task_handles.rs (target\debug\deps\task_handles-165f73147a206c3f.exe)
2026-10-06T15:51:05.2828966Z 
2026-10-06T15:51:05.2829160Z running 0 tests
2026-10-06T15:51:05.2829534Z 
2026-10-06T15:51:05.2830267Z test result: ok. 0 passed; 0 failed; 0 ignored; 0 measured; 3 filtered out; finished in 0.00s
2026-10-06T15:51:05.2830637Z 
2026-10-06T15:51:05.4195378Z ##[group]Run ./scripts/build_windows_demo.ps1 -Source examples/hello.nagi -Offline
2026-10-06T15:51:05.4196090Z [36;1m./scripts/build_windows_demo.ps1 -Source examples/hello.nagi -Offline[0m
2026-10-06T15:51:05.4196787Z [36;1m$output = & ./build/distribution/nagi-hello.exe[0m
2026-10-06T15:51:05.4197352Z [36;1mif ($LASTEXITCODE -ne 0 -or $output -notcontains 'Hello, Nagi!') { throw 'Packaged Hello failed.' }[0m
2026-10-06T15:51:05.4264020Z shell: C:\Windows\System32\WindowsPowerShell\v1.0\powershell.EXE -command ". '{0}'"
2026-10-06T15:51:05.4264486Z env:
2026-10-06T15:51:05.4264740Z   NAGI_FAILURE_DIR: D:\a\Nagi\Nagi/build/compiler-failures
2026-10-06T15:51:05.4265094Z   CARGO_HOME: C:\Users\runneradmin\.cargo
2026-10-06T15:51:05.4265362Z   CARGO_INCREMENTAL: 0
2026-10-06T15:51:05.4265576Z   CARGO_TERM_COLOR: always
2026-10-06T15:51:05.4265884Z   pythonLocation: C:\hostedtoolcache\windows\Python\3.12.10\x64
2026-10-06T15:51:05.4266413Z   PKG_CONFIG_PATH: C:\hostedtoolcache\windows\Python\3.12.10\x64/lib/pkgconfig
2026-10-06T15:51:05.4266894Z   Python_ROOT_DIR: C:\hostedtoolcache\windows\Python\3.12.10\x64
2026-10-06T15:51:05.4267319Z   Python2_ROOT_DIR: C:\hostedtoolcache\windows\Python\3.12.10\x64
2026-10-06T15:51:05.4267747Z   Python3_ROOT_DIR: C:\hostedtoolcache\windows\Python\3.12.10\x64
2026-10-06T15:51:05.4268077Z ##[endgroup]
2026-10-06T15:51:08.6650462Z [1m[92m    Finished[0m `release` profile [optimized] target(s) in 0.08s
2026-10-06T15:51:09.3986890Z [1m[92m     Locking[0m 108 packages to highest compatible versions
2026-10-06T15:51:09.4052734Z [1m[92m   Compiling[0m proc-macro2 v1.0.107
2026-10-06T15:51:09.4121777Z [1m[92m   Compiling[0m quote v1.0.47
2026-10-06T15:51:09.4240742Z [1m[92m   Compiling[0m unicode-ident v1.0.26
2026-10-06T15:51:09.4400392Z [1m[92m   Compiling[0m bytes v1.12.1
2026-10-06T15:51:09.4859743Z [1m[92m   Compiling[0m itoa v1.0.18
2026-10-06T15:51:09.7564518Z [1m[92m   Compiling[0m pin-project-lite v0.2.17
2026-10-06T15:51:09.8224422Z [1m[92m   Compiling[0m windows-link v0.2.1
2026-10-06T15:51:09.8656670Z [1m[92m   Compiling[0m windows-sys v0.61.2
2026-10-06T15:51:10.3566173Z [1m[92m   Compiling[0m version_check v0.9.5
2026-10-06T15:51:10.6299362Z [1m[92m   Compiling[0m generic-array v0.14.7
2026-10-06T15:51:11.5381443Z [1m[92m   Compiling[0m futures-core v0.3.34
2026-10-06T15:51:11.6327346Z [1m[92m   Compiling[0m http v1.5.0
2026-10-06T15:51:11.6950043Z [1m[92m   Compiling[0m getrandom v0.3.4
2026-10-06T15:51:12.2061338Z [1m[92m   Compiling[0m cfg-if v1.0.5
2026-10-06T15:51:12.2499951Z [1m[92m   Compiling[0m typenum v1.20.1
2026-10-06T15:51:13.2598828Z [1m[92m   Compiling[0m syn v3.0.6
2026-10-06T15:51:13.5639192Z [1m[92m   Compiling[0m mio v1.2.4
2026-10-06T15:51:13.6128758Z [1m[92m   Compiling[0m socket2 v0.6.5
2026-10-06T15:51:14.8965975Z [1m[92m   Compiling[0m zerocopy v0.8.60
2026-10-06T15:51:15.6872193Z [1m[92m   Compiling[0m serde_core v1.0.229
2026-10-06T15:51:15.8848742Z [1m[92m   Compiling[0m httparse v1.10.1
2026-10-06T15:51:16.2626556Z [1m[92m   Compiling[0m log v0.4.34
2026-10-06T15:51:17.2701439Z [1m[92m   Compiling[0m rand_core v0.9.5
2026-10-06T15:51:17.6224901Z [1m[92m   Compiling[0m block-buffer v0.10.4
2026-10-06T15:51:17.7840430Z [1m[92m   Compiling[0m crypto-common v0.1.7
2026-10-06T15:51:17.8832310Z [1m[92m   Compiling[0m http-body v1.1.0
2026-10-06T15:51:18.0639401Z [1m[92m   Compiling[0m once_cell v1.21.4
2026-10-06T15:51:18.3804736Z [1m[92m   Compiling[0m thiserror v2.0.21
2026-10-06T15:51:18.9211910Z [1m[92m   Compiling[0m shlex v2.0.1
2026-10-06T15:51:19.2344850Z [1m[92m   Compiling[0m find-msvc-tools v0.1.14
2026-10-06T15:51:20.1538013Z [1m[92m   Compiling[0m tokio-macros v2.7.2
2026-10-06T15:51:20.5846162Z [1m[92m   Compiling[0m futures-macro v0.3.34
2026-10-06T15:51:20.7813811Z [1m[92m   Compiling[0m thiserror-impl v2.0.21
2026-10-06T15:51:21.3204499Z [1m[92m   Compiling[0m tokio v1.53.2
2026-10-06T15:51:21.9281451Z [1m[92m   Compiling[0m cc v1.6.0
2026-10-06T15:51:23.0455765Z [1m[92m   Compiling[0m ppv-lite86 v0.2.21
2026-10-06T15:51:23.3021572Z [1m[92m   Compiling[0m tracing-core v0.1.36
2026-10-06T15:51:23.6254623Z [1m[92m   Compiling[0m rand_chacha v0.9.0
2026-10-06T15:51:24.7070650Z [1m[92m   Compiling[0m digest v0.10.7
2026-10-06T15:51:24.7112147Z [1m[92m   Compiling[0m futures-sink v0.3.34
2026-10-06T15:51:24.7984810Z [1m[92m   Compiling[0m futures-task v0.3.34
2026-10-06T15:51:24.9373210Z [1m[92m   Compiling[0m cpufeatures v0.2.17
2026-10-06T15:51:24.9571241Z [1m[92m   Compiling[0m serde v1.0.229
2026-10-06T15:51:24.9935408Z [1m[92m   Compiling[0m zmij v1.0.23
2026-10-06T15:51:24.9962225Z [1m[92m   Compiling[0m smallvec v1.16.2
2026-10-06T15:51:25.4042688Z [1m[92m   Compiling[0m vcpkg v0.2.15
2026-10-06T15:51:25.4475246Z [1m[92m   Compiling[0m slab v0.4.12
2026-10-06T15:51:25.4779038Z [1m[92m   Compiling[0m tower-service v0.3.3
2026-10-06T15:51:25.5805777Z [1m[92m   Compiling[0m pkg-config v0.3.34
2026-10-06T15:51:25.7518305Z [1m[92m   Compiling[0m futures-util v0.3.34
2026-10-06T15:51:26.4906705Z [1m[92m   Compiling[0m libsqlite3-sys v0.38.2
2026-10-06T15:51:26.5563722Z [1m[92m   Compiling[0m sha1 v0.10.7
2026-10-06T15:51:27.0548642Z [1m[92m   Compiling[0m rand v0.9.5
2026-10-06T15:51:27.5100676Z [1m[92m   Compiling[0m tracing v0.1.44
2026-10-06T15:51:28.1969747Z [1m[92m   Compiling[0m serde_derive v1.0.229
2026-10-06T15:51:28.2305444Z [1m[92m   Compiling[0m futures-channel v0.3.34
2026-10-06T15:51:28.5648675Z [1m[92m   Compiling[0m percent-encoding v2.3.2
2026-10-06T15:51:28.8910808Z [1m[92m   Compiling[0m foldhash v0.2.0
2026-10-06T15:51:29.2260965Z [1m[92m   Compiling[0m tower-layer v0.3.3
2026-10-06T15:51:29.7886420Z [1m[92m   Compiling[0m sync_wrapper v1.0.2
2026-10-06T15:51:30.2681319Z [1m[92m   Compiling[0m httpdate v1.0.3
2026-10-06T15:51:30.4132166Z [1m[92m   Compiling[0m atomic-waker v1.1.2
2026-10-06T15:51:30.8722729Z [1m[92m   Compiling[0m data-encoding v2.11.1
2026-10-06T15:51:31.4680357Z [1m[92m   Compiling[0m serde_json v1.0.151
2026-10-06T15:51:32.4176269Z [1m[92m   Compiling[0m tungstenite v0.29.0
2026-10-06T15:51:36.7977723Z [1m[92m   Compiling[0m hyper v1.11.1
2026-10-06T15:51:37.5669566Z [1m[92m   Compiling[0m hashbrown v0.17.1
2026-10-06T15:51:37.7849867Z [1m[92m   Compiling[0m form_urlencoded v1.2.2
2026-10-06T15:51:38.7425023Z [1m[92m   Compiling[0m http-body-util v0.1.5
2026-10-06T15:51:38.8692275Z [1m[92m   Compiling[0m mime v0.3.17
2026-10-06T15:51:39.1738423Z [1m[92m   Compiling[0m ryu v1.0.23
2026-10-06T15:51:39.8575095Z [1m[92m   Compiling[0m memchr v2.8.3
2026-10-06T15:51:39.9544787Z [1m[92m   Compiling[0m serde_urlencoded v0.7.1
2026-10-06T15:51:40.8993377Z [1m[92m   Compiling[0m axum-core v0.5.6
2026-10-06T15:51:43.7632894Z [1m[92m   Compiling[0m hashlink v0.12.2
2026-10-06T15:51:45.0347041Z [1m[92m   Compiling[0m hyper-util v0.1.21
2026-10-06T15:51:46.3288874Z [1m[92m   Compiling[0m tokio-tungstenite v0.29.0
2026-10-06T15:51:46.8691780Z [1m[92m   Compiling[0m tower v0.5.3
2026-10-06T15:51:47.3960457Z [1m[92m   Compiling[0m deadpool-runtime v0.3.1
2026-10-06T15:51:48.1244578Z [1m[92m   Compiling[0m serde_path_to_error v0.1.20
2026-10-06T15:51:48.3517580Z [1m[92m   Compiling[0m bitflags v2.13.2
2026-10-06T15:51:50.8095241Z [1m[92m   Compiling[0m fallible-iterator v0.3.0
2026-10-06T15:51:51.6161673Z [1m[92m   Compiling[0m fallible-streaming-iterator v0.1.9
2026-10-06T15:51:52.4196515Z [1m[92m   Compiling[0m matchit v0.8.4
2026-10-06T15:51:53.3561400Z [1m[92m   Compiling[0m base64 v0.22.1
2026-10-06T15:51:54.1747196Z [1m[92m   Compiling[0m deadpool v0.13.1
2026-10-06T15:51:54.7790535Z [1m[92m   Compiling[0m axum v0.8.9
2026-10-06T15:51:54.8304366Z [1m[92m   Compiling[0m bumpalo v3.20.3
2026-10-06T15:52:10.0055262Z [1m[92m   Compiling[0m rusqlite v0.40.2
2026-10-06T15:52:10.9812191Z [1m[92m   Compiling[0m nagi-runtime v0.1.10 (D:\a\Nagi\Nagi\runtime)
2026-10-06T15:52:19.6880454Z [1m[92m   Compiling[0m nagi-hello-1c070a4da5390ed1 v0.1.0 (D:\a\Nagi\Nagi\build\hello\.nagi\apps\nagi-hello-1c070a4da5390ed1\generations\.staging-g-1088-18dbfb8f11f0b384-0)
2026-10-06T15:52:20.3255143Z [1m[92m    Finished[0m `release` profile [optimized] target(s) in 1m 11s
2026-10-06T15:52:20.3650706Z native: \\?\D:\a\Nagi\Nagi\build\hello\.nagi\apps\nagi-hello-1c070a4da5390ed1\generations\g-1088-18dbfb8f11f0b384-0\nagi-1c070a4da5390ed1-g-1088-18dbfb8f11f0b384-0.exe
2026-10-06T15:52:20.4604431Z EXE: D:\a\Nagi\Nagi\build\distribution\nagi-hello.exe
2026-10-06T15:52:20.4675576Z Size: 1909760 bytes
2026-10-06T15:52:20.6601803Z SHA256: 3A676484BC4B686CE05D5B433A641B6C2F83346C25438A97D16D23A582FFC980
2026-10-06T15:52:20.8047135Z ##[group]Run ./scripts/build_windows_demo.ps1 -Source examples/hello.nagi -Offline
2026-10-06T15:52:20.8047817Z [36;1m./scripts/build_windows_demo.ps1 -Source examples/hello.nagi -Offline[0m
2026-10-06T15:52:20.8048286Z [36;1m$output = & ./build/distribution/nagi-hello.exe[0m
2026-10-06T15:52:20.8048996Z [36;1mif ($LASTEXITCODE -ne 0 -or $output -notcontains 'Hello, Nagi!') { throw 'Packaged Hello failed.' }[0m
2026-10-06T15:52:20.8049576Z [36;1m./test-nagi-code/build_fractal_exe.ps1 -Offline[0m
2026-10-06T15:52:20.8049964Z [36;1m$output = 'q' | & ./build/distribution/nagi-fractal.exe[0m
2026-10-06T15:52:20.8050485Z [36;1mif ($LASTEXITCODE -ne 0 -or -not ($output -match 'Goodbye!')) { throw 'Packaged fractal failed.' }[0m
2026-10-06T15:52:20.8121317Z shell: C:\Program Files\PowerShell\7\pwsh.EXE -command ". '{0}'"
2026-10-06T15:52:20.8121659Z env:
2026-10-06T15:52:20.8121916Z   NAGI_FAILURE_DIR: D:\a\Nagi\Nagi/build/compiler-failures
2026-10-06T15:52:20.8122283Z   CARGO_HOME: C:\Users\runneradmin\.cargo
2026-10-06T15:52:20.8122548Z   CARGO_INCREMENTAL: 0
2026-10-06T15:52:20.8122757Z   CARGO_TERM_COLOR: always
2026-10-06T15:52:20.8123055Z   pythonLocation: C:\hostedtoolcache\windows\Python\3.12.10\x64
2026-10-06T15:52:20.8123520Z   PKG_CONFIG_PATH: C:\hostedtoolcache\windows\Python\3.12.10\x64/lib/pkgconfig
2026-10-06T15:52:20.8123983Z   Python_ROOT_DIR: C:\hostedtoolcache\windows\Python\3.12.10\x64
2026-10-06T15:52:20.8124389Z   Python2_ROOT_DIR: C:\hostedtoolcache\windows\Python\3.12.10\x64
2026-10-06T15:52:20.8124787Z   Python3_ROOT_DIR: C:\hostedtoolcache\windows\Python\3.12.10\x64
2026-10-06T15:52:20.8125387Z ##[endgroup]
2026-10-06T15:52:21.3567075Z [1m[92m    Finished[0m `release` profile [optimized] target(s) in 0.08s
2026-10-06T15:52:21.8580653Z [1m[92m   Compiling[0m nagi-hello-1c070a4da5390ed1 v0.1.0 (D:\a\Nagi\Nagi\build\hello\.nagi\apps\nagi-hello-1c070a4da5390ed1\generations\.staging-g-1f50-18dbfb9ffe7b17fc-0)
2026-10-06T15:52:21.9769770Z [1m[92m    Finished[0m `release` profile [optimized] target(s) in 0.54s
2026-10-06T15:52:21.9956661Z native: \\?\D:\a\Nagi\Nagi\build\hello\.nagi\apps\nagi-hello-1c070a4da5390ed1\generations\g-1f50-18dbfb9ffe7b17fc-0\nagi-1c070a4da5390ed1-g-1f50-18dbfb9ffe7b17fc-0.exe
2026-10-06T15:52:22.0227377Z EXE: D:\a\Nagi\Nagi\build\distribution\nagi-hello.exe
2026-10-06T15:52:22.0320185Z Size: 1909760 bytes
2026-10-06T15:52:22.1021738Z SHA256: D37FAEFFBD7735B0275008F375107054A4F8961E13D5D59BA7EF76048F412792
2026-10-06T15:52:22.2625831Z [1m[92m    Finished[0m `release` profile [optimized] target(s) in 0.07s
2026-10-06T15:52:22.5226170Z [1m[92m     Locking[0m 108 packages to highest compatible versions
2026-10-06T15:52:22.7944778Z [1m[92m   Compiling[0m proc-macro2 v1.0.107
2026-10-06T15:52:22.7949394Z [1m[92m   Compiling[0m quote v1.0.47
2026-10-06T15:52:22.7958155Z [1m[92m   Compiling[0m unicode-ident v1.0.26
2026-10-06T15:52:22.7965265Z [1m[92m   Compiling[0m bytes v1.12.1
2026-10-06T15:52:22.9338680Z [1m[92m   Compiling[0m itoa v1.0.18
2026-10-06T15:52:23.4073171Z [1m[92m   Compiling[0m pin-project-lite v0.2.17
2026-10-06T15:52:23.4277056Z [1m[92m   Compiling[0m windows-link v0.2.1
2026-10-06T15:52:23.4896542Z [1m[92m   Compiling[0m windows-sys v0.61.2
2026-10-06T15:52:23.5124823Z [1m[92m   Compiling[0m version_check v0.9.5
2026-10-06T15:52:23.9116061Z [1m[92m   Compiling[0m generic-array v0.14.7
2026-10-06T15:52:24.3693942Z [1m[92m   Compiling[0m futures-core v0.3.34
2026-10-06T15:52:24.5614875Z [1m[92m   Compiling[0m syn v3.0.6
2026-10-06T15:52:24.7781662Z [1m[92m   Compiling[0m http v1.5.0
2026-10-06T15:52:24.9511487Z [1m[92m   Compiling[0m zerocopy v0.8.60
2026-10-06T15:52:25.5206043Z [1m[92m   Compiling[0m cfg-if v1.0.5
2026-10-06T15:52:25.7294016Z [1m[92m   Compiling[0m typenum v1.20.1
2026-10-06T15:52:26.9873215Z [1m[92m   Compiling[0m getrandom v0.3.4
2026-10-06T15:52:28.2475003Z [1m[92m   Compiling[0m mio v1.2.4
2026-10-06T15:52:28.3996529Z [1m[92m   Compiling[0m socket2 v0.6.5
2026-10-06T15:52:28.8892464Z [1m[92m   Compiling[0m serde_core v1.0.229
2026-10-06T15:52:29.3310870Z [1m[92m   Compiling[0m httparse v1.10.1
2026-10-06T15:52:30.1290609Z [1m[92m   Compiling[0m log v0.4.34
2026-10-06T15:52:30.4984288Z [1m[92m   Compiling[0m rand_core v0.9.5
2026-10-06T15:52:31.2508860Z [1m[92m   Compiling[0m block-buffer v0.10.4
2026-10-06T15:52:31.3857370Z [1m[92m   Compiling[0m tokio-macros v2.7.2
2026-10-06T15:52:31.4978500Z [1m[92m   Compiling[0m crypto-common v0.1.7
2026-10-06T15:52:31.5572318Z [1m[92m   Compiling[0m http-body v1.1.0
2026-10-06T15:52:31.7179698Z [1m[92m   Compiling[0m thiserror v2.0.21
2026-10-06T15:52:32.2796693Z [1m[92m   Compiling[0m find-msvc-tools v0.1.14
2026-10-06T15:52:32.8621624Z [1m[92m   Compiling[0m tokio v1.53.2
2026-10-06T15:52:34.0470563Z [1m[92m   Compiling[0m shlex v2.0.1
2026-10-06T15:52:34.3845121Z [1m[92m   Compiling[0m once_cell v1.21.4
2026-10-06T15:52:34.8270906Z [1m[92m   Compiling[0m tracing-core v0.1.36
2026-10-06T15:52:35.4290322Z [1m[92m   Compiling[0m cc v1.6.0
2026-10-06T15:52:36.8823957Z [1m[92m   Compiling[0m digest v0.10.7
2026-10-06T15:52:37.1911422Z [1m[92m   Compiling[0m ppv-lite86 v0.2.21
2026-10-06T15:52:37.2879231Z [1m[92m   Compiling[0m futures-macro v0.3.34
2026-10-06T15:52:37.7165726Z [1m[92m   Compiling[0m rand_chacha v0.9.0
2026-10-06T15:52:38.3772960Z [1m[92m   Compiling[0m thiserror-impl v2.0.21
2026-10-06T15:52:38.9716408Z [1m[92m   Compiling[0m slab v0.4.12
2026-10-06T15:52:39.2332401Z [1m[92m   Compiling[0m zmij v1.0.23
2026-10-06T15:52:39.4192168Z [1m[92m   Compiling[0m smallvec v1.16.2
2026-10-06T15:52:39.8011260Z [1m[92m   Compiling[0m serde v1.0.229
2026-10-06T15:52:39.8498848Z [1m[92m   Compiling[0m tower-service v0.3.3
2026-10-06T15:52:39.9769665Z [1m[92m   Compiling[0m cpufeatures v0.2.17
2026-10-06T15:52:40.0412452Z [1m[92m   Compiling[0m vcpkg v0.2.15
2026-10-06T15:52:40.2368257Z [1m[92m   Compiling[0m pkg-config v0.3.34
2026-10-06T15:52:41.1731870Z [1m[92m   Compiling[0m futures-sink v0.3.34
2026-10-06T15:52:41.2558046Z [1m[92m   Compiling[0m futures-task v0.3.34
2026-10-06T15:52:41.3246074Z [1m[92m   Compiling[0m libsqlite3-sys v0.38.2
2026-10-06T15:52:41.4385223Z [1m[92m   Compiling[0m futures-util v0.3.34
2026-10-06T15:52:41.5601481Z [1m[92m   Compiling[0m sha1 v0.10.7
2026-10-06T15:52:42.0267890Z [1m[92m   Compiling[0m rand v0.9.5
2026-10-06T15:52:42.4014817Z [1m[92m   Compiling[0m tracing v0.1.44
2026-10-06T15:52:43.0247275Z [1m[92m   Compiling[0m serde_derive v1.0.229
2026-10-06T15:52:43.2883464Z [1m[92m   Compiling[0m futures-channel v0.3.34
2026-10-06T15:52:43.5988729Z [1m[92m   Compiling[0m httpdate v1.0.3
2026-10-06T15:52:44.2301504Z [1m[92m   Compiling[0m percent-encoding v2.3.2
2026-10-06T15:52:44.5853413Z [1m[92m   Compiling[0m foldhash v0.2.0
2026-10-06T15:52:44.9890784Z [1m[92m   Compiling[0m tower-layer v0.3.3
2026-10-06T15:52:45.3818386Z [1m[92m   Compiling[0m sync_wrapper v1.0.2
2026-10-06T15:52:45.6106944Z [1m[92m   Compiling[0m atomic-waker v1.1.2
2026-10-06T15:52:45.6775475Z [1m[92m   Compiling[0m data-encoding v2.11.1
2026-10-06T15:52:45.7861532Z [1m[92m   Compiling[0m serde_json v1.0.151
2026-10-06T15:52:46.0922868Z [1m[92m   Compiling[0m hyper v1.11.1
2026-10-06T15:52:48.9292895Z [1m[92m   Compiling[0m tungstenite v0.29.0
2026-10-06T15:52:49.6227767Z [1m[92m   Compiling[0m hashbrown v0.17.1
2026-10-06T15:52:50.7304523Z [1m[92m   Compiling[0m form_urlencoded v1.2.2
2026-10-06T15:52:51.5700316Z [1m[92m   Compiling[0m http-body-util v0.1.5
2026-10-06T15:52:51.7608455Z [1m[92m   Compiling[0m memchr v2.8.3
2026-10-06T15:52:52.2380590Z [1m[92m   Compiling[0m mime v0.3.17
2026-10-06T15:52:53.5455648Z [1m[92m   Compiling[0m ryu v1.0.23
2026-10-06T15:52:54.6837076Z [1m[92m   Compiling[0m serde_urlencoded v0.7.1
2026-10-06T15:52:55.3383314Z [1m[92m   Compiling[0m axum-core v0.5.6
2026-10-06T15:52:56.0800334Z [1m[92m   Compiling[0m hashlink v0.12.2
2026-10-06T15:52:57.0286271Z [1m[92m   Compiling[0m tokio-tungstenite v0.29.0
2026-10-06T15:52:58.1865227Z [1m[92m   Compiling[0m hyper-util v0.1.21
2026-10-06T15:52:59.6130983Z [1m[92m   Compiling[0m tower v0.5.3
2026-10-06T15:53:00.7333578Z [1m[92m   Compiling[0m deadpool-runtime v0.3.1
2026-10-06T15:53:01.1754832Z [1m[92m   Compiling[0m serde_path_to_error v0.1.20
2026-10-06T15:53:01.8067862Z [1m[92m   Compiling[0m fallible-streaming-iterator v0.1.9
2026-10-06T15:53:02.2436961Z [1m[92m   Compiling[0m fallible-iterator v0.3.0
2026-10-06T15:53:02.9483441Z [1m[92m   Compiling[0m bitflags v2.13.2
2026-10-06T15:53:03.5621038Z [1m[92m   Compiling[0m base64 v0.22.1
2026-10-06T15:53:04.0409458Z [1m[92m   Compiling[0m matchit v0.8.4
2026-10-06T15:53:04.6518969Z [1m[92m   Compiling[0m deadpool v0.13.1
2026-10-06T15:53:05.0807344Z [1m[92m   Compiling[0m axum v0.8.9
2026-10-06T15:53:05.2079603Z [1m[92m   Compiling[0m bumpalo v3.20.3
2026-10-06T15:53:19.6423299Z [1m[92m   Compiling[0m rusqlite v0.40.2
2026-10-06T15:53:20.6150487Z [1m[92m   Compiling[0m nagi-runtime v0.1.10 (D:\a\Nagi\Nagi\runtime)
2026-10-06T15:53:29.4286094Z [1m[92m   Compiling[0m nagi-fractal-196ea646f47f2f32 v0.1.0 (D:\a\Nagi\Nagi\build\fractal\.nagi\apps\nagi-fractal-196ea646f47f2f32\generations\.staging-g-1d20-18dbfba033e0b320-0)
2026-10-06T15:53:29.8905392Z [1m[92m    Finished[0m `release` profile [optimized] target(s) in 1m 07s
2026-10-06T15:53:29.9259023Z native: \\?\D:\a\Nagi\Nagi\build\fractal\.nagi\apps\nagi-fractal-196ea646f47f2f32\generations\g-1d20-18dbfba033e0b320-0\nagi-196ea646f47f2f32-g-1d20-18dbfba033e0b320-0.exe
2026-10-06T15:53:29.9313294Z EXE: D:\a\Nagi\Nagi\build\distribution\nagi-fractal.exe
2026-10-06T15:53:29.9317798Z Size: 1901056 bytes
2026-10-06T15:53:29.9343296Z SHA256: 2E9F25E21B5E22B66C95745AC5C2BCF6218914023C7A071B1365D94B1D1DF885
2026-10-06T15:53:29.9994132Z ##[group]Run python scripts/releases/package.py --binary "target/release/$RELEASE_EXECUTABLE" --version "$RELEASE_VERSION" --platform "$RELEASE_PLATFORM"
2026-10-06T15:53:29.9995300Z [36;1mpython scripts/releases/package.py --binary "target/release/$RELEASE_EXECUTABLE" --version "$RELEASE_VERSION" --platform "$RELEASE_PLATFORM"[0m
2026-10-06T15:53:30.0012077Z shell: C:\Program Files\Git\bin\bash.EXE --noprofile --norc -e -o pipefail {0}
2026-10-06T15:53:30.0012471Z env:
2026-10-06T15:53:30.0012715Z   NAGI_FAILURE_DIR: D:\a\Nagi\Nagi/build/compiler-failures
2026-10-06T15:53:30.0013049Z   CARGO_HOME: C:\Users\runneradmin\.cargo
2026-10-06T15:53:30.0013321Z   CARGO_INCREMENTAL: 0
2026-10-06T15:53:30.0013529Z   CARGO_TERM_COLOR: always
2026-10-06T15:53:30.0013821Z   pythonLocation: C:\hostedtoolcache\windows\Python\3.12.10\x64
2026-10-06T15:53:30.0014276Z   PKG_CONFIG_PATH: C:\hostedtoolcache\windows\Python\3.12.10\x64/lib/pkgconfig
2026-10-06T15:53:30.0014760Z   Python_ROOT_DIR: C:\hostedtoolcache\windows\Python\3.12.10\x64
2026-10-06T15:53:30.0015169Z   Python2_ROOT_DIR: C:\hostedtoolcache\windows\Python\3.12.10\x64
2026-10-06T15:53:30.0015567Z   Python3_ROOT_DIR: C:\hostedtoolcache\windows\Python\3.12.10\x64
2026-10-06T15:53:30.0015890Z   RELEASE_VERSION: 0.1.10
2026-10-06T15:53:30.0016283Z   RELEASE_PLATFORM: windows-x86_64
2026-10-06T15:53:30.0016527Z   RELEASE_EXECUTABLE: nagic.exe
2026-10-06T15:53:30.0016757Z ##[endgroup]
2026-10-06T15:53:31.3901598Z D:\a\Nagi\Nagi\build\distribution\nagi-0.1.10-windows-x86_64.zip
2026-10-06T15:53:31.4185209Z ##[group]Run python - <<'PY'
2026-10-06T15:53:31.4185561Z [36;1mpython - <<'PY'[0m
2026-10-06T15:53:31.4185797Z [36;1mimport os, sys[0m
2026-10-06T15:53:31.4186018Z [36;1mfrom pathlib import Path[0m
2026-10-06T15:53:31.4186301Z [36;1msys.path.insert(0, 'scripts/releases')[0m
2026-10-06T15:53:31.4186601Z [36;1mfrom verify import verify[0m
2026-10-06T15:53:31.4187013Z [36;1mversion, platform = os.environ['RELEASE_VERSION'], os.environ['RELEASE_PLATFORM'][0m
2026-10-06T15:53:31.4187477Z [36;1msuffix = '.zip' if os.name == 'nt' else '.tar.gz'[0m
2026-10-06T15:53:31.4188051Z [36;1mverify(Path('build/distribution') / f'nagi-{version}-{platform}{suffix}', version, platform, Path('native-target'))[0m
2026-10-06T15:53:31.4188607Z [36;1mPY[0m
2026-10-06T15:53:31.4204736Z shell: C:\Program Files\Git\bin\bash.EXE --noprofile --norc -e -o pipefail {0}
2026-10-06T15:53:31.4205134Z env:
2026-10-06T15:53:31.4205404Z   NAGI_FAILURE_DIR: D:\a\Nagi\Nagi/build/compiler-failures
2026-10-06T15:53:31.4205733Z   CARGO_HOME: C:\Users\runneradmin\.cargo
2026-10-06T15:53:31.4205988Z   CARGO_INCREMENTAL: 0
2026-10-06T15:53:31.4206185Z   CARGO_TERM_COLOR: always
2026-10-06T15:53:31.4206482Z   pythonLocation: C:\hostedtoolcache\windows\Python\3.12.10\x64
2026-10-06T15:53:31.4206922Z   PKG_CONFIG_PATH: C:\hostedtoolcache\windows\Python\3.12.10\x64/lib/pkgconfig
2026-10-06T15:53:31.4207365Z   Python_ROOT_DIR: C:\hostedtoolcache\windows\Python\3.12.10\x64
2026-10-06T15:53:31.4207782Z   Python2_ROOT_DIR: C:\hostedtoolcache\windows\Python\3.12.10\x64
2026-10-06T15:53:31.4208201Z   Python3_ROOT_DIR: C:\hostedtoolcache\windows\Python\3.12.10\x64
2026-10-06T15:53:31.4208908Z   RELEASE_VERSION: 0.1.10
2026-10-06T15:53:31.4209157Z   RELEASE_PLATFORM: windows-x86_64
2026-10-06T15:53:31.4209646Z   RELEASE_EXECUTABLE: nagic.exe
2026-10-06T15:53:31.4209871Z ##[endgroup]
2026-10-06T15:53:45.3557677Z Verified SQL engine: extracted compiler, offline schema, bad columns/binds, Nagi locations, no Cargo/runtime
2026-10-06T15:53:45.3558990Z Verified 0.1.10 windows-x86_64: PATH, external projects, version, help, function aliases, shared/borrowed JSON, early Nagi diagnostics
2026-10-06T15:53:45.3560266Z Verified local Rust dependency: manifest-relative path, package alias, features, default-features, separate cwd/output
2026-10-06T15:53:45.3561304Z Verified standard actor library: extracted runtime, typed context, task, tracked cleanup
2026-10-06T15:53:45.3841679Z ##[group]Run python tests/route_integration.py
2026-10-06T15:53:45.3842099Z [36;1mpython tests/route_integration.py[0m
2026-10-06T15:53:45.3913359Z shell: C:\Program Files\PowerShell\7\pwsh.EXE -command ". '{0}'"
2026-10-06T15:53:45.3913717Z env:
2026-10-06T15:53:45.3913973Z   NAGI_FAILURE_DIR: D:\a\Nagi\Nagi/build/compiler-failures
2026-10-06T15:53:45.3914336Z   CARGO_HOME: C:\Users\runneradmin\.cargo
2026-10-06T15:53:45.3914610Z   CARGO_INCREMENTAL: 0
2026-10-06T15:53:45.3914818Z   CARGO_TERM_COLOR: always
2026-10-06T15:53:45.3915116Z   pythonLocation: C:\hostedtoolcache\windows\Python\3.12.10\x64
2026-10-06T15:53:45.3915568Z   PKG_CONFIG_PATH: C:\hostedtoolcache\windows\Python\3.12.10\x64/lib/pkgconfig
2026-10-06T15:53:45.3916026Z   Python_ROOT_DIR: C:\hostedtoolcache\windows\Python\3.12.10\x64
2026-10-06T15:53:45.3916428Z   Python2_ROOT_DIR: C:\hostedtoolcache\windows\Python\3.12.10\x64
2026-10-06T15:53:45.3916857Z   Python3_ROOT_DIR: C:\hostedtoolcache\windows\Python\3.12.10\x64
2026-10-06T15:53:45.3917192Z ##[endgroup]
2026-10-06T15:53:53.6334028Z HTTP route parameters: 7 passed
2026-10-06T15:53:53.7701356Z ##[group]Run python tests/http_stdlib_integration.py
2026-10-06T15:53:53.7701807Z [36;1mpython tests/http_stdlib_integration.py[0m
2026-10-06T15:53:53.7774371Z shell: C:\Program Files\PowerShell\7\pwsh.EXE -command ". '{0}'"
2026-10-06T15:53:53.7775765Z env:
2026-10-06T15:53:53.7776018Z   NAGI_FAILURE_DIR: D:\a\Nagi\Nagi/build/compiler-failures
2026-10-06T15:53:53.7776355Z   CARGO_HOME: C:\Users\runneradmin\.cargo
2026-10-06T15:53:53.7776613Z   CARGO_INCREMENTAL: 0
2026-10-06T15:53:53.7776814Z   CARGO_TERM_COLOR: always
2026-10-06T15:53:53.7777109Z   pythonLocation: C:\hostedtoolcache\windows\Python\3.12.10\x64
2026-10-06T15:53:53.7777590Z   PKG_CONFIG_PATH: C:\hostedtoolcache\windows\Python\3.12.10\x64/lib/pkgconfig
2026-10-06T15:53:53.7778062Z   Python_ROOT_DIR: C:\hostedtoolcache\windows\Python\3.12.10\x64
2026-10-06T15:53:53.7778470Z   Python2_ROOT_DIR: C:\hostedtoolcache\windows\Python\3.12.10\x64
2026-10-06T15:53:53.7779281Z   Python3_ROOT_DIR: C:\hostedtoolcache\windows\Python\3.12.10\x64
2026-10-06T15:53:53.7779612Z ##[endgroup]
2026-10-06T15:54:11.5648111Z Standard HTTP Nagi integration: 72 passed (High and independent Low)
2026-10-06T15:54:11.6792205Z ##[group]Run cargo test --locked -p nagic --test scoped_tasks
2026-10-06T15:54:11.6793032Z [36;1mcargo test --locked -p nagic --test scoped_tasks[0m
2026-10-06T15:54:11.6864615Z shell: C:\Program Files\PowerShell\7\pwsh.EXE -command ". '{0}'"
2026-10-06T15:54:11.6864963Z env:
2026-10-06T15:54:11.6865221Z   NAGI_FAILURE_DIR: D:\a\Nagi\Nagi/build/compiler-failures
2026-10-06T15:54:11.6865565Z   CARGO_HOME: C:\Users\runneradmin\.cargo
2026-10-06T15:54:11.6865829Z   CARGO_INCREMENTAL: 0
2026-10-06T15:54:11.6866036Z   CARGO_TERM_COLOR: always
2026-10-06T15:54:11.6866352Z   pythonLocation: C:\hostedtoolcache\windows\Python\3.12.10\x64
2026-10-06T15:54:11.6866820Z   PKG_CONFIG_PATH: C:\hostedtoolcache\windows\Python\3.12.10\x64/lib/pkgconfig
2026-10-06T15:54:11.6867568Z   Python_ROOT_DIR: C:\hostedtoolcache\windows\Python\3.12.10\x64
2026-10-06T15:54:11.6867991Z   Python2_ROOT_DIR: C:\hostedtoolcache\windows\Python\3.12.10\x64
2026-10-06T15:54:11.6868434Z   Python3_ROOT_DIR: C:\hostedtoolcache\windows\Python\3.12.10\x64
2026-10-06T15:54:11.6868765Z ##[endgroup]
2026-10-06T15:54:12.1378163Z [1m[92m   Compiling[0m nagic v0.1.10 (D:\a\Nagi\Nagi\compiler)
2026-10-06T15:54:13.0417753Z [1m[92m    Finished[0m `test` profile [unoptimized + debuginfo] target(s) in 1.05s
2026-10-06T15:54:13.0475856Z [1m[92m     Running[0m tests\scoped_tasks.rs (target\debug\deps\scoped_tasks-5ce68fa92f868e70.exe)
2026-10-06T15:54:13.0637753Z 
2026-10-06T15:54:13.0638146Z running 5 tests
2026-10-06T15:54:13.0778801Z test moving_an_owned_argument_still_consumes_it_before_later_parent_work ... ok
2026-10-06T15:54:13.0783110Z test futures_that_still_hold_views_are_rejected_after_copying_containers ... ok
2026-10-06T15:54:13.0784584Z test scope_rejects_known_foreign_error_types_and_preserves_local_error_adapters ... ok
2026-10-06T15:54:13.1093890Z test copied_views_and_values_computed_from_views_can_enter_tasks ... ok
2026-10-06T15:54:13.4378217Z test spawn_evaluates_owned_arguments_before_parent_continues_and_keeps_sources ... ok
2026-10-06T15:54:13.4378918Z 
2026-10-06T15:54:13.4379525Z test result: ok. 5 passed; 0 failed; 0 ignored; 0 measured; 0 filtered out; finished in 0.37s
2026-10-06T15:54:13.4380164Z 
2026-10-06T15:54:13.5867547Z ##[group]Run cargo test --locked -p nagi-runtime actor::
2026-10-06T15:54:13.5868054Z [36;1mcargo test --locked -p nagi-runtime actor::[0m
2026-10-06T15:54:13.5868449Z [36;1mcargo test --locked -p nagi-runtime supervisor_drop[0m
2026-10-06T15:54:13.5939563Z shell: C:\Program Files\PowerShell\7\pwsh.EXE -command ". '{0}'"
2026-10-06T15:54:13.5939938Z env:
2026-10-06T15:54:13.5940395Z   NAGI_FAILURE_DIR: D:\a\Nagi\Nagi/build/compiler-failures
2026-10-06T15:54:13.5940737Z   CARGO_HOME: C:\Users\runneradmin\.cargo
2026-10-06T15:54:13.5941002Z   CARGO_INCREMENTAL: 0
2026-10-06T15:54:13.5941207Z   CARGO_TERM_COLOR: always
2026-10-06T15:54:13.5941515Z   pythonLocation: C:\hostedtoolcache\windows\Python\3.12.10\x64
2026-10-06T15:54:13.5941985Z   PKG_CONFIG_PATH: C:\hostedtoolcache\windows\Python\3.12.10\x64/lib/pkgconfig
2026-10-06T15:54:13.5943183Z   Python_ROOT_DIR: C:\hostedtoolcache\windows\Python\3.12.10\x64
2026-10-06T15:54:13.5943653Z   Python2_ROOT_DIR: C:\hostedtoolcache\windows\Python\3.12.10\x64
2026-10-06T15:54:13.5944065Z   Python3_ROOT_DIR: C:\hostedtoolcache\windows\Python\3.12.10\x64
2026-10-06T15:54:13.5944384Z ##[endgroup]
2026-10-06T15:54:14.0472426Z [1m[92m    Finished[0m `test` profile [unoptimized + debuginfo] target(s) in 0.15s
2026-10-06T15:54:14.0550797Z [1m[92m     Running[0m unittests src\lib.rs (target\debug\deps\nagi_runtime-1844b12ba3823293.exe)
2026-10-06T15:54:14.0633693Z 
2026-10-06T15:54:14.0633919Z running 44 tests
2026-10-06T15:54:14.0640214Z test actor::charge::tests::arithmetic_and_expired_deadlines_fail_before_acceptance ... ok
2026-10-06T15:54:14.0641484Z test actor::charge::tests::list_capacity_and_only_initialized_elements_contribute_heap ... ok
2026-10-06T15:54:14.0643126Z test actor::charge::tests::option_and_result_visit_only_the_active_payload ... ok
2026-10-06T15:54:14.0647942Z test actor::charge::tests::recursive_owned_graphs_obey_depth_limit_and_restore_walk_after_errors ... ok
2026-10-06T15:54:14.0649525Z test actor::charge::tests::retained_string_bytes_and_error_capacities_are_charged ... ok
2026-10-06T15:54:14.0650571Z test actor::charge::tests::root_inline_and_envelope_are_counted_once ... ok
2026-10-06T15:54:14.0675539Z test actor::charge::tests::inline_only_lists_skip_every_element_and_zero_sized_capacity_is_safe ... ok
2026-10-06T15:54:14.0686844Z test actor::lifecycle_adversarial_tests::a_factory_constructor_panic_does_not_lose_the_context_cleanup_obligation ... ok
2026-10-06T15:54:14.0803103Z test actor::charge::tests::work_budget_includes_root_and_initialized_non_inline_elements ... ok
2026-10-06T15:54:14.0807649Z test actor::lifecycle_adversarial_tests::a_late_buffered_outer_failure_obeys_the_same_reply_deadline ... ok
2026-10-06T15:54:14.1363086Z test actor::lifecycle_adversarial_tests::a_blocking_native_poll_retains_its_child_record_until_it_returns ... ok
2026-10-06T15:54:14.1364806Z test actor::lifecycle_adversarial_tests::a_blocking_panic_payload_destructor_remains_a_retained_child_obligation ... ok
2026-10-06T15:54:14.1366555Z test actor::lifecycle_adversarial_tests::a_finite_follow_on_panic_payload_retains_the_guard_and_context_until_drop_finishes ... ok
2026-10-06T15:54:14.1372079Z test actor::lifecycle_adversarial_tests::a_reply_completed_after_deadline_times_out_even_when_already_buffered ... ok
2026-10-06T15:54:14.1375149Z test actor::lifecycle_adversarial_tests::a_reply_completed_before_deadline_succeeds_when_the_caller_polls_after_deadline ... ok
2026-10-06T15:54:14.1378038Z test actor::lifecycle_adversarial_tests::a_panic_payload_destructor_can_observe_and_stop_its_group_without_a_lock_cycle ... ok
2026-10-06T15:54:14.1391861Z test actor::lifecycle_adversarial_tests::an_event_only_surviving_control_drains_cleanup_and_observes_stream_close ... ok
2026-10-06T15:54:14.1520595Z test actor::lifecycle_adversarial_tests::a_non_yielding_poll_cannot_be_reported_as_completed_cleanup ... ok
2026-10-06T15:54:14.1682831Z test actor::lifecycle_adversarial_tests::an_unrestarted_child_failure_is_retained_while_a_healthy_sibling_continues ... ok
2026-10-06T15:54:14.1689483Z test actor::lifecycle_adversarial_tests::context_owned_by_a_child_panic_payload_is_cleaned_before_final_context_cleanup ... ok
2026-10-06T15:54:14.1936665Z test actor::lifecycle_adversarial_tests::a_surviving_control_can_finish_cleanup_after_the_running_owner_is_dropped ... ok
2026-10-06T15:54:14.1994029Z test actor::lifecycle_adversarial_tests::abort_does_not_complete_before_the_child_future_destructor_finishes ... ok
2026-10-06T15:54:14.1999239Z test actor::lifecycle_adversarial_tests::origin_runtime_cancellation_does_not_restart_a_permanent_child_on_a_surviving_runtime ... ok
2026-10-06T15:54:14.2009345Z test actor::lifecycle_adversarial_tests::panicking_factory_destruction_during_owner_drop_cannot_strand_context_cleanup ... ok
2026-10-06T15:54:14.2019239Z test actor::lifecycle_adversarial_tests::stop_during_factory_construction_cancels_every_later_inserted_child ... ok
2026-10-06T15:54:14.2031104Z test actor::lifecycle_adversarial_tests::user_destructors_do_not_run_under_the_ledger_or_stop_lock ... ok
2026-10-06T15:54:14.2047036Z test actor::tests::a_smaller_immediate_call_cannot_bypass_a_waiting_byte_reservation ... ok
2026-10-06T15:54:14.2058010Z test actor::tests::an_expired_admission_deadline_rejects_even_immediately_ready_operations ... ok
2026-10-06T15:54:14.2153805Z test actor::lifecycle_adversarial_tests::canceled_observation_keeps_unfinished_joins_available_to_another_control ... ok
2026-10-06T15:54:14.2315065Z test actor::tests::business_error_preserves_owned_state_and_restart_is_one_for_one ... ok
2026-10-06T15:54:14.2327666Z test actor::tests::canceled_event_wait_does_not_consume_a_concurrently_published_event ... ok
2026-10-06T15:54:14.2451129Z test actor::tests::escaped_readiness_tokens_reject_old_generations_and_do_not_retain_the_group ... ok
2026-10-06T15:54:14.2473699Z test actor::tests::caller_timeout_keeps_accepted_work_and_all_reservations_until_handler_finishes ... ok
2026-10-06T15:54:14.2628263Z test actor::tests::event_deadlines_include_lock_contention_and_preserve_the_cursor ... ok
2026-10-06T15:54:14.2630026Z test actor::lifecycle_adversarial_tests::final_context_destruction_is_a_retained_phase_before_completion ... ok
2026-10-06T15:54:14.2638954Z test actor::tests::lifecycle_events_are_ordered_bounded_and_keep_utf8_truncation_metadata ... ok
2026-10-06T15:54:14.2645884Z test actor::tests::normally_finished_task_tokens_are_invalid_while_the_supervisor_stays_running ... ok
2026-10-06T15:54:14.2657858Z test actor::tests::oversized_business_reply_keeps_next_state_and_retained_input_capacity_is_checked ... ok
2026-10-06T15:54:14.2786430Z test actor::tests::startup_deadline_and_zero_restart_budget_end_the_group_without_a_ready_actor ... ok
2026-10-06T15:54:14.2789087Z test actor::tests::global_restart_intensity_counts_attempts_and_stops_a_pending_sibling ... ok
2026-10-06T15:54:14.2795856Z test actor::tests::native_factory_construction_is_included_in_the_startup_deadline ... ok
2026-10-06T15:54:14.2796901Z test actor::tests::stopped_tasks_cannot_publish_readiness_and_legacy_tasks_never_publish_it ... ok
2026-10-06T15:54:14.2948064Z test actor::tests::task_readiness_follows_initialization_once_without_changing_started ... ok
2026-10-06T15:54:14.3108067Z test actor::lifecycle_adversarial_tests::delayed_native_context_owners_then_actual_context_drop_precede_completion ... ok
2026-10-06T15:54:14.3108955Z 
2026-10-06T15:54:14.3109580Z test result: ok. 44 passed; 0 failed; 0 ignored; 0 measured; 164 filtered out; finished in 0.25s
2026-10-06T15:54:14.3110205Z 
2026-10-06T15:54:14.3134161Z [1m[92m     Running[0m tests\task_handles.rs (target\debug\deps\task_handles-165f73147a206c3f.exe)
2026-10-06T15:54:14.3188795Z 
2026-10-06T15:54:14.3189300Z running 0 tests
2026-10-06T15:54:14.3189562Z 
2026-10-06T15:54:14.3191076Z test result: ok. 0 passed; 0 failed; 0 ignored; 0 measured; 3 filtered out; finished in 0.00s
2026-10-06T15:54:14.3191482Z 
2026-10-06T15:54:14.4764181Z [1m[92m    Finished[0m `test` profile [unoptimized + debuginfo] target(s) in 0.11s
2026-10-06T15:54:14.4837405Z [1m[92m     Running[0m unittests src\lib.rs (target\debug\deps\nagi_runtime-1844b12ba3823293.exe)
2026-10-06T15:54:14.4909050Z 
2026-10-06T15:54:14.4909332Z running 2 tests
2026-10-06T15:54:14.4923096Z test concurrent::tests::supervisor_drop_while_waiting_for_worker_start ... ok
2026-10-06T15:54:14.4924372Z test concurrent::tests::supervisor_drop_after_worker_start ... ok
2026-10-06T15:54:14.4924810Z 
2026-10-06T15:54:14.4925343Z test result: ok. 2 passed; 0 failed; 0 ignored; 0 measured; 206 filtered out; finished in 0.00s
2026-10-06T15:54:14.4925901Z 
2026-10-06T15:54:14.4942975Z [1m[92m     Running[0m tests\task_handles.rs (target\debug\deps\task_handles-165f73147a206c3f.exe)
2026-10-06T15:54:14.4995436Z 
2026-10-06T15:54:14.4995750Z running 0 tests
2026-10-06T15:54:14.4996154Z 
2026-10-06T15:54:14.4996862Z test result: ok. 0 passed; 0 failed; 0 ignored; 0 measured; 3 filtered out; finished in 0.00s
2026-10-06T15:54:14.4997833Z 
2026-10-06T15:54:14.6249249Z ##[group]Run cargo test --locked -p nagi-runtime database::tests
2026-10-06T15:54:14.6249774Z [36;1mcargo test --locked -p nagi-runtime database::tests[0m
2026-10-06T15:54:14.6319892Z shell: C:\Program Files\PowerShell\7\pwsh.EXE -command ". '{0}'"
2026-10-06T15:54:14.6320230Z env:
2026-10-06T15:54:14.6320472Z   NAGI_FAILURE_DIR: D:\a\Nagi\Nagi/build/compiler-failures
2026-10-06T15:54:14.6320808Z   CARGO_HOME: C:\Users\runneradmin\.cargo
2026-10-06T15:54:14.6321068Z   CARGO_INCREMENTAL: 0
2026-10-06T15:54:14.6321271Z   CARGO_TERM_COLOR: always
2026-10-06T15:54:14.6321580Z   pythonLocation: C:\hostedtoolcache\windows\Python\3.12.10\x64
2026-10-06T15:54:14.6322039Z   PKG_CONFIG_PATH: C:\hostedtoolcache\windows\Python\3.12.10\x64/lib/pkgconfig
2026-10-06T15:54:14.6322521Z   Python_ROOT_DIR: C:\hostedtoolcache\windows\Python\3.12.10\x64
2026-10-06T15:54:14.6322935Z   Python2_ROOT_DIR: C:\hostedtoolcache\windows\Python\3.12.10\x64
2026-10-06T15:54:14.6323365Z   Python3_ROOT_DIR: C:\hostedtoolcache\windows\Python\3.12.10\x64
2026-10-06T15:54:14.6323683Z ##[endgroup]
2026-10-06T15:54:15.0478432Z [1m[92m    Finished[0m `test` profile [unoptimized + debuginfo] target(s) in 0.11s
2026-10-06T15:54:15.0553529Z [1m[92m     Running[0m unittests src\lib.rs (target\debug\deps\nagi_runtime-1844b12ba3823293.exe)
2026-10-06T15:54:15.0636840Z 
2026-10-06T15:54:15.0637065Z running 6 tests
2026-10-06T15:54:15.0670230Z test database::tests::column_order_independent ... ok
2026-10-06T15:54:15.0677119Z test database::tests::crud_and_parameterization ... ok
2026-10-06T15:54:15.0678462Z test database::tests::exec_counts_only_changes_in_the_current_batch ... ok
2026-10-06T15:54:15.0683129Z test database::tests::exec_counts_trigger_changes_and_preserves_sql_errors ... ok
2026-10-06T15:54:15.0687712Z test database::tests::missing_column_is_error ... ok
2026-10-06T15:54:15.0689956Z test database::tests::runtime_type_mismatch ... ok
2026-10-06T15:54:15.0690402Z 
2026-10-06T15:54:15.0691653Z test result: ok. 6 passed; 0 failed; 0 ignored; 0 measured; 202 filtered out; finished in 0.01s
2026-10-06T15:54:15.0692051Z 
2026-10-06T15:54:15.0712083Z [1m[92m     Running[0m tests\task_handles.rs (target\debug\deps\task_handles-165f73147a206c3f.exe)
2026-10-06T15:54:15.0763656Z 
2026-10-06T15:54:15.0764210Z running 0 tests
2026-10-06T15:54:15.0764503Z 
2026-10-06T15:54:15.0765589Z test result: ok. 0 passed; 0 failed; 0 ignored; 0 measured; 3 filtered out; finished in 0.00s
2026-10-06T15:54:15.0766216Z 
2026-10-06T15:54:15.1976909Z ##[group]Run cargo test --locked -p nagi-runtime sqlite_prototype
2026-10-06T15:54:15.1977512Z [36;1mcargo test --locked -p nagi-runtime sqlite_prototype[0m
2026-10-06T15:54:15.2047277Z shell: C:\Program Files\PowerShell\7\pwsh.EXE -command ". '{0}'"
2026-10-06T15:54:15.2047648Z env:
2026-10-06T15:54:15.2047898Z   NAGI_FAILURE_DIR: D:\a\Nagi\Nagi/build/compiler-failures
2026-10-06T15:54:15.2048245Z   CARGO_HOME: C:\Users\runneradmin\.cargo
2026-10-06T15:54:15.2048518Z   CARGO_INCREMENTAL: 0
2026-10-06T15:54:15.2048728Z   CARGO_TERM_COLOR: always
2026-10-06T15:54:15.2049030Z   pythonLocation: C:\hostedtoolcache\windows\Python\3.12.10\x64
2026-10-06T15:54:15.2049488Z   PKG_CONFIG_PATH: C:\hostedtoolcache\windows\Python\3.12.10\x64/lib/pkgconfig
2026-10-06T15:54:15.2050203Z   Python_ROOT_DIR: C:\hostedtoolcache\windows\Python\3.12.10\x64
2026-10-06T15:54:15.2050616Z   Python2_ROOT_DIR: C:\hostedtoolcache\windows\Python\3.12.10\x64
2026-10-06T15:54:15.2051054Z   Python3_ROOT_DIR: C:\hostedtoolcache\windows\Python\3.12.10\x64
2026-10-06T15:54:15.2051379Z ##[endgroup]
2026-10-06T15:54:15.6378926Z [1m[92m    Finished[0m `test` profile [unoptimized + debuginfo] target(s) in 0.11s
2026-10-06T15:54:15.6433467Z [1m[92m     Running[0m unittests src\lib.rs (target\debug\deps\nagi_runtime-1844b12ba3823293.exe)
2026-10-06T15:54:15.6500606Z 
2026-10-06T15:54:15.6500845Z running 61 tests
2026-10-06T15:54:15.6506862Z test sqlite_prototype::acquire_tests::acquire_budget_arithmetic_keeps_immediate_distinct_and_checks_overflow ... ok
2026-10-06T15:54:15.6540296Z test sqlite_prototype::acquire_tests::acquire_expired_finite_budget_does_not_register_even_when_native_free ... ok
2026-10-06T15:54:15.6542628Z test sqlite_prototype::acquire_tests::acquire_expiry_does_not_replace_closed_or_recycle_failure_cause ... ok
2026-10-06T15:54:15.6550050Z test sqlite_prototype::acquire_tests::acquire_immediate_free_reserves_before_slow_startup_and_reuses ... ok
2026-10-06T15:54:15.6562420Z test sqlite_prototype::acquire_tests::acquire_immediate_logical_full_is_timeout_without_pool_failure ... ok
2026-10-06T15:54:15.6584122Z test sqlite_prototype::acquire_tests::acquire_same_task_scopes_are_isolated_and_drop_restores_legacy_begin ... ok
2026-10-06T15:54:15.6600942Z test sqlite_prototype::adapter_tests::acquired_deadpool_object_after_close_is_rejected_before_user_begin ... ok
2026-10-06T15:54:15.6623039Z test sqlite_prototype::adapter_tests::callback_panic_retires_pool_and_join_does_not_hide_native_close_failure ... ok
2026-10-06T15:54:15.6636572Z test sqlite_prototype::adapter_tests::cancelled_begin_reply_keeps_checkout_until_eof_rollback_is_observed ... ok
2026-10-06T15:54:15.6654209Z test sqlite_prototype::adapter_tests::cancelled_create_cannot_start_replacement_before_old_native_worker_joins ... ok
2026-10-06T15:54:15.6758047Z test sqlite_prototype::adapter_tests::cancelled_get_during_create_preserves_startup_close_and_join_owner ... ok
2026-10-06T15:54:15.6779101Z test sqlite_prototype::adapter_tests::cancelled_tx_keeps_deadpool_checkout_until_native_cleanup_completes ... ok
2026-10-06T15:54:15.6796445Z test sqlite_prototype::adapter_tests::close_clone_and_cancel_keep_closing_while_active_checkout_can_finish ... ok
2026-10-06T15:54:15.6808609Z test sqlite_prototype::adapter_tests::close_retires_idle_worker_while_stock_permit_is_reserved_for_unpolled_waiter ... ok
2026-10-06T15:54:15.6916434Z test sqlite_prototype::adapter_tests::close_waits_for_registered_create_and_late_create_cannot_begin ... ok
2026-10-06T15:54:15.6936070Z test sqlite_prototype::adapter_tests::deadpool_adapter_reuses_same_native_worker_and_sql_session_core ... ok
2026-10-06T15:54:15.6948908Z test sqlite_prototype::adapter_tests::deadpool_recycle_error_stops_create_instead_of_default_replacement ... ok
2026-10-06T15:54:15.7073519Z test sqlite_prototype::adapter_tests::joined_is_published_only_after_terminal_native_failure_is_in_ledger ... ok
2026-10-06T15:54:15.7088238Z test sqlite_prototype::adapter_tests::last_adapter_drop_closes_idle_worker_without_observer_owning_pool_or_tx_sender ... ok
2026-10-06T15:54:15.7098690Z test sqlite_prototype::adapter_tests::last_adapter_drop_preserves_active_tx_until_its_explicit_finish ... ok
2026-10-06T15:54:15.7654040Z test sqlite_prototype::adapter_tests::multi_b_terminal_failure_is_published_without_waiting_for_a ... ok
2026-10-06T15:54:15.8181320Z test sqlite_prototype::adapter_tests::multi_cancelled_b_joins_and_c_begins_before_healthy_a_finishes ... ok
2026-10-06T15:54:15.8557669Z test sqlite_prototype::acquire_tests::acquire_absolute_budget_survives_logical_wait_to_native_fence ... ok
2026-10-06T15:54:15.8887694Z test sqlite_prototype::adapter_tests::multi_close_during_b_startup_preserves_a_and_all_join_responsibility ... ok
2026-10-06T15:54:15.9558066Z test sqlite_prototype::adapter_tests::multi_native_spawn_failure_keeps_cause_without_native_b_or_fake_join ... ok
2026-10-06T15:54:15.9934679Z test sqlite_prototype::adapter_tests::multi_observer_spawn_failure_never_starts_or_fake_joins_native_b ... ok
2026-10-06T15:54:16.0390209Z test sqlite_prototype::adapter_tests::multi_stock_detach_permit_gap_respects_native_cap_with_a_active ... ok
2026-10-06T15:54:16.0405698Z test sqlite_prototype::adapter_tests::native_cleanup_failure_closes_deadpool_and_never_creates_replacement ... ok
2026-10-06T15:54:16.0418281Z test sqlite_prototype::adapter_tests::native_close_failure_is_kept_after_deadpool_objects_and_workers_are_gone ... ok
2026-10-06T15:54:16.0433210Z test sqlite_prototype::adapter_tests::object_take_and_last_pool_drop_both_preserve_native_close_join_observation ... ok
2026-10-06T15:54:16.0445023Z test sqlite_prototype::adapter_tests::resize_zero_uses_worker_drop_even_when_manager_detach_is_bypassed ... ok
2026-10-06T15:54:16.0463988Z test sqlite_prototype::adapter_tests::stock_detach_permit_before_handle_drop_cannot_start_another_native_worker ... ok
2026-10-06T15:54:16.0480360Z test sqlite_prototype::adapter_tests::taken_object_cannot_start_replacement_before_old_native_worker_joins ... ok
2026-10-06T15:54:16.0491173Z test sqlite_prototype::adapter_tests::tokio_runtime_drop_cannot_return_native_owned_checkout_before_cleanup ... ok
2026-10-06T15:54:16.0906283Z test sqlite_prototype::adapter_tests::multi_two_filesystem_connections_begin_while_first_tx_stays_active ... ok
2026-10-06T15:54:16.6586767Z test sqlite_prototype::acquire_tests::acquire_registered_startup_and_begin_are_outside_finite_budget ... ok
2026-10-06T15:54:16.6609046Z test sqlite_prototype::tests::begin_reply_cancellation_closes_only_sender_and_runs_observed_cleanup ... ok
2026-10-06T15:54:16.6615403Z test sqlite_prototype::acquire_tests::acquire_immediate_native_full_after_stock_detach_is_timeout ... ok
2026-10-06T15:54:16.6634081Z test sqlite_prototype::tests::cancelled_commit_reply_preserves_committed_data_and_does_not_retry ... ok
2026-10-06T15:54:16.6636834Z test sqlite_prototype::tests::cancelled_finish_before_full_inbox_admission_uses_eof_cleanup ... ok
2026-10-06T15:54:16.6669185Z test sqlite_prototype::tests::commit_after_native_auto_rollback_returns_aborted_error_instead_of_success ... ok
2026-10-06T15:54:16.6677876Z test sqlite_prototype::tests::close_timeout_and_cancel_keep_closing_until_native_close_and_join ... ok
2026-10-06T15:54:16.6689981Z test sqlite_prototype::tests::commit_failure_and_failed_cleanup_preserve_both_causes_and_unknown_outcome ... ok
2026-10-06T15:54:16.6693187Z test sqlite_prototype::tests::committed_outcome_and_cleanup_failure_are_both_preserved ... ok
2026-10-06T15:54:16.6717446Z test sqlite_prototype::tests::eof_cleanup_blocks_next_session_and_unpolled_finish_still_owns_cleanup ... ok
2026-10-06T15:54:16.6732032Z test sqlite_prototype::tests::existing_trigger_and_or_rollback_abort_session_and_reject_later_sql ... ok
2026-10-06T15:54:16.6734659Z test sqlite_prototype::tests::failed_commit_with_successful_observed_rollback_can_reuse_connection ... ok
2026-10-06T15:54:16.6754528Z test sqlite_prototype::tests::management_panic_restores_raii_flag_before_observed_rollback_and_retirement ... ok
2026-10-06T15:54:16.6756156Z test sqlite_prototype::tests::full_inbox_and_cancelled_admitted_operation_drain_before_eof_rollback ... ok
2026-10-06T15:54:16.6769388Z test sqlite_prototype::tests::native_close_failure_is_not_reported_as_success_even_after_join ... ok
2026-10-06T15:54:16.6794543Z test sqlite_prototype::tests::one_statement_anonymous_bind_and_operation_shape_are_checked_before_step ... ok
2026-10-06T15:54:16.6800720Z test sqlite_prototype::tests::ordinary_sql_error_does_not_abort_active_session_and_exec_counts_direct_changes ... ok
2026-10-06T15:54:16.6818328Z test sqlite_prototype::tests::owned_bind_values_and_decode_errors_use_native_row_contract ... ok
2026-10-06T15:54:16.6847847Z test sqlite_prototype::tests::pragma_tvf_existing_views_and_schema_reprepare_keep_authorizer_installed ... ok
2026-10-06T15:54:16.6860934Z test sqlite_prototype::tests::raise_fail_preserves_active_prior_effects_until_explicit_rollback ... ok
2026-10-06T15:54:16.6868658Z test sqlite_prototype::tests::rollback_failure_is_observed_without_native_drop_retry_and_retires_connection ... ok
2026-10-06T15:54:16.6918441Z test sqlite_prototype::tests::trigger_pragma_is_denied_and_native_prior_effects_require_explicit_rollback ... ok
2026-10-06T15:54:16.6922972Z test sqlite_prototype::tests::sql_policy_denies_control_in_every_entry_and_keeps_tx_active ... ok
2026-10-06T15:54:16.6934376Z test sqlite_prototype::tests::user_callback_panic_restores_management_state_and_retires_worker ... ok
2026-10-06T15:54:18.0939539Z test sqlite_prototype::comparison::direct_and_deadpool_warm_native_session_comparison ... ok
2026-10-06T15:54:18.0963081Z test sqlite_prototype::comparison::bounded_and_unbounded_deadpool_warm_comparison ... ok
2026-10-06T15:54:18.0963727Z 
2026-10-06T15:54:18.0964345Z test result: ok. 61 passed; 0 failed; 0 ignored; 0 measured; 147 filtered out; finished in 2.45s
2026-10-06T15:54:18.0964956Z 
2026-10-06T15:54:18.1003547Z [1m[92m     Running[0m tests\task_handles.rs (target\debug\deps\task_handles-165f73147a206c3f.exe)
2026-10-06T15:54:18.1070446Z 
2026-10-06T15:54:18.1070775Z running 0 tests
2026-10-06T15:54:18.1071193Z 
2026-10-06T15:54:18.1071910Z test result: ok. 0 passed; 0 failed; 0 ignored; 0 measured; 3 filtered out; finished in 0.00s
2026-10-06T15:54:18.1072827Z 
2026-10-06T15:54:18.2484403Z ##[group]Run python scripts/verify_application_examples.py
2026-10-06T15:54:18.2485159Z [36;1mpython scripts/verify_application_examples.py[0m
2026-10-06T15:54:18.2564103Z shell: C:\Program Files\PowerShell\7\pwsh.EXE -command ". '{0}'"
2026-10-06T15:54:18.2564440Z env:
2026-10-06T15:54:18.2564686Z   NAGI_FAILURE_DIR: D:\a\Nagi\Nagi/build/compiler-failures
2026-10-06T15:54:18.2565019Z   CARGO_HOME: C:\Users\runneradmin\.cargo
2026-10-06T15:54:18.2565282Z   CARGO_INCREMENTAL: 0
2026-10-06T15:54:18.2565497Z   CARGO_TERM_COLOR: always
2026-10-06T15:54:18.2565798Z   pythonLocation: C:\hostedtoolcache\windows\Python\3.12.10\x64
2026-10-06T15:54:18.2566249Z   PKG_CONFIG_PATH: C:\hostedtoolcache\windows\Python\3.12.10\x64/lib/pkgconfig
2026-10-06T15:54:18.2566698Z   Python_ROOT_DIR: C:\hostedtoolcache\windows\Python\3.12.10\x64
2026-10-06T15:54:18.2567098Z   Python2_ROOT_DIR: C:\hostedtoolcache\windows\Python\3.12.10\x64
2026-10-06T15:54:18.2567541Z   Python3_ROOT_DIR: C:\hostedtoolcache\windows\Python\3.12.10\x64
2026-10-06T15:54:18.2567850Z ##[endgroup]
2026-10-06T15:54:20.2749278Z Passed: stock-report (high)
2026-10-06T15:54:21.8288104Z Passed: stock-report (low)
2026-10-06T15:54:32.9706329Z Passed: device-settings (high)
2026-10-06T15:54:44.5946814Z Passed: device-settings (low)
2026-10-06T15:54:49.3194324Z Passed: seat-reservations (high)
2026-10-06T15:54:53.6158148Z Passed: seat-reservations (low)
2026-10-06T15:54:55.0110467Z Passed: file-json (high)
2026-10-06T15:54:56.3758133Z Passed: file-json (low)
2026-10-06T15:55:06.6427747Z Passed: quote-api (high)
2026-10-06T15:55:17.1776894Z Passed: quote-api (low)
2026-10-06T15:55:21.9924777Z Passed: supervised-worker (high)
2026-10-06T15:55:26.8112235Z Passed: supervised-worker (low)
2026-10-06T15:55:33.2928947Z Passed: byte-inspector (high)
2026-10-06T15:55:39.7738129Z Passed: byte-inspector (low)
2026-10-06T15:55:54.8671427Z Passed: axum-service (high)
2026-10-06T15:56:09.3635858Z Passed: axum-service (low)
2026-10-06T15:56:25.9014809Z Passed: auth-boundary (high)
2026-10-06T15:56:43.1271083Z Passed: auth-boundary (low)
2026-10-06T15:56:44.8637470Z Passed: order-quote (low)
2026-10-06T15:56:44.8638135Z {"projects": 10, "runs": 19, "status": "passed"}
2026-10-06T15:56:44.9866807Z ##[group]Run ./scripts/releases/test_install.ps1 -Archive "build/distribution/nagi-$env:RELEASE_VERSION-windows-x86_64.zip" -Version $env:RELEASE_VERSION -TestUserPath
2026-10-06T15:56:44.9868410Z [36;1m./scripts/releases/test_install.ps1 -Archive "build/distribution/nagi-$env:RELEASE_VERSION-windows-x86_64.zip" -Version $env:RELEASE_VERSION -TestUserPath[0m
2026-10-06T15:56:44.9964765Z shell: C:\Program Files\PowerShell\7\pwsh.EXE -command ". '{0}'"
2026-10-06T15:56:44.9965328Z env:
2026-10-06T15:56:44.9965718Z   NAGI_FAILURE_DIR: D:\a\Nagi\Nagi/build/compiler-failures
2026-10-06T15:56:44.9966275Z   CARGO_HOME: C:\Users\runneradmin\.cargo
2026-10-06T15:56:44.9966937Z   CARGO_INCREMENTAL: 0
2026-10-06T15:56:44.9967274Z   CARGO_TERM_COLOR: always
2026-10-06T15:56:44.9967774Z   pythonLocation: C:\hostedtoolcache\windows\Python\3.12.10\x64
2026-10-06T15:56:44.9968552Z   PKG_CONFIG_PATH: C:\hostedtoolcache\windows\Python\3.12.10\x64/lib/pkgconfig
2026-10-06T15:56:44.9969347Z   Python_ROOT_DIR: C:\hostedtoolcache\windows\Python\3.12.10\x64
2026-10-06T15:56:44.9970040Z   Python2_ROOT_DIR: C:\hostedtoolcache\windows\Python\3.12.10\x64
2026-10-06T15:56:44.9970727Z   Python3_ROOT_DIR: C:\hostedtoolcache\windows\Python\3.12.10\x64
2026-10-06T15:56:44.9971277Z   RELEASE_VERSION: 0.1.10
2026-10-06T15:56:44.9971618Z ##[endgroup]
2026-10-06T15:56:47.6098540Z 
2026-10-06T15:56:47.6147551Z [OK] Installed Nagi 0.1.10 (prebuilt compiler).
2026-10-06T15:56:47.6163061Z      Location: C:\Users\runneradmin\AppData\Local\Temp\nagi installer space 5f76cb7a-e293-4217-8400-52f6bdc06fea\versions\nagi-0.1.10-windows-x86_64
2026-10-06T15:56:47.6172545Z      Command: C:\Users\runneradmin\AppData\Local\Temp\nagi installer space 5f76cb7a-e293-4217-8400-52f6bdc06fea\versions\current\nagic.exe
2026-10-06T15:56:47.6177902Z 
2026-10-06T15:56:47.6186084Z [NEXT] Try in this terminal: nagic --version
2026-10-06T15:56:47.6192242Z        Restart VS Code to refresh its PATH.
2026-10-06T15:56:47.6198969Z 
2026-10-06T15:56:47.6206277Z [INFO] To build your own Nagi apps with nagic build/run:
2026-10-06T15:56:47.6213987Z        Rust/Cargo and Visual Studio C++ Build Tools are required.
2026-10-06T15:56:47.6221617Z        Use your existing installation if these tools are already installed.
2026-10-06T15:56:48.1024121Z 
2026-10-06T15:56:48.1037539Z [OK] Installed Nagi 0.1.10 (prebuilt compiler).
2026-10-06T15:56:48.1046271Z      Location: C:\Users\runneradmin\AppData\Local\Temp\nagi installer space 5f76cb7a-e293-4217-8400-52f6bdc06fea\versions\nagi-0.1.10-windows-x86_64
2026-10-06T15:56:48.1053321Z      Command: C:\Users\runneradmin\AppData\Local\Temp\nagi installer space 5f76cb7a-e293-4217-8400-52f6bdc06fea\versions\current\nagic.exe
2026-10-06T15:56:48.1059622Z 
2026-10-06T15:56:48.1069081Z [NEXT] Try in this terminal: nagic --version
2026-10-06T15:56:48.1076522Z        Restart VS Code to refresh its PATH.
2026-10-06T15:56:48.1083737Z 
2026-10-06T15:56:48.1091578Z [INFO] To build your own Nagi apps with nagic build/run:
2026-10-06T15:56:48.1099313Z        Rust/Cargo and Visual Studio C++ Build Tools are required.
2026-10-06T15:56:48.1106911Z        Use your existing installation if these tools are already installed.
2026-10-06T15:56:48.3864198Z [1m[92m    Updating[0m crates.io index
2026-10-06T15:56:48.5735187Z [1m[92m     Locking[0m 108 packages to highest compatible versions
2026-10-06T15:56:48.5880989Z [1m[92m      Adding[0m generic-array v0.14.7 [1m[93m(available: v0.14.9)[0m
2026-10-06T15:56:48.6036991Z [1m[92m      Adding[0m matchit v0.8.4 [1m[93m(available: v0.8.6)[0m
2026-10-06T15:56:48.7784901Z [1m[92m   Compiling[0m nagi-runtime v0.1.10 (C:\Users\runneradmin\AppData\Local\Temp\nagi installer space 5f76cb7a-e293-4217-8400-52f6bdc06fea\versions\nagi-0.1.10-windows-x86_64\runtime)
2026-10-06T15:56:58.3104832Z [1m[92m   Compiling[0m nagi-main-7857546b9d723ea7 v0.1.0 (C:\Users\runneradmin\AppData\Local\Temp\nagi installer space 5f76cb7a-e293-4217-8400-52f6bdc06fea\outside project\build\main\.nagi\apps\nagi-main-7857546b9d723ea7\generations\.staging-g-1100-18dbfbde1ef673d0-0)
2026-10-06T15:56:58.7676687Z [1m[92m    Finished[0m `release` profile [optimized] target(s) in 10.39s
2026-10-06T15:56:58.8112530Z native: \\?\C:\Users\runneradmin\AppData\Local\Temp\nagi installer space 5f76cb7a-e293-4217-8400-52f6bdc06fea\outside project\build\main\.nagi\apps\nagi-main-7857546b9d723ea7\generations\g-1100-18dbfbde1ef673d0-0\nagi-7857546b9d723ea7-g-1100-18dbfbde1ef673d0-0.exe
2026-10-06T15:57:04.1000335Z Removed old version: C:\Users\runneradmin\AppData\Local\Temp\nagi installer space 5f76cb7a-e293-4217-8400-52f6bdc06fea\versions\nagi-0.1.10-windows-x86_64
2026-10-06T15:57:04.1004910Z 
2026-10-06T15:57:04.1013048Z [OK] Installed Nagi 0.0.1 (prebuilt compiler).
2026-10-06T15:57:04.1019676Z      Location: C:\Users\runneradmin\AppData\Local\Temp\nagi installer space 5f76cb7a-e293-4217-8400-52f6bdc06fea\versions\nagi-0.0.1-windows-x86_64
2026-10-06T15:57:04.1025548Z      Command: C:\Users\runneradmin\AppData\Local\Temp\nagi installer space 5f76cb7a-e293-4217-8400-52f6bdc06fea\versions\current\nagic.exe
2026-10-06T15:57:04.1030003Z 
2026-10-06T15:57:04.1037382Z [NEXT] Try in this terminal: nagic --version
2026-10-06T15:57:04.1042597Z        Restart VS Code to refresh its PATH.
2026-10-06T15:57:04.1047835Z 
2026-10-06T15:57:04.1052958Z [INFO] To build your own Nagi apps with nagic build/run:
2026-10-06T15:57:04.1059027Z        Rust/Cargo and Visual Studio C++ Build Tools are required.
2026-10-06T15:57:04.1064523Z        Use your existing installation if these tools are already installed.
2026-10-06T15:57:04.3236017Z Removed old version: C:\Users\runneradmin\AppData\Local\Temp\nagi installer space 5f76cb7a-e293-4217-8400-52f6bdc06fea\versions\nagi-0.0.1-windows-x86_64
2026-10-06T15:57:04.3240976Z 
2026-10-06T15:57:04.3254556Z [OK] Installed Nagi 0.0.2 (prebuilt compiler).
2026-10-06T15:57:04.3269732Z      Location: C:\Users\runneradmin\AppData\Local\Temp\nagi installer space 5f76cb7a-e293-4217-8400-52f6bdc06fea\versions\nagi-0.0.2-windows-x86_64
2026-10-06T15:57:04.3283932Z      Command: C:\Users\runneradmin\AppData\Local\Temp\nagi installer space 5f76cb7a-e293-4217-8400-52f6bdc06fea\versions\current\nagic.exe
2026-10-06T15:57:04.3295150Z 
2026-10-06T15:57:04.3304787Z [NEXT] Try in this terminal: nagic --version
2026-10-06T15:57:04.3311268Z        Restart VS Code to refresh its PATH.
2026-10-06T15:57:04.3319490Z 
2026-10-06T15:57:04.3330200Z [INFO] To build your own Nagi apps with nagic build/run:
2026-10-06T15:57:04.3336558Z        Rust/Cargo and Visual Studio C++ Build Tools are required.
2026-10-06T15:57:04.3342710Z        Use your existing installation if these tools are already installed.
2026-10-06T15:57:04.5062702Z 
2026-10-06T15:57:04.5070304Z [OK] Installed Nagi 0.0.2 (prebuilt compiler).
2026-10-06T15:57:04.5076328Z      Location: C:\Users\runneradmin\AppData\Local\Temp\nagi installer space 5f76cb7a-e293-4217-8400-52f6bdc06fea\versions\nagi-0.0.2-windows-x86_64
2026-10-06T15:57:04.5082227Z      Command: C:\Users\runneradmin\AppData\Local\Temp\nagi installer space 5f76cb7a-e293-4217-8400-52f6bdc06fea\versions\current\nagic.exe
2026-10-06T15:57:04.5087606Z 
2026-10-06T15:57:04.5094078Z [NEXT] Try in this terminal: nagic --version
2026-10-06T15:57:04.5099180Z        Restart VS Code to refresh its PATH.
2026-10-06T15:57:04.5104520Z 
2026-10-06T15:57:04.5110295Z [INFO] To build your own Nagi apps with nagic build/run:
2026-10-06T15:57:04.5115558Z        Rust/Cargo and Visual Studio C++ Build Tools are required.
2026-10-06T15:57:04.5120803Z        Use your existing installation if these tools are already installed.
2026-10-06T15:57:04.7007134Z Removed old version: C:\Users\runneradmin\AppData\Local\Temp\nagi installer space 5f76cb7a-e293-4217-8400-52f6bdc06fea\versions\nagi-0.0.2-windows-x86_64
2026-10-06T15:57:04.7011334Z 
2026-10-06T15:57:04.7020057Z [OK] Installed Nagi 0.0.1 (prebuilt compiler).
2026-10-06T15:57:04.7028187Z      Location: C:\Users\runneradmin\AppData\Local\Temp\nagi installer space 5f76cb7a-e293-4217-8400-52f6bdc06fea\versions\nagi-0.0.1-windows-x86_64
2026-10-06T15:57:04.7036683Z      Command: C:\Users\runneradmin\AppData\Local\Temp\nagi installer space 5f76cb7a-e293-4217-8400-52f6bdc06fea\versions\current\nagic.exe
2026-10-06T15:57:04.7042173Z 
2026-10-06T15:57:04.7049281Z [NEXT] Try in this terminal: nagic --version
2026-10-06T15:57:04.7055678Z        Restart VS Code to refresh its PATH.
2026-10-06T15:57:04.7062057Z 
2026-10-06T15:57:04.7068834Z [INFO] To build your own Nagi apps with nagic build/run:
2026-10-06T15:57:04.7075535Z        Rust/Cargo and Visual Studio C++ Build Tools are required.
2026-10-06T15:57:04.7080999Z        Use your existing installation if these tools are already installed.
2026-10-06T15:57:05.2471609Z Removed old version: C:\Users\runneradmin\AppData\Local\Temp\nagi installer space 5f76cb7a-e293-4217-8400-52f6bdc06fea\versions\nagi-0.0.1-windows-x86_64
2026-10-06T15:57:05.2473028Z 
2026-10-06T15:57:05.2481074Z [OK] Installed Nagi 0.0.2 (prebuilt compiler).
2026-10-06T15:57:05.2485384Z      Location: C:\Users\runneradmin\AppData\Local\Temp\nagi installer space 5f76cb7a-e293-4217-8400-52f6bdc06fea\versions\nagi-0.0.2-windows-x86_64
2026-10-06T15:57:05.2492173Z      Command: C:\Users\runneradmin\AppData\Local\Temp\nagi installer space 5f76cb7a-e293-4217-8400-52f6bdc06fea\versions\current\nagic.exe
2026-10-06T15:57:05.2497306Z 
2026-10-06T15:57:05.2503222Z [NEXT] Try in this terminal: nagic --version
2026-10-06T15:57:05.2507876Z        Restart VS Code to refresh its PATH.
2026-10-06T15:57:05.2511973Z 
2026-10-06T15:57:05.2516408Z [INFO] To build your own Nagi apps with nagic build/run:
2026-10-06T15:57:05.2521292Z        Rust/Cargo and Visual Studio C++ Build Tools are required.
2026-10-06T15:57:05.2529214Z        Use your existing installation if these tools are already installed.
2026-10-06T15:57:05.5203282Z Removed old version: C:\Users\runneradmin\AppData\Local\Temp\nagi installer space 5f76cb7a-e293-4217-8400-52f6bdc06fea\legacy\nagi-0.0.1-windows-x86_64
2026-10-06T15:57:05.5208255Z 
2026-10-06T15:57:05.5218726Z [OK] Installed Nagi 0.0.2 (prebuilt compiler).
2026-10-06T15:57:05.5226104Z      Location: C:\Users\runneradmin\AppData\Local\Temp\nagi installer space 5f76cb7a-e293-4217-8400-52f6bdc06fea\legacy\nagi-0.0.2-windows-x86_64
2026-10-06T15:57:05.5233353Z      Command: C:\Users\runneradmin\AppData\Local\Temp\nagi installer space 5f76cb7a-e293-4217-8400-52f6bdc06fea\legacy\current\nagic.exe
2026-10-06T15:57:05.5238762Z 
2026-10-06T15:57:05.5246949Z [NEXT] Try in this terminal: nagic --version
2026-10-06T15:57:05.5254460Z        Restart VS Code to refresh its PATH.
2026-10-06T15:57:05.5261086Z 
2026-10-06T15:57:05.5267886Z [INFO] To build your own Nagi apps with nagic build/run:
2026-10-06T15:57:05.5274850Z        Rust/Cargo and Visual Studio C++ Build Tools are required.
2026-10-06T15:57:05.5281786Z        Use your existing installation if these tools are already installed.
2026-10-06T15:57:05.6490405Z 
2026-10-06T15:57:05.6497013Z [OK] Installed Nagi 0.0.1 (prebuilt compiler).
2026-10-06T15:57:05.6503961Z      Location: C:\Users\runneradmin\AppData\Local\Temp\nagi installer space 5f76cb7a-e293-4217-8400-52f6bdc06fea\protected-changed\nagi-0.0.1-windows-x86_64
2026-10-06T15:57:05.6509745Z      Command: C:\Users\runneradmin\AppData\Local\Temp\nagi installer space 5f76cb7a-e293-4217-8400-52f6bdc06fea\protected-changed\current\nagic.exe
2026-10-06T15:57:05.6514311Z 
2026-10-06T15:57:05.6520973Z [NEXT] Try in this terminal: nagic --version
2026-10-06T15:57:05.6525941Z 
2026-10-06T15:57:05.6531136Z [INFO] To build your own Nagi apps with nagic build/run:
2026-10-06T15:57:05.6537497Z        Rust/Cargo and Visual Studio C++ Build Tools are required.
2026-10-06T15:57:05.6542812Z        Use your existing installation if these tools are already installed.
2026-10-06T15:57:05.8161457Z [33;1mWARNING: Kept old installation: C:\Users\runneradmin\AppData\Local\Temp\nagi installer space 5f76cb7a-e293-4217-8400-52f6bdc06fea\protected-changed\nagi-0.0.1-windows-x86_64 (Files were added or changed)[0m
2026-10-06T15:57:05.8163690Z 
2026-10-06T15:57:05.8171628Z [OK] Installed Nagi 0.0.2 (prebuilt compiler).
2026-10-06T15:57:05.8178920Z      Location: C:\Users\runneradmin\AppData\Local\Temp\nagi installer space 5f76cb7a-e293-4217-8400-52f6bdc06fea\protected-changed\nagi-0.0.2-windows-x86_64
2026-10-06T15:57:05.8185894Z      Command: C:\Users\runneradmin\AppData\Local\Temp\nagi installer space 5f76cb7a-e293-4217-8400-52f6bdc06fea\protected-changed\current\nagic.exe
2026-10-06T15:57:05.8190801Z 
2026-10-06T15:57:05.8198730Z [NEXT] Try in this terminal: nagic --version
2026-10-06T15:57:05.8205309Z 
2026-10-06T15:57:05.8212464Z [INFO] To build your own Nagi apps with nagic build/run:
2026-10-06T15:57:05.8218087Z        Rust/Cargo and Visual Studio C++ Build Tools are required.
2026-10-06T15:57:05.8224932Z        Use your existing installation if these tools are already installed.
2026-10-06T15:57:05.9387627Z 
2026-10-06T15:57:05.9394433Z [OK] Installed Nagi 0.0.1 (prebuilt compiler).
2026-10-06T15:57:05.9399812Z      Location: C:\Users\runneradmin\AppData\Local\Temp\nagi installer space 5f76cb7a-e293-4217-8400-52f6bdc06fea\protected-added\nagi-0.0.1-windows-x86_64
2026-10-06T15:57:05.9405252Z      Command: C:\Users\runneradmin\AppData\Local\Temp\nagi installer space 5f76cb7a-e293-4217-8400-52f6bdc06fea\protected-added\current\nagic.exe
2026-10-06T15:57:05.9409662Z 
2026-10-06T15:57:05.9417266Z [NEXT] Try in this terminal: nagic --version
2026-10-06T15:57:05.9422699Z 
2026-10-06T15:57:05.9427957Z [INFO] To build your own Nagi apps with nagic build/run:
2026-10-06T15:57:05.9433911Z        Rust/Cargo and Visual Studio C++ Build Tools are required.
2026-10-06T15:57:05.9438348Z        Use your existing installation if these tools are already installed.
2026-10-06T15:57:06.1074995Z [33;1mWARNING: Kept old installation: C:\Users\runneradmin\AppData\Local\Temp\nagi installer space 5f76cb7a-e293-4217-8400-52f6bdc06fea\protected-added\nagi-0.0.1-windows-x86_64 (Files were added or changed)[0m
2026-10-06T15:57:06.1076724Z 
2026-10-06T15:57:06.1085204Z [OK] Installed Nagi 0.0.2 (prebuilt compiler).
2026-10-06T15:57:06.1092374Z      Location: C:\Users\runneradmin\AppData\Local\Temp\nagi installer space 5f76cb7a-e293-4217-8400-52f6bdc06fea\protected-added\nagi-0.0.2-windows-x86_64
2026-10-06T15:57:06.1099854Z      Command: C:\Users\runneradmin\AppData\Local\Temp\nagi installer space 5f76cb7a-e293-4217-8400-52f6bdc06fea\protected-added\current\nagic.exe
2026-10-06T15:57:06.1104755Z 
2026-10-06T15:57:06.1112626Z [NEXT] Try in this terminal: nagic --version
2026-10-06T15:57:06.1119060Z 
2026-10-06T15:57:06.1126202Z [INFO] To build your own Nagi apps with nagic build/run:
2026-10-06T15:57:06.1132577Z        Rust/Cargo and Visual Studio C++ Build Tools are required.
2026-10-06T15:57:06.1139816Z        Use your existing installation if these tools are already installed.
2026-10-06T15:57:06.2344000Z 
2026-10-06T15:57:06.2350693Z [OK] Installed Nagi 0.0.1 (prebuilt compiler).
2026-10-06T15:57:06.2356254Z      Location: C:\Users\runneradmin\AppData\Local\Temp\nagi installer space 5f76cb7a-e293-4217-8400-52f6bdc06fea\protected-empty-directory\nagi-0.0.1-windows-x86_64
2026-10-06T15:57:06.2362377Z      Command: C:\Users\runneradmin\AppData\Local\Temp\nagi installer space 5f76cb7a-e293-4217-8400-52f6bdc06fea\protected-empty-directory\current\nagic.exe
2026-10-06T15:57:06.2366523Z 
2026-10-06T15:57:06.2373503Z [NEXT] Try in this terminal: nagic --version
2026-10-06T15:57:06.2378748Z 
2026-10-06T15:57:06.2384012Z [INFO] To build your own Nagi apps with nagic build/run:
2026-10-06T15:57:06.2389266Z        Rust/Cargo and Visual Studio C++ Build Tools are required.
2026-10-06T15:57:06.2394930Z        Use your existing installation if these tools are already installed.
2026-10-06T15:57:06.4099318Z [33;1mWARNING: Kept old installation: C:\Users\runneradmin\AppData\Local\Temp\nagi installer space 5f76cb7a-e293-4217-8400-52f6bdc06fea\protected-empty-directory\nagi-0.0.1-windows-x86_64 (Files were added or changed)[0m
2026-10-06T15:57:06.4103563Z 
2026-10-06T15:57:06.4105316Z [OK] Installed Nagi 0.0.2 (prebuilt compiler).
2026-10-06T15:57:06.4111536Z      Location: C:\Users\runneradmin\AppData\Local\Temp\nagi installer space 5f76cb7a-e293-4217-8400-52f6bdc06fea\protected-empty-directory\nagi-0.0.2-windows-x86_64
2026-10-06T15:57:06.4115180Z      Command: C:\Users\runneradmin\AppData\Local\Temp\nagi installer space 5f76cb7a-e293-4217-8400-52f6bdc06fea\protected-empty-directory\current\nagic.exe
2026-10-06T15:57:06.4117236Z 
2026-10-06T15:57:06.4124286Z [NEXT] Try in this terminal: nagic --version
2026-10-06T15:57:06.4129227Z 
2026-10-06T15:57:06.4136564Z [INFO] To build your own Nagi apps with nagic build/run:
2026-10-06T15:57:06.4142071Z        Rust/Cargo and Visual Studio C++ Build Tools are required.
2026-10-06T15:57:06.4147134Z        Use your existing installation if these tools are already installed.
2026-10-06T15:57:06.5607158Z 
2026-10-06T15:57:06.5615777Z [OK] Installed Nagi 0.0.1 (prebuilt compiler).
2026-10-06T15:57:06.5622481Z      Location: C:\Users\runneradmin\AppData\Local\Temp\nagi installer space 5f76cb7a-e293-4217-8400-52f6bdc06fea\protected-busy\nagi-0.0.1-windows-x86_64
2026-10-06T15:57:06.5630356Z      Command: C:\Users\runneradmin\AppData\Local\Temp\nagi installer space 5f76cb7a-e293-4217-8400-52f6bdc06fea\protected-busy\current\nagic.exe
2026-10-06T15:57:06.5636346Z 
2026-10-06T15:57:06.5644244Z [NEXT] Try in this terminal: nagic --version
2026-10-06T15:57:06.5650438Z 
2026-10-06T15:57:06.5657563Z [INFO] To build your own Nagi apps with nagic build/run:
2026-10-06T15:57:06.5661062Z        Rust/Cargo and Visual Studio C++ Build Tools are required.
2026-10-06T15:57:06.5666383Z        Use your existing installation if these tools are already installed.
2026-10-06T15:57:06.6914110Z [33;1mWARNING: Kept old installation: C:\Users\runneradmin\AppData\Local\Temp\nagi installer space 5f76cb7a-e293-4217-8400-52f6bdc06fea\protected-busy\nagi-0.0.1-windows-x86_64 (The process cannot access the file 'C:\Users\runneradmin\AppData\Local\Temp\nagi installer space 5f76cb7a-e293-4217-8400-52f6bdc06fea\protected-busy\nagi-0.0.1-windows-x86_64\nagic.exe' because it is being used by another process.)[0m
2026-10-06T15:57:06.6916620Z 
2026-10-06T15:57:06.6921731Z [OK] Installed Nagi 0.0.2 (prebuilt compiler).
2026-10-06T15:57:06.6927262Z      Location: C:\Users\runneradmin\AppData\Local\Temp\nagi installer space 5f76cb7a-e293-4217-8400-52f6bdc06fea\protected-busy\nagi-0.0.2-windows-x86_64
2026-10-06T15:57:06.6932957Z      Command: C:\Users\runneradmin\AppData\Local\Temp\nagi installer space 5f76cb7a-e293-4217-8400-52f6bdc06fea\protected-busy\current\nagic.exe
2026-10-06T15:57:06.6938030Z 
2026-10-06T15:57:06.6944873Z [NEXT] Try in this terminal: nagic --version
2026-10-06T15:57:06.6949415Z 
2026-10-06T15:57:06.6955229Z [INFO] To build your own Nagi apps with nagic build/run:
2026-10-06T15:57:06.6960219Z        Rust/Cargo and Visual Studio C++ Build Tools are required.
2026-10-06T15:57:06.6965273Z        Use your existing installation if these tools are already installed.
2026-10-06T15:57:06.8119162Z 
2026-10-06T15:57:06.8127417Z [OK] Installed Nagi 0.0.1 (prebuilt compiler).
2026-10-06T15:57:06.8134556Z      Location: C:\Users\runneradmin\AppData\Local\Temp\nagi installer space 5f76cb7a-e293-4217-8400-52f6bdc06fea\protected-junction\nagi-0.0.1-windows-x86_64
2026-10-06T15:57:06.8141540Z      Command: C:\Users\runneradmin\AppData\Local\Temp\nagi installer space 5f76cb7a-e293-4217-8400-52f6bdc06fea\protected-junction\current\nagic.exe
2026-10-06T15:57:06.8147336Z 
2026-10-06T15:57:06.8155277Z [NEXT] Try in this terminal: nagic --version
2026-10-06T15:57:06.8160367Z 
2026-10-06T15:57:06.8166089Z [INFO] To build your own Nagi apps with nagic build/run:
2026-10-06T15:57:06.8171462Z        Rust/Cargo and Visual Studio C++ Build Tools are required.
2026-10-06T15:57:06.8177611Z        Use your existing installation if these tools are already installed.
2026-10-06T15:57:06.9221133Z [33;1mWARNING: Kept old installation: C:\Users\runneradmin\AppData\Local\Temp\nagi installer space 5f76cb7a-e293-4217-8400-52f6bdc06fea\protected-junction\nagi-0.0.1-windows-x86_64 (Installation contains a link or an unrecognized file name)[0m
2026-10-06T15:57:06.9222894Z 
2026-10-06T15:57:06.9225133Z [OK] Installed Nagi 0.0.2 (prebuilt compiler).
2026-10-06T15:57:06.9229107Z      Location: C:\Users\runneradmin\AppData\Local\Temp\nagi installer space 5f76cb7a-e293-4217-8400-52f6bdc06fea\protected-junction\nagi-0.0.2-windows-x86_64
2026-10-06T15:57:06.9232203Z      Command: C:\Users\runneradmin\AppData\Local\Temp\nagi installer space 5f76cb7a-e293-4217-8400-52f6bdc06fea\protected-junction\current\nagic.exe
2026-10-06T15:57:06.9233930Z 
2026-10-06T15:57:06.9241217Z [NEXT] Try in this terminal: nagic --version
2026-10-06T15:57:06.9243532Z 
2026-10-06T15:57:06.9248800Z [INFO] To build your own Nagi apps with nagic build/run:
2026-10-06T15:57:06.9253548Z        Rust/Cargo and Visual Studio C++ Build Tools are required.
2026-10-06T15:57:06.9260199Z        Use your existing installation if these tools are already installed.
2026-10-06T15:57:06.9938227Z PowerShell installer: external project, upgrade, repeat, explicit version, rollback, legacy PATH, protected files, lock, and latest selection passed.
2026-10-06T15:57:07.1221465Z ##[group]Run ./scripts/releases/test_install.ps1 -Archive "build/distribution/nagi-$env:RELEASE_VERSION-windows-x86_64.zip" -Version $env:RELEASE_VERSION -TestUserPath
2026-10-06T15:57:07.1222726Z [36;1m./scripts/releases/test_install.ps1 -Archive "build/distribution/nagi-$env:RELEASE_VERSION-windows-x86_64.zip" -Version $env:RELEASE_VERSION -TestUserPath[0m
2026-10-06T15:57:07.1292894Z shell: C:\Windows\System32\WindowsPowerShell\v1.0\powershell.EXE -command ". '{0}'"
2026-10-06T15:57:07.1293320Z env:
2026-10-06T15:57:07.1293565Z   NAGI_FAILURE_DIR: D:\a\Nagi\Nagi/build/compiler-failures
2026-10-06T15:57:07.1293901Z   CARGO_HOME: C:\Users\runneradmin\.cargo
2026-10-06T15:57:07.1294164Z   CARGO_INCREMENTAL: 0
2026-10-06T15:57:07.1294373Z   CARGO_TERM_COLOR: always
2026-10-06T15:57:07.1294669Z   pythonLocation: C:\hostedtoolcache\windows\Python\3.12.10\x64
2026-10-06T15:57:07.1295132Z   PKG_CONFIG_PATH: C:\hostedtoolcache\windows\Python\3.12.10\x64/lib/pkgconfig
2026-10-06T15:57:07.1295625Z   Python_ROOT_DIR: C:\hostedtoolcache\windows\Python\3.12.10\x64
2026-10-06T15:57:07.1296044Z   Python2_ROOT_DIR: C:\hostedtoolcache\windows\Python\3.12.10\x64
2026-10-06T15:57:07.1296455Z   Python3_ROOT_DIR: C:\hostedtoolcache\windows\Python\3.12.10\x64
2026-10-06T15:57:07.1296806Z   RELEASE_VERSION: 0.1.10
2026-10-06T15:57:07.1297025Z ##[endgroup]
2026-10-06T15:57:10.7138425Z 
2026-10-06T15:57:10.7340570Z [OK] Installed Nagi 0.1.10 (prebuilt compiler).
2026-10-06T15:57:10.7362101Z      Location: C:\Users\runneradmin\AppData\Local\Temp\nagi installer space 4f508b30-fcf4-4516-ae66-35d446b1086b\versions\nagi-0.1.10-windows-x86_64
2026-10-06T15:57:10.7373389Z      Command: C:\Users\runneradmin\AppData\Local\Temp\nagi installer space 4f508b30-fcf4-4516-ae66-35d446b1086b\versions\current\nagic.exe
2026-10-06T15:57:10.7377139Z 
2026-10-06T15:57:10.7390281Z [NEXT] Try in this terminal: nagic --version
2026-10-06T15:57:10.7400331Z        Restart VS Code to refresh its PATH.
2026-10-06T15:57:10.7404759Z 
2026-10-06T15:57:10.7414612Z [INFO] To build your own Nagi apps with nagic build/run:
2026-10-06T15:57:10.7424264Z        Rust/Cargo and Visual Studio C++ Build Tools are required.
2026-10-06T15:57:10.7434737Z        Use your existing installation if these tools are already installed.
2026-10-06T15:57:11.7490260Z 
2026-10-06T15:57:11.7505031Z [OK] Installed Nagi 0.1.10 (prebuilt compiler).
2026-10-06T15:57:11.7515223Z      Location: C:\Users\runneradmin\AppData\Local\Temp\nagi installer space 4f508b30-fcf4-4516-ae66-35d446b1086b\versions\nagi-0.1.10-windows-x86_64
2026-10-06T15:57:11.7526506Z      Command: C:\Users\runneradmin\AppData\Local\Temp\nagi installer space 4f508b30-fcf4-4516-ae66-35d446b1086b\versions\current\nagic.exe
2026-10-06T15:57:11.7530348Z 
2026-10-06T15:57:11.7543768Z [NEXT] Try in this terminal: nagic --version
2026-10-06T15:57:11.7553759Z        Restart VS Code to refresh its PATH.
2026-10-06T15:57:11.7558035Z 
2026-10-06T15:57:11.7568845Z [INFO] To build your own Nagi apps with nagic build/run:
2026-10-06T15:57:11.7578133Z        Rust/Cargo and Visual Studio C++ Build Tools are required.
2026-10-06T15:57:11.7587221Z        Use your existing installation if these tools are already installed.
2026-10-06T15:57:11.8629535Z [1m[92m    Updating[0m crates.io index
2026-10-06T15:57:12.0072714Z [1m[92m     Locking[0m 108 packages to highest compatible versions
2026-10-06T15:57:12.0186471Z [1m[92m      Adding[0m generic-array v0.14.7 [1m[93m(available: v0.14.9)[0m
2026-10-06T15:57:12.0317468Z [1m[92m      Adding[0m matchit v0.8.4 [1m[93m(available: v0.8.6)[0m
2026-10-06T15:57:12.1694948Z [1m[92m   Compiling[0m nagi-runtime v0.1.10 (C:\Users\runneradmin\AppData\Local\Temp\nagi installer space 4f508b30-fcf4-4516-ae66-35d446b1086b\versions\nagi-0.1.10-windows-x86_64\runtime)
2026-10-06T15:57:21.1310287Z [1m[92m   Compiling[0m nagi-main-d8ec08e639c2aae7 v0.1.0 (C:\Users\runneradmin\AppData\Local\Temp\nagi installer space 4f508b30-fcf4-4516-ae66-35d446b1086b\outside project\build\main\.nagi\apps\nagi-main-d8ec08e639c2aae7\generations\.staging-g-2c8-18dbfbe39ccfd968-0)
2026-10-06T15:57:21.2935459Z [1m[92m    Finished[0m `release` profile [optimized] target(s) in 9.44s
2026-10-06T15:57:21.3436603Z native: \\?\C:\Users\runneradmin\AppData\Local\Temp\nagi installer space 4f508b30-fcf4-4516-ae66-35d446b1086b\outside project\build\main\.nagi\apps\nagi-main-d8ec08e639c2aae7\generations\g-2c8-18dbfbe39ccfd968-0\nagi-d8ec08e639c2aae7-g-2c8-18dbfbe39ccfd968-0.exe
2026-10-06T15:57:24.1733627Z Removed old version: C:\Users\runneradmin\AppData\Local\Temp\nagi installer space 4f508b30-fcf4-4516-ae66-35d446b1086b\versions\nagi-0.1.10-windows-x86_64
2026-10-06T15:57:24.1736877Z 
2026-10-06T15:57:24.1751832Z [OK] Installed Nagi 0.0.1 (prebuilt compiler).
2026-10-06T15:57:24.1763046Z      Location: C:\Users\runneradmin\AppData\Local\Temp\nagi installer space 4f508b30-fcf4-4516-ae66-35d446b1086b\versions\nagi-0.0.1-windows-x86_64
2026-10-06T15:57:24.1774215Z      Command: C:\Users\runneradmin\AppData\Local\Temp\nagi installer space 4f508b30-fcf4-4516-ae66-35d446b1086b\versions\current\nagic.exe
2026-10-06T15:57:24.1778075Z 
2026-10-06T15:57:24.1792634Z [NEXT] Try in this terminal: nagic --version
2026-10-06T15:57:24.1802773Z        Restart VS Code to refresh its PATH.
2026-10-06T15:57:24.1807201Z 
2026-10-06T15:57:24.1817401Z [INFO] To build your own Nagi apps with nagic build/run:
2026-10-06T15:57:24.1827442Z        Rust/Cargo and Visual Studio C++ Build Tools are required.
2026-10-06T15:57:24.1837306Z        Use your existing installation if these tools are already installed.
2026-10-06T15:57:24.7843797Z Removed old version: C:\Users\runneradmin\AppData\Local\Temp\nagi installer space 4f508b30-fcf4-4516-ae66-35d446b1086b\versions\nagi-0.0.1-windows-x86_64
2026-10-06T15:57:24.7845263Z 
2026-10-06T15:57:24.7861259Z [OK] Installed Nagi 0.0.2 (prebuilt compiler).
2026-10-06T15:57:24.7871380Z      Location: C:\Users\runneradmin\AppData\Local\Temp\nagi installer space 4f508b30-fcf4-4516-ae66-35d446b1086b\versions\nagi-0.0.2-windows-x86_64
2026-10-06T15:57:24.7883142Z      Command: C:\Users\runneradmin\AppData\Local\Temp\nagi installer space 4f508b30-fcf4-4516-ae66-35d446b1086b\versions\current\nagic.exe
2026-10-06T15:57:24.7887017Z 
2026-10-06T15:57:24.7900545Z [NEXT] Try in this terminal: nagic --version
2026-10-06T15:57:24.7910179Z        Restart VS Code to refresh its PATH.
2026-10-06T15:57:24.7914504Z 
2026-10-06T15:57:24.7924179Z [INFO] To build your own Nagi apps with nagic build/run:
2026-10-06T15:57:24.7933651Z        Rust/Cargo and Visual Studio C++ Build Tools are required.
2026-10-06T15:57:24.7952965Z        Use your existing installation if these tools are already installed.
2026-10-06T15:57:25.1612173Z 
2026-10-06T15:57:25.1626533Z [OK] Installed Nagi 0.0.2 (prebuilt compiler).
2026-10-06T15:57:25.1637317Z      Location: C:\Users\runneradmin\AppData\Local\Temp\nagi installer space 4f508b30-fcf4-4516-ae66-35d446b1086b\versions\nagi-0.0.2-windows-x86_64
2026-10-06T15:57:25.1648223Z      Command: C:\Users\runneradmin\AppData\Local\Temp\nagi installer space 4f508b30-fcf4-4516-ae66-35d446b1086b\versions\current\nagic.exe
2026-10-06T15:57:25.1652892Z 
2026-10-06T15:57:25.1669136Z [NEXT] Try in this terminal: nagic --version
2026-10-06T15:57:25.1679058Z        Restart VS Code to refresh its PATH.
2026-10-06T15:57:25.1683430Z 
2026-10-06T15:57:25.1693958Z [INFO] To build your own Nagi apps with nagic build/run:
2026-10-06T15:57:25.1703463Z        Rust/Cargo and Visual Studio C++ Build Tools are required.
2026-10-06T15:57:25.1713609Z        Use your existing installation if these tools are already installed.
2026-10-06T15:57:25.7701118Z Removed old version: C:\Users\runneradmin\AppData\Local\Temp\nagi installer space 4f508b30-fcf4-4516-ae66-35d446b1086b\versions\nagi-0.0.2-windows-x86_64
2026-10-06T15:57:25.7704177Z 
2026-10-06T15:57:25.7718473Z [OK] Installed Nagi 0.0.1 (prebuilt compiler).
2026-10-06T15:57:25.7730597Z      Location: C:\Users\runneradmin\AppData\Local\Temp\nagi installer space 4f508b30-fcf4-4516-ae66-35d446b1086b\versions\nagi-0.0.1-windows-x86_64
2026-10-06T15:57:25.7740514Z      Command: C:\Users\runneradmin\AppData\Local\Temp\nagi installer space 4f508b30-fcf4-4516-ae66-35d446b1086b\versions\current\nagic.exe
2026-10-06T15:57:25.7744285Z 
2026-10-06T15:57:25.7757407Z [NEXT] Try in this terminal: nagic --version
2026-10-06T15:57:25.7767501Z        Restart VS Code to refresh its PATH.
2026-10-06T15:57:25.7771895Z 
2026-10-06T15:57:25.7781997Z [INFO] To build your own Nagi apps with nagic build/run:
2026-10-06T15:57:25.7791382Z        Rust/Cargo and Visual Studio C++ Build Tools are required.
2026-10-06T15:57:25.7800971Z        Use your existing installation if these tools are already installed.
2026-10-06T15:57:26.8629050Z Removed old version: C:\Users\runneradmin\AppData\Local\Temp\nagi installer space 4f508b30-fcf4-4516-ae66-35d446b1086b\versions\nagi-0.0.1-windows-x86_64
2026-10-06T15:57:26.8632451Z 
2026-10-06T15:57:26.8647829Z [OK] Installed Nagi 0.0.2 (prebuilt compiler).
2026-10-06T15:57:26.8658285Z      Location: C:\Users\runneradmin\AppData\Local\Temp\nagi installer space 4f508b30-fcf4-4516-ae66-35d446b1086b\versions\nagi-0.0.2-windows-x86_64
2026-10-06T15:57:26.8669754Z      Command: C:\Users\runneradmin\AppData\Local\Temp\nagi installer space 4f508b30-fcf4-4516-ae66-35d446b1086b\versions\current\nagic.exe
2026-10-06T15:57:26.8673896Z 
2026-10-06T15:57:26.8687884Z [NEXT] Try in this terminal: nagic --version
2026-10-06T15:57:26.8719006Z        Restart VS Code to refresh its PATH.
2026-10-06T15:57:26.8719639Z 
2026-10-06T15:57:26.8722567Z [INFO] To build your own Nagi apps with nagic build/run:
2026-10-06T15:57:26.8723424Z        Rust/Cargo and Visual Studio C++ Build Tools are required.
2026-10-06T15:57:26.8744926Z        Use your existing installation if these tools are already installed.
2026-10-06T15:57:27.6837024Z Removed old version: C:\Users\runneradmin\AppData\Local\Temp\nagi installer space 4f508b30-fcf4-4516-ae66-35d446b1086b\legacy\nagi-0.0.1-windows-x86_64
2026-10-06T15:57:27.6840067Z 
2026-10-06T15:57:27.6854876Z [OK] Installed Nagi 0.0.2 (prebuilt compiler).
2026-10-06T15:57:27.6865207Z      Location: C:\Users\runneradmin\AppData\Local\Temp\nagi installer space 4f508b30-fcf4-4516-ae66-35d446b1086b\legacy\nagi-0.0.2-windows-x86_64
2026-10-06T15:57:27.6876165Z      Command: C:\Users\runneradmin\AppData\Local\Temp\nagi installer space 4f508b30-fcf4-4516-ae66-35d446b1086b\legacy\current\nagic.exe
2026-10-06T15:57:27.6880277Z 
2026-10-06T15:57:27.6893630Z [NEXT] Try in this terminal: nagic --version
2026-10-06T15:57:27.6904267Z        Restart VS Code to refresh its PATH.
2026-10-06T15:57:27.6908363Z 
2026-10-06T15:57:27.6919861Z [INFO] To build your own Nagi apps with nagic build/run:
2026-10-06T15:57:27.6929799Z        Rust/Cargo and Visual Studio C++ Build Tools are required.
2026-10-06T15:57:27.6940265Z        Use your existing installation if these tools are already installed.
2026-10-06T15:57:28.1944196Z 
2026-10-06T15:57:28.1957262Z [OK] Installed Nagi 0.0.1 (prebuilt compiler).
2026-10-06T15:57:28.1966262Z      Location: C:\Users\runneradmin\AppData\Local\Temp\nagi installer space 4f508b30-fcf4-4516-ae66-35d446b1086b\protected-changed\nagi-0.0.1-windows-x86_64
2026-10-06T15:57:28.1975756Z      Command: C:\Users\runneradmin\AppData\Local\Temp\nagi installer space 4f508b30-fcf4-4516-ae66-35d446b1086b\protected-changed\current\nagic.exe
2026-10-06T15:57:28.1979565Z 
2026-10-06T15:57:28.1991738Z [NEXT] Try in this terminal: nagic --version
2026-10-06T15:57:28.1995992Z 
2026-10-06T15:57:28.2004343Z [INFO] To build your own Nagi apps with nagic build/run:
2026-10-06T15:57:28.2012744Z        Rust/Cargo and Visual Studio C++ Build Tools are required.
2026-10-06T15:57:28.2020841Z        Use your existing installation if these tools are already installed.
2026-10-06T15:57:28.6854263Z WARNING: Kept old installation: C:\Users\runneradmin\AppData\Local\Temp\nagi installer space 
2026-10-06T15:57:28.6856435Z 4f508b30-fcf4-4516-ae66-35d446b1086b\protected-changed\nagi-0.0.1-windows-x86_64 (Files were added or changed)
2026-10-06T15:57:28.6861065Z 
2026-10-06T15:57:28.6874416Z [OK] Installed Nagi 0.0.2 (prebuilt compiler).
2026-10-06T15:57:28.6883339Z      Location: C:\Users\runneradmin\AppData\Local\Temp\nagi installer space 4f508b30-fcf4-4516-ae66-35d446b1086b\protected-changed\nagi-0.0.2-windows-x86_64
2026-10-06T15:57:28.6894016Z      Command: C:\Users\runneradmin\AppData\Local\Temp\nagi installer space 4f508b30-fcf4-4516-ae66-35d446b1086b\protected-changed\current\nagic.exe
2026-10-06T15:57:28.6897821Z 
2026-10-06T15:57:28.6909532Z [NEXT] Try in this terminal: nagic --version
2026-10-06T15:57:28.6913909Z 
2026-10-06T15:57:28.6922342Z [INFO] To build your own Nagi apps with nagic build/run:
2026-10-06T15:57:28.6930595Z        Rust/Cargo and Visual Studio C++ Build Tools are required.
2026-10-06T15:57:28.6938752Z        Use your existing installation if these tools are already installed.
2026-10-06T15:57:28.9627959Z 
2026-10-06T15:57:28.9640943Z [OK] Installed Nagi 0.0.1 (prebuilt compiler).
2026-10-06T15:57:28.9649381Z      Location: C:\Users\runneradmin\AppData\Local\Temp\nagi installer space 4f508b30-fcf4-4516-ae66-35d446b1086b\protected-added\nagi-0.0.1-windows-x86_64
2026-10-06T15:57:28.9662001Z      Command: C:\Users\runneradmin\AppData\Local\Temp\nagi installer space 4f508b30-fcf4-4516-ae66-35d446b1086b\protected-added\current\nagic.exe
2026-10-06T15:57:28.9665645Z 
2026-10-06T15:57:28.9677561Z [NEXT] Try in this terminal: nagic --version
2026-10-06T15:57:28.9681737Z 
2026-10-06T15:57:28.9689836Z [INFO] To build your own Nagi apps with nagic build/run:
2026-10-06T15:57:28.9697965Z        Rust/Cargo and Visual Studio C++ Build Tools are required.
2026-10-06T15:57:28.9705737Z        Use your existing installation if these tools are already installed.
2026-10-06T15:57:29.4234439Z WARNING: Kept old installation: C:\Users\runneradmin\AppData\Local\Temp\nagi installer space 
2026-10-06T15:57:29.4235940Z 4f508b30-fcf4-4516-ae66-35d446b1086b\protected-added\nagi-0.0.1-windows-x86_64 (Files were added or changed)
2026-10-06T15:57:29.4242161Z 
2026-10-06T15:57:29.4254903Z [OK] Installed Nagi 0.0.2 (prebuilt compiler).
2026-10-06T15:57:29.4263985Z      Location: C:\Users\runneradmin\AppData\Local\Temp\nagi installer space 4f508b30-fcf4-4516-ae66-35d446b1086b\protected-added\nagi-0.0.2-windows-x86_64
2026-10-06T15:57:29.4273315Z      Command: C:\Users\runneradmin\AppData\Local\Temp\nagi installer space 4f508b30-fcf4-4516-ae66-35d446b1086b\protected-added\current\nagic.exe
2026-10-06T15:57:29.4277154Z 
2026-10-06T15:57:29.4288498Z [NEXT] Try in this terminal: nagic --version
2026-10-06T15:57:29.4293019Z 
2026-10-06T15:57:29.4300996Z [INFO] To build your own Nagi apps with nagic build/run:
2026-10-06T15:57:29.4308940Z        Rust/Cargo and Visual Studio C++ Build Tools are required.
2026-10-06T15:57:29.4316615Z        Use your existing installation if these tools are already installed.
2026-10-06T15:57:29.7136894Z 
2026-10-06T15:57:29.7149677Z [OK] Installed Nagi 0.0.1 (prebuilt compiler).
2026-10-06T15:57:29.7158721Z      Location: C:\Users\runneradmin\AppData\Local\Temp\nagi installer space 4f508b30-fcf4-4516-ae66-35d446b1086b\protected-empty-directory\nagi-0.0.1-windows-x86_64
2026-10-06T15:57:29.7168021Z      Command: C:\Users\runneradmin\AppData\Local\Temp\nagi installer space 4f508b30-fcf4-4516-ae66-35d446b1086b\protected-empty-directory\current\nagic.exe
2026-10-06T15:57:29.7171661Z 
2026-10-06T15:57:29.7182896Z [NEXT] Try in this terminal: nagic --version
2026-10-06T15:57:29.7187673Z 
2026-10-06T15:57:29.7195946Z [INFO] To build your own Nagi apps with nagic build/run:
2026-10-06T15:57:29.7203710Z        Rust/Cargo and Visual Studio C++ Build Tools are required.
2026-10-06T15:57:29.7212160Z        Use your existing installation if these tools are already installed.
2026-10-06T15:57:30.1765786Z WARNING: Kept old installation: C:\Users\runneradmin\AppData\Local\Temp\nagi installer space 
2026-10-06T15:57:30.1767426Z 4f508b30-fcf4-4516-ae66-35d446b1086b\protected-empty-directory\nagi-0.0.1-windows-x86_64 (Files were added or changed)
2026-10-06T15:57:30.1772589Z 
2026-10-06T15:57:30.1785310Z [OK] Installed Nagi 0.0.2 (prebuilt compiler).
2026-10-06T15:57:30.1793605Z      Location: C:\Users\runneradmin\AppData\Local\Temp\nagi installer space 4f508b30-fcf4-4516-ae66-35d446b1086b\protected-empty-directory\nagi-0.0.2-windows-x86_64
2026-10-06T15:57:30.1802651Z      Command: C:\Users\runneradmin\AppData\Local\Temp\nagi installer space 4f508b30-fcf4-4516-ae66-35d446b1086b\protected-empty-directory\current\nagic.exe
2026-10-06T15:57:30.1806675Z 
2026-10-06T15:57:30.1817823Z [NEXT] Try in this terminal: nagic --version
2026-10-06T15:57:30.1821770Z 
2026-10-06T15:57:30.1830165Z [INFO] To build your own Nagi apps with nagic build/run:
2026-10-06T15:57:30.1837887Z        Rust/Cargo and Visual Studio C++ Build Tools are required.
2026-10-06T15:57:30.1847069Z        Use your existing installation if these tools are already installed.
2026-10-06T15:57:30.4475235Z 
2026-10-06T15:57:30.4488165Z [OK] Installed Nagi 0.0.1 (prebuilt compiler).
2026-10-06T15:57:30.4497005Z      Location: C:\Users\runneradmin\AppData\Local\Temp\nagi installer space 4f508b30-fcf4-4516-ae66-35d446b1086b\protected-busy\nagi-0.0.1-windows-x86_64
2026-10-06T15:57:30.4506780Z      Command: C:\Users\runneradmin\AppData\Local\Temp\nagi installer space 4f508b30-fcf4-4516-ae66-35d446b1086b\protected-busy\current\nagic.exe
2026-10-06T15:57:30.4510647Z 
2026-10-06T15:57:30.4522649Z [NEXT] Try in this terminal: nagic --version
2026-10-06T15:57:30.4526814Z 
2026-10-06T15:57:30.4535732Z [INFO] To build your own Nagi apps with nagic build/run:
2026-10-06T15:57:30.4544164Z        Rust/Cargo and Visual Studio C++ Build Tools are required.
2026-10-06T15:57:30.4552551Z        Use your existing installation if these tools are already installed.
2026-10-06T15:57:30.7402919Z WARNING: Kept old installation: C:\Users\runneradmin\AppData\Local\Temp\nagi installer space 
2026-10-06T15:57:30.7404163Z 4f508b30-fcf4-4516-ae66-35d446b1086b\protected-busy\nagi-0.0.1-windows-x86_64 (The file 
2026-10-06T15:57:30.7405154Z 'C:\Users\runneradmin\AppData\Local\Temp\nagi installer space 
2026-10-06T15:57:30.7406272Z 4f508b30-fcf4-4516-ae66-35d446b1086b\protected-busy\nagi-0.0.1-windows-x86_64\nagic.exe' cannot be read: The process 
2026-10-06T15:57:30.7407506Z cannot access the file 'C:\Users\runneradmin\AppData\Local\Temp\nagi installer space 
2026-10-06T15:57:30.7408796Z 4f508b30-fcf4-4516-ae66-35d446b1086b\protected-busy\nagi-0.0.1-windows-x86_64\nagic.exe' because it is being used by 
2026-10-06T15:57:30.7409763Z another process.)
2026-10-06T15:57:30.7409991Z 
2026-10-06T15:57:30.7427042Z [OK] Installed Nagi 0.0.2 (prebuilt compiler).
2026-10-06T15:57:30.7435819Z      Location: C:\Users\runneradmin\AppData\Local\Temp\nagi installer space 4f508b30-fcf4-4516-ae66-35d446b1086b\protected-busy\nagi-0.0.2-windows-x86_64
2026-10-06T15:57:30.7446101Z      Command: C:\Users\runneradmin\AppData\Local\Temp\nagi installer space 4f508b30-fcf4-4516-ae66-35d446b1086b\protected-busy\current\nagic.exe
2026-10-06T15:57:30.7449950Z 
2026-10-06T15:57:30.7461884Z [NEXT] Try in this terminal: nagic --version
2026-10-06T15:57:30.7466205Z 
2026-10-06T15:57:30.7474600Z [INFO] To build your own Nagi apps with nagic build/run:
2026-10-06T15:57:30.7483115Z        Rust/Cargo and Visual Studio C++ Build Tools are required.
2026-10-06T15:57:30.7491139Z        Use your existing installation if these tools are already installed.
2026-10-06T15:57:31.0062787Z 
2026-10-06T15:57:31.0079041Z [OK] Installed Nagi 0.0.1 (prebuilt compiler).
2026-10-06T15:57:31.0090864Z      Location: C:\Users\runneradmin\AppData\Local\Temp\nagi installer space 4f508b30-fcf4-4516-ae66-35d446b1086b\protected-junction\nagi-0.0.1-windows-x86_64
2026-10-06T15:57:31.0103584Z      Command: C:\Users\runneradmin\AppData\Local\Temp\nagi installer space 4f508b30-fcf4-4516-ae66-35d446b1086b\protected-junction\current\nagic.exe
2026-10-06T15:57:31.0106386Z 
2026-10-06T15:57:31.0119833Z [NEXT] Try in this terminal: nagic --version
2026-10-06T15:57:31.0124881Z 
2026-10-06T15:57:31.0135176Z [INFO] To build your own Nagi apps with nagic build/run:
2026-10-06T15:57:31.0145233Z        Rust/Cargo and Visual Studio C++ Build Tools are required.
2026-10-06T15:57:31.0154819Z        Use your existing installation if these tools are already installed.
2026-10-06T15:57:31.2745618Z WARNING: Kept old installation: C:\Users\runneradmin\AppData\Local\Temp\nagi installer space 
2026-10-06T15:57:31.2746837Z 4f508b30-fcf4-4516-ae66-35d446b1086b\protected-junction\nagi-0.0.1-windows-x86_64 (Installation contains a link or an 
2026-10-06T15:57:31.2747537Z unrecognized file name)
2026-10-06T15:57:31.2751720Z 
2026-10-06T15:57:31.2764420Z [OK] Installed Nagi 0.0.2 (prebuilt compiler).
2026-10-06T15:57:31.2776286Z      Location: C:\Users\runneradmin\AppData\Local\Temp\nagi installer space 4f508b30-fcf4-4516-ae66-35d446b1086b\protected-junction\nagi-0.0.2-windows-x86_64
2026-10-06T15:57:31.2787350Z      Command: C:\Users\runneradmin\AppData\Local\Temp\nagi installer space 4f508b30-fcf4-4516-ae66-35d446b1086b\protected-junction\current\nagic.exe
2026-10-06T15:57:31.2791367Z 
2026-10-06T15:57:31.2803753Z [NEXT] Try in this terminal: nagic --version
2026-10-06T15:57:31.2808086Z 
2026-10-06T15:57:31.2816657Z [INFO] To build your own Nagi apps with nagic build/run:
2026-10-06T15:57:31.2824983Z        Rust/Cargo and Visual Studio C++ Build Tools are required.
2026-10-06T15:57:31.2833040Z        Use your existing installation if these tools are already installed.
2026-10-06T15:57:31.3409455Z PowerShell installer: external project, upgrade, repeat, explicit version, rollback, legacy PATH, protected files, lock, and latest selection passed.
2026-10-06T15:57:31.4664629Z ##[group]Run ./scripts/releases/test_uninstall.ps1
2026-10-06T15:57:31.4665070Z [36;1m./scripts/releases/test_uninstall.ps1[0m
2026-10-06T15:57:31.4733465Z shell: C:\Program Files\PowerShell\7\pwsh.EXE -command ". '{0}'"
2026-10-06T15:57:31.4733826Z env:
2026-10-06T15:57:31.4734077Z   NAGI_FAILURE_DIR: D:\a\Nagi\Nagi/build/compiler-failures
2026-10-06T15:57:31.4734466Z   CARGO_HOME: C:\Users\runneradmin\.cargo
2026-10-06T15:57:31.4734747Z   CARGO_INCREMENTAL: 0
2026-10-06T15:57:31.4734967Z   CARGO_TERM_COLOR: always
2026-10-06T15:57:31.4735268Z   pythonLocation: C:\hostedtoolcache\windows\Python\3.12.10\x64
2026-10-06T15:57:31.4735720Z   PKG_CONFIG_PATH: C:\hostedtoolcache\windows\Python\3.12.10\x64/lib/pkgconfig
2026-10-06T15:57:31.4736165Z   Python_ROOT_DIR: C:\hostedtoolcache\windows\Python\3.12.10\x64
2026-10-06T15:57:31.4736572Z   Python2_ROOT_DIR: C:\hostedtoolcache\windows\Python\3.12.10\x64
2026-10-06T15:57:31.4736999Z   Python3_ROOT_DIR: C:\hostedtoolcache\windows\Python\3.12.10\x64
2026-10-06T15:57:31.4737315Z ##[endgroup]
2026-10-06T15:57:36.0529391Z What if: Performing the operation "Remove installer current junction" on target "C:\Users\runneradmin\AppData\Local\Temp\nagi uninstaller space 2c775119-c247-4386-8479-b129ea18bc88\preview\current".
2026-10-06T15:57:36.0560214Z What if: Performing the operation "Remove installer-owned Nagi entries" on target "User PATH".
2026-10-06T15:57:36.0582302Z What if: Performing the operation "Remove unchanged verified Nagi distribution" on target "C:\Users\runneradmin\AppData\Local\Temp\nagi uninstaller space 2c775119-c247-4386-8479-b129ea18bc88\preview\nagi-0.0.1-windows-x86_64".
2026-10-06T15:57:36.0612488Z [OK] Dry run complete; no installed files or PATH entries changed.
2026-10-06T15:57:36.2523147Z Removed command junction: C:\Users\runneradmin\AppData\Local\Temp\nagi uninstaller space 2c775119-c247-4386-8479-b129ea18bc88\normal\current
2026-10-06T15:57:36.2854217Z Removed distribution: C:\Users\runneradmin\AppData\Local\Temp\nagi uninstaller space 2c775119-c247-4386-8479-b129ea18bc88\normal\nagi-0.0.1-windows-x86_64
2026-10-06T15:57:36.2859955Z [OK] Nagi uninstall complete. Any kept items are listed above.
2026-10-06T15:57:36.2865909Z Restart your terminal and VS Code to refresh PATH.
2026-10-06T15:57:36.3154825Z [OK] Nagi uninstall complete. Any kept items are listed above.
2026-10-06T15:57:36.3161098Z Restart your terminal and VS Code to refresh PATH.
2026-10-06T15:57:36.3271290Z [OK] No installation directory: C:\Users\runneradmin\AppData\Local\Temp\nagi uninstaller space 2c775119-c247-4386-8479-b129ea18bc88\not installed
2026-10-06T15:57:36.4883132Z Removed distribution: C:\Users\runneradmin\AppData\Local\Temp\nagi uninstaller space 2c775119-c247-4386-8479-b129ea18bc88\legacy\nagi-0.0.1-windows-x86_64
2026-10-06T15:57:36.4888291Z [OK] Nagi uninstall complete. Any kept items are listed above.
2026-10-06T15:57:36.4894196Z Restart your terminal and VS Code to refresh PATH.
2026-10-06T15:57:36.6358826Z [33;1mWARNING: Kept changed, busy or unverifiable installation: C:\Users\runneradmin\AppData\Local\Temp\nagi uninstaller space 2c775119-c247-4386-8479-b129ea18bc88\protected-changed\nagi-0.0.1-windows-x86_64 (Files were added or changed)[0m
2026-10-06T15:57:36.6379690Z Removed command junction: C:\Users\runneradmin\AppData\Local\Temp\nagi uninstaller space 2c775119-c247-4386-8479-b129ea18bc88\protected-changed\current
2026-10-06T15:57:36.6396522Z [OK] Nagi uninstall complete. Any kept items are listed above.
2026-10-06T15:57:36.6402433Z Restart your terminal and VS Code to refresh PATH.
2026-10-06T15:57:36.7983771Z [33;1mWARNING: Kept changed, busy or unverifiable installation: C:\Users\runneradmin\AppData\Local\Temp\nagi uninstaller space 2c775119-c247-4386-8479-b129ea18bc88\protected-added\nagi-0.0.1-windows-x86_64 (Files were added or changed)[0m
2026-10-06T15:57:36.8006248Z Removed command junction: C:\Users\runneradmin\AppData\Local\Temp\nagi uninstaller space 2c775119-c247-4386-8479-b129ea18bc88\protected-added\current
2026-10-06T15:57:36.8020823Z [OK] Nagi uninstall complete. Any kept items are listed above.
2026-10-06T15:57:36.8027126Z Restart your terminal and VS Code to refresh PATH.
2026-10-06T15:57:36.9484826Z [33;1mWARNING: Kept changed, busy or unverifiable installation: C:\Users\runneradmin\AppData\Local\Temp\nagi uninstaller space 2c775119-c247-4386-8479-b129ea18bc88\protected-empty-directory\nagi-0.0.1-windows-x86_64 (Files were added or changed)[0m
2026-10-06T15:57:36.9505612Z Removed command junction: C:\Users\runneradmin\AppData\Local\Temp\nagi uninstaller space 2c775119-c247-4386-8479-b129ea18bc88\protected-empty-directory\current
2026-10-06T15:57:36.9522499Z [OK] Nagi uninstall complete. Any kept items are listed above.
2026-10-06T15:57:36.9528871Z Restart your terminal and VS Code to refresh PATH.
2026-10-06T15:57:37.0990926Z [33;1mWARNING: Kept changed, busy or unverifiable installation: C:\Users\runneradmin\AppData\Local\Temp\nagi uninstaller space 2c775119-c247-4386-8479-b129ea18bc88\protected-hidden\nagi-0.0.1-windows-x86_64 (Files were added or changed)[0m
2026-10-06T15:57:37.1010611Z Removed command junction: C:\Users\runneradmin\AppData\Local\Temp\nagi uninstaller space 2c775119-c247-4386-8479-b129ea18bc88\protected-hidden\current
2026-10-06T15:57:37.1028529Z [OK] Nagi uninstall complete. Any kept items are listed above.
2026-10-06T15:57:37.1034906Z Restart your terminal and VS Code to refresh PATH.
2026-10-06T15:57:37.2274247Z [33;1mWARNING: Kept changed, busy or unverifiable installation: C:\Users\runneradmin\AppData\Local\Temp\nagi uninstaller space 2c775119-c247-4386-8479-b129ea18bc88\protected-busy\nagi-0.0.1-windows-x86_64 (The process cannot access the file 'C:\Users\runneradmin\AppData\Local\Temp\nagi uninstaller space 2c775119-c247-4386-8479-b129ea18bc88\protected-busy\nagi-0.0.1-windows-x86_64\nagic.exe' because it is being used by another process.)[0m
2026-10-06T15:57:37.2292631Z Removed command junction: C:\Users\runneradmin\AppData\Local\Temp\nagi uninstaller space 2c775119-c247-4386-8479-b129ea18bc88\protected-busy\current
2026-10-06T15:57:37.2307618Z [OK] Nagi uninstall complete. Any kept items are listed above.
2026-10-06T15:57:37.2313421Z Restart your terminal and VS Code to refresh PATH.
2026-10-06T15:57:37.2963879Z [33;1mWARNING: Kept changed, busy or unverifiable installation: C:\Users\runneradmin\AppData\Local\Temp\nagi uninstaller space 2c775119-c247-4386-8479-b129ea18bc88\protected-junction\nagi-0.0.1-windows-x86_64 (Installation contains a link or an unrecognized file name)[0m
2026-10-06T15:57:37.2981788Z Removed command junction: C:\Users\runneradmin\AppData\Local\Temp\nagi uninstaller space 2c775119-c247-4386-8479-b129ea18bc88\protected-junction\current
2026-10-06T15:57:37.2996381Z [OK] Nagi uninstall complete. Any kept items are listed above.
2026-10-06T15:57:37.3002243Z Restart your terminal and VS Code to refresh PATH.
2026-10-06T15:57:37.3517508Z [33;1mWARNING: Kept existing current path: C:\Users\runneradmin\AppData\Local\Temp\nagi uninstaller space 2c775119-c247-4386-8479-b129ea18bc88\foreign-file\current[0m
2026-10-06T15:57:37.4614956Z Removed distribution: C:\Users\runneradmin\AppData\Local\Temp\nagi uninstaller space 2c775119-c247-4386-8479-b129ea18bc88\foreign-file\nagi-0.0.1-windows-x86_64
2026-10-06T15:57:37.4620292Z [OK] Nagi uninstall complete. Any kept items are listed above.
2026-10-06T15:57:37.4626149Z Restart your terminal and VS Code to refresh PATH.
2026-10-06T15:57:37.5077780Z [33;1mWARNING: Kept existing current path: C:\Users\runneradmin\AppData\Local\Temp\nagi uninstaller space 2c775119-c247-4386-8479-b129ea18bc88\foreign-directory\current[0m
2026-10-06T15:57:37.6099851Z Removed distribution: C:\Users\runneradmin\AppData\Local\Temp\nagi uninstaller space 2c775119-c247-4386-8479-b129ea18bc88\foreign-directory\nagi-0.0.1-windows-x86_64
2026-10-06T15:57:37.6105549Z [OK] Nagi uninstall complete. Any kept items are listed above.
2026-10-06T15:57:37.6112199Z Restart your terminal and VS Code to refresh PATH.
2026-10-06T15:57:37.6580602Z [33;1mWARNING: Kept existing current path: C:\Users\runneradmin\AppData\Local\Temp\nagi uninstaller space 2c775119-c247-4386-8479-b129ea18bc88\foreign-foreign-junction\current[0m
2026-10-06T15:57:37.7969091Z Removed distribution: C:\Users\runneradmin\AppData\Local\Temp\nagi uninstaller space 2c775119-c247-4386-8479-b129ea18bc88\foreign-foreign-junction\nagi-0.0.1-windows-x86_64
2026-10-06T15:57:37.7975367Z [OK] Nagi uninstall complete. Any kept items are listed above.
2026-10-06T15:57:37.7983445Z Restart your terminal and VS Code to refresh PATH.
2026-10-06T15:57:37.8515798Z [33;1mWARNING: Kept changed, busy or unverifiable installation: C:\Users\runneradmin\AppData\Local\Temp\nagi uninstaller space 2c775119-c247-4386-8479-b129ea18bc88\version-junction\nagi-0.0.1-windows-x86_64 (Not a plain installation directory)[0m
2026-10-06T15:57:37.8527747Z [OK] Nagi uninstall complete. Any kept items are listed above.
2026-10-06T15:57:37.8533293Z Restart your terminal and VS Code to refresh PATH.
2026-10-06T15:57:37.9327997Z [33;1mWARNING: Kept changed, busy or unverifiable installation: C:\Users\runneradmin\AppData\Local\Temp\nagi uninstaller space 2c775119-c247-4386-8479-b129ea18bc88\unverified-checksum\nagi-0.0.1-windows-x86_64 (SHA-256 mismatch)[0m
2026-10-06T15:57:37.9346199Z Removed command junction: C:\Users\runneradmin\AppData\Local\Temp\nagi uninstaller space 2c775119-c247-4386-8479-b129ea18bc88\unverified-checksum\current
2026-10-06T15:57:37.9361020Z [OK] Nagi uninstall complete. Any kept items are listed above.
2026-10-06T15:57:37.9366670Z Restart your terminal and VS Code to refresh PATH.
2026-10-06T15:57:38.0086725Z [33;1mWARNING: Kept changed, busy or unverifiable installation: C:\Users\runneradmin\AppData\Local\Temp\nagi uninstaller space 2c775119-c247-4386-8479-b129ea18bc88\unverified-offline\nagi-0.0.1-windows-x86_64 (Fixture download unavailable)[0m
2026-10-06T15:57:38.0113872Z Removed command junction: C:\Users\runneradmin\AppData\Local\Temp\nagi uninstaller space 2c775119-c247-4386-8479-b129ea18bc88\unverified-offline\current
2026-10-06T15:57:38.0129568Z [OK] Nagi uninstall complete. Any kept items are listed above.
2026-10-06T15:57:38.0135042Z Restart your terminal and VS Code to refresh PATH.
2026-10-06T15:57:38.0960146Z [33;1mWARNING: Kept changed, busy or unverifiable installation: C:\Users\runneradmin\AppData\Local\Temp\nagi uninstaller space 2c775119-c247-4386-8479-b129ea18bc88\unverified-unsafe\nagi-0.0.90-windows-x86_64 (Unsafe archive entry)[0m
2026-10-06T15:57:38.0978245Z Removed command junction: C:\Users\runneradmin\AppData\Local\Temp\nagi uninstaller space 2c775119-c247-4386-8479-b129ea18bc88\unverified-unsafe\current
2026-10-06T15:57:38.0993249Z [OK] Nagi uninstall complete. Any kept items are listed above.
2026-10-06T15:57:38.0999083Z Restart your terminal and VS Code to refresh PATH.
2026-10-06T15:57:38.2087749Z [33;1mWARNING: Kept changed, busy or unverifiable installation: C:\Users\runneradmin\AppData\Local\Temp\nagi uninstaller space 2c775119-c247-4386-8479-b129ea18bc88\unverified-incomplete\nagi-0.0.91-windows-x86_64 (Incomplete distribution)[0m
2026-10-06T15:57:38.2105356Z Removed command junction: C:\Users\runneradmin\AppData\Local\Temp\nagi uninstaller space 2c775119-c247-4386-8479-b129ea18bc88\unverified-incomplete\current
2026-10-06T15:57:38.2120040Z [OK] Nagi uninstall complete. Any kept items are listed above.
2026-10-06T15:57:38.2126261Z Restart your terminal and VS Code to refresh PATH.
2026-10-06T15:57:38.3289006Z [33;1mWARNING: Kept changed, busy or unverifiable installation: C:\Users\runneradmin\AppData\Local\Temp\nagi uninstaller space 2c775119-c247-4386-8479-b129ea18bc88\unverified-metadata\nagi-0.0.92-windows-x86_64 (Distribution metadata mismatch)[0m
2026-10-06T15:57:38.3318848Z Removed command junction: C:\Users\runneradmin\AppData\Local\Temp\nagi uninstaller space 2c775119-c247-4386-8479-b129ea18bc88\unverified-metadata\current
2026-10-06T15:57:38.3332669Z [OK] Nagi uninstall complete. Any kept items are listed above.
2026-10-06T15:57:38.3338438Z Restart your terminal and VS Code to refresh PATH.
2026-10-06T15:57:38.7292521Z Removed command junction: C:\Users\runneradmin\AppData\Local\Temp\nagi uninstaller space 2c775119-c247-4386-8479-b129ea18bc88\path\current
2026-10-06T15:57:38.7629174Z Removed distribution: C:\Users\runneradmin\AppData\Local\Temp\nagi uninstaller space 2c775119-c247-4386-8479-b129ea18bc88\path\nagi-0.0.1-windows-x86_64
2026-10-06T15:57:38.7879507Z Removed distribution: C:\Users\runneradmin\AppData\Local\Temp\nagi uninstaller space 2c775119-c247-4386-8479-b129ea18bc88\path\nagi-0.0.2-windows-x86_64
2026-10-06T15:57:38.7885877Z [OK] Nagi uninstall complete. Any kept items are listed above.
2026-10-06T15:57:38.7892691Z Restart your terminal and VS Code to refresh PATH.
2026-10-06T15:57:38.9252890Z [33;1mWARNING: Kept changed, busy or unverifiable installation: C:\Users\runneradmin\AppData\Local\Temp\nagi uninstaller space 2c775119-c247-4386-8479-b129ea18bc88\path-unverified\nagi-0.0.1-windows-x86_64 (Files were added or changed)[0m
2026-10-06T15:57:38.9273757Z [OK] Nagi uninstall complete. Any kept items are listed above.
2026-10-06T15:57:38.9281641Z Restart your terminal and VS Code to refresh PATH.
2026-10-06T15:57:39.0378155Z [33;1mWARNING: Kept changed, busy or unverifiable installation: C:\Users\runneradmin\AppData\Local\Temp\nagi uninstaller space 2c775119-c247-4386-8479-b129ea18bc88\path-changed-current\nagi-0.0.1-windows-x86_64 (Files were added or changed)[0m
2026-10-06T15:57:39.0397192Z Removed command junction: C:\Users\runneradmin\AppData\Local\Temp\nagi uninstaller space 2c775119-c247-4386-8479-b129ea18bc88\path-changed-current\current
2026-10-06T15:57:39.0414211Z [OK] Nagi uninstall complete. Any kept items are listed above.
2026-10-06T15:57:39.0419804Z Restart your terminal and VS Code to refresh PATH.
2026-10-06T15:57:39.0814331Z [33;1mWARNING: Kept existing current path: C:\Users\runneradmin\AppData\Local\Temp\nagi uninstaller space 2c775119-c247-4386-8479-b129ea18bc88\path-foreign-current\current[0m
2026-10-06T15:57:39.2230192Z Removed distribution: C:\Users\runneradmin\AppData\Local\Temp\nagi uninstaller space 2c775119-c247-4386-8479-b129ea18bc88\path-foreign-current\nagi-0.0.1-windows-x86_64
2026-10-06T15:57:39.2235259Z [OK] Nagi uninstall complete. Any kept items are listed above.
2026-10-06T15:57:39.2242761Z Restart your terminal and VS Code to refresh PATH.
2026-10-06T15:57:39.2343324Z [OK] No installation directory: C:\Users\runneradmin\AppData\Local\Temp\nagi uninstaller space 2c775119-c247-4386-8479-b129ea18bc88\null-path-missing
2026-10-06T15:57:39.2448526Z [OK] Nagi uninstall complete. Any kept items are listed above.
2026-10-06T15:57:39.2454178Z Restart your terminal and VS Code to refresh PATH.
2026-10-06T15:57:39.2508337Z PowerShell uninstaller: preview, repeat, legacy, complete trees, protected files, foreign links, failed verification, lock, root junction, and isolated PATH tests passed.
2026-10-06T15:57:39.4883942Z ##[group]Run ./scripts/releases/test_uninstall.ps1
2026-10-06T15:57:39.4884396Z [36;1m./scripts/releases/test_uninstall.ps1[0m
2026-10-06T15:57:39.4950938Z shell: C:\Windows\System32\WindowsPowerShell\v1.0\powershell.EXE -command ". '{0}'"
2026-10-06T15:57:39.4951362Z env:
2026-10-06T15:57:39.4951601Z   NAGI_FAILURE_DIR: D:\a\Nagi\Nagi/build/compiler-failures
2026-10-06T15:57:39.4951928Z   CARGO_HOME: C:\Users\runneradmin\.cargo
2026-10-06T15:57:39.4952193Z   CARGO_INCREMENTAL: 0
2026-10-06T15:57:39.4952409Z   CARGO_TERM_COLOR: always
2026-10-06T15:57:39.4952700Z   pythonLocation: C:\hostedtoolcache\windows\Python\3.12.10\x64
2026-10-06T15:57:39.4953150Z   PKG_CONFIG_PATH: C:\hostedtoolcache\windows\Python\3.12.10\x64/lib/pkgconfig
2026-10-06T15:57:39.4953611Z   Python_ROOT_DIR: C:\hostedtoolcache\windows\Python\3.12.10\x64
2026-10-06T15:57:39.4954026Z   Python2_ROOT_DIR: C:\hostedtoolcache\windows\Python\3.12.10\x64
2026-10-06T15:57:39.4954472Z   Python3_ROOT_DIR: C:\hostedtoolcache\windows\Python\3.12.10\x64
2026-10-06T15:57:39.4954786Z ##[endgroup]
2026-10-06T15:57:41.4037489Z What if: Performing the operation "Remove installer current junction" on target "C:\Users\runneradmin\AppData\Local\Temp\nagi uninstaller space c51a8fef-0610-4647-a4bf-cd331d69cf3a\preview\current".
2026-10-06T15:57:41.4080903Z What if: Performing the operation "Remove installer-owned Nagi entries" on target "User PATH".
2026-10-06T15:57:41.4115080Z What if: Performing the operation "Remove unchanged verified Nagi distribution" on target "C:\Users\runneradmin\AppData\Local\Temp\nagi uninstaller space c51a8fef-0610-4647-a4bf-cd331d69cf3a\preview\nagi-0.0.1-windows-x86_64".
2026-10-06T15:57:41.4222287Z [OK] Dry run complete; no installed files or PATH entries changed.
2026-10-06T15:57:41.7432709Z Removed command junction: C:\Users\runneradmin\AppData\Local\Temp\nagi uninstaller space c51a8fef-0610-4647-a4bf-cd331d69cf3a\normal\current
2026-10-06T15:57:41.7870947Z Removed distribution: C:\Users\runneradmin\AppData\Local\Temp\nagi uninstaller space c51a8fef-0610-4647-a4bf-cd331d69cf3a\normal\nagi-0.0.1-windows-x86_64
2026-10-06T15:57:41.7881825Z [OK] Nagi uninstall complete. Any kept items are listed above.
2026-10-06T15:57:41.7891209Z Restart your terminal and VS Code to refresh PATH.
2026-10-06T15:57:41.8223383Z [OK] Nagi uninstall complete. Any kept items are listed above.
2026-10-06T15:57:41.8231948Z Restart your terminal and VS Code to refresh PATH.
2026-10-06T15:57:41.8342355Z [OK] No installation directory: C:\Users\runneradmin\AppData\Local\Temp\nagi uninstaller space c51a8fef-0610-4647-a4bf-cd331d69cf3a\not installed
2026-10-06T15:57:42.1304279Z Removed distribution: C:\Users\runneradmin\AppData\Local\Temp\nagi uninstaller space c51a8fef-0610-4647-a4bf-cd331d69cf3a\legacy\nagi-0.0.1-windows-x86_64
2026-10-06T15:57:42.1311878Z [OK] Nagi uninstall complete. Any kept items are listed above.
2026-10-06T15:57:42.1319883Z Restart your terminal and VS Code to refresh PATH.
2026-10-06T15:57:42.3867880Z WARNING: Kept changed, busy or unverifiable installation: C:\Users\runneradmin\AppData\Local\Temp\nagi uninstaller 
2026-10-06T15:57:42.3869323Z space c51a8fef-0610-4647-a4bf-cd331d69cf3a\protected-changed\nagi-0.0.1-windows-x86_64 (Files were added or changed)
2026-10-06T15:57:42.3886930Z Removed command junction: C:\Users\runneradmin\AppData\Local\Temp\nagi uninstaller space c51a8fef-0610-4647-a4bf-cd331d69cf3a\protected-changed\current
2026-10-06T15:57:42.3904200Z [OK] Nagi uninstall complete. Any kept items are listed above.
2026-10-06T15:57:42.3912608Z Restart your terminal and VS Code to refresh PATH.
2026-10-06T15:57:42.6987784Z WARNING: Kept changed, busy or unverifiable installation: C:\Users\runneradmin\AppData\Local\Temp\nagi uninstaller 
2026-10-06T15:57:42.6989464Z space c51a8fef-0610-4647-a4bf-cd331d69cf3a\protected-added\nagi-0.0.1-windows-x86_64 (Files were added or changed)
2026-10-06T15:57:42.7008107Z Removed command junction: C:\Users\runneradmin\AppData\Local\Temp\nagi uninstaller space c51a8fef-0610-4647-a4bf-cd331d69cf3a\protected-added\current
2026-10-06T15:57:42.7023885Z [OK] Nagi uninstall complete. Any kept items are listed above.
2026-10-06T15:57:42.7031895Z Restart your terminal and VS Code to refresh PATH.
2026-10-06T15:57:42.9664221Z WARNING: Kept changed, busy or unverifiable installation: C:\Users\runneradmin\AppData\Local\Temp\nagi uninstaller 
2026-10-06T15:57:42.9665643Z space c51a8fef-0610-4647-a4bf-cd331d69cf3a\protected-empty-directory\nagi-0.0.1-windows-x86_64 (Files were added or 
2026-10-06T15:57:42.9666550Z changed)
2026-10-06T15:57:42.9682334Z Removed command junction: C:\Users\runneradmin\AppData\Local\Temp\nagi uninstaller space c51a8fef-0610-4647-a4bf-cd331d69cf3a\protected-empty-directory\current
2026-10-06T15:57:42.9700086Z [OK] Nagi uninstall complete. Any kept items are listed above.
2026-10-06T15:57:42.9708210Z Restart your terminal and VS Code to refresh PATH.
2026-10-06T15:57:43.2680312Z WARNING: Kept changed, busy or unverifiable installation: C:\Users\runneradmin\AppData\Local\Temp\nagi uninstaller 
2026-10-06T15:57:43.2682164Z space c51a8fef-0610-4647-a4bf-cd331d69cf3a\protected-hidden\nagi-0.0.1-windows-x86_64 (Files were added or changed)
2026-10-06T15:57:43.2700007Z Removed command junction: C:\Users\runneradmin\AppData\Local\Temp\nagi uninstaller space c51a8fef-0610-4647-a4bf-cd331d69cf3a\protected-hidden\current
2026-10-06T15:57:43.2725519Z [OK] Nagi uninstall complete. Any kept items are listed above.
2026-10-06T15:57:43.2734090Z Restart your terminal and VS Code to refresh PATH.
2026-10-06T15:57:43.3670375Z WARNING: Kept changed, busy or unverifiable installation: C:\Users\runneradmin\AppData\Local\Temp\nagi uninstaller 
2026-10-06T15:57:43.3671580Z space c51a8fef-0610-4647-a4bf-cd331d69cf3a\protected-busy\nagi-0.0.1-windows-x86_64 (The file 
2026-10-06T15:57:43.3672264Z 'C:\Users\runneradmin\AppData\Local\Temp\nagi uninstaller space 
2026-10-06T15:57:43.3673082Z c51a8fef-0610-4647-a4bf-cd331d69cf3a\protected-busy\nagi-0.0.1-windows-x86_64\nagic.exe' cannot be read: The process 
2026-10-06T15:57:43.3673900Z cannot access the file 'C:\Users\runneradmin\AppData\Local\Temp\nagi uninstaller space 
2026-10-06T15:57:43.3674738Z c51a8fef-0610-4647-a4bf-cd331d69cf3a\protected-busy\nagi-0.0.1-windows-x86_64\nagic.exe' because it is being used by 
2026-10-06T15:57:43.3675380Z another process.)
2026-10-06T15:57:43.3688492Z Removed command junction: C:\Users\runneradmin\AppData\Local\Temp\nagi uninstaller space c51a8fef-0610-4647-a4bf-cd331d69cf3a\protected-busy\current
2026-10-06T15:57:43.3706009Z [OK] Nagi uninstall complete. Any kept items are listed above.
2026-10-06T15:57:43.3714066Z Restart your terminal and VS Code to refresh PATH.
2026-10-06T15:57:43.4297413Z WARNING: Kept changed, busy or unverifiable installation: C:\Users\runneradmin\AppData\Local\Temp\nagi uninstaller 
2026-10-06T15:57:43.4298606Z space c51a8fef-0610-4647-a4bf-cd331d69cf3a\protected-junction\nagi-0.0.1-windows-x86_64 (Installation contains a link 
2026-10-06T15:57:43.4299312Z or an unrecognized file name)
2026-10-06T15:57:43.4315607Z Removed command junction: C:\Users\runneradmin\AppData\Local\Temp\nagi uninstaller space c51a8fef-0610-4647-a4bf-cd331d69cf3a\protected-junction\current
2026-10-06T15:57:43.4332442Z [OK] Nagi uninstall complete. Any kept items are listed above.
2026-10-06T15:57:43.4340813Z Restart your terminal and VS Code to refresh PATH.
2026-10-06T15:57:43.4809429Z WARNING: Kept existing current path: C:\Users\runneradmin\AppData\Local\Temp\nagi uninstaller space 
2026-10-06T15:57:43.4810585Z c51a8fef-0610-4647-a4bf-cd331d69cf3a\foreign-file\current
2026-10-06T15:57:43.7221215Z Removed distribution: C:\Users\runneradmin\AppData\Local\Temp\nagi uninstaller space c51a8fef-0610-4647-a4bf-cd331d69cf3a\foreign-file\nagi-0.0.1-windows-x86_64
2026-10-06T15:57:43.7229488Z [OK] Nagi uninstall complete. Any kept items are listed above.
2026-10-06T15:57:43.7239772Z Restart your terminal and VS Code to refresh PATH.
2026-10-06T15:57:43.7609862Z WARNING: Kept existing current path: C:\Users\runneradmin\AppData\Local\Temp\nagi uninstaller space 
2026-10-06T15:57:43.7611171Z c51a8fef-0610-4647-a4bf-cd331d69cf3a\foreign-directory\current
2026-10-06T15:57:44.0196135Z Removed distribution: C:\Users\runneradmin\AppData\Local\Temp\nagi uninstaller space c51a8fef-0610-4647-a4bf-cd331d69cf3a\foreign-directory\nagi-0.0.1-windows-x86_64
2026-10-06T15:57:44.0204742Z [OK] Nagi uninstall complete. Any kept items are listed above.
2026-10-06T15:57:44.0214230Z Restart your terminal and VS Code to refresh PATH.
2026-10-06T15:57:44.0615323Z WARNING: Kept existing current path: C:\Users\runneradmin\AppData\Local\Temp\nagi uninstaller space 
2026-10-06T15:57:44.0616830Z c51a8fef-0610-4647-a4bf-cd331d69cf3a\foreign-foreign-junction\current
2026-10-06T15:57:44.3834026Z Removed distribution: C:\Users\runneradmin\AppData\Local\Temp\nagi uninstaller space c51a8fef-0610-4647-a4bf-cd331d69cf3a\foreign-foreign-junction\nagi-0.0.1-windows-x86_64
2026-10-06T15:57:44.3839695Z [OK] Nagi uninstall complete. Any kept items are listed above.
2026-10-06T15:57:44.3848842Z Restart your terminal and VS Code to refresh PATH.
2026-10-06T15:57:44.4446966Z WARNING: Kept changed, busy or unverifiable installation: C:\Users\runneradmin\AppData\Local\Temp\nagi uninstaller 
2026-10-06T15:57:44.4448283Z space c51a8fef-0610-4647-a4bf-cd331d69cf3a\version-junction\nagi-0.0.1-windows-x86_64 (Not a plain installation 
2026-10-06T15:57:44.4448847Z directory)
2026-10-06T15:57:44.4471150Z [OK] Nagi uninstall complete. Any kept items are listed above.
2026-10-06T15:57:44.4480872Z Restart your terminal and VS Code to refresh PATH.
2026-10-06T15:57:44.5315474Z WARNING: Kept changed, busy or unverifiable installation: C:\Users\runneradmin\AppData\Local\Temp\nagi uninstaller 
2026-10-06T15:57:44.5317201Z space c51a8fef-0610-4647-a4bf-cd331d69cf3a\unverified-checksum\nagi-0.0.1-windows-x86_64 (SHA-256 mismatch)
2026-10-06T15:57:44.5336410Z Removed command junction: C:\Users\runneradmin\AppData\Local\Temp\nagi uninstaller space c51a8fef-0610-4647-a4bf-cd331d69cf3a\unverified-checksum\current
2026-10-06T15:57:44.5355791Z [OK] Nagi uninstall complete. Any kept items are listed above.
2026-10-06T15:57:44.5365167Z Restart your terminal and VS Code to refresh PATH.
2026-10-06T15:57:44.6404007Z WARNING: Kept changed, busy or unverifiable installation: C:\Users\runneradmin\AppData\Local\Temp\nagi uninstaller 
2026-10-06T15:57:44.6406276Z space c51a8fef-0610-4647-a4bf-cd331d69cf3a\unverified-offline\nagi-0.0.1-windows-x86_64 (Fixture download unavailable)
2026-10-06T15:57:44.6424813Z Removed command junction: C:\Users\runneradmin\AppData\Local\Temp\nagi uninstaller space c51a8fef-0610-4647-a4bf-cd331d69cf3a\unverified-offline\current
2026-10-06T15:57:44.6449051Z [OK] Nagi uninstall complete. Any kept items are listed above.
2026-10-06T15:57:44.6458657Z Restart your terminal and VS Code to refresh PATH.
2026-10-06T15:57:44.7394557Z WARNING: Kept changed, busy or unverifiable installation: C:\Users\runneradmin\AppData\Local\Temp\nagi uninstaller 
2026-10-06T15:57:44.7396954Z space c51a8fef-0610-4647-a4bf-cd331d69cf3a\unverified-unsafe\nagi-0.0.90-windows-x86_64 (Unsafe archive entry)
2026-10-06T15:57:44.7416572Z Removed command junction: C:\Users\runneradmin\AppData\Local\Temp\nagi uninstaller space c51a8fef-0610-4647-a4bf-cd331d69cf3a\unverified-unsafe\current
2026-10-06T15:57:44.7437865Z [OK] Nagi uninstall complete. Any kept items are listed above.
2026-10-06T15:57:44.7457019Z Restart your terminal and VS Code to refresh PATH.
2026-10-06T15:57:45.0810407Z WARNING: Kept changed, busy or unverifiable installation: C:\Users\runneradmin\AppData\Local\Temp\nagi uninstaller 
2026-10-06T15:57:45.0812068Z space c51a8fef-0610-4647-a4bf-cd331d69cf3a\unverified-incomplete\nagi-0.0.91-windows-x86_64 (Incomplete distribution)
2026-10-06T15:57:45.0835256Z Removed command junction: C:\Users\runneradmin\AppData\Local\Temp\nagi uninstaller space c51a8fef-0610-4647-a4bf-cd331d69cf3a\unverified-incomplete\current
2026-10-06T15:57:45.0854713Z [OK] Nagi uninstall complete. Any kept items are listed above.
2026-10-06T15:57:45.0864502Z Restart your terminal and VS Code to refresh PATH.
2026-10-06T15:57:45.4091238Z WARNING: Kept changed, busy or unverifiable installation: C:\Users\runneradmin\AppData\Local\Temp\nagi uninstaller 
2026-10-06T15:57:45.4093001Z space c51a8fef-0610-4647-a4bf-cd331d69cf3a\unverified-metadata\nagi-0.0.92-windows-x86_64 (Distribution metadata 
2026-10-06T15:57:45.4094239Z mismatch)
2026-10-06T15:57:45.4114195Z Removed command junction: C:\Users\runneradmin\AppData\Local\Temp\nagi uninstaller space c51a8fef-0610-4647-a4bf-cd331d69cf3a\unverified-metadata\current
2026-10-06T15:57:45.4139147Z [OK] Nagi uninstall complete. Any kept items are listed above.
2026-10-06T15:57:45.4148735Z Restart your terminal and VS Code to refresh PATH.
2026-10-06T15:57:46.1252926Z Removed command junction: C:\Users\runneradmin\AppData\Local\Temp\nagi uninstaller space c51a8fef-0610-4647-a4bf-cd331d69cf3a\path\current
2026-10-06T15:57:46.1575566Z Removed distribution: C:\Users\runneradmin\AppData\Local\Temp\nagi uninstaller space c51a8fef-0610-4647-a4bf-cd331d69cf3a\path\nagi-0.0.1-windows-x86_64
2026-10-06T15:57:46.1784105Z Removed distribution: C:\Users\runneradmin\AppData\Local\Temp\nagi uninstaller space c51a8fef-0610-4647-a4bf-cd331d69cf3a\path\nagi-0.0.2-windows-x86_64
2026-10-06T15:57:46.1793604Z [OK] Nagi uninstall complete. Any kept items are listed above.
2026-10-06T15:57:46.1803429Z Restart your terminal and VS Code to refresh PATH.
2026-10-06T15:57:46.4874794Z WARNING: Kept changed, busy or unverifiable installation: C:\Users\runneradmin\AppData\Local\Temp\nagi uninstaller 
2026-10-06T15:57:46.4876557Z space c51a8fef-0610-4647-a4bf-cd331d69cf3a\path-unverified\nagi-0.0.1-windows-x86_64 (Files were added or changed)
2026-10-06T15:57:46.5050931Z [OK] Nagi uninstall complete. Any kept items are listed above.
2026-10-06T15:57:46.5057390Z Restart your terminal and VS Code to refresh PATH.
2026-10-06T15:57:46.8021524Z WARNING: Kept changed, busy or unverifiable installation: C:\Users\runneradmin\AppData\Local\Temp\nagi uninstaller 
2026-10-06T15:57:46.8023379Z space c51a8fef-0610-4647-a4bf-cd331d69cf3a\path-changed-current\nagi-0.0.1-windows-x86_64 (Files were added or changed)
2026-10-06T15:57:46.8047382Z Removed command junction: C:\Users\runneradmin\AppData\Local\Temp\nagi uninstaller space c51a8fef-0610-4647-a4bf-cd331d69cf3a\path-changed-current\current
2026-10-06T15:57:46.8069778Z [OK] Nagi uninstall complete. Any kept items are listed above.
2026-10-06T15:57:46.8079296Z Restart your terminal and VS Code to refresh PATH.
2026-10-06T15:57:46.8383393Z WARNING: Kept existing current path: C:\Users\runneradmin\AppData\Local\Temp\nagi uninstaller space 
2026-10-06T15:57:46.8384649Z c51a8fef-0610-4647-a4bf-cd331d69cf3a\path-foreign-current\current
2026-10-06T15:57:47.1562458Z Removed distribution: C:\Users\runneradmin\AppData\Local\Temp\nagi uninstaller space c51a8fef-0610-4647-a4bf-cd331d69cf3a\path-foreign-current\nagi-0.0.1-windows-x86_64
2026-10-06T15:57:47.1570809Z [OK] Nagi uninstall complete. Any kept items are listed above.
2026-10-06T15:57:47.1580919Z Restart your terminal and VS Code to refresh PATH.
2026-10-06T15:57:47.1689382Z [OK] No installation directory: C:\Users\runneradmin\AppData\Local\Temp\nagi uninstaller space c51a8fef-0610-4647-a4bf-cd331d69cf3a\null-path-missing
2026-10-06T15:57:47.1827667Z [OK] Nagi uninstall complete. Any kept items are listed above.
2026-10-06T15:57:47.1836813Z Restart your terminal and VS Code to refresh PATH.
2026-10-06T15:57:47.1909853Z PowerShell uninstaller: preview, repeat, legacy, complete trees, protected files, foreign links, failed verification, lock, root junction, and isolated PATH tests passed.
2026-10-06T15:57:47.3625320Z ##[group]Run actions/upload-artifact@v4
2026-10-06T15:57:47.3625680Z with:
2026-10-06T15:57:47.3625874Z   name: release-windows-x86_64
2026-10-06T15:57:47.3626362Z   path: build/distribution/nagi-*.zip
build/distribution/nagi-*.tar.gz
build/distribution/nagi-*.sha256

2026-10-06T15:57:47.3626849Z   if-no-files-found: error
2026-10-06T15:57:47.3627077Z   compression-level: 6
2026-10-06T15:57:47.3627279Z   overwrite: false
2026-10-06T15:57:47.3627481Z   include-hidden-files: false
2026-10-06T15:57:47.3627693Z env:
2026-10-06T15:57:47.3627916Z   NAGI_FAILURE_DIR: D:\a\Nagi\Nagi/build/compiler-failures
2026-10-06T15:57:47.3628249Z   CARGO_HOME: C:\Users\runneradmin\.cargo
2026-10-06T15:57:47.3628501Z   CARGO_INCREMENTAL: 0
2026-10-06T15:57:47.3628727Z   CARGO_TERM_COLOR: always
2026-10-06T15:57:47.3629015Z   pythonLocation: C:\hostedtoolcache\windows\Python\3.12.10\x64
2026-10-06T15:57:47.3629489Z   PKG_CONFIG_PATH: C:\hostedtoolcache\windows\Python\3.12.10\x64/lib/pkgconfig
2026-10-06T15:57:47.3629933Z   Python_ROOT_DIR: C:\hostedtoolcache\windows\Python\3.12.10\x64
2026-10-06T15:57:47.3630322Z   Python2_ROOT_DIR: C:\hostedtoolcache\windows\Python\3.12.10\x64
2026-10-06T15:57:47.3630713Z   Python3_ROOT_DIR: C:\hostedtoolcache\windows\Python\3.12.10\x64
2026-10-06T15:57:47.3631022Z ##[endgroup]
2026-10-06T15:57:47.6979831Z (node:10120) [DEP0040] DeprecationWarning: The `punycode` module is deprecated. Please use a userland alternative instead.
2026-10-06T15:57:47.6981205Z (Use `node --trace-deprecation ...` to show where the warning was created)
2026-10-06T15:57:47.7069307Z With the provided path, there will be 2 files uploaded
2026-10-06T15:57:47.7075537Z Artifact name is valid!
2026-10-06T15:57:47.7077771Z Root directory input is valid!
2026-10-06T15:57:47.9513855Z Beginning upload of artifact content to blob storage
2026-10-06T15:57:48.0736444Z (node:10120) [DEP0169] DeprecationWarning: `url.parse()` behavior is not standardized and prone to errors that have security implications. Use the WHATWG URL API instead. CVEs are not issued for `url.parse()` vulnerabilities.
2026-10-06T15:57:48.4512513Z Uploaded bytes 2303314
2026-10-06T15:57:48.4846262Z Finished uploading artifact content to blob storage!
2026-10-06T15:57:48.4847588Z SHA256 digest of uploaded artifact zip is 00becad1bef2a5bdf62b77098ee9a42a81b041e09c28bb6402349ac21c3280f6
2026-10-06T15:57:48.4850592Z Finalizing artifact upload
2026-10-06T15:57:48.7073308Z Artifact release-windows-x86_64.zip successfully finalized. Artifact ID 11425173557
2026-10-06T15:57:48.7078349Z Artifact release-windows-x86_64 has been successfully uploaded! Final size is 2303314 bytes. Artifact ID is 11425173557
2026-10-06T15:57:48.7089776Z Artifact download URL: https://github.com/disnana/Nagi/actions/runs/37489343115/artifacts/11425173557
2026-10-06T15:57:48.7502669Z Post job cleanup.
2026-10-06T15:57:48.9911743Z (node:2840) [DEP0040] DeprecationWarning: The `punycode` module is deprecated. Please use a userland alternative instead.
2026-10-06T15:57:48.9913182Z (Use `node --trace-deprecation ...` to show where the warning was created)
2026-10-06T15:57:49.0209039Z Post job cleanup.
2026-10-06T15:57:49.2696508Z (node:4364) [DEP0040] DeprecationWarning: The `punycode` module is deprecated. Please use a userland alternative instead.
2026-10-06T15:57:49.2697948Z (Use `node --trace-deprecation ...` to show where the warning was created)
2026-10-06T15:57:52.1854954Z Post job cleanup.
2026-10-06T15:57:52.3995609Z (node:8916) [DEP0040] DeprecationWarning: The `punycode` module is deprecated. Please use a userland alternative instead.
2026-10-06T15:57:52.3997069Z (Use `node --trace-deprecation ...` to show where the warning was created)
2026-10-06T15:57:52.5490863Z [command]"C:\Program Files\Git\usr\bin\tar.exe" --posix -cf cache.tzst --exclude cache.tzst -P -C D:/a/Nagi/Nagi --files-from manifest.txt --force-local --use-compress-program "zstd -T0"
2026-10-06T15:59:44.0959248Z (node:8916) [DEP0169] DeprecationWarning: `url.parse()` behavior is not standardized and prone to errors that have security implications. Use the WHATWG URL API instead. CVEs are not issued for `url.parse()` vulnerabilities.
2026-10-06T15:59:45.0346265Z Sent 0 of 1699427568 (0.0%), 0.0 MBs/sec
2026-10-06T15:59:46.0365908Z Sent 536870912 of 1699427568 (31.6%), 254.1 MBs/sec
2026-10-06T15:59:47.0436564Z Sent 536870912 of 1699427568 (31.6%), 169.4 MBs/sec
2026-10-06T15:59:48.0451014Z Sent 1073741824 of 1699427568 (63.2%), 254.5 MBs/sec
2026-10-06T15:59:49.0522605Z Sent 1565209840 of 1699427568 (92.1%), 296.8 MBs/sec
2026-10-06T15:59:50.0577786Z Sent 1632318704 of 1699427568 (96.1%), 257.9 MBs/sec
2026-10-06T15:59:50.4915919Z Sent 1699427568 of 1699427568 (100.0%), 250.5 MBs/sec
2026-10-06T15:59:50.8383450Z Cache saved with key: nagi-rust-v1-package-windows-x86_64-20260928b940-43e40bfa9880d8e4c9854de239a7db5293e4500e628e2a3fd0da1153d1fb2c04-7921d21ddebff9df33502993cb6591509abc9daf669db173893a845e7a5cb32c
2026-10-06T15:59:50.9108007Z Post job cleanup.
2026-10-06T15:59:51.2393166Z [command]"C:\Program Files\Git\bin\git.exe" version
2026-10-06T15:59:51.3250878Z git version 2.55.0.windows.5
2026-10-06T15:59:51.3342853Z Temporarily overriding HOME='D:\a\_temp\7161af33-b4a3-4fac-9766-ffa6fd6c9eb9' before making global git config changes
2026-10-06T15:59:51.3344336Z Adding repository directory to the temporary git global config as a safe directory
2026-10-06T15:59:51.3361499Z [command]"C:\Program Files\Git\bin\git.exe" config --global --add safe.directory D:\a\Nagi\Nagi
2026-10-06T15:59:51.3782739Z [command]"C:\Program Files\Git\bin\git.exe" config --local --name-only --get-regexp core\.sshCommand
2026-10-06T15:59:51.4149681Z [command]"C:\Program Files\Git\bin\git.exe" submodule foreach --recursive "sh -c \"git config --local --name-only --get-regexp 'core\.sshCommand' && git config --local --unset-all 'core.sshCommand' || :\""
2026-10-06T15:59:52.0971951Z [command]"C:\Program Files\Git\bin\git.exe" config --local --name-only --get-regexp http\.https\:\/\/github\.com\/\.extraheader
2026-10-06T15:59:52.1268595Z http.https://github.com/.extraheader
2026-10-06T15:59:52.1319833Z [command]"C:\Program Files\Git\bin\git.exe" config --local --unset-all http.https://github.com/.extraheader
2026-10-06T15:59:52.1796706Z [command]"C:\Program Files\Git\bin\git.exe" submodule foreach --recursive "sh -c \"git config --local --name-only --get-regexp 'http\.https\:\/\/github\.com\/\.extraheader' && git config --local --unset-all 'http.https://github.com/.extraheader' || :\""
2026-10-06T15:59:52.8062473Z [command]"C:\Program Files\Git\bin\git.exe" config --local --name-only --get-regexp ^includeIf\.gitdir:
2026-10-06T15:59:52.8411977Z [command]"C:\Program Files\Git\bin\git.exe" submodule foreach --recursive "git config --local --show-origin --name-only --get-regexp remote.origin.url"
2026-10-06T15:59:53.5118142Z Cleaning up orphan processes
2026-10-06T15:59:53.6583390Z Terminate orphan process: pid (3576) (vctip)
2026-10-06T15:59:53.7411515Z ##[warning]Node.js 20 is deprecated. The following actions target Node.js 20 but are being forced to run on Node.js 24: actions/cache@v4, actions/checkout@v4, actions/setup-node@v4, actions/setup-python@v5, actions/upload-artifact@v4. For more information see: https://github.blog/changelog/2025-09-19-deprecation-of-node-20-on-github-actions-runners/
