2026-10-07T11:02:19.0613760Z Current runner version: '2.337.0'
2026-10-07T11:02:19.0670060Z ##[group]Runner Image Provisioner
2026-10-07T11:02:19.0671600Z Hosted Compute Agent
2026-10-07T11:02:19.0673250Z Version: 20260819.586
2026-10-07T11:02:19.0674900Z Commit: 3cc4a88dfa507ef76119ad1bb3eccc6378bb2b76
2026-10-07T11:02:19.0677740Z Build Date: 2026-08-18T23:20:18Z
2026-10-07T11:02:19.0679720Z Worker ID: {2a335fb8-8f22-4d80-8355-35a924231067}
2026-10-07T11:02:19.0681820Z Azure Region: westus
2026-10-07T11:02:19.0684880Z ##[endgroup]
2026-10-07T11:02:19.0691420Z ##[group]Operating System
2026-10-07T11:02:19.0693600Z macOS
2026-10-07T11:02:19.0694860Z 15.7.9
2026-10-07T11:02:19.0696200Z 24G830
2026-10-07T11:02:19.0698050Z ##[endgroup]
2026-10-07T11:02:19.0699550Z ##[group]Runner Image
2026-10-07T11:02:19.0701110Z Image: macos-15
2026-10-07T11:02:19.0702580Z Version: 20260824.0482.1
2026-10-07T11:02:19.0706750Z Included Software: https://github.com/actions/runner-images/blob/macos-15/20260824.0482/images/macos/macos-15-Readme.md
2026-10-07T11:02:19.0711640Z Image Release: https://github.com/actions/runner-images/releases/tag/macos-15%2F20260824.0482
2026-10-07T11:02:19.0714020Z ##[endgroup]
2026-10-07T11:02:19.0716240Z ##[group]GITHUB_TOKEN Permissions
2026-10-07T11:02:19.0721860Z Contents: read
2026-10-07T11:02:19.0724060Z Metadata: read
2026-10-07T11:02:19.0725400Z ##[endgroup]
2026-10-07T11:02:19.0730080Z Secret source: Actions
2026-10-07T11:02:19.0732930Z Cache mode: write
2026-10-07T11:02:19.0736170Z Prepare workflow directory
2026-10-07T11:02:19.2124020Z Prepare all required actions
2026-10-07T11:02:19.2235190Z Getting action download info
2026-10-07T11:02:19.4955530Z Download action repository 'actions/checkout@v4' (SHA:11d5960a326750d5838078e36cf38b85af677262)
2026-10-07T11:02:19.8273330Z Download action repository 'dtolnay/rust-toolchain@stable' (SHA:89b12181fb390509a0842a86cc55eeb8eb928c1d)
2026-10-07T11:02:20.2663130Z Download action repository 'actions/cache@v4' (SHA:0057852bfaa89a56745cba8c7296529d2fc39830)
2026-10-07T11:02:20.4825910Z Download action repository 'actions/setup-python@v5' (SHA:a26af69be951a213d495a4c3e4e4022e16d87065)
2026-10-07T11:02:20.6538900Z Download action repository 'actions/setup-node@v4' (SHA:49933ea5288caeca8642d1e84afbd3f7d6820020)
2026-10-07T11:02:20.8460090Z Download action repository 'actions/upload-artifact@v4' (SHA:ea165f8d65b6e75b540449e92b4886f43607fa02)
2026-10-07T11:02:21.5768650Z Complete job name: nagi-package (macos-15-intel, macos-x86_64, nagic, x86_64-apple-darwin)
2026-10-07T11:02:21.8331090Z ##[group]Run actions/checkout@v4
2026-10-07T11:02:21.8335990Z with:
2026-10-07T11:02:21.8338520Z   repository: disnana/Nagi
2026-10-07T11:02:21.8367180Z   token: ***
2026-10-07T11:02:21.8369270Z   ssh-strict: true
2026-10-07T11:02:21.8371410Z   ssh-user: git
2026-10-07T11:02:21.8373450Z   persist-credentials: true
2026-10-07T11:02:21.8375580Z   clean: true
2026-10-07T11:02:21.8377910Z   sparse-checkout-cone-mode: true
2026-10-07T11:02:21.8380270Z   fetch-depth: 1
2026-10-07T11:02:21.8382120Z   fetch-tags: false
2026-10-07T11:02:21.8384670Z   show-progress: true
2026-10-07T11:02:21.8387590Z   lfs: false
2026-10-07T11:02:21.8390060Z   submodules: false
2026-10-07T11:02:21.8392870Z   set-safe-directory: true
2026-10-07T11:02:21.8396120Z   allow-unsafe-pr-checkout: false
2026-10-07T11:02:21.8401110Z env:
2026-10-07T11:02:21.8404560Z   NAGI_FAILURE_DIR: /Users/runner/work/Nagi/Nagi/build/compiler-failures
2026-10-07T11:02:21.8409210Z ##[endgroup]
2026-10-07T11:02:22.6717680Z Syncing repository: disnana/Nagi
2026-10-07T11:02:22.6726050Z ##[group]Getting Git version info
2026-10-07T11:02:22.6730400Z Working directory is '/Users/runner/work/Nagi/Nagi'
2026-10-07T11:02:22.6737750Z [command]/usr/local/bin/git version
2026-10-07T11:02:22.7149220Z git version 2.55.0
2026-10-07T11:02:22.7180830Z ##[endgroup]
2026-10-07T11:02:22.7202720Z Copying '/Users/runner/.gitconfig' to '/Users/runner/work/_temp/4c21e43f-b376-47c8-9183-13c7fe30a260/.gitconfig'
2026-10-07T11:02:22.7227680Z Temporarily overriding HOME='/Users/runner/work/_temp/4c21e43f-b376-47c8-9183-13c7fe30a260' before making global git config changes
2026-10-07T11:02:22.7236800Z Adding repository directory to the temporary git global config as a safe directory
2026-10-07T11:02:22.7242470Z [command]/usr/local/bin/git config --global --add safe.directory /Users/runner/work/Nagi/Nagi
2026-10-07T11:02:22.7417050Z Deleting the contents of '/Users/runner/work/Nagi/Nagi'
2026-10-07T11:02:22.7429020Z ##[group]Initializing the repository
2026-10-07T11:02:22.7438190Z [command]/usr/local/bin/git init /Users/runner/work/Nagi/Nagi
2026-10-07T11:02:22.7876700Z hint: Using 'master' as the name for the initial branch. This default branch name
2026-10-07T11:02:22.7881730Z hint: will change to "main" in Git 3.0. To configure the initial branch name
2026-10-07T11:02:22.7886320Z hint: to use in all of your new repositories, which will suppress this warning,
2026-10-07T11:02:22.7890990Z hint: call:
2026-10-07T11:02:22.7894120Z hint:
2026-10-07T11:02:22.7898030Z hint: 	git config --global init.defaultBranch <name>
2026-10-07T11:02:22.7901750Z hint:
2026-10-07T11:02:22.7906130Z hint: Names commonly chosen instead of 'master' are 'main', 'trunk' and
2026-10-07T11:02:22.7912180Z hint: 'development'. The just-created branch can be renamed via this command:
2026-10-07T11:02:22.7916070Z hint:
2026-10-07T11:02:22.7918150Z hint: 	git branch -m <name>
2026-10-07T11:02:22.7920270Z hint:
2026-10-07T11:02:22.7923260Z hint: Disable this message with "git config set advice.defaultBranchName false"
2026-10-07T11:02:22.7928700Z Initialized empty Git repository in /Users/runner/work/Nagi/Nagi/.git/
2026-10-07T11:02:22.7936870Z [command]/usr/local/bin/git remote add origin https://github.com/disnana/Nagi
2026-10-07T11:02:22.8057900Z ##[endgroup]
2026-10-07T11:02:22.8061850Z ##[group]Disabling automatic garbage collection
2026-10-07T11:02:22.8065040Z [command]/usr/local/bin/git config --local gc.auto 0
2026-10-07T11:02:22.8194500Z ##[endgroup]
2026-10-07T11:02:22.8199080Z ##[group]Setting up auth
2026-10-07T11:02:22.8206230Z [command]/usr/local/bin/git config --local --name-only --get-regexp core\.sshCommand
2026-10-07T11:02:22.8376140Z [command]/usr/local/bin/git submodule foreach --recursive sh -c "git config --local --name-only --get-regexp 'core\.sshCommand' && git config --local --unset-all 'core.sshCommand' || :"
2026-10-07T11:02:23.0569240Z [command]/usr/local/bin/git config --local --name-only --get-regexp http\.https\:\/\/github\.com\/\.extraheader
2026-10-07T11:02:23.0688960Z [command]/usr/local/bin/git submodule foreach --recursive sh -c "git config --local --name-only --get-regexp 'http\.https\:\/\/github\.com\/\.extraheader' && git config --local --unset-all 'http.https://github.com/.extraheader' || :"
2026-10-07T11:02:23.2743540Z [command]/usr/local/bin/git config --local --name-only --get-regexp ^includeIf\.gitdir:
2026-10-07T11:02:23.2892660Z [command]/usr/local/bin/git submodule foreach --recursive git config --local --show-origin --name-only --get-regexp remote.origin.url
2026-10-07T11:02:23.4576440Z [command]/usr/local/bin/git config --local http.https://github.com/.extraheader AUTHORIZATION: basic ***
2026-10-07T11:02:23.4725110Z ##[endgroup]
2026-10-07T11:02:23.4729410Z ##[group]Fetching the repository
2026-10-07T11:02:23.4744030Z [command]/usr/local/bin/git -c protocol.version=2 fetch --no-tags --prune --no-recurse-submodules --depth=1 origin +6216f0c96b44ea47b4d23dcd1558ff78dd8859e7:refs/remotes/pull/95/merge
2026-10-07T11:02:25.3035260Z From https://github.com/disnana/Nagi
2026-10-07T11:02:25.3038710Z  * [new ref]         6216f0c96b44ea47b4d23dcd1558ff78dd8859e7 -> pull/95/merge
2026-10-07T11:02:25.3048330Z ##[endgroup]
2026-10-07T11:02:25.3050460Z ##[group]Determining the checkout info
2026-10-07T11:02:25.3051900Z ##[endgroup]
2026-10-07T11:02:25.3060520Z [command]/usr/local/bin/git sparse-checkout disable
2026-10-07T11:02:25.3233860Z [command]/usr/local/bin/git config --local --unset-all extensions.worktreeConfig
2026-10-07T11:02:25.3373670Z ##[group]Checking out the ref
2026-10-07T11:02:25.3382220Z [command]/usr/local/bin/git checkout --progress --force refs/remotes/pull/95/merge
2026-10-07T11:02:26.4131700Z Updating files:  83% (2204/2631)
2026-10-07T11:02:26.4235000Z Updating files:  84% (2211/2631)
2026-10-07T11:02:26.4340690Z Updating files:  85% (2237/2631)
2026-10-07T11:02:26.4460160Z Updating files:  86% (2263/2631)
2026-10-07T11:02:26.4559020Z Updating files:  87% (2289/2631)
2026-10-07T11:02:26.4652720Z Updating files:  88% (2316/2631)
2026-10-07T11:02:26.4761500Z Updating files:  89% (2342/2631)
2026-10-07T11:02:26.4877160Z Updating files:  90% (2368/2631)
2026-10-07T11:02:26.4975250Z Updating files:  91% (2395/2631)
2026-10-07T11:02:26.5072560Z Updating files:  92% (2421/2631)
2026-10-07T11:02:26.5240950Z Updating files:  93% (2447/2631)
2026-10-07T11:02:26.5314370Z Updating files:  94% (2474/2631)
2026-10-07T11:02:26.5426540Z Updating files:  95% (2500/2631)
2026-10-07T11:02:26.5537780Z Updating files:  96% (2526/2631)
2026-10-07T11:02:26.5629140Z Updating files:  97% (2553/2631)
2026-10-07T11:02:26.5713440Z Updating files:  98% (2579/2631)
2026-10-07T11:02:26.5854500Z Updating files:  99% (2605/2631)
2026-10-07T11:02:26.5856180Z Updating files: 100% (2631/2631)
2026-10-07T11:02:26.5859950Z Updating files: 100% (2631/2631), done.
2026-10-07T11:02:26.5977230Z HEAD is now at 6216f0c Merge 428bcb07f2700b31f712cc8d10e8bc0ec3d29ce0 into 97b7242c2172c1d0c701a7b662294e4dbe268abf
2026-10-07T11:02:26.6019030Z ##[endgroup]
2026-10-07T11:02:26.6222100Z [command]/usr/local/bin/git log -1 --format=%H
2026-10-07T11:02:26.6369820Z 6216f0c96b44ea47b4d23dcd1558ff78dd8859e7
2026-10-07T11:02:26.7136770Z ##[group]Run dtolnay/rust-toolchain@stable
2026-10-07T11:02:26.7137430Z with:
2026-10-07T11:02:26.7137820Z   toolchain: stable
2026-10-07T11:02:26.7138310Z env:
2026-10-07T11:02:26.7139000Z   NAGI_FAILURE_DIR: /Users/runner/work/Nagi/Nagi/build/compiler-failures
2026-10-07T11:02:26.7140080Z ##[endgroup]
2026-10-07T11:02:26.7264370Z ##[start-action display=Parse toolchain version;id=rust.parse]
2026-10-07T11:02:26.7359400Z ##[group]Run if [[ -z $toolchain ]]; then
2026-10-07T11:02:26.7360100Z [36;1mif [[ -z $toolchain ]]; then[0m
2026-10-07T11:02:26.7361220Z [36;1m  # GitHub does not enforce `required: true` inputs itself. https://github.com/actions/runner/issues/1070[0m
2026-10-07T11:02:26.7362450Z [36;1m  echo "'toolchain' is a required input" >&2[0m
2026-10-07T11:02:26.7363080Z [36;1m  exit 1[0m
2026-10-07T11:02:26.7363770Z [36;1melif [[ $toolchain =~ ^stable' '[0-9]+' '(year|month|week|day)s?' 'ago$ ]]; then[0m
2026-10-07T11:02:26.7364760Z [36;1m  if [[ macOS == macOS ]]; then[0m
2026-10-07T11:02:26.7365920Z [36;1m    echo "toolchain=1.$((($(date -v-$(sed 's/stable \([0-9]*\) \(.\).*/\1\2/' <<< $toolchain) +%s)/60/60/24-16569)/7/6))" >> $GITHUB_OUTPUT[0m
2026-10-07T11:02:26.7367070Z [36;1m  else[0m
2026-10-07T11:02:26.7367940Z [36;1m    echo "toolchain=1.$((($(date --date "${toolchain#stable }" +%s)/60/60/24-16569)/7/6))" >> $GITHUB_OUTPUT[0m
2026-10-07T11:02:26.7368960Z [36;1m  fi[0m
2026-10-07T11:02:26.7369590Z [36;1melif [[ $toolchain =~ ^stable' 'minus' '[0-9]+' 'releases?$ ]]; then[0m
2026-10-07T11:02:26.7370820Z [36;1m  echo "toolchain=1.$((($(date +%s)/60/60/24-16569)/7/6-${toolchain//[^0-9]/}))" >> $GITHUB_OUTPUT[0m
2026-10-07T11:02:26.7372300Z [36;1melif [[ $toolchain =~ ^1\.[0-9]+$ ]]; then[0m
2026-10-07T11:02:26.7373760Z [36;1m  echo "toolchain=1.$((i=${toolchain#1.}, c=($(date +%s)/60/60/24-16569)/7/6, i+9*i*(10*i<=c)+90*i*(100*i<=c)))" >> $GITHUB_OUTPUT[0m
2026-10-07T11:02:26.7374900Z [36;1melse[0m
2026-10-07T11:02:26.7375440Z [36;1m  echo "toolchain=$toolchain" >> $GITHUB_OUTPUT[0m
2026-10-07T11:02:26.7376080Z [36;1mfi[0m
2026-10-07T11:02:26.7458460Z shell: /bin/bash --noprofile --norc -e -o pipefail {0}
2026-10-07T11:02:26.7459140Z env:
2026-10-07T11:02:26.7459750Z   NAGI_FAILURE_DIR: /Users/runner/work/Nagi/Nagi/build/compiler-failures
2026-10-07T11:02:26.7460560Z   toolchain: stable
2026-10-07T11:02:26.7460960Z ##[endgroup]
2026-10-07T11:02:26.7831420Z ##[end-action id=rust.parse;outcome=success;conclusion=success;duration_ms=56]
2026-10-07T11:02:26.7853720Z ##[start-action display=Construct rustup command line;id=rust.flags]
2026-10-07T11:02:26.7939060Z ##[group]Run echo "targets=$(for t in ${targets//,/ }; do echo -n ' --target' $t; done)" >> $GITHUB_OUTPUT
2026-10-07T11:02:26.7941300Z [36;1mecho "targets=$(for t in ${targets//,/ }; do echo -n ' --target' $t; done)" >> $GITHUB_OUTPUT[0m
2026-10-07T11:02:26.7942860Z [36;1mecho "components=$(for c in ${components//,/ }; do echo -n ' --component' $c; done)" >> $GITHUB_OUTPUT[0m
2026-10-07T11:02:26.7944100Z [36;1mecho "downgrade=" >> $GITHUB_OUTPUT[0m
2026-10-07T11:02:26.8018080Z shell: /bin/bash --noprofile --norc -e -o pipefail {0}
2026-10-07T11:02:26.8018860Z env:
2026-10-07T11:02:26.8019570Z   NAGI_FAILURE_DIR: /Users/runner/work/Nagi/Nagi/build/compiler-failures
2026-10-07T11:02:26.8020720Z   targets: 
2026-10-07T11:02:26.8021160Z   components: 
2026-10-07T11:02:26.8021620Z ##[endgroup]
2026-10-07T11:02:26.8289920Z ##[end-action id=rust.flags;outcome=success;conclusion=success;duration_ms=43]
2026-10-07T11:02:26.8295530Z ##[start-action display=Set $CARGO_HOME;id=rust.__run]
2026-10-07T11:02:26.8383240Z ##[group]Run echo CARGO_HOME=${CARGO_HOME:-"$HOME/.cargo"} >> $GITHUB_ENV
2026-10-07T11:02:26.8384360Z [36;1mecho CARGO_HOME=${CARGO_HOME:-"$HOME/.cargo"} >> $GITHUB_ENV[0m
2026-10-07T11:02:26.8456830Z shell: /bin/bash --noprofile --norc -e -o pipefail {0}
2026-10-07T11:02:26.8457550Z env:
2026-10-07T11:02:26.8459080Z   NAGI_FAILURE_DIR: /Users/runner/work/Nagi/Nagi/build/compiler-failures
2026-10-07T11:02:26.8460000Z ##[endgroup]
2026-10-07T11:02:26.8693400Z ##[end-action id=rust.__run;outcome=success;conclusion=success;duration_ms=39]
2026-10-07T11:02:26.8698740Z ##[start-action display=Install rustup if needed;id=rust.__run_2]
2026-10-07T11:02:26.8778520Z ##[group]Run if ! command -v rustup &>/dev/null; then
2026-10-07T11:02:26.8779400Z [36;1mif ! command -v rustup &>/dev/null; then[0m
2026-10-07T11:02:26.8781250Z [36;1m  curl --proto '=https' --tlsv1.2 --retry 10 --retry-connrefused --location --silent --show-error --fail https://sh.rustup.rs | sh -s -- --default-toolchain none -y[0m
2026-10-07T11:02:26.8782990Z [36;1m  echo "$CARGO_HOME/bin" >> $GITHUB_PATH[0m
2026-10-07T11:02:26.8783660Z [36;1mfi[0m
2026-10-07T11:02:26.8862360Z shell: /bin/bash --noprofile --norc -e -o pipefail {0}
2026-10-07T11:02:26.8863150Z env:
2026-10-07T11:02:26.8863830Z   NAGI_FAILURE_DIR: /Users/runner/work/Nagi/Nagi/build/compiler-failures
2026-10-07T11:02:26.8864810Z   CARGO_HOME: /Users/runner/.cargo
2026-10-07T11:02:26.8865390Z ##[endgroup]
2026-10-07T11:02:26.9086260Z ##[end-action id=rust.__run_2;outcome=success;conclusion=success;duration_ms=38]
2026-10-07T11:02:26.9092410Z ##[start-action display=Install rustup if needed on windows;id=rust.__run_3]
2026-10-07T11:02:26.9108560Z ##[end-action id=rust.__run_3;outcome=skipped;conclusion=skipped;duration_ms=0]
2026-10-07T11:02:26.9127630Z ##[start-action display=rustup toolchain install stable;id=rust.__run_4]
2026-10-07T11:02:26.9195870Z ##[group]Run log=$(mktemp)
2026-10-07T11:02:26.9196700Z [36;1mlog=$(mktemp)[0m
2026-10-07T11:02:26.9197420Z [36;1mtrap 'rm -f "$log"' EXIT[0m
2026-10-07T11:02:26.9198330Z [36;1mfor attempt in 1 2 3 4 5; do[0m
2026-10-07T11:02:26.9199980Z [36;1m  if rustup toolchain install stable --profile minimal --no-self-update --force-non-host 2>&1 | tee "$log"; then[0m
2026-10-07T11:02:26.9201860Z [36;1m    break[0m
2026-10-07T11:02:26.9202560Z [36;1m  else[0m
2026-10-07T11:02:26.9203380Z [36;1m    status=$?[0m
2026-10-07T11:02:26.9204180Z [36;1m  fi[0m
2026-10-07T11:02:26.9204990Z [36;1m  if [[ $attempt == 5 ]] || ! grep -Fq 'checksum failed for ' "$log" \[0m
2026-10-07T11:02:26.9206300Z [36;1m      || ! grep -Fq 'this is likely due to an ongoing update of the official release server' "$log"; then[0m
2026-10-07T11:02:26.9207630Z [36;1m    exit "$status"[0m
2026-10-07T11:02:26.9208210Z [36;1m  fi[0m
2026-10-07T11:02:26.9209240Z [36;1m  echo "Retrying rustup toolchain install in 30 seconds (retry $attempt of 4)" >&2[0m
2026-10-07T11:02:26.9211460Z [36;1m  sleep 30[0m
2026-10-07T11:02:26.9212180Z [36;1mdone[0m
2026-10-07T11:02:26.9301430Z shell: /bin/bash --noprofile --norc -e -o pipefail {0}
2026-10-07T11:02:26.9302210Z env:
2026-10-07T11:02:26.9302890Z   NAGI_FAILURE_DIR: /Users/runner/work/Nagi/Nagi/build/compiler-failures
2026-10-07T11:02:26.9303800Z   CARGO_HOME: /Users/runner/.cargo
2026-10-07T11:02:26.9304420Z   RUSTUP_PERMIT_COPY_RENAME: 1
2026-10-07T11:02:26.9304990Z ##[endgroup]
2026-10-07T11:02:27.5332810Z info: syncing channel updates for stable-x86_64-apple-darwin
2026-10-07T11:02:27.7638800Z info: latest update on 2026-10-01 for version 1.99.0 (b940084d7 2026-09-28)
2026-10-07T11:02:27.8035720Z info: removing previous version of component clippy
2026-10-07T11:02:27.8096440Z info: removing previous version of component rustfmt
2026-10-07T11:02:27.8148260Z info: removing previous version of component cargo
2026-10-07T11:02:27.8395770Z info: removing previous version of component rust-std
2026-10-07T11:02:27.8681420Z info: removing previous version of component rustc
2026-10-07T11:02:27.9061750Z info: downloading 5 components
2026-10-07T11:02:52.1901920Z 
2026-10-07T11:02:52.2482340Z   stable-x86_64-apple-darwin updated - rustc 1.99.0 (b940084d7 2026-09-28) (from rustc 1.98.0 (88d9e12ae 2026-08-18))
2026-10-07T11:02:52.2486380Z 
2026-10-07T11:02:52.2488170Z info: self-update is disabled for this build of rustup
2026-10-07T11:02:52.2492830Z info: any updates to rustup will need to be fetched with your system package manager
2026-10-07T11:02:52.2802280Z ##[end-action id=rust.__run_4;outcome=success;conclusion=success;duration_ms=25354]
2026-10-07T11:02:52.2819770Z ##[start-action display=rustup default stable;id=rust.__run_5]
2026-10-07T11:02:52.3297430Z ##[group]Run rustup default stable --force-non-host
2026-10-07T11:02:52.3298420Z [36;1mrustup default stable --force-non-host[0m
2026-10-07T11:02:52.3483370Z shell: /bin/bash --noprofile --norc -e -o pipefail {0}
2026-10-07T11:02:52.3484350Z env:
2026-10-07T11:02:52.3485410Z   NAGI_FAILURE_DIR: /Users/runner/work/Nagi/Nagi/build/compiler-failures
2026-10-07T11:02:52.3486690Z   CARGO_HOME: /Users/runner/.cargo
2026-10-07T11:02:52.3487390Z ##[endgroup]
2026-10-07T11:02:52.4626650Z info: using existing install for stable-x86_64-apple-darwin
2026-10-07T11:02:52.4792660Z info: default toolchain set to stable-x86_64-apple-darwin
2026-10-07T11:02:52.4793330Z 
2026-10-07T11:02:52.5339080Z   stable-x86_64-apple-darwin unchanged - rustc 1.99.0 (b940084d7 2026-09-28)
2026-10-07T11:02:52.5342370Z 
2026-10-07T11:02:52.5377680Z ##[end-action id=rust.__run_5;outcome=success;conclusion=success;duration_ms=255]
2026-10-07T11:02:52.5384570Z ##[start-action display=Create cachekey;id=rust.rustc-version]
2026-10-07T11:02:52.5458310Z ##[group]Run DATE=$(rustc +stable --version --verbose | sed -ne 's/^commit-date: \(20[0-9][0-9]\)-\([01][0-9]\)-\([0-3][0-9]\)$/\1\2\3/p')
2026-10-07T11:02:52.5461060Z [36;1mDATE=$(rustc +stable --version --verbose | sed -ne 's/^commit-date: \(20[0-9][0-9]\)-\([01][0-9]\)-\([0-3][0-9]\)$/\1\2\3/p')[0m
2026-10-07T11:02:52.5463380Z [36;1mHASH=$(rustc +stable --version --verbose | sed -ne 's/^commit-hash: //p')[0m
2026-10-07T11:02:52.5464730Z [36;1mecho "cachekey=$(echo $DATE$HASH | head -c12)" >> $GITHUB_OUTPUT[0m
2026-10-07T11:02:52.5554110Z shell: /bin/bash --noprofile --norc -e -o pipefail {0}
2026-10-07T11:02:52.5554910Z env:
2026-10-07T11:02:52.5555680Z   NAGI_FAILURE_DIR: /Users/runner/work/Nagi/Nagi/build/compiler-failures
2026-10-07T11:02:52.5556890Z   CARGO_HOME: /Users/runner/.cargo
2026-10-07T11:02:52.5557660Z ##[endgroup]
2026-10-07T11:02:52.8500900Z ##[end-action id=rust.rustc-version;outcome=success;conclusion=success;duration_ms=311]
2026-10-07T11:02:52.8508500Z ##[start-action display=Disable incremental compilation;id=rust.__run_6]
2026-10-07T11:02:52.8578630Z ##[group]Run if [ -z "${CARGO_INCREMENTAL+set}" ]; then
2026-10-07T11:02:52.8580610Z [36;1mif [ -z "${CARGO_INCREMENTAL+set}" ]; then[0m
2026-10-07T11:02:52.8582970Z [36;1m  echo CARGO_INCREMENTAL=0 >> $GITHUB_ENV[0m
2026-10-07T11:02:52.8583980Z [36;1mfi[0m
2026-10-07T11:02:52.8732560Z shell: /bin/bash --noprofile --norc -e -o pipefail {0}
2026-10-07T11:02:52.8733730Z env:
2026-10-07T11:02:52.8734850Z   NAGI_FAILURE_DIR: /Users/runner/work/Nagi/Nagi/build/compiler-failures
2026-10-07T11:02:52.8736270Z   CARGO_HOME: /Users/runner/.cargo
2026-10-07T11:02:52.8737210Z ##[endgroup]
2026-10-07T11:02:52.9050270Z ##[end-action id=rust.__run_6;outcome=success;conclusion=success;duration_ms=53]
2026-10-07T11:02:52.9055390Z ##[start-action display=Enable colors in Cargo output;id=rust.__run_7]
2026-10-07T11:02:52.9117390Z ##[group]Run if [ -z "${CARGO_TERM_COLOR+set}" ]; then
2026-10-07T11:02:52.9118310Z [36;1mif [ -z "${CARGO_TERM_COLOR+set}" ]; then[0m
2026-10-07T11:02:52.9119180Z [36;1m  echo CARGO_TERM_COLOR=always >> $GITHUB_ENV[0m
2026-10-07T11:02:52.9119950Z [36;1mfi[0m
2026-10-07T11:02:52.9196230Z shell: /bin/bash --noprofile --norc -e -o pipefail {0}
2026-10-07T11:02:52.9197110Z env:
2026-10-07T11:02:52.9197850Z   NAGI_FAILURE_DIR: /Users/runner/work/Nagi/Nagi/build/compiler-failures
2026-10-07T11:02:52.9198810Z   CARGO_HOME: /Users/runner/.cargo
2026-10-07T11:02:52.9199470Z   CARGO_INCREMENTAL: 0
2026-10-07T11:02:52.9200010Z ##[endgroup]
2026-10-07T11:02:52.9454810Z ##[end-action id=rust.__run_7;outcome=success;conclusion=success;duration_ms=39]
2026-10-07T11:02:52.9459840Z ##[start-action display=Enable Cargo sparse registry;id=rust.__run_8]
2026-10-07T11:02:52.9530290Z ##[group]Run # implemented in 1.66, stabilized in 1.68, made default in 1.70
2026-10-07T11:02:52.9532260Z [36;1m# implemented in 1.66, stabilized in 1.68, made default in 1.70[0m
2026-10-07T11:02:52.9534710Z [36;1mif [ -z "${CARGO_REGISTRIES_CRATES_IO_PROTOCOL+set}" -o -f "/Users/runner/work/_temp"/.implicit_cargo_registries_crates_io_protocol ]; then[0m
2026-10-07T11:02:52.9538060Z [36;1m  if rustc +stable --version --verbose | grep -q '^release: 1\.6[89]\.'; then[0m
2026-10-07T11:02:52.9540230Z [36;1m    touch "/Users/runner/work/_temp"/.implicit_cargo_registries_crates_io_protocol || true[0m
2026-10-07T11:02:52.9542300Z [36;1m    echo CARGO_REGISTRIES_CRATES_IO_PROTOCOL=sparse >> $GITHUB_ENV[0m
2026-10-07T11:02:52.9544020Z [36;1m  elif rustc +stable --version --verbose | grep -q '^release: 1\.6[67]\.'; then[0m
2026-10-07T11:02:52.9546410Z [36;1m    touch "/Users/runner/work/_temp"/.implicit_cargo_registries_crates_io_protocol || true[0m
2026-10-07T11:02:52.9549300Z [36;1m    echo CARGO_REGISTRIES_CRATES_IO_PROTOCOL=git >> $GITHUB_ENV[0m
2026-10-07T11:02:52.9550620Z [36;1m  fi[0m
2026-10-07T11:02:52.9551340Z [36;1mfi[0m
2026-10-07T11:02:52.9666040Z shell: /bin/bash --noprofile --norc -e -o pipefail {0}
2026-10-07T11:02:52.9667240Z env:
2026-10-07T11:02:52.9668350Z   NAGI_FAILURE_DIR: /Users/runner/work/Nagi/Nagi/build/compiler-failures
2026-10-07T11:02:52.9669930Z   CARGO_HOME: /Users/runner/.cargo
2026-10-07T11:02:52.9671000Z   CARGO_INCREMENTAL: 0
2026-10-07T11:02:52.9671840Z   CARGO_TERM_COLOR: always
2026-10-07T11:02:52.9672700Z ##[endgroup]
2026-10-07T11:02:53.2504560Z ##[end-action id=rust.__run_8;outcome=success;conclusion=success;duration_ms=304]
2026-10-07T11:02:53.2509880Z ##[start-action display=Work around spurious network errors in curl 8.0;id=rust.__run_9]
2026-10-07T11:02:53.3041500Z ##[group]Run # https://rust-lang.zulipchat.com/#narrow/stream/246057-t-cargo/topic/timeout.20investigation
2026-10-07T11:02:53.3044390Z [36;1m# https://rust-lang.zulipchat.com/#narrow/stream/246057-t-cargo/topic/timeout.20investigation[0m
2026-10-07T11:02:53.3046650Z [36;1mif rustc +stable --version --verbose | grep -q '^release: 1\.7[01]\.'; then[0m
2026-10-07T11:02:53.3048390Z [36;1m  echo CARGO_HTTP_MULTIPLEXING=false >> $GITHUB_ENV[0m
2026-10-07T11:02:53.3049610Z [36;1mfi[0m
2026-10-07T11:02:53.3164690Z shell: /bin/bash --noprofile --norc -e -o pipefail {0}
2026-10-07T11:02:53.3165540Z env:
2026-10-07T11:02:53.3167220Z   NAGI_FAILURE_DIR: /Users/runner/work/Nagi/Nagi/build/compiler-failures
2026-10-07T11:02:53.3169790Z   CARGO_HOME: /Users/runner/.cargo
2026-10-07T11:02:53.3171430Z   CARGO_INCREMENTAL: 0
2026-10-07T11:02:53.3172420Z   CARGO_TERM_COLOR: always
2026-10-07T11:02:53.3173540Z ##[endgroup]
2026-10-07T11:02:53.5439050Z ##[end-action id=rust.__run_9;outcome=success;conclusion=success;duration_ms=292]
2026-10-07T11:02:53.5448590Z ##[start-action display=rustc +stable --version --verbose;id=rust.__run_10]
2026-10-07T11:02:53.5515090Z ##[group]Run rustc +stable --version --verbose
2026-10-07T11:02:53.5516180Z [36;1mrustc +stable --version --verbose[0m
2026-10-07T11:02:53.5619860Z shell: /bin/bash --noprofile --norc -e -o pipefail {0}
2026-10-07T11:02:53.5620960Z env:
2026-10-07T11:02:53.5621940Z   NAGI_FAILURE_DIR: /Users/runner/work/Nagi/Nagi/build/compiler-failures
2026-10-07T11:02:53.5623250Z   CARGO_HOME: /Users/runner/.cargo
2026-10-07T11:02:53.5624180Z   CARGO_INCREMENTAL: 0
2026-10-07T11:02:53.5625050Z   CARGO_TERM_COLOR: always
2026-10-07T11:02:53.5625930Z ##[endgroup]
2026-10-07T11:02:53.6926270Z rustc 1.99.0 (b940084d7 2026-09-28)
2026-10-07T11:02:53.7267500Z binary: rustc
2026-10-07T11:02:53.7475690Z commit-hash: b940084d7eb6a299eb4bfeb8e34901bc051e7ac4
2026-10-07T11:02:53.7659720Z commit-date: 2026-09-28
2026-10-07T11:02:53.7789910Z host: x86_64-apple-darwin
2026-10-07T11:02:53.7907930Z release: 1.99.0
2026-10-07T11:02:53.7988720Z LLVM version: 23.1.1
2026-10-07T11:02:53.8012490Z ##[end-action id=rust.__run_10;outcome=success;conclusion=success;duration_ms=256]
2026-10-07T11:02:56.5607240Z ##[group]Run actions/cache@v4
2026-10-07T11:02:56.5608380Z with:
2026-10-07T11:02:56.5609340Z   path: ~/.cargo/registry
~/.cargo/git
target
native-target

2026-10-07T11:02:56.5612890Z   key: nagi-rust-v1-package-macos-x86_64-20260928b940-ea0ec8ed94fb35bcf1d7c665cba9b22ca9050a457cc062d0c63198341f876515-32a47094b5d6296d99e350ce6176c44aa01faa791652270ccc5c652936686ec2
2026-10-07T11:02:56.5618330Z   restore-keys: nagi-rust-v1-package-macos-x86_64-20260928b940-ea0ec8ed94fb35bcf1d7c665cba9b22ca9050a457cc062d0c63198341f876515-
nagi-rust-v1-package-macos-x86_64-20260928b940-

2026-10-07T11:02:56.5621610Z   enableCrossOsArchive: false
2026-10-07T11:02:56.5622600Z   fail-on-cache-miss: false
2026-10-07T11:02:56.5623430Z   lookup-only: false
2026-10-07T11:02:56.5624170Z   save-always: false
2026-10-07T11:02:56.5625610Z env:
2026-10-07T11:02:56.5627260Z   NAGI_FAILURE_DIR: /Users/runner/work/Nagi/Nagi/build/compiler-failures
2026-10-07T11:02:56.5628730Z   CARGO_HOME: /Users/runner/.cargo
2026-10-07T11:02:56.5630510Z   CARGO_INCREMENTAL: 0
2026-10-07T11:02:56.5662960Z   CARGO_TERM_COLOR: always
2026-10-07T11:02:56.5664240Z ##[endgroup]
2026-10-07T11:02:56.9694680Z (node:4113) [DEP0040] DeprecationWarning: The `punycode` module is deprecated. Please use a userland alternative instead.
2026-10-07T11:02:56.9697620Z (Use `node --trace-deprecation ...` to show where the warning was created)
2026-10-07T11:02:57.0970840Z Cache not found for input keys: nagi-rust-v1-package-macos-x86_64-20260928b940-ea0ec8ed94fb35bcf1d7c665cba9b22ca9050a457cc062d0c63198341f876515-32a47094b5d6296d99e350ce6176c44aa01faa791652270ccc5c652936686ec2, nagi-rust-v1-package-macos-x86_64-20260928b940-ea0ec8ed94fb35bcf1d7c665cba9b22ca9050a457cc062d0c63198341f876515-, nagi-rust-v1-package-macos-x86_64-20260928b940-
2026-10-07T11:02:57.2166900Z ##[group]Run actions/setup-python@v5
2026-10-07T11:02:57.2167660Z with:
2026-10-07T11:02:57.2168140Z   python-version: 3.12
2026-10-07T11:02:57.2168700Z   check-latest: false
2026-10-07T11:02:57.2182690Z   token: ***
2026-10-07T11:02:57.2183540Z   update-environment: true
2026-10-07T11:02:57.2184320Z   allow-prereleases: false
2026-10-07T11:02:57.2185300Z   freethreaded: false
2026-10-07T11:02:57.2186100Z env:
2026-10-07T11:02:57.2187030Z   NAGI_FAILURE_DIR: /Users/runner/work/Nagi/Nagi/build/compiler-failures
2026-10-07T11:02:57.2188430Z   CARGO_HOME: /Users/runner/.cargo
2026-10-07T11:02:57.2190150Z   CARGO_INCREMENTAL: 0
2026-10-07T11:02:57.2192610Z   CARGO_TERM_COLOR: always
2026-10-07T11:02:57.2193810Z ##[endgroup]
2026-10-07T11:02:57.7055710Z (node:4121) [DEP0040] DeprecationWarning: The `punycode` module is deprecated. Please use a userland alternative instead.
2026-10-07T11:02:57.7254830Z (Use `node --trace-deprecation ...` to show where the warning was created)
2026-10-07T11:02:57.7257250Z ##[group]Installed versions
2026-10-07T11:02:57.7295510Z Successfully set up CPython (3.12.10)
2026-10-07T11:02:57.7297620Z ##[endgroup]
2026-10-07T11:02:57.7935570Z ##[group]Run actions/setup-node@v4
2026-10-07T11:02:57.7936590Z with:
2026-10-07T11:02:57.7937310Z   node-version: 22
2026-10-07T11:02:57.7938110Z   always-auth: false
2026-10-07T11:02:57.7938920Z   check-latest: false
2026-10-07T11:02:57.7947540Z   token: ***
2026-10-07T11:02:57.7948290Z env:
2026-10-07T11:02:57.7949310Z   NAGI_FAILURE_DIR: /Users/runner/work/Nagi/Nagi/build/compiler-failures
2026-10-07T11:02:57.7950700Z   CARGO_HOME: /Users/runner/.cargo
2026-10-07T11:02:57.7952030Z   CARGO_INCREMENTAL: 0
2026-10-07T11:02:57.7952850Z   CARGO_TERM_COLOR: always
2026-10-07T11:02:57.7954010Z   pythonLocation: /Users/runner/hostedtoolcache/Python/3.12.10/x64
2026-10-07T11:02:57.7955810Z   PKG_CONFIG_PATH: /Users/runner/hostedtoolcache/Python/3.12.10/x64/lib/pkgconfig
2026-10-07T11:02:57.7957550Z   Python_ROOT_DIR: /Users/runner/hostedtoolcache/Python/3.12.10/x64
2026-10-07T11:02:57.7959230Z   Python2_ROOT_DIR: /Users/runner/hostedtoolcache/Python/3.12.10/x64
2026-10-07T11:02:57.7960630Z   Python3_ROOT_DIR: /Users/runner/hostedtoolcache/Python/3.12.10/x64
2026-10-07T11:02:57.7961840Z ##[endgroup]
2026-10-07T11:02:58.3207960Z (node:4128) [DEP0040] DeprecationWarning: The `punycode` module is deprecated. Please use a userland alternative instead.
2026-10-07T11:02:58.3275470Z (Use `node --trace-deprecation ...` to show where the warning was created)
2026-10-07T11:02:58.3561540Z Found in cache @ /Users/runner/hostedtoolcache/node/22.23.2/x64
2026-10-07T11:02:58.3606830Z ##[group]Environment details
2026-10-07T11:02:59.3004910Z node: v22.23.2
2026-10-07T11:02:59.3005950Z npm: 10.9.8
2026-10-07T11:02:59.3008390Z yarn: 1.22.22
2026-10-07T11:02:59.3011740Z ##[endgroup]
2026-10-07T11:02:59.3268020Z ##[group]Run python - <<'PY'
2026-10-07T11:02:59.3268780Z [36;1mpython - <<'PY'[0m
2026-10-07T11:02:59.3269640Z [36;1mimport os, subprocess[0m
2026-10-07T11:02:59.3270630Z [36;1mlines = subprocess.check_output(['rustc', '-vV'], text=True).splitlines()[0m
2026-10-07T11:02:59.3272080Z [36;1mhost = next(line.removeprefix('host: ') for line in lines if line.startswith('host: '))[0m
2026-10-07T11:02:59.3273630Z [36;1massert host == os.environ['RELEASE_RUST_HOST'], host[0m
2026-10-07T11:02:59.3274910Z [36;1mPY[0m
2026-10-07T11:02:59.3395560Z shell: /bin/bash --noprofile --norc -e -o pipefail {0}
2026-10-07T11:02:59.3396540Z env:
2026-10-07T11:02:59.3397290Z   NAGI_FAILURE_DIR: /Users/runner/work/Nagi/Nagi/build/compiler-failures
2026-10-07T11:02:59.3398350Z   CARGO_HOME: /Users/runner/.cargo
2026-10-07T11:02:59.3399020Z   CARGO_INCREMENTAL: 0
2026-10-07T11:02:59.3399570Z   CARGO_TERM_COLOR: always
2026-10-07T11:02:59.3400720Z   pythonLocation: /Users/runner/hostedtoolcache/Python/3.12.10/x64
2026-10-07T11:02:59.3402480Z   PKG_CONFIG_PATH: /Users/runner/hostedtoolcache/Python/3.12.10/x64/lib/pkgconfig
2026-10-07T11:02:59.3404540Z   Python_ROOT_DIR: /Users/runner/hostedtoolcache/Python/3.12.10/x64
2026-10-07T11:02:59.3406220Z   Python2_ROOT_DIR: /Users/runner/hostedtoolcache/Python/3.12.10/x64
2026-10-07T11:02:59.3407520Z   Python3_ROOT_DIR: /Users/runner/hostedtoolcache/Python/3.12.10/x64
2026-10-07T11:02:59.3408530Z   RELEASE_RUST_HOST: x86_64-apple-darwin
2026-10-07T11:02:59.3409190Z ##[endgroup]
2026-10-07T11:02:59.9104800Z ##[group]Run cargo fetch --locked --target "$RELEASE_RUST_HOST"
2026-10-07T11:02:59.9106010Z [36;1mcargo fetch --locked --target "$RELEASE_RUST_HOST"[0m
2026-10-07T11:02:59.9189980Z shell: /bin/bash --noprofile --norc -e -o pipefail {0}
2026-10-07T11:02:59.9191180Z env:
2026-10-07T11:02:59.9193030Z   NAGI_FAILURE_DIR: /Users/runner/work/Nagi/Nagi/build/compiler-failures
2026-10-07T11:02:59.9193990Z   CARGO_HOME: /Users/runner/.cargo
2026-10-07T11:02:59.9194670Z   CARGO_INCREMENTAL: 0
2026-10-07T11:02:59.9195220Z   CARGO_TERM_COLOR: always
2026-10-07T11:02:59.9196890Z   pythonLocation: /Users/runner/hostedtoolcache/Python/3.12.10/x64
2026-10-07T11:02:59.9198280Z   PKG_CONFIG_PATH: /Users/runner/hostedtoolcache/Python/3.12.10/x64/lib/pkgconfig
2026-10-07T11:02:59.9199660Z   Python_ROOT_DIR: /Users/runner/hostedtoolcache/Python/3.12.10/x64
2026-10-07T11:02:59.9200770Z   Python2_ROOT_DIR: /Users/runner/hostedtoolcache/Python/3.12.10/x64
2026-10-07T11:02:59.9201970Z   Python3_ROOT_DIR: /Users/runner/hostedtoolcache/Python/3.12.10/x64
2026-10-07T11:02:59.9202990Z   RELEASE_RUST_HOST: x86_64-apple-darwin
2026-10-07T11:02:59.9203760Z ##[endgroup]
2026-10-07T11:03:00.0338490Z [1m[92m    Updating[0m crates.io index
2026-10-07T11:03:00.9396790Z [1m[92m Downloading[0m crates ...
2026-10-07T11:03:00.9877730Z [1m[92m  Downloaded[0m atomic-waker v1.1.2
2026-10-07T11:03:01.0274520Z [1m[92m  Downloaded[0m socket2 v0.6.5
2026-10-07T11:03:01.0302160Z [1m[92m  Downloaded[0m pkg-config v0.3.34
2026-10-07T11:03:01.0306910Z [1m[92m  Downloaded[0m tokio-tungstenite v0.29.0
2026-10-07T11:03:01.0316580Z [1m[92m  Downloaded[0m thiserror-impl v2.0.21
2026-10-07T11:03:01.0324330Z [1m[92m  Downloaded[0m equivalent v1.0.2
2026-10-07T11:03:01.0332030Z [1m[92m  Downloaded[0m bytes v1.12.1
2026-10-07T11:03:01.0439680Z [1m[92m  Downloaded[0m smallvec v1.16.2
2026-10-07T11:03:01.0522690Z [1m[92m  Downloaded[0m vcpkg v0.2.15
2026-10-07T11:03:01.4915920Z [1m[92m  Downloaded[0m shlex v2.0.1
2026-10-07T11:03:01.5001550Z [1m[92m  Downloaded[0m mio v1.2.3
2026-10-07T11:03:01.5420870Z [1m[92m  Downloaded[0m zmij v1.0.23
2026-10-07T11:03:01.5530030Z [1m[92m  Downloaded[0m rusqlite v0.40.2
2026-10-07T11:03:01.5964780Z [1m[92m  Downloaded[0m tokio v1.53.1
2026-10-07T11:03:01.9145000Z [1m[92m  Downloaded[0m tokio-macros v2.7.2
2026-10-07T11:03:01.9212800Z [1m[92m  Downloaded[0m syn v3.0.6
2026-10-07T11:03:01.9902770Z [1m[92m  Downloaded[0m unicode-ident v1.0.26
2026-10-07T11:03:02.0099860Z [1m[92m  Downloaded[0m quote v1.0.47
2026-10-07T11:03:02.0331220Z [1m[92m  Downloaded[0m proc-macro2 v1.0.107
2026-10-07T11:03:02.0523120Z [1m[92m  Downloaded[0m errno v0.3.14
2026-10-07T11:03:02.0620710Z [1m[92m  Downloaded[0m serde_core v1.0.229
2026-10-07T11:03:02.0768170Z [1m[92m  Downloaded[0m itoa v1.0.18
2026-10-07T11:03:02.0858570Z [1m[92m  Downloaded[0m cc v1.5.1
2026-10-07T11:03:02.1075820Z [1m[92m  Downloaded[0m foldhash v0.2.0
2026-10-07T11:03:02.1160680Z [1m[92m  Downloaded[0m fallible-streaming-iterator v0.1.9
2026-10-07T11:03:02.1219810Z [1m[92m  Downloaded[0m bitflags v2.13.2
2026-10-07T11:03:02.1536740Z [1m[92m  Downloaded[0m http-body v1.1.0
2026-10-07T11:03:02.1609420Z [1m[92m  Downloaded[0m futures-channel v0.3.34
2026-10-07T11:03:02.1722050Z [1m[92m  Downloaded[0m slab v0.4.12
2026-10-07T11:03:02.1804540Z [1m[92m  Downloaded[0m futures-sink v0.3.34
2026-10-07T11:03:02.1860070Z [1m[92m  Downloaded[0m futures-macro v0.3.34
2026-10-07T11:03:02.1925500Z [1m[92m  Downloaded[0m axum v0.8.9
2026-10-07T11:03:02.2397670Z [1m[92m  Downloaded[0m tracing-core v0.1.36
2026-10-07T11:03:02.2574140Z [1m[92m  Downloaded[0m once_cell v1.21.4
2026-10-07T11:03:02.3464170Z [1m[92m  Downloaded[0m generic-array v0.14.7
2026-10-07T11:03:02.3560910Z [1m[92m  Downloaded[0m version_check v0.9.5
2026-10-07T11:03:02.3658220Z [1m[92m  Downloaded[0m block-buffer v0.10.4
2026-10-07T11:03:02.3732410Z [1m[92m  Downloaded[0m cfg-if v1.0.5
2026-10-07T11:03:02.3810650Z [1m[92m  Downloaded[0m getrandom v0.3.4
2026-10-07T11:03:02.4035840Z [1m[92m  Downloaded[0m ppv-lite86 v0.2.21
2026-10-07T11:03:02.4139480Z [1m[92m  Downloaded[0m data-encoding v2.11.1
2026-10-07T11:03:02.4215660Z [1m[92m  Downloaded[0m signal-hook-registry v1.4.8
2026-10-07T11:03:02.4281330Z [1m[92m  Downloaded[0m pin-project-lite v0.2.17
2026-10-07T11:03:02.4977120Z [1m[92m  Downloaded[0m serde_derive v1.0.229
2026-10-07T11:03:02.5181910Z [1m[92m  Downloaded[0m find-msvc-tools v0.1.14
2026-10-07T11:03:02.5308760Z [1m[92m  Downloaded[0m hashlink v0.12.2
2026-10-07T11:03:02.5422460Z [1m[92m  Downloaded[0m hyper-util v0.1.21
2026-10-07T11:03:02.5785980Z [1m[92m  Downloaded[0m deadpool v0.13.1
2026-10-07T11:03:02.5975370Z [1m[92m  Downloaded[0m tungstenite v0.29.0
2026-10-07T11:03:02.6177870Z [1m[92m  Downloaded[0m form_urlencoded v1.2.2
2026-10-07T11:03:02.6222810Z [1m[92m  Downloaded[0m percent-encoding v2.3.2
2026-10-07T11:03:02.6274490Z [1m[92m  Downloaded[0m mime v0.3.17
2026-10-07T11:03:02.6367940Z [1m[92m  Downloaded[0m serde_json v1.0.151
2026-10-07T11:03:02.6907100Z [1m[92m  Downloaded[0m serde v1.0.229
2026-10-07T11:03:02.7121670Z [1m[92m  Downloaded[0m matchit v0.8.4
2026-10-07T11:03:02.7233860Z [1m[92m  Downloaded[0m tower-service v0.3.3
2026-10-07T11:03:02.7275230Z [1m[92m  Downloaded[0m httparse v1.10.1
2026-10-07T11:03:02.7423560Z [1m[92m  Downloaded[0m http v1.5.0
2026-10-07T11:03:02.7659060Z [1m[92m  Downloaded[0m futures-task v0.3.34
2026-10-07T11:03:02.7736890Z [1m[92m  Downloaded[0m bumpalo v3.20.3
2026-10-07T11:03:02.7869250Z [1m[92m  Downloaded[0m crypto-common v0.1.7
2026-10-07T11:03:02.7919940Z [1m[92m  Downloaded[0m cpufeatures v0.2.17
2026-10-07T11:03:02.7996180Z [1m[92m  Downloaded[0m rand_chacha v0.9.0
2026-10-07T11:03:02.8061790Z [1m[92m  Downloaded[0m toml_writer v1.1.2+spec-1.1.0
2026-10-07T11:03:02.8150420Z [1m[92m  Downloaded[0m toml_datetime v1.1.1+spec-1.1.0
2026-10-07T11:03:02.8212280Z [1m[92m  Downloaded[0m serde_spanned v1.1.1
2026-10-07T11:03:02.8268470Z [1m[92m  Downloaded[0m httpdate v1.0.3
2026-10-07T11:03:02.8330170Z [1m[92m  Downloaded[0m futures-core v0.3.34
2026-10-07T11:03:02.8415960Z [1m[92m  Downloaded[0m deadpool-runtime v0.3.1
2026-10-07T11:03:02.8481620Z [1m[92m  Downloaded[0m log v0.4.34
2026-10-07T11:03:02.8618460Z [1m[92m  Downloaded[0m sync_wrapper v1.0.2
2026-10-07T11:03:02.8661990Z [1m[92m  Downloaded[0m sha1 v0.10.7
2026-10-07T11:03:02.8753410Z [1m[92m  Downloaded[0m digest v0.10.7
2026-10-07T11:03:02.8864010Z [1m[92m  Downloaded[0m rand_core v0.9.5
2026-10-07T11:03:02.8936420Z [1m[92m  Downloaded[0m serde_urlencoded v0.7.1
2026-10-07T11:03:02.9041070Z [1m[92m  Downloaded[0m http-body-util v0.1.5
2026-10-07T11:03:02.9160890Z [1m[92m  Downloaded[0m axum-core v0.5.6
2026-10-07T11:03:02.9282310Z [1m[92m  Downloaded[0m toml v1.1.6+spec-1.1.0
2026-10-07T11:03:02.9507630Z [1m[92m  Downloaded[0m memchr v2.8.3
2026-10-07T11:03:02.9818420Z [1m[92m  Downloaded[0m fallible-iterator v0.3.0
2026-10-07T11:03:02.9892970Z [1m[92m  Downloaded[0m hyper v1.11.1
2026-10-07T11:03:03.0282540Z [1m[92m  Downloaded[0m tower-layer v0.3.3
2026-10-07T11:03:03.0359680Z [1m[92m  Downloaded[0m thiserror v2.0.21
2026-10-07T11:03:03.0909400Z [1m[92m  Downloaded[0m rand v0.9.5
2026-10-07T11:03:03.1134600Z [1m[92m  Downloaded[0m serde_path_to_error v0.1.20
2026-10-07T11:03:03.1227070Z [1m[92m  Downloaded[0m base64 v0.22.1
2026-10-07T11:03:03.1986050Z [1m[92m  Downloaded[0m tower v0.5.3
2026-10-07T11:03:03.2594910Z [1m[92m  Downloaded[0m typenum v1.20.1
2026-10-07T11:03:03.2773180Z [1m[92m  Downloaded[0m indexmap v2.14.2
2026-10-07T11:03:03.3020410Z [1m[92m  Downloaded[0m hashbrown v0.17.1
2026-10-07T11:03:03.3342030Z [1m[92m  Downloaded[0m toml_parser v1.1.3+spec-1.1.0
2026-10-07T11:03:03.3473960Z [1m[92m  Downloaded[0m winnow v1.0.4
2026-10-07T11:03:03.4077590Z [1m[92m  Downloaded[0m futures-util v0.3.34
2026-10-07T11:03:03.5100550Z [1m[92m  Downloaded[0m ryu v1.0.23
2026-10-07T11:03:03.5287750Z [1m[92m  Downloaded[0m zerocopy v0.8.59
2026-10-07T11:03:03.6817390Z [1m[92m  Downloaded[0m tracing v0.1.44
2026-10-07T11:03:03.7622030Z [1m[92m  Downloaded[0m libc v0.2.189
2026-10-07T11:03:04.2807330Z [1m[92m  Downloaded[0m libsqlite3-sys v0.38.2
2026-10-07T11:03:05.0391470Z ##[group]Run cargo build --release --locked -p nagic
2026-10-07T11:03:05.0392440Z [36;1mcargo build --release --locked -p nagic[0m
2026-10-07T11:03:05.0519900Z shell: /bin/bash -e {0}
2026-10-07T11:03:05.0520740Z env:
2026-10-07T11:03:05.0521750Z   NAGI_FAILURE_DIR: /Users/runner/work/Nagi/Nagi/build/compiler-failures
2026-10-07T11:03:05.0523080Z   CARGO_HOME: /Users/runner/.cargo
2026-10-07T11:03:05.0523990Z   CARGO_INCREMENTAL: 0
2026-10-07T11:03:05.0524780Z   CARGO_TERM_COLOR: always
2026-10-07T11:03:05.0525950Z   pythonLocation: /Users/runner/hostedtoolcache/Python/3.12.10/x64
2026-10-07T11:03:05.0527780Z   PKG_CONFIG_PATH: /Users/runner/hostedtoolcache/Python/3.12.10/x64/lib/pkgconfig
2026-10-07T11:03:05.0529490Z   Python_ROOT_DIR: /Users/runner/hostedtoolcache/Python/3.12.10/x64
2026-10-07T11:03:05.0531130Z   Python2_ROOT_DIR: /Users/runner/hostedtoolcache/Python/3.12.10/x64
2026-10-07T11:03:05.0532660Z   Python3_ROOT_DIR: /Users/runner/hostedtoolcache/Python/3.12.10/x64
2026-10-07T11:03:05.0533620Z ##[endgroup]
2026-10-07T11:03:05.4690400Z [1m[92m   Compiling[0m serde_core v1.0.229
2026-10-07T11:03:05.5731560Z [1m[92m   Compiling[0m proc-macro2 v1.0.107
2026-10-07T11:03:05.6735550Z [1m[92m   Compiling[0m shlex v2.0.1
2026-10-07T11:03:05.7762680Z [1m[92m   Compiling[0m unicode-ident v1.0.26
2026-10-07T11:03:05.9069670Z [1m[92m   Compiling[0m quote v1.0.47
2026-10-07T11:03:06.0626210Z [1m[92m   Compiling[0m find-msvc-tools v0.1.14
2026-10-07T11:03:06.6313680Z [1m[92m   Compiling[0m cc v1.5.1
2026-10-07T11:03:13.0427180Z [1m[92m   Compiling[0m vcpkg v0.2.15
2026-10-07T11:03:15.5096540Z [1m[92m   Compiling[0m pkg-config v0.3.34
2026-10-07T11:03:17.1198020Z [1m[92m   Compiling[0m libsqlite3-sys v0.38.2
2026-10-07T11:03:20.2361570Z [1m[92m   Compiling[0m foldhash v0.2.0
2026-10-07T11:03:20.3539110Z [1m[92m   Compiling[0m zmij v1.0.23
2026-10-07T11:03:21.3534780Z [1m[92m   Compiling[0m hashbrown v0.17.1
2026-10-07T11:03:25.6437400Z [1m[92m   Compiling[0m syn v3.0.6
2026-10-07T11:03:26.0716680Z [1m[92m   Compiling[0m winnow v1.0.4
2026-10-07T11:03:28.6399070Z [1m[92m   Compiling[0m serde v1.0.229
2026-10-07T11:03:29.4338630Z [1m[92m   Compiling[0m serde_json v1.0.151
2026-10-07T11:03:30.2571500Z [1m[92m   Compiling[0m toml_parser v1.1.3+spec-1.1.0
2026-10-07T11:03:36.3917930Z [1m[92m   Compiling[0m hashlink v0.12.2
2026-10-07T11:03:37.3991610Z [1m[92m   Compiling[0m serde_derive v1.0.229
2026-10-07T11:03:37.4996620Z [1m[92m   Compiling[0m toml_datetime v1.1.1+spec-1.1.0
2026-10-07T11:03:38.2535990Z [1m[92m   Compiling[0m serde_spanned v1.1.1
2026-10-07T11:03:38.9820360Z [1m[92m   Compiling[0m fallible-iterator v0.3.0
2026-10-07T11:03:40.1640290Z [1m[92m   Compiling[0m toml_writer v1.1.2+spec-1.1.0
2026-10-07T11:03:40.9701170Z [1m[92m   Compiling[0m smallvec v1.16.2
2026-10-07T11:03:41.0469580Z [1m[92m   Compiling[0m fallible-streaming-iterator v0.1.9
2026-10-07T11:03:41.5485680Z [1m[92m   Compiling[0m memchr v2.8.3
2026-10-07T11:03:42.0102390Z [1m[92m   Compiling[0m itoa v1.0.18
2026-10-07T11:03:43.1793440Z [1m[92m   Compiling[0m bitflags v2.13.2
2026-10-07T11:03:47.3303810Z [1m[92m   Compiling[0m toml v1.1.6+spec-1.1.0
2026-10-07T11:04:42.3973660Z [1m[92m   Compiling[0m rusqlite v0.40.2
2026-10-07T11:04:44.9626940Z [1m[92m   Compiling[0m nagic v0.1.11 (/Users/runner/work/Nagi/Nagi/compiler)
2026-10-07T11:06:25.1955970Z [1m[92m    Finished[0m `release` profile [optimized] target(s) in 3m 19s
2026-10-07T11:06:25.2262400Z ##[group]Run cargo test --locked -p nagic --lib --test cli --test installation --test codegen --test loop_ownership --test ownership_calls --test ownership_boundaries --test comparison_ownership --test owned_copy_codegen --test build_diagnostics --test rust_dependencies --test expression_contracts --test frontend_contracts --test literal_contracts --test http_route_conflicts --test symbols --test modules --test module_parser --test module_emission --test module_symbols --test enum_parser --test enum_modules --test enum_emission --test enum_patterns --test nullable_database --test nullable_roundtrip --test owned_database --test borrow_free_returns --test static_callback_views --test view_iteration --test view_parameter_rebinding --test sql_check --test typed_errors --test error_routes --test class_field_types --test resource_contract_characterization --test stdlib_imports --test option_match --test http_stdlib --test http_codegen --test actor_stdlib --test actor_codegen --test graph_types --test graph_relations --test graph_render --test graph_html --test map_cli --test low_multiline --test list_ownership_inference --test list_borrow_iteration --test result_stdlib
2026-10-07T11:06:25.2292930Z [36;1mcargo test --locked -p nagic --lib --test cli --test installation --test codegen --test loop_ownership --test ownership_calls --test ownership_boundaries --test comparison_ownership --test owned_copy_codegen --test build_diagnostics --test rust_dependencies --test expression_contracts --test frontend_contracts --test literal_contracts --test http_route_conflicts --test symbols --test modules --test module_parser --test module_emission --test module_symbols --test enum_parser --test enum_modules --test enum_emission --test enum_patterns --test nullable_database --test nullable_roundtrip --test owned_database --test borrow_free_returns --test static_callback_views --test view_iteration --test view_parameter_rebinding --test sql_check --test typed_errors --test error_routes --test class_field_types --test resource_contract_characterization --test stdlib_imports --test option_match --test http_stdlib --test http_codegen --test actor_stdlib --test actor_codegen --test graph_types --test graph_relations --test graph_render --test graph_html --test map_cli --test low_multiline --test list_ownership_inference --test list_borrow_iteration --test result_stdlib[0m
2026-10-07T11:06:25.2408010Z shell: /bin/bash -e {0}
2026-10-07T11:06:25.2408590Z env:
2026-10-07T11:06:25.2409350Z   NAGI_FAILURE_DIR: /Users/runner/work/Nagi/Nagi/build/compiler-failures
2026-10-07T11:06:25.2410310Z   CARGO_HOME: /Users/runner/.cargo
2026-10-07T11:06:25.2410930Z   CARGO_INCREMENTAL: 0
2026-10-07T11:06:25.2411480Z   CARGO_TERM_COLOR: always
2026-10-07T11:06:25.2412250Z   pythonLocation: /Users/runner/hostedtoolcache/Python/3.12.10/x64
2026-10-07T11:06:25.2413970Z   PKG_CONFIG_PATH: /Users/runner/hostedtoolcache/Python/3.12.10/x64/lib/pkgconfig
2026-10-07T11:06:25.2415460Z   Python_ROOT_DIR: /Users/runner/hostedtoolcache/Python/3.12.10/x64
2026-10-07T11:06:25.2416550Z   Python2_ROOT_DIR: /Users/runner/hostedtoolcache/Python/3.12.10/x64
2026-10-07T11:06:25.2418060Z   Python3_ROOT_DIR: /Users/runner/hostedtoolcache/Python/3.12.10/x64
2026-10-07T11:06:25.2419020Z ##[endgroup]
2026-10-07T11:06:25.5257790Z [1m[92m   Compiling[0m serde_core v1.0.229
2026-10-07T11:06:25.5810710Z [1m[92m   Compiling[0m proc-macro2 v1.0.107
2026-10-07T11:06:25.6818100Z [1m[92m   Compiling[0m unicode-ident v1.0.26
2026-10-07T11:06:25.7976070Z [1m[92m   Compiling[0m quote v1.0.47
2026-10-07T11:06:25.8986190Z [1m[92m   Compiling[0m shlex v2.0.1
2026-10-07T11:06:26.0781670Z [1m[92m   Compiling[0m find-msvc-tools v0.1.14
2026-10-07T11:06:26.6854330Z [1m[92m   Compiling[0m cc v1.5.1
2026-10-07T11:06:26.9860740Z [1m[92m   Compiling[0m vcpkg v0.2.15
2026-10-07T11:06:28.0160700Z [1m[92m   Compiling[0m pkg-config v0.3.34
2026-10-07T11:06:28.6090780Z [1m[92m   Compiling[0m zmij v1.0.23
2026-10-07T11:06:29.0520860Z [1m[92m   Compiling[0m foldhash v0.2.0
2026-10-07T11:06:29.1151080Z [1m[92m   Compiling[0m syn v3.0.6
2026-10-07T11:06:29.2819630Z [1m[92m   Compiling[0m hashbrown v0.17.1
2026-10-07T11:06:30.2285840Z [1m[92m   Compiling[0m libsqlite3-sys v0.38.2
2026-10-07T11:06:31.3250580Z [1m[92m   Compiling[0m winnow v1.0.4
2026-10-07T11:06:32.2139510Z [1m[92m   Compiling[0m serde v1.0.229
2026-10-07T11:06:32.6628630Z [1m[92m   Compiling[0m serde_json v1.0.151
2026-10-07T11:06:33.0488000Z [1m[92m   Compiling[0m toml_parser v1.1.3+spec-1.1.0
2026-10-07T11:06:33.3426600Z [1m[92m   Compiling[0m toml_datetime v1.1.1+spec-1.1.0
2026-10-07T11:06:33.9663900Z [1m[92m   Compiling[0m serde_spanned v1.1.1
2026-10-07T11:06:34.1712190Z [1m[92m   Compiling[0m hashlink v0.12.2
2026-10-07T11:06:34.9445680Z [1m[92m   Compiling[0m toml_writer v1.1.2+spec-1.1.0
2026-10-07T11:06:35.3778300Z [1m[92m   Compiling[0m smallvec v1.16.2
2026-10-07T11:06:35.5254990Z [1m[92m   Compiling[0m fallible-streaming-iterator v0.1.9
2026-10-07T11:06:35.7654640Z [1m[92m   Compiling[0m memchr v2.8.3
2026-10-07T11:06:35.8568410Z [1m[92m   Compiling[0m fallible-iterator v0.3.0
2026-10-07T11:06:35.8880130Z [1m[92m   Compiling[0m serde_derive v1.0.229
2026-10-07T11:06:36.5969240Z [1m[92m   Compiling[0m itoa v1.0.18
2026-10-07T11:06:36.9405530Z [1m[92m   Compiling[0m bitflags v2.13.2
2026-10-07T11:06:37.3517500Z [1m[92m   Compiling[0m toml v1.1.6+spec-1.1.0
2026-10-07T11:06:38.5363430Z [1m[92m   Compiling[0m rusqlite v0.40.2
2026-10-07T11:06:42.0198810Z [1m[92m   Compiling[0m nagic v0.1.11 (/Users/runner/work/Nagi/Nagi/compiler)
2026-10-07T11:07:19.8591090Z [1m[92m    Finished[0m `test` profile [unoptimized + debuginfo] target(s) in 54.51s
2026-10-07T11:07:19.8701920Z [1m[92m     Running[0m unittests src/lib.rs (target/debug/deps/nagic-ce5cc5bb32c5b354)
2026-10-07T11:07:19.8791910Z 
2026-10-07T11:07:19.8796320Z running 122 tests
2026-10-07T11:07:19.8810920Z test capabilities::tests::charge_recursive_lists_have_known_storage_but_require_a_walk ... ok
2026-10-07T11:07:19.8858780Z test capabilities::tests::charge_inline_capability_accounts_for_every_enum_variant ... ok
2026-10-07T11:07:19.8882550Z test capabilities::tests::charge_rejects_excluded_storage_with_a_nested_field_path ... ok
2026-10-07T11:07:19.9575190Z test capabilities::tests::indirect_cycles_remain_serializable_only_with_serializable_fields ... ok
2026-10-07T11:07:19.9813600Z test capabilities::tests::private_causes_prevent_serialization_through_nested_records ... ok
2026-10-07T11:07:19.9829220Z test capabilities::tests::native_debug_does_not_require_generic_payload_debug ... ok
2026-10-07T11:07:19.9837910Z test capabilities::tests::native_payload_roles_are_purpose_specific ... ok
2026-10-07T11:07:19.9860570Z test check::checked::tests::final_diagnostic_transports_kind_without_changing_user_messages ... ok
2026-10-07T11:07:19.9865880Z test check::checked::tests::final_factory_checks_and_seals_owned_input ... ok
2026-10-07T11:07:19.9874410Z test check::checked::tests::final_factory_rejects_invalid_input ... ok
2026-10-07T11:07:19.9878830Z test check::checked::tests::missing_binding_and_pattern_types_are_rejected_without_rechecking ... ok
2026-10-07T11:07:19.9882930Z test capabilities::tests::serde_charge_and_owned_fields_are_distinct_capabilities ... ok
2026-10-07T11:07:19.9887540Z test check::checked::tests::missing_declaration_type_is_rejected_without_rechecking ... ok
2026-10-07T11:07:19.9893200Z test check::checked::tests::missing_name_resolution_is_rejected_without_rechecking ... ok
2026-10-07T11:07:19.9898100Z test check::checked::tests::sealed_missing_expression_plan_fails_closed ... ok
2026-10-07T11:07:19.9903610Z test check::checked::tests::facts_and_emission_are_deterministic_and_read_only ... ok
2026-10-07T11:07:19.9908340Z test check::checked::tests::sealed_missing_operand_role_fails_closed ... ok
2026-10-07T11:07:19.9923290Z test check::checked::tests::sealed_missing_rust_type_plan_fails_closed ... ok
2026-10-07T11:07:20.0059700Z test check::checked::tests::sealing_rejects_missing_expression_types ... ok
2026-10-07T11:07:20.0067700Z test check::checked::tests::symbolic_enum_owner_is_not_an_untyped_payload ... ok
2026-10-07T11:07:20.0073470Z test check::checked::tests::unknown_origin_is_not_user_blame ... ok
2026-10-07T11:07:20.0080000Z test check::checked::tests::sealed_missing_required_flow_or_slots_fails_closed ... ok
2026-10-07T11:07:20.0090150Z test check::flow_metadata_tests::checked_operand_roles_reach_codegen_and_missing_roles_fail ... ok
2026-10-07T11:07:20.0098490Z test check::flow_metadata_tests::content_mutation_events_survive_rhs_replacement_and_stay_in_their_statement ... ok
2026-10-07T11:07:20.0106030Z test check::checked::tests::generated_saved_native_replacement_and_synthetic_origins_are_distinct ... ok
2026-10-07T11:07:20.0111930Z test check::checked::tests::task_sealing_rejects_missing_or_mismatched_scope_and_use_facts ... ok
2026-10-07T11:07:20.0118910Z test check::flow_metadata_tests::loop_regions_preserve_candidate_reads_and_assignments ... ok
2026-10-07T11:07:20.0126590Z test check::flow_metadata_tests::flow_snapshots_only_keep_return_dependency_bindings ... ok
2026-10-07T11:07:20.0142540Z test check::flow_metadata_tests::flow_facts_recompute_for_high_saved_low_and_self_consumption ... ok
2026-10-07T11:07:20.0155400Z test modules::metadata_tests::intrinsic_transport_rejects_forged_namespace_collisions_and_unknown_heads ... ok
2026-10-07T11:07:20.0158000Z test modules::metadata_tests::intrinsic_type_transport_is_structural_and_avoids_real_bindings ... ok
2026-10-07T11:07:20.0160040Z test check::flow_metadata_tests::flow_collection_is_gated_to_view_return_dependencies ... ok
2026-10-07T11:07:20.0163820Z test modules::metadata_tests::low_metadata_rejects_unknown_topology_and_span_fields ... ok
2026-10-07T11:07:20.0166360Z test modules::metadata_tests::malformed_internal_looking_names_keep_their_original_display ... ok
2026-10-07T11:07:20.0169000Z test modules::metadata_tests::metadata_cannot_rebind_a_definition_to_a_builtin_or_unrelated_id ... ok
2026-10-07T11:07:20.0172040Z test modules::metadata_tests::metadata_rejects_relative_noncanonical_and_traversing_ids ... ok
2026-10-07T11:07:20.0174870Z test modules::metadata_tests::low_identity_is_portable_between_unix_drive_and_unc_paths ... ok
2026-10-07T11:07:20.0177910Z test check::flow_metadata_tests::semantic_value_edges_keep_mutation_inputs_without_scalar_overselection ... ok
2026-10-07T11:07:20.0181300Z test sql_check::collect::tests::checked_high_and_saved_low_preserve_supported_operations_and_source_fields ... ok
2026-10-07T11:07:20.0184330Z test sql_check::collect::tests::conditional_loop_and_match_bodies_are_collected_once ... ok
2026-10-07T11:07:20.0187300Z test sql_check::collect::tests::dynamic_sql_and_exec_scripts_remain_visible_as_excluded_sites ... ok
2026-10-07T11:07:20.0190410Z test sql_check::collect::tests::integrated_native_replacements_only_collect_the_final_function_body ... ok
2026-10-07T11:07:20.0193750Z test sql_check::collect::tests::nested_value_expressions_returns_and_scope_spawn_keep_each_actual_call ... ok
2026-10-07T11:07:20.0197160Z test sql_check::collect::tests::aliased_row_classes_use_canonical_identity_and_original_field_names ... ok
2026-10-07T11:07:20.0200450Z test sql_check::collect::tests::same_named_user_function_and_local_function_value_are_not_sql_calls ... ok
2026-10-07T11:07:20.0203030Z test sql_check::engine::tests::columns_aliases_and_sqlite_parameter_numbering ... ok
2026-10-07T11:07:20.0205740Z test sql_check::engine::tests::every_default_expression_uses_the_function_allowlist_even_when_unused ... ok
2026-10-07T11:07:20.0208800Z test sql_check::engine::tests::external_files_and_extension_paths_are_never_opened_or_modified ... ok
2026-10-07T11:07:20.0211850Z test sql_check::collect::tests::collection_rejects_excessive_sites_at_the_first_over_limit_call ... ok
2026-10-07T11:07:20.0214680Z test sql_check::engine::tests::ordinary_tables_indexes_views_and_pure_functions_are_supported ... ok
2026-10-07T11:07:20.0218630Z test sql_check::collect::tests::repeated_row_metadata_is_bounded_before_building_the_worker_request ... ok
2026-10-07T11:07:20.0220840Z test sql_check::engine::tests::prepare_only_dml_does_not_write_application_rows ... ok
2026-10-07T11:07:20.0222890Z test sql_check::engine::tests::rejects_operation_shape_mismatches ... ok
2026-10-07T11:07:20.0224750Z test sql_check::engine::tests::prepare_authorizer_also_rejects_unsafe_view_functions ... ok
2026-10-07T11:07:20.0227360Z test sql_check::engine::tests::schema_is_ddl_snapshot_not_migration_or_arbitrary_sql ... ok
2026-10-07T11:07:20.0229880Z test sql_check::tests::bounded_input_does_not_accept_a_truncated_prefix ... ok
2026-10-07T11:07:20.0407860Z test sql_check::engine::tests::sqlite_identifier_defaults_remain_literals_without_hiding_function_terms ... ok
2026-10-07T11:07:20.1317530Z test sql_check::tests::deadline_kills_and_reaps_a_worker_with_blocked_input ... ok
2026-10-07T11:07:20.1561160Z test sql_check::tests::terminating_a_worker_returns_its_reaped_exit_status ... ok
2026-10-07T11:07:20.2578880Z test sql_check::tests::worker_fixture ... ok
2026-10-07T11:07:20.3296860Z test stdlib::resource_contract_tests::descriptor_rejects_arity_parameter_mismatch - should panic ... ok
2026-10-07T11:07:20.3375250Z test stdlib::resource_contract_tests::descriptor_rejects_duplicate_in_one_role - should panic ... ok
2026-10-07T11:07:20.4376780Z test stdlib::resource_contract_tests::descriptor_rejects_missing_role - should panic ... ok
2026-10-07T11:07:20.4380580Z test stdlib::resource_contract_tests::descriptor_rejects_out_of_range_role - should panic ... ok
2026-10-07T11:07:20.4383370Z test stdlib::resource_contract_tests::descriptor_rejects_overlapping_roles - should panic ... ok
2026-10-07T11:07:20.4386270Z test stdlib::resource_contract_tests::descriptor_rejects_roles_on_zero_arity - should panic ... ok
2026-10-07T11:07:20.4389120Z test stdlib::resource_contract_tests::legacy_views_borrow_the_registered_descriptor ... ok
2026-10-07T11:07:20.4392150Z test stdlib::resource_contract_tests::registered_roles_match_the_independent_position_oracle ... ok
2026-10-07T11:07:20.4394150Z test tests::await_only_async ... ok
2026-10-07T11:07:20.4395260Z test tests::bad_string ... ok
2026-10-07T11:07:20.4396430Z test tests::class_field_check ... ok
2026-10-07T11:07:20.4397540Z test tests::class_move ... ok
2026-10-07T11:07:20.4398650Z test tests::console_io_roundtrip ... ok
2026-10-07T11:07:20.4400650Z test tests::copy_value_class ... ok
2026-10-07T11:07:20.4401980Z test tests::cost_not_dynamic_count ... ok
2026-10-07T11:07:20.4404260Z test tests::duplicate_class_fields ... ok
2026-10-07T11:07:20.4405610Z test tests::empty_list_inference ... ok
2026-10-07T11:07:20.4406670Z test tests::error_propagation ... ok
2026-10-07T11:07:20.4407990Z test tests::explicit_copy ... ok
2026-10-07T11:07:20.4409230Z test tests::floating_literals_accept_f32_boundary_and_roundtrip ... ok
2026-10-07T11:07:20.4411080Z test tests::floating_literals_keep_f64_range_and_default_inference ... ok
2026-10-07T11:07:20.4413240Z test tests::floating_literals_reject_f32_overflow_in_high_and_low ... ok
2026-10-07T11:07:20.4414800Z test tests::forgotten_await ... ok
2026-10-07T11:07:20.4415990Z test tests::hello ... ok
2026-10-07T11:07:20.4417300Z test tests::html_route_is_not_encoded_as_json ... ok
2026-10-07T11:07:20.4418590Z test tests::invalid_indent ... ok
2026-10-07T11:07:20.4419590Z test tests::low_standalone ... ok
2026-10-07T11:07:20.4420750Z test tests::mismatched_type ... ok
2026-10-07T11:07:20.4421960Z test tests::missing_return ... ok
2026-10-07T11:07:20.4423000Z test tests::native_numeric ... ok
2026-10-07T11:07:20.4424140Z test tests::nested_view_in_class_rejected ... ok
2026-10-07T11:07:20.4425260Z test tests::no_implicit_conversion ... ok
2026-10-07T11:07:20.4426300Z test tests::nullable ... ok
2026-10-07T11:07:20.4427180Z test tests::number_overflow ... ok
2026-10-07T11:07:20.4428510Z test tests::owned_parameter_cannot_return_view ... ok
2026-10-07T11:07:20.4822730Z test tests::precedence ... ok
2026-10-07T11:07:20.5195450Z test tests::recursive_value ... ok
2026-10-07T11:07:20.5924890Z test tests::replace_bad_signature ... ok
2026-10-07T11:07:20.6261260Z test tests::replace_exact_signature ... ok
2026-10-07T11:07:20.6849590Z test sql_check::engine::tests::finite_limits_reject_large_and_deep_inputs ... ok
2026-10-07T11:07:20.6930710Z test tests::resource_contract_goldens::data_derives_golden ... ok
2026-10-07T11:07:20.7020610Z test sql_check::tests::encoded_metadata_is_bounded_including_json_escaping ... ok
2026-10-07T11:07:20.8272880Z test tests::resource_contract_goldens::actor_data_golden ... ok
2026-10-07T11:07:20.8277310Z test tests::result_must_handle ... ok
2026-10-07T11:07:20.8282480Z test tests::roundtrip_low ... ok
2026-10-07T11:07:20.8288150Z test tests::rust_extern_interface_and_low_roundtrip ... ok
2026-10-07T11:07:20.8293730Z test tests::scope_spawn ... ok
2026-10-07T11:07:20.8298720Z test tests::signed_minimum_literals_are_in_range_in_high_and_low ... ok
2026-10-07T11:07:21.1608760Z test tests::signed_minimum_literals_compile_and_run_after_lowering ... ok
2026-10-07T11:07:21.1648390Z test tests::string_move ... ok
2026-10-07T11:07:21.1650820Z test tests::tabs_rejected ... ok
2026-10-07T11:07:21.1652860Z test tests::unknown_class ... ok
2026-10-07T11:07:21.1654790Z test tests::unknown_name ... ok
2026-10-07T11:07:21.1656900Z test tests::unscoped_spawn ... ok
2026-10-07T11:07:21.1658830Z test tests::view_cannot_spawn ... ok
2026-10-07T11:07:21.1660720Z test tests::view_escape ... ok
2026-10-07T11:07:21.1662620Z test tests::view_prevents_move ... ok
2026-10-07T11:07:21.1664660Z test tests::view_prevents_mutation ... ok
2026-10-07T11:07:21.1666820Z test tests::view_return_parameter ... ok
2026-10-07T11:07:21.2868560Z test tests::resource_contract_goldens::http_borrow_and_mappers_golden ... ok
2026-10-07T11:07:21.3515010Z test tests::resource_contract_goldens::http_inspection_golden ... ok
2026-10-07T11:07:24.7165610Z test check::flow_metadata_tests::return_alias_dependencies_keep_straight_line_snapshots_sparse ... ok
2026-10-07T11:07:24.7167520Z 
2026-10-07T11:07:24.7169360Z test result: ok. 122 passed; 0 failed; 0 ignored; 0 measured; 0 filtered out; finished in 4.83s
2026-10-07T11:07:24.7170970Z 
2026-10-07T11:07:24.7193240Z [1m[92m     Running[0m tests/actor_codegen.rs (target/debug/deps/actor_codegen-56c609d3e3859822)
2026-10-07T11:07:24.7261770Z 
2026-10-07T11:07:24.7263100Z running 2 tests
2026-10-07T11:07:25.5430810Z test actor_charge_generation_survives_low_without_clones_reflection_or_serde_requirements ... ok
2026-10-07T11:08:24.8085000Z test generated_nominal_charges_execute_against_native_capacity_and_walk_limits has been running for over 60 seconds
2026-10-07T11:09:14.4551360Z test generated_nominal_charges_execute_against_native_capacity_and_walk_limits ... ok
2026-10-07T11:09:14.4563190Z [1m[92m     Running[0m tests/actor_stdlib.rs (target/debug/deps/actor_stdlib-fc5ae4a6adf08626)
2026-10-07T11:09:14.4564400Z 
2026-10-07T11:09:14.4567820Z test result: ok. 2 passed; 0 failed; 0 ignored; 0 measured; 0 filtered out; finished in 109.67s
2026-10-07T11:09:14.4578140Z 
2026-10-07T11:09:14.4643480Z 
2026-10-07T11:09:14.4656910Z running 12 tests
2026-10-07T11:09:17.8573460Z test lifecycle_text_views_follow_their_native_owner_and_cannot_serialize ... ok
2026-10-07T11:09:19.3656770Z test actor_and_http_aliases_keep_distinct_registry_identity_without_fake_classes ... ok
2026-10-07T11:09:21.2346660Z test callback_shapes_and_custom_error_identity_are_checked_before_native_build ... ok
2026-10-07T11:09:23.3354040Z test named_task_factory_aliases_require_shared_context_async_unit_and_builtin_error ... ok
2026-10-07T11:09:31.6541230Z test explicit_task_readiness_and_typed_event_deadlines_execute_from_high_and_low ... ok
2026-10-07T11:09:36.1849910Z test readiness_factory_and_wait_error_contracts_are_checked_before_native_build ... ok
2026-10-07T11:09:36.6950400Z test saved_low_cannot_invent_actor_types_capabilities_or_standard_implementations ... ok
2026-10-07T11:09:37.8445990Z test spawning_borrowing_native_futures_requires_an_owned_named_wrapper ... ok
2026-10-07T11:09:40.1410320Z test turn_inline_layout_generics_and_left_to_right_moves_are_not_erased ... ok
2026-10-07T11:09:42.0349700Z test messages_replies_and_business_errors_reject_unaccounted_nested_payloads ... ok
2026-10-07T11:09:45.4794700Z test owned_custom_class_replies_and_errors_execute_without_clone_or_serde_bounds ... ok
2026-10-07T11:09:59.0313850Z test pending_owned_state_business_failure_and_restart_execute_from_high_and_low ... ok
2026-10-07T11:09:59.0317880Z 
2026-10-07T11:09:59.0322910Z [1m[92m     Running[0m tests/borrow_free_returns.rs (target/debug/deps/borrow_free_returns-6b73db1784c352fa)
2026-10-07T11:09:59.0325040Z test result: ok. 12 passed; 0 failed; 0 ignored; 0 measured; 0 filtered out; finished in 44.54s
2026-10-07T11:09:59.0326250Z 
2026-10-07T11:09:59.0409510Z 
2026-10-07T11:09:59.0459400Z running 5 tests
2026-10-07T11:09:59.0593180Z test adding_local_views_to_absent_values_still_rejects_escape ... ok
2026-10-07T11:09:59.0594740Z test unknown_native_origins_do_not_gain_an_absence_proof ... ok
2026-10-07T11:09:59.0684190Z test clearing_values_does_not_erase_rust_lifetime_constraints ... ok
2026-10-07T11:09:59.6907120Z test direct_absent_returns_remain_legal_after_local_borrows ... ok
2026-10-07T11:10:00.7940330Z test absent_views_in_nullable_empty_lists_and_failures_can_be_returned ... ok
2026-10-07T11:10:00.7941610Z 
2026-10-07T11:10:00.7942540Z test result: ok. 5 passed; 0 failed; 0 ignored; 0 measured; 0 filtered out; finished in 1.75s
2026-10-07T11:10:00.7943390Z 
2026-10-07T11:10:00.7945270Z [1m[92m     Running[0m tests/build_diagnostics.rs (target/debug/deps/build_diagnostics-4c80c5a9e9ab5a42)
2026-10-07T11:10:00.8016750Z 
2026-10-07T11:10:00.8022860Z running 30 tests
2026-10-07T11:10:00.8201480Z test child_notes_cannot_relabel_an_unmapped_primary_or_dependency ... ok
2026-10-07T11:10:00.8226570Z test child_notes_keep_module_locations_and_readable_definition_names ... ok
2026-10-07T11:10:00.8234560Z test dependency_synthetic_and_incomplete_diagnostics_fall_back_without_guessing ... ok
2026-10-07T11:10:00.8345900Z test existing_path_aliases_match_only_the_generated_file ... ok
2026-10-07T11:10:02.1533580Z test finite_f32_extremes_compile_and_run_after_lowering ... ok
2026-10-07T11:10:02.1951850Z test a_successful_run_stays_quiet_and_passes_through_program_output ... ok
2026-10-07T11:10:02.6941050Z test high_build_points_to_nagi_and_keeps_rust_notes_and_failure_status ... ok
2026-10-07T11:10:02.7471980Z test cli_maps_adapter_mismatch_without_repeating_generated_rust_by_default ... ok
2026-10-07T11:10:03.2667760Z test imported_high_uses_the_dependency_path_and_local_line ... ok
2026-10-07T11:10:03.3325330Z test imported_low_uses_its_own_file_instead_of_the_entry_file ... ok
2026-10-07T11:10:03.4242310Z test invalid_operators_in_imports_report_nagi_lines_before_rust_or_cargo ... ok
2026-10-07T11:10:03.4855070Z test iterator_mutation_fails_in_check_and_build_before_backend_generation ... ok
2026-10-07T11:10:03.5034620Z test lowering_restores_nested_statement_expression_arm_and_field_lines ... ok
2026-10-07T11:10:03.7560730Z test invalid_entrypoints_are_rejected_before_cargo_with_source_locations ... ok
2026-10-07T11:10:03.7778060Z test native_signature_errors_also_keep_the_native_low_location ... ok
2026-10-07T11:10:03.8359340Z test overflowing_f32_is_rejected_at_the_source_before_backend_build ... ok
2026-10-07T11:10:03.9106250Z test repeated_moves_fail_in_check_and_build_before_invoking_rust ... ok
2026-10-07T11:10:03.9934300Z test repeated_moves_keep_imported_and_replacement_source_locations ... ok
2026-10-07T11:10:04.0580920Z test native_rust_errors_are_not_relabelled_as_nagi ... ok
2026-10-07T11:10:04.2751740Z test extern_argument_and_sync_async_mismatches_fail_at_the_declaration_in_high_and_low ... ok
2026-10-07T11:10:04.6223440Z test replacement_adapter_errors_point_to_the_handwritten_low_file ... ok
2026-10-07T11:10:05.5639940Z test safe_reinitialization_and_return_paths_check_build_and_run ... ok
2026-10-07T11:10:06.2085540Z test standalone_low_uses_the_original_low_lines ... ok
2026-10-07T11:10:06.4958160Z test try_result_reuse_reports_source_lines_before_invoking_cargo ... ok
2026-10-07T11:10:06.5094300Z test unix_backslashes_do_not_turn_a_dependency_path_into_the_generated_file ... ok
2026-10-07T11:10:06.6696640Z test unsupported_class_fields_and_async_reassignments_fail_before_backend_generation ... ok
2026-10-07T11:10:06.6700730Z test windows_paths_and_canonical_prefixes_match_only_the_generated_target ... ok
2026-10-07T11:10:07.4624510Z test run_preserves_json_stdout_with_and_without_a_cost_report_in_high_and_saved_low ... ok
2026-10-07T11:10:07.9617660Z test imported_async_ffi_send_failure_maps_the_cause_note_in_high_and_saved_low ... ok
2026-10-07T11:10:14.2339940Z test source_names_with_spaces_and_dots_build_and_run ... ok
2026-10-07T11:10:14.2341050Z 
2026-10-07T11:10:14.2342380Z test result: ok. 30 passed; 0 failed; 0 ignored; 0 measured; 0 filtered out; finished in 13.43s
2026-10-07T11:10:14.2343860Z 
2026-10-07T11:10:14.2351050Z [1m[92m     Running[0m tests/class_field_types.rs (target/debug/deps/class_field_types-5ba6d203bc125383)
2026-10-07T11:10:14.2423780Z 
2026-10-07T11:10:14.2437410Z running 5 tests
2026-10-07T11:10:14.2550760Z test map_keys_with_missing_equality_or_hashing_fail_before_derivation ... ok
2026-10-07T11:10:14.2554590Z test nested_data_fields_and_bridge_defined_key_traits_remain_available ... ok
2026-10-07T11:10:14.2595190Z test unsupported_resource_and_function_fields_fail_at_the_field_line ... ok
2026-10-07T11:10:14.2696900Z test owned_database_fields_are_private_state_and_keep_high_low_emission_valid ... ok
2026-10-07T11:10:16.5270950Z test native_database_debug_hides_connection_details_inside_shared_state ... ok
2026-10-07T11:10:16.5274040Z 
2026-10-07T11:10:16.5276100Z [1m[92m     Running[0m tests/cli.rs (target/debug/deps/cli-84b797bbada39d0b)
2026-10-07T11:10:16.5279180Z test result: ok. 5 passed; 0 failed; 0 ignored; 0 measured; 0 filtered out; finished in 2.28s
2026-10-07T11:10:16.5280900Z 
2026-10-07T11:10:16.5363270Z 
2026-10-07T11:10:16.5370460Z running 7 tests
2026-10-07T11:10:16.5811500Z test an_unusable_cargo_is_not_reported_as_a_missing_rust_installation ... ok
2026-10-07T11:10:16.6051880Z test check_needs_no_cargo_and_build_reports_the_missing_tool ... ok
2026-10-07T11:10:16.6065310Z test check_and_lower_put_status_on_stderr_and_keep_cost_report_machine_readable ... ok
2026-10-07T11:10:16.6134740Z test version_rejects_unexpected_arguments ... ok
2026-10-07T11:10:16.6276790Z test version_works_without_project_runtime_or_build_tools ... ok
2026-10-07T11:10:16.6367220Z test help_works_without_source_or_valid_project ... ok
2026-10-07T11:10:16.8307590Z test cargo_failure_preserves_the_cause_without_blaming_the_nagi_program ... ok
2026-10-07T11:10:16.8308590Z 
2026-10-07T11:10:16.8310300Z test result: ok. 7 passed; 0 failed; 0 ignored; 0 measured; 0 filtered out; finished in 0.29s
2026-10-07T11:10:16.8312400Z [1m[92m     Running[0m tests/codegen.rs (target/debug/deps/codegen-949a51a8cb4d74c4)
2026-10-07T11:10:16.8313170Z 
2026-10-07T11:10:16.8379360Z 
2026-10-07T11:10:16.8415070Z running 16 tests
2026-10-07T11:10:16.8420940Z test a_record_named_fn_does_not_become_a_copy_function_value ... ok
2026-10-07T11:10:17.2981980Z test builtin_option_and_result_constructors_do_not_call_user_functions ... ok
2026-10-07T11:10:17.3406050Z test async_function_values_keep_their_future_return_type ... ok
2026-10-07T11:10:17.3800860Z test explicit_local_async_function_annotations_compile_and_run ... ok
2026-10-07T11:10:17.4121900Z test for_bindings_can_be_reassigned_without_changing_the_iterator_or_outer_binding ... ok
2026-10-07T11:10:17.7663460Z test local_function_values_shadow_builtins_and_functions ... ok
2026-10-07T11:10:17.7712730Z test function_values_preserve_the_shared_view_lifetime ... ok
2026-10-07T11:10:17.9725990Z test nested_views_compile_and_copy_strings_bytes_and_lists ... ok
2026-10-07T11:10:18.2886960Z test numeric_negation_and_nested_view_comparisons_compile_and_run ... ok
2026-10-07T11:10:18.3060340Z test output_compiles_for_numbers_booleans_and_borrowed_strings ... ok
2026-10-07T11:10:18.3192920Z test reassignment_of_the_same_async_function_through_aliases_compiles_and_runs ... ok
2026-10-07T11:10:18.5490070Z test result_match_compiles_and_runs_owned_and_borrowed_payloads ... ok
2026-10-07T11:10:18.8432750Z test returning_a_function_value_does_not_borrow_local_data ... ok
2026-10-07T11:10:18.8622860Z test rust_keywords_and_generated_helper_names_remain_valid_nagi_names ... ok
2026-10-07T11:10:19.0715700Z test user_functions_with_builtin_names_keep_their_call_targets ... ok
2026-10-07T11:10:19.7885590Z test user_and_local_functions_named_serve_compile_without_http_runtime ... ok
2026-10-07T11:10:19.7886830Z 
2026-10-07T11:10:19.7889490Z test result: ok. 16 passed; 0 failed; 0 ignored; 0 measured; 0 filtered out; finished in 2.95s
2026-10-07T11:10:19.7894090Z [1m[92m     Running[0m tests/comparison_ownership.rs (target/debug/deps/comparison_ownership-d5e86e522390b84a)
2026-10-07T11:10:19.7895720Z 
2026-10-07T11:10:19.7960260Z 
2026-10-07T11:10:19.8083590Z running 4 tests
2026-10-07T11:10:19.8087190Z test comparisons_hold_the_left_operand_through_right_operand_evaluation ... ok
2026-10-07T11:10:19.8244110Z test copy_aggregate_comparisons_borrow_fields_and_indexed_containers ... ok
2026-10-07T11:10:19.8933110Z test native_resource_comparisons_do_not_allow_moving_the_borrowed_request ... ok
2026-10-07T11:10:20.1499190Z test completed_copy_operands_disjoint_fields_and_temporary_views_remain_valid ... ok
2026-10-07T11:10:20.1500150Z 
2026-10-07T11:10:20.1501130Z test result: ok. 4 passed; 0 failed; 0 ignored; 0 measured; 0 filtered out; finished in 0.35s
2026-10-07T11:10:20.1502030Z 
2026-10-07T11:10:20.1505030Z [1m[92m     Running[0m tests/enum_emission.rs (target/debug/deps/enum_emission-5469a46452820b9b)
2026-10-07T11:10:20.1575320Z 
2026-10-07T11:10:20.1657200Z running 5 tests
2026-10-07T11:10:20.1661610Z test data_records_keep_serde_while_enum_fields_remain_private ... ok
2026-10-07T11:10:20.6277200Z test module_enum_aliases_preserve_identity_and_escape_variant_fields ... ok
2026-10-07T11:10:20.6388230Z test custom_main_errors_need_only_debug_and_copy_enums_reuse_values ... ok
2026-10-07T11:10:20.6393820Z test error_cause_records_move_payloads_without_serde_or_clone_requirements ... ok
2026-10-07T11:10:20.7649940Z test native_enum_constructors_patterns_and_result_propagation_roundtrip ... ok
2026-10-07T11:10:20.7650890Z 
2026-10-07T11:10:20.7652270Z test result: ok. 5 passed; 0 failed; 0 ignored; 0 measured; 0 filtered out; finished in 0.61s
2026-10-07T11:10:20.7653600Z 
2026-10-07T11:10:20.7655420Z [1m[92m     Running[0m tests/enum_modules.rs (target/debug/deps/enum_modules-49ed2ec08bac102f)
2026-10-07T11:10:20.7721140Z 
2026-10-07T11:10:20.7727050Z running 9 tests
2026-10-07T11:10:20.7933140Z test builtin_spelled_enum_aliases_keep_intrinsic_types_distinct_in_generated_low ... ok
2026-10-07T11:10:20.8485830Z test enum_payload_types_use_the_definition_file_scope_and_survive_low ... ok
2026-10-07T11:10:20.8962260Z test different_files_have_distinct_enum_types_even_with_equal_names_and_variants ... ok
2026-10-07T11:10:20.9007340Z test enum_aliases_and_guessed_canonical_symbols_do_not_escape_module_scopes ... ok
2026-10-07T11:10:20.9011360Z test local_values_shadow_enum_value_syntax_but_named_constructor_uses_type_scope ... ok
2026-10-07T11:10:20.9015860Z test namespace_from_and_flat_imports_share_enum_identity_in_constructors_and_patterns ... ok
2026-10-07T11:10:20.9020080Z test native_fragments_reuse_high_enum_aliases_and_export_their_own_enum_identity ... ok
2026-10-07T11:10:21.5102400Z test saved_low_enum_variants_navigate_to_the_opened_file ... ok
2026-10-07T11:10:22.2172450Z test enum_symbols_keep_variant_targets_alias_signatures_and_payload_binding_types ... ok
2026-10-07T11:10:22.2173940Z 
2026-10-07T11:10:22.2175800Z test result: ok. 9 passed; 0 failed; 0 ignored; 0 measured; 0 filtered out; finished in 1.44s
2026-10-07T11:10:22.2177220Z 
2026-10-07T11:10:22.2180470Z [1m[92m     Running[0m tests/enum_parser.rs (target/debug/deps/enum_parser-62c82a3d913b233d)
2026-10-07T11:10:22.2248300Z 
2026-10-07T11:10:22.2256100Z running 8 tests
2026-10-07T11:10:22.2257620Z test contextual_enum_word_remains_an_identifier_inside_declarations_and_calls ... ok
2026-10-07T11:10:22.2264870Z test enum_constructors_keep_the_existing_expression_forms ... ok
2026-10-07T11:10:22.2272790Z test enum_patterns_keep_qualified_names_and_each_payload_binding_span ... ok
2026-10-07T11:10:22.2274770Z test enum_payload_types_use_the_existing_nesting_limit ... ok
2026-10-07T11:10:22.2277020Z test enums_keep_variant_names_fields_types_and_source_locations ... ok
2026-10-07T11:10:22.2278620Z test invalid_enum_declarations_return_parse_errors ... ok
2026-10-07T11:10:22.2279860Z test result_patterns_preserve_ok_err_and_discard_bindings ... ok
2026-10-07T11:10:22.2281250Z test patterns_reject_wildcards_nested_matches_and_unnamed_variants ... ok
2026-10-07T11:10:22.2281990Z 
2026-10-07T11:10:22.2283020Z test result: ok. 8 passed; 0 failed; 0 ignored; 0 measured; 0 filtered out; finished in 0.00s
2026-10-07T11:10:22.2283880Z 
2026-10-07T11:10:22.2285360Z [1m[92m     Running[0m tests/enum_patterns.rs (target/debug/deps/enum_patterns-b15543a342c9be3f)
2026-10-07T11:10:22.2348360Z 
2026-10-07T11:10:22.2350080Z running 1 test
2026-10-07T11:10:22.5494450Z test mutable_enum_patterns_preserve_names_and_compile_without_shorthand_warnings ... ok
2026-10-07T11:10:22.5495770Z 
2026-10-07T11:10:22.5497220Z test result: ok. 1 passed; 0 failed; 0 ignored; 0 measured; 0 filtered out; finished in 0.31s
2026-10-07T11:10:22.5498510Z 
2026-10-07T11:10:22.5501070Z [1m[92m     Running[0m tests/error_routes.rs (target/debug/deps/error_routes-c1828ce13d476448)
2026-10-07T11:10:22.5568340Z 
2026-10-07T11:10:22.5569470Z running 2 tests
2026-10-07T11:10:22.5667740Z test existing_data_and_html_http_routes_keep_their_representations ... ok
2026-10-07T11:10:22.5717070Z test private_error_data_is_rejected_at_http_json_boundaries_in_high_and_low ... ok
2026-10-07T11:10:22.5718140Z 
2026-10-07T11:10:22.5719710Z test result: ok. 2 passed; 0 failed; 0 ignored; 0 measured; 0 filtered out; finished in 0.01s
2026-10-07T11:10:22.5720950Z 
2026-10-07T11:10:22.5723550Z [1m[92m     Running[0m tests/expression_contracts.rs (target/debug/deps/expression_contracts-8039cd439560a6ce)
2026-10-07T11:10:22.5795900Z 
2026-10-07T11:10:22.5797510Z running 2 tests
2026-10-07T11:10:22.8970880Z test inferred_i64_literals_keep_their_type_without_a_rust_type_context ... ok
2026-10-07T11:10:22.8982850Z test literal_suffixes_preserve_contextual_numeric_types_and_negative_boundaries ... ok
2026-10-07T11:10:22.8984540Z 
2026-10-07T11:10:22.8986050Z test result: ok. 2 passed; 0 failed; 0 ignored; 0 measured; 0 filtered out; finished in 0.32s
2026-10-07T11:10:22.8987850Z 
2026-10-07T11:10:22.8990070Z [1m[92m     Running[0m tests/frontend_contracts.rs (target/debug/deps/frontend_contracts-4df0672f30ad599f)
2026-10-07T11:10:22.9064800Z 
2026-10-07T11:10:22.9078560Z running 13 tests
2026-10-07T11:10:22.9759080Z test forward_invalid_result_signature_is_a_checker_diagnostic ... ok
2026-10-07T11:10:22.9895190Z test generated_low_preserves_right_grouping_and_prefix_precedence ... ok
2026-10-07T11:10:22.9957730Z test generic_builtins_and_ordinary_record_constructors_still_roundtrip ... ok
2026-10-07T11:10:23.0029850Z test forward_invalid_task_result_signature_is_rejected_at_the_declaration ... ok
2026-10-07T11:10:25.0955060Z test lowering_keeps_try_and_await_as_field_and_index_receivers ... ok
2026-10-07T11:10:25.3896710Z test record_constructors_reject_type_arguments_in_high_low_and_symbols ... ok
2026-10-07T11:10:25.4936120Z test source_file_byte_limit_still_applies_to_high_and_handwritten_low ... ok
2026-10-07T11:10:25.6092020Z test speculative_index_recovery_preserves_actual_nesting_limits ... ok
2026-10-07T11:10:31.8711420Z test index_lookahead_does_not_accumulate_nesting_across_statements_or_functions ... ok
2026-10-07T11:11:23.1242930Z test combined_generated_low_does_not_use_the_source_file_byte_limit has been running for over 60 seconds
2026-10-07T11:11:23.2245490Z test flat_left_associative_expression_roundtrips_without_added_depth has been running for over 60 seconds
2026-10-07T11:11:25.6398810Z test task_results_from_imports_cross_the_internal_low_transport_boundary has been running for over 60 seconds
2026-10-07T11:11:32.0597800Z test task_results_preserve_flat_arithmetic_and_right_grouping_in_three_sources has been running for over 60 seconds
2026-10-07T11:15:21.3531480Z test combined_generated_low_does_not_use_the_source_file_byte_limit ... ok
2026-10-07T11:15:23.2212770Z test flat_left_associative_expression_roundtrips_without_added_depth ... ok
2026-10-07T11:15:27.0162040Z test task_results_from_imports_cross_the_internal_low_transport_boundary ... ok
2026-10-07T11:15:33.2931370Z test task_results_preserve_flat_arithmetic_and_right_grouping_in_three_sources ... ok
2026-10-07T11:15:33.2932300Z 
2026-10-07T11:15:33.2933350Z test result: ok. 13 passed; 0 failed; 0 ignored; 0 measured; 0 filtered out; finished in 310.23s
2026-10-07T11:15:33.2934390Z 
2026-10-07T11:15:33.2961540Z [1m[92m     Running[0m tests/graph_html.rs (target/debug/deps/graph_html-a898497c02018770)
2026-10-07T11:15:33.3015990Z 
2026-10-07T11:15:33.3017230Z running 3 tests
2026-10-07T11:15:33.3024900Z test standalone_viewer_keeps_assets_local_and_uses_safe_dom_text ... ok
2026-10-07T11:15:33.3026600Z test only_physical_absolute_sources_receive_encoded_user_action_links ... ok
2026-10-07T11:15:33.3030060Z test hostile_unicode_graph_data_remains_json_and_cannot_close_the_script ... ok
2026-10-07T11:15:33.3030820Z 
2026-10-07T11:15:33.3031810Z test result: ok. 3 passed; 0 failed; 0 ignored; 0 measured; 0 filtered out; finished in 0.00s
2026-10-07T11:15:33.3032800Z 
2026-10-07T11:15:33.3034940Z [1m[92m     Running[0m tests/graph_relations.rs (target/debug/deps/graph_relations-eb9834e553e7c240)
2026-10-07T11:15:33.3095590Z 
2026-10-07T11:15:33.3096320Z running 9 tests
2026-10-07T11:15:33.3688540Z test calls_resolve_named_aliases_without_guessing_local_function_values ... ok
2026-10-07T11:15:33.3691440Z test module_imports_are_read_from_loaded_overlay_text ... ok
2026-10-07T11:15:33.3693680Z test module_edges_use_exact_identities_and_recover_empty_flat_imports ... ok
2026-10-07T11:15:33.3696040Z test native_replacements_keep_the_generated_id_and_low_ffi_locations ... ok
2026-10-07T11:15:33.3698630Z test checked_standard_and_database_operations_are_boundaries_not_routing_or_table_guesses ... ok
2026-10-07T11:15:33.3701010Z test one_line_low_import_references_do_not_hide_body_uses ... ok
2026-10-07T11:15:33.3710570Z test saved_low_keeps_definition_ids_without_mapping_foreign_modules_to_its_file ... ok
2026-10-07T11:15:33.3743690Z test all_views_use_shortest_unique_physical_suffixes_before_filtering ... ok
2026-10-07T11:15:33.4136210Z test nested_calls_are_visited_but_class_and_enum_constructors_are_not_calls ... ok
2026-10-07T11:15:33.4137210Z 
2026-10-07T11:15:33.4138080Z test result: ok. 9 passed; 0 failed; 0 ignored; 0 measured; 0 filtered out; finished in 0.10s
2026-10-07T11:15:33.4139090Z 
2026-10-07T11:15:33.4141750Z [1m[92m     Running[0m tests/graph_render.rs (target/debug/deps/graph_render-0219f5d3089abaa8)
2026-10-07T11:15:33.4197430Z 
2026-10-07T11:15:33.4198250Z running 9 tests
2026-10-07T11:15:33.4205410Z test image_arguments_are_validated_before_starting_a_renderer ... ok
2026-10-07T11:15:33.4208580Z test mermaid_literal_hashes_backticks_and_directives_cannot_change_the_render_config ... ok
2026-10-07T11:15:33.4213600Z test labels_preserve_unicode_without_becoming_diagram_syntax_or_links ... ok
2026-10-07T11:15:33.4219630Z test diagram_order_is_deterministic_and_empty_graphs_are_readable ... ok
2026-10-07T11:15:33.4224010Z test clustered_edges_reference_declared_nodes_without_group_boundary_duplicates ... ok
2026-10-07T11:15:33.4225320Z test process_tests::image_child ... ok
2026-10-07T11:15:33.4271880Z 
2026-10-07T11:15:33.4273280Z running 1 test
2026-10-07T11:15:33.4286460Z test process_tests::image_child ... 
2026-10-07T11:15:33.4287970Z running 1 test
2026-10-07T11:15:33.4301590Z test process_tests::image_child ... 
2026-10-07T11:15:33.4302410Z running 1 test
2026-10-07T11:15:33.4309650Z test process_tests::image_child ... ok
2026-10-07T11:15:33.4311990Z 
2026-10-07T11:15:33.4314600Z test result: ok. 1 passed; 0 failed; 0 ignored; 0 measured; 8 filtered out; finished in 0.00s
2026-10-07T11:15:33.4316050Z 
2026-10-07T11:15:33.4317040Z test process_tests::missing_renderer_explains_installation_and_d2_source_fallback ... ok
2026-10-07T11:15:33.4383440Z ok
2026-10-07T11:15:33.4384550Z 
2026-10-07T11:15:33.4386680Z test result: ok. 1 passed; 0 failed; 0 ignored; 0 measured; 8 filtered out; finished in 0.01s
2026-10-07T11:15:33.4387480Z 
2026-10-07T11:15:33.4393550Z test process_tests::export_passes_arguments_literally_without_a_shell ... ok
2026-10-07T11:15:33.4394420Z ok
2026-10-07T11:15:33.4394630Z 
2026-10-07T11:15:33.4395470Z test result: ok. 1 passed; 0 failed; 0 ignored; 0 measured; 8 filtered out; finished in 0.01s
2026-10-07T11:15:33.4396440Z 
2026-10-07T11:15:33.4404160Z test process_tests::failed_renderer_reports_stderr_and_removes_its_source ... ok
2026-10-07T11:15:33.4404920Z 
2026-10-07T11:15:33.4405800Z test result: ok. 9 passed; 0 failed; 0 ignored; 0 measured; 0 filtered out; finished in 0.02s
2026-10-07T11:15:33.4406700Z 
2026-10-07T11:15:33.4407970Z [1m[92m     Running[0m tests/graph_types.rs (target/debug/deps/graph_types-730d249a9758b8cd)
2026-10-07T11:15:33.4469720Z 
2026-10-07T11:15:33.4470400Z running 7 tests
2026-10-07T11:15:33.4685280Z test imported_same_named_types_keep_author_identity_and_original_source_lines ... ok
2026-10-07T11:15:33.4688890Z test focused_depth_is_bounded_on_cycles_and_defaults_to_one_hop ... ok
2026-10-07T11:15:33.4691870Z test ir_deduplicates_and_sorts_without_renderer_syntax_or_losing_isolated_types ... ok
2026-10-07T11:15:33.4694620Z test field_display_limits_do_not_erase_relationships_from_later_fields ... ok
2026-10-07T11:15:33.4794260Z test declarations_preserve_field_variant_wrapper_and_signature_meanings ... ok
2026-10-07T11:15:33.4840600Z test resource_type_arguments_are_dependencies_without_inventing_runtime_instances ... ok
2026-10-07T11:15:33.4959520Z test independent_low_preserves_type_identity_and_reports_its_physical_source ... ok
2026-10-07T11:15:33.4960330Z 
2026-10-07T11:15:33.4961190Z test result: ok. 7 passed; 0 failed; 0 ignored; 0 measured; 0 filtered out; finished in 0.05s
2026-10-07T11:15:33.4962200Z 
2026-10-07T11:15:33.4965860Z [1m[92m     Running[0m tests/http_codegen.rs (target/debug/deps/http_codegen-61eaecc8259bba4d)
2026-10-07T11:15:33.5026570Z 
2026-10-07T11:15:33.5027580Z running 4 tests
2026-10-07T11:15:33.5144100Z test literal_view_optimization_does_not_change_a_shadowing_owned_function ... ok
2026-10-07T11:15:34.1135230Z test borrow_and_named_mappers_preserve_high_low_codegen ... ok
2026-10-07T11:15:34.1353760Z test borrowed_http_inspection_and_async_registration_add_no_owned_adapter_work ... ok
2026-10-07T11:16:33.5448050Z test borrow_and_named_mapper_registration_execute_native_adapters has been running for over 60 seconds
2026-10-07T11:16:51.5606060Z test borrow_and_named_mapper_registration_execute_native_adapters ... ok
2026-10-07T11:16:51.5607740Z 
2026-10-07T11:16:51.5611240Z test result: ok. 4 passed; 0 failed; 0 ignored; 0 measured; 0 filtered out; finished in 78.02s
2026-10-07T11:16:51.5613090Z 
2026-10-07T11:16:51.5626920Z [1m[92m     Running[0m tests/http_route_conflicts.rs (target/debug/deps/http_route_conflicts-76679e236d0a1b0e)
2026-10-07T11:16:51.5725190Z 
2026-10-07T11:16:51.5732230Z running 3 tests
2026-10-07T11:16:51.5834520Z test get_handlers_cannot_replace_builtin_endpoints ... ok
2026-10-07T11:16:51.5843230Z test shared_patterns_distinct_paths_and_literal_braces_remain_available ... ok
2026-10-07T11:16:51.5928280Z test equivalent_capture_paths_are_rejected_even_for_different_methods ... ok
2026-10-07T11:16:51.5930760Z 
2026-10-07T11:16:51.5932080Z test result: ok. 3 passed; 0 failed; 0 ignored; 0 measured; 0 filtered out; finished in 0.02s
2026-10-07T11:16:51.5933280Z 
2026-10-07T11:16:51.5936660Z [1m[92m     Running[0m tests/http_stdlib.rs (target/debug/deps/http_stdlib-4eb7fd2c456f6c74)
2026-10-07T11:16:51.6056340Z 
2026-10-07T11:16:51.6885650Z running 15 tests
2026-10-07T11:16:52.8016140Z test handlers_require_exact_async_request_shared_state_and_error_contracts ... ok
2026-10-07T11:16:53.8157610Z test borrowed_option_temporaries_allow_arm_local_use_but_cannot_escape ... ok
2026-10-07T11:16:54.0179690Z test header_views_depend_on_request_owner_and_not_the_name_temporary ... ok
2026-10-07T11:16:54.9999680Z test json_content_type_requires_a_request_and_has_no_generic_arguments ... ok
2026-10-07T11:16:55.5975970Z test apps_validate_generic_arity_owned_state_and_mapper_error_type ... ok
2026-10-07T11:16:56.6466370Z test method_name_views_can_return_from_borrowed_request_parameters ... ok
2026-10-07T11:16:57.0440500Z test optional_header_and_query_views_keep_the_request_borrow_through_match ... ok
2026-10-07T11:16:58.0387380Z test ordinary_classes_and_local_shadows_cannot_impersonate_standard_resources ... ok
2026-10-07T11:16:58.4108370Z test saved_low_cannot_change_registry_identity_or_define_resource_implementations ... ok
2026-10-07T11:16:58.5113320Z test native_method_comparisons_borrow_but_assignment_tracks_request_partial_moves ... ok
2026-10-07T11:16:58.7498390Z test standard_resolution_ignores_cwd_files_and_unsaved_lookalikes ... ok
2026-10-07T11:16:59.4231290Z test standard_aliases_are_registry_resources_and_roundtrip_independently ... ok
2026-10-07T11:17:00.7774350Z test resource_construction_serialization_and_shared_field_moves_fail_before_build ... ok
2026-10-07T11:17:02.7562500Z test resource_references_do_not_acquire_legacy_slice_operations ... ok
2026-10-07T11:17:07.5465800Z test status_method_and_db_free_app_execute_from_high_and_saved_low ... ok
2026-10-07T11:17:07.5474420Z 
2026-10-07T11:17:07.5481110Z test result: ok. 15 passed; 0 failed; 0 ignored; 0 measured; 0 filtered out; finished in 15.94s
2026-10-07T11:17:07.5482350Z 
2026-10-07T11:17:07.5488060Z [1m[92m     Running[0m tests/installation.rs (target/debug/deps/installation-81fd073b49de1455)
2026-10-07T11:17:07.5603280Z 
2026-10-07T11:17:07.5609910Z running 4 tests
2026-10-07T11:17:07.6478730Z test wrong_root_explains_the_distribution_folder_before_calling_cargo ... ok
2026-10-07T11:17:07.6701710Z test linked_distributions_keep_the_seed_until_the_last_owner_drops ... ok
2026-10-07T11:17:08.4358330Z test standalone_build_keeps_native_artifacts_in_the_working_directory ... ok
2026-10-07T11:17:08.4628060Z test moved_distribution_builds_an_external_project_with_no_root_override ... ok
2026-10-07T11:17:08.4629250Z 
2026-10-07T11:17:08.4630480Z test result: ok. 4 passed; 0 failed; 0 ignored; 0 measured; 0 filtered out; finished in 0.90s
2026-10-07T11:17:08.4631650Z 
2026-10-07T11:17:08.4661120Z [1m[92m     Running[0m tests/list_borrow_iteration.rs (target/debug/deps/list_borrow_iteration-7d4080244a22861c)
2026-10-07T11:17:08.4755900Z 
2026-10-07T11:17:08.4756730Z running 5 tests
2026-10-07T11:17:08.5035240Z test borrowed_elements_and_their_field_views_cannot_escape ... ok
2026-10-07T11:17:08.5038720Z test borrowed_elements_cannot_move_reassign_or_mutate ... ok
2026-10-07T11:17:08.5155130Z test an_active_element_pins_its_owner_and_aliases ... ok
2026-10-07T11:17:09.1158290Z test symbols_distinguish_borrowed_record_locals_and_fields ... ok
2026-10-07T11:17:10.3022840Z test noncopy_iteration_is_native_and_survives_saved_low ... ok
2026-10-07T11:17:10.3025290Z 
2026-10-07T11:17:10.3033570Z [1m[92m     Running[0m tests/list_ownership_inference.rs (target/debug/deps/list_ownership_inference-1bee9e0682e4930a)
2026-10-07T11:17:10.3037210Z test result: ok. 5 passed; 0 failed; 0 ignored; 0 measured; 0 filtered out; finished in 1.83s
2026-10-07T11:17:10.3039700Z 
2026-10-07T11:17:10.3133750Z 
2026-10-07T11:17:10.3135760Z running 4 tests
2026-10-07T11:17:10.3189730Z test inferred_lists_still_reject_second_moves_and_mixed_element_types ... ok
2026-10-07T11:17:10.3193410Z test explicit_list_element_types_still_contextualize_the_first_literal ... ok
2026-10-07T11:17:10.3235020Z test inferred_list_first_elements_can_move_owned_inputs_once ... ok
2026-10-07T11:17:10.3246520Z test record_list_iteration_accepts_copy_values_and_readonly_noncopy_borrows ... ok
2026-10-07T11:17:10.3247810Z 
2026-10-07T11:17:10.3249190Z test result: ok. 4 passed; 0 failed; 0 ignored; 0 measured; 0 filtered out; finished in 0.01s
2026-10-07T11:17:10.3250270Z 
2026-10-07T11:17:10.3254940Z [1m[92m     Running[0m tests/literal_contracts.rs (target/debug/deps/literal_contracts-b1adfb73595aca24)
2026-10-07T11:17:10.3341950Z 
2026-10-07T11:17:10.3342840Z running 1 test
2026-10-07T11:17:10.9931330Z test strings_preserve_control_characters_through_high_low_and_rust ... ok
2026-10-07T11:17:10.9932700Z 
2026-10-07T11:17:10.9934100Z test result: ok. 1 passed; 0 failed; 0 ignored; 0 measured; 0 filtered out; finished in 0.66s
2026-10-07T11:17:10.9935180Z 
2026-10-07T11:17:10.9937160Z [1m[92m     Running[0m tests/loop_ownership.rs (target/debug/deps/loop_ownership-37a7ea17d872966f)
2026-10-07T11:17:11.0051280Z 
2026-10-07T11:17:11.0052280Z running 13 tests
2026-10-07T11:17:11.0263080Z test conditional_reinitialization_needs_every_continuing_path ... ok
2026-10-07T11:17:11.0296970Z test fields_and_nested_fields_cannot_be_consumed_on_later_iterations ... ok
2026-10-07T11:17:11.1796260Z test a_for_iterator_expression_is_evaluated_only_once ... ok
2026-10-07T11:17:11.2274100Z test locals_copy_values_and_borrowed_arguments_are_available_each_iteration ... ok
2026-10-07T11:17:11.2362130Z test owned_values_cannot_be_consumed_on_later_iterations ... ok
2026-10-07T11:17:11.3480250Z test all_continuing_branches_can_restore_a_moved_value ... ok
2026-10-07T11:17:11.3487150Z test branch_joins_preserve_reassignment_and_return_outside_loops ... ok
2026-10-07T11:17:11.3501240Z test standalone_low_rejects_repeated_moves_at_the_original_line ... ok
2026-10-07T11:17:11.3715840Z test nested_loops_are_checked_without_carrying_local_declarations ... ok
2026-10-07T11:17:11.4891790Z test while_conditions_are_checked_on_each_evaluation_and_on_exit ... ok
2026-10-07T11:17:11.5148390Z test zero_iterations_and_loop_bindings_preserve_outer_state ... ok
2026-10-07T11:17:11.5200290Z test reinitialization_before_and_after_a_move_is_allowed ... ok
2026-10-07T11:17:11.9371610Z test return_paths_do_not_repeat_or_consume_values_on_other_paths ... ok
2026-10-07T11:17:11.9372910Z 
2026-10-07T11:17:11.9373930Z test result: ok. 13 passed; 0 failed; 0 ignored; 0 measured; 0 filtered out; finished in 0.93s
2026-10-07T11:17:11.9374850Z 
2026-10-07T11:17:11.9379070Z [1m[92m     Running[0m tests/low_multiline.rs (target/debug/deps/low_multiline-1de1d5edec054650)
2026-10-07T11:17:11.9475380Z 
2026-10-07T11:17:11.9476130Z running 3 tests
2026-10-07T11:17:11.9534570Z test low_braces_keep_newline_statement_boundaries ... ok
2026-10-07T11:17:11.9595120Z test multiline_errors_keep_physical_source_lines ... ok
2026-10-07T11:17:12.3353120Z test multiline_quote_matches_high_and_runs_as_native_low ... ok
2026-10-07T11:17:12.3354070Z 
2026-10-07T11:17:12.3355370Z test result: ok. 3 passed; 0 failed; 0 ignored; 0 measured; 0 filtered out; finished in 0.39s
2026-10-07T11:17:12.3356270Z 
2026-10-07T11:17:12.3360010Z [1m[92m     Running[0m tests/map_cli.rs (target/debug/deps/map_cli-76e20f8347a5416c)
2026-10-07T11:17:12.3439700Z 
2026-10-07T11:17:12.3454770Z running 9 tests
2026-10-07T11:17:12.3680320Z test failed_check_points_to_original_source_and_writes_no_map ... ok
2026-10-07T11:17:12.3720630Z test map_preparse_keeps_existing_project_overrides_and_output_path_precedence ... ok
2026-10-07T11:17:12.4423990Z test image_formats_require_output_and_fail_helpfully_without_local_d2 ... ok
2026-10-07T11:17:12.4690580Z test map_output_cannot_overwrite_loaded_input_or_project_configuration ... ok
2026-10-07T11:17:12.4833330Z test help_and_argument_errors_do_not_load_a_project_or_mutate_files ... ok
2026-10-07T11:17:12.4966380Z test project_discovery_reuses_native_replacements_and_extern_resolution ... ok
2026-10-07T11:17:12.5039460Z test namespace_module_filter_and_focus_select_original_definitions ... ok
2026-10-07T11:17:12.5644450Z test map_views_check_high_and_low_without_runtime_or_generated_output ... ok
2026-10-07T11:17:12.6067790Z test text_formats_write_only_requested_output_and_keep_stdout_clean ... ok
2026-10-07T11:17:12.6069400Z 
2026-10-07T11:17:12.6071030Z test result: ok. 9 passed; 0 failed; 0 ignored; 0 measured; 0 filtered out; finished in 0.26s
2026-10-07T11:17:12.6072290Z 
2026-10-07T11:17:12.6075530Z [1m[92m     Running[0m tests/module_emission.rs (target/debug/deps/module_emission-73caf5bafb810a67)
2026-10-07T11:17:12.6200240Z 
2026-10-07T11:17:12.6201060Z running 8 tests
2026-10-07T11:17:12.6445900Z test legacy_flat_cost_report_keeps_public_function_names ... ok
2026-10-07T11:17:12.6705520Z test inferred_primitive_values_and_a_class_alias_keep_distinct_type_identities ... ok
2026-10-07T11:17:12.6833640Z test qualified_nested_types_emit_internal_names_through_low ... ok
2026-10-07T11:17:13.1666190Z test source_function_names_that_match_foreign_symbols_keep_distinct_call_targets ... ok
2026-10-07T11:17:13.1670140Z test unresolved_high_imports_keep_as_and_from_syntax_in_low ... ok
2026-10-07T11:17:13.2000940Z test independent_low_parser_preserves_module_ids_and_native_function_aliases ... ok
2026-10-07T11:17:13.2207570Z test source_locals_that_match_generated_symbols_keep_distinct_values ... ok
2026-10-07T11:17:15.8935540Z test inferred_builtin_types_survive_module_aliases_low_transport_and_rust_emission ... ok
2026-10-07T11:17:15.8936630Z 
2026-10-07T11:17:15.8937610Z test result: ok. 8 passed; 0 failed; 0 ignored; 0 measured; 0 filtered out; finished in 3.27s
2026-10-07T11:17:15.8938450Z 
2026-10-07T11:17:15.8944830Z [1m[92m     Running[0m tests/module_parser.rs (target/debug/deps/module_parser-201569338fd6bcc4)
2026-10-07T11:17:15.9027400Z 
2026-10-07T11:17:15.9028580Z running 9 tests
2026-10-07T11:17:15.9079960Z test import_forms_keep_original_names_aliases_and_token_spans ... ok
2026-10-07T11:17:15.9081890Z test from_and_as_remain_contextual_identifiers ... ok
2026-10-07T11:17:15.9083600Z test low_metadata_is_read_without_changing_source_spans ... ok
2026-10-07T11:17:15.9085530Z test module_replace_path_remains_a_structured_attribute_value ... ok
2026-10-07T11:17:15.9087650Z test malformed_imports_and_qualified_constructs_keep_parser_errors ... ok
2026-10-07T11:17:15.9090010Z test qualified_calls_constructors_and_function_values_preserve_semantic_choice ... ok
2026-10-07T11:17:15.9092470Z test qualified_types_parse_inside_nested_generics_lists_and_nullable_types ... ok
2026-10-07T11:17:15.9094490Z test qualified_types_respect_existing_nesting_limit ... ok
2026-10-07T11:17:15.9118230Z test qualified_index_lookahead_restores_depth_and_preserves_index_nodes ... ok
2026-10-07T11:17:15.9119430Z 
2026-10-07T11:17:15.9120770Z test result: ok. 9 passed; 0 failed; 0 ignored; 0 measured; 0 filtered out; finished in 0.01s
2026-10-07T11:17:15.9121990Z 
2026-10-07T11:17:15.9124580Z [1m[92m     Running[0m tests/module_symbols.rs (target/debug/deps/module_symbols-dbf68514f50692a7)
2026-10-07T11:17:15.9230450Z 
2026-10-07T11:17:15.9231780Z running 5 tests
2026-10-07T11:17:16.7238610Z test saved_low_namespaces_use_the_opened_file_and_rebased_definition_locations ... ok
2026-10-07T11:17:16.7242330Z test local_names_colliding_with_the_entrypoint_keep_source_names_and_navigation ... ok
2026-10-07T11:17:16.7892920Z test module_bindings_export_only_own_definitions_and_share_definition_identity ... ok
2026-10-07T11:17:17.3374710Z test unsaved_imported_buffers_drive_fields_and_shadowed_aliases_use_local_bindings ... ok
2026-10-07T11:17:17.3418760Z test record_and_import_alias_named_option_remain_record_types_in_editor_output ... ok
2026-10-07T11:17:17.3419720Z 
2026-10-07T11:17:17.3420690Z test result: ok. 5 passed; 0 failed; 0 ignored; 0 measured; 0 filtered out; finished in 1.42s
2026-10-07T11:17:17.3421520Z 
2026-10-07T11:17:17.3430100Z [1m[92m     Running[0m tests/modules.rs (target/debug/deps/modules-d25dbfafcc7d70c2)
2026-10-07T11:17:17.3516370Z 
2026-10-07T11:17:17.3528260Z running 32 tests
2026-10-07T11:17:17.3646560Z test alias_imports_keep_cycle_relative_path_and_language_guards ... ok
2026-10-07T11:17:17.3889810Z test conflicting_import_bindings_report_the_import_statement ... ok
2026-10-07T11:17:17.3922990Z test corrupted_low_identity_metadata_cannot_rename_or_invent_definitions ... ok
2026-10-07T11:17:17.3980480Z test aliases_keep_original_source_diagnostics_and_embedded_asset_paths ... ok
2026-10-07T11:17:17.4221570Z test aliases_of_one_function_cannot_be_replaced_twice_across_native_files ... ok
2026-10-07T11:17:17.4432200Z test flat_imported_main_remains_an_entry_but_namespace_imported_main_does_not ... ok
2026-10-07T11:17:17.4533220Z test edited_saved_low_body_resolves_original_aliases_and_maps_only_its_physical_root ... ok
2026-10-07T11:17:17.4625130Z test foreign_functions_keep_their_builtin_scope_when_root_aliases_use_builtin_names ... ok
2026-10-07T11:17:17.5196710Z test aliases_from_imports_and_flat_imports_share_the_canonical_class ... ok
2026-10-07T11:17:17.5597610Z test high_and_native_modules_can_use_the_same_private_namespace_spelling ... ok
2026-10-07T11:17:17.5601190Z test imported_bindings_are_private_but_own_definitions_can_use_them ... ok
2026-10-07T11:17:17.5605940Z test every_explicit_native_root_gets_high_aliases_without_overwriting_own_or_dependency_scopes ... ok
2026-10-07T11:17:17.5932250Z test imported_names_cannot_silently_fall_back_to_builtins_of_a_different_kind ... ok
2026-10-07T11:17:17.6567940Z test legacy_flat_helpers_can_call_root_definitions_without_inheriting_private_aliases ... ok
2026-10-07T11:17:17.7574660Z test guessed_internal_symbols_cannot_bypass_private_imports_in_raw_source ... ok
2026-10-07T11:17:17.7767140Z test legacy_classes_constructors_and_intrinsic_types_keep_their_original_namespaces ... ok
2026-10-07T11:17:17.7775000Z test local_fields_and_function_values_shadow_imports_only_in_their_scope ... ok
2026-10-07T11:17:17.7783530Z test low_alias_syntax_resolves_qualified_record_and_generic_types ... ok
2026-10-07T11:17:17.7787600Z test native_import_aliases_remain_local_while_own_functions_are_available_to_high ... ok
2026-10-07T11:17:17.7877360Z test native_main_replacement_keeps_the_generated_identity_and_recursive_target ... ok
2026-10-07T11:17:17.8251490Z test omitted_unit_returns_keep_builtin_identity_while_explicit_namespace_types_are_rejected ... ok
2026-10-07T11:17:17.8375040Z test old_flat_imports_keep_transitive_names_and_diamond_deduplication ... ok
2026-10-07T11:17:17.8381470Z test renamed_local_main_diagnostics_keep_source_spelling_after_program_is_taken ... ok
2026-10-07T11:17:17.8836350Z test same_named_classes_from_different_files_are_distinct_in_all_type_positions ... ok
2026-10-07T11:17:17.8943080Z test qualified_replacements_compare_definition_identity_and_report_low_sources ... ok
2026-10-07T11:17:17.9167710Z test saved_generated_low_can_be_imported_without_reidentifying_its_main ... ok
2026-10-07T11:17:17.9628750Z test namespace_imports_preserve_depth_file_count_and_total_byte_limits ... ok
2026-10-07T11:17:17.9633370Z test the_checker_rejects_parser_only_alias_imports_until_the_source_loader_resolves_them ... ok
2026-10-07T11:17:17.9637820Z test unsaved_overlays_change_imported_definitions_and_keep_disk_sources_unchanged ... ok
2026-10-07T11:17:17.9730230Z test separate_native_files_can_reuse_a_replacement_declaration_name ... ok
2026-10-07T11:17:19.7447980Z test saved_low_flat_and_from_imports_promote_the_original_definition_to_entry ... ok
2026-10-07T11:17:20.1886570Z test project_aliases_cross_low_replacement_and_rust_record_bridges_from_an_external_cwd ... ok
2026-10-07T11:17:20.1888010Z 
2026-10-07T11:17:20.1889510Z test result: ok. 32 passed; 0 failed; 0 ignored; 0 measured; 0 filtered out; finished in 2.84s
2026-10-07T11:17:20.1890710Z 
2026-10-07T11:17:20.1900770Z [1m[92m     Running[0m tests/nullable_database.rs (target/debug/deps/nullable_database-6949b19928805228)
2026-10-07T11:17:20.1997860Z 
2026-10-07T11:17:20.2013850Z running 4 tests
2026-10-07T11:17:20.2760230Z test unsupported_nullable_payloads_keep_manual_from_row_eligibility ... ok
2026-10-07T11:17:20.5043230Z test raw_numeric_and_bool_field_shadows_keep_manual_row_implementations ... ok
2026-10-07T11:18:16.0139150Z test raw_nullable_classes_can_supply_a_native_sqlite_row_bridge ... ok
2026-10-07T11:18:20.3273140Z test nullable_scalars_read_sqlite_null_and_non_null_rows_in_high_and_saved_low has been running for over 60 seconds
2026-10-07T11:18:25.0646590Z test nullable_scalars_read_sqlite_null_and_non_null_rows_in_high_and_saved_low ... ok
2026-10-07T11:18:25.0648290Z 
2026-10-07T11:18:25.0649450Z test result: ok. 4 passed; 0 failed; 0 ignored; 0 measured; 0 filtered out; finished in 64.86s
2026-10-07T11:18:25.0650230Z 
2026-10-07T11:18:25.0653130Z [1m[92m     Running[0m tests/nullable_roundtrip.rs (target/debug/deps/nullable_roundtrip-f64ca91c8a6c28ef)
2026-10-07T11:18:25.0740580Z 
2026-10-07T11:18:25.0741840Z running 1 test
2026-10-07T11:18:25.3321050Z test nested_options_keep_distinct_none_and_some_values_through_independent_low ... ok
2026-10-07T11:18:25.3322180Z 
2026-10-07T11:18:25.3323380Z test result: ok. 1 passed; 0 failed; 0 ignored; 0 measured; 0 filtered out; finished in 0.26s
2026-10-07T11:18:25.3325420Z [1m[92m     Running[0m tests/option_match.rs (target/debug/deps/option_match-7ab567c3de8b4e3b)
2026-10-07T11:18:25.3326250Z 
2026-10-07T11:18:25.3456660Z 
2026-10-07T11:18:25.3531890Z running 5 tests
2026-10-07T11:18:25.3533810Z test option_cases_must_be_exhaustive_unique_and_match_the_subject_type ... ok
2026-10-07T11:18:25.3538600Z test some_patterns_reject_unsupported_payload_shapes_and_none_parentheses ... ok
2026-10-07T11:18:25.3542250Z test some_and_none_patterns_keep_binding_spans_without_synthetic_none_payload ... ok
2026-10-07T11:18:25.3545090Z test option_matching_accepts_discarded_payloads_and_borrowed_string_contents ... ok
2026-10-07T11:18:25.3547180Z test option_payload_bindings_obey_move_scope_and_borrow_owner_rules ... ok
2026-10-07T11:18:25.3548060Z 
2026-10-07T11:18:25.3549240Z test result: ok. 5 passed; 0 failed; 0 ignored; 0 measured; 0 filtered out; finished in 0.01s
2026-10-07T11:18:25.3551010Z 
2026-10-07T11:18:25.3553070Z [1m[92m     Running[0m tests/owned_copy_codegen.rs (target/debug/deps/owned_copy_codegen-d6aee45d86f687fe)
2026-10-07T11:18:25.3717790Z 
2026-10-07T11:18:25.3719370Z running 2 tests
2026-10-07T11:18:25.4829480Z test owned_string_and_list_fields_remain_moves ... ok
2026-10-07T11:18:26.9313970Z test owned_scalar_fields_copy_in_native_high_and_independent_low ... ok
2026-10-07T11:18:26.9318220Z 
2026-10-07T11:18:26.9319580Z test result: ok. 2 passed; 0 failed; 0 ignored; 0 measured; 0 filtered out; finished in 1.56s
2026-10-07T11:18:26.9320670Z 
2026-10-07T11:18:26.9325140Z [1m[92m     Running[0m tests/owned_database.rs (target/debug/deps/owned_database-4a480f21fdc8d64e)
2026-10-07T11:18:26.9439930Z 
2026-10-07T11:18:26.9440560Z running 2 tests
2026-10-07T11:18:27.0233590Z test owned_wrappers_preserve_unsupported_fields_and_manual_row_eligibility ... ok
2026-10-07T11:18:36.9815930Z test owned_scalars_decode_sqlite_rows_in_high_and_independent_saved_low ... ok
2026-10-07T11:18:36.9817030Z 
2026-10-07T11:18:36.9818480Z test result: ok. 2 passed; 0 failed; 0 ignored; 0 measured; 0 filtered out; finished in 10.04s
2026-10-07T11:18:36.9819680Z 
2026-10-07T11:18:36.9821130Z [1m[92m     Running[0m tests/ownership_boundaries.rs (target/debug/deps/ownership_boundaries-59f02af11143c043)
2026-10-07T11:18:36.9962740Z 
2026-10-07T11:18:37.0206630Z running 7 tests
2026-10-07T11:18:37.1114300Z test nested_view_containers_cannot_keep_child_scope_owners ... ok
2026-10-07T11:18:37.1119770Z test branch_loop_and_payload_owners_cannot_escape_in_outer_views ... ok
2026-10-07T11:18:37.3834240Z test index_evaluation_holds_the_container_but_releases_it_afterwards ... ok
2026-10-07T11:18:37.3911930Z test copied_iterator_elements_keep_their_own_borrow_depth ... ok
2026-10-07T11:18:37.4297780Z test static_resource_views_remain_valid_across_branch_scopes ... ok
2026-10-07T11:18:37.5220620Z test outer_owners_local_copies_restored_aliases_and_return_paths_remain_valid ... ok
2026-10-07T11:18:37.5419550Z test temporary_iterator_views_cannot_escape_but_body_use_and_static_views_remain_valid ... ok
2026-10-07T11:18:37.5420420Z 
2026-10-07T11:18:37.5421250Z test result: ok. 7 passed; 0 failed; 0 ignored; 0 measured; 0 filtered out; finished in 0.55s
2026-10-07T11:18:37.5421980Z 
2026-10-07T11:18:37.5426570Z [1m[92m     Running[0m tests/ownership_calls.rs (target/debug/deps/ownership_calls-84fdd910d0d7e37b)
2026-10-07T11:18:37.5737220Z 
2026-10-07T11:18:37.5993250Z running 9 tests
2026-10-07T11:18:37.6530670Z test database_receiver_is_borrowed_but_materialized_sql_does_not_extend_its_loan ... ok
2026-10-07T11:18:37.6535010Z test call_conflicts_and_discarded_moves_fail_before_backend_tools_are_needed ... ok
2026-10-07T11:18:37.6538720Z test earlier_view_arguments_block_later_moves_in_direct_and_aliased_calls ... ok
2026-10-07T11:18:37.6541330Z test discarded_owned_places_are_consumed_but_copy_and_borrowed_values_remain_available ... ok
2026-10-07T11:18:37.6545830Z test completed_inner_calls_copies_and_disjoint_owners_do_not_keep_call_loans ... ok
2026-10-07T11:18:37.6547790Z test earlier_views_remain_borrowed_while_nested_later_arguments_are_evaluated ... ok
2026-10-07T11:18:37.6549620Z test earlier_list_elements_hold_views_through_later_element_evaluation ... ok
2026-10-07T11:18:37.6574000Z test list_mutation_checks_outer_loans_without_rejecting_two_phase_reads ... ok
2026-10-07T11:18:37.8955170Z test implicit_standard_references_hold_the_owner_through_later_arguments ... ok
2026-10-07T11:18:37.8955930Z 
2026-10-07T11:18:37.8956780Z test result: ok. 9 passed; 0 failed; 0 ignored; 0 measured; 0 filtered out; finished in 0.33s
2026-10-07T11:18:37.8957690Z 
2026-10-07T11:18:37.8966100Z [1m[92m     Running[0m tests/resource_contract_characterization.rs (target/debug/deps/resource_contract_characterization-63513f960f286a7c)
2026-10-07T11:18:37.9106010Z 
2026-10-07T11:18:37.9106820Z running 4 tests
2026-10-07T11:18:37.9174910Z test registered_resources_match_the_independent_inventory ... ok
2026-10-07T11:18:37.9176790Z [1m[92m     Running[0m tests/result_stdlib.rs (target/debug/deps/result_stdlib-e2c21ca78b574f96)
2026-10-07T11:18:37.9178160Z test registered_operations_match_signatures_and_passing ... ok
2026-10-07T11:18:37.9179290Z test registered_accessors_match_the_complete_inventory ... ok
2026-10-07T11:18:37.9180400Z test registered_constants_match_the_complete_inventory ... ok
2026-10-07T11:18:37.9180990Z 
2026-10-07T11:18:37.9181820Z test result: ok. 4 passed; 0 failed; 0 ignored; 0 measured; 0 filtered out; finished in 0.01s
2026-10-07T11:18:37.9182610Z 
2026-10-07T11:18:37.9258680Z 
2026-10-07T11:18:37.9259280Z running 6 tests
2026-10-07T11:18:38.2720530Z test mapping_moves_input_left_to_right_and_preserves_borrow_origins ... ok
2026-10-07T11:18:38.3875140Z test mapper_contract_errors_fail_before_rust_backend_in_high_and_saved_low ... ok
2026-10-07T11:18:38.4712520Z test try_keeps_exact_error_identity_and_map_error_does_not_reserve_local_names ... ok
2026-10-07T11:18:38.5477330Z test inferred_mapping_keeps_enum_class_aliases_and_borrowed_success_through_saved_low ... ok
2026-10-07T11:18:39.6619560Z test native_success_failure_and_original_cause_survive_high_and_saved_low ... ok
2026-10-07T11:18:43.5126670Z test static_error_labels_avoid_read_allocations_but_keep_owned_results_and_shadowing ... ok
2026-10-07T11:18:43.5127760Z 
2026-10-07T11:18:43.5132070Z test result: ok. 6 passed; 0 failed; 0 ignored; 0 measured; 0 filtered out; finished in 5.59s
2026-10-07T11:18:43.5132950Z 
2026-10-07T11:18:43.5139780Z [1m[92m     Running[0m tests/rust_dependencies.rs (target/debug/deps/rust_dependencies-da19cf365f7fb132)
2026-10-07T11:18:43.5270960Z 
2026-10-07T11:18:43.5271640Z running 8 tests
2026-10-07T11:18:43.5637860Z test generated_manifest_preserves_legacy_versions_and_every_supported_table_field ... ok
2026-10-07T11:18:43.5845220Z test dependency_paths_follow_the_selected_manifest_with_different_cwd_and_output ... ok
2026-10-07T11:18:43.5898330Z test cli_version_replaces_the_whole_table_and_keeps_alias_collision_checks ... ok
2026-10-07T11:18:43.5959100Z test generated_toml_round_trips_quotes_backslashes_and_newlines_without_extra_tables ... ok
2026-10-07T11:18:43.6813160Z test missing_local_dependency_is_valid_for_check_and_reported_by_cargo_during_build ... ok
2026-10-07T11:18:43.8009750Z test invalid_dependency_tables_fail_in_the_public_cli_before_cargo ... ok
2026-10-07T11:18:44.0569500Z test check_and_symbols_accept_dependency_tables_without_cargo_or_checked_out_crates ... ok
2026-10-07T11:18:44.5389330Z test local_package_rename_features_and_disabled_defaults_run_without_registry_dependencies ... ok
2026-10-07T11:18:44.5390380Z 
2026-10-07T11:18:44.5393480Z test result: ok. 8 passed; 0 failed; 0 ignored; 0 measured; 0 filtered out; finished in 1.01s
2026-10-07T11:18:44.5394300Z 
2026-10-07T11:18:44.5398280Z [1m[92m     Running[0m tests/sql_check.rs (target/debug/deps/sql_check-d354efbbad73b329)
2026-10-07T11:18:44.5530210Z 
2026-10-07T11:18:44.5530950Z running 13 tests
2026-10-07T11:18:44.6478720Z test enabled::a_user_function_named_db_all_is_not_a_builtin_sql_query ... ok
2026-10-07T11:18:44.6581520Z test enabled::dynamic_sql_and_db_exec_are_reported_as_runtime_checks ... ok
2026-10-07T11:18:44.7195130Z test enabled::bounded_schema_and_query_inputs_fail_before_sql_preparation ... ok
2026-10-07T11:18:44.7522560Z test enabled::explicit_project_schema_path_is_relative_to_invocation_directory ... ok
2026-10-07T11:18:44.7692480Z test enabled::imported_queries_report_the_original_module_file_and_line ... ok
2026-10-07T11:18:44.7998780Z test enabled::aliases_case_reordering_extra_columns_and_reused_numbered_bind_are_valid ... ok
2026-10-07T11:18:44.8693890Z test enabled::literal_insert_update_delete_are_prepared_without_executing_queries ... ok
2026-10-07T11:18:44.9441850Z test enabled::schema_and_dialect_are_paired_check_only_options ... ok
2026-10-07T11:18:45.2834540Z test enabled::schema_check_is_opt_in_and_reports_bad_columns_in_high_and_saved_low ... ok
2026-10-07T11:18:45.3056730Z test enabled::missing_return_columns_and_wrong_bind_count_use_query_source_lines ... ok
2026-10-07T11:18:45.3676760Z test enabled::helper_statement_kind_and_single_statement_contracts_are_checked ... ok
2026-10-07T11:18:45.5447320Z test enabled::literal_queries_cannot_change_schema_or_access_external_functions ... ok
2026-10-07T11:18:45.6778210Z test enabled::unsafe_schema_operations_cannot_create_or_modify_external_files ... ok
2026-10-07T11:18:45.6779070Z 
2026-10-07T11:18:45.6779950Z test result: ok. 13 passed; 0 failed; 0 ignored; 0 measured; 0 filtered out; finished in 1.13s
2026-10-07T11:18:45.6780750Z 
2026-10-07T11:18:45.6785810Z [1m[92m     Running[0m tests/static_callback_views.rs (target/debug/deps/static_callback_views-55c4c970400b771f)
2026-10-07T11:18:45.6934070Z 
2026-10-07T11:18:45.6934650Z running 3 tests
2026-10-07T11:18:45.7179510Z test input_bound_callback_results_still_borrow_their_actual_inputs ... ok
2026-10-07T11:18:45.7187690Z test static_outputs_do_not_allow_local_or_owned_parameter_borrows ... ok
2026-10-07T11:18:51.7655630Z test static_callbacks_keep_their_origins_and_independent_lifetime_scopes_in_high_and_low ... ok
2026-10-07T11:18:51.7656760Z 
2026-10-07T11:18:51.7662210Z test result: ok. 3 passed; 0 failed; 0 ignored; 0 measured; 0 filtered out; finished in 6.07s
2026-10-07T11:18:51.7663210Z 
2026-10-07T11:18:51.7669130Z [1m[92m     Running[0m tests/stdlib_imports.rs (target/debug/deps/stdlib_imports-aa56b41681106f3d)
2026-10-07T11:18:51.7817460Z 
2026-10-07T11:18:51.7818650Z running 12 tests
2026-10-07T11:18:51.8065390Z test comma_separated_from_imports_preserve_each_name_alias_and_source_span ... ok
2026-10-07T11:18:51.9205390Z test constant_fields_and_function_aliases_resolve_without_ignoring_local_shadowing ... ok
2026-10-07T11:18:52.0280650Z test malformed_standard_imports_do_not_fall_back_to_file_lookup ... ok
2026-10-07T11:18:52.0795480Z test low_metadata_cannot_forge_standard_ids_or_implement_registry_functions ... ok
2026-10-07T11:18:52.1054880Z test parser_distinguishes_standard_names_from_quoted_files_and_keeps_alias_spans ... ok
2026-10-07T11:18:52.1511900Z test from_list_reuses_existing_conflict_and_same_definition_rules ... ok
2026-10-07T11:18:52.2517440Z test low_metadata_rejects_native_paths_capabilities_and_unimported_canonical_names ... ok
2026-10-07T11:18:52.2809840Z test registered_resources_and_functions_are_separate_from_source_definitions ... ok
2026-10-07T11:18:52.2886810Z test standard_imports_ignore_local_lookalikes_and_unsaved_overlays ... ok
2026-10-07T11:18:53.2038900Z test multiple_from_aliases_keep_registry_identity_in_independently_loaded_low ... ok
2026-10-07T11:18:53.2056870Z test saved_low_keeps_registry_identity_without_standard_source_files ... ok
2026-10-07T11:18:53.6491970Z test repeated_standard_imports_do_not_shift_registry_declaration_lines ... ok
2026-10-07T11:18:53.6507380Z [1m[92m     Running[0m tests/symbols.rs (target/debug/deps/symbols-7b561baa8f800610)
2026-10-07T11:18:53.6658810Z 
2026-10-07T11:18:53.6664180Z test result: ok. 12 passed; 0 failed; 0 ignored; 0 measured; 0 filtered out; finished in 1.87s
2026-10-07T11:18:53.6668730Z 
2026-10-07T11:18:53.7844430Z 
2026-10-07T11:18:53.8860130Z running 21 tests
2026-10-07T11:18:53.8862780Z test editor_input_rejects_invalid_schema_alias_duplicates_and_other_commands ... ok
2026-10-07T11:18:55.3386990Z test expression_ranges_cover_multiline_receivers_and_do_not_unwrap_results ... ok
2026-10-07T11:18:55.3699770Z test editor_buffers_update_imported_and_low_signatures_without_writing_files ... ok
2026-10-07T11:18:55.3984980Z test actual_symbols_command_resolves_transitive_imports_and_utf16_columns ... ok
2026-10-07T11:18:57.2621260Z test imported_and_native_types_use_unsaved_buffers_and_utf16_ranges ... ok
2026-10-07T11:18:57.3703310Z test failed_iterator_mutation_does_not_leak_a_loan_or_move_into_editor_types ... ok
2026-10-07T11:18:57.5712100Z test inferred_locals_parameters_and_loop_bindings_obey_exact_scopes ... ok
2026-10-07T11:18:57.8281520Z test duplicate_let_and_case_bindings_cannot_replace_an_outer_definition ... ok
2026-10-07T11:18:59.3789270Z test invalid_signatures_do_not_generate_guessed_local_types ... ok
2026-10-07T11:18:59.7798360Z test local_call_and_function_value_navigation_use_the_resolved_binding ... ok
2026-10-07T11:19:00.0156330Z test local_navigation_preserves_binding_identity_across_reassignments_and_scopes ... ok
2026-10-07T11:19:00.9704110Z test low_records_replacements_and_same_line_bindings_keep_their_source_positions ... ok
2026-10-07T11:19:01.1232130Z test match_payloads_and_child_locals_do_not_escape_their_arm ... ok
2026-10-07T11:19:01.3275800Z test moved_values_and_scope_locals_have_no_later_inferred_type ... ok
2026-10-07T11:19:02.0131890Z test native_low_symbols_and_calls_inside_match_keep_original_files ... ok
2026-10-07T11:19:02.2328570Z test navigation_resolves_case_and_scope_bindings_without_leaking_them ... ok
2026-10-07T11:19:02.9141660Z test navigation_uses_unsaved_import_and_low_replacement_positions_in_utf16 ... ok
2026-10-07T11:19:02.9148130Z test navigation_is_available_after_moves_and_invalid_types_but_not_before_binding ... ok
2026-10-07T11:19:02.9790880Z test partial_moves_do_not_infer_invalid_bindings_or_hide_unmoved_fields ... ok
2026-10-07T11:19:03.1736290Z test local_function_value_uses_have_hover_types_without_replacing_global_signatures ... ok
2026-10-07T11:19:03.4605050Z test symbols_work_despite_type_errors_and_distinguish_fields_locals_and_calls ... ok
2026-10-07T11:19:03.4606280Z 
2026-10-07T11:19:03.4611870Z test result: ok. 21 passed; 0 failed; 0 ignored; 0 measured; 0 filtered out; finished in 9.79s
2026-10-07T11:19:03.4613290Z 
2026-10-07T11:19:03.4624750Z [1m[92m     Running[0m tests/typed_errors.rs (target/debug/deps/typed_errors-245066e7894fe2bd)
2026-10-07T11:19:03.4772400Z 
2026-10-07T11:19:03.4774290Z running 15 tests
2026-10-07T11:19:03.8311210Z test diagnostic_cause_containers_are_rejected_by_json_serialization ... ok
2026-10-07T11:19:03.8317510Z test direct_parser_builtin_enum_names_require_canonical_source_loading ... ok
2026-10-07T11:19:06.1241740Z test builtin_error_causes_survive_wrapping_without_json_or_database_requirements ... ok
2026-10-07T11:19:06.3247670Z test enum_constructors_reject_unknown_variants_wrong_arity_and_wrong_payload_types ... ok
2026-10-07T11:19:06.4955560Z test enum_matches_require_exhaustive_unique_matching_variants_and_payload_bindings ... ok
2026-10-07T11:19:06.5922200Z test enum_payload_moves_and_borrowed_views_cannot_escape_match_arms ... ok
2026-10-07T11:19:09.1377730Z test async_custom_errors_propagate_the_same_enum_through_await_and_try ... ok
2026-10-07T11:19:09.2680370Z test fail_and_try_reject_implicit_conversion_between_custom_error_types ... ok
2026-10-07T11:19:10.9070960Z test class_errors_keep_context_nested_results_same_error_try_and_explicit_conversion ... ok
2026-10-07T11:19:33.3950560Z test entry_result_errors_keep_exit_status_through_owned_wrappers_and_async_saved_low ... ok
2026-10-07T11:19:33.4657510Z test same_named_module_enums_are_distinct_error_types_for_try_and_patterns ... ok
2026-10-07T11:19:34.6461050Z test enums_construct_match_owned_payloads_and_preserve_copy_variants ... ok
2026-10-07T11:19:35.7429610Z test file_loaded_builtin_spelled_enums_keep_literal_types_and_variant_identity ... ok
2026-10-07T11:19:36.9375890Z test module_aliases_share_enum_error_identity_and_keep_qualified_variants ... ok
2026-10-07T11:19:40.8080010Z test scope_enum_conversion_requires_the_explicit_rust_bridge_and_keeps_the_owned_cause ... ok
2026-10-07T11:19:40.8081270Z 
2026-10-07T11:19:40.8082310Z test result: ok. 15 passed; 0 failed; 0 ignored; 0 measured; 0 filtered out; finished in 37.33s
2026-10-07T11:19:40.8083080Z 
2026-10-07T11:19:40.8089500Z [1m[92m     Running[0m tests/view_iteration.rs (target/debug/deps/view_iteration-b28849b569d2d43f)
2026-10-07T11:19:40.8222710Z 
2026-10-07T11:19:40.8223220Z running 3 tests
2026-10-07T11:19:40.9003230Z test string_views_reject_iteration_and_numeric_indexing_in_high_and_low ... ok
2026-10-07T11:19:40.9608190Z test native_resource_views_still_reject_iteration ... ok
2026-10-07T11:19:41.5584490Z test byte_views_use_u8_and_preserve_nested_views_and_owned_element_slices ... ok
2026-10-07T11:19:41.5585220Z 
2026-10-07T11:19:41.5594840Z test result: ok. 3 passed; 0 failed; 0 ignored; 0 measured; 0 filtered out; finished in 0.74s
2026-10-07T11:19:41.5595610Z 
2026-10-07T11:19:41.5604210Z [1m[92m     Running[0m tests/view_parameter_rebinding.rs (target/debug/deps/view_parameter_rebinding-cd3368de5b7fa6de)
2026-10-07T11:19:41.5721530Z 
2026-10-07T11:19:41.5722230Z running 5 tests
2026-10-07T11:19:41.6939670Z test local_borrows_still_cannot_escape_through_reassigned_parameters ... ok
2026-10-07T11:19:41.6942590Z test rebinding_is_synthetic_and_does_not_change_signatures_or_extern_wrappers ... ok
2026-10-07T11:19:42.5417570Z test local_parameter_updates_compile_and_run_in_high_and_saved_low ... ok
2026-10-07T11:19:43.0339900Z test owning_parameters_keep_their_drop_order_when_a_view_container_is_rebound ... ok
2026-10-07T11:19:43.5164550Z test views_of_owned_record_fields_can_be_used_locally_through_parameters ... ok
2026-10-07T11:19:43.5165320Z 
2026-10-07T11:19:43.5174550Z test result: ok. 5 passed; 0 failed; 0 ignored; 0 measured; 0 filtered out; finished in 1.94s
2026-10-07T11:19:43.5175350Z 
2026-10-07T11:19:43.6155000Z ##[group]Run node --test editors/vscode-nagi/test/*.test.js scripts/test_graph_html_viewport.mjs
2026-10-07T11:19:43.6156830Z [36;1mnode --test editors/vscode-nagi/test/*.test.js scripts/test_graph_html_viewport.mjs[0m
2026-10-07T11:19:43.6590200Z shell: /bin/bash --noprofile --norc -e -o pipefail {0}
2026-10-07T11:19:43.6591330Z env:
2026-10-07T11:19:43.6592210Z   NAGI_FAILURE_DIR: /Users/runner/work/Nagi/Nagi/build/compiler-failures
2026-10-07T11:19:43.6593000Z   CARGO_HOME: /Users/runner/.cargo
2026-10-07T11:19:43.6593500Z   CARGO_INCREMENTAL: 0
2026-10-07T11:19:43.6593920Z   CARGO_TERM_COLOR: always
2026-10-07T11:19:43.6594930Z   pythonLocation: /Users/runner/hostedtoolcache/Python/3.12.10/x64
2026-10-07T11:19:43.6595970Z   PKG_CONFIG_PATH: /Users/runner/hostedtoolcache/Python/3.12.10/x64/lib/pkgconfig
2026-10-07T11:19:43.6597200Z   Python_ROOT_DIR: /Users/runner/hostedtoolcache/Python/3.12.10/x64
2026-10-07T11:19:43.6598180Z   Python2_ROOT_DIR: /Users/runner/hostedtoolcache/Python/3.12.10/x64
2026-10-07T11:19:43.6599090Z   Python3_ROOT_DIR: /Users/runner/hostedtoolcache/Python/3.12.10/x64
2026-10-07T11:19:43.6599800Z ##[endgroup]
2026-10-07T11:19:46.2952470Z TAP version 13
2026-10-07T11:19:46.6260290Z # Subtest: Actor and Turn snippets preserve all three registered type parameters
2026-10-07T11:19:46.6544170Z ok 1 - Actor and Turn snippets preserve all three registered type parameters
2026-10-07T11:19:46.6801830Z   ---
2026-10-07T11:19:46.6851770Z   duration_ms: 58.429966
2026-10-07T11:19:46.7114810Z   type: 'test'
2026-10-07T11:19:46.7196800Z   ...
2026-10-07T11:19:46.7208530Z # Subtest: same-name standard options retain their owning namespace and return type
2026-10-07T11:19:46.7218240Z ok 2 - same-name standard options retain their owning namespace and return type
2026-10-07T11:19:46.7221590Z   ---
2026-10-07T11:19:46.7263160Z   duration_ms: 14.080849
2026-10-07T11:19:46.7292250Z   type: 'test'
2026-10-07T11:19:46.7303940Z   ...
2026-10-07T11:19:46.7306970Z # Subtest: both module catalogs complete imports without merging their members
2026-10-07T11:19:46.7310950Z ok 3 - both module catalogs complete imports without merging their members
2026-10-07T11:19:46.7313750Z   ---
2026-10-07T11:19:46.7318990Z   duration_ms: 15.745936
2026-10-07T11:19:46.7322040Z   type: 'test'
2026-10-07T11:19:46.7325010Z   ...
2026-10-07T11:19:48.1430920Z # Subtest: real nagi actor symbols separate modules and preserve three-parameter handles
2026-10-07T11:19:48.1435600Z ok 4 - real nagi actor symbols separate modules and preserve three-parameter handles
2026-10-07T11:19:48.1438760Z   ---
2026-10-07T11:19:48.1441260Z   duration_ms: 1717.953013
2026-10-07T11:19:48.1443830Z   type: 'test'
2026-10-07T11:19:48.1446720Z   ...
2026-10-07T11:19:49.4361180Z # Subtest: real low actor symbols separate modules and preserve three-parameter handles
2026-10-07T11:19:49.4365290Z ok 5 - real low actor symbols separate modules and preserve three-parameter handles
2026-10-07T11:19:49.4368780Z   ---
2026-10-07T11:19:49.4371060Z   duration_ms: 1291.714182
2026-10-07T11:19:49.4373500Z   type: 'test'
2026-10-07T11:19:49.4376190Z   ...
2026-10-07T11:19:49.9575960Z # Subtest: unsaved actor dependency constants keep their own source without writing or building
2026-10-07T11:19:49.9587880Z ok 6 - unsaved actor dependency constants keep their own source without writing or building
2026-10-07T11:19:49.9591830Z   ---
2026-10-07T11:19:49.9613710Z   duration_ms: 525.950533
2026-10-07T11:19:49.9618160Z   type: 'test'
2026-10-07T11:19:49.9629400Z   ...
2026-10-07T11:19:50.0135070Z # Subtest: nagi borrowed loop locals keep their declared type and bare insertion
2026-10-07T11:19:50.0170880Z ok 7 - nagi borrowed loop locals keep their declared type and bare insertion
2026-10-07T11:19:50.0205670Z   ---
2026-10-07T11:19:50.0219060Z   duration_ms: 99.859733
2026-10-07T11:19:50.0291610Z   type: 'test'
2026-10-07T11:19:50.0303100Z   ...
2026-10-07T11:19:50.0358920Z # Subtest: nagi owned and read-only-only locals retain their existing presentation
2026-10-07T11:19:50.0370800Z ok 8 - nagi owned and read-only-only locals retain their existing presentation
2026-10-07T11:19:50.0431070Z   ---
2026-10-07T11:19:50.0442890Z   duration_ms: 8.441526
2026-10-07T11:19:50.0473900Z   type: 'test'
2026-10-07T11:19:50.0497460Z   ...
2026-10-07T11:19:50.0511780Z # Subtest: nagi borrowed receiver fields preserve the compiler read-only contract
2026-10-07T11:19:50.0584110Z ok 9 - nagi borrowed receiver fields preserve the compiler read-only contract
2026-10-07T11:19:50.0598150Z   ---
2026-10-07T11:19:50.0653570Z   duration_ms: 10.978137
2026-10-07T11:19:50.0667420Z   type: 'test'
2026-10-07T11:19:50.0707940Z   ...
2026-10-07T11:19:50.0736700Z # Subtest: low borrowed loop locals keep their declared type and bare insertion
2026-10-07T11:19:50.0751280Z ok 10 - low borrowed loop locals keep their declared type and bare insertion
2026-10-07T11:19:50.0810380Z   ---
2026-10-07T11:19:50.0822390Z   duration_ms: 18.763657
2026-10-07T11:19:50.0850010Z   type: 'test'
2026-10-07T11:19:50.0889230Z   ...
2026-10-07T11:19:50.0902290Z # Subtest: low owned and read-only-only locals retain their existing presentation
2026-10-07T11:19:50.0970940Z ok 11 - low owned and read-only-only locals retain their existing presentation
2026-10-07T11:19:50.0988560Z   ---
2026-10-07T11:19:50.1005080Z   duration_ms: 4.196199
2026-10-07T11:19:50.1047890Z   type: 'test'
2026-10-07T11:19:50.1068190Z   ...
2026-10-07T11:19:50.1135170Z # Subtest: low borrowed receiver fields preserve the compiler read-only contract
2026-10-07T11:19:50.1151390Z ok 12 - low borrowed receiver fields preserve the compiler read-only contract
2026-10-07T11:19:50.1170220Z   ---
2026-10-07T11:19:50.1215750Z   duration_ms: 1.171917
2026-10-07T11:19:50.1227510Z   type: 'test'
2026-10-07T11:19:50.1280240Z   ...
2026-10-07T11:19:50.1292970Z # Subtest: Windows diagnostics preserve the drive and convert to zero-based line
2026-10-07T11:19:50.1348570Z ok 13 - Windows diagnostics preserve the drive and convert to zero-based line
2026-10-07T11:19:50.1360770Z   ---
2026-10-07T11:19:50.1419140Z   duration_ms: 3.518111
2026-10-07T11:19:50.1433660Z   type: 'test'
2026-10-07T11:19:50.1488590Z   ...
2026-10-07T11:19:50.1504240Z # Subtest: symbol positions use UTF-16 ranges and exclude whitespace and other files
2026-10-07T11:19:50.1588470Z ok 14 - symbol positions use UTF-16 ranges and exclude whitespace and other files
2026-10-07T11:19:50.1652450Z   ---
2026-10-07T11:19:50.1666150Z   duration_ms: 2.489821
2026-10-07T11:19:50.1731050Z   type: 'test'
2026-10-07T11:19:50.1747050Z   ...
2026-10-07T11:19:50.1818530Z # Subtest: Low integration errors and process errors have usable fallback locations
2026-10-07T11:19:50.1834610Z ok 15 - Low integration errors and process errors have usable fallback locations
2026-10-07T11:19:50.1886260Z   ---
2026-10-07T11:19:50.1898540Z   duration_ms: 0.615896
2026-10-07T11:19:50.1955650Z   type: 'test'
2026-10-07T11:19:50.1970490Z   ...
2026-10-07T11:19:50.2033460Z # Subtest: Rust arguments remain separate and long Windows paths normalize
2026-10-07T11:19:50.2035720Z ok 16 - Rust arguments remain separate and long Windows paths normalize
2026-10-07T11:19:50.2045420Z   ---
2026-10-07T11:19:50.2112240Z   duration_ms: 0.488119
2026-10-07T11:19:50.2127000Z   type: 'test'
2026-10-07T11:19:50.2190870Z   ...
2026-10-07T11:19:50.2206700Z # Subtest: diagnostic file identities resolve symlinks and Windows path spelling
2026-10-07T11:19:50.2259470Z ok 17 - diagnostic file identities resolve symlinks and Windows path spelling
2026-10-07T11:19:50.2269570Z   ---
2026-10-07T11:19:50.2282970Z   duration_ms: 7.112567
2026-10-07T11:19:50.2341450Z   type: 'test'
2026-10-07T11:19:50.2355800Z   ...
2026-10-07T11:19:50.2418210Z # Subtest: task matcher accepts Nagi frontend and mapped backend positions only
2026-10-07T11:19:50.2432350Z ok 18 - task matcher accepts Nagi frontend and mapped backend positions only
2026-10-07T11:19:50.2495080Z   ---
2026-10-07T11:19:50.2507710Z   duration_ms: 1.971422
2026-10-07T11:19:50.2562290Z   type: 'test'
2026-10-07T11:19:50.2580900Z   ...
2026-10-07T11:19:50.2649240Z # Subtest: files and native paths are individual arguments with isolated check output
2026-10-07T11:19:50.2666290Z ok 19 - files and native paths are individual arguments with isolated check output
2026-10-07T11:19:50.2745320Z   ---
2026-10-07T11:19:50.2762620Z   duration_ms: 4.393842
2026-10-07T11:19:50.2769500Z   type: 'test'
2026-10-07T11:19:50.2834530Z   ...
2026-10-07T11:19:50.2852800Z # Subtest: configured compiler paths are workspace relative; PATH remains a fallback
2026-10-07T11:19:50.2926320Z ok 20 - configured compiler paths are workspace relative; PATH remains a fallback
2026-10-07T11:19:50.2941600Z   ---
2026-10-07T11:19:50.3008030Z   duration_ms: 0.999632
2026-10-07T11:19:50.3023570Z   type: 'test'
2026-10-07T11:19:50.3084770Z   ...
2026-10-07T11:19:50.3215270Z # Subtest: compiler execution does not interpret shell metacharacters
2026-10-07T11:19:50.3230920Z ok 21 - compiler execution does not interpret shell metacharacters
2026-10-07T11:19:50.3254190Z   ---
2026-10-07T11:19:50.3301190Z   duration_ms: 109.15057
2026-10-07T11:19:50.3313340Z   type: 'test'
2026-10-07T11:19:50.3352970Z   ...
2026-10-07T11:19:50.3365890Z # Subtest: real Nagi checker diagnoses a source error
2026-10-07T11:19:50.3370880Z ok 22 - real Nagi checker diagnoses a source error
2026-10-07T11:19:50.3382250Z   ---
2026-10-07T11:19:50.3442820Z   duration_ms: 17.502767
2026-10-07T11:19:50.3457440Z   type: 'test'
2026-10-07T11:19:50.3522000Z   ...
2026-10-07T11:19:50.3535620Z # Subtest: missing compiler is reported as an execution problem
2026-10-07T11:19:50.3604350Z ok 23 - missing compiler is reported as an execution problem
2026-10-07T11:19:50.3619490Z   ---
2026-10-07T11:19:50.3682130Z   duration_ms: 2.747025
2026-10-07T11:19:50.3693620Z   type: 'test'
2026-10-07T11:19:50.3758130Z   ...
2026-10-07T11:19:50.3772350Z # Subtest: timed out checker is reported as an execution problem
2026-10-07T11:19:50.3837500Z ok 24 - timed out checker is reported as an execution problem
2026-10-07T11:19:50.3854630Z   ---
2026-10-07T11:19:50.3923370Z   duration_ms: 255.066053
2026-10-07T11:19:50.3935820Z   type: 'test'
2026-10-07T11:19:50.3998770Z   ...
2026-10-07T11:19:50.4012680Z # Subtest: nearest manifest wins and project arguments delegate entry selection to nagic
2026-10-07T11:19:50.4075350Z ok 25 - nearest manifest wins and project arguments delegate entry selection to nagic
2026-10-07T11:19:50.4086570Z   ---
2026-10-07T11:19:50.4133600Z   duration_ms: 1.732356
2026-10-07T11:19:50.4143770Z   type: 'test'
2026-10-07T11:19:50.4160170Z   ...
2026-10-07T11:19:50.4233520Z # Subtest: real checker resolves a helper through its manifest entry rather than checking it alone
2026-10-07T11:19:50.4245810Z ok 26 - real checker resolves a helper through its manifest entry rather than checking it alone
2026-10-07T11:19:50.4405900Z   ---
2026-10-07T11:19:50.4420060Z   duration_ms: 15.349656
2026-10-07T11:19:50.4454380Z   type: 'test'
2026-10-07T11:19:50.4490120Z   ...
2026-10-07T11:19:50.4501900Z # Subtest: real symbol query navigates from a helper to its entry-defined function
2026-10-07T11:19:50.4505680Z ok 27 - real symbol query navigates from a helper to its entry-defined function
2026-10-07T11:19:50.4601460Z   ---
2026-10-07T11:19:50.4614750Z   duration_ms: 286.313405
2026-10-07T11:19:50.4674560Z   type: 'test'
2026-10-07T11:19:50.4686080Z   ...
2026-10-07T11:19:50.4705000Z # Subtest: enum completion includes own/imported type namespaces and never bare variants
2026-10-07T11:19:50.4775130Z ok 28 - enum completion includes own/imported type namespaces and never bare variants
2026-10-07T11:19:50.4789850Z   ---
2026-10-07T11:19:50.4878500Z   duration_ms: 11.872358
2026-10-07T11:19:50.4881970Z   type: 'test'
2026-10-07T11:19:50.4947420Z   ...
2026-10-07T11:19:50.4959500Z # Subtest: enum type positions offer enum types and exclude variant values
2026-10-07T11:19:50.5012750Z ok 29 - enum type positions offer enum types and exclude variant values
2026-10-07T11:19:50.5027730Z   ---
2026-10-07T11:19:50.5043760Z   duration_ms: 1.994151
2026-10-07T11:19:50.5110390Z   type: 'test'
2026-10-07T11:19:50.5178410Z   ...
2026-10-07T11:19:50.5193680Z # Subtest: unit/payload variant hover and payload signatures preserve alias-qualified spelling
2026-10-07T11:19:50.5333540Z ok 30 - unit/payload variant hover and payload signatures preserve alias-qualified spelling
2026-10-07T11:19:50.5349340Z   ---
2026-10-07T11:19:50.5356420Z   duration_ms: 4.393771
2026-10-07T11:19:50.5361010Z   type: 'test'
2026-10-07T11:19:50.5363100Z   ...
2026-10-07T11:19:50.5416300Z # Subtest: nested variant declaration references resolve hover and F12 without exporting names
2026-10-07T11:19:50.5422010Z ok 31 - nested variant declaration references resolve hover and F12 without exporting names
2026-10-07T11:19:50.5429950Z   ---
2026-10-07T11:19:50.5489040Z   duration_ms: 2.160651
2026-10-07T11:19:50.5497610Z   type: 'test'
2026-10-07T11:19:50.5499390Z   ...
2026-10-07T11:19:50.5550290Z # Subtest: lexical values that shadow enum/module roots suppress type namespaces
2026-10-07T11:19:50.5567710Z ok 32 - lexical values that shadow enum/module roots suppress type namespaces
2026-10-07T11:19:50.5636400Z   ---
2026-10-07T11:19:50.5650610Z   duration_ms: 5.511175
2026-10-07T11:19:50.5906810Z   type: 'test'
2026-10-07T11:19:50.5917160Z   ...
2026-10-07T11:19:50.5940110Z # Subtest: typed failure help exposes an error value without requiring builtin Error
2026-10-07T11:19:50.5974750Z ok 33 - typed failure help exposes an error value without requiring builtin Error
2026-10-07T11:19:50.5985940Z   ---
2026-10-07T11:19:50.6039080Z   duration_ms: 0.992167
2026-10-07T11:19:50.6052780Z   type: 'test'
2026-10-07T11:19:50.6112940Z   ...
2026-10-07T11:19:50.6127620Z # Subtest: Result patterns have completion hover and argument help only after case
2026-10-07T11:19:50.6186460Z ok 34 - Result patterns have completion hover and argument help only after case
2026-10-07T11:19:50.6199070Z   ---
2026-10-07T11:19:50.6256130Z   duration_ms: 1.857518
2026-10-07T11:19:50.6270950Z   type: 'test'
2026-10-07T11:19:50.6333310Z   ...
2026-10-07T11:19:50.6345750Z # Subtest: real nagi enum symbols preserve aliases, payload help and declaration targets
2026-10-07T11:19:50.6395920Z ok 35 - real nagi enum symbols preserve aliases, payload help and declaration targets
2026-10-07T11:19:50.6408550Z   ---
2026-10-07T11:19:50.6474010Z   duration_ms: 351.098464
2026-10-07T11:19:50.6487110Z   type: 'test'
2026-10-07T11:19:50.6553520Z   ...
2026-10-07T11:19:50.6571120Z # Subtest: real low enum symbols preserve aliases, payload help and declaration targets
2026-10-07T11:19:50.6654440Z ok 36 - real low enum symbols preserve aliases, payload help and declaration targets
2026-10-07T11:19:50.6671430Z   ---
2026-10-07T11:19:50.6733740Z   duration_ms: 286.116214
2026-10-07T11:19:50.6753890Z   type: 'test'
2026-10-07T11:19:50.6817860Z   ...
2026-10-07T11:19:50.6830160Z # Subtest: unsaved enum changes update payloads and F12 without writing source or building
2026-10-07T11:19:50.6837700Z ok 37 - unsaved enum changes update payloads and F12 without writing source or building
2026-10-07T11:19:50.6849380Z   ---
2026-10-07T11:19:50.6865470Z   duration_ms: 330.668761
2026-10-07T11:19:50.6871030Z   type: 'test'
2026-10-07T11:19:50.6889100Z   ...
2026-10-07T11:19:50.6891510Z # Subtest: hover preserves declared async/nullable types and class fields but skips locals, members and comments
2026-10-07T11:19:50.6903420Z ok 38 - hover preserves declared async/nullable types and class fields but skips locals, members and comments
2026-10-07T11:19:50.6945180Z   ---
2026-10-07T11:19:50.6951230Z   duration_ms: 3.198628
2026-10-07T11:19:50.6964110Z   type: 'test'
2026-10-07T11:19:50.6979330Z   ...
2026-10-07T11:19:50.7013800Z # Subtest: completion works on incomplete prefixes and inserts positional calls or named class fields
2026-10-07T11:19:50.7046760Z ok 39 - completion works on incomplete prefixes and inserts positional calls or named class fields
2026-10-07T11:19:50.7061550Z   ---
2026-10-07T11:19:50.7325150Z   duration_ms: 2.626268
2026-10-07T11:19:50.7710350Z   type: 'test'
2026-10-07T11:19:50.7761940Z   ...
2026-10-07T11:19:50.7774430Z # Subtest: type positions offer classes and type constructors rather than value calls
2026-10-07T11:19:50.7824350Z ok 40 - type positions offer classes and type constructors rather than value calls
2026-10-07T11:19:50.7835670Z   ---
2026-10-07T11:19:50.7888290Z   duration_ms: 3.408454
2026-10-07T11:19:50.7899550Z   type: 'test'
2026-10-07T11:19:50.7953390Z   ...
2026-10-07T11:19:50.7961370Z # Subtest: a class named Future completes as its declared type rather than a generic builtin
2026-10-07T11:19:50.7969390Z ok 41 - a class named Future completes as its declared type rather than a generic builtin
2026-10-07T11:19:50.7989780Z   ---
2026-10-07T11:19:50.8025800Z   duration_ms: 0.512822
2026-10-07T11:19:50.8031360Z   type: 'test'
2026-10-07T11:19:50.8123230Z   ...
2026-10-07T11:19:50.9128350Z # Subtest: signature argument tracking ignores nested calls, strings, arrays and generic arguments
2026-10-07T11:19:51.0130050Z ok 42 - signature argument tracking ignores nested calls, strings, arrays and generic arguments
2026-10-07T11:19:51.1133850Z   ---
2026-10-07T11:19:51.1744980Z   duration_ms: 1.5875
2026-10-07T11:19:51.1902320Z   type: 'test'
2026-10-07T11:19:51.2572840Z   ...
2026-10-07T11:19:51.2587950Z # Subtest: local hovers use the exact UTF-16 occurrence and file rather than a shared name
2026-10-07T11:19:51.2663670Z ok 43 - local hovers use the exact UTF-16 occurrence and file rather than a shared name
2026-10-07T11:19:51.2677740Z   ---
2026-10-07T11:19:51.2743890Z   duration_ms: 1.337111
2026-10-07T11:19:51.2756540Z   type: 'test'
2026-10-07T11:19:51.2819660Z   ...
2026-10-07T11:19:51.2832990Z # Subtest: member analysis masks just the edited member and preserves UTF-16 and CRLF positions
2026-10-07T11:19:51.2890840Z ok 44 - member analysis masks just the edited member and preserves UTF-16 and CRLF positions
2026-10-07T11:19:51.2904140Z   ---
2026-10-07T11:19:51.2962300Z   duration_ms: 0.243873
2026-10-07T11:19:51.2978630Z   type: 'test'
2026-10-07T11:19:51.3052790Z   ...
2026-10-07T11:19:51.3069110Z # Subtest: field candidates come from the receiver occurrence and never from saved or other-file types
2026-10-07T11:19:51.3120580Z ok 45 - field candidates come from the receiver occurrence and never from saved or other-file types
2026-10-07T11:19:51.3148660Z   ---
2026-10-07T11:19:51.3162950Z   duration_ms: 0.814002
2026-10-07T11:19:51.3234640Z   type: 'test'
2026-10-07T11:19:51.3251670Z   ...
2026-10-07T11:19:51.3288010Z # Subtest: a trailing member binds inside try/await unless the receiver is parenthesized
2026-10-07T11:19:51.3317450Z ok 46 - a trailing member binds inside try/await unless the receiver is parenthesized
2026-10-07T11:19:51.3330600Z   ---
2026-10-07T11:19:51.3337470Z   duration_ms: 0.615741
2026-10-07T11:19:51.3386400Z   type: 'test'
2026-10-07T11:19:51.3399340Z   ...
2026-10-07T11:19:51.3465420Z # Subtest: builtin completion catalog matches compiler arities and required type arguments
2026-10-07T11:19:51.3481860Z ok 47 - builtin completion catalog matches compiler arities and required type arguments
2026-10-07T11:19:51.3544120Z   ---
2026-10-07T11:19:51.3555650Z   duration_ms: 6.040073
2026-10-07T11:19:51.3608830Z   type: 'test'
2026-10-07T11:19:51.3633010Z   ...
2026-10-07T11:19:51.3731380Z # Subtest: builtin help preserves conversion, SQLite, async and callback contracts
2026-10-07T11:19:51.3734930Z ok 48 - builtin help preserves conversion, SQLite, async and callback contracts
2026-10-07T11:19:51.3796400Z   ---
2026-10-07T11:19:51.3808160Z   duration_ms: 0.714054
2026-10-07T11:19:51.3878160Z   type: 'test'
2026-10-07T11:19:51.3894760Z   ...
2026-10-07T11:19:51.3913540Z # Subtest: function and nullable types complete inside all supported generic builtin contexts
2026-10-07T11:19:51.3960790Z ok 49 - function and nullable types complete inside all supported generic builtin contexts
2026-10-07T11:19:51.3974790Z   ---
2026-10-07T11:19:51.4039750Z   duration_ms: 1.251434
2026-10-07T11:19:51.4058360Z   type: 'test'
2026-10-07T11:19:51.4114350Z   ...
2026-10-07T11:19:51.4127330Z # Subtest: completion preserves existing generic arguments and call parentheses
2026-10-07T11:19:51.4196820Z ok 50 - completion preserves existing generic arguments and call parentheses
2026-10-07T11:19:51.4208000Z   ---
2026-10-07T11:19:51.4217200Z   duration_ms: 0.640886
2026-10-07T11:19:51.4223280Z   type: 'test'
2026-10-07T11:19:51.4281660Z   ...
2026-10-07T11:19:51.4297890Z # Subtest: unindented Low fn, record and enum bodies keep their closing braces visible
2026-10-07T11:19:51.4357190Z ok 51 - unindented Low fn, record and enum bodies keep their closing braces visible
2026-10-07T11:19:51.4369730Z   ---
2026-10-07T11:19:51.4431040Z   duration_ms: 2.474283
2026-10-07T11:19:51.4445130Z   type: 'test'
2026-10-07T11:19:51.4499920Z   ...
2026-10-07T11:19:51.4511840Z # Subtest: nested match, case, scope and branch bodies fold at each opening line
2026-10-07T11:19:51.4573810Z ok 52 - nested match, case, scope and branch bodies fold at each opening line
2026-10-07T11:19:51.4585890Z   ---
2026-10-07T11:19:51.4655320Z   duration_ms: 0.398999
2026-10-07T11:19:51.4667960Z   type: 'test'
2026-10-07T11:19:51.4730720Z   ...
2026-10-07T11:19:51.4744760Z # Subtest: multiline fn and async fn draft headers join their body in one fold
2026-10-07T11:19:51.4795180Z ok 53 - multiline fn and async fn draft headers join their body in one fold
2026-10-07T11:19:51.4807100Z   ---
2026-10-07T11:19:51.4858210Z   duration_ms: 0.325365
2026-10-07T11:19:51.4871890Z   type: 'test'
2026-10-07T11:19:51.5247620Z   ...
2026-10-07T11:19:51.5363060Z # Subtest: strings and comments do not create or close folds
2026-10-07T11:19:51.5584450Z ok 54 - strings and comments do not create or close folds
2026-10-07T11:19:51.5587410Z   ---
2026-10-07T11:19:51.5590460Z   duration_ms: 0.230683
2026-10-07T11:19:51.5592900Z   type: 'test'
2026-10-07T11:19:51.5595230Z   ...
2026-10-07T11:19:51.5598440Z # Subtest: crossed, stray and unclosed delimiters cannot invent brace folds
2026-10-07T11:19:51.5601780Z ok 55 - crossed, stray and unclosed delimiters cannot invent brace folds
2026-10-07T11:19:51.5604420Z   ---
2026-10-07T11:19:51.5606750Z   duration_ms: 0.35712
2026-10-07T11:19:51.5609080Z   type: 'test'
2026-10-07T11:19:51.5614680Z   ...
2026-10-07T11:19:51.5617640Z # Subtest: matched call and list continuations guard bodies without separate folds
2026-10-07T11:19:51.5620790Z ok 56 - matched call and list continuations guard bodies without separate folds
2026-10-07T11:19:51.5622800Z   ---
2026-10-07T11:19:51.5624410Z   duration_ms: 0.206289
2026-10-07T11:19:51.5625990Z   type: 'test'
2026-10-07T11:19:51.5627480Z   ...
2026-10-07T11:19:51.5629760Z # Subtest: completed declarations and unrelated lines do not donate a header to another body
2026-10-07T11:19:51.5632650Z ok 57 - completed declarations and unrelated lines do not donate a header to another body
2026-10-07T11:19:51.5634730Z   ---
2026-10-07T11:19:51.5636220Z   duration_ms: 1.377097
2026-10-07T11:19:51.5637780Z   type: 'test'
2026-10-07T11:19:51.5639360Z   ...
2026-10-07T11:19:51.5641610Z # Subtest: single-line and empty bodies are omitted and each start line has one fold
2026-10-07T11:19:51.5644350Z ok 58 - single-line and empty bodies are omitted and each start line has one fold
2026-10-07T11:19:51.5647650Z   ---
2026-10-07T11:19:51.5649590Z   duration_ms: 0.186104
2026-10-07T11:19:51.5651190Z   type: 'test'
2026-10-07T11:19:51.5652690Z   ...
2026-10-07T11:19:51.5655040Z # Subtest: inline closing braces fold the final statement while delimiter-only closers stay visible
2026-10-07T11:19:51.5659040Z ok 59 - inline closing braces fold the final statement while delimiter-only closers stay visible
2026-10-07T11:19:51.5669680Z   ---
2026-10-07T11:19:51.5671830Z   duration_ms: 0.468305
2026-10-07T11:19:51.5674090Z   type: 'test'
2026-10-07T11:19:51.5676140Z   ...
2026-10-07T11:19:51.5678420Z # Subtest: High Function snippet defaults compile in their declared context
2026-10-07T11:19:51.5681810Z ok 60 - High Function snippet defaults compile in their declared context
2026-10-07T11:19:51.5683980Z   ---
2026-10-07T11:19:51.5685670Z   duration_ms: 18.552914
2026-10-07T11:19:51.5687870Z   type: 'test'
2026-10-07T11:19:51.5697350Z   ...
2026-10-07T11:19:51.5699440Z # Subtest: High Class snippet defaults compile in their declared context
2026-10-07T11:19:51.5701890Z ok 61 - High Class snippet defaults compile in their declared context
2026-10-07T11:19:51.5703780Z   ---
2026-10-07T11:19:51.5705300Z   duration_ms: 13.381712
2026-10-07T11:19:51.5706880Z   type: 'test'
2026-10-07T11:19:51.5708380Z   ...
2026-10-07T11:19:51.5710410Z # Subtest: High Enum snippet defaults compile in their declared context
2026-10-07T11:19:51.5714250Z ok 62 - High Enum snippet defaults compile in their declared context
2026-10-07T11:19:51.5716770Z   ---
2026-10-07T11:19:51.5718680Z   duration_ms: 13.17288
2026-10-07T11:19:51.5720660Z   type: 'test'
2026-10-07T11:19:51.5722420Z   ...
2026-10-07T11:19:51.5724430Z # Subtest: High Main snippet defaults compile in their declared context
2026-10-07T11:19:51.5726970Z ok 63 - High Main snippet defaults compile in their declared context
2026-10-07T11:19:51.5729740Z   ---
2026-10-07T11:19:51.5732030Z   duration_ms: 10.672972
2026-10-07T11:19:51.5733660Z   type: 'test'
2026-10-07T11:19:51.5735160Z   ...
2026-10-07T11:19:51.5737220Z # Subtest: High Async main snippet defaults compile in their declared context
2026-10-07T11:19:51.5739740Z ok 64 - High Async main snippet defaults compile in their declared context
2026-10-07T11:19:51.5742810Z   ---
2026-10-07T11:19:51.5744380Z   duration_ms: 12.277189
2026-10-07T11:19:51.5746510Z   type: 'test'
2026-10-07T11:19:51.5748010Z   ...
2026-10-07T11:19:51.5750230Z # Subtest: High HTTP server snippet defaults compile in their declared context
2026-10-07T11:19:51.5752770Z ok 65 - High HTTP server snippet defaults compile in their declared context
2026-10-07T11:19:51.5754550Z   ---
2026-10-07T11:19:51.5755860Z   duration_ms: 356.112321
2026-10-07T11:19:51.5757670Z   type: 'test'
2026-10-07T11:19:51.5759460Z   ...
2026-10-07T11:19:51.5761760Z # Subtest: High GET handler snippet defaults compile in their declared context
2026-10-07T11:19:51.5764660Z ok 66 - High GET handler snippet defaults compile in their declared context
2026-10-07T11:19:51.5766000Z   ---
2026-10-07T11:19:51.5766560Z   duration_ms: 22.065171
2026-10-07T11:19:51.5767310Z   type: 'test'
2026-10-07T11:19:51.5768060Z   ...
2026-10-07T11:19:51.5769560Z # Subtest: High POST handler snippet defaults compile in their declared context
2026-10-07T11:19:51.5771300Z ok 67 - High POST handler snippet defaults compile in their declared context
2026-10-07T11:19:51.5772320Z   ---
2026-10-07T11:19:51.5773000Z   duration_ms: 24.467631
2026-10-07T11:19:51.5773610Z   type: 'test'
2026-10-07T11:19:51.5774100Z   ...
2026-10-07T11:19:51.5775460Z # Subtest: High Loop snippet defaults compile in their declared context
2026-10-07T11:19:51.5776890Z ok 68 - High Loop snippet defaults compile in their declared context
2026-10-07T11:19:51.5778680Z   ---
2026-10-07T11:19:51.5779320Z   duration_ms: 15.180777
2026-10-07T11:19:51.5783020Z   type: 'test'
2026-10-07T11:19:51.5784660Z   ...
2026-10-07T11:19:51.5788590Z # Subtest: High Borrowed array snippet defaults compile in their declared context
2026-10-07T11:19:51.5793110Z ok 69 - High Borrowed array snippet defaults compile in their declared context
2026-10-07T11:19:51.5795410Z   ---
2026-10-07T11:19:51.5819080Z   duration_ms: 12.765388
2026-10-07T11:19:51.5835700Z   type: 'test'
2026-10-07T11:19:51.5837330Z   ...
2026-10-07T11:19:51.5840510Z # Subtest: High Result match snippet defaults compile in their declared context
2026-10-07T11:19:51.5842960Z ok 70 - High Result match snippet defaults compile in their declared context
2026-10-07T11:19:51.5845340Z   ---
2026-10-07T11:19:51.5847780Z   duration_ms: 12.070531
2026-10-07T11:19:51.5849560Z   type: 'test'
2026-10-07T11:19:51.5851210Z   ...
2026-10-07T11:19:51.5853670Z # Subtest: High Nullable match snippet defaults compile in their declared context
2026-10-07T11:19:51.5856920Z ok 71 - High Nullable match snippet defaults compile in their declared context
2026-10-07T11:19:51.5858760Z   ---
2026-10-07T11:19:51.5860080Z   duration_ms: 11.358198
2026-10-07T11:19:51.5861530Z   type: 'test'
2026-10-07T11:19:51.5862810Z   ...
2026-10-07T11:19:51.5865140Z # Subtest: real High quoted imports complete class enum and function names without calls
2026-10-07T11:19:51.5867890Z ok 72 - real High quoted imports complete class enum and function names without calls
2026-10-07T11:19:51.5869920Z   ---
2026-10-07T11:19:51.5871390Z   duration_ms: 318.286604
2026-10-07T11:19:51.5878900Z   type: 'test'
2026-10-07T11:19:51.5881430Z   ...
2026-10-07T11:19:51.5884680Z # Subtest: real High quoted imports complete class enum and function names without calls through a directory alias
2026-10-07T11:19:51.5888020Z ok 73 - real High quoted imports complete class enum and function names without calls through a directory alias
2026-10-07T11:19:51.5890110Z   ---
2026-10-07T11:19:51.5891430Z   duration_ms: 302.277949
2026-10-07T11:19:51.5892950Z   type: 'test'
2026-10-07T11:19:51.5894350Z   ...
2026-10-07T11:19:51.5896530Z # Subtest: real Low quoted imports complete class enum and function names without calls
2026-10-07T11:19:51.5899750Z ok 74 - real Low quoted imports complete class enum and function names without calls
2026-10-07T11:19:51.5901580Z   ---
2026-10-07T11:19:51.5902920Z   duration_ms: 308.438807
2026-10-07T11:19:51.5904360Z   type: 'test'
2026-10-07T11:19:51.5906030Z   ...
2026-10-07T11:19:51.5908410Z # Subtest: real Low quoted imports complete class enum and function names without calls through a directory alias
2026-10-07T11:19:51.5911530Z ok 75 - real Low quoted imports complete class enum and function names without calls through a directory alias
2026-10-07T11:19:51.5913610Z   ---
2026-10-07T11:19:51.5914940Z   duration_ms: 287.28711
2026-10-07T11:19:51.5916340Z   type: 'test'
2026-10-07T11:19:51.5917640Z   ...
2026-10-07T11:19:51.5920640Z # Subtest: canonical source aliases share one identity per request and refresh after a symlink changes
2026-10-07T11:19:51.5923550Z ok 76 - canonical source aliases share one identity per request and refresh after a symlink changes
2026-10-07T11:19:51.5925590Z   ---
2026-10-07T11:19:51.5940070Z   duration_ms: 9.283552
2026-10-07T11:19:51.5941740Z   type: 'test'
2026-10-07T11:19:51.5943070Z   ...
2026-10-07T11:19:51.5945060Z # Subtest: standard source identities remain logical IDs without filesystem lookups
2026-10-07T11:19:51.5947570Z ok 77 - standard source identities remain logical IDs without filesystem lookups
2026-10-07T11:19:51.5949400Z   ---
2026-10-07T11:19:51.5950720Z   duration_ms: 2.028287
2026-10-07T11:19:51.5953260Z   type: 'test'
2026-10-07T11:19:51.5955190Z   ...
2026-10-07T11:19:51.5957740Z # Subtest: High block headers indent one level, including main, async, match and case
2026-10-07T11:19:51.5961620Z ok 78 - High block headers indent one level, including main, async, match and case
2026-10-07T11:19:51.5965550Z   ---
2026-10-07T11:19:51.5967720Z   duration_ms: 3.15537
2026-10-07T11:19:51.5969570Z   type: 'test'
2026-10-07T11:19:51.5971320Z   ...
2026-10-07T11:19:51.5973920Z # Subtest: else uses the matching if indentation after nested bodies and comments
2026-10-07T11:19:51.5977200Z ok 79 - else uses the matching if indentation after nested bodies and comments
2026-10-07T11:19:51.5979560Z   ---
2026-10-07T11:19:51.5981250Z   duration_ms: 0.437705
2026-10-07T11:19:51.5983030Z   type: 'test'
2026-10-07T11:19:51.5984700Z   ...
2026-10-07T11:19:51.5987030Z # Subtest: first and following cases align under their nearest match
2026-10-07T11:19:51.5989930Z ok 80 - first and following cases align under their nearest match
2026-10-07T11:19:51.5992120Z   ---
2026-10-07T11:19:51.5993810Z   duration_ms: 1.516023
2026-10-07T11:19:51.5995580Z   type: 'test'
2026-10-07T11:19:51.5997250Z   ...
2026-10-07T11:19:51.6004290Z # Subtest: immediate Enter after else/case aligns the branch and its new body together
2026-10-07T11:19:51.6009560Z ok 81 - immediate Enter after else/case aligns the branch and its new body together
2026-10-07T11:19:51.6012290Z   ---
2026-10-07T11:19:51.6013890Z   duration_ms: 0.242365
2026-10-07T11:19:51.6015760Z   type: 'test'
2026-10-07T11:19:51.6017200Z   ...
2026-10-07T11:19:51.6019270Z # Subtest: explicitly dedented outer branches keep their matching outer block
2026-10-07T11:19:51.6022340Z ok 82 - explicitly dedented outer branches keep their matching outer block
2026-10-07T11:19:51.6024880Z   ---
2026-10-07T11:19:51.6026710Z   duration_ms: 0.35116
2026-10-07T11:19:51.6028890Z   type: 'test'
2026-10-07T11:19:51.6030810Z   ...
2026-10-07T11:19:51.6033270Z # Subtest: multiline case headers move together when colon is typed or Enter cancels it
2026-10-07T11:19:51.6037010Z ok 83 - multiline case headers move together when colon is typed or Enter cancels it
2026-10-07T11:19:51.6039490Z   ---
2026-10-07T11:19:51.6041230Z   duration_ms: 0.26662
2026-10-07T11:19:51.6043830Z   type: 'test'
2026-10-07T11:19:51.6045550Z   ...
2026-10-07T11:19:51.6048710Z # Subtest: multiline calls, lists and nested delimiters indent and align closing lines
2026-10-07T11:19:51.6064200Z ok 84 - multiline calls, lists and nested delimiters indent and align closing lines
2026-10-07T11:19:51.6067740Z   ---
2026-10-07T11:19:51.6069810Z   duration_ms: 0.245231
2026-10-07T11:19:51.6071710Z   type: 'test'
2026-10-07T11:19:51.6073570Z   ...
2026-10-07T11:19:51.6076000Z # Subtest: strings, escapes and comments never create fake blocks or brackets
2026-10-07T11:19:51.6079250Z ok 85 - strings, escapes and comments never create fake blocks or brackets
2026-10-07T11:19:51.6082070Z   ---
2026-10-07T11:19:51.6086020Z   duration_ms: 0.286261
2026-10-07T11:19:51.6089940Z   type: 'test'
2026-10-07T11:19:51.6092020Z   ...
2026-10-07T11:19:51.6094950Z # Subtest: an unfinished string on an earlier line does not disable later indentation
2026-10-07T11:19:51.6098460Z ok 86 - an unfinished string on an earlier line does not disable later indentation
2026-10-07T11:19:51.6101090Z   ---
2026-10-07T11:19:51.6103240Z   duration_ms: 0.548215
2026-10-07T11:19:51.6105230Z   type: 'test'
2026-10-07T11:19:51.6107160Z   ...
2026-10-07T11:19:51.6110000Z # Subtest: indentation respects two spaces, tabs, CRLF and Low brace blocks
2026-10-07T11:19:51.6113350Z ok 87 - indentation respects two spaces, tabs, CRLF and Low brace blocks
2026-10-07T11:19:51.6117030Z   ---
2026-10-07T11:19:51.6118920Z   duration_ms: 0.574064
2026-10-07T11:19:51.6120750Z   type: 'test'
2026-10-07T11:19:51.6122470Z   ...
2026-10-07T11:19:51.6125160Z # Subtest: Low native indentation rules ignore braces in comments and escaped strings
2026-10-07T11:19:51.6128910Z ok 88 - Low native indentation rules ignore braces in comments and escaped strings
2026-10-07T11:19:51.6131580Z   ---
2026-10-07T11:19:51.6133080Z   duration_ms: 0.816587
2026-10-07T11:19:51.6134910Z   type: 'test'
2026-10-07T11:19:51.6136270Z   ...
2026-10-07T11:19:52.3215980Z # Subtest: real checker completes arguments, inferred locals, chains, calls, index receivers and match payloads
2026-10-07T11:19:52.3219600Z ok 89 - real checker completes arguments, inferred locals, chains, calls, index receivers and match payloads
2026-10-07T11:19:52.3222360Z   ---
2026-10-07T11:19:52.3223920Z   duration_ms: 3547.175579
2026-10-07T11:19:52.3225640Z   type: 'test'
2026-10-07T11:19:52.3227190Z   ...
2026-10-07T11:19:54.9219890Z # Subtest: real checker suppresses fields for unknown, moved, out-of-scope and wrapped values
2026-10-07T11:19:54.9224140Z ok 90 - real checker suppresses fields for unknown, moved, out-of-scope and wrapped values
2026-10-07T11:19:54.9227320Z   ---
2026-10-07T11:19:54.9229710Z   duration_ms: 2608.298014
2026-10-07T11:19:54.9232030Z   type: 'test'
2026-10-07T11:19:54.9233680Z   ...
2026-10-07T11:19:55.5075290Z # Subtest: real unsaved High/Low imports supply local hovers and fields with UTF-16 positions
2026-10-07T11:19:55.5081370Z ok 91 - real unsaved High/Low imports supply local hovers and fields with UTF-16 positions
2026-10-07T11:19:55.5086710Z   ---
2026-10-07T11:19:55.5089940Z   duration_ms: 588.362126
2026-10-07T11:19:55.5090780Z   type: 'test'
2026-10-07T11:19:55.5091370Z   ...
2026-10-07T11:19:56.9516150Z # Subtest: real Low completion isolates same-line scopes, restores outer loop variables and handles CRLF
2026-10-07T11:19:56.9518160Z ok 92 - real Low completion isolates same-line scopes, restores outer loop variables and handles CRLF
2026-10-07T11:19:56.9519200Z   ---
2026-10-07T11:19:56.9519600Z   duration_ms: 1447.450128
2026-10-07T11:19:56.9520070Z   type: 'test'
2026-10-07T11:19:56.9520450Z   ...
2026-10-07T11:19:56.9623090Z # Subtest: checked local values replace same-name class and builtin call insertions
2026-10-07T11:19:56.9624670Z ok 93 - checked local values replace same-name class and builtin call insertions
2026-10-07T11:19:56.9625530Z   ---
2026-10-07T11:19:56.9625990Z   duration_ms: 4.55742
2026-10-07T11:19:56.9626480Z   type: 'test'
2026-10-07T11:19:56.9626860Z   ...
2026-10-07T11:19:56.9628160Z # Subtest: lexical references without local types never insert an unrelated global call
2026-10-07T11:19:56.9630080Z ok 94 - lexical references without local types never insert an unrelated global call
2026-10-07T11:19:56.9631820Z   ---
2026-10-07T11:19:56.9632430Z   duration_ms: 0.801135
2026-10-07T11:19:56.9632890Z   type: 'test'
2026-10-07T11:19:56.9633280Z   ...
2026-10-07T11:19:56.9634340Z # Subtest: partial and saved occurrences keep global names without guessing local scopes
2026-10-07T11:19:56.9636180Z ok 95 - partial and saved occurrences keep global names without guessing local scopes
2026-10-07T11:19:56.9637120Z   ---
2026-10-07T11:19:56.9637530Z   duration_ms: 2.471664
2026-10-07T11:19:56.9637980Z   type: 'test'
2026-10-07T11:19:56.9638370Z   ...
2026-10-07T11:19:56.9639440Z # Subtest: a resolved global constructor remains available outside the shadowing function
2026-10-07T11:19:56.9641050Z ok 96 - a resolved global constructor remains available outside the shadowing function
2026-10-07T11:19:56.9641960Z   ---
2026-10-07T11:19:56.9642340Z   duration_ms: 0.790671
2026-10-07T11:19:56.9642810Z   type: 'test'
2026-10-07T11:19:56.9643190Z   ...
2026-10-07T11:19:56.9644500Z # Subtest: binding hints distinguish declaration tokens, masked text, and real value binders
2026-10-07T11:19:56.9646210Z ok 97 - binding hints distinguish declaration tokens, masked text, and real value binders
2026-10-07T11:19:56.9647190Z   ---
2026-10-07T11:19:56.9647580Z   duration_ms: 1.201931
2026-10-07T11:19:56.9648050Z   type: 'test'
2026-10-07T11:19:56.9648460Z   ...
2026-10-07T11:19:56.9649770Z # Subtest: real High local and parameter completions stay bare while types and constructors remain usable
2026-10-07T11:19:56.9651710Z ok 98 - real High local and parameter completions stay bare while types and constructors remain usable
2026-10-07T11:19:56.9652760Z   ---
2026-10-07T11:19:56.9653170Z   duration_ms: 856.81605
2026-10-07T11:19:56.9653630Z   type: 'test'
2026-10-07T11:19:56.9654010Z   ...
2026-10-07T11:19:56.9655290Z # Subtest: real Low local and parameter completions stay bare while types and constructors remain usable
2026-10-07T11:19:56.9657210Z ok 99 - real Low local and parameter completions stay bare while types and constructors remain usable
2026-10-07T11:19:56.9658260Z   ---
2026-10-07T11:19:56.9659020Z   duration_ms: 1106.438067
2026-10-07T11:19:56.9659490Z   type: 'test'
2026-10-07T11:19:56.9659880Z   ...
2026-10-07T11:19:56.9660740Z # Subtest: Low Main snippet defaults compile in their declared context
2026-10-07T11:19:56.9661980Z ok 100 - Low Main snippet defaults compile in their declared context
2026-10-07T11:19:56.9662720Z   ---
2026-10-07T11:19:56.9663110Z   duration_ms: 15.72892
2026-10-07T11:19:56.9663570Z   type: 'test'
2026-10-07T11:19:56.9664000Z   ...
2026-10-07T11:19:56.9664910Z # Subtest: Low File import snippet defaults compile in their declared context
2026-10-07T11:19:56.9666300Z ok 101 - Low File import snippet defaults compile in their declared context
2026-10-07T11:19:56.9667150Z   ---
2026-10-07T11:19:56.9667540Z   duration_ms: 14.663748
2026-10-07T11:19:56.9668650Z   type: 'test'
2026-10-07T11:19:56.9669070Z   ...
2026-10-07T11:19:56.9669990Z # Subtest: Low From import snippet defaults compile in their declared context
2026-10-07T11:19:56.9671370Z ok 102 - Low From import snippet defaults compile in their declared context
2026-10-07T11:19:56.9672170Z   ---
2026-10-07T11:19:56.9672570Z   duration_ms: 16.647669
2026-10-07T11:19:56.9673020Z   type: 'test'
2026-10-07T11:19:56.9673400Z   ...
2026-10-07T11:19:56.9674420Z # Subtest: Low Standard import snippet defaults compile in their declared context
2026-10-07T11:19:56.9675950Z ok 103 - Low Standard import snippet defaults compile in their declared context
2026-10-07T11:19:56.9676800Z   ---
2026-10-07T11:19:56.9677190Z   duration_ms: 296.716484
2026-10-07T11:19:56.9677660Z   type: 'test'
2026-10-07T11:19:56.9678030Z   ...
2026-10-07T11:19:56.9678940Z # Subtest: Low Function snippet defaults compile in their declared context
2026-10-07T11:19:56.9680330Z ok 104 - Low Function snippet defaults compile in their declared context
2026-10-07T11:19:56.9681130Z   ---
2026-10-07T11:19:56.9681520Z   duration_ms: 15.71917
2026-10-07T11:19:56.9681970Z   type: 'test'
2026-10-07T11:19:56.9682740Z   ...
2026-10-07T11:19:56.9683610Z # Subtest: Low Record snippet defaults compile in their declared context
2026-10-07T11:19:56.9684890Z ok 105 - Low Record snippet defaults compile in their declared context
2026-10-07T11:19:56.9685650Z   ---
2026-10-07T11:19:56.9686030Z   duration_ms: 20.872856
2026-10-07T11:19:56.9686490Z   type: 'test'
2026-10-07T11:19:56.9686860Z   ...
2026-10-07T11:19:56.9687710Z # Subtest: Low Enum snippet defaults compile in their declared context
2026-10-07T11:19:56.9688940Z ok 106 - Low Enum snippet defaults compile in their declared context
2026-10-07T11:19:56.9689680Z   ---
2026-10-07T11:19:56.9690080Z   duration_ms: 16.516423
2026-10-07T11:19:56.9690540Z   type: 'test'
2026-10-07T11:19:56.9690920Z   ...
2026-10-07T11:19:56.9691820Z # Subtest: Low Replace snippet defaults compile in their declared context
2026-10-07T11:19:56.9693230Z ok 107 - Low Replace snippet defaults compile in their declared context
2026-10-07T11:19:56.9705720Z   ---
2026-10-07T11:19:56.9706340Z   duration_ms: 20.791061
2026-10-07T11:19:56.9707080Z   type: 'test'
2026-10-07T11:19:56.9707500Z   ...
2026-10-07T11:19:56.9708590Z # Subtest: Low Result match snippet defaults compile in their declared context
2026-10-07T11:19:56.9710340Z ok 108 - Low Result match snippet defaults compile in their declared context
2026-10-07T11:19:56.9711540Z   ---
2026-10-07T11:19:56.9712130Z   duration_ms: 15.290112
2026-10-07T11:19:56.9712750Z   type: 'test'
2026-10-07T11:19:56.9713310Z   ...
2026-10-07T11:19:56.9714570Z # Subtest: Low Nullable match snippet defaults compile in their declared context
2026-10-07T11:19:56.9716820Z ok 109 - Low Nullable match snippet defaults compile in their declared context
2026-10-07T11:19:56.9718060Z   ---
2026-10-07T11:19:56.9718660Z   duration_ms: 16.291397
2026-10-07T11:19:56.9719550Z   type: 'test'
2026-10-07T11:19:56.9720210Z   ...
2026-10-07T11:19:56.9722140Z # Subtest: module member completion exposes functions/classes and type positions insert only classes
2026-10-07T11:19:56.9725090Z ok 110 - module member completion exposes functions/classes and type positions insert only classes
2026-10-07T11:19:56.9726400Z   ---
2026-10-07T11:19:56.9726930Z   duration_ms: 6.634126
2026-10-07T11:19:56.9727410Z   type: 'test'
2026-10-07T11:19:56.9727830Z   ...
2026-10-07T11:19:56.9728950Z # Subtest: qualified and renamed declarations retain structured hover/signature help
2026-10-07T11:19:56.9730500Z ok 111 - qualified and renamed declarations retain structured hover/signature help
2026-10-07T11:19:56.9731710Z   ---
2026-10-07T11:19:56.9732400Z   duration_ms: 4.627426
2026-10-07T11:19:56.9733120Z   type: 'test'
2026-10-07T11:19:56.9733730Z   ...
2026-10-07T11:19:56.9735180Z # Subtest: lexical alias shadowing switches completion to fields and prevents module help
2026-10-07T11:19:56.9737610Z ok 112 - lexical alias shadowing switches completion to fields and prevents module help
2026-10-07T11:19:56.9738830Z   ---
2026-10-07T11:19:56.9739220Z   duration_ms: 2.916494
2026-10-07T11:19:56.9739670Z   type: 'test'
2026-10-07T11:19:56.9740080Z   ...
2026-10-07T11:19:56.9741170Z # Subtest: spaced field chains do not borrow a module namespace
2026-10-07T11:19:56.9742960Z ok 113 - spaced field chains do not borrow a module namespace
2026-10-07T11:19:56.9744020Z   ---
2026-10-07T11:19:56.9744590Z   duration_ms: 1.366206
2026-10-07T11:19:56.9745040Z   type: 'test'
2026-10-07T11:19:56.9745430Z   ...
2026-10-07T11:19:56.9746360Z # Subtest: imported class and module binding tokens keep their resolved hover
2026-10-07T11:19:56.9748180Z ok 114 - imported class and module binding tokens keep their resolved hover
2026-10-07T11:19:56.9749160Z   ---
2026-10-07T11:19:56.9749680Z   duration_ms: 1.625695
2026-10-07T11:19:56.9750140Z   type: 'test'
2026-10-07T11:19:56.9750530Z   ...
2026-10-07T11:19:56.9751680Z # Subtest: quoted from imports insert names only and preserve aliases and comma-separated lists
2026-10-07T11:19:56.9753920Z ok 115 - quoted from imports insert names only and preserve aliases and comma-separated lists
2026-10-07T11:19:56.9756280Z   ---
2026-10-07T11:19:56.9756860Z   duration_ms: 2.41724
2026-10-07T11:19:56.9757510Z   type: 'test'
2026-10-07T11:19:56.9758070Z   ...
2026-10-07T11:19:56.9759620Z # Subtest: unresolved and changed fallback import targets never offer expression completions
2026-10-07T11:19:56.9762060Z ok 116 - unresolved and changed fallback import targets never offer expression completions
2026-10-07T11:19:56.9763450Z   ---
2026-10-07T11:19:56.9764040Z   duration_ms: 0.736067
2026-10-07T11:19:56.9764740Z   type: 'test'
2026-10-07T11:19:56.9765290Z   ...
2026-10-07T11:19:56.9766900Z # Subtest: Low quoted imports after a same-line declaration or semicolon retain name-only insertion
2026-10-07T11:19:56.9769620Z ok 117 - Low quoted imports after a same-line declaration or semicolon retain name-only insertion
2026-10-07T11:19:56.9771100Z   ---
2026-10-07T11:19:56.9771730Z   duration_ms: 0.37105
2026-10-07T11:19:56.9772410Z   type: 'test'
2026-10-07T11:19:56.9773020Z   ...
2026-10-07T11:19:56.9774750Z # Subtest: real compiler navigation uses edited source and target positions across imports
2026-10-07T11:19:56.9777320Z ok 118 - real compiler navigation uses edited source and target positions across imports
2026-10-07T11:19:56.9778680Z   ---
2026-10-07T11:19:56.9779200Z   duration_ms: 576.449052
2026-10-07T11:19:56.9779850Z   type: 'test'
2026-10-07T11:19:56.9780310Z   ...
2026-10-07T11:19:56.9781740Z # Subtest: real Low navigation keeps reassignments at their original binding and restores loop shadowing
2026-10-07T11:19:56.9783890Z ok 119 - real Low navigation keeps reassignments at their original binding and restores loop shadowing
2026-10-07T11:19:56.9785320Z   ---
2026-10-07T11:19:56.9785920Z   duration_ms: 381.057724
2026-10-07T11:19:56.9786620Z   type: 'test'
2026-10-07T11:19:56.9787210Z   ...
2026-10-07T11:19:56.9788800Z # Subtest: unsaved canonical import diagnostics use the open alias and UTF-16 source range
2026-10-07T11:19:56.9791230Z ok 120 - unsaved canonical import diagnostics use the open alias and UTF-16 source range
2026-10-07T11:19:56.9792630Z   ---
2026-10-07T11:19:56.9793220Z   duration_ms: 22.601294
2026-10-07T11:19:56.9793910Z   type: 'test'
2026-10-07T11:19:56.9794500Z   ...
2026-10-07T11:19:56.9796080Z # Subtest: closing a checked import overlay refreshes its owners and keeps unrelated errors
2026-10-07T11:19:56.9798350Z ok 121 - closing a checked import overlay refreshes its owners and keeps unrelated errors
2026-10-07T11:19:56.9799550Z   ---
2026-10-07T11:19:56.9800090Z   duration_ms: 8.894804
2026-10-07T11:19:56.9800630Z   type: 'test'
2026-10-07T11:19:56.9801170Z   ...
2026-10-07T11:19:56.9802240Z # Subtest: closing an in-flight import overlay rejects its stale result
2026-10-07T11:19:56.9803850Z ok 122 - closing an in-flight import overlay rejects its stale result
2026-10-07T11:19:56.9804700Z   ---
2026-10-07T11:19:56.9805930Z   duration_ms: 5.108063
2026-10-07T11:19:56.9806540Z   type: 'test'
2026-10-07T11:19:56.9807110Z   ...
2026-10-07T11:19:56.9808370Z # Subtest: lower build and run tasks use the registered source diagnostic matcher
2026-10-07T11:19:56.9810240Z ok 123 - lower build and run tasks use the registered source diagnostic matcher
2026-10-07T11:19:56.9811320Z   ---
2026-10-07T11:19:56.9811790Z   duration_ms: 6.616157
2026-10-07T11:19:56.9812290Z   type: 'test'
2026-10-07T11:19:56.9812690Z   ...
2026-10-07T11:19:56.9813850Z # Subtest: standalone tasks save imported changes and leave unrelated dirty buffers untouched
2026-10-07T11:19:56.9816260Z ok 124 - standalone tasks save imported changes and leave unrelated dirty buffers untouched
2026-10-07T11:19:56.9817390Z   ---
2026-10-07T11:19:56.9817790Z   duration_ms: 14.116164
2026-10-07T11:19:56.9818250Z   type: 'test'
2026-10-07T11:19:56.9818670Z   ...
2026-10-07T11:19:56.9820260Z # Subtest: project tasks save imported changes and leave unrelated dirty buffers untouched
2026-10-07T11:19:56.9822840Z ok 125 - project tasks save imported changes and leave unrelated dirty buffers untouched
2026-10-07T11:19:56.9824410Z   ---
2026-10-07T11:19:56.9825930Z   duration_ms: 15.688822
2026-10-07T11:19:56.9826400Z   type: 'test'
2026-10-07T11:19:56.9826780Z   ...
2026-10-07T11:19:56.9828500Z # Subtest: task execution stops when an imported buffer cannot be saved
2026-10-07T11:19:56.9831090Z ok 126 - task execution stops when an imported buffer cannot be saved
2026-10-07T11:19:56.9832680Z   ---
2026-10-07T11:19:56.9833480Z   duration_ms: 6.525768
2026-10-07T11:19:56.9834820Z   type: 'test'
2026-10-07T11:19:56.9835420Z   ...
2026-10-07T11:19:56.9836670Z # Subtest: task execution stops when dirty imports cannot be resolved
2026-10-07T11:19:56.9838470Z ok 127 - task execution stops when dirty imports cannot be resolved
2026-10-07T11:19:56.9839590Z   ---
2026-10-07T11:19:56.9840170Z   duration_ms: 3.96035
2026-10-07T11:19:56.9840840Z   type: 'test'
2026-10-07T11:19:56.9841420Z   ...
2026-10-07T11:19:56.9843020Z # Subtest: saving an imported file refreshes its changed imports before launching the task
2026-10-07T11:19:56.9845390Z ok 128 - saving an imported file refreshes its changed imports before launching the task
2026-10-07T11:19:56.9846780Z   ---
2026-10-07T11:19:56.9847370Z   duration_ms: 8.335156
2026-10-07T11:19:56.9848050Z   type: 'test'
2026-10-07T11:19:56.9848640Z   ...
2026-10-07T11:19:56.9849910Z # Subtest: conflicting imported aliases are not saved over one another
2026-10-07T11:19:56.9851770Z ok 129 - conflicting imported aliases are not saved over one another
2026-10-07T11:19:56.9852920Z   ---
2026-10-07T11:19:56.9853510Z   duration_ms: 5.642111
2026-10-07T11:19:56.9854010Z   type: 'test'
2026-10-07T11:19:56.9854390Z   ...
2026-10-07T11:19:56.9855530Z # Subtest: standalone source without imports launches normally despite unrelated dirty buffers
2026-10-07T11:19:56.9857270Z ok 130 - standalone source without imports launches normally despite unrelated dirty buffers
2026-10-07T11:19:56.9858240Z   ---
2026-10-07T11:19:56.9858620Z   duration_ms: 4.107837
2026-10-07T11:19:56.9859070Z   type: 'test'
2026-10-07T11:19:56.9859450Z   ...
2026-10-07T11:19:56.9860460Z # Subtest: task execution stops if the entry buffer changes while an import is saved
2026-10-07T11:19:56.9861960Z ok 131 - task execution stops if the entry buffer changes while an import is saved
2026-10-07T11:19:56.9862820Z   ---
2026-10-07T11:19:56.9863200Z   duration_ms: 5.489848
2026-10-07T11:19:56.9863640Z   type: 'test'
2026-10-07T11:19:56.9864020Z   ...
2026-10-07T11:19:56.9865080Z # Subtest: task execution stops if the entry changes while its own project helper is saved
2026-10-07T11:19:56.9866680Z ok 132 - task execution stops if the entry changes while its own project helper is saved
2026-10-07T11:19:56.9867600Z   ---
2026-10-07T11:19:56.9867990Z   duration_ms: 3.841606
2026-10-07T11:19:56.9868430Z   type: 'test'
2026-10-07T11:19:56.9868820Z   ...
2026-10-07T11:19:56.9870420Z # Subtest: task execution stops if its source closes during project saving
2026-10-07T11:19:56.9871810Z ok 133 - task execution stops if its source closes during project saving
2026-10-07T11:19:56.9872600Z   ---
2026-10-07T11:19:56.9872990Z   duration_ms: 3.922375
2026-10-07T11:19:56.9873440Z   type: 'test'
2026-10-07T11:19:56.9873830Z   ...
2026-10-07T11:19:56.9874800Z # Subtest: task execution stops if a later project save changes the dirty manifest
2026-10-07T11:19:56.9876290Z ok 134 - task execution stops if a later project save changes the dirty manifest
2026-10-07T11:19:56.9877150Z   ---
2026-10-07T11:19:56.9877530Z   duration_ms: 4.892646
2026-10-07T11:19:56.9877980Z   type: 'test'
2026-10-07T11:19:56.9878420Z   ...
2026-10-07T11:19:56.9879480Z # Subtest: task execution stops if a later project save changes the already-saved manifest
2026-10-07T11:19:56.9881090Z ok 135 - task execution stops if a later project save changes the already-saved manifest
2026-10-07T11:19:56.9881990Z   ---
2026-10-07T11:19:56.9882370Z   duration_ms: 4.658588
2026-10-07T11:19:56.9882820Z   type: 'test'
2026-10-07T11:19:56.9883210Z   ...
2026-10-07T11:19:56.9884370Z # Subtest: task execution stops if an already-saved Rust input changes during a later project save
2026-10-07T11:19:56.9886450Z ok 136 - task execution stops if an already-saved Rust input changes during a later project save
2026-10-07T11:19:56.9887430Z   ---
2026-10-07T11:19:56.9887810Z   duration_ms: 5.330471
2026-10-07T11:19:56.9888260Z   type: 'test'
2026-10-07T11:19:56.9888640Z   ...
2026-10-07T11:19:56.9889610Z # Subtest: task execution stops if workspace trust changes during project saving
2026-10-07T11:19:56.9891050Z ok 137 - task execution stops if workspace trust changes during project saving
2026-10-07T11:19:56.9891890Z   ---
2026-10-07T11:19:56.9892280Z   duration_ms: 5.541045
2026-10-07T11:19:56.9892740Z   type: 'test'
2026-10-07T11:19:56.9893120Z   ...
2026-10-07T11:19:56.9894140Z # Subtest: task execution stops if the nearest project changes while an import is saved
2026-10-07T11:19:56.9895710Z ok 138 - task execution stops if the nearest project changes while an import is saved
2026-10-07T11:19:56.9896600Z   ---
2026-10-07T11:19:56.9896980Z   duration_ms: 6.484592
2026-10-07T11:19:56.9897440Z   type: 'test'
2026-10-07T11:19:56.9897810Z   ...
2026-10-07T11:19:56.9898950Z # Subtest: tasks suppress only the matching automatic scope and checks resume when the task ends
2026-10-07T11:19:56.9900710Z ok 139 - tasks suppress only the matching automatic scope and checks resume when the task ends
2026-10-07T11:19:56.9901670Z   ---
2026-10-07T11:19:56.9902050Z   duration_ms: 8.222678
2026-10-07T11:19:56.9902510Z   type: 'test'
2026-10-07T11:19:56.9902890Z   ...
2026-10-07T11:19:56.9904000Z # Subtest: task launch failure releases live check suppression
2026-10-07T11:19:56.9905300Z ok 140 - task launch failure releases live check suppression
2026-10-07T11:19:56.9905980Z   ---
2026-10-07T11:19:56.9906460Z   duration_ms: 3.895263
2026-10-07T11:19:56.9906920Z   type: 'test'
2026-10-07T11:19:56.9907300Z   ...
2026-10-07T11:19:56.9908350Z # Subtest: project task clears checks from its helper while preserving another project
2026-10-07T11:19:56.9909910Z ok 141 - project task clears checks from its helper while preserving another project
2026-10-07T11:19:56.9910810Z   ---
2026-10-07T11:19:56.9911200Z   duration_ms: 10.895311
2026-10-07T11:19:56.9911660Z   type: 'test'
2026-10-07T11:19:56.9912050Z   ...
2026-10-07T11:19:56.9913110Z # Subtest: a long task permits checks of new source without reacting to other project edits
2026-10-07T11:19:56.9914740Z ok 142 - a long task permits checks of new source without reacting to other project edits
2026-10-07T11:19:56.9915670Z   ---
2026-10-07T11:19:56.9916060Z   duration_ms: 8.710813
2026-10-07T11:19:56.9916630Z   type: 'test'
2026-10-07T11:19:56.9917020Z   ...
2026-10-07T11:19:56.9918050Z # Subtest: failed task diagnostics are replaced by checks and removed by source edits
2026-10-07T11:19:56.9919590Z ok 143 - failed task diagnostics are replaced by checks and removed by source edits
2026-10-07T11:19:56.9921150Z   ---
2026-10-07T11:19:56.9921580Z   duration_ms: 9.455361
2026-10-07T11:19:56.9922030Z   type: 'test'
2026-10-07T11:19:56.9922420Z   ...
2026-10-07T11:19:56.9923380Z # Subtest: manual checks inspect dirty imports outside the running task project
2026-10-07T11:19:56.9924810Z ok 144 - manual checks inspect dirty imports outside the running task project
2026-10-07T11:19:56.9925640Z   ---
2026-10-07T11:19:56.9926030Z   duration_ms: 6.632726
2026-10-07T11:19:56.9926480Z   type: 'test'
2026-10-07T11:19:56.9926860Z   ...
2026-10-07T11:19:56.9927910Z # Subtest: editing and closing imported aliases remove only their canonical task markers
2026-10-07T11:19:56.9929510Z ok 145 - editing and closing imported aliases remove only their canonical task markers
2026-10-07T11:19:56.9930410Z   ---
2026-10-07T11:19:56.9930800Z   duration_ms: 5.594876
2026-10-07T11:19:56.9931250Z   type: 'test'
2026-10-07T11:19:56.9931630Z   ...
2026-10-07T11:19:56.9932710Z # Subtest: typing invalidates snapshots without launching save-only checks per keystroke
2026-10-07T11:19:56.9934860Z ok 146 - typing invalidates snapshots without launching save-only checks per keystroke
2026-10-07T11:19:56.9936280Z   ---
2026-10-07T11:19:56.9944900Z   duration_ms: 11.938015
2026-10-07T11:19:56.9945480Z   type: 'test'
2026-10-07T11:19:56.9945860Z   ...
2026-10-07T11:19:56.9947230Z # Subtest: known unrelated diagnostics survive repeated edits while unknown and project inputs stay conservative
2026-10-07T11:19:56.9949350Z ok 147 - known unrelated diagnostics survive repeated edits while unknown and project inputs stay conservative
2026-10-07T11:19:56.9950480Z   ---
2026-10-07T11:19:56.9950860Z   duration_ms: 12.370375
2026-10-07T11:19:56.9951320Z   type: 'test'
2026-10-07T11:19:56.9951700Z   ...
2026-10-07T11:19:56.9952980Z # Subtest: known unrelated pending checks finish during edits and same-scope changes reject stale callbacks
2026-10-07T11:19:56.9954980Z ok 148 - known unrelated pending checks finish during edits and same-scope changes reject stale callbacks
2026-10-07T11:19:56.9956060Z   ---
2026-10-07T11:19:56.9956440Z   duration_ms: 8.492926
2026-10-07T11:19:56.9956900Z   type: 'test'
2026-10-07T11:19:56.9957290Z   ...
2026-10-07T11:19:56.9958410Z # Subtest: shared imports and stale dependency snapshots still invalidate diagnosed projects
2026-10-07T11:19:56.9960120Z ok 149 - shared imports and stale dependency snapshots still invalidate diagnosed projects
2026-10-07T11:19:56.9961080Z   ---
2026-10-07T11:19:56.9961470Z   duration_ms: 9.469786
2026-10-07T11:19:56.9961920Z   type: 'test'
2026-10-07T11:19:56.9962310Z   ...
2026-10-07T11:19:56.9963540Z # Subtest: failed symbols queries still supply static builtin help without erasing source diagnostics
2026-10-07T11:19:56.9965430Z ok 150 - failed symbols queries still supply static builtin help without erasing source diagnostics
2026-10-07T11:19:56.9966470Z   ---
2026-10-07T11:19:56.9966870Z   duration_ms: 5.947338
2026-10-07T11:19:56.9967320Z   type: 'test'
2026-10-07T11:19:56.9967720Z   ...
2026-10-07T11:19:56.9968740Z # Subtest: missing compiler keeps prefix completion, hover and signatures available
2026-10-07T11:19:56.9970270Z ok 151 - missing compiler keeps prefix completion, hover and signatures available
2026-10-07T11:19:56.9971160Z   ---
2026-10-07T11:19:56.9971550Z   duration_ms: 6.120668
2026-10-07T11:19:56.9972000Z   type: 'test'
2026-10-07T11:19:56.9972390Z   ...
2026-10-07T11:19:56.9973630Z # Subtest: borrowed local providers annotate hover and detail while keeping variable kind and insertion
2026-10-07T11:19:56.9975540Z ok 152 - borrowed local providers annotate hover and detail while keeping variable kind and insertion
2026-10-07T11:19:56.9976580Z   ---
2026-10-07T11:19:56.9976970Z   duration_ms: 7.009985
2026-10-07T11:19:56.9977420Z   type: 'test'
2026-10-07T11:19:56.9977800Z   ...
2026-10-07T11:19:56.9978970Z # Subtest: untrusted and untitled assistance executes no compiler and retains High/Low selectors
2026-10-07T11:19:56.9981650Z ok 153 - untrusted and untitled assistance executes no compiler and retains High/Low selectors
2026-10-07T11:19:56.9982710Z   ---
2026-10-07T11:19:56.9983090Z   duration_ms: 8.456064
2026-10-07T11:19:56.9983550Z   type: 'test'
2026-10-07T11:19:56.9983930Z   ...
2026-10-07T11:19:56.9985100Z # Subtest: Low builtin help uses fn and record in hover, completion and signatures without a compiler
2026-10-07T11:19:56.9986900Z ok 154 - Low builtin help uses fn and record in hover, completion and signatures without a compiler
2026-10-07T11:19:56.9987880Z   ---
2026-10-07T11:19:56.9988260Z   duration_ms: 5.090546
2026-10-07T11:19:56.9988720Z   type: 'test'
2026-10-07T11:19:56.9989100Z   ...
2026-10-07T11:19:56.9990520Z # Subtest: Low declaration and standard-operation help displays braces while retaining compiler kinds and call shapes
2026-10-07T11:19:56.9992750Z ok 155 - Low declaration and standard-operation help displays braces while retaining compiler kinds and call shapes
2026-10-07T11:19:56.9993930Z   ---
2026-10-07T11:19:56.9994310Z   duration_ms: 5.700475
2026-10-07T11:19:56.9994770Z   type: 'test'
2026-10-07T11:19:56.9995160Z   ...
2026-10-07T11:19:56.9996200Z # Subtest: Low enum declaration help removes namespace prefixes only from variant names
2026-10-07T11:19:56.9998170Z ok 156 - Low enum declaration help removes namespace prefixes only from variant names
2026-10-07T11:19:56.9999060Z   ---
2026-10-07T11:19:56.9999460Z   duration_ms: 10.780311
2026-10-07T11:19:56.9999910Z   type: 'test'
2026-10-07T11:19:57.0000290Z   ...
2026-10-07T11:19:57.0001320Z # Subtest: Low folding is available without trust or a compiler and honors cancellation
2026-10-07T11:19:57.0002870Z ok 157 - Low folding is available without trust or a compiler and honors cancellation
2026-10-07T11:19:57.0003750Z   ---
2026-10-07T11:19:57.0004130Z   duration_ms: 3.03572
2026-10-07T11:19:57.0004580Z   type: 'test'
2026-10-07T11:19:57.0004960Z   ...
2026-10-07T11:19:57.0006170Z # Subtest: cancelled, closed and changed documents cannot receive static fallback from failed queries
2026-10-07T11:19:57.0008040Z ok 158 - cancelled, closed and changed documents cannot receive static fallback from failed queries
2026-10-07T11:19:57.0009060Z   ---
2026-10-07T11:19:57.0009450Z   duration_ms: 4.427723
2026-10-07T11:19:57.0009910Z   type: 'test'
2026-10-07T11:19:57.0010290Z   ...
2026-10-07T11:19:57.0011380Z # Subtest: registered providers render enum/member kinds and payload signature parameters
2026-10-07T11:19:57.0013030Z ok 159 - registered providers render enum/member kinds and payload signature parameters
2026-10-07T11:19:57.0013950Z   ---
2026-10-07T11:19:57.0014330Z   duration_ms: 8.047988
2026-10-07T11:19:57.0014780Z   type: 'test'
2026-10-07T11:19:57.0015170Z   ...
2026-10-07T11:19:57.0016450Z # Subtest: standard F12 targets open compiler registry text through a read-only virtual document
2026-10-07T11:19:57.0018230Z ok 160 - standard F12 targets open compiler registry text through a read-only virtual document
2026-10-07T11:19:57.0019210Z   ---
2026-10-07T11:19:57.0019590Z   duration_ms: 5.882
2026-10-07T11:19:57.0020030Z   type: 'test'
2026-10-07T11:19:57.0020420Z   ...
2026-10-07T11:19:57.0021580Z # Subtest: standard F12 keeps each project compiler registry text when another compiler is queried
2026-10-07T11:19:57.0023380Z ok 161 - standard F12 keeps each project compiler registry text when another compiler is queried
2026-10-07T11:19:57.0024360Z   ---
2026-10-07T11:19:57.0024750Z   duration_ms: 15.611639
2026-10-07T11:19:57.0025200Z   type: 'test'
2026-10-07T11:19:57.0025590Z   ...
2026-10-07T11:19:57.0026850Z # Subtest: keyword completion covers existing syntax in High and Low without leaking into types or members
2026-10-07T11:19:57.0028810Z ok 162 - keyword completion covers existing syntax in High and Low without leaking into types or members
2026-10-07T11:19:57.0029870Z   ---
2026-10-07T11:19:57.0030250Z   duration_ms: 4.926678
2026-10-07T11:19:57.0030700Z   type: 'test'
2026-10-07T11:19:57.0031090Z   ...
2026-10-07T11:19:57.0032580Z # Subtest: static builtin help works with incomplete syntax without an index
2026-10-07T11:19:57.0034000Z ok 163 - static builtin help works with incomplete syntax without an index
2026-10-07T11:19:57.0034800Z   ---
2026-10-07T11:19:57.0035190Z   duration_ms: 3.448145
2026-10-07T11:19:57.0035630Z   type: 'test'
2026-10-07T11:19:57.0036020Z   ...
2026-10-07T11:19:57.0037300Z # Subtest: static builtin fallback avoids declarations, parameters and local bindings that shadow the name
2026-10-07T11:19:57.0039300Z ok 164 - static builtin fallback avoids declarations, parameters and local bindings that shadow the name
2026-10-07T11:19:57.0040360Z   ---
2026-10-07T11:19:57.0040750Z   duration_ms: 6.4006
2026-10-07T11:19:57.0041190Z   type: 'test'
2026-10-07T11:19:57.0041580Z   ...
2026-10-07T11:19:57.0042890Z # Subtest: unresolved imports suppress guessed builtins but retain syntax and types; checked declarations win
2026-10-07T11:19:57.0044950Z ok 165 - unresolved imports suppress guessed builtins but retain syntax and types; checked declarations win
2026-10-07T11:19:57.0046040Z   ---
2026-10-07T11:19:57.0046430Z   duration_ms: 2.219937
2026-10-07T11:19:57.0046890Z   type: 'test'
2026-10-07T11:19:57.0047260Z   ...
2026-10-07T11:19:57.0048740Z # Subtest: signature help does not replace a compiler-resolved local function with builtin metadata
2026-10-07T11:19:57.0050560Z ok 166 - signature help does not replace a compiler-resolved local function with builtin metadata
2026-10-07T11:19:57.0051550Z   ---
2026-10-07T11:19:57.0051920Z   duration_ms: 0.965811
2026-10-07T11:19:57.0052370Z   type: 'test'
2026-10-07T11:19:57.0052750Z   ...
2026-10-07T11:19:57.0053890Z # Subtest: lexical references prevent guessed signatures when a type error removes local types
2026-10-07T11:19:57.0055870Z ok 167 - lexical references prevent guessed signatures when a type error removes local types
2026-10-07T11:19:57.0056900Z   ---
2026-10-07T11:19:57.0057290Z   duration_ms: 0.709419
2026-10-07T11:19:57.0057750Z   type: 'test'
2026-10-07T11:19:57.0058130Z   ...
2026-10-07T11:19:57.0059270Z # Subtest: unfinished line strings do not hide later assistance and preserve UTF-16 CRLF ranges
2026-10-07T11:19:57.0060980Z ok 168 - unfinished line strings do not hide later assistance and preserve UTF-16 CRLF ranges
2026-10-07T11:19:57.0061940Z   ---
2026-10-07T11:19:57.0062330Z   duration_ms: 1.48012
2026-10-07T11:19:57.0062770Z   type: 'test'
2026-10-07T11:19:57.0063150Z   ...
2026-10-07T11:19:57.0064350Z # Subtest: registered resources and constants keep namespaces and never create constructor snippets
2026-10-07T11:19:57.0066220Z ok 169 - registered resources and constants keep namespaces and never create constructor snippets
2026-10-07T11:19:57.0067230Z   ---
2026-10-07T11:19:57.0067620Z   duration_ms: 7.721497
2026-10-07T11:19:57.0068070Z   type: 'test'
2026-10-07T11:19:57.0068460Z   ...
2026-10-07T11:19:57.0069470Z # Subtest: standard operation and aliased constants preserve hover and argument help
2026-10-07T11:19:57.0071000Z ok 170 - standard operation and aliased constants preserve hover and argument help
2026-10-07T11:19:57.0071880Z   ---
2026-10-07T11:19:57.0072270Z   duration_ms: 1.356341
2026-10-07T11:19:57.0072710Z   type: 'test'
2026-10-07T11:19:57.0073090Z   ...
2026-10-07T11:19:57.0074170Z # Subtest: typed resource fields are read-only and do not expose type constants on values
2026-10-07T11:19:57.0075770Z ok 171 - typed resource fields are read-only and do not expose type constants on values
2026-10-07T11:19:57.0076680Z   ---
2026-10-07T11:19:57.0077070Z   duration_ms: 1.05113
2026-10-07T11:19:57.0077510Z   type: 'test'
2026-10-07T11:19:57.0077900Z   ...
2026-10-07T11:19:57.0078850Z # Subtest: virtual source identifiers cannot navigate to project paths or URLs
2026-10-07T11:19:57.0080270Z ok 172 - virtual source identifiers cannot navigate to project paths or URLs
2026-10-07T11:19:57.0081100Z   ---
2026-10-07T11:19:57.0081490Z   duration_ms: 0.833619
2026-10-07T11:19:57.0081940Z   type: 'test'
2026-10-07T11:19:57.0082320Z   ...
2026-10-07T11:19:57.0083990Z # Subtest: virtual registry revisions keep module paths and accept only a source hash
2026-10-07T11:19:57.0085580Z ok 173 - virtual registry revisions keep module paths and accept only a source hash
2026-10-07T11:19:57.0086470Z   ---
2026-10-07T11:19:57.0086860Z   duration_ms: 0.603484
2026-10-07T11:19:57.0087320Z   type: 'test'
2026-10-07T11:19:57.0087700Z   ...
2026-10-07T11:19:57.0088640Z # Subtest: Some and None are pattern assistance, not general value constructors
2026-10-07T11:19:57.0090030Z ok 174 - Some and None are pattern assistance, not general value constructors
2026-10-07T11:19:57.0090840Z   ---
2026-10-07T11:19:57.0091230Z   duration_ms: 1.761594
2026-10-07T11:19:57.0091680Z   type: 'test'
2026-10-07T11:19:57.0092050Z   ...
2026-10-07T11:19:57.0093230Z # Subtest: standard import completion uses the compiler catalog and replaces the full dotted path
2026-10-07T11:19:57.0095020Z ok 175 - standard import completion uses the compiler catalog and replaces the full dotted path
2026-10-07T11:19:57.0096010Z   ---
2026-10-07T11:19:57.0096400Z   duration_ms: 0.914336
2026-10-07T11:19:57.0096850Z   type: 'test'
2026-10-07T11:19:57.0097240Z   ...
2026-10-07T11:19:57.0098300Z # Subtest: Low standard imports can follow another declaration or import on the same line
2026-10-07T11:19:57.0100260Z ok 176 - Low standard imports can follow another declaration or import on the same line
2026-10-07T11:19:57.0101170Z   ---
2026-10-07T11:19:57.0101560Z   duration_ms: 0.41943
2026-10-07T11:19:57.0102000Z   type: 'test'
2026-10-07T11:19:57.0102390Z   ...
2026-10-07T11:19:57.0103540Z # Subtest: real nagi standard symbols keep resource identity, virtual sources and UTF-16 targets
2026-10-07T11:19:57.0105290Z ok 177 - real nagi standard symbols keep resource identity, virtual sources and UTF-16 targets
2026-10-07T11:19:57.0106270Z   ---
2026-10-07T11:19:57.0106660Z   duration_ms: 1424.26654
2026-10-07T11:19:57.0107130Z   type: 'test'
2026-10-07T11:19:57.0107500Z   ...
2026-10-07T11:19:57.0108630Z # Subtest: real low standard symbols keep resource identity, virtual sources and UTF-16 targets
2026-10-07T11:19:57.0110360Z ok 178 - real low standard symbols keep resource identity, virtual sources and UTF-16 targets
2026-10-07T11:19:57.0111340Z   ---
2026-10-07T11:19:57.0111720Z   duration_ms: 1385.044681
2026-10-07T11:19:57.0112190Z   type: 'test'
2026-10-07T11:19:57.0112570Z   ...
2026-10-07T11:19:57.0113640Z # Subtest: unsaved dependency standard aliases update sources without saving or building
2026-10-07T11:19:57.0115280Z ok 179 - unsaved dependency standard aliases update sources without saving or building
2026-10-07T11:19:57.0116200Z   ---
2026-10-07T11:19:57.0116730Z   duration_ms: 1077.522468
2026-10-07T11:19:57.0117200Z   type: 'test'
2026-10-07T11:19:57.0117580Z   ...
2026-10-07T11:19:57.0118730Z # Subtest: an incomplete initial standard import uses the registry catalog from a saved snapshot
2026-10-07T11:19:57.0120490Z ok 180 - an incomplete initial standard import uses the registry catalog from a saved snapshot
2026-10-07T11:19:57.0121460Z   ---
2026-10-07T11:19:57.0121860Z   duration_ms: 281.333627
2026-10-07T11:19:57.0122320Z   type: 'test'
2026-10-07T11:19:57.0122700Z   ...
2026-10-07T11:19:57.0123640Z # Subtest: shared receiver fields are read-only regardless of each field type
2026-10-07T11:19:57.0125050Z ok 181 - shared receiver fields are read-only regardless of each field type
2026-10-07T11:19:57.0125860Z   ---
2026-10-07T11:19:57.0126250Z   duration_ms: 284.693908
2026-10-07T11:19:57.0126730Z   type: 'test'
2026-10-07T11:19:57.0127120Z   ...
2026-10-07T11:19:57.0128350Z # Subtest: nagi saved snapshots complete new modules and from-import names before imports are checked
2026-10-07T11:19:57.0130240Z ok 182 - nagi saved snapshots complete new modules and from-import names before imports are checked
2026-10-07T11:19:57.0131270Z   ---
2026-10-07T11:19:57.0131650Z   duration_ms: 7.690377
2026-10-07T11:19:57.0132100Z   type: 'test'
2026-10-07T11:19:57.0132480Z   ...
2026-10-07T11:19:57.0133600Z # Subtest: nagi readiness and wait resources preserve namespaces and do not offer constructors
2026-10-07T11:19:57.0135710Z ok 183 - nagi readiness and wait resources preserve namespaces and do not offer constructors
2026-10-07T11:19:57.0136720Z   ---
2026-10-07T11:19:57.0137100Z   duration_ms: 13.20625
2026-10-07T11:19:57.0137550Z   type: 'test'
2026-10-07T11:19:57.0137930Z   ...
2026-10-07T11:19:57.0138960Z # Subtest: nagi WaitError value fields keep borrowed payload types and read-only status
2026-10-07T11:19:57.0140540Z ok 184 - nagi WaitError value fields keep borrowed payload types and read-only status
2026-10-07T11:19:57.0141440Z   ---
2026-10-07T11:19:57.0141830Z   duration_ms: 0.868318
2026-10-07T11:19:57.0142280Z   type: 'test'
2026-10-07T11:19:57.0142660Z   ...
2026-10-07T11:19:57.0144040Z # Subtest: nagi inferred standard operations insert positional calls and retain exact callback and Future contracts
2026-10-07T11:19:57.0146240Z ok 185 - nagi inferred standard operations insert positional calls and retain exact callback and Future contracts
2026-10-07T11:19:57.0147380Z   ---
2026-10-07T11:19:57.0147770Z   duration_ms: 3.558488
2026-10-07T11:19:57.0148220Z   type: 'test'
2026-10-07T11:19:57.0148600Z   ...
2026-10-07T11:19:57.0149810Z # Subtest: low saved snapshots complete new modules and from-import names before imports are checked
2026-10-07T11:19:57.0152560Z ok 186 - low saved snapshots complete new modules and from-import names before imports are checked
2026-10-07T11:19:57.0154000Z   ---
2026-10-07T11:19:57.0154780Z   duration_ms: 1.177862
2026-10-07T11:19:57.0162780Z   type: 'test'
2026-10-07T11:19:57.0163310Z   ...
2026-10-07T11:19:57.0164460Z # Subtest: low readiness and wait resources preserve namespaces and do not offer constructors
2026-10-07T11:19:57.0166180Z ok 187 - low readiness and wait resources preserve namespaces and do not offer constructors
2026-10-07T11:19:57.0167140Z   ---
2026-10-07T11:19:57.0167530Z   duration_ms: 4.887339
2026-10-07T11:19:57.0167980Z   type: 'test'
2026-10-07T11:19:57.0168370Z   ...
2026-10-07T11:19:57.0169430Z # Subtest: low WaitError value fields keep borrowed payload types and read-only status
2026-10-07T11:19:57.0170980Z ok 188 - low WaitError value fields keep borrowed payload types and read-only status
2026-10-07T11:19:57.0171880Z   ---
2026-10-07T11:19:57.0172270Z   duration_ms: 0.388731
2026-10-07T11:19:57.0172710Z   type: 'test'
2026-10-07T11:19:57.0173100Z   ...
2026-10-07T11:19:57.0174490Z # Subtest: low inferred standard operations insert positional calls and retain exact callback and Future contracts
2026-10-07T11:19:57.0176650Z ok 189 - low inferred standard operations insert positional calls and retain exact callback and Future contracts
2026-10-07T11:19:57.0177790Z   ---
2026-10-07T11:19:57.0178170Z   duration_ms: 2.263558
2026-10-07T11:19:57.0178620Z   type: 'test'
2026-10-07T11:19:57.0179000Z   ...
2026-10-07T11:19:57.0180190Z # Subtest: new operations and constants navigate to compiler standard sources with UTF-16 locations
2026-10-07T11:19:57.0182010Z ok 190 - new operations and constants navigate to compiler standard sources with UTF-16 locations
2026-10-07T11:19:57.0183010Z   ---
2026-10-07T11:19:57.0183400Z   duration_ms: 5.061456
2026-10-07T11:19:57.0183850Z   type: 'test'
2026-10-07T11:19:57.0184250Z   ...
2026-10-07T11:19:57.0185490Z # Subtest: real nagi borrowed list locals and nested fields keep read-only metadata in editor assistance
2026-10-07T11:19:57.0187400Z ok 191 - real nagi borrowed list locals and nested fields keep read-only metadata in editor assistance
2026-10-07T11:19:57.0188430Z   ---
2026-10-07T11:19:57.0188810Z   duration_ms: 355.644599
2026-10-07T11:19:57.0189270Z   type: 'test'
2026-10-07T11:19:57.0189660Z   ...
2026-10-07T11:19:57.0190880Z # Subtest: real low borrowed list locals and nested fields keep read-only metadata in editor assistance
2026-10-07T11:19:57.0192750Z ok 192 - real low borrowed list locals and nested fields keep read-only metadata in editor assistance
2026-10-07T11:19:57.0193760Z   ---
2026-10-07T11:19:57.0194150Z   duration_ms: 315.676192
2026-10-07T11:19:57.0194630Z   type: 'test'
2026-10-07T11:19:57.0195560Z   ...
2026-10-07T11:19:57.0196760Z # Subtest: real nagi map_error aliases retain inferred generics and standard virtual navigation
2026-10-07T11:19:57.0198490Z ok 193 - real nagi map_error aliases retain inferred generics and standard virtual navigation
2026-10-07T11:19:57.0199440Z   ---
2026-10-07T11:19:57.0199820Z   duration_ms: 322.443044
2026-10-07T11:19:57.0200280Z   type: 'test'
2026-10-07T11:19:57.0200660Z   ...
2026-10-07T11:19:57.0201760Z # Subtest: real low map_error aliases retain inferred generics and standard virtual navigation
2026-10-07T11:19:57.0203450Z ok 194 - real low map_error aliases retain inferred generics and standard virtual navigation
2026-10-07T11:19:57.0204390Z   ---
2026-10-07T11:19:57.0204780Z   duration_ms: 320.894792
2026-10-07T11:19:57.0205240Z   type: 'test'
2026-10-07T11:19:57.0205620Z   ...
2026-10-07T11:19:57.0206820Z # Subtest: real nagi readiness and deadline API assistance keeps resource aliases and read-only fields
2026-10-07T11:19:57.0208700Z ok 195 - real nagi readiness and deadline API assistance keeps resource aliases and read-only fields
2026-10-07T11:19:57.0209710Z   ---
2026-10-07T11:19:57.0210360Z   duration_ms: 600.636309
2026-10-07T11:19:57.0210830Z   type: 'test'
2026-10-07T11:19:57.0211210Z   ...
2026-10-07T11:19:57.0212390Z # Subtest: real low readiness and deadline API assistance keeps resource aliases and read-only fields
2026-10-07T11:19:57.0214220Z ok 196 - real low readiness and deadline API assistance keeps resource aliases and read-only fields
2026-10-07T11:19:57.0215220Z   ---
2026-10-07T11:19:57.0215610Z   duration_ms: 604.391701
2026-10-07T11:19:57.0216070Z   type: 'test'
2026-10-07T11:19:57.0216590Z   ...
2026-10-07T11:19:57.0217590Z # Subtest: cross-module call curves fit with marker and stroke space on both sides
2026-10-07T11:19:57.0219070Z ok 197 - cross-module call curves fit with marker and stroke space on both sides
2026-10-07T11:19:57.0219920Z   ---
2026-10-07T11:19:57.0220310Z   duration_ms: 3.100968
2026-10-07T11:19:57.0220780Z   type: 'test'
2026-10-07T11:19:57.0221170Z   ...
2026-10-07T11:19:57.0221980Z # Subtest: ordinary stock-report layout keeps its existing extent
2026-10-07T11:19:57.0223160Z ok 198 - ordinary stock-report layout keeps its existing extent
2026-10-07T11:19:57.0223880Z   ---
2026-10-07T11:19:57.0224270Z   duration_ms: 0.228262
2026-10-07T11:19:57.0224710Z   type: 'test'
2026-10-07T11:19:57.0225090Z   ...
2026-10-07T11:19:57.0225990Z # Subtest: geometry above or below the layout extends the vertical viewport
2026-10-07T11:19:57.0227320Z ok 199 - geometry above or below the layout extends the vertical viewport
2026-10-07T11:19:57.0228120Z   ---
2026-10-07T11:19:57.0228500Z   duration_ms: 0.206628
2026-10-07T11:19:57.0228950Z   type: 'test'
2026-10-07T11:19:57.0229330Z   ...
2026-10-07T11:19:57.0230100Z # Subtest: an empty SVG bounding box does not add blank padding
2026-10-07T11:19:57.0231190Z ok 200 - an empty SVG bounding box does not add blank padding
2026-10-07T11:19:57.0231870Z   ---
2026-10-07T11:19:57.0232270Z   duration_ms: 0.191136
2026-10-07T11:19:57.0232720Z   type: 'test'
2026-10-07T11:19:57.0233090Z   ...
2026-10-07T11:19:57.0234010Z # Subtest: non-finite browser measurements preserve the finite layout extent
2026-10-07T11:19:57.0235400Z ok 201 - non-finite browser measurements preserve the finite layout extent
2026-10-07T11:19:57.0236200Z   ---
2026-10-07T11:19:57.0236590Z   duration_ms: 0.568399
2026-10-07T11:19:57.0237030Z   type: 'test'
2026-10-07T11:19:57.0237400Z   ...
2026-10-07T11:19:57.0237750Z 1..201
2026-10-07T11:19:57.0238110Z # tests 201
2026-10-07T11:19:57.0238480Z # suites 0
2026-10-07T11:19:57.0238840Z # pass 201
2026-10-07T11:19:57.0239210Z # fail 0
2026-10-07T11:19:57.0239570Z # cancelled 0
2026-10-07T11:19:57.0239960Z # skipped 0
2026-10-07T11:19:57.0240330Z # todo 0
2026-10-07T11:19:57.0240760Z # duration_ms 11047.485129
2026-10-07T11:19:57.0318490Z ##[group]Run cargo test --locked -p nagic --test output_safety --test integer_arithmetic --test integer_zero_division --test constant_validation --test auth_boundaries --test view_branch_rebinding --test view_container_rebinding --test view_container_drop --test view_flow_foundation --test view_flow_completion --test explicit_moves --test task_handles --test conformance --test scope_runtime_contract --test copy_capabilities --test shared_field_moves --test asset_calls --test shared_target --test build_generations --test project
2026-10-07T11:19:57.0327320Z [36;1mcargo test --locked -p nagic --test output_safety --test integer_arithmetic --test integer_zero_division --test constant_validation --test auth_boundaries --test view_branch_rebinding --test view_container_rebinding --test view_container_drop --test view_flow_foundation --test view_flow_completion --test explicit_moves --test task_handles --test conformance --test scope_runtime_contract --test copy_capabilities --test shared_field_moves --test asset_calls --test shared_target --test build_generations --test project[0m
2026-10-07T11:19:57.0410610Z shell: /bin/bash -e {0}
2026-10-07T11:19:57.0411080Z env:
2026-10-07T11:19:57.0411700Z   NAGI_FAILURE_DIR: /Users/runner/work/Nagi/Nagi/build/compiler-failures
2026-10-07T11:19:57.0412780Z   CARGO_HOME: /Users/runner/.cargo
2026-10-07T11:19:57.0413310Z   CARGO_INCREMENTAL: 0
2026-10-07T11:19:57.0413770Z   CARGO_TERM_COLOR: always
2026-10-07T11:19:57.0414440Z   pythonLocation: /Users/runner/hostedtoolcache/Python/3.12.10/x64
2026-10-07T11:19:57.0415510Z   PKG_CONFIG_PATH: /Users/runner/hostedtoolcache/Python/3.12.10/x64/lib/pkgconfig
2026-10-07T11:19:57.0416570Z   Python_ROOT_DIR: /Users/runner/hostedtoolcache/Python/3.12.10/x64
2026-10-07T11:19:57.0417540Z   Python2_ROOT_DIR: /Users/runner/hostedtoolcache/Python/3.12.10/x64
2026-10-07T11:19:57.0418530Z   Python3_ROOT_DIR: /Users/runner/hostedtoolcache/Python/3.12.10/x64
2026-10-07T11:19:57.0419280Z ##[endgroup]
2026-10-07T11:19:57.2142310Z [1m[92m   Compiling[0m nagic v0.1.11 (/Users/runner/work/Nagi/Nagi/compiler)
2026-10-07T11:20:04.8914650Z [1m[92m    Finished[0m `test` profile [unoptimized + debuginfo] target(s) in 7.77s
2026-10-07T11:20:04.8989390Z [1m[92m     Running[0m tests/asset_calls.rs (target/debug/deps/asset_calls-aec6e085ccfd108b)
2026-10-07T11:20:04.9059120Z 
2026-10-07T11:20:04.9060560Z running 2 tests
2026-10-07T11:20:04.9099850Z test a_missing_real_asset_still_reports_the_original_call ... ok
2026-10-07T11:20:05.4198880Z test local_callbacks_named_include_text_keep_literals_and_restore_builtin_after_scope ... ok
2026-10-07T11:20:05.4200140Z 
2026-10-07T11:20:05.4201160Z test result: ok. 2 passed; 0 failed; 0 ignored; 0 measured; 0 filtered out; finished in 0.51s
2026-10-07T11:20:05.4202020Z 
2026-10-07T11:20:05.4203390Z [1m[92m     Running[0m tests/auth_boundaries.rs (target/debug/deps/auth_boundaries-034fdb23bd5b25a5)
2026-10-07T11:20:05.4267400Z 
2026-10-07T11:20:05.4271090Z running 9 tests
2026-10-07T11:20:05.5289700Z test handwritten_low_and_owned_local_containers_keep_nominal_marker_identity ... ok
2026-10-07T11:20:05.6057600Z test aliases_option_result_and_async_delegation_preserve_proof_identity ... ok
2026-10-07T11:20:05.7691540Z test a_function_signature_and_a_deep_dto_do_not_contain_a_proof_payload ... ok
2026-10-07T11:20:05.7781660Z test missing_principal_grant_wrong_permission_and_reuse_are_rejected ... ok
2026-10-07T11:20:06.4607260Z test opaque_proofs_cannot_be_constructed_decoded_copied_or_shared ... ok
2026-10-07T11:20:07.4572730Z test indirect_arc_state_cannot_share_a_proof ... ok
2026-10-07T11:21:05.5559690Z test native_phantom_types_do_not_become_field_payloads has been running for over 60 seconds
2026-10-07T11:21:05.8008740Z test opaque_main_errors_fail_without_a_debug_bound_or_proof_payload has been running for over 60 seconds
2026-10-07T11:21:06.5247070Z test proof_move_and_nominal_marker_build_and_run_against_real_runtime has been running for over 60 seconds
2026-10-07T11:21:22.0141880Z test proof_move_and_nominal_marker_build_and_run_against_real_runtime ... ok
2026-10-07T11:21:23.4604290Z test native_phantom_types_do_not_become_field_payloads ... ok
2026-10-07T11:21:25.2189510Z test opaque_main_errors_fail_without_a_debug_bound_or_proof_payload ... ok
2026-10-07T11:21:25.2196650Z [1m[92m     Running[0m tests/build_generations.rs (target/debug/deps/build_generations-e358039c7769d7e0)
2026-10-07T11:21:25.2197590Z 
2026-10-07T11:21:25.2209340Z test result: ok. 9 passed; 0 failed; 0 ignored; 0 measured; 0 filtered out; finished in 79.79s
2026-10-07T11:21:25.2222670Z 
2026-10-07T11:21:25.2271470Z 
2026-10-07T11:21:25.2288080Z running 22 tests
2026-10-07T11:21:26.5838630Z test cargo_cache_keeps_a_preexisting_default_package_binary_unchanged ... ok
2026-10-07T11:21:26.5968760Z test a_running_old_executable_is_not_replaced_by_a_new_build ... ok
2026-10-07T11:21:26.7265170Z test invalid_input_does_not_create_output_or_its_lock ... ok
2026-10-07T11:21:27.0274360Z test cargo_failure_retains_latest_and_inherited_lockfile ... ok
2026-10-07T11:21:27.0567230Z test lock_is_permanent_and_input_protection_is_rechecked_after_waiting ... ok
2026-10-07T11:21:27.3374730Z test latest_metadata_used_as_an_input_cannot_be_overwritten_by_rebuild ... ok
2026-10-07T11:21:27.4349900Z test nonwriting_low_check_and_lower_do_not_wait_for_the_output_writer_lock ... ok
2026-10-07T11:21:27.6306300Z test compatibility_outputs_cannot_alias_previous_latest_metadata ... ok
2026-10-07T11:21:27.7518960Z test long_basename_accepted_by_the_previous_cache_scheme_uses_a_short_generation_bin ... ok
2026-10-07T11:21:28.3428180Z test latest_temp_failure_keeps_old_metadata_and_does_not_run_new_generation ... ok
2026-10-07T11:21:29.0685870Z test published_manifest_runtime_reference_resolves_from_the_published_location ... ok
2026-10-07T11:21:29.2739940Z test orphan_cargo_uses_an_immutable_snapshot_and_cannot_replace_next_generation ... ok
2026-10-07T11:21:29.4267540Z test projection_failure_keeps_old_latest_and_reports_partial_projection ... ok
2026-10-07T11:21:29.8207830Z test parallel_latest_readers_observe_only_complete_published_generations ... ok
2026-10-07T11:21:30.3362390Z test rebuild_publishes_new_generation_and_preserves_old_executable_and_snapshot ... ok
2026-10-07T11:21:30.5648310Z test user_low_snapshot_comes_from_this_input_instead_of_a_stale_high_projection ... ok
2026-10-07T11:21:30.6569050Z test run_releases_output_lock_before_waiting_for_the_selected_executable ... ok
2026-10-07T11:21:31.5259120Z test writing_high_check_cannot_alias_previous_latest ... ok
2026-10-07T11:21:32.0974960Z test writing_cost_report_cannot_alias_previous_latest ... ok
2026-10-07T11:21:32.2361000Z test writing_high_lower_cannot_alias_previous_latest ... ok
2026-10-07T11:21:32.8081540Z test same_and_different_apps_with_equivalent_output_paths_wait_for_one_output_writer ... ok
2026-10-07T11:21:34.0951960Z test writing_check_lower_and_cost_wait_while_build_owns_the_output_lock ... ok
2026-10-07T11:21:34.0952760Z 
2026-10-07T11:21:34.0953650Z test result: ok. 22 passed; 0 failed; 0 ignored; 0 measured; 0 filtered out; finished in 8.87s
2026-10-07T11:21:34.0954450Z 
2026-10-07T11:21:34.0956430Z [1m[92m     Running[0m tests/conformance.rs (target/debug/deps/conformance-137ce5f779a81e2d)
2026-10-07T11:21:34.1012910Z 
2026-10-07T11:21:34.1015260Z running 6 tests
2026-10-07T11:21:34.1044600Z test batch_root_relocation_preserves_literals_raw_strings_and_comments ... ok
2026-10-07T11:21:34.1073420Z test failure_shrinking_preserves_the_checker_failure_instead_of_a_parse_error ... ok
2026-10-07T11:21:34.1914370Z test native_process_deadline_reaps_a_hanging_child ... ok
2026-10-07T11:21:34.4279550Z test explicit_move_corpus_reaches_native_execution ... ok
2026-10-07T11:21:34.7311860Z test backend_shrinking_does_not_turn_an_oracle_error_into_a_compiler_reproducer ... ok
2026-10-07T11:21:35.2417610Z test corpus_and_bounded_generated_contracts_reach_native_execution ... ok
2026-10-07T11:21:35.2418370Z 
2026-10-07T11:21:35.2419960Z test result: ok. 6 passed; 0 failed; 0 ignored; 0 measured; 0 filtered out; finished in 1.14s
2026-10-07T11:21:35.2420960Z 
2026-10-07T11:21:35.2422890Z [1m[92m     Running[0m tests/constant_validation.rs (target/debug/deps/constant_validation-999f4d4a834f06e4)
2026-10-07T11:21:35.2478100Z 
2026-10-07T11:21:35.2478600Z running 10 tests
2026-10-07T11:21:35.2580420Z test builtin_widening_uses_resolution_and_result_casts_remain_opaque ... ok
2026-10-07T11:21:35.2584820Z test compound_failures_are_checked_even_in_dead_branches_and_short_circuit_rhs ... ok
2026-10-07T11:21:35.2590940Z test binding_facts_follow_reassignment_scope_and_continuing_branch_joins ... ok
2026-10-07T11:21:35.2595490Z test loop_writes_kill_facts_before_conditions_and_respect_shadowed_counter_bindings ... ok
2026-10-07T11:21:35.2600400Z test profile_dependent_intermediates_are_not_folded_to_a_known_zero ... ok
2026-10-07T11:21:35.2604600Z test signed_minimum_division_and_remainder_are_static_failures_in_every_width ... ok
2026-10-07T11:21:35.2611030Z test typed_ast_errors_precede_new_constant_diagnostics ... ok
2026-10-07T11:21:35.2715880Z test compound_and_alias_zero_fail_after_type_check_in_all_widths_and_forms ... ok
2026-10-07T11:21:35.3038490Z test compound_diagnostics_identify_original_modules_before_cargo ... ok
2026-10-07T11:21:36.5004490Z test minimum_negation_and_integer_oracle_build_and_run_in_both_profiles ... ok
2026-10-07T11:21:36.5006000Z 
2026-10-07T11:21:36.5006900Z test result: ok. 10 passed; 0 failed; 0 ignored; 0 measured; 0 filtered out; finished in 1.25s
2026-10-07T11:21:36.5007700Z 
2026-10-07T11:21:36.5009030Z [1m[92m     Running[0m tests/copy_capabilities.rs (target/debug/deps/copy_capabilities-d15357b6b9df47c2)
2026-10-07T11:21:36.5066370Z 
2026-10-07T11:21:36.5067680Z running 2 tests
2026-10-07T11:21:36.7554330Z test omitted_clone_adapter_reports_the_element_clone_bound ... ok
2026-10-07T11:21:37.1155150Z test manual_clone_adapter_copies_owned_enum_payloads_in_high_and_independent_low ... ok
2026-10-07T11:21:37.1156010Z 
2026-10-07T11:21:37.1156870Z test result: ok. 2 passed; 0 failed; 0 ignored; 0 measured; 0 filtered out; finished in 0.61s
2026-10-07T11:21:37.1157630Z 
2026-10-07T11:21:37.1159180Z [1m[92m     Running[0m tests/explicit_moves.rs (target/debug/deps/explicit_moves-44533d4481f89008)
2026-10-07T11:21:37.1214880Z 
2026-10-07T11:21:37.1216460Z running 9 tests
2026-10-07T11:21:37.2225520Z test explicit_move_preserves_use_after_move_borrow_partial_move_and_loop_checks ... ok
2026-10-07T11:21:37.2791740Z test copy_inputs_keep_ordinary_assignment_and_move_expected_type_inference ... ok
2026-10-07T11:21:37.3459510Z test implicit_noncopy_local_assignments_fail_at_the_original_source_line ... ok
2026-10-07T11:21:40.3905710Z test move_keeps_typed_constant_failures_and_profile_dependent_overflow ... ok
2026-10-07T11:21:40.4285060Z test move_operation_rejects_arity_type_arguments_and_future_transfer ... ok
2026-10-07T11:21:40.5020460Z test moving_nested_view_containers_keeps_escape_and_temporary_rejections ... ok
2026-10-07T11:22:15.5704410Z test identity_moves_preserve_rhs_failure_drop_order_and_async_cancellation ... ok
2026-10-07T11:22:16.0540090Z test canonical_aliases_shadowing_and_transparent_values_run_in_all_three_sources ... ok
2026-10-07T11:22:16.5410220Z test identity_move_materializes_copy_values_and_keeps_bare_place_comparison_loans ... ok
2026-10-07T11:22:16.5413290Z 
2026-10-07T11:22:16.5418090Z [1m[92m     Running[0m tests/integer_arithmetic.rs (target/debug/deps/integer_arithmetic-96bda37201814946)
2026-10-07T11:22:16.5419850Z test result: ok. 9 passed; 0 failed; 0 ignored; 0 measured; 0 filtered out; finished in 39.42s
2026-10-07T11:22:16.5420670Z 
2026-10-07T11:22:16.5484320Z 
2026-10-07T11:22:16.5485650Z running 2 tests
2026-10-07T11:22:16.6410860Z test native_adapter_constant_overflow_keeps_rust_diagnostics ... ok
2026-10-07T11:22:17.0380160Z test constant_integer_arithmetic_preserves_release_wrapping_and_debug_panics ... ok
2026-10-07T11:22:17.0380980Z 
2026-10-07T11:22:17.0382760Z test result: ok. 2 passed; 0 failed; 0 ignored; 0 measured; 0 filtered out; finished in 0.49s
2026-10-07T11:22:17.0383600Z 
2026-10-07T11:22:17.0385010Z [1m[92m     Running[0m tests/integer_zero_division.rs (target/debug/deps/integer_zero_division-9bc09963741f05b1)
2026-10-07T11:22:17.0447380Z 
2026-10-07T11:22:17.0447990Z running 5 tests
2026-10-07T11:22:17.0481950Z test dynamic_aliases_remain_runtime_operations ... ok
2026-10-07T11:22:17.0484960Z test operand_and_earlier_type_errors_keep_priority_over_zero_divisor_errors ... ok
2026-10-07T11:22:17.0795370Z test explicit_integer_zero_divisors_fail_in_high_handwritten_low_and_saved_low ... ok
2026-10-07T11:22:17.3081110Z test cli_rejects_zero_at_the_original_file_and_line_before_cargo ... ok
2026-10-07T11:22:18.9529110Z test dynamic_zero_nonzero_and_float_controls_compile_and_run_in_both_profiles ... ok
2026-10-07T11:22:18.9529940Z 
2026-10-07T11:22:18.9530790Z test result: ok. 5 passed; 0 failed; 0 ignored; 0 measured; 0 filtered out; finished in 1.91s
2026-10-07T11:22:18.9531550Z 
2026-10-07T11:22:18.9532840Z [1m[92m     Running[0m tests/output_safety.rs (target/debug/deps/output_safety-c25afdcb06074309)
2026-10-07T11:22:18.9593000Z 
2026-10-07T11:22:18.9607460Z running 10 tests
2026-10-07T11:22:18.9726850Z test custom_project_manifest_is_protected_before_generated_outputs ... ok
2026-10-07T11:22:18.9760510Z test build_preflights_rust_adapter_before_writing_any_generated_files ... ok
2026-10-07T11:22:18.9878890Z test aliased_generated_outputs_are_rejected_without_partial_writes ... ok
2026-10-07T11:22:18.9998280Z test include_text_assets_are_protected_in_generated_and_map_outputs ... ok
2026-10-07T11:22:19.0301830Z test every_generated_file_rejects_a_hard_link_to_an_imported_source ... ok
2026-10-07T11:22:19.0373370Z test loaded_empty_module_filters_produce_empty_type_and_call_graphs ... ok
2026-10-07T11:22:19.0480780Z test native_low_is_not_replaced_by_check_or_lower_output ... ok
2026-10-07T11:22:19.0482380Z test symlinked_generated_paths_preserve_all_inputs ... ok
2026-10-07T11:22:19.0905210Z test repeated_checks_and_build_preparation_keep_existing_generated_outputs_usable ... ok
2026-10-07T11:22:19.3447090Z test map_formats_protect_hard_links_to_sources_manifest_and_rust_adapter ... ok
2026-10-07T11:22:19.3449410Z [1m[92m     Running[0m tests/project.rs (target/debug/deps/project-f3c04c992d8fb9a9)
2026-10-07T11:22:19.3450580Z 
2026-10-07T11:22:19.3451620Z test result: ok. 10 passed; 0 failed; 0 ignored; 0 measured; 0 filtered out; finished in 0.39s
2026-10-07T11:22:19.3452710Z 
2026-10-07T11:22:19.3509290Z 
2026-10-07T11:22:19.3513010Z running 12 tests
2026-10-07T11:22:19.3699820Z test actual_cli_manifest_and_import_errors_point_to_original_files ... ok
2026-10-07T11:22:19.3736380Z test cli_overrides_scalars_and_dependency_versions_and_adds_native_files ... ok
2026-10-07T11:22:19.3746410Z test dependency_alias_collision_across_manifest_and_cli_is_rejected ... ok
2026-10-07T11:22:19.3976910Z test actual_cli_checks_entry_with_low_support_from_a_subdirectory ... ok
2026-10-07T11:22:19.4003160Z test explicit_source_keeps_legacy_behavior_even_next_to_a_broken_manifest ... ok
2026-10-07T11:22:19.4011560Z test invalid_commands_and_flags_fail_before_loading_sources ... ok
2026-10-07T11:22:19.4014430Z test manifest_typos_wrong_types_duplicates_and_empty_paths_are_rejected ... ok
2026-10-07T11:22:19.4016970Z test nearest_project_uses_manifest_relative_paths_from_any_subdirectory ... ok
2026-10-07T11:22:19.4019290Z test rust_diagnostic_details_are_an_explicit_build_or_run_option ... ok
2026-10-07T11:22:20.8015230Z test a_borrowed_record_field_does_not_block_moving_a_disjoint_field ... ok
2026-10-07T11:22:23.3149000Z test escaped_record_and_route_names_preserve_json_sqlite_and_rust_bridges ... ok
2026-10-07T11:23:19.4290750Z test actual_run_uses_rust_dependencies_and_a_stable_project_working_directory has been running for over 60 seconds
2026-10-07T11:23:32.8016070Z test actual_run_uses_rust_dependencies_and_a_stable_project_working_directory ... ok
2026-10-07T11:23:32.8016860Z 
2026-10-07T11:23:32.8018640Z test result: ok. 12 passed; 0 failed; 0 ignored; 0 measured; 0 filtered out; finished in 73.45s
2026-10-07T11:23:32.8019420Z 
2026-10-07T11:23:32.8020780Z [1m[92m     Running[0m tests/scope_runtime_contract.rs (target/debug/deps/scope_runtime_contract-fca7286b84fbd4f8)
2026-10-07T11:23:32.8082070Z 
2026-10-07T11:23:32.8082830Z running 1 test
2026-10-07T11:23:45.7530200Z test generated_scope_failure_and_cancellation_contract_runs_with_the_real_runtime ... ok
2026-10-07T11:23:45.7531010Z 
2026-10-07T11:23:45.7531850Z test result: ok. 1 passed; 0 failed; 0 ignored; 0 measured; 0 filtered out; finished in 12.94s
2026-10-07T11:23:45.7532610Z 
2026-10-07T11:23:45.7535960Z [1m[92m     Running[0m tests/shared_field_moves.rs (target/debug/deps/shared_field_moves-c99724a436ac75c8)
2026-10-07T11:23:45.7601520Z 
2026-10-07T11:23:45.7602100Z running 4 tests
2026-10-07T11:23:45.7906790Z test nested_shared_parents_and_call_temporaries_cannot_supply_owned_fields ... ok
2026-10-07T11:23:45.8317790Z test invalid_shared_field_moves_fail_before_check_build_or_run_needs_cargo ... ok
2026-10-07T11:23:45.8362530Z test shared_field_moves_are_rejected_in_each_consuming_context_in_high_and_handwritten_low ... ok
2026-10-07T11:23:47.4527570Z test valid_arc_moves_copy_fields_and_explicit_copies_run_in_high_and_independent_low ... ok
2026-10-07T11:23:47.4529160Z 
2026-10-07T11:23:47.4529950Z test result: ok. 4 passed; 0 failed; 0 ignored; 0 measured; 0 filtered out; finished in 1.69s
2026-10-07T11:23:47.4530670Z 
2026-10-07T11:23:47.4531770Z [1m[92m     Running[0m tests/shared_target.rs (target/debug/deps/shared_target-8902f14d1bc0c7b9)
2026-10-07T11:23:47.4593320Z 
2026-10-07T11:23:47.4594700Z running 3 tests
2026-10-07T11:23:47.4642950Z test repeated_timestamps_keep_fixture_ownership_distinct ... ok
2026-10-07T11:23:50.1034510Z test explicitly_shared_targets_keep_application_identity_stable_and_generations_distinct ... ok
2026-10-07T11:23:50.1049360Z test default_shared_targets_keep_application_identity_stable_and_generations_distinct ... ok
2026-10-07T11:23:50.1052840Z [1m[92m     Running[0m tests/task_handles.rs (target/debug/deps/task_handles-29d84e148203c0ad)
2026-10-07T11:23:50.1054050Z 
2026-10-07T11:23:50.1055260Z test result: ok. 3 passed; 0 failed; 0 ignored; 0 measured; 0 filtered out; finished in 2.64s
2026-10-07T11:23:50.1056390Z 
2026-10-07T11:23:50.1130690Z 
2026-10-07T11:23:50.1148780Z running 8 tests
2026-10-07T11:23:50.1912560Z test canonical_task_metadata_survives_saved_low_and_user_task_names ... ok
2026-10-07T11:23:50.2939700Z test raw_check_registers_contextual_task_and_preserves_obligation ... ok
2026-10-07T11:24:15.4320100Z test task_conditional_consumption::always_evaluated_receipts_and_lazy_values_run_in_three_sources ... ok
2026-10-07T11:24:17.1009800Z test native_business_fault_cleanup_and_branch_contracts ... ok
2026-10-07T11:24:24.5279110Z test bounded_generated_task_paths_reach_native ... ok
2026-10-07T11:24:34.7599130Z test task_service::legacy_supervisor_terminal_and_normal_shutdown_reach_real_http ... ok
2026-10-07T11:24:36.3272370Z test task_service_s2::typed_monitor_preserves_service_errors_shutdown_and_parent_drop ... ok
2026-10-07T11:24:50.2586350Z test positive_contracts_build_and_run_high_saved_and_handwritten_low has been running for over 60 seconds
2026-10-07T11:25:21.6533370Z test positive_contracts_build_and_run_high_saved_and_handwritten_low ... ok
2026-10-07T11:25:21.6534540Z 
2026-10-07T11:25:21.6535840Z test result: ok. 8 passed; 0 failed; 0 ignored; 0 measured; 0 filtered out; finished in 91.54s
2026-10-07T11:25:21.6537020Z 
2026-10-07T11:25:21.6546710Z [1m[92m     Running[0m tests/view_branch_rebinding.rs (target/debug/deps/view_branch_rebinding-84e2bc34d4407937)
2026-10-07T11:25:21.6651260Z 
2026-10-07T11:25:21.6719180Z running 4 tests
2026-10-07T11:25:21.6722250Z test local_views_still_cannot_escape_a_terminating_or_continuing_branch ... ok
2026-10-07T11:25:21.6751780Z test terminating_parent_blocks_respect_loop_and_pattern_binding_names ... ok
2026-10-07T11:25:21.6777470Z test branch_copies_are_synthetic_and_preserve_public_and_callback_lifetimes ... ok
2026-10-07T11:25:23.3014760Z test terminating_view_updates_compile_and_run_in_high_saved_low_and_handwritten_low ... ok
2026-10-07T11:25:23.3015760Z 
2026-10-07T11:25:23.3017060Z test result: ok. 4 passed; 0 failed; 0 ignored; 0 measured; 0 filtered out; finished in 1.64s
2026-10-07T11:25:23.3018170Z 
2026-10-07T11:25:23.3022190Z [1m[92m     Running[0m tests/view_container_drop.rs (target/debug/deps/view_container_drop-249c3ee9a54bb98c)
2026-10-07T11:25:23.3129100Z 
2026-10-07T11:25:23.3130330Z running 1 test
2026-10-07T11:25:25.8963260Z test local_view_container_replacement_preserves_allocations_and_drop_order ... ok
2026-10-07T11:25:25.8964050Z 
2026-10-07T11:25:25.8964890Z test result: ok. 1 passed; 0 failed; 0 ignored; 0 measured; 0 filtered out; finished in 2.58s
2026-10-07T11:25:25.8965660Z 
2026-10-07T11:25:25.8969330Z [1m[92m     Running[0m tests/view_container_rebinding.rs (target/debug/deps/view_container_rebinding-1f4cdd8b1aae378f)
2026-10-07T11:25:25.9037970Z 
2026-10-07T11:25:25.9043140Z running 4 tests
2026-10-07T11:25:25.9075090Z test local_container_escape_stays_rejected_in_high_and_low ... ok
2026-10-07T11:25:26.2234940Z test restore_rhs_keeps_its_source_line_and_generated_slots_are_synthetic ... ok
2026-10-07T11:25:26.6195350Z test move_phi_and_mutation_fixtures_use_the_container_flow_plan ... ok
2026-10-07T11:25:28.4046440Z test owning_view_container_rebinding_runs_in_high_saved_low_and_handwritten_low ... ok
2026-10-07T11:25:28.4047320Z 
2026-10-07T11:25:28.4048190Z test result: ok. 4 passed; 0 failed; 0 ignored; 0 measured; 0 filtered out; finished in 2.50s
2026-10-07T11:25:28.4048950Z 
2026-10-07T11:25:28.4053410Z [1m[92m     Running[0m tests/view_flow_completion.rs (target/debug/deps/view_flow_completion-f0b968a02315b268)
2026-10-07T11:25:28.4123730Z 
2026-10-07T11:25:28.4149200Z running 3 tests
2026-10-07T11:25:28.4159700Z test completion_keeps_local_and_iterator_owner_escape_rejections ... ok
2026-10-07T11:25:28.4414310Z test scopes_keep_lexical_storage_and_route_nested_errors ... ok
2026-10-07T11:25:30.7025280Z test owned_storage_loops_and_async_compile_and_run_in_all_source_forms ... ok
2026-10-07T11:25:30.7026370Z 
2026-10-07T11:25:30.7027380Z test result: ok. 3 passed; 0 failed; 0 ignored; 0 measured; 0 filtered out; finished in 2.29s
2026-10-07T11:25:30.7028160Z 
2026-10-07T11:25:30.7032480Z [1m[92m     Running[0m tests/view_flow_foundation.rs (target/debug/deps/view_flow_foundation-92e8a8f6c6617b56)
2026-10-07T11:25:30.7100270Z 
2026-10-07T11:25:30.7100710Z running 2 tests
2026-10-07T11:25:30.7435920Z test observer_lowering_does_not_accept_local_owner_escapes ... ok
2026-10-07T11:25:32.5401190Z test return_observers_and_match_edges_compile_and_run_in_all_source_forms ... ok
2026-10-07T11:25:32.5401910Z 
2026-10-07T11:25:32.5402730Z test result: ok. 2 passed; 0 failed; 0 ignored; 0 measured; 0 filtered out; finished in 1.83s
2026-10-07T11:25:32.5403460Z 
2026-10-07T11:25:32.5565430Z ##[group]Run cargo test --locked -p nagic --test sqlite_contract_inputs
2026-10-07T11:25:32.5566660Z [36;1mcargo test --locked -p nagic --test sqlite_contract_inputs[0m
2026-10-07T11:25:32.5636980Z shell: /bin/bash -e {0}
2026-10-07T11:25:32.5637400Z env:
2026-10-07T11:25:32.5638420Z   NAGI_FAILURE_DIR: /Users/runner/work/Nagi/Nagi/build/compiler-failures
2026-10-07T11:25:32.5639410Z   CARGO_HOME: /Users/runner/.cargo
2026-10-07T11:25:32.5640150Z   CARGO_INCREMENTAL: 0
2026-10-07T11:25:32.5641090Z   CARGO_TERM_COLOR: always
2026-10-07T11:25:32.5642270Z   pythonLocation: /Users/runner/hostedtoolcache/Python/3.12.10/x64
2026-10-07T11:25:32.5643540Z   PKG_CONFIG_PATH: /Users/runner/hostedtoolcache/Python/3.12.10/x64/lib/pkgconfig
2026-10-07T11:25:32.5644900Z   Python_ROOT_DIR: /Users/runner/hostedtoolcache/Python/3.12.10/x64
2026-10-07T11:25:32.5645810Z   Python2_ROOT_DIR: /Users/runner/hostedtoolcache/Python/3.12.10/x64
2026-10-07T11:25:32.5647160Z   Python3_ROOT_DIR: /Users/runner/hostedtoolcache/Python/3.12.10/x64
2026-10-07T11:25:32.5648380Z ##[endgroup]
2026-10-07T11:25:32.6908520Z [1m[92m   Compiling[0m nagic v0.1.11 (/Users/runner/work/Nagi/Nagi/compiler)
2026-10-07T11:25:33.2242670Z [1m[92m    Finished[0m `test` profile [unoptimized + debuginfo] target(s) in 0.59s
2026-10-07T11:25:33.2285950Z [1m[92m     Running[0m tests/sqlite_contract_inputs.rs (target/debug/deps/sqlite_contract_inputs-b591bca5d442e9c4)
2026-10-07T11:25:33.2347500Z 
2026-10-07T11:25:33.2348040Z running 2 tests
2026-10-07T11:25:33.2391060Z test planned_rejection_anchors_identify_original_fixture_lines_and_lexer_tokens ... ok
2026-10-07T11:25:33.2426710Z test every_planned_high_and_handwritten_low_input_parses_before_module_resolution ... ok
2026-10-07T11:25:33.2427540Z 
2026-10-07T11:25:33.2428410Z test result: ok. 2 passed; 0 failed; 0 ignored; 0 measured; 0 filtered out; finished in 0.01s
2026-10-07T11:25:33.2429180Z 
2026-10-07T11:25:33.2527790Z ##[group]Run set -o pipefail
2026-10-07T11:25:33.2528460Z [36;1mset -o pipefail[0m
2026-10-07T11:25:33.2529660Z [36;1mcargo test --locked -p nagi-runtime --lib task::tests:: 2>&1 | tee "$RUNNER_TEMP/task-runtime.log"[0m
2026-10-07T11:25:33.2549390Z [36;1mpython -c 'import pathlib,re,os; text=pathlib.Path(os.environ["RUNNER_TEMP"],"task-runtime.log").read_text(); assert re.search(r"test result: ok\. 17 passed; 0 failed; 0 ignored;",text),text'[0m
2026-10-07T11:25:33.2552600Z [36;1mcargo test --locked -p nagi-runtime --test task_handles[0m
2026-10-07T11:25:33.2553480Z [36;1mcargo test --locked -p nagi-runtime --doc[0m
2026-10-07T11:25:33.2622810Z shell: /bin/bash --noprofile --norc -e -o pipefail {0}
2026-10-07T11:25:33.2623590Z env:
2026-10-07T11:25:33.2624290Z   NAGI_FAILURE_DIR: /Users/runner/work/Nagi/Nagi/build/compiler-failures
2026-10-07T11:25:33.2625230Z   CARGO_HOME: /Users/runner/.cargo
2026-10-07T11:25:33.2625840Z   CARGO_INCREMENTAL: 0
2026-10-07T11:25:33.2626420Z   CARGO_TERM_COLOR: always
2026-10-07T11:25:33.2627200Z   pythonLocation: /Users/runner/hostedtoolcache/Python/3.12.10/x64
2026-10-07T11:25:33.2628380Z   PKG_CONFIG_PATH: /Users/runner/hostedtoolcache/Python/3.12.10/x64/lib/pkgconfig
2026-10-07T11:25:33.2629550Z   Python_ROOT_DIR: /Users/runner/hostedtoolcache/Python/3.12.10/x64
2026-10-07T11:25:33.2630620Z   Python2_ROOT_DIR: /Users/runner/hostedtoolcache/Python/3.12.10/x64
2026-10-07T11:25:33.2631750Z   Python3_ROOT_DIR: /Users/runner/hostedtoolcache/Python/3.12.10/x64
2026-10-07T11:25:33.2632600Z ##[endgroup]
2026-10-07T11:25:33.4231730Z [1m[92m   Compiling[0m proc-macro2 v1.0.107
2026-10-07T11:25:33.5357130Z [1m[92m   Compiling[0m quote v1.0.47
2026-10-07T11:25:33.6371880Z [1m[92m   Compiling[0m unicode-ident v1.0.26
2026-10-07T11:25:33.7375200Z [1m[92m   Compiling[0m libc v0.2.189
2026-10-07T11:25:33.7593570Z [1m[92m   Compiling[0m bytes v1.12.1
2026-10-07T11:25:34.0472010Z [1m[92m   Compiling[0m pin-project-lite v0.2.17
2026-10-07T11:25:34.1708550Z [1m[92m   Compiling[0m version_check v0.9.5
2026-10-07T11:25:34.6667060Z [1m[92m   Compiling[0m generic-array v0.14.7
2026-10-07T11:25:34.8979670Z [1m[92m   Compiling[0m futures-core v0.3.34
2026-10-07T11:25:35.4668410Z [1m[92m   Compiling[0m syn v3.0.6
2026-10-07T11:25:35.4857090Z [1m[92m   Compiling[0m http v1.5.0
2026-10-07T11:25:35.6302570Z [1m[92m   Compiling[0m zerocopy v0.8.59
2026-10-07T11:25:35.6633120Z [1m[92m   Compiling[0m errno v0.3.14
2026-10-07T11:25:35.8440720Z [1m[92m   Compiling[0m signal-hook-registry v1.4.8
2026-10-07T11:25:36.1411610Z [1m[92m   Compiling[0m mio v1.2.3
2026-10-07T11:25:36.3838060Z [1m[92m   Compiling[0m socket2 v0.6.5
2026-10-07T11:25:37.5020380Z [1m[92m   Compiling[0m typenum v1.20.1
2026-10-07T11:25:37.6233090Z [1m[92m   Compiling[0m getrandom v0.3.4
2026-10-07T11:25:38.0394170Z [1m[92m   Compiling[0m cfg-if v1.0.5
2026-10-07T11:25:38.1735270Z [1m[92m   Compiling[0m serde_core v1.0.229
2026-10-07T11:25:38.1765390Z [1m[92m   Compiling[0m httparse v1.10.1
2026-10-07T11:25:38.9007130Z [1m[92m   Compiling[0m log v0.4.34
2026-10-07T11:25:39.2204580Z [1m[92m   Compiling[0m rand_core v0.9.5
2026-10-07T11:25:42.6563790Z [1m[92m   Compiling[0m block-buffer v0.10.4
2026-10-07T11:25:42.8355660Z [1m[92m   Compiling[0m crypto-common v0.1.7
2026-10-07T11:25:43.6873790Z [1m[92m   Compiling[0m http-body v1.1.0
2026-10-07T11:25:44.0077590Z [1m[92m   Compiling[0m once_cell v1.21.4
2026-10-07T11:25:44.5385230Z [1m[92m   Compiling[0m thiserror v2.0.21
2026-10-07T11:25:45.4159710Z [1m[92m   Compiling[0m tracing-core v0.1.36
2026-10-07T11:25:48.0706260Z [1m[92m   Compiling[0m tokio-macros v2.7.2
2026-10-07T11:25:48.4499630Z [1m[92m   Compiling[0m futures-macro v0.3.34
2026-10-07T11:25:49.1905990Z [1m[92m   Compiling[0m thiserror-impl v2.0.21
2026-10-07T11:25:49.2302480Z [1m[92m   Compiling[0m tokio v1.53.1
2026-10-07T11:25:49.7451370Z [1m[92m   Compiling[0m digest v0.10.7
2026-10-07T11:25:49.9702550Z [1m[92m   Compiling[0m serde v1.0.229
2026-10-07T11:25:50.3579310Z [1m[92m   Compiling[0m slab v0.4.12
2026-10-07T11:25:50.5683050Z [1m[92m   Compiling[0m cpufeatures v0.2.17
2026-10-07T11:25:50.6421620Z [1m[92m   Compiling[0m tower-service v0.3.3
2026-10-07T11:25:50.7788930Z [1m[92m   Compiling[0m smallvec v1.16.2
2026-10-07T11:25:51.2747160Z [1m[92m   Compiling[0m futures-sink v0.3.34
2026-10-07T11:25:51.3530240Z [1m[92m   Compiling[0m futures-task v0.3.34
2026-10-07T11:25:51.4853000Z [1m[92m   Compiling[0m sha1 v0.10.7
2026-10-07T11:25:51.5971750Z [1m[92m   Compiling[0m futures-util v0.3.34
2026-10-07T11:25:52.8290330Z [1m[92m   Compiling[0m serde_derive v1.0.229
2026-10-07T11:25:53.8251740Z [1m[92m   Compiling[0m ppv-lite86 v0.2.21
2026-10-07T11:25:54.7995900Z [1m[92m   Compiling[0m rand_chacha v0.9.0
2026-10-07T11:25:55.2892490Z [1m[92m   Compiling[0m rand v0.9.5
2026-10-07T11:25:57.8527350Z [1m[92m   Compiling[0m tracing v0.1.44
2026-10-07T11:25:58.8319410Z [1m[92m   Compiling[0m futures-channel v0.3.34
2026-10-07T11:25:59.2838890Z [1m[92m   Compiling[0m tower-layer v0.3.3
2026-10-07T11:25:59.4793690Z [1m[92m   Compiling[0m data-encoding v2.11.1
2026-10-07T11:26:00.2486740Z [1m[92m   Compiling[0m httpdate v1.0.3
2026-10-07T11:26:00.5568150Z [1m[92m   Compiling[0m atomic-waker v1.1.2
2026-10-07T11:26:00.6762560Z [1m[92m   Compiling[0m percent-encoding v2.3.2
2026-10-07T11:26:00.9469240Z [1m[92m   Compiling[0m sync_wrapper v1.0.2
2026-10-07T11:26:01.0144130Z [1m[92m   Compiling[0m serde_json v1.0.151
2026-10-07T11:26:01.1911600Z [1m[92m   Compiling[0m form_urlencoded v1.2.2
2026-10-07T11:26:01.3008450Z [1m[92m   Compiling[0m tungstenite v0.29.0
2026-10-07T11:26:01.3850010Z [1m[92m   Compiling[0m http-body-util v0.1.5
2026-10-07T11:26:02.2007320Z [1m[92m   Compiling[0m memchr v2.8.3
2026-10-07T11:26:02.6158000Z [1m[92m   Compiling[0m hyper v1.11.1
2026-10-07T11:26:04.1236560Z [1m[92m   Compiling[0m ryu v1.0.23
2026-10-07T11:26:04.1498090Z [1m[92m   Compiling[0m mime v0.3.17
2026-10-07T11:26:04.4882570Z [1m[92m   Compiling[0m serde_urlencoded v0.7.1
2026-10-07T11:26:04.6970820Z [1m[92m   Compiling[0m axum-core v0.5.6
2026-10-07T11:26:06.8223740Z [1m[92m   Compiling[0m hyper-util v0.1.21
2026-10-07T11:26:07.1904580Z [1m[92m   Compiling[0m tokio-tungstenite v0.29.0
2026-10-07T11:26:07.3088920Z [1m[92m   Compiling[0m tower v0.5.3
2026-10-07T11:26:07.6263290Z [1m[92m   Compiling[0m deadpool-runtime v0.3.1
2026-10-07T11:26:07.7206980Z [1m[92m   Compiling[0m serde_path_to_error v0.1.20
2026-10-07T11:26:07.9927380Z [1m[92m   Compiling[0m base64 v0.22.1
2026-10-07T11:26:08.3739810Z [1m[92m   Compiling[0m matchit v0.8.4
2026-10-07T11:26:08.5793440Z [1m[92m   Compiling[0m rusqlite v0.40.2
2026-10-07T11:26:08.6025810Z [1m[92m   Compiling[0m deadpool v0.13.1
2026-10-07T11:26:09.0802230Z [1m[92m   Compiling[0m axum v0.8.9
2026-10-07T11:26:09.2078490Z [1m[92m   Compiling[0m bumpalo v3.20.3
2026-10-07T11:26:15.3852970Z [1m[92m   Compiling[0m nagi-runtime v0.1.11 (/Users/runner/work/Nagi/Nagi/runtime)
2026-10-07T11:26:40.3989420Z [1m[92m    Finished[0m `test` profile [unoptimized + debuginfo] target(s) in 1m 07s
2026-10-07T11:26:40.4102190Z [1m[92m     Running[0m unittests src/lib.rs (target/debug/deps/nagi_runtime-4080976bff621759)
2026-10-07T11:26:40.4217820Z 
2026-10-07T11:26:40.4341140Z running 17 tests
2026-10-07T11:26:40.4348710Z test task::tests::discard_keeps_fault_and_legacy_error_observation ... ok
2026-10-07T11:26:40.4353500Z test task::tests::cancelled_drain_can_resume_after_child_drop_gate ... ok
2026-10-07T11:26:40.4357000Z test task::tests::fault_return_waits_for_requested_sibling_cleanup_and_actual_join ... ok
2026-10-07T11:26:40.4372590Z test task::tests::heterogeneous_results_and_business_error_keep_sibling_healthy ... ok
2026-10-07T11:26:40.4389930Z test task::tests::legacy_structured_cause_preserves_kind_message_and_primary_after_later_fault ... ok
2026-10-07T11:26:40.4392890Z test task::tests::parent_drop_requests_abort_but_does_not_report_child_destruction_complete ... ok
2026-10-07T11:26:40.4396140Z test task::tests::received_fault_remains_sticky_at_scope_exit ... ok
2026-10-07T11:26:40.4398570Z test task::tests::payload_drop_locations_distinguish_failed_send_buffer_and_received_value ... ok
2026-10-07T11:26:40.4400750Z test task::tests::receiver_notification_cannot_replace_actual_join ... ok
2026-10-07T11:26:40.4403640Z test task::tests::requested_cancel_does_not_hide_already_returned_legacy_error ... ok
2026-10-07T11:26:40.4405400Z test task::tests::spawn_after_fault_keeps_input_evaluation_and_actual_join_responsibility ... ok
2026-10-07T11:26:40.4407380Z test task::tests::requested_cancel_preserves_panic_and_unrequested_cancel_is_fault ... ok
2026-10-07T11:26:40.4409150Z test task::tests::target_other_than_first_join_and_body_error_primary_are_preserved ... ok
2026-10-07T11:26:40.4410820Z test task::tests::fake_native_id_reuse_does_not_mix_unreceived_tickets_and_retire_records ... ok
2026-10-07T11:26:40.4412470Z test task::tests::unpolled_and_pending_receive_drop_keep_scope_join_responsibility ... ok
2026-10-07T11:26:40.4414150Z test task::tests::wrong_owner_and_missing_output_are_protocol_errors_without_stolen_join ... ok
2026-10-07T11:26:40.4415550Z test task::tests::sticky_receive_retires_its_joined_ticket ... ok
2026-10-07T11:26:40.4416130Z 
2026-10-07T11:26:40.4417000Z test result: ok. 17 passed; 0 failed; 0 ignored; 0 measured; 191 filtered out; finished in 0.01s
2026-10-07T11:26:40.4417810Z 
2026-10-07T11:26:41.1427040Z [1m[92m   Compiling[0m nagi-runtime v0.1.11 (/Users/runner/work/Nagi/Nagi/runtime)
2026-10-07T11:26:46.5343710Z [1m[92m    Finished[0m `test` profile [unoptimized + debuginfo] target(s) in 5.60s
2026-10-07T11:26:46.5413280Z [1m[92m     Running[0m tests/task_handles.rs (target/debug/deps/task_handles-c236fd50c190eaff)
2026-10-07T11:26:46.5490590Z 
2026-10-07T11:26:46.5492090Z running 3 tests
2026-10-07T11:26:46.5504980Z test public_mixed_legacy_failure_keeps_failure_category_and_native_exit_error ... ok
2026-10-07T11:26:46.5506550Z test public_failure_getters_keep_fault_sticky_after_receive ... ok
2026-10-07T11:26:46.5508890Z test public_task_results_keep_business_error_inside_and_legacy_error_at_exit ... ok
2026-10-07T11:26:46.5509680Z 
2026-10-07T11:26:46.5510580Z test result: ok. 3 passed; 0 failed; 0 ignored; 0 measured; 0 filtered out; finished in 0.00s
2026-10-07T11:26:46.5511380Z 
2026-10-07T11:26:46.6895370Z [1m[92m    Finished[0m `test` profile [unoptimized + debuginfo] target(s) in 0.09s
2026-10-07T11:26:46.6960600Z [1m[92m   Doc-tests[0m nagi_runtime
2026-10-07T11:26:46.9298210Z 
2026-10-07T11:26:46.9298900Z running 9 tests
2026-10-07T11:26:47.0400250Z test runtime/src/auth.rs - auth::Principal (line 13) - compile fail ... ok
2026-10-07T11:26:47.1430200Z test runtime/src/auth.rs - auth::Grant (line 53) - compile fail ... ok
2026-10-07T11:26:47.2434310Z test runtime/src/auth.rs - auth::Principal (line 16) - compile fail ... ok
2026-10-07T11:26:47.2482110Z test runtime/src/auth.rs - auth::Grant (line 48) - compile fail ... ok
2026-10-07T11:26:47.2489870Z test runtime/src/auth.rs - auth::Principal (line 20) - compile fail ... ok
2026-10-07T11:26:47.2491330Z test runtime/src/task.rs - task::Task (line 83) - compile fail ... ok
2026-10-07T11:26:47.2494500Z test runtime/src/task.rs - task::Task (line 87) - compile fail ... ok
2026-10-07T11:26:47.2498400Z test runtime/src/task.rs - task::Task (line 94) - compile fail ... ok
2026-10-07T11:26:47.3090020Z test runtime/src/task.rs - task::TaskFailure (line 59) - compile fail ... ok
2026-10-07T11:26:47.3091090Z 
2026-10-07T11:26:47.3103290Z test result: ok. 9 passed; 0 failed; 0 ignored; 0 measured; 0 filtered out; finished in 0.38s
2026-10-07T11:26:47.3104310Z 
2026-10-07T11:26:47.3288420Z ##[group]Run cargo run --locked -p nagic --example task-contract-red -- --report "$RUNNER_TEMP/task-contracts.json"
2026-10-07T11:26:47.3291910Z [36;1mcargo run --locked -p nagic --example task-contract-red -- --report "$RUNNER_TEMP/task-contracts.json"[0m
2026-10-07T11:26:47.3371100Z shell: /bin/bash --noprofile --norc -e -o pipefail {0}
2026-10-07T11:26:47.3371750Z env:
2026-10-07T11:26:47.3372870Z   NAGI_FAILURE_DIR: /Users/runner/work/Nagi/Nagi/build/compiler-failures
2026-10-07T11:26:47.3374120Z   CARGO_HOME: /Users/runner/.cargo
2026-10-07T11:26:47.3374650Z   CARGO_INCREMENTAL: 0
2026-10-07T11:26:47.3375440Z   CARGO_TERM_COLOR: always
2026-10-07T11:26:47.3377440Z   pythonLocation: /Users/runner/hostedtoolcache/Python/3.12.10/x64
2026-10-07T11:26:47.3378540Z   PKG_CONFIG_PATH: /Users/runner/hostedtoolcache/Python/3.12.10/x64/lib/pkgconfig
2026-10-07T11:26:47.3379580Z   Python_ROOT_DIR: /Users/runner/hostedtoolcache/Python/3.12.10/x64
2026-10-07T11:26:47.3380660Z   Python2_ROOT_DIR: /Users/runner/hostedtoolcache/Python/3.12.10/x64
2026-10-07T11:26:47.3382130Z   Python3_ROOT_DIR: /Users/runner/hostedtoolcache/Python/3.12.10/x64
2026-10-07T11:26:47.3382870Z ##[endgroup]
2026-10-07T11:26:47.4941720Z [1m[92m   Compiling[0m nagic v0.1.11 (/Users/runner/work/Nagi/Nagi/compiler)
2026-10-07T11:26:48.0898740Z [1m[92m    Finished[0m `dev` profile [unoptimized + debuginfo] target(s) in 0.65s
2026-10-07T11:26:48.0944380Z [1m[92m     Running[0m `target/debug/examples/task-contract-red --report /Users/runner/work/_temp/task-contracts.json`
2026-10-07T11:26:49.5320770Z Task contracts: 148/148 matched; report: /Users/runner/work/_temp/task-contracts.json
2026-10-07T11:26:49.5415040Z ##[group]Run python scripts/verify_library_examples.py --only task-results
2026-10-07T11:26:49.5416240Z [36;1mpython scripts/verify_library_examples.py --only task-results[0m
2026-10-07T11:26:49.5492930Z shell: /bin/bash -e {0}
2026-10-07T11:26:49.5494200Z env:
2026-10-07T11:26:49.5494980Z   NAGI_FAILURE_DIR: /Users/runner/work/Nagi/Nagi/build/compiler-failures
2026-10-07T11:26:49.5495850Z   CARGO_HOME: /Users/runner/.cargo
2026-10-07T11:26:49.5496420Z   CARGO_INCREMENTAL: 0
2026-10-07T11:26:49.5496920Z   CARGO_TERM_COLOR: always
2026-10-07T11:26:49.5497630Z   pythonLocation: /Users/runner/hostedtoolcache/Python/3.12.10/x64
2026-10-07T11:26:49.5498970Z   PKG_CONFIG_PATH: /Users/runner/hostedtoolcache/Python/3.12.10/x64/lib/pkgconfig
2026-10-07T11:26:49.5500060Z   Python_ROOT_DIR: /Users/runner/hostedtoolcache/Python/3.12.10/x64
2026-10-07T11:26:49.5501050Z   Python2_ROOT_DIR: /Users/runner/hostedtoolcache/Python/3.12.10/x64
2026-10-07T11:26:49.5502310Z   Python3_ROOT_DIR: /Users/runner/hostedtoolcache/Python/3.12.10/x64
2026-10-07T11:26:49.5503130Z ##[endgroup]
2026-10-07T11:26:53.2123270Z Passed: task-results (high)
2026-10-07T11:26:56.1966990Z Passed: task-results (saved-low)
2026-10-07T11:26:59.0806900Z Passed: task-results (handwritten-low)
2026-10-07T11:26:59.0878270Z {"forms": 3, "status": "passed"}
2026-10-07T11:26:59.1077300Z ##[group]Run python scripts/verify_library_examples.py --only supervised-service
2026-10-07T11:26:59.1078540Z [36;1mpython scripts/verify_library_examples.py --only supervised-service[0m
2026-10-07T11:26:59.1148230Z shell: /bin/bash -e {0}
2026-10-07T11:26:59.1148770Z env:
2026-10-07T11:26:59.1149420Z   NAGI_FAILURE_DIR: /Users/runner/work/Nagi/Nagi/build/compiler-failures
2026-10-07T11:26:59.1150240Z   CARGO_HOME: /Users/runner/.cargo
2026-10-07T11:26:59.1150780Z   CARGO_INCREMENTAL: 0
2026-10-07T11:26:59.1151230Z   CARGO_TERM_COLOR: always
2026-10-07T11:26:59.1151900Z   pythonLocation: /Users/runner/hostedtoolcache/Python/3.12.10/x64
2026-10-07T11:26:59.1153010Z   PKG_CONFIG_PATH: /Users/runner/hostedtoolcache/Python/3.12.10/x64/lib/pkgconfig
2026-10-07T11:26:59.1154020Z   Python_ROOT_DIR: /Users/runner/hostedtoolcache/Python/3.12.10/x64
2026-10-07T11:26:59.1155000Z   Python2_ROOT_DIR: /Users/runner/hostedtoolcache/Python/3.12.10/x64
2026-10-07T11:26:59.1156000Z   Python3_ROOT_DIR: /Users/runner/hostedtoolcache/Python/3.12.10/x64
2026-10-07T11:26:59.1156780Z ##[endgroup]
2026-10-07T11:27:10.3250380Z Passed: supervised-service (high)
2026-10-07T11:27:21.1856250Z Passed: supervised-service (saved-low)
2026-10-07T11:27:31.4336230Z Passed: supervised-service (handwritten-low)
2026-10-07T11:27:31.4418570Z {"forms": 3, "status": "passed"}
2026-10-07T11:27:31.4602820Z ##[group]Run python -m unittest discover -s scripts -p 'test_native_artifacts.py'
2026-10-07T11:27:31.4604030Z [36;1mpython -m unittest discover -s scripts -p 'test_native_artifacts.py'[0m
2026-10-07T11:27:31.4670570Z shell: /bin/bash -e {0}
2026-10-07T11:27:31.4671050Z env:
2026-10-07T11:27:31.4672230Z   NAGI_FAILURE_DIR: /Users/runner/work/Nagi/Nagi/build/compiler-failures
2026-10-07T11:27:31.4673050Z   CARGO_HOME: /Users/runner/.cargo
2026-10-07T11:27:31.4673590Z   CARGO_INCREMENTAL: 0
2026-10-07T11:27:31.4674060Z   CARGO_TERM_COLOR: always
2026-10-07T11:27:31.4674760Z   pythonLocation: /Users/runner/hostedtoolcache/Python/3.12.10/x64
2026-10-07T11:27:31.4675800Z   PKG_CONFIG_PATH: /Users/runner/hostedtoolcache/Python/3.12.10/x64/lib/pkgconfig
2026-10-07T11:27:31.4676830Z   Python_ROOT_DIR: /Users/runner/hostedtoolcache/Python/3.12.10/x64
2026-10-07T11:27:31.4677760Z   Python2_ROOT_DIR: /Users/runner/hostedtoolcache/Python/3.12.10/x64
2026-10-07T11:27:31.4678760Z   Python3_ROOT_DIR: /Users/runner/hostedtoolcache/Python/3.12.10/x64
2026-10-07T11:27:31.4679540Z ##[endgroup]
2026-10-07T11:27:31.6795970Z .........
2026-10-07T11:27:31.6796890Z ----------------------------------------------------------------------
2026-10-07T11:27:31.6797700Z Ran 9 tests in 0.038s
2026-10-07T11:27:31.6797990Z 
2026-10-07T11:27:31.6798270Z OK
2026-10-07T11:27:31.6974210Z ##[group]Run python -m unittest discover -s scripts -p 'test_application_native_tests.py'
2026-10-07T11:27:31.6975880Z [36;1mpython -m unittest discover -s scripts -p 'test_application_native_tests.py'[0m
2026-10-07T11:27:31.7044380Z shell: /bin/bash -e {0}
2026-10-07T11:27:31.7044880Z env:
2026-10-07T11:27:31.7045540Z   NAGI_FAILURE_DIR: /Users/runner/work/Nagi/Nagi/build/compiler-failures
2026-10-07T11:27:31.7046460Z   CARGO_HOME: /Users/runner/.cargo
2026-10-07T11:27:31.7047030Z   CARGO_INCREMENTAL: 0
2026-10-07T11:27:31.7048060Z   CARGO_TERM_COLOR: always
2026-10-07T11:27:31.7048790Z   pythonLocation: /Users/runner/hostedtoolcache/Python/3.12.10/x64
2026-10-07T11:27:31.7049860Z   PKG_CONFIG_PATH: /Users/runner/hostedtoolcache/Python/3.12.10/x64/lib/pkgconfig
2026-10-07T11:27:31.7050950Z   Python_ROOT_DIR: /Users/runner/hostedtoolcache/Python/3.12.10/x64
2026-10-07T11:27:31.7051950Z   Python2_ROOT_DIR: /Users/runner/hostedtoolcache/Python/3.12.10/x64
2026-10-07T11:27:31.7053020Z   Python3_ROOT_DIR: /Users/runner/hostedtoolcache/Python/3.12.10/x64
2026-10-07T11:27:31.7053840Z ##[endgroup]
2026-10-07T11:27:31.9315170Z .....
2026-10-07T11:27:31.9316520Z ----------------------------------------------------------------------
2026-10-07T11:27:31.9317590Z Ran 5 tests in 0.017s
2026-10-07T11:27:31.9317930Z 
2026-10-07T11:27:31.9318100Z OK
2026-10-07T11:27:31.9561620Z ##[group]Run cargo test --locked -p nagi-runtime oversized_body_ -- --test-threads=1
2026-10-07T11:27:31.9563030Z [36;1mcargo test --locked -p nagi-runtime oversized_body_ -- --test-threads=1[0m
2026-10-07T11:27:31.9638980Z shell: /bin/bash -e {0}
2026-10-07T11:27:31.9639470Z env:
2026-10-07T11:27:31.9640100Z   NAGI_FAILURE_DIR: /Users/runner/work/Nagi/Nagi/build/compiler-failures
2026-10-07T11:27:31.9640920Z   CARGO_HOME: /Users/runner/.cargo
2026-10-07T11:27:31.9641460Z   CARGO_INCREMENTAL: 0
2026-10-07T11:27:31.9641940Z   CARGO_TERM_COLOR: always
2026-10-07T11:27:31.9642620Z   pythonLocation: /Users/runner/hostedtoolcache/Python/3.12.10/x64
2026-10-07T11:27:31.9643720Z   PKG_CONFIG_PATH: /Users/runner/hostedtoolcache/Python/3.12.10/x64/lib/pkgconfig
2026-10-07T11:27:31.9644790Z   Python_ROOT_DIR: /Users/runner/hostedtoolcache/Python/3.12.10/x64
2026-10-07T11:27:31.9645720Z   Python2_ROOT_DIR: /Users/runner/hostedtoolcache/Python/3.12.10/x64
2026-10-07T11:27:31.9646760Z   Python3_ROOT_DIR: /Users/runner/hostedtoolcache/Python/3.12.10/x64
2026-10-07T11:27:31.9647510Z ##[endgroup]
2026-10-07T11:27:32.1228740Z [1m[92m    Finished[0m `test` profile [unoptimized + debuginfo] target(s) in 0.09s
2026-10-07T11:27:32.1289200Z [1m[92m     Running[0m unittests src/lib.rs (target/debug/deps/nagi_runtime-4080976bff621759)
2026-10-07T11:27:32.1433100Z 
2026-10-07T11:27:32.1435270Z running 5 tests
2026-10-07T11:27:32.3468080Z test http_server::tests::oversized_body_boundary_accepts_4096_and_incomplete_upload_keeps_body_deadline ... ok
2026-10-07T11:27:32.3503560Z test http_server::tests::oversized_body_chunked_delivers_413_with_or_without_final_chunk ... ok
2026-10-07T11:27:32.3536380Z test http_server::tests::oversized_body_content_length_delivers_413_without_calling_handler ... ok
2026-10-07T11:27:32.3569520Z test http_server::tests::oversized_body_declared_length_rejects_headers_and_incomplete_upload_promptly ... ok
2026-10-07T11:27:32.3592580Z test http_server::tests::oversized_body_rejects_keep_alive_upload_and_never_dispatches_pipeline ... ok
2026-10-07T11:27:32.3594310Z 
2026-10-07T11:27:32.3597640Z test result: ok. 5 passed; 0 failed; 0 ignored; 0 measured; 203 filtered out; finished in 0.22s
2026-10-07T11:27:32.3600360Z [1m[92m     Running[0m tests/task_handles.rs (target/debug/deps/task_handles-c236fd50c190eaff)
2026-10-07T11:27:32.3601150Z 
2026-10-07T11:27:32.3681210Z 
2026-10-07T11:27:32.3683650Z running 0 tests
2026-10-07T11:27:32.3684200Z 
2026-10-07T11:27:32.3685520Z test result: ok. 0 passed; 0 failed; 0 ignored; 0 measured; 3 filtered out; finished in 0.00s
2026-10-07T11:27:32.3689620Z 
2026-10-07T11:27:32.3777310Z ##[group]Run cargo test --locked -p nagi-runtime panic_ -- --test-threads=1
2026-10-07T11:27:32.3778460Z [36;1mcargo test --locked -p nagi-runtime panic_ -- --test-threads=1[0m
2026-10-07T11:27:32.3857490Z shell: /bin/bash -e {0}
2026-10-07T11:27:32.3857980Z env:
2026-10-07T11:27:32.3858600Z   NAGI_FAILURE_DIR: /Users/runner/work/Nagi/Nagi/build/compiler-failures
2026-10-07T11:27:32.3859430Z   CARGO_HOME: /Users/runner/.cargo
2026-10-07T11:27:32.3859970Z   CARGO_INCREMENTAL: 0
2026-10-07T11:27:32.3860450Z   CARGO_TERM_COLOR: always
2026-10-07T11:27:32.3861130Z   pythonLocation: /Users/runner/hostedtoolcache/Python/3.12.10/x64
2026-10-07T11:27:32.3862200Z   PKG_CONFIG_PATH: /Users/runner/hostedtoolcache/Python/3.12.10/x64/lib/pkgconfig
2026-10-07T11:27:32.3863260Z   Python_ROOT_DIR: /Users/runner/hostedtoolcache/Python/3.12.10/x64
2026-10-07T11:27:32.3864200Z   Python2_ROOT_DIR: /Users/runner/hostedtoolcache/Python/3.12.10/x64
2026-10-07T11:27:32.3865230Z   Python3_ROOT_DIR: /Users/runner/hostedtoolcache/Python/3.12.10/x64
2026-10-07T11:27:32.3866000Z ##[endgroup]
2026-10-07T11:27:32.5337360Z [1m[92m    Finished[0m `test` profile [unoptimized + debuginfo] target(s) in 0.08s
2026-10-07T11:27:32.5401540Z [1m[92m     Running[0m unittests src/lib.rs (target/debug/deps/nagi_runtime-4080976bff621759)
2026-10-07T11:27:32.5501880Z 
2026-10-07T11:27:32.5502310Z running 18 tests
2026-10-07T11:27:32.6064100Z test actor::lifecycle_adversarial_tests::a_blocking_panic_payload_destructor_remains_a_retained_child_obligation ... ok
2026-10-07T11:27:32.6072180Z test actor::lifecycle_adversarial_tests::a_factory_constructor_panic_does_not_lose_the_context_cleanup_obligation ... ok
2026-10-07T11:27:32.6609010Z test actor::lifecycle_adversarial_tests::a_finite_follow_on_panic_payload_retains_the_guard_and_context_until_drop_finishes ... ok
2026-10-07T11:27:32.6621950Z test actor::lifecycle_adversarial_tests::a_panic_payload_destructor_can_observe_and_stop_its_group_without_a_lock_cycle ... ok
2026-10-07T11:27:32.6628510Z test actor::lifecycle_adversarial_tests::context_owned_by_a_child_panic_payload_is_cleaned_before_final_context_cleanup ... ok
2026-10-07T11:27:32.6641890Z test concurrent::tests::panic_isolated ... ok
2026-10-07T11:27:32.6785440Z test http::panic_tests::handler_extractor_and_response_panics_return_sanitized_500_for_get_and_head ... ok
2026-10-07T11:27:32.8011360Z test http_server::tests::handler_panic_after_deadline_returns_500_and_releases_admission ... ok
2026-10-07T11:27:32.8034120Z test http_server::tests::panic_tests::http_error_mapper_panic_returns_500 ... ok
2026-10-07T11:27:32.8054120Z test http_server::tests::panic_tests::http_handler_constructor_panic_returns_500 ... ok
2026-10-07T11:27:32.8075600Z test http_server::tests::panic_tests::http_handler_division_by_zero_returns_500_and_server_keeps_serving ... ok
2026-10-07T11:27:32.8094960Z test http_server::tests::panic_tests::http_handler_out_of_bounds_returns_500_and_server_keeps_serving ... ok
2026-10-07T11:27:32.8114270Z test http_server::tests::panic_tests::http_handler_panic_after_await_returns_500_without_exposing_payload ... ok
2026-10-07T11:27:32.8134040Z test http_server::tests::panic_tests::http_handler_panic_head_response_has_no_body ... ok
2026-10-07T11:27:32.8161630Z test sqlite_prototype::adapter_tests::callback_panic_retires_pool_and_join_does_not_hide_native_close_failure ... ok
2026-10-07T11:27:32.8169320Z test sqlite_prototype::tests::management_panic_restores_raii_flag_before_observed_rollback_and_retirement ... ok
2026-10-07T11:27:32.8177590Z test sqlite_prototype::tests::user_callback_panic_restores_management_state_and_retires_worker ... ok
2026-10-07T11:27:32.8188460Z test task::tests::requested_cancel_preserves_panic_and_unrequested_cancel_is_fault ... ok
2026-10-07T11:27:32.8189250Z 
2026-10-07T11:27:32.8190120Z test result: ok. 18 passed; 0 failed; 0 ignored; 0 measured; 190 filtered out; finished in 0.27s
2026-10-07T11:27:32.8190920Z 
2026-10-07T11:27:32.8195920Z [1m[92m     Running[0m tests/task_handles.rs (target/debug/deps/task_handles-c236fd50c190eaff)
2026-10-07T11:27:32.8270800Z 
2026-10-07T11:27:32.8271530Z running 0 tests
2026-10-07T11:27:32.8271880Z 
2026-10-07T11:27:32.8273640Z test result: ok. 0 passed; 0 failed; 0 ignored; 0 measured; 3 filtered out; finished in 0.00s
2026-10-07T11:27:32.8274400Z 
2026-10-07T11:27:32.8359840Z ##[group]Run cargo test --locked -p nagi-runtime handler_timeout_ -- --test-threads=1
2026-10-07T11:27:32.8361090Z [36;1mcargo test --locked -p nagi-runtime handler_timeout_ -- --test-threads=1[0m
2026-10-07T11:27:32.8425430Z shell: /bin/bash -e {0}
2026-10-07T11:27:32.8426370Z env:
2026-10-07T11:27:32.8427010Z   NAGI_FAILURE_DIR: /Users/runner/work/Nagi/Nagi/build/compiler-failures
2026-10-07T11:27:32.8427830Z   CARGO_HOME: /Users/runner/.cargo
2026-10-07T11:27:32.8428380Z   CARGO_INCREMENTAL: 0
2026-10-07T11:27:32.8428880Z   CARGO_TERM_COLOR: always
2026-10-07T11:27:32.8429570Z   pythonLocation: /Users/runner/hostedtoolcache/Python/3.12.10/x64
2026-10-07T11:27:32.8430600Z   PKG_CONFIG_PATH: /Users/runner/hostedtoolcache/Python/3.12.10/x64/lib/pkgconfig
2026-10-07T11:27:32.8431650Z   Python_ROOT_DIR: /Users/runner/hostedtoolcache/Python/3.12.10/x64
2026-10-07T11:27:32.8432580Z   Python2_ROOT_DIR: /Users/runner/hostedtoolcache/Python/3.12.10/x64
2026-10-07T11:27:32.8433590Z   Python3_ROOT_DIR: /Users/runner/hostedtoolcache/Python/3.12.10/x64
2026-10-07T11:27:32.8434460Z ##[endgroup]
2026-10-07T11:27:32.9923480Z [1m[92m    Finished[0m `test` profile [unoptimized + debuginfo] target(s) in 0.08s
2026-10-07T11:27:32.9978510Z [1m[92m     Running[0m unittests src/lib.rs (target/debug/deps/nagi_runtime-4080976bff621759)
2026-10-07T11:27:33.0076290Z 
2026-10-07T11:27:33.0077420Z running 2 tests
2026-10-07T11:27:33.1117340Z test http_server::tests::handler_timeout_cancels_future_and_releases_request_capacity ... ok
2026-10-07T11:27:33.3208970Z test http_server::tests::handler_timeout_rejects_a_ready_response_after_blocking_poll ... ok
2026-10-07T11:27:33.3209820Z 
2026-10-07T11:27:33.3210750Z test result: ok. 2 passed; 0 failed; 0 ignored; 0 measured; 206 filtered out; finished in 0.31s
2026-10-07T11:27:33.3211920Z 
2026-10-07T11:27:33.3214380Z [1m[92m     Running[0m tests/task_handles.rs (target/debug/deps/task_handles-c236fd50c190eaff)
2026-10-07T11:27:33.3292510Z 
2026-10-07T11:27:33.3293450Z running 0 tests
2026-10-07T11:27:33.3294240Z 
2026-10-07T11:27:33.3295090Z test result: ok. 0 passed; 0 failed; 0 ignored; 0 measured; 3 filtered out; finished in 0.00s
2026-10-07T11:27:33.3295870Z 
2026-10-07T11:27:33.3403590Z ##[group]Run python scripts/releases/package.py --binary "target/release/$RELEASE_EXECUTABLE" --version "$RELEASE_VERSION" --platform "$RELEASE_PLATFORM"
2026-10-07T11:27:33.3405890Z [36;1mpython scripts/releases/package.py --binary "target/release/$RELEASE_EXECUTABLE" --version "$RELEASE_VERSION" --platform "$RELEASE_PLATFORM"[0m
2026-10-07T11:27:33.3468950Z shell: /bin/bash --noprofile --norc -e -o pipefail {0}
2026-10-07T11:27:33.3469610Z env:
2026-10-07T11:27:33.3470560Z   NAGI_FAILURE_DIR: /Users/runner/work/Nagi/Nagi/build/compiler-failures
2026-10-07T11:27:33.3471370Z   CARGO_HOME: /Users/runner/.cargo
2026-10-07T11:27:33.3471920Z   CARGO_INCREMENTAL: 0
2026-10-07T11:27:33.3472410Z   CARGO_TERM_COLOR: always
2026-10-07T11:27:33.3473090Z   pythonLocation: /Users/runner/hostedtoolcache/Python/3.12.10/x64
2026-10-07T11:27:33.3474120Z   PKG_CONFIG_PATH: /Users/runner/hostedtoolcache/Python/3.12.10/x64/lib/pkgconfig
2026-10-07T11:27:33.3475230Z   Python_ROOT_DIR: /Users/runner/hostedtoolcache/Python/3.12.10/x64
2026-10-07T11:27:33.3476160Z   Python2_ROOT_DIR: /Users/runner/hostedtoolcache/Python/3.12.10/x64
2026-10-07T11:27:33.3477090Z   Python3_ROOT_DIR: /Users/runner/hostedtoolcache/Python/3.12.10/x64
2026-10-07T11:27:33.3477860Z   RELEASE_VERSION: 0.1.11
2026-10-07T11:27:33.3478360Z   RELEASE_PLATFORM: macos-x86_64
2026-10-07T11:27:33.3478890Z   RELEASE_EXECUTABLE: nagic
2026-10-07T11:27:33.3479380Z ##[endgroup]
2026-10-07T11:27:34.2322620Z /Users/runner/work/Nagi/Nagi/build/distribution/nagi-0.1.11-macos-x86_64.tar.gz
2026-10-07T11:27:34.2482990Z ##[group]Run python - <<'PY'
2026-10-07T11:27:34.2483670Z [36;1mpython - <<'PY'[0m
2026-10-07T11:27:34.2484180Z [36;1mimport os, sys[0m
2026-10-07T11:27:34.2484680Z [36;1mfrom pathlib import Path[0m
2026-10-07T11:27:34.2485290Z [36;1msys.path.insert(0, 'scripts/releases')[0m
2026-10-07T11:27:34.2485940Z [36;1mfrom verify import verify[0m
2026-10-07T11:27:34.2486820Z [36;1mversion, platform = os.environ['RELEASE_VERSION'], os.environ['RELEASE_PLATFORM'][0m
2026-10-07T11:27:34.2487840Z [36;1msuffix = '.zip' if os.name == 'nt' else '.tar.gz'[0m
2026-10-07T11:27:34.2489070Z [36;1mverify(Path('build/distribution') / f'nagi-{version}-{platform}{suffix}', version, platform, Path('native-target'))[0m
2026-10-07T11:27:34.2490220Z [36;1mPY[0m
2026-10-07T11:27:34.2553850Z shell: /bin/bash --noprofile --norc -e -o pipefail {0}
2026-10-07T11:27:34.2554520Z env:
2026-10-07T11:27:34.2555130Z   NAGI_FAILURE_DIR: /Users/runner/work/Nagi/Nagi/build/compiler-failures
2026-10-07T11:27:34.2556080Z   CARGO_HOME: /Users/runner/.cargo
2026-10-07T11:27:34.2556640Z   CARGO_INCREMENTAL: 0
2026-10-07T11:27:34.2557140Z   CARGO_TERM_COLOR: always
2026-10-07T11:27:34.2557820Z   pythonLocation: /Users/runner/hostedtoolcache/Python/3.12.10/x64
2026-10-07T11:27:34.2558870Z   PKG_CONFIG_PATH: /Users/runner/hostedtoolcache/Python/3.12.10/x64/lib/pkgconfig
2026-10-07T11:27:34.2559910Z   Python_ROOT_DIR: /Users/runner/hostedtoolcache/Python/3.12.10/x64
2026-10-07T11:27:34.2560830Z   Python2_ROOT_DIR: /Users/runner/hostedtoolcache/Python/3.12.10/x64
2026-10-07T11:27:34.2561800Z   Python3_ROOT_DIR: /Users/runner/hostedtoolcache/Python/3.12.10/x64
2026-10-07T11:27:34.2562550Z   RELEASE_VERSION: 0.1.11
2026-10-07T11:27:34.2563060Z   RELEASE_PLATFORM: macos-x86_64
2026-10-07T11:27:34.2563600Z   RELEASE_EXECUTABLE: nagic
2026-10-07T11:27:34.2564080Z ##[endgroup]
2026-10-07T11:28:02.4461760Z Verified SQL engine: extracted compiler, offline schema, bad columns/binds, Nagi locations, no Cargo/runtime
2026-10-07T11:28:02.4496170Z Verified 0.1.11 macos-x86_64: PATH, external projects, version, help, function aliases, shared/borrowed JSON, early Nagi diagnostics
2026-10-07T11:28:02.4514520Z Verified local Rust dependency: manifest-relative path, package alias, features, default-features, separate cwd/output
2026-10-07T11:28:02.4526080Z Verified standard actor library: extracted runtime, typed context, task, tracked cleanup
2026-10-07T11:28:02.4538080Z Verified Task handles: extracted compiler/runtime, High/saved Low/handwritten Low, receive/discard, nested business Err, early ownership diagnostics
2026-10-07T11:28:02.4684010Z ##[group]Run python tests/route_integration.py
2026-10-07T11:28:02.4685350Z [36;1mpython tests/route_integration.py[0m
2026-10-07T11:28:02.4771500Z shell: /bin/bash -e {0}
2026-10-07T11:28:02.4772090Z env:
2026-10-07T11:28:02.4772830Z   NAGI_FAILURE_DIR: /Users/runner/work/Nagi/Nagi/build/compiler-failures
2026-10-07T11:28:02.4773780Z   CARGO_HOME: /Users/runner/.cargo
2026-10-07T11:28:02.4775110Z   CARGO_INCREMENTAL: 0
2026-10-07T11:28:02.4775670Z   CARGO_TERM_COLOR: always
2026-10-07T11:28:02.4776470Z   pythonLocation: /Users/runner/hostedtoolcache/Python/3.12.10/x64
2026-10-07T11:28:02.4777710Z   PKG_CONFIG_PATH: /Users/runner/hostedtoolcache/Python/3.12.10/x64/lib/pkgconfig
2026-10-07T11:28:02.4778920Z   Python_ROOT_DIR: /Users/runner/hostedtoolcache/Python/3.12.10/x64
2026-10-07T11:28:02.4780010Z   Python2_ROOT_DIR: /Users/runner/hostedtoolcache/Python/3.12.10/x64
2026-10-07T11:28:02.4781130Z   Python3_ROOT_DIR: /Users/runner/hostedtoolcache/Python/3.12.10/x64
2026-10-07T11:28:02.4782450Z ##[endgroup]
2026-10-07T11:28:12.5322280Z HTTP route parameters: 7 passed
2026-10-07T11:28:12.5624510Z ##[group]Run python tests/http_stdlib_integration.py
2026-10-07T11:28:12.5625530Z [36;1mpython tests/http_stdlib_integration.py[0m
2026-10-07T11:28:12.5707710Z shell: /bin/bash -e {0}
2026-10-07T11:28:12.5708260Z env:
2026-10-07T11:28:12.5708980Z   NAGI_FAILURE_DIR: /Users/runner/work/Nagi/Nagi/build/compiler-failures
2026-10-07T11:28:12.5710760Z   CARGO_HOME: /Users/runner/.cargo
2026-10-07T11:28:12.5711400Z   CARGO_INCREMENTAL: 0
2026-10-07T11:28:12.5711930Z   CARGO_TERM_COLOR: always
2026-10-07T11:28:12.5712670Z   pythonLocation: /Users/runner/hostedtoolcache/Python/3.12.10/x64
2026-10-07T11:28:12.5714480Z   PKG_CONFIG_PATH: /Users/runner/hostedtoolcache/Python/3.12.10/x64/lib/pkgconfig
2026-10-07T11:28:12.5716740Z   Python_ROOT_DIR: /Users/runner/hostedtoolcache/Python/3.12.10/x64
2026-10-07T11:28:12.5717870Z   Python2_ROOT_DIR: /Users/runner/hostedtoolcache/Python/3.12.10/x64
2026-10-07T11:28:12.5719460Z   Python3_ROOT_DIR: /Users/runner/hostedtoolcache/Python/3.12.10/x64
2026-10-07T11:28:12.5720530Z ##[endgroup]
2026-10-07T11:28:33.3664840Z Standard HTTP Nagi integration: 72 passed (High and independent Low)
2026-10-07T11:28:33.3860920Z ##[group]Run cargo test --locked -p nagic --test scoped_tasks
2026-10-07T11:28:33.3861980Z [36;1mcargo test --locked -p nagic --test scoped_tasks[0m
2026-10-07T11:28:33.3935180Z shell: /bin/bash -e {0}
2026-10-07T11:28:33.3935720Z env:
2026-10-07T11:28:33.3936430Z   NAGI_FAILURE_DIR: /Users/runner/work/Nagi/Nagi/build/compiler-failures
2026-10-07T11:28:33.3937330Z   CARGO_HOME: /Users/runner/.cargo
2026-10-07T11:28:33.3937930Z   CARGO_INCREMENTAL: 0
2026-10-07T11:28:33.3938460Z   CARGO_TERM_COLOR: always
2026-10-07T11:28:33.3939250Z   pythonLocation: /Users/runner/hostedtoolcache/Python/3.12.10/x64
2026-10-07T11:28:33.3940450Z   PKG_CONFIG_PATH: /Users/runner/hostedtoolcache/Python/3.12.10/x64/lib/pkgconfig
2026-10-07T11:28:33.3941630Z   Python_ROOT_DIR: /Users/runner/hostedtoolcache/Python/3.12.10/x64
2026-10-07T11:28:33.3942670Z   Python2_ROOT_DIR: /Users/runner/hostedtoolcache/Python/3.12.10/x64
2026-10-07T11:28:33.3943840Z   Python3_ROOT_DIR: /Users/runner/hostedtoolcache/Python/3.12.10/x64
2026-10-07T11:28:33.3944670Z ##[endgroup]
2026-10-07T11:28:33.5336760Z [1m[92m   Compiling[0m nagic v0.1.11 (/Users/runner/work/Nagi/Nagi/compiler)
2026-10-07T11:28:34.2592090Z [1m[92m    Finished[0m `test` profile [unoptimized + debuginfo] target(s) in 0.79s
2026-10-07T11:28:34.2646230Z [1m[92m     Running[0m tests/scoped_tasks.rs (target/debug/deps/scoped_tasks-e73fe5d492398f6a)
2026-10-07T11:28:34.2956550Z 
2026-10-07T11:28:34.2958990Z running 5 tests
2026-10-07T11:28:34.2980600Z test moving_an_owned_argument_still_consumes_it_before_later_parent_work ... ok
2026-10-07T11:28:34.2982550Z test scope_rejects_known_foreign_error_types_and_preserves_local_error_adapters ... ok
2026-10-07T11:28:34.3012000Z test futures_that_still_hold_views_are_rejected_after_copying_containers ... ok
2026-10-07T11:28:34.3014920Z test copied_views_and_values_computed_from_views_can_enter_tasks ... ok
2026-10-07T11:28:34.7250840Z test spawn_evaluates_owned_arguments_before_parent_continues_and_keeps_sources ... ok
2026-10-07T11:28:34.7251720Z 
2026-10-07T11:28:34.7252660Z test result: ok. 5 passed; 0 failed; 0 ignored; 0 measured; 0 filtered out; finished in 0.45s
2026-10-07T11:28:34.7254830Z 
2026-10-07T11:28:34.7348350Z ##[group]Run cargo test --locked -p nagi-runtime actor::
2026-10-07T11:28:34.7349310Z [36;1mcargo test --locked -p nagi-runtime actor::[0m
2026-10-07T11:28:34.7350170Z [36;1mcargo test --locked -p nagi-runtime supervisor_drop[0m
2026-10-07T11:28:34.7420860Z shell: /bin/bash -e {0}
2026-10-07T11:28:34.7421350Z env:
2026-10-07T11:28:34.7422030Z   NAGI_FAILURE_DIR: /Users/runner/work/Nagi/Nagi/build/compiler-failures
2026-10-07T11:28:34.7422920Z   CARGO_HOME: /Users/runner/.cargo
2026-10-07T11:28:34.7423510Z   CARGO_INCREMENTAL: 0
2026-10-07T11:28:34.7424030Z   CARGO_TERM_COLOR: always
2026-10-07T11:28:34.7424800Z   pythonLocation: /Users/runner/hostedtoolcache/Python/3.12.10/x64
2026-10-07T11:28:34.7425950Z   PKG_CONFIG_PATH: /Users/runner/hostedtoolcache/Python/3.12.10/x64/lib/pkgconfig
2026-10-07T11:28:34.7427090Z   Python_ROOT_DIR: /Users/runner/hostedtoolcache/Python/3.12.10/x64
2026-10-07T11:28:34.7428210Z   Python2_ROOT_DIR: /Users/runner/hostedtoolcache/Python/3.12.10/x64
2026-10-07T11:28:34.7429250Z   Python3_ROOT_DIR: /Users/runner/hostedtoolcache/Python/3.12.10/x64
2026-10-07T11:28:34.7430070Z ##[endgroup]
2026-10-07T11:28:34.9119410Z [1m[92m    Finished[0m `test` profile [unoptimized + debuginfo] target(s) in 0.10s
2026-10-07T11:28:35.1025830Z [1m[92m     Running[0m unittests src/lib.rs (target/debug/deps/nagi_runtime-4080976bff621759)
2026-10-07T11:28:35.1027120Z 
2026-10-07T11:28:35.1040080Z running 44 tests
2026-10-07T11:28:35.1099070Z test actor::charge::tests::arithmetic_and_expired_deadlines_fail_before_acceptance ... ok
2026-10-07T11:28:35.1143260Z test actor::charge::tests::list_capacity_and_only_initialized_elements_contribute_heap ... ok
2026-10-07T11:28:35.1226960Z test actor::charge::tests::option_and_result_visit_only_the_active_payload ... ok
2026-10-07T11:28:35.1275210Z test actor::charge::tests::retained_string_bytes_and_error_capacities_are_charged ... ok
2026-10-07T11:28:35.2132080Z test actor::charge::tests::root_inline_and_envelope_are_counted_once ... ok
2026-10-07T11:28:35.2192150Z test actor::charge::tests::recursive_owned_graphs_obey_depth_limit_and_restore_walk_after_errors ... ok
2026-10-07T11:28:35.2462410Z test actor::charge::tests::inline_only_lists_skip_every_element_and_zero_sized_capacity_is_safe ... ok
2026-10-07T11:28:35.2521680Z test actor::lifecycle_adversarial_tests::a_factory_constructor_panic_does_not_lose_the_context_cleanup_obligation ... ok
2026-10-07T11:28:35.2789870Z [1m[92m     Running[0m tests/task_handles.rs (target/debug/deps/task_handles-c236fd50c190eaff)
2026-10-07T11:28:35.2792230Z test actor::charge::tests::work_budget_includes_root_and_initialized_non_inline_elements ... ok
2026-10-07T11:28:35.2873680Z test actor::lifecycle_adversarial_tests::a_late_buffered_outer_failure_obeys_the_same_reply_deadline ... ok
2026-10-07T11:28:35.2942640Z test actor::lifecycle_adversarial_tests::a_blocking_native_poll_retains_its_child_record_until_it_returns ... ok
2026-10-07T11:28:35.3051800Z test actor::lifecycle_adversarial_tests::a_blocking_panic_payload_destructor_remains_a_retained_child_obligation ... ok
2026-10-07T11:28:35.3155020Z test actor::lifecycle_adversarial_tests::a_reply_completed_after_deadline_times_out_even_when_already_buffered ... ok
2026-10-07T11:28:35.3220190Z test actor::lifecycle_adversarial_tests::a_reply_completed_before_deadline_succeeds_when_the_caller_polls_after_deadline ... ok
2026-10-07T11:28:35.3292040Z test actor::lifecycle_adversarial_tests::a_panic_payload_destructor_can_observe_and_stop_its_group_without_a_lock_cycle ... ok
2026-10-07T11:28:35.3416540Z test actor::lifecycle_adversarial_tests::a_finite_follow_on_panic_payload_retains_the_guard_and_context_until_drop_finishes ... ok
2026-10-07T11:28:35.3475470Z test actor::lifecycle_adversarial_tests::an_event_only_surviving_control_drains_cleanup_and_observes_stream_close ... ok
2026-10-07T11:28:35.3556180Z test actor::lifecycle_adversarial_tests::a_non_yielding_poll_cannot_be_reported_as_completed_cleanup ... ok
2026-10-07T11:28:35.3687860Z test actor::lifecycle_adversarial_tests::an_unrestarted_child_failure_is_retained_while_a_healthy_sibling_continues ... ok
2026-10-07T11:28:35.4467570Z test actor::lifecycle_adversarial_tests::context_owned_by_a_child_panic_payload_is_cleaned_before_final_context_cleanup ... ok
2026-10-07T11:28:35.4583520Z test actor::lifecycle_adversarial_tests::a_surviving_control_can_finish_cleanup_after_the_running_owner_is_dropped ... ok
2026-10-07T11:28:35.4643850Z [1m[92m    Finished[0m `test` profile [unoptimized + debuginfo] target(s) in 0.12s
2026-10-07T11:28:35.4646440Z test actor::lifecycle_adversarial_tests::abort_does_not_complete_before_the_child_future_destructor_finishes ... ok
2026-10-07T11:28:35.4731980Z [1m[92m     Running[0m unittests src/lib.rs (target/debug/deps/nagi_runtime-4080976bff621759)
2026-10-07T11:28:35.4734760Z test actor::lifecycle_adversarial_tests::origin_runtime_cancellation_does_not_restart_a_permanent_child_on_a_surviving_runtime ... ok
2026-10-07T11:28:35.4768670Z test actor::lifecycle_adversarial_tests::panicking_factory_destruction_during_owner_drop_cannot_strand_context_cleanup ... ok
2026-10-07T11:28:35.4951320Z [1m[92m     Running[0m tests/task_handles.rs (target/debug/deps/task_handles-c236fd50c190eaff)
2026-10-07T11:28:35.4954750Z test actor::lifecycle_adversarial_tests::stop_during_factory_construction_cancels_every_later_inserted_child ... ok
2026-10-07T11:28:35.5265450Z test actor::lifecycle_adversarial_tests::user_destructors_do_not_run_under_the_ledger_or_stop_lock ... ok
2026-10-07T11:28:35.5402600Z test actor::tests::a_smaller_immediate_call_cannot_bypass_a_waiting_byte_reservation ... ok
2026-10-07T11:28:35.5559030Z test actor::tests::an_expired_admission_deadline_rejects_even_immediately_ready_operations ... ok
2026-10-07T11:28:35.5759760Z test actor::lifecycle_adversarial_tests::canceled_observation_keeps_unfinished_joins_available_to_another_control ... ok
2026-10-07T11:28:35.5811290Z test actor::tests::business_error_preserves_owned_state_and_restart_is_one_for_one ... ok
2026-10-07T11:28:35.5862180Z test actor::tests::canceled_event_wait_does_not_consume_a_concurrently_published_event ... ok
2026-10-07T11:28:35.5920170Z test actor::tests::escaped_readiness_tokens_reject_old_generations_and_do_not_retain_the_group ... ok
2026-10-07T11:28:35.5971130Z test actor::tests::event_deadlines_include_lock_contention_and_preserve_the_cursor ... ok
2026-10-07T11:28:35.5998250Z test actor::tests::caller_timeout_keeps_accepted_work_and_all_reservations_until_handler_finishes ... ok
2026-10-07T11:28:35.6086290Z test actor::tests::lifecycle_events_are_ordered_bounded_and_keep_utf8_truncation_metadata ... ok
2026-10-07T11:28:35.6108000Z test actor::tests::global_restart_intensity_counts_attempts_and_stops_a_pending_sibling ... ok
2026-10-07T11:28:35.6136720Z test actor::tests::normally_finished_task_tokens_are_invalid_while_the_supervisor_stays_running ... ok
2026-10-07T11:28:35.6155550Z test actor::tests::oversized_business_reply_keeps_next_state_and_retained_input_capacity_is_checked ... ok
2026-10-07T11:28:35.6170850Z test actor::tests::startup_deadline_and_zero_restart_budget_end_the_group_without_a_ready_actor ... ok
2026-10-07T11:28:35.6174770Z test actor::lifecycle_adversarial_tests::final_context_destruction_is_a_retained_phase_before_completion ... ok
2026-10-07T11:28:35.6208570Z test actor::tests::stopped_tasks_cannot_publish_readiness_and_legacy_tasks_never_publish_it ... ok
2026-10-07T11:28:35.6239340Z test actor::tests::task_readiness_follows_initialization_once_without_changing_started ... ok
2026-10-07T11:28:35.6275810Z test actor::tests::native_factory_construction_is_included_in_the_startup_deadline ... ok
2026-10-07T11:28:35.6279700Z test actor::lifecycle_adversarial_tests::delayed_native_context_owners_then_actual_context_drop_precede_completion ... ok
2026-10-07T11:28:35.6313560Z 
2026-10-07T11:28:35.6508640Z test result: ok. 44 passed; 0 failed; 0 ignored; 0 measured; 164 filtered out; finished in 0.23s
2026-10-07T11:28:35.6701720Z 
2026-10-07T11:28:35.6925390Z 
2026-10-07T11:28:35.7030010Z running 0 tests
2026-10-07T11:28:35.7037170Z 
2026-10-07T11:28:35.7096380Z test result: ok. 0 passed; 0 failed; 0 ignored; 0 measured; 3 filtered out; finished in 0.00s
2026-10-07T11:28:35.7156170Z 
2026-10-07T11:28:35.7163060Z 
2026-10-07T11:28:35.7193570Z running 2 tests
2026-10-07T11:28:35.7209450Z test concurrent::tests::supervisor_drop_while_waiting_for_worker_start ... ok
2026-10-07T11:28:35.7354570Z test concurrent::tests::supervisor_drop_after_worker_start ... ok
2026-10-07T11:28:35.7384350Z 
2026-10-07T11:28:35.7393660Z test result: ok. 2 passed; 0 failed; 0 ignored; 0 measured; 206 filtered out; finished in 0.00s
2026-10-07T11:28:35.7407880Z 
2026-10-07T11:28:35.7424890Z 
2026-10-07T11:28:35.7446240Z running 0 tests
2026-10-07T11:28:35.7481450Z 
2026-10-07T11:28:35.7503840Z test result: ok. 0 passed; 0 failed; 0 ignored; 0 measured; 3 filtered out; finished in 0.00s
2026-10-07T11:28:35.7539650Z 
2026-10-07T11:28:35.7632960Z ##[group]Run cargo test --locked -p nagi-runtime database::tests
2026-10-07T11:28:35.7634080Z [36;1mcargo test --locked -p nagi-runtime database::tests[0m
2026-10-07T11:28:35.7715670Z shell: /bin/bash -e {0}
2026-10-07T11:28:35.7716280Z env:
2026-10-07T11:28:35.7717300Z   NAGI_FAILURE_DIR: /Users/runner/work/Nagi/Nagi/build/compiler-failures
2026-10-07T11:28:35.7718400Z   CARGO_HOME: /Users/runner/.cargo
2026-10-07T11:28:35.7719040Z   CARGO_INCREMENTAL: 0
2026-10-07T11:28:35.7719560Z   CARGO_TERM_COLOR: always
2026-10-07T11:28:35.7720420Z   pythonLocation: /Users/runner/hostedtoolcache/Python/3.12.10/x64
2026-10-07T11:28:35.7721610Z   PKG_CONFIG_PATH: /Users/runner/hostedtoolcache/Python/3.12.10/x64/lib/pkgconfig
2026-10-07T11:28:35.7722770Z   Python_ROOT_DIR: /Users/runner/hostedtoolcache/Python/3.12.10/x64
2026-10-07T11:28:35.7723840Z   Python2_ROOT_DIR: /Users/runner/hostedtoolcache/Python/3.12.10/x64
2026-10-07T11:28:35.7725020Z   Python3_ROOT_DIR: /Users/runner/hostedtoolcache/Python/3.12.10/x64
2026-10-07T11:28:35.7725880Z ##[endgroup]
2026-10-07T11:28:35.9471650Z [1m[92m    Finished[0m `test` profile [unoptimized + debuginfo] target(s) in 0.10s
2026-10-07T11:28:36.0767920Z [1m[92m     Running[0m unittests src/lib.rs (target/debug/deps/nagi_runtime-4080976bff621759)
2026-10-07T11:28:36.0768930Z 
2026-10-07T11:28:36.0881680Z [1m[92m     Running[0m tests/task_handles.rs (target/debug/deps/task_handles-c236fd50c190eaff)
2026-10-07T11:28:36.0882840Z running 6 tests
2026-10-07T11:28:36.1018140Z test database::tests::column_order_independent ... ok
2026-10-07T11:28:36.1124610Z test database::tests::missing_column_is_error ... ok
2026-10-07T11:28:36.1151060Z test database::tests::exec_counts_trigger_changes_and_preserves_sql_errors ... ok
2026-10-07T11:28:36.1206010Z test database::tests::exec_counts_only_changes_in_the_current_batch ... ok
2026-10-07T11:28:36.1215240Z test database::tests::crud_and_parameterization ... ok
2026-10-07T11:28:36.1246660Z test database::tests::runtime_type_mismatch ... ok
2026-10-07T11:28:36.1259110Z 
2026-10-07T11:28:36.1268100Z test result: ok. 6 passed; 0 failed; 0 ignored; 0 measured; 202 filtered out; finished in 0.01s
2026-10-07T11:28:36.1269950Z 
2026-10-07T11:28:36.1273250Z 
2026-10-07T11:28:36.1275040Z running 0 tests
2026-10-07T11:28:36.1281180Z 
2026-10-07T11:28:36.1284720Z test result: ok. 0 passed; 0 failed; 0 ignored; 0 measured; 3 filtered out; finished in 0.00s
2026-10-07T11:28:36.1285640Z 
2026-10-07T11:28:36.1384730Z ##[group]Run cargo test --locked -p nagi-runtime sqlite_prototype
2026-10-07T11:28:36.1386020Z [36;1mcargo test --locked -p nagi-runtime sqlite_prototype[0m
2026-10-07T11:28:36.1463460Z shell: /bin/bash -e {0}
2026-10-07T11:28:36.1464010Z env:
2026-10-07T11:28:36.1464710Z   NAGI_FAILURE_DIR: /Users/runner/work/Nagi/Nagi/build/compiler-failures
2026-10-07T11:28:36.1465610Z   CARGO_HOME: /Users/runner/.cargo
2026-10-07T11:28:36.1466210Z   CARGO_INCREMENTAL: 0
2026-10-07T11:28:36.1466740Z   CARGO_TERM_COLOR: always
2026-10-07T11:28:36.1467490Z   pythonLocation: /Users/runner/hostedtoolcache/Python/3.12.10/x64
2026-10-07T11:28:36.1469090Z   PKG_CONFIG_PATH: /Users/runner/hostedtoolcache/Python/3.12.10/x64/lib/pkgconfig
2026-10-07T11:28:36.1470230Z   Python_ROOT_DIR: /Users/runner/hostedtoolcache/Python/3.12.10/x64
2026-10-07T11:28:36.1471250Z   Python2_ROOT_DIR: /Users/runner/hostedtoolcache/Python/3.12.10/x64
2026-10-07T11:28:36.1472370Z   Python3_ROOT_DIR: /Users/runner/hostedtoolcache/Python/3.12.10/x64
2026-10-07T11:28:36.1473200Z ##[endgroup]
2026-10-07T11:28:36.4265470Z [1m[92m    Finished[0m `test` profile [unoptimized + debuginfo] target(s) in 0.17s
2026-10-07T11:28:36.4422830Z [1m[92m     Running[0m unittests src/lib.rs (target/debug/deps/nagi_runtime-4080976bff621759)
2026-10-07T11:28:36.4541260Z 
2026-10-07T11:28:36.4643170Z running 61 tests
2026-10-07T11:28:36.4734540Z test sqlite_prototype::acquire_tests::acquire_budget_arithmetic_keeps_immediate_distinct_and_checks_overflow ... ok
2026-10-07T11:28:36.4986330Z test sqlite_prototype::acquire_tests::acquire_expired_finite_budget_does_not_register_even_when_native_free ... ok
2026-10-07T11:28:36.5014020Z test sqlite_prototype::acquire_tests::acquire_expiry_does_not_replace_closed_or_recycle_failure_cause ... ok
2026-10-07T11:28:36.5403800Z test sqlite_prototype::acquire_tests::acquire_immediate_free_reserves_before_slow_startup_and_reuses ... ok
2026-10-07T11:28:36.5427660Z test sqlite_prototype::acquire_tests::acquire_immediate_logical_full_is_timeout_without_pool_failure ... ok
2026-10-07T11:28:36.5432650Z test sqlite_prototype::acquire_tests::acquire_same_task_scopes_are_isolated_and_drop_restores_legacy_begin ... ok
2026-10-07T11:28:36.5434980Z test sqlite_prototype::adapter_tests::acquired_deadpool_object_after_close_is_rejected_before_user_begin ... ok
2026-10-07T11:28:36.5437280Z test sqlite_prototype::adapter_tests::callback_panic_retires_pool_and_join_does_not_hide_native_close_failure ... ok
2026-10-07T11:28:36.5439560Z test sqlite_prototype::adapter_tests::cancelled_begin_reply_keeps_checkout_until_eof_rollback_is_observed ... ok
2026-10-07T11:28:36.5441880Z test sqlite_prototype::adapter_tests::cancelled_create_cannot_start_replacement_before_old_native_worker_joins ... ok
2026-10-07T11:28:36.5444190Z test sqlite_prototype::adapter_tests::cancelled_get_during_create_preserves_startup_close_and_join_owner ... ok
2026-10-07T11:28:36.5446460Z test sqlite_prototype::adapter_tests::cancelled_tx_keeps_deadpool_checkout_until_native_cleanup_completes ... ok
2026-10-07T11:28:36.5448700Z test sqlite_prototype::adapter_tests::close_clone_and_cancel_keep_closing_while_active_checkout_can_finish ... ok
2026-10-07T11:28:36.5451050Z test sqlite_prototype::adapter_tests::close_retires_idle_worker_while_stock_permit_is_reserved_for_unpolled_waiter ... ok
2026-10-07T11:28:36.5453330Z test sqlite_prototype::adapter_tests::close_waits_for_registered_create_and_late_create_cannot_begin ... ok
2026-10-07T11:28:36.5455480Z test sqlite_prototype::adapter_tests::deadpool_adapter_reuses_same_native_worker_and_sql_session_core ... ok
2026-10-07T11:28:36.5457710Z test sqlite_prototype::adapter_tests::deadpool_recycle_error_stops_create_instead_of_default_replacement ... ok
2026-10-07T11:28:36.5459940Z test sqlite_prototype::adapter_tests::joined_is_published_only_after_terminal_native_failure_is_in_ledger ... ok
2026-10-07T11:28:36.5463150Z test sqlite_prototype::adapter_tests::last_adapter_drop_closes_idle_worker_without_observer_owning_pool_or_tx_sender ... ok
2026-10-07T11:28:36.5465540Z test sqlite_prototype::adapter_tests::last_adapter_drop_preserves_active_tx_until_its_explicit_finish ... ok
2026-10-07T11:28:36.5467640Z test sqlite_prototype::adapter_tests::multi_b_terminal_failure_is_published_without_waiting_for_a ... ok
2026-10-07T11:28:36.5469730Z test sqlite_prototype::adapter_tests::multi_cancelled_b_joins_and_c_begins_before_healthy_a_finishes ... ok
2026-10-07T11:28:36.5471920Z test sqlite_prototype::adapter_tests::multi_close_during_b_startup_preserves_a_and_all_join_responsibility ... ok
2026-10-07T11:28:36.5474680Z test sqlite_prototype::adapter_tests::multi_native_spawn_failure_keeps_cause_without_native_b_or_fake_join ... ok
2026-10-07T11:28:36.5476920Z test sqlite_prototype::adapter_tests::multi_observer_spawn_failure_never_starts_or_fake_joins_native_b ... ok
2026-10-07T11:28:36.5479070Z test sqlite_prototype::adapter_tests::multi_stock_detach_permit_gap_respects_native_cap_with_a_active ... ok
2026-10-07T11:28:36.5481280Z test sqlite_prototype::adapter_tests::multi_two_filesystem_connections_begin_while_first_tx_stays_active ... ok
2026-10-07T11:28:36.5483520Z test sqlite_prototype::adapter_tests::native_cleanup_failure_closes_deadpool_and_never_creates_replacement ... ok
2026-10-07T11:28:36.5485860Z test sqlite_prototype::adapter_tests::native_close_failure_is_kept_after_deadpool_objects_and_workers_are_gone ... ok
2026-10-07T11:28:36.5488200Z test sqlite_prototype::adapter_tests::object_take_and_last_pool_drop_both_preserve_native_close_join_observation ... ok
2026-10-07T11:28:36.5490450Z test sqlite_prototype::adapter_tests::resize_zero_uses_worker_drop_even_when_manager_detach_is_bypassed ... ok
2026-10-07T11:28:36.5493430Z test sqlite_prototype::adapter_tests::stock_detach_permit_before_handle_drop_cannot_start_another_native_worker ... ok
2026-10-07T11:28:36.5495750Z test sqlite_prototype::adapter_tests::taken_object_cannot_start_replacement_before_old_native_worker_joins ... ok
2026-10-07T11:28:36.5498260Z test sqlite_prototype::adapter_tests::tokio_runtime_drop_cannot_return_native_owned_checkout_before_cleanup ... ok
2026-10-07T11:28:36.6528750Z test sqlite_prototype::acquire_tests::acquire_absolute_budget_survives_logical_wait_to_native_fence ... ok
2026-10-07T11:28:37.4832170Z test sqlite_prototype::acquire_tests::acquire_registered_startup_and_begin_are_outside_finite_budget ... ok
2026-10-07T11:28:37.4850860Z test sqlite_prototype::acquire_tests::acquire_immediate_native_full_after_stock_detach_is_timeout ... ok
2026-10-07T11:28:37.4897870Z test sqlite_prototype::tests::begin_reply_cancellation_closes_only_sender_and_runs_observed_cleanup ... ok
2026-10-07T11:28:37.4932380Z test sqlite_prototype::tests::cancelled_commit_reply_preserves_committed_data_and_does_not_retry ... ok
2026-10-07T11:28:37.4971050Z test sqlite_prototype::tests::cancelled_finish_before_full_inbox_admission_uses_eof_cleanup ... ok
2026-10-07T11:28:37.5010730Z test sqlite_prototype::tests::commit_after_native_auto_rollback_returns_aborted_error_instead_of_success ... ok
2026-10-07T11:28:37.5048710Z test sqlite_prototype::tests::close_timeout_and_cancel_keep_closing_until_native_close_and_join ... ok
2026-10-07T11:28:37.5077310Z test sqlite_prototype::tests::commit_failure_and_failed_cleanup_preserve_both_causes_and_unknown_outcome ... ok
2026-10-07T11:28:37.5904670Z test sqlite_prototype::tests::committed_outcome_and_cleanup_failure_are_both_preserved ... ok
2026-10-07T11:28:37.5949670Z test sqlite_prototype::tests::eof_cleanup_blocks_next_session_and_unpolled_finish_still_owns_cleanup ... ok
2026-10-07T11:28:37.6056650Z test sqlite_prototype::tests::failed_commit_with_successful_observed_rollback_can_reuse_connection ... ok
2026-10-07T11:28:37.7061630Z test sqlite_prototype::tests::existing_trigger_and_or_rollback_abort_session_and_reject_later_sql ... ok
2026-10-07T11:28:37.7328110Z test sqlite_prototype::tests::management_panic_restores_raii_flag_before_observed_rollback_and_retirement ... ok
2026-10-07T11:28:37.7471570Z test sqlite_prototype::tests::full_inbox_and_cancelled_admitted_operation_drain_before_eof_rollback ... ok
2026-10-07T11:28:37.7611300Z test sqlite_prototype::tests::native_close_failure_is_not_reported_as_success_even_after_join ... ok
2026-10-07T11:28:37.7675330Z test sqlite_prototype::tests::ordinary_sql_error_does_not_abort_active_session_and_exec_counts_direct_changes ... ok
2026-10-07T11:28:37.7698560Z test sqlite_prototype::tests::one_statement_anonymous_bind_and_operation_shape_are_checked_before_step ... ok
2026-10-07T11:28:37.7815030Z test sqlite_prototype::tests::owned_bind_values_and_decode_errors_use_native_row_contract ... ok
2026-10-07T11:28:37.7865800Z test sqlite_prototype::tests::raise_fail_preserves_active_prior_effects_until_explicit_rollback ... ok
2026-10-07T11:28:37.7934900Z test sqlite_prototype::tests::rollback_failure_is_observed_without_native_drop_retry_and_retires_connection ... ok
2026-10-07T11:28:37.8030600Z test sqlite_prototype::tests::pragma_tvf_existing_views_and_schema_reprepare_keep_authorizer_installed ... ok
2026-10-07T11:28:37.8092110Z test sqlite_prototype::tests::trigger_pragma_is_denied_and_native_prior_effects_require_explicit_rollback ... ok
2026-10-07T11:28:37.8169690Z test sqlite_prototype::tests::user_callback_panic_restores_management_state_and_retires_worker ... ok
2026-10-07T11:28:37.8213780Z test sqlite_prototype::tests::sql_policy_denies_control_in_every_entry_and_keeps_tx_active ... ok
2026-10-07T11:28:39.6070910Z [1m[92m     Running[0m tests/task_handles.rs (target/debug/deps/task_handles-c236fd50c190eaff)
2026-10-07T11:28:39.6073270Z test sqlite_prototype::comparison::bounded_and_unbounded_deadpool_warm_comparison ... ok
2026-10-07T11:28:39.6079220Z test sqlite_prototype::comparison::direct_and_deadpool_warm_native_session_comparison ... ok
2026-10-07T11:28:39.6149890Z 
2026-10-07T11:28:39.6157680Z test result: ok. 61 passed; 0 failed; 0 ignored; 0 measured; 147 filtered out; finished in 3.14s
2026-10-07T11:28:39.6228990Z 
2026-10-07T11:28:39.6230540Z 
2026-10-07T11:28:39.6233310Z running 0 tests
2026-10-07T11:28:39.6242300Z 
2026-10-07T11:28:39.6263650Z test result: ok. 0 passed; 0 failed; 0 ignored; 0 measured; 3 filtered out; finished in 0.00s
2026-10-07T11:28:39.6277290Z 
2026-10-07T11:28:39.6386240Z ##[group]Run python scripts/verify_application_examples.py
2026-10-07T11:28:39.6387190Z [36;1mpython scripts/verify_application_examples.py[0m
2026-10-07T11:28:39.6488180Z shell: /bin/bash -e {0}
2026-10-07T11:28:39.6488770Z env:
2026-10-07T11:28:39.6489470Z   NAGI_FAILURE_DIR: /Users/runner/work/Nagi/Nagi/build/compiler-failures
2026-10-07T11:28:39.6490430Z   CARGO_HOME: /Users/runner/.cargo
2026-10-07T11:28:39.6491060Z   CARGO_INCREMENTAL: 0
2026-10-07T11:28:39.6491580Z   CARGO_TERM_COLOR: always
2026-10-07T11:28:39.6492360Z   pythonLocation: /Users/runner/hostedtoolcache/Python/3.12.10/x64
2026-10-07T11:28:39.6493880Z   PKG_CONFIG_PATH: /Users/runner/hostedtoolcache/Python/3.12.10/x64/lib/pkgconfig
2026-10-07T11:28:39.6495050Z   Python_ROOT_DIR: /Users/runner/hostedtoolcache/Python/3.12.10/x64
2026-10-07T11:28:39.6496130Z   Python2_ROOT_DIR: /Users/runner/hostedtoolcache/Python/3.12.10/x64
2026-10-07T11:28:39.6497310Z   Python3_ROOT_DIR: /Users/runner/hostedtoolcache/Python/3.12.10/x64
2026-10-07T11:28:39.6498160Z ##[endgroup]
2026-10-07T11:28:41.9264320Z Passed: stock-report (high)
2026-10-07T11:28:44.1785730Z Passed: stock-report (low)
2026-10-07T11:28:55.6158060Z Passed: device-settings (high)
2026-10-07T11:29:06.8127380Z Passed: device-settings (low)
2026-10-07T11:29:14.4669710Z Passed: seat-reservations (high)
2026-10-07T11:29:20.9448030Z Passed: seat-reservations (low)
2026-10-07T11:29:22.7639240Z Passed: file-json (high)
2026-10-07T11:29:24.3880620Z Passed: file-json (low)
2026-10-07T11:29:33.7995590Z Passed: quote-api (high)
2026-10-07T11:29:43.2554240Z Passed: quote-api (low)
2026-10-07T11:29:51.9210100Z Passed: supervised-worker (high)
2026-10-07T11:29:58.4830570Z Passed: supervised-worker (low)
2026-10-07T11:30:06.8748780Z Passed: byte-inspector (high)
2026-10-07T11:30:14.4241670Z Passed: byte-inspector (low)
2026-10-07T11:30:31.2076790Z Passed: axum-service (high)
2026-10-07T11:30:47.6114430Z Passed: axum-service (low)
2026-10-07T11:31:04.1170240Z Passed: auth-boundary (high)
2026-10-07T11:31:20.7048910Z Passed: auth-boundary (low)
2026-10-07T11:31:22.7632140Z Passed: order-quote (low)
2026-10-07T11:31:22.7833790Z {"projects": 10, "runs": 19, "status": "passed"}
2026-10-07T11:31:22.8135930Z ##[group]Run python -m unittest discover -s scripts/releases -p 'test_install.py'
2026-10-07T11:31:22.8137600Z [36;1mpython -m unittest discover -s scripts/releases -p 'test_install.py'[0m
2026-10-07T11:31:22.8232650Z shell: /bin/bash -e {0}
2026-10-07T11:31:22.8233280Z env:
2026-10-07T11:31:22.8234020Z   NAGI_FAILURE_DIR: /Users/runner/work/Nagi/Nagi/build/compiler-failures
2026-10-07T11:31:22.8234930Z   CARGO_HOME: /Users/runner/.cargo
2026-10-07T11:31:22.8236570Z   CARGO_INCREMENTAL: 0
2026-10-07T11:31:22.8237570Z   CARGO_TERM_COLOR: always
2026-10-07T11:31:22.8238890Z   pythonLocation: /Users/runner/hostedtoolcache/Python/3.12.10/x64
2026-10-07T11:31:22.8240280Z   PKG_CONFIG_PATH: /Users/runner/hostedtoolcache/Python/3.12.10/x64/lib/pkgconfig
2026-10-07T11:31:22.8241750Z   Python_ROOT_DIR: /Users/runner/hostedtoolcache/Python/3.12.10/x64
2026-10-07T11:31:22.8242800Z   Python2_ROOT_DIR: /Users/runner/hostedtoolcache/Python/3.12.10/x64
2026-10-07T11:31:22.8243940Z   Python3_ROOT_DIR: /Users/runner/hostedtoolcache/Python/3.12.10/x64
2026-10-07T11:31:22.8244740Z ##[endgroup]
2026-10-07T11:31:35.0856210Z .....................
2026-10-07T11:31:35.0860250Z ----------------------------------------------------------------------
2026-10-07T11:31:35.0861220Z Ran 21 tests in 12.054s
2026-10-07T11:31:35.0861540Z 
2026-10-07T11:31:35.0861750Z OK
2026-10-07T11:31:35.1083280Z ##[group]Run python -m unittest discover -s scripts/releases -p 'test_uninstall.py'
2026-10-07T11:31:35.1084570Z [36;1mpython -m unittest discover -s scripts/releases -p 'test_uninstall.py'[0m
2026-10-07T11:31:35.1154570Z shell: /bin/bash -e {0}
2026-10-07T11:31:35.1155090Z env:
2026-10-07T11:31:35.1155770Z   NAGI_FAILURE_DIR: /Users/runner/work/Nagi/Nagi/build/compiler-failures
2026-10-07T11:31:35.1156620Z   CARGO_HOME: /Users/runner/.cargo
2026-10-07T11:31:35.1157190Z   CARGO_INCREMENTAL: 0
2026-10-07T11:31:35.1157690Z   CARGO_TERM_COLOR: always
2026-10-07T11:31:35.1158390Z   pythonLocation: /Users/runner/hostedtoolcache/Python/3.12.10/x64
2026-10-07T11:31:35.1159490Z   PKG_CONFIG_PATH: /Users/runner/hostedtoolcache/Python/3.12.10/x64/lib/pkgconfig
2026-10-07T11:31:35.1160600Z   Python_ROOT_DIR: /Users/runner/hostedtoolcache/Python/3.12.10/x64
2026-10-07T11:31:35.1161600Z   Python2_ROOT_DIR: /Users/runner/hostedtoolcache/Python/3.12.10/x64
2026-10-07T11:31:35.1162680Z   Python3_ROOT_DIR: /Users/runner/hostedtoolcache/Python/3.12.10/x64
2026-10-07T11:31:35.1163470Z ##[endgroup]
2026-10-07T11:31:46.9013390Z ..............
2026-10-07T11:31:46.9014390Z ----------------------------------------------------------------------
2026-10-07T11:31:46.9015220Z Ran 14 tests in 11.634s
2026-10-07T11:31:46.9015560Z 
2026-10-07T11:31:46.9015780Z OK
2026-10-07T11:31:46.9408810Z ##[group]Run actions/upload-artifact@v4
2026-10-07T11:31:46.9409510Z with:
2026-10-07T11:31:46.9409940Z   name: release-macos-x86_64
2026-10-07T11:31:46.9410900Z   path: build/distribution/nagi-*.zip
build/distribution/nagi-*.tar.gz
build/distribution/nagi-*.sha256

2026-10-07T11:31:46.9411990Z   if-no-files-found: error
2026-10-07T11:31:46.9412510Z   compression-level: 6
2026-10-07T11:31:46.9413010Z   overwrite: false
2026-10-07T11:31:46.9413480Z   include-hidden-files: false
2026-10-07T11:31:46.9414060Z env:
2026-10-07T11:31:46.9414680Z   NAGI_FAILURE_DIR: /Users/runner/work/Nagi/Nagi/build/compiler-failures
2026-10-07T11:31:46.9415510Z   CARGO_HOME: /Users/runner/.cargo
2026-10-07T11:31:46.9416090Z   CARGO_INCREMENTAL: 0
2026-10-07T11:31:46.9416580Z   CARGO_TERM_COLOR: always
2026-10-07T11:31:46.9417290Z   pythonLocation: /Users/runner/hostedtoolcache/Python/3.12.10/x64
2026-10-07T11:31:46.9418460Z   PKG_CONFIG_PATH: /Users/runner/hostedtoolcache/Python/3.12.10/x64/lib/pkgconfig
2026-10-07T11:31:46.9419550Z   Python_ROOT_DIR: /Users/runner/hostedtoolcache/Python/3.12.10/x64
2026-10-07T11:31:46.9420510Z   Python2_ROOT_DIR: /Users/runner/hostedtoolcache/Python/3.12.10/x64
2026-10-07T11:31:46.9421480Z   Python3_ROOT_DIR: /Users/runner/hostedtoolcache/Python/3.12.10/x64
2026-10-07T11:31:46.9422240Z ##[endgroup]
2026-10-07T11:31:47.8847670Z (node:66977) [DEP0040] DeprecationWarning: The `punycode` module is deprecated. Please use a userland alternative instead.
2026-10-07T11:31:47.9038880Z (Use `node --trace-deprecation ...` to show where the warning was created)
2026-10-07T11:31:47.9375720Z With the provided path, there will be 2 files uploaded
2026-10-07T11:31:47.9388700Z Artifact name is valid!
2026-10-07T11:31:47.9402820Z Root directory input is valid!
2026-10-07T11:31:48.1721680Z Beginning upload of artifact content to blob storage
2026-10-07T11:31:48.3271300Z (node:66977) [DEP0169] DeprecationWarning: `url.parse()` behavior is not standardized and prone to errors that have security implications. Use the WHATWG URL API instead. CVEs are not issued for `url.parse()` vulnerabilities.
2026-10-07T11:31:48.4811580Z Uploaded bytes 2450062
2026-10-07T11:31:48.5027440Z Finished uploading artifact content to blob storage!
2026-10-07T11:31:48.5029210Z SHA256 digest of uploaded artifact zip is 36e93ac233063a2b721bd2656a33f82b6e7980f6788f0189722d32f4bc2baa02
2026-10-07T11:31:48.5032120Z Finalizing artifact upload
2026-10-07T11:31:48.9389750Z Artifact release-macos-x86_64.zip successfully finalized. Artifact ID 11479378098
2026-10-07T11:31:48.9394400Z Artifact release-macos-x86_64 has been successfully uploaded! Final size is 2450062 bytes. Artifact ID is 11479378098
2026-10-07T11:31:48.9397570Z Artifact download URL: https://github.com/disnana/Nagi/actions/runs/37611344198/artifacts/11479378098
2026-10-07T11:31:48.9821780Z Post job cleanup.
2026-10-07T11:31:49.2237140Z (node:67209) [DEP0040] DeprecationWarning: The `punycode` module is deprecated. Please use a userland alternative instead.
2026-10-07T11:31:49.2239210Z (Use `node --trace-deprecation ...` to show where the warning was created)
2026-10-07T11:31:49.2453640Z Post job cleanup.
2026-10-07T11:31:49.7194110Z (node:67214) [DEP0040] DeprecationWarning: The `punycode` module is deprecated. Please use a userland alternative instead.
2026-10-07T11:31:49.7196270Z (Use `node --trace-deprecation ...` to show where the warning was created)
2026-10-07T11:31:53.0286980Z Post job cleanup.
2026-10-07T11:31:53.2736020Z (node:67251) [DEP0040] DeprecationWarning: The `punycode` module is deprecated. Please use a userland alternative instead.
2026-10-07T11:31:53.2738120Z (Use `node --trace-deprecation ...` to show where the warning was created)
2026-10-07T11:31:53.3646310Z [command]/usr/local/bin/gtar --posix -cf cache.tzst --exclude cache.tzst -P -C /Users/runner/work/Nagi/Nagi --files-from manifest.txt --delay-directory-restore --use-compress-program zstdmt
2026-10-07T11:32:16.7832720Z (node:67251) [DEP0169] DeprecationWarning: `url.parse()` behavior is not standardized and prone to errors that have security implications. Use the WHATWG URL API instead. CVEs are not issued for `url.parse()` vulnerabilities.
2026-10-07T11:32:17.8366720Z Sent 0 of 681500105 (0.0%), 0.0 MBs/sec
2026-10-07T11:32:18.8381050Z Sent 0 of 681500105 (0.0%), 0.0 MBs/sec
2026-10-07T11:32:19.8415540Z Sent 0 of 681500105 (0.0%), 0.0 MBs/sec
2026-10-07T11:32:20.8671370Z Sent 0 of 681500105 (0.0%), 0.0 MBs/sec
2026-10-07T11:32:21.8665980Z Sent 201326592 of 681500105 (29.5%), 37.5 MBs/sec
2026-10-07T11:32:22.8654600Z Sent 345955785 of 681500105 (50.8%), 53.9 MBs/sec
2026-10-07T11:32:23.8633200Z Sent 480173513 of 681500105 (70.5%), 64.3 MBs/sec
2026-10-07T11:32:24.7154990Z Sent 681500105 of 681500105 (100.0%), 81.5 MBs/sec
2026-10-07T11:32:25.5710190Z Cache saved with key: nagi-rust-v1-package-macos-x86_64-20260928b940-ea0ec8ed94fb35bcf1d7c665cba9b22ca9050a457cc062d0c63198341f876515-32a47094b5d6296d99e350ce6176c44aa01faa791652270ccc5c652936686ec2
2026-10-07T11:32:25.6216040Z Post job cleanup.
2026-10-07T11:32:26.0208110Z [command]/usr/local/bin/git version
2026-10-07T11:32:26.1583270Z git version 2.55.0
2026-10-07T11:32:26.1630220Z Copying '/Users/runner/.gitconfig' to '/Users/runner/work/_temp/0d1c9ed2-2533-46cc-8866-3d079096d011/.gitconfig'
2026-10-07T11:32:26.1668550Z Temporarily overriding HOME='/Users/runner/work/_temp/0d1c9ed2-2533-46cc-8866-3d079096d011' before making global git config changes
2026-10-07T11:32:26.1670730Z Adding repository directory to the temporary git global config as a safe directory
2026-10-07T11:32:26.1678100Z [command]/usr/local/bin/git config --global --add safe.directory /Users/runner/work/Nagi/Nagi
2026-10-07T11:32:26.2109880Z [command]/usr/local/bin/git config --local --name-only --get-regexp core\.sshCommand
2026-10-07T11:32:26.2157630Z [command]/usr/local/bin/git submodule foreach --recursive sh -c "git config --local --name-only --get-regexp 'core\.sshCommand' && git config --local --unset-all 'core.sshCommand' || :"
2026-10-07T11:32:26.4822200Z [command]/usr/local/bin/git config --local --name-only --get-regexp http\.https\:\/\/github\.com\/\.extraheader
2026-10-07T11:32:26.4918230Z http.https://github.com/.extraheader
2026-10-07T11:32:26.4933400Z [command]/usr/local/bin/git config --local --unset-all http.https://github.com/.extraheader
2026-10-07T11:32:26.5103010Z [command]/usr/local/bin/git submodule foreach --recursive sh -c "git config --local --name-only --get-regexp 'http\.https\:\/\/github\.com\/\.extraheader' && git config --local --unset-all 'http.https://github.com/.extraheader' || :"
2026-10-07T11:32:26.6617970Z [command]/usr/local/bin/git config --local --name-only --get-regexp ^includeIf\.gitdir:
2026-10-07T11:32:26.6733800Z [command]/usr/local/bin/git submodule foreach --recursive git config --local --show-origin --name-only --get-regexp remote.origin.url
2026-10-07T11:32:26.8428140Z Cleaning up orphan processes
2026-10-07T11:32:28.1272690Z ##[warning]Node.js 20 is deprecated. The following actions target Node.js 20 but are being forced to run on Node.js 24: actions/cache@v4, actions/checkout@v4, actions/setup-node@v4, actions/setup-python@v5, actions/upload-artifact@v4. For more information see: https://github.blog/changelog/2025-09-19-deprecation-of-node-20-on-github-actions-runners/

