2026-10-07T11:02:22.7275100Z Current runner version: '2.337.0'
2026-10-07T11:02:22.7290620Z ##[group]Runner Image Provisioner
2026-10-07T11:02:22.7291280Z Hosted Compute Agent
2026-10-07T11:02:22.7292600Z Version: 20260828.587
2026-10-07T11:02:22.7293280Z Commit: abac92662cab4cc7352de4f9f9d2e2419aad9c29
2026-10-07T11:02:22.7293780Z Build Date: 2026-08-28T16:44:25Z
2026-10-07T11:02:22.7294250Z Worker ID: {5eac9da0-5438-43dc-832d-1d2612c37fb1}
2026-10-07T11:02:22.7294740Z Azure Region: westus
2026-10-07T11:02:22.7295130Z ##[endgroup]
2026-10-07T11:02:22.7296240Z ##[group]Operating System
2026-10-07T11:02:22.7296640Z macOS
2026-10-07T11:02:22.7297140Z 15.7.9
2026-10-07T11:02:22.7297600Z 24G830
2026-10-07T11:02:22.7297950Z ##[endgroup]
2026-10-07T11:02:22.7298410Z ##[group]Runner Image
2026-10-07T11:02:22.7298890Z Image: macos-15-arm64
2026-10-07T11:02:22.7299440Z Version: 20260907.0337.1
2026-10-07T11:02:22.7300360Z Included Software: https://github.com/actions/runner-images/blob/macos-15-arm64/20260907.0337/images/macos/macos-15-arm64-Readme.md
2026-10-07T11:02:22.7301420Z Image Release: https://github.com/actions/runner-images/releases/tag/macos-15-arm64%2F20260907.0337
2026-10-07T11:02:22.7302080Z ##[endgroup]
2026-10-07T11:02:22.7303060Z ##[group]GITHUB_TOKEN Permissions
2026-10-07T11:02:22.7304450Z Contents: read
2026-10-07T11:02:22.7304820Z Metadata: read
2026-10-07T11:02:22.7305310Z ##[endgroup]
2026-10-07T11:02:22.7306730Z Secret source: Actions
2026-10-07T11:02:22.7307390Z Cache mode: write
2026-10-07T11:02:22.7307840Z Prepare workflow directory
2026-10-07T11:02:22.7826110Z Prepare all required actions
2026-10-07T11:02:22.7866460Z Getting action download info
2026-10-07T11:02:23.0141780Z Download action repository 'actions/checkout@v4' (SHA:11d5960a326750d5838078e36cf38b85af677262)
2026-10-07T11:02:23.3496040Z Download action repository 'dtolnay/rust-toolchain@stable' (SHA:89b12181fb390509a0842a86cc55eeb8eb928c1d)
2026-10-07T11:02:23.8099040Z Download action repository 'actions/cache@v4' (SHA:0057852bfaa89a56745cba8c7296529d2fc39830)
2026-10-07T11:02:23.8937510Z Download action repository 'actions/setup-python@v5' (SHA:a26af69be951a213d495a4c3e4e4022e16d87065)
2026-10-07T11:02:24.0009720Z Download action repository 'actions/setup-node@v4' (SHA:49933ea5288caeca8642d1e84afbd3f7d6820020)
2026-10-07T11:02:24.1525280Z Download action repository 'actions/upload-artifact@v4' (SHA:ea165f8d65b6e75b540449e92b4886f43607fa02)
2026-10-07T11:02:24.4198910Z Complete job name: nagi-package (macos-15, macos-arm64, nagic, aarch64-apple-darwin)
2026-10-07T11:02:24.4868250Z ##[group]Run actions/checkout@v4
2026-10-07T11:02:24.4868840Z with:
2026-10-07T11:02:24.4869160Z   repository: disnana/Nagi
2026-10-07T11:02:24.4873720Z   token: ***
2026-10-07T11:02:24.4874030Z   ssh-strict: true
2026-10-07T11:02:24.4874360Z   ssh-user: git
2026-10-07T11:02:24.4874700Z   persist-credentials: true
2026-10-07T11:02:24.4875080Z   clean: true
2026-10-07T11:02:24.4875530Z   sparse-checkout-cone-mode: true
2026-10-07T11:02:24.4875960Z   fetch-depth: 1
2026-10-07T11:02:24.4876310Z   fetch-tags: false
2026-10-07T11:02:24.4876650Z   show-progress: true
2026-10-07T11:02:24.4876990Z   lfs: false
2026-10-07T11:02:24.4877300Z   submodules: false
2026-10-07T11:02:24.4877650Z   set-safe-directory: true
2026-10-07T11:02:24.4878060Z   allow-unsafe-pr-checkout: false
2026-10-07T11:02:24.4878600Z env:
2026-10-07T11:02:24.4879090Z   NAGI_FAILURE_DIR: /Users/runner/work/Nagi/Nagi/build/compiler-failures
2026-10-07T11:02:24.4879740Z ##[endgroup]
2026-10-07T11:02:24.9186540Z Syncing repository: disnana/Nagi
2026-10-07T11:02:24.9188220Z ##[group]Getting Git version info
2026-10-07T11:02:24.9188930Z Working directory is '/Users/runner/work/Nagi/Nagi'
2026-10-07T11:02:24.9190050Z [command]/opt/homebrew/bin/git version
2026-10-07T11:02:24.9758650Z git version 2.55.0
2026-10-07T11:02:24.9844670Z ##[endgroup]
2026-10-07T11:02:24.9860000Z Copying '/Users/runner/.gitconfig' to '/Users/runner/work/_temp/9381e4ee-86a8-4542-8892-d9dcd0a1e80b/.gitconfig'
2026-10-07T11:02:24.9864940Z Temporarily overriding HOME='/Users/runner/work/_temp/9381e4ee-86a8-4542-8892-d9dcd0a1e80b' before making global git config changes
2026-10-07T11:02:24.9868810Z Adding repository directory to the temporary git global config as a safe directory
2026-10-07T11:02:24.9873220Z [command]/opt/homebrew/bin/git config --global --add safe.directory /Users/runner/work/Nagi/Nagi
2026-10-07T11:02:24.9920770Z Deleting the contents of '/Users/runner/work/Nagi/Nagi'
2026-10-07T11:02:24.9929050Z ##[group]Initializing the repository
2026-10-07T11:02:24.9936430Z [command]/opt/homebrew/bin/git init /Users/runner/work/Nagi/Nagi
2026-10-07T11:02:25.1045920Z hint: Using 'master' as the name for the initial branch. This default branch name
2026-10-07T11:02:25.1058820Z hint: will change to "main" in Git 3.0. To configure the initial branch name
2026-10-07T11:02:25.1064090Z hint: to use in all of your new repositories, which will suppress this warning,
2026-10-07T11:02:25.1066540Z hint: call:
2026-10-07T11:02:25.1067420Z hint:
2026-10-07T11:02:25.1068420Z hint: 	git config --global init.defaultBranch <name>
2026-10-07T11:02:25.1069630Z hint:
2026-10-07T11:02:25.1070800Z hint: Names commonly chosen instead of 'master' are 'main', 'trunk' and
2026-10-07T11:02:25.1077150Z hint: 'development'. The just-created branch can be renamed via this command:
2026-10-07T11:02:25.1080210Z hint:
2026-10-07T11:02:25.1081710Z hint: 	git branch -m <name>
2026-10-07T11:02:25.1082650Z hint:
2026-10-07T11:02:25.1083760Z hint: Disable this message with "git config set advice.defaultBranchName false"
2026-10-07T11:02:25.1085480Z Initialized empty Git repository in /Users/runner/work/Nagi/Nagi/.git/
2026-10-07T11:02:25.1088160Z [command]/opt/homebrew/bin/git remote add origin https://github.com/disnana/Nagi
2026-10-07T11:02:25.1142160Z ##[endgroup]
2026-10-07T11:02:25.1145880Z ##[group]Disabling automatic garbage collection
2026-10-07T11:02:25.1148960Z [command]/opt/homebrew/bin/git config --local gc.auto 0
2026-10-07T11:02:25.1243500Z ##[endgroup]
2026-10-07T11:02:25.1244760Z ##[group]Setting up auth
2026-10-07T11:02:25.1248790Z [command]/opt/homebrew/bin/git config --local --name-only --get-regexp core\.sshCommand
2026-10-07T11:02:25.1311790Z [command]/opt/homebrew/bin/git submodule foreach --recursive sh -c "git config --local --name-only --get-regexp 'core\.sshCommand' && git config --local --unset-all 'core.sshCommand' || :"
2026-10-07T11:02:25.2742020Z [command]/opt/homebrew/bin/git config --local --name-only --get-regexp http\.https\:\/\/github\.com\/\.extraheader
2026-10-07T11:02:25.2799320Z [command]/opt/homebrew/bin/git submodule foreach --recursive sh -c "git config --local --name-only --get-regexp 'http\.https\:\/\/github\.com\/\.extraheader' && git config --local --unset-all 'http.https://github.com/.extraheader' || :"
2026-10-07T11:02:25.3633020Z [command]/opt/homebrew/bin/git config --local --name-only --get-regexp ^includeIf\.gitdir:
2026-10-07T11:02:25.3690700Z [command]/opt/homebrew/bin/git submodule foreach --recursive git config --local --show-origin --name-only --get-regexp remote.origin.url
2026-10-07T11:02:25.4842780Z [command]/opt/homebrew/bin/git config --local http.https://github.com/.extraheader AUTHORIZATION: basic ***
2026-10-07T11:02:25.4893890Z ##[endgroup]
2026-10-07T11:02:25.4895020Z ##[group]Fetching the repository
2026-10-07T11:02:25.4899210Z [command]/opt/homebrew/bin/git -c protocol.version=2 fetch --no-tags --prune --no-recurse-submodules --depth=1 origin +6216f0c96b44ea47b4d23dcd1558ff78dd8859e7:refs/remotes/pull/95/merge
2026-10-07T11:02:26.6581370Z From https://github.com/disnana/Nagi
2026-10-07T11:02:26.6586090Z  * [new ref]         6216f0c96b44ea47b4d23dcd1558ff78dd8859e7 -> pull/95/merge
2026-10-07T11:02:26.6590050Z ##[endgroup]
2026-10-07T11:02:26.6591470Z ##[group]Determining the checkout info
2026-10-07T11:02:26.6593920Z ##[endgroup]
2026-10-07T11:02:26.6599420Z [command]/opt/homebrew/bin/git sparse-checkout disable
2026-10-07T11:02:26.6742210Z [command]/opt/homebrew/bin/git config --local --unset-all extensions.worktreeConfig
2026-10-07T11:02:26.6877540Z ##[group]Checking out the ref
2026-10-07T11:02:26.6912260Z [command]/opt/homebrew/bin/git checkout --progress --force refs/remotes/pull/95/merge
2026-10-07T11:02:27.3485820Z HEAD is now at 6216f0c Merge 428bcb07f2700b31f712cc8d10e8bc0ec3d29ce0 into 97b7242c2172c1d0c701a7b662294e4dbe268abf
2026-10-07T11:02:27.3502720Z ##[endgroup]
2026-10-07T11:02:27.3607540Z [command]/opt/homebrew/bin/git log -1 --format=%H
2026-10-07T11:02:27.3686820Z 6216f0c96b44ea47b4d23dcd1558ff78dd8859e7
2026-10-07T11:02:27.3971510Z ##[group]Run dtolnay/rust-toolchain@stable
2026-10-07T11:02:27.3971760Z with:
2026-10-07T11:02:27.3971920Z   toolchain: stable
2026-10-07T11:02:27.3972070Z env:
2026-10-07T11:02:27.3972300Z   NAGI_FAILURE_DIR: /Users/runner/work/Nagi/Nagi/build/compiler-failures
2026-10-07T11:02:27.3972580Z ##[endgroup]
2026-10-07T11:02:27.4022780Z ##[start-action display=Parse toolchain version;id=rust.parse]
2026-10-07T11:02:27.4060010Z ##[group]Run if [[ -z $toolchain ]]; then
2026-10-07T11:02:27.4060280Z [36;1mif [[ -z $toolchain ]]; then[0m
2026-10-07T11:02:27.4060720Z [36;1m  # GitHub does not enforce `required: true` inputs itself. https://github.com/actions/runner/issues/1070[0m
2026-10-07T11:02:27.4061150Z [36;1m  echo "'toolchain' is a required input" >&2[0m
2026-10-07T11:02:27.4061380Z [36;1m  exit 1[0m
2026-10-07T11:02:27.4061640Z [36;1melif [[ $toolchain =~ ^stable' '[0-9]+' '(year|month|week|day)s?' 'ago$ ]]; then[0m
2026-10-07T11:02:27.4062020Z [36;1m  if [[ macOS == macOS ]]; then[0m
2026-10-07T11:02:27.4062440Z [36;1m    echo "toolchain=1.$((($(date -v-$(sed 's/stable \([0-9]*\) \(.\).*/\1\2/' <<< $toolchain) +%s)/60/60/24-16569)/7/6))" >> $GITHUB_OUTPUT[0m
2026-10-07T11:02:27.4062850Z [36;1m  else[0m
2026-10-07T11:02:27.4063170Z [36;1m    echo "toolchain=1.$((($(date --date "${toolchain#stable }" +%s)/60/60/24-16569)/7/6))" >> $GITHUB_OUTPUT[0m
2026-10-07T11:02:27.4063540Z [36;1m  fi[0m
2026-10-07T11:02:27.4063780Z [36;1melif [[ $toolchain =~ ^stable' 'minus' '[0-9]+' 'releases?$ ]]; then[0m
2026-10-07T11:02:27.4064210Z [36;1m  echo "toolchain=1.$((($(date +%s)/60/60/24-16569)/7/6-${toolchain//[^0-9]/}))" >> $GITHUB_OUTPUT[0m
2026-10-07T11:02:27.4064570Z [36;1melif [[ $toolchain =~ ^1\.[0-9]+$ ]]; then[0m
2026-10-07T11:02:27.4064990Z [36;1m  echo "toolchain=1.$((i=${toolchain#1.}, c=($(date +%s)/60/60/24-16569)/7/6, i+9*i*(10*i<=c)+90*i*(100*i<=c)))" >> $GITHUB_OUTPUT[0m
2026-10-07T11:02:27.4065370Z [36;1melse[0m
2026-10-07T11:02:27.4065570Z [36;1m  echo "toolchain=$toolchain" >> $GITHUB_OUTPUT[0m
2026-10-07T11:02:27.4065800Z [36;1mfi[0m
2026-10-07T11:02:27.4101130Z shell: /bin/bash --noprofile --norc -e -o pipefail {0}
2026-10-07T11:02:27.4101380Z env:
2026-10-07T11:02:27.4101620Z   NAGI_FAILURE_DIR: /Users/runner/work/Nagi/Nagi/build/compiler-failures
2026-10-07T11:02:27.4101900Z   toolchain: stable
2026-10-07T11:02:27.4102060Z ##[endgroup]
2026-10-07T11:02:27.4362460Z ##[end-action id=rust.parse;outcome=success;conclusion=success;duration_ms=33]
2026-10-07T11:02:27.4371080Z ##[start-action display=Construct rustup command line;id=rust.flags]
2026-10-07T11:02:27.4406650Z ##[group]Run echo "targets=$(for t in ${targets//,/ }; do echo -n ' --target' $t; done)" >> $GITHUB_OUTPUT
2026-10-07T11:02:27.4407270Z [36;1mecho "targets=$(for t in ${targets//,/ }; do echo -n ' --target' $t; done)" >> $GITHUB_OUTPUT[0m
2026-10-07T11:02:27.4407800Z [36;1mecho "components=$(for c in ${components//,/ }; do echo -n ' --component' $c; done)" >> $GITHUB_OUTPUT[0m
2026-10-07T11:02:27.4408240Z [36;1mecho "downgrade=" >> $GITHUB_OUTPUT[0m
2026-10-07T11:02:27.4438460Z shell: /bin/bash --noprofile --norc -e -o pipefail {0}
2026-10-07T11:02:27.4438770Z env:
2026-10-07T11:02:27.4439030Z   NAGI_FAILURE_DIR: /Users/runner/work/Nagi/Nagi/build/compiler-failures
2026-10-07T11:02:27.4439340Z   targets: 
2026-10-07T11:02:27.4439520Z   components: 
2026-10-07T11:02:27.4439670Z ##[endgroup]
2026-10-07T11:02:27.4718020Z ##[end-action id=rust.flags;outcome=success;conclusion=success;duration_ms=34]
2026-10-07T11:02:27.4720280Z ##[start-action display=Set $CARGO_HOME;id=rust.__run]
2026-10-07T11:02:27.4758940Z ##[group]Run echo CARGO_HOME=${CARGO_HOME:-"$HOME/.cargo"} >> $GITHUB_ENV
2026-10-07T11:02:27.4759340Z [36;1mecho CARGO_HOME=${CARGO_HOME:-"$HOME/.cargo"} >> $GITHUB_ENV[0m
2026-10-07T11:02:27.4789350Z shell: /bin/bash --noprofile --norc -e -o pipefail {0}
2026-10-07T11:02:27.4789600Z env:
2026-10-07T11:02:27.4790290Z   NAGI_FAILURE_DIR: /Users/runner/work/Nagi/Nagi/build/compiler-failures
2026-10-07T11:02:27.4790630Z ##[endgroup]
2026-10-07T11:02:27.5005540Z ##[end-action id=rust.__run;outcome=success;conclusion=success;duration_ms=28]
2026-10-07T11:02:27.5010410Z ##[start-action display=Install rustup if needed;id=rust.__run_2]
2026-10-07T11:02:27.5060080Z ##[group]Run if ! command -v rustup &>/dev/null; then
2026-10-07T11:02:27.5060430Z [36;1mif ! command -v rustup &>/dev/null; then[0m
2026-10-07T11:02:27.5061180Z [36;1m  curl --proto '=https' --tlsv1.2 --retry 10 --retry-connrefused --location --silent --show-error --fail https://sh.rustup.rs | sh -s -- --default-toolchain none -y[0m
2026-10-07T11:02:27.5061820Z [36;1m  echo "$CARGO_HOME/bin" >> $GITHUB_PATH[0m
2026-10-07T11:02:27.5062050Z [36;1mfi[0m
2026-10-07T11:02:27.5092170Z shell: /bin/bash --noprofile --norc -e -o pipefail {0}
2026-10-07T11:02:27.5092450Z env:
2026-10-07T11:02:27.5092700Z   NAGI_FAILURE_DIR: /Users/runner/work/Nagi/Nagi/build/compiler-failures
2026-10-07T11:02:27.5093040Z   CARGO_HOME: /Users/runner/.cargo
2026-10-07T11:02:27.5093350Z ##[endgroup]
2026-10-07T11:02:27.5276580Z ##[end-action id=rust.__run_2;outcome=success;conclusion=success;duration_ms=26]
2026-10-07T11:02:27.5278910Z ##[start-action display=Install rustup if needed on windows;id=rust.__run_3]
2026-10-07T11:02:27.5285580Z ##[end-action id=rust.__run_3;outcome=skipped;conclusion=skipped;duration_ms=0]
2026-10-07T11:02:27.5293400Z ##[start-action display=rustup toolchain install stable;id=rust.__run_4]
2026-10-07T11:02:27.5315590Z ##[group]Run log=$(mktemp)
2026-10-07T11:02:27.5315880Z [36;1mlog=$(mktemp)[0m
2026-10-07T11:02:27.5316090Z [36;1mtrap 'rm -f "$log"' EXIT[0m
2026-10-07T11:02:27.5316320Z [36;1mfor attempt in 1 2 3 4 5; do[0m
2026-10-07T11:02:27.5316770Z [36;1m  if rustup toolchain install stable --profile minimal --no-self-update --force-non-host 2>&1 | tee "$log"; then[0m
2026-10-07T11:02:27.5317180Z [36;1m    break[0m
2026-10-07T11:02:27.5317350Z [36;1m  else[0m
2026-10-07T11:02:27.5317530Z [36;1m    status=$?[0m
2026-10-07T11:02:27.5317720Z [36;1m  fi[0m
2026-10-07T11:02:27.5317960Z [36;1m  if [[ $attempt == 5 ]] || ! grep -Fq 'checksum failed for ' "$log" \[0m
2026-10-07T11:02:27.5318430Z [36;1m      || ! grep -Fq 'this is likely due to an ongoing update of the official release server' "$log"; then[0m
2026-10-07T11:02:27.5318800Z [36;1m    exit "$status"[0m
2026-10-07T11:02:27.5319000Z [36;1m  fi[0m
2026-10-07T11:02:27.5319280Z [36;1m  echo "Retrying rustup toolchain install in 30 seconds (retry $attempt of 4)" >&2[0m
2026-10-07T11:02:27.5319650Z [36;1m  sleep 30[0m
2026-10-07T11:02:27.5319820Z [36;1mdone[0m
2026-10-07T11:02:27.5350020Z shell: /bin/bash --noprofile --norc -e -o pipefail {0}
2026-10-07T11:02:27.5350280Z env:
2026-10-07T11:02:27.5350520Z   NAGI_FAILURE_DIR: /Users/runner/work/Nagi/Nagi/build/compiler-failures
2026-10-07T11:02:27.5350840Z   CARGO_HOME: /Users/runner/.cargo
2026-10-07T11:02:27.5351050Z   RUSTUP_PERMIT_COPY_RENAME: 1
2026-10-07T11:02:27.5351260Z ##[endgroup]
2026-10-07T11:02:28.0363430Z info: syncing channel updates for stable-aarch64-apple-darwin
2026-10-07T11:02:28.1618780Z info: latest update on 2026-10-01 for version 1.99.0 (b940084d7 2026-09-28)
2026-10-07T11:02:28.1744380Z info: removing previous version of component clippy
2026-10-07T11:02:28.1778700Z info: removing previous version of component rustfmt
2026-10-07T11:02:28.1804910Z info: removing previous version of component cargo
2026-10-07T11:02:28.1859360Z info: removing previous version of component rust-std
2026-10-07T11:02:28.2002350Z info: removing previous version of component rustc
2026-10-07T11:02:28.2111690Z info: downloading 5 components
2026-10-07T11:02:34.5949260Z 
2026-10-07T11:02:34.6318970Z   stable-aarch64-apple-darwin updated - rustc 1.99.0 (b940084d7 2026-09-28) (from rustc 1.98.1 (48a229cea 2026-09-01))
2026-10-07T11:02:34.6321240Z 
2026-10-07T11:02:34.6321670Z info: self-update is disabled for this build of rustup
2026-10-07T11:02:34.6328800Z info: any updates to rustup will need to be fetched with your system package manager
2026-10-07T11:02:34.6680630Z ##[end-action id=rust.__run_4;outcome=success;conclusion=success;duration_ms=7138]
2026-10-07T11:02:34.6688270Z ##[start-action display=rustup default stable;id=rust.__run_5]
2026-10-07T11:02:34.6714770Z ##[group]Run rustup default stable --force-non-host
2026-10-07T11:02:34.6715140Z [36;1mrustup default stable --force-non-host[0m
2026-10-07T11:02:34.6749930Z shell: /bin/bash --noprofile --norc -e -o pipefail {0}
2026-10-07T11:02:34.6750200Z env:
2026-10-07T11:02:34.6750590Z   NAGI_FAILURE_DIR: /Users/runner/work/Nagi/Nagi/build/compiler-failures
2026-10-07T11:02:34.6750960Z   CARGO_HOME: /Users/runner/.cargo
2026-10-07T11:02:34.6751280Z ##[endgroup]
2026-10-07T11:02:34.7290720Z info: using existing install for stable-aarch64-apple-darwin
2026-10-07T11:02:34.7310590Z info: default toolchain set to stable-aarch64-apple-darwin
2026-10-07T11:02:34.7311190Z 
2026-10-07T11:02:34.7473780Z   stable-aarch64-apple-darwin unchanged - rustc 1.99.0 (b940084d7 2026-09-28)
2026-10-07T11:02:34.7474140Z 
2026-10-07T11:02:34.7494170Z ##[end-action id=rust.__run_5;outcome=success;conclusion=success;duration_ms=80]
2026-10-07T11:02:34.7497180Z ##[start-action display=Create cachekey;id=rust.rustc-version]
2026-10-07T11:02:34.7523710Z ##[group]Run DATE=$(rustc +stable --version --verbose | sed -ne 's/^commit-date: \(20[0-9][0-9]\)-\([01][0-9]\)-\([0-3][0-9]\)$/\1\2\3/p')
2026-10-07T11:02:34.7524500Z [36;1mDATE=$(rustc +stable --version --verbose | sed -ne 's/^commit-date: \(20[0-9][0-9]\)-\([01][0-9]\)-\([0-3][0-9]\)$/\1\2\3/p')[0m
2026-10-07T11:02:34.7525130Z [36;1mHASH=$(rustc +stable --version --verbose | sed -ne 's/^commit-hash: //p')[0m
2026-10-07T11:02:34.7525650Z [36;1mecho "cachekey=$(echo $DATE$HASH | head -c12)" >> $GITHUB_OUTPUT[0m
2026-10-07T11:02:34.7554610Z shell: /bin/bash --noprofile --norc -e -o pipefail {0}
2026-10-07T11:02:34.7555040Z env:
2026-10-07T11:02:34.7555320Z   NAGI_FAILURE_DIR: /Users/runner/work/Nagi/Nagi/build/compiler-failures
2026-10-07T11:02:34.7555650Z   CARGO_HOME: /Users/runner/.cargo
2026-10-07T11:02:34.7555870Z ##[endgroup]
2026-10-07T11:02:34.8428590Z ##[end-action id=rust.rustc-version;outcome=success;conclusion=success;duration_ms=93]
2026-10-07T11:02:34.8431120Z ##[start-action display=Disable incremental compilation;id=rust.__run_6]
2026-10-07T11:02:34.8451120Z ##[group]Run if [ -z "${CARGO_INCREMENTAL+set}" ]; then
2026-10-07T11:02:34.8451460Z [36;1mif [ -z "${CARGO_INCREMENTAL+set}" ]; then[0m
2026-10-07T11:02:34.8451740Z [36;1m  echo CARGO_INCREMENTAL=0 >> $GITHUB_ENV[0m
2026-10-07T11:02:34.8452020Z [36;1mfi[0m
2026-10-07T11:02:34.8485720Z shell: /bin/bash --noprofile --norc -e -o pipefail {0}
2026-10-07T11:02:34.8486060Z env:
2026-10-07T11:02:34.8486580Z   NAGI_FAILURE_DIR: /Users/runner/work/Nagi/Nagi/build/compiler-failures
2026-10-07T11:02:34.8486980Z   CARGO_HOME: /Users/runner/.cargo
2026-10-07T11:02:34.8487280Z ##[endgroup]
2026-10-07T11:02:34.8751050Z ##[end-action id=rust.__run_6;outcome=success;conclusion=success;duration_ms=31]
2026-10-07T11:02:34.8753580Z ##[start-action display=Enable colors in Cargo output;id=rust.__run_7]
2026-10-07T11:02:34.8774580Z ##[group]Run if [ -z "${CARGO_TERM_COLOR+set}" ]; then
2026-10-07T11:02:34.8774930Z [36;1mif [ -z "${CARGO_TERM_COLOR+set}" ]; then[0m
2026-10-07T11:02:34.8775220Z [36;1m  echo CARGO_TERM_COLOR=always >> $GITHUB_ENV[0m
2026-10-07T11:02:34.8775450Z [36;1mfi[0m
2026-10-07T11:02:34.8806240Z shell: /bin/bash --noprofile --norc -e -o pipefail {0}
2026-10-07T11:02:34.8806490Z env:
2026-10-07T11:02:34.8807480Z   NAGI_FAILURE_DIR: /Users/runner/work/Nagi/Nagi/build/compiler-failures
2026-10-07T11:02:34.8807820Z   CARGO_HOME: /Users/runner/.cargo
2026-10-07T11:02:34.8808050Z   CARGO_INCREMENTAL: 0
2026-10-07T11:02:34.8808240Z ##[endgroup]
2026-10-07T11:02:34.9056850Z ##[end-action id=rust.__run_7;outcome=success;conclusion=success;duration_ms=30]
2026-10-07T11:02:34.9059370Z ##[start-action display=Enable Cargo sparse registry;id=rust.__run_8]
2026-10-07T11:02:34.9082150Z ##[group]Run # implemented in 1.66, stabilized in 1.68, made default in 1.70
2026-10-07T11:02:34.9082710Z [36;1m# implemented in 1.66, stabilized in 1.68, made default in 1.70[0m
2026-10-07T11:02:34.9083350Z [36;1mif [ -z "${CARGO_REGISTRIES_CRATES_IO_PROTOCOL+set}" -o -f "/Users/runner/work/_temp"/.implicit_cargo_registries_crates_io_protocol ]; then[0m
2026-10-07T11:02:34.9083950Z [36;1m  if rustc +stable --version --verbose | grep -q '^release: 1\.6[89]\.'; then[0m
2026-10-07T11:02:34.9084450Z [36;1m    touch "/Users/runner/work/_temp"/.implicit_cargo_registries_crates_io_protocol || true[0m
2026-10-07T11:02:34.9084970Z [36;1m    echo CARGO_REGISTRIES_CRATES_IO_PROTOCOL=sparse >> $GITHUB_ENV[0m
2026-10-07T11:02:34.9085400Z [36;1m  elif rustc +stable --version --verbose | grep -q '^release: 1\.6[67]\.'; then[0m
2026-10-07T11:02:34.9085880Z [36;1m    touch "/Users/runner/work/_temp"/.implicit_cargo_registries_crates_io_protocol || true[0m
2026-10-07T11:02:34.9086340Z [36;1m    echo CARGO_REGISTRIES_CRATES_IO_PROTOCOL=git >> $GITHUB_ENV[0m
2026-10-07T11:02:34.9086630Z [36;1m  fi[0m
2026-10-07T11:02:34.9086780Z [36;1mfi[0m
2026-10-07T11:02:34.9136710Z shell: /bin/bash --noprofile --norc -e -o pipefail {0}
2026-10-07T11:02:34.9137010Z env:
2026-10-07T11:02:34.9137300Z   NAGI_FAILURE_DIR: /Users/runner/work/Nagi/Nagi/build/compiler-failures
2026-10-07T11:02:34.9137640Z   CARGO_HOME: /Users/runner/.cargo
2026-10-07T11:02:34.9137890Z   CARGO_INCREMENTAL: 0
2026-10-07T11:02:34.9138090Z   CARGO_TERM_COLOR: always
2026-10-07T11:02:34.9138290Z ##[endgroup]
2026-10-07T11:02:35.0004860Z ##[end-action id=rust.__run_8;outcome=success;conclusion=success;duration_ms=94]
2026-10-07T11:02:35.0007110Z ##[start-action display=Work around spurious network errors in curl 8.0;id=rust.__run_9]
2026-10-07T11:02:35.0028600Z ##[group]Run # https://rust-lang.zulipchat.com/#narrow/stream/246057-t-cargo/topic/timeout.20investigation
2026-10-07T11:02:35.0029220Z [36;1m# https://rust-lang.zulipchat.com/#narrow/stream/246057-t-cargo/topic/timeout.20investigation[0m
2026-10-07T11:02:35.0029750Z [36;1mif rustc +stable --version --verbose | grep -q '^release: 1\.7[01]\.'; then[0m
2026-10-07T11:02:35.0030120Z [36;1m  echo CARGO_HTTP_MULTIPLEXING=false >> $GITHUB_ENV[0m
2026-10-07T11:02:35.0030420Z [36;1mfi[0m
2026-10-07T11:02:35.0061580Z shell: /bin/bash --noprofile --norc -e -o pipefail {0}
2026-10-07T11:02:35.0061880Z env:
2026-10-07T11:02:35.0062130Z   NAGI_FAILURE_DIR: /Users/runner/work/Nagi/Nagi/build/compiler-failures
2026-10-07T11:02:35.0062560Z   CARGO_HOME: /Users/runner/.cargo
2026-10-07T11:02:35.0062760Z   CARGO_INCREMENTAL: 0
2026-10-07T11:02:35.0062950Z   CARGO_TERM_COLOR: always
2026-10-07T11:02:35.0063170Z ##[endgroup]
2026-10-07T11:02:35.0562440Z ##[end-action id=rust.__run_9;outcome=success;conclusion=success;duration_ms=55]
2026-10-07T11:02:35.0574370Z ##[start-action display=rustc +stable --version --verbose;id=rust.__run_10]
2026-10-07T11:02:35.0597390Z ##[group]Run rustc +stable --version --verbose
2026-10-07T11:02:35.0597690Z [36;1mrustc +stable --version --verbose[0m
2026-10-07T11:02:35.0627270Z shell: /bin/bash --noprofile --norc -e -o pipefail {0}
2026-10-07T11:02:35.0627510Z env:
2026-10-07T11:02:35.0627770Z   NAGI_FAILURE_DIR: /Users/runner/work/Nagi/Nagi/build/compiler-failures
2026-10-07T11:02:35.0628070Z   CARGO_HOME: /Users/runner/.cargo
2026-10-07T11:02:35.0628250Z   CARGO_INCREMENTAL: 0
2026-10-07T11:02:35.0628430Z   CARGO_TERM_COLOR: always
2026-10-07T11:02:35.0628590Z ##[endgroup]
2026-10-07T11:02:35.1117010Z rustc 1.99.0 (b940084d7 2026-09-28)
2026-10-07T11:02:35.1117670Z binary: rustc
2026-10-07T11:02:35.1118040Z commit-hash: b940084d7eb6a299eb4bfeb8e34901bc051e7ac4
2026-10-07T11:02:35.1118400Z commit-date: 2026-09-28
2026-10-07T11:02:35.1118700Z host: aarch64-apple-darwin
2026-10-07T11:02:35.1120490Z release: 1.99.0
2026-10-07T11:02:35.1121130Z LLVM version: 23.1.1
2026-10-07T11:02:35.1142030Z ##[end-action id=rust.__run_10;outcome=success;conclusion=success;duration_ms=56]
2026-10-07T11:02:35.8563820Z ##[group]Run actions/cache@v4
2026-10-07T11:02:35.8564470Z with:
2026-10-07T11:02:35.8565010Z   path: ~/.cargo/registry
~/.cargo/git
target
native-target

2026-10-07T11:02:35.8567100Z   key: nagi-rust-v1-package-macos-arm64-20260928b940-ea0ec8ed94fb35bcf1d7c665cba9b22ca9050a457cc062d0c63198341f876515-32a47094b5d6296d99e350ce6176c44aa01faa791652270ccc5c652936686ec2
2026-10-07T11:02:35.8570330Z   restore-keys: nagi-rust-v1-package-macos-arm64-20260928b940-ea0ec8ed94fb35bcf1d7c665cba9b22ca9050a457cc062d0c63198341f876515-
nagi-rust-v1-package-macos-arm64-20260928b940-

2026-10-07T11:02:35.8572210Z   enableCrossOsArchive: false
2026-10-07T11:02:35.8572770Z   fail-on-cache-miss: false
2026-10-07T11:02:35.8573280Z   lookup-only: false
2026-10-07T11:02:35.8573770Z   save-always: false
2026-10-07T11:02:35.8574210Z env:
2026-10-07T11:02:35.8574840Z   NAGI_FAILURE_DIR: /Users/runner/work/Nagi/Nagi/build/compiler-failures
2026-10-07T11:02:35.8575650Z   CARGO_HOME: /Users/runner/.cargo
2026-10-07T11:02:35.8576440Z   CARGO_INCREMENTAL: 0
2026-10-07T11:02:35.8577230Z   CARGO_TERM_COLOR: always
2026-10-07T11:02:35.8577710Z ##[endgroup]
2026-10-07T11:02:36.0282770Z (node:1240) [DEP0040] DeprecationWarning: The `punycode` module is deprecated. Please use a userland alternative instead.
2026-10-07T11:02:36.0291690Z (Use `node --trace-deprecation ...` to show where the warning was created)
2026-10-07T11:02:36.1691400Z Cache hit for restore-key: nagi-rust-v1-package-macos-arm64-20260928b940-ea0ec8ed94fb35bcf1d7c665cba9b22ca9050a457cc062d0c63198341f876515-0a3c612bd2449855cd94f9f097104cc358bc0eb649afe1bd6062d4a2edaab24b
2026-10-07T11:02:36.1749300Z (node:1240) [DEP0169] DeprecationWarning: `url.parse()` behavior is not standardized and prone to errors that have security implications. Use the WHATWG URL API instead. CVEs are not issued for `url.parse()` vulnerabilities.
2026-10-07T11:02:37.2085660Z Received 146800640 of 690678841 (21.3%), 139.6 MBs/sec
2026-10-07T11:02:38.2189450Z Received 335544320 of 690678841 (48.6%), 159.1 MBs/sec
2026-10-07T11:02:39.2177730Z Received 436207616 of 690678841 (63.2%), 138.1 MBs/sec
2026-10-07T11:02:40.2227190Z Received 570425344 of 690678841 (82.6%), 135.4 MBs/sec
2026-10-07T11:02:40.9102280Z Received 690678841 of 690678841 (100.0%), 140.0 MBs/sec
2026-10-07T11:02:40.9262790Z Cache Size: ~659 MB (690678841 B)
2026-10-07T11:02:40.9400720Z [command]/opt/homebrew/bin/gtar -xf /Users/runner/work/_temp/f15a34a7-4620-4357-9f0f-a6d1235f228b/cache.tzst -P -C /Users/runner/work/Nagi/Nagi --delay-directory-restore --use-compress-program unzstd
2026-10-07T11:02:48.0758850Z Cache restored successfully
2026-10-07T11:02:48.1307850Z Cache restored from key: nagi-rust-v1-package-macos-arm64-20260928b940-ea0ec8ed94fb35bcf1d7c665cba9b22ca9050a457cc062d0c63198341f876515-0a3c612bd2449855cd94f9f097104cc358bc0eb649afe1bd6062d4a2edaab24b
2026-10-07T11:02:48.1689450Z ##[group]Run actions/setup-python@v5
2026-10-07T11:02:48.1690570Z with:
2026-10-07T11:02:48.1690920Z   python-version: 3.12
2026-10-07T11:02:48.1691150Z   check-latest: false
2026-10-07T11:02:48.1693370Z   token: ***
2026-10-07T11:02:48.1693630Z   update-environment: true
2026-10-07T11:02:48.1693920Z   allow-prereleases: false
2026-10-07T11:02:48.1694130Z   freethreaded: false
2026-10-07T11:02:48.1694450Z env:
2026-10-07T11:02:48.1694760Z   NAGI_FAILURE_DIR: /Users/runner/work/Nagi/Nagi/build/compiler-failures
2026-10-07T11:02:48.1695100Z   CARGO_HOME: /Users/runner/.cargo
2026-10-07T11:02:48.1695410Z   CARGO_INCREMENTAL: 0
2026-10-07T11:02:48.1695710Z   CARGO_TERM_COLOR: always
2026-10-07T11:02:48.1724570Z ##[endgroup]
2026-10-07T11:02:48.4561930Z ##[group]Installed versions
2026-10-07T11:02:48.4648230Z (node:1349) [DEP0040] DeprecationWarning: The `punycode` module is deprecated. Please use a userland alternative instead.
2026-10-07T11:02:48.4648980Z Successfully set up CPython (3.12.10)
2026-10-07T11:02:48.4649670Z (Use `node --trace-deprecation ...` to show where the warning was created)
2026-10-07T11:02:48.4650640Z ##[endgroup]
2026-10-07T11:02:48.4776220Z ##[group]Run actions/setup-node@v4
2026-10-07T11:02:48.4776480Z with:
2026-10-07T11:02:48.4776630Z   node-version: 22
2026-10-07T11:02:48.4776840Z   always-auth: false
2026-10-07T11:02:48.4777000Z   check-latest: false
2026-10-07T11:02:48.4778700Z   token: ***
2026-10-07T11:02:48.4778860Z env:
2026-10-07T11:02:48.4779100Z   NAGI_FAILURE_DIR: /Users/runner/work/Nagi/Nagi/build/compiler-failures
2026-10-07T11:02:48.4779420Z   CARGO_HOME: /Users/runner/.cargo
2026-10-07T11:02:48.4779620Z   CARGO_INCREMENTAL: 0
2026-10-07T11:02:48.4779870Z   CARGO_TERM_COLOR: always
2026-10-07T11:02:48.4780150Z   pythonLocation: /Users/runner/hostedtoolcache/Python/3.12.10/arm64
2026-10-07T11:02:48.4780790Z   PKG_CONFIG_PATH: /Users/runner/hostedtoolcache/Python/3.12.10/arm64/lib/pkgconfig
2026-10-07T11:02:48.4781230Z   Python_ROOT_DIR: /Users/runner/hostedtoolcache/Python/3.12.10/arm64
2026-10-07T11:02:48.4781590Z   Python2_ROOT_DIR: /Users/runner/hostedtoolcache/Python/3.12.10/arm64
2026-10-07T11:02:48.4781960Z   Python3_ROOT_DIR: /Users/runner/hostedtoolcache/Python/3.12.10/arm64
2026-10-07T11:02:48.4782230Z ##[endgroup]
2026-10-07T11:02:48.6387390Z Found in cache @ /Users/runner/hostedtoolcache/node/22.23.2/arm64
2026-10-07T11:02:48.6388900Z (node:1351) [DEP0040] DeprecationWarning: The `punycode` module is deprecated. Please use a userland alternative instead.
2026-10-07T11:02:48.6389510Z (Use `node --trace-deprecation ...` to show where the warning was created)
2026-10-07T11:02:48.6390700Z ##[group]Environment details
2026-10-07T11:02:49.1609480Z node: v22.23.2
2026-10-07T11:02:49.1610020Z npm: 10.9.8
2026-10-07T11:02:49.1610270Z yarn: 1.22.22
2026-10-07T11:02:49.1612880Z ##[endgroup]
2026-10-07T11:02:49.1702910Z ##[group]Run python - <<'PY'
2026-10-07T11:02:49.1703280Z [36;1mpython - <<'PY'[0m
2026-10-07T11:02:49.1703510Z [36;1mimport os, subprocess[0m
2026-10-07T11:02:49.1703830Z [36;1mlines = subprocess.check_output(['rustc', '-vV'], text=True).splitlines()[0m
2026-10-07T11:02:49.1704340Z [36;1mhost = next(line.removeprefix('host: ') for line in lines if line.startswith('host: '))[0m
2026-10-07T11:02:49.1704870Z [36;1massert host == os.environ['RELEASE_RUST_HOST'], host[0m
2026-10-07T11:02:49.1705140Z [36;1mPY[0m
2026-10-07T11:02:49.1758010Z shell: /bin/bash --noprofile --norc -e -o pipefail {0}
2026-10-07T11:02:49.1758290Z env:
2026-10-07T11:02:49.1758550Z   NAGI_FAILURE_DIR: /Users/runner/work/Nagi/Nagi/build/compiler-failures
2026-10-07T11:02:49.1758880Z   CARGO_HOME: /Users/runner/.cargo
2026-10-07T11:02:49.1759090Z   CARGO_INCREMENTAL: 0
2026-10-07T11:02:49.1759300Z   CARGO_TERM_COLOR: always
2026-10-07T11:02:49.1759660Z   pythonLocation: /Users/runner/hostedtoolcache/Python/3.12.10/arm64
2026-10-07T11:02:49.1760070Z   PKG_CONFIG_PATH: /Users/runner/hostedtoolcache/Python/3.12.10/arm64/lib/pkgconfig
2026-10-07T11:02:49.1760500Z   Python_ROOT_DIR: /Users/runner/hostedtoolcache/Python/3.12.10/arm64
2026-10-07T11:02:49.1760880Z   Python2_ROOT_DIR: /Users/runner/hostedtoolcache/Python/3.12.10/arm64
2026-10-07T11:02:49.1761280Z   Python3_ROOT_DIR: /Users/runner/hostedtoolcache/Python/3.12.10/arm64
2026-10-07T11:02:49.1761580Z   RELEASE_RUST_HOST: aarch64-apple-darwin
2026-10-07T11:02:49.1761820Z ##[endgroup]
2026-10-07T11:02:49.7064540Z ##[group]Run cargo fetch --locked --target "$RELEASE_RUST_HOST"
2026-10-07T11:02:49.7065060Z [36;1mcargo fetch --locked --target "$RELEASE_RUST_HOST"[0m
2026-10-07T11:02:49.7096520Z shell: /bin/bash --noprofile --norc -e -o pipefail {0}
2026-10-07T11:02:49.7096770Z env:
2026-10-07T11:02:49.7097300Z   NAGI_FAILURE_DIR: /Users/runner/work/Nagi/Nagi/build/compiler-failures
2026-10-07T11:02:49.7097640Z   CARGO_HOME: /Users/runner/.cargo
2026-10-07T11:02:49.7097840Z   CARGO_INCREMENTAL: 0
2026-10-07T11:02:49.7098020Z   CARGO_TERM_COLOR: always
2026-10-07T11:02:49.7098300Z   pythonLocation: /Users/runner/hostedtoolcache/Python/3.12.10/arm64
2026-10-07T11:02:49.7098760Z   PKG_CONFIG_PATH: /Users/runner/hostedtoolcache/Python/3.12.10/arm64/lib/pkgconfig
2026-10-07T11:02:49.7099170Z   Python_ROOT_DIR: /Users/runner/hostedtoolcache/Python/3.12.10/arm64
2026-10-07T11:02:49.7099540Z   Python2_ROOT_DIR: /Users/runner/hostedtoolcache/Python/3.12.10/arm64
2026-10-07T11:02:49.7099950Z   Python3_ROOT_DIR: /Users/runner/hostedtoolcache/Python/3.12.10/arm64
2026-10-07T11:02:49.7100260Z   RELEASE_RUST_HOST: aarch64-apple-darwin
2026-10-07T11:02:49.7100480Z ##[endgroup]
2026-10-07T11:02:50.1159420Z ##[group]Run cargo build --release --locked -p nagic
2026-10-07T11:02:50.1159810Z [36;1mcargo build --release --locked -p nagic[0m
2026-10-07T11:02:50.1192910Z shell: /bin/bash -e {0}
2026-10-07T11:02:50.1193100Z env:
2026-10-07T11:02:50.1193390Z   NAGI_FAILURE_DIR: /Users/runner/work/Nagi/Nagi/build/compiler-failures
2026-10-07T11:02:50.1193720Z   CARGO_HOME: /Users/runner/.cargo
2026-10-07T11:02:50.1193920Z   CARGO_INCREMENTAL: 0
2026-10-07T11:02:50.1194100Z   CARGO_TERM_COLOR: always
2026-10-07T11:02:50.1194390Z   pythonLocation: /Users/runner/hostedtoolcache/Python/3.12.10/arm64
2026-10-07T11:02:50.1194800Z   PKG_CONFIG_PATH: /Users/runner/hostedtoolcache/Python/3.12.10/arm64/lib/pkgconfig
2026-10-07T11:02:50.1195210Z   Python_ROOT_DIR: /Users/runner/hostedtoolcache/Python/3.12.10/arm64
2026-10-07T11:02:50.1195620Z   Python2_ROOT_DIR: /Users/runner/hostedtoolcache/Python/3.12.10/arm64
2026-10-07T11:02:50.1196100Z   Python3_ROOT_DIR: /Users/runner/hostedtoolcache/Python/3.12.10/arm64
2026-10-07T11:02:50.1196410Z ##[endgroup]
2026-10-07T11:02:50.2086340Z [1m[92m   Compiling[0m nagic v0.1.11 (/Users/runner/work/Nagi/Nagi/compiler)
2026-10-07T11:03:29.4703010Z [1m[92m    Finished[0m `release` profile [optimized] target(s) in 39.30s
2026-10-07T11:03:29.4888210Z ##[group]Run cargo test --locked -p nagic --lib --test cli --test installation --test codegen --test loop_ownership --test ownership_calls --test ownership_boundaries --test comparison_ownership --test owned_copy_codegen --test build_diagnostics --test rust_dependencies --test expression_contracts --test frontend_contracts --test literal_contracts --test http_route_conflicts --test symbols --test modules --test module_parser --test module_emission --test module_symbols --test enum_parser --test enum_modules --test enum_emission --test enum_patterns --test nullable_database --test nullable_roundtrip --test owned_database --test borrow_free_returns --test static_callback_views --test view_iteration --test view_parameter_rebinding --test sql_check --test typed_errors --test error_routes --test class_field_types --test resource_contract_characterization --test stdlib_imports --test option_match --test http_stdlib --test http_codegen --test actor_stdlib --test actor_codegen --test graph_types --test graph_relations --test graph_render --test graph_html --test map_cli --test low_multiline --test list_ownership_inference --test list_borrow_iteration --test result_stdlib
2026-10-07T11:03:29.4902850Z [36;1mcargo test --locked -p nagic --lib --test cli --test installation --test codegen --test loop_ownership --test ownership_calls --test ownership_boundaries --test comparison_ownership --test owned_copy_codegen --test build_diagnostics --test rust_dependencies --test expression_contracts --test frontend_contracts --test literal_contracts --test http_route_conflicts --test symbols --test modules --test module_parser --test module_emission --test module_symbols --test enum_parser --test enum_modules --test enum_emission --test enum_patterns --test nullable_database --test nullable_roundtrip --test owned_database --test borrow_free_returns --test static_callback_views --test view_iteration --test view_parameter_rebinding --test sql_check --test typed_errors --test error_routes --test class_field_types --test resource_contract_characterization --test stdlib_imports --test option_match --test http_stdlib --test http_codegen --test actor_stdlib --test actor_codegen --test graph_types --test graph_relations --test graph_render --test graph_html --test map_cli --test low_multiline --test list_ownership_inference --test list_borrow_iteration --test result_stdlib[0m
2026-10-07T11:03:29.5093610Z shell: /bin/bash -e {0}
2026-10-07T11:03:29.5093960Z env:
2026-10-07T11:03:29.5094440Z   NAGI_FAILURE_DIR: /Users/runner/work/Nagi/Nagi/build/compiler-failures
2026-10-07T11:03:29.5094940Z   CARGO_HOME: /Users/runner/.cargo
2026-10-07T11:03:29.5095140Z   CARGO_INCREMENTAL: 0
2026-10-07T11:03:29.5095460Z   CARGO_TERM_COLOR: always
2026-10-07T11:03:29.5095790Z   pythonLocation: /Users/runner/hostedtoolcache/Python/3.12.10/arm64
2026-10-07T11:03:29.5096360Z   PKG_CONFIG_PATH: /Users/runner/hostedtoolcache/Python/3.12.10/arm64/lib/pkgconfig
2026-10-07T11:03:29.5097160Z   Python_ROOT_DIR: /Users/runner/hostedtoolcache/Python/3.12.10/arm64
2026-10-07T11:03:29.5097640Z   Python2_ROOT_DIR: /Users/runner/hostedtoolcache/Python/3.12.10/arm64
2026-10-07T11:03:29.5098120Z   Python3_ROOT_DIR: /Users/runner/hostedtoolcache/Python/3.12.10/arm64
2026-10-07T11:03:29.5098520Z ##[endgroup]
2026-10-07T11:03:29.7501640Z [1m[92m   Compiling[0m nagic v0.1.11 (/Users/runner/work/Nagi/Nagi/compiler)
2026-10-07T11:03:43.3653900Z [1m[92m    Finished[0m `test` profile [unoptimized + debuginfo] target(s) in 13.76s
2026-10-07T11:03:43.3702800Z [1m[92m     Running[0m unittests src/lib.rs (target/debug/deps/nagic-01ebaaae2ccb04bb)
2026-10-07T11:03:43.3747320Z 
2026-10-07T11:03:43.3748340Z running 122 tests
2026-10-07T11:03:43.3766340Z test capabilities::tests::charge_recursive_lists_have_known_storage_but_require_a_walk ... ok
2026-10-07T11:03:43.3782730Z test capabilities::tests::charge_inline_capability_accounts_for_every_enum_variant ... ok
2026-10-07T11:03:43.3788590Z test capabilities::tests::charge_rejects_excluded_storage_with_a_nested_field_path ... ok
2026-10-07T11:03:43.3804780Z test capabilities::tests::indirect_cycles_remain_serializable_only_with_serializable_fields ... ok
2026-10-07T11:03:43.3816130Z test capabilities::tests::private_causes_prevent_serialization_through_nested_records ... ok
2026-10-07T11:03:43.3923730Z test capabilities::tests::native_debug_does_not_require_generic_payload_debug ... ok
2026-10-07T11:03:43.4025080Z test capabilities::tests::native_payload_roles_are_purpose_specific ... ok
2026-10-07T11:03:43.4070380Z test capabilities::tests::serde_charge_and_owned_fields_are_distinct_capabilities ... ok
2026-10-07T11:03:43.4071390Z test check::checked::tests::final_factory_checks_and_seals_owned_input ... ok
2026-10-07T11:03:43.4072180Z test check::checked::tests::final_factory_rejects_invalid_input ... ok
2026-10-07T11:03:43.4073100Z test check::checked::tests::final_diagnostic_transports_kind_without_changing_user_messages ... ok
2026-10-07T11:03:43.4074050Z test check::checked::tests::missing_binding_and_pattern_types_are_rejected_without_rechecking ... ok
2026-10-07T11:03:43.4074930Z test check::checked::tests::missing_declaration_type_is_rejected_without_rechecking ... ok
2026-10-07T11:03:43.4078810Z test check::checked::tests::missing_name_resolution_is_rejected_without_rechecking ... ok
2026-10-07T11:03:43.4079560Z test check::checked::tests::sealed_missing_expression_plan_fails_closed ... ok
2026-10-07T11:03:43.4080390Z test check::checked::tests::facts_and_emission_are_deterministic_and_read_only ... ok
2026-10-07T11:03:43.4081180Z test check::checked::tests::sealed_missing_operand_role_fails_closed ... ok
2026-10-07T11:03:43.4082570Z test check::checked::tests::sealed_missing_rust_type_plan_fails_closed ... ok
2026-10-07T11:03:43.4101460Z test check::checked::tests::sealing_rejects_missing_expression_types ... ok
2026-10-07T11:03:43.4103050Z test check::checked::tests::symbolic_enum_owner_is_not_an_untyped_payload ... ok
2026-10-07T11:03:43.4108070Z test check::checked::tests::sealed_missing_required_flow_or_slots_fails_closed ... ok
2026-10-07T11:03:43.4108690Z test check::checked::tests::unknown_origin_is_not_user_blame ... ok
2026-10-07T11:03:43.4109280Z test check::flow_metadata_tests::checked_operand_roles_reach_codegen_and_missing_roles_fail ... ok
2026-10-07T11:03:43.4110000Z test check::checked::tests::generated_saved_native_replacement_and_synthetic_origins_are_distinct ... ok
2026-10-07T11:03:43.4110990Z test check::flow_metadata_tests::content_mutation_events_survive_rhs_replacement_and_stay_in_their_statement ... ok
2026-10-07T11:03:43.4111780Z test check::checked::tests::task_sealing_rejects_missing_or_mismatched_scope_and_use_facts ... ok
2026-10-07T11:03:43.4112690Z test check::flow_metadata_tests::flow_snapshots_only_keep_return_dependency_bindings ... ok
2026-10-07T11:03:43.4113470Z test check::flow_metadata_tests::flow_facts_recompute_for_high_saved_low_and_self_consumption ... ok
2026-10-07T11:03:43.4114140Z test check::flow_metadata_tests::loop_regions_preserve_candidate_reads_and_assignments ... ok
2026-10-07T11:03:43.4114970Z test check::flow_metadata_tests::flow_collection_is_gated_to_view_return_dependencies ... ok
2026-10-07T11:03:43.4115790Z test modules::metadata_tests::intrinsic_transport_rejects_forged_namespace_collisions_and_unknown_heads ... ok
2026-10-07T11:03:43.4116640Z test modules::metadata_tests::intrinsic_type_transport_is_structural_and_avoids_real_bindings ... ok
2026-10-07T11:03:43.4117410Z test modules::metadata_tests::low_identity_is_portable_between_unix_drive_and_unc_paths ... ok
2026-10-07T11:03:43.4118210Z test check::flow_metadata_tests::semantic_value_edges_keep_mutation_inputs_without_scalar_overselection ... ok
2026-10-07T11:03:43.4119030Z test modules::metadata_tests::malformed_internal_looking_names_keep_their_original_display ... ok
2026-10-07T11:03:43.4119750Z test modules::metadata_tests::low_metadata_rejects_unknown_topology_and_span_fields ... ok
2026-10-07T11:03:43.4120810Z test modules::metadata_tests::metadata_cannot_rebind_a_definition_to_a_builtin_or_unrelated_id ... ok
2026-10-07T11:03:43.4121530Z test modules::metadata_tests::metadata_rejects_relative_noncanonical_and_traversing_ids ... ok
2026-10-07T11:03:43.4122330Z test sql_check::collect::tests::checked_high_and_saved_low_preserve_supported_operations_and_source_fields ... ok
2026-10-07T11:03:43.4123170Z test sql_check::collect::tests::aliased_row_classes_use_canonical_identity_and_original_field_names ... ok
2026-10-07T11:03:43.4123870Z test sql_check::collect::tests::conditional_loop_and_match_bodies_are_collected_once ... ok
2026-10-07T11:03:43.4124600Z test sql_check::collect::tests::dynamic_sql_and_exec_scripts_remain_visible_as_excluded_sites ... ok
2026-10-07T11:03:43.4125410Z test sql_check::collect::tests::integrated_native_replacements_only_collect_the_final_function_body ... ok
2026-10-07T11:03:43.4126240Z test sql_check::collect::tests::nested_value_expressions_returns_and_scope_spawn_keep_each_actual_call ... ok
2026-10-07T11:03:43.4126990Z test sql_check::collect::tests::collection_rejects_excessive_sites_at_the_first_over_limit_call ... ok
2026-10-07T11:03:43.4127730Z test sql_check::collect::tests::same_named_user_function_and_local_function_value_are_not_sql_calls ... ok
2026-10-07T11:03:43.4128420Z test sql_check::engine::tests::columns_aliases_and_sqlite_parameter_numbering ... ok
2026-10-07T11:03:43.4129110Z test sql_check::engine::tests::every_default_expression_uses_the_function_allowlist_even_when_unused ... ok
2026-10-07T11:03:43.4130010Z test sql_check::collect::tests::repeated_row_metadata_is_bounded_before_building_the_worker_request ... ok
2026-10-07T11:03:43.4130820Z test sql_check::engine::tests::external_files_and_extension_paths_are_never_opened_or_modified ... ok
2026-10-07T11:03:43.4131590Z test sql_check::engine::tests::ordinary_tables_indexes_views_and_pure_functions_are_supported ... ok
2026-10-07T11:03:43.4132380Z test sql_check::engine::tests::prepare_authorizer_also_rejects_unsafe_view_functions ... ok
2026-10-07T11:03:43.4143030Z test sql_check::engine::tests::prepare_only_dml_does_not_write_application_rows ... ok
2026-10-07T11:03:43.4144270Z test sql_check::engine::tests::rejects_operation_shape_mismatches ... ok
2026-10-07T11:03:43.4145390Z test sql_check::engine::tests::schema_is_ddl_snapshot_not_migration_or_arbitrary_sql ... ok
2026-10-07T11:03:43.4233590Z test sql_check::engine::tests::sqlite_identifier_defaults_remain_literals_without_hiding_function_terms ... ok
2026-10-07T11:03:43.4261640Z test sql_check::tests::bounded_input_does_not_accept_a_truncated_prefix ... ok
2026-10-07T11:03:43.4903510Z test sql_check::engine::tests::finite_limits_reject_large_and_deep_inputs ... ok
2026-10-07T11:03:43.5315810Z test sql_check::tests::deadline_kills_and_reaps_a_worker_with_blocked_input ... ok
2026-10-07T11:03:43.5417520Z test sql_check::tests::terminating_a_worker_returns_its_reaped_exit_status ... ok
2026-10-07T11:03:43.5518710Z test sql_check::tests::worker_fixture ... ok
2026-10-07T11:03:43.5620020Z test stdlib::resource_contract_tests::descriptor_rejects_arity_parameter_mismatch - should panic ... ok
2026-10-07T11:03:43.5721160Z test stdlib::resource_contract_tests::descriptor_rejects_duplicate_in_one_role - should panic ... ok
2026-10-07T11:03:43.5822120Z test stdlib::resource_contract_tests::descriptor_rejects_missing_role - should panic ... ok
2026-10-07T11:03:43.5923300Z test stdlib::resource_contract_tests::descriptor_rejects_out_of_range_role - should panic ... ok
2026-10-07T11:03:43.6024310Z test stdlib::resource_contract_tests::descriptor_rejects_overlapping_roles - should panic ... ok
2026-10-07T11:03:43.6125380Z test stdlib::resource_contract_tests::descriptor_rejects_roles_on_zero_arity - should panic ... ok
2026-10-07T11:03:43.6228490Z test stdlib::resource_contract_tests::legacy_views_borrow_the_registered_descriptor ... ok
2026-10-07T11:03:43.6330890Z test stdlib::resource_contract_tests::registered_roles_match_the_independent_position_oracle ... ok
2026-10-07T11:03:43.6432350Z test tests::await_only_async ... ok
2026-10-07T11:03:43.6533890Z test tests::bad_string ... ok
2026-10-07T11:03:43.6634670Z test tests::class_field_check ... ok
2026-10-07T11:03:43.6735750Z test tests::class_move ... ok
2026-10-07T11:03:43.6836560Z test tests::console_io_roundtrip ... ok
2026-10-07T11:03:43.6937400Z test tests::copy_value_class ... ok
2026-10-07T11:03:43.7038110Z test tests::cost_not_dynamic_count ... ok
2026-10-07T11:03:43.7139090Z test tests::duplicate_class_fields ... ok
2026-10-07T11:03:43.7240160Z test tests::empty_list_inference ... ok
2026-10-07T11:03:43.7341080Z test tests::error_propagation ... ok
2026-10-07T11:03:43.7442370Z test tests::explicit_copy ... ok
2026-10-07T11:03:43.7543410Z test tests::floating_literals_accept_f32_boundary_and_roundtrip ... ok
2026-10-07T11:03:43.7644900Z test tests::floating_literals_keep_f64_range_and_default_inference ... ok
2026-10-07T11:03:43.7765160Z test tests::floating_literals_reject_f32_overflow_in_high_and_low ... ok
2026-10-07T11:03:43.7865910Z test tests::forgotten_await ... ok
2026-10-07T11:03:43.7966750Z test tests::hello ... ok
2026-10-07T11:03:43.8067490Z test tests::html_route_is_not_encoded_as_json ... ok
2026-10-07T11:03:43.8170110Z test tests::invalid_indent ... ok
2026-10-07T11:03:43.8278330Z test tests::low_standalone ... ok
2026-10-07T11:03:43.8379340Z test tests::mismatched_type ... ok
2026-10-07T11:03:43.8494230Z test tests::missing_return ... ok
2026-10-07T11:03:43.8595140Z test tests::native_numeric ... ok
2026-10-07T11:03:43.8708850Z test tests::nested_view_in_class_rejected ... ok
2026-10-07T11:03:43.8813880Z test tests::no_implicit_conversion ... ok
2026-10-07T11:03:43.8915920Z test tests::nullable ... ok
2026-10-07T11:03:43.9023800Z test tests::number_overflow ... ok
2026-10-07T11:03:43.9177650Z test tests::owned_parameter_cannot_return_view ... ok
2026-10-07T11:03:43.9279960Z test tests::precedence ... ok
2026-10-07T11:03:43.9381360Z test tests::recursive_value ... ok
2026-10-07T11:03:43.9502100Z test tests::replace_bad_signature ... ok
2026-10-07T11:03:43.9611690Z test tests::replace_exact_signature ... ok
2026-10-07T11:03:43.9716700Z test sql_check::tests::encoded_metadata_is_bounded_including_json_escaping ... ok
2026-10-07T11:03:43.9825080Z test tests::resource_contract_goldens::data_derives_golden ... ok
2026-10-07T11:03:43.9932370Z test tests::resource_contract_goldens::actor_data_golden ... ok
2026-10-07T11:03:44.0039970Z test tests::resource_contract_goldens::http_borrow_and_mappers_golden ... ok
2026-10-07T11:03:44.0142150Z test tests::result_must_handle ... ok
2026-10-07T11:03:44.0243400Z test tests::roundtrip_low ... ok
2026-10-07T11:03:44.0344670Z test tests::rust_extern_interface_and_low_roundtrip ... ok
2026-10-07T11:03:44.0468590Z test tests::scope_spawn ... ok
2026-10-07T11:03:44.0570130Z test tests::signed_minimum_literals_are_in_range_in_high_and_low ... ok
2026-10-07T11:03:44.0683170Z test tests::resource_contract_goldens::http_inspection_golden ... ok
2026-10-07T11:03:44.0824380Z test tests::string_move ... ok
2026-10-07T11:03:44.0935230Z test tests::tabs_rejected ... ok
2026-10-07T11:03:44.1036310Z test tests::unknown_class ... ok
2026-10-07T11:03:44.1137460Z test tests::unknown_name ... ok
2026-10-07T11:03:44.1153810Z test tests::unscoped_spawn ... ok
2026-10-07T11:03:44.1154220Z test tests::view_cannot_spawn ... ok
2026-10-07T11:03:44.1154590Z test tests::view_escape ... ok
2026-10-07T11:03:44.1154940Z test tests::view_prevents_move ... ok
2026-10-07T11:03:44.1155290Z test tests::view_prevents_mutation ... ok
2026-10-07T11:03:44.1155660Z test tests::view_return_parameter ... ok
2026-10-07T11:03:44.1156220Z test tests::signed_minimum_literals_compile_and_run_after_lowering ... ok
2026-10-07T11:03:45.1461900Z test check::flow_metadata_tests::return_alias_dependencies_keep_straight_line_snapshots_sparse ... ok
2026-10-07T11:03:45.1470960Z [1m[92m     Running[0m tests/actor_codegen.rs (target/debug/deps/actor_codegen-b29ce9fe3855bc57)
2026-10-07T11:03:45.1471330Z 
2026-10-07T11:03:45.1482760Z test result: ok. 122 passed; 0 failed; 0 ignored; 0 measured; 0 filtered out; finished in 1.77s
2026-10-07T11:03:45.1483710Z 
2026-10-07T11:03:45.1508660Z 
2026-10-07T11:03:45.1513390Z running 2 tests
2026-10-07T11:03:45.4133420Z test actor_charge_generation_survives_low_without_clones_reflection_or_serde_requirements ... ok
2026-10-07T11:03:52.2829580Z test generated_nominal_charges_execute_against_native_capacity_and_walk_limits ... ok
2026-10-07T11:03:52.2831040Z [1m[92m     Running[0m tests/actor_stdlib.rs (target/debug/deps/actor_stdlib-2848d347a48e9b4d)
2026-10-07T11:03:52.2831500Z 
2026-10-07T11:03:52.2831920Z test result: ok. 2 passed; 0 failed; 0 ignored; 0 measured; 0 filtered out; finished in 7.13s
2026-10-07T11:03:52.2832360Z 
2026-10-07T11:03:52.2857620Z 
2026-10-07T11:03:52.2857850Z running 12 tests
2026-10-07T11:03:53.0434770Z test actor_and_http_aliases_keep_distinct_registry_identity_without_fake_classes ... ok
2026-10-07T11:03:53.3925850Z test callback_shapes_and_custom_error_identity_are_checked_before_native_build ... ok
2026-10-07T11:03:53.6544430Z test lifecycle_text_views_follow_their_native_owner_and_cannot_serialize ... ok
2026-10-07T11:03:54.2958190Z test named_task_factory_aliases_require_shared_context_async_unit_and_builtin_error ... ok
2026-10-07T11:03:55.9512790Z test explicit_task_readiness_and_typed_event_deadlines_execute_from_high_and_low ... ok
2026-10-07T11:04:00.3258430Z test messages_replies_and_business_errors_reject_unaccounted_nested_payloads ... ok
2026-10-07T11:04:00.5684530Z test owned_custom_class_replies_and_errors_execute_without_clone_or_serde_bounds ... ok
2026-10-07T11:04:00.7133470Z test saved_low_cannot_invent_actor_types_capabilities_or_standard_implementations ... ok
2026-10-07T11:04:01.0802620Z test spawning_borrowing_native_futures_requires_an_owned_named_wrapper ... ok
2026-10-07T11:04:01.7637440Z test readiness_factory_and_wait_error_contracts_are_checked_before_native_build ... ok
2026-10-07T11:04:01.8040420Z test turn_inline_layout_generics_and_left_to_right_moves_are_not_erased ... ok
2026-10-07T11:04:05.2284450Z test pending_owned_state_business_failure_and_restart_execute_from_high_and_low ... ok
2026-10-07T11:04:05.2286500Z [1m[92m     Running[0m tests/borrow_free_returns.rs (target/debug/deps/borrow_free_returns-6d2eabb43acb471b)
2026-10-07T11:04:05.2286860Z 
2026-10-07T11:04:05.2287220Z test result: ok. 12 passed; 0 failed; 0 ignored; 0 measured; 0 filtered out; finished in 12.94s
2026-10-07T11:04:05.2287560Z 
2026-10-07T11:04:05.2379970Z 
2026-10-07T11:04:05.2380700Z running 5 tests
2026-10-07T11:04:05.2547650Z test adding_local_views_to_absent_values_still_rejects_escape ... ok
2026-10-07T11:04:05.2617870Z test clearing_values_does_not_erase_rust_lifetime_constraints ... ok
2026-10-07T11:04:05.2622620Z test unknown_native_origins_do_not_gain_an_absence_proof ... ok
2026-10-07T11:04:05.4593100Z test direct_absent_returns_remain_legal_after_local_borrows ... ok
2026-10-07T11:04:05.8741800Z test absent_views_in_nullable_empty_lists_and_failures_can_be_returned ... ok
2026-10-07T11:04:05.8742150Z 
2026-10-07T11:04:05.8742600Z test result: ok. 5 passed; 0 failed; 0 ignored; 0 measured; 0 filtered out; finished in 0.64s
2026-10-07T11:04:05.8743040Z 
2026-10-07T11:04:05.8743730Z [1m[92m     Running[0m tests/build_diagnostics.rs (target/debug/deps/build_diagnostics-281105509a81d638)
2026-10-07T11:04:05.8831150Z 
2026-10-07T11:04:05.8832070Z running 30 tests
2026-10-07T11:04:05.9013350Z test child_notes_cannot_relabel_an_unmapped_primary_or_dependency ... ok
2026-10-07T11:04:05.9020120Z test child_notes_keep_module_locations_and_readable_definition_names ... ok
2026-10-07T11:04:05.9043660Z test dependency_synthetic_and_incomplete_diagnostics_fall_back_without_guessing ... ok
2026-10-07T11:04:05.9061620Z test existing_path_aliases_match_only_the_generated_file ... ok
2026-10-07T11:04:06.1689960Z test a_successful_run_stays_quiet_and_passes_through_program_output ... ok
2026-10-07T11:04:06.4387510Z test finite_f32_extremes_compile_and_run_after_lowering ... ok
2026-10-07T11:04:06.5016020Z test cli_maps_adapter_mismatch_without_repeating_generated_rust_by_default ... ok
2026-10-07T11:04:06.6288700Z test high_build_points_to_nagi_and_keeps_rust_notes_and_failure_status ... ok
2026-10-07T11:04:06.8263150Z test imported_high_uses_the_dependency_path_and_local_line ... ok
2026-10-07T11:04:06.9962250Z test imported_low_uses_its_own_file_instead_of_the_entry_file ... ok
2026-10-07T11:04:07.0197920Z test extern_argument_and_sync_async_mismatches_fail_at_the_declaration_in_high_and_low ... ok
2026-10-07T11:04:07.0453830Z test invalid_operators_in_imports_report_nagi_lines_before_rust_or_cargo ... ok
2026-10-07T11:04:07.0653950Z test iterator_mutation_fails_in_check_and_build_before_backend_generation ... ok
2026-10-07T11:04:07.0736010Z test lowering_restores_nested_statement_expression_arm_and_field_lines ... ok
2026-10-07T11:04:07.1455100Z test invalid_entrypoints_are_rejected_before_cargo_with_source_locations ... ok
2026-10-07T11:04:07.1510010Z test native_signature_errors_also_keep_the_native_low_location ... ok
2026-10-07T11:04:07.1712390Z test overflowing_f32_is_rejected_at_the_source_before_backend_build ... ok
2026-10-07T11:04:07.1943050Z test repeated_moves_fail_in_check_and_build_before_invoking_rust ... ok
2026-10-07T11:04:07.2176830Z test repeated_moves_keep_imported_and_replacement_source_locations ... ok
2026-10-07T11:04:07.2216330Z test native_rust_errors_are_not_relabelled_as_nagi ... ok
2026-10-07T11:04:07.3895510Z test replacement_adapter_errors_point_to_the_handwritten_low_file ... ok
2026-10-07T11:04:07.6964060Z test safe_reinitialization_and_return_paths_check_build_and_run ... ok
2026-10-07T11:04:07.9511350Z test imported_async_ffi_send_failure_maps_the_cause_note_in_high_and_saved_low ... ok
2026-10-07T11:04:08.1371310Z test standalone_low_uses_the_original_low_lines ... ok
2026-10-07T11:04:08.2176340Z test run_preserves_json_stdout_with_and_without_a_cost_report_in_high_and_saved_low ... ok
2026-10-07T11:04:08.2177090Z test unix_backslashes_do_not_turn_a_dependency_path_into_the_generated_file ... ok
2026-10-07T11:04:08.2396910Z test try_result_reuse_reports_source_lines_before_invoking_cargo ... ok
2026-10-07T11:04:08.2408780Z test windows_paths_and_canonical_prefixes_match_only_the_generated_target ... ok
2026-10-07T11:04:08.2558070Z test unsupported_class_fields_and_async_reassignments_fail_before_backend_generation ... ok
2026-10-07T11:04:10.5758170Z test source_names_with_spaces_and_dots_build_and_run ... ok
2026-10-07T11:04:10.5758400Z 
2026-10-07T11:04:10.5758790Z test result: ok. 30 passed; 0 failed; 0 ignored; 0 measured; 0 filtered out; finished in 4.69s
2026-10-07T11:04:10.5759120Z 
2026-10-07T11:04:10.5760000Z [1m[92m     Running[0m tests/class_field_types.rs (target/debug/deps/class_field_types-dc1afe9508a090bb)
2026-10-07T11:04:10.5845600Z 
2026-10-07T11:04:10.5846190Z running 5 tests
2026-10-07T11:04:10.6000420Z test nested_data_fields_and_bridge_defined_key_traits_remain_available ... ok
2026-10-07T11:04:10.6045040Z test map_keys_with_missing_equality_or_hashing_fail_before_derivation ... ok
2026-10-07T11:04:10.6053410Z test unsupported_resource_and_function_fields_fail_at_the_field_line ... ok
2026-10-07T11:04:10.6097090Z test owned_database_fields_are_private_state_and_keep_high_low_emission_valid ... ok
2026-10-07T11:04:11.5558560Z test native_database_debug_hides_connection_details_inside_shared_state ... ok
2026-10-07T11:04:11.5560050Z [1m[92m     Running[0m tests/cli.rs (target/debug/deps/cli-b576dfee59d1d88f)
2026-10-07T11:04:11.5560310Z 
2026-10-07T11:04:11.5560690Z test result: ok. 5 passed; 0 failed; 0 ignored; 0 measured; 0 filtered out; finished in 0.97s
2026-10-07T11:04:11.5560990Z 
2026-10-07T11:04:11.5587560Z 
2026-10-07T11:04:11.5593810Z running 7 tests
2026-10-07T11:04:11.5720740Z test an_unusable_cargo_is_not_reported_as_a_missing_rust_installation ... ok
2026-10-07T11:04:11.5824680Z test check_and_lower_put_status_on_stderr_and_keep_cost_report_machine_readable ... ok
2026-10-07T11:04:11.6017880Z test check_needs_no_cargo_and_build_reports_the_missing_tool ... ok
2026-10-07T11:04:11.6078900Z test version_rejects_unexpected_arguments ... ok
2026-10-07T11:04:11.6202260Z test help_works_without_source_or_valid_project ... ok
2026-10-07T11:04:11.6223100Z test version_works_without_project_runtime_or_build_tools ... ok
2026-10-07T11:04:11.6912380Z test cargo_failure_preserves_the_cause_without_blaming_the_nagi_program ... ok
2026-10-07T11:04:11.6918390Z [1m[92m     Running[0m tests/codegen.rs (target/debug/deps/codegen-0d11c6cd395e71ae)
2026-10-07T11:04:11.6918680Z 
2026-10-07T11:04:11.6921770Z test result: ok. 7 passed; 0 failed; 0 ignored; 0 measured; 0 filtered out; finished in 0.13s
2026-10-07T11:04:11.6922230Z 
2026-10-07T11:04:11.6948630Z 
2026-10-07T11:04:11.6949010Z running 16 tests
2026-10-07T11:04:11.6977620Z test a_record_named_fn_does_not_become_a_copy_function_value ... ok
2026-10-07T11:04:11.8761720Z test builtin_option_and_result_constructors_do_not_call_user_functions ... ok
2026-10-07T11:04:11.8763610Z test async_function_values_keep_their_future_return_type ... ok
2026-10-07T11:04:11.9734890Z test explicit_local_async_function_annotations_compile_and_run ... ok
2026-10-07T11:04:12.0990230Z test function_values_preserve_the_shared_view_lifetime ... ok
2026-10-07T11:04:12.1024730Z test for_bindings_can_be_reassigned_without_changing_the_iterator_or_outer_binding ... ok
2026-10-07T11:04:12.1721940Z test local_function_values_shadow_builtins_and_functions ... ok
2026-10-07T11:04:12.2419450Z test nested_views_compile_and_copy_strings_bytes_and_lists ... ok
2026-10-07T11:04:12.3088660Z test output_compiles_for_numbers_booleans_and_borrowed_strings ... ok
2026-10-07T11:04:12.3090200Z test numeric_negation_and_nested_view_comparisons_compile_and_run ... ok
2026-10-07T11:04:12.3996850Z test reassignment_of_the_same_async_function_through_aliases_compiles_and_runs ... ok
2026-10-07T11:04:12.4483130Z test result_match_compiles_and_runs_owned_and_borrowed_payloads ... ok
2026-10-07T11:04:12.4511660Z test returning_a_function_value_does_not_borrow_local_data ... ok
2026-10-07T11:04:12.5603650Z test rust_keywords_and_generated_helper_names_remain_valid_nagi_names ... ok
2026-10-07T11:04:12.5830560Z test user_functions_with_builtin_names_keep_their_call_targets ... ok
2026-10-07T11:04:12.8691260Z test user_and_local_functions_named_serve_compile_without_http_runtime ... ok
2026-10-07T11:04:12.8691680Z 
2026-10-07T11:04:12.8692290Z test result: ok. 16 passed; 0 failed; 0 ignored; 0 measured; 0 filtered out; finished in 1.17s
2026-10-07T11:04:12.8693260Z [1m[92m     Running[0m tests/comparison_ownership.rs (target/debug/deps/comparison_ownership-5bb430f8566fe637)
2026-10-07T11:04:12.8693600Z 
2026-10-07T11:04:12.8720540Z 
2026-10-07T11:04:12.8721460Z running 4 tests
2026-10-07T11:04:12.8773840Z test comparisons_hold_the_left_operand_through_right_operand_evaluation ... ok
2026-10-07T11:04:12.8803950Z test copy_aggregate_comparisons_borrow_fields_and_indexed_containers ... ok
2026-10-07T11:04:12.9113450Z test native_resource_comparisons_do_not_allow_moving_the_borrowed_request ... ok
2026-10-07T11:04:12.9845440Z test completed_copy_operands_disjoint_fields_and_temporary_views_remain_valid ... ok
2026-10-07T11:04:12.9845870Z 
2026-10-07T11:04:12.9846270Z test result: ok. 4 passed; 0 failed; 0 ignored; 0 measured; 0 filtered out; finished in 0.11s
2026-10-07T11:04:12.9846620Z 
2026-10-07T11:04:12.9847290Z [1m[92m     Running[0m tests/enum_emission.rs (target/debug/deps/enum_emission-713e214a8c45d780)
2026-10-07T11:04:12.9872640Z 
2026-10-07T11:04:12.9874280Z running 5 tests
2026-10-07T11:04:12.9907750Z test data_records_keep_serde_while_enum_fields_remain_private ... ok
2026-10-07T11:04:13.1269520Z test custom_main_errors_need_only_debug_and_copy_enums_reuse_values ... ok
2026-10-07T11:04:13.1277320Z test error_cause_records_move_payloads_without_serde_or_clone_requirements ... ok
2026-10-07T11:04:13.1404110Z test module_enum_aliases_preserve_identity_and_escape_variant_fields ... ok
2026-10-07T11:04:13.2466940Z test native_enum_constructors_patterns_and_result_propagation_roundtrip ... ok
2026-10-07T11:04:13.2467400Z 
2026-10-07T11:04:13.2468270Z test result: ok. 5 passed; 0 failed; 0 ignored; 0 measured; 0 filtered out; finished in 0.26s
2026-10-07T11:04:13.2469220Z [1m[92m     Running[0m tests/enum_modules.rs (target/debug/deps/enum_modules-0649c8e14e30d7b1)
2026-10-07T11:04:13.2469620Z 
2026-10-07T11:04:13.2501670Z 
2026-10-07T11:04:13.2502550Z running 9 tests
2026-10-07T11:04:13.2561740Z test builtin_spelled_enum_aliases_keep_intrinsic_types_distinct_in_generated_low ... ok
2026-10-07T11:04:13.2607950Z test different_files_have_distinct_enum_types_even_with_equal_names_and_variants ... ok
2026-10-07T11:04:13.2626680Z test enum_payload_types_use_the_definition_file_scope_and_survive_low ... ok
2026-10-07T11:04:13.2670440Z test enum_aliases_and_guessed_canonical_symbols_do_not_escape_module_scopes ... ok
2026-10-07T11:04:13.2714670Z test local_values_shadow_enum_value_syntax_but_named_constructor_uses_type_scope ... ok
2026-10-07T11:04:13.2734340Z test namespace_from_and_flat_imports_share_enum_identity_in_constructors_and_patterns ... ok
2026-10-07T11:04:13.2760950Z test native_fragments_reuse_high_enum_aliases_and_export_their_own_enum_identity ... ok
2026-10-07T11:04:13.4550100Z test saved_low_enum_variants_navigate_to_the_opened_file ... ok
2026-10-07T11:04:13.6144800Z test enum_symbols_keep_variant_targets_alias_signatures_and_payload_binding_types ... ok
2026-10-07T11:04:13.6247230Z [1m[92m     Running[0m tests/enum_parser.rs (target/debug/deps/enum_parser-fef7f04e6058c461)
2026-10-07T11:04:13.6247940Z 
2026-10-07T11:04:13.6248900Z [1m[92m     Running[0m tests/enum_patterns.rs (target/debug/deps/enum_patterns-c3d845c6efac95c7)
2026-10-07T11:04:13.6321910Z test result: ok. 9 passed; 0 failed; 0 ignored; 0 measured; 0 filtered out; finished in 0.36s
2026-10-07T11:04:13.6350850Z 
2026-10-07T11:04:13.6352310Z 
2026-10-07T11:04:13.6353390Z running 8 tests
2026-10-07T11:04:13.6354490Z test contextual_enum_word_remains_an_identifier_inside_declarations_and_calls ... ok
2026-10-07T11:04:13.6356210Z test enum_constructors_keep_the_existing_expression_forms ... ok
2026-10-07T11:04:13.6357270Z test enum_patterns_keep_qualified_names_and_each_payload_binding_span ... ok
2026-10-07T11:04:13.6367260Z test enums_keep_variant_names_fields_types_and_source_locations ... ok
2026-10-07T11:04:13.6368700Z test invalid_enum_declarations_return_parse_errors ... ok
2026-10-07T11:04:13.6370020Z test enum_payload_types_use_the_existing_nesting_limit ... ok
2026-10-07T11:04:13.6370630Z test result_patterns_preserve_ok_err_and_discard_bindings ... ok
2026-10-07T11:04:13.6371210Z test patterns_reject_wildcards_nested_matches_and_unnamed_variants ... ok
2026-10-07T11:04:13.6371630Z 
2026-10-07T11:04:13.6372070Z test result: ok. 8 passed; 0 failed; 0 ignored; 0 measured; 0 filtered out; finished in 0.00s
2026-10-07T11:04:13.6372570Z 
2026-10-07T11:04:13.6372680Z 
2026-10-07T11:04:13.6372900Z running 1 test
2026-10-07T11:04:13.7342580Z test mutable_enum_patterns_preserve_names_and_compile_without_shorthand_warnings ... ok
2026-10-07T11:04:13.7342970Z 
2026-10-07T11:04:13.7343370Z test result: ok. 1 passed; 0 failed; 0 ignored; 0 measured; 0 filtered out; finished in 0.11s
2026-10-07T11:04:13.7343650Z 
2026-10-07T11:04:13.7344220Z [1m[92m     Running[0m tests/error_routes.rs (target/debug/deps/error_routes-cfe2e47f2d463881)
2026-10-07T11:04:13.7372220Z 
2026-10-07T11:04:13.7372540Z running 2 tests
2026-10-07T11:04:13.7418120Z test existing_data_and_html_http_routes_keep_their_representations ... ok
2026-10-07T11:04:13.7431790Z test private_error_data_is_rejected_at_http_json_boundaries_in_high_and_low ... ok
2026-10-07T11:04:13.7432230Z 
2026-10-07T11:04:13.7432770Z test result: ok. 2 passed; 0 failed; 0 ignored; 0 measured; 0 filtered out; finished in 0.01s
2026-10-07T11:04:13.7433180Z 
2026-10-07T11:04:13.7434050Z [1m[92m     Running[0m tests/expression_contracts.rs (target/debug/deps/expression_contracts-3419232976593e9b)
2026-10-07T11:04:13.7465150Z 
2026-10-07T11:04:13.7466870Z running 2 tests
2026-10-07T11:04:13.8577530Z test inferred_i64_literals_keep_their_type_without_a_rust_type_context ... ok
2026-10-07T11:04:13.8578810Z test literal_suffixes_preserve_contextual_numeric_types_and_negative_boundaries ... ok
2026-10-07T11:04:13.8579820Z [1m[92m     Running[0m tests/frontend_contracts.rs (target/debug/deps/frontend_contracts-f19a24f252a1cc0f)
2026-10-07T11:04:13.8580160Z 
2026-10-07T11:04:13.8581680Z test result: ok. 2 passed; 0 failed; 0 ignored; 0 measured; 0 filtered out; finished in 0.11s
2026-10-07T11:04:13.8582160Z 
2026-10-07T11:04:13.8606620Z 
2026-10-07T11:04:13.8615580Z running 13 tests
2026-10-07T11:04:13.8817930Z test forward_invalid_result_signature_is_a_checker_diagnostic ... ok
2026-10-07T11:04:13.9070880Z test forward_invalid_task_result_signature_is_rejected_at_the_declaration ... ok
2026-10-07T11:04:13.9124290Z test generated_low_preserves_right_grouping_and_prefix_precedence ... ok
2026-10-07T11:04:13.9220300Z test generic_builtins_and_ordinary_record_constructors_still_roundtrip ... ok
2026-10-07T11:04:16.5785050Z test index_lookahead_does_not_accumulate_nesting_across_statements_or_functions ... ok
2026-10-07T11:04:17.8734350Z test lowering_keeps_try_and_await_as_field_and_index_receivers ... ok
2026-10-07T11:04:17.9940800Z test record_constructors_reject_type_arguments_in_high_low_and_symbols ... ok
2026-10-07T11:04:18.0042380Z test source_file_byte_limit_still_applies_to_high_and_handwritten_low ... ok
2026-10-07T11:04:18.0147420Z test speculative_index_recovery_preserves_actual_nesting_limits ... ok
2026-10-07T11:05:13.9111290Z test combined_generated_low_does_not_use_the_source_file_byte_limit has been running for over 60 seconds
2026-10-07T11:05:13.9215690Z test flat_left_associative_expression_roundtrips_without_added_depth has been running for over 60 seconds
2026-10-07T11:05:18.0775380Z test task_results_from_imports_cross_the_internal_low_transport_boundary has been running for over 60 seconds
2026-10-07T11:06:15.7666970Z test combined_generated_low_does_not_use_the_source_file_byte_limit ... ok
2026-10-07T11:06:17.0019290Z test flat_left_associative_expression_roundtrips_without_added_depth ... ok
2026-10-07T11:06:18.8920500Z test task_results_from_imports_cross_the_internal_low_transport_boundary ... ok
2026-10-07T11:07:05.7625680Z test task_results_preserve_flat_arithmetic_and_right_grouping_in_three_sources ... ok
2026-10-07T11:07:05.7631350Z 
2026-10-07T11:07:05.7632830Z test result: ok. 13 passed; 0 failed; 0 ignored; 0 measured; 0 filtered out; finished in 171.90s
2026-10-07T11:07:05.7634390Z 
2026-10-07T11:07:05.7651010Z [1m[92m     Running[0m tests/graph_html.rs (target/debug/deps/graph_html-ba375f0c23ef1d02)
2026-10-07T11:07:05.7793290Z 
2026-10-07T11:07:05.7794230Z running 3 tests
2026-10-07T11:07:05.7817740Z test standalone_viewer_keeps_assets_local_and_uses_safe_dom_text ... ok
2026-10-07T11:07:05.7818830Z test hostile_unicode_graph_data_remains_json_and_cannot_close_the_script ... ok
2026-10-07T11:07:05.7822450Z test only_physical_absolute_sources_receive_encoded_user_action_links ... ok
2026-10-07T11:07:05.7822960Z 
2026-10-07T11:07:05.7824020Z test result: ok. 3 passed; 0 failed; 0 ignored; 0 measured; 0 filtered out; finished in 0.00s
2026-10-07T11:07:05.7824310Z 
2026-10-07T11:07:05.7827020Z [1m[92m     Running[0m tests/graph_relations.rs (target/debug/deps/graph_relations-e58d8d67b321c0d2)
2026-10-07T11:07:05.7962220Z 
2026-10-07T11:07:05.7964900Z running 9 tests
2026-10-07T11:07:05.8509720Z test calls_resolve_named_aliases_without_guessing_local_function_values ... ok
2026-10-07T11:07:05.8611360Z test checked_standard_and_database_operations_are_boundaries_not_routing_or_table_guesses ... ok
2026-10-07T11:07:05.8714110Z test module_imports_are_read_from_loaded_overlay_text ... ok
2026-10-07T11:07:05.8814470Z test native_replacements_keep_the_generated_id_and_low_ffi_locations ... ok
2026-10-07T11:07:05.8915980Z test all_views_use_shortest_unique_physical_suffixes_before_filtering ... ok
2026-10-07T11:07:05.8965160Z [1m[92m     Running[0m tests/graph_render.rs (target/debug/deps/graph_render-ae643041c447474c)
2026-10-07T11:07:05.9000050Z test one_line_low_import_references_do_not_hide_body_uses ... ok
2026-10-07T11:07:05.9076210Z test saved_low_keeps_definition_ids_without_mapping_foreign_modules_to_its_file ... ok
2026-10-07T11:07:05.9185260Z test module_edges_use_exact_identities_and_recover_empty_flat_imports ... ok
2026-10-07T11:07:05.9292860Z test nested_calls_are_visited_but_class_and_enum_constructors_are_not_calls ... ok
2026-10-07T11:07:05.9332940Z [1m[92m     Running[0m tests/graph_types.rs (target/debug/deps/graph_types-bfcc559552479b87)
2026-10-07T11:07:05.9394490Z 
2026-10-07T11:07:05.9495710Z test result: ok. 9 passed; 0 failed; 0 ignored; 0 measured; 0 filtered out; finished in 0.10s
2026-10-07T11:07:05.9514840Z 
2026-10-07T11:07:05.9536740Z 
2026-10-07T11:07:05.9545330Z running 9 tests
2026-10-07T11:07:05.9549380Z test image_arguments_are_validated_before_starting_a_renderer ... ok
2026-10-07T11:07:05.9550850Z test clustered_edges_reference_declared_nodes_without_group_boundary_duplicates ... ok
2026-10-07T11:07:05.9551660Z test diagram_order_is_deterministic_and_empty_graphs_are_readable ... ok
2026-10-07T11:07:05.9552700Z test labels_preserve_unicode_without_becoming_diagram_syntax_or_links ... ok
2026-10-07T11:07:05.9553870Z test mermaid_literal_hashes_backticks_and_directives_cannot_change_the_render_config ... ok
2026-10-07T11:07:05.9561410Z test process_tests::image_child ... ok
2026-10-07T11:07:05.9566140Z 
2026-10-07T11:07:05.9675730Z running 1 test
2026-10-07T11:07:05.9777920Z 
2026-10-07T11:07:05.9898100Z running 1 test
2026-10-07T11:07:06.0013100Z test process_tests::image_child ... test process_tests::image_child ... ok
2026-10-07T11:07:06.0112510Z [1m[92m     Running[0m tests/http_codegen.rs (target/debug/deps/http_codegen-5a4afb429c83ab98)
2026-10-07T11:07:06.0113020Z 
2026-10-07T11:07:06.0214020Z test result: ok. 1 passed; 0 failed; 0 ignored; 0 measured; 8 filtered out; finished in 0.00s
2026-10-07T11:07:06.0315210Z 
2026-10-07T11:07:06.0365940Z test process_tests::missing_renderer_explains_installation_and_d2_source_fallback ... ok
2026-10-07T11:07:06.0391010Z 
2026-10-07T11:07:06.0528770Z running 1 test
2026-10-07T11:07:06.0656150Z test process_tests::image_child ... ok
2026-10-07T11:07:06.0757190Z 
2026-10-07T11:07:06.0887630Z test result: ok. 1 passed; 0 failed; 0 ignored; 0 measured; 8 filtered out; finished in 0.01s
2026-10-07T11:07:06.1008890Z 
2026-10-07T11:07:06.1110870Z test process_tests::failed_renderer_reports_stderr_and_removes_its_source ... ok
2026-10-07T11:07:06.1212220Z ok
2026-10-07T11:07:06.1312910Z 
2026-10-07T11:07:06.1414130Z test result: ok. 1 passed; 0 failed; 0 ignored; 0 measured; 8 filtered out; finished in 0.01s
2026-10-07T11:07:06.1515150Z 
2026-10-07T11:07:06.1616350Z test process_tests::export_passes_arguments_literally_without_a_shell ... ok
2026-10-07T11:07:06.1717210Z 
2026-10-07T11:07:06.1818340Z test result: ok. 9 passed; 0 failed; 0 ignored; 0 measured; 0 filtered out; finished in 0.02s
2026-10-07T11:07:06.1919310Z 
2026-10-07T11:07:06.2020150Z 
2026-10-07T11:07:06.2121330Z running 7 tests
2026-10-07T11:07:06.2222700Z test focused_depth_is_bounded_on_cycles_and_defaults_to_one_hop ... ok
2026-10-07T11:07:06.2324100Z test field_display_limits_do_not_erase_relationships_from_later_fields ... ok
2026-10-07T11:07:06.2425450Z test imported_same_named_types_keep_author_identity_and_original_source_lines ... ok
2026-10-07T11:07:06.2526900Z test ir_deduplicates_and_sorts_without_renderer_syntax_or_losing_isolated_types ... ok
2026-10-07T11:07:06.2630450Z test declarations_preserve_field_variant_wrapper_and_signature_meanings ... ok
2026-10-07T11:07:06.2734260Z test resource_type_arguments_are_dependencies_without_inventing_runtime_instances ... ok
2026-10-07T11:07:06.2835970Z test independent_low_preserves_type_identity_and_reports_its_physical_source ... ok
2026-10-07T11:07:06.2936980Z 
2026-10-07T11:07:06.3038300Z test result: ok. 7 passed; 0 failed; 0 ignored; 0 measured; 0 filtered out; finished in 0.06s
2026-10-07T11:07:06.3139850Z 
2026-10-07T11:07:06.3242770Z 
2026-10-07T11:07:06.3344640Z running 4 tests
2026-10-07T11:07:06.6212550Z test borrow_and_named_mappers_preserve_high_low_codegen ... ok
2026-10-07T11:07:06.6315090Z test literal_view_optimization_does_not_change_a_shadowing_owned_function ... ok
2026-10-07T11:07:06.6414660Z test borrowed_http_inspection_and_async_registration_add_no_owned_adapter_work ... ok
2026-10-07T11:07:09.5520130Z test borrow_and_named_mapper_registration_execute_native_adapters ... ok
2026-10-07T11:07:09.5533040Z [1m[92m     Running[0m tests/http_route_conflicts.rs (target/debug/deps/http_route_conflicts-4529b12682a0ebb7)
2026-10-07T11:07:09.5533490Z 
2026-10-07T11:07:09.5533960Z test result: ok. 4 passed; 0 failed; 0 ignored; 0 measured; 0 filtered out; finished in 3.52s
2026-10-07T11:07:09.5534500Z 
2026-10-07T11:07:09.5668210Z 
2026-10-07T11:07:09.5669280Z running 3 tests
2026-10-07T11:07:09.5780510Z test get_handlers_cannot_replace_builtin_endpoints ... ok
2026-10-07T11:07:09.5807640Z test shared_patterns_distinct_paths_and_literal_braces_remain_available ... ok
2026-10-07T11:07:09.5817100Z test equivalent_capture_paths_are_rejected_even_for_different_methods ... ok
2026-10-07T11:07:09.5819330Z 
2026-10-07T11:07:09.5826050Z test result: ok. 3 passed; 0 failed; 0 ignored; 0 measured; 0 filtered out; finished in 0.02s
2026-10-07T11:07:09.5828150Z 
2026-10-07T11:07:09.5830800Z [1m[92m     Running[0m tests/http_stdlib.rs (target/debug/deps/http_stdlib-69049add15684ddb)
2026-10-07T11:07:09.5969980Z 
2026-10-07T11:07:09.5970840Z running 15 tests
2026-10-07T11:07:09.8945830Z test handlers_require_exact_async_request_shared_state_and_error_contracts ... ok
2026-10-07T11:07:10.4046370Z test borrowed_option_temporaries_allow_arm_local_use_but_cannot_escape ... ok
2026-10-07T11:07:10.5405570Z test header_views_depend_on_request_owner_and_not_the_name_temporary ... ok
2026-10-07T11:07:10.7374650Z test apps_validate_generic_arity_owned_state_and_mapper_error_type ... ok
2026-10-07T11:07:10.9270210Z test json_content_type_requires_a_request_and_has_no_generic_arguments ... ok
2026-10-07T11:07:11.2141570Z test method_name_views_can_return_from_borrowed_request_parameters ... ok
2026-10-07T11:07:11.4514120Z test optional_header_and_query_views_keep_the_request_borrow_through_match ... ok
2026-10-07T11:07:11.8875680Z test native_method_comparisons_borrow_but_assignment_tracks_request_partial_moves ... ok
2026-10-07T11:07:11.8977560Z test ordinary_classes_and_local_shadows_cannot_impersonate_standard_resources ... ok
2026-10-07T11:07:12.0234960Z test saved_low_cannot_change_registry_identity_or_define_resource_implementations ... ok
2026-10-07T11:07:12.3095680Z test standard_aliases_are_registry_resources_and_roundtrip_independently ... ok
2026-10-07T11:07:12.3898890Z test standard_resolution_ignores_cwd_files_and_unsaved_lookalikes ... ok
2026-10-07T11:07:12.6923910Z test resource_construction_serialization_and_shared_field_moves_fail_before_build ... ok
2026-10-07T11:07:13.4529880Z test resource_references_do_not_acquire_legacy_slice_operations ... ok
2026-10-07T11:07:15.4668550Z test status_method_and_db_free_app_execute_from_high_and_saved_low ... ok
2026-10-07T11:07:15.4668900Z 
2026-10-07T11:07:15.4669260Z test result: ok. 15 passed; 0 failed; 0 ignored; 0 measured; 0 filtered out; finished in 5.87s
2026-10-07T11:07:15.4669650Z 
2026-10-07T11:07:15.4671890Z [1m[92m     Running[0m tests/installation.rs (target/debug/deps/installation-98fe6e5fc25b8d20)
2026-10-07T11:07:15.4776440Z 
2026-10-07T11:07:15.4777060Z running 4 tests
2026-10-07T11:07:15.5184310Z test linked_distributions_keep_the_seed_until_the_last_owner_drops ... ok
2026-10-07T11:07:15.5353590Z test wrong_root_explains_the_distribution_folder_before_calling_cargo ... ok
2026-10-07T11:07:15.8482340Z test moved_distribution_builds_an_external_project_with_no_root_override ... ok
2026-10-07T11:07:15.8485150Z test standalone_build_keeps_native_artifacts_in_the_working_directory ... ok
2026-10-07T11:07:15.8486190Z 
2026-10-07T11:07:15.8491230Z test result: ok. 4 passed; 0 failed; 0 ignored; 0 measured; 0 filtered out; finished in 0.37s
2026-10-07T11:07:15.8494280Z [1m[92m     Running[0m tests/list_borrow_iteration.rs (target/debug/deps/list_borrow_iteration-99704e7704f0d58e)
2026-10-07T11:07:15.8495050Z 
2026-10-07T11:07:15.8605300Z 
2026-10-07T11:07:15.8606300Z running 5 tests
2026-10-07T11:07:15.8804620Z test borrowed_elements_and_their_field_views_cannot_escape ... ok
2026-10-07T11:07:15.8813280Z test borrowed_elements_cannot_move_reassign_or_mutate ... ok
2026-10-07T11:07:15.8837090Z test an_active_element_pins_its_owner_and_aliases ... ok
2026-10-07T11:07:16.0798440Z test symbols_distinguish_borrowed_record_locals_and_fields ... ok
2026-10-07T11:07:16.5302860Z test noncopy_iteration_is_native_and_survives_saved_low ... ok
2026-10-07T11:07:16.5303400Z 
2026-10-07T11:07:16.5304020Z test result: ok. 5 passed; 0 failed; 0 ignored; 0 measured; 0 filtered out; finished in 0.67s
2026-10-07T11:07:16.5305400Z [1m[92m     Running[0m tests/list_ownership_inference.rs (target/debug/deps/list_ownership_inference-6f7c309c739314dd)
2026-10-07T11:07:16.5305840Z 
2026-10-07T11:07:16.5409030Z 
2026-10-07T11:07:16.5409690Z running 4 tests
2026-10-07T11:07:16.5477790Z test inferred_lists_still_reject_second_moves_and_mixed_element_types ... ok
2026-10-07T11:07:16.5479800Z test explicit_list_element_types_still_contextualize_the_first_literal ... ok
2026-10-07T11:07:16.5487860Z test inferred_list_first_elements_can_move_owned_inputs_once ... ok
2026-10-07T11:07:16.5492900Z test record_list_iteration_accepts_copy_values_and_readonly_noncopy_borrows ... ok
2026-10-07T11:07:16.5493250Z 
2026-10-07T11:07:16.5493600Z test result: ok. 4 passed; 0 failed; 0 ignored; 0 measured; 0 filtered out; finished in 0.01s
2026-10-07T11:07:16.5493960Z 
2026-10-07T11:07:16.5495240Z [1m[92m     Running[0m tests/literal_contracts.rs (target/debug/deps/literal_contracts-53a4e93f79567e56)
2026-10-07T11:07:16.5582920Z 
2026-10-07T11:07:16.5583370Z running 1 test
2026-10-07T11:07:16.8057820Z test strings_preserve_control_characters_through_high_low_and_rust ... ok
2026-10-07T11:07:16.8058300Z 
2026-10-07T11:07:16.8058730Z test result: ok. 1 passed; 0 failed; 0 ignored; 0 measured; 0 filtered out; finished in 0.25s
2026-10-07T11:07:16.8059150Z 
2026-10-07T11:07:16.8059870Z [1m[92m     Running[0m tests/loop_ownership.rs (target/debug/deps/loop_ownership-dac7fa58f059841c)
2026-10-07T11:07:16.8155810Z 
2026-10-07T11:07:16.8156860Z running 13 tests
2026-10-07T11:07:16.8736100Z test a_for_iterator_expression_is_evaluated_only_once ... ok
2026-10-07T11:07:16.8745870Z test conditional_reinitialization_needs_every_continuing_path ... ok
2026-10-07T11:07:16.8756440Z test fields_and_nested_fields_cannot_be_consumed_on_later_iterations ... ok
2026-10-07T11:07:16.9174210Z test all_continuing_branches_can_restore_a_moved_value ... ok
2026-10-07T11:07:16.9197480Z test branch_joins_preserve_reassignment_and_return_outside_loops ... ok
2026-10-07T11:07:16.9199140Z test locals_copy_values_and_borrowed_arguments_are_available_each_iteration ... ok
2026-10-07T11:07:16.9200490Z test owned_values_cannot_be_consumed_on_later_iterations ... ok
2026-10-07T11:07:16.9604970Z test nested_loops_are_checked_without_carrying_local_declarations ... ok
2026-10-07T11:07:16.9615390Z test standalone_low_rejects_repeated_moves_at_the_original_line ... ok
2026-10-07T11:07:17.0054040Z test while_conditions_are_checked_on_each_evaluation_and_on_exit ... ok
2026-10-07T11:07:17.0056470Z test reinitialization_before_and_after_a_move_is_allowed ... ok
2026-10-07T11:07:17.0503870Z test zero_iterations_and_loop_bindings_preserve_outer_state ... ok
2026-10-07T11:07:17.1410540Z test return_paths_do_not_repeat_or_consume_values_on_other_paths ... ok
2026-10-07T11:07:17.1411610Z 
2026-10-07T11:07:17.1413850Z [1m[92m     Running[0m tests/low_multiline.rs (target/debug/deps/low_multiline-5d4901698cc8335b)
2026-10-07T11:07:17.1414640Z test result: ok. 13 passed; 0 failed; 0 ignored; 0 measured; 0 filtered out; finished in 0.33s
2026-10-07T11:07:17.1416360Z 
2026-10-07T11:07:17.1532400Z 
2026-10-07T11:07:17.1532780Z running 3 tests
2026-10-07T11:07:17.1632320Z test low_braces_keep_newline_statement_boundaries ... ok
2026-10-07T11:07:17.1642900Z test multiline_errors_keep_physical_source_lines ... ok
2026-10-07T11:07:17.3123260Z test multiline_quote_matches_high_and_runs_as_native_low ... ok
2026-10-07T11:07:17.3126150Z [1m[92m     Running[0m tests/map_cli.rs (target/debug/deps/map_cli-117f71322dbace3b)
2026-10-07T11:07:17.3126720Z 
2026-10-07T11:07:17.3141700Z test result: ok. 3 passed; 0 failed; 0 ignored; 0 measured; 0 filtered out; finished in 0.16s
2026-10-07T11:07:17.3142560Z 
2026-10-07T11:07:17.3240020Z 
2026-10-07T11:07:17.3249050Z running 9 tests
2026-10-07T11:07:17.3354900Z test failed_check_points_to_original_source_and_writes_no_map ... ok
2026-10-07T11:07:17.3575690Z test image_formats_require_output_and_fail_helpfully_without_local_d2 ... ok
2026-10-07T11:07:17.3685130Z test map_preparse_keeps_existing_project_overrides_and_output_path_precedence ... ok
2026-10-07T11:07:17.3787190Z test map_output_cannot_overwrite_loaded_input_or_project_configuration ... ok
2026-10-07T11:07:17.3916880Z test help_and_argument_errors_do_not_load_a_project_or_mutate_files ... ok
2026-10-07T11:07:17.3930070Z test project_discovery_reuses_native_replacements_and_extern_resolution ... ok
2026-10-07T11:07:17.4011440Z test namespace_module_filter_and_focus_select_original_definitions ... ok
2026-10-07T11:07:17.4261080Z test map_views_check_high_and_low_without_runtime_or_generated_output ... ok
2026-10-07T11:07:17.4346320Z test text_formats_write_only_requested_output_and_keep_stdout_clean ... ok
2026-10-07T11:07:17.4353100Z [1m[92m     Running[0m tests/module_emission.rs (target/debug/deps/module_emission-01f27ed387c1754f)
2026-10-07T11:07:17.4353550Z 
2026-10-07T11:07:17.4387550Z test result: ok. 9 passed; 0 failed; 0 ignored; 0 measured; 0 filtered out; finished in 0.11s
2026-10-07T11:07:17.4389970Z 
2026-10-07T11:07:17.4479280Z 
2026-10-07T11:07:17.4479970Z running 8 tests
2026-10-07T11:07:17.4709090Z test inferred_primitive_values_and_a_class_alias_keep_distinct_type_identities ... ok
2026-10-07T11:07:17.4813590Z test legacy_flat_cost_report_keeps_public_function_names ... ok
2026-10-07T11:07:17.4840130Z test qualified_nested_types_emit_internal_names_through_low ... ok
2026-10-07T11:07:17.6623960Z test source_function_names_that_match_foreign_symbols_keep_distinct_call_targets ... ok
2026-10-07T11:07:17.6737790Z test independent_low_parser_preserves_module_ids_and_native_function_aliases ... ok
2026-10-07T11:07:17.6839770Z test unresolved_high_imports_keep_as_and_from_syntax_in_low ... ok
2026-10-07T11:07:17.8387700Z test source_locals_that_match_generated_symbols_keep_distinct_values ... ok
2026-10-07T11:07:18.9263630Z test inferred_builtin_types_survive_module_aliases_low_transport_and_rust_emission ... ok
2026-10-07T11:07:18.9264580Z 
2026-10-07T11:07:18.9265310Z test result: ok. 8 passed; 0 failed; 0 ignored; 0 measured; 0 filtered out; finished in 1.48s
2026-10-07T11:07:18.9265830Z 
2026-10-07T11:07:18.9279000Z [1m[92m     Running[0m tests/module_parser.rs (target/debug/deps/module_parser-fa3aa424b0020a4d)
2026-10-07T11:07:18.9583760Z 
2026-10-07T11:07:18.9585760Z running 9 tests
2026-10-07T11:07:18.9602630Z test import_forms_keep_original_names_aliases_and_token_spans ... ok
2026-10-07T11:07:18.9622770Z [1m[92m     Running[0m tests/module_symbols.rs (target/debug/deps/module_symbols-d119488520c893a1)
2026-10-07T11:07:18.9623460Z test low_metadata_is_read_without_changing_source_spans ... ok
2026-10-07T11:07:18.9627230Z test from_and_as_remain_contextual_identifiers ... ok
2026-10-07T11:07:18.9627850Z test module_replace_path_remains_a_structured_attribute_value ... ok
2026-10-07T11:07:18.9628630Z test malformed_imports_and_qualified_constructs_keep_parser_errors ... ok
2026-10-07T11:07:18.9629560Z test qualified_calls_constructors_and_function_values_preserve_semantic_choice ... ok
2026-10-07T11:07:18.9631450Z test qualified_types_parse_inside_nested_generics_lists_and_nullable_types ... ok
2026-10-07T11:07:18.9632220Z test qualified_types_respect_existing_nesting_limit ... ok
2026-10-07T11:07:18.9633210Z test qualified_index_lookahead_restores_depth_and_preserves_index_nodes ... ok
2026-10-07T11:07:18.9633570Z 
2026-10-07T11:07:18.9634130Z test result: ok. 9 passed; 0 failed; 0 ignored; 0 measured; 0 filtered out; finished in 0.00s
2026-10-07T11:07:18.9634470Z 
2026-10-07T11:07:18.9722380Z 
2026-10-07T11:07:18.9723460Z running 5 tests
2026-10-07T11:07:19.2240130Z test local_names_colliding_with_the_entrypoint_keep_source_names_and_navigation ... ok
2026-10-07T11:07:19.2342520Z test module_bindings_export_only_own_definitions_and_share_definition_identity ... ok
2026-10-07T11:07:19.3958060Z test saved_low_namespaces_use_the_opened_file_and_rebased_definition_locations ... ok
2026-10-07T11:07:19.4092190Z test record_and_import_alias_named_option_remain_record_types_in_editor_output ... ok
2026-10-07T11:07:19.4194180Z [1m[92m     Running[0m tests/modules.rs (target/debug/deps/modules-ffd6a3a251330c31)
2026-10-07T11:07:19.4194960Z test unsaved_imported_buffers_drive_fields_and_shadowed_aliases_use_local_bindings ... ok
2026-10-07T11:07:19.4229950Z 
2026-10-07T11:07:19.4255760Z test result: ok. 5 passed; 0 failed; 0 ignored; 0 measured; 0 filtered out; finished in 0.44s
2026-10-07T11:07:19.4256280Z 
2026-10-07T11:07:19.4495330Z 
2026-10-07T11:07:19.4496060Z running 32 tests
2026-10-07T11:07:19.4629340Z test alias_imports_keep_cycle_relative_path_and_language_guards ... ok
2026-10-07T11:07:19.5147990Z test aliases_keep_original_source_diagnostics_and_embedded_asset_paths ... ok
2026-10-07T11:07:19.5316780Z test aliases_of_one_function_cannot_be_replaced_twice_across_native_files ... ok
2026-10-07T11:07:19.5716850Z test corrupted_low_identity_metadata_cannot_rename_or_invent_definitions ... ok
2026-10-07T11:07:19.5818470Z test conflicting_import_bindings_report_the_import_statement ... ok
2026-10-07T11:07:19.5881510Z test aliases_from_imports_and_flat_imports_share_the_canonical_class ... ok
2026-10-07T11:07:19.5949220Z test edited_saved_low_body_resolves_original_aliases_and_maps_only_its_physical_root ... ok
2026-10-07T11:07:19.5976510Z test flat_imported_main_remains_an_entry_but_namespace_imported_main_does_not ... ok
2026-10-07T11:07:19.6012470Z test foreign_functions_keep_their_builtin_scope_when_root_aliases_use_builtin_names ... ok
2026-10-07T11:07:19.6163410Z test high_and_native_modules_can_use_the_same_private_namespace_spelling ... ok
2026-10-07T11:07:19.6195720Z test every_explicit_native_root_gets_high_aliases_without_overwriting_own_or_dependency_scopes ... ok
2026-10-07T11:07:19.6271630Z test imported_bindings_are_private_but_own_definitions_can_use_them ... ok
2026-10-07T11:07:19.6414730Z test imported_names_cannot_silently_fall_back_to_builtins_of_a_different_kind ... ok
2026-10-07T11:07:19.6505580Z test guessed_internal_symbols_cannot_bypass_private_imports_in_raw_source ... ok
2026-10-07T11:07:19.6582210Z test legacy_classes_constructors_and_intrinsic_types_keep_their_original_namespaces ... ok
2026-10-07T11:07:19.6671280Z test legacy_flat_helpers_can_call_root_definitions_without_inheriting_private_aliases ... ok
2026-10-07T11:07:19.6673360Z test local_fields_and_function_values_shadow_imports_only_in_their_scope ... ok
2026-10-07T11:07:19.6843920Z test low_alias_syntax_resolves_qualified_record_and_generic_types ... ok
2026-10-07T11:07:19.6947160Z test native_main_replacement_keeps_the_generated_identity_and_recursive_target ... ok
2026-10-07T11:07:19.6967420Z test native_import_aliases_remain_local_while_own_functions_are_available_to_high ... ok
2026-10-07T11:07:19.7027500Z test omitted_unit_returns_keep_builtin_identity_while_explicit_namespace_types_are_rejected ... ok
2026-10-07T11:07:19.7143530Z test old_flat_imports_keep_transitive_names_and_diamond_deduplication ... ok
2026-10-07T11:07:19.7687540Z test namespace_imports_preserve_depth_file_count_and_total_byte_limits ... ok
2026-10-07T11:07:19.7803420Z test renamed_local_main_diagnostics_keep_source_spelling_after_program_is_taken ... ok
2026-10-07T11:07:19.7908380Z test qualified_replacements_compare_definition_identity_and_report_low_sources ... ok
2026-10-07T11:07:19.7918990Z test same_named_classes_from_different_files_are_distinct_in_all_type_positions ... ok
2026-10-07T11:07:19.8060700Z test saved_generated_low_can_be_imported_without_reidentifying_its_main ... ok
2026-10-07T11:07:19.8468010Z test separate_native_files_can_reuse_a_replacement_declaration_name ... ok
2026-10-07T11:07:19.8570120Z test the_checker_rejects_parser_only_alias_imports_until_the_source_loader_resolves_them ... ok
2026-10-07T11:07:19.8673650Z test unsaved_overlays_change_imported_definitions_and_keep_disk_sources_unchanged ... ok
2026-10-07T11:07:20.8024350Z test saved_low_flat_and_from_imports_promote_the_original_definition_to_entry ... ok
2026-10-07T11:07:21.5622710Z test project_aliases_cross_low_replacement_and_rust_record_bridges_from_an_external_cwd ... ok
2026-10-07T11:07:21.5624290Z 
2026-10-07T11:07:21.5625690Z test result: ok. 32 passed; 0 failed; 0 ignored; 0 measured; 0 filtered out; finished in 2.11s
2026-10-07T11:07:21.5626730Z 
2026-10-07T11:07:21.5657480Z [1m[92m     Running[0m tests/nullable_database.rs (target/debug/deps/nullable_database-8d59b6884f6d0b9a)
2026-10-07T11:07:21.5865050Z 
2026-10-07T11:07:21.5867290Z running 4 tests
2026-10-07T11:07:21.7626230Z test raw_numeric_and_bool_field_shadows_keep_manual_row_implementations ... ok
2026-10-07T11:07:21.8034240Z test unsupported_nullable_payloads_keep_manual_from_row_eligibility ... ok
2026-10-07T11:07:29.9406700Z test raw_nullable_classes_can_supply_a_native_sqlite_row_bridge ... ok
2026-10-07T11:07:34.5116720Z test nullable_scalars_read_sqlite_null_and_non_null_rows_in_high_and_saved_low ... ok
2026-10-07T11:07:34.5117360Z 
2026-10-07T11:07:34.5118630Z test result: ok. 4 passed; 0 failed; 0 ignored; 0 measured; 0 filtered out; finished in 12.93s
2026-10-07T11:07:34.5122050Z 
2026-10-07T11:07:34.5125310Z [1m[92m     Running[0m tests/nullable_roundtrip.rs (target/debug/deps/nullable_roundtrip-a05d4524ca5608d1)
2026-10-07T11:07:34.5220820Z 
2026-10-07T11:07:34.5221130Z running 1 test
2026-10-07T11:07:34.6704320Z test nested_options_keep_distinct_none_and_some_values_through_independent_low ... ok
2026-10-07T11:07:34.6705380Z 
2026-10-07T11:07:34.6706030Z test result: ok. 1 passed; 0 failed; 0 ignored; 0 measured; 0 filtered out; finished in 0.15s
2026-10-07T11:07:34.6706400Z 
2026-10-07T11:07:34.6707670Z [1m[92m     Running[0m tests/option_match.rs (target/debug/deps/option_match-2896b93fea8c113c)
2026-10-07T11:07:34.6808260Z 
2026-10-07T11:07:34.6809350Z running 5 tests
2026-10-07T11:07:34.6880070Z test option_cases_must_be_exhaustive_unique_and_match_the_subject_type ... ok
2026-10-07T11:07:34.6881260Z test option_payload_bindings_obey_move_scope_and_borrow_owner_rules ... ok
2026-10-07T11:07:34.6881980Z test option_matching_accepts_discarded_payloads_and_borrowed_string_contents ... ok
2026-10-07T11:07:34.6883410Z test some_patterns_reject_unsupported_payload_shapes_and_none_parentheses ... ok
2026-10-07T11:07:34.6884100Z test some_and_none_patterns_keep_binding_spans_without_synthetic_none_payload ... ok
2026-10-07T11:07:34.6884480Z 
2026-10-07T11:07:34.6887420Z [1m[92m     Running[0m tests/owned_copy_codegen.rs (target/debug/deps/owned_copy_codegen-6dd7770c1efabc69)
2026-10-07T11:07:34.6888190Z test result: ok. 5 passed; 0 failed; 0 ignored; 0 measured; 0 filtered out; finished in 0.01s
2026-10-07T11:07:34.6888570Z 
2026-10-07T11:07:34.6983150Z 
2026-10-07T11:07:34.6984600Z running 2 tests
2026-10-07T11:07:34.7483200Z test owned_string_and_list_fields_remain_moves ... ok
2026-10-07T11:07:35.4385840Z test owned_scalar_fields_copy_in_native_high_and_independent_low ... ok
2026-10-07T11:07:35.4386420Z 
2026-10-07T11:07:35.4386910Z test result: ok. 2 passed; 0 failed; 0 ignored; 0 measured; 0 filtered out; finished in 0.74s
2026-10-07T11:07:35.4387290Z 
2026-10-07T11:07:35.4389550Z [1m[92m     Running[0m tests/owned_database.rs (target/debug/deps/owned_database-307ac29e09accfc7)
2026-10-07T11:07:35.4481950Z 
2026-10-07T11:07:35.4482510Z running 2 tests
2026-10-07T11:07:35.4813830Z test owned_wrappers_preserve_unsupported_fields_and_manual_row_eligibility ... ok
2026-10-07T11:07:40.0825980Z test owned_scalars_decode_sqlite_rows_in_high_and_independent_saved_low ... ok
2026-10-07T11:07:40.0826800Z 
2026-10-07T11:07:40.0827240Z test result: ok. 2 passed; 0 failed; 0 ignored; 0 measured; 0 filtered out; finished in 4.63s
2026-10-07T11:07:40.0827640Z 
2026-10-07T11:07:40.0828700Z [1m[92m     Running[0m tests/ownership_boundaries.rs (target/debug/deps/ownership_boundaries-5b28e7dd30e409ed)
2026-10-07T11:07:40.0931300Z 
2026-10-07T11:07:40.0931840Z running 7 tests
2026-10-07T11:07:40.1090320Z test branch_loop_and_payload_owners_cannot_escape_in_outer_views ... ok
2026-10-07T11:07:40.1126420Z test nested_view_containers_cannot_keep_child_scope_owners ... ok
2026-10-07T11:07:40.1786990Z test index_evaluation_holds_the_container_but_releases_it_afterwards ... ok
2026-10-07T11:07:40.1787780Z test copied_iterator_elements_keep_their_own_borrow_depth ... ok
2026-10-07T11:07:40.2381080Z test outer_owners_local_copies_restored_aliases_and_return_paths_remain_valid ... ok
2026-10-07T11:07:40.2382140Z test temporary_iterator_views_cannot_escape_but_body_use_and_static_views_remain_valid ... ok
2026-10-07T11:07:40.2683420Z test static_resource_views_remain_valid_across_branch_scopes ... ok
2026-10-07T11:07:40.2683750Z 
2026-10-07T11:07:40.2684300Z test result: ok. 7 passed; 0 failed; 0 ignored; 0 measured; 0 filtered out; finished in 0.18s
2026-10-07T11:07:40.2684690Z 
2026-10-07T11:07:40.2685460Z [1m[92m     Running[0m tests/ownership_calls.rs (target/debug/deps/ownership_calls-02f9c15ce58f635d)
2026-10-07T11:07:40.2777560Z 
2026-10-07T11:07:40.2778400Z running 9 tests
2026-10-07T11:07:40.2933160Z test database_receiver_is_borrowed_but_materialized_sql_does_not_extend_its_loan ... ok
2026-10-07T11:07:40.2971980Z test completed_inner_calls_copies_and_disjoint_owners_do_not_keep_call_loans ... ok
2026-10-07T11:07:40.2973100Z test discarded_owned_places_are_consumed_but_copy_and_borrowed_values_remain_available ... ok
2026-10-07T11:07:40.2973920Z test earlier_view_arguments_block_later_moves_in_direct_and_aliased_calls ... ok
2026-10-07T11:07:40.2974750Z test earlier_list_elements_hold_views_through_later_element_evaluation ... ok
2026-10-07T11:07:40.2975520Z test earlier_views_remain_borrowed_while_nested_later_arguments_are_evaluated ... ok
2026-10-07T11:07:40.2976770Z test list_mutation_checks_outer_loans_without_rejecting_two_phase_reads ... ok
2026-10-07T11:07:40.3051210Z test call_conflicts_and_discarded_moves_fail_before_backend_tools_are_needed ... ok
2026-10-07T11:07:40.4115040Z test implicit_standard_references_hold_the_owner_through_later_arguments ... ok
2026-10-07T11:07:40.4115610Z 
2026-10-07T11:07:40.4116700Z test result: ok. 9 passed; 0 failed; 0 ignored; 0 measured; 0 filtered out; finished in 0.13s
2026-10-07T11:07:40.4118130Z [1m[92m     Running[0m tests/resource_contract_characterization.rs (target/debug/deps/resource_contract_characterization-ba0fd5669c8ca610)
2026-10-07T11:07:40.4118710Z 
2026-10-07T11:07:40.4213710Z 
2026-10-07T11:07:40.4214680Z running 4 tests
2026-10-07T11:07:40.4228040Z test registered_accessors_match_the_complete_inventory ... ok
2026-10-07T11:07:40.4229200Z test registered_operations_match_signatures_and_passing ... ok
2026-10-07T11:07:40.4229810Z test registered_constants_match_the_complete_inventory ... ok
2026-10-07T11:07:40.4230290Z test registered_resources_match_the_independent_inventory ... ok
2026-10-07T11:07:40.4230560Z 
2026-10-07T11:07:40.4234440Z test result: ok. 4 passed; 0 failed; 0 ignored; 0 measured; 0 filtered out; finished in 0.00s
2026-10-07T11:07:40.4234790Z 
2026-10-07T11:07:40.4236970Z [1m[92m     Running[0m tests/result_stdlib.rs (target/debug/deps/result_stdlib-77c669103aff02cc)
2026-10-07T11:07:40.4337820Z 
2026-10-07T11:07:40.4338310Z running 6 tests
2026-10-07T11:07:40.5899100Z test mapping_moves_input_left_to_right_and_preserves_borrow_origins ... ok
2026-10-07T11:07:40.6482340Z test mapper_contract_errors_fail_before_rust_backend_in_high_and_saved_low ... ok
2026-10-07T11:07:40.6841940Z test inferred_mapping_keeps_enum_class_aliases_and_borrowed_success_through_saved_low ... ok
2026-10-07T11:07:40.7267800Z test try_keeps_exact_error_identity_and_map_error_does_not_reserve_local_names ... ok
2026-10-07T11:07:41.2273290Z test native_success_failure_and_original_cause_survive_high_and_saved_low ... ok
2026-10-07T11:07:42.3582560Z test static_error_labels_avoid_read_allocations_but_keep_owned_results_and_shadowing ... ok
2026-10-07T11:07:42.3582960Z 
2026-10-07T11:07:42.3588000Z test result: ok. 6 passed; 0 failed; 0 ignored; 0 measured; 0 filtered out; finished in 1.92s
2026-10-07T11:07:42.3588750Z 
2026-10-07T11:07:42.3595540Z [1m[92m     Running[0m tests/rust_dependencies.rs (target/debug/deps/rust_dependencies-5c2a8d851417e5de)
2026-10-07T11:07:42.3746840Z 
2026-10-07T11:07:42.3747360Z running 8 tests
2026-10-07T11:07:42.4038480Z test dependency_paths_follow_the_selected_manifest_with_different_cwd_and_output ... ok
2026-10-07T11:07:42.4084310Z test cli_version_replaces_the_whole_table_and_keeps_alias_collision_checks ... ok
2026-10-07T11:07:42.4187460Z test generated_toml_round_trips_quotes_backslashes_and_newlines_without_extra_tables ... ok
2026-10-07T11:07:42.4209840Z test generated_manifest_preserves_legacy_versions_and_every_supported_table_field ... ok
2026-10-07T11:07:42.5451420Z test invalid_dependency_tables_fail_in_the_public_cli_before_cargo ... ok
2026-10-07T11:07:42.6226220Z test missing_local_dependency_is_valid_for_check_and_reported_by_cargo_during_build ... ok
2026-10-07T11:07:42.6263510Z test check_and_symbols_accept_dependency_tables_without_cargo_or_checked_out_crates ... ok
2026-10-07T11:07:43.0206930Z test local_package_rename_features_and_disabled_defaults_run_without_registry_dependencies ... ok
2026-10-07T11:07:43.0210020Z 
2026-10-07T11:07:43.0211560Z test result: ok. 8 passed; 0 failed; 0 ignored; 0 measured; 0 filtered out; finished in 0.65s
2026-10-07T11:07:43.0212260Z 
2026-10-07T11:07:43.0218470Z [1m[92m     Running[0m tests/sql_check.rs (target/debug/deps/sql_check-849070f6af51bace)
2026-10-07T11:07:43.0371690Z 
2026-10-07T11:07:43.0373310Z running 13 tests
2026-10-07T11:07:43.1275090Z test enabled::a_user_function_named_db_all_is_not_a_builtin_sql_query ... ok
2026-10-07T11:07:43.1388990Z test enabled::bounded_schema_and_query_inputs_fail_before_sql_preparation ... ok
2026-10-07T11:07:43.2149370Z test enabled::aliases_case_reordering_extra_columns_and_reused_numbered_bind_are_valid ... ok
2026-10-07T11:07:43.2157670Z test enabled::dynamic_sql_and_db_exec_are_reported_as_runtime_checks ... ok
2026-10-07T11:07:43.2210080Z test enabled::explicit_project_schema_path_is_relative_to_invocation_directory ... ok
2026-10-07T11:07:43.2528950Z test enabled::imported_queries_report_the_original_module_file_and_line ... ok
2026-10-07T11:07:43.3021040Z test enabled::literal_insert_update_delete_are_prepared_without_executing_queries ... ok
2026-10-07T11:07:43.5511360Z test enabled::missing_return_columns_and_wrong_bind_count_use_query_source_lines ... ok
2026-10-07T11:07:43.5812450Z test enabled::schema_and_dialect_are_paired_check_only_options ... ok
2026-10-07T11:07:43.6234950Z test enabled::literal_queries_cannot_change_schema_or_access_external_functions ... ok
2026-10-07T11:07:43.6416750Z test enabled::helper_statement_kind_and_single_statement_contracts_are_checked ... ok
2026-10-07T11:07:43.7131340Z test enabled::schema_check_is_opt_in_and_reports_bad_columns_in_high_and_saved_low ... ok
2026-10-07T11:07:44.0352560Z test enabled::unsafe_schema_operations_cannot_create_or_modify_external_files ... ok
2026-10-07T11:07:44.0353100Z 
2026-10-07T11:07:44.0353700Z test result: ok. 13 passed; 0 failed; 0 ignored; 0 measured; 0 filtered out; finished in 1.00s
2026-10-07T11:07:44.0354140Z 
2026-10-07T11:07:44.0358020Z [1m[92m     Running[0m tests/static_callback_views.rs (target/debug/deps/static_callback_views-36734fdedf3c8966)
2026-10-07T11:07:44.0460850Z 
2026-10-07T11:07:44.0461340Z running 3 tests
2026-10-07T11:07:44.0545070Z test input_bound_callback_results_still_borrow_their_actual_inputs ... ok
2026-10-07T11:07:44.0546210Z test static_outputs_do_not_allow_local_or_owned_parameter_borrows ... ok
2026-10-07T11:07:46.0359850Z test static_callbacks_keep_their_origins_and_independent_lifetime_scopes_in_high_and_low ... ok
2026-10-07T11:07:46.0360320Z 
2026-10-07T11:07:46.0371990Z test result: ok. 3 passed; 0 failed; 0 ignored; 0 measured; 0 filtered out; finished in 1.99s
2026-10-07T11:07:46.0374170Z [1m[92m     Running[0m tests/stdlib_imports.rs (target/debug/deps/stdlib_imports-250c0b2b18cc1ab2)
2026-10-07T11:07:46.0374640Z 
2026-10-07T11:07:46.0546190Z 
2026-10-07T11:07:46.0547120Z running 12 tests
2026-10-07T11:07:46.0638030Z test comma_separated_from_imports_preserve_each_name_alias_and_source_span ... ok
2026-10-07T11:07:46.0744660Z test constant_fields_and_function_aliases_resolve_without_ignoring_local_shadowing ... ok
2026-10-07T11:07:46.0864430Z test from_list_reuses_existing_conflict_and_same_definition_rules ... ok
2026-10-07T11:07:46.1017800Z test malformed_standard_imports_do_not_fall_back_to_file_lookup ... ok
2026-10-07T11:07:46.1352770Z test low_metadata_cannot_forge_standard_ids_or_implement_registry_functions ... ok
2026-10-07T11:07:46.1483450Z test parser_distinguishes_standard_names_from_quoted_files_and_keeps_alias_spans ... ok
2026-10-07T11:07:46.1623210Z test low_metadata_rejects_native_paths_capabilities_and_unimported_canonical_names ... ok
2026-10-07T11:07:46.1749200Z test registered_resources_and_functions_are_separate_from_source_definitions ... ok
2026-10-07T11:07:46.3910490Z test multiple_from_aliases_keep_registry_identity_in_independently_loaded_low ... ok
2026-10-07T11:07:46.4011990Z test standard_imports_ignore_local_lookalikes_and_unsaved_overlays ... ok
2026-10-07T11:07:46.4139870Z test saved_low_keeps_registry_identity_without_standard_source_files ... ok
2026-10-07T11:07:46.4605330Z test repeated_standard_imports_do_not_shift_registry_declaration_lines ... ok
2026-10-07T11:07:46.4606550Z 
2026-10-07T11:07:46.4608850Z [1m[92m     Running[0m tests/symbols.rs (target/debug/deps/symbols-e0130102c7732007)
2026-10-07T11:07:46.4610800Z test result: ok. 12 passed; 0 failed; 0 ignored; 0 measured; 0 filtered out; finished in 0.41s
2026-10-07T11:07:46.4611650Z 
2026-10-07T11:07:46.4728830Z 
2026-10-07T11:07:46.4730400Z running 21 tests
2026-10-07T11:07:46.7139720Z test actual_symbols_command_resolves_transitive_imports_and_utf16_columns ... ok
2026-10-07T11:07:46.7242930Z test editor_input_rejects_invalid_schema_alias_duplicates_and_other_commands ... ok
2026-10-07T11:07:46.7344370Z test editor_buffers_update_imported_and_low_signatures_without_writing_files ... ok
2026-10-07T11:07:46.9295130Z test expression_ranges_cover_multiline_receivers_and_do_not_unwrap_results ... ok
2026-10-07T11:07:46.9398990Z test duplicate_let_and_case_bindings_cannot_replace_an_outer_definition ... ok
2026-10-07T11:07:46.9601050Z test failed_iterator_mutation_does_not_leak_a_loan_or_move_into_editor_types ... ok
2026-10-07T11:07:47.1760570Z test imported_and_native_types_use_unsaved_buffers_and_utf16_ranges ... ok
2026-10-07T11:07:47.1964100Z test inferred_locals_parameters_and_loop_bindings_obey_exact_scopes ... ok
2026-10-07T11:07:47.2067650Z test invalid_signatures_do_not_generate_guessed_local_types ... ok
2026-10-07T11:07:47.4354060Z test local_call_and_function_value_navigation_use_the_resolved_binding ... ok
2026-10-07T11:07:47.4782870Z test local_navigation_preserves_binding_identity_across_reassignments_and_scopes ... ok
2026-10-07T11:07:47.6337420Z test low_records_replacements_and_same_line_bindings_keep_their_source_positions ... ok
2026-10-07T11:07:47.6723510Z test match_payloads_and_child_locals_do_not_escape_their_arm ... ok
2026-10-07T11:07:47.8239850Z test moved_values_and_scope_locals_have_no_later_inferred_type ... ok
2026-10-07T11:07:47.8569360Z test native_low_symbols_and_calls_inside_match_keep_original_files ... ok
2026-10-07T11:07:48.0537040Z test navigation_resolves_case_and_scope_bindings_without_leaking_them ... ok
2026-10-07T11:07:48.0840840Z test local_function_value_uses_have_hover_types_without_replacing_global_signatures ... ok
2026-10-07T11:07:48.2124060Z test navigation_is_available_after_moves_and_invalid_types_but_not_before_binding ... ok
2026-10-07T11:07:48.2426050Z test navigation_uses_unsaved_import_and_low_replacement_positions_in_utf16 ... ok
2026-10-07T11:07:48.2727860Z test partial_moves_do_not_infer_invalid_bindings_or_hide_unmoved_fields ... ok
2026-10-07T11:07:48.3919240Z test symbols_work_despite_type_errors_and_distinguish_fields_locals_and_calls ... ok
2026-10-07T11:07:48.4020210Z [1m[92m     Running[0m tests/typed_errors.rs (target/debug/deps/typed_errors-1f57abb909b978d2)
2026-10-07T11:07:48.4020610Z 
2026-10-07T11:07:48.4082120Z test result: ok. 21 passed; 0 failed; 0 ignored; 0 measured; 0 filtered out; finished in 1.92s
2026-10-07T11:07:48.4082650Z 
2026-10-07T11:07:48.4125550Z 
2026-10-07T11:07:48.4136380Z running 15 tests
2026-10-07T11:07:49.0197960Z test builtin_error_causes_survive_wrapping_without_json_or_database_requirements ... ok
2026-10-07T11:07:49.0508090Z test diagnostic_cause_containers_are_rejected_by_json_serialization ... ok
2026-10-07T11:07:49.0509290Z test direct_parser_builtin_enum_names_require_canonical_source_loading ... ok
2026-10-07T11:07:50.0671790Z test async_custom_errors_propagate_the_same_enum_through_await_and_try ... ok
2026-10-07T11:07:50.1492020Z test enum_constructors_reject_unknown_variants_wrong_arity_and_wrong_payload_types ... ok
2026-10-07T11:07:50.2076450Z test enum_matches_require_exhaustive_unique_matching_variants_and_payload_bindings ... ok
2026-10-07T11:07:50.2453570Z test enum_payload_moves_and_borrowed_views_cannot_escape_match_arms ... ok
2026-10-07T11:07:50.8243510Z test class_errors_keep_context_nested_results_same_error_try_and_explicit_conversion ... ok
2026-10-07T11:07:50.8891510Z test fail_and_try_reject_implicit_conversion_between_custom_error_types ... ok
2026-10-07T11:08:01.9625620Z test entry_result_errors_keep_exit_status_through_owned_wrappers_and_async_saved_low ... ok
2026-10-07T11:08:02.6483840Z test enums_construct_match_owned_payloads_and_preserve_copy_variants ... ok
2026-10-07T11:08:02.6855790Z test same_named_module_enums_are_distinct_error_types_for_try_and_patterns ... ok
2026-10-07T11:08:03.1163670Z test file_loaded_builtin_spelled_enums_keep_literal_types_and_variant_identity ... ok
2026-10-07T11:08:03.6733650Z test module_aliases_share_enum_error_identity_and_keep_qualified_variants ... ok
2026-10-07T11:08:05.7878190Z test scope_enum_conversion_requires_the_explicit_rust_bridge_and_keeps_the_owned_cause ... ok
2026-10-07T11:08:05.7878590Z 
2026-10-07T11:08:05.7879080Z test result: ok. 15 passed; 0 failed; 0 ignored; 0 measured; 0 filtered out; finished in 17.38s
2026-10-07T11:08:05.7879650Z 
2026-10-07T11:08:05.7887760Z [1m[92m     Running[0m tests/view_iteration.rs (target/debug/deps/view_iteration-2f0619ba79119c3d)
2026-10-07T11:08:05.7993010Z 
2026-10-07T11:08:05.7994180Z running 3 tests
2026-10-07T11:08:05.8366220Z test string_views_reject_iteration_and_numeric_indexing_in_high_and_low ... ok
2026-10-07T11:08:05.8421470Z test native_resource_views_still_reject_iteration ... ok
2026-10-07T11:08:06.0965640Z test byte_views_use_u8_and_preserve_nested_views_and_owned_element_slices ... ok
2026-10-07T11:08:06.0966070Z 
2026-10-07T11:08:06.0966500Z test result: ok. 3 passed; 0 failed; 0 ignored; 0 measured; 0 filtered out; finished in 0.30s
2026-10-07T11:08:06.0966860Z 
2026-10-07T11:08:06.0967990Z [1m[92m     Running[0m tests/view_parameter_rebinding.rs (target/debug/deps/view_parameter_rebinding-90a52fd738b207bd)
2026-10-07T11:08:06.1084430Z 
2026-10-07T11:08:06.1086800Z running 5 tests
2026-10-07T11:08:06.1283320Z test local_borrows_still_cannot_escape_through_reassigned_parameters ... ok
2026-10-07T11:08:06.1328250Z test rebinding_is_synthetic_and_does_not_change_signatures_or_extern_wrappers ... ok
2026-10-07T11:08:06.6081990Z test local_parameter_updates_compile_and_run_in_high_and_saved_low ... ok
2026-10-07T11:08:06.8105860Z test owning_parameters_keep_their_drop_order_when_a_view_container_is_rebound ... ok
2026-10-07T11:08:07.0216740Z test views_of_owned_record_fields_can_be_used_locally_through_parameters ... ok
2026-10-07T11:08:07.0227160Z 
2026-10-07T11:08:07.0227910Z test result: ok. 5 passed; 0 failed; 0 ignored; 0 measured; 0 filtered out; finished in 0.91s
2026-10-07T11:08:07.0228500Z 
2026-10-07T11:08:07.0630800Z ##[group]Run node --test editors/vscode-nagi/test/*.test.js scripts/test_graph_html_viewport.mjs
2026-10-07T11:08:07.0631680Z [36;1mnode --test editors/vscode-nagi/test/*.test.js scripts/test_graph_html_viewport.mjs[0m
2026-10-07T11:08:07.1141070Z shell: /bin/bash --noprofile --norc -e -o pipefail {0}
2026-10-07T11:08:07.1141550Z env:
2026-10-07T11:08:07.1141930Z   NAGI_FAILURE_DIR: /Users/runner/work/Nagi/Nagi/build/compiler-failures
2026-10-07T11:08:07.1142410Z   CARGO_HOME: /Users/runner/.cargo
2026-10-07T11:08:07.1142760Z   CARGO_INCREMENTAL: 0
2026-10-07T11:08:07.1143000Z   CARGO_TERM_COLOR: always
2026-10-07T11:08:07.1143390Z   pythonLocation: /Users/runner/hostedtoolcache/Python/3.12.10/arm64
2026-10-07T11:08:07.1143950Z   PKG_CONFIG_PATH: /Users/runner/hostedtoolcache/Python/3.12.10/arm64/lib/pkgconfig
2026-10-07T11:08:07.1144470Z   Python_ROOT_DIR: /Users/runner/hostedtoolcache/Python/3.12.10/arm64
2026-10-07T11:08:07.1145110Z   Python2_ROOT_DIR: /Users/runner/hostedtoolcache/Python/3.12.10/arm64
2026-10-07T11:08:07.1145670Z   Python3_ROOT_DIR: /Users/runner/hostedtoolcache/Python/3.12.10/arm64
2026-10-07T11:08:07.1146030Z ##[endgroup]
2026-10-07T11:08:07.4299960Z TAP version 13
2026-10-07T11:08:07.4826050Z # Subtest: Actor and Turn snippets preserve all three registered type parameters
2026-10-07T11:08:07.4830430Z ok 1 - Actor and Turn snippets preserve all three registered type parameters
2026-10-07T11:08:07.4832910Z   ---
2026-10-07T11:08:07.4833270Z   duration_ms: 2.872125
2026-10-07T11:08:07.4834240Z   type: 'test'
2026-10-07T11:08:07.4834630Z   ...
2026-10-07T11:08:07.4837820Z # Subtest: same-name standard options retain their owning namespace and return type
2026-10-07T11:08:07.4839280Z ok 2 - same-name standard options retain their owning namespace and return type
2026-10-07T11:08:07.4839780Z   ---
2026-10-07T11:08:07.4840110Z   duration_ms: 1.060792
2026-10-07T11:08:07.4840420Z   type: 'test'
2026-10-07T11:08:07.4840720Z   ...
2026-10-07T11:08:07.4841320Z # Subtest: both module catalogs complete imports without merging their members
2026-10-07T11:08:07.4841960Z ok 3 - both module catalogs complete imports without merging their members
2026-10-07T11:08:07.4842910Z   ---
2026-10-07T11:08:07.4843340Z   duration_ms: 2.543458
2026-10-07T11:08:07.4843590Z   type: 'test'
2026-10-07T11:08:07.4843890Z   ...
2026-10-07T11:08:07.9463850Z # Subtest: real nagi actor symbols separate modules and preserve three-parameter handles
2026-10-07T11:08:07.9565520Z ok 4 - real nagi actor symbols separate modules and preserve three-parameter handles
2026-10-07T11:08:07.9650880Z   ---
2026-10-07T11:08:07.9714800Z   duration_ms: 461.150791
2026-10-07T11:08:07.9746650Z   type: 'test'
2026-10-07T11:08:07.9779980Z   ...
2026-10-07T11:08:08.3827650Z # Subtest: real low actor symbols separate modules and preserve three-parameter handles
2026-10-07T11:08:08.3842310Z ok 5 - real low actor symbols separate modules and preserve three-parameter handles
2026-10-07T11:08:08.3847300Z   ---
2026-10-07T11:08:08.3849550Z   duration_ms: 442.684459
2026-10-07T11:08:08.3850250Z   type: 'test'
2026-10-07T11:08:08.3854140Z   ...
2026-10-07T11:08:08.5524440Z # Subtest: unsaved actor dependency constants keep their own source without writing or building
2026-10-07T11:08:08.5527110Z ok 6 - unsaved actor dependency constants keep their own source without writing or building
2026-10-07T11:08:08.5527890Z   ---
2026-10-07T11:08:08.5528220Z   duration_ms: 173.496667
2026-10-07T11:08:08.5528680Z   type: 'test'
2026-10-07T11:08:08.5529800Z   ...
2026-10-07T11:08:08.5588650Z # Subtest: nagi borrowed loop locals keep their declared type and bare insertion
2026-10-07T11:08:08.5718940Z ok 7 - nagi borrowed loop locals keep their declared type and bare insertion
2026-10-07T11:08:08.5742270Z   ---
2026-10-07T11:08:08.5742630Z   duration_ms: 3.797291
2026-10-07T11:08:08.5743010Z   type: 'test'
2026-10-07T11:08:08.5743450Z   ...
2026-10-07T11:08:08.5744770Z # Subtest: nagi owned and read-only-only locals retain their existing presentation
2026-10-07T11:08:08.5745450Z ok 8 - nagi owned and read-only-only locals retain their existing presentation
2026-10-07T11:08:08.5745930Z   ---
2026-10-07T11:08:08.5746450Z   duration_ms: 0.400333
2026-10-07T11:08:08.5747220Z   type: 'test'
2026-10-07T11:08:08.5747490Z   ...
2026-10-07T11:08:08.5748110Z # Subtest: nagi borrowed receiver fields preserve the compiler read-only contract
2026-10-07T11:08:08.5748800Z ok 9 - nagi borrowed receiver fields preserve the compiler read-only contract
2026-10-07T11:08:08.5749210Z   ---
2026-10-07T11:08:08.5749480Z   duration_ms: 0.481667
2026-10-07T11:08:08.5749780Z   type: 'test'
2026-10-07T11:08:08.5749980Z   ...
2026-10-07T11:08:08.5750490Z # Subtest: low borrowed loop locals keep their declared type and bare insertion
2026-10-07T11:08:08.5751120Z ok 10 - low borrowed loop locals keep their declared type and bare insertion
2026-10-07T11:08:08.5751470Z   ---
2026-10-07T11:08:08.5751890Z   duration_ms: 0.517958
2026-10-07T11:08:08.5752250Z   type: 'test'
2026-10-07T11:08:08.5752500Z   ...
2026-10-07T11:08:08.5753080Z # Subtest: low owned and read-only-only locals retain their existing presentation
2026-10-07T11:08:08.5753870Z ok 11 - low owned and read-only-only locals retain their existing presentation
2026-10-07T11:08:08.5754280Z   ---
2026-10-07T11:08:08.5754660Z   duration_ms: 0.178166
2026-10-07T11:08:08.5754910Z   type: 'test'
2026-10-07T11:08:08.5758500Z   ...
2026-10-07T11:08:08.5759090Z # Subtest: low borrowed receiver fields preserve the compiler read-only contract
2026-10-07T11:08:08.5760020Z ok 12 - low borrowed receiver fields preserve the compiler read-only contract
2026-10-07T11:08:08.5760860Z   ---
2026-10-07T11:08:08.5761520Z   duration_ms: 0.213125
2026-10-07T11:08:08.5764060Z   type: 'test'
2026-10-07T11:08:08.5766590Z   ...
2026-10-07T11:08:08.5769650Z # Subtest: Windows diagnostics preserve the drive and convert to zero-based line
2026-10-07T11:08:08.5771850Z ok 13 - Windows diagnostics preserve the drive and convert to zero-based line
2026-10-07T11:08:08.5772550Z   ---
2026-10-07T11:08:08.5773410Z   duration_ms: 1.060209
2026-10-07T11:08:08.5774660Z   type: 'test'
2026-10-07T11:08:08.5777950Z   ...
2026-10-07T11:08:08.5779390Z # Subtest: symbol positions use UTF-16 ranges and exclude whitespace and other files
2026-10-07T11:08:08.5780100Z ok 14 - symbol positions use UTF-16 ranges and exclude whitespace and other files
2026-10-07T11:08:08.5780510Z   ---
2026-10-07T11:08:08.5781890Z   duration_ms: 0.697708
2026-10-07T11:08:08.5782210Z   type: 'test'
2026-10-07T11:08:08.5782380Z   ...
2026-10-07T11:08:08.5782880Z # Subtest: Low integration errors and process errors have usable fallback locations
2026-10-07T11:08:08.5783540Z ok 15 - Low integration errors and process errors have usable fallback locations
2026-10-07T11:08:08.5783920Z   ---
2026-10-07T11:08:08.5784110Z   duration_ms: 0.185375
2026-10-07T11:08:08.5784330Z   type: 'test'
2026-10-07T11:08:08.5784500Z   ...
2026-10-07T11:08:08.5784930Z # Subtest: Rust arguments remain separate and long Windows paths normalize
2026-10-07T11:08:08.5785460Z ok 16 - Rust arguments remain separate and long Windows paths normalize
2026-10-07T11:08:08.5785810Z   ---
2026-10-07T11:08:08.5786010Z   duration_ms: 0.1305
2026-10-07T11:08:08.5786250Z   type: 'test'
2026-10-07T11:08:08.5786420Z   ...
2026-10-07T11:08:08.5786820Z # Subtest: diagnostic file identities resolve symlinks and Windows path spelling
2026-10-07T11:08:08.5787400Z ok 17 - diagnostic file identities resolve symlinks and Windows path spelling
2026-10-07T11:08:08.5787800Z   ---
2026-10-07T11:08:08.5788020Z   duration_ms: 1.495167
2026-10-07T11:08:08.5788240Z   type: 'test'
2026-10-07T11:08:08.5788420Z   ...
2026-10-07T11:08:08.5789090Z # Subtest: task matcher accepts Nagi frontend and mapped backend positions only
2026-10-07T11:08:08.5789710Z ok 18 - task matcher accepts Nagi frontend and mapped backend positions only
2026-10-07T11:08:08.5790090Z   ---
2026-10-07T11:08:08.5790280Z   duration_ms: 0.582916
2026-10-07T11:08:08.5790580Z   type: 'test'
2026-10-07T11:08:08.5791440Z   ...
2026-10-07T11:08:08.5791980Z # Subtest: files and native paths are individual arguments with isolated check output
2026-10-07T11:08:08.5792670Z ok 19 - files and native paths are individual arguments with isolated check output
2026-10-07T11:08:08.5793150Z   ---
2026-10-07T11:08:08.5793360Z   duration_ms: 1.074042
2026-10-07T11:08:08.5793600Z   type: 'test'
2026-10-07T11:08:08.5793800Z   ...
2026-10-07T11:08:08.5794230Z # Subtest: configured compiler paths are workspace relative; PATH remains a fallback
2026-10-07T11:08:08.5794900Z ok 20 - configured compiler paths are workspace relative; PATH remains a fallback
2026-10-07T11:08:08.5796530Z   ---
2026-10-07T11:08:08.5796760Z   duration_ms: 0.296292
2026-10-07T11:08:08.5796990Z   type: 'test'
2026-10-07T11:08:08.5797160Z   ...
2026-10-07T11:08:08.5816790Z # Subtest: compiler execution does not interpret shell metacharacters
2026-10-07T11:08:08.5817360Z ok 21 - compiler execution does not interpret shell metacharacters
2026-10-07T11:08:08.5817670Z   ---
2026-10-07T11:08:08.5818720Z   duration_ms: 34.323166
2026-10-07T11:08:08.5818960Z   type: 'test'
2026-10-07T11:08:08.5819120Z   ...
2026-10-07T11:08:08.5819370Z # Subtest: real Nagi checker diagnoses a source error
2026-10-07T11:08:08.5819760Z ok 22 - real Nagi checker diagnoses a source error
2026-10-07T11:08:08.5820020Z   ---
2026-10-07T11:08:08.5820890Z   duration_ms: 6.702458
2026-10-07T11:08:08.5821120Z   type: 'test'
2026-10-07T11:08:08.5821280Z   ...
2026-10-07T11:08:08.5821630Z # Subtest: missing compiler is reported as an execution problem
2026-10-07T11:08:08.5822150Z ok 23 - missing compiler is reported as an execution problem
2026-10-07T11:08:08.5822440Z   ---
2026-10-07T11:08:08.5822610Z   duration_ms: 0.990959
2026-10-07T11:08:08.5822830Z   type: 'test'
2026-10-07T11:08:08.5823020Z   ...
2026-10-07T11:08:08.5823390Z # Subtest: timed out checker is reported as an execution problem
2026-10-07T11:08:08.5823860Z ok 24 - timed out checker is reported as an execution problem
2026-10-07T11:08:08.5824160Z   ---
2026-10-07T11:08:08.5824310Z   duration_ms: 254.15325
2026-10-07T11:08:08.5824500Z   type: 'test'
2026-10-07T11:08:08.5824650Z   ...
2026-10-07T11:08:08.5825060Z # Subtest: nearest manifest wins and project arguments delegate entry selection to nagic
2026-10-07T11:08:08.5825650Z ok 25 - nearest manifest wins and project arguments delegate entry selection to nagic
2026-10-07T11:08:08.5825970Z   ---
2026-10-07T11:08:08.5826140Z   duration_ms: 1.575167
2026-10-07T11:08:08.5826330Z   type: 'test'
2026-10-07T11:08:08.5826480Z   ...
2026-10-07T11:08:08.5826950Z # Subtest: real checker resolves a helper through its manifest entry rather than checking it alone
2026-10-07T11:08:08.5827580Z ok 26 - real checker resolves a helper through its manifest entry rather than checking it alone
2026-10-07T11:08:08.5827930Z   ---
2026-10-07T11:08:08.5828130Z   duration_ms: 11.671625
2026-10-07T11:08:08.5828350Z   type: 'test'
2026-10-07T11:08:08.5828540Z   ...
2026-10-07T11:08:08.5828980Z # Subtest: real symbol query navigates from a helper to its entry-defined function
2026-10-07T11:08:08.5829500Z ok 27 - real symbol query navigates from a helper to its entry-defined function
2026-10-07T11:08:08.5829810Z   ---
2026-10-07T11:08:08.5829960Z   duration_ms: 108.352958
2026-10-07T11:08:08.5830150Z   type: 'test'
2026-10-07T11:08:08.5830290Z   ...
2026-10-07T11:08:08.5830670Z # Subtest: enum completion includes own/imported type namespaces and never bare variants
2026-10-07T11:08:08.5831250Z ok 28 - enum completion includes own/imported type namespaces and never bare variants
2026-10-07T11:08:08.5831550Z   ---
2026-10-07T11:08:08.5831700Z   duration_ms: 5.756167
2026-10-07T11:08:08.5831890Z   type: 'test'
2026-10-07T11:08:08.5832140Z   ...
2026-10-07T11:08:08.5832500Z # Subtest: enum type positions offer enum types and exclude variant values
2026-10-07T11:08:08.5833000Z ok 29 - enum type positions offer enum types and exclude variant values
2026-10-07T11:08:08.5833270Z   ---
2026-10-07T11:08:08.5833680Z   duration_ms: 1.15175
2026-10-07T11:08:08.5834770Z   type: 'test'
2026-10-07T11:08:08.5835250Z   ...
2026-10-07T11:08:08.5836500Z # Subtest: unit/payload variant hover and payload signatures preserve alias-qualified spelling
2026-10-07T11:08:08.5839900Z ok 30 - unit/payload variant hover and payload signatures preserve alias-qualified spelling
2026-10-07T11:08:08.5840290Z   ---
2026-10-07T11:08:08.5840490Z   duration_ms: 1.854083
2026-10-07T11:08:08.5840660Z   type: 'test'
2026-10-07T11:08:08.5840800Z   ...
2026-10-07T11:08:08.5841230Z # Subtest: nested variant declaration references resolve hover and F12 without exporting names
2026-10-07T11:08:08.5841890Z ok 31 - nested variant declaration references resolve hover and F12 without exporting names
2026-10-07T11:08:08.5842630Z   ---
2026-10-07T11:08:08.5842840Z   duration_ms: 1.651833
2026-10-07T11:08:08.5843050Z   type: 'test'
2026-10-07T11:08:08.5843240Z   ...
2026-10-07T11:08:08.5843670Z # Subtest: lexical values that shadow enum/module roots suppress type namespaces
2026-10-07T11:08:08.5844290Z ok 32 - lexical values that shadow enum/module roots suppress type namespaces
2026-10-07T11:08:08.5844700Z   ---
2026-10-07T11:08:08.5844840Z   duration_ms: 2.46725
2026-10-07T11:08:08.5845010Z   type: 'test'
2026-10-07T11:08:08.5845170Z   ...
2026-10-07T11:08:08.5845540Z # Subtest: typed failure help exposes an error value without requiring builtin Error
2026-10-07T11:08:08.5846500Z ok 33 - typed failure help exposes an error value without requiring builtin Error
2026-10-07T11:08:08.5846790Z   ---
2026-10-07T11:08:08.5846940Z   duration_ms: 0.455084
2026-10-07T11:08:08.5847140Z   type: 'test'
2026-10-07T11:08:08.5847270Z   ...
2026-10-07T11:08:08.5847640Z # Subtest: Result patterns have completion hover and argument help only after case
2026-10-07T11:08:08.5848160Z ok 34 - Result patterns have completion hover and argument help only after case
2026-10-07T11:08:08.5848450Z   ---
2026-10-07T11:08:08.5848660Z   duration_ms: 0.678292
2026-10-07T11:08:08.5848840Z   type: 'test'
2026-10-07T11:08:08.5848980Z   ...
2026-10-07T11:08:08.5849360Z # Subtest: real nagi enum symbols preserve aliases, payload help and declaration targets
2026-10-07T11:08:08.5849910Z ok 35 - real nagi enum symbols preserve aliases, payload help and declaration targets
2026-10-07T11:08:08.5850220Z   ---
2026-10-07T11:08:08.5850360Z   duration_ms: 103.541542
2026-10-07T11:08:08.5850530Z   type: 'test'
2026-10-07T11:08:08.5850670Z   ...
2026-10-07T11:08:08.5851080Z # Subtest: real low enum symbols preserve aliases, payload help and declaration targets
2026-10-07T11:08:08.5851670Z ok 36 - real low enum symbols preserve aliases, payload help and declaration targets
2026-10-07T11:08:08.5852020Z   ---
2026-10-07T11:08:08.5852190Z   duration_ms: 103.14125
2026-10-07T11:08:08.5852390Z   type: 'test'
2026-10-07T11:08:08.5852530Z   ...
2026-10-07T11:08:08.5852940Z # Subtest: unsaved enum changes update payloads and F12 without writing source or building
2026-10-07T11:08:08.5853510Z ok 37 - unsaved enum changes update payloads and F12 without writing source or building
2026-10-07T11:08:08.5855130Z   ---
2026-10-07T11:08:08.5855930Z   duration_ms: 110.057708
2026-10-07T11:08:08.5856470Z   type: 'test'
2026-10-07T11:08:08.5856910Z   ...
2026-10-07T11:08:08.5858350Z # Subtest: hover preserves declared async/nullable types and class fields but skips locals, members and comments
2026-10-07T11:08:08.5860050Z ok 38 - hover preserves declared async/nullable types and class fields but skips locals, members and comments
2026-10-07T11:08:08.5860460Z   ---
2026-10-07T11:08:08.5860640Z   duration_ms: 1.7205
2026-10-07T11:08:08.5860810Z   type: 'test'
2026-10-07T11:08:08.5860980Z   ...
2026-10-07T11:08:08.5861480Z # Subtest: completion works on incomplete prefixes and inserts positional calls or named class fields
2026-10-07T11:08:08.5862170Z ok 39 - completion works on incomplete prefixes and inserts positional calls or named class fields
2026-10-07T11:08:08.5862560Z   ---
2026-10-07T11:08:08.5862710Z   duration_ms: 1.01175
2026-10-07T11:08:08.5863270Z   type: 'test'
2026-10-07T11:08:08.5863440Z   ...
2026-10-07T11:08:08.5863840Z # Subtest: type positions offer classes and type constructors rather than value calls
2026-10-07T11:08:08.5864430Z ok 40 - type positions offer classes and type constructors rather than value calls
2026-10-07T11:08:08.5864730Z   ---
2026-10-07T11:08:08.5864880Z   duration_ms: 2.095542
2026-10-07T11:08:08.5865070Z   type: 'test'
2026-10-07T11:08:08.5865220Z   ...
2026-10-07T11:08:08.5865650Z # Subtest: a class named Future completes as its declared type rather than a generic builtin
2026-10-07T11:08:08.5866270Z ok 41 - a class named Future completes as its declared type rather than a generic builtin
2026-10-07T11:08:08.5866630Z   ---
2026-10-07T11:08:08.5866780Z   duration_ms: 0.344666
2026-10-07T11:08:08.5866950Z   type: 'test'
2026-10-07T11:08:08.5867080Z   ...
2026-10-07T11:08:08.5867550Z # Subtest: signature argument tracking ignores nested calls, strings, arrays and generic arguments
2026-10-07T11:08:08.5868230Z ok 42 - signature argument tracking ignores nested calls, strings, arrays and generic arguments
2026-10-07T11:08:08.5868610Z   ---
2026-10-07T11:08:08.5868760Z   duration_ms: 0.885458
2026-10-07T11:08:08.5868910Z   type: 'test'
2026-10-07T11:08:08.5869050Z   ...
2026-10-07T11:08:08.5869440Z # Subtest: local hovers use the exact UTF-16 occurrence and file rather than a shared name
2026-10-07T11:08:08.5870130Z ok 43 - local hovers use the exact UTF-16 occurrence and file rather than a shared name
2026-10-07T11:08:08.5870450Z   ---
2026-10-07T11:08:08.5870590Z   duration_ms: 0.688625
2026-10-07T11:08:08.5870760Z   type: 'test'
2026-10-07T11:08:08.5870890Z   ...
2026-10-07T11:08:08.5871300Z # Subtest: member analysis masks just the edited member and preserves UTF-16 and CRLF positions
2026-10-07T11:08:08.5871910Z ok 44 - member analysis masks just the edited member and preserves UTF-16 and CRLF positions
2026-10-07T11:08:08.5872230Z   ---
2026-10-07T11:08:08.5872370Z   duration_ms: 0.115
2026-10-07T11:08:08.5872530Z   type: 'test'
2026-10-07T11:08:08.5872670Z   ...
2026-10-07T11:08:08.5873130Z # Subtest: field candidates come from the receiver occurrence and never from saved or other-file types
2026-10-07T11:08:08.5873790Z ok 45 - field candidates come from the receiver occurrence and never from saved or other-file types
2026-10-07T11:08:08.5874130Z   ---
2026-10-07T11:08:08.5874270Z   duration_ms: 0.398083
2026-10-07T11:08:08.5874460Z   type: 'test'
2026-10-07T11:08:08.5874610Z   ...
2026-10-07T11:08:08.5874990Z # Subtest: a trailing member binds inside try/await unless the receiver is parenthesized
2026-10-07T11:08:08.5875580Z ok 46 - a trailing member binds inside try/await unless the receiver is parenthesized
2026-10-07T11:08:08.5875900Z   ---
2026-10-07T11:08:08.5876040Z   duration_ms: 0.363917
2026-10-07T11:08:08.5876210Z   type: 'test'
2026-10-07T11:08:08.5876350Z   ...
2026-10-07T11:08:08.5876760Z # Subtest: builtin completion catalog matches compiler arities and required type arguments
2026-10-07T11:08:08.5877360Z ok 47 - builtin completion catalog matches compiler arities and required type arguments
2026-10-07T11:08:08.5877710Z   ---
2026-10-07T11:08:08.5877870Z   duration_ms: 3.938416
2026-10-07T11:08:08.5878060Z   type: 'test'
2026-10-07T11:08:08.5878210Z   ...
2026-10-07T11:08:08.5878600Z # Subtest: builtin help preserves conversion, SQLite, async and callback contracts
2026-10-07T11:08:08.5879170Z ok 48 - builtin help preserves conversion, SQLite, async and callback contracts
2026-10-07T11:08:08.5879500Z   ---
2026-10-07T11:08:08.5879670Z   duration_ms: 0.300125
2026-10-07T11:08:08.5879840Z   type: 'test'
2026-10-07T11:08:08.5880000Z   ...
2026-10-07T11:08:08.5880460Z # Subtest: function and nullable types complete inside all supported generic builtin contexts
2026-10-07T11:08:08.5881120Z ok 49 - function and nullable types complete inside all supported generic builtin contexts
2026-10-07T11:08:08.5881510Z   ---
2026-10-07T11:08:08.5881660Z   duration_ms: 0.386708
2026-10-07T11:08:08.5881850Z   type: 'test'
2026-10-07T11:08:08.5882430Z   ...
2026-10-07T11:08:08.5882900Z # Subtest: completion preserves existing generic arguments and call parentheses
2026-10-07T11:08:08.5883500Z ok 50 - completion preserves existing generic arguments and call parentheses
2026-10-07T11:08:08.5883820Z   ---
2026-10-07T11:08:08.5883960Z   duration_ms: 0.2105
2026-10-07T11:08:08.5884160Z   type: 'test'
2026-10-07T11:08:08.5884320Z   ...
2026-10-07T11:08:08.5884710Z # Subtest: unindented Low fn, record and enum bodies keep their closing braces visible
2026-10-07T11:08:08.5885310Z ok 51 - unindented Low fn, record and enum bodies keep their closing braces visible
2026-10-07T11:08:08.5885650Z   ---
2026-10-07T11:08:08.5885830Z   duration_ms: 1.554209
2026-10-07T11:08:08.5886010Z   type: 'test'
2026-10-07T11:08:08.5886140Z   ...
2026-10-07T11:08:08.5886500Z # Subtest: nested match, case, scope and branch bodies fold at each opening line
2026-10-07T11:08:08.5887010Z ok 52 - nested match, case, scope and branch bodies fold at each opening line
2026-10-07T11:08:08.5887290Z   ---
2026-10-07T11:08:08.5887460Z   duration_ms: 0.26825
2026-10-07T11:08:08.5887630Z   type: 'test'
2026-10-07T11:08:08.5887790Z   ...
2026-10-07T11:08:08.5888160Z # Subtest: multiline fn and async fn draft headers join their body in one fold
2026-10-07T11:08:08.5888680Z ok 53 - multiline fn and async fn draft headers join their body in one fold
2026-10-07T11:08:08.5889490Z   ---
2026-10-07T11:08:08.5889650Z   duration_ms: 0.183708
2026-10-07T11:08:08.5889840Z   type: 'test'
2026-10-07T11:08:08.5890010Z   ...
2026-10-07T11:08:08.5890320Z # Subtest: strings and comments do not create or close folds
2026-10-07T11:08:08.5890700Z ok 54 - strings and comments do not create or close folds
2026-10-07T11:08:08.5890940Z   ---
2026-10-07T11:08:08.5891070Z   duration_ms: 0.124042
2026-10-07T11:08:08.5891230Z   type: 'test'
2026-10-07T11:08:08.5891370Z   ...
2026-10-07T11:08:08.5891710Z # Subtest: crossed, stray and unclosed delimiters cannot invent brace folds
2026-10-07T11:08:08.5892290Z ok 55 - crossed, stray and unclosed delimiters cannot invent brace folds
2026-10-07T11:08:08.5892570Z   ---
2026-10-07T11:08:08.5892700Z   duration_ms: 0.204
2026-10-07T11:08:08.5892860Z   type: 'test'
2026-10-07T11:08:08.5893000Z   ...
2026-10-07T11:08:08.5893390Z # Subtest: matched call and list continuations guard bodies without separate folds
2026-10-07T11:08:08.5893920Z ok 56 - matched call and list continuations guard bodies without separate folds
2026-10-07T11:08:08.5894210Z   ---
2026-10-07T11:08:08.5894360Z   duration_ms: 0.123833
2026-10-07T11:08:08.5894620Z   type: 'test'
2026-10-07T11:08:08.5894880Z   ...
2026-10-07T11:08:08.5895450Z # Subtest: completed declarations and unrelated lines do not donate a header to another body
2026-10-07T11:08:08.5896080Z ok 57 - completed declarations and unrelated lines do not donate a header to another body
2026-10-07T11:08:08.5896480Z   ---
2026-10-07T11:08:08.5896750Z   duration_ms: 1.293209
2026-10-07T11:08:08.5896940Z   type: 'test'
2026-10-07T11:08:08.5897240Z   ...
2026-10-07T11:08:08.5897760Z # Subtest: single-line and empty bodies are omitted and each start line has one fold
2026-10-07T11:08:08.5898410Z ok 58 - single-line and empty bodies are omitted and each start line has one fold
2026-10-07T11:08:08.5898870Z   ---
2026-10-07T11:08:08.5899120Z   duration_ms: 0.142583
2026-10-07T11:08:08.5899440Z   type: 'test'
2026-10-07T11:08:08.5899650Z   ...
2026-10-07T11:08:08.5900140Z # Subtest: inline closing braces fold the final statement while delimiter-only closers stay visible
2026-10-07T11:08:08.5900870Z ok 59 - inline closing braces fold the final statement while delimiter-only closers stay visible
2026-10-07T11:08:08.5901300Z   ---
2026-10-07T11:08:08.5917190Z   duration_ms: 0.357125
2026-10-07T11:08:08.5917380Z   type: 'test'
2026-10-07T11:08:08.5917550Z   ...
2026-10-07T11:08:08.8729710Z # Subtest: High Function snippet defaults compile in their declared context
2026-10-07T11:08:08.8736960Z ok 60 - High Function snippet defaults compile in their declared context
2026-10-07T11:08:08.8738790Z   ---
2026-10-07T11:08:08.8739110Z   duration_ms: 8.597958
2026-10-07T11:08:08.8739380Z   type: 'test'
2026-10-07T11:08:08.8739770Z   ...
2026-10-07T11:08:08.8740310Z # Subtest: High Class snippet defaults compile in their declared context
2026-10-07T11:08:08.8741000Z ok 61 - High Class snippet defaults compile in their declared context
2026-10-07T11:08:08.8741380Z   ---
2026-10-07T11:08:08.8741690Z   duration_ms: 7.069458
2026-10-07T11:08:08.8742050Z   type: 'test'
2026-10-07T11:08:08.8742280Z   ...
2026-10-07T11:08:08.8742690Z # Subtest: High Enum snippet defaults compile in their declared context
2026-10-07T11:08:08.8743730Z ok 62 - High Enum snippet defaults compile in their declared context
2026-10-07T11:08:08.8745200Z   ---
2026-10-07T11:08:08.8745440Z   duration_ms: 6.860458
2026-10-07T11:08:08.8745700Z   type: 'test'
2026-10-07T11:08:08.8745930Z   ...
2026-10-07T11:08:08.8746390Z # Subtest: High Main snippet defaults compile in their declared context
2026-10-07T11:08:08.8747170Z ok 63 - High Main snippet defaults compile in their declared context
2026-10-07T11:08:08.8747530Z   ---
2026-10-07T11:08:08.8747770Z   duration_ms: 5.422375
2026-10-07T11:08:08.8748070Z   type: 'test'
2026-10-07T11:08:08.8748290Z   ...
2026-10-07T11:08:08.8748840Z # Subtest: High Async main snippet defaults compile in their declared context
2026-10-07T11:08:08.8749730Z ok 64 - High Async main snippet defaults compile in their declared context
2026-10-07T11:08:08.8750030Z   ---
2026-10-07T11:08:08.8750300Z   duration_ms: 6.701125
2026-10-07T11:08:08.8750710Z   type: 'test'
2026-10-07T11:08:08.8750900Z   ...
2026-10-07T11:08:08.8751340Z # Subtest: High HTTP server snippet defaults compile in their declared context
2026-10-07T11:08:08.8751900Z ok 65 - High HTTP server snippet defaults compile in their declared context
2026-10-07T11:08:08.8752230Z   ---
2026-10-07T11:08:08.8752380Z   duration_ms: 112.269209
2026-10-07T11:08:08.8752720Z   type: 'test'
2026-10-07T11:08:08.8752970Z   ...
2026-10-07T11:08:08.8753460Z # Subtest: High GET handler snippet defaults compile in their declared context
2026-10-07T11:08:08.8754100Z ok 66 - High GET handler snippet defaults compile in their declared context
2026-10-07T11:08:08.8754540Z   ---
2026-10-07T11:08:08.8754710Z   duration_ms: 9.401875
2026-10-07T11:08:08.8754970Z   type: 'test'
2026-10-07T11:08:08.8755120Z   ...
2026-10-07T11:08:08.8755490Z # Subtest: High POST handler snippet defaults compile in their declared context
2026-10-07T11:08:08.8756050Z ok 67 - High POST handler snippet defaults compile in their declared context
2026-10-07T11:08:08.8756330Z   ---
2026-10-07T11:08:08.8756460Z   duration_ms: 10.5495
2026-10-07T11:08:08.8756650Z   type: 'test'
2026-10-07T11:08:08.8756950Z   ...
2026-10-07T11:08:08.8757350Z # Subtest: High Loop snippet defaults compile in their declared context
2026-10-07T11:08:08.8758130Z ok 68 - High Loop snippet defaults compile in their declared context
2026-10-07T11:08:08.8758410Z   ---
2026-10-07T11:08:08.8758560Z   duration_ms: 13.209375
2026-10-07T11:08:08.8758730Z   type: 'test'
2026-10-07T11:08:08.8758870Z   ...
2026-10-07T11:08:08.8759230Z # Subtest: High Borrowed array snippet defaults compile in their declared context
2026-10-07T11:08:08.8759870Z ok 69 - High Borrowed array snippet defaults compile in their declared context
2026-10-07T11:08:08.8760220Z   ---
2026-10-07T11:08:08.8760400Z   duration_ms: 11.889333
2026-10-07T11:08:08.8760570Z   type: 'test'
2026-10-07T11:08:08.8760730Z   ...
2026-10-07T11:08:08.8761080Z # Subtest: High Result match snippet defaults compile in their declared context
2026-10-07T11:08:08.8761580Z ok 70 - High Result match snippet defaults compile in their declared context
2026-10-07T11:08:08.8761880Z   ---
2026-10-07T11:08:08.8762030Z   duration_ms: 36.854792
2026-10-07T11:08:08.8762200Z   type: 'test'
2026-10-07T11:08:08.8762340Z   ...
2026-10-07T11:08:08.8762930Z # Subtest: High Nullable match snippet defaults compile in their declared context
2026-10-07T11:08:08.8763960Z ok 71 - High Nullable match snippet defaults compile in their declared context
2026-10-07T11:08:08.8764300Z   ---
2026-10-07T11:08:08.8764440Z   duration_ms: 31.200917
2026-10-07T11:08:08.8764640Z   type: 'test'
2026-10-07T11:08:08.8764780Z   ...
2026-10-07T11:08:08.9053060Z # Subtest: real High quoted imports complete class enum and function names without calls
2026-10-07T11:08:08.9325750Z ok 72 - real High quoted imports complete class enum and function names without calls
2026-10-07T11:08:08.9447950Z   ---
2026-10-07T11:08:08.9448200Z   duration_ms: 101.818166
2026-10-07T11:08:08.9625440Z   type: 'test'
2026-10-07T11:08:08.9790900Z   ...
2026-10-07T11:08:08.9904420Z # Subtest: real High quoted imports complete class enum and function names without calls through a directory alias
2026-10-07T11:08:09.0008800Z ok 73 - real High quoted imports complete class enum and function names without calls through a directory alias
2026-10-07T11:08:09.0110340Z   ---
2026-10-07T11:08:09.0211720Z   duration_ms: 141.024
2026-10-07T11:08:09.0315500Z   type: 'test'
2026-10-07T11:08:09.0417400Z   ...
2026-10-07T11:08:09.1116890Z # Subtest: real Low quoted imports complete class enum and function names without calls
2026-10-07T11:08:09.1117800Z ok 74 - real Low quoted imports complete class enum and function names without calls
2026-10-07T11:08:09.1118210Z   ---
2026-10-07T11:08:09.1118450Z   duration_ms: 226.780416
2026-10-07T11:08:09.1119030Z   type: 'test'
2026-10-07T11:08:09.1119260Z   ...
2026-10-07T11:08:09.2862360Z # Subtest: real Low quoted imports complete class enum and function names without calls through a directory alias
2026-10-07T11:08:09.3058900Z ok 75 - real Low quoted imports complete class enum and function names without calls through a directory alias
2026-10-07T11:08:09.3304800Z   ---
2026-10-07T11:08:09.3432630Z   duration_ms: 178.17875
2026-10-07T11:08:09.3638050Z   type: 'test'
2026-10-07T11:08:09.3739160Z   ...
2026-10-07T11:08:09.3862370Z # Subtest: canonical source aliases share one identity per request and refresh after a symlink changes
2026-10-07T11:08:09.3964210Z ok 76 - canonical source aliases share one identity per request and refresh after a symlink changes
2026-10-07T11:08:09.4068800Z   ---
2026-10-07T11:08:09.4175070Z   duration_ms: 10.701333
2026-10-07T11:08:09.4278320Z   type: 'test'
2026-10-07T11:08:09.4380270Z   ...
2026-10-07T11:08:09.4433920Z # Subtest: standard source identities remain logical IDs without filesystem lookups
2026-10-07T11:08:09.4442500Z ok 77 - standard source identities remain logical IDs without filesystem lookups
2026-10-07T11:08:09.4442930Z   ---
2026-10-07T11:08:09.4443180Z   duration_ms: 3.254375
2026-10-07T11:08:09.4443420Z   type: 'test'
2026-10-07T11:08:09.4443610Z   ...
2026-10-07T11:08:09.4444040Z # Subtest: High block headers indent one level, including main, async, match and case
2026-10-07T11:08:09.4444710Z ok 78 - High block headers indent one level, including main, async, match and case
2026-10-07T11:08:09.4445080Z   ---
2026-10-07T11:08:09.4445260Z   duration_ms: 4.116625
2026-10-07T11:08:09.4445500Z   type: 'test'
2026-10-07T11:08:09.4445690Z   ...
2026-10-07T11:08:09.4446090Z # Subtest: else uses the matching if indentation after nested bodies and comments
2026-10-07T11:08:09.4446660Z ok 79 - else uses the matching if indentation after nested bodies and comments
2026-10-07T11:08:09.4447050Z   ---
2026-10-07T11:08:09.4489590Z   duration_ms: 0.48475
2026-10-07T11:08:09.4490330Z   type: 'test'
2026-10-07T11:08:09.4654090Z   ...
2026-10-07T11:08:09.4654720Z # Subtest: first and following cases align under their nearest match
2026-10-07T11:08:09.4655260Z ok 80 - first and following cases align under their nearest match
2026-10-07T11:08:09.4655620Z   ---
2026-10-07T11:08:09.4655860Z   duration_ms: 1.696417
2026-10-07T11:08:09.4656140Z   type: 'test'
2026-10-07T11:08:09.4656480Z   ...
2026-10-07T11:08:09.4658430Z # Subtest: immediate Enter after else/case aligns the branch and its new body together
2026-10-07T11:08:09.4659550Z ok 81 - immediate Enter after else/case aligns the branch and its new body together
2026-10-07T11:08:09.4660560Z   ---
2026-10-07T11:08:09.4660790Z   duration_ms: 0.219209
2026-10-07T11:08:09.4661050Z   type: 'test'
2026-10-07T11:08:09.4661270Z   ...
2026-10-07T11:08:09.4661770Z # Subtest: explicitly dedented outer branches keep their matching outer block
2026-10-07T11:08:09.4663750Z ok 82 - explicitly dedented outer branches keep their matching outer block
2026-10-07T11:08:09.4675440Z   ---
2026-10-07T11:08:09.4676710Z   duration_ms: 0.515584
2026-10-07T11:08:09.4677060Z   type: 'test'
2026-10-07T11:08:09.4678750Z   ...
2026-10-07T11:08:09.4679230Z # Subtest: multiline case headers move together when colon is typed or Enter cancels it
2026-10-07T11:08:09.4680060Z ok 83 - multiline case headers move together when colon is typed or Enter cancels it
2026-10-07T11:08:09.4685030Z   ---
2026-10-07T11:08:09.4685280Z   duration_ms: 0.440833
2026-10-07T11:08:09.4685570Z   type: 'test'
2026-10-07T11:08:09.4693490Z   ...
2026-10-07T11:08:09.4694090Z # Subtest: multiline calls, lists and nested delimiters indent and align closing lines
2026-10-07T11:08:09.4694820Z ok 84 - multiline calls, lists and nested delimiters indent and align closing lines
2026-10-07T11:08:09.4695220Z   ---
2026-10-07T11:08:09.4712670Z   duration_ms: 0.449292
2026-10-07T11:08:09.4749810Z   type: 'test'
2026-10-07T11:08:09.4750530Z   ...
2026-10-07T11:08:09.4755190Z # Subtest: strings, escapes and comments never create fake blocks or brackets
2026-10-07T11:08:09.4756130Z ok 85 - strings, escapes and comments never create fake blocks or brackets
2026-10-07T11:08:09.4756640Z   ---
2026-10-07T11:08:09.4756940Z   duration_ms: 0.397209
2026-10-07T11:08:09.4757540Z   type: 'test'
2026-10-07T11:08:09.4759350Z   ...
2026-10-07T11:08:09.4759870Z # Subtest: an unfinished string on an earlier line does not disable later indentation
2026-10-07T11:08:09.4760540Z ok 86 - an unfinished string on an earlier line does not disable later indentation
2026-10-07T11:08:09.4766370Z   ---
2026-10-07T11:08:09.4769020Z   duration_ms: 1.056708
2026-10-07T11:08:09.4769400Z   type: 'test'
2026-10-07T11:08:09.4769660Z   ...
2026-10-07T11:08:09.4772990Z # Subtest: indentation respects two spaces, tabs, CRLF and Low brace blocks
2026-10-07T11:08:09.4774880Z ok 87 - indentation respects two spaces, tabs, CRLF and Low brace blocks
2026-10-07T11:08:09.4777650Z   ---
2026-10-07T11:08:09.4778880Z   duration_ms: 0.850708
2026-10-07T11:08:09.4780980Z   type: 'test'
2026-10-07T11:08:09.4781250Z   ...
2026-10-07T11:08:09.4782520Z # Subtest: Low native indentation rules ignore braces in comments and escaped strings
2026-10-07T11:08:09.4783760Z ok 88 - Low native indentation rules ignore braces in comments and escaped strings
2026-10-07T11:08:09.4784170Z   ---
2026-10-07T11:08:09.4784410Z   duration_ms: 1.496292
2026-10-07T11:08:09.4784730Z   type: 'test'
2026-10-07T11:08:09.4785350Z   ...
2026-10-07T11:08:10.6234230Z # Subtest: real checker completes arguments, inferred locals, chains, calls, index receivers and match payloads
2026-10-07T11:08:10.6336180Z ok 89 - real checker completes arguments, inferred locals, chains, calls, index receivers and match payloads
2026-10-07T11:08:10.6437760Z   ---
2026-10-07T11:08:10.6550920Z   duration_ms: 1467.415917
2026-10-07T11:08:10.6655010Z   type: 'test'
2026-10-07T11:08:10.6759130Z   ...
2026-10-07T11:08:11.6495980Z # Subtest: real checker suppresses fields for unknown, moved, out-of-scope and wrapped values
2026-10-07T11:08:11.6502410Z ok 90 - real checker suppresses fields for unknown, moved, out-of-scope and wrapped values
2026-10-07T11:08:11.6531260Z   ---
2026-10-07T11:08:11.6535610Z   duration_ms: 993.950375
2026-10-07T11:08:11.6625870Z   type: 'test'
2026-10-07T11:08:11.6631010Z   ...
2026-10-07T11:08:11.8911020Z # Subtest: real unsaved High/Low imports supply local hovers and fields with UTF-16 positions
2026-10-07T11:08:11.9026040Z ok 91 - real unsaved High/Low imports supply local hovers and fields with UTF-16 positions
2026-10-07T11:08:11.9136000Z   ---
2026-10-07T11:08:11.9240060Z   duration_ms: 272.957375
2026-10-07T11:08:11.9344570Z   type: 'test'
2026-10-07T11:08:11.9479230Z   ...
2026-10-07T11:08:12.5262290Z # Subtest: real Low completion isolates same-line scopes, restores outer loop variables and handles CRLF
2026-10-07T11:08:12.5378100Z ok 92 - real Low completion isolates same-line scopes, restores outer loop variables and handles CRLF
2026-10-07T11:08:12.5497080Z   ---
2026-10-07T11:08:12.5643720Z   duration_ms: 626.193583
2026-10-07T11:08:12.5757790Z   type: 'test'
2026-10-07T11:08:12.5758180Z   ...
2026-10-07T11:08:12.5863330Z # Subtest: checked local values replace same-name class and builtin call insertions
2026-10-07T11:08:12.5966990Z ok 93 - checked local values replace same-name class and builtin call insertions
2026-10-07T11:08:12.6074030Z   ---
2026-10-07T11:08:12.6183090Z   duration_ms: 5.625875
2026-10-07T11:08:12.6285000Z   type: 'test'
2026-10-07T11:08:12.6400230Z   ...
2026-10-07T11:08:12.6580450Z # Subtest: lexical references without local types never insert an unrelated global call
2026-10-07T11:08:12.6642240Z ok 94 - lexical references without local types never insert an unrelated global call
2026-10-07T11:08:12.6646720Z   ---
2026-10-07T11:08:12.6676100Z   duration_ms: 0.501666
2026-10-07T11:08:12.6680640Z   type: 'test'
2026-10-07T11:08:12.6710680Z   ...
2026-10-07T11:08:12.6715240Z # Subtest: partial and saved occurrences keep global names without guessing local scopes
2026-10-07T11:08:12.6755420Z ok 95 - partial and saved occurrences keep global names without guessing local scopes
2026-10-07T11:08:12.6801370Z   ---
2026-10-07T11:08:12.6805630Z   duration_ms: 1.66575
2026-10-07T11:08:12.6840950Z   type: 'test'
2026-10-07T11:08:12.6849620Z   ...
2026-10-07T11:08:12.6884210Z # Subtest: a resolved global constructor remains available outside the shadowing function
2026-10-07T11:08:12.6890390Z ok 96 - a resolved global constructor remains available outside the shadowing function
2026-10-07T11:08:12.6907500Z   ---
2026-10-07T11:08:12.6924360Z   duration_ms: 0.497333
2026-10-07T11:08:12.6929220Z   type: 'test'
2026-10-07T11:08:12.6949910Z   ...
2026-10-07T11:08:12.6950750Z # Subtest: binding hints distinguish declaration tokens, masked text, and real value binders
2026-10-07T11:08:12.6951500Z ok 97 - binding hints distinguish declaration tokens, masked text, and real value binders
2026-10-07T11:08:12.6952970Z   ---
2026-10-07T11:08:12.6953430Z   duration_ms: 0.80175
2026-10-07T11:08:12.6954350Z   type: 'test'
2026-10-07T11:08:12.6954710Z   ...
2026-10-07T11:08:12.6955520Z # Subtest: real High local and parameter completions stay bare while types and constructors remain usable
2026-10-07T11:08:12.6956890Z ok 98 - real High local and parameter completions stay bare while types and constructors remain usable
2026-10-07T11:08:12.6958950Z   ---
2026-10-07T11:08:12.6963580Z   duration_ms: 500.799291
2026-10-07T11:08:12.6988790Z   type: 'test'
2026-10-07T11:08:12.6992680Z   ...
2026-10-07T11:08:12.7011400Z # Subtest: real Low local and parameter completions stay bare while types and constructors remain usable
2026-10-07T11:08:12.7012650Z ok 99 - real Low local and parameter completions stay bare while types and constructors remain usable
2026-10-07T11:08:12.7107160Z   ---
2026-10-07T11:08:12.7133610Z   duration_ms: 392.259583
2026-10-07T11:08:12.7137700Z   type: 'test'
2026-10-07T11:08:12.7167000Z   ...
2026-10-07T11:08:12.7171300Z # Subtest: Low Main snippet defaults compile in their declared context
2026-10-07T11:08:12.7196590Z ok 100 - Low Main snippet defaults compile in their declared context
2026-10-07T11:08:12.7200310Z   ---
2026-10-07T11:08:12.7425670Z   duration_ms: 8.672625
2026-10-07T11:08:12.7532420Z   type: 'test'
2026-10-07T11:08:12.7638420Z   ...
2026-10-07T11:08:12.7740150Z # Subtest: Low File import snippet defaults compile in their declared context
2026-10-07T11:08:12.7847700Z ok 101 - Low File import snippet defaults compile in their declared context
2026-10-07T11:08:12.7867070Z   ---
2026-10-07T11:08:12.7871360Z   duration_ms: 11.300333
2026-10-07T11:08:12.7901440Z   type: 'test'
2026-10-07T11:08:12.7906240Z   ...
2026-10-07T11:08:12.8002560Z # Subtest: Low From import snippet defaults compile in their declared context
2026-10-07T11:08:12.8008600Z ok 102 - Low From import snippet defaults compile in their declared context
2026-10-07T11:08:12.8039100Z   ---
2026-10-07T11:08:12.8043440Z   duration_ms: 13.8555
2026-10-07T11:08:12.8138610Z   type: 'test'
2026-10-07T11:08:12.8139070Z   ...
2026-10-07T11:08:12.8139620Z # Subtest: Low Standard import snippet defaults compile in their declared context
2026-10-07T11:08:12.8140340Z ok 103 - Low Standard import snippet defaults compile in their declared context
2026-10-07T11:08:12.8268150Z   ---
2026-10-07T11:08:12.8269840Z   duration_ms: 71.906583
2026-10-07T11:08:12.8270220Z   type: 'test'
2026-10-07T11:08:12.8270520Z   ...
2026-10-07T11:08:12.8271060Z # Subtest: Low Function snippet defaults compile in their declared context
2026-10-07T11:08:12.8271750Z ok 104 - Low Function snippet defaults compile in their declared context
2026-10-07T11:08:12.8272200Z   ---
2026-10-07T11:08:12.8272530Z   duration_ms: 7.187542
2026-10-07T11:08:12.8272880Z   type: 'test'
2026-10-07T11:08:12.8273130Z   ...
2026-10-07T11:08:12.8273700Z # Subtest: Low Record snippet defaults compile in their declared context
2026-10-07T11:08:12.8274340Z ok 105 - Low Record snippet defaults compile in their declared context
2026-10-07T11:08:12.8274750Z   ---
2026-10-07T11:08:12.8275450Z   duration_ms: 7.582291
2026-10-07T11:08:12.8275800Z   type: 'test'
2026-10-07T11:08:12.8276090Z   ...
2026-10-07T11:08:12.8276570Z # Subtest: Low Enum snippet defaults compile in their declared context
2026-10-07T11:08:12.8277200Z ok 106 - Low Enum snippet defaults compile in their declared context
2026-10-07T11:08:12.8277600Z   ---
2026-10-07T11:08:12.8277920Z   duration_ms: 5.903959
2026-10-07T11:08:12.8278260Z   type: 'test'
2026-10-07T11:08:12.8278550Z   ...
2026-10-07T11:08:12.8279040Z # Subtest: Low Replace snippet defaults compile in their declared context
2026-10-07T11:08:12.8279690Z ok 107 - Low Replace snippet defaults compile in their declared context
2026-10-07T11:08:12.8280070Z   ---
2026-10-07T11:08:12.8280310Z   duration_ms: 7.972458
2026-10-07T11:08:12.8280650Z   type: 'test'
2026-10-07T11:08:12.8280940Z   ...
2026-10-07T11:08:12.8281460Z # Subtest: Low Result match snippet defaults compile in their declared context
2026-10-07T11:08:12.8282140Z ok 108 - Low Result match snippet defaults compile in their declared context
2026-10-07T11:08:12.8282610Z   ---
2026-10-07T11:08:12.8282910Z   duration_ms: 6.650375
2026-10-07T11:08:12.8283220Z   type: 'test'
2026-10-07T11:08:12.8307120Z   ...
2026-10-07T11:08:12.8307700Z # Subtest: Low Nullable match snippet defaults compile in their declared context
2026-10-07T11:08:12.8308530Z ok 109 - Low Nullable match snippet defaults compile in their declared context
2026-10-07T11:08:12.8309030Z   ---
2026-10-07T11:08:12.8309400Z   duration_ms: 7.6185
2026-10-07T11:08:12.8309680Z   type: 'test'
2026-10-07T11:08:12.8309930Z   ...
2026-10-07T11:08:12.8310520Z # Subtest: module member completion exposes functions/classes and type positions insert only classes
2026-10-07T11:08:12.8311250Z ok 110 - module member completion exposes functions/classes and type positions insert only classes
2026-10-07T11:08:12.8311670Z   ---
2026-10-07T11:08:12.8311880Z   duration_ms: 4.477625
2026-10-07T11:08:12.8312110Z   type: 'test'
2026-10-07T11:08:12.8312340Z   ...
2026-10-07T11:08:12.8312780Z # Subtest: qualified and renamed declarations retain structured hover/signature help
2026-10-07T11:08:12.8313390Z ok 111 - qualified and renamed declarations retain structured hover/signature help
2026-10-07T11:08:12.8313760Z   ---
2026-10-07T11:08:12.8314280Z   duration_ms: 2.306042
2026-10-07T11:08:12.8314530Z   type: 'test'
2026-10-07T11:08:12.8314740Z   ...
2026-10-07T11:08:12.8315200Z # Subtest: lexical alias shadowing switches completion to fields and prevents module help
2026-10-07T11:08:12.8315850Z ok 112 - lexical alias shadowing switches completion to fields and prevents module help
2026-10-07T11:08:12.8316720Z   ---
2026-10-07T11:08:12.8317030Z   duration_ms: 1.29025
2026-10-07T11:08:12.8317280Z   type: 'test'
2026-10-07T11:08:12.8317480Z   ...
2026-10-07T11:08:12.8317860Z # Subtest: spaced field chains do not borrow a module namespace
2026-10-07T11:08:12.8318390Z ok 113 - spaced field chains do not borrow a module namespace
2026-10-07T11:08:12.8318740Z   ---
2026-10-07T11:08:12.8318960Z   duration_ms: 0.433292
2026-10-07T11:08:12.8319180Z   type: 'test'
2026-10-07T11:08:12.8319390Z   ...
2026-10-07T11:08:12.8319820Z # Subtest: imported class and module binding tokens keep their resolved hover
2026-10-07T11:08:12.8320460Z ok 114 - imported class and module binding tokens keep their resolved hover
2026-10-07T11:08:12.8320810Z   ---
2026-10-07T11:08:12.8321010Z   duration_ms: 0.537875
2026-10-07T11:08:12.8321240Z   type: 'test'
2026-10-07T11:08:12.8321490Z   ...
2026-10-07T11:08:12.8322010Z # Subtest: quoted from imports insert names only and preserve aliases and comma-separated lists
2026-10-07T11:08:12.8322780Z ok 115 - quoted from imports insert names only and preserve aliases and comma-separated lists
2026-10-07T11:08:12.8324410Z   ---
2026-10-07T11:08:12.8324750Z   duration_ms: 1.067083
2026-10-07T11:08:12.8324980Z   type: 'test'
2026-10-07T11:08:12.8325190Z   ...
2026-10-07T11:08:12.8325650Z # Subtest: unresolved and changed fallback import targets never offer expression completions
2026-10-07T11:08:12.8326500Z ok 116 - unresolved and changed fallback import targets never offer expression completions
2026-10-07T11:08:12.8326990Z   ---
2026-10-07T11:08:12.8327190Z   duration_ms: 0.247084
2026-10-07T11:08:12.8327400Z   type: 'test'
2026-10-07T11:08:12.8327600Z   ...
2026-10-07T11:08:12.8328090Z # Subtest: Low quoted imports after a same-line declaration or semicolon retain name-only insertion
2026-10-07T11:08:12.8328790Z ok 117 - Low quoted imports after a same-line declaration or semicolon retain name-only insertion
2026-10-07T11:08:12.8329180Z   ---
2026-10-07T11:08:12.8329380Z   duration_ms: 0.160375
2026-10-07T11:08:12.8329600Z   type: 'test'
2026-10-07T11:08:12.8329800Z   ...
2026-10-07T11:08:12.8330250Z # Subtest: real compiler navigation uses edited source and target positions across imports
2026-10-07T11:08:12.8330890Z ok 118 - real compiler navigation uses edited source and target positions across imports
2026-10-07T11:08:12.8331320Z   ---
2026-10-07T11:08:12.8331530Z   duration_ms: 140.282208
2026-10-07T11:08:12.8331760Z   type: 'test'
2026-10-07T11:08:12.8331950Z   ...
2026-10-07T11:08:12.8332460Z # Subtest: real Low navigation keeps reassignments at their original binding and restores loop shadowing
2026-10-07T11:08:12.8333190Z ok 119 - real Low navigation keeps reassignments at their original binding and restores loop shadowing
2026-10-07T11:08:12.8333600Z   ---
2026-10-07T11:08:12.8333800Z   duration_ms: 120.466125
2026-10-07T11:08:12.8334020Z   type: 'test'
2026-10-07T11:08:12.8334220Z   ...
2026-10-07T11:08:12.8334670Z # Subtest: unsaved canonical import diagnostics use the open alias and UTF-16 source range
2026-10-07T11:08:12.8335310Z ok 120 - unsaved canonical import diagnostics use the open alias and UTF-16 source range
2026-10-07T11:08:12.8335680Z   ---
2026-10-07T11:08:12.8335880Z   duration_ms: 16.178459
2026-10-07T11:08:12.8336100Z   type: 'test'
2026-10-07T11:08:12.8336300Z   ...
2026-10-07T11:08:12.8336970Z # Subtest: closing a checked import overlay refreshes its owners and keeps unrelated errors
2026-10-07T11:08:12.8337620Z ok 121 - closing a checked import overlay refreshes its owners and keeps unrelated errors
2026-10-07T11:08:12.8338000Z   ---
2026-10-07T11:08:12.8338200Z   duration_ms: 4.187834
2026-10-07T11:08:12.8338420Z   type: 'test'
2026-10-07T11:08:12.8338620Z   ...
2026-10-07T11:08:12.8339000Z # Subtest: closing an in-flight import overlay rejects its stale result
2026-10-07T11:08:12.8339510Z ok 122 - closing an in-flight import overlay rejects its stale result
2026-10-07T11:08:12.8339780Z   ---
2026-10-07T11:08:12.8339990Z   duration_ms: 2.363083
2026-10-07T11:08:12.8340380Z   type: 'test'
2026-10-07T11:08:12.8340600Z   ...
2026-10-07T11:08:12.8341020Z # Subtest: lower build and run tasks use the registered source diagnostic matcher
2026-10-07T11:08:12.8351130Z ok 123 - lower build and run tasks use the registered source diagnostic matcher
2026-10-07T11:08:12.8351540Z   ---
2026-10-07T11:08:12.8351750Z   duration_ms: 3.247042
2026-10-07T11:08:12.8351990Z   type: 'test'
2026-10-07T11:08:12.8352200Z   ...
2026-10-07T11:08:12.8352680Z # Subtest: standalone tasks save imported changes and leave unrelated dirty buffers untouched
2026-10-07T11:08:12.8353350Z ok 124 - standalone tasks save imported changes and leave unrelated dirty buffers untouched
2026-10-07T11:08:12.8353740Z   ---
2026-10-07T11:08:12.8353940Z   duration_ms: 6.464916
2026-10-07T11:08:12.8354170Z   type: 'test'
2026-10-07T11:08:12.8354360Z   ...
2026-10-07T11:08:12.8354810Z # Subtest: project tasks save imported changes and leave unrelated dirty buffers untouched
2026-10-07T11:08:12.8355450Z ok 125 - project tasks save imported changes and leave unrelated dirty buffers untouched
2026-10-07T11:08:12.8355820Z   ---
2026-10-07T11:08:12.8356020Z   duration_ms: 29.872875
2026-10-07T11:08:12.8356250Z   type: 'test'
2026-10-07T11:08:12.8356440Z   ...
2026-10-07T11:08:12.8356820Z # Subtest: task execution stops when an imported buffer cannot be saved
2026-10-07T11:08:12.8357340Z ok 126 - task execution stops when an imported buffer cannot be saved
2026-10-07T11:08:12.8357830Z   ---
2026-10-07T11:08:12.8358030Z   duration_ms: 4.047625
2026-10-07T11:08:12.8358250Z   type: 'test'
2026-10-07T11:08:12.8358450Z   ...
2026-10-07T11:08:12.8358820Z # Subtest: task execution stops when dirty imports cannot be resolved
2026-10-07T11:08:12.8359310Z ok 127 - task execution stops when dirty imports cannot be resolved
2026-10-07T11:08:12.8359630Z   ---
2026-10-07T11:08:12.8359900Z   duration_ms: 1.470792
2026-10-07T11:08:12.8360120Z   type: 'test'
2026-10-07T11:08:12.8360320Z   ...
2026-10-07T11:08:12.8360780Z # Subtest: saving an imported file refreshes its changed imports before launching the task
2026-10-07T11:08:12.8361410Z ok 128 - saving an imported file refreshes its changed imports before launching the task
2026-10-07T11:08:12.8361790Z   ---
2026-10-07T11:08:12.8361980Z   duration_ms: 3.753833
2026-10-07T11:08:12.8362200Z   type: 'test'
2026-10-07T11:08:12.8362390Z   ...
2026-10-07T11:08:12.8362760Z # Subtest: conflicting imported aliases are not saved over one another
2026-10-07T11:08:12.8363270Z ok 129 - conflicting imported aliases are not saved over one another
2026-10-07T11:08:12.8363590Z   ---
2026-10-07T11:08:12.8363780Z   duration_ms: 2.5615
2026-10-07T11:08:12.8364000Z   type: 'test'
2026-10-07T11:08:12.8364190Z   ...
2026-10-07T11:08:12.8364730Z # Subtest: standalone source without imports launches normally despite unrelated dirty buffers
2026-10-07T11:08:12.8367440Z ok 130 - standalone source without imports launches normally despite unrelated dirty buffers
2026-10-07T11:08:12.8368580Z   ---
2026-10-07T11:08:12.8369150Z   duration_ms: 2.173792
2026-10-07T11:08:12.8369740Z   type: 'test'
2026-10-07T11:08:12.8370260Z   ...
2026-10-07T11:08:12.8371400Z # Subtest: task execution stops if the entry buffer changes while an import is saved
2026-10-07T11:08:12.8373090Z ok 131 - task execution stops if the entry buffer changes while an import is saved
2026-10-07T11:08:12.8374140Z   ---
2026-10-07T11:08:12.8374700Z   duration_ms: 5.330458
2026-10-07T11:08:12.8375330Z   type: 'test'
2026-10-07T11:08:12.8375910Z   ...
2026-10-07T11:08:12.8377170Z # Subtest: task execution stops if the entry changes while its own project helper is saved
2026-10-07T11:08:12.8378910Z ok 132 - task execution stops if the entry changes while its own project helper is saved
2026-10-07T11:08:12.8379970Z   ---
2026-10-07T11:08:12.8380500Z   duration_ms: 3.687875
2026-10-07T11:08:12.8381090Z   type: 'test'
2026-10-07T11:08:12.8381650Z   ...
2026-10-07T11:08:12.8401150Z # Subtest: task execution stops if its source closes during project saving
2026-10-07T11:08:12.8402790Z ok 133 - task execution stops if its source closes during project saving
2026-10-07T11:08:12.8403180Z   ---
2026-10-07T11:08:12.8403390Z   duration_ms: 3.9125
2026-10-07T11:08:12.8403620Z   type: 'test'
2026-10-07T11:08:12.8403820Z   ...
2026-10-07T11:08:12.8404250Z # Subtest: task execution stops if a later project save changes the dirty manifest
2026-10-07T11:08:12.8404850Z ok 134 - task execution stops if a later project save changes the dirty manifest
2026-10-07T11:08:12.8405200Z   ---
2026-10-07T11:08:12.8405400Z   duration_ms: 3.940166
2026-10-07T11:08:12.8405630Z   type: 'test'
2026-10-07T11:08:12.8405820Z   ...
2026-10-07T11:08:12.8406270Z # Subtest: task execution stops if a later project save changes the already-saved manifest
2026-10-07T11:08:12.8407580Z ok 135 - task execution stops if a later project save changes the already-saved manifest
2026-10-07T11:08:12.8407960Z   ---
2026-10-07T11:08:12.8408170Z   duration_ms: 24.769375
2026-10-07T11:08:12.8408390Z   type: 'test'
2026-10-07T11:08:12.8408600Z   ...
2026-10-07T11:08:12.8409080Z # Subtest: task execution stops if an already-saved Rust input changes during a later project save
2026-10-07T11:08:12.8409760Z ok 136 - task execution stops if an already-saved Rust input changes during a later project save
2026-10-07T11:08:12.8410170Z   ---
2026-10-07T11:08:12.8410420Z   duration_ms: 8.928667
2026-10-07T11:08:12.8411260Z   type: 'test'
2026-10-07T11:08:12.8411470Z   ...
2026-10-07T11:08:12.8411880Z # Subtest: task execution stops if workspace trust changes during project saving
2026-10-07T11:08:12.8412450Z ok 137 - task execution stops if workspace trust changes during project saving
2026-10-07T11:08:12.8412800Z   ---
2026-10-07T11:08:12.8412990Z   duration_ms: 3.008709
2026-10-07T11:08:12.8413210Z   type: 'test'
2026-10-07T11:08:12.8413410Z   ...
2026-10-07T11:08:12.8413840Z # Subtest: task execution stops if the nearest project changes while an import is saved
2026-10-07T11:08:12.8414450Z ok 138 - task execution stops if the nearest project changes while an import is saved
2026-10-07T11:08:12.8414810Z   ---
2026-10-07T11:08:12.8415010Z   duration_ms: 2.77775
2026-10-07T11:08:12.8415230Z   type: 'test'
2026-10-07T11:08:12.8415430Z   ...
2026-10-07T11:08:12.8415900Z # Subtest: tasks suppress only the matching automatic scope and checks resume when the task ends
2026-10-07T11:08:12.8416580Z ok 139 - tasks suppress only the matching automatic scope and checks resume when the task ends
2026-10-07T11:08:12.8416970Z   ---
2026-10-07T11:08:12.8417170Z   duration_ms: 7.439167
2026-10-07T11:08:12.8417390Z   type: 'test'
2026-10-07T11:08:12.8417590Z   ...
2026-10-07T11:08:12.8417930Z # Subtest: task launch failure releases live check suppression
2026-10-07T11:08:12.8418390Z ok 140 - task launch failure releases live check suppression
2026-10-07T11:08:12.8418700Z   ---
2026-10-07T11:08:12.8418890Z   duration_ms: 4.147542
2026-10-07T11:08:12.8419110Z   type: 'test'
2026-10-07T11:08:12.8419330Z   ...
2026-10-07T11:08:12.8419760Z # Subtest: project task clears checks from its helper while preserving another project
2026-10-07T11:08:12.8420380Z ok 141 - project task clears checks from its helper while preserving another project
2026-10-07T11:08:12.8420740Z   ---
2026-10-07T11:08:12.8420930Z   duration_ms: 4.214333
2026-10-07T11:08:12.8421150Z   type: 'test'
2026-10-07T11:08:12.8421340Z   ...
2026-10-07T11:08:12.8421780Z # Subtest: a long task permits checks of new source without reacting to other project edits
2026-10-07T11:08:12.8422420Z ok 142 - a long task permits checks of new source without reacting to other project edits
2026-10-07T11:08:12.8422790Z   ---
2026-10-07T11:08:12.8422980Z   duration_ms: 4.974833
2026-10-07T11:08:12.8423200Z   type: 'test'
2026-10-07T11:08:12.8423390Z   ...
2026-10-07T11:08:12.8423820Z # Subtest: failed task diagnostics are replaced by checks and removed by source edits
2026-10-07T11:08:12.8424420Z ok 143 - failed task diagnostics are replaced by checks and removed by source edits
2026-10-07T11:08:12.8424780Z   ---
2026-10-07T11:08:12.8425150Z   duration_ms: 4.309209
2026-10-07T11:08:12.8425380Z   type: 'test'
2026-10-07T11:08:12.8425580Z   ...
2026-10-07T11:08:12.8425980Z # Subtest: manual checks inspect dirty imports outside the running task project
2026-10-07T11:08:12.8426550Z ok 144 - manual checks inspect dirty imports outside the running task project
2026-10-07T11:08:12.8426890Z   ---
2026-10-07T11:08:12.8427090Z   duration_ms: 5.00125
2026-10-07T11:08:12.8427310Z   type: 'test'
2026-10-07T11:08:12.8427500Z   ...
2026-10-07T11:08:12.8427940Z # Subtest: editing and closing imported aliases remove only their canonical task markers
2026-10-07T11:08:12.8428560Z ok 145 - editing and closing imported aliases remove only their canonical task markers
2026-10-07T11:08:12.8428920Z   ---
2026-10-07T11:08:12.8429110Z   duration_ms: 3.756334
2026-10-07T11:08:12.8429330Z   type: 'test'
2026-10-07T11:08:12.8429530Z   ...
2026-10-07T11:08:12.8429960Z # Subtest: typing invalidates snapshots without launching save-only checks per keystroke
2026-10-07T11:08:12.8430590Z ok 146 - typing invalidates snapshots without launching save-only checks per keystroke
2026-10-07T11:08:12.8430960Z   ---
2026-10-07T11:08:12.8431150Z   duration_ms: 5.2725
2026-10-07T11:08:12.8431370Z   type: 'test'
2026-10-07T11:08:12.8431560Z   ...
2026-10-07T11:08:12.8432100Z # Subtest: known unrelated diagnostics survive repeated edits while unknown and project inputs stay conservative
2026-10-07T11:08:12.8432960Z ok 147 - known unrelated diagnostics survive repeated edits while unknown and project inputs stay conservative
2026-10-07T11:08:12.8433390Z   ---
2026-10-07T11:08:12.8433590Z   duration_ms: 5.300708
2026-10-07T11:08:12.8433810Z   type: 'test'
2026-10-07T11:08:12.8434120Z   ...
2026-10-07T11:08:12.8434620Z # Subtest: known unrelated pending checks finish during edits and same-scope changes reject stale callbacks
2026-10-07T11:08:12.8435450Z ok 148 - known unrelated pending checks finish during edits and same-scope changes reject stale callbacks
2026-10-07T11:08:12.8435850Z   ---
2026-10-07T11:08:12.8436030Z   duration_ms: 7.261958
2026-10-07T11:08:12.8436240Z   type: 'test'
2026-10-07T11:08:12.8436430Z   ...
2026-10-07T11:08:12.8436890Z # Subtest: shared imports and stale dependency snapshots still invalidate diagnosed projects
2026-10-07T11:08:12.8437540Z ok 149 - shared imports and stale dependency snapshots still invalidate diagnosed projects
2026-10-07T11:08:12.8437910Z   ---
2026-10-07T11:08:12.8438100Z   duration_ms: 7.038084
2026-10-07T11:08:12.8438300Z   type: 'test'
2026-10-07T11:08:12.8438490Z   ...
2026-10-07T11:08:12.8438970Z # Subtest: failed symbols queries still supply static builtin help without erasing source diagnostics
2026-10-07T11:08:12.8439670Z ok 150 - failed symbols queries still supply static builtin help without erasing source diagnostics
2026-10-07T11:08:12.8440070Z   ---
2026-10-07T11:08:12.8440260Z   duration_ms: 4.195208
2026-10-07T11:08:12.8440470Z   type: 'test'
2026-10-07T11:08:12.8440740Z   ...
2026-10-07T11:08:12.8441670Z # Subtest: missing compiler keeps prefix completion, hover and signatures available
2026-10-07T11:08:12.8442330Z ok 151 - missing compiler keeps prefix completion, hover and signatures available
2026-10-07T11:08:12.8442740Z   ---
2026-10-07T11:08:12.8442960Z   duration_ms: 5.023583
2026-10-07T11:08:12.8443170Z   type: 'test'
2026-10-07T11:08:12.8443370Z   ...
2026-10-07T11:08:12.8444160Z # Subtest: borrowed local providers annotate hover and detail while keeping variable kind and insertion
2026-10-07T11:08:12.8454520Z ok 152 - borrowed local providers annotate hover and detail while keeping variable kind and insertion
2026-10-07T11:08:12.8455110Z   ---
2026-10-07T11:08:12.8455490Z   duration_ms: 4.076542
2026-10-07T11:08:12.8457530Z   type: 'test'
2026-10-07T11:08:12.8458360Z   ...
2026-10-07T11:08:12.8462100Z # Subtest: untrusted and untitled assistance executes no compiler and retains High/Low selectors
2026-10-07T11:08:12.8463780Z ok 153 - untrusted and untitled assistance executes no compiler and retains High/Low selectors
2026-10-07T11:08:12.8478170Z   ---
2026-10-07T11:08:12.8478440Z   duration_ms: 4.674083
2026-10-07T11:08:12.8478720Z   type: 'test'
2026-10-07T11:08:12.8478900Z   ...
2026-10-07T11:08:12.8479380Z # Subtest: Low builtin help uses fn and record in hover, completion and signatures without a compiler
2026-10-07T11:08:12.8480260Z ok 154 - Low builtin help uses fn and record in hover, completion and signatures without a compiler
2026-10-07T11:08:12.8482450Z   ---
2026-10-07T11:08:12.8483000Z   duration_ms: 6.689
2026-10-07T11:08:12.8483580Z   type: 'test'
2026-10-07T11:08:12.8484080Z   ...
2026-10-07T11:08:12.8485560Z # Subtest: Low declaration and standard-operation help displays braces while retaining compiler kinds and call shapes
2026-10-07T11:08:12.8487790Z ok 155 - Low declaration and standard-operation help displays braces while retaining compiler kinds and call shapes
2026-10-07T11:08:12.8488980Z   ---
2026-10-07T11:08:12.8489480Z   duration_ms: 3.590375
2026-10-07T11:08:12.8490030Z   type: 'test'
2026-10-07T11:08:12.8491160Z   ...
2026-10-07T11:08:12.8493210Z # Subtest: Low enum declaration help removes namespace prefixes only from variant names
2026-10-07T11:08:12.8494420Z ok 156 - Low enum declaration help removes namespace prefixes only from variant names
2026-10-07T11:08:12.8494870Z   ---
2026-10-07T11:08:12.8495070Z   duration_ms: 4.345125
2026-10-07T11:08:12.8495280Z   type: 'test'
2026-10-07T11:08:12.8495710Z   ...
2026-10-07T11:08:12.8496200Z # Subtest: Low folding is available without trust or a compiler and honors cancellation
2026-10-07T11:08:12.8496800Z ok 157 - Low folding is available without trust or a compiler and honors cancellation
2026-10-07T11:08:12.8497150Z   ---
2026-10-07T11:08:12.8497340Z   duration_ms: 1.425791
2026-10-07T11:08:12.8497550Z   type: 'test'
2026-10-07T11:08:12.8498050Z   ...
2026-10-07T11:08:12.8498600Z # Subtest: cancelled, closed and changed documents cannot receive static fallback from failed queries
2026-10-07T11:08:12.8499780Z ok 158 - cancelled, closed and changed documents cannot receive static fallback from failed queries
2026-10-07T11:08:12.8501210Z   ---
2026-10-07T11:08:12.8501730Z   duration_ms: 3.034458
2026-10-07T11:08:12.8502290Z   type: 'test'
2026-10-07T11:08:12.8502780Z   ...
2026-10-07T11:08:12.8503970Z # Subtest: registered providers render enum/member kinds and payload signature parameters
2026-10-07T11:08:12.8505650Z ok 159 - registered providers render enum/member kinds and payload signature parameters
2026-10-07T11:08:12.8506640Z   ---
2026-10-07T11:08:12.8507130Z   duration_ms: 4.649292
2026-10-07T11:08:12.8507680Z   type: 'test'
2026-10-07T11:08:12.8508180Z   ...
2026-10-07T11:08:12.8509400Z # Subtest: standard F12 targets open compiler registry text through a read-only virtual document
2026-10-07T11:08:12.8511170Z ok 160 - standard F12 targets open compiler registry text through a read-only virtual document
2026-10-07T11:08:12.8512180Z   ---
2026-10-07T11:08:12.8512670Z   duration_ms: 2.382291
2026-10-07T11:08:12.8513370Z   type: 'test'
2026-10-07T11:08:12.8513890Z   ...
2026-10-07T11:08:12.8515140Z # Subtest: standard F12 keeps each project compiler registry text when another compiler is queried
2026-10-07T11:08:12.8516930Z ok 161 - standard F12 keeps each project compiler registry text when another compiler is queried
2026-10-07T11:08:12.8519910Z   ---
2026-10-07T11:08:12.8520700Z   duration_ms: 4.614833
2026-10-07T11:08:12.8521310Z   type: 'test'
2026-10-07T11:08:12.8521820Z   ...
2026-10-07T11:08:12.8523200Z # Subtest: keyword completion covers existing syntax in High and Low without leaking into types or members
2026-10-07T11:08:12.8525180Z ok 162 - keyword completion covers existing syntax in High and Low without leaking into types or members
2026-10-07T11:08:12.8526280Z   ---
2026-10-07T11:08:12.8526820Z   duration_ms: 3.533542
2026-10-07T11:08:12.8527970Z   type: 'test'
2026-10-07T11:08:12.8528240Z   ...
2026-10-07T11:08:12.8530340Z # Subtest: static builtin help works with incomplete syntax without an index
2026-10-07T11:08:12.8533810Z ok 163 - static builtin help works with incomplete syntax without an index
2026-10-07T11:08:12.8534310Z   ---
2026-10-07T11:08:12.8534670Z   duration_ms: 3.205541
2026-10-07T11:08:12.8535080Z   type: 'test'
2026-10-07T11:08:12.8535380Z   ...
2026-10-07T11:08:12.8536320Z # Subtest: static builtin fallback avoids declarations, parameters and local bindings that shadow the name
2026-10-07T11:08:12.8537200Z ok 164 - static builtin fallback avoids declarations, parameters and local bindings that shadow the name
2026-10-07T11:08:12.8537610Z   ---
2026-10-07T11:08:12.8537800Z   duration_ms: 5.922625
2026-10-07T11:08:12.8538020Z   type: 'test'
2026-10-07T11:08:12.8538210Z   ...
2026-10-07T11:08:12.8538840Z # Subtest: unresolved imports suppress guessed builtins but retain syntax and types; checked declarations win
2026-10-07T11:08:12.8539710Z ok 165 - unresolved imports suppress guessed builtins but retain syntax and types; checked declarations win
2026-10-07T11:08:12.8540130Z   ---
2026-10-07T11:08:12.8540330Z   duration_ms: 0.939959
2026-10-07T11:08:12.8540740Z   type: 'test'
2026-10-07T11:08:12.8540980Z   ...
2026-10-07T11:08:12.8541520Z # Subtest: signature help does not replace a compiler-resolved local function with builtin metadata
2026-10-07T11:08:12.8542250Z ok 166 - signature help does not replace a compiler-resolved local function with builtin metadata
2026-10-07T11:08:12.8542640Z   ---
2026-10-07T11:08:12.8542990Z   duration_ms: 0.4965
2026-10-07T11:08:12.8543200Z   type: 'test'
2026-10-07T11:08:12.8543380Z   ...
2026-10-07T11:08:12.8543840Z # Subtest: lexical references prevent guessed signatures when a type error removes local types
2026-10-07T11:08:12.8544500Z ok 167 - lexical references prevent guessed signatures when a type error removes local types
2026-10-07T11:08:12.8545220Z   ---
2026-10-07T11:08:12.8545410Z   duration_ms: 0.295375
2026-10-07T11:08:12.8545630Z   type: 'test'
2026-10-07T11:08:12.8545810Z   ...
2026-10-07T11:08:12.8546280Z # Subtest: unfinished line strings do not hide later assistance and preserve UTF-16 CRLF ranges
2026-10-07T11:08:12.8546930Z ok 168 - unfinished line strings do not hide later assistance and preserve UTF-16 CRLF ranges
2026-10-07T11:08:12.8547310Z   ---
2026-10-07T11:08:12.8547490Z   duration_ms: 0.630167
2026-10-07T11:08:12.8547700Z   type: 'test'
2026-10-07T11:08:12.8547890Z   ...
2026-10-07T11:08:12.8548370Z # Subtest: registered resources and constants keep namespaces and never create constructor snippets
2026-10-07T11:08:12.8549060Z ok 169 - registered resources and constants keep namespaces and never create constructor snippets
2026-10-07T11:08:12.8549450Z   ---
2026-10-07T11:08:12.8549640Z   duration_ms: 3.182417
2026-10-07T11:08:12.8549850Z   type: 'test'
2026-10-07T11:08:12.8550040Z   ...
2026-10-07T11:08:12.8550450Z # Subtest: standard operation and aliased constants preserve hover and argument help
2026-10-07T11:08:12.8551040Z ok 170 - standard operation and aliased constants preserve hover and argument help
2026-10-07T11:08:12.8551390Z   ---
2026-10-07T11:08:12.8551580Z   duration_ms: 2.19925
2026-10-07T11:08:12.8551840Z   type: 'test'
2026-10-07T11:08:12.8563860Z   ...
2026-10-07T11:08:12.8666740Z # Subtest: typed resource fields are read-only and do not expose type constants on values
2026-10-07T11:08:12.8769050Z ok 171 - typed resource fields are read-only and do not expose type constants on values
2026-10-07T11:08:12.8801800Z   ---
2026-10-07T11:08:12.8802110Z   duration_ms: 1.271417
2026-10-07T11:08:12.8802340Z   type: 'test'
2026-10-07T11:08:12.8802530Z   ...
2026-10-07T11:08:12.8802960Z # Subtest: virtual source identifiers cannot navigate to project paths or URLs
2026-10-07T11:08:12.8803520Z ok 172 - virtual source identifiers cannot navigate to project paths or URLs
2026-10-07T11:08:12.8803860Z   ---
2026-10-07T11:08:12.8804050Z   duration_ms: 0.365583
2026-10-07T11:08:12.8804270Z   type: 'test'
2026-10-07T11:08:12.8804450Z   ...
2026-10-07T11:08:12.8804890Z # Subtest: virtual registry revisions keep module paths and accept only a source hash
2026-10-07T11:08:12.8805940Z ok 173 - virtual registry revisions keep module paths and accept only a source hash
2026-10-07T11:08:12.8806310Z   ---
2026-10-07T11:08:12.8806510Z   duration_ms: 0.217625
2026-10-07T11:08:12.8806720Z   type: 'test'
2026-10-07T11:08:12.8806900Z   ...
2026-10-07T11:08:12.8807300Z # Subtest: Some and None are pattern assistance, not general value constructors
2026-10-07T11:08:12.8807850Z ok 174 - Some and None are pattern assistance, not general value constructors
2026-10-07T11:08:12.8808180Z   ---
2026-10-07T11:08:12.8808370Z   duration_ms: 0.940291
2026-10-07T11:08:12.8808580Z   type: 'test'
2026-10-07T11:08:12.8809170Z   ...
2026-10-07T11:08:12.8809640Z # Subtest: standard import completion uses the compiler catalog and replaces the full dotted path
2026-10-07T11:08:12.8810320Z ok 175 - standard import completion uses the compiler catalog and replaces the full dotted path
2026-10-07T11:08:12.8810770Z   ---
2026-10-07T11:08:12.8810990Z   duration_ms: 2.302292
2026-10-07T11:08:12.8811210Z   type: 'test'
2026-10-07T11:08:12.8811400Z   ...
2026-10-07T11:08:12.8811830Z # Subtest: Low standard imports can follow another declaration or import on the same line
2026-10-07T11:08:12.8812450Z ok 176 - Low standard imports can follow another declaration or import on the same line
2026-10-07T11:08:12.8812810Z   ---
2026-10-07T11:08:12.8813000Z   duration_ms: 0.198291
2026-10-07T11:08:12.8813470Z   type: 'test'
2026-10-07T11:08:12.8813660Z   ...
2026-10-07T11:08:12.8814120Z # Subtest: real nagi standard symbols keep resource identity, virtual sources and UTF-16 targets
2026-10-07T11:08:12.8814780Z ok 177 - real nagi standard symbols keep resource identity, virtual sources and UTF-16 targets
2026-10-07T11:08:12.8815160Z   ---
2026-10-07T11:08:12.8815470Z   duration_ms: 568.207042
2026-10-07T11:08:12.8815690Z   type: 'test'
2026-10-07T11:08:12.8815880Z   ...
2026-10-07T11:08:12.8816330Z # Subtest: real low standard symbols keep resource identity, virtual sources and UTF-16 targets
2026-10-07T11:08:12.8816990Z ok 178 - real low standard symbols keep resource identity, virtual sources and UTF-16 targets
2026-10-07T11:08:12.8817360Z   ---
2026-10-07T11:08:12.8817550Z   duration_ms: 614.74625
2026-10-07T11:08:12.8817810Z   type: 'test'
2026-10-07T11:08:12.8818050Z   ...
2026-10-07T11:08:13.1005060Z # Subtest: unsaved dependency standard aliases update sources without saving or building
2026-10-07T11:08:13.1021020Z ok 179 - unsaved dependency standard aliases update sources without saving or building
2026-10-07T11:08:13.1134390Z   ---
2026-10-07T11:08:13.1235870Z   duration_ms: 407.934708
2026-10-07T11:08:13.1237470Z   type: 'test'
2026-10-07T11:08:13.1240150Z   ...
2026-10-07T11:08:13.2138260Z # Subtest: an incomplete initial standard import uses the registry catalog from a saved snapshot
2026-10-07T11:08:13.2222530Z ok 180 - an incomplete initial standard import uses the registry catalog from a saved snapshot
2026-10-07T11:08:13.2229070Z   ---
2026-10-07T11:08:13.2232340Z   duration_ms: 101.733458
2026-10-07T11:08:13.2233160Z   type: 'test'
2026-10-07T11:08:13.2233750Z   ...
2026-10-07T11:08:13.3479030Z # Subtest: shared receiver fields are read-only regardless of each field type
2026-10-07T11:08:13.3484480Z ok 181 - shared receiver fields are read-only regardless of each field type
2026-10-07T11:08:13.3611140Z   ---
2026-10-07T11:08:13.3723740Z   duration_ms: 136.4125
2026-10-07T11:08:13.3833680Z   type: 'test'
2026-10-07T11:08:13.3874460Z   ...
2026-10-07T11:08:13.3878790Z # Subtest: nagi saved snapshots complete new modules and from-import names before imports are checked
2026-10-07T11:08:13.3885710Z ok 182 - nagi saved snapshots complete new modules and from-import names before imports are checked
2026-10-07T11:08:13.3886190Z   ---
2026-10-07T11:08:13.3886450Z   duration_ms: 3.525583
2026-10-07T11:08:13.3886720Z   type: 'test'
2026-10-07T11:08:13.3886970Z   ...
2026-10-07T11:08:13.3887520Z # Subtest: nagi readiness and wait resources preserve namespaces and do not offer constructors
2026-10-07T11:08:13.3888560Z ok 183 - nagi readiness and wait resources preserve namespaces and do not offer constructors
2026-10-07T11:08:13.3918000Z   ---
2026-10-07T11:08:13.3921160Z   duration_ms: 5.08775
2026-10-07T11:08:13.3922040Z   type: 'test'
2026-10-07T11:08:13.3922780Z   ...
2026-10-07T11:08:13.3924310Z # Subtest: nagi WaitError value fields keep borrowed payload types and read-only status
2026-10-07T11:08:13.3926300Z ok 184 - nagi WaitError value fields keep borrowed payload types and read-only status
2026-10-07T11:08:13.3927960Z   ---
2026-10-07T11:08:13.3928890Z   duration_ms: 0.778792
2026-10-07T11:08:13.3930170Z   type: 'test'
2026-10-07T11:08:13.3930890Z   ...
2026-10-07T11:08:13.3931650Z # Subtest: nagi inferred standard operations insert positional calls and retain exact callback and Future contracts
2026-10-07T11:08:13.3932640Z ok 185 - nagi inferred standard operations insert positional calls and retain exact callback and Future contracts
2026-10-07T11:08:13.3933260Z   ---
2026-10-07T11:08:13.3933580Z   duration_ms: 1.9155
2026-10-07T11:08:13.3933990Z   type: 'test'
2026-10-07T11:08:13.3934350Z   ...
2026-10-07T11:08:13.3934960Z # Subtest: low saved snapshots complete new modules and from-import names before imports are checked
2026-10-07T11:08:13.3935840Z ok 186 - low saved snapshots complete new modules and from-import names before imports are checked
2026-10-07T11:08:13.3936400Z   ---
2026-10-07T11:08:13.3937190Z   duration_ms: 0.537958
2026-10-07T11:08:13.3937590Z   type: 'test'
2026-10-07T11:08:13.3937940Z   ...
2026-10-07T11:08:13.3938590Z # Subtest: low readiness and wait resources preserve namespaces and do not offer constructors
2026-10-07T11:08:13.3939370Z ok 187 - low readiness and wait resources preserve namespaces and do not offer constructors
2026-10-07T11:08:13.3939910Z   ---
2026-10-07T11:08:13.3942940Z   duration_ms: 4.755167
2026-10-07T11:08:13.3943370Z   type: 'test'
2026-10-07T11:08:13.3943740Z   ...
2026-10-07T11:08:13.3944350Z # Subtest: low WaitError value fields keep borrowed payload types and read-only status
2026-10-07T11:08:13.3945140Z ok 188 - low WaitError value fields keep borrowed payload types and read-only status
2026-10-07T11:08:13.3945630Z   ---
2026-10-07T11:08:13.3945950Z   duration_ms: 0.19
2026-10-07T11:08:13.3946310Z   type: 'test'
2026-10-07T11:08:13.3946630Z   ...
2026-10-07T11:08:13.3947340Z # Subtest: low inferred standard operations insert positional calls and retain exact callback and Future contracts
2026-10-07T11:08:13.3948310Z ok 189 - low inferred standard operations insert positional calls and retain exact callback and Future contracts
2026-10-07T11:08:13.3948870Z   ---
2026-10-07T11:08:13.3949220Z   duration_ms: 1.53875
2026-10-07T11:08:13.3949590Z   type: 'test'
2026-10-07T11:08:13.3949910Z   ...
2026-10-07T11:08:13.3950550Z # Subtest: new operations and constants navigate to compiler standard sources with UTF-16 locations
2026-10-07T11:08:13.3951410Z ok 190 - new operations and constants navigate to compiler standard sources with UTF-16 locations
2026-10-07T11:08:13.3951900Z   ---
2026-10-07T11:08:13.3952140Z   duration_ms: 2.608167
2026-10-07T11:08:13.3952410Z   type: 'test'
2026-10-07T11:08:13.3952650Z   ...
2026-10-07T11:08:13.4453130Z # Subtest: real nagi borrowed list locals and nested fields keep read-only metadata in editor assistance
2026-10-07T11:08:13.4454300Z ok 191 - real nagi borrowed list locals and nested fields keep read-only metadata in editor assistance
2026-10-07T11:08:13.4454870Z   ---
2026-10-07T11:08:13.4455130Z   duration_ms: 133.961792
2026-10-07T11:08:13.4455400Z   type: 'test'
2026-10-07T11:08:13.4455710Z   ...
2026-10-07T11:08:13.4456320Z # Subtest: real low borrowed list locals and nested fields keep read-only metadata in editor assistance
2026-10-07T11:08:13.4458070Z ok 192 - real low borrowed list locals and nested fields keep read-only metadata in editor assistance
2026-10-07T11:08:13.4458590Z   ---
2026-10-07T11:08:13.4458880Z   duration_ms: 132.111625
2026-10-07T11:08:13.4459200Z   type: 'test'
2026-10-07T11:08:13.4459550Z   ...
2026-10-07T11:08:13.4460560Z # Subtest: real nagi map_error aliases retain inferred generics and standard virtual navigation
2026-10-07T11:08:13.4462390Z ok 193 - real nagi map_error aliases retain inferred generics and standard virtual navigation
2026-10-07T11:08:13.4463060Z   ---
2026-10-07T11:08:13.4467120Z   duration_ms: 112.119625
2026-10-07T11:08:13.4467600Z   type: 'test'
2026-10-07T11:08:13.4468070Z   ...
2026-10-07T11:08:13.4468680Z # Subtest: real low map_error aliases retain inferred generics and standard virtual navigation
2026-10-07T11:08:13.4469570Z ok 194 - real low map_error aliases retain inferred generics and standard virtual navigation
2026-10-07T11:08:13.4470180Z   ---
2026-10-07T11:08:13.4470520Z   duration_ms: 114.634292
2026-10-07T11:08:13.4470860Z   type: 'test'
2026-10-07T11:08:13.4471170Z   ...
2026-10-07T11:08:13.4471860Z # Subtest: real nagi readiness and deadline API assistance keeps resource aliases and read-only fields
2026-10-07T11:08:13.4472790Z ok 195 - real nagi readiness and deadline API assistance keeps resource aliases and read-only fields
2026-10-07T11:08:13.4473270Z   ---
2026-10-07T11:08:13.4473760Z   duration_ms: 245.1985
2026-10-07T11:08:13.4474180Z   type: 'test'
2026-10-07T11:08:13.4474430Z   ...
2026-10-07T11:08:13.6999090Z # Subtest: real low readiness and deadline API assistance keeps resource aliases and read-only fields
2026-10-07T11:08:13.7001020Z ok 196 - real low readiness and deadline API assistance keeps resource aliases and read-only fields
2026-10-07T11:08:13.7002820Z   ---
2026-10-07T11:08:13.7003230Z   duration_ms: 260.686
2026-10-07T11:08:13.7003680Z   type: 'test'
2026-10-07T11:08:13.7004080Z   ...
2026-10-07T11:08:13.7068880Z # Subtest: cross-module call curves fit with marker and stroke space on both sides
2026-10-07T11:08:13.7070860Z ok 197 - cross-module call curves fit with marker and stroke space on both sides
2026-10-07T11:08:13.7072070Z   ---
2026-10-07T11:08:13.7072690Z   duration_ms: 1.8925
2026-10-07T11:08:13.7073440Z   type: 'test'
2026-10-07T11:08:13.7074020Z   ...
2026-10-07T11:08:13.7075170Z # Subtest: ordinary stock-report layout keeps its existing extent
2026-10-07T11:08:13.7076540Z ok 198 - ordinary stock-report layout keeps its existing extent
2026-10-07T11:08:13.7077420Z   ---
2026-10-07T11:08:13.7077920Z   duration_ms: 0.102292
2026-10-07T11:08:13.7078500Z   type: 'test'
2026-10-07T11:08:13.7078970Z   ...
2026-10-07T11:08:13.7079990Z # Subtest: geometry above or below the layout extends the vertical viewport
2026-10-07T11:08:13.7081370Z ok 199 - geometry above or below the layout extends the vertical viewport
2026-10-07T11:08:13.7082190Z   ---
2026-10-07T11:08:13.7082610Z   duration_ms: 0.069334
2026-10-07T11:08:13.7083100Z   type: 'test'
2026-10-07T11:08:13.7083510Z   ...
2026-10-07T11:08:13.7084620Z # Subtest: an empty SVG bounding box does not add blank padding
2026-10-07T11:08:13.7085790Z ok 200 - an empty SVG bounding box does not add blank padding
2026-10-07T11:08:13.7086490Z   ---
2026-10-07T11:08:13.7086930Z   duration_ms: 0.06275
2026-10-07T11:08:13.7087400Z   type: 'test'
2026-10-07T11:08:13.7089850Z   ...
2026-10-07T11:08:13.7090910Z # Subtest: non-finite browser measurements preserve the finite layout extent
2026-10-07T11:08:13.7092380Z ok 201 - non-finite browser measurements preserve the finite layout extent
2026-10-07T11:08:13.7093190Z   ---
2026-10-07T11:08:13.7093690Z   duration_ms: 0.292666
2026-10-07T11:08:13.7094300Z   type: 'test'
2026-10-07T11:08:13.7094720Z   ...
2026-10-07T11:08:13.7095160Z 1..201
2026-10-07T11:08:13.7095540Z # tests 201
2026-10-07T11:08:13.7095920Z # suites 0
2026-10-07T11:08:13.7096510Z # pass 201
2026-10-07T11:08:13.7096890Z # fail 0
2026-10-07T11:08:13.7097270Z # cancelled 0
2026-10-07T11:08:13.7097670Z # skipped 0
2026-10-07T11:08:13.7098060Z # todo 0
2026-10-07T11:08:13.7098560Z # duration_ms 6311.992375
2026-10-07T11:08:13.7212140Z ##[group]Run cargo test --locked -p nagic --test output_safety --test integer_arithmetic --test integer_zero_division --test constant_validation --test auth_boundaries --test view_branch_rebinding --test view_container_rebinding --test view_container_drop --test view_flow_foundation --test view_flow_completion --test explicit_moves --test task_handles --test conformance --test scope_runtime_contract --test copy_capabilities --test shared_field_moves --test asset_calls --test shared_target --test build_generations --test project
2026-10-07T11:08:13.7218110Z [36;1mcargo test --locked -p nagic --test output_safety --test integer_arithmetic --test integer_zero_division --test constant_validation --test auth_boundaries --test view_branch_rebinding --test view_container_rebinding --test view_container_drop --test view_flow_foundation --test view_flow_completion --test explicit_moves --test task_handles --test conformance --test scope_runtime_contract --test copy_capabilities --test shared_field_moves --test asset_calls --test shared_target --test build_generations --test project[0m
2026-10-07T11:08:13.7338770Z shell: /bin/bash -e {0}
2026-10-07T11:08:13.7339300Z env:
2026-10-07T11:08:13.7339920Z   NAGI_FAILURE_DIR: /Users/runner/work/Nagi/Nagi/build/compiler-failures
2026-10-07T11:08:13.7340740Z   CARGO_HOME: /Users/runner/.cargo
2026-10-07T11:08:13.7341260Z   CARGO_INCREMENTAL: 0
2026-10-07T11:08:13.7341700Z   CARGO_TERM_COLOR: always
2026-10-07T11:08:13.7342390Z   pythonLocation: /Users/runner/hostedtoolcache/Python/3.12.10/arm64
2026-10-07T11:08:13.7354590Z   PKG_CONFIG_PATH: /Users/runner/hostedtoolcache/Python/3.12.10/arm64/lib/pkgconfig
2026-10-07T11:08:13.7356100Z   Python_ROOT_DIR: /Users/runner/hostedtoolcache/Python/3.12.10/arm64
2026-10-07T11:08:13.7357050Z   Python2_ROOT_DIR: /Users/runner/hostedtoolcache/Python/3.12.10/arm64
2026-10-07T11:08:13.7358010Z   Python3_ROOT_DIR: /Users/runner/hostedtoolcache/Python/3.12.10/arm64
2026-10-07T11:08:13.7358750Z ##[endgroup]
2026-10-07T11:08:14.1812590Z [1m[92m   Compiling[0m nagic v0.1.11 (/Users/runner/work/Nagi/Nagi/compiler)
2026-10-07T11:08:18.9089130Z [1m[92m    Finished[0m `test` profile [unoptimized + debuginfo] target(s) in 5.02s
2026-10-07T11:08:18.9306680Z [1m[92m     Running[0m tests/asset_calls.rs (target/debug/deps/asset_calls-572415949e94a6d1)
2026-10-07T11:08:18.9408780Z 
2026-10-07T11:08:18.9514310Z running 2 tests
2026-10-07T11:08:18.9583180Z test a_missing_real_asset_still_reports_the_original_call ... ok
2026-10-07T11:08:19.4034100Z test local_callbacks_named_include_text_keep_literals_and_restore_builtin_after_scope ... ok
2026-10-07T11:08:19.4035120Z 
2026-10-07T11:08:19.4035570Z test result: ok. 2 passed; 0 failed; 0 ignored; 0 measured; 0 filtered out; finished in 0.47s
2026-10-07T11:08:19.4035930Z 
2026-10-07T11:08:19.4042610Z [1m[92m     Running[0m tests/auth_boundaries.rs (target/debug/deps/auth_boundaries-697d28ed749ce3ce)
2026-10-07T11:08:19.4099270Z 
2026-10-07T11:08:19.4101770Z running 9 tests
2026-10-07T11:08:19.4581650Z test handwritten_low_and_owned_local_containers_keep_nominal_marker_identity ... ok
2026-10-07T11:08:19.5023780Z test aliases_option_result_and_async_delegation_preserve_proof_identity ... ok
2026-10-07T11:08:19.6401250Z test a_function_signature_and_a_deep_dto_do_not_contain_a_proof_payload ... ok
2026-10-07T11:08:19.7221770Z test missing_principal_grant_wrong_permission_and_reuse_are_rejected ... ok
2026-10-07T11:08:20.3680640Z test indirect_arc_state_cannot_share_a_proof ... ok
2026-10-07T11:08:21.4813960Z test opaque_proofs_cannot_be_constructed_decoded_copied_or_shared ... ok
2026-10-07T11:09:18.3607870Z test native_phantom_types_do_not_become_field_payloads ... ok
2026-10-07T11:09:18.5453610Z test proof_move_and_nominal_marker_build_and_run_against_real_runtime ... ok
2026-10-07T11:09:19.5822230Z test opaque_main_errors_fail_without_a_debug_bound_or_proof_payload ... ok
2026-10-07T11:09:19.5828910Z 
2026-10-07T11:09:19.5831610Z test result: ok. 9 passed; 0 failed; 0 ignored; 0 measured; 0 filtered out; finished in 60.17s
2026-10-07T11:09:19.5845490Z [1m[92m     Running[0m tests/build_generations.rs (target/debug/deps/build_generations-1104df003b16c824)
2026-10-07T11:09:19.5846640Z 
2026-10-07T11:09:19.5984520Z 
2026-10-07T11:09:19.5985320Z running 22 tests
2026-10-07T11:09:20.3048720Z test cargo_cache_keeps_a_preexisting_default_package_binary_unchanged ... ok
2026-10-07T11:09:20.4381810Z test a_running_old_executable_is_not_replaced_by_a_new_build ... ok
2026-10-07T11:09:20.4796860Z test invalid_input_does_not_create_output_or_its_lock ... ok
2026-10-07T11:09:20.7409550Z test cargo_failure_retains_latest_and_inherited_lockfile ... ok
2026-10-07T11:09:20.7822230Z test latest_metadata_used_as_an_input_cannot_be_overwritten_by_rebuild ... ok
2026-10-07T11:09:20.8166390Z test lock_is_permanent_and_input_protection_is_rechecked_after_waiting ... ok
2026-10-07T11:09:21.2070780Z test long_basename_accepted_by_the_previous_cache_scheme_uses_a_short_generation_bin ... ok
2026-10-07T11:09:21.3594970Z test nonwriting_low_check_and_lower_do_not_wait_for_the_output_writer_lock ... ok
2026-10-07T11:09:21.4929860Z test latest_temp_failure_keeps_old_metadata_and_does_not_run_new_generation ... ok
2026-10-07T11:09:21.6097600Z test compatibility_outputs_cannot_alias_previous_latest_metadata ... ok
2026-10-07T11:09:22.5008690Z test parallel_latest_readers_observe_only_complete_published_generations ... ok
2026-10-07T11:09:22.5309090Z test projection_failure_keeps_old_latest_and_reports_partial_projection ... ok
2026-10-07T11:09:22.6001030Z test orphan_cargo_uses_an_immutable_snapshot_and_cannot_replace_next_generation ... ok
2026-10-07T11:09:22.9793060Z test published_manifest_runtime_reference_resolves_from_the_published_location ... ok
2026-10-07T11:09:23.3399410Z test run_releases_output_lock_before_waiting_for_the_selected_executable ... ok
2026-10-07T11:09:23.3445520Z test rebuild_publishes_new_generation_and_preserves_old_executable_and_snapshot ... ok
2026-10-07T11:09:23.7134120Z test user_low_snapshot_comes_from_this_input_instead_of_a_stale_high_projection ... ok
2026-10-07T11:09:24.6517670Z test writing_cost_report_cannot_alias_previous_latest ... ok
2026-10-07T11:09:25.0648270Z test writing_high_check_cannot_alias_previous_latest ... ok
2026-10-07T11:09:25.1762220Z test same_and_different_apps_with_equivalent_output_paths_wait_for_one_output_writer ... ok
2026-10-07T11:09:25.4290840Z test writing_high_lower_cannot_alias_previous_latest ... ok
2026-10-07T11:09:25.6136940Z test writing_check_lower_and_cost_wait_while_build_owns_the_output_lock ... ok
2026-10-07T11:09:25.6137340Z 
2026-10-07T11:09:25.6137980Z test result: ok. 22 passed; 0 failed; 0 ignored; 0 measured; 0 filtered out; finished in 6.02s
2026-10-07T11:09:25.6138580Z 
2026-10-07T11:09:25.6142670Z [1m[92m     Running[0m tests/conformance.rs (target/debug/deps/conformance-6180da8e2c3faad2)
2026-10-07T11:09:25.6242160Z 
2026-10-07T11:09:25.6242930Z running 6 tests
2026-10-07T11:09:25.6284150Z test batch_root_relocation_preserves_literals_raw_strings_and_comments ... ok
2026-10-07T11:09:25.9635160Z test explicit_move_corpus_reaches_native_execution ... ok
2026-10-07T11:09:25.9636640Z test failure_shrinking_preserves_the_checker_failure_instead_of_a_parse_error ... ok
2026-10-07T11:09:25.9747770Z test backend_shrinking_does_not_turn_an_oracle_error_into_a_compiler_reproducer ... ok
2026-10-07T11:09:26.0333960Z test native_process_deadline_reaps_a_hanging_child ... ok
2026-10-07T11:09:26.3262330Z test corpus_and_bounded_generated_contracts_reach_native_execution ... ok
2026-10-07T11:09:26.3268020Z [1m[92m     Running[0m tests/constant_validation.rs (target/debug/deps/constant_validation-8246749ca47e28cf)
2026-10-07T11:09:26.3268570Z 
2026-10-07T11:09:26.3270780Z test result: ok. 6 passed; 0 failed; 0 ignored; 0 measured; 0 filtered out; finished in 0.70s
2026-10-07T11:09:26.3271280Z 
2026-10-07T11:09:26.3375590Z 
2026-10-07T11:09:26.3377220Z running 10 tests
2026-10-07T11:09:26.3521530Z test builtin_widening_uses_resolution_and_result_casts_remain_opaque ... ok
2026-10-07T11:09:26.3525810Z test binding_facts_follow_reassignment_scope_and_continuing_branch_joins ... ok
2026-10-07T11:09:26.3537480Z test compound_failures_are_checked_even_in_dead_branches_and_short_circuit_rhs ... ok
2026-10-07T11:09:26.3564590Z test loop_writes_kill_facts_before_conditions_and_respect_shadowed_counter_bindings ... ok
2026-10-07T11:09:26.3632160Z test compound_and_alias_zero_fail_after_type_check_in_all_widths_and_forms ... ok
2026-10-07T11:09:26.3636760Z test profile_dependent_intermediates_are_not_folded_to_a_known_zero ... ok
2026-10-07T11:09:26.3661180Z test signed_minimum_division_and_remainder_are_static_failures_in_every_width ... ok
2026-10-07T11:09:26.3662630Z test typed_ast_errors_precede_new_constant_diagnostics ... ok
2026-10-07T11:09:26.3852660Z test compound_diagnostics_identify_original_modules_before_cargo ... ok
2026-10-07T11:09:27.1060910Z test minimum_negation_and_integer_oracle_build_and_run_in_both_profiles ... ok
2026-10-07T11:09:27.1065590Z [1m[92m     Running[0m tests/copy_capabilities.rs (target/debug/deps/copy_capabilities-732bfcb6eafa7823)
2026-10-07T11:09:27.1066120Z 
2026-10-07T11:09:27.1066630Z test result: ok. 10 passed; 0 failed; 0 ignored; 0 measured; 0 filtered out; finished in 0.77s
2026-10-07T11:09:27.1066980Z 
2026-10-07T11:09:27.1159380Z 
2026-10-07T11:09:27.1160100Z running 2 tests
2026-10-07T11:09:27.2588950Z test omitted_clone_adapter_reports_the_element_clone_bound ... ok
2026-10-07T11:09:27.5051370Z test manual_clone_adapter_copies_owned_enum_payloads_in_high_and_independent_low ... ok
2026-10-07T11:09:27.5053650Z [1m[92m     Running[0m tests/explicit_moves.rs (target/debug/deps/explicit_moves-ed5e53d3410a9931)
2026-10-07T11:09:27.5054080Z 
2026-10-07T11:09:27.5054680Z test result: ok. 2 passed; 0 failed; 0 ignored; 0 measured; 0 filtered out; finished in 0.39s
2026-10-07T11:09:27.5055140Z 
2026-10-07T11:09:27.5169520Z 
2026-10-07T11:09:27.5171680Z running 9 tests
2026-10-07T11:09:27.6004830Z test explicit_move_preserves_use_after_move_borrow_partial_move_and_loop_checks ... ok
2026-10-07T11:09:27.6229290Z test copy_inputs_keep_ordinary_assignment_and_move_expected_type_inference ... ok
2026-10-07T11:09:32.7303540Z test identity_moves_preserve_rhs_failure_drop_order_and_async_cancellation ... ok
2026-10-07T11:09:32.7682590Z test implicit_noncopy_local_assignments_fail_at_the_original_source_line ... ok
2026-10-07T11:09:33.0548020Z test canonical_aliases_shadowing_and_transparent_values_run_in_all_three_sources ... ok
2026-10-07T11:09:33.0772110Z test move_operation_rejects_arity_type_arguments_and_future_transfer ... ok
2026-10-07T11:09:33.1037030Z test moving_nested_view_containers_keeps_escape_and_temporary_rejections ... ok
2026-10-07T11:09:33.3860310Z test identity_move_materializes_copy_values_and_keeps_bare_place_comparison_loans ... ok
2026-10-07T11:09:33.4941030Z test move_keeps_typed_constant_failures_and_profile_dependent_overflow ... ok
2026-10-07T11:09:33.4941560Z 
2026-10-07T11:09:33.4942360Z test result: ok. 9 passed; 0 failed; 0 ignored; 0 measured; 0 filtered out; finished in 5.98s
2026-10-07T11:09:33.4942770Z 
2026-10-07T11:09:33.4957720Z [1m[92m     Running[0m tests/integer_arithmetic.rs (target/debug/deps/integer_arithmetic-7f0958496ebbb96e)
2026-10-07T11:09:33.5108050Z 
2026-10-07T11:09:33.5109320Z running 2 tests
2026-10-07T11:09:33.5874490Z test native_adapter_constant_overflow_keeps_rust_diagnostics ... ok
2026-10-07T11:09:33.8300140Z test constant_integer_arithmetic_preserves_release_wrapping_and_debug_panics ... ok
2026-10-07T11:09:33.8300920Z 
2026-10-07T11:09:33.8301660Z test result: ok. 2 passed; 0 failed; 0 ignored; 0 measured; 0 filtered out; finished in 0.32s
2026-10-07T11:09:33.8302900Z [1m[92m     Running[0m tests/integer_zero_division.rs (target/debug/deps/integer_zero_division-c5788311f9cb089f)
2026-10-07T11:09:33.8303350Z 
2026-10-07T11:09:33.8393730Z 
2026-10-07T11:09:33.8394720Z running 5 tests
2026-10-07T11:09:33.8491630Z test dynamic_aliases_remain_runtime_operations ... ok
2026-10-07T11:09:33.8682350Z test explicit_integer_zero_divisors_fail_in_high_handwritten_low_and_saved_low ... ok
2026-10-07T11:09:33.8705390Z test operand_and_earlier_type_errors_keep_priority_over_zero_divisor_errors ... ok
2026-10-07T11:09:34.0355620Z test cli_rejects_zero_at_the_original_file_and_line_before_cargo ... ok
2026-10-07T11:09:34.8620010Z test dynamic_zero_nonzero_and_float_controls_compile_and_run_in_both_profiles ... ok
2026-10-07T11:09:34.8620710Z 
2026-10-07T11:09:34.8622010Z test result: ok. 5 passed; 0 failed; 0 ignored; 0 measured; 0 filtered out; finished in 1.02s
2026-10-07T11:09:34.8623870Z [1m[92m     Running[0m tests/output_safety.rs (target/debug/deps/output_safety-5fdc18f31b79e2ec)
2026-10-07T11:09:34.8624320Z 
2026-10-07T11:09:34.8760600Z 
2026-10-07T11:09:34.8761470Z running 10 tests
2026-10-07T11:09:34.8858470Z test custom_project_manifest_is_protected_before_generated_outputs ... ok
2026-10-07T11:09:34.8866290Z test build_preflights_rust_adapter_before_writing_any_generated_files ... ok
2026-10-07T11:09:34.8927840Z test aliased_generated_outputs_are_rejected_without_partial_writes ... ok
2026-10-07T11:09:34.8991770Z test include_text_assets_are_protected_in_generated_and_map_outputs ... ok
2026-10-07T11:09:34.9296190Z test every_generated_file_rejects_a_hard_link_to_an_imported_source ... ok
2026-10-07T11:09:34.9371360Z test loaded_empty_module_filters_produce_empty_type_and_call_graphs ... ok
2026-10-07T11:09:34.9607660Z test native_low_is_not_replaced_by_check_or_lower_output ... ok
2026-10-07T11:09:34.9778020Z test symlinked_generated_paths_preserve_all_inputs ... ok
2026-10-07T11:09:34.9927210Z test repeated_checks_and_build_preparation_keep_existing_generated_outputs_usable ... ok
2026-10-07T11:09:35.1954680Z test map_formats_protect_hard_links_to_sources_manifest_and_rust_adapter ... ok
2026-10-07T11:09:35.1955090Z 
2026-10-07T11:09:35.1958340Z test result: ok. 10 passed; 0 failed; 0 ignored; 0 measured; 0 filtered out; finished in 0.32s
2026-10-07T11:09:35.1959270Z 
2026-10-07T11:09:35.1961400Z [1m[92m     Running[0m tests/project.rs (target/debug/deps/project-105f50c315eca308)
2026-10-07T11:09:35.2067350Z 
2026-10-07T11:09:35.2068080Z running 12 tests
2026-10-07T11:09:35.2303440Z test actual_cli_manifest_and_import_errors_point_to_original_files ... ok
2026-10-07T11:09:35.2404970Z test actual_cli_checks_entry_with_low_support_from_a_subdirectory ... ok
2026-10-07T11:09:35.2506320Z test cli_overrides_scalars_and_dependency_versions_and_adds_native_files ... ok
2026-10-07T11:09:35.2611300Z test dependency_alias_collision_across_manifest_and_cli_is_rejected ... ok
2026-10-07T11:09:36.4321070Z test a_borrowed_record_field_does_not_block_moving_a_disjoint_field ... ok
2026-10-07T11:09:36.4423220Z test explicit_source_keeps_legacy_behavior_even_next_to_a_broken_manifest ... ok
2026-10-07T11:09:36.4477910Z test invalid_commands_and_flags_fail_before_loading_sources ... ok
2026-10-07T11:09:36.4579380Z test manifest_typos_wrong_types_duplicates_and_empty_paths_are_rejected ... ok
2026-10-07T11:09:36.4685140Z test nearest_project_uses_manifest_relative_paths_from_any_subdirectory ... ok
2026-10-07T11:09:36.4787090Z test rust_diagnostic_details_are_an_explicit_build_or_run_option ... ok
2026-10-07T11:09:38.3817510Z test escaped_record_and_route_names_preserve_json_sqlite_and_rust_bridges ... ok
2026-10-07T11:10:31.5133810Z test actual_run_uses_rust_dependencies_and_a_stable_project_working_directory ... ok
2026-10-07T11:10:31.5151240Z [1m[92m     Running[0m tests/scope_runtime_contract.rs (target/debug/deps/scope_runtime_contract-5c2b461310a9a343)
2026-10-07T11:10:31.5178790Z 
2026-10-07T11:10:31.5280370Z test result: ok. 12 passed; 0 failed; 0 ignored; 0 measured; 0 filtered out; finished in 56.30s
2026-10-07T11:10:31.5379640Z 
2026-10-07T11:10:31.5506720Z 
2026-10-07T11:10:31.5508110Z running 1 test
2026-10-07T11:10:40.5830560Z test generated_scope_failure_and_cancellation_contract_runs_with_the_real_runtime ... ok
2026-10-07T11:10:40.5853400Z [1m[92m     Running[0m tests/shared_field_moves.rs (target/debug/deps/shared_field_moves-51daf1c15414f83f)
2026-10-07T11:10:40.5854910Z 
2026-10-07T11:10:40.5856330Z test result: ok. 1 passed; 0 failed; 0 ignored; 0 measured; 0 filtered out; finished in 9.03s
2026-10-07T11:10:40.5864570Z 
2026-10-07T11:10:40.5995400Z 
2026-10-07T11:10:40.5996080Z running 4 tests
2026-10-07T11:10:40.6285030Z test nested_shared_parents_and_call_temporaries_cannot_supply_owned_fields ... ok
2026-10-07T11:10:40.6594490Z test shared_field_moves_are_rejected_in_each_consuming_context_in_high_and_handwritten_low ... ok
2026-10-07T11:10:40.6659220Z test invalid_shared_field_moves_fail_before_check_build_or_run_needs_cargo ... ok
2026-10-07T11:10:41.4550120Z test valid_arc_moves_copy_fields_and_explicit_copies_run_in_high_and_independent_low ... ok
2026-10-07T11:10:41.4550640Z 
2026-10-07T11:10:41.4551250Z test result: ok. 4 passed; 0 failed; 0 ignored; 0 measured; 0 filtered out; finished in 0.86s
2026-10-07T11:10:41.4551680Z 
2026-10-07T11:10:41.4552670Z [1m[92m     Running[0m tests/shared_target.rs (target/debug/deps/shared_target-58ef4fbab9f74287)
2026-10-07T11:10:41.4649760Z 
2026-10-07T11:10:41.4650830Z running 3 tests
2026-10-07T11:10:41.4687670Z test repeated_timestamps_keep_fixture_ownership_distinct ... ok
2026-10-07T11:10:42.7209050Z test default_shared_targets_keep_application_identity_stable_and_generations_distinct ... ok
2026-10-07T11:10:42.7224140Z test explicitly_shared_targets_keep_application_identity_stable_and_generations_distinct ... ok
2026-10-07T11:10:42.7225390Z 
2026-10-07T11:10:42.7231260Z test result: ok. 3 passed; 0 failed; 0 ignored; 0 measured; 0 filtered out; finished in 1.26s
2026-10-07T11:10:42.7239680Z [1m[92m     Running[0m tests/task_handles.rs (target/debug/deps/task_handles-94832b6fbc85b68e)
2026-10-07T11:10:42.7240020Z 
2026-10-07T11:10:42.7343300Z 
2026-10-07T11:10:42.7344450Z running 8 tests
2026-10-07T11:10:42.7614910Z test canonical_task_metadata_survives_saved_low_and_user_task_names ... ok
2026-10-07T11:10:52.7240170Z test native_business_fault_cleanup_and_branch_contracts ... ok
2026-10-07T11:10:52.7409880Z test raw_check_registers_contextual_task_and_preserves_obligation ... ok
2026-10-07T11:10:55.9919230Z test bounded_generated_task_paths_reach_native ... ok
2026-10-07T11:11:00.5555000Z test task_conditional_consumption::always_evaluated_receipts_and_lazy_values_run_in_three_sources ... ok
2026-10-07T11:11:01.8587590Z test task_service::legacy_supervisor_terminal_and_normal_shutdown_reach_real_http ... ok
2026-10-07T11:11:05.0797940Z test task_service_s2::typed_monitor_preserves_service_errors_shutdown_and_parent_drop ... ok
2026-10-07T11:11:25.2072250Z test positive_contracts_build_and_run_high_saved_and_handwritten_low ... ok
2026-10-07T11:11:25.2075870Z 
2026-10-07T11:11:25.2077770Z test result: ok. 8 passed; 0 failed; 0 ignored; 0 measured; 0 filtered out; finished in 42.47s
2026-10-07T11:11:25.2079550Z 
2026-10-07T11:11:25.2098180Z [1m[92m     Running[0m tests/view_branch_rebinding.rs (target/debug/deps/view_branch_rebinding-d018d5b4fd754151)
2026-10-07T11:11:25.2176590Z 
2026-10-07T11:11:25.2177280Z running 4 tests
2026-10-07T11:11:25.2313140Z test local_views_still_cannot_escape_a_terminating_or_continuing_branch ... ok
2026-10-07T11:11:25.2332620Z test terminating_parent_blocks_respect_loop_and_pattern_binding_names ... ok
2026-10-07T11:11:25.2338730Z test branch_copies_are_synthetic_and_preserve_public_and_callback_lifetimes ... ok
2026-10-07T11:11:25.6760850Z test terminating_view_updates_compile_and_run_in_high_saved_low_and_handwritten_low ... ok
2026-10-07T11:11:25.6761320Z 
2026-10-07T11:11:25.6762400Z test result: ok. 4 passed; 0 failed; 0 ignored; 0 measured; 0 filtered out; finished in 0.46s
2026-10-07T11:11:25.6763550Z [1m[92m     Running[0m tests/view_container_drop.rs (target/debug/deps/view_container_drop-b451aba8ecc3d54c)
2026-10-07T11:11:25.6763950Z 
2026-10-07T11:11:25.6854430Z 
2026-10-07T11:11:25.6854860Z running 1 test
2026-10-07T11:11:26.8671020Z [1m[92m     Running[0m tests/view_container_rebinding.rs (target/debug/deps/view_container_rebinding-1aa8cc160b2ce771)
2026-10-07T11:11:26.8671950Z test local_view_container_replacement_preserves_allocations_and_drop_order ... ok
2026-10-07T11:11:26.8771310Z 
2026-10-07T11:11:26.8807220Z test result: ok. 1 passed; 0 failed; 0 ignored; 0 measured; 0 filtered out; finished in 1.18s
2026-10-07T11:11:26.8808660Z 
2026-10-07T11:11:26.8839750Z 
2026-10-07T11:11:26.8840840Z running 4 tests
2026-10-07T11:11:26.9010910Z test local_container_escape_stays_rejected_in_high_and_low ... ok
2026-10-07T11:11:27.1308140Z test restore_rhs_keeps_its_source_line_and_generated_slots_are_synthetic ... ok
2026-10-07T11:11:27.2893490Z test move_phi_and_mutation_fixtures_use_the_container_flow_plan ... ok
2026-10-07T11:11:28.0335780Z test owning_view_container_rebinding_runs_in_high_saved_low_and_handwritten_low ... ok
2026-10-07T11:11:28.0336230Z 
2026-10-07T11:11:28.0336680Z test result: ok. 4 passed; 0 failed; 0 ignored; 0 measured; 0 filtered out; finished in 1.15s
2026-10-07T11:11:28.0337410Z 
2026-10-07T11:11:28.0338860Z [1m[92m     Running[0m tests/view_flow_completion.rs (target/debug/deps/view_flow_completion-186c5094e1f3e455)
2026-10-07T11:11:28.0499820Z 
2026-10-07T11:11:28.0500860Z running 3 tests
2026-10-07T11:11:28.0646440Z test completion_keeps_local_and_iterator_owner_escape_rejections ... ok
2026-10-07T11:11:28.0914090Z test scopes_keep_lexical_storage_and_route_nested_errors ... ok
2026-10-07T11:11:29.1118000Z test owned_storage_loops_and_async_compile_and_run_in_all_source_forms ... ok
2026-10-07T11:11:29.1118380Z 
2026-10-07T11:11:29.1118770Z test result: ok. 3 passed; 0 failed; 0 ignored; 0 measured; 0 filtered out; finished in 1.06s
2026-10-07T11:11:29.1119890Z 
2026-10-07T11:11:29.1121340Z [1m[92m     Running[0m tests/view_flow_foundation.rs (target/debug/deps/view_flow_foundation-795403ec214f79ad)
2026-10-07T11:11:29.1216660Z 
2026-10-07T11:11:29.1217430Z running 2 tests
2026-10-07T11:11:29.1790660Z test observer_lowering_does_not_accept_local_owner_escapes ... ok
2026-10-07T11:11:29.9059610Z test return_observers_and_match_edges_compile_and_run_in_all_source_forms ... ok
2026-10-07T11:11:29.9059970Z 
2026-10-07T11:11:29.9060470Z test result: ok. 2 passed; 0 failed; 0 ignored; 0 measured; 0 filtered out; finished in 0.78s
2026-10-07T11:11:29.9060890Z 
2026-10-07T11:11:29.9267270Z ##[group]Run cargo test --locked -p nagic --test sqlite_contract_inputs
2026-10-07T11:11:29.9267980Z [36;1mcargo test --locked -p nagic --test sqlite_contract_inputs[0m
2026-10-07T11:11:29.9582120Z shell: /bin/bash -e {0}
2026-10-07T11:11:29.9582910Z env:
2026-10-07T11:11:29.9583690Z   NAGI_FAILURE_DIR: /Users/runner/work/Nagi/Nagi/build/compiler-failures
2026-10-07T11:11:29.9584920Z   CARGO_HOME: /Users/runner/.cargo
2026-10-07T11:11:29.9585220Z   CARGO_INCREMENTAL: 0
2026-10-07T11:11:29.9585510Z   CARGO_TERM_COLOR: always
2026-10-07T11:11:29.9585970Z   pythonLocation: /Users/runner/hostedtoolcache/Python/3.12.10/arm64
2026-10-07T11:11:29.9586450Z   PKG_CONFIG_PATH: /Users/runner/hostedtoolcache/Python/3.12.10/arm64/lib/pkgconfig
2026-10-07T11:11:29.9587020Z   Python_ROOT_DIR: /Users/runner/hostedtoolcache/Python/3.12.10/arm64
2026-10-07T11:11:29.9587470Z   Python2_ROOT_DIR: /Users/runner/hostedtoolcache/Python/3.12.10/arm64
2026-10-07T11:11:29.9587970Z   Python3_ROOT_DIR: /Users/runner/hostedtoolcache/Python/3.12.10/arm64
2026-10-07T11:11:29.9588350Z ##[endgroup]
2026-10-07T11:11:30.0965000Z [1m[92m   Compiling[0m nagic v0.1.11 (/Users/runner/work/Nagi/Nagi/compiler)
2026-10-07T11:11:30.3363900Z [1m[92m    Finished[0m `test` profile [unoptimized + debuginfo] target(s) in 0.29s
2026-10-07T11:11:30.3382220Z [1m[92m     Running[0m tests/sqlite_contract_inputs.rs (target/debug/deps/sqlite_contract_inputs-d979839182dd034d)
2026-10-07T11:11:30.3431340Z 
2026-10-07T11:11:30.3431860Z running 2 tests
2026-10-07T11:11:30.3541690Z test planned_rejection_anchors_identify_original_fixture_lines_and_lexer_tokens ... ok
2026-10-07T11:11:30.3551130Z test every_planned_high_and_handwritten_low_input_parses_before_module_resolution ... ok
2026-10-07T11:11:30.3551570Z 
2026-10-07T11:11:30.3551990Z test result: ok. 2 passed; 0 failed; 0 ignored; 0 measured; 0 filtered out; finished in 0.01s
2026-10-07T11:11:30.3552490Z 
2026-10-07T11:11:30.3615200Z ##[group]Run set -o pipefail
2026-10-07T11:11:30.3615610Z [36;1mset -o pipefail[0m
2026-10-07T11:11:30.3616220Z [36;1mcargo test --locked -p nagi-runtime --lib task::tests:: 2>&1 | tee "$RUNNER_TEMP/task-runtime.log"[0m
2026-10-07T11:11:30.3617160Z [36;1mpython -c 'import pathlib,re,os; text=pathlib.Path(os.environ["RUNNER_TEMP"],"task-runtime.log").read_text(); assert re.search(r"test result: ok\. 17 passed; 0 failed; 0 ignored;",text),text'[0m
2026-10-07T11:11:30.3617920Z [36;1mcargo test --locked -p nagi-runtime --test task_handles[0m
2026-10-07T11:11:30.3618370Z [36;1mcargo test --locked -p nagi-runtime --doc[0m
2026-10-07T11:11:30.3652870Z shell: /bin/bash --noprofile --norc -e -o pipefail {0}
2026-10-07T11:11:30.3653200Z env:
2026-10-07T11:11:30.3653510Z   NAGI_FAILURE_DIR: /Users/runner/work/Nagi/Nagi/build/compiler-failures
2026-10-07T11:11:30.3653990Z   CARGO_HOME: /Users/runner/.cargo
2026-10-07T11:11:30.3654260Z   CARGO_INCREMENTAL: 0
2026-10-07T11:11:30.3654560Z   CARGO_TERM_COLOR: always
2026-10-07T11:11:30.3654910Z   pythonLocation: /Users/runner/hostedtoolcache/Python/3.12.10/arm64
2026-10-07T11:11:30.3655410Z   PKG_CONFIG_PATH: /Users/runner/hostedtoolcache/Python/3.12.10/arm64/lib/pkgconfig
2026-10-07T11:11:30.3656020Z   Python_ROOT_DIR: /Users/runner/hostedtoolcache/Python/3.12.10/arm64
2026-10-07T11:11:30.3656680Z   Python2_ROOT_DIR: /Users/runner/hostedtoolcache/Python/3.12.10/arm64
2026-10-07T11:11:30.3657190Z   Python3_ROOT_DIR: /Users/runner/hostedtoolcache/Python/3.12.10/arm64
2026-10-07T11:11:30.3657540Z ##[endgroup]
2026-10-07T11:11:30.4922210Z [1m[92m   Compiling[0m nagi-runtime v0.1.11 (/Users/runner/work/Nagi/Nagi/runtime)
2026-10-07T11:11:44.2525390Z [1m[92m    Finished[0m `test` profile [unoptimized + debuginfo] target(s) in 13.84s
2026-10-07T11:11:44.2715260Z [1m[92m     Running[0m unittests src/lib.rs (target/debug/deps/nagi_runtime-cd28aeb5ce2f1769)
2026-10-07T11:11:44.2772310Z 
2026-10-07T11:11:44.2774030Z running 17 tests
2026-10-07T11:11:44.2839760Z test task::tests::cancelled_drain_can_resume_after_child_drop_gate ... ok
2026-10-07T11:11:44.2844920Z test task::tests::discard_keeps_fault_and_legacy_error_observation ... ok
2026-10-07T11:11:44.2847720Z test task::tests::fault_return_waits_for_requested_sibling_cleanup_and_actual_join ... ok
2026-10-07T11:11:44.2855390Z test task::tests::heterogeneous_results_and_business_error_keep_sibling_healthy ... ok
2026-10-07T11:11:44.2862520Z test task::tests::legacy_structured_cause_preserves_kind_message_and_primary_after_later_fault ... ok
2026-10-07T11:11:44.2866350Z test task::tests::parent_drop_requests_abort_but_does_not_report_child_destruction_complete ... ok
2026-10-07T11:11:44.2867510Z test task::tests::payload_drop_locations_distinguish_failed_send_buffer_and_received_value ... ok
2026-10-07T11:11:44.2868150Z test task::tests::received_fault_remains_sticky_at_scope_exit ... ok
2026-10-07T11:11:44.2868960Z test task::tests::fake_native_id_reuse_does_not_mix_unreceived_tickets_and_retire_records ... ok
2026-10-07T11:11:44.2869910Z test task::tests::requested_cancel_does_not_hide_already_returned_legacy_error ... ok
2026-10-07T11:11:44.2870520Z test task::tests::receiver_notification_cannot_replace_actual_join ... ok
2026-10-07T11:11:44.2871250Z test task::tests::spawn_after_fault_keeps_input_evaluation_and_actual_join_responsibility ... ok
2026-10-07T11:11:44.2872030Z test task::tests::requested_cancel_preserves_panic_and_unrequested_cancel_is_fault ... ok
2026-10-07T11:11:44.2872780Z test task::tests::target_other_than_first_join_and_body_error_primary_are_preserved ... ok
2026-10-07T11:11:44.2873890Z test task::tests::unpolled_and_pending_receive_drop_keep_scope_join_responsibility ... ok
2026-10-07T11:11:44.2874670Z test task::tests::wrong_owner_and_missing_output_are_protocol_errors_without_stolen_join ... ok
2026-10-07T11:11:44.2887430Z test task::tests::sticky_receive_retires_its_joined_ticket ... ok
2026-10-07T11:11:44.2887680Z 
2026-10-07T11:11:44.2888840Z test result: ok. 17 passed; 0 failed; 0 ignored; 0 measured; 191 filtered out; finished in 0.01s
2026-10-07T11:11:44.2889300Z 
2026-10-07T11:11:44.6905780Z [1m[92m   Compiling[0m nagi-runtime v0.1.11 (/Users/runner/work/Nagi/Nagi/runtime)
2026-10-07T11:11:48.0447430Z [1m[92m    Finished[0m `test` profile [unoptimized + debuginfo] target(s) in 3.57s
2026-10-07T11:11:48.0518200Z [1m[92m     Running[0m tests/task_handles.rs (target/debug/deps/task_handles-67174b014eed5515)
2026-10-07T11:11:48.0550850Z 
2026-10-07T11:11:48.0574860Z running 3 tests
2026-10-07T11:11:48.0578630Z test public_mixed_legacy_failure_keeps_failure_category_and_native_exit_error ... ok
2026-10-07T11:11:48.0580420Z test public_task_results_keep_business_error_inside_and_legacy_error_at_exit ... ok
2026-10-07T11:11:48.0581170Z test public_failure_getters_keep_fault_sticky_after_receive ... ok
2026-10-07T11:11:48.0581580Z 
2026-10-07T11:11:48.0582090Z test result: ok. 3 passed; 0 failed; 0 ignored; 0 measured; 0 filtered out; finished in 0.00s
2026-10-07T11:11:48.0582550Z 
2026-10-07T11:11:48.1203540Z [1m[92m    Finished[0m `test` profile [unoptimized + debuginfo] target(s) in 0.04s
2026-10-07T11:11:48.1222530Z [1m[92m   Doc-tests[0m nagi_runtime
2026-10-07T11:11:48.2396570Z 
2026-10-07T11:11:48.2397740Z running 9 tests
2026-10-07T11:11:48.2959750Z test runtime/src/auth.rs - auth::Principal (line 13) - compile fail ... ok
2026-10-07T11:11:48.3112130Z test runtime/src/auth.rs - auth::Grant (line 53) - compile fail ... ok
2026-10-07T11:11:48.3977300Z test runtime/src/auth.rs - auth::Principal (line 16) - compile fail ... ok
2026-10-07T11:11:48.4087600Z test runtime/src/auth.rs - auth::Principal (line 20) - compile fail ... ok
2026-10-07T11:11:48.4210580Z test runtime/src/auth.rs - auth::Grant (line 48) - compile fail ... ok
2026-10-07T11:11:48.4551350Z test runtime/src/task.rs - task::Task (line 87) - compile fail ... ok
2026-10-07T11:11:48.4651670Z test runtime/src/task.rs - task::Task (line 94) - compile fail ... ok
2026-10-07T11:11:48.4711160Z test runtime/src/task.rs - task::Task (line 83) - compile fail ... ok
2026-10-07T11:11:48.5121930Z test runtime/src/task.rs - task::TaskFailure (line 59) - compile fail ... ok
2026-10-07T11:11:48.5122360Z 
2026-10-07T11:11:48.5123660Z test result: ok. 9 passed; 0 failed; 0 ignored; 0 measured; 0 filtered out; finished in 0.27s
2026-10-07T11:11:48.5125060Z 
2026-10-07T11:11:48.5245380Z ##[group]Run cargo run --locked -p nagic --example task-contract-red -- --report "$RUNNER_TEMP/task-contracts.json"
2026-10-07T11:11:48.5248000Z [36;1mcargo run --locked -p nagic --example task-contract-red -- --report "$RUNNER_TEMP/task-contracts.json"[0m
2026-10-07T11:11:48.5301930Z shell: /bin/bash --noprofile --norc -e -o pipefail {0}
2026-10-07T11:11:48.5302350Z env:
2026-10-07T11:11:48.5302650Z   NAGI_FAILURE_DIR: /Users/runner/work/Nagi/Nagi/build/compiler-failures
2026-10-07T11:11:48.5303220Z   CARGO_HOME: /Users/runner/.cargo
2026-10-07T11:11:48.5303560Z   CARGO_INCREMENTAL: 0
2026-10-07T11:11:48.5303790Z   CARGO_TERM_COLOR: always
2026-10-07T11:11:48.5304290Z   pythonLocation: /Users/runner/hostedtoolcache/Python/3.12.10/arm64
2026-10-07T11:11:48.5304750Z   PKG_CONFIG_PATH: /Users/runner/hostedtoolcache/Python/3.12.10/arm64/lib/pkgconfig
2026-10-07T11:11:48.5305300Z   Python_ROOT_DIR: /Users/runner/hostedtoolcache/Python/3.12.10/arm64
2026-10-07T11:11:48.5306120Z   Python2_ROOT_DIR: /Users/runner/hostedtoolcache/Python/3.12.10/arm64
2026-10-07T11:11:48.5306570Z   Python3_ROOT_DIR: /Users/runner/hostedtoolcache/Python/3.12.10/arm64
2026-10-07T11:11:48.5307040Z ##[endgroup]
2026-10-07T11:11:48.6386970Z [1m[92m   Compiling[0m nagic v0.1.11 (/Users/runner/work/Nagi/Nagi/compiler)
2026-10-07T11:11:49.0937650Z [1m[92m    Finished[0m `dev` profile [unoptimized + debuginfo] target(s) in 0.49s
2026-10-07T11:11:49.0955080Z [1m[92m     Running[0m `target/debug/examples/task-contract-red --report /Users/runner/work/_temp/task-contracts.json`
2026-10-07T11:11:49.7496550Z Task contracts: 148/148 matched; report: /Users/runner/work/_temp/task-contracts.json
2026-10-07T11:11:49.7534110Z ##[group]Run python scripts/verify_library_examples.py --only task-results
2026-10-07T11:11:49.7534560Z [36;1mpython scripts/verify_library_examples.py --only task-results[0m
2026-10-07T11:11:49.7566240Z shell: /bin/bash -e {0}
2026-10-07T11:11:49.7566420Z env:
2026-10-07T11:11:49.7566670Z   NAGI_FAILURE_DIR: /Users/runner/work/Nagi/Nagi/build/compiler-failures
2026-10-07T11:11:49.7567030Z   CARGO_HOME: /Users/runner/.cargo
2026-10-07T11:11:49.7567350Z   CARGO_INCREMENTAL: 0
2026-10-07T11:11:49.7567650Z   CARGO_TERM_COLOR: always
2026-10-07T11:11:49.7567910Z   pythonLocation: /Users/runner/hostedtoolcache/Python/3.12.10/arm64
2026-10-07T11:11:49.7568470Z   PKG_CONFIG_PATH: /Users/runner/hostedtoolcache/Python/3.12.10/arm64/lib/pkgconfig
2026-10-07T11:11:49.7569120Z   Python_ROOT_DIR: /Users/runner/hostedtoolcache/Python/3.12.10/arm64
2026-10-07T11:11:49.7569490Z   Python2_ROOT_DIR: /Users/runner/hostedtoolcache/Python/3.12.10/arm64
2026-10-07T11:11:49.7569990Z   Python3_ROOT_DIR: /Users/runner/hostedtoolcache/Python/3.12.10/arm64
2026-10-07T11:11:49.7570300Z ##[endgroup]
2026-10-07T11:11:52.0071310Z Passed: task-results (high)
2026-10-07T11:11:53.9558790Z Passed: task-results (saved-low)
2026-10-07T11:11:55.5332170Z Passed: task-results (handwritten-low)
2026-10-07T11:11:55.5372700Z {"forms": 3, "status": "passed"}
2026-10-07T11:11:55.5488090Z ##[group]Run python scripts/verify_library_examples.py --only supervised-service
2026-10-07T11:11:55.5488630Z [36;1mpython scripts/verify_library_examples.py --only supervised-service[0m
2026-10-07T11:11:55.5526200Z shell: /bin/bash -e {0}
2026-10-07T11:11:55.5526410Z env:
2026-10-07T11:11:55.5526690Z   NAGI_FAILURE_DIR: /Users/runner/work/Nagi/Nagi/build/compiler-failures
2026-10-07T11:11:55.5527160Z   CARGO_HOME: /Users/runner/.cargo
2026-10-07T11:11:55.5527410Z   CARGO_INCREMENTAL: 0
2026-10-07T11:11:55.5527620Z   CARGO_TERM_COLOR: always
2026-10-07T11:11:55.5527900Z   pythonLocation: /Users/runner/hostedtoolcache/Python/3.12.10/arm64
2026-10-07T11:11:55.5528300Z   PKG_CONFIG_PATH: /Users/runner/hostedtoolcache/Python/3.12.10/arm64/lib/pkgconfig
2026-10-07T11:11:55.5528780Z   Python_ROOT_DIR: /Users/runner/hostedtoolcache/Python/3.12.10/arm64
2026-10-07T11:11:55.5529180Z   Python2_ROOT_DIR: /Users/runner/hostedtoolcache/Python/3.12.10/arm64
2026-10-07T11:11:55.5529590Z   Python3_ROOT_DIR: /Users/runner/hostedtoolcache/Python/3.12.10/arm64
2026-10-07T11:11:55.5529900Z ##[endgroup]
2026-10-07T11:12:02.2379750Z Passed: supervised-service (high)
2026-10-07T11:12:08.2398940Z Passed: supervised-service (saved-low)
2026-10-07T11:12:14.1094760Z Passed: supervised-service (handwritten-low)
2026-10-07T11:12:14.1143530Z {"forms": 3, "status": "passed"}
2026-10-07T11:12:14.1315750Z ##[group]Run python -m unittest discover -s scripts -p 'test_native_artifacts.py'
2026-10-07T11:12:14.1316660Z [36;1mpython -m unittest discover -s scripts -p 'test_native_artifacts.py'[0m
2026-10-07T11:12:14.1356910Z shell: /bin/bash -e {0}
2026-10-07T11:12:14.1357250Z env:
2026-10-07T11:12:14.1357690Z   NAGI_FAILURE_DIR: /Users/runner/work/Nagi/Nagi/build/compiler-failures
2026-10-07T11:12:14.1358050Z   CARGO_HOME: /Users/runner/.cargo
2026-10-07T11:12:14.1358350Z   CARGO_INCREMENTAL: 0
2026-10-07T11:12:14.1358580Z   CARGO_TERM_COLOR: always
2026-10-07T11:12:14.1358940Z   pythonLocation: /Users/runner/hostedtoolcache/Python/3.12.10/arm64
2026-10-07T11:12:14.1359560Z   PKG_CONFIG_PATH: /Users/runner/hostedtoolcache/Python/3.12.10/arm64/lib/pkgconfig
2026-10-07T11:12:14.1360080Z   Python_ROOT_DIR: /Users/runner/hostedtoolcache/Python/3.12.10/arm64
2026-10-07T11:12:14.1360630Z   Python2_ROOT_DIR: /Users/runner/hostedtoolcache/Python/3.12.10/arm64
2026-10-07T11:12:14.1361130Z   Python3_ROOT_DIR: /Users/runner/hostedtoolcache/Python/3.12.10/arm64
2026-10-07T11:12:14.1361550Z ##[endgroup]
2026-10-07T11:12:14.4031520Z .........
2026-10-07T11:12:14.4033910Z ----------------------------------------------------------------------
2026-10-07T11:12:14.4038080Z Ran 9 tests in 0.046s
2026-10-07T11:12:14.4038980Z 
2026-10-07T11:12:14.4039500Z OK
2026-10-07T11:12:14.4132710Z ##[group]Run python -m unittest discover -s scripts -p 'test_application_native_tests.py'
2026-10-07T11:12:14.4133390Z [36;1mpython -m unittest discover -s scripts -p 'test_application_native_tests.py'[0m
2026-10-07T11:12:14.4171040Z shell: /bin/bash -e {0}
2026-10-07T11:12:14.4171390Z env:
2026-10-07T11:12:14.4171840Z   NAGI_FAILURE_DIR: /Users/runner/work/Nagi/Nagi/build/compiler-failures
2026-10-07T11:12:14.4172440Z   CARGO_HOME: /Users/runner/.cargo
2026-10-07T11:12:14.4173050Z   CARGO_INCREMENTAL: 0
2026-10-07T11:12:14.4173440Z   CARGO_TERM_COLOR: always
2026-10-07T11:12:14.4173830Z   pythonLocation: /Users/runner/hostedtoolcache/Python/3.12.10/arm64
2026-10-07T11:12:14.4174290Z   PKG_CONFIG_PATH: /Users/runner/hostedtoolcache/Python/3.12.10/arm64/lib/pkgconfig
2026-10-07T11:12:14.4174810Z   Python_ROOT_DIR: /Users/runner/hostedtoolcache/Python/3.12.10/arm64
2026-10-07T11:12:14.4175310Z   Python2_ROOT_DIR: /Users/runner/hostedtoolcache/Python/3.12.10/arm64
2026-10-07T11:12:14.4175840Z   Python3_ROOT_DIR: /Users/runner/hostedtoolcache/Python/3.12.10/arm64
2026-10-07T11:12:14.4176250Z ##[endgroup]
2026-10-07T11:12:14.5788910Z .....
2026-10-07T11:12:14.5791420Z ----------------------------------------------------------------------
2026-10-07T11:12:14.5792150Z Ran 5 tests in 0.013s
2026-10-07T11:12:14.5793010Z 
2026-10-07T11:12:14.5793210Z OK
2026-10-07T11:12:14.6277950Z ##[group]Run cargo test --locked -p nagi-runtime oversized_body_ -- --test-threads=1
2026-10-07T11:12:14.6278590Z [36;1mcargo test --locked -p nagi-runtime oversized_body_ -- --test-threads=1[0m
2026-10-07T11:12:14.6356270Z shell: /bin/bash -e {0}
2026-10-07T11:12:14.6356530Z env:
2026-10-07T11:12:14.6356830Z   NAGI_FAILURE_DIR: /Users/runner/work/Nagi/Nagi/build/compiler-failures
2026-10-07T11:12:14.6357280Z   CARGO_HOME: /Users/runner/.cargo
2026-10-07T11:12:14.6357490Z   CARGO_INCREMENTAL: 0
2026-10-07T11:12:14.6357690Z   CARGO_TERM_COLOR: always
2026-10-07T11:12:14.6357990Z   pythonLocation: /Users/runner/hostedtoolcache/Python/3.12.10/arm64
2026-10-07T11:12:14.6358410Z   PKG_CONFIG_PATH: /Users/runner/hostedtoolcache/Python/3.12.10/arm64/lib/pkgconfig
2026-10-07T11:12:14.6358840Z   Python_ROOT_DIR: /Users/runner/hostedtoolcache/Python/3.12.10/arm64
2026-10-07T11:12:14.6359280Z   Python2_ROOT_DIR: /Users/runner/hostedtoolcache/Python/3.12.10/arm64
2026-10-07T11:12:14.6359730Z   Python3_ROOT_DIR: /Users/runner/hostedtoolcache/Python/3.12.10/arm64
2026-10-07T11:12:14.6360040Z ##[endgroup]
2026-10-07T11:12:14.8111970Z [1m[92m    Finished[0m `test` profile [unoptimized + debuginfo] target(s) in 0.09s
2026-10-07T11:12:14.8182470Z [1m[92m     Running[0m unittests src/lib.rs (target/debug/deps/nagi_runtime-cd28aeb5ce2f1769)
2026-10-07T11:12:14.8384110Z 
2026-10-07T11:12:14.8384920Z running 5 tests
2026-10-07T11:12:15.0924640Z test http_server::tests::oversized_body_boundary_accepts_4096_and_incomplete_upload_keeps_body_deadline ... ok
2026-10-07T11:12:15.0979510Z [1m[92m     Running[0m tests/task_handles.rs (target/debug/deps/task_handles-67174b014eed5515)
2026-10-07T11:12:15.0980300Z test http_server::tests::oversized_body_chunked_delivers_413_with_or_without_final_chunk ... ok
2026-10-07T11:12:15.1023540Z test http_server::tests::oversized_body_content_length_delivers_413_without_calling_handler ... ok
2026-10-07T11:12:15.1024720Z test http_server::tests::oversized_body_declared_length_rejects_headers_and_incomplete_upload_promptly ... ok
2026-10-07T11:12:15.1025730Z test http_server::tests::oversized_body_rejects_keep_alive_upload_and_never_dispatches_pipeline ... ok
2026-10-07T11:12:15.1026150Z 
2026-10-07T11:12:15.1026700Z test result: ok. 5 passed; 0 failed; 0 ignored; 0 measured; 203 filtered out; finished in 0.26s
2026-10-07T11:12:15.1027090Z 
2026-10-07T11:12:15.1027210Z 
2026-10-07T11:12:15.1027380Z running 0 tests
2026-10-07T11:12:15.1027580Z 
2026-10-07T11:12:15.1027990Z test result: ok. 0 passed; 0 failed; 0 ignored; 0 measured; 3 filtered out; finished in 0.00s
2026-10-07T11:12:15.1028370Z 
2026-10-07T11:12:15.1058050Z ##[group]Run cargo test --locked -p nagi-runtime panic_ -- --test-threads=1
2026-10-07T11:12:15.1058580Z [36;1mcargo test --locked -p nagi-runtime panic_ -- --test-threads=1[0m
2026-10-07T11:12:15.1090370Z shell: /bin/bash -e {0}
2026-10-07T11:12:15.1090570Z env:
2026-10-07T11:12:15.1090850Z   NAGI_FAILURE_DIR: /Users/runner/work/Nagi/Nagi/build/compiler-failures
2026-10-07T11:12:15.1091170Z   CARGO_HOME: /Users/runner/.cargo
2026-10-07T11:12:15.1091420Z   CARGO_INCREMENTAL: 0
2026-10-07T11:12:15.1091610Z   CARGO_TERM_COLOR: always
2026-10-07T11:12:15.1091880Z   pythonLocation: /Users/runner/hostedtoolcache/Python/3.12.10/arm64
2026-10-07T11:12:15.1092320Z   PKG_CONFIG_PATH: /Users/runner/hostedtoolcache/Python/3.12.10/arm64/lib/pkgconfig
2026-10-07T11:12:15.1092740Z   Python_ROOT_DIR: /Users/runner/hostedtoolcache/Python/3.12.10/arm64
2026-10-07T11:12:15.1093110Z   Python2_ROOT_DIR: /Users/runner/hostedtoolcache/Python/3.12.10/arm64
2026-10-07T11:12:15.1093520Z   Python3_ROOT_DIR: /Users/runner/hostedtoolcache/Python/3.12.10/arm64
2026-10-07T11:12:15.1093840Z ##[endgroup]
2026-10-07T11:12:15.1956420Z [1m[92m    Finished[0m `test` profile [unoptimized + debuginfo] target(s) in 0.04s
2026-10-07T11:12:15.1976720Z [1m[92m     Running[0m unittests src/lib.rs (target/debug/deps/nagi_runtime-cd28aeb5ce2f1769)
2026-10-07T11:12:15.2007400Z 
2026-10-07T11:12:15.2007710Z running 18 tests
2026-10-07T11:12:15.2686760Z test actor::lifecycle_adversarial_tests::a_blocking_panic_payload_destructor_remains_a_retained_child_obligation ... ok
2026-10-07T11:12:15.2690800Z test actor::lifecycle_adversarial_tests::a_factory_constructor_panic_does_not_lose_the_context_cleanup_obligation ... ok
2026-10-07T11:12:15.3332440Z test actor::lifecycle_adversarial_tests::a_finite_follow_on_panic_payload_retains_the_guard_and_context_until_drop_finishes ... ok
2026-10-07T11:12:15.3336850Z test actor::lifecycle_adversarial_tests::a_panic_payload_destructor_can_observe_and_stop_its_group_without_a_lock_cycle ... ok
2026-10-07T11:12:15.3339380Z test actor::lifecycle_adversarial_tests::context_owned_by_a_child_panic_payload_is_cleaned_before_final_context_cleanup ... ok
2026-10-07T11:12:15.3368370Z test concurrent::tests::panic_isolated ... ok
2026-10-07T11:12:15.3524770Z test http::panic_tests::handler_extractor_and_response_panics_return_sanitized_500_for_get_and_head ... ok
2026-10-07T11:12:15.5610800Z test http_server::tests::handler_panic_after_deadline_returns_500_and_releases_admission ... ok
2026-10-07T11:12:15.5662860Z test http_server::tests::panic_tests::http_error_mapper_panic_returns_500 ... ok
2026-10-07T11:12:15.5663590Z test http_server::tests::panic_tests::http_handler_constructor_panic_returns_500 ... ok
2026-10-07T11:12:15.5664280Z test http_server::tests::panic_tests::http_handler_division_by_zero_returns_500_and_server_keeps_serving ... ok
2026-10-07T11:12:15.5665000Z test http_server::tests::panic_tests::http_handler_out_of_bounds_returns_500_and_server_keeps_serving ... ok
2026-10-07T11:12:15.5666140Z test http_server::tests::panic_tests::http_handler_panic_after_await_returns_500_without_exposing_payload ... ok
2026-10-07T11:12:15.5666830Z test http_server::tests::panic_tests::http_handler_panic_head_response_has_no_body ... ok
2026-10-07T11:12:15.5737410Z test sqlite_prototype::adapter_tests::callback_panic_retires_pool_and_join_does_not_hide_native_close_failure ... ok
2026-10-07T11:12:15.5739620Z test sqlite_prototype::tests::management_panic_restores_raii_flag_before_observed_rollback_and_retirement ... ok
2026-10-07T11:12:15.5750210Z test sqlite_prototype::tests::user_callback_panic_restores_management_state_and_retires_worker ... ok
2026-10-07T11:12:15.5782600Z test task::tests::requested_cancel_preserves_panic_and_unrequested_cancel_is_fault ... ok
2026-10-07T11:12:15.5785000Z [1m[92m     Running[0m tests/task_handles.rs (target/debug/deps/task_handles-67174b014eed5515)
2026-10-07T11:12:15.5785350Z 
2026-10-07T11:12:15.5786300Z test result: ok. 18 passed; 0 failed; 0 ignored; 0 measured; 190 filtered out; finished in 0.38s
2026-10-07T11:12:15.5786640Z 
2026-10-07T11:12:15.5810770Z 
2026-10-07T11:12:15.5811100Z running 0 tests
2026-10-07T11:12:15.5811250Z 
2026-10-07T11:12:15.5811640Z test result: ok. 0 passed; 0 failed; 0 ignored; 0 measured; 3 filtered out; finished in 0.00s
2026-10-07T11:12:15.5812430Z 
2026-10-07T11:12:15.5861970Z ##[group]Run cargo test --locked -p nagi-runtime handler_timeout_ -- --test-threads=1
2026-10-07T11:12:15.5862550Z [36;1mcargo test --locked -p nagi-runtime handler_timeout_ -- --test-threads=1[0m
2026-10-07T11:12:15.5896040Z shell: /bin/bash -e {0}
2026-10-07T11:12:15.5896280Z env:
2026-10-07T11:12:15.5896510Z   NAGI_FAILURE_DIR: /Users/runner/work/Nagi/Nagi/build/compiler-failures
2026-10-07T11:12:15.5896830Z   CARGO_HOME: /Users/runner/.cargo
2026-10-07T11:12:15.5897040Z   CARGO_INCREMENTAL: 0
2026-10-07T11:12:15.5897240Z   CARGO_TERM_COLOR: always
2026-10-07T11:12:15.5897590Z   pythonLocation: /Users/runner/hostedtoolcache/Python/3.12.10/arm64
2026-10-07T11:12:15.5898090Z   PKG_CONFIG_PATH: /Users/runner/hostedtoolcache/Python/3.12.10/arm64/lib/pkgconfig
2026-10-07T11:12:15.5898590Z   Python_ROOT_DIR: /Users/runner/hostedtoolcache/Python/3.12.10/arm64
2026-10-07T11:12:15.5899020Z   Python2_ROOT_DIR: /Users/runner/hostedtoolcache/Python/3.12.10/arm64
2026-10-07T11:12:15.5899700Z   Python3_ROOT_DIR: /Users/runner/hostedtoolcache/Python/3.12.10/arm64
2026-10-07T11:12:15.5900000Z ##[endgroup]
2026-10-07T11:12:15.6722880Z [1m[92m    Finished[0m `test` profile [unoptimized + debuginfo] target(s) in 0.04s
2026-10-07T11:12:15.6741310Z [1m[92m     Running[0m unittests src/lib.rs (target/debug/deps/nagi_runtime-cd28aeb5ce2f1769)
2026-10-07T11:12:15.6773590Z 
2026-10-07T11:12:15.6774270Z running 2 tests
2026-10-07T11:12:15.7866990Z test http_server::tests::handler_timeout_cancels_future_and_releases_request_capacity ... ok
2026-10-07T11:12:15.9351490Z test http_server::tests::handler_timeout_rejects_a_ready_response_after_blocking_poll ... ok
2026-10-07T11:12:15.9351840Z 
2026-10-07T11:12:15.9353130Z test result: ok. 2 passed; 0 failed; 0 ignored; 0 measured; 206 filtered out; finished in 0.26s
2026-10-07T11:12:15.9354120Z 
2026-10-07T11:12:15.9356040Z [1m[92m     Running[0m tests/task_handles.rs (target/debug/deps/task_handles-67174b014eed5515)
2026-10-07T11:12:15.9377780Z 
2026-10-07T11:12:15.9378550Z running 0 tests
2026-10-07T11:12:15.9378920Z 
2026-10-07T11:12:15.9379960Z test result: ok. 0 passed; 0 failed; 0 ignored; 0 measured; 3 filtered out; finished in 0.00s
2026-10-07T11:12:15.9382540Z 
2026-10-07T11:12:15.9426600Z ##[group]Run python scripts/releases/package.py --binary "target/release/$RELEASE_EXECUTABLE" --version "$RELEASE_VERSION" --platform "$RELEASE_PLATFORM"
2026-10-07T11:12:15.9427500Z [36;1mpython scripts/releases/package.py --binary "target/release/$RELEASE_EXECUTABLE" --version "$RELEASE_VERSION" --platform "$RELEASE_PLATFORM"[0m
2026-10-07T11:12:15.9461800Z shell: /bin/bash --noprofile --norc -e -o pipefail {0}
2026-10-07T11:12:15.9462070Z env:
2026-10-07T11:12:15.9462360Z   NAGI_FAILURE_DIR: /Users/runner/work/Nagi/Nagi/build/compiler-failures
2026-10-07T11:12:15.9462770Z   CARGO_HOME: /Users/runner/.cargo
2026-10-07T11:12:15.9463020Z   CARGO_INCREMENTAL: 0
2026-10-07T11:12:15.9463200Z   CARGO_TERM_COLOR: always
2026-10-07T11:12:15.9463490Z   pythonLocation: /Users/runner/hostedtoolcache/Python/3.12.10/arm64
2026-10-07T11:12:15.9463910Z   PKG_CONFIG_PATH: /Users/runner/hostedtoolcache/Python/3.12.10/arm64/lib/pkgconfig
2026-10-07T11:12:15.9464360Z   Python_ROOT_DIR: /Users/runner/hostedtoolcache/Python/3.12.10/arm64
2026-10-07T11:12:15.9464740Z   Python2_ROOT_DIR: /Users/runner/hostedtoolcache/Python/3.12.10/arm64
2026-10-07T11:12:15.9465120Z   Python3_ROOT_DIR: /Users/runner/hostedtoolcache/Python/3.12.10/arm64
2026-10-07T11:12:15.9465410Z   RELEASE_VERSION: 0.1.11
2026-10-07T11:12:15.9465600Z   RELEASE_PLATFORM: macos-arm64
2026-10-07T11:12:15.9465860Z   RELEASE_EXECUTABLE: nagic
2026-10-07T11:12:15.9466040Z ##[endgroup]
2026-10-07T11:12:16.5144390Z /Users/runner/work/Nagi/Nagi/build/distribution/nagi-0.1.11-macos-arm64.tar.gz
2026-10-07T11:12:16.5232500Z ##[group]Run python - <<'PY'
2026-10-07T11:12:16.5232890Z [36;1mpython - <<'PY'[0m
2026-10-07T11:12:16.5233090Z [36;1mimport os, sys[0m
2026-10-07T11:12:16.5233290Z [36;1mfrom pathlib import Path[0m
2026-10-07T11:12:16.5233650Z [36;1msys.path.insert(0, 'scripts/releases')[0m
2026-10-07T11:12:16.5233990Z [36;1mfrom verify import verify[0m
2026-10-07T11:12:16.5234350Z [36;1mversion, platform = os.environ['RELEASE_VERSION'], os.environ['RELEASE_PLATFORM'][0m
2026-10-07T11:12:16.5234780Z [36;1msuffix = '.zip' if os.name == 'nt' else '.tar.gz'[0m
2026-10-07T11:12:16.5235270Z [36;1mverify(Path('build/distribution') / f'nagi-{version}-{platform}{suffix}', version, platform, Path('native-target'))[0m
2026-10-07T11:12:16.5235720Z [36;1mPY[0m
2026-10-07T11:12:16.5271260Z shell: /bin/bash --noprofile --norc -e -o pipefail {0}
2026-10-07T11:12:16.5271540Z env:
2026-10-07T11:12:16.5271810Z   NAGI_FAILURE_DIR: /Users/runner/work/Nagi/Nagi/build/compiler-failures
2026-10-07T11:12:16.5272180Z   CARGO_HOME: /Users/runner/.cargo
2026-10-07T11:12:16.5272420Z   CARGO_INCREMENTAL: 0
2026-10-07T11:12:16.5272650Z   CARGO_TERM_COLOR: always
2026-10-07T11:12:16.5272920Z   pythonLocation: /Users/runner/hostedtoolcache/Python/3.12.10/arm64
2026-10-07T11:12:16.5273550Z   PKG_CONFIG_PATH: /Users/runner/hostedtoolcache/Python/3.12.10/arm64/lib/pkgconfig
2026-10-07T11:12:16.5273970Z   Python_ROOT_DIR: /Users/runner/hostedtoolcache/Python/3.12.10/arm64
2026-10-07T11:12:16.5274350Z   Python2_ROOT_DIR: /Users/runner/hostedtoolcache/Python/3.12.10/arm64
2026-10-07T11:12:16.5274690Z   Python3_ROOT_DIR: /Users/runner/hostedtoolcache/Python/3.12.10/arm64
2026-10-07T11:12:16.5274970Z   RELEASE_VERSION: 0.1.11
2026-10-07T11:12:16.5275160Z   RELEASE_PLATFORM: macos-arm64
2026-10-07T11:12:16.5275360Z   RELEASE_EXECUTABLE: nagic
2026-10-07T11:12:16.5275540Z ##[endgroup]
2026-10-07T11:12:32.3303680Z Verified SQL engine: extracted compiler, offline schema, bad columns/binds, Nagi locations, no Cargo/runtime
2026-10-07T11:12:32.3346950Z Verified 0.1.11 macos-arm64: PATH, external projects, version, help, function aliases, shared/borrowed JSON, early Nagi diagnostics
2026-10-07T11:12:32.3355000Z Verified local Rust dependency: manifest-relative path, package alias, features, default-features, separate cwd/output
2026-10-07T11:12:32.3394820Z Verified standard actor library: extracted runtime, typed context, task, tracked cleanup
2026-10-07T11:12:32.3404950Z Verified Task handles: extracted compiler/runtime, High/saved Low/handwritten Low, receive/discard, nested business Err, early ownership diagnostics
2026-10-07T11:12:32.3550730Z ##[group]Run python tests/route_integration.py
2026-10-07T11:12:32.3551170Z [36;1mpython tests/route_integration.py[0m
2026-10-07T11:12:32.3588770Z shell: /bin/bash -e {0}
2026-10-07T11:12:32.3589080Z env:
2026-10-07T11:12:32.3589410Z   NAGI_FAILURE_DIR: /Users/runner/work/Nagi/Nagi/build/compiler-failures
2026-10-07T11:12:32.3589890Z   CARGO_HOME: /Users/runner/.cargo
2026-10-07T11:12:32.3590180Z   CARGO_INCREMENTAL: 0
2026-10-07T11:12:32.3590500Z   CARGO_TERM_COLOR: always
2026-10-07T11:12:32.3590910Z   pythonLocation: /Users/runner/hostedtoolcache/Python/3.12.10/arm64
2026-10-07T11:12:32.3591460Z   PKG_CONFIG_PATH: /Users/runner/hostedtoolcache/Python/3.12.10/arm64/lib/pkgconfig
2026-10-07T11:12:32.3592010Z   Python_ROOT_DIR: /Users/runner/hostedtoolcache/Python/3.12.10/arm64
2026-10-07T11:12:32.3592530Z   Python2_ROOT_DIR: /Users/runner/hostedtoolcache/Python/3.12.10/arm64
2026-10-07T11:12:32.3593000Z   Python3_ROOT_DIR: /Users/runner/hostedtoolcache/Python/3.12.10/arm64
2026-10-07T11:12:32.3593570Z ##[endgroup]
2026-10-07T11:12:37.3002050Z HTTP route parameters: 7 passed
2026-10-07T11:12:37.3134110Z ##[group]Run python tests/http_stdlib_integration.py
2026-10-07T11:12:37.3134710Z [36;1mpython tests/http_stdlib_integration.py[0m
2026-10-07T11:12:37.3189300Z shell: /bin/bash -e {0}
2026-10-07T11:12:37.3189520Z env:
2026-10-07T11:12:37.3189780Z   NAGI_FAILURE_DIR: /Users/runner/work/Nagi/Nagi/build/compiler-failures
2026-10-07T11:12:37.3190550Z   CARGO_HOME: /Users/runner/.cargo
2026-10-07T11:12:37.3190800Z   CARGO_INCREMENTAL: 0
2026-10-07T11:12:37.3190990Z   CARGO_TERM_COLOR: always
2026-10-07T11:12:37.3191360Z   pythonLocation: /Users/runner/hostedtoolcache/Python/3.12.10/arm64
2026-10-07T11:12:37.3372600Z   PKG_CONFIG_PATH: /Users/runner/hostedtoolcache/Python/3.12.10/arm64/lib/pkgconfig
2026-10-07T11:12:37.3373240Z   Python_ROOT_DIR: /Users/runner/hostedtoolcache/Python/3.12.10/arm64
2026-10-07T11:12:37.3373660Z   Python2_ROOT_DIR: /Users/runner/hostedtoolcache/Python/3.12.10/arm64
2026-10-07T11:12:37.3374090Z   Python3_ROOT_DIR: /Users/runner/hostedtoolcache/Python/3.12.10/arm64
2026-10-07T11:12:37.3374370Z ##[endgroup]
2026-10-07T11:12:47.2576450Z Standard HTTP Nagi integration: 72 passed (High and independent Low)
2026-10-07T11:12:47.2669000Z ##[group]Run cargo test --locked -p nagic --test scoped_tasks
2026-10-07T11:12:47.2669460Z [36;1mcargo test --locked -p nagic --test scoped_tasks[0m
2026-10-07T11:12:47.2704080Z shell: /bin/bash -e {0}
2026-10-07T11:12:47.2704550Z env:
2026-10-07T11:12:47.2704970Z   NAGI_FAILURE_DIR: /Users/runner/work/Nagi/Nagi/build/compiler-failures
2026-10-07T11:12:47.2705720Z   CARGO_HOME: /Users/runner/.cargo
2026-10-07T11:12:47.2706040Z   CARGO_INCREMENTAL: 0
2026-10-07T11:12:47.2706260Z   CARGO_TERM_COLOR: always
2026-10-07T11:12:47.2706670Z   pythonLocation: /Users/runner/hostedtoolcache/Python/3.12.10/arm64
2026-10-07T11:12:47.2707170Z   PKG_CONFIG_PATH: /Users/runner/hostedtoolcache/Python/3.12.10/arm64/lib/pkgconfig
2026-10-07T11:12:47.2707700Z   Python_ROOT_DIR: /Users/runner/hostedtoolcache/Python/3.12.10/arm64
2026-10-07T11:12:47.2708130Z   Python2_ROOT_DIR: /Users/runner/hostedtoolcache/Python/3.12.10/arm64
2026-10-07T11:12:47.2708660Z   Python3_ROOT_DIR: /Users/runner/hostedtoolcache/Python/3.12.10/arm64
2026-10-07T11:12:47.2708960Z ##[endgroup]
2026-10-07T11:12:47.3676400Z [1m[92m   Compiling[0m nagic v0.1.11 (/Users/runner/work/Nagi/Nagi/compiler)
2026-10-07T11:12:47.7469380Z [1m[92m    Finished[0m `test` profile [unoptimized + debuginfo] target(s) in 0.43s
2026-10-07T11:12:47.7484530Z [1m[92m     Running[0m tests/scoped_tasks.rs (target/debug/deps/scoped_tasks-d4ff94cc3dd07cb3)
2026-10-07T11:12:47.7519320Z 
2026-10-07T11:12:47.7525300Z running 5 tests
2026-10-07T11:12:47.7581670Z test moving_an_owned_argument_still_consumes_it_before_later_parent_work ... ok
2026-10-07T11:12:47.7582590Z test scope_rejects_known_foreign_error_types_and_preserves_local_error_adapters ... ok
2026-10-07T11:12:47.7583280Z test futures_that_still_hold_views_are_rejected_after_copying_containers ... ok
2026-10-07T11:12:47.7609980Z test copied_views_and_values_computed_from_views_can_enter_tasks ... ok
2026-10-07T11:12:47.9129400Z test spawn_evaluates_owned_arguments_before_parent_continues_and_keeps_sources ... ok
2026-10-07T11:12:47.9140780Z 
2026-10-07T11:12:47.9141360Z test result: ok. 5 passed; 0 failed; 0 ignored; 0 measured; 0 filtered out; finished in 0.16s
2026-10-07T11:12:47.9141780Z 
2026-10-07T11:12:47.9184070Z ##[group]Run cargo test --locked -p nagi-runtime actor::
2026-10-07T11:12:47.9184480Z [36;1mcargo test --locked -p nagi-runtime actor::[0m
2026-10-07T11:12:47.9184870Z [36;1mcargo test --locked -p nagi-runtime supervisor_drop[0m
2026-10-07T11:12:47.9216130Z shell: /bin/bash -e {0}
2026-10-07T11:12:47.9216380Z env:
2026-10-07T11:12:47.9216700Z   NAGI_FAILURE_DIR: /Users/runner/work/Nagi/Nagi/build/compiler-failures
2026-10-07T11:12:47.9217070Z   CARGO_HOME: /Users/runner/.cargo
2026-10-07T11:12:47.9217340Z   CARGO_INCREMENTAL: 0
2026-10-07T11:12:47.9217540Z   CARGO_TERM_COLOR: always
2026-10-07T11:12:47.9217860Z   pythonLocation: /Users/runner/hostedtoolcache/Python/3.12.10/arm64
2026-10-07T11:12:47.9218310Z   PKG_CONFIG_PATH: /Users/runner/hostedtoolcache/Python/3.12.10/arm64/lib/pkgconfig
2026-10-07T11:12:47.9218710Z   Python_ROOT_DIR: /Users/runner/hostedtoolcache/Python/3.12.10/arm64
2026-10-07T11:12:47.9219090Z   Python2_ROOT_DIR: /Users/runner/hostedtoolcache/Python/3.12.10/arm64
2026-10-07T11:12:47.9219460Z   Python3_ROOT_DIR: /Users/runner/hostedtoolcache/Python/3.12.10/arm64
2026-10-07T11:12:47.9219780Z ##[endgroup]
2026-10-07T11:12:48.0089530Z [1m[92m    Finished[0m `test` profile [unoptimized + debuginfo] target(s) in 0.04s
2026-10-07T11:12:48.0109520Z [1m[92m     Running[0m unittests src/lib.rs (target/debug/deps/nagi_runtime-cd28aeb5ce2f1769)
2026-10-07T11:12:48.0146000Z 
2026-10-07T11:12:48.0148560Z running 44 tests
2026-10-07T11:12:48.0149300Z test actor::charge::tests::arithmetic_and_expired_deadlines_fail_before_acceptance ... ok
2026-10-07T11:12:48.0173310Z test actor::charge::tests::list_capacity_and_only_initialized_elements_contribute_heap ... ok
2026-10-07T11:12:48.0174210Z test actor::charge::tests::option_and_result_visit_only_the_active_payload ... ok
2026-10-07T11:12:48.0175010Z test actor::charge::tests::recursive_owned_graphs_obey_depth_limit_and_restore_walk_after_errors ... ok
2026-10-07T11:12:48.0175840Z test actor::charge::tests::retained_string_bytes_and_error_capacities_are_charged ... ok
2026-10-07T11:12:48.0176540Z test actor::charge::tests::root_inline_and_envelope_are_counted_once ... ok
2026-10-07T11:12:48.0177730Z test actor::charge::tests::inline_only_lists_skip_every_element_and_zero_sized_capacity_is_safe ... ok
2026-10-07T11:12:48.0224220Z test actor::charge::tests::work_budget_includes_root_and_initialized_non_inline_elements ... ok
2026-10-07T11:12:48.0232990Z test actor::lifecycle_adversarial_tests::a_factory_constructor_panic_does_not_lose_the_context_cleanup_obligation ... ok
2026-10-07T11:12:48.0781710Z test actor::lifecycle_adversarial_tests::a_blocking_native_poll_retains_its_child_record_until_it_returns ... ok
2026-10-07T11:12:48.0783070Z test actor::lifecycle_adversarial_tests::a_blocking_panic_payload_destructor_remains_a_retained_child_obligation ... ok
2026-10-07T11:12:48.0789530Z test actor::lifecycle_adversarial_tests::a_late_buffered_outer_failure_obeys_the_same_reply_deadline ... ok
2026-10-07T11:12:48.0793450Z test actor::lifecycle_adversarial_tests::a_panic_payload_destructor_can_observe_and_stop_its_group_without_a_lock_cycle ... ok
2026-10-07T11:12:48.0794300Z test actor::lifecycle_adversarial_tests::a_reply_completed_after_deadline_times_out_even_when_already_buffered ... ok
2026-10-07T11:12:48.0795140Z test actor::lifecycle_adversarial_tests::a_reply_completed_before_deadline_succeeds_when_the_caller_polls_after_deadline ... ok
2026-10-07T11:12:48.0817880Z test actor::lifecycle_adversarial_tests::a_finite_follow_on_panic_payload_retains_the_guard_and_context_until_drop_finishes ... ok
2026-10-07T11:12:48.1349240Z test actor::lifecycle_adversarial_tests::a_non_yielding_poll_cannot_be_reported_as_completed_cleanup ... ok
2026-10-07T11:12:48.1351250Z test actor::lifecycle_adversarial_tests::an_event_only_surviving_control_drains_cleanup_and_observes_stream_close ... ok
2026-10-07T11:12:48.1366670Z test actor::lifecycle_adversarial_tests::a_surviving_control_can_finish_cleanup_after_the_running_owner_is_dropped ... ok
2026-10-07T11:12:48.1373510Z test actor::lifecycle_adversarial_tests::abort_does_not_complete_before_the_child_future_destructor_finishes ... ok
2026-10-07T11:12:48.1375600Z test actor::lifecycle_adversarial_tests::context_owned_by_a_child_panic_payload_is_cleaned_before_final_context_cleanup ... ok
2026-10-07T11:12:48.1622950Z test actor::lifecycle_adversarial_tests::an_unrestarted_child_failure_is_retained_while_a_healthy_sibling_continues ... ok
2026-10-07T11:12:48.1934480Z test actor::lifecycle_adversarial_tests::canceled_observation_keeps_unfinished_joins_available_to_another_control ... ok
2026-10-07T11:12:48.2037060Z test actor::lifecycle_adversarial_tests::origin_runtime_cancellation_does_not_restart_a_permanent_child_on_a_surviving_runtime ... ok
2026-10-07T11:12:48.2080310Z test actor::lifecycle_adversarial_tests::panicking_factory_destruction_during_owner_drop_cannot_strand_context_cleanup ... ok
2026-10-07T11:12:48.2081230Z test actor::lifecycle_adversarial_tests::stop_during_factory_construction_cancels_every_later_inserted_child ... ok
2026-10-07T11:12:48.2082040Z test actor::lifecycle_adversarial_tests::user_destructors_do_not_run_under_the_ledger_or_stop_lock ... ok
2026-10-07T11:12:48.2082740Z test actor::tests::a_smaller_immediate_call_cannot_bypass_a_waiting_byte_reservation ... ok
2026-10-07T11:12:48.2083400Z test actor::tests::an_expired_admission_deadline_rejects_even_immediately_ready_operations ... ok
2026-10-07T11:12:48.2155970Z test actor::tests::business_error_preserves_owned_state_and_restart_is_one_for_one ... ok
2026-10-07T11:12:48.2198880Z test actor::lifecycle_adversarial_tests::final_context_destruction_is_a_retained_phase_before_completion ... ok
2026-10-07T11:12:48.2203770Z test actor::tests::canceled_event_wait_does_not_consume_a_concurrently_published_event ... ok
2026-10-07T11:12:48.2342470Z test actor::tests::escaped_readiness_tokens_reject_old_generations_and_do_not_retain_the_group ... ok
2026-10-07T11:12:48.2419580Z test actor::tests::event_deadlines_include_lock_contention_and_preserve_the_cursor ... ok
2026-10-07T11:12:48.2425410Z test actor::tests::caller_timeout_keeps_accepted_work_and_all_reservations_until_handler_finishes ... ok
2026-10-07T11:12:48.2428250Z test actor::tests::lifecycle_events_are_ordered_bounded_and_keep_utf8_truncation_metadata ... ok
2026-10-07T11:12:48.2460050Z test actor::tests::global_restart_intensity_counts_attempts_and_stops_a_pending_sibling ... ok
2026-10-07T11:12:48.2462690Z test actor::tests::normally_finished_task_tokens_are_invalid_while_the_supervisor_stays_running ... ok
2026-10-07T11:12:48.2469190Z test actor::tests::oversized_business_reply_keeps_next_state_and_retained_input_capacity_is_checked ... ok
2026-10-07T11:12:48.2568620Z test actor::tests::startup_deadline_and_zero_restart_budget_end_the_group_without_a_ready_actor ... ok
2026-10-07T11:12:48.2571240Z test actor::tests::stopped_tasks_cannot_publish_readiness_and_legacy_tasks_never_publish_it ... ok
2026-10-07T11:12:48.2615020Z test actor::tests::task_readiness_follows_initialization_once_without_changing_started ... ok
2026-10-07T11:12:48.3446560Z test actor::lifecycle_adversarial_tests::delayed_native_context_owners_then_actual_context_drop_precede_completion ... ok
2026-10-07T11:12:48.3746240Z [1m[92m     Running[0m tests/task_handles.rs (target/debug/deps/task_handles-67174b014eed5515)
2026-10-07T11:12:48.3746970Z test actor::tests::native_factory_construction_is_included_in_the_startup_deadline ... ok
2026-10-07T11:12:48.3848070Z 
2026-10-07T11:12:48.3950540Z test result: ok. 44 passed; 0 failed; 0 ignored; 0 measured; 164 filtered out; finished in 0.35s
2026-10-07T11:12:48.3951490Z 
2026-10-07T11:12:48.4051920Z 
2026-10-07T11:12:48.4152820Z running 0 tests
2026-10-07T11:12:48.4253400Z 
2026-10-07T11:12:48.4354360Z test result: ok. 0 passed; 0 failed; 0 ignored; 0 measured; 3 filtered out; finished in 0.00s
2026-10-07T11:12:48.4451030Z [1m[92m    Finished[0m `test` profile [unoptimized + debuginfo] target(s) in 0.04s
2026-10-07T11:12:48.4454990Z 
2026-10-07T11:12:48.4551880Z [1m[92m     Running[0m unittests src/lib.rs (target/debug/deps/nagi_runtime-cd28aeb5ce2f1769)
2026-10-07T11:12:48.4652220Z [1m[92m     Running[0m tests/task_handles.rs (target/debug/deps/task_handles-67174b014eed5515)
2026-10-07T11:12:48.4652710Z 
2026-10-07T11:12:48.4719620Z running 2 tests
2026-10-07T11:12:48.4720430Z test concurrent::tests::supervisor_drop_while_waiting_for_worker_start ... ok
2026-10-07T11:12:48.4721110Z test concurrent::tests::supervisor_drop_after_worker_start ... ok
2026-10-07T11:12:48.4721470Z 
2026-10-07T11:12:48.4722050Z test result: ok. 2 passed; 0 failed; 0 ignored; 0 measured; 206 filtered out; finished in 0.00s
2026-10-07T11:12:48.4722450Z 
2026-10-07T11:12:48.4722570Z 
2026-10-07T11:12:48.4722750Z running 0 tests
2026-10-07T11:12:48.4722970Z 
2026-10-07T11:12:48.4723470Z test result: ok. 0 passed; 0 failed; 0 ignored; 0 measured; 3 filtered out; finished in 0.00s
2026-10-07T11:12:48.4725080Z 
2026-10-07T11:12:48.4757400Z ##[group]Run cargo test --locked -p nagi-runtime database::tests
2026-10-07T11:12:48.4757790Z [36;1mcargo test --locked -p nagi-runtime database::tests[0m
2026-10-07T11:12:48.4794530Z shell: /bin/bash -e {0}
2026-10-07T11:12:48.4794740Z env:
2026-10-07T11:12:48.4795040Z   NAGI_FAILURE_DIR: /Users/runner/work/Nagi/Nagi/build/compiler-failures
2026-10-07T11:12:48.4795360Z   CARGO_HOME: /Users/runner/.cargo
2026-10-07T11:12:48.4795590Z   CARGO_INCREMENTAL: 0
2026-10-07T11:12:48.4795800Z   CARGO_TERM_COLOR: always
2026-10-07T11:12:48.4796060Z   pythonLocation: /Users/runner/hostedtoolcache/Python/3.12.10/arm64
2026-10-07T11:12:48.4796480Z   PKG_CONFIG_PATH: /Users/runner/hostedtoolcache/Python/3.12.10/arm64/lib/pkgconfig
2026-10-07T11:12:48.4796920Z   Python_ROOT_DIR: /Users/runner/hostedtoolcache/Python/3.12.10/arm64
2026-10-07T11:12:48.4797300Z   Python2_ROOT_DIR: /Users/runner/hostedtoolcache/Python/3.12.10/arm64
2026-10-07T11:12:48.4797740Z   Python3_ROOT_DIR: /Users/runner/hostedtoolcache/Python/3.12.10/arm64
2026-10-07T11:12:48.4798040Z ##[endgroup]
2026-10-07T11:12:48.5622600Z [1m[92m    Finished[0m `test` profile [unoptimized + debuginfo] target(s) in 0.04s
2026-10-07T11:12:48.5647510Z [1m[92m     Running[0m unittests src/lib.rs (target/debug/deps/nagi_runtime-cd28aeb5ce2f1769)
2026-10-07T11:12:48.5696840Z 
2026-10-07T11:12:48.5699130Z running 6 tests
2026-10-07T11:12:48.5714890Z test database::tests::column_order_independent ... ok
2026-10-07T11:12:48.5732660Z test database::tests::crud_and_parameterization ... ok
2026-10-07T11:12:48.5734110Z test database::tests::exec_counts_only_changes_in_the_current_batch ... ok
2026-10-07T11:12:48.5737050Z test database::tests::exec_counts_trigger_changes_and_preserves_sql_errors ... ok
2026-10-07T11:12:48.5737790Z test database::tests::missing_column_is_error ... ok
2026-10-07T11:12:48.5738280Z test database::tests::runtime_type_mismatch ... ok
2026-10-07T11:12:48.5738550Z 
2026-10-07T11:12:48.5739060Z test result: ok. 6 passed; 0 failed; 0 ignored; 0 measured; 202 filtered out; finished in 0.00s
2026-10-07T11:12:48.5739420Z 
2026-10-07T11:12:48.5745140Z [1m[92m     Running[0m tests/task_handles.rs (target/debug/deps/task_handles-67174b014eed5515)
2026-10-07T11:12:48.5782510Z 
2026-10-07T11:12:48.5783650Z running 0 tests
2026-10-07T11:12:48.5784280Z 
2026-10-07T11:12:48.5785380Z test result: ok. 0 passed; 0 failed; 0 ignored; 0 measured; 3 filtered out; finished in 0.00s
2026-10-07T11:12:48.5789400Z 
2026-10-07T11:12:48.5877370Z ##[group]Run cargo test --locked -p nagi-runtime sqlite_prototype
2026-10-07T11:12:48.5877780Z [36;1mcargo test --locked -p nagi-runtime sqlite_prototype[0m
2026-10-07T11:12:48.5909060Z shell: /bin/bash -e {0}
2026-10-07T11:12:48.5909300Z env:
2026-10-07T11:12:48.5909560Z   NAGI_FAILURE_DIR: /Users/runner/work/Nagi/Nagi/build/compiler-failures
2026-10-07T11:12:48.5909950Z   CARGO_HOME: /Users/runner/.cargo
2026-10-07T11:12:48.5910180Z   CARGO_INCREMENTAL: 0
2026-10-07T11:12:48.5910360Z   CARGO_TERM_COLOR: always
2026-10-07T11:12:48.5910640Z   pythonLocation: /Users/runner/hostedtoolcache/Python/3.12.10/arm64
2026-10-07T11:12:48.5911040Z   PKG_CONFIG_PATH: /Users/runner/hostedtoolcache/Python/3.12.10/arm64/lib/pkgconfig
2026-10-07T11:12:48.5911510Z   Python_ROOT_DIR: /Users/runner/hostedtoolcache/Python/3.12.10/arm64
2026-10-07T11:12:48.5911880Z   Python2_ROOT_DIR: /Users/runner/hostedtoolcache/Python/3.12.10/arm64
2026-10-07T11:12:48.5912290Z   Python3_ROOT_DIR: /Users/runner/hostedtoolcache/Python/3.12.10/arm64
2026-10-07T11:12:48.5912740Z ##[endgroup]
2026-10-07T11:12:48.6765450Z [1m[92m    Finished[0m `test` profile [unoptimized + debuginfo] target(s) in 0.04s
2026-10-07T11:12:48.6792410Z [1m[92m     Running[0m unittests src/lib.rs (target/debug/deps/nagi_runtime-cd28aeb5ce2f1769)
2026-10-07T11:12:48.6849420Z 
2026-10-07T11:12:48.6854290Z running 61 tests
2026-10-07T11:12:48.6856750Z test sqlite_prototype::acquire_tests::acquire_budget_arithmetic_keeps_immediate_distinct_and_checks_overflow ... ok
2026-10-07T11:12:48.6877120Z test sqlite_prototype::acquire_tests::acquire_expired_finite_budget_does_not_register_even_when_native_free ... ok
2026-10-07T11:12:48.6878800Z test sqlite_prototype::acquire_tests::acquire_expiry_does_not_replace_closed_or_recycle_failure_cause ... ok
2026-10-07T11:12:48.6879670Z test sqlite_prototype::acquire_tests::acquire_immediate_free_reserves_before_slow_startup_and_reuses ... ok
2026-10-07T11:12:48.6880560Z test sqlite_prototype::acquire_tests::acquire_immediate_logical_full_is_timeout_without_pool_failure ... ok
2026-10-07T11:12:48.8987840Z test sqlite_prototype::acquire_tests::acquire_absolute_budget_survives_logical_wait_to_native_fence ... ok
2026-10-07T11:12:48.9089340Z test sqlite_prototype::acquire_tests::acquire_same_task_scopes_are_isolated_and_drop_restores_legacy_begin ... ok
2026-10-07T11:12:48.9127030Z test sqlite_prototype::adapter_tests::acquired_deadpool_object_after_close_is_rejected_before_user_begin ... ok
2026-10-07T11:12:48.9137260Z test sqlite_prototype::adapter_tests::callback_panic_retires_pool_and_join_does_not_hide_native_close_failure ... ok
2026-10-07T11:12:48.9172000Z test sqlite_prototype::adapter_tests::cancelled_begin_reply_keeps_checkout_until_eof_rollback_is_observed ... ok
2026-10-07T11:12:48.9225250Z test sqlite_prototype::adapter_tests::cancelled_create_cannot_start_replacement_before_old_native_worker_joins ... ok
2026-10-07T11:12:48.9249560Z test sqlite_prototype::adapter_tests::cancelled_get_during_create_preserves_startup_close_and_join_owner ... ok
2026-10-07T11:12:48.9250640Z test sqlite_prototype::adapter_tests::cancelled_tx_keeps_deadpool_checkout_until_native_cleanup_completes ... ok
2026-10-07T11:12:48.9289370Z test sqlite_prototype::adapter_tests::close_clone_and_cancel_keep_closing_while_active_checkout_can_finish ... ok
2026-10-07T11:12:48.9318580Z test sqlite_prototype::adapter_tests::close_retires_idle_worker_while_stock_permit_is_reserved_for_unpolled_waiter ... ok
2026-10-07T11:12:48.9322700Z test sqlite_prototype::adapter_tests::close_waits_for_registered_create_and_late_create_cannot_begin ... ok
2026-10-07T11:12:48.9323660Z test sqlite_prototype::adapter_tests::deadpool_adapter_reuses_same_native_worker_and_sql_session_core ... ok
2026-10-07T11:12:48.9324560Z test sqlite_prototype::adapter_tests::deadpool_recycle_error_stops_create_instead_of_default_replacement ... ok
2026-10-07T11:12:48.9341570Z test sqlite_prototype::adapter_tests::joined_is_published_only_after_terminal_native_failure_is_in_ledger ... ok
2026-10-07T11:12:48.9347900Z test sqlite_prototype::adapter_tests::last_adapter_drop_closes_idle_worker_without_observer_owning_pool_or_tx_sender ... ok
2026-10-07T11:12:48.9348930Z test sqlite_prototype::adapter_tests::last_adapter_drop_preserves_active_tx_until_its_explicit_finish ... ok
2026-10-07T11:12:48.9518980Z test sqlite_prototype::adapter_tests::multi_b_terminal_failure_is_published_without_waiting_for_a ... ok
2026-10-07T11:12:48.9605840Z test sqlite_prototype::adapter_tests::multi_cancelled_b_joins_and_c_begins_before_healthy_a_finishes ... ok
2026-10-07T11:12:48.9616360Z test sqlite_prototype::adapter_tests::multi_close_during_b_startup_preserves_a_and_all_join_responsibility ... ok
2026-10-07T11:12:48.9617170Z test sqlite_prototype::adapter_tests::multi_native_spawn_failure_keeps_cause_without_native_b_or_fake_join ... ok
2026-10-07T11:12:48.9643990Z test sqlite_prototype::adapter_tests::multi_observer_spawn_failure_never_starts_or_fake_joins_native_b ... ok
2026-10-07T11:12:48.9676760Z test sqlite_prototype::adapter_tests::multi_stock_detach_permit_gap_respects_native_cap_with_a_active ... ok
2026-10-07T11:12:48.9700080Z test sqlite_prototype::adapter_tests::multi_two_filesystem_connections_begin_while_first_tx_stays_active ... ok
2026-10-07T11:12:48.9803040Z test sqlite_prototype::adapter_tests::native_cleanup_failure_closes_deadpool_and_never_creates_replacement ... ok
2026-10-07T11:12:48.9847370Z test sqlite_prototype::adapter_tests::native_close_failure_is_kept_after_deadpool_objects_and_workers_are_gone ... ok
2026-10-07T11:12:48.9849710Z test sqlite_prototype::adapter_tests::object_take_and_last_pool_drop_both_preserve_native_close_join_observation ... ok
2026-10-07T11:12:48.9851910Z test sqlite_prototype::adapter_tests::resize_zero_uses_worker_drop_even_when_manager_detach_is_bypassed ... ok
2026-10-07T11:12:48.9854080Z test sqlite_prototype::adapter_tests::stock_detach_permit_before_handle_drop_cannot_start_another_native_worker ... ok
2026-10-07T11:12:48.9856290Z test sqlite_prototype::adapter_tests::taken_object_cannot_start_replacement_before_old_native_worker_joins ... ok
2026-10-07T11:12:48.9858420Z test sqlite_prototype::adapter_tests::tokio_runtime_drop_cannot_return_native_owned_checkout_before_cleanup ... ok
2026-10-07T11:12:49.5995560Z test sqlite_prototype::comparison::bounded_and_unbounded_deadpool_warm_comparison ... ok
2026-10-07T11:12:49.6909750Z test sqlite_prototype::acquire_tests::acquire_registered_startup_and_begin_are_outside_finite_budget ... ok
2026-10-07T11:12:49.6913920Z test sqlite_prototype::acquire_tests::acquire_immediate_native_full_after_stock_detach_is_timeout ... ok
2026-10-07T11:12:49.6931530Z test sqlite_prototype::tests::begin_reply_cancellation_closes_only_sender_and_runs_observed_cleanup ... ok
2026-10-07T11:12:49.6949470Z test sqlite_prototype::tests::cancelled_commit_reply_preserves_committed_data_and_does_not_retry ... ok
2026-10-07T11:12:49.6993700Z test sqlite_prototype::tests::cancelled_finish_before_full_inbox_admission_uses_eof_cleanup ... ok
2026-10-07T11:12:49.7021690Z test sqlite_prototype::tests::commit_after_native_auto_rollback_returns_aborted_error_instead_of_success ... ok
2026-10-07T11:12:49.7022860Z test sqlite_prototype::tests::commit_failure_and_failed_cleanup_preserve_both_causes_and_unknown_outcome ... ok
2026-10-07T11:12:49.7023890Z test sqlite_prototype::tests::close_timeout_and_cancel_keep_closing_until_native_close_and_join ... ok
2026-10-07T11:12:49.7024790Z test sqlite_prototype::tests::committed_outcome_and_cleanup_failure_are_both_preserved ... ok
2026-10-07T11:12:49.7025770Z test sqlite_prototype::tests::eof_cleanup_blocks_next_session_and_unpolled_finish_still_owns_cleanup ... ok
2026-10-07T11:12:49.7026700Z test sqlite_prototype::tests::failed_commit_with_successful_observed_rollback_can_reuse_connection ... ok
2026-10-07T11:12:49.7027690Z test sqlite_prototype::tests::existing_trigger_and_or_rollback_abort_session_and_reject_later_sql ... ok
2026-10-07T11:12:49.7029100Z test sqlite_prototype::tests::full_inbox_and_cancelled_admitted_operation_drain_before_eof_rollback ... ok
2026-10-07T11:12:49.7030050Z test sqlite_prototype::tests::management_panic_restores_raii_flag_before_observed_rollback_and_retirement ... ok
2026-10-07T11:12:49.7030970Z test sqlite_prototype::tests::native_close_failure_is_not_reported_as_success_even_after_join ... ok
2026-10-07T11:12:49.7031920Z test sqlite_prototype::tests::ordinary_sql_error_does_not_abort_active_session_and_exec_counts_direct_changes ... ok
2026-10-07T11:12:49.7032990Z test sqlite_prototype::tests::one_statement_anonymous_bind_and_operation_shape_are_checked_before_step ... ok
2026-10-07T11:12:49.7033900Z test sqlite_prototype::tests::owned_bind_values_and_decode_errors_use_native_row_contract ... ok
2026-10-07T11:12:49.7034820Z test sqlite_prototype::tests::raise_fail_preserves_active_prior_effects_until_explicit_rollback ... ok
2026-10-07T11:12:49.7035790Z test sqlite_prototype::tests::rollback_failure_is_observed_without_native_drop_retry_and_retires_connection ... ok
2026-10-07T11:12:49.7036860Z test sqlite_prototype::tests::pragma_tvf_existing_views_and_schema_reprepare_keep_authorizer_installed ... ok
2026-10-07T11:12:49.7037800Z test sqlite_prototype::tests::sql_policy_denies_control_in_every_entry_and_keeps_tx_active ... ok
2026-10-07T11:12:49.7038680Z test sqlite_prototype::tests::user_callback_panic_restores_management_state_and_retires_worker ... ok
2026-10-07T11:12:49.7039650Z test sqlite_prototype::tests::trigger_pragma_is_denied_and_native_prior_effects_require_explicit_rollback ... ok
2026-10-07T11:12:50.1755700Z [1m[92m     Running[0m tests/task_handles.rs (target/debug/deps/task_handles-67174b014eed5515)
2026-10-07T11:12:50.1756470Z test sqlite_prototype::comparison::direct_and_deadpool_warm_native_session_comparison ... ok
2026-10-07T11:12:50.1824670Z 
2026-10-07T11:12:50.1925750Z test result: ok. 61 passed; 0 failed; 0 ignored; 0 measured; 147 filtered out; finished in 1.49s
2026-10-07T11:12:50.2026540Z 
2026-10-07T11:12:50.2126970Z 
2026-10-07T11:12:50.2228370Z running 0 tests
2026-10-07T11:12:50.2329580Z 
2026-10-07T11:12:50.2430760Z test result: ok. 0 passed; 0 failed; 0 ignored; 0 measured; 3 filtered out; finished in 0.00s
2026-10-07T11:12:50.2532070Z 
2026-10-07T11:12:50.2666240Z ##[group]Run python scripts/verify_application_examples.py
2026-10-07T11:12:50.2666630Z [36;1mpython scripts/verify_application_examples.py[0m
2026-10-07T11:12:50.2700710Z shell: /bin/bash -e {0}
2026-10-07T11:12:50.2700960Z env:
2026-10-07T11:12:50.2701290Z   NAGI_FAILURE_DIR: /Users/runner/work/Nagi/Nagi/build/compiler-failures
2026-10-07T11:12:50.2701660Z   CARGO_HOME: /Users/runner/.cargo
2026-10-07T11:12:50.2701920Z   CARGO_INCREMENTAL: 0
2026-10-07T11:12:50.2702120Z   CARGO_TERM_COLOR: always
2026-10-07T11:12:50.2702430Z   pythonLocation: /Users/runner/hostedtoolcache/Python/3.12.10/arm64
2026-10-07T11:12:50.2703000Z   PKG_CONFIG_PATH: /Users/runner/hostedtoolcache/Python/3.12.10/arm64/lib/pkgconfig
2026-10-07T11:12:50.2703440Z   Python_ROOT_DIR: /Users/runner/hostedtoolcache/Python/3.12.10/arm64
2026-10-07T11:12:50.2703830Z   Python2_ROOT_DIR: /Users/runner/hostedtoolcache/Python/3.12.10/arm64
2026-10-07T11:12:50.2704240Z   Python3_ROOT_DIR: /Users/runner/hostedtoolcache/Python/3.12.10/arm64
2026-10-07T11:12:50.2704530Z ##[endgroup]
2026-10-07T11:12:51.4328750Z Passed: stock-report (high)
2026-10-07T11:12:52.3614540Z Passed: stock-report (low)
2026-10-07T11:12:57.5596380Z Passed: device-settings (high)
2026-10-07T11:13:02.2967470Z Passed: device-settings (low)
2026-10-07T11:13:04.7498650Z Passed: seat-reservations (high)
2026-10-07T11:13:07.0860510Z Passed: seat-reservations (low)
2026-10-07T11:13:07.8027890Z Passed: file-json (high)
2026-10-07T11:13:08.5372270Z Passed: file-json (low)
2026-10-07T11:13:12.6118170Z Passed: quote-api (high)
2026-10-07T11:13:16.4195850Z Passed: quote-api (low)
2026-10-07T11:13:19.3051850Z Passed: supervised-worker (high)
2026-10-07T11:13:22.2762130Z Passed: supervised-worker (low)
2026-10-07T11:13:25.8055980Z Passed: byte-inspector (high)
2026-10-07T11:13:29.8202900Z Passed: byte-inspector (low)
2026-10-07T11:13:38.2389440Z Passed: axum-service (high)
2026-10-07T11:13:49.1021520Z Passed: axum-service (low)
2026-10-07T11:14:00.8845200Z Passed: auth-boundary (high)
2026-10-07T11:14:11.9544800Z Passed: auth-boundary (low)
2026-10-07T11:14:13.1896050Z Passed: order-quote (low)
2026-10-07T11:14:13.1909400Z {"projects": 10, "runs": 19, "status": "passed"}
2026-10-07T11:14:13.2249260Z ##[group]Run python -m unittest discover -s scripts/releases -p 'test_install.py'
2026-10-07T11:14:13.2250110Z [36;1mpython -m unittest discover -s scripts/releases -p 'test_install.py'[0m
2026-10-07T11:14:13.2369410Z shell: /bin/bash -e {0}
2026-10-07T11:14:13.2369730Z env:
2026-10-07T11:14:13.2370050Z   NAGI_FAILURE_DIR: /Users/runner/work/Nagi/Nagi/build/compiler-failures
2026-10-07T11:14:13.2370710Z   CARGO_HOME: /Users/runner/.cargo
2026-10-07T11:14:13.2371040Z   CARGO_INCREMENTAL: 0
2026-10-07T11:14:13.2371270Z   CARGO_TERM_COLOR: always
2026-10-07T11:14:13.2371640Z   pythonLocation: /Users/runner/hostedtoolcache/Python/3.12.10/arm64
2026-10-07T11:14:13.2372170Z   PKG_CONFIG_PATH: /Users/runner/hostedtoolcache/Python/3.12.10/arm64/lib/pkgconfig
2026-10-07T11:14:13.2394440Z   Python_ROOT_DIR: /Users/runner/hostedtoolcache/Python/3.12.10/arm64
2026-10-07T11:14:13.2395030Z   Python2_ROOT_DIR: /Users/runner/hostedtoolcache/Python/3.12.10/arm64
2026-10-07T11:14:13.2395600Z   Python3_ROOT_DIR: /Users/runner/hostedtoolcache/Python/3.12.10/arm64
2026-10-07T11:14:13.2395950Z ##[endgroup]
2026-10-07T11:14:21.6354080Z .....................
2026-10-07T11:14:21.6355560Z ----------------------------------------------------------------------
2026-10-07T11:14:21.6356570Z Ran 21 tests in 8.231s
2026-10-07T11:14:21.6356910Z 
2026-10-07T11:14:21.6357240Z OK
2026-10-07T11:14:21.6476960Z ##[group]Run python -m unittest discover -s scripts/releases -p 'test_uninstall.py'
2026-10-07T11:14:21.6477450Z [36;1mpython -m unittest discover -s scripts/releases -p 'test_uninstall.py'[0m
2026-10-07T11:14:21.6509580Z shell: /bin/bash -e {0}
2026-10-07T11:14:21.6509830Z env:
2026-10-07T11:14:21.6510110Z   NAGI_FAILURE_DIR: /Users/runner/work/Nagi/Nagi/build/compiler-failures
2026-10-07T11:14:21.6510430Z   CARGO_HOME: /Users/runner/.cargo
2026-10-07T11:14:21.6510640Z   CARGO_INCREMENTAL: 0
2026-10-07T11:14:21.6510830Z   CARGO_TERM_COLOR: always
2026-10-07T11:14:21.6511100Z   pythonLocation: /Users/runner/hostedtoolcache/Python/3.12.10/arm64
2026-10-07T11:14:21.6511520Z   PKG_CONFIG_PATH: /Users/runner/hostedtoolcache/Python/3.12.10/arm64/lib/pkgconfig
2026-10-07T11:14:21.6511930Z   Python_ROOT_DIR: /Users/runner/hostedtoolcache/Python/3.12.10/arm64
2026-10-07T11:14:21.6512330Z   Python2_ROOT_DIR: /Users/runner/hostedtoolcache/Python/3.12.10/arm64
2026-10-07T11:14:21.6512760Z   Python3_ROOT_DIR: /Users/runner/hostedtoolcache/Python/3.12.10/arm64
2026-10-07T11:14:21.6522010Z ##[endgroup]
2026-10-07T11:14:30.0391230Z ..............
2026-10-07T11:14:30.0392440Z ----------------------------------------------------------------------
2026-10-07T11:14:30.0393430Z Ran 14 tests in 8.299s
2026-10-07T11:14:30.0393790Z 
2026-10-07T11:14:30.0394120Z OK
2026-10-07T11:14:30.0591320Z ##[group]Run actions/upload-artifact@v4
2026-10-07T11:14:30.0591600Z with:
2026-10-07T11:14:30.0591780Z   name: release-macos-arm64
2026-10-07T11:14:30.0592230Z   path: build/distribution/nagi-*.zip
build/distribution/nagi-*.tar.gz
build/distribution/nagi-*.sha256

2026-10-07T11:14:30.0592650Z   if-no-files-found: error
2026-10-07T11:14:30.0592830Z   compression-level: 6
2026-10-07T11:14:30.0593020Z   overwrite: false
2026-10-07T11:14:30.0593190Z   include-hidden-files: false
2026-10-07T11:14:30.0593390Z env:
2026-10-07T11:14:30.0593630Z   NAGI_FAILURE_DIR: /Users/runner/work/Nagi/Nagi/build/compiler-failures
2026-10-07T11:14:30.0594050Z   CARGO_HOME: /Users/runner/.cargo
2026-10-07T11:14:30.0594360Z   CARGO_INCREMENTAL: 0
2026-10-07T11:14:30.0594610Z   CARGO_TERM_COLOR: always
2026-10-07T11:14:30.0594860Z   pythonLocation: /Users/runner/hostedtoolcache/Python/3.12.10/arm64
2026-10-07T11:14:30.0595300Z   PKG_CONFIG_PATH: /Users/runner/hostedtoolcache/Python/3.12.10/arm64/lib/pkgconfig
2026-10-07T11:14:30.0595700Z   Python_ROOT_DIR: /Users/runner/hostedtoolcache/Python/3.12.10/arm64
2026-10-07T11:14:30.0596050Z   Python2_ROOT_DIR: /Users/runner/hostedtoolcache/Python/3.12.10/arm64
2026-10-07T11:14:30.0596400Z   Python3_ROOT_DIR: /Users/runner/hostedtoolcache/Python/3.12.10/arm64
2026-10-07T11:14:30.0596670Z ##[endgroup]
2026-10-07T11:14:30.4592830Z (node:40602) [DEP0040] DeprecationWarning: The `punycode` module is deprecated. Please use a userland alternative instead.
2026-10-07T11:14:30.4595170Z (Use `node --trace-deprecation ...` to show where the warning was created)
2026-10-07T11:14:30.4685930Z With the provided path, there will be 2 files uploaded
2026-10-07T11:14:30.4689060Z Artifact name is valid!
2026-10-07T11:14:30.4689580Z Root directory input is valid!
2026-10-07T11:14:30.7343210Z Beginning upload of artifact content to blob storage
2026-10-07T11:14:30.7936960Z (node:40602) [DEP0169] DeprecationWarning: `url.parse()` behavior is not standardized and prone to errors that have security implications. Use the WHATWG URL API instead. CVEs are not issued for `url.parse()` vulnerabilities.
2026-10-07T11:14:30.9232030Z Uploaded bytes 2290950
2026-10-07T11:14:30.9434490Z Finished uploading artifact content to blob storage!
2026-10-07T11:14:30.9536810Z SHA256 digest of uploaded artifact zip is 0d8b0da3bc9f04430f5ba2bdd07befab351232a3852167ab2760eee124d63fdb
2026-10-07T11:14:30.9636900Z Finalizing artifact upload
2026-10-07T11:14:31.1595330Z Artifact release-macos-arm64.zip successfully finalized. Artifact ID 11478450357
2026-10-07T11:14:31.1599380Z Artifact release-macos-arm64 has been successfully uploaded! Final size is 2290950 bytes. Artifact ID is 11478450357
2026-10-07T11:14:31.1602190Z Artifact download URL: https://github.com/disnana/Nagi/actions/runs/37611344198/artifacts/11478450357
2026-10-07T11:14:31.1764550Z Post job cleanup.
2026-10-07T11:14:31.3092590Z (node:40604) [DEP0040] DeprecationWarning: The `punycode` module is deprecated. Please use a userland alternative instead.
2026-10-07T11:14:31.3094510Z (Use `node --trace-deprecation ...` to show where the warning was created)
2026-10-07T11:14:31.3229230Z Post job cleanup.
2026-10-07T11:14:31.4463560Z (node:40606) [DEP0040] DeprecationWarning: The `punycode` module is deprecated. Please use a userland alternative instead.
2026-10-07T11:14:31.4465570Z (Use `node --trace-deprecation ...` to show where the warning was created)
2026-10-07T11:14:33.6070670Z Post job cleanup.
2026-10-07T11:14:33.7509040Z (node:40612) [DEP0040] DeprecationWarning: The `punycode` module is deprecated. Please use a userland alternative instead.
2026-10-07T11:14:33.7511230Z (Use `node --trace-deprecation ...` to show where the warning was created)
2026-10-07T11:14:33.7798890Z [command]/opt/homebrew/bin/gtar --posix -cf cache.tzst --exclude cache.tzst -P -C /Users/runner/work/Nagi/Nagi --files-from manifest.txt --delay-directory-restore --use-compress-program zstdmt
2026-10-07T11:14:49.0740340Z (node:40612) [DEP0169] DeprecationWarning: `url.parse()` behavior is not standardized and prone to errors that have security implications. Use the WHATWG URL API instead. CVEs are not issued for `url.parse()` vulnerabilities.
2026-10-07T11:14:50.0524960Z Sent 0 of 779224525 (0.0%), 0.0 MBs/sec
2026-10-07T11:14:51.0477650Z Sent 0 of 779224525 (0.0%), 0.0 MBs/sec
2026-10-07T11:14:52.0500220Z Sent 0 of 779224525 (0.0%), 0.0 MBs/sec
2026-10-07T11:14:53.0474030Z Sent 0 of 779224525 (0.0%), 0.0 MBs/sec
2026-10-07T11:14:54.0474820Z Sent 536870912 of 779224525 (68.9%), 102.3 MBs/sec
2026-10-07T11:14:55.0512560Z Sent 577897933 of 779224525 (74.2%), 91.8 MBs/sec
2026-10-07T11:14:55.2209370Z Sent 779224525 of 779224525 (100.0%), 120.3 MBs/sec
2026-10-07T11:14:55.3219160Z Cache saved with key: nagi-rust-v1-package-macos-arm64-20260928b940-ea0ec8ed94fb35bcf1d7c665cba9b22ca9050a457cc062d0c63198341f876515-32a47094b5d6296d99e350ce6176c44aa01faa791652270ccc5c652936686ec2
2026-10-07T11:14:55.3513800Z Post job cleanup.
2026-10-07T11:14:55.5188480Z [command]/opt/homebrew/bin/git version
2026-10-07T11:14:55.5449440Z git version 2.55.0
2026-10-07T11:14:55.5470470Z Copying '/Users/runner/.gitconfig' to '/Users/runner/work/_temp/e1840f25-10cc-4f34-b17a-d0ace9deaea1/.gitconfig'
2026-10-07T11:14:55.5495610Z Temporarily overriding HOME='/Users/runner/work/_temp/e1840f25-10cc-4f34-b17a-d0ace9deaea1' before making global git config changes
2026-10-07T11:14:55.5498370Z Adding repository directory to the temporary git global config as a safe directory
2026-10-07T11:14:55.5500580Z [command]/opt/homebrew/bin/git config --global --add safe.directory /Users/runner/work/Nagi/Nagi
2026-10-07T11:14:55.5624930Z [command]/opt/homebrew/bin/git config --local --name-only --get-regexp core\.sshCommand
2026-10-07T11:14:55.5714490Z [command]/opt/homebrew/bin/git submodule foreach --recursive sh -c "git config --local --name-only --get-regexp 'core\.sshCommand' && git config --local --unset-all 'core.sshCommand' || :"
2026-10-07T11:14:55.6843700Z [command]/opt/homebrew/bin/git config --local --name-only --get-regexp http\.https\:\/\/github\.com\/\.extraheader
2026-10-07T11:14:55.6914390Z http.https://github.com/.extraheader
2026-10-07T11:14:55.6922480Z [command]/opt/homebrew/bin/git config --local --unset-all http.https://github.com/.extraheader
2026-10-07T11:14:55.7025800Z [command]/opt/homebrew/bin/git submodule foreach --recursive sh -c "git config --local --name-only --get-regexp 'http\.https\:\/\/github\.com\/\.extraheader' && git config --local --unset-all 'http.https://github.com/.extraheader' || :"
2026-10-07T11:14:55.8411270Z [command]/opt/homebrew/bin/git config --local --name-only --get-regexp ^includeIf\.gitdir:
2026-10-07T11:14:55.8602210Z [command]/opt/homebrew/bin/git submodule foreach --recursive git config --local --show-origin --name-only --get-regexp remote.origin.url
2026-10-07T11:14:55.9779130Z Cleaning up orphan processes
2026-10-07T11:14:59.9286270Z ##[warning]Node.js 20 is deprecated. The following actions target Node.js 20 but are being forced to run on Node.js 24: actions/cache@v4, actions/checkout@v4, actions/setup-node@v4, actions/setup-python@v5, actions/upload-artifact@v4. For more information see: https://github.blog/changelog/2025-09-19-deprecation-of-node-20-on-github-actions-runners/

