2026-10-07T11:02:18.4714537Z Current runner version: '2.337.0'
2026-10-07T11:02:18.4744146Z ##[group]Runner Image Provisioner
2026-10-07T11:02:18.4745908Z Hosted Compute Agent
2026-10-07T11:02:18.4746894Z Version: 20260901.588
2026-10-07T11:02:18.4747939Z Commit: f88ec8081b781fac6c440065ac7ff9e710ce3d0b
2026-10-07T11:02:18.4749136Z Build Date: 2026-09-01T19:56:44Z
2026-10-07T11:02:18.4750283Z Worker ID: {eaf2dc01-ec42-45fa-915b-9feec2d4b1c3}
2026-10-07T11:02:18.4751636Z Azure Region: westus3
2026-10-07T11:02:18.4752693Z ##[endgroup]
2026-10-07T11:02:18.4755167Z ##[group]Operating System
2026-10-07T11:02:18.4756308Z Microsoft Windows Server 2025
2026-10-07T11:02:18.4757295Z 10.0.26100
2026-10-07T11:02:18.4758132Z Datacenter
2026-10-07T11:02:18.4759061Z ##[endgroup]
2026-10-07T11:02:18.4759926Z ##[group]Runner Image
2026-10-07T11:02:18.4760935Z Image: windows-2025-vs2026
2026-10-07T11:02:18.4761884Z Version: 20260925.250.1
2026-10-07T11:02:18.4764421Z Included Software: https://github.com/actions/runner-images/blob/win25-vs2026/20260925.250/images/windows/Windows2025-VS2026-Readme.md
2026-10-07T11:02:18.4767846Z Image Release: https://github.com/actions/runner-images/releases/tag/win25-vs2026%2F20260925.250
2026-10-07T11:02:18.4769682Z ##[endgroup]
2026-10-07T11:02:18.4771599Z ##[group]GITHUB_TOKEN Permissions
2026-10-07T11:02:18.4774123Z Contents: read
2026-10-07T11:02:18.4775051Z Metadata: read
2026-10-07T11:02:18.4776000Z ##[endgroup]
2026-10-07T11:02:18.4778885Z Secret source: Actions
2026-10-07T11:02:18.4780412Z Cache mode: write
2026-10-07T11:02:18.4781590Z Prepare workflow directory
2026-10-07T11:02:18.5478636Z Prepare all required actions
2026-10-07T11:02:18.5529284Z Getting action download info
2026-10-07T11:02:18.9011950Z Download action repository 'actions/checkout@v4' (SHA:11d5960a326750d5838078e36cf38b85af677262)
2026-10-07T11:02:19.0267493Z Download action repository 'dtolnay/rust-toolchain@stable' (SHA:89b12181fb390509a0842a86cc55eeb8eb928c1d)
2026-10-07T11:02:19.2690670Z Download action repository 'actions/cache@v4' (SHA:0057852bfaa89a56745cba8c7296529d2fc39830)
2026-10-07T11:02:19.4092811Z Download action repository 'actions/setup-python@v5' (SHA:a26af69be951a213d495a4c3e4e4022e16d87065)
2026-10-07T11:02:19.5678017Z Download action repository 'actions/setup-node@v4' (SHA:49933ea5288caeca8642d1e84afbd3f7d6820020)
2026-10-07T11:02:19.7354162Z Download action repository 'actions/upload-artifact@v4' (SHA:ea165f8d65b6e75b540449e92b4886f43607fa02)
2026-10-07T11:02:20.1432802Z Complete job name: nagi-package (windows-latest, windows-x86_64, nagic.exe, x86_64-pc-windows-msvc)
2026-10-07T11:02:20.3169274Z ##[group]Run actions/checkout@v4
2026-10-07T11:02:20.3170507Z with:
2026-10-07T11:02:20.3171133Z   repository: disnana/Nagi
2026-10-07T11:02:20.3175506Z   token: ***
2026-10-07T11:02:20.3176120Z   ssh-strict: true
2026-10-07T11:02:20.3176731Z   ssh-user: git
2026-10-07T11:02:20.3177353Z   persist-credentials: true
2026-10-07T11:02:20.3178276Z   clean: true
2026-10-07T11:02:20.3178916Z   sparse-checkout-cone-mode: true
2026-10-07T11:02:20.3179835Z   fetch-depth: 1
2026-10-07T11:02:20.3180453Z   fetch-tags: false
2026-10-07T11:02:20.3181068Z   show-progress: true
2026-10-07T11:02:20.3181701Z   lfs: false
2026-10-07T11:02:20.3182282Z   submodules: false
2026-10-07T11:02:20.3182907Z   set-safe-directory: true
2026-10-07T11:02:20.3183592Z   allow-unsafe-pr-checkout: false
2026-10-07T11:02:20.3184564Z env:
2026-10-07T11:02:20.3185272Z   NAGI_FAILURE_DIR: D:\a\Nagi\Nagi/build/compiler-failures
2026-10-07T11:02:20.3186083Z ##[endgroup]
2026-10-07T11:02:20.4694911Z Syncing repository: disnana/Nagi
2026-10-07T11:02:20.4696985Z ##[group]Getting Git version info
2026-10-07T11:02:20.4697831Z Working directory is 'D:\a\Nagi\Nagi'
2026-10-07T11:02:20.5784088Z [command]"C:\Program Files\Git\bin\git.exe" version
2026-10-07T11:02:20.9678295Z git version 2.55.0.windows.5
2026-10-07T11:02:20.9738121Z ##[endgroup]
2026-10-07T11:02:20.9760113Z Temporarily overriding HOME='D:\a\_temp\92344479-0231-4c00-ad89-a7d72d7ee4b4' before making global git config changes
2026-10-07T11:02:20.9766088Z Adding repository directory to the temporary git global config as a safe directory
2026-10-07T11:02:20.9773437Z [command]"C:\Program Files\Git\bin\git.exe" config --global --add safe.directory D:\a\Nagi\Nagi
2026-10-07T11:02:21.0416418Z Deleting the contents of 'D:\a\Nagi\Nagi'
2026-10-07T11:02:21.0422632Z ##[group]Initializing the repository
2026-10-07T11:02:21.0431256Z [command]"C:\Program Files\Git\bin\git.exe" init D:\a\Nagi\Nagi
2026-10-07T11:02:21.1397359Z Initialized empty Git repository in D:/a/Nagi/Nagi/.git/
2026-10-07T11:02:21.1456380Z [command]"C:\Program Files\Git\bin\git.exe" remote add origin https://github.com/disnana/Nagi
2026-10-07T11:02:21.2121510Z ##[endgroup]
2026-10-07T11:02:21.2123656Z ##[group]Disabling automatic garbage collection
2026-10-07T11:02:21.2129915Z [command]"C:\Program Files\Git\bin\git.exe" config --local gc.auto 0
2026-10-07T11:02:21.2436871Z ##[endgroup]
2026-10-07T11:02:21.2438132Z ##[group]Setting up auth
2026-10-07T11:02:21.2449167Z [command]"C:\Program Files\Git\bin\git.exe" config --local --name-only --get-regexp core\.sshCommand
2026-10-07T11:02:21.2752557Z [command]"C:\Program Files\Git\bin\git.exe" submodule foreach --recursive "sh -c \"git config --local --name-only --get-regexp 'core\.sshCommand' && git config --local --unset-all 'core.sshCommand' || :\""
2026-10-07T11:02:22.8527579Z [command]"C:\Program Files\Git\bin\git.exe" config --local --name-only --get-regexp http\.https\:\/\/github\.com\/\.extraheader
2026-10-07T11:02:22.8865131Z [command]"C:\Program Files\Git\bin\git.exe" submodule foreach --recursive "sh -c \"git config --local --name-only --get-regexp 'http\.https\:\/\/github\.com\/\.extraheader' && git config --local --unset-all 'http.https://github.com/.extraheader' || :\""
2026-10-07T11:02:23.4638027Z [command]"C:\Program Files\Git\bin\git.exe" config --local --name-only --get-regexp ^includeIf\.gitdir:
2026-10-07T11:02:23.4953028Z [command]"C:\Program Files\Git\bin\git.exe" submodule foreach --recursive "git config --local --show-origin --name-only --get-regexp remote.origin.url"
2026-10-07T11:02:24.0563133Z [command]"C:\Program Files\Git\bin\git.exe" config --local http.https://github.com/.extraheader "AUTHORIZATION: basic ***"
2026-10-07T11:02:24.0884316Z ##[endgroup]
2026-10-07T11:02:24.0885183Z ##[group]Fetching the repository
2026-10-07T11:02:24.0901378Z [command]"C:\Program Files\Git\bin\git.exe" -c protocol.version=2 fetch --no-tags --prune --no-recurse-submodules --depth=1 origin +6216f0c96b44ea47b4d23dcd1558ff78dd8859e7:refs/remotes/pull/95/merge
2026-10-07T11:02:26.2976188Z From https://github.com/disnana/Nagi
2026-10-07T11:02:26.2977156Z  * [new ref]         6216f0c96b44ea47b4d23dcd1558ff78dd8859e7 -> pull/95/merge
2026-10-07T11:02:26.3021989Z ##[endgroup]
2026-10-07T11:02:26.3023203Z ##[group]Determining the checkout info
2026-10-07T11:02:26.3026016Z ##[endgroup]
2026-10-07T11:02:26.3035340Z [command]"C:\Program Files\Git\bin\git.exe" sparse-checkout disable
2026-10-07T11:02:26.3471356Z [command]"C:\Program Files\Git\bin\git.exe" config --local --unset-all extensions.worktreeConfig
2026-10-07T11:02:26.3794326Z ##[group]Checking out the ref
2026-10-07T11:02:26.3796152Z [command]"C:\Program Files\Git\bin\git.exe" checkout --progress --force refs/remotes/pull/95/merge
2026-10-07T11:02:27.1938269Z Note: switching to 'refs/remotes/pull/95/merge'.
2026-10-07T11:02:27.1938588Z 
2026-10-07T11:02:27.1938876Z You are in 'detached HEAD' state. You can look around, make experimental
2026-10-07T11:02:27.1939828Z changes and commit them, and you can discard any commits you make in this
2026-10-07T11:02:27.1940745Z state without impacting any branches by switching back to a branch.
2026-10-07T11:02:27.1941704Z 
2026-10-07T11:02:27.1942292Z If you want to create a new branch to retain commits you create, you may
2026-10-07T11:02:27.1942826Z do so (now or later) by using -c with the switch command. Example:
2026-10-07T11:02:27.1943090Z 
2026-10-07T11:02:27.1944071Z   git switch -c <new-branch-name>
2026-10-07T11:02:27.1944256Z 
2026-10-07T11:02:27.1944362Z Or undo this operation with:
2026-10-07T11:02:27.1944557Z 
2026-10-07T11:02:27.1944657Z   git switch -
2026-10-07T11:02:27.1944769Z 
2026-10-07T11:02:27.1944974Z Turn off this advice by setting config variable advice.detachedHead to false
2026-10-07T11:02:27.1945282Z 
2026-10-07T11:02:27.1945675Z HEAD is now at 6216f0c Merge 428bcb07f2700b31f712cc8d10e8bc0ec3d29ce0 into 97b7242c2172c1d0c701a7b662294e4dbe268abf
2026-10-07T11:02:27.2492627Z ##[endgroup]
2026-10-07T11:02:27.2500273Z [command]"C:\Program Files\Git\bin\git.exe" log -1 --format=%H
2026-10-07T11:02:27.2766747Z 6216f0c96b44ea47b4d23dcd1558ff78dd8859e7
2026-10-07T11:02:27.3329595Z ##[group]Run dtolnay/rust-toolchain@stable
2026-10-07T11:02:27.3329931Z with:
2026-10-07T11:02:27.3330111Z   toolchain: stable
2026-10-07T11:02:27.3330292Z env:
2026-10-07T11:02:27.3330532Z   NAGI_FAILURE_DIR: D:\a\Nagi\Nagi/build/compiler-failures
2026-10-07T11:02:27.3330863Z ##[endgroup]
2026-10-07T11:02:27.3397523Z ##[start-action display=Parse toolchain version;id=rust.parse]
2026-10-07T11:02:27.3564066Z ##[group]Run if [[ -z $toolchain ]]; then
2026-10-07T11:02:27.3564427Z [36;1mif [[ -z $toolchain ]]; then[0m
2026-10-07T11:02:27.3564958Z [36;1m  # GitHub does not enforce `required: true` inputs itself. https://github.com/actions/runner/issues/1070[0m
2026-10-07T11:02:27.3565520Z [36;1m  echo "'toolchain' is a required input" >&2[0m
2026-10-07T11:02:27.3565821Z [36;1m  exit 1[0m
2026-10-07T11:02:27.3566139Z [36;1melif [[ $toolchain =~ ^stable' '[0-9]+' '(year|month|week|day)s?' 'ago$ ]]; then[0m
2026-10-07T11:02:27.3566584Z [36;1m  if [[ Windows == macOS ]]; then[0m
2026-10-07T11:02:27.3567100Z [36;1m    echo "toolchain=1.$((($(date -v-$(sed 's/stable \([0-9]*\) \(.\).*/\1\2/' <<< $toolchain) +%s)/60/60/24-16569)/7/6))" >> $GITHUB_OUTPUT[0m
2026-10-07T11:02:27.3567594Z [36;1m  else[0m
2026-10-07T11:02:27.3567985Z [36;1m    echo "toolchain=1.$((($(date --date "${toolchain#stable }" +%s)/60/60/24-16569)/7/6))" >> $GITHUB_OUTPUT[0m
2026-10-07T11:02:27.3568422Z [36;1m  fi[0m
2026-10-07T11:02:27.3568693Z [36;1melif [[ $toolchain =~ ^stable' 'minus' '[0-9]+' 'releases?$ ]]; then[0m
2026-10-07T11:02:27.3569207Z [36;1m  echo "toolchain=1.$((($(date +%s)/60/60/24-16569)/7/6-${toolchain//[^0-9]/}))" >> $GITHUB_OUTPUT[0m
2026-10-07T11:02:27.3569711Z [36;1melif [[ $toolchain =~ ^1\.[0-9]+$ ]]; then[0m
2026-10-07T11:02:27.3570210Z [36;1m  echo "toolchain=1.$((i=${toolchain#1.}, c=($(date +%s)/60/60/24-16569)/7/6, i+9*i*(10*i<=c)+90*i*(100*i<=c)))" >> $GITHUB_OUTPUT[0m
2026-10-07T11:02:27.3570684Z [36;1melse[0m
2026-10-07T11:02:27.3570904Z [36;1m  echo "toolchain=$toolchain" >> $GITHUB_OUTPUT[0m
2026-10-07T11:02:27.3571179Z [36;1mfi[0m
2026-10-07T11:02:27.3595432Z shell: C:\Program Files\Git\bin\bash.EXE --noprofile --norc -e -o pipefail {0}
2026-10-07T11:02:27.3595827Z env:
2026-10-07T11:02:27.3596078Z   NAGI_FAILURE_DIR: D:\a\Nagi\Nagi/build/compiler-failures
2026-10-07T11:02:27.3596386Z   toolchain: stable
2026-10-07T11:02:27.3596565Z ##[endgroup]
2026-10-07T11:02:27.5292453Z ##[end-action id=rust.parse;outcome=success;conclusion=success;duration_ms=189]
2026-10-07T11:02:27.5305796Z ##[start-action display=Construct rustup command line;id=rust.flags]
2026-10-07T11:02:27.5471688Z ##[group]Run echo "targets=$(for t in ${targets//,/ }; do echo -n ' --target' $t; done)" >> $GITHUB_OUTPUT
2026-10-07T11:02:27.5472349Z [36;1mecho "targets=$(for t in ${targets//,/ }; do echo -n ' --target' $t; done)" >> $GITHUB_OUTPUT[0m
2026-10-07T11:02:27.5472983Z [36;1mecho "components=$(for c in ${components//,/ }; do echo -n ' --component' $c; done)" >> $GITHUB_OUTPUT[0m
2026-10-07T11:02:27.5473478Z [36;1mecho "downgrade=" >> $GITHUB_OUTPUT[0m
2026-10-07T11:02:27.5489697Z shell: C:\Program Files\Git\bin\bash.EXE --noprofile --norc -e -o pipefail {0}
2026-10-07T11:02:27.5490079Z env:
2026-10-07T11:02:27.5490488Z   NAGI_FAILURE_DIR: D:\a\Nagi\Nagi/build/compiler-failures
2026-10-07T11:02:27.5490781Z   targets: 
2026-10-07T11:02:27.5490945Z   components: 
2026-10-07T11:02:27.5491117Z ##[endgroup]
2026-10-07T11:02:27.6186012Z ##[end-action id=rust.flags;outcome=success;conclusion=success;duration_ms=87]
2026-10-07T11:02:27.6188317Z ##[start-action display=Set $CARGO_HOME;id=rust.__run]
2026-10-07T11:02:27.6331489Z ##[group]Run echo CARGO_HOME=${CARGO_HOME:-"$USERPROFILE\.cargo"} >> $GITHUB_ENV
2026-10-07T11:02:27.6332015Z [36;1mecho CARGO_HOME=${CARGO_HOME:-"$USERPROFILE\.cargo"} >> $GITHUB_ENV[0m
2026-10-07T11:02:27.6347733Z shell: C:\Program Files\Git\bin\bash.EXE --noprofile --norc -e -o pipefail {0}
2026-10-07T11:02:27.6349922Z env:
2026-10-07T11:02:27.6350210Z   NAGI_FAILURE_DIR: D:\a\Nagi\Nagi/build/compiler-failures
2026-10-07T11:02:27.6350520Z ##[endgroup]
2026-10-07T11:02:27.6771012Z ##[end-action id=rust.__run;outcome=success;conclusion=success;duration_ms=58]
2026-10-07T11:02:27.6773425Z ##[start-action display=Install rustup if needed;id=rust.__run_2]
2026-10-07T11:02:27.6783919Z ##[end-action id=rust.__run_2;outcome=skipped;conclusion=skipped;duration_ms=0]
2026-10-07T11:02:27.6786002Z ##[start-action display=Install rustup if needed on windows;id=rust.__run_3]
2026-10-07T11:02:27.6930270Z ##[group]Run if ! command -v rustup &>/dev/null; then
2026-10-07T11:02:27.6930638Z [36;1mif ! command -v rustup &>/dev/null; then[0m
2026-10-07T11:02:27.6931398Z [36;1m  curl --proto '=https' --tlsv1.2 --retry 10 --retry-connrefused --location --silent --show-error --fail https://win.rustup.rs/x86_64 --output 'D:\a\_temp\rustup-init.exe'[0m
2026-10-07T11:02:27.6932288Z [36;1m  'D:\a\_temp\rustup-init.exe' --default-toolchain none --no-modify-path -y[0m
2026-10-07T11:02:27.6932720Z [36;1m  echo "$CARGO_HOME\bin" >> $GITHUB_PATH[0m
2026-10-07T11:02:27.6932983Z [36;1mfi[0m
2026-10-07T11:02:27.6948015Z shell: C:\Program Files\Git\bin\bash.EXE --noprofile --norc -e -o pipefail {0}
2026-10-07T11:02:27.6948418Z env:
2026-10-07T11:02:27.6948653Z   NAGI_FAILURE_DIR: D:\a\Nagi\Nagi/build/compiler-failures
2026-10-07T11:02:27.6948982Z   CARGO_HOME: C:\Users\runneradmin\.cargo
2026-10-07T11:02:27.6949236Z ##[endgroup]
2026-10-07T11:02:27.7540958Z ##[end-action id=rust.__run_3;outcome=success;conclusion=success;duration_ms=75]
2026-10-07T11:02:27.7553785Z ##[start-action display=rustup toolchain install stable;id=rust.__run_4]
2026-10-07T11:02:27.7724724Z ##[group]Run log=$(mktemp)
2026-10-07T11:02:27.7725002Z [36;1mlog=$(mktemp)[0m
2026-10-07T11:02:27.7725218Z [36;1mtrap 'rm -f "$log"' EXIT[0m
2026-10-07T11:02:27.7725458Z [36;1mfor attempt in 1 2 3 4 5; do[0m
2026-10-07T11:02:27.7725989Z [36;1m  if rustup toolchain install stable --profile minimal --no-self-update --force-non-host 2>&1 | tee "$log"; then[0m
2026-10-07T11:02:27.7726493Z [36;1m    break[0m
2026-10-07T11:02:27.7726668Z [36;1m  else[0m
2026-10-07T11:02:27.7726841Z [36;1m    status=$?[0m
2026-10-07T11:02:27.7727047Z [36;1m  fi[0m
2026-10-07T11:02:27.7727321Z [36;1m  if [[ $attempt == 5 ]] || ! grep -Fq 'checksum failed for ' "$log" \[0m
2026-10-07T11:02:27.7728308Z [36;1m      || ! grep -Fq 'this is likely due to an ongoing update of the official release server' "$log"; then[0m
2026-10-07T11:02:27.7728770Z [36;1m    exit "$status"[0m
2026-10-07T11:02:27.7728977Z [36;1m  fi[0m
2026-10-07T11:02:27.7729321Z [36;1m  echo "Retrying rustup toolchain install in 30 seconds (retry $attempt of 4)" >&2[0m
2026-10-07T11:02:27.7729722Z [36;1m  sleep 30[0m
2026-10-07T11:02:27.7729901Z [36;1mdone[0m
2026-10-07T11:02:27.7746087Z shell: C:\Program Files\Git\bin\bash.EXE --noprofile --norc -e -o pipefail {0}
2026-10-07T11:02:27.7746480Z env:
2026-10-07T11:02:27.7746720Z   NAGI_FAILURE_DIR: D:\a\Nagi\Nagi/build/compiler-failures
2026-10-07T11:02:27.7747049Z   CARGO_HOME: C:\Users\runneradmin\.cargo
2026-10-07T11:02:27.7747314Z   RUSTUP_PERMIT_COPY_RENAME: 1
2026-10-07T11:02:27.7747534Z ##[endgroup]
2026-10-07T11:02:31.0329194Z info: syncing channel updates for stable-x86_64-pc-windows-msvc
2026-10-07T11:02:31.6346604Z info: latest update on 2026-10-01 for version 1.99.0 (b940084d7 2026-09-28)
2026-10-07T11:02:31.6663693Z info: removing previous version of component rustfmt
2026-10-07T11:02:31.6979906Z info: removing previous version of component clippy
2026-10-07T11:02:31.7138786Z info: removing previous version of component rust-std for target x86_64-pc-windows-gnu
2026-10-07T11:02:31.8246791Z info: removing previous version of component rust-std for target i686-pc-windows-msvc
2026-10-07T11:02:31.9038460Z info: removing previous version of component cargo
2026-10-07T11:02:31.9831908Z info: removing previous version of component rust-std
2026-10-07T11:02:32.0781941Z info: removing previous version of component rustc
2026-10-07T11:02:32.2046277Z info: downloading 7 components
2026-10-07T11:02:45.8429930Z 
2026-10-07T11:02:45.8747451Z   stable-x86_64-pc-windows-msvc updated - rustc 1.99.0 (b940084d7 2026-09-28) (from rustc 1.98.1 (48a229cea 2026-09-01))
2026-10-07T11:02:45.8747986Z 
2026-10-07T11:02:45.9222321Z ##[end-action id=rust.__run_4;outcome=success;conclusion=success;duration_ms=18166]
2026-10-07T11:02:45.9229037Z ##[start-action display=rustup default stable;id=rust.__run_5]
2026-10-07T11:02:45.9392088Z ##[group]Run rustup default stable --force-non-host
2026-10-07T11:02:45.9392440Z [36;1mrustup default stable --force-non-host[0m
2026-10-07T11:02:45.9407898Z shell: C:\Program Files\Git\bin\bash.EXE --noprofile --norc -e -o pipefail {0}
2026-10-07T11:02:45.9408272Z env:
2026-10-07T11:02:45.9408498Z   NAGI_FAILURE_DIR: D:\a\Nagi\Nagi/build/compiler-failures
2026-10-07T11:02:45.9408836Z   CARGO_HOME: C:\Users\runneradmin\.cargo
2026-10-07T11:02:45.9409100Z ##[endgroup]
2026-10-07T11:02:46.0096053Z info: using existing install for stable-x86_64-pc-windows-msvc
2026-10-07T11:02:46.0137055Z info: default toolchain set to stable-x86_64-pc-windows-msvc
2026-10-07T11:02:46.0137474Z 
2026-10-07T11:02:46.0340759Z   stable-x86_64-pc-windows-msvc unchanged - rustc 1.99.0 (b940084d7 2026-09-28)
2026-10-07T11:02:46.0341190Z 
2026-10-07T11:02:46.0426544Z ##[end-action id=rust.__run_5;outcome=success;conclusion=success;duration_ms=119]
2026-10-07T11:02:46.0428607Z ##[start-action display=Create cachekey;id=rust.rustc-version]
2026-10-07T11:02:46.0560416Z ##[group]Run DATE=$(rustc +stable --version --verbose | sed -ne 's/^commit-date: \(20[0-9][0-9]\)-\([01][0-9]\)-\([0-3][0-9]\)$/\1\2\3/p')
2026-10-07T11:02:46.0561236Z [36;1mDATE=$(rustc +stable --version --verbose | sed -ne 's/^commit-date: \(20[0-9][0-9]\)-\([01][0-9]\)-\([0-3][0-9]\)$/\1\2\3/p')[0m
2026-10-07T11:02:46.0561891Z [36;1mHASH=$(rustc +stable --version --verbose | sed -ne 's/^commit-hash: //p')[0m
2026-10-07T11:02:46.0562393Z [36;1mecho "cachekey=$(echo $DATE$HASH | head -c12)" >> $GITHUB_OUTPUT[0m
2026-10-07T11:02:46.0576819Z shell: C:\Program Files\Git\bin\bash.EXE --noprofile --norc -e -o pipefail {0}
2026-10-07T11:02:46.0577215Z env:
2026-10-07T11:02:46.0577442Z   NAGI_FAILURE_DIR: D:\a\Nagi\Nagi/build/compiler-failures
2026-10-07T11:02:46.0577759Z   CARGO_HOME: C:\Users\runneradmin\.cargo
2026-10-07T11:02:46.0578001Z ##[endgroup]
2026-10-07T11:02:47.0922269Z ##[end-action id=rust.rustc-version;outcome=success;conclusion=success;duration_ms=1049]
2026-10-07T11:02:47.0924550Z ##[start-action display=Disable incremental compilation;id=rust.__run_6]
2026-10-07T11:02:47.1060889Z ##[group]Run if [ -z "${CARGO_INCREMENTAL+set}" ]; then
2026-10-07T11:02:47.1061267Z [36;1mif [ -z "${CARGO_INCREMENTAL+set}" ]; then[0m
2026-10-07T11:02:47.1061578Z [36;1m  echo CARGO_INCREMENTAL=0 >> $GITHUB_ENV[0m
2026-10-07T11:02:47.1061842Z [36;1mfi[0m
2026-10-07T11:02:47.1077652Z shell: C:\Program Files\Git\bin\bash.EXE --noprofile --norc -e -o pipefail {0}
2026-10-07T11:02:47.1078034Z env:
2026-10-07T11:02:47.1078268Z   NAGI_FAILURE_DIR: D:\a\Nagi\Nagi/build/compiler-failures
2026-10-07T11:02:47.1078603Z   CARGO_HOME: C:\Users\runneradmin\.cargo
2026-10-07T11:02:47.1079739Z ##[endgroup]
2026-10-07T11:02:47.1510404Z ##[end-action id=rust.__run_6;outcome=success;conclusion=success;duration_ms=58]
2026-10-07T11:02:47.1512472Z ##[start-action display=Enable colors in Cargo output;id=rust.__run_7]
2026-10-07T11:02:47.1650642Z ##[group]Run if [ -z "${CARGO_TERM_COLOR+set}" ]; then
2026-10-07T11:02:47.1651004Z [36;1mif [ -z "${CARGO_TERM_COLOR+set}" ]; then[0m
2026-10-07T11:02:47.1651321Z [36;1m  echo CARGO_TERM_COLOR=always >> $GITHUB_ENV[0m
2026-10-07T11:02:47.1651595Z [36;1mfi[0m
2026-10-07T11:02:47.1667097Z shell: C:\Program Files\Git\bin\bash.EXE --noprofile --norc -e -o pipefail {0}
2026-10-07T11:02:47.1667478Z env:
2026-10-07T11:02:47.1667917Z   NAGI_FAILURE_DIR: D:\a\Nagi\Nagi/build/compiler-failures
2026-10-07T11:02:47.1668256Z   CARGO_HOME: C:\Users\runneradmin\.cargo
2026-10-07T11:02:47.1668517Z   CARGO_INCREMENTAL: 0
2026-10-07T11:02:47.1668705Z ##[endgroup]
2026-10-07T11:02:47.2098379Z ##[end-action id=rust.__run_7;outcome=success;conclusion=success;duration_ms=58]
2026-10-07T11:02:47.2100766Z ##[start-action display=Enable Cargo sparse registry;id=rust.__run_8]
2026-10-07T11:02:47.2236085Z ##[group]Run # implemented in 1.66, stabilized in 1.68, made default in 1.70
2026-10-07T11:02:47.2236661Z [36;1m# implemented in 1.66, stabilized in 1.68, made default in 1.70[0m
2026-10-07T11:02:47.2237301Z [36;1mif [ -z "${CARGO_REGISTRIES_CRATES_IO_PROTOCOL+set}" -o -f "D:\a\_temp"/.implicit_cargo_registries_crates_io_protocol ]; then[0m
2026-10-07T11:02:47.2237971Z [36;1m  if rustc +stable --version --verbose | grep -q '^release: 1\.6[89]\.'; then[0m
2026-10-07T11:02:47.2238478Z [36;1m    touch "D:\a\_temp"/.implicit_cargo_registries_crates_io_protocol || true[0m
2026-10-07T11:02:47.2238952Z [36;1m    echo CARGO_REGISTRIES_CRATES_IO_PROTOCOL=sparse >> $GITHUB_ENV[0m
2026-10-07T11:02:47.2239437Z [36;1m  elif rustc +stable --version --verbose | grep -q '^release: 1\.6[67]\.'; then[0m
2026-10-07T11:02:47.2239943Z [36;1m    touch "D:\a\_temp"/.implicit_cargo_registries_crates_io_protocol || true[0m
2026-10-07T11:02:47.2240395Z [36;1m    echo CARGO_REGISTRIES_CRATES_IO_PROTOCOL=git >> $GITHUB_ENV[0m
2026-10-07T11:02:47.2240719Z [36;1m  fi[0m
2026-10-07T11:02:47.2240884Z [36;1mfi[0m
2026-10-07T11:02:47.2257014Z shell: C:\Program Files\Git\bin\bash.EXE --noprofile --norc -e -o pipefail {0}
2026-10-07T11:02:47.2257391Z env:
2026-10-07T11:02:47.2257629Z   NAGI_FAILURE_DIR: D:\a\Nagi\Nagi/build/compiler-failures
2026-10-07T11:02:47.2257954Z   CARGO_HOME: C:\Users\runneradmin\.cargo
2026-10-07T11:02:47.2258200Z   CARGO_INCREMENTAL: 0
2026-10-07T11:02:47.2258399Z   CARGO_TERM_COLOR: always
2026-10-07T11:02:47.2258605Z ##[endgroup]
2026-10-07T11:02:47.4191492Z ##[end-action id=rust.__run_8;outcome=success;conclusion=success;duration_ms=209]
2026-10-07T11:02:47.4193809Z ##[start-action display=Work around spurious network errors in curl 8.0;id=rust.__run_9]
2026-10-07T11:02:47.4333477Z ##[group]Run # https://rust-lang.zulipchat.com/#narrow/stream/246057-t-cargo/topic/timeout.20investigation
2026-10-07T11:02:47.4334337Z [36;1m# https://rust-lang.zulipchat.com/#narrow/stream/246057-t-cargo/topic/timeout.20investigation[0m
2026-10-07T11:02:47.4398001Z [36;1mif rustc +stable --version --verbose | grep -q '^release: 1\.7[01]\.'; then[0m
2026-10-07T11:02:47.4398584Z [36;1m  echo CARGO_HTTP_MULTIPLEXING=false >> $GITHUB_ENV[0m
2026-10-07T11:02:47.4398885Z [36;1mfi[0m
2026-10-07T11:02:47.4418768Z shell: C:\Program Files\Git\bin\bash.EXE --noprofile --norc -e -o pipefail {0}
2026-10-07T11:02:47.4419147Z env:
2026-10-07T11:02:47.4419394Z   NAGI_FAILURE_DIR: D:\a\Nagi\Nagi/build/compiler-failures
2026-10-07T11:02:47.4419736Z   CARGO_HOME: C:\Users\runneradmin\.cargo
2026-10-07T11:02:47.4419989Z   CARGO_INCREMENTAL: 0
2026-10-07T11:02:47.4420186Z   CARGO_TERM_COLOR: always
2026-10-07T11:02:47.4420386Z ##[endgroup]
2026-10-07T11:02:47.5459262Z ##[end-action id=rust.__run_9;outcome=success;conclusion=success;duration_ms=126]
2026-10-07T11:02:47.5464358Z ##[start-action display=rustc +stable --version --verbose;id=rust.__run_10]
2026-10-07T11:02:47.5606541Z ##[group]Run rustc +stable --version --verbose
2026-10-07T11:02:47.5606858Z [36;1mrustc +stable --version --verbose[0m
2026-10-07T11:02:47.5620773Z shell: C:\Program Files\Git\bin\bash.EXE --noprofile --norc -e -o pipefail {0}
2026-10-07T11:02:47.5621154Z env:
2026-10-07T11:02:47.5621392Z   NAGI_FAILURE_DIR: D:\a\Nagi\Nagi/build/compiler-failures
2026-10-07T11:02:47.5621724Z   CARGO_HOME: C:\Users\runneradmin\.cargo
2026-10-07T11:02:47.5621975Z   CARGO_INCREMENTAL: 0
2026-10-07T11:02:47.5622170Z   CARGO_TERM_COLOR: always
2026-10-07T11:02:47.5622557Z ##[endgroup]
2026-10-07T11:02:47.6504184Z rustc 1.99.0 (b940084d7 2026-09-28)
2026-10-07T11:02:47.6504758Z binary: rustc
2026-10-07T11:02:47.6505165Z commit-hash: b940084d7eb6a299eb4bfeb8e34901bc051e7ac4
2026-10-07T11:02:47.6505543Z commit-date: 2026-09-28
2026-10-07T11:02:47.6505849Z host: x86_64-pc-windows-msvc
2026-10-07T11:02:47.6506125Z release: 1.99.0
2026-10-07T11:02:47.6508146Z LLVM version: 23.1.1
2026-10-07T11:02:47.6654107Z ##[end-action id=rust.__run_10;outcome=success;conclusion=success;duration_ms=118]
2026-10-07T11:02:48.2923886Z ##[group]Run actions/cache@v4
2026-10-07T11:02:48.2924189Z with:
2026-10-07T11:02:48.2924460Z   path: ~/.cargo/registry
~/.cargo/git
target
native-target

2026-10-07T11:02:48.2925361Z   key: nagi-rust-v1-package-windows-x86_64-20260928b940-ec36a51f8eba44c485d62f4c9bfa24f91f29bf1b628cce42ff81e70bfa0a8824-5d1e1bbc28591ac6ca17d6a5345d8a3d02470ab3adfc93acf057027d4ec191da
2026-10-07T11:02:48.2926738Z   restore-keys: nagi-rust-v1-package-windows-x86_64-20260928b940-ec36a51f8eba44c485d62f4c9bfa24f91f29bf1b628cce42ff81e70bfa0a8824-
nagi-rust-v1-package-windows-x86_64-20260928b940-

2026-10-07T11:02:48.2927529Z   enableCrossOsArchive: false
2026-10-07T11:02:48.2927760Z   fail-on-cache-miss: false
2026-10-07T11:02:48.2927974Z   lookup-only: false
2026-10-07T11:02:48.2928190Z   save-always: false
2026-10-07T11:02:48.2928368Z env:
2026-10-07T11:02:48.2928599Z   NAGI_FAILURE_DIR: D:\a\Nagi\Nagi/build/compiler-failures
2026-10-07T11:02:48.2928943Z   CARGO_HOME: C:\Users\runneradmin\.cargo
2026-10-07T11:02:48.2929199Z   CARGO_INCREMENTAL: 0
2026-10-07T11:02:48.2929396Z   CARGO_TERM_COLOR: always
2026-10-07T11:02:48.2929590Z ##[endgroup]
2026-10-07T11:02:48.4345796Z (node:3616) [DEP0040] DeprecationWarning: The `punycode` module is deprecated. Please use a userland alternative instead.
2026-10-07T11:02:48.4347104Z (Use `node --trace-deprecation ...` to show where the warning was created)
2026-10-07T11:02:48.8053401Z Cache not found for input keys: nagi-rust-v1-package-windows-x86_64-20260928b940-ec36a51f8eba44c485d62f4c9bfa24f91f29bf1b628cce42ff81e70bfa0a8824-5d1e1bbc28591ac6ca17d6a5345d8a3d02470ab3adfc93acf057027d4ec191da, nagi-rust-v1-package-windows-x86_64-20260928b940-ec36a51f8eba44c485d62f4c9bfa24f91f29bf1b628cce42ff81e70bfa0a8824-, nagi-rust-v1-package-windows-x86_64-20260928b940-
2026-10-07T11:02:48.8334173Z ##[group]Run actions/setup-python@v5
2026-10-07T11:02:48.8334493Z with:
2026-10-07T11:02:48.8334674Z   python-version: 3.12
2026-10-07T11:02:48.8334885Z   check-latest: false
2026-10-07T11:02:48.8337670Z   token: ***
2026-10-07T11:02:48.8337863Z   update-environment: true
2026-10-07T11:02:48.8338085Z   allow-prereleases: false
2026-10-07T11:02:48.8338302Z   freethreaded: false
2026-10-07T11:02:48.8338487Z env:
2026-10-07T11:02:48.8338713Z   NAGI_FAILURE_DIR: D:\a\Nagi\Nagi/build/compiler-failures
2026-10-07T11:02:48.8339032Z   CARGO_HOME: C:\Users\runneradmin\.cargo
2026-10-07T11:02:48.8339298Z   CARGO_INCREMENTAL: 0
2026-10-07T11:02:48.8339507Z   CARGO_TERM_COLOR: always
2026-10-07T11:02:48.8339699Z ##[endgroup]
2026-10-07T11:02:49.0074759Z ##[group]Installed versions
2026-10-07T11:02:49.0271253Z (node:7856) [DEP0040] DeprecationWarning: The `punycode` module is deprecated. Please use a userland alternative instead.
2026-10-07T11:02:49.0272521Z (Use `node --trace-deprecation ...` to show where the warning was created)
2026-10-07T11:02:49.0273242Z Successfully set up CPython (3.12.10)
2026-10-07T11:02:49.0274416Z ##[endgroup]
2026-10-07T11:02:49.0590155Z ##[group]Run actions/setup-node@v4
2026-10-07T11:02:49.0590474Z with:
2026-10-07T11:02:49.0590647Z   node-version: 22
2026-10-07T11:02:49.0590835Z   always-auth: false
2026-10-07T11:02:49.0591029Z   check-latest: false
2026-10-07T11:02:49.0593587Z   token: ***
2026-10-07T11:02:49.0593755Z env:
2026-10-07T11:02:49.0593978Z   NAGI_FAILURE_DIR: D:\a\Nagi\Nagi/build/compiler-failures
2026-10-07T11:02:49.0594302Z   CARGO_HOME: C:\Users\runneradmin\.cargo
2026-10-07T11:02:49.0594547Z   CARGO_INCREMENTAL: 0
2026-10-07T11:02:49.0594739Z   CARGO_TERM_COLOR: always
2026-10-07T11:02:49.0595022Z   pythonLocation: C:\hostedtoolcache\windows\Python\3.12.10\x64
2026-10-07T11:02:49.0595480Z   PKG_CONFIG_PATH: C:\hostedtoolcache\windows\Python\3.12.10\x64/lib/pkgconfig
2026-10-07T11:02:49.0595939Z   Python_ROOT_DIR: C:\hostedtoolcache\windows\Python\3.12.10\x64
2026-10-07T11:02:49.0596327Z   Python2_ROOT_DIR: C:\hostedtoolcache\windows\Python\3.12.10\x64
2026-10-07T11:02:49.0596745Z   Python3_ROOT_DIR: C:\hostedtoolcache\windows\Python\3.12.10\x64
2026-10-07T11:02:49.0597047Z ##[endgroup]
2026-10-07T11:02:49.2486270Z Found in cache @ C:\hostedtoolcache\windows\node\22.23.3\x64
2026-10-07T11:02:49.2494746Z (node:8596) [DEP0040] DeprecationWarning: The `punycode` module is deprecated. Please use a userland alternative instead.
2026-10-07T11:02:49.2496001Z (Use `node --trace-deprecation ...` to show where the warning was created)
2026-10-07T11:02:49.2499216Z ##[group]Environment details
2026-10-07T11:02:53.8849657Z node: v22.23.3
2026-10-07T11:02:53.8849991Z npm: 10.9.9
2026-10-07T11:02:53.8850172Z yarn: 1.22.22
2026-10-07T11:02:53.8850635Z ##[endgroup]
2026-10-07T11:02:53.9145954Z ##[group]Run python - <<'PY'
2026-10-07T11:02:53.9146310Z [36;1mpython - <<'PY'[0m
2026-10-07T11:02:53.9146568Z [36;1mimport os, subprocess[0m
2026-10-07T11:02:53.9146951Z [36;1mlines = subprocess.check_output(['rustc', '-vV'], text=True).splitlines()[0m
2026-10-07T11:02:53.9147525Z [36;1mhost = next(line.removeprefix('host: ') for line in lines if line.startswith('host: '))[0m
2026-10-07T11:02:53.9148027Z [36;1massert host == os.environ['RELEASE_RUST_HOST'], host[0m
2026-10-07T11:02:53.9148331Z [36;1mPY[0m
2026-10-07T11:02:53.9165889Z shell: C:\Program Files\Git\bin\bash.EXE --noprofile --norc -e -o pipefail {0}
2026-10-07T11:02:53.9166284Z env:
2026-10-07T11:02:53.9166528Z   NAGI_FAILURE_DIR: D:\a\Nagi\Nagi/build/compiler-failures
2026-10-07T11:02:53.9166866Z   CARGO_HOME: C:\Users\runneradmin\.cargo
2026-10-07T11:02:53.9167119Z   CARGO_INCREMENTAL: 0
2026-10-07T11:02:53.9167321Z   CARGO_TERM_COLOR: always
2026-10-07T11:02:53.9167646Z   pythonLocation: C:\hostedtoolcache\windows\Python\3.12.10\x64
2026-10-07T11:02:53.9168096Z   PKG_CONFIG_PATH: C:\hostedtoolcache\windows\Python\3.12.10\x64/lib/pkgconfig
2026-10-07T11:02:53.9168542Z   Python_ROOT_DIR: C:\hostedtoolcache\windows\Python\3.12.10\x64
2026-10-07T11:02:53.9168932Z   Python2_ROOT_DIR: C:\hostedtoolcache\windows\Python\3.12.10\x64
2026-10-07T11:02:53.9169324Z   Python3_ROOT_DIR: C:\hostedtoolcache\windows\Python\3.12.10\x64
2026-10-07T11:02:53.9169658Z   RELEASE_RUST_HOST: x86_64-pc-windows-msvc
2026-10-07T11:02:53.9169910Z ##[endgroup]
2026-10-07T11:02:54.8619053Z ##[group]Run cargo fetch --locked --target "$RELEASE_RUST_HOST"
2026-10-07T11:02:54.8619548Z [36;1mcargo fetch --locked --target "$RELEASE_RUST_HOST"[0m
2026-10-07T11:02:54.8637583Z shell: C:\Program Files\Git\bin\bash.EXE --noprofile --norc -e -o pipefail {0}
2026-10-07T11:02:54.8637964Z env:
2026-10-07T11:02:54.8638202Z   NAGI_FAILURE_DIR: D:\a\Nagi\Nagi/build/compiler-failures
2026-10-07T11:02:54.8638527Z   CARGO_HOME: C:\Users\runneradmin\.cargo
2026-10-07T11:02:54.8638774Z   CARGO_INCREMENTAL: 0
2026-10-07T11:02:54.8638979Z   CARGO_TERM_COLOR: always
2026-10-07T11:02:54.8639446Z   pythonLocation: C:\hostedtoolcache\windows\Python\3.12.10\x64
2026-10-07T11:02:54.8639883Z   PKG_CONFIG_PATH: C:\hostedtoolcache\windows\Python\3.12.10\x64/lib/pkgconfig
2026-10-07T11:02:54.8640314Z   Python_ROOT_DIR: C:\hostedtoolcache\windows\Python\3.12.10\x64
2026-10-07T11:02:54.8640702Z   Python2_ROOT_DIR: C:\hostedtoolcache\windows\Python\3.12.10\x64
2026-10-07T11:02:54.8641119Z   Python3_ROOT_DIR: C:\hostedtoolcache\windows\Python\3.12.10\x64
2026-10-07T11:02:54.8641446Z   RELEASE_RUST_HOST: x86_64-pc-windows-msvc
2026-10-07T11:02:54.8641694Z ##[endgroup]
2026-10-07T11:02:55.5298585Z [1m[92m    Updating[0m crates.io index
2026-10-07T11:02:55.9342646Z [1m[92m Downloading[0m crates ...
2026-10-07T11:02:56.0851527Z [1m[92m  Downloaded[0m futures-task v0.3.34
2026-10-07T11:02:56.0986389Z [1m[92m  Downloaded[0m serde_core v1.0.229
2026-10-07T11:02:56.1240866Z [1m[92m  Downloaded[0m serde v1.0.229
2026-10-07T11:02:56.1647230Z [1m[92m  Downloaded[0m windows-link v0.2.1
2026-10-07T11:02:56.2421834Z [1m[92m  Downloaded[0m serde_urlencoded v0.7.1
2026-10-07T11:02:56.2593236Z [1m[92m  Downloaded[0m itoa v1.0.18
2026-10-07T11:02:56.2768313Z [1m[92m  Downloaded[0m futures-macro v0.3.34
2026-10-07T11:02:56.2873316Z [1m[92m  Downloaded[0m version_check v0.9.5
2026-10-07T11:02:56.2997651Z [1m[92m  Downloaded[0m atomic-waker v1.1.2
2026-10-07T11:02:56.3144671Z [1m[92m  Downloaded[0m futures-sink v0.3.34
2026-10-07T11:02:56.3224303Z [1m[92m  Downloaded[0m cfg-if v1.0.5
2026-10-07T11:02:56.3346440Z [1m[92m  Downloaded[0m generic-array v0.14.7
2026-10-07T11:02:56.3495411Z [1m[92m  Downloaded[0m futures-core v0.3.34
2026-10-07T11:02:56.3671635Z [1m[92m  Downloaded[0m httpdate v1.0.3
2026-10-07T11:02:56.3790802Z [1m[92m  Downloaded[0m deadpool-runtime v0.3.1
2026-10-07T11:02:56.3882432Z [1m[92m  Downloaded[0m percent-encoding v2.3.2
2026-10-07T11:02:56.3967934Z [1m[92m  Downloaded[0m serde_spanned v1.1.1
2026-10-07T11:02:56.4104175Z [1m[92m  Downloaded[0m cpufeatures v0.2.17
2026-10-07T11:02:56.4247230Z [1m[92m  Downloaded[0m equivalent v1.0.2
2026-10-07T11:02:56.4350210Z [1m[92m  Downloaded[0m block-buffer v0.10.4
2026-10-07T11:02:56.4454531Z [1m[92m  Downloaded[0m sha1 v0.10.7
2026-10-07T11:02:56.4635540Z [1m[92m  Downloaded[0m tower-layer v0.3.3
2026-10-07T11:02:56.4737404Z [1m[92m  Downloaded[0m form_urlencoded v1.2.2
2026-10-07T11:02:56.4836809Z [1m[92m  Downloaded[0m sync_wrapper v1.0.2
2026-10-07T11:02:56.4907809Z [1m[92m  Downloaded[0m crypto-common v0.1.7
2026-10-07T11:02:56.5073930Z [1m[92m  Downloaded[0m tokio-macros v2.7.2
2026-10-07T11:02:56.5172610Z [1m[92m  Downloaded[0m http-body v1.1.0
2026-10-07T11:02:56.5274399Z [1m[92m  Downloaded[0m fallible-streaming-iterator v0.1.9
2026-10-07T11:02:56.5360702Z [1m[92m  Downloaded[0m pkg-config v0.3.34
2026-10-07T11:02:56.5532331Z [1m[92m  Downloaded[0m quote v1.0.47
2026-10-07T11:02:56.5808467Z [1m[92m  Downloaded[0m slab v0.4.12
2026-10-07T11:02:56.5953537Z [1m[92m  Downloaded[0m pin-project-lite v0.2.17
2026-10-07T11:02:56.6639428Z [1m[92m  Downloaded[0m shlex v2.0.1
2026-10-07T11:02:56.6795015Z [1m[92m  Downloaded[0m tower-service v0.3.3
2026-10-07T11:02:56.6890095Z [1m[92m  Downloaded[0m data-encoding v2.11.1
2026-10-07T11:02:56.6965652Z [1m[92m  Downloaded[0m thiserror v2.0.21
2026-10-07T11:02:56.7769069Z [1m[92m  Downloaded[0m axum-core v0.5.6
2026-10-07T11:02:56.8010806Z [1m[92m  Downloaded[0m serde_path_to_error v0.1.20
2026-10-07T11:02:56.8189628Z [1m[92m  Downloaded[0m rand_core v0.9.5
2026-10-07T11:02:56.8312098Z [1m[92m  Downloaded[0m rand_chacha v0.9.0
2026-10-07T11:02:56.8412792Z [1m[92m  Downloaded[0m ppv-lite86 v0.2.21
2026-10-07T11:02:56.8515653Z [1m[92m  Downloaded[0m tokio-tungstenite v0.29.0
2026-10-07T11:02:56.8729549Z [1m[92m  Downloaded[0m toml_datetime v1.1.1+spec-1.1.0
2026-10-07T11:02:56.8821822Z [1m[92m  Downloaded[0m toml_writer v1.1.2+spec-1.1.0
2026-10-07T11:02:56.8924630Z [1m[92m  Downloaded[0m foldhash v0.2.0
2026-10-07T11:02:56.9077111Z [1m[92m  Downloaded[0m find-msvc-tools v0.1.14
2026-10-07T11:02:56.9240589Z [1m[92m  Downloaded[0m fallible-iterator v0.3.0
2026-10-07T11:02:56.9347459Z [1m[92m  Downloaded[0m zmij v1.0.23
2026-10-07T11:02:56.9545439Z [1m[92m  Downloaded[0m unicode-ident v1.0.26
2026-10-07T11:02:56.9788589Z [1m[92m  Downloaded[0m thiserror-impl v2.0.21
2026-10-07T11:02:56.9971378Z [1m[92m  Downloaded[0m hashlink v0.12.2
2026-10-07T11:02:57.0155762Z [1m[92m  Downloaded[0m matchit v0.8.4
2026-10-07T11:02:57.0346237Z [1m[92m  Downloaded[0m httparse v1.10.1
2026-10-07T11:02:57.0583731Z [1m[92m  Downloaded[0m mime v0.3.17
2026-10-07T11:02:57.0712222Z [1m[92m  Downloaded[0m digest v0.10.7
2026-10-07T11:02:57.0925747Z [1m[92m  Downloaded[0m http-body-util v0.1.5
2026-10-07T11:02:57.1127917Z [1m[92m  Downloaded[0m toml_parser v1.1.3+spec-1.1.0
2026-10-07T11:02:57.1343098Z [1m[92m  Downloaded[0m deadpool v0.13.1
2026-10-07T11:02:57.1693312Z [1m[92m  Downloaded[0m once_cell v1.21.4
2026-10-07T11:02:57.1979388Z [1m[92m  Downloaded[0m proc-macro2 v1.0.107
2026-10-07T11:02:57.2334051Z [1m[92m  Downloaded[0m futures-channel v0.3.34
2026-10-07T11:02:57.2546397Z [1m[92m  Downloaded[0m socket2 v0.6.5
2026-10-07T11:02:57.2703284Z [1m[92m  Downloaded[0m serde_derive v1.0.229
2026-10-07T11:02:57.3042290Z [1m[92m  Downloaded[0m getrandom v0.3.4
2026-10-07T11:02:57.3445465Z [1m[92m  Downloaded[0m toml v1.1.6+spec-1.1.0
2026-10-07T11:02:57.3865040Z [1m[92m  Downloaded[0m ryu v1.0.23
2026-10-07T11:02:57.4248937Z [1m[92m  Downloaded[0m tracing-core v0.1.36
2026-10-07T11:02:57.4497407Z [1m[92m  Downloaded[0m bytes v1.12.1
2026-10-07T11:02:57.4882677Z [1m[92m  Downloaded[0m smallvec v1.16.2
2026-10-07T11:02:57.4977553Z [1m[92m  Downloaded[0m bitflags v2.13.2
2026-10-07T11:02:57.5480946Z [1m[92m  Downloaded[0m base64 v0.22.1
2026-10-07T11:02:58.2207799Z [1m[92m  Downloaded[0m log v0.4.34
2026-10-07T11:02:58.2385896Z [1m[92m  Downloaded[0m tungstenite v0.29.0
2026-10-07T11:02:58.2715163Z [1m[92m  Downloaded[0m memchr v2.8.3
2026-10-07T11:02:58.3299134Z [1m[92m  Downloaded[0m http v1.5.0
2026-10-07T11:02:58.3617412Z [1m[92m  Downloaded[0m rand v0.9.5
2026-10-07T11:02:58.3968825Z [1m[92m  Downloaded[0m bumpalo v3.20.3
2026-10-07T11:02:58.4185920Z [1m[92m  Downloaded[0m typenum v1.20.1
2026-10-07T11:02:58.4400500Z [1m[92m  Downloaded[0m mio v1.2.3
2026-10-07T11:02:58.5006992Z [1m[92m  Downloaded[0m cc v1.5.1
2026-10-07T11:02:58.5289396Z [1m[92m  Downloaded[0m indexmap v2.14.2
2026-10-07T11:02:58.5677018Z [1m[92m  Downloaded[0m tower v0.5.3
2026-10-07T11:02:58.6799524Z [1m[92m  Downloaded[0m hyper-util v0.1.21
2026-10-07T11:02:58.7705234Z [1m[92m  Downloaded[0m serde_json v1.0.151
2026-10-07T11:02:59.4049318Z [1m[92m  Downloaded[0m hashbrown v0.17.1
2026-10-07T11:02:59.6415092Z [1m[92m  Downloaded[0m rusqlite v0.40.2
2026-10-07T11:02:59.9546529Z [1m[92m  Downloaded[0m hyper v1.11.1
2026-10-07T11:03:00.1298658Z [1m[92m  Downloaded[0m futures-util v0.3.34
2026-10-07T11:03:00.8626014Z [1m[92m  Downloaded[0m winnow v1.0.4
2026-10-07T11:03:01.2350943Z [1m[92m  Downloaded[0m axum v0.8.9
2026-10-07T11:03:01.3228596Z [1m[92m  Downloaded[0m vcpkg v0.2.15
2026-10-07T11:03:02.6244693Z [1m[92m  Downloaded[0m zerocopy v0.8.59
2026-10-07T11:03:02.8581091Z [1m[92m  Downloaded[0m syn v3.0.6
2026-10-07T11:03:02.9490270Z [1m[92m  Downloaded[0m tracing v0.1.44
2026-10-07T11:03:03.0356803Z [1m[92m  Downloaded[0m tokio v1.53.1
2026-10-07T11:03:03.9139739Z [1m[92m  Downloaded[0m windows-sys v0.61.2
2026-10-07T11:03:04.5544880Z [1m[92m  Downloaded[0m libsqlite3-sys v0.38.2
2026-10-07T11:03:05.0860850Z ##[group]Run cargo build --release --locked -p nagic
2026-10-07T11:03:05.0861285Z [36;1mcargo build --release --locked -p nagic[0m
2026-10-07T11:03:05.1675811Z shell: C:\Program Files\PowerShell\7\pwsh.EXE -command ". '{0}'"
2026-10-07T11:03:05.1676196Z env:
2026-10-07T11:03:05.1676456Z   NAGI_FAILURE_DIR: D:\a\Nagi\Nagi/build/compiler-failures
2026-10-07T11:03:05.1676832Z   CARGO_HOME: C:\Users\runneradmin\.cargo
2026-10-07T11:03:05.1677119Z   CARGO_INCREMENTAL: 0
2026-10-07T11:03:05.1677336Z   CARGO_TERM_COLOR: always
2026-10-07T11:03:05.1677662Z   pythonLocation: C:\hostedtoolcache\windows\Python\3.12.10\x64
2026-10-07T11:03:05.1678166Z   PKG_CONFIG_PATH: C:\hostedtoolcache\windows\Python\3.12.10\x64/lib/pkgconfig
2026-10-07T11:03:05.1678671Z   Python_ROOT_DIR: C:\hostedtoolcache\windows\Python\3.12.10\x64
2026-10-07T11:03:05.1679125Z   Python2_ROOT_DIR: C:\hostedtoolcache\windows\Python\3.12.10\x64
2026-10-07T11:03:05.1679629Z   Python3_ROOT_DIR: C:\hostedtoolcache\windows\Python\3.12.10\x64
2026-10-07T11:03:05.1679987Z ##[endgroup]
2026-10-07T11:03:05.6960983Z [1m[92m   Compiling[0m serde_core v1.0.229
2026-10-07T11:03:05.6961994Z [1m[92m   Compiling[0m proc-macro2 v1.0.107
2026-10-07T11:03:05.6962780Z [1m[92m   Compiling[0m shlex v2.0.1
2026-10-07T11:03:05.6963543Z [1m[92m   Compiling[0m find-msvc-tools v0.1.14
2026-10-07T11:03:05.9151592Z [1m[92m   Compiling[0m unicode-ident v1.0.26
2026-10-07T11:03:06.0080583Z [1m[92m   Compiling[0m quote v1.0.47
2026-10-07T11:03:06.6483227Z [1m[92m   Compiling[0m cc v1.5.1
2026-10-07T11:03:07.8588514Z [1m[92m   Compiling[0m vcpkg v0.2.15
2026-10-07T11:03:08.6292948Z [1m[92m   Compiling[0m pkg-config v0.3.34
2026-10-07T11:03:09.2476715Z [1m[92m   Compiling[0m zmij v1.0.23
2026-10-07T11:03:09.4445699Z [1m[92m   Compiling[0m libsqlite3-sys v0.38.2
2026-10-07T11:03:09.4611238Z [1m[92m   Compiling[0m foldhash v0.2.0
2026-10-07T11:03:09.6312479Z [1m[92m   Compiling[0m hashbrown v0.17.1
2026-10-07T11:03:09.7754753Z [1m[92m   Compiling[0m syn v3.0.6
2026-10-07T11:03:10.6172584Z [1m[92m   Compiling[0m serde_json v1.0.151
2026-10-07T11:03:10.7959824Z [1m[92m   Compiling[0m winnow v1.0.4
2026-10-07T11:03:11.3935945Z [1m[92m   Compiling[0m serde v1.0.229
2026-10-07T11:03:11.6972106Z [1m[92m   Compiling[0m serde_spanned v1.1.1
2026-10-07T11:03:11.7045066Z [1m[92m   Compiling[0m toml_datetime v1.1.1+spec-1.1.0
2026-10-07T11:03:11.8066252Z [1m[92m   Compiling[0m toml_parser v1.1.3+spec-1.1.0
2026-10-07T11:03:12.2764993Z [1m[92m   Compiling[0m hashlink v0.12.2
2026-10-07T11:03:13.1987379Z [1m[92m   Compiling[0m fallible-streaming-iterator v0.1.9
2026-10-07T11:03:13.3722881Z [1m[92m   Compiling[0m bitflags v2.13.2
2026-10-07T11:03:13.3737572Z [1m[92m   Compiling[0m serde_derive v1.0.229
2026-10-07T11:03:13.8664116Z [1m[92m   Compiling[0m toml_writer v1.1.2+spec-1.1.0
2026-10-07T11:03:13.9130270Z [1m[92m   Compiling[0m itoa v1.0.18
2026-10-07T11:03:14.1563015Z [1m[92m   Compiling[0m fallible-iterator v0.3.0
2026-10-07T11:03:14.1849650Z [1m[92m   Compiling[0m smallvec v1.16.2
2026-10-07T11:03:14.4886831Z [1m[92m   Compiling[0m memchr v2.8.3
2026-10-07T11:03:14.6662825Z [1m[92m   Compiling[0m toml v1.1.6+spec-1.1.0
2026-10-07T11:03:40.8650725Z [1m[92m   Compiling[0m rusqlite v0.40.2
2026-10-07T11:03:41.8891230Z [1m[92m   Compiling[0m nagic v0.1.11 (D:\a\Nagi\Nagi\compiler)
2026-10-07T11:04:48.5862684Z [1m[92m    Finished[0m `release` profile [optimized] target(s) in 1m 43s
2026-10-07T11:04:48.7188537Z ##[group]Run cargo test --locked -p nagic --lib --test cli --test installation --test codegen --test loop_ownership --test ownership_calls --test ownership_boundaries --test comparison_ownership --test owned_copy_codegen --test build_diagnostics --test rust_dependencies --test expression_contracts --test frontend_contracts --test literal_contracts --test http_route_conflicts --test symbols --test modules --test module_parser --test module_emission --test module_symbols --test enum_parser --test enum_modules --test enum_emission --test enum_patterns --test nullable_database --test nullable_roundtrip --test owned_database --test borrow_free_returns --test static_callback_views --test view_iteration --test view_parameter_rebinding --test sql_check --test typed_errors --test error_routes --test class_field_types --test resource_contract_characterization --test stdlib_imports --test option_match --test http_stdlib --test http_codegen --test actor_stdlib --test actor_codegen --test graph_types --test graph_relations --test graph_render --test graph_html --test map_cli --test low_multiline --test list_ownership_inference --test list_borrow_iteration --test result_stdlib
2026-10-07T11:04:48.7196864Z [36;1mcargo test --locked -p nagic --lib --test cli --test installation --test codegen --test loop_ownership --test ownership_calls --test ownership_boundaries --test comparison_ownership --test owned_copy_codegen --test build_diagnostics --test rust_dependencies --test expression_contracts --test frontend_contracts --test literal_contracts --test http_route_conflicts --test symbols --test modules --test module_parser --test module_emission --test module_symbols --test enum_parser --test enum_modules --test enum_emission --test enum_patterns --test nullable_database --test nullable_roundtrip --test owned_database --test borrow_free_returns --test static_callback_views --test view_iteration --test view_parameter_rebinding --test sql_check --test typed_errors --test error_routes --test class_field_types --test resource_contract_characterization --test stdlib_imports --test option_match --test http_stdlib --test http_codegen --test actor_stdlib --test actor_codegen --test graph_types --test graph_relations --test graph_render --test graph_html --test map_cli --test low_multiline --test list_ownership_inference --test list_borrow_iteration --test result_stdlib[0m
2026-10-07T11:04:48.7274136Z shell: C:\Program Files\PowerShell\7\pwsh.EXE -command ". '{0}'"
2026-10-07T11:04:48.7274492Z env:
2026-10-07T11:04:48.7274738Z   NAGI_FAILURE_DIR: D:\a\Nagi\Nagi/build/compiler-failures
2026-10-07T11:04:48.7275067Z   CARGO_HOME: C:\Users\runneradmin\.cargo
2026-10-07T11:04:48.7275341Z   CARGO_INCREMENTAL: 0
2026-10-07T11:04:48.7275696Z   CARGO_TERM_COLOR: always
2026-10-07T11:04:48.7276123Z   pythonLocation: C:\hostedtoolcache\windows\Python\3.12.10\x64
2026-10-07T11:04:48.7276597Z   PKG_CONFIG_PATH: C:\hostedtoolcache\windows\Python\3.12.10\x64/lib/pkgconfig
2026-10-07T11:04:48.7277057Z   Python_ROOT_DIR: C:\hostedtoolcache\windows\Python\3.12.10\x64
2026-10-07T11:04:48.7277467Z   Python2_ROOT_DIR: C:\hostedtoolcache\windows\Python\3.12.10\x64
2026-10-07T11:04:48.7277883Z   Python3_ROOT_DIR: C:\hostedtoolcache\windows\Python\3.12.10\x64
2026-10-07T11:04:48.7278213Z ##[endgroup]
2026-10-07T11:04:49.1440753Z [1m[92m   Compiling[0m serde_core v1.0.229
2026-10-07T11:04:49.1441574Z [1m[92m   Compiling[0m proc-macro2 v1.0.107
2026-10-07T11:04:49.1442252Z [1m[92m   Compiling[0m shlex v2.0.1
2026-10-07T11:04:49.1442977Z [1m[92m   Compiling[0m unicode-ident v1.0.26
2026-10-07T11:04:49.3711854Z [1m[92m   Compiling[0m find-msvc-tools v0.1.14
2026-10-07T11:04:49.4066779Z [1m[92m   Compiling[0m quote v1.0.47
2026-10-07T11:04:49.8164239Z [1m[92m   Compiling[0m vcpkg v0.2.15
2026-10-07T11:04:50.7722694Z [1m[92m   Compiling[0m cc v1.5.1
2026-10-07T11:04:50.8740714Z [1m[92m   Compiling[0m pkg-config v0.3.34
2026-10-07T11:04:51.2782722Z [1m[92m   Compiling[0m foldhash v0.2.0
2026-10-07T11:04:51.5616426Z [1m[92m   Compiling[0m zmij v1.0.23
2026-10-07T11:04:51.6904589Z [1m[92m   Compiling[0m hashbrown v0.17.1
2026-10-07T11:04:52.0181020Z [1m[92m   Compiling[0m syn v3.0.6
2026-10-07T11:04:52.6190418Z [1m[92m   Compiling[0m serde v1.0.229
2026-10-07T11:04:52.9790826Z [1m[92m   Compiling[0m winnow v1.0.4
2026-10-07T11:04:53.3483530Z [1m[92m   Compiling[0m libsqlite3-sys v0.38.2
2026-10-07T11:04:53.4251157Z [1m[92m   Compiling[0m serde_json v1.0.151
2026-10-07T11:04:53.5652342Z [1m[92m   Compiling[0m toml_parser v1.1.3+spec-1.1.0
2026-10-07T11:04:53.6896953Z [1m[92m   Compiling[0m serde_spanned v1.1.1
2026-10-07T11:04:53.8331307Z [1m[92m   Compiling[0m toml_datetime v1.1.1+spec-1.1.0
2026-10-07T11:04:54.3797568Z [1m[92m   Compiling[0m hashlink v0.12.2
2026-10-07T11:04:54.9889826Z [1m[92m   Compiling[0m smallvec v1.16.2
2026-10-07T11:04:55.2843398Z [1m[92m   Compiling[0m toml_writer v1.1.2+spec-1.1.0
2026-10-07T11:04:55.2896993Z [1m[92m   Compiling[0m fallible-iterator v0.3.0
2026-10-07T11:04:55.5422823Z [1m[92m   Compiling[0m memchr v2.8.3
2026-10-07T11:04:55.8937356Z [1m[92m   Compiling[0m bitflags v2.13.2
2026-10-07T11:04:56.1690051Z [1m[92m   Compiling[0m serde_derive v1.0.229
2026-10-07T11:04:56.2460948Z [1m[92m   Compiling[0m itoa v1.0.18
2026-10-07T11:04:56.4920691Z [1m[92m   Compiling[0m fallible-streaming-iterator v0.1.9
2026-10-07T11:04:56.8196614Z [1m[92m   Compiling[0m toml v1.1.6+spec-1.1.0
2026-10-07T11:04:57.8516104Z [1m[92m   Compiling[0m rusqlite v0.40.2
2026-10-07T11:05:00.9078065Z [1m[92m   Compiling[0m nagic v0.1.11 (D:\a\Nagi\Nagi\compiler)
2026-10-07T11:05:39.1336181Z [1m[92m    Finished[0m `test` profile [unoptimized + debuginfo] target(s) in 50.09s
2026-10-07T11:05:39.1460214Z [1m[92m     Running[0m unittests src\lib.rs (target\debug\deps\nagic-2ff4082995697b26.exe)
2026-10-07T11:05:39.1568468Z 
2026-10-07T11:05:39.1568999Z running 122 tests
2026-10-07T11:05:39.1595860Z test capabilities::tests::charge_recursive_lists_have_known_storage_but_require_a_walk ... ok
2026-10-07T11:05:39.1598938Z test capabilities::tests::charge_inline_capability_accounts_for_every_enum_variant ... ok
2026-10-07T11:05:39.1600581Z test capabilities::tests::charge_rejects_excluded_storage_with_a_nested_field_path ... ok
2026-10-07T11:05:39.1607718Z test capabilities::tests::indirect_cycles_remain_serializable_only_with_serializable_fields ... ok
2026-10-07T11:05:39.1609921Z test capabilities::tests::private_causes_prevent_serialization_through_nested_records ... ok
2026-10-07T11:05:39.1613324Z test capabilities::tests::native_debug_does_not_require_generic_payload_debug ... ok
2026-10-07T11:05:39.1635722Z test capabilities::tests::native_payload_roles_are_purpose_specific ... ok
2026-10-07T11:05:39.1645728Z test check::checked::tests::final_factory_checks_and_seals_owned_input ... ok
2026-10-07T11:05:39.1652959Z test check::checked::tests::final_diagnostic_transports_kind_without_changing_user_messages ... ok
2026-10-07T11:05:39.1654246Z test check::checked::tests::final_factory_rejects_invalid_input ... ok
2026-10-07T11:05:39.1658329Z test capabilities::tests::serde_charge_and_owned_fields_are_distinct_capabilities ... ok
2026-10-07T11:05:39.1666421Z test check::checked::tests::missing_binding_and_pattern_types_are_rejected_without_rechecking ... ok
2026-10-07T11:05:39.1668202Z test check::checked::tests::missing_declaration_type_is_rejected_without_rechecking ... ok
2026-10-07T11:05:39.1673509Z test check::checked::tests::missing_name_resolution_is_rejected_without_rechecking ... ok
2026-10-07T11:05:39.1675584Z test check::checked::tests::sealed_missing_expression_plan_fails_closed ... ok
2026-10-07T11:05:39.1695506Z test check::checked::tests::sealed_missing_operand_role_fails_closed ... ok
2026-10-07T11:05:39.1702535Z test check::checked::tests::facts_and_emission_are_deterministic_and_read_only ... ok
2026-10-07T11:05:39.1709354Z test check::checked::tests::sealed_missing_rust_type_plan_fails_closed ... ok
2026-10-07T11:05:39.1711215Z test check::checked::tests::sealing_rejects_missing_expression_types ... ok
2026-10-07T11:05:39.1712828Z test check::checked::tests::symbolic_enum_owner_is_not_an_untyped_payload ... ok
2026-10-07T11:05:39.1716198Z test check::checked::tests::sealed_missing_required_flow_or_slots_fails_closed ... ok
2026-10-07T11:05:39.1717940Z test check::checked::tests::unknown_origin_is_not_user_blame ... ok
2026-10-07T11:05:39.1758790Z test check::flow_metadata_tests::checked_operand_roles_reach_codegen_and_missing_roles_fail ... ok
2026-10-07T11:05:39.1782802Z test check::flow_metadata_tests::content_mutation_events_survive_rhs_replacement_and_stay_in_their_statement ... ok
2026-10-07T11:05:39.1849694Z test check::checked::tests::generated_saved_native_replacement_and_synthetic_origins_are_distinct ... ok
2026-10-07T11:05:39.1880662Z test check::checked::tests::task_sealing_rejects_missing_or_mismatched_scope_and_use_facts ... ok
2026-10-07T11:05:39.1987955Z test check::flow_metadata_tests::loop_regions_preserve_candidate_reads_and_assignments ... ok
2026-10-07T11:05:39.1996848Z test check::flow_metadata_tests::flow_facts_recompute_for_high_saved_low_and_self_consumption ... ok
2026-10-07T11:05:39.2034235Z test check::flow_metadata_tests::flow_collection_is_gated_to_view_return_dependencies ... ok
2026-10-07T11:05:39.2045654Z test check::flow_metadata_tests::flow_snapshots_only_keep_return_dependency_bindings ... ok
2026-10-07T11:05:39.2048013Z test modules::metadata_tests::intrinsic_transport_rejects_forged_namespace_collisions_and_unknown_heads ... ok
2026-10-07T11:05:39.2077358Z test modules::metadata_tests::intrinsic_type_transport_is_structural_and_avoids_real_bindings ... ok
2026-10-07T11:05:39.2080056Z test modules::metadata_tests::low_identity_is_portable_between_unix_drive_and_unc_paths ... ok
2026-10-07T11:05:39.2085450Z test check::flow_metadata_tests::semantic_value_edges_keep_mutation_inputs_without_scalar_overselection ... ok
2026-10-07T11:05:39.2087159Z test modules::metadata_tests::malformed_internal_looking_names_keep_their_original_display ... ok
2026-10-07T11:05:39.2089103Z test modules::metadata_tests::low_metadata_rejects_unknown_topology_and_span_fields ... ok
2026-10-07T11:05:39.2093638Z test modules::metadata_tests::metadata_cannot_rebind_a_definition_to_a_builtin_or_unrelated_id ... ok
2026-10-07T11:05:39.2096448Z test modules::metadata_tests::metadata_rejects_relative_noncanonical_and_traversing_ids ... ok
2026-10-07T11:05:39.2354095Z test sql_check::collect::tests::checked_high_and_saved_low_preserve_supported_operations_and_source_fields ... ok
2026-10-07T11:05:39.2383680Z test sql_check::collect::tests::aliased_row_classes_use_canonical_identity_and_original_field_names ... ok
2026-10-07T11:05:39.2400745Z test sql_check::collect::tests::dynamic_sql_and_exec_scripts_remain_visible_as_excluded_sites ... ok
2026-10-07T11:05:39.2405337Z test sql_check::collect::tests::conditional_loop_and_match_bodies_are_collected_once ... ok
2026-10-07T11:05:39.2423211Z test sql_check::collect::tests::integrated_native_replacements_only_collect_the_final_function_body ... ok
2026-10-07T11:05:39.2438506Z test sql_check::collect::tests::nested_value_expressions_returns_and_scope_spawn_keep_each_actual_call ... ok
2026-10-07T11:05:39.2449439Z test sql_check::collect::tests::same_named_user_function_and_local_function_value_are_not_sql_calls ... ok
2026-10-07T11:05:39.2491191Z test sql_check::collect::tests::collection_rejects_excessive_sites_at_the_first_over_limit_call ... ok
2026-10-07T11:05:39.2493252Z test sql_check::engine::tests::columns_aliases_and_sqlite_parameter_numbering ... ok
2026-10-07T11:05:39.2538873Z test sql_check::engine::tests::every_default_expression_uses_the_function_allowlist_even_when_unused ... ok
2026-10-07T11:05:39.2725252Z test sql_check::collect::tests::repeated_row_metadata_is_bounded_before_building_the_worker_request ... ok
2026-10-07T11:05:39.2737390Z test sql_check::engine::tests::ordinary_tables_indexes_views_and_pure_functions_are_supported ... ok
2026-10-07T11:05:39.2755211Z test sql_check::engine::tests::prepare_authorizer_also_rejects_unsafe_view_functions ... ok
2026-10-07T11:05:39.2762357Z test sql_check::engine::tests::prepare_only_dml_does_not_write_application_rows ... ok
2026-10-07T11:05:39.2771058Z test sql_check::engine::tests::rejects_operation_shape_mismatches ... ok
2026-10-07T11:05:39.2796748Z test sql_check::engine::tests::schema_is_ddl_snapshot_not_migration_or_arbitrary_sql ... ok
2026-10-07T11:05:39.2899188Z test sql_check::engine::tests::external_files_and_extension_paths_are_never_opened_or_modified ... ok
2026-10-07T11:05:39.2911315Z test sql_check::tests::bounded_input_does_not_accept_a_truncated_prefix ... ok
2026-10-07T11:05:39.2979492Z test sql_check::engine::tests::sqlite_identifier_defaults_remain_literals_without_hiding_function_terms ... ok
2026-10-07T11:05:39.3980001Z test sql_check::tests::deadline_kills_and_reaps_a_worker_with_blocked_input ... ok
2026-10-07T11:05:39.4019829Z test sql_check::tests::terminating_a_worker_returns_its_reaped_exit_status ... ok
2026-10-07T11:05:39.4023861Z test sql_check::tests::worker_fixture ... ok
2026-10-07T11:05:39.4037674Z test stdlib::resource_contract_tests::descriptor_rejects_arity_parameter_mismatch - should panic ... ok
2026-10-07T11:05:39.4042406Z test stdlib::resource_contract_tests::descriptor_rejects_duplicate_in_one_role - should panic ... ok
2026-10-07T11:05:39.4046770Z test stdlib::resource_contract_tests::descriptor_rejects_missing_role - should panic ... ok
2026-10-07T11:05:39.4051436Z test stdlib::resource_contract_tests::descriptor_rejects_out_of_range_role - should panic ... ok
2026-10-07T11:05:39.4056052Z test stdlib::resource_contract_tests::descriptor_rejects_overlapping_roles - should panic ... ok
2026-10-07T11:05:39.4060492Z test stdlib::resource_contract_tests::descriptor_rejects_roles_on_zero_arity - should panic ... ok
2026-10-07T11:05:39.4064538Z test stdlib::resource_contract_tests::legacy_views_borrow_the_registered_descriptor ... ok
2026-10-07T11:05:39.4068689Z test stdlib::resource_contract_tests::registered_roles_match_the_independent_position_oracle ... ok
2026-10-07T11:05:39.4075106Z test tests::await_only_async ... ok
2026-10-07T11:05:39.4079566Z test tests::bad_string ... ok
2026-10-07T11:05:39.4089755Z test tests::class_field_check ... ok
2026-10-07T11:05:39.4102215Z test tests::class_move ... ok
2026-10-07T11:05:39.4119410Z test tests::console_io_roundtrip ... ok
2026-10-07T11:05:39.4131457Z test tests::copy_value_class ... ok
2026-10-07T11:05:39.4137741Z test tests::cost_not_dynamic_count ... ok
2026-10-07T11:05:39.4142126Z test tests::duplicate_class_fields ... ok
2026-10-07T11:05:39.4148433Z test tests::empty_list_inference ... ok
2026-10-07T11:05:39.4154328Z test tests::error_propagation ... ok
2026-10-07T11:05:39.4173179Z test tests::explicit_copy ... ok
2026-10-07T11:05:39.4183450Z test tests::floating_literals_accept_f32_boundary_and_roundtrip ... ok
2026-10-07T11:05:39.4191334Z test tests::floating_literals_keep_f64_range_and_default_inference ... ok
2026-10-07T11:05:39.4215289Z test tests::floating_literals_reject_f32_overflow_in_high_and_low ... ok
2026-10-07T11:05:39.4221113Z test tests::forgotten_await ... ok
2026-10-07T11:05:39.4226324Z test tests::hello ... ok
2026-10-07T11:05:39.4238163Z test tests::html_route_is_not_encoded_as_json ... ok
2026-10-07T11:05:39.4241901Z test tests::invalid_indent ... ok
2026-10-07T11:05:39.4258301Z test tests::low_standalone ... ok
2026-10-07T11:05:39.4262824Z test tests::mismatched_type ... ok
2026-10-07T11:05:39.4268371Z test tests::missing_return ... ok
2026-10-07T11:05:39.4273909Z test tests::native_numeric ... ok
2026-10-07T11:05:39.4278167Z test tests::nested_view_in_class_rejected ... ok
2026-10-07T11:05:39.4283152Z test tests::no_implicit_conversion ... ok
2026-10-07T11:05:39.4287770Z test tests::nullable ... ok
2026-10-07T11:05:39.4292262Z test tests::number_overflow ... ok
2026-10-07T11:05:39.4298742Z test tests::owned_parameter_cannot_return_view ... ok
2026-10-07T11:05:39.4304272Z test tests::precedence ... ok
2026-10-07T11:05:39.4308347Z test tests::recursive_value ... ok
2026-10-07T11:05:39.4314336Z test tests::replace_bad_signature ... ok
2026-10-07T11:05:39.4321160Z test tests::replace_exact_signature ... ok
2026-10-07T11:05:39.4525051Z test sql_check::engine::tests::finite_limits_reject_large_and_deep_inputs ... ok
2026-10-07T11:05:39.5018226Z test tests::resource_contract_goldens::data_derives_golden ... ok
2026-10-07T11:05:39.5685319Z test sql_check::tests::encoded_metadata_is_bounded_including_json_escaping ... ok
2026-10-07T11:05:40.0591481Z test tests::resource_contract_goldens::actor_data_golden ... ok
2026-10-07T11:05:40.0598157Z test tests::result_must_handle ... ok
2026-10-07T11:05:40.0627886Z test tests::roundtrip_low ... ok
2026-10-07T11:05:40.0647149Z test tests::rust_extern_interface_and_low_roundtrip ... ok
2026-10-07T11:05:40.0654302Z test tests::scope_spawn ... ok
2026-10-07T11:05:40.0668255Z test tests::signed_minimum_literals_are_in_range_in_high_and_low ... ok
2026-10-07T11:05:40.3763498Z test tests::signed_minimum_literals_compile_and_run_after_lowering ... ok
2026-10-07T11:05:40.3771076Z test tests::string_move ... ok
2026-10-07T11:05:40.3775065Z test tests::tabs_rejected ... ok
2026-10-07T11:05:40.3780110Z test tests::unknown_class ... ok
2026-10-07T11:05:40.3785380Z test tests::unknown_name ... ok
2026-10-07T11:05:40.3790630Z test tests::unscoped_spawn ... ok
2026-10-07T11:05:40.3798257Z test tests::view_cannot_spawn ... ok
2026-10-07T11:05:40.3804391Z test tests::view_escape ... ok
2026-10-07T11:05:40.3811261Z test tests::view_prevents_move ... ok
2026-10-07T11:05:40.3817765Z test tests::view_prevents_mutation ... ok
2026-10-07T11:05:40.3822827Z test tests::view_return_parameter ... ok
2026-10-07T11:05:40.4539870Z test tests::resource_contract_goldens::http_borrow_and_mappers_golden ... ok
2026-10-07T11:05:40.5162033Z test tests::resource_contract_goldens::http_inspection_golden ... ok
2026-10-07T11:05:43.0283062Z test check::flow_metadata_tests::return_alias_dependencies_keep_straight_line_snapshots_sparse ... ok
2026-10-07T11:05:43.0283573Z 
2026-10-07T11:05:43.0284157Z test result: ok. 122 passed; 0 failed; 0 ignored; 0 measured; 0 filtered out; finished in 3.87s
2026-10-07T11:05:43.0284570Z 
2026-10-07T11:05:43.0317028Z [1m[92m     Running[0m tests\actor_codegen.rs (target\debug\deps\actor_codegen-956f3c287165757d.exe)
2026-10-07T11:05:43.0435833Z 
2026-10-07T11:05:43.0436559Z running 2 tests
2026-10-07T11:05:43.5948053Z test actor_charge_generation_survives_low_without_clones_reflection_or_serde_requirements ... ok
2026-10-07T11:06:43.0444219Z test generated_nominal_charges_execute_against_native_capacity_and_walk_limits has been running for over 60 seconds
2026-10-07T11:06:50.4001571Z test generated_nominal_charges_execute_against_native_capacity_and_walk_limits ... ok
2026-10-07T11:06:50.4002018Z 
2026-10-07T11:06:50.4002474Z test result: ok. 2 passed; 0 failed; 0 ignored; 0 measured; 0 filtered out; finished in 67.36s
2026-10-07T11:06:50.4002882Z 
2026-10-07T11:06:50.4026544Z [1m[92m     Running[0m tests\actor_stdlib.rs (target\debug\deps\actor_stdlib-1e3f8c9b44304735.exe)
2026-10-07T11:06:50.4134753Z 
2026-10-07T11:06:50.4135412Z running 12 tests
2026-10-07T11:06:52.5683230Z test lifecycle_text_views_follow_their_native_owner_and_cannot_serialize ... ok
2026-10-07T11:06:53.2183569Z test actor_and_http_aliases_keep_distinct_registry_identity_without_fake_classes ... ok
2026-10-07T11:06:54.4602834Z test callback_shapes_and_custom_error_identity_are_checked_before_native_build ... ok
2026-10-07T11:06:55.5260467Z test named_task_factory_aliases_require_shared_context_async_unit_and_builtin_error ... ok
2026-10-07T11:07:00.0122356Z test explicit_task_readiness_and_typed_event_deadlines_execute_from_high_and_low ... ok
2026-10-07T11:07:04.1632730Z test readiness_factory_and_wait_error_contracts_are_checked_before_native_build ... ok
2026-10-07T11:07:04.5338590Z test saved_low_cannot_invent_actor_types_capabilities_or_standard_implementations ... ok
2026-10-07T11:07:05.5521932Z test spawning_borrowing_native_futures_requires_an_owned_named_wrapper ... ok
2026-10-07T11:07:07.4986926Z test turn_inline_layout_generics_and_left_to_right_moves_are_not_erased ... ok
2026-10-07T11:07:10.3434372Z test messages_replies_and_business_errors_reject_unaccounted_nested_payloads ... ok
2026-10-07T11:07:10.8245240Z test owned_custom_class_replies_and_errors_execute_without_clone_or_serde_bounds ... ok
2026-10-07T11:07:20.0825971Z test pending_owned_state_business_failure_and_restart_execute_from_high_and_low ... ok
2026-10-07T11:07:20.0827042Z 
2026-10-07T11:07:20.0827477Z test result: ok. 12 passed; 0 failed; 0 ignored; 0 measured; 0 filtered out; finished in 29.67s
2026-10-07T11:07:20.0827857Z 
2026-10-07T11:07:20.0850933Z [1m[92m     Running[0m tests\borrow_free_returns.rs (target\debug\deps\borrow_free_returns-39c3396a115d3d13.exe)
2026-10-07T11:07:20.0955671Z 
2026-10-07T11:07:20.0956068Z running 5 tests
2026-10-07T11:07:20.1093762Z test adding_local_views_to_absent_values_still_rejects_escape ... ok
2026-10-07T11:07:20.1164807Z test unknown_native_origins_do_not_gain_an_absence_proof ... ok
2026-10-07T11:07:20.1231648Z test clearing_values_does_not_erase_rust_lifetime_constraints ... ok
2026-10-07T11:07:20.5798642Z test direct_absent_returns_remain_legal_after_local_borrows ... ok
2026-10-07T11:07:21.3930866Z test absent_views_in_nullable_empty_lists_and_failures_can_be_returned ... ok
2026-10-07T11:07:21.3931702Z 
2026-10-07T11:07:21.3932442Z test result: ok. 5 passed; 0 failed; 0 ignored; 0 measured; 0 filtered out; finished in 1.30s
2026-10-07T11:07:21.3933157Z 
2026-10-07T11:07:21.3955455Z [1m[92m     Running[0m tests\build_diagnostics.rs (target\debug\deps\build_diagnostics-daefdeb4aa6364c1.exe)
2026-10-07T11:07:21.4061531Z 
2026-10-07T11:07:21.4062001Z running 29 tests
2026-10-07T11:07:21.4205962Z test child_notes_cannot_relabel_an_unmapped_primary_or_dependency ... ok
2026-10-07T11:07:21.4244498Z test child_notes_keep_module_locations_and_readable_definition_names ... ok
2026-10-07T11:07:21.4293910Z test dependency_synthetic_and_incomplete_diagnostics_fall_back_without_guessing ... ok
2026-10-07T11:07:21.4437587Z test existing_path_aliases_match_only_the_generated_file ... ok
2026-10-07T11:07:22.0652527Z test a_successful_run_stays_quiet_and_passes_through_program_output ... ok
2026-10-07T11:07:22.1576738Z test finite_f32_extremes_compile_and_run_after_lowering ... ok
2026-10-07T11:07:22.5550559Z test high_build_points_to_nagi_and_keeps_rust_notes_and_failure_status ... ok
2026-10-07T11:07:22.8591578Z test cli_maps_adapter_mismatch_without_repeating_generated_rust_by_default ... ok
2026-10-07T11:07:22.9966790Z test imported_high_uses_the_dependency_path_and_local_line ... ok
2026-10-07T11:07:23.3102466Z test imported_low_uses_its_own_file_instead_of_the_entry_file ... ok
2026-10-07T11:07:23.4235298Z test invalid_operators_in_imports_report_nagi_lines_before_rust_or_cargo ... ok
2026-10-07T11:07:23.4861292Z test iterator_mutation_fails_in_check_and_build_before_backend_generation ... ok
2026-10-07T11:07:23.5092202Z test lowering_restores_nested_statement_expression_arm_and_field_lines ... ok
2026-10-07T11:07:23.5885600Z test invalid_entrypoints_are_rejected_before_cargo_with_source_locations ... ok
2026-10-07T11:07:23.6170701Z test native_signature_errors_also_keep_the_native_low_location ... ok
2026-10-07T11:07:23.6813176Z test overflowing_f32_is_rejected_at_the_source_before_backend_build ... ok
2026-10-07T11:07:23.7660737Z test repeated_moves_fail_in_check_and_build_before_invoking_rust ... ok
2026-10-07T11:07:23.8554219Z test repeated_moves_keep_imported_and_replacement_source_locations ... ok
2026-10-07T11:07:23.9398661Z test native_rust_errors_are_not_relabelled_as_nagi ... ok
2026-10-07T11:07:24.3334743Z test replacement_adapter_errors_point_to_the_handwritten_low_file ... ok
2026-10-07T11:07:24.3832491Z test extern_argument_and_sync_async_mismatches_fail_at_the_declaration_in_high_and_low ... ok
2026-10-07T11:07:25.1849602Z test safe_reinitialization_and_return_paths_check_build_and_run ... ok
2026-10-07T11:07:25.6324678Z test standalone_low_uses_the_original_low_lines ... ok
2026-10-07T11:07:25.9263798Z test try_result_reuse_reports_source_lines_before_invoking_cargo ... ok
2026-10-07T11:07:26.1067527Z test unsupported_class_fields_and_async_reassignments_fail_before_backend_generation ... ok
2026-10-07T11:07:26.1220651Z test windows_paths_and_canonical_prefixes_match_only_the_generated_target ... ok
2026-10-07T11:07:26.6127479Z test run_preserves_json_stdout_with_and_without_a_cost_report_in_high_and_saved_low ... ok
2026-10-07T11:07:26.8211844Z test imported_async_ffi_send_failure_maps_the_cause_note_in_high_and_saved_low ... ok
2026-10-07T11:07:30.7090870Z test source_names_with_spaces_and_dots_build_and_run ... ok
2026-10-07T11:07:30.7091356Z 
2026-10-07T11:07:30.7091979Z test result: ok. 29 passed; 0 failed; 0 ignored; 0 measured; 0 filtered out; finished in 9.30s
2026-10-07T11:07:30.7092602Z 
2026-10-07T11:07:30.7118406Z [1m[92m     Running[0m tests\class_field_types.rs (target\debug\deps\class_field_types-9f0f7459c06e0f1d.exe)
2026-10-07T11:07:30.7248042Z 
2026-10-07T11:07:30.7248672Z running 5 tests
2026-10-07T11:07:30.7356749Z test map_keys_with_missing_equality_or_hashing_fail_before_derivation ... ok
2026-10-07T11:07:30.7401521Z test nested_data_fields_and_bridge_defined_key_traits_remain_available ... ok
2026-10-07T11:07:30.7463170Z test unsupported_resource_and_function_fields_fail_at_the_field_line ... ok
2026-10-07T11:07:30.7542950Z test owned_database_fields_are_private_state_and_keep_high_low_emission_valid ... ok
2026-10-07T11:07:32.6841275Z test native_database_debug_hides_connection_details_inside_shared_state ... ok
2026-10-07T11:07:32.6841707Z 
2026-10-07T11:07:32.6842065Z test result: ok. 5 passed; 0 failed; 0 ignored; 0 measured; 0 filtered out; finished in 1.96s
2026-10-07T11:07:32.6842451Z 
2026-10-07T11:07:32.6864205Z [1m[92m     Running[0m tests\cli.rs (target\debug\deps\cli-d42c4e6855fe0a58.exe)
2026-10-07T11:07:32.6967190Z 
2026-10-07T11:07:32.6967563Z running 7 tests
2026-10-07T11:07:32.7650520Z test check_and_lower_put_status_on_stderr_and_keep_cost_report_machine_readable ... ok
2026-10-07T11:07:32.8140572Z test check_needs_no_cargo_and_build_reports_the_missing_tool ... ok
2026-10-07T11:07:32.8240052Z test version_rejects_unexpected_arguments ... ok
2026-10-07T11:07:32.8417787Z test help_works_without_source_or_valid_project ... ok
2026-10-07T11:07:32.8587791Z test version_works_without_project_runtime_or_build_tools ... ok
2026-10-07T11:07:33.0326496Z test an_unusable_cargo_is_not_reported_as_a_missing_rust_installation ... ok
2026-10-07T11:07:33.0436433Z test cargo_failure_preserves_the_cause_without_blaming_the_nagi_program ... ok
2026-10-07T11:07:33.0437120Z 
2026-10-07T11:07:33.0437764Z test result: ok. 7 passed; 0 failed; 0 ignored; 0 measured; 0 filtered out; finished in 0.35s
2026-10-07T11:07:33.0438417Z 
2026-10-07T11:07:33.0456491Z [1m[92m     Running[0m tests\codegen.rs (target\debug\deps\codegen-3b0a78ead252cc7f.exe)
2026-10-07T11:07:33.0559207Z 
2026-10-07T11:07:33.0559796Z running 16 tests
2026-10-07T11:07:33.0610721Z test a_record_named_fn_does_not_become_a_copy_function_value ... ok
2026-10-07T11:07:33.4388849Z test async_function_values_keep_their_future_return_type ... ok
2026-10-07T11:07:33.4516261Z test explicit_local_async_function_annotations_compile_and_run ... ok
2026-10-07T11:07:33.4697591Z test builtin_option_and_result_constructors_do_not_call_user_functions ... ok
2026-10-07T11:07:33.4747615Z test for_bindings_can_be_reassigned_without_changing_the_iterator_or_outer_binding ... ok
2026-10-07T11:07:33.8731504Z test local_function_values_shadow_builtins_and_functions ... ok
2026-10-07T11:07:33.8809955Z test nested_views_compile_and_copy_strings_bytes_and_lists ... ok
2026-10-07T11:07:33.9088523Z test function_values_preserve_the_shared_view_lifetime ... ok
2026-10-07T11:07:33.9902786Z test numeric_negation_and_nested_view_comparisons_compile_and_run ... ok
2026-10-07T11:07:34.2943115Z test reassignment_of_the_same_async_function_through_aliases_compiles_and_runs ... ok
2026-10-07T11:07:34.3106827Z test result_match_compiles_and_runs_owned_and_borrowed_payloads ... ok
2026-10-07T11:07:34.3190992Z test output_compiles_for_numbers_booleans_and_borrowed_strings ... ok
2026-10-07T11:07:34.3604553Z test returning_a_function_value_does_not_borrow_local_data ... ok
2026-10-07T11:07:34.6146246Z test rust_keywords_and_generated_helper_names_remain_valid_nagi_names ... ok
2026-10-07T11:07:34.6369652Z test user_functions_with_builtin_names_keep_their_call_targets ... ok
2026-10-07T11:07:35.2963626Z test user_and_local_functions_named_serve_compile_without_http_runtime ... ok
2026-10-07T11:07:35.2964063Z 
2026-10-07T11:07:35.2964507Z test result: ok. 16 passed; 0 failed; 0 ignored; 0 measured; 0 filtered out; finished in 2.24s
2026-10-07T11:07:35.2964934Z 
2026-10-07T11:07:35.2985373Z [1m[92m     Running[0m tests\comparison_ownership.rs (target\debug\deps\comparison_ownership-f91ce1e1342c7495.exe)
2026-10-07T11:07:35.3090691Z 
2026-10-07T11:07:35.3091006Z running 4 tests
2026-10-07T11:07:35.3227779Z test comparisons_hold_the_left_operand_through_right_operand_evaluation ... ok
2026-10-07T11:07:35.3364498Z test copy_aggregate_comparisons_borrow_fields_and_indexed_containers ... ok
2026-10-07T11:07:35.3984112Z test native_resource_comparisons_do_not_allow_moving_the_borrowed_request ... ok
2026-10-07T11:07:35.5638984Z test completed_copy_operands_disjoint_fields_and_temporary_views_remain_valid ... ok
2026-10-07T11:07:35.5639421Z 
2026-10-07T11:07:35.5639772Z test result: ok. 4 passed; 0 failed; 0 ignored; 0 measured; 0 filtered out; finished in 0.25s
2026-10-07T11:07:35.5640127Z 
2026-10-07T11:07:35.5662150Z [1m[92m     Running[0m tests\enum_emission.rs (target\debug\deps\enum_emission-4ac4d88a4bbe15a9.exe)
2026-10-07T11:07:35.5767649Z 
2026-10-07T11:07:35.5768153Z running 5 tests
2026-10-07T11:07:35.5834242Z test data_records_keep_serde_while_enum_fields_remain_private ... ok
2026-10-07T11:07:35.9909288Z test custom_main_errors_need_only_debug_and_copy_enums_reuse_values ... ok
2026-10-07T11:07:36.0125353Z test error_cause_records_move_payloads_without_serde_or_clone_requirements ... ok
2026-10-07T11:07:36.0290604Z test module_enum_aliases_preserve_identity_and_escape_variant_fields ... ok
2026-10-07T11:07:36.0366655Z test native_enum_constructors_patterns_and_result_propagation_roundtrip ... ok
2026-10-07T11:07:36.0367588Z 
2026-10-07T11:07:36.0368158Z test result: ok. 5 passed; 0 failed; 0 ignored; 0 measured; 0 filtered out; finished in 0.46s
2026-10-07T11:07:36.0368545Z 
2026-10-07T11:07:36.0390753Z [1m[92m     Running[0m tests\enum_modules.rs (target\debug\deps\enum_modules-8650c3b165ed5a03.exe)
2026-10-07T11:07:36.0496369Z 
2026-10-07T11:07:36.0496771Z running 9 tests
2026-10-07T11:07:36.0681021Z test builtin_spelled_enum_aliases_keep_intrinsic_types_distinct_in_generated_low ... ok
2026-10-07T11:07:36.0789606Z test enum_payload_types_use_the_definition_file_scope_and_survive_low ... ok
2026-10-07T11:07:36.0882192Z test different_files_have_distinct_enum_types_even_with_equal_names_and_variants ... ok
2026-10-07T11:07:36.1012551Z test enum_aliases_and_guessed_canonical_symbols_do_not_escape_module_scopes ... ok
2026-10-07T11:07:36.1059292Z test local_values_shadow_enum_value_syntax_but_named_constructor_uses_type_scope ... ok
2026-10-07T11:07:36.1209811Z test namespace_from_and_flat_imports_share_enum_identity_in_constructors_and_patterns ... ok
2026-10-07T11:07:36.1283842Z test native_fragments_reuse_high_enum_aliases_and_export_their_own_enum_identity ... ok
2026-10-07T11:07:36.5164105Z test saved_low_enum_variants_navigate_to_the_opened_file ... ok
2026-10-07T11:07:36.8863857Z test enum_symbols_keep_variant_targets_alias_signatures_and_payload_binding_types ... ok
2026-10-07T11:07:36.8864811Z 
2026-10-07T11:07:36.8865246Z test result: ok. 9 passed; 0 failed; 0 ignored; 0 measured; 0 filtered out; finished in 0.84s
2026-10-07T11:07:36.8865648Z 
2026-10-07T11:07:36.8890935Z [1m[92m     Running[0m tests\enum_parser.rs (target\debug\deps\enum_parser-1e507d5ce3b3a26a.exe)
2026-10-07T11:07:36.8997929Z 
2026-10-07T11:07:36.9002639Z running 8 tests
2026-10-07T11:07:36.9011648Z test contextual_enum_word_remains_an_identifier_inside_declarations_and_calls ... ok
2026-10-07T11:07:36.9012958Z test enum_constructors_keep_the_existing_expression_forms ... ok
2026-10-07T11:07:36.9014203Z test enum_patterns_keep_qualified_names_and_each_payload_binding_span ... ok
2026-10-07T11:07:36.9017297Z test enum_payload_types_use_the_existing_nesting_limit ... ok
2026-10-07T11:07:36.9018943Z test enums_keep_variant_names_fields_types_and_source_locations ... ok
2026-10-07T11:07:36.9021861Z test invalid_enum_declarations_return_parse_errors ... ok
2026-10-07T11:07:36.9024159Z test result_patterns_preserve_ok_err_and_discard_bindings ... ok
2026-10-07T11:07:36.9028923Z test patterns_reject_wildcards_nested_matches_and_unnamed_variants ... ok
2026-10-07T11:07:36.9029703Z 
2026-10-07T11:07:36.9030106Z test result: ok. 8 passed; 0 failed; 0 ignored; 0 measured; 0 filtered out; finished in 0.00s
2026-10-07T11:07:36.9030509Z 
2026-10-07T11:07:36.9049086Z [1m[92m     Running[0m tests\enum_patterns.rs (target\debug\deps\enum_patterns-e3c39bc134b92efa.exe)
2026-10-07T11:07:36.9153108Z 
2026-10-07T11:07:36.9153652Z running 1 test
2026-10-07T11:07:37.1492610Z test mutable_enum_patterns_preserve_names_and_compile_without_shorthand_warnings ... ok
2026-10-07T11:07:37.1493130Z 
2026-10-07T11:07:37.1493560Z test result: ok. 1 passed; 0 failed; 0 ignored; 0 measured; 0 filtered out; finished in 0.23s
2026-10-07T11:07:37.1494001Z 
2026-10-07T11:07:37.1512994Z [1m[92m     Running[0m tests\error_routes.rs (target\debug\deps\error_routes-dd8d0b648b73e3c9.exe)
2026-10-07T11:07:37.1616407Z 
2026-10-07T11:07:37.1616862Z running 2 tests
2026-10-07T11:07:37.1732693Z test existing_data_and_html_http_routes_keep_their_representations ... ok
2026-10-07T11:07:37.1762722Z test private_error_data_is_rejected_at_http_json_boundaries_in_high_and_low ... ok
2026-10-07T11:07:37.1763160Z 
2026-10-07T11:07:37.1763528Z test result: ok. 2 passed; 0 failed; 0 ignored; 0 measured; 0 filtered out; finished in 0.01s
2026-10-07T11:07:37.1763933Z 
2026-10-07T11:07:37.1785826Z [1m[92m     Running[0m tests\expression_contracts.rs (target\debug\deps\expression_contracts-295b7c2faa08ceb4.exe)
2026-10-07T11:07:37.1895027Z 
2026-10-07T11:07:37.1895556Z running 2 tests
2026-10-07T11:07:37.4194207Z test literal_suffixes_preserve_contextual_numeric_types_and_negative_boundaries ... ok
2026-10-07T11:07:37.4369369Z test inferred_i64_literals_keep_their_type_without_a_rust_type_context ... ok
2026-10-07T11:07:37.4369767Z 
2026-10-07T11:07:37.4370201Z test result: ok. 2 passed; 0 failed; 0 ignored; 0 measured; 0 filtered out; finished in 0.25s
2026-10-07T11:07:37.4370605Z 
2026-10-07T11:07:37.4390642Z [1m[92m     Running[0m tests\frontend_contracts.rs (target\debug\deps\frontend_contracts-5b2247ea3f9f9374.exe)
2026-10-07T11:07:37.4495882Z 
2026-10-07T11:07:37.4496474Z running 13 tests
2026-10-07T11:07:37.5065889Z test forward_invalid_result_signature_is_a_checker_diagnostic ... ok
2026-10-07T11:07:37.5078241Z test generated_low_preserves_right_grouping_and_prefix_precedence ... ok
2026-10-07T11:07:37.5106001Z test generic_builtins_and_ordinary_record_constructors_still_roundtrip ... ok
2026-10-07T11:07:37.5429302Z test forward_invalid_task_result_signature_is_rejected_at_the_declaration ... ok
2026-10-07T11:07:39.4418907Z test lowering_keeps_try_and_await_as_field_and_index_receivers ... ok
2026-10-07T11:07:39.8327337Z test record_constructors_reject_type_arguments_in_high_low_and_symbols ... ok
2026-10-07T11:07:39.8421670Z test source_file_byte_limit_still_applies_to_high_and_handwritten_low ... ok
2026-10-07T11:07:39.9146596Z test speculative_index_recovery_preserves_actual_nesting_limits ... ok
2026-10-07T11:07:42.3049821Z test index_lookahead_does_not_accumulate_nesting_across_statements_or_functions ... ok
2026-10-07T11:08:37.5400857Z test combined_generated_low_does_not_use_the_source_file_byte_limit has been running for over 60 seconds
2026-10-07T11:08:37.6034222Z test flat_left_associative_expression_roundtrips_without_added_depth has been running for over 60 seconds
2026-10-07T11:08:39.9281032Z test task_results_from_imports_cross_the_internal_low_transport_boundary has been running for over 60 seconds
2026-10-07T11:08:42.3555364Z test task_results_preserve_flat_arithmetic_and_right_grouping_in_three_sources has been running for over 60 seconds
2026-10-07T11:11:38.1572118Z test combined_generated_low_does_not_use_the_source_file_byte_limit ... ok
2026-10-07T11:11:39.4719240Z test flat_left_associative_expression_roundtrips_without_added_depth ... ok
2026-10-07T11:11:42.0460806Z test task_results_from_imports_cross_the_internal_low_transport_boundary ... ok
2026-10-07T11:11:47.9818438Z test task_results_preserve_flat_arithmetic_and_right_grouping_in_three_sources ... ok
2026-10-07T11:11:47.9818875Z 
2026-10-07T11:11:47.9819291Z test result: ok. 13 passed; 0 failed; 0 ignored; 0 measured; 0 filtered out; finished in 250.53s
2026-10-07T11:11:47.9819680Z 
2026-10-07T11:11:47.9844732Z [1m[92m     Running[0m tests\graph_html.rs (target\debug\deps\graph_html-fa46418d4643a035.exe)
2026-10-07T11:11:47.9946465Z 
2026-10-07T11:11:47.9946742Z running 3 tests
2026-10-07T11:11:47.9959263Z test standalone_viewer_keeps_assets_local_and_uses_safe_dom_text ... ok
2026-10-07T11:11:47.9960462Z test only_physical_absolute_sources_receive_encoded_user_action_links ... ok
2026-10-07T11:11:47.9963563Z test hostile_unicode_graph_data_remains_json_and_cannot_close_the_script ... ok
2026-10-07T11:11:47.9964308Z 
2026-10-07T11:11:47.9964990Z test result: ok. 3 passed; 0 failed; 0 ignored; 0 measured; 0 filtered out; finished in 0.00s
2026-10-07T11:11:47.9965712Z 
2026-10-07T11:11:47.9980816Z [1m[92m     Running[0m tests\graph_relations.rs (target\debug\deps\graph_relations-5d7e741518dab708.exe)
2026-10-07T11:11:48.0080486Z 
2026-10-07T11:11:48.0080797Z running 9 tests
2026-10-07T11:11:48.0586856Z test calls_resolve_named_aliases_without_guessing_local_function_values ... ok
2026-10-07T11:11:48.0672736Z test module_imports_are_read_from_loaded_overlay_text ... ok
2026-10-07T11:11:48.0781982Z test module_edges_use_exact_identities_and_recover_empty_flat_imports ... ok
2026-10-07T11:11:48.0807496Z test native_replacements_keep_the_generated_id_and_low_ffi_locations ... ok
2026-10-07T11:11:48.0890979Z test checked_standard_and_database_operations_are_boundaries_not_routing_or_table_guesses ... ok
2026-10-07T11:11:48.0966969Z test one_line_low_import_references_do_not_hide_body_uses ... ok
2026-10-07T11:11:48.1025892Z test saved_low_keeps_definition_ids_without_mapping_foreign_modules_to_its_file ... ok
2026-10-07T11:11:48.1090762Z test all_views_use_shortest_unique_physical_suffixes_before_filtering ... ok
2026-10-07T11:11:48.1446803Z test nested_calls_are_visited_but_class_and_enum_constructors_are_not_calls ... ok
2026-10-07T11:11:48.1447522Z 
2026-10-07T11:11:48.1448428Z test result: ok. 9 passed; 0 failed; 0 ignored; 0 measured; 0 filtered out; finished in 0.14s
2026-10-07T11:11:48.1449085Z 
2026-10-07T11:11:48.1474480Z [1m[92m     Running[0m tests\graph_render.rs (target\debug\deps\graph_render-ffeebd044766254e.exe)
2026-10-07T11:11:48.1579372Z 
2026-10-07T11:11:48.1579884Z running 5 tests
2026-10-07T11:11:48.1587171Z test image_arguments_are_validated_before_starting_a_renderer ... ok
2026-10-07T11:11:48.1591290Z test labels_preserve_unicode_without_becoming_diagram_syntax_or_links ... ok
2026-10-07T11:11:48.1592945Z test diagram_order_is_deterministic_and_empty_graphs_are_readable ... ok
2026-10-07T11:11:48.1594760Z test clustered_edges_reference_declared_nodes_without_group_boundary_duplicates ... ok
2026-10-07T11:11:48.1595620Z test mermaid_literal_hashes_backticks_and_directives_cannot_change_the_render_config ... ok
2026-10-07T11:11:48.1596034Z 
2026-10-07T11:11:48.1596397Z test result: ok. 5 passed; 0 failed; 0 ignored; 0 measured; 0 filtered out; finished in 0.00s
2026-10-07T11:11:48.1596798Z 
2026-10-07T11:11:48.1611578Z [1m[92m     Running[0m tests\graph_types.rs (target\debug\deps\graph_types-db68ec4b5e70a326.exe)
2026-10-07T11:11:48.1713622Z 
2026-10-07T11:11:48.1713992Z running 7 tests
2026-10-07T11:11:48.1885988Z test imported_same_named_types_keep_author_identity_and_original_source_lines ... ok
2026-10-07T11:11:48.1965326Z test focused_depth_is_bounded_on_cycles_and_defaults_to_one_hop ... ok
2026-10-07T11:11:48.1971875Z test ir_deduplicates_and_sorts_without_renderer_syntax_or_losing_isolated_types ... ok
2026-10-07T11:11:48.2015402Z test field_display_limits_do_not_erase_relationships_from_later_fields ... ok
2026-10-07T11:11:48.4362066Z test declarations_preserve_field_variant_wrapper_and_signature_meanings ... ok
2026-10-07T11:11:48.4367876Z test resource_type_arguments_are_dependencies_without_inventing_runtime_instances ... ok
2026-10-07T11:11:48.4449679Z test independent_low_preserves_type_identity_and_reports_its_physical_source ... ok
2026-10-07T11:11:48.4450184Z 
2026-10-07T11:11:48.4450537Z test result: ok. 7 passed; 0 failed; 0 ignored; 0 measured; 0 filtered out; finished in 0.27s
2026-10-07T11:11:48.4450886Z 
2026-10-07T11:11:48.4475598Z [1m[92m     Running[0m tests\http_codegen.rs (target\debug\deps\http_codegen-c9f4cf06c577090d.exe)
2026-10-07T11:11:48.4579902Z 
2026-10-07T11:11:48.4580134Z running 4 tests
2026-10-07T11:11:48.4758958Z test literal_view_optimization_does_not_change_a_shadowing_owned_function ... ok
2026-10-07T11:11:49.1394070Z test borrow_and_named_mappers_preserve_high_low_codegen ... ok
2026-10-07T11:11:49.2750170Z test borrowed_http_inspection_and_async_registration_add_no_owned_adapter_work ... ok
2026-10-07T11:12:35.4993975Z test borrow_and_named_mapper_registration_execute_native_adapters ... ok
2026-10-07T11:12:35.4994396Z 
2026-10-07T11:12:35.4994816Z test result: ok. 4 passed; 0 failed; 0 ignored; 0 measured; 0 filtered out; finished in 47.04s
2026-10-07T11:12:35.4995192Z 
2026-10-07T11:12:35.5015928Z [1m[92m     Running[0m tests\http_route_conflicts.rs (target\debug\deps\http_route_conflicts-267aca00710070ef.exe)
2026-10-07T11:12:35.5113183Z 
2026-10-07T11:12:35.5113369Z running 3 tests
2026-10-07T11:12:35.5173235Z test get_handlers_cannot_replace_builtin_endpoints ... ok
2026-10-07T11:12:35.5187771Z test shared_patterns_distinct_paths_and_literal_braces_remain_available ... ok
2026-10-07T11:12:35.5231421Z test equivalent_capture_paths_are_rejected_even_for_different_methods ... ok
2026-10-07T11:12:35.5231892Z 
2026-10-07T11:12:35.5232277Z test result: ok. 3 passed; 0 failed; 0 ignored; 0 measured; 0 filtered out; finished in 0.01s
2026-10-07T11:12:35.5232678Z 
2026-10-07T11:12:35.5249130Z [1m[92m     Running[0m tests\http_stdlib.rs (target\debug\deps\http_stdlib-17aee2517b6a46ef.exe)
2026-10-07T11:12:35.5348225Z 
2026-10-07T11:12:35.5348675Z running 15 tests
2026-10-07T11:12:36.4439687Z test handlers_require_exact_async_request_shared_state_and_error_contracts ... ok
2026-10-07T11:12:37.2753443Z test borrowed_option_temporaries_allow_arm_local_use_but_cannot_escape ... ok
2026-10-07T11:12:37.4307189Z test header_views_depend_on_request_owner_and_not_the_name_temporary ... ok
2026-10-07T11:12:38.3380469Z test json_content_type_requires_a_request_and_has_no_generic_arguments ... ok
2026-10-07T11:12:38.9620914Z test apps_validate_generic_arity_owned_state_and_mapper_error_type ... ok
2026-10-07T11:12:39.7588589Z test method_name_views_can_return_from_borrowed_request_parameters ... ok
2026-10-07T11:12:40.2957586Z test optional_header_and_query_views_keep_the_request_borrow_through_match ... ok
2026-10-07T11:12:41.4484276Z test ordinary_classes_and_local_shadows_cannot_impersonate_standard_resources ... ok
2026-10-07T11:12:41.6930669Z test native_method_comparisons_borrow_but_assignment_tracks_request_partial_moves ... ok
2026-10-07T11:12:41.9735501Z test saved_low_cannot_change_registry_identity_or_define_resource_implementations ... ok
2026-10-07T11:12:42.2202564Z test standard_resolution_ignores_cwd_files_and_unsaved_lookalikes ... ok
2026-10-07T11:12:42.7221352Z test standard_aliases_are_registry_resources_and_roundtrip_independently ... ok
2026-10-07T11:12:43.9798251Z test resource_construction_serialization_and_shared_field_moves_fail_before_build ... ok
2026-10-07T11:12:44.7468597Z test resource_references_do_not_acquire_legacy_slice_operations ... ok
2026-10-07T11:12:48.1999708Z test status_method_and_db_free_app_execute_from_high_and_saved_low ... ok
2026-10-07T11:12:48.2000131Z 
2026-10-07T11:12:48.2000546Z test result: ok. 15 passed; 0 failed; 0 ignored; 0 measured; 0 filtered out; finished in 12.67s
2026-10-07T11:12:48.2001348Z 
2026-10-07T11:12:48.2022119Z [1m[92m     Running[0m tests\installation.rs (target\debug\deps\installation-2f8a975faf189027.exe)
2026-10-07T11:12:48.2127252Z 
2026-10-07T11:12:48.2127808Z running 4 tests
2026-10-07T11:12:48.2479784Z test linked_distributions_keep_the_seed_until_the_last_owner_drops ... ok
2026-10-07T11:12:48.2806029Z test wrong_root_explains_the_distribution_folder_before_calling_cargo ... ok
2026-10-07T11:12:48.7658400Z test standalone_build_keeps_native_artifacts_in_the_working_directory ... ok
2026-10-07T11:12:48.7714137Z test moved_distribution_builds_an_external_project_with_no_root_override ... ok
2026-10-07T11:12:48.7714570Z 
2026-10-07T11:12:48.7715853Z test result: ok. 4 passed; 0 failed; 0 ignored; 0 measured; 0 filtered out; finished in 0.56s
2026-10-07T11:12:48.7716621Z 
2026-10-07T11:12:48.7732137Z [1m[92m     Running[0m tests\list_borrow_iteration.rs (target\debug\deps\list_borrow_iteration-d45734b52a16199e.exe)
2026-10-07T11:12:48.7835429Z 
2026-10-07T11:12:48.7835727Z running 5 tests
2026-10-07T11:12:48.7974007Z test borrowed_elements_and_their_field_views_cannot_escape ... ok
2026-10-07T11:12:48.8053138Z test borrowed_elements_cannot_move_reassign_or_mutate ... ok
2026-10-07T11:12:48.8155894Z test an_active_element_pins_its_owner_and_aliases ... ok
2026-10-07T11:12:49.2457112Z test symbols_distinguish_borrowed_record_locals_and_fields ... ok
2026-10-07T11:12:50.0285492Z test noncopy_iteration_is_native_and_survives_saved_low ... ok
2026-10-07T11:12:50.0285996Z 
2026-10-07T11:12:50.0287143Z test result: ok. 5 passed; 0 failed; 0 ignored; 0 measured; 0 filtered out; finished in 1.25s
2026-10-07T11:12:50.0287858Z 
2026-10-07T11:12:50.0309652Z [1m[92m     Running[0m tests\list_ownership_inference.rs (target\debug\deps\list_ownership_inference-5e5d3d71250a76e8.exe)
2026-10-07T11:12:50.0409264Z 
2026-10-07T11:12:50.0409756Z running 4 tests
2026-10-07T11:12:50.0449987Z test inferred_lists_still_reject_second_moves_and_mixed_element_types ... ok
2026-10-07T11:12:50.0451707Z test explicit_list_element_types_still_contextualize_the_first_literal ... ok
2026-10-07T11:12:50.0477876Z test inferred_list_first_elements_can_move_owned_inputs_once ... ok
2026-10-07T11:12:50.0480735Z test record_list_iteration_accepts_copy_values_and_readonly_noncopy_borrows ... ok
2026-10-07T11:12:50.0481847Z 
2026-10-07T11:12:50.0482553Z test result: ok. 4 passed; 0 failed; 0 ignored; 0 measured; 0 filtered out; finished in 0.01s
2026-10-07T11:12:50.0483245Z 
2026-10-07T11:12:50.0499966Z [1m[92m     Running[0m tests\literal_contracts.rs (target\debug\deps\literal_contracts-953c48366437c187.exe)
2026-10-07T11:12:50.0604158Z 
2026-10-07T11:12:50.0604561Z running 1 test
2026-10-07T11:12:50.4951752Z test strings_preserve_control_characters_through_high_low_and_rust ... ok
2026-10-07T11:12:50.4952124Z 
2026-10-07T11:12:50.4952523Z test result: ok. 1 passed; 0 failed; 0 ignored; 0 measured; 0 filtered out; finished in 0.43s
2026-10-07T11:12:50.4952909Z 
2026-10-07T11:12:50.4971466Z [1m[92m     Running[0m tests\loop_ownership.rs (target\debug\deps\loop_ownership-ef41fd65e8b6a836.exe)
2026-10-07T11:12:50.5068973Z 
2026-10-07T11:12:50.5069512Z running 13 tests
2026-10-07T11:12:50.5152511Z test conditional_reinitialization_needs_every_continuing_path ... ok
2026-10-07T11:12:50.5190444Z test fields_and_nested_fields_cannot_be_consumed_on_later_iterations ... ok
2026-10-07T11:12:50.6278708Z test a_for_iterator_expression_is_evaluated_only_once ... ok
2026-10-07T11:12:50.6375344Z test locals_copy_values_and_borrowed_arguments_are_available_each_iteration ... ok
2026-10-07T11:12:50.6459840Z test owned_values_cannot_be_consumed_on_later_iterations ... ok
2026-10-07T11:12:50.7221545Z test all_continuing_branches_can_restore_a_moved_value ... ok
2026-10-07T11:12:50.7239251Z test branch_joins_preserve_reassignment_and_return_outside_loops ... ok
2026-10-07T11:12:50.7248381Z test standalone_low_rejects_repeated_moves_at_the_original_line ... ok
2026-10-07T11:12:50.7357654Z test nested_loops_are_checked_without_carrying_local_declarations ... ok
2026-10-07T11:12:50.8301098Z test while_conditions_are_checked_on_each_evaluation_and_on_exit ... ok
2026-10-07T11:12:50.8330361Z test zero_iterations_and_loop_bindings_preserve_outer_state ... ok
2026-10-07T11:12:50.8412573Z test reinitialization_before_and_after_a_move_is_allowed ... ok
2026-10-07T11:12:51.1136603Z test return_paths_do_not_repeat_or_consume_values_on_other_paths ... ok
2026-10-07T11:12:51.1137263Z 
2026-10-07T11:12:51.1137976Z test result: ok. 13 passed; 0 failed; 0 ignored; 0 measured; 0 filtered out; finished in 0.61s
2026-10-07T11:12:51.1138657Z 
2026-10-07T11:12:51.1159656Z [1m[92m     Running[0m tests\low_multiline.rs (target\debug\deps\low_multiline-2e4780dd9cc5a11b.exe)
2026-10-07T11:12:51.1260229Z 
2026-10-07T11:12:51.1260514Z running 3 tests
2026-10-07T11:12:51.1282955Z test low_braces_keep_newline_statement_boundaries ... ok
2026-10-07T11:12:51.1336481Z test multiline_errors_keep_physical_source_lines ... ok
2026-10-07T11:12:51.3761923Z test multiline_quote_matches_high_and_runs_as_native_low ... ok
2026-10-07T11:12:51.3762284Z 
2026-10-07T11:12:51.3762686Z test result: ok. 3 passed; 0 failed; 0 ignored; 0 measured; 0 filtered out; finished in 0.25s
2026-10-07T11:12:51.3763059Z 
2026-10-07T11:12:51.3786389Z [1m[92m     Running[0m tests\map_cli.rs (target\debug\deps\map_cli-5596ec8eaaed3cac.exe)
2026-10-07T11:12:51.3887905Z 
2026-10-07T11:12:51.3888610Z running 9 tests
2026-10-07T11:12:51.4180601Z test failed_check_points_to_original_source_and_writes_no_map ... ok
2026-10-07T11:12:51.4265301Z test map_preparse_keeps_existing_project_overrides_and_output_path_precedence ... ok
2026-10-07T11:12:51.4918206Z test image_formats_require_output_and_fail_helpfully_without_local_d2 ... ok
2026-10-07T11:12:51.5212448Z test map_output_cannot_overwrite_loaded_input_or_project_configuration ... ok
2026-10-07T11:12:51.5582556Z test project_discovery_reuses_native_replacements_and_extern_resolution ... ok
2026-10-07T11:12:51.5620716Z test namespace_module_filter_and_focus_select_original_definitions ... ok
2026-10-07T11:12:51.5692531Z test help_and_argument_errors_do_not_load_a_project_or_mutate_files ... ok
2026-10-07T11:12:51.6345031Z test map_views_check_high_and_low_without_runtime_or_generated_output ... ok
2026-10-07T11:12:51.6636752Z test text_formats_write_only_requested_output_and_keep_stdout_clean ... ok
2026-10-07T11:12:51.6637430Z 
2026-10-07T11:12:51.6638057Z test result: ok. 9 passed; 0 failed; 0 ignored; 0 measured; 0 filtered out; finished in 0.27s
2026-10-07T11:12:51.6639137Z 
2026-10-07T11:12:51.6659092Z [1m[92m     Running[0m tests\module_emission.rs (target\debug\deps\module_emission-ba3fdf5e068f64ac.exe)
2026-10-07T11:12:51.6767915Z 
2026-10-07T11:12:51.6768381Z running 8 tests
2026-10-07T11:12:51.7361269Z test legacy_flat_cost_report_keeps_public_function_names ... ok
2026-10-07T11:12:51.7371934Z test inferred_primitive_values_and_a_class_alias_keep_distinct_type_identities ... ok
2026-10-07T11:12:51.7799428Z test qualified_nested_types_emit_internal_names_through_low ... ok
2026-10-07T11:12:52.2349904Z test independent_low_parser_preserves_module_ids_and_native_function_aliases ... ok
2026-10-07T11:12:52.2373165Z test unresolved_high_imports_keep_as_and_from_syntax_in_low ... ok
2026-10-07T11:12:52.2554943Z test source_function_names_that_match_foreign_symbols_keep_distinct_call_targets ... ok
2026-10-07T11:12:52.2616588Z test source_locals_that_match_generated_symbols_keep_distinct_values ... ok
2026-10-07T11:12:54.3750206Z test inferred_builtin_types_survive_module_aliases_low_transport_and_rust_emission ... ok
2026-10-07T11:12:54.3750688Z 
2026-10-07T11:12:54.3751353Z test result: ok. 8 passed; 0 failed; 0 ignored; 0 measured; 0 filtered out; finished in 2.70s
2026-10-07T11:12:54.3751725Z 
2026-10-07T11:12:54.3774738Z [1m[92m     Running[0m tests\module_parser.rs (target\debug\deps\module_parser-28c90926a57ca8c0.exe)
2026-10-07T11:12:54.3871600Z 
2026-10-07T11:12:54.3872011Z running 9 tests
2026-10-07T11:12:54.3882947Z test import_forms_keep_original_names_aliases_and_token_spans ... ok
2026-10-07T11:12:54.3884994Z test low_metadata_is_read_without_changing_source_spans ... ok
2026-10-07T11:12:54.3890434Z test from_and_as_remain_contextual_identifiers ... ok
2026-10-07T11:12:54.3893072Z test malformed_imports_and_qualified_constructs_keep_parser_errors ... ok
2026-10-07T11:12:54.3894894Z test module_replace_path_remains_a_structured_attribute_value ... ok
2026-10-07T11:12:54.3898792Z test qualified_calls_constructors_and_function_values_preserve_semantic_choice ... ok
2026-10-07T11:12:54.3900316Z test qualified_types_parse_inside_nested_generics_lists_and_nullable_types ... ok
2026-10-07T11:12:54.3905447Z test qualified_types_respect_existing_nesting_limit ... ok
2026-10-07T11:12:54.3943554Z test qualified_index_lookahead_restores_depth_and_preserves_index_nodes ... ok
2026-10-07T11:12:54.3944282Z 
2026-10-07T11:12:54.3944944Z test result: ok. 9 passed; 0 failed; 0 ignored; 0 measured; 0 filtered out; finished in 0.01s
2026-10-07T11:12:54.3945667Z 
2026-10-07T11:12:54.3961476Z [1m[92m     Running[0m tests\module_symbols.rs (target\debug\deps\module_symbols-258a89035b83db5c.exe)
2026-10-07T11:12:54.4061644Z 
2026-10-07T11:12:54.4062060Z running 5 tests
2026-10-07T11:12:55.2320385Z test local_names_colliding_with_the_entrypoint_keep_source_names_and_navigation ... ok
2026-10-07T11:12:55.2323002Z test module_bindings_export_only_own_definitions_and_share_definition_identity ... ok
2026-10-07T11:12:55.2593946Z test saved_low_namespaces_use_the_opened_file_and_rebased_definition_locations ... ok
2026-10-07T11:12:55.6793777Z test unsaved_imported_buffers_drive_fields_and_shadowed_aliases_use_local_bindings ... ok
2026-10-07T11:12:55.7497880Z test record_and_import_alias_named_option_remain_record_types_in_editor_output ... ok
2026-10-07T11:12:55.7498840Z 
2026-10-07T11:12:55.7499493Z test result: ok. 5 passed; 0 failed; 0 ignored; 0 measured; 0 filtered out; finished in 1.34s
2026-10-07T11:12:55.7500299Z 
2026-10-07T11:12:55.7523769Z [1m[92m     Running[0m tests\modules.rs (target\debug\deps\modules-77eeb31350114b9f.exe)
2026-10-07T11:12:55.7625596Z 
2026-10-07T11:12:55.7626033Z running 32 tests
2026-10-07T11:12:55.7826715Z test alias_imports_keep_cycle_relative_path_and_language_guards ... ok
2026-10-07T11:12:55.8171985Z test aliases_of_one_function_cannot_be_replaced_twice_across_native_files ... ok
2026-10-07T11:12:55.8246082Z test conflicting_import_bindings_report_the_import_statement ... ok
2026-10-07T11:12:55.8344061Z test aliases_keep_original_source_diagnostics_and_embedded_asset_paths ... ok
2026-10-07T11:12:55.8633753Z test corrupted_low_identity_metadata_cannot_rename_or_invent_definitions ... ok
2026-10-07T11:12:55.9102119Z test aliases_from_imports_and_flat_imports_share_the_canonical_class ... ok
2026-10-07T11:12:55.9335146Z test flat_imported_main_remains_an_entry_but_namespace_imported_main_does_not ... ok
2026-10-07T11:12:55.9571628Z test edited_saved_low_body_resolves_original_aliases_and_maps_only_its_physical_root ... ok
2026-10-07T11:12:55.9938930Z test foreign_functions_keep_their_builtin_scope_when_root_aliases_use_builtin_names ... ok
2026-10-07T11:12:56.0419690Z test high_and_native_modules_can_use_the_same_private_namespace_spelling ... ok
2026-10-07T11:12:56.0453622Z test every_explicit_native_root_gets_high_aliases_without_overwriting_own_or_dependency_scopes ... ok
2026-10-07T11:12:56.0902737Z test imported_bindings_are_private_but_own_definitions_can_use_them ... ok
2026-10-07T11:12:56.1333932Z test imported_names_cannot_silently_fall_back_to_builtins_of_a_different_kind ... ok
2026-10-07T11:12:56.1708005Z test legacy_classes_constructors_and_intrinsic_types_keep_their_original_namespaces ... ok
2026-10-07T11:12:56.1750530Z test guessed_internal_symbols_cannot_bypass_private_imports_in_raw_source ... ok
2026-10-07T11:12:56.2140647Z test local_fields_and_function_values_shadow_imports_only_in_their_scope ... ok
2026-10-07T11:12:56.2224306Z test legacy_flat_helpers_can_call_root_definitions_without_inheriting_private_aliases ... ok
2026-10-07T11:12:56.2617209Z test native_main_replacement_keeps_the_generated_identity_and_recursive_target ... ok
2026-10-07T11:12:56.2921129Z test low_alias_syntax_resolves_qualified_record_and_generic_types ... ok
2026-10-07T11:12:56.3470230Z test native_import_aliases_remain_local_while_own_functions_are_available_to_high ... ok
2026-10-07T11:12:56.3779608Z test omitted_unit_returns_keep_builtin_identity_while_explicit_namespace_types_are_rejected ... ok
2026-10-07T11:12:56.3831501Z test old_flat_imports_keep_transitive_names_and_diamond_deduplication ... ok
2026-10-07T11:12:56.3987698Z test renamed_local_main_diagnostics_keep_source_spelling_after_program_is_taken ... ok
2026-10-07T11:12:56.4812225Z test qualified_replacements_compare_definition_identity_and_report_low_sources ... ok
2026-10-07T11:12:56.5308975Z test same_named_classes_from_different_files_are_distinct_in_all_type_positions ... ok
2026-10-07T11:12:56.5556256Z test saved_generated_low_can_be_imported_without_reidentifying_its_main ... ok
2026-10-07T11:12:56.9512080Z test separate_native_files_can_reuse_a_replacement_declaration_name ... ok
2026-10-07T11:12:56.9521296Z test the_checker_rejects_parser_only_alias_imports_until_the_source_loader_resolves_them ... ok
2026-10-07T11:12:56.9894188Z test unsaved_overlays_change_imported_definitions_and_keep_disk_sources_unchanged ... ok
2026-10-07T11:12:57.8961630Z test saved_low_flat_and_from_imports_promote_the_original_definition_to_entry ... ok
2026-10-07T11:12:59.2916621Z test project_aliases_cross_low_replacement_and_rust_record_bridges_from_an_external_cwd ... ok
2026-10-07T11:13:00.3504219Z test namespace_imports_preserve_depth_file_count_and_total_byte_limits ... ok
2026-10-07T11:13:00.3504916Z 
2026-10-07T11:13:00.3505619Z test result: ok. 32 passed; 0 failed; 0 ignored; 0 measured; 0 filtered out; finished in 4.59s
2026-10-07T11:13:00.3506287Z 
2026-10-07T11:13:00.3529358Z [1m[92m     Running[0m tests\nullable_database.rs (target\debug\deps\nullable_database-e71e5d073389e0e6.exe)
2026-10-07T11:13:00.3634084Z 
2026-10-07T11:13:00.3634297Z running 4 tests
2026-10-07T11:13:00.4300685Z test unsupported_nullable_payloads_keep_manual_from_row_eligibility ... ok
2026-10-07T11:13:00.5843331Z test raw_numeric_and_bool_field_shadows_keep_manual_row_implementations ... ok
2026-10-07T11:13:35.3882624Z test raw_nullable_classes_can_supply_a_native_sqlite_row_bridge ... ok
2026-10-07T11:13:41.5687384Z test nullable_scalars_read_sqlite_null_and_non_null_rows_in_high_and_saved_low ... ok
2026-10-07T11:13:41.5688614Z 
2026-10-07T11:13:41.5689499Z test result: ok. 4 passed; 0 failed; 0 ignored; 0 measured; 0 filtered out; finished in 41.21s
2026-10-07T11:13:41.5690365Z 
2026-10-07T11:13:41.5724606Z [1m[92m     Running[0m tests\nullable_roundtrip.rs (target\debug\deps\nullable_roundtrip-b6803b20eb13d5a1.exe)
2026-10-07T11:13:41.5873566Z 
2026-10-07T11:13:41.5874205Z running 1 test
2026-10-07T11:13:41.8446082Z test nested_options_keep_distinct_none_and_some_values_through_independent_low ... ok
2026-10-07T11:13:41.8446890Z 
2026-10-07T11:13:41.8447543Z test result: ok. 1 passed; 0 failed; 0 ignored; 0 measured; 0 filtered out; finished in 0.26s
2026-10-07T11:13:41.8448248Z 
2026-10-07T11:13:41.8468650Z [1m[92m     Running[0m tests\option_match.rs (target\debug\deps\option_match-fd23dd35412542d4.exe)
2026-10-07T11:13:41.8588504Z 
2026-10-07T11:13:41.8589260Z running 5 tests
2026-10-07T11:13:41.8633285Z test option_cases_must_be_exhaustive_unique_and_match_the_subject_type ... ok
2026-10-07T11:13:41.8635438Z test option_payload_bindings_obey_move_scope_and_borrow_owner_rules ... ok
2026-10-07T11:13:41.8639235Z test some_and_none_patterns_keep_binding_spans_without_synthetic_none_payload ... ok
2026-10-07T11:13:41.8640514Z test option_matching_accepts_discarded_payloads_and_borrowed_string_contents ... ok
2026-10-07T11:13:41.8645478Z test some_patterns_reject_unsupported_payload_shapes_and_none_parentheses ... ok
2026-10-07T11:13:41.8646217Z 
2026-10-07T11:13:41.8646983Z test result: ok. 5 passed; 0 failed; 0 ignored; 0 measured; 0 filtered out; finished in 0.01s
2026-10-07T11:13:41.8647693Z 
2026-10-07T11:13:41.8671502Z [1m[92m     Running[0m tests\owned_copy_codegen.rs (target\debug\deps\owned_copy_codegen-fc9bf69fc7d6b5a0.exe)
2026-10-07T11:13:41.8780242Z 
2026-10-07T11:13:41.8781035Z running 2 tests
2026-10-07T11:13:41.9784985Z test owned_string_and_list_fields_remain_moves ... ok
2026-10-07T11:13:44.4706257Z test owned_scalar_fields_copy_in_native_high_and_independent_low ... ok
2026-10-07T11:13:44.4706668Z 
2026-10-07T11:13:44.4707074Z test result: ok. 2 passed; 0 failed; 0 ignored; 0 measured; 0 filtered out; finished in 2.59s
2026-10-07T11:13:44.4707476Z 
2026-10-07T11:13:44.4728632Z [1m[92m     Running[0m tests\owned_database.rs (target\debug\deps\owned_database-389fb6f9c1e73d3b.exe)
2026-10-07T11:13:44.4831833Z 
2026-10-07T11:13:44.4832435Z running 2 tests
2026-10-07T11:13:44.5447089Z test owned_wrappers_preserve_unsupported_fields_and_manual_row_eligibility ... ok
2026-10-07T11:13:52.0583081Z test owned_scalars_decode_sqlite_rows_in_high_and_independent_saved_low ... ok
2026-10-07T11:13:52.0583848Z 
2026-10-07T11:13:52.0584513Z test result: ok. 2 passed; 0 failed; 0 ignored; 0 measured; 0 filtered out; finished in 7.58s
2026-10-07T11:13:52.0585254Z 
2026-10-07T11:13:52.0608208Z [1m[92m     Running[0m tests\ownership_boundaries.rs (target\debug\deps\ownership_boundaries-7c88a42368078670.exe)
2026-10-07T11:13:52.0720266Z 
2026-10-07T11:13:52.0720620Z running 7 tests
2026-10-07T11:13:52.0829487Z test branch_loop_and_payload_owners_cannot_escape_in_outer_views ... ok
2026-10-07T11:13:52.0831577Z test nested_view_containers_cannot_keep_child_scope_owners ... ok
2026-10-07T11:13:52.2228885Z test copied_iterator_elements_keep_their_own_borrow_depth ... ok
2026-10-07T11:13:52.2301578Z test index_evaluation_holds_the_container_but_releases_it_afterwards ... ok
2026-10-07T11:13:52.3525109Z test temporary_iterator_views_cannot_escape_but_body_use_and_static_views_remain_valid ... ok
2026-10-07T11:13:52.3609031Z test outer_owners_local_copies_restored_aliases_and_return_paths_remain_valid ... ok
2026-10-07T11:13:52.3853597Z test static_resource_views_remain_valid_across_branch_scopes ... ok
2026-10-07T11:13:52.3854449Z 
2026-10-07T11:13:52.3855378Z test result: ok. 7 passed; 0 failed; 0 ignored; 0 measured; 0 filtered out; finished in 0.31s
2026-10-07T11:13:52.3856151Z 
2026-10-07T11:13:52.3880767Z [1m[92m     Running[0m tests\ownership_calls.rs (target\debug\deps\ownership_calls-e71ffcb085becac8.exe)
2026-10-07T11:13:52.3986823Z 
2026-10-07T11:13:52.3987456Z running 9 tests
2026-10-07T11:13:52.4084265Z test database_receiver_is_borrowed_but_materialized_sql_does_not_extend_its_loan ... ok
2026-10-07T11:13:52.4117408Z test discarded_owned_places_are_consumed_but_copy_and_borrowed_values_remain_available ... ok
2026-10-07T11:13:52.4144467Z test earlier_view_arguments_block_later_moves_in_direct_and_aliased_calls ... ok
2026-10-07T11:13:52.4164341Z test earlier_list_elements_hold_views_through_later_element_evaluation ... ok
2026-10-07T11:13:52.4166744Z test earlier_views_remain_borrowed_while_nested_later_arguments_are_evaluated ... ok
2026-10-07T11:13:52.4192835Z test completed_inner_calls_copies_and_disjoint_owners_do_not_keep_call_loans ... ok
2026-10-07T11:13:52.4227367Z test list_mutation_checks_outer_loans_without_rejecting_two_phase_reads ... ok
2026-10-07T11:13:52.4603458Z test call_conflicts_and_discarded_moves_fail_before_backend_tools_are_needed ... ok
2026-10-07T11:13:52.6617833Z test implicit_standard_references_hold_the_owner_through_later_arguments ... ok
2026-10-07T11:13:52.6618288Z 
2026-10-07T11:13:52.6618663Z test result: ok. 9 passed; 0 failed; 0 ignored; 0 measured; 0 filtered out; finished in 0.26s
2026-10-07T11:13:52.6619068Z 
2026-10-07T11:13:52.6645460Z [1m[92m     Running[0m tests\resource_contract_characterization.rs (target\debug\deps\resource_contract_characterization-e4415108af3f363a.exe)
2026-10-07T11:13:52.6751754Z 
2026-10-07T11:13:52.6752038Z running 4 tests
2026-10-07T11:13:52.6761934Z test registered_resources_match_the_independent_inventory ... ok
2026-10-07T11:13:52.6763993Z test registered_operations_match_signatures_and_passing ... ok
2026-10-07T11:13:52.6765059Z test registered_constants_match_the_complete_inventory ... ok
2026-10-07T11:13:52.6766119Z test registered_accessors_match_the_complete_inventory ... ok
2026-10-07T11:13:52.6766676Z 
2026-10-07T11:13:52.6767306Z test result: ok. 4 passed; 0 failed; 0 ignored; 0 measured; 0 filtered out; finished in 0.00s
2026-10-07T11:13:52.6768059Z 
2026-10-07T11:13:52.6783051Z [1m[92m     Running[0m tests\result_stdlib.rs (target\debug\deps\result_stdlib-d5469bcde73e894a.exe)
2026-10-07T11:13:52.6883292Z 
2026-10-07T11:13:52.6883610Z running 6 tests
2026-10-07T11:13:53.1752423Z test mapping_moves_input_left_to_right_and_preserves_borrow_origins ... ok
2026-10-07T11:13:53.3360356Z test mapper_contract_errors_fail_before_rust_backend_in_high_and_saved_low ... ok
2026-10-07T11:13:53.4554732Z test try_keeps_exact_error_identity_and_map_error_does_not_reserve_local_names ... ok
2026-10-07T11:13:53.4973537Z test inferred_mapping_keeps_enum_class_aliases_and_borrowed_success_through_saved_low ... ok
2026-10-07T11:13:54.7805182Z test native_success_failure_and_original_cause_survive_high_and_saved_low ... ok
2026-10-07T11:13:57.7840541Z test static_error_labels_avoid_read_allocations_but_keep_owned_results_and_shadowing ... ok
2026-10-07T11:13:57.7841231Z 
2026-10-07T11:13:57.7841850Z test result: ok. 6 passed; 0 failed; 0 ignored; 0 measured; 0 filtered out; finished in 5.10s
2026-10-07T11:13:57.7842485Z 
2026-10-07T11:13:57.7868753Z [1m[92m     Running[0m tests\rust_dependencies.rs (target\debug\deps\rust_dependencies-9523bfa9a1cb2125.exe)
2026-10-07T11:13:57.7973649Z 
2026-10-07T11:13:57.7974062Z running 8 tests
2026-10-07T11:13:58.4105891Z test generated_manifest_preserves_legacy_versions_and_every_supported_table_field ... ok
2026-10-07T11:13:58.5161821Z test cli_version_replaces_the_whole_table_and_keeps_alias_collision_checks ... ok
2026-10-07T11:13:58.5187660Z test check_and_symbols_accept_dependency_tables_without_cargo_or_checked_out_crates ... ok
2026-10-07T11:13:58.7999429Z test dependency_paths_follow_the_selected_manifest_with_different_cwd_and_output ... ok
2026-10-07T11:13:58.8067148Z test generated_toml_round_trips_quotes_backslashes_and_newlines_without_extra_tables ... ok
2026-10-07T11:13:59.2538693Z test invalid_dependency_tables_fail_in_the_public_cli_before_cargo ... ok
2026-10-07T11:13:59.6973759Z test missing_local_dependency_is_valid_for_check_and_reported_by_cargo_during_build ... ok
2026-10-07T11:14:00.8978884Z test local_package_rename_features_and_disabled_defaults_run_without_registry_dependencies ... ok
2026-10-07T11:14:00.8979379Z 
2026-10-07T11:14:00.8980766Z test result: ok. 8 passed; 0 failed; 0 ignored; 0 measured; 0 filtered out; finished in 3.10s
2026-10-07T11:14:00.8981211Z 
2026-10-07T11:14:00.8998637Z [1m[92m     Running[0m tests\sql_check.rs (target\debug\deps\sql_check-46bf444a9da36ad1.exe)
2026-10-07T11:14:00.9096748Z 
2026-10-07T11:14:00.9097025Z running 13 tests
2026-10-07T11:14:00.9920921Z test enabled::a_user_function_named_db_all_is_not_a_builtin_sql_query ... ok
2026-10-07T11:14:01.0366969Z test enabled::dynamic_sql_and_db_exec_are_reported_as_runtime_checks ... ok
2026-10-07T11:14:01.1018732Z test enabled::explicit_project_schema_path_is_relative_to_invocation_directory ... ok
2026-10-07T11:14:01.1358158Z test enabled::aliases_case_reordering_extra_columns_and_reused_numbered_bind_are_valid ... ok
2026-10-07T11:14:01.1412918Z test enabled::bounded_schema_and_query_inputs_fail_before_sql_preparation ... ok
2026-10-07T11:14:01.1625925Z test enabled::imported_queries_report_the_original_module_file_and_line ... ok
2026-10-07T11:14:01.2577485Z test enabled::literal_insert_update_delete_are_prepared_without_executing_queries ... ok
2026-10-07T11:14:01.3805558Z test enabled::schema_and_dialect_are_paired_check_only_options ... ok
2026-10-07T11:14:01.5025848Z test enabled::missing_return_columns_and_wrong_bind_count_use_query_source_lines ... ok
2026-10-07T11:14:01.5831520Z test enabled::schema_check_is_opt_in_and_reports_bad_columns_in_high_and_saved_low ... ok
2026-10-07T11:14:01.5850651Z test enabled::helper_statement_kind_and_single_statement_contracts_are_checked ... ok
2026-10-07T11:14:01.6514697Z test enabled::literal_queries_cannot_change_schema_or_access_external_functions ... ok
2026-10-07T11:14:01.7761975Z test enabled::unsafe_schema_operations_cannot_create_or_modify_external_files ... ok
2026-10-07T11:14:01.7762470Z 
2026-10-07T11:14:01.7762859Z test result: ok. 13 passed; 0 failed; 0 ignored; 0 measured; 0 filtered out; finished in 0.87s
2026-10-07T11:14:01.7763279Z 
2026-10-07T11:14:01.7783309Z [1m[92m     Running[0m tests\static_callback_views.rs (target\debug\deps\static_callback_views-d4685e07c6b6c1b4.exe)
2026-10-07T11:14:01.7881834Z 
2026-10-07T11:14:01.7882119Z running 3 tests
2026-10-07T11:14:01.7907345Z test input_bound_callback_results_still_borrow_their_actual_inputs ... ok
2026-10-07T11:14:01.7916215Z test static_outputs_do_not_allow_local_or_owned_parameter_borrows ... ok
2026-10-07T11:14:04.7153814Z test static_callbacks_keep_their_origins_and_independent_lifetime_scopes_in_high_and_low ... ok
2026-10-07T11:14:04.7154299Z 
2026-10-07T11:14:04.7154664Z test result: ok. 3 passed; 0 failed; 0 ignored; 0 measured; 0 filtered out; finished in 2.93s
2026-10-07T11:14:04.7155068Z 
2026-10-07T11:14:04.7174154Z [1m[92m     Running[0m tests\stdlib_imports.rs (target\debug\deps\stdlib_imports-486f656ded9b6cd9.exe)
2026-10-07T11:14:04.7271219Z 
2026-10-07T11:14:04.7271540Z running 12 tests
2026-10-07T11:14:04.7291674Z test comma_separated_from_imports_preserve_each_name_alias_and_source_span ... ok
2026-10-07T11:14:04.7672335Z test constant_fields_and_function_aliases_resolve_without_ignoring_local_shadowing ... ok
2026-10-07T11:14:04.7678841Z test low_metadata_cannot_forge_standard_ids_or_implement_registry_functions ... ok
2026-10-07T11:14:04.7699358Z test malformed_standard_imports_do_not_fall_back_to_file_lookup ... ok
2026-10-07T11:14:04.7725313Z test parser_distinguishes_standard_names_from_quoted_files_and_keeps_alias_spans ... ok
2026-10-07T11:14:04.7775027Z test low_metadata_rejects_native_paths_capabilities_and_unimported_canonical_names ... ok
2026-10-07T11:14:04.7776395Z test from_list_reuses_existing_conflict_and_same_definition_rules ... ok
2026-10-07T11:14:04.8207795Z test registered_resources_and_functions_are_separate_from_source_definitions ... ok
2026-10-07T11:14:04.8475029Z test standard_imports_ignore_local_lookalikes_and_unsaved_overlays ... ok
2026-10-07T11:14:05.2233096Z test saved_low_keeps_registry_identity_without_standard_source_files ... ok
2026-10-07T11:14:05.2527823Z test multiple_from_aliases_keep_registry_identity_in_independently_loaded_low ... ok
2026-10-07T11:14:05.4324848Z test repeated_standard_imports_do_not_shift_registry_declaration_lines ... ok
2026-10-07T11:14:05.4325469Z 
2026-10-07T11:14:05.4325854Z test result: ok. 12 passed; 0 failed; 0 ignored; 0 measured; 0 filtered out; finished in 0.71s
2026-10-07T11:14:05.4326381Z 
2026-10-07T11:14:05.4347863Z [1m[92m     Running[0m tests\symbols.rs (target\debug\deps\symbols-b750ee8a4f98488b.exe)
2026-10-07T11:14:05.4448696Z 
2026-10-07T11:14:05.4448971Z running 21 tests
2026-10-07T11:14:05.4535546Z test editor_input_rejects_invalid_schema_alias_duplicates_and_other_commands ... ok
2026-10-07T11:14:06.2578616Z test editor_buffers_update_imported_and_low_signatures_without_writing_files ... ok
2026-10-07T11:14:06.2844896Z test actual_symbols_command_resolves_transitive_imports_and_utf16_columns ... ok
2026-10-07T11:14:06.3372170Z test expression_ranges_cover_multiline_receivers_and_do_not_unwrap_results ... ok
2026-10-07T11:14:07.0686194Z test duplicate_let_and_case_bindings_cannot_replace_an_outer_definition ... ok
2026-10-07T11:14:07.0917752Z test failed_iterator_mutation_does_not_leak_a_loan_or_move_into_editor_types ... ok
2026-10-07T11:14:07.0972052Z test imported_and_native_types_use_unsaved_buffers_and_utf16_ranges ... ok
2026-10-07T11:14:07.1525860Z test inferred_locals_parameters_and_loop_bindings_obey_exact_scopes ... ok
2026-10-07T11:14:07.7632822Z test invalid_signatures_do_not_generate_guessed_local_types ... ok
2026-10-07T11:14:07.7885900Z test local_call_and_function_value_navigation_use_the_resolved_binding ... ok
2026-10-07T11:14:07.9033076Z test local_navigation_preserves_binding_identity_across_reassignments_and_scopes ... ok
2026-10-07T11:14:08.5229004Z test low_records_replacements_and_same_line_bindings_keep_their_source_positions ... ok
2026-10-07T11:14:08.5617581Z test match_payloads_and_child_locals_do_not_escape_their_arm ... ok
2026-10-07T11:14:08.6681361Z test moved_values_and_scope_locals_have_no_later_inferred_type ... ok
2026-10-07T11:14:09.2763835Z test native_low_symbols_and_calls_inside_match_keep_original_files ... ok
2026-10-07T11:14:09.4405704Z test navigation_resolves_case_and_scope_bindings_without_leaking_them ... ok
2026-10-07T11:14:10.0708914Z test navigation_uses_unsaved_import_and_low_replacement_positions_in_utf16 ... ok
2026-10-07T11:14:10.1140042Z test navigation_is_available_after_moves_and_invalid_types_but_not_before_binding ... ok
2026-10-07T11:14:10.2125199Z test partial_moves_do_not_infer_invalid_bindings_or_hide_unmoved_fields ... ok
2026-10-07T11:14:10.2605383Z test local_function_value_uses_have_hover_types_without_replacing_global_signatures ... ok
2026-10-07T11:14:10.4968005Z test symbols_work_despite_type_errors_and_distinguish_fields_locals_and_calls ... ok
2026-10-07T11:14:10.4968471Z 
2026-10-07T11:14:10.4969150Z test result: ok. 21 passed; 0 failed; 0 ignored; 0 measured; 0 filtered out; finished in 5.05s
2026-10-07T11:14:10.4969598Z 
2026-10-07T11:14:10.4992963Z [1m[92m     Running[0m tests\typed_errors.rs (target\debug\deps\typed_errors-6491d75553e80d1b.exe)
2026-10-07T11:14:10.5095216Z 
2026-10-07T11:14:10.6199593Z running 15 tests
2026-10-07T11:14:10.6200549Z test diagnostic_cause_containers_are_rejected_by_json_serialization ... ok
2026-10-07T11:14:10.6205395Z test direct_parser_builtin_enum_names_require_canonical_source_loading ... ok
2026-10-07T11:14:12.0283179Z test builtin_error_causes_survive_wrapping_without_json_or_database_requirements ... ok
2026-10-07T11:14:12.1755376Z test enum_constructors_reject_unknown_variants_wrong_arity_and_wrong_payload_types ... ok
2026-10-07T11:14:12.3213318Z test enum_matches_require_exhaustive_unique_matching_variants_and_payload_bindings ... ok
2026-10-07T11:14:12.3882105Z test enum_payload_moves_and_borrowed_views_cannot_escape_match_arms ... ok
2026-10-07T11:14:14.2814788Z test async_custom_errors_propagate_the_same_enum_through_await_and_try ... ok
2026-10-07T11:14:14.3744558Z test fail_and_try_reject_implicit_conversion_between_custom_error_types ... ok
2026-10-07T11:14:15.7635685Z test class_errors_keep_context_nested_results_same_error_try_and_explicit_conversion ... ok
2026-10-07T11:14:36.7300612Z test entry_result_errors_keep_exit_status_through_owned_wrappers_and_async_saved_low ... ok
2026-10-07T11:14:36.7991993Z test same_named_module_enums_are_distinct_error_types_for_try_and_patterns ... ok
2026-10-07T11:14:37.8918872Z test enums_construct_match_owned_payloads_and_preserve_copy_variants ... ok
2026-10-07T11:14:38.9279663Z test file_loaded_builtin_spelled_enums_keep_literal_types_and_variant_identity ... ok
2026-10-07T11:14:40.0254957Z test module_aliases_share_enum_error_identity_and_keep_qualified_variants ... ok
2026-10-07T11:14:43.3821787Z test scope_enum_conversion_requires_the_explicit_rust_bridge_and_keeps_the_owned_cause ... ok
2026-10-07T11:14:43.3822504Z 
2026-10-07T11:14:43.3823043Z test result: ok. 15 passed; 0 failed; 0 ignored; 0 measured; 0 filtered out; finished in 32.87s
2026-10-07T11:14:43.3824008Z 
2026-10-07T11:14:43.3845425Z [1m[92m     Running[0m tests\view_iteration.rs (target\debug\deps\view_iteration-9bb6731391eb5912.exe)
2026-10-07T11:14:43.3942848Z 
2026-10-07T11:14:43.3943132Z running 3 tests
2026-10-07T11:14:43.3981958Z test string_views_reject_iteration_and_numeric_indexing_in_high_and_low ... ok
2026-10-07T11:14:43.4103376Z test native_resource_views_still_reject_iteration ... ok
2026-10-07T11:14:43.9156960Z test byte_views_use_u8_and_preserve_nested_views_and_owned_element_slices ... ok
2026-10-07T11:14:43.9157343Z 
2026-10-07T11:14:43.9157690Z test result: ok. 3 passed; 0 failed; 0 ignored; 0 measured; 0 filtered out; finished in 0.52s
2026-10-07T11:14:43.9158068Z 
2026-10-07T11:14:43.9178102Z [1m[92m     Running[0m tests\view_parameter_rebinding.rs (target\debug\deps\view_parameter_rebinding-b30d60ef787482b8.exe)
2026-10-07T11:14:43.9275923Z 
2026-10-07T11:14:43.9276161Z running 5 tests
2026-10-07T11:14:43.9329460Z test local_borrows_still_cannot_escape_through_reassigned_parameters ... ok
2026-10-07T11:14:43.9334522Z test rebinding_is_synthetic_and_does_not_change_signatures_or_extern_wrappers ... ok
2026-10-07T11:14:44.7208804Z test local_parameter_updates_compile_and_run_in_high_and_saved_low ... ok
2026-10-07T11:14:45.0460629Z test owning_parameters_keep_their_drop_order_when_a_view_container_is_rebound ... ok
2026-10-07T11:14:45.7263593Z test views_of_owned_record_fields_can_be_used_locally_through_parameters ... ok
2026-10-07T11:14:45.7264215Z 
2026-10-07T11:14:45.7264801Z test result: ok. 5 passed; 0 failed; 0 ignored; 0 measured; 0 filtered out; finished in 1.80s
2026-10-07T11:14:45.7265444Z 
2026-10-07T11:14:45.8647417Z ##[group]Run node --test editors/vscode-nagi/test/*.test.js scripts/test_graph_html_viewport.mjs
2026-10-07T11:14:45.8648267Z [36;1mnode --test editors/vscode-nagi/test/*.test.js scripts/test_graph_html_viewport.mjs[0m
2026-10-07T11:14:45.8665932Z shell: C:\Program Files\Git\bin\bash.EXE --noprofile --norc -e -o pipefail {0}
2026-10-07T11:14:45.8666380Z env:
2026-10-07T11:14:45.8666679Z   NAGI_FAILURE_DIR: D:\a\Nagi\Nagi/build/compiler-failures
2026-10-07T11:14:45.8667087Z   CARGO_HOME: C:\Users\runneradmin\.cargo
2026-10-07T11:14:45.8667405Z   CARGO_INCREMENTAL: 0
2026-10-07T11:14:45.8667670Z   CARGO_TERM_COLOR: always
2026-10-07T11:14:45.8668027Z   pythonLocation: C:\hostedtoolcache\windows\Python\3.12.10\x64
2026-10-07T11:14:45.8668550Z   PKG_CONFIG_PATH: C:\hostedtoolcache\windows\Python\3.12.10\x64/lib/pkgconfig
2026-10-07T11:14:45.8669110Z   Python_ROOT_DIR: C:\hostedtoolcache\windows\Python\3.12.10\x64
2026-10-07T11:14:45.8669625Z   Python2_ROOT_DIR: C:\hostedtoolcache\windows\Python\3.12.10\x64
2026-10-07T11:14:45.8670128Z   Python3_ROOT_DIR: C:\hostedtoolcache\windows\Python\3.12.10\x64
2026-10-07T11:14:45.8670496Z ##[endgroup]
2026-10-07T11:14:46.0967017Z TAP version 13
2026-10-07T11:14:46.1909270Z # Subtest: Actor and Turn snippets preserve all three registered type parameters
2026-10-07T11:14:46.1915352Z ok 1 - Actor and Turn snippets preserve all three registered type parameters
2026-10-07T11:14:46.1916507Z   ---
2026-10-07T11:14:46.1917712Z   duration_ms: 6.3035
2026-10-07T11:14:46.1918463Z   type: 'test'
2026-10-07T11:14:46.1919131Z   ...
2026-10-07T11:14:46.1920328Z # Subtest: same-name standard options retain their owning namespace and return type
2026-10-07T11:14:46.1921886Z ok 2 - same-name standard options retain their owning namespace and return type
2026-10-07T11:14:46.1923026Z   ---
2026-10-07T11:14:46.1923668Z   duration_ms: 2.7265
2026-10-07T11:14:46.1924349Z   type: 'test'
2026-10-07T11:14:46.1925033Z   ...
2026-10-07T11:14:46.2006289Z # Subtest: both module catalogs complete imports without merging their members
2026-10-07T11:14:46.2008736Z ok 3 - both module catalogs complete imports without merging their members
2026-10-07T11:14:46.2019861Z   ---
2026-10-07T11:14:46.2024540Z   duration_ms: 7.7304
2026-10-07T11:14:46.2052134Z   type: 'test'
2026-10-07T11:14:46.2054032Z   ...
2026-10-07T11:14:47.1882342Z # Subtest: real nagi actor symbols separate modules and preserve three-parameter handles
2026-10-07T11:14:47.1885580Z ok 4 - real nagi actor symbols separate modules and preserve three-parameter handles
2026-10-07T11:14:47.1886455Z   ---
2026-10-07T11:14:47.1886859Z   duration_ms: 1013.8231
2026-10-07T11:14:47.1887356Z   type: 'test'
2026-10-07T11:14:47.1887775Z   ...
2026-10-07T11:14:48.0383413Z # Subtest: real low actor symbols separate modules and preserve three-parameter handles
2026-10-07T11:14:48.0384888Z ok 5 - real low actor symbols separate modules and preserve three-parameter handles
2026-10-07T11:14:48.0385427Z   ---
2026-10-07T11:14:48.0385686Z   duration_ms: 852.6366
2026-10-07T11:14:48.0385967Z   type: 'test'
2026-10-07T11:14:48.0386211Z   ...
2026-10-07T11:14:48.3549662Z # Subtest: unsaved actor dependency constants keep their own source without writing or building
2026-10-07T11:14:48.3554308Z ok 6 - unsaved actor dependency constants keep their own source without writing or building
2026-10-07T11:14:48.3555502Z   ---
2026-10-07T11:14:48.3556255Z   duration_ms: 322.3434
2026-10-07T11:14:48.3556799Z   type: 'test'
2026-10-07T11:14:48.3557243Z   ...
2026-10-07T11:14:48.3705433Z # Subtest: nagi borrowed loop locals keep their declared type and bare insertion
2026-10-07T11:14:48.3707149Z ok 7 - nagi borrowed loop locals keep their declared type and bare insertion
2026-10-07T11:14:48.3709706Z   ---
2026-10-07T11:14:48.3710305Z   duration_ms: 6.9464
2026-10-07T11:14:48.3716158Z   type: 'test'
2026-10-07T11:14:48.3716793Z   ...
2026-10-07T11:14:48.3721924Z # Subtest: nagi owned and read-only-only locals retain their existing presentation
2026-10-07T11:14:48.3731008Z ok 8 - nagi owned and read-only-only locals retain their existing presentation
2026-10-07T11:14:48.3731885Z   ---
2026-10-07T11:14:48.3732338Z   duration_ms: 0.7391
2026-10-07T11:14:48.3732819Z   type: 'test'
2026-10-07T11:14:48.3733249Z   ...
2026-10-07T11:14:48.3734032Z # Subtest: nagi borrowed receiver fields preserve the compiler read-only contract
2026-10-07T11:14:48.3735755Z ok 9 - nagi borrowed receiver fields preserve the compiler read-only contract
2026-10-07T11:14:48.3736621Z   ---
2026-10-07T11:14:48.3737016Z   duration_ms: 1.2045
2026-10-07T11:14:48.3737505Z   type: 'test'
2026-10-07T11:14:48.3737918Z   ...
2026-10-07T11:14:48.3738619Z # Subtest: low borrowed loop locals keep their declared type and bare insertion
2026-10-07T11:14:48.3739695Z ok 10 - low borrowed loop locals keep their declared type and bare insertion
2026-10-07T11:14:48.3740359Z   ---
2026-10-07T11:14:48.3740658Z   duration_ms: 1.042
2026-10-07T11:14:48.3741027Z   type: 'test'
2026-10-07T11:14:48.3741334Z   ...
2026-10-07T11:14:48.3742087Z # Subtest: low owned and read-only-only locals retain their existing presentation
2026-10-07T11:14:48.3761727Z ok 11 - low owned and read-only-only locals retain their existing presentation
2026-10-07T11:14:48.3763261Z   ---
2026-10-07T11:14:48.3763716Z   duration_ms: 0.8703
2026-10-07T11:14:48.3764193Z   type: 'test'
2026-10-07T11:14:48.3764613Z   ...
2026-10-07T11:14:48.3778584Z # Subtest: low borrowed receiver fields preserve the compiler read-only contract
2026-10-07T11:14:48.3780638Z ok 12 - low borrowed receiver fields preserve the compiler read-only contract
2026-10-07T11:14:48.3781374Z   ---
2026-10-07T11:14:48.3781696Z   duration_ms: 0.6083
2026-10-07T11:14:48.3782055Z   type: 'test'
2026-10-07T11:14:48.3782375Z   ...
2026-10-07T11:14:49.0739653Z # Subtest: Windows diagnostics preserve the drive and convert to zero-based line
2026-10-07T11:14:49.0747082Z ok 13 - Windows diagnostics preserve the drive and convert to zero-based line
2026-10-07T11:14:49.0749018Z   ---
2026-10-07T11:14:49.0749601Z   duration_ms: 3.627
2026-10-07T11:14:49.0750189Z   type: 'test'
2026-10-07T11:14:49.0750682Z   ...
2026-10-07T11:14:49.0751833Z # Subtest: symbol positions use UTF-16 ranges and exclude whitespace and other files
2026-10-07T11:14:49.0753184Z ok 14 - symbol positions use UTF-16 ranges and exclude whitespace and other files
2026-10-07T11:14:49.0754875Z   ---
2026-10-07T11:14:49.0755365Z   duration_ms: 1.9318
2026-10-07T11:14:49.0756010Z   type: 'test'
2026-10-07T11:14:49.0756510Z   ...
2026-10-07T11:14:49.0757371Z # Subtest: Low integration errors and process errors have usable fallback locations
2026-10-07T11:14:49.0758988Z ok 15 - Low integration errors and process errors have usable fallback locations
2026-10-07T11:14:49.0759881Z   ---
2026-10-07T11:14:49.0760364Z   duration_ms: 0.4486
2026-10-07T11:14:49.0760864Z   type: 'test'
2026-10-07T11:14:49.0761341Z   ...
2026-10-07T11:14:49.0762182Z # Subtest: Rust arguments remain separate and long Windows paths normalize
2026-10-07T11:14:49.0763341Z ok 16 - Rust arguments remain separate and long Windows paths normalize
2026-10-07T11:14:49.0764388Z   ---
2026-10-07T11:14:49.0765115Z   duration_ms: 0.4214
2026-10-07T11:14:49.0766518Z   type: 'test'
2026-10-07T11:14:49.0767061Z   ...
2026-10-07T11:14:49.0767910Z # Subtest: diagnostic file identities resolve symlinks and Windows path spelling
2026-10-07T11:14:49.0769214Z ok 17 - diagnostic file identities resolve symlinks and Windows path spelling
2026-10-07T11:14:49.0770120Z   ---
2026-10-07T11:14:49.0770633Z   duration_ms: 2762.6373
2026-10-07T11:14:49.0771225Z   type: 'test'
2026-10-07T11:14:49.0771730Z   ...
2026-10-07T11:14:49.0772581Z # Subtest: task matcher accepts Nagi frontend and mapped backend positions only
2026-10-07T11:14:49.0773790Z ok 18 - task matcher accepts Nagi frontend and mapped backend positions only
2026-10-07T11:14:49.0774679Z   ---
2026-10-07T11:14:49.0776380Z   duration_ms: 1.634
2026-10-07T11:14:49.0777098Z   type: 'test'
2026-10-07T11:14:49.0777596Z   ...
2026-10-07T11:14:49.0778514Z # Subtest: files and native paths are individual arguments with isolated check output
2026-10-07T11:14:49.0779890Z ok 19 - files and native paths are individual arguments with isolated check output
2026-10-07T11:14:49.0780672Z   ---
2026-10-07T11:14:49.0781649Z   duration_ms: 5.6528
2026-10-07T11:14:49.0782256Z   type: 'test'
2026-10-07T11:14:49.0782714Z   ...
2026-10-07T11:14:49.0783598Z # Subtest: configured compiler paths are workspace relative; PATH remains a fallback
2026-10-07T11:14:49.0784989Z ok 20 - configured compiler paths are workspace relative; PATH remains a fallback
2026-10-07T11:14:49.0785833Z   ---
2026-10-07T11:14:49.0786269Z   duration_ms: 0.7168
2026-10-07T11:14:49.0786747Z   type: 'test'
2026-10-07T11:14:49.0787178Z   ...
2026-10-07T11:14:49.1420509Z # Subtest: compiler execution does not interpret shell metacharacters
2026-10-07T11:14:49.1436059Z ok 21 - compiler execution does not interpret shell metacharacters
2026-10-07T11:14:49.1436919Z   ---
2026-10-07T11:14:49.1437388Z   duration_ms: 81.7021
2026-10-07T11:14:49.1438102Z   type: 'test'
2026-10-07T11:14:49.1438640Z   ...
2026-10-07T11:14:49.1663800Z # Subtest: real Nagi checker diagnoses a source error
2026-10-07T11:14:49.1664867Z ok 22 - real Nagi checker diagnoses a source error
2026-10-07T11:14:49.1665603Z   ---
2026-10-07T11:14:49.1666107Z   duration_ms: 23.9559
2026-10-07T11:14:49.1666678Z   type: 'test'
2026-10-07T11:14:49.1667172Z   ...
2026-10-07T11:14:49.1667893Z # Subtest: missing compiler is reported as an execution problem
2026-10-07T11:14:49.1668850Z ok 23 - missing compiler is reported as an execution problem
2026-10-07T11:14:49.1669517Z   ---
2026-10-07T11:14:49.1669935Z   duration_ms: 2.6735
2026-10-07T11:14:49.1670406Z   type: 'test'
2026-10-07T11:14:49.1670830Z   ...
2026-10-07T11:14:49.4322250Z # Subtest: timed out checker is reported as an execution problem
2026-10-07T11:14:49.4324916Z ok 24 - timed out checker is reported as an execution problem
2026-10-07T11:14:49.4325632Z   ---
2026-10-07T11:14:49.4326091Z   duration_ms: 260.5317
2026-10-07T11:14:49.4326588Z   type: 'test'
2026-10-07T11:14:49.4327022Z   ...
2026-10-07T11:14:49.4327908Z # Subtest: nearest manifest wins and project arguments delegate entry selection to nagic
2026-10-07T11:14:49.4329228Z ok 25 - nearest manifest wins and project arguments delegate entry selection to nagic
2026-10-07T11:14:49.4330068Z   ---
2026-10-07T11:14:49.4330498Z   duration_ms: 2.6593
2026-10-07T11:14:49.4330976Z   type: 'test'
2026-10-07T11:14:49.4331404Z   ...
2026-10-07T11:14:49.4563984Z # Subtest: real checker resolves a helper through its manifest entry rather than checking it alone
2026-10-07T11:14:49.4565638Z ok 26 - real checker resolves a helper through its manifest entry rather than checking it alone
2026-10-07T11:14:49.4566656Z   ---
2026-10-07T11:14:49.4567183Z   duration_ms: 26.4815
2026-10-07T11:14:49.4567718Z   type: 'test'
2026-10-07T11:14:49.4568159Z   ...
2026-10-07T11:14:49.6864744Z # Subtest: real symbol query navigates from a helper to its entry-defined function
2026-10-07T11:14:49.6866015Z ok 27 - real symbol query navigates from a helper to its entry-defined function
2026-10-07T11:14:49.6866900Z   ---
2026-10-07T11:14:49.6867371Z   duration_ms: 233.8918
2026-10-07T11:14:49.6867861Z   type: 'test'
2026-10-07T11:14:49.6868287Z   ...
2026-10-07T11:14:49.7047876Z # Subtest: enum completion includes own/imported type namespaces and never bare variants
2026-10-07T11:14:49.7123847Z ok 28 - enum completion includes own/imported type namespaces and never bare variants
2026-10-07T11:14:49.7197473Z   ---
2026-10-07T11:14:49.7248728Z   duration_ms: 13.7861
2026-10-07T11:14:49.7251982Z   type: 'test'
2026-10-07T11:14:49.7253606Z   ...
2026-10-07T11:14:49.7256535Z # Subtest: enum type positions offer enum types and exclude variant values
2026-10-07T11:14:49.7259150Z ok 29 - enum type positions offer enum types and exclude variant values
2026-10-07T11:14:49.7265077Z   ---
2026-10-07T11:14:49.7285810Z   duration_ms: 1.8211
2026-10-07T11:14:49.7287251Z   type: 'test'
2026-10-07T11:14:49.7287914Z   ...
2026-10-07T11:14:49.7289536Z # Subtest: unit/payload variant hover and payload signatures preserve alias-qualified spelling
2026-10-07T11:14:49.7291475Z ok 30 - unit/payload variant hover and payload signatures preserve alias-qualified spelling
2026-10-07T11:14:49.7295664Z   ---
2026-10-07T11:14:49.7297240Z   duration_ms: 3.3861
2026-10-07T11:14:49.7299263Z   type: 'test'
2026-10-07T11:14:49.7299956Z   ...
2026-10-07T11:14:49.7302364Z # Subtest: nested variant declaration references resolve hover and F12 without exporting names
2026-10-07T11:14:49.7418970Z ok 31 - nested variant declaration references resolve hover and F12 without exporting names
2026-10-07T11:14:49.7525408Z   ---
2026-10-07T11:14:49.7527614Z   duration_ms: 1.3833
2026-10-07T11:14:49.7528931Z   type: 'test'
2026-10-07T11:14:49.7529430Z   ...
2026-10-07T11:14:49.7530813Z # Subtest: lexical values that shadow enum/module roots suppress type namespaces
2026-10-07T11:14:49.7532397Z ok 32 - lexical values that shadow enum/module roots suppress type namespaces
2026-10-07T11:14:49.7533429Z   ---
2026-10-07T11:14:49.7534065Z   duration_ms: 4.1051
2026-10-07T11:14:49.7535754Z   type: 'test'
2026-10-07T11:14:49.7538169Z   ...
2026-10-07T11:14:49.7544246Z # Subtest: typed failure help exposes an error value without requiring builtin Error
2026-10-07T11:14:49.7545414Z ok 33 - typed failure help exposes an error value without requiring builtin Error
2026-10-07T11:14:49.7546109Z   ---
2026-10-07T11:14:49.7546406Z   duration_ms: 0.705
2026-10-07T11:14:49.7546742Z   type: 'test'
2026-10-07T11:14:49.7547040Z   ...
2026-10-07T11:14:49.7547744Z # Subtest: Result patterns have completion hover and argument help only after case
2026-10-07T11:14:49.7548849Z ok 34 - Result patterns have completion hover and argument help only after case
2026-10-07T11:14:49.7549811Z   ---
2026-10-07T11:14:49.7550099Z   duration_ms: 1.8421
2026-10-07T11:14:49.7550435Z   type: 'test'
2026-10-07T11:14:49.7550726Z   ...
2026-10-07T11:14:49.7551460Z # Subtest: real nagi enum symbols preserve aliases, payload help and declaration targets
2026-10-07T11:14:49.7552613Z ok 35 - real nagi enum symbols preserve aliases, payload help and declaration targets
2026-10-07T11:14:49.7553598Z   ---
2026-10-07T11:14:49.7553892Z   duration_ms: 271.5083
2026-10-07T11:14:49.7554237Z   type: 'test'
2026-10-07T11:14:49.7554534Z   ...
2026-10-07T11:14:49.7555246Z # Subtest: real low enum symbols preserve aliases, payload help and declaration targets
2026-10-07T11:14:49.7556398Z ok 36 - real low enum symbols preserve aliases, payload help and declaration targets
2026-10-07T11:14:49.7557082Z   ---
2026-10-07T11:14:49.7557368Z   duration_ms: 276.0239
2026-10-07T11:14:49.7557710Z   type: 'test'
2026-10-07T11:14:49.7558003Z   ...
2026-10-07T11:14:49.7558769Z # Subtest: unsaved enum changes update payloads and F12 without writing source or building
2026-10-07T11:14:49.7559977Z ok 37 - unsaved enum changes update payloads and F12 without writing source or building
2026-10-07T11:14:49.7560682Z   ---
2026-10-07T11:14:49.7560970Z   duration_ms: 207.3322
2026-10-07T11:14:49.7561393Z   type: 'test'
2026-10-07T11:14:49.7561878Z   ...
2026-10-07T11:14:49.7562962Z # Subtest: hover preserves declared async/nullable types and class fields but skips locals, members and comments
2026-10-07T11:14:49.7564630Z ok 38 - hover preserves declared async/nullable types and class fields but skips locals, members and comments
2026-10-07T11:14:49.7565620Z   ---
2026-10-07T11:14:49.7566039Z   duration_ms: 3.1012
2026-10-07T11:14:49.7566568Z   type: 'test'
2026-10-07T11:14:49.7566996Z   ...
2026-10-07T11:14:49.7567981Z # Subtest: completion works on incomplete prefixes and inserts positional calls or named class fields
2026-10-07T11:14:49.7569682Z ok 39 - completion works on incomplete prefixes and inserts positional calls or named class fields
2026-10-07T11:14:49.7570648Z   ---
2026-10-07T11:14:49.7571076Z   duration_ms: 1.7099
2026-10-07T11:14:49.7571537Z   type: 'test'
2026-10-07T11:14:49.7571955Z   ...
2026-10-07T11:14:49.7572793Z # Subtest: type positions offer classes and type constructors rather than value calls
2026-10-07T11:14:49.7574504Z ok 40 - type positions offer classes and type constructors rather than value calls
2026-10-07T11:14:49.7575366Z   ---
2026-10-07T11:14:49.7575825Z   duration_ms: 2.7081
2026-10-07T11:14:49.7576307Z   type: 'test'
2026-10-07T11:14:49.7576727Z   ...
2026-10-07T11:14:49.7577606Z # Subtest: a class named Future completes as its declared type rather than a generic builtin
2026-10-07T11:14:49.7578936Z ok 41 - a class named Future completes as its declared type rather than a generic builtin
2026-10-07T11:14:49.7579808Z   ---
2026-10-07T11:14:49.7580236Z   duration_ms: 0.4811
2026-10-07T11:14:49.7580716Z   type: 'test'
2026-10-07T11:14:49.7581166Z   ...
2026-10-07T11:14:49.7582102Z # Subtest: signature argument tracking ignores nested calls, strings, arrays and generic arguments
2026-10-07T11:14:49.7583514Z ok 42 - signature argument tracking ignores nested calls, strings, arrays and generic arguments
2026-10-07T11:14:49.7584391Z   ---
2026-10-07T11:14:49.7584810Z   duration_ms: 1.4768
2026-10-07T11:14:49.7585267Z   type: 'test'
2026-10-07T11:14:49.7585690Z   ...
2026-10-07T11:14:49.7586523Z # Subtest: local hovers use the exact UTF-16 occurrence and file rather than a shared name
2026-10-07T11:14:49.7587798Z ok 43 - local hovers use the exact UTF-16 occurrence and file rather than a shared name
2026-10-07T11:14:49.7588645Z   ---
2026-10-07T11:14:49.7589063Z   duration_ms: 1.2179
2026-10-07T11:14:49.7589526Z   type: 'test'
2026-10-07T11:14:49.7589943Z   ...
2026-10-07T11:14:49.7590834Z # Subtest: member analysis masks just the edited member and preserves UTF-16 and CRLF positions
2026-10-07T11:14:49.7592183Z ok 44 - member analysis masks just the edited member and preserves UTF-16 and CRLF positions
2026-10-07T11:14:49.7593285Z   ---
2026-10-07T11:14:49.7594055Z   duration_ms: 0.2204
2026-10-07T11:14:49.7597087Z   type: 'test'
2026-10-07T11:14:49.7597568Z   ...
2026-10-07T11:14:49.7598602Z # Subtest: field candidates come from the receiver occurrence and never from saved or other-file types
2026-10-07T11:14:49.7600214Z ok 45 - field candidates come from the receiver occurrence and never from saved or other-file types
2026-10-07T11:14:49.7601155Z   ---
2026-10-07T11:14:49.7601697Z   duration_ms: 0.8368
2026-10-07T11:14:49.7602175Z   type: 'test'
2026-10-07T11:14:49.7602604Z   ...
2026-10-07T11:14:49.7603475Z # Subtest: a trailing member binds inside try/await unless the receiver is parenthesized
2026-10-07T11:14:49.7604775Z ok 46 - a trailing member binds inside try/await unless the receiver is parenthesized
2026-10-07T11:14:49.7605612Z   ---
2026-10-07T11:14:49.7606036Z   duration_ms: 0.5946
2026-10-07T11:14:49.7606532Z   type: 'test'
2026-10-07T11:14:49.7606949Z   ...
2026-10-07T11:14:49.7607837Z # Subtest: builtin completion catalog matches compiler arities and required type arguments
2026-10-07T11:14:49.7609178Z ok 47 - builtin completion catalog matches compiler arities and required type arguments
2026-10-07T11:14:49.7610039Z   ---
2026-10-07T11:14:49.7610559Z   duration_ms: 2.877
2026-10-07T11:14:49.7611170Z   type: 'test'
2026-10-07T11:14:49.7611612Z   ...
2026-10-07T11:14:49.7612476Z # Subtest: builtin help preserves conversion, SQLite, async and callback contracts
2026-10-07T11:14:49.7686367Z ok 48 - builtin help preserves conversion, SQLite, async and callback contracts
2026-10-07T11:14:49.7687514Z   ---
2026-10-07T11:14:49.7687980Z   duration_ms: 0.4614
2026-10-07T11:14:49.7688491Z   type: 'test'
2026-10-07T11:14:49.7688947Z   ...
2026-10-07T11:14:49.7689909Z # Subtest: function and nullable types complete inside all supported generic builtin contexts
2026-10-07T11:14:49.7692581Z ok 49 - function and nullable types complete inside all supported generic builtin contexts
2026-10-07T11:14:49.7693726Z   ---
2026-10-07T11:14:49.7694210Z   duration_ms: 0.6313
2026-10-07T11:14:49.7694706Z   type: 'test'
2026-10-07T11:14:49.7695557Z   ...
2026-10-07T11:14:49.7696400Z # Subtest: completion preserves existing generic arguments and call parentheses
2026-10-07T11:14:49.7697627Z ok 50 - completion preserves existing generic arguments and call parentheses
2026-10-07T11:14:49.7698476Z   ---
2026-10-07T11:14:49.7698931Z   duration_ms: 0.4374
2026-10-07T11:14:49.7699393Z   type: 'test'
2026-10-07T11:14:49.7699833Z   ...
2026-10-07T11:14:49.7700696Z # Subtest: unindented Low fn, record and enum bodies keep their closing braces visible
2026-10-07T11:14:49.7701985Z ok 51 - unindented Low fn, record and enum bodies keep their closing braces visible
2026-10-07T11:14:49.7702976Z   ---
2026-10-07T11:14:49.7703437Z   duration_ms: 2.5961
2026-10-07T11:14:49.7703936Z   type: 'test'
2026-10-07T11:14:49.7704402Z   ...
2026-10-07T11:14:49.7705259Z # Subtest: nested match, case, scope and branch bodies fold at each opening line
2026-10-07T11:14:49.7706485Z ok 52 - nested match, case, scope and branch bodies fold at each opening line
2026-10-07T11:14:49.7707274Z   ---
2026-10-07T11:14:49.7707730Z   duration_ms: 0.3982
2026-10-07T11:14:49.7708210Z   type: 'test'
2026-10-07T11:14:49.7708615Z   ...
2026-10-07T11:14:49.7709400Z # Subtest: multiline fn and async fn draft headers join their body in one fold
2026-10-07T11:14:49.7710591Z ok 53 - multiline fn and async fn draft headers join their body in one fold
2026-10-07T11:14:49.7711374Z   ---
2026-10-07T11:14:49.7711778Z   duration_ms: 0.4173
2026-10-07T11:14:49.7712264Z   type: 'test'
2026-10-07T11:14:49.7712687Z   ...
2026-10-07T11:14:49.7713312Z # Subtest: strings and comments do not create or close folds
2026-10-07T11:14:49.7714228Z ok 54 - strings and comments do not create or close folds
2026-10-07T11:14:49.7714914Z   ---
2026-10-07T11:14:49.7716022Z   duration_ms: 0.2303
2026-10-07T11:14:49.7716505Z   type: 'test'
2026-10-07T11:14:49.7716929Z   ...
2026-10-07T11:14:49.7717692Z # Subtest: crossed, stray and unclosed delimiters cannot invent brace folds
2026-10-07T11:14:49.7718891Z ok 55 - crossed, stray and unclosed delimiters cannot invent brace folds
2026-10-07T11:14:49.7719673Z   ---
2026-10-07T11:14:49.7720081Z   duration_ms: 0.3318
2026-10-07T11:14:49.7720556Z   type: 'test'
2026-10-07T11:14:49.7720963Z   ...
2026-10-07T11:14:49.7721777Z # Subtest: matched call and list continuations guard bodies without separate folds
2026-10-07T11:14:49.7723039Z ok 56 - matched call and list continuations guard bodies without separate folds
2026-10-07T11:14:49.7723887Z   ---
2026-10-07T11:14:49.7724287Z   duration_ms: 0.1868
2026-10-07T11:14:49.7724749Z   type: 'test'
2026-10-07T11:14:49.7725154Z   ...
2026-10-07T11:14:49.7726024Z # Subtest: completed declarations and unrelated lines do not donate a header to another body
2026-10-07T11:14:49.7727449Z ok 57 - completed declarations and unrelated lines do not donate a header to another body
2026-10-07T11:14:49.7728338Z   ---
2026-10-07T11:14:49.7728768Z   duration_ms: 1.1826
2026-10-07T11:14:49.7729246Z   type: 'test'
2026-10-07T11:14:49.7729648Z   ...
2026-10-07T11:14:49.7730443Z # Subtest: single-line and empty bodies are omitted and each start line has one fold
2026-10-07T11:14:49.7731644Z ok 58 - single-line and empty bodies are omitted and each start line has one fold
2026-10-07T11:14:49.7732431Z   ---
2026-10-07T11:14:49.7732838Z   duration_ms: 0.1938
2026-10-07T11:14:49.7733258Z   type: 'test'
2026-10-07T11:14:49.7733642Z   ...
2026-10-07T11:14:49.7734539Z # Subtest: inline closing braces fold the final statement while delimiter-only closers stay visible
2026-10-07T11:14:49.7735960Z ok 59 - inline closing braces fold the final statement while delimiter-only closers stay visible
2026-10-07T11:14:49.7736921Z   ---
2026-10-07T11:14:49.7737325Z   duration_ms: 0.4513
2026-10-07T11:14:49.7738050Z   type: 'test'
2026-10-07T11:14:49.7740820Z   ...
2026-10-07T11:14:49.7742060Z # Subtest: High Function snippet defaults compile in their declared context
2026-10-07T11:14:49.7743259Z ok 60 - High Function snippet defaults compile in their declared context
2026-10-07T11:14:49.7744038Z   ---
2026-10-07T11:14:49.7744455Z   duration_ms: 18.8147
2026-10-07T11:14:49.7744926Z   type: 'test'
2026-10-07T11:14:49.7745305Z   ...
2026-10-07T11:14:49.7745988Z # Subtest: High Class snippet defaults compile in their declared context
2026-10-07T11:14:49.7747043Z ok 61 - High Class snippet defaults compile in their declared context
2026-10-07T11:14:49.7747768Z   ---
2026-10-07T11:14:49.7748162Z   duration_ms: 15.7357
2026-10-07T11:14:49.7748593Z   type: 'test'
2026-10-07T11:14:49.7748987Z   ...
2026-10-07T11:14:49.7749696Z # Subtest: High Enum snippet defaults compile in their declared context
2026-10-07T11:14:49.7750796Z ok 62 - High Enum snippet defaults compile in their declared context
2026-10-07T11:14:49.7751585Z   ---
2026-10-07T11:14:49.7751965Z   duration_ms: 13.9575
2026-10-07T11:14:49.7752390Z   type: 'test'
2026-10-07T11:14:49.7752791Z   ...
2026-10-07T11:14:49.7753497Z # Subtest: High Main snippet defaults compile in their declared context
2026-10-07T11:14:49.7754613Z ok 63 - High Main snippet defaults compile in their declared context
2026-10-07T11:14:49.7755339Z   ---
2026-10-07T11:14:49.7755734Z   duration_ms: 12.83
2026-10-07T11:14:49.7756182Z   type: 'test'
2026-10-07T11:14:49.7756621Z   ...
2026-10-07T11:14:49.7757418Z # Subtest: High Async main snippet defaults compile in their declared context
2026-10-07T11:14:49.7758556Z ok 64 - High Async main snippet defaults compile in their declared context
2026-10-07T11:14:49.7759280Z   ---
2026-10-07T11:14:49.7759692Z   duration_ms: 14.8083
2026-10-07T11:14:49.7760123Z   type: 'test'
2026-10-07T11:14:49.7760487Z   ...
2026-10-07T11:14:49.7761232Z # Subtest: High HTTP server snippet defaults compile in their declared context
2026-10-07T11:14:49.7762552Z ok 65 - High HTTP server snippet defaults compile in their declared context
2026-10-07T11:14:49.7763323Z   ---
2026-10-07T11:14:49.7763731Z   duration_ms: 209.9469
2026-10-07T11:14:49.7764208Z   type: 'test'
2026-10-07T11:14:49.7764625Z   ...
2026-10-07T11:14:49.7765423Z # Subtest: High GET handler snippet defaults compile in their declared context
2026-10-07T11:14:49.7767013Z ok 66 - High GET handler snippet defaults compile in their declared context
2026-10-07T11:14:49.7767802Z   ---
2026-10-07T11:14:49.7768217Z   duration_ms: 21.0608
2026-10-07T11:14:49.7768692Z   type: 'test'
2026-10-07T11:14:49.7769094Z   ...
2026-10-07T11:14:49.7769824Z # Subtest: High POST handler snippet defaults compile in their declared context
2026-10-07T11:14:49.7770981Z ok 67 - High POST handler snippet defaults compile in their declared context
2026-10-07T11:14:49.7771757Z   ---
2026-10-07T11:14:49.7772150Z   duration_ms: 20.5615
2026-10-07T11:14:49.7772608Z   type: 'test'
2026-10-07T11:14:49.7773043Z   ...
2026-10-07T11:14:49.7773782Z # Subtest: High Loop snippet defaults compile in their declared context
2026-10-07T11:14:49.7807180Z ok 68 - High Loop snippet defaults compile in their declared context
2026-10-07T11:14:49.7807928Z   ---
2026-10-07T11:14:49.7808315Z   duration_ms: 13.2924
2026-10-07T11:14:49.7808752Z   type: 'test'
2026-10-07T11:14:49.7809123Z   ...
2026-10-07T11:14:49.7809892Z # Subtest: High Borrowed array snippet defaults compile in their declared context
2026-10-07T11:14:49.7811050Z ok 69 - High Borrowed array snippet defaults compile in their declared context
2026-10-07T11:14:49.7811784Z   ---
2026-10-07T11:14:49.7812157Z   duration_ms: 15.8716
2026-10-07T11:14:49.7812571Z   type: 'test'
2026-10-07T11:14:49.7812932Z   ...
2026-10-07T11:14:49.7813672Z # Subtest: High Result match snippet defaults compile in their declared context
2026-10-07T11:14:49.7814877Z ok 70 - High Result match snippet defaults compile in their declared context
2026-10-07T11:14:49.7815838Z   ---
2026-10-07T11:14:49.7816234Z   duration_ms: 13.3234
2026-10-07T11:14:49.7816646Z   type: 'test'
2026-10-07T11:14:49.7817014Z   ...
2026-10-07T11:14:49.7817752Z # Subtest: High Nullable match snippet defaults compile in their declared context
2026-10-07T11:14:49.7818899Z ok 71 - High Nullable match snippet defaults compile in their declared context
2026-10-07T11:14:49.7819630Z   ---
2026-10-07T11:14:49.7819989Z   duration_ms: 12.9868
2026-10-07T11:14:49.7820400Z   type: 'test'
2026-10-07T11:14:49.7820772Z   ...
2026-10-07T11:14:49.7821585Z # Subtest: real High quoted imports complete class enum and function names without calls
2026-10-07T11:14:49.7823111Z ok 72 - real High quoted imports complete class enum and function names without calls
2026-10-07T11:14:49.7823886Z   ---
2026-10-07T11:14:49.7824246Z   duration_ms: 232.6448
2026-10-07T11:14:49.7824670Z   type: 'test'
2026-10-07T11:14:49.7825029Z   ...
2026-10-07T11:14:49.7826040Z # Subtest: real High quoted imports complete class enum and function names without calls through a directory alias
2026-10-07T11:14:49.7827946Z ok 73 - real High quoted imports complete class enum and function names without calls through a directory alias
2026-10-07T11:14:49.7828899Z   ---
2026-10-07T11:14:49.7829266Z   duration_ms: 195.1909
2026-10-07T11:14:49.7829677Z   type: 'test'
2026-10-07T11:14:49.7830040Z   ...
2026-10-07T11:14:49.7830834Z # Subtest: real Low quoted imports complete class enum and function names without calls
2026-10-07T11:14:49.7832058Z ok 74 - real Low quoted imports complete class enum and function names without calls
2026-10-07T11:14:49.7832830Z   ---
2026-10-07T11:14:49.7833189Z   duration_ms: 236.1119
2026-10-07T11:14:49.7833608Z   type: 'test'
2026-10-07T11:14:49.7833963Z   ...
2026-10-07T11:14:49.7834963Z # Subtest: real Low quoted imports complete class enum and function names without calls through a directory alias
2026-10-07T11:14:49.7836574Z ok 75 - real Low quoted imports complete class enum and function names without calls through a directory alias
2026-10-07T11:14:49.7837715Z   ---
2026-10-07T11:14:49.7838073Z   duration_ms: 209.5765
2026-10-07T11:14:49.7838488Z   type: 'test'
2026-10-07T11:14:49.7838847Z   ...
2026-10-07T11:14:49.7839780Z # Subtest: canonical source aliases share one identity per request and refresh after a symlink changes
2026-10-07T11:14:49.7841223Z ok 76 - canonical source aliases share one identity per request and refresh after a symlink changes
2026-10-07T11:14:49.7842085Z   ---
2026-10-07T11:14:49.7842680Z   duration_ms: 10.9672
2026-10-07T11:14:49.7843117Z   type: 'test'
2026-10-07T11:14:49.7843475Z   ...
2026-10-07T11:14:49.7844245Z # Subtest: standard source identities remain logical IDs without filesystem lookups
2026-10-07T11:14:49.7845423Z ok 77 - standard source identities remain logical IDs without filesystem lookups
2026-10-07T11:14:49.7846165Z   ---
2026-10-07T11:14:49.7846569Z   duration_ms: 1.6274
2026-10-07T11:14:49.7846978Z   type: 'test'
2026-10-07T11:14:49.7847347Z   ...
2026-10-07T11:14:49.7848111Z # Subtest: High block headers indent one level, including main, async, match and case
2026-10-07T11:14:49.7849296Z ok 78 - High block headers indent one level, including main, async, match and case
2026-10-07T11:14:49.7850040Z   ---
2026-10-07T11:14:49.7850388Z   duration_ms: 3.1782
2026-10-07T11:14:49.7850790Z   type: 'test'
2026-10-07T11:14:49.7851146Z   ...
2026-10-07T11:14:49.7851901Z # Subtest: else uses the matching if indentation after nested bodies and comments
2026-10-07T11:14:49.7853038Z ok 79 - else uses the matching if indentation after nested bodies and comments
2026-10-07T11:14:49.7853745Z   ---
2026-10-07T11:14:49.7854097Z   duration_ms: 0.4902
2026-10-07T11:14:49.7854495Z   type: 'test'
2026-10-07T11:14:49.7854846Z   ...
2026-10-07T11:14:49.7855478Z # Subtest: first and following cases align under their nearest match
2026-10-07T11:14:49.7856414Z ok 80 - first and following cases align under their nearest match
2026-10-07T11:14:49.7857190Z   ---
2026-10-07T11:14:49.7857564Z   duration_ms: 1.0977
2026-10-07T11:14:49.7857961Z   type: 'test'
2026-10-07T11:14:49.7858312Z   ...
2026-10-07T11:14:49.7859065Z # Subtest: immediate Enter after else/case aligns the branch and its new body together
2026-10-07T11:14:49.7860227Z ok 81 - immediate Enter after else/case aligns the branch and its new body together
2026-10-07T11:14:49.7860978Z   ---
2026-10-07T11:14:49.7861331Z   duration_ms: 0.2478
2026-10-07T11:14:49.7861728Z   type: 'test'
2026-10-07T11:14:49.7862085Z   ...
2026-10-07T11:14:49.7863045Z # Subtest: explicitly dedented outer branches keep their matching outer block
2026-10-07T11:14:49.7864162Z ok 82 - explicitly dedented outer branches keep their matching outer block
2026-10-07T11:14:49.7864880Z   ---
2026-10-07T11:14:49.7865237Z   duration_ms: 0.4193
2026-10-07T11:14:49.7865640Z   type: 'test'
2026-10-07T11:14:49.7866001Z   ...
2026-10-07T11:14:49.7866810Z # Subtest: multiline case headers move together when colon is typed or Enter cancels it
2026-10-07T11:14:49.7868058Z ok 83 - multiline case headers move together when colon is typed or Enter cancels it
2026-10-07T11:14:49.7868819Z   ---
2026-10-07T11:14:49.7869173Z   duration_ms: 0.2881
2026-10-07T11:14:49.7869574Z   type: 'test'
2026-10-07T11:14:49.7869929Z   ...
2026-10-07T11:14:49.7870705Z # Subtest: multiline calls, lists and nested delimiters indent and align closing lines
2026-10-07T11:14:49.7871889Z ok 84 - multiline calls, lists and nested delimiters indent and align closing lines
2026-10-07T11:14:49.7872577Z   ---
2026-10-07T11:14:49.7872980Z   duration_ms: 0.34
2026-10-07T11:14:49.7873366Z   type: 'test'
2026-10-07T11:14:49.7873724Z   ...
2026-10-07T11:14:49.7874445Z # Subtest: strings, escapes and comments never create fake blocks or brackets
2026-10-07T11:14:49.7875513Z ok 85 - strings, escapes and comments never create fake blocks or brackets
2026-10-07T11:14:49.7876204Z   ---
2026-10-07T11:14:49.7876556Z   duration_ms: 0.2922
2026-10-07T11:14:49.7877139Z   type: 'test'
2026-10-07T11:14:49.7877493Z   ...
2026-10-07T11:14:49.7878251Z # Subtest: an unfinished string on an earlier line does not disable later indentation
2026-10-07T11:14:49.7879411Z ok 86 - an unfinished string on an earlier line does not disable later indentation
2026-10-07T11:14:49.7880156Z   ---
2026-10-07T11:14:49.7880506Z   duration_ms: 0.5698
2026-10-07T11:14:49.7880908Z   type: 'test'
2026-10-07T11:14:49.7881259Z   ...
2026-10-07T11:14:49.7882028Z # Subtest: indentation respects two spaces, tabs, CRLF and Low brace blocks
2026-10-07T11:14:49.7883325Z ok 87 - indentation respects two spaces, tabs, CRLF and Low brace blocks
2026-10-07T11:14:49.7884028Z   ---
2026-10-07T11:14:49.7884381Z   duration_ms: 0.6856
2026-10-07T11:14:49.7884795Z   type: 'test'
2026-10-07T11:14:49.7885150Z   ...
2026-10-07T11:14:49.7885915Z # Subtest: Low native indentation rules ignore braces in comments and escaped strings
2026-10-07T11:14:49.7887174Z ok 88 - Low native indentation rules ignore braces in comments and escaped strings
2026-10-07T11:14:49.7887931Z   ---
2026-10-07T11:14:49.7888276Z   duration_ms: 0.7076
2026-10-07T11:14:49.7888667Z   type: 'test'
2026-10-07T11:14:49.7889020Z   ...
2026-10-07T11:14:51.1748405Z # Subtest: real checker completes arguments, inferred locals, chains, calls, index receivers and match payloads
2026-10-07T11:14:51.1764199Z ok 89 - real checker completes arguments, inferred locals, chains, calls, index receivers and match payloads
2026-10-07T11:14:51.1768203Z   ---
2026-10-07T11:14:51.1787531Z   duration_ms: 2623.9663
2026-10-07T11:14:51.1790131Z   type: 'test'
2026-10-07T11:14:51.1791228Z   ...
2026-10-07T11:14:54.0515174Z # Subtest: real checker suppresses fields for unknown, moved, out-of-scope and wrapped values
2026-10-07T11:14:54.0518181Z ok 90 - real checker suppresses fields for unknown, moved, out-of-scope and wrapped values
2026-10-07T11:14:54.0519534Z   ---
2026-10-07T11:14:54.0521479Z   duration_ms: 2877.5837
2026-10-07T11:14:54.0527659Z   type: 'test'
2026-10-07T11:14:54.0610629Z   ...
2026-10-07T11:14:54.6411178Z # Subtest: real unsaved High/Low imports supply local hovers and fields with UTF-16 positions
2026-10-07T11:14:54.6413109Z ok 91 - real unsaved High/Low imports supply local hovers and fields with UTF-16 positions
2026-10-07T11:14:54.6414148Z   ---
2026-10-07T11:14:54.6414897Z   duration_ms: 591.75
2026-10-07T11:14:54.6415503Z   type: 'test'
2026-10-07T11:14:54.6415954Z   ...
2026-10-07T11:14:55.8696657Z # Subtest: real Low completion isolates same-line scopes, restores outer loop variables and handles CRLF
2026-10-07T11:14:55.8698728Z ok 92 - real Low completion isolates same-line scopes, restores outer loop variables and handles CRLF
2026-10-07T11:14:55.8699541Z   ---
2026-10-07T11:14:55.8699743Z   duration_ms: 1233.3922
2026-10-07T11:14:55.8699966Z   type: 'test'
2026-10-07T11:14:55.8700146Z   ...
2026-10-07T11:14:55.8853085Z # Subtest: checked local values replace same-name class and builtin call insertions
2026-10-07T11:14:55.8854235Z ok 93 - checked local values replace same-name class and builtin call insertions
2026-10-07T11:14:55.8854874Z   ---
2026-10-07T11:14:55.8855150Z   duration_ms: 4.5551
2026-10-07T11:14:55.8855473Z   type: 'test'
2026-10-07T11:14:55.8855746Z   ...
2026-10-07T11:14:55.8856440Z # Subtest: lexical references without local types never insert an unrelated global call
2026-10-07T11:14:55.8857539Z ok 94 - lexical references without local types never insert an unrelated global call
2026-10-07T11:14:55.8858207Z   ---
2026-10-07T11:14:55.8858475Z   duration_ms: 0.7693
2026-10-07T11:14:55.8858786Z   type: 'test'
2026-10-07T11:14:55.8859054Z   ...
2026-10-07T11:14:55.8859749Z # Subtest: partial and saved occurrences keep global names without guessing local scopes
2026-10-07T11:14:55.8860844Z ok 95 - partial and saved occurrences keep global names without guessing local scopes
2026-10-07T11:14:55.8861828Z   ---
2026-10-07T11:14:55.8862090Z   duration_ms: 1.9738
2026-10-07T11:14:55.8862766Z   type: 'test'
2026-10-07T11:14:55.8863043Z   ...
2026-10-07T11:14:55.8863725Z # Subtest: a resolved global constructor remains available outside the shadowing function
2026-10-07T11:14:55.8864833Z ok 96 - a resolved global constructor remains available outside the shadowing function
2026-10-07T11:14:55.8865502Z   ---
2026-10-07T11:14:55.8865764Z   duration_ms: 0.7059
2026-10-07T11:14:55.8866077Z   type: 'test'
2026-10-07T11:14:55.8866350Z   ...
2026-10-07T11:14:55.8867084Z # Subtest: binding hints distinguish declaration tokens, masked text, and real value binders
2026-10-07T11:14:55.8868228Z ok 97 - binding hints distinguish declaration tokens, masked text, and real value binders
2026-10-07T11:14:55.8868985Z   ---
2026-10-07T11:14:55.8869272Z   duration_ms: 1.0904
2026-10-07T11:14:55.8880134Z   type: 'test'
2026-10-07T11:14:55.8880747Z   ...
2026-10-07T11:14:55.8882133Z # Subtest: real High local and parameter completions stay bare while types and constructors remain usable
2026-10-07T11:14:55.8884122Z ok 98 - real High local and parameter completions stay bare while types and constructors remain usable
2026-10-07T11:14:55.8884997Z   ---
2026-10-07T11:14:55.8885317Z   duration_ms: 677.9346
2026-10-07T11:14:55.8885686Z   type: 'test'
2026-10-07T11:14:55.8885988Z   ...
2026-10-07T11:14:55.8886872Z # Subtest: real Low local and parameter completions stay bare while types and constructors remain usable
2026-10-07T11:14:55.8888306Z ok 99 - real Low local and parameter completions stay bare while types and constructors remain usable
2026-10-07T11:14:55.8889320Z   ---
2026-10-07T11:14:55.8889706Z   duration_ms: 689.7451
2026-10-07T11:14:55.8890054Z   type: 'test'
2026-10-07T11:14:55.8890339Z   ...
2026-10-07T11:14:55.8890918Z # Subtest: Low Main snippet defaults compile in their declared context
2026-10-07T11:14:55.8891791Z ok 100 - Low Main snippet defaults compile in their declared context
2026-10-07T11:14:55.8892353Z   ---
2026-10-07T11:14:55.8892632Z   duration_ms: 21.13
2026-10-07T11:14:55.8893231Z   type: 'test'
2026-10-07T11:14:55.8893530Z   ...
2026-10-07T11:14:55.8894145Z # Subtest: Low File import snippet defaults compile in their declared context
2026-10-07T11:14:55.8895107Z ok 101 - Low File import snippet defaults compile in their declared context
2026-10-07T11:14:55.8895710Z   ---
2026-10-07T11:14:55.8895986Z   duration_ms: 17.6063
2026-10-07T11:14:55.8896306Z   type: 'test'
2026-10-07T11:14:55.8896577Z   ...
2026-10-07T11:14:55.8897177Z # Subtest: Low From import snippet defaults compile in their declared context
2026-10-07T11:14:55.8898432Z ok 102 - Low From import snippet defaults compile in their declared context
2026-10-07T11:14:55.8899463Z   ---
2026-10-07T11:14:55.8899915Z   duration_ms: 15.2894
2026-10-07T11:14:55.8900234Z   type: 'test'
2026-10-07T11:14:55.8900697Z   ...
2026-10-07T11:14:55.8901518Z # Subtest: Low Standard import snippet defaults compile in their declared context
2026-10-07T11:14:55.8902749Z ok 103 - Low Standard import snippet defaults compile in their declared context
2026-10-07T11:14:55.8903567Z   ---
2026-10-07T11:14:55.8904000Z   duration_ms: 197.5431
2026-10-07T11:14:55.8904330Z   type: 'test'
2026-10-07T11:14:55.8904776Z   ...
2026-10-07T11:14:55.8905363Z # Subtest: Low Function snippet defaults compile in their declared context
2026-10-07T11:14:55.8906303Z ok 104 - Low Function snippet defaults compile in their declared context
2026-10-07T11:14:55.8906900Z   ---
2026-10-07T11:14:55.8907169Z   duration_ms: 17.994
2026-10-07T11:14:55.8907478Z   type: 'test'
2026-10-07T11:14:55.8907750Z   ...
2026-10-07T11:14:55.8908309Z # Subtest: Low Record snippet defaults compile in their declared context
2026-10-07T11:14:55.8909193Z ok 105 - Low Record snippet defaults compile in their declared context
2026-10-07T11:14:55.8910191Z   ---
2026-10-07T11:14:55.8910463Z   duration_ms: 18.096
2026-10-07T11:14:55.8910772Z   type: 'test'
2026-10-07T11:14:55.8911204Z   ...
2026-10-07T11:14:55.8911917Z # Subtest: Low Enum snippet defaults compile in their declared context
2026-10-07T11:14:55.8913163Z ok 106 - Low Enum snippet defaults compile in their declared context
2026-10-07T11:14:55.8913895Z   ---
2026-10-07T11:14:55.8914326Z   duration_ms: 15.9607
2026-10-07T11:14:55.8914649Z   type: 'test'
2026-10-07T11:14:55.8915104Z   ...
2026-10-07T11:14:55.8915673Z # Subtest: Low Replace snippet defaults compile in their declared context
2026-10-07T11:14:55.8916908Z ok 107 - Low Replace snippet defaults compile in their declared context
2026-10-07T11:14:55.8917657Z   ---
2026-10-07T11:14:55.8917919Z   duration_ms: 17.7714
2026-10-07T11:14:55.8918228Z   type: 'test'
2026-10-07T11:14:55.8918495Z   ...
2026-10-07T11:14:55.8919495Z # Subtest: Low Result match snippet defaults compile in their declared context
2026-10-07T11:14:55.8920777Z ok 108 - Low Result match snippet defaults compile in their declared context
2026-10-07T11:14:55.8921558Z   ---
2026-10-07T11:14:55.8921832Z   duration_ms: 16.4357
2026-10-07T11:14:55.8922321Z   type: 'test'
2026-10-07T11:14:55.8922610Z   ...
2026-10-07T11:14:55.8923597Z # Subtest: Low Nullable match snippet defaults compile in their declared context
2026-10-07T11:14:55.8968223Z ok 109 - Low Nullable match snippet defaults compile in their declared context
2026-10-07T11:14:55.8968904Z   ---
2026-10-07T11:14:55.8969249Z   duration_ms: 16.0991
2026-10-07T11:14:55.8969587Z   type: 'test'
2026-10-07T11:14:55.8969870Z   ...
2026-10-07T11:14:55.8970657Z # Subtest: module member completion exposes functions/classes and type positions insert only classes
2026-10-07T11:14:55.8971966Z ok 110 - module member completion exposes functions/classes and type positions insert only classes
2026-10-07T11:14:55.8972705Z   ---
2026-10-07T11:14:55.8972987Z   duration_ms: 7.4683
2026-10-07T11:14:55.9116259Z   type: 'test'
2026-10-07T11:14:55.9116621Z   ...
2026-10-07T11:14:55.9120842Z # Subtest: qualified and renamed declarations retain structured hover/signature help
2026-10-07T11:14:55.9122313Z ok 111 - qualified and renamed declarations retain structured hover/signature help
2026-10-07T11:14:55.9123269Z   ---
2026-10-07T11:14:55.9123572Z   duration_ms: 3.171
2026-10-07T11:14:55.9124082Z   type: 'test'
2026-10-07T11:14:55.9124355Z   ...
2026-10-07T11:14:55.9125391Z # Subtest: lexical alias shadowing switches completion to fields and prevents module help
2026-10-07T11:14:55.9126665Z ok 112 - lexical alias shadowing switches completion to fields and prevents module help
2026-10-07T11:14:55.9127673Z   ---
2026-10-07T11:14:55.9127951Z   duration_ms: 2.0167
2026-10-07T11:14:55.9128430Z   type: 'test'
2026-10-07T11:14:55.9128708Z   ...
2026-10-07T11:14:55.9129497Z # Subtest: spaced field chains do not borrow a module namespace
2026-10-07T11:14:55.9130719Z ok 113 - spaced field chains do not borrow a module namespace
2026-10-07T11:14:55.9131225Z   ---
2026-10-07T11:14:55.9131498Z   duration_ms: 0.9628
2026-10-07T11:14:55.9131924Z   type: 'test'
2026-10-07T11:14:55.9132309Z   ...
2026-10-07T11:14:55.9134311Z # Subtest: imported class and module binding tokens keep their resolved hover
2026-10-07T11:14:55.9135407Z ok 114 - imported class and module binding tokens keep their resolved hover
2026-10-07T11:14:55.9148297Z   ---
2026-10-07T11:14:55.9148637Z   duration_ms: 1.5419
2026-10-07T11:14:55.9148967Z   type: 'test'
2026-10-07T11:14:55.9149248Z   ...
2026-10-07T11:14:55.9150006Z # Subtest: quoted from imports insert names only and preserve aliases and comma-separated lists
2026-10-07T11:14:55.9151197Z ok 115 - quoted from imports insert names only and preserve aliases and comma-separated lists
2026-10-07T11:14:55.9151963Z   ---
2026-10-07T11:14:55.9152236Z   duration_ms: 2.1539
2026-10-07T11:14:55.9152548Z   type: 'test'
2026-10-07T11:14:55.9152823Z   ...
2026-10-07T11:14:55.9153543Z # Subtest: unresolved and changed fallback import targets never offer expression completions
2026-10-07T11:14:55.9154681Z ok 116 - unresolved and changed fallback import targets never offer expression completions
2026-10-07T11:14:55.9155661Z   ---
2026-10-07T11:14:55.9155930Z   duration_ms: 0.6774
2026-10-07T11:14:55.9156242Z   type: 'test'
2026-10-07T11:14:55.9156516Z   ...
2026-10-07T11:14:55.9157274Z # Subtest: Low quoted imports after a same-line declaration or semicolon retain name-only insertion
2026-10-07T11:14:55.9158474Z ok 117 - Low quoted imports after a same-line declaration or semicolon retain name-only insertion
2026-10-07T11:14:55.9159189Z   ---
2026-10-07T11:14:55.9159758Z   duration_ms: 0.4992
2026-10-07T11:14:55.9160079Z   type: 'test'
2026-10-07T11:14:55.9160345Z   ...
2026-10-07T11:14:55.9161027Z # Subtest: real compiler navigation uses edited source and target positions across imports
2026-10-07T11:14:55.9162141Z ok 118 - real compiler navigation uses edited source and target positions across imports
2026-10-07T11:14:55.9162818Z   ---
2026-10-07T11:14:55.9163086Z   duration_ms: 283.6393
2026-10-07T11:14:55.9163407Z   type: 'test'
2026-10-07T11:14:55.9163682Z   ...
2026-10-07T11:14:55.9164487Z # Subtest: real Low navigation keeps reassignments at their original binding and restores loop shadowing
2026-10-07T11:14:55.9165803Z ok 119 - real Low navigation keeps reassignments at their original binding and restores loop shadowing
2026-10-07T11:14:55.9166541Z   ---
2026-10-07T11:14:55.9166796Z   duration_ms: 332.8598
2026-10-07T11:14:55.9167112Z   type: 'test'
2026-10-07T11:14:55.9167369Z   ...
2026-10-07T11:14:55.9168048Z # Subtest: unsaved canonical import diagnostics use the open alias and UTF-16 source range
2026-10-07T11:14:55.9169106Z ok 120 - unsaved canonical import diagnostics use the open alias and UTF-16 source range
2026-10-07T11:14:55.9169787Z   ---
2026-10-07T11:14:55.9170048Z   duration_ms: 28.9188
2026-10-07T11:14:55.9170353Z   type: 'test'
2026-10-07T11:14:55.9170625Z   ...
2026-10-07T11:14:55.9171305Z # Subtest: closing a checked import overlay refreshes its owners and keeps unrelated errors
2026-10-07T11:14:55.9172620Z ok 121 - closing a checked import overlay refreshes its owners and keeps unrelated errors
2026-10-07T11:14:55.9173311Z   ---
2026-10-07T11:14:55.9173576Z   duration_ms: 16.5189
2026-10-07T11:14:55.9173900Z   type: 'test'
2026-10-07T11:14:55.9174169Z   ...
2026-10-07T11:14:55.9175040Z # Subtest: closing an in-flight import overlay rejects its stale result
2026-10-07T11:14:55.9177789Z ok 122 - closing an in-flight import overlay rejects its stale result
2026-10-07T11:14:55.9178754Z   ---
2026-10-07T11:14:55.9179044Z   duration_ms: 7.0659
2026-10-07T11:14:55.9179376Z   type: 'test'
2026-10-07T11:14:55.9179963Z   ...
2026-10-07T11:14:55.9180594Z # Subtest: lower build and run tasks use the registered source diagnostic matcher
2026-10-07T11:14:55.9181565Z ok 123 - lower build and run tasks use the registered source diagnostic matcher
2026-10-07T11:14:55.9182172Z   ---
2026-10-07T11:14:55.9182444Z   duration_ms: 10.8945
2026-10-07T11:14:55.9182762Z   type: 'test'
2026-10-07T11:14:55.9183028Z   ...
2026-10-07T11:14:55.9183749Z # Subtest: standalone tasks save imported changes and leave unrelated dirty buffers untouched
2026-10-07T11:14:55.9184906Z ok 124 - standalone tasks save imported changes and leave unrelated dirty buffers untouched
2026-10-07T11:14:55.9185596Z   ---
2026-10-07T11:14:55.9185860Z   duration_ms: 22.6764
2026-10-07T11:14:55.9186189Z   type: 'test'
2026-10-07T11:14:55.9186457Z   ...
2026-10-07T11:14:55.9187128Z # Subtest: project tasks save imported changes and leave unrelated dirty buffers untouched
2026-10-07T11:14:55.9188229Z ok 125 - project tasks save imported changes and leave unrelated dirty buffers untouched
2026-10-07T11:14:55.9188906Z   ---
2026-10-07T11:14:55.9189178Z   duration_ms: 17.4521
2026-10-07T11:14:55.9189491Z   type: 'test'
2026-10-07T11:14:55.9189759Z   ...
2026-10-07T11:14:55.9190303Z # Subtest: task execution stops when an imported buffer cannot be saved
2026-10-07T11:14:55.9191146Z ok 126 - task execution stops when an imported buffer cannot be saved
2026-10-07T11:14:55.9191688Z   ---
2026-10-07T11:14:55.9192209Z   duration_ms: 6.5901
2026-10-07T11:14:55.9192514Z   type: 'test'
2026-10-07T11:14:55.9192784Z   ...
2026-10-07T11:14:55.9193310Z # Subtest: task execution stops when dirty imports cannot be resolved
2026-10-07T11:14:55.9194137Z ok 127 - task execution stops when dirty imports cannot be resolved
2026-10-07T11:14:55.9194676Z   ---
2026-10-07T11:14:55.9194943Z   duration_ms: 5.3483
2026-10-07T11:14:55.9195245Z   type: 'test'
2026-10-07T11:14:55.9195510Z   ...
2026-10-07T11:14:55.9196211Z # Subtest: saving an imported file refreshes its changed imports before launching the task
2026-10-07T11:14:55.9197649Z ok 128 - saving an imported file refreshes its changed imports before launching the task
2026-10-07T11:14:55.9198387Z   ---
2026-10-07T11:14:55.9198679Z   duration_ms: 14.6666
2026-10-07T11:14:55.9199011Z   type: 'test'
2026-10-07T11:14:55.9199302Z   ...
2026-10-07T11:14:55.9199876Z # Subtest: conflicting imported aliases are not saved over one another
2026-10-07T11:14:55.9201263Z ok 129 - conflicting imported aliases are not saved over one another
2026-10-07T11:14:55.9201888Z   ---
2026-10-07T11:14:55.9202745Z   duration_ms: 9.3156
2026-10-07T11:14:55.9203109Z   type: 'test'
2026-10-07T11:14:55.9203405Z   ...
2026-10-07T11:14:55.9204577Z # Subtest: standalone source without imports launches normally despite unrelated dirty buffers
2026-10-07T11:14:55.9205902Z ok 130 - standalone source without imports launches normally despite unrelated dirty buffers
2026-10-07T11:14:55.9206659Z   ---
2026-10-07T11:14:55.9206939Z   duration_ms: 4.5092
2026-10-07T11:14:55.9207265Z   type: 'test'
2026-10-07T11:14:55.9207548Z   ...
2026-10-07T11:14:55.9208184Z # Subtest: task execution stops if the entry buffer changes while an import is saved
2026-10-07T11:14:55.9209238Z ok 131 - task execution stops if the entry buffer changes while an import is saved
2026-10-07T11:14:55.9209869Z   ---
2026-10-07T11:14:55.9210133Z   duration_ms: 4.9912
2026-10-07T11:14:55.9210674Z   type: 'test'
2026-10-07T11:14:55.9210976Z   ...
2026-10-07T11:14:55.9211701Z # Subtest: task execution stops if the entry changes while its own project helper is saved
2026-10-07T11:14:55.9212770Z ok 132 - task execution stops if the entry changes while its own project helper is saved
2026-10-07T11:14:55.9213447Z   ---
2026-10-07T11:14:55.9213715Z   duration_ms: 5.9661
2026-10-07T11:14:55.9214003Z   type: 'test'
2026-10-07T11:14:55.9214262Z   ...
2026-10-07T11:14:55.9214851Z # Subtest: task execution stops if its source closes during project saving
2026-10-07T11:14:55.9215763Z ok 133 - task execution stops if its source closes during project saving
2026-10-07T11:14:55.9216367Z   ---
2026-10-07T11:14:55.9216649Z   duration_ms: 5.9903
2026-10-07T11:14:55.9216970Z   type: 'test'
2026-10-07T11:14:55.9217247Z   ...
2026-10-07T11:14:55.9217877Z # Subtest: task execution stops if a later project save changes the dirty manifest
2026-10-07T11:14:55.9219094Z ok 134 - task execution stops if a later project save changes the dirty manifest
2026-10-07T11:14:55.9219724Z   ---
2026-10-07T11:14:55.9219984Z   duration_ms: 4.8214
2026-10-07T11:14:55.9220264Z   type: 'test'
2026-10-07T11:14:55.9220516Z   ...
2026-10-07T11:14:55.9221207Z # Subtest: task execution stops if a later project save changes the already-saved manifest
2026-10-07T11:14:55.9222330Z ok 135 - task execution stops if a later project save changes the already-saved manifest
2026-10-07T11:14:55.9222973Z   ---
2026-10-07T11:14:55.9223211Z   duration_ms: 5.0718
2026-10-07T11:14:55.9223510Z   type: 'test'
2026-10-07T11:14:55.9223775Z   ...
2026-10-07T11:14:55.9224524Z # Subtest: task execution stops if an already-saved Rust input changes during a later project save
2026-10-07T11:14:55.9225747Z ok 136 - task execution stops if an already-saved Rust input changes during a later project save
2026-10-07T11:14:55.9226387Z   ---
2026-10-07T11:14:55.9226658Z   duration_ms: 6.1897
2026-10-07T11:14:55.9226967Z   type: 'test'
2026-10-07T11:14:55.9227408Z   ...
2026-10-07T11:14:55.9228036Z # Subtest: task execution stops if workspace trust changes during project saving
2026-10-07T11:14:55.9229038Z ok 137 - task execution stops if workspace trust changes during project saving
2026-10-07T11:14:55.9229642Z   ---
2026-10-07T11:14:55.9229878Z   duration_ms: 6.183
2026-10-07T11:14:55.9230169Z   type: 'test'
2026-10-07T11:14:55.9230440Z   ...
2026-10-07T11:14:55.9231107Z # Subtest: task execution stops if the nearest project changes while an import is saved
2026-10-07T11:14:55.9232196Z ok 138 - task execution stops if the nearest project changes while an import is saved
2026-10-07T11:14:55.9232851Z   ---
2026-10-07T11:14:55.9233100Z   duration_ms: 7.7317
2026-10-07T11:14:55.9233411Z   type: 'test'
2026-10-07T11:14:55.9233671Z   ...
2026-10-07T11:14:55.9234335Z # Subtest: tasks suppress only the matching automatic scope and checks resume when the task ends
2026-10-07T11:14:55.9235559Z ok 139 - tasks suppress only the matching automatic scope and checks resume when the task ends
2026-10-07T11:14:55.9236290Z   ---
2026-10-07T11:14:55.9236581Z   duration_ms: 13.4121
2026-10-07T11:14:55.9236898Z   type: 'test'
2026-10-07T11:14:55.9237144Z   ...
2026-10-07T11:14:55.9237611Z # Subtest: task launch failure releases live check suppression
2026-10-07T11:14:55.9238351Z ok 140 - task launch failure releases live check suppression
2026-10-07T11:14:55.9239056Z   ---
2026-10-07T11:14:55.9239305Z   duration_ms: 6.1652
2026-10-07T11:14:55.9239596Z   type: 'test'
2026-10-07T11:14:55.9239859Z   ...
2026-10-07T11:14:55.9240517Z # Subtest: project task clears checks from its helper while preserving another project
2026-10-07T11:14:55.9241555Z ok 141 - project task clears checks from its helper while preserving another project
2026-10-07T11:14:55.9242212Z   ---
2026-10-07T11:14:55.9242472Z   duration_ms: 14.034
2026-10-07T11:14:55.9242773Z   type: 'test'
2026-10-07T11:14:55.9243035Z   ...
2026-10-07T11:14:55.9243837Z # Subtest: a long task permits checks of new source without reacting to other project edits
2026-10-07T11:14:55.9244922Z ok 142 - a long task permits checks of new source without reacting to other project edits
2026-10-07T11:14:55.9245573Z   ---
2026-10-07T11:14:55.9245838Z   duration_ms: 9.758
2026-10-07T11:14:55.9246141Z   type: 'test'
2026-10-07T11:14:55.9246403Z   ...
2026-10-07T11:14:55.9247035Z # Subtest: failed task diagnostics are replaced by checks and removed by source edits
2026-10-07T11:14:55.9248094Z ok 143 - failed task diagnostics are replaced by checks and removed by source edits
2026-10-07T11:14:55.9248750Z   ---
2026-10-07T11:14:55.9249028Z   duration_ms: 10.1631
2026-10-07T11:14:55.9249348Z   type: 'test'
2026-10-07T11:14:55.9249618Z   ...
2026-10-07T11:14:55.9250227Z # Subtest: manual checks inspect dirty imports outside the running task project
2026-10-07T11:14:55.9251182Z ok 144 - manual checks inspect dirty imports outside the running task project
2026-10-07T11:14:55.9251763Z   ---
2026-10-07T11:14:55.9252018Z   duration_ms: 10.2096
2026-10-07T11:14:55.9252332Z   type: 'test'
2026-10-07T11:14:55.9252598Z   ...
2026-10-07T11:14:55.9253281Z # Subtest: editing and closing imported aliases remove only their canonical task markers
2026-10-07T11:14:55.9254382Z ok 145 - editing and closing imported aliases remove only their canonical task markers
2026-10-07T11:14:55.9255003Z   ---
2026-10-07T11:14:55.9255270Z   duration_ms: 7.522
2026-10-07T11:14:55.9255574Z   type: 'test'
2026-10-07T11:14:55.9255839Z   ...
2026-10-07T11:14:55.9256542Z # Subtest: typing invalidates snapshots without launching save-only checks per keystroke
2026-10-07T11:14:55.9257679Z ok 146 - typing invalidates snapshots without launching save-only checks per keystroke
2026-10-07T11:14:55.9258345Z   ---
2026-10-07T11:14:55.9258608Z   duration_ms: 24.5735
2026-10-07T11:14:55.9258919Z   type: 'test'
2026-10-07T11:14:55.9259429Z   ...
2026-10-07T11:14:55.9260308Z # Subtest: known unrelated diagnostics survive repeated edits while unknown and project inputs stay conservative
2026-10-07T11:14:55.9261923Z ok 147 - known unrelated diagnostics survive repeated edits while unknown and project inputs stay conservative
2026-10-07T11:14:55.9262747Z   ---
2026-10-07T11:14:55.9263012Z   duration_ms: 18.1878
2026-10-07T11:14:55.9263324Z   type: 'test'
2026-10-07T11:14:55.9263575Z   ...
2026-10-07T11:14:55.9264383Z # Subtest: known unrelated pending checks finish during edits and same-scope changes reject stale callbacks
2026-10-07T11:14:55.9265729Z ok 148 - known unrelated pending checks finish during edits and same-scope changes reject stale callbacks
2026-10-07T11:14:55.9266508Z   ---
2026-10-07T11:14:55.9266763Z   duration_ms: 14.712
2026-10-07T11:14:55.9267060Z   type: 'test'
2026-10-07T11:14:55.9267326Z   ...
2026-10-07T11:14:55.9268085Z # Subtest: shared imports and stale dependency snapshots still invalidate diagnosed projects
2026-10-07T11:14:55.9269581Z ok 149 - shared imports and stale dependency snapshots still invalidate diagnosed projects
2026-10-07T11:14:55.9270216Z   ---
2026-10-07T11:14:55.9270417Z   duration_ms: 15.1288
2026-10-07T11:14:55.9270626Z   type: 'test'
2026-10-07T11:14:55.9270802Z   ...
2026-10-07T11:14:55.9271283Z # Subtest: failed symbols queries still supply static builtin help without erasing source diagnostics
2026-10-07T11:14:55.9272026Z ok 150 - failed symbols queries still supply static builtin help without erasing source diagnostics
2026-10-07T11:14:55.9272476Z   ---
2026-10-07T11:14:55.9272783Z   duration_ms: 8.848
2026-10-07T11:14:55.9273116Z   type: 'test'
2026-10-07T11:14:55.9273291Z   ...
2026-10-07T11:14:55.9273682Z # Subtest: missing compiler keeps prefix completion, hover and signatures available
2026-10-07T11:14:55.9274505Z ok 151 - missing compiler keeps prefix completion, hover and signatures available
2026-10-07T11:14:55.9275201Z   ---
2026-10-07T11:14:55.9275493Z   duration_ms: 9.6304
2026-10-07T11:14:55.9275911Z   type: 'test'
2026-10-07T11:14:55.9276183Z   ...
2026-10-07T11:14:55.9276862Z # Subtest: borrowed local providers annotate hover and detail while keeping variable kind and insertion
2026-10-07T11:14:55.9277734Z ok 152 - borrowed local providers annotate hover and detail while keeping variable kind and insertion
2026-10-07T11:14:55.9279362Z   ---
2026-10-07T11:14:55.9279626Z   duration_ms: 9.273
2026-10-07T11:14:55.9279929Z   type: 'test'
2026-10-07T11:14:55.9280205Z   ...
2026-10-07T11:14:55.9280978Z # Subtest: untrusted and untitled assistance executes no compiler and retains High/Low selectors
2026-10-07T11:14:55.9282243Z ok 153 - untrusted and untitled assistance executes no compiler and retains High/Low selectors
2026-10-07T11:14:55.9282977Z   ---
2026-10-07T11:14:55.9283261Z   duration_ms: 10.5072
2026-10-07T11:14:55.9283579Z   type: 'test'
2026-10-07T11:14:55.9283853Z   ...
2026-10-07T11:14:55.9284630Z # Subtest: Low builtin help uses fn and record in hover, completion and signatures without a compiler
2026-10-07T11:14:55.9285890Z ok 154 - Low builtin help uses fn and record in hover, completion and signatures without a compiler
2026-10-07T11:14:55.9286629Z   ---
2026-10-07T11:14:55.9286919Z   duration_ms: 10.2213
2026-10-07T11:14:55.9287246Z   type: 'test'
2026-10-07T11:14:55.9287522Z   ...
2026-10-07T11:14:55.9288291Z # Subtest: Low declaration and standard-operation help displays braces while retaining compiler kinds and call shapes
2026-10-07T11:14:55.9289168Z ok 155 - Low declaration and standard-operation help displays braces while retaining compiler kinds and call shapes
2026-10-07T11:14:55.9289654Z   ---
2026-10-07T11:14:55.9289816Z   duration_ms: 8.1493
2026-10-07T11:14:55.9290007Z   type: 'test'
2026-10-07T11:14:55.9290167Z   ...
2026-10-07T11:14:55.9290552Z # Subtest: Low enum declaration help removes namespace prefixes only from variant names
2026-10-07T11:14:55.9291177Z ok 156 - Low enum declaration help removes namespace prefixes only from variant names
2026-10-07T11:14:55.9291566Z   ---
2026-10-07T11:14:55.9291728Z   duration_ms: 14.7146
2026-10-07T11:14:55.9292112Z   type: 'test'
2026-10-07T11:14:55.9292275Z   ...
2026-10-07T11:14:55.9292658Z # Subtest: Low folding is available without trust or a compiler and honors cancellation
2026-10-07T11:14:55.9293264Z ok 157 - Low folding is available without trust or a compiler and honors cancellation
2026-10-07T11:14:55.9293635Z   ---
2026-10-07T11:14:55.9293800Z   duration_ms: 3.0794
2026-10-07T11:14:55.9293988Z   type: 'test'
2026-10-07T11:14:55.9294152Z   ...
2026-10-07T11:14:55.9294607Z # Subtest: cancelled, closed and changed documents cannot receive static fallback from failed queries
2026-10-07T11:14:55.9295327Z ok 158 - cancelled, closed and changed documents cannot receive static fallback from failed queries
2026-10-07T11:14:55.9295756Z   ---
2026-10-07T11:14:55.9295917Z   duration_ms: 5.2329
2026-10-07T11:14:55.9296103Z   type: 'test'
2026-10-07T11:14:55.9296266Z   ...
2026-10-07T11:14:55.9296679Z # Subtest: registered providers render enum/member kinds and payload signature parameters
2026-10-07T11:14:55.9297322Z ok 159 - registered providers render enum/member kinds and payload signature parameters
2026-10-07T11:14:55.9297709Z   ---
2026-10-07T11:14:55.9297995Z   duration_ms: 7.8652
2026-10-07T11:14:55.9298627Z   type: 'test'
2026-10-07T11:14:55.9298935Z   ...
2026-10-07T11:14:55.9299691Z # Subtest: standard F12 targets open compiler registry text through a read-only virtual document
2026-10-07T11:14:55.9300887Z ok 160 - standard F12 targets open compiler registry text through a read-only virtual document
2026-10-07T11:14:55.9301595Z   ---
2026-10-07T11:14:55.9301870Z   duration_ms: 12.8869
2026-10-07T11:14:55.9302192Z   type: 'test'
2026-10-07T11:14:55.9302470Z   ...
2026-10-07T11:14:55.9303220Z # Subtest: standard F12 keeps each project compiler registry text when another compiler is queried
2026-10-07T11:14:55.9304475Z ok 161 - standard F12 keeps each project compiler registry text when another compiler is queried
2026-10-07T11:14:55.9305226Z   ---
2026-10-07T11:14:55.9305764Z   duration_ms: 14.2137
2026-10-07T11:14:55.9306226Z   type: 'test'
2026-10-07T11:14:55.9306522Z   ...
2026-10-07T11:14:55.9307406Z # Subtest: keyword completion covers existing syntax in High and Low without leaking into types or members
2026-10-07T11:14:55.9308892Z ok 162 - keyword completion covers existing syntax in High and Low without leaking into types or members
2026-10-07T11:14:55.9309711Z   ---
2026-10-07T11:14:55.9309997Z   duration_ms: 6.9148
2026-10-07T11:14:55.9310350Z   type: 'test'
2026-10-07T11:14:55.9310686Z   ...
2026-10-07T11:14:55.9311365Z # Subtest: static builtin help works with incomplete syntax without an index
2026-10-07T11:14:55.9312336Z ok 163 - static builtin help works with incomplete syntax without an index
2026-10-07T11:14:55.9312924Z   ---
2026-10-07T11:14:55.9313199Z   duration_ms: 4.9507
2026-10-07T11:14:55.9313516Z   type: 'test'
2026-10-07T11:14:55.9313794Z   ...
2026-10-07T11:14:55.9314657Z # Subtest: static builtin fallback avoids declarations, parameters and local bindings that shadow the name
2026-10-07T11:14:55.9316069Z ok 164 - static builtin fallback avoids declarations, parameters and local bindings that shadow the name
2026-10-07T11:14:55.9316858Z   ---
2026-10-07T11:14:55.9317123Z   duration_ms: 10.6574
2026-10-07T11:14:55.9317436Z   type: 'test'
2026-10-07T11:14:55.9317706Z   ...
2026-10-07T11:14:55.9318885Z # Subtest: unresolved imports suppress guessed builtins but retain syntax and types; checked declarations win
2026-10-07T11:14:55.9320339Z ok 165 - unresolved imports suppress guessed builtins but retain syntax and types; checked declarations win
2026-10-07T11:14:55.9321232Z   ---
2026-10-07T11:14:55.9321509Z   duration_ms: 1.6834
2026-10-07T11:14:55.9321817Z   type: 'test'
2026-10-07T11:14:55.9322080Z   ...
2026-10-07T11:14:55.9322552Z # Subtest: signature help does not replace a compiler-resolved local function with builtin metadata
2026-10-07T11:14:55.9323276Z ok 166 - signature help does not replace a compiler-resolved local function with builtin metadata
2026-10-07T11:14:55.9323888Z   ---
2026-10-07T11:14:55.9324057Z   duration_ms: 1.216
2026-10-07T11:14:55.9324248Z   type: 'test'
2026-10-07T11:14:55.9324412Z   ...
2026-10-07T11:14:55.9324844Z # Subtest: lexical references prevent guessed signatures when a type error removes local types
2026-10-07T11:14:55.9325532Z ok 167 - lexical references prevent guessed signatures when a type error removes local types
2026-10-07T11:14:55.9325956Z   ---
2026-10-07T11:14:55.9326128Z   duration_ms: 0.9271
2026-10-07T11:14:55.9326318Z   type: 'test'
2026-10-07T11:14:55.9326486Z   ...
2026-10-07T11:14:55.9326925Z # Subtest: unfinished line strings do not hide later assistance and preserve UTF-16 CRLF ranges
2026-10-07T11:14:55.9327596Z ok 168 - unfinished line strings do not hide later assistance and preserve UTF-16 CRLF ranges
2026-10-07T11:14:55.9327995Z   ---
2026-10-07T11:14:55.9328156Z   duration_ms: 1.5653
2026-10-07T11:14:55.9328342Z   type: 'test'
2026-10-07T11:14:55.9328522Z   ...
2026-10-07T11:14:55.9328969Z # Subtest: registered resources and constants keep namespaces and never create constructor snippets
2026-10-07T11:14:55.9329682Z ok 169 - registered resources and constants keep namespaces and never create constructor snippets
2026-10-07T11:14:55.9330105Z   ---
2026-10-07T11:14:55.9330265Z   duration_ms: 9.6507
2026-10-07T11:14:55.9330443Z   type: 'test'
2026-10-07T11:14:55.9330606Z   ...
2026-10-07T11:14:55.9330980Z # Subtest: standard operation and aliased constants preserve hover and argument help
2026-10-07T11:14:55.9331584Z ok 170 - standard operation and aliased constants preserve hover and argument help
2026-10-07T11:14:55.9331953Z   ---
2026-10-07T11:14:55.9332117Z   duration_ms: 1.3472
2026-10-07T11:14:55.9332297Z   type: 'test'
2026-10-07T11:14:55.9332464Z   ...
2026-10-07T11:14:55.9332880Z # Subtest: typed resource fields are read-only and do not expose type constants on values
2026-10-07T11:14:55.9334662Z ok 171 - typed resource fields are read-only and do not expose type constants on values
2026-10-07T11:14:55.9335106Z   ---
2026-10-07T11:14:55.9335273Z   duration_ms: 1.4003
2026-10-07T11:14:55.9335459Z   type: 'test'
2026-10-07T11:14:55.9335629Z   ...
2026-10-07T11:14:55.9335994Z # Subtest: virtual source identifiers cannot navigate to project paths or URLs
2026-10-07T11:14:55.9336549Z ok 172 - virtual source identifiers cannot navigate to project paths or URLs
2026-10-07T11:14:55.9336898Z   ---
2026-10-07T11:14:55.9337058Z   duration_ms: 0.7153
2026-10-07T11:14:55.9337243Z   type: 'test'
2026-10-07T11:14:55.9337408Z   ...
2026-10-07T11:14:55.9337798Z # Subtest: virtual registry revisions keep module paths and accept only a source hash
2026-10-07T11:14:55.9338402Z ok 173 - virtual registry revisions keep module paths and accept only a source hash
2026-10-07T11:14:55.9339243Z   ---
2026-10-07T11:14:55.9339411Z   duration_ms: 0.6532
2026-10-07T11:14:55.9339596Z   type: 'test'
2026-10-07T11:14:55.9339766Z   ...
2026-10-07T11:14:55.9340131Z # Subtest: Some and None are pattern assistance, not general value constructors
2026-10-07T11:14:55.9340671Z ok 174 - Some and None are pattern assistance, not general value constructors
2026-10-07T11:14:55.9341013Z   ---
2026-10-07T11:14:55.9341169Z   duration_ms: 2.0789
2026-10-07T11:14:55.9341350Z   type: 'test'
2026-10-07T11:14:55.9341512Z   ...
2026-10-07T11:14:55.9341941Z # Subtest: standard import completion uses the compiler catalog and replaces the full dotted path
2026-10-07T11:14:55.9342635Z ok 175 - standard import completion uses the compiler catalog and replaces the full dotted path
2026-10-07T11:14:55.9343047Z   ---
2026-10-07T11:14:55.9343204Z   duration_ms: 1.313
2026-10-07T11:14:55.9343386Z   type: 'test'
2026-10-07T11:14:55.9343550Z   ...
2026-10-07T11:14:55.9343944Z # Subtest: Low standard imports can follow another declaration or import on the same line
2026-10-07T11:14:55.9344563Z ok 176 - Low standard imports can follow another declaration or import on the same line
2026-10-07T11:14:55.9345112Z   ---
2026-10-07T11:14:55.9345270Z   duration_ms: 0.5369
2026-10-07T11:14:55.9345458Z   type: 'test'
2026-10-07T11:14:55.9345615Z   ...
2026-10-07T11:14:55.9346031Z # Subtest: real nagi standard symbols keep resource identity, virtual sources and UTF-16 targets
2026-10-07T11:14:55.9346706Z ok 177 - real nagi standard symbols keep resource identity, virtual sources and UTF-16 targets
2026-10-07T11:14:55.9347119Z   ---
2026-10-07T11:14:55.9347330Z   duration_ms: 1451.3708
2026-10-07T11:14:55.9347537Z   type: 'test'
2026-10-07T11:14:55.9347704Z   ...
2026-10-07T11:14:55.9348117Z # Subtest: real low standard symbols keep resource identity, virtual sources and UTF-16 targets
2026-10-07T11:14:55.9348776Z ok 178 - real low standard symbols keep resource identity, virtual sources and UTF-16 targets
2026-10-07T11:14:55.9349174Z   ---
2026-10-07T11:14:55.9349337Z   duration_ms: 1424.8971
2026-10-07T11:14:55.9349536Z   type: 'test'
2026-10-07T11:14:55.9349711Z   ...
2026-10-07T11:14:55.9350101Z # Subtest: unsaved dependency standard aliases update sources without saving or building
2026-10-07T11:14:55.9350725Z ok 179 - unsaved dependency standard aliases update sources without saving or building
2026-10-07T11:14:55.9351103Z   ---
2026-10-07T11:14:55.9351259Z   duration_ms: 972.285
2026-10-07T11:14:55.9351453Z   type: 'test'
2026-10-07T11:14:55.9351612Z   ...
2026-10-07T11:14:55.9352029Z # Subtest: an incomplete initial standard import uses the registry catalog from a saved snapshot
2026-10-07T11:14:55.9352706Z ok 180 - an incomplete initial standard import uses the registry catalog from a saved snapshot
2026-10-07T11:14:55.9353111Z   ---
2026-10-07T11:14:55.9353272Z   duration_ms: 259.5778
2026-10-07T11:14:55.9353464Z   type: 'test'
2026-10-07T11:14:55.9353618Z   ...
2026-10-07T11:14:55.9353963Z # Subtest: shared receiver fields are read-only regardless of each field type
2026-10-07T11:14:55.9354598Z ok 181 - shared receiver fields are read-only regardless of each field type
2026-10-07T11:14:55.9354950Z   ---
2026-10-07T11:14:55.9355108Z   duration_ms: 276.3139
2026-10-07T11:14:55.9355303Z   type: 'test'
2026-10-07T11:14:55.9355462Z   ...
2026-10-07T11:14:55.9355907Z # Subtest: nagi saved snapshots complete new modules and from-import names before imports are checked
2026-10-07T11:14:55.9357052Z ok 182 - nagi saved snapshots complete new modules and from-import names before imports are checked
2026-10-07T11:14:55.9357483Z   ---
2026-10-07T11:14:55.9357645Z   duration_ms: 8.344
2026-10-07T11:14:55.9357835Z   type: 'test'
2026-10-07T11:14:55.9357998Z   ...
2026-10-07T11:14:55.9358414Z # Subtest: nagi readiness and wait resources preserve namespaces and do not offer constructors
2026-10-07T11:14:55.9359079Z ok 183 - nagi readiness and wait resources preserve namespaces and do not offer constructors
2026-10-07T11:14:55.9359478Z   ---
2026-10-07T11:14:55.9359650Z   duration_ms: 10.8968
2026-10-07T11:14:55.9359846Z   type: 'test'
2026-10-07T11:14:55.9360015Z   ...
2026-10-07T11:14:55.9360401Z # Subtest: nagi WaitError value fields keep borrowed payload types and read-only status
2026-10-07T11:14:55.9361013Z ok 184 - nagi WaitError value fields keep borrowed payload types and read-only status
2026-10-07T11:14:55.9361388Z   ---
2026-10-07T11:14:55.9361555Z   duration_ms: 1.1931
2026-10-07T11:14:55.9361743Z   type: 'test'
2026-10-07T11:14:55.9361905Z   ...
2026-10-07T11:14:55.9362422Z # Subtest: nagi inferred standard operations insert positional calls and retain exact callback and Future contracts
2026-10-07T11:14:55.9363261Z ok 185 - nagi inferred standard operations insert positional calls and retain exact callback and Future contracts
2026-10-07T11:14:55.9363738Z   ---
2026-10-07T11:14:55.9363906Z   duration_ms: 4.5901
2026-10-07T11:14:55.9364091Z   type: 'test'
2026-10-07T11:14:55.9364253Z   ...
2026-10-07T11:14:55.9364697Z # Subtest: low saved snapshots complete new modules and from-import names before imports are checked
2026-10-07T11:14:55.9365975Z ok 186 - low saved snapshots complete new modules and from-import names before imports are checked
2026-10-07T11:14:55.9366402Z   ---
2026-10-07T11:14:55.9366571Z   duration_ms: 1.0631
2026-10-07T11:14:55.9366754Z   type: 'test'
2026-10-07T11:14:55.9366913Z   ...
2026-10-07T11:14:55.9367327Z # Subtest: low readiness and wait resources preserve namespaces and do not offer constructors
2026-10-07T11:14:55.9367986Z ok 187 - low readiness and wait resources preserve namespaces and do not offer constructors
2026-10-07T11:14:55.9368384Z   ---
2026-10-07T11:14:55.9368540Z   duration_ms: 5.4837
2026-10-07T11:14:55.9368724Z   type: 'test'
2026-10-07T11:14:55.9368883Z   ...
2026-10-07T11:14:55.9369260Z # Subtest: low WaitError value fields keep borrowed payload types and read-only status
2026-10-07T11:14:55.9369864Z ok 188 - low WaitError value fields keep borrowed payload types and read-only status
2026-10-07T11:14:55.9370236Z   ---
2026-10-07T11:14:55.9370397Z   duration_ms: 0.452
2026-10-07T11:14:55.9370588Z   type: 'test'
2026-10-07T11:14:55.9370753Z   ...
2026-10-07T11:14:55.9371262Z # Subtest: low inferred standard operations insert positional calls and retain exact callback and Future contracts
2026-10-07T11:14:55.9372083Z ok 189 - low inferred standard operations insert positional calls and retain exact callback and Future contracts
2026-10-07T11:14:55.9372558Z   ---
2026-10-07T11:14:55.9372717Z   duration_ms: 3.4533
2026-10-07T11:14:55.9372909Z   type: 'test'
2026-10-07T11:14:55.9373074Z   ...
2026-10-07T11:14:55.9373509Z # Subtest: new operations and constants navigate to compiler standard sources with UTF-16 locations
2026-10-07T11:14:55.9374213Z ok 190 - new operations and constants navigate to compiler standard sources with UTF-16 locations
2026-10-07T11:14:55.9374636Z   ---
2026-10-07T11:14:55.9374795Z   duration_ms: 5.4485
2026-10-07T11:14:55.9374980Z   type: 'test'
2026-10-07T11:14:55.9375155Z   ...
2026-10-07T11:14:55.9375705Z # Subtest: real nagi borrowed list locals and nested fields keep read-only metadata in editor assistance
2026-10-07T11:14:55.9376817Z ok 191 - real nagi borrowed list locals and nested fields keep read-only metadata in editor assistance
2026-10-07T11:14:55.9377270Z   ---
2026-10-07T11:14:55.9377438Z   duration_ms: 410.7259
2026-10-07T11:14:55.9377630Z   type: 'test'
2026-10-07T11:14:55.9377793Z   ...
2026-10-07T11:14:55.9378248Z # Subtest: real low borrowed list locals and nested fields keep read-only metadata in editor assistance
2026-10-07T11:14:55.9378977Z ok 192 - real low borrowed list locals and nested fields keep read-only metadata in editor assistance
2026-10-07T11:14:55.9379400Z   ---
2026-10-07T11:14:55.9379559Z   duration_ms: 339.6787
2026-10-07T11:14:55.9379749Z   type: 'test'
2026-10-07T11:14:55.9379911Z   ...
2026-10-07T11:14:55.9380333Z # Subtest: real nagi map_error aliases retain inferred generics and standard virtual navigation
2026-10-07T11:14:55.9381017Z ok 193 - real nagi map_error aliases retain inferred generics and standard virtual navigation
2026-10-07T11:14:55.9381420Z   ---
2026-10-07T11:14:55.9381593Z   duration_ms: 366.9721
2026-10-07T11:14:55.9381781Z   type: 'test'
2026-10-07T11:14:55.9381939Z   ...
2026-10-07T11:14:55.9382341Z # Subtest: real low map_error aliases retain inferred generics and standard virtual navigation
2026-10-07T11:14:55.9383006Z ok 194 - real low map_error aliases retain inferred generics and standard virtual navigation
2026-10-07T11:14:55.9383395Z   ---
2026-10-07T11:14:55.9383554Z   duration_ms: 381.0461
2026-10-07T11:14:55.9383741Z   type: 'test'
2026-10-07T11:14:55.9383900Z   ...
2026-10-07T11:14:55.9384342Z # Subtest: real nagi readiness and deadline API assistance keeps resource aliases and read-only fields
2026-10-07T11:14:55.9385100Z ok 195 - real nagi readiness and deadline API assistance keeps resource aliases and read-only fields
2026-10-07T11:14:55.9385526Z   ---
2026-10-07T11:14:55.9385682Z   duration_ms: 629.4601
2026-10-07T11:14:55.9385873Z   type: 'test'
2026-10-07T11:14:55.9386543Z   ...
2026-10-07T11:14:55.9387002Z # Subtest: real low readiness and deadline API assistance keeps resource aliases and read-only fields
2026-10-07T11:14:55.9387716Z ok 196 - real low readiness and deadline API assistance keeps resource aliases and read-only fields
2026-10-07T11:14:55.9388137Z   ---
2026-10-07T11:14:55.9388300Z   duration_ms: 642.565
2026-10-07T11:14:55.9388488Z   type: 'test'
2026-10-07T11:14:55.9388656Z   ...
2026-10-07T11:14:55.9389031Z # Subtest: cross-module call curves fit with marker and stroke space on both sides
2026-10-07T11:14:55.9389610Z ok 197 - cross-module call curves fit with marker and stroke space on both sides
2026-10-07T11:14:55.9389967Z   ---
2026-10-07T11:14:55.9390127Z   duration_ms: 3.265
2026-10-07T11:14:55.9390313Z   type: 'test'
2026-10-07T11:14:55.9390483Z   ...
2026-10-07T11:14:55.9390789Z # Subtest: ordinary stock-report layout keeps its existing extent
2026-10-07T11:14:55.9391249Z ok 198 - ordinary stock-report layout keeps its existing extent
2026-10-07T11:14:55.9391556Z   ---
2026-10-07T11:14:55.9391714Z   duration_ms: 0.249
2026-10-07T11:14:55.9391897Z   type: 'test'
2026-10-07T11:14:55.9392064Z   ...
2026-10-07T11:14:55.9392406Z # Subtest: geometry above or below the layout extends the vertical viewport
2026-10-07T11:14:55.9392929Z ok 199 - geometry above or below the layout extends the vertical viewport
2026-10-07T11:14:55.9393262Z   ---
2026-10-07T11:14:55.9393416Z   duration_ms: 0.2509
2026-10-07T11:14:55.9393596Z   type: 'test'
2026-10-07T11:14:55.9393757Z   ...
2026-10-07T11:14:55.9394047Z # Subtest: an empty SVG bounding box does not add blank padding
2026-10-07T11:14:55.9394478Z ok 200 - an empty SVG bounding box does not add blank padding
2026-10-07T11:14:55.9394764Z   ---
2026-10-07T11:14:55.9394922Z   duration_ms: 0.2732
2026-10-07T11:14:55.9395108Z   type: 'test'
2026-10-07T11:14:55.9395270Z   ...
2026-10-07T11:14:55.9395703Z # Subtest: non-finite browser measurements preserve the finite layout extent
2026-10-07T11:14:55.9396250Z ok 201 - non-finite browser measurements preserve the finite layout extent
2026-10-07T11:14:55.9396931Z   ---
2026-10-07T11:14:55.9397111Z   duration_ms: 0.7624
2026-10-07T11:14:55.9397296Z   type: 'test'
2026-10-07T11:14:55.9397457Z   ...
2026-10-07T11:14:55.9397602Z 1..201
2026-10-07T11:14:55.9397756Z # tests 201
2026-10-07T11:14:55.9397917Z # suites 0
2026-10-07T11:14:55.9398075Z # pass 201
2026-10-07T11:14:55.9398225Z # fail 0
2026-10-07T11:14:55.9398380Z # cancelled 0
2026-10-07T11:14:55.9398563Z # skipped 0
2026-10-07T11:14:55.9398719Z # todo 0
2026-10-07T11:14:55.9398892Z # duration_ms 9858.2179
2026-10-07T11:14:55.9548835Z ##[group]Run cargo test --locked -p nagic --test output_safety --test integer_arithmetic --test integer_zero_division --test constant_validation --test auth_boundaries --test view_branch_rebinding --test view_container_rebinding --test view_container_drop --test view_flow_foundation --test view_flow_completion --test explicit_moves --test task_handles --test conformance --test scope_runtime_contract --test copy_capabilities --test shared_field_moves --test asset_calls --test shared_target --test build_generations --test project
2026-10-07T11:14:55.9552525Z [36;1mcargo test --locked -p nagic --test output_safety --test integer_arithmetic --test integer_zero_division --test constant_validation --test auth_boundaries --test view_branch_rebinding --test view_container_rebinding --test view_container_drop --test view_flow_foundation --test view_flow_completion --test explicit_moves --test task_handles --test conformance --test scope_runtime_contract --test copy_capabilities --test shared_field_moves --test asset_calls --test shared_target --test build_generations --test project[0m
2026-10-07T11:14:55.9628484Z shell: C:\Program Files\PowerShell\7\pwsh.EXE -command ". '{0}'"
2026-10-07T11:14:55.9628822Z env:
2026-10-07T11:14:55.9629061Z   NAGI_FAILURE_DIR: D:\a\Nagi\Nagi/build/compiler-failures
2026-10-07T11:14:55.9629397Z   CARGO_HOME: C:\Users\runneradmin\.cargo
2026-10-07T11:14:55.9630240Z   CARGO_INCREMENTAL: 0
2026-10-07T11:14:55.9630443Z   CARGO_TERM_COLOR: always
2026-10-07T11:14:55.9630736Z   pythonLocation: C:\hostedtoolcache\windows\Python\3.12.10\x64
2026-10-07T11:14:55.9631187Z   PKG_CONFIG_PATH: C:\hostedtoolcache\windows\Python\3.12.10\x64/lib/pkgconfig
2026-10-07T11:14:55.9631631Z   Python_ROOT_DIR: C:\hostedtoolcache\windows\Python\3.12.10\x64
2026-10-07T11:14:55.9632021Z   Python2_ROOT_DIR: C:\hostedtoolcache\windows\Python\3.12.10\x64
2026-10-07T11:14:55.9632413Z   Python3_ROOT_DIR: C:\hostedtoolcache\windows\Python\3.12.10\x64
2026-10-07T11:14:55.9632729Z ##[endgroup]
2026-10-07T11:14:58.1755276Z [1m[92m   Compiling[0m nagic v0.1.11 (D:\a\Nagi\Nagi\compiler)
2026-10-07T11:15:08.1637349Z [1m[92m    Finished[0m `test` profile [unoptimized + debuginfo] target(s) in 11.89s
2026-10-07T11:15:08.1710062Z [1m[92m     Running[0m tests\asset_calls.rs (target\debug\deps\asset_calls-e676774de0dbe2ce.exe)
2026-10-07T11:15:08.1818015Z 
2026-10-07T11:15:08.1818483Z running 2 tests
2026-10-07T11:15:08.1905309Z test a_missing_real_asset_still_reports_the_original_call ... ok
2026-10-07T11:15:10.1160037Z test local_callbacks_named_include_text_keep_literals_and_restore_builtin_after_scope ... ok
2026-10-07T11:15:10.1160446Z 
2026-10-07T11:15:10.1160799Z test result: ok. 2 passed; 0 failed; 0 ignored; 0 measured; 0 filtered out; finished in 1.93s
2026-10-07T11:15:10.1161146Z 
2026-10-07T11:15:10.1182379Z [1m[92m     Running[0m tests\auth_boundaries.rs (target\debug\deps\auth_boundaries-1132094689c92dfc.exe)
2026-10-07T11:15:10.1279624Z 
2026-10-07T11:15:10.1279901Z running 9 tests
2026-10-07T11:15:10.2711715Z test aliases_option_result_and_async_delegation_preserve_proof_identity ... ok
2026-10-07T11:15:10.2887138Z test handwritten_low_and_owned_local_containers_keep_nominal_marker_identity ... ok
2026-10-07T11:15:10.5091897Z test a_function_signature_and_a_deep_dto_do_not_contain_a_proof_payload ... ok
2026-10-07T11:15:10.9520785Z test missing_principal_grant_wrong_permission_and_reuse_are_rejected ... ok
2026-10-07T11:15:12.0102532Z test indirect_arc_state_cannot_share_a_proof ... ok
2026-10-07T11:15:12.0912824Z test opaque_proofs_cannot_be_constructed_decoded_copied_or_shared ... ok
2026-10-07T11:16:10.2904987Z test native_phantom_types_do_not_become_field_payloads has been running for over 60 seconds
2026-10-07T11:16:10.5189756Z test opaque_main_errors_fail_without_a_debug_bound_or_proof_payload has been running for over 60 seconds
2026-10-07T11:16:11.9925291Z test proof_move_and_nominal_marker_build_and_run_against_real_runtime has been running for over 60 seconds
2026-10-07T11:16:20.6047536Z test proof_move_and_nominal_marker_build_and_run_against_real_runtime ... ok
2026-10-07T11:16:20.6236356Z test native_phantom_types_do_not_become_field_payloads ... ok
2026-10-07T11:16:23.4753719Z test opaque_main_errors_fail_without_a_debug_bound_or_proof_payload ... ok
2026-10-07T11:16:23.4754258Z 
2026-10-07T11:16:23.4755527Z test result: ok. 9 passed; 0 failed; 0 ignored; 0 measured; 0 filtered out; finished in 73.35s
2026-10-07T11:16:23.4755906Z 
2026-10-07T11:16:23.4780656Z [1m[92m     Running[0m tests\build_generations.rs (target\debug\deps\build_generations-14c5ba5a5200b102.exe)
2026-10-07T11:16:23.4878974Z 
2026-10-07T11:16:23.4879179Z running 22 tests
2026-10-07T11:16:25.0746030Z test cargo_cache_keeps_a_preexisting_default_package_binary_unchanged ... ok
2026-10-07T11:16:25.1677603Z test invalid_input_does_not_create_output_or_its_lock ... ok
2026-10-07T11:16:25.2187764Z test a_running_old_executable_is_not_replaced_by_a_new_build ... ok
2026-10-07T11:16:25.7674818Z test cargo_failure_retains_latest_and_inherited_lockfile ... ok
2026-10-07T11:16:26.1449369Z test latest_metadata_used_as_an_input_cannot_be_overwritten_by_rebuild ... ok
2026-10-07T11:16:26.2114999Z test lock_is_permanent_and_input_protection_is_rechecked_after_waiting ... ok
2026-10-07T11:16:26.3258775Z test nonwriting_low_check_and_lower_do_not_wait_for_the_output_writer_lock ... ok
2026-10-07T11:16:26.8216610Z test compatibility_outputs_cannot_alias_previous_latest_metadata ... ok
2026-10-07T11:16:27.8255618Z test latest_rename_failure_preserves_old_success_and_recovers_after_handle_close ... ok
2026-10-07T11:16:28.6908160Z test latest_temp_failure_keeps_old_metadata_and_does_not_run_new_generation ... ok
2026-10-07T11:16:29.1663597Z test orphan_cargo_uses_an_immutable_snapshot_and_cannot_replace_next_generation ... ok
2026-10-07T11:16:29.8871896Z test published_manifest_runtime_reference_resolves_from_the_published_location ... ok
2026-10-07T11:16:30.3566055Z test parallel_latest_readers_observe_only_complete_published_generations ... ok
2026-10-07T11:16:30.7783904Z test projection_failure_keeps_old_latest_and_reports_partial_projection ... ok
2026-10-07T11:16:31.3322137Z test rebuild_publishes_new_generation_and_preserves_old_executable_and_snapshot ... ok
2026-10-07T11:16:32.1115314Z test user_low_snapshot_comes_from_this_input_instead_of_a_stale_high_projection ... ok
2026-10-07T11:16:32.1505605Z test run_releases_output_lock_before_waiting_for_the_selected_executable ... ok
2026-10-07T11:16:33.5122692Z test writing_high_check_cannot_alias_previous_latest ... ok
2026-10-07T11:16:34.4233072Z test writing_high_lower_cannot_alias_previous_latest ... ok
2026-10-07T11:16:34.6768917Z test writing_cost_report_cannot_alias_previous_latest ... ok
2026-10-07T11:16:35.1471780Z test same_and_different_apps_with_equivalent_output_paths_wait_for_one_output_writer ... ok
2026-10-07T11:16:35.9865212Z test writing_check_lower_and_cost_wait_while_build_owns_the_output_lock ... ok
2026-10-07T11:16:35.9865852Z 
2026-10-07T11:16:35.9866454Z test result: ok. 22 passed; 0 failed; 0 ignored; 0 measured; 0 filtered out; finished in 12.50s
2026-10-07T11:16:35.9867076Z 
2026-10-07T11:16:35.9886876Z [1m[92m     Running[0m tests\conformance.rs (target\debug\deps\conformance-bd38157a9e5dad58.exe)
2026-10-07T11:16:35.9991878Z 
2026-10-07T11:16:35.9992086Z running 6 tests
2026-10-07T11:16:36.0001540Z test batch_root_relocation_preserves_literals_raw_strings_and_comments ... ok
2026-10-07T11:16:36.0087304Z test failure_shrinking_preserves_the_checker_failure_instead_of_a_parse_error ... ok
2026-10-07T11:16:36.0488386Z test native_process_deadline_reaps_a_hanging_child ... ok
2026-10-07T11:16:36.4874657Z test explicit_move_corpus_reaches_native_execution ... ok
2026-10-07T11:16:36.6745212Z test backend_shrinking_does_not_turn_an_oracle_error_into_a_compiler_reproducer ... ok
2026-10-07T11:16:37.3069201Z test corpus_and_bounded_generated_contracts_reach_native_execution ... ok
2026-10-07T11:16:37.3070525Z 
2026-10-07T11:16:37.3070918Z test result: ok. 6 passed; 0 failed; 0 ignored; 0 measured; 0 filtered out; finished in 1.31s
2026-10-07T11:16:37.3071278Z 
2026-10-07T11:16:37.3092550Z [1m[92m     Running[0m tests\constant_validation.rs (target\debug\deps\constant_validation-2e29d82889933378.exe)
2026-10-07T11:16:37.3197349Z 
2026-10-07T11:16:37.3197755Z running 10 tests
2026-10-07T11:16:37.3257713Z test builtin_widening_uses_resolution_and_result_casts_remain_opaque ... ok
2026-10-07T11:16:37.3278961Z test binding_facts_follow_reassignment_scope_and_continuing_branch_joins ... ok
2026-10-07T11:16:37.3298769Z test compound_failures_are_checked_even_in_dead_branches_and_short_circuit_rhs ... ok
2026-10-07T11:16:37.3314006Z test loop_writes_kill_facts_before_conditions_and_respect_shadowed_counter_bindings ... ok
2026-10-07T11:16:37.3354937Z test profile_dependent_intermediates_are_not_folded_to_a_known_zero ... ok
2026-10-07T11:16:37.3457656Z test signed_minimum_division_and_remainder_are_static_failures_in_every_width ... ok
2026-10-07T11:16:37.3489150Z test typed_ast_errors_precede_new_constant_diagnostics ... ok
2026-10-07T11:16:37.3578356Z test compound_and_alias_zero_fail_after_type_check_in_all_widths_and_forms ... ok
2026-10-07T11:16:37.4201006Z test compound_diagnostics_identify_original_modules_before_cargo ... ok
2026-10-07T11:16:38.6588294Z test minimum_negation_and_integer_oracle_build_and_run_in_both_profiles ... ok
2026-10-07T11:16:38.6588899Z 
2026-10-07T11:16:38.6589278Z test result: ok. 10 passed; 0 failed; 0 ignored; 0 measured; 0 filtered out; finished in 1.34s
2026-10-07T11:16:38.6589933Z 
2026-10-07T11:16:38.6610566Z [1m[92m     Running[0m tests\copy_capabilities.rs (target\debug\deps\copy_capabilities-0953b1ba5058242a.exe)
2026-10-07T11:16:38.6714977Z 
2026-10-07T11:16:38.6715198Z running 2 tests
2026-10-07T11:16:38.8941214Z test omitted_clone_adapter_reports_the_element_clone_bound ... ok
2026-10-07T11:16:39.3486846Z test manual_clone_adapter_copies_owned_enum_payloads_in_high_and_independent_low ... ok
2026-10-07T11:16:39.3487377Z 
2026-10-07T11:16:39.3487813Z test result: ok. 2 passed; 0 failed; 0 ignored; 0 measured; 0 filtered out; finished in 0.68s
2026-10-07T11:16:39.3488252Z 
2026-10-07T11:16:39.3510554Z [1m[92m     Running[0m tests\explicit_moves.rs (target\debug\deps\explicit_moves-d5042a634b1d3e47.exe)
2026-10-07T11:16:39.3613557Z 
2026-10-07T11:16:39.3613876Z running 9 tests
2026-10-07T11:16:39.5984809Z test explicit_move_preserves_use_after_move_borrow_partial_move_and_loop_checks ... ok
2026-10-07T11:16:39.6957558Z test copy_inputs_keep_ordinary_assignment_and_move_expected_type_inference ... ok
2026-10-07T11:16:39.8202728Z test implicit_noncopy_local_assignments_fail_at_the_original_source_line ... ok
2026-10-07T11:16:42.1080693Z test move_keeps_typed_constant_failures_and_profile_dependent_overflow ... ok
2026-10-07T11:16:42.1937427Z test move_operation_rejects_arity_type_arguments_and_future_transfer ... ok
2026-10-07T11:16:42.3218314Z test moving_nested_view_containers_keeps_escape_and_temporary_rejections ... ok
2026-10-07T11:17:15.0927082Z test canonical_aliases_shadowing_and_transparent_values_run_in_all_three_sources ... ok
2026-10-07T11:17:15.6358094Z test identity_move_materializes_copy_values_and_keeps_bare_place_comparison_loans ... ok
2026-10-07T11:17:16.1675670Z test identity_moves_preserve_rhs_failure_drop_order_and_async_cancellation ... ok
2026-10-07T11:17:16.1676310Z 
2026-10-07T11:17:16.1676897Z test result: ok. 9 passed; 0 failed; 0 ignored; 0 measured; 0 filtered out; finished in 36.81s
2026-10-07T11:17:16.1677502Z 
2026-10-07T11:17:16.1702917Z [1m[92m     Running[0m tests\integer_arithmetic.rs (target\debug\deps\integer_arithmetic-795002cc22b33923.exe)
2026-10-07T11:17:16.1810226Z 
2026-10-07T11:17:16.1810627Z running 2 tests
2026-10-07T11:17:16.2655831Z test native_adapter_constant_overflow_keeps_rust_diagnostics ... ok
2026-10-07T11:17:16.6952032Z test constant_integer_arithmetic_preserves_release_wrapping_and_debug_panics ... ok
2026-10-07T11:17:16.6952767Z 
2026-10-07T11:17:16.6953399Z test result: ok. 2 passed; 0 failed; 0 ignored; 0 measured; 0 filtered out; finished in 0.51s
2026-10-07T11:17:16.6954054Z 
2026-10-07T11:17:16.6974622Z [1m[92m     Running[0m tests\integer_zero_division.rs (target\debug\deps\integer_zero_division-3ea4527421eb4fbc.exe)
2026-10-07T11:17:16.7075768Z 
2026-10-07T11:17:16.7076104Z running 5 tests
2026-10-07T11:17:16.7109533Z test dynamic_aliases_remain_runtime_operations ... ok
2026-10-07T11:17:16.7181116Z test operand_and_earlier_type_errors_keep_priority_over_zero_divisor_errors ... ok
2026-10-07T11:17:16.7665450Z test explicit_integer_zero_divisors_fail_in_high_handwritten_low_and_saved_low ... ok
2026-10-07T11:17:17.1086626Z test cli_rejects_zero_at_the_original_file_and_line_before_cargo ... ok
2026-10-07T11:17:18.6831437Z test dynamic_zero_nonzero_and_float_controls_compile_and_run_in_both_profiles ... ok
2026-10-07T11:17:18.6832172Z 
2026-10-07T11:17:18.6832809Z test result: ok. 5 passed; 0 failed; 0 ignored; 0 measured; 0 filtered out; finished in 1.98s
2026-10-07T11:17:18.6833491Z 
2026-10-07T11:17:18.6854025Z [1m[92m     Running[0m tests\output_safety.rs (target\debug\deps\output_safety-ef8067877a0a78c4.exe)
2026-10-07T11:17:18.6959153Z 
2026-10-07T11:17:18.6960073Z running 9 tests
2026-10-07T11:17:18.7230759Z test aliased_generated_outputs_are_rejected_without_partial_writes ... ok
2026-10-07T11:17:18.7277359Z test custom_project_manifest_is_protected_before_generated_outputs ... ok
2026-10-07T11:17:18.7462701Z test build_preflights_rust_adapter_before_writing_any_generated_files ... ok
2026-10-07T11:17:18.7892003Z test include_text_assets_are_protected_in_generated_and_map_outputs ... ok
2026-10-07T11:17:19.8938939Z test loaded_empty_module_filters_produce_empty_type_and_call_graphs ... ok
2026-10-07T11:17:19.8940169Z test every_generated_file_rejects_a_hard_link_to_an_imported_source ... ok
2026-10-07T11:17:19.9299444Z test native_low_is_not_replaced_by_check_or_lower_output ... ok
2026-10-07T11:17:20.0035961Z test repeated_checks_and_build_preparation_keep_existing_generated_outputs_usable ... ok
2026-10-07T11:17:20.3359851Z test map_formats_protect_hard_links_to_sources_manifest_and_rust_adapter ... ok
2026-10-07T11:17:20.3360551Z 
2026-10-07T11:17:20.3361218Z test result: ok. 9 passed; 0 failed; 0 ignored; 0 measured; 0 filtered out; finished in 1.64s
2026-10-07T11:17:20.3361854Z 
2026-10-07T11:17:20.3380054Z [1m[92m     Running[0m tests\project.rs (target\debug\deps\project-f329ff416af28f22.exe)
2026-10-07T11:17:20.3501262Z 
2026-10-07T11:17:20.3501630Z running 12 tests
2026-10-07T11:17:20.4276216Z test actual_cli_manifest_and_import_errors_point_to_original_files ... ok
2026-10-07T11:17:20.4416372Z test cli_overrides_scalars_and_dependency_versions_and_adds_native_files ... ok
2026-10-07T11:17:20.4495240Z test dependency_alias_collision_across_manifest_and_cli_is_rejected ... ok
2026-10-07T11:17:20.4564674Z test actual_cli_checks_entry_with_low_support_from_a_subdirectory ... ok
2026-10-07T11:17:20.4676931Z test explicit_source_keeps_legacy_behavior_even_next_to_a_broken_manifest ... ok
2026-10-07T11:17:20.4849095Z test invalid_commands_and_flags_fail_before_loading_sources ... ok
2026-10-07T11:17:20.5174499Z test manifest_typos_wrong_types_duplicates_and_empty_paths_are_rejected ... ok
2026-10-07T11:17:20.5327319Z test nearest_project_uses_manifest_relative_paths_from_any_subdirectory ... ok
2026-10-07T11:17:20.5333139Z test rust_diagnostic_details_are_an_explicit_build_or_run_option ... ok
2026-10-07T11:17:22.6958148Z test a_borrowed_record_field_does_not_block_moving_a_disjoint_field ... ok
2026-10-07T11:17:25.6783545Z test escaped_record_and_route_names_preserve_json_sqlite_and_rust_bridges ... ok
2026-10-07T11:18:20.3603586Z test actual_run_uses_rust_dependencies_and_a_stable_project_working_directory has been running for over 60 seconds
2026-10-07T11:18:34.6836000Z test actual_run_uses_rust_dependencies_and_a_stable_project_working_directory ... ok
2026-10-07T11:18:34.6836678Z 
2026-10-07T11:18:34.6837242Z test result: ok. 12 passed; 0 failed; 0 ignored; 0 measured; 0 filtered out; finished in 74.33s
2026-10-07T11:18:34.6838084Z 
2026-10-07T11:18:34.6859886Z [1m[92m     Running[0m tests\scope_runtime_contract.rs (target\debug\deps\scope_runtime_contract-7e825ed209ded241.exe)
2026-10-07T11:18:34.6969542Z 
2026-10-07T11:18:34.6969880Z running 1 test
2026-10-07T11:18:46.5691853Z test generated_scope_failure_and_cancellation_contract_runs_with_the_real_runtime ... ok
2026-10-07T11:18:46.5692270Z 
2026-10-07T11:18:46.5692633Z test result: ok. 1 passed; 0 failed; 0 ignored; 0 measured; 0 filtered out; finished in 11.87s
2026-10-07T11:18:46.5692989Z 
2026-10-07T11:18:46.5715613Z [1m[92m     Running[0m tests\shared_field_moves.rs (target\debug\deps\shared_field_moves-31803aba49469763.exe)
2026-10-07T11:18:46.5823755Z 
2026-10-07T11:18:46.5824177Z running 4 tests
2026-10-07T11:18:46.6305453Z test nested_shared_parents_and_call_temporaries_cannot_supply_owned_fields ... ok
2026-10-07T11:18:46.6980907Z test shared_field_moves_are_rejected_in_each_consuming_context_in_high_and_handwritten_low ... ok
2026-10-07T11:18:46.6997062Z test invalid_shared_field_moves_fail_before_check_build_or_run_needs_cargo ... ok
2026-10-07T11:18:48.4883948Z test valid_arc_moves_copy_fields_and_explicit_copies_run_in_high_and_independent_low ... ok
2026-10-07T11:18:48.4884366Z 
2026-10-07T11:18:48.4884720Z test result: ok. 4 passed; 0 failed; 0 ignored; 0 measured; 0 filtered out; finished in 1.91s
2026-10-07T11:18:48.4885077Z 
2026-10-07T11:18:48.4905097Z [1m[92m     Running[0m tests\shared_target.rs (target\debug\deps\shared_target-9b29924f31b12a53.exe)
2026-10-07T11:18:48.5007260Z 
2026-10-07T11:18:48.5007878Z running 3 tests
2026-10-07T11:18:48.5120500Z test repeated_timestamps_keep_fixture_ownership_distinct ... ok
2026-10-07T11:18:51.3153591Z test explicitly_shared_targets_keep_application_identity_stable_and_generations_distinct ... ok
2026-10-07T11:18:51.3294628Z test default_shared_targets_keep_application_identity_stable_and_generations_distinct ... ok
2026-10-07T11:18:51.3295307Z 
2026-10-07T11:18:51.3295925Z test result: ok. 3 passed; 0 failed; 0 ignored; 0 measured; 0 filtered out; finished in 2.83s
2026-10-07T11:18:51.3296313Z 
2026-10-07T11:18:51.3317452Z [1m[92m     Running[0m tests\task_handles.rs (target\debug\deps\task_handles-2841af5c301e3b9c.exe)
2026-10-07T11:18:51.3420328Z 
2026-10-07T11:18:51.3420599Z running 8 tests
2026-10-07T11:18:51.3829618Z test canonical_task_metadata_survives_saved_low_and_user_task_names ... ok
2026-10-07T11:18:51.4422412Z test raw_check_registers_contextual_task_and_preserves_obligation ... ok
2026-10-07T11:19:12.0591866Z test task_conditional_consumption::always_evaluated_receipts_and_lazy_values_run_in_three_sources ... ok
2026-10-07T11:19:13.5929576Z test native_business_fault_cleanup_and_branch_contracts ... ok
2026-10-07T11:19:20.4544332Z test bounded_generated_task_paths_reach_native ... ok
2026-10-07T11:19:50.2014113Z test task_service::legacy_supervisor_terminal_and_normal_shutdown_reach_real_http ... ok
2026-10-07T11:19:51.3506845Z test positive_contracts_build_and_run_high_saved_and_handwritten_low has been running for over 60 seconds
2026-10-07T11:20:10.1867395Z test task_service_s2::typed_monitor_preserves_service_errors_shutdown_and_parent_drop ... ok
2026-10-07T11:20:12.4844305Z test positive_contracts_build_and_run_high_saved_and_handwritten_low ... ok
2026-10-07T11:20:12.4844730Z 
2026-10-07T11:20:12.4845098Z test result: ok. 8 passed; 0 failed; 0 ignored; 0 measured; 0 filtered out; finished in 81.14s
2026-10-07T11:20:12.4845493Z 
2026-10-07T11:20:12.4871802Z [1m[92m     Running[0m tests\view_branch_rebinding.rs (target\debug\deps\view_branch_rebinding-7738e1ff5f57d056.exe)
2026-10-07T11:20:12.4975537Z 
2026-10-07T11:20:12.4975959Z running 4 tests
2026-10-07T11:20:12.5069178Z test local_views_still_cannot_escape_a_terminating_or_continuing_branch ... ok
2026-10-07T11:20:12.5093392Z test terminating_parent_blocks_respect_loop_and_pattern_binding_names ... ok
2026-10-07T11:20:12.5119799Z test branch_copies_are_synthetic_and_preserve_public_and_callback_lifetimes ... ok
2026-10-07T11:20:13.5552753Z test terminating_view_updates_compile_and_run_in_high_saved_low_and_handwritten_low ... ok
2026-10-07T11:20:13.5553917Z 
2026-10-07T11:20:13.5554689Z test result: ok. 4 passed; 0 failed; 0 ignored; 0 measured; 0 filtered out; finished in 1.06s
2026-10-07T11:20:13.5555610Z 
2026-10-07T11:20:13.5576653Z [1m[92m     Running[0m tests\view_container_drop.rs (target\debug\deps\view_container_drop-487561c13931abef.exe)
2026-10-07T11:20:13.5678269Z 
2026-10-07T11:20:13.5678522Z running 1 test
2026-10-07T11:20:15.5970652Z test local_view_container_replacement_preserves_allocations_and_drop_order ... ok
2026-10-07T11:20:15.5971366Z 
2026-10-07T11:20:15.5972172Z test result: ok. 1 passed; 0 failed; 0 ignored; 0 measured; 0 filtered out; finished in 2.03s
2026-10-07T11:20:15.5972929Z 
2026-10-07T11:20:15.5997745Z [1m[92m     Running[0m tests\view_container_rebinding.rs (target\debug\deps\view_container_rebinding-ce2c22ffc0002712.exe)
2026-10-07T11:20:15.6112106Z 
2026-10-07T11:20:15.6113164Z running 4 tests
2026-10-07T11:20:15.6210880Z test local_container_escape_stays_rejected_in_high_and_low ... ok
2026-10-07T11:20:16.0465253Z test restore_rhs_keeps_its_source_line_and_generated_slots_are_synthetic ... ok
2026-10-07T11:20:16.4422357Z test move_phi_and_mutation_fixtures_use_the_container_flow_plan ... ok
2026-10-07T11:20:17.8771708Z test owning_view_container_rebinding_runs_in_high_saved_low_and_handwritten_low ... ok
2026-10-07T11:20:17.8772182Z 
2026-10-07T11:20:17.8772604Z test result: ok. 4 passed; 0 failed; 0 ignored; 0 measured; 0 filtered out; finished in 2.27s
2026-10-07T11:20:17.8773065Z 
2026-10-07T11:20:17.8798053Z [1m[92m     Running[0m tests\view_flow_completion.rs (target\debug\deps\view_flow_completion-936c02cf3cb31206.exe)
2026-10-07T11:20:17.8902327Z 
2026-10-07T11:20:17.8902932Z running 3 tests
2026-10-07T11:20:17.8943518Z test completion_keeps_local_and_iterator_owner_escape_rejections ... ok
2026-10-07T11:20:17.9333033Z test scopes_keep_lexical_storage_and_route_nested_errors ... ok
2026-10-07T11:20:19.9293163Z test owned_storage_loops_and_async_compile_and_run_in_all_source_forms ... ok
2026-10-07T11:20:19.9293970Z 
2026-10-07T11:20:19.9294676Z test result: ok. 3 passed; 0 failed; 0 ignored; 0 measured; 0 filtered out; finished in 2.04s
2026-10-07T11:20:19.9295418Z 
2026-10-07T11:20:19.9317390Z [1m[92m     Running[0m tests\view_flow_foundation.rs (target\debug\deps\view_flow_foundation-c2c9b9626f6af0a5.exe)
2026-10-07T11:20:19.9417746Z 
2026-10-07T11:20:19.9418297Z running 2 tests
2026-10-07T11:20:19.9788405Z test observer_lowering_does_not_accept_local_owner_escapes ... ok
2026-10-07T11:20:21.6601206Z test return_observers_and_match_edges_compile_and_run_in_all_source_forms ... ok
2026-10-07T11:20:21.6601673Z 
2026-10-07T11:20:21.6602052Z test result: ok. 2 passed; 0 failed; 0 ignored; 0 measured; 0 filtered out; finished in 1.72s
2026-10-07T11:20:21.6602470Z 
2026-10-07T11:20:21.8018670Z ##[group]Run cargo test --locked -p nagic --test sqlite_contract_inputs
2026-10-07T11:20:21.8019468Z [36;1mcargo test --locked -p nagic --test sqlite_contract_inputs[0m
2026-10-07T11:20:21.8095570Z shell: C:\Program Files\PowerShell\7\pwsh.EXE -command ". '{0}'"
2026-10-07T11:20:21.8096009Z env:
2026-10-07T11:20:21.8096342Z   NAGI_FAILURE_DIR: D:\a\Nagi\Nagi/build/compiler-failures
2026-10-07T11:20:21.8096825Z   CARGO_HOME: C:\Users\runneradmin\.cargo
2026-10-07T11:20:21.8097215Z   CARGO_INCREMENTAL: 0
2026-10-07T11:20:21.8097522Z   CARGO_TERM_COLOR: always
2026-10-07T11:20:21.8097935Z   pythonLocation: C:\hostedtoolcache\windows\Python\3.12.10\x64
2026-10-07T11:20:21.8098473Z   PKG_CONFIG_PATH: C:\hostedtoolcache\windows\Python\3.12.10\x64/lib/pkgconfig
2026-10-07T11:20:21.8099050Z   Python_ROOT_DIR: C:\hostedtoolcache\windows\Python\3.12.10\x64
2026-10-07T11:20:21.8099545Z   Python2_ROOT_DIR: C:\hostedtoolcache\windows\Python\3.12.10\x64
2026-10-07T11:20:21.8100178Z   Python3_ROOT_DIR: C:\hostedtoolcache\windows\Python\3.12.10\x64
2026-10-07T11:20:21.8100592Z ##[endgroup]
2026-10-07T11:20:22.2866930Z [1m[92m   Compiling[0m nagic v0.1.11 (D:\a\Nagi\Nagi\compiler)
2026-10-07T11:20:23.0611491Z [1m[92m    Finished[0m `test` profile [unoptimized + debuginfo] target(s) in 0.92s
2026-10-07T11:20:23.0653213Z [1m[92m     Running[0m tests\sqlite_contract_inputs.rs (target\debug\deps\sqlite_contract_inputs-eeb6ca7fa0503845.exe)
2026-10-07T11:20:23.0765686Z 
2026-10-07T11:20:23.0766124Z running 2 tests
2026-10-07T11:20:23.0818198Z test planned_rejection_anchors_identify_original_fixture_lines_and_lexer_tokens ... ok
2026-10-07T11:20:23.0865460Z test every_planned_high_and_handwritten_low_input_parses_before_module_resolution ... ok
2026-10-07T11:20:23.0866258Z 
2026-10-07T11:20:23.0866954Z test result: ok. 2 passed; 0 failed; 0 ignored; 0 measured; 0 filtered out; finished in 0.01s
2026-10-07T11:20:23.0867614Z 
2026-10-07T11:20:23.2424771Z ##[group]Run set -o pipefail
2026-10-07T11:20:23.2425260Z [36;1mset -o pipefail[0m
2026-10-07T11:20:23.2425841Z [36;1mcargo test --locked -p nagi-runtime --lib task::tests:: 2>&1 | tee "$RUNNER_TEMP/task-runtime.log"[0m
2026-10-07T11:20:23.2427154Z [36;1mpython -c 'import pathlib,re,os; text=pathlib.Path(os.environ["RUNNER_TEMP"],"task-runtime.log").read_text(); assert re.search(r"test result: ok\. 17 passed; 0 failed; 0 ignored;",text),text'[0m
2026-10-07T11:20:23.2428570Z [36;1mcargo test --locked -p nagi-runtime --test task_handles[0m
2026-10-07T11:20:23.2429026Z [36;1mcargo test --locked -p nagi-runtime --doc[0m
2026-10-07T11:20:23.2448404Z shell: C:\Program Files\Git\bin\bash.EXE --noprofile --norc -e -o pipefail {0}
2026-10-07T11:20:23.2448971Z env:
2026-10-07T11:20:23.2449343Z   NAGI_FAILURE_DIR: D:\a\Nagi\Nagi/build/compiler-failures
2026-10-07T11:20:23.2449882Z   CARGO_HOME: C:\Users\runneradmin\.cargo
2026-10-07T11:20:23.2450860Z   CARGO_INCREMENTAL: 0
2026-10-07T11:20:23.2451208Z   CARGO_TERM_COLOR: always
2026-10-07T11:20:23.2451661Z   pythonLocation: C:\hostedtoolcache\windows\Python\3.12.10\x64
2026-10-07T11:20:23.2452320Z   PKG_CONFIG_PATH: C:\hostedtoolcache\windows\Python\3.12.10\x64/lib/pkgconfig
2026-10-07T11:20:23.2452934Z   Python_ROOT_DIR: C:\hostedtoolcache\windows\Python\3.12.10\x64
2026-10-07T11:20:23.2453407Z   Python2_ROOT_DIR: C:\hostedtoolcache\windows\Python\3.12.10\x64
2026-10-07T11:20:23.2453899Z   Python3_ROOT_DIR: C:\hostedtoolcache\windows\Python\3.12.10\x64
2026-10-07T11:20:23.2454278Z ##[endgroup]
2026-10-07T11:20:23.5204795Z [1m[92m   Compiling[0m proc-macro2 v1.0.107
2026-10-07T11:20:23.5314637Z [1m[92m   Compiling[0m quote v1.0.47
2026-10-07T11:20:23.5353062Z [1m[92m   Compiling[0m unicode-ident v1.0.26
2026-10-07T11:20:23.5367431Z [1m[92m   Compiling[0m bytes v1.12.1
2026-10-07T11:20:23.6758335Z [1m[92m   Compiling[0m pin-project-lite v0.2.17
2026-10-07T11:20:23.7834401Z [1m[92m   Compiling[0m windows-link v0.2.1
2026-10-07T11:20:23.8665705Z [1m[92m   Compiling[0m windows-sys v0.61.2
2026-10-07T11:20:23.9275572Z [1m[92m   Compiling[0m version_check v0.9.5
2026-10-07T11:20:24.3767848Z [1m[92m   Compiling[0m generic-array v0.14.7
2026-10-07T11:20:24.6305110Z [1m[92m   Compiling[0m futures-core v0.3.34
2026-10-07T11:20:24.8725460Z [1m[92m   Compiling[0m http v1.5.0
2026-10-07T11:20:25.2125616Z [1m[92m   Compiling[0m syn v3.0.6
2026-10-07T11:20:25.3587391Z [1m[92m   Compiling[0m zerocopy v0.8.59
2026-10-07T11:20:26.0381151Z [1m[92m   Compiling[0m getrandom v0.3.4
2026-10-07T11:20:26.5270603Z [1m[92m   Compiling[0m typenum v1.20.1
2026-10-07T11:20:27.1327148Z [1m[92m   Compiling[0m cfg-if v1.0.5
2026-10-07T11:20:27.3233868Z [1m[92m   Compiling[0m httparse v1.10.1
2026-10-07T11:20:27.8517555Z [1m[92m   Compiling[0m serde_core v1.0.229
2026-10-07T11:20:28.3546703Z [1m[92m   Compiling[0m mio v1.2.3
2026-10-07T11:20:29.0448103Z [1m[92m   Compiling[0m socket2 v0.6.5
2026-10-07T11:20:29.9524470Z [1m[92m   Compiling[0m log v0.4.34
2026-10-07T11:20:30.2062709Z [1m[92m   Compiling[0m rand_core v0.9.5
2026-10-07T11:20:30.7773111Z [1m[92m   Compiling[0m crypto-common v0.1.7
2026-10-07T11:20:30.9133363Z [1m[92m   Compiling[0m block-buffer v0.10.4
2026-10-07T11:20:31.0413865Z [1m[92m   Compiling[0m http-body v1.1.0
2026-10-07T11:20:31.2091971Z [1m[92m   Compiling[0m once_cell v1.21.4
2026-10-07T11:20:31.5014332Z [1m[92m   Compiling[0m thiserror v2.0.21
2026-10-07T11:20:32.1239237Z [1m[92m   Compiling[0m tracing-core v0.1.36
2026-10-07T11:20:32.3106785Z [1m[92m   Compiling[0m tokio-macros v2.7.2
2026-10-07T11:20:33.3000465Z [1m[92m   Compiling[0m thiserror-impl v2.0.21
2026-10-07T11:20:33.3642353Z [1m[92m   Compiling[0m tokio v1.53.1
2026-10-07T11:20:34.7398791Z [1m[92m   Compiling[0m futures-macro v0.3.34
2026-10-07T11:20:35.7391435Z [1m[92m   Compiling[0m digest v0.10.7
2026-10-07T11:20:35.9891986Z [1m[92m   Compiling[0m cpufeatures v0.2.17
2026-10-07T11:20:36.0021019Z [1m[92m   Compiling[0m tower-service v0.3.3
2026-10-07T11:20:36.0533325Z [1m[92m   Compiling[0m futures-sink v0.3.34
2026-10-07T11:20:36.0864921Z [1m[92m   Compiling[0m futures-task v0.3.34
2026-10-07T11:20:36.2377239Z [1m[92m   Compiling[0m serde v1.0.229
2026-10-07T11:20:36.3285174Z [1m[92m   Compiling[0m slab v0.4.12
2026-10-07T11:20:36.5568090Z [1m[92m   Compiling[0m ppv-lite86 v0.2.21
2026-10-07T11:20:36.6228709Z [1m[92m   Compiling[0m smallvec v1.16.2
2026-10-07T11:20:36.7031488Z [1m[92m   Compiling[0m futures-util v0.3.34
2026-10-07T11:20:36.9229350Z [1m[92m   Compiling[0m sha1 v0.10.7
2026-10-07T11:20:37.1145875Z [1m[92m   Compiling[0m rand_chacha v0.9.0
2026-10-07T11:20:37.4956915Z [1m[92m   Compiling[0m rand v0.9.5
2026-10-07T11:20:37.8595296Z [1m[92m   Compiling[0m tracing v0.1.44
2026-10-07T11:20:38.3950948Z [1m[92m   Compiling[0m serde_derive v1.0.229
2026-10-07T11:20:38.5928186Z [1m[92m   Compiling[0m futures-channel v0.3.34
2026-10-07T11:20:39.0385125Z [1m[92m   Compiling[0m atomic-waker v1.1.2
2026-10-07T11:20:39.1933077Z [1m[92m   Compiling[0m serde_json v1.0.151
2026-10-07T11:20:39.5536681Z [1m[92m   Compiling[0m tower-layer v0.3.3
2026-10-07T11:20:39.8569119Z [1m[92m   Compiling[0m data-encoding v2.11.1
2026-10-07T11:20:41.1810785Z [1m[92m   Compiling[0m httpdate v1.0.3
2026-10-07T11:20:41.6666832Z [1m[92m   Compiling[0m percent-encoding v2.3.2
2026-10-07T11:20:42.0819002Z [1m[92m   Compiling[0m sync_wrapper v1.0.2
2026-10-07T11:20:42.1875095Z [1m[92m   Compiling[0m form_urlencoded v1.2.2
2026-10-07T11:20:42.3115391Z [1m[92m   Compiling[0m hyper v1.11.1
2026-10-07T11:20:42.4278212Z [1m[92m   Compiling[0m tungstenite v0.29.0
2026-10-07T11:20:44.8731524Z [1m[92m   Compiling[0m http-body-util v0.1.5
2026-10-07T11:20:44.9871718Z [1m[92m   Compiling[0m mime v0.3.17
2026-10-07T11:20:45.1868964Z [1m[92m   Compiling[0m memchr v2.8.3
2026-10-07T11:20:45.2891183Z [1m[92m   Compiling[0m ryu v1.0.23
2026-10-07T11:20:45.4770155Z [1m[92m   Compiling[0m axum-core v0.5.6
2026-10-07T11:20:45.5708413Z [1m[92m   Compiling[0m serde_urlencoded v0.7.1
2026-10-07T11:20:45.7178716Z [1m[92m   Compiling[0m hyper-util v0.1.21
2026-10-07T11:20:46.2054808Z [1m[92m   Compiling[0m tokio-tungstenite v0.29.0
2026-10-07T11:20:46.5971829Z [1m[92m   Compiling[0m tower v0.5.3
2026-10-07T11:20:46.6150714Z [1m[92m   Compiling[0m deadpool-runtime v0.3.1
2026-10-07T11:20:46.8166988Z [1m[92m   Compiling[0m serde_path_to_error v0.1.20
2026-10-07T11:20:47.2715717Z [1m[92m   Compiling[0m base64 v0.22.1
2026-10-07T11:20:47.5210436Z [1m[92m   Compiling[0m matchit v0.8.4
2026-10-07T11:20:47.8870666Z [1m[92m   Compiling[0m rusqlite v0.40.2
2026-10-07T11:20:48.2559267Z [1m[92m   Compiling[0m axum v0.8.9
2026-10-07T11:20:48.4090617Z [1m[92m   Compiling[0m deadpool v0.13.1
2026-10-07T11:20:48.7817850Z [1m[92m   Compiling[0m bumpalo v3.20.3
2026-10-07T11:20:53.1494718Z [1m[92m   Compiling[0m nagi-runtime v0.1.11 (D:\a\Nagi\Nagi\runtime)
2026-10-07T11:21:18.8281815Z [1m[92m    Finished[0m `test` profile [unoptimized + debuginfo] target(s) in 55.47s
2026-10-07T11:21:18.8282676Z [1m[92m     Running[0m unittests src\lib.rs (target\debug\deps\nagi_runtime-a770d1c1efa4fc1d.exe)
2026-10-07T11:21:18.8442529Z 
2026-10-07T11:21:18.8443081Z running 17 tests
2026-10-07T11:21:18.8447386Z test task::tests::fault_return_waits_for_requested_sibling_cleanup_and_actual_join ... ok
2026-10-07T11:21:18.8448597Z test task::tests::discard_keeps_fault_and_legacy_error_observation ... ok
2026-10-07T11:21:18.8449628Z test task::tests::cancelled_drain_can_resume_after_child_drop_gate ... ok
2026-10-07T11:21:18.8462544Z test task::tests::heterogeneous_results_and_business_error_keep_sibling_healthy ... ok
2026-10-07T11:21:18.8466035Z test task::tests::parent_drop_requests_abort_but_does_not_report_child_destruction_complete ... ok
2026-10-07T11:21:18.8468824Z test task::tests::legacy_structured_cause_preserves_kind_message_and_primary_after_later_fault ... ok
2026-10-07T11:21:18.8471538Z test task::tests::receiver_notification_cannot_replace_actual_join ... ok
2026-10-07T11:21:18.8475909Z test task::tests::received_fault_remains_sticky_at_scope_exit ... ok
2026-10-07T11:21:18.8480731Z test task::tests::payload_drop_locations_distinguish_failed_send_buffer_and_received_value ... ok
2026-10-07T11:21:18.8482036Z test task::tests::fake_native_id_reuse_does_not_mix_unreceived_tickets_and_retire_records ... ok
2026-10-07T11:21:18.8483353Z test task::tests::requested_cancel_preserves_panic_and_unrequested_cancel_is_fault ... ok
2026-10-07T11:21:18.8485645Z test task::tests::requested_cancel_does_not_hide_already_returned_legacy_error ... ok
2026-10-07T11:21:18.8487325Z test task::tests::spawn_after_fault_keeps_input_evaluation_and_actual_join_responsibility ... ok
2026-10-07T11:21:18.8599866Z test task::tests::target_other_than_first_join_and_body_error_primary_are_preserved ... ok
2026-10-07T11:21:18.8602095Z test task::tests::wrong_owner_and_missing_output_are_protocol_errors_without_stolen_join ... ok
2026-10-07T11:21:18.8603745Z test task::tests::unpolled_and_pending_receive_drop_keep_scope_join_responsibility ... ok
2026-10-07T11:21:18.8605322Z test task::tests::sticky_receive_retires_its_joined_ticket ... ok
2026-10-07T11:21:18.8605846Z 
2026-10-07T11:21:18.8607334Z test result: ok. 17 passed; 0 failed; 0 ignored; 0 measured; 191 filtered out; finished in 0.01s
2026-10-07T11:21:18.8608008Z 
2026-10-07T11:21:19.1792458Z [1m[92m   Compiling[0m nagi-runtime v0.1.11 (D:\a\Nagi\Nagi\runtime)
2026-10-07T11:21:25.1283863Z [1m[92m    Finished[0m `test` profile [unoptimized + debuginfo] target(s) in 6.07s
2026-10-07T11:21:25.1352436Z [1m[92m     Running[0m tests\task_handles.rs (target\debug\deps\task_handles-1352ddeda06405d9.exe)
2026-10-07T11:21:25.1464606Z 
2026-10-07T11:21:25.1465212Z running 3 tests
2026-10-07T11:21:25.1493906Z test public_mixed_legacy_failure_keeps_failure_category_and_native_exit_error ... ok
2026-10-07T11:21:25.1495124Z test public_task_results_keep_business_error_inside_and_legacy_error_at_exit ... ok
2026-10-07T11:21:25.1496175Z test public_failure_getters_keep_fault_sticky_after_receive ... ok
2026-10-07T11:21:25.1496943Z 
2026-10-07T11:21:25.1497606Z test result: ok. 3 passed; 0 failed; 0 ignored; 0 measured; 0 filtered out; finished in 0.00s
2026-10-07T11:21:25.1498229Z 
2026-10-07T11:21:25.3274476Z [1m[92m    Finished[0m `test` profile [unoptimized + debuginfo] target(s) in 0.12s
2026-10-07T11:21:25.3340547Z [1m[92m   Doc-tests[0m nagi_runtime
2026-10-07T11:21:25.5028459Z 
2026-10-07T11:21:25.5029224Z running 9 tests
2026-10-07T11:21:25.6446738Z test runtime\src\auth.rs - auth::Principal (line 13) - compile fail ... ok
2026-10-07T11:21:25.6547151Z test runtime\src\auth.rs - auth::Grant (line 53) - compile fail ... ok
2026-10-07T11:21:25.7196545Z test runtime\src\auth.rs - auth::Grant (line 48) - compile fail ... ok
2026-10-07T11:21:25.7301473Z test runtime\src\auth.rs - auth::Principal (line 16) - compile fail ... ok
2026-10-07T11:21:25.8206796Z test runtime\src\auth.rs - auth::Principal (line 20) - compile fail ... ok
2026-10-07T11:21:25.9004324Z test runtime\src\task.rs - task::Task (line 87) - compile fail ... ok
2026-10-07T11:21:25.9009431Z test runtime\src\task.rs - task::Task (line 83) - compile fail ... ok
2026-10-07T11:21:25.9138290Z test runtime\src\task.rs - task::Task (line 94) - compile fail ... ok
2026-10-07T11:21:25.9738794Z test runtime\src\task.rs - task::TaskFailure (line 59) - compile fail ... ok
2026-10-07T11:21:25.9739384Z 
2026-10-07T11:21:25.9739973Z test result: ok. 9 passed; 0 failed; 0 ignored; 0 measured; 0 filtered out; finished in 0.47s
2026-10-07T11:21:25.9740582Z 
2026-10-07T11:21:26.0120194Z ##[group]Run cargo run --locked -p nagic --example task-contract-red -- --report "$RUNNER_TEMP/task-contracts.json"
2026-10-07T11:21:26.0121112Z [36;1mcargo run --locked -p nagic --example task-contract-red -- --report "$RUNNER_TEMP/task-contracts.json"[0m
2026-10-07T11:21:26.0143329Z shell: C:\Program Files\Git\bin\bash.EXE --noprofile --norc -e -o pipefail {0}
2026-10-07T11:21:26.0144263Z env:
2026-10-07T11:21:26.0145043Z   NAGI_FAILURE_DIR: D:\a\Nagi\Nagi/build/compiler-failures
2026-10-07T11:21:26.0145686Z   CARGO_HOME: C:\Users\runneradmin\.cargo
2026-10-07T11:21:26.0146203Z   CARGO_INCREMENTAL: 0
2026-10-07T11:21:26.0146628Z   CARGO_TERM_COLOR: always
2026-10-07T11:21:26.0147241Z   pythonLocation: C:\hostedtoolcache\windows\Python\3.12.10\x64
2026-10-07T11:21:26.0148182Z   PKG_CONFIG_PATH: C:\hostedtoolcache\windows\Python\3.12.10\x64/lib/pkgconfig
2026-10-07T11:21:26.0149043Z   Python_ROOT_DIR: C:\hostedtoolcache\windows\Python\3.12.10\x64
2026-10-07T11:21:26.0149919Z   Python2_ROOT_DIR: C:\hostedtoolcache\windows\Python\3.12.10\x64
2026-10-07T11:21:26.0150698Z   Python3_ROOT_DIR: C:\hostedtoolcache\windows\Python\3.12.10\x64
2026-10-07T11:21:26.0151318Z ##[endgroup]
2026-10-07T11:21:26.1856428Z [1m[92m   Compiling[0m nagic v0.1.11 (D:\a\Nagi\Nagi\compiler)
2026-10-07T11:21:26.9781166Z [1m[92m    Finished[0m `dev` profile [unoptimized + debuginfo] target(s) in 0.86s
2026-10-07T11:21:26.9825899Z [1m[92m     Running[0m `target\debug\examples\task-contract-red.exe --report 'D:\a\_temp/task-contracts.json'`
2026-10-07T11:21:28.2167758Z Task contracts: 148/148 matched; report: D:\a\_temp/task-contracts.json
2026-10-07T11:21:28.2464713Z ##[group]Run python scripts/verify_library_examples.py --only task-results
2026-10-07T11:21:28.2465419Z [36;1mpython scripts/verify_library_examples.py --only task-results[0m
2026-10-07T11:21:28.2538856Z shell: C:\Program Files\PowerShell\7\pwsh.EXE -command ". '{0}'"
2026-10-07T11:21:28.2539268Z env:
2026-10-07T11:21:28.2539572Z   NAGI_FAILURE_DIR: D:\a\Nagi\Nagi/build/compiler-failures
2026-10-07T11:21:28.2539973Z   CARGO_HOME: C:\Users\runneradmin\.cargo
2026-10-07T11:21:28.2540229Z   CARGO_INCREMENTAL: 0
2026-10-07T11:21:28.2540430Z   CARGO_TERM_COLOR: always
2026-10-07T11:21:28.2540721Z   pythonLocation: C:\hostedtoolcache\windows\Python\3.12.10\x64
2026-10-07T11:21:28.2541175Z   PKG_CONFIG_PATH: C:\hostedtoolcache\windows\Python\3.12.10\x64/lib/pkgconfig
2026-10-07T11:21:28.2541634Z   Python_ROOT_DIR: C:\hostedtoolcache\windows\Python\3.12.10\x64
2026-10-07T11:21:28.2542039Z   Python2_ROOT_DIR: C:\hostedtoolcache\windows\Python\3.12.10\x64
2026-10-07T11:21:28.2542485Z   Python3_ROOT_DIR: C:\hostedtoolcache\windows\Python\3.12.10\x64
2026-10-07T11:21:28.2542804Z ##[endgroup]
2026-10-07T11:21:33.1183387Z Passed: task-results (high)
2026-10-07T11:21:36.0435863Z Passed: task-results (saved-low)
2026-10-07T11:21:39.1295429Z Passed: task-results (handwritten-low)
2026-10-07T11:21:39.1472686Z {"forms": 3, "status": "passed"}
2026-10-07T11:21:39.3074616Z ##[group]Run python scripts/verify_library_examples.py --only supervised-service
2026-10-07T11:21:39.3075264Z [36;1mpython scripts/verify_library_examples.py --only supervised-service[0m
2026-10-07T11:21:39.3152194Z shell: C:\Program Files\PowerShell\7\pwsh.EXE -command ". '{0}'"
2026-10-07T11:21:39.3152534Z env:
2026-10-07T11:21:39.3152798Z   NAGI_FAILURE_DIR: D:\a\Nagi\Nagi/build/compiler-failures
2026-10-07T11:21:39.3153124Z   CARGO_HOME: C:\Users\runneradmin\.cargo
2026-10-07T11:21:39.3153377Z   CARGO_INCREMENTAL: 0
2026-10-07T11:21:39.3153884Z   CARGO_TERM_COLOR: always
2026-10-07T11:21:39.3154179Z   pythonLocation: C:\hostedtoolcache\windows\Python\3.12.10\x64
2026-10-07T11:21:39.3154629Z   PKG_CONFIG_PATH: C:\hostedtoolcache\windows\Python\3.12.10\x64/lib/pkgconfig
2026-10-07T11:21:39.3155073Z   Python_ROOT_DIR: C:\hostedtoolcache\windows\Python\3.12.10\x64
2026-10-07T11:21:39.3155463Z   Python2_ROOT_DIR: C:\hostedtoolcache\windows\Python\3.12.10\x64
2026-10-07T11:21:39.3155885Z   Python3_ROOT_DIR: C:\hostedtoolcache\windows\Python\3.12.10\x64
2026-10-07T11:21:39.3156187Z ##[endgroup]
2026-10-07T11:21:52.3268460Z Passed: supervised-service (high)
2026-10-07T11:22:04.4835335Z Passed: supervised-service (saved-low)
2026-10-07T11:22:16.3905051Z Passed: supervised-service (handwritten-low)
2026-10-07T11:22:16.4082580Z {"forms": 3, "status": "passed"}
2026-10-07T11:22:16.5276845Z ##[group]Run python -m unittest discover -s scripts -p 'test_native_artifacts.py'
2026-10-07T11:22:16.5277569Z [36;1mpython -m unittest discover -s scripts -p 'test_native_artifacts.py'[0m
2026-10-07T11:22:16.5347983Z shell: C:\Program Files\PowerShell\7\pwsh.EXE -command ". '{0}'"
2026-10-07T11:22:16.5348389Z env:
2026-10-07T11:22:16.5348698Z   NAGI_FAILURE_DIR: D:\a\Nagi\Nagi/build/compiler-failures
2026-10-07T11:22:16.5349119Z   CARGO_HOME: C:\Users\runneradmin\.cargo
2026-10-07T11:22:16.5349447Z   CARGO_INCREMENTAL: 0
2026-10-07T11:22:16.5349713Z   CARGO_TERM_COLOR: always
2026-10-07T11:22:16.5350105Z   pythonLocation: C:\hostedtoolcache\windows\Python\3.12.10\x64
2026-10-07T11:22:16.5350625Z   PKG_CONFIG_PATH: C:\hostedtoolcache\windows\Python\3.12.10\x64/lib/pkgconfig
2026-10-07T11:22:16.5351128Z   Python_ROOT_DIR: C:\hostedtoolcache\windows\Python\3.12.10\x64
2026-10-07T11:22:16.5351590Z   Python2_ROOT_DIR: C:\hostedtoolcache\windows\Python\3.12.10\x64
2026-10-07T11:22:16.5352389Z   Python3_ROOT_DIR: C:\hostedtoolcache\windows\Python\3.12.10\x64
2026-10-07T11:22:16.5352790Z ##[endgroup]
2026-10-07T11:22:17.1437069Z .........
2026-10-07T11:22:17.1437685Z ----------------------------------------------------------------------
2026-10-07T11:22:17.1438315Z Ran 9 tests in 0.072s
2026-10-07T11:22:17.1438530Z 
2026-10-07T11:22:17.1438646Z OK
2026-10-07T11:22:17.2952806Z ##[group]Run python -m unittest discover -s scripts -p 'test_application_native_tests.py'
2026-10-07T11:22:17.2953506Z [36;1mpython -m unittest discover -s scripts -p 'test_application_native_tests.py'[0m
2026-10-07T11:22:17.3024460Z shell: C:\Program Files\PowerShell\7\pwsh.EXE -command ". '{0}'"
2026-10-07T11:22:17.3024800Z env:
2026-10-07T11:22:17.3025037Z   NAGI_FAILURE_DIR: D:\a\Nagi\Nagi/build/compiler-failures
2026-10-07T11:22:17.3025373Z   CARGO_HOME: C:\Users\runneradmin\.cargo
2026-10-07T11:22:17.3025629Z   CARGO_INCREMENTAL: 0
2026-10-07T11:22:17.3025848Z   CARGO_TERM_COLOR: always
2026-10-07T11:22:17.3026138Z   pythonLocation: C:\hostedtoolcache\windows\Python\3.12.10\x64
2026-10-07T11:22:17.3026583Z   PKG_CONFIG_PATH: C:\hostedtoolcache\windows\Python\3.12.10\x64/lib/pkgconfig
2026-10-07T11:22:17.3027029Z   Python_ROOT_DIR: C:\hostedtoolcache\windows\Python\3.12.10\x64
2026-10-07T11:22:17.3027460Z   Python2_ROOT_DIR: C:\hostedtoolcache\windows\Python\3.12.10\x64
2026-10-07T11:22:17.3027852Z   Python3_ROOT_DIR: C:\hostedtoolcache\windows\Python\3.12.10\x64
2026-10-07T11:22:17.3028156Z ##[endgroup]
2026-10-07T11:22:17.9503777Z .....
2026-10-07T11:22:17.9504336Z ----------------------------------------------------------------------
2026-10-07T11:22:17.9504714Z Ran 5 tests in 0.024s
2026-10-07T11:22:17.9504857Z 
2026-10-07T11:22:17.9504938Z OK
2026-10-07T11:22:18.0863457Z ##[group]Run cargo test --locked -p nagi-runtime oversized_body_ -- --test-threads=1
2026-10-07T11:22:18.0864668Z [36;1mcargo test --locked -p nagi-runtime oversized_body_ -- --test-threads=1[0m
2026-10-07T11:22:18.0935597Z shell: C:\Program Files\PowerShell\7\pwsh.EXE -command ". '{0}'"
2026-10-07T11:22:18.0935931Z env:
2026-10-07T11:22:18.0936181Z   NAGI_FAILURE_DIR: D:\a\Nagi\Nagi/build/compiler-failures
2026-10-07T11:22:18.0936526Z   CARGO_HOME: C:\Users\runneradmin\.cargo
2026-10-07T11:22:18.0936925Z   CARGO_INCREMENTAL: 0
2026-10-07T11:22:18.0937247Z   CARGO_TERM_COLOR: always
2026-10-07T11:22:18.0937545Z   pythonLocation: C:\hostedtoolcache\windows\Python\3.12.10\x64
2026-10-07T11:22:18.0938014Z   PKG_CONFIG_PATH: C:\hostedtoolcache\windows\Python\3.12.10\x64/lib/pkgconfig
2026-10-07T11:22:18.0938485Z   Python_ROOT_DIR: C:\hostedtoolcache\windows\Python\3.12.10\x64
2026-10-07T11:22:18.0938891Z   Python2_ROOT_DIR: C:\hostedtoolcache\windows\Python\3.12.10\x64
2026-10-07T11:22:18.0939334Z   Python3_ROOT_DIR: C:\hostedtoolcache\windows\Python\3.12.10\x64
2026-10-07T11:22:18.0939653Z ##[endgroup]
2026-10-07T11:22:18.5551663Z [1m[92m    Finished[0m `test` profile [unoptimized + debuginfo] target(s) in 0.14s
2026-10-07T11:22:18.5618328Z [1m[92m     Running[0m unittests src\lib.rs (target\debug\deps\nagi_runtime-a770d1c1efa4fc1d.exe)
2026-10-07T11:22:18.5683106Z 
2026-10-07T11:22:18.5683351Z running 5 tests
2026-10-07T11:22:18.7857762Z test http_server::tests::oversized_body_boundary_accepts_4096_and_incomplete_upload_keeps_body_deadline ... ok
2026-10-07T11:22:18.7904581Z test http_server::tests::oversized_body_chunked_delivers_413_with_or_without_final_chunk ... ok
2026-10-07T11:22:18.7951143Z test http_server::tests::oversized_body_content_length_delivers_413_without_calling_handler ... ok
2026-10-07T11:22:18.7997465Z test http_server::tests::oversized_body_declared_length_rejects_headers_and_incomplete_upload_promptly ... ok
2026-10-07T11:22:18.8027375Z test http_server::tests::oversized_body_rejects_keep_alive_upload_and_never_dispatches_pipeline ... ok
2026-10-07T11:22:18.8027826Z 
2026-10-07T11:22:18.8028185Z test result: ok. 5 passed; 0 failed; 0 ignored; 0 measured; 203 filtered out; finished in 0.23s
2026-10-07T11:22:18.8028562Z 
2026-10-07T11:22:18.8055750Z [1m[92m     Running[0m tests\task_handles.rs (target\debug\deps\task_handles-1352ddeda06405d9.exe)
2026-10-07T11:22:18.8112454Z 
2026-10-07T11:22:18.8112793Z running 0 tests
2026-10-07T11:22:18.8113043Z 
2026-10-07T11:22:18.8113675Z test result: ok. 0 passed; 0 failed; 0 ignored; 0 measured; 3 filtered out; finished in 0.00s
2026-10-07T11:22:18.8114353Z 
2026-10-07T11:22:18.9346173Z ##[group]Run cargo test --locked -p nagi-runtime panic_ -- --test-threads=1
2026-10-07T11:22:18.9346794Z [36;1mcargo test --locked -p nagi-runtime panic_ -- --test-threads=1[0m
2026-10-07T11:22:18.9418397Z shell: C:\Program Files\PowerShell\7\pwsh.EXE -command ". '{0}'"
2026-10-07T11:22:18.9419304Z env:
2026-10-07T11:22:18.9419573Z   NAGI_FAILURE_DIR: D:\a\Nagi\Nagi/build/compiler-failures
2026-10-07T11:22:18.9419963Z   CARGO_HOME: C:\Users\runneradmin\.cargo
2026-10-07T11:22:18.9420384Z   CARGO_INCREMENTAL: 0
2026-10-07T11:22:18.9420725Z   CARGO_TERM_COLOR: always
2026-10-07T11:22:18.9421273Z   pythonLocation: C:\hostedtoolcache\windows\Python\3.12.10\x64
2026-10-07T11:22:18.9422051Z   PKG_CONFIG_PATH: C:\hostedtoolcache\windows\Python\3.12.10\x64/lib/pkgconfig
2026-10-07T11:22:18.9422824Z   Python_ROOT_DIR: C:\hostedtoolcache\windows\Python\3.12.10\x64
2026-10-07T11:22:18.9423530Z   Python2_ROOT_DIR: C:\hostedtoolcache\windows\Python\3.12.10\x64
2026-10-07T11:22:18.9424566Z   Python3_ROOT_DIR: C:\hostedtoolcache\windows\Python\3.12.10\x64
2026-10-07T11:22:18.9425145Z ##[endgroup]
2026-10-07T11:22:19.3741501Z [1m[92m    Finished[0m `test` profile [unoptimized + debuginfo] target(s) in 0.11s
2026-10-07T11:22:19.3807951Z [1m[92m     Running[0m unittests src\lib.rs (target\debug\deps\nagi_runtime-a770d1c1efa4fc1d.exe)
2026-10-07T11:22:19.3872796Z 
2026-10-07T11:22:19.3873015Z running 18 tests
2026-10-07T11:22:19.4506256Z test actor::lifecycle_adversarial_tests::a_blocking_panic_payload_destructor_remains_a_retained_child_obligation ... ok
2026-10-07T11:22:19.4518958Z test actor::lifecycle_adversarial_tests::a_factory_constructor_panic_does_not_lose_the_context_cleanup_obligation ... ok
2026-10-07T11:22:19.5129423Z test actor::lifecycle_adversarial_tests::a_finite_follow_on_panic_payload_retains_the_guard_and_context_until_drop_finishes ... ok
2026-10-07T11:22:19.5143362Z test actor::lifecycle_adversarial_tests::a_panic_payload_destructor_can_observe_and_stop_its_group_without_a_lock_cycle ... ok
2026-10-07T11:22:19.5153037Z test actor::lifecycle_adversarial_tests::context_owned_by_a_child_panic_payload_is_cleaned_before_final_context_cleanup ... ok
2026-10-07T11:22:19.5165354Z test concurrent::tests::panic_isolated ... ok
2026-10-07T11:22:19.5412950Z test http::panic_tests::handler_extractor_and_response_panics_return_sanitized_500_for_get_and_head ... ok
2026-10-07T11:22:19.6255545Z test http_server::tests::handler_panic_after_deadline_returns_500_and_releases_admission ... ok
2026-10-07T11:22:19.6280258Z test http_server::tests::panic_tests::http_error_mapper_panic_returns_500 ... ok
2026-10-07T11:22:19.6303890Z test http_server::tests::panic_tests::http_handler_constructor_panic_returns_500 ... ok
2026-10-07T11:22:19.6326957Z test http_server::tests::panic_tests::http_handler_division_by_zero_returns_500_and_server_keeps_serving ... ok
2026-10-07T11:22:19.6350682Z test http_server::tests::panic_tests::http_handler_out_of_bounds_returns_500_and_server_keeps_serving ... ok
2026-10-07T11:22:19.6374490Z test http_server::tests::panic_tests::http_handler_panic_after_await_returns_500_without_exposing_payload ... ok
2026-10-07T11:22:19.6398972Z test http_server::tests::panic_tests::http_handler_panic_head_response_has_no_body ... ok
2026-10-07T11:22:19.6431230Z test sqlite_prototype::adapter_tests::callback_panic_retires_pool_and_join_does_not_hide_native_close_failure ... ok
2026-10-07T11:22:19.6440655Z test sqlite_prototype::tests::management_panic_restores_raii_flag_before_observed_rollback_and_retirement ... ok
2026-10-07T11:22:19.6451635Z test sqlite_prototype::tests::user_callback_panic_restores_management_state_and_retires_worker ... ok
2026-10-07T11:22:19.6463447Z test task::tests::requested_cancel_preserves_panic_and_unrequested_cancel_is_fault ... ok
2026-10-07T11:22:19.6464111Z 
2026-10-07T11:22:19.6464538Z test result: ok. 18 passed; 0 failed; 0 ignored; 0 measured; 190 filtered out; finished in 0.26s
2026-10-07T11:22:19.6464904Z 
2026-10-07T11:22:19.6499940Z [1m[92m     Running[0m tests\task_handles.rs (target\debug\deps\task_handles-1352ddeda06405d9.exe)
2026-10-07T11:22:19.6555674Z 
2026-10-07T11:22:19.6556317Z running 0 tests
2026-10-07T11:22:19.6556599Z 
2026-10-07T11:22:19.6558180Z test result: ok. 0 passed; 0 failed; 0 ignored; 0 measured; 3 filtered out; finished in 0.00s
2026-10-07T11:22:19.6558866Z 
2026-10-07T11:22:19.7814784Z ##[group]Run cargo test --locked -p nagi-runtime handler_timeout_ -- --test-threads=1
2026-10-07T11:22:19.7815437Z [36;1mcargo test --locked -p nagi-runtime handler_timeout_ -- --test-threads=1[0m
2026-10-07T11:22:19.7886706Z shell: C:\Program Files\PowerShell\7\pwsh.EXE -command ". '{0}'"
2026-10-07T11:22:19.7887050Z env:
2026-10-07T11:22:19.7887298Z   NAGI_FAILURE_DIR: D:\a\Nagi\Nagi/build/compiler-failures
2026-10-07T11:22:19.7887631Z   CARGO_HOME: C:\Users\runneradmin\.cargo
2026-10-07T11:22:19.7887885Z   CARGO_INCREMENTAL: 0
2026-10-07T11:22:19.7888085Z   CARGO_TERM_COLOR: always
2026-10-07T11:22:19.7888379Z   pythonLocation: C:\hostedtoolcache\windows\Python\3.12.10\x64
2026-10-07T11:22:19.7888826Z   PKG_CONFIG_PATH: C:\hostedtoolcache\windows\Python\3.12.10\x64/lib/pkgconfig
2026-10-07T11:22:19.7889286Z   Python_ROOT_DIR: C:\hostedtoolcache\windows\Python\3.12.10\x64
2026-10-07T11:22:19.7889715Z   Python2_ROOT_DIR: C:\hostedtoolcache\windows\Python\3.12.10\x64
2026-10-07T11:22:19.7890118Z   Python3_ROOT_DIR: C:\hostedtoolcache\windows\Python\3.12.10\x64
2026-10-07T11:22:19.7890429Z ##[endgroup]
2026-10-07T11:22:20.2179141Z [1m[92m    Finished[0m `test` profile [unoptimized + debuginfo] target(s) in 0.12s
2026-10-07T11:22:20.2242327Z [1m[92m     Running[0m unittests src\lib.rs (target\debug\deps\nagi_runtime-a770d1c1efa4fc1d.exe)
2026-10-07T11:22:20.2308830Z 
2026-10-07T11:22:20.2309094Z running 2 tests
2026-10-07T11:22:20.3391157Z test http_server::tests::handler_timeout_cancels_future_and_releases_request_capacity ... ok
2026-10-07T11:22:20.4224572Z test http_server::tests::handler_timeout_rejects_a_ready_response_after_blocking_poll ... ok
2026-10-07T11:22:20.4225032Z 
2026-10-07T11:22:20.4225429Z test result: ok. 2 passed; 0 failed; 0 ignored; 0 measured; 206 filtered out; finished in 0.19s
2026-10-07T11:22:20.4225835Z 
2026-10-07T11:22:20.4251926Z [1m[92m     Running[0m tests\task_handles.rs (target\debug\deps\task_handles-1352ddeda06405d9.exe)
2026-10-07T11:22:20.4309858Z 
2026-10-07T11:22:20.4310069Z running 0 tests
2026-10-07T11:22:20.4310404Z 
2026-10-07T11:22:20.4311533Z test result: ok. 0 passed; 0 failed; 0 ignored; 0 measured; 3 filtered out; finished in 0.00s
2026-10-07T11:22:20.4313000Z 
2026-10-07T11:22:20.5530290Z ##[group]Run ./scripts/build_windows_demo.ps1 -Source examples/hello.nagi -Offline
2026-10-07T11:22:20.5530941Z [36;1m./scripts/build_windows_demo.ps1 -Source examples/hello.nagi -Offline[0m
2026-10-07T11:22:20.5531405Z [36;1m$output = & ./build/distribution/nagi-hello.exe[0m
2026-10-07T11:22:20.5531925Z [36;1mif ($LASTEXITCODE -ne 0 -or $output -notcontains 'Hello, Nagi!') { throw 'Packaged Hello failed.' }[0m
2026-10-07T11:22:20.5602231Z shell: C:\Windows\System32\WindowsPowerShell\v1.0\powershell.EXE -command ". '{0}'"
2026-10-07T11:22:20.5602710Z env:
2026-10-07T11:22:20.5602959Z   NAGI_FAILURE_DIR: D:\a\Nagi\Nagi/build/compiler-failures
2026-10-07T11:22:20.5614307Z   CARGO_HOME: C:\Users\runneradmin\.cargo
2026-10-07T11:22:20.5614804Z   CARGO_INCREMENTAL: 0
2026-10-07T11:22:20.5615020Z   CARGO_TERM_COLOR: always
2026-10-07T11:22:20.5615318Z   pythonLocation: C:\hostedtoolcache\windows\Python\3.12.10\x64
2026-10-07T11:22:20.5615827Z   PKG_CONFIG_PATH: C:\hostedtoolcache\windows\Python\3.12.10\x64/lib/pkgconfig
2026-10-07T11:22:20.5616293Z   Python_ROOT_DIR: C:\hostedtoolcache\windows\Python\3.12.10\x64
2026-10-07T11:22:20.5616702Z   Python2_ROOT_DIR: C:\hostedtoolcache\windows\Python\3.12.10\x64
2026-10-07T11:22:20.5617098Z   Python3_ROOT_DIR: C:\hostedtoolcache\windows\Python\3.12.10\x64
2026-10-07T11:22:20.5617408Z ##[endgroup]
2026-10-07T11:22:22.8125107Z [1m[92m    Finished[0m `release` profile [optimized] target(s) in 0.08s
2026-10-07T11:22:23.4916362Z [1m[92m     Locking[0m 107 packages to highest compatible versions
2026-10-07T11:22:23.5220147Z [1m[92m   Compiling[0m proc-macro2 v1.0.107
2026-10-07T11:22:23.5290643Z [1m[92m   Compiling[0m quote v1.0.47
2026-10-07T11:22:23.5390012Z [1m[92m   Compiling[0m unicode-ident v1.0.26
2026-10-07T11:22:23.5428508Z [1m[92m   Compiling[0m bytes v1.12.1
2026-10-07T11:22:23.5450445Z [1m[92m   Compiling[0m pin-project-lite v0.2.17
2026-10-07T11:22:23.5868010Z [1m[92m   Compiling[0m itoa v1.0.18
2026-10-07T11:22:23.8439062Z [1m[92m   Compiling[0m windows-link v0.2.1
2026-10-07T11:22:23.8891098Z [1m[92m   Compiling[0m windows-sys v0.61.2
2026-10-07T11:22:24.4715569Z [1m[92m   Compiling[0m version_check v0.9.5
2026-10-07T11:22:24.7609237Z [1m[92m   Compiling[0m generic-array v0.14.7
2026-10-07T11:22:25.3578553Z [1m[92m   Compiling[0m http v1.5.0
2026-10-07T11:22:25.3745918Z [1m[92m   Compiling[0m getrandom v0.3.4
2026-10-07T11:22:26.1794954Z [1m[92m   Compiling[0m cfg-if v1.0.5
2026-10-07T11:22:26.5960142Z [1m[92m   Compiling[0m syn v3.0.6
2026-10-07T11:22:26.6432260Z [1m[92m   Compiling[0m typenum v1.20.1
2026-10-07T11:22:27.8906783Z [1m[92m   Compiling[0m socket2 v0.6.5
2026-10-07T11:22:28.0164371Z [1m[92m   Compiling[0m mio v1.2.4
2026-10-07T11:22:28.5901849Z [1m[92m   Compiling[0m zerocopy v0.8.61
2026-10-07T11:22:29.1683786Z [1m[92m   Compiling[0m futures-core v0.3.34
2026-10-07T11:22:29.4169831Z [1m[92m   Compiling[0m httparse v1.10.1
2026-10-07T11:22:29.9604970Z [1m[92m   Compiling[0m serde_core v1.0.229
2026-10-07T11:22:30.5130869Z [1m[92m   Compiling[0m log v0.4.34
2026-10-07T11:22:30.7945767Z [1m[92m   Compiling[0m rand_core v0.9.5
2026-10-07T11:22:32.2365089Z [1m[92m   Compiling[0m crypto-common v0.1.7
2026-10-07T11:22:32.3738585Z [1m[92m   Compiling[0m block-buffer v0.10.4
2026-10-07T11:22:32.5284588Z [1m[92m   Compiling[0m http-body v1.1.0
2026-10-07T11:22:32.7195469Z [1m[92m   Compiling[0m find-msvc-tools v0.1.14
2026-10-07T11:22:33.3164554Z [1m[92m   Compiling[0m tokio-macros v2.7.2
2026-10-07T11:22:34.0226595Z [1m[92m   Compiling[0m once_cell v1.21.4
2026-10-07T11:22:34.3939846Z [1m[92m   Compiling[0m shlex v2.0.1
2026-10-07T11:22:34.4179252Z [1m[92m   Compiling[0m tokio v1.53.2
2026-10-07T11:22:34.6422111Z [1m[92m   Compiling[0m thiserror v2.0.21
2026-10-07T11:22:34.9538206Z [1m[92m   Compiling[0m cc v1.6.0
2026-10-07T11:22:35.2419335Z [1m[92m   Compiling[0m tracing-core v0.1.36
2026-10-07T11:22:36.7719654Z [1m[92m   Compiling[0m futures-macro v0.3.34
2026-10-07T11:22:37.4118060Z [1m[92m   Compiling[0m ppv-lite86 v0.2.21
2026-10-07T11:22:37.7527857Z [1m[92m   Compiling[0m thiserror-impl v2.0.21
2026-10-07T11:22:37.9729931Z [1m[92m   Compiling[0m rand_chacha v0.9.0
2026-10-07T11:22:38.0712515Z [1m[92m   Compiling[0m digest v0.10.7
2026-10-07T11:22:38.3437724Z [1m[92m   Compiling[0m pkg-config v0.3.34
2026-10-07T11:22:39.0276032Z [1m[92m   Compiling[0m futures-sink v0.3.34
2026-10-07T11:22:39.1107000Z [1m[92m   Compiling[0m tower-service v0.3.3
2026-10-07T11:22:39.1111746Z [1m[92m   Compiling[0m futures-task v0.3.34
2026-10-07T11:22:39.2006012Z [1m[92m   Compiling[0m serde v1.0.229
2026-10-07T11:22:39.3414593Z [1m[92m   Compiling[0m slab v0.4.12
2026-10-07T11:22:39.6163108Z [1m[92m   Compiling[0m zmij v1.0.23
2026-10-07T11:22:39.7050430Z [1m[92m   Compiling[0m cpufeatures v0.2.17
2026-10-07T11:22:39.7712156Z [1m[92m   Compiling[0m smallvec v1.16.2
2026-10-07T11:22:39.8651380Z [1m[92m   Compiling[0m vcpkg v0.2.15
2026-10-07T11:22:40.1352285Z [1m[92m   Compiling[0m sha1 v0.10.7
2026-10-07T11:22:40.2641367Z [1m[92m   Compiling[0m futures-util v0.3.34
2026-10-07T11:22:40.9473051Z [1m[92m   Compiling[0m libsqlite3-sys v0.38.2
2026-10-07T11:22:40.9548787Z [1m[92m   Compiling[0m rand v0.9.5
2026-10-07T11:22:41.5435025Z [1m[92m   Compiling[0m tracing v0.1.44
2026-10-07T11:22:42.1109914Z [1m[92m   Compiling[0m serde_derive v1.0.229
2026-10-07T11:22:42.1223516Z [1m[92m   Compiling[0m atomic-waker v1.1.2
2026-10-07T11:22:42.2411782Z [1m[92m   Compiling[0m foldhash v0.2.0
2026-10-07T11:22:42.5901391Z [1m[92m   Compiling[0m httpdate v1.0.3
2026-10-07T11:22:43.1835046Z [1m[92m   Compiling[0m percent-encoding v2.3.2
2026-10-07T11:22:43.5160174Z [1m[92m   Compiling[0m data-encoding v2.11.1
2026-10-07T11:22:44.2810841Z [1m[92m   Compiling[0m sync_wrapper v1.0.2
2026-10-07T11:22:44.3569973Z [1m[92m   Compiling[0m tower-layer v0.3.3
2026-10-07T11:22:44.6017000Z [1m[92m   Compiling[0m serde_json v1.0.151
2026-10-07T11:22:45.0022448Z [1m[92m   Compiling[0m tungstenite v0.29.0
2026-10-07T11:22:48.3348726Z [1m[92m   Compiling[0m form_urlencoded v1.2.2
2026-10-07T11:22:48.6941460Z [1m[92m   Compiling[0m hyper v1.12.0
2026-10-07T11:22:49.0697585Z [1m[92m   Compiling[0m hashbrown v0.17.1
2026-10-07T11:22:49.8811975Z [1m[92m   Compiling[0m http-body-util v0.1.5
2026-10-07T11:22:50.2153970Z [1m[92m   Compiling[0m ryu v1.0.23
2026-10-07T11:22:50.3081228Z [1m[92m   Compiling[0m memchr v2.8.3
2026-10-07T11:22:51.4845420Z [1m[92m   Compiling[0m mime v0.3.17
2026-10-07T11:22:54.5025292Z [1m[92m   Compiling[0m axum-core v0.5.6
2026-10-07T11:22:56.1615549Z [1m[92m   Compiling[0m serde_urlencoded v0.7.1
2026-10-07T11:22:57.1725735Z [1m[92m   Compiling[0m hashlink v0.12.2
2026-10-07T11:22:58.5910392Z [1m[92m   Compiling[0m hyper-util v0.1.21
2026-10-07T11:22:59.7726219Z [1m[92m   Compiling[0m tokio-tungstenite v0.29.0
2026-10-07T11:23:00.0095265Z [1m[92m   Compiling[0m tower v0.5.3
2026-10-07T11:23:00.2568455Z [1m[92m   Compiling[0m deadpool-runtime v0.3.1
2026-10-07T11:23:00.8068343Z [1m[92m   Compiling[0m serde_path_to_error v0.1.20
2026-10-07T11:23:01.2723148Z [1m[92m   Compiling[0m bitflags v2.13.2
2026-10-07T11:23:01.8482717Z [1m[92m   Compiling[0m base64 v0.22.1
2026-10-07T11:23:02.4287789Z [1m[92m   Compiling[0m matchit v0.8.4
2026-10-07T11:23:02.7418512Z [1m[92m   Compiling[0m fallible-streaming-iterator v0.1.9
2026-10-07T11:23:03.3495307Z [1m[92m   Compiling[0m fallible-iterator v0.3.0
2026-10-07T11:23:03.5955805Z [1m[92m   Compiling[0m axum v0.8.9
2026-10-07T11:23:04.1730304Z [1m[92m   Compiling[0m deadpool v0.13.1
2026-10-07T11:23:04.4202563Z [1m[92m   Compiling[0m bumpalo v3.20.3
2026-10-07T11:23:17.9078470Z [1m[92m   Compiling[0m rusqlite v0.40.2
2026-10-07T11:23:18.8881043Z [1m[92m   Compiling[0m nagi-runtime v0.1.11 (D:\a\Nagi\Nagi\runtime)
2026-10-07T11:23:27.6176336Z [1m[92m   Compiling[0m nagi-hello-1c070a4da5390ed1 v0.1.0 (D:\a\Nagi\Nagi\build\hello\.nagi\apps\nagi-hello-1c070a4da5390ed1\generations\.staging-g-20d8-18dc3b790b458ae4-0)
2026-10-07T11:23:28.1549444Z [1m[92m    Finished[0m `release` profile [optimized] target(s) in 1m 05s
2026-10-07T11:23:28.1917449Z native: \\?\D:\a\Nagi\Nagi\build\hello\.nagi\apps\nagi-hello-1c070a4da5390ed1\generations\g-20d8-18dc3b790b458ae4-0\nagi-1c070a4da5390ed1-g-20d8-18dc3b790b458ae4-0.exe
2026-10-07T11:23:28.2498209Z EXE: D:\a\Nagi\Nagi\build\distribution\nagi-hello.exe
2026-10-07T11:23:28.2522576Z Size: 1909760 bytes
2026-10-07T11:23:28.3452594Z SHA256: 6ED5EA157B3F0F009895E79E7297CA8FE8319A574B67761C73F3656476C0F699
2026-10-07T11:23:28.4360877Z ##[group]Run ./scripts/build_windows_demo.ps1 -Source examples/hello.nagi -Offline
2026-10-07T11:23:28.4361555Z [36;1m./scripts/build_windows_demo.ps1 -Source examples/hello.nagi -Offline[0m
2026-10-07T11:23:28.4362018Z [36;1m$output = & ./build/distribution/nagi-hello.exe[0m
2026-10-07T11:23:28.4362541Z [36;1mif ($LASTEXITCODE -ne 0 -or $output -notcontains 'Hello, Nagi!') { throw 'Packaged Hello failed.' }[0m
2026-10-07T11:23:28.4363086Z [36;1m./test-nagi-code/build_fractal_exe.ps1 -Offline[0m
2026-10-07T11:23:28.4363458Z [36;1m$output = 'q' | & ./build/distribution/nagi-fractal.exe[0m
2026-10-07T11:23:28.4363974Z [36;1mif ($LASTEXITCODE -ne 0 -or -not ($output -match 'Goodbye!')) { throw 'Packaged fractal failed.' }[0m
2026-10-07T11:23:28.4432808Z shell: C:\Program Files\PowerShell\7\pwsh.EXE -command ". '{0}'"
2026-10-07T11:23:28.4433421Z env:
2026-10-07T11:23:28.4433672Z   NAGI_FAILURE_DIR: D:\a\Nagi\Nagi/build/compiler-failures
2026-10-07T11:23:28.4434027Z   CARGO_HOME: C:\Users\runneradmin\.cargo
2026-10-07T11:23:28.4434291Z   CARGO_INCREMENTAL: 0
2026-10-07T11:23:28.4434501Z   CARGO_TERM_COLOR: always
2026-10-07T11:23:28.4434785Z   pythonLocation: C:\hostedtoolcache\windows\Python\3.12.10\x64
2026-10-07T11:23:28.4435231Z   PKG_CONFIG_PATH: C:\hostedtoolcache\windows\Python\3.12.10\x64/lib/pkgconfig
2026-10-07T11:23:28.4435671Z   Python_ROOT_DIR: C:\hostedtoolcache\windows\Python\3.12.10\x64
2026-10-07T11:23:28.4436062Z   Python2_ROOT_DIR: C:\hostedtoolcache\windows\Python\3.12.10\x64
2026-10-07T11:23:28.4436445Z   Python3_ROOT_DIR: C:\hostedtoolcache\windows\Python\3.12.10\x64
2026-10-07T11:23:28.4436751Z ##[endgroup]
2026-10-07T11:23:28.9607000Z [1m[92m    Finished[0m `release` profile [optimized] target(s) in 0.08s
2026-10-07T11:23:29.1870181Z [1m[92m   Compiling[0m nagi-hello-1c070a4da5390ed1 v0.1.0 (D:\a\Nagi\Nagi\build\hello\.nagi\apps\nagi-hello-1c070a4da5390ed1\generations\.staging-g-24cc-18dc3b8871caae98-0)
2026-10-07T11:23:29.5695537Z [1m[92m    Finished[0m `release` profile [optimized] target(s) in 0.53s
2026-10-07T11:23:29.5912275Z native: \\?\D:\a\Nagi\Nagi\build\hello\.nagi\apps\nagi-hello-1c070a4da5390ed1\generations\g-24cc-18dc3b8871caae98-0\nagi-1c070a4da5390ed1-g-24cc-18dc3b8871caae98-0.exe
2026-10-07T11:23:29.6145604Z EXE: D:\a\Nagi\Nagi\build\distribution\nagi-hello.exe
2026-10-07T11:23:29.6177911Z Size: 1909760 bytes
2026-10-07T11:23:29.6447025Z SHA256: 5C95A28F99023E4A1B361D23E4E24E05968422151B7B3E1D92E6E81308E648CE
2026-10-07T11:23:29.8125626Z [1m[92m    Finished[0m `release` profile [optimized] target(s) in 0.08s
2026-10-07T11:23:30.0811695Z [1m[92m     Locking[0m 107 packages to highest compatible versions
2026-10-07T11:23:30.3592075Z [1m[92m   Compiling[0m proc-macro2 v1.0.107
2026-10-07T11:23:30.3601833Z [1m[92m   Compiling[0m unicode-ident v1.0.26
2026-10-07T11:23:30.3611344Z [1m[92m   Compiling[0m quote v1.0.47
2026-10-07T11:23:30.3617785Z [1m[92m   Compiling[0m bytes v1.12.1
2026-10-07T11:23:30.5229454Z [1m[92m   Compiling[0m itoa v1.0.18
2026-10-07T11:23:30.9666591Z [1m[92m   Compiling[0m pin-project-lite v0.2.17
2026-10-07T11:23:30.9988582Z [1m[92m   Compiling[0m windows-link v0.2.1
2026-10-07T11:23:31.0361171Z [1m[92m   Compiling[0m windows-sys v0.61.2
2026-10-07T11:23:31.0608077Z [1m[92m   Compiling[0m version_check v0.9.5
2026-10-07T11:23:31.4787843Z [1m[92m   Compiling[0m generic-array v0.14.7
2026-10-07T11:23:32.0836397Z [1m[92m   Compiling[0m http v1.5.0
2026-10-07T11:23:32.3435583Z [1m[92m   Compiling[0m syn v3.0.6
2026-10-07T11:23:32.5607365Z [1m[92m   Compiling[0m getrandom v0.3.4
2026-10-07T11:23:33.0001638Z [1m[92m   Compiling[0m typenum v1.20.1
2026-10-07T11:23:34.2862404Z [1m[92m   Compiling[0m futures-core v0.3.34
2026-10-07T11:23:34.6439321Z [1m[92m   Compiling[0m cfg-if v1.0.5
2026-10-07T11:23:34.8063969Z [1m[92m   Compiling[0m zerocopy v0.8.61
2026-10-07T11:23:35.3229236Z [1m[92m   Compiling[0m mio v1.2.4
2026-10-07T11:23:35.4350066Z [1m[92m   Compiling[0m socket2 v0.6.5
2026-10-07T11:23:36.7223960Z [1m[92m   Compiling[0m httparse v1.10.1
2026-10-07T11:23:36.7560815Z [1m[92m   Compiling[0m serde_core v1.0.229
2026-10-07T11:23:37.5521548Z [1m[92m   Compiling[0m log v0.4.34
2026-10-07T11:23:37.6698241Z [1m[92m   Compiling[0m rand_core v0.9.5
2026-10-07T11:23:38.4907864Z [1m[92m   Compiling[0m crypto-common v0.1.7
2026-10-07T11:23:38.6496640Z [1m[92m   Compiling[0m block-buffer v0.10.4
2026-10-07T11:23:38.8863722Z [1m[92m   Compiling[0m http-body v1.1.0
2026-10-07T11:23:38.9701159Z [1m[92m   Compiling[0m tokio-macros v2.7.2
2026-10-07T11:23:39.0348940Z [1m[92m   Compiling[0m find-msvc-tools v0.1.14
2026-10-07T11:23:40.2597205Z [1m[92m   Compiling[0m tokio v1.53.2
2026-10-07T11:23:40.5682460Z [1m[92m   Compiling[0m once_cell v1.21.4
2026-10-07T11:23:40.8982496Z [1m[92m   Compiling[0m thiserror v2.0.21
2026-10-07T11:23:41.3602202Z [1m[92m   Compiling[0m shlex v2.0.1
2026-10-07T11:23:41.6913999Z [1m[92m   Compiling[0m cc v1.6.0
2026-10-07T11:23:42.4051340Z [1m[92m   Compiling[0m tracing-core v0.1.36
2026-10-07T11:23:43.9482223Z [1m[92m   Compiling[0m thiserror-impl v2.0.21
2026-10-07T11:23:44.3503428Z [1m[92m   Compiling[0m ppv-lite86 v0.2.21
2026-10-07T11:23:44.4535465Z [1m[92m   Compiling[0m futures-macro v0.3.34
2026-10-07T11:23:44.8275246Z [1m[92m   Compiling[0m rand_chacha v0.9.0
2026-10-07T11:23:45.6064091Z [1m[92m   Compiling[0m digest v0.10.7
2026-10-07T11:23:45.9374782Z [1m[92m   Compiling[0m serde v1.0.229
2026-10-07T11:23:45.9751252Z [1m[92m   Compiling[0m futures-task v0.3.34
2026-10-07T11:23:46.0735951Z [1m[92m   Compiling[0m futures-sink v0.3.34
2026-10-07T11:23:46.1949548Z [1m[92m   Compiling[0m smallvec v1.16.2
2026-10-07T11:23:46.3446883Z [1m[92m   Compiling[0m cpufeatures v0.2.17
2026-10-07T11:23:46.4377235Z [1m[92m   Compiling[0m vcpkg v0.2.15
2026-10-07T11:23:46.5517365Z [1m[92m   Compiling[0m slab v0.4.12
2026-10-07T11:23:46.6618261Z [1m[92m   Compiling[0m pkg-config v0.3.34
2026-10-07T11:23:46.8094188Z [1m[92m   Compiling[0m tower-service v0.3.3
2026-10-07T11:23:46.8883321Z [1m[92m   Compiling[0m zmij v1.0.23
2026-10-07T11:23:47.3377413Z [1m[92m   Compiling[0m futures-util v0.3.34
2026-10-07T11:23:47.4143897Z [1m[92m   Compiling[0m libsqlite3-sys v0.38.2
2026-10-07T11:23:47.5063444Z [1m[92m   Compiling[0m sha1 v0.10.7
2026-10-07T11:23:48.0643963Z [1m[92m   Compiling[0m rand v0.9.5
2026-10-07T11:23:48.4097262Z [1m[92m   Compiling[0m tracing v0.1.44
2026-10-07T11:23:49.0047007Z [1m[92m   Compiling[0m serde_derive v1.0.229
2026-10-07T11:23:49.2293585Z [1m[92m   Compiling[0m foldhash v0.2.0
2026-10-07T11:23:49.5483791Z [1m[92m   Compiling[0m serde_json v1.0.151
2026-10-07T11:23:49.8699695Z [1m[92m   Compiling[0m httpdate v1.0.3
2026-10-07T11:23:50.5702231Z [1m[92m   Compiling[0m tower-layer v0.3.3
2026-10-07T11:23:50.8151750Z [1m[92m   Compiling[0m sync_wrapper v1.0.2
2026-10-07T11:23:50.9007929Z [1m[92m   Compiling[0m atomic-waker v1.1.2
2026-10-07T11:23:51.0140584Z [1m[92m   Compiling[0m data-encoding v2.11.1
2026-10-07T11:23:51.4585459Z [1m[92m   Compiling[0m percent-encoding v2.3.2
2026-10-07T11:23:51.8143097Z [1m[92m   Compiling[0m form_urlencoded v1.2.2
2026-10-07T11:23:52.1522534Z [1m[92m   Compiling[0m tungstenite v0.29.0
2026-10-07T11:23:55.1092201Z [1m[92m   Compiling[0m hyper v1.12.0
2026-10-07T11:23:55.4091724Z [1m[92m   Compiling[0m hashbrown v0.17.1
2026-10-07T11:23:56.7306613Z [1m[92m   Compiling[0m http-body-util v0.1.5
2026-10-07T11:23:57.0206530Z [1m[92m   Compiling[0m ryu v1.0.23
2026-10-07T11:23:57.1433625Z [1m[92m   Compiling[0m mime v0.3.17
2026-10-07T11:23:57.4901136Z [1m[92m   Compiling[0m memchr v2.8.3
2026-10-07T11:23:58.4915469Z [1m[92m   Compiling[0m axum-core v0.5.6
2026-10-07T11:24:01.3161211Z [1m[92m   Compiling[0m serde_urlencoded v0.7.1
2026-10-07T11:24:02.8354270Z [1m[92m   Compiling[0m hyper-util v0.1.21
2026-10-07T11:24:04.1263624Z [1m[92m   Compiling[0m hashlink v0.12.2
2026-10-07T11:24:04.8726029Z [1m[92m   Compiling[0m tokio-tungstenite v0.29.0
2026-10-07T11:24:05.3816435Z [1m[92m   Compiling[0m tower v0.5.3
2026-10-07T11:24:05.9507928Z [1m[92m   Compiling[0m deadpool-runtime v0.3.1
2026-10-07T11:24:06.6584819Z [1m[92m   Compiling[0m serde_path_to_error v0.1.20
2026-10-07T11:24:07.2114751Z [1m[92m   Compiling[0m fallible-streaming-iterator v0.1.9
2026-10-07T11:24:07.7716213Z [1m[92m   Compiling[0m matchit v0.8.4
2026-10-07T11:24:08.4058485Z [1m[92m   Compiling[0m fallible-iterator v0.3.0
2026-10-07T11:24:08.9549271Z [1m[92m   Compiling[0m base64 v0.22.1
2026-10-07T11:24:09.4666003Z [1m[92m   Compiling[0m bitflags v2.13.2
2026-10-07T11:24:09.9927973Z [1m[92m   Compiling[0m deadpool v0.13.1
2026-10-07T11:24:10.5052446Z [1m[92m   Compiling[0m axum v0.8.9
2026-10-07T11:24:10.8985736Z [1m[92m   Compiling[0m bumpalo v3.20.3
2026-10-07T11:24:24.5783934Z [1m[92m   Compiling[0m rusqlite v0.40.2
2026-10-07T11:24:25.5556503Z [1m[92m   Compiling[0m nagi-runtime v0.1.11 (D:\a\Nagi\Nagi\runtime)
2026-10-07T11:24:34.3817788Z [1m[92m   Compiling[0m nagi-fractal-196ea646f47f2f32 v0.1.0 (D:\a\Nagi\Nagi\build\fractal\.nagi\apps\nagi-fractal-196ea646f47f2f32\generations\.staging-g-2214-18dc3b88a43e0c30-0)
2026-10-07T11:24:34.8145754Z [1m[92m    Finished[0m `release` profile [optimized] target(s) in 1m 04s
2026-10-07T11:24:34.8511178Z native: \\?\D:\a\Nagi\Nagi\build\fractal\.nagi\apps\nagi-fractal-196ea646f47f2f32\generations\g-2214-18dc3b88a43e0c30-0\nagi-196ea646f47f2f32-g-2214-18dc3b88a43e0c30-0.exe
2026-10-07T11:24:34.8570316Z EXE: D:\a\Nagi\Nagi\build\distribution\nagi-fractal.exe
2026-10-07T11:24:34.8574608Z Size: 1901056 bytes
2026-10-07T11:24:34.8600203Z SHA256: 503447DB5D5D825651457373834ED9044587385C58A30BC2FDD87933DFC30CB7
2026-10-07T11:24:34.9154250Z ##[group]Run python scripts/releases/package.py --binary "target/release/$RELEASE_EXECUTABLE" --version "$RELEASE_VERSION" --platform "$RELEASE_PLATFORM"
2026-10-07T11:24:34.9155413Z [36;1mpython scripts/releases/package.py --binary "target/release/$RELEASE_EXECUTABLE" --version "$RELEASE_VERSION" --platform "$RELEASE_PLATFORM"[0m
2026-10-07T11:24:34.9171641Z shell: C:\Program Files\Git\bin\bash.EXE --noprofile --norc -e -o pipefail {0}
2026-10-07T11:24:34.9172026Z env:
2026-10-07T11:24:34.9172266Z   NAGI_FAILURE_DIR: D:\a\Nagi\Nagi/build/compiler-failures
2026-10-07T11:24:34.9172597Z   CARGO_HOME: C:\Users\runneradmin\.cargo
2026-10-07T11:24:34.9172849Z   CARGO_INCREMENTAL: 0
2026-10-07T11:24:34.9173048Z   CARGO_TERM_COLOR: always
2026-10-07T11:24:34.9173339Z   pythonLocation: C:\hostedtoolcache\windows\Python\3.12.10\x64
2026-10-07T11:24:34.9173795Z   PKG_CONFIG_PATH: C:\hostedtoolcache\windows\Python\3.12.10\x64/lib/pkgconfig
2026-10-07T11:24:34.9174287Z   Python_ROOT_DIR: C:\hostedtoolcache\windows\Python\3.12.10\x64
2026-10-07T11:24:34.9174685Z   Python2_ROOT_DIR: C:\hostedtoolcache\windows\Python\3.12.10\x64
2026-10-07T11:24:34.9175078Z   Python3_ROOT_DIR: C:\hostedtoolcache\windows\Python\3.12.10\x64
2026-10-07T11:24:34.9175563Z   RELEASE_VERSION: 0.1.11
2026-10-07T11:24:34.9175785Z   RELEASE_PLATFORM: windows-x86_64
2026-10-07T11:24:34.9176024Z   RELEASE_EXECUTABLE: nagic.exe
2026-10-07T11:24:34.9176245Z ##[endgroup]
2026-10-07T11:24:35.5301805Z D:\a\Nagi\Nagi\build\distribution\nagi-0.1.11-windows-x86_64.zip
2026-10-07T11:24:35.5606943Z ##[group]Run python - <<'PY'
2026-10-07T11:24:35.5607291Z [36;1mpython - <<'PY'[0m
2026-10-07T11:24:35.5607526Z [36;1mimport os, sys[0m
2026-10-07T11:24:35.5607752Z [36;1mfrom pathlib import Path[0m
2026-10-07T11:24:35.5608050Z [36;1msys.path.insert(0, 'scripts/releases')[0m
2026-10-07T11:24:35.5608350Z [36;1mfrom verify import verify[0m
2026-10-07T11:24:35.5608769Z [36;1mversion, platform = os.environ['RELEASE_VERSION'], os.environ['RELEASE_PLATFORM'][0m
2026-10-07T11:24:35.5609250Z [36;1msuffix = '.zip' if os.name == 'nt' else '.tar.gz'[0m
2026-10-07T11:24:35.5609834Z [36;1mverify(Path('build/distribution') / f'nagi-{version}-{platform}{suffix}', version, platform, Path('native-target'))[0m
2026-10-07T11:24:35.5610377Z [36;1mPY[0m
2026-10-07T11:24:35.5626574Z shell: C:\Program Files\Git\bin\bash.EXE --noprofile --norc -e -o pipefail {0}
2026-10-07T11:24:35.5626959Z env:
2026-10-07T11:24:35.5627234Z   NAGI_FAILURE_DIR: D:\a\Nagi\Nagi/build/compiler-failures
2026-10-07T11:24:35.5627569Z   CARGO_HOME: C:\Users\runneradmin\.cargo
2026-10-07T11:24:35.5627823Z   CARGO_INCREMENTAL: 0
2026-10-07T11:24:35.5628030Z   CARGO_TERM_COLOR: always
2026-10-07T11:24:35.5628322Z   pythonLocation: C:\hostedtoolcache\windows\Python\3.12.10\x64
2026-10-07T11:24:35.5628768Z   PKG_CONFIG_PATH: C:\hostedtoolcache\windows\Python\3.12.10\x64/lib/pkgconfig
2026-10-07T11:24:35.5629219Z   Python_ROOT_DIR: C:\hostedtoolcache\windows\Python\3.12.10\x64
2026-10-07T11:24:35.5629626Z   Python2_ROOT_DIR: C:\hostedtoolcache\windows\Python\3.12.10\x64
2026-10-07T11:24:35.5630018Z   Python3_ROOT_DIR: C:\hostedtoolcache\windows\Python\3.12.10\x64
2026-10-07T11:24:35.5630339Z   RELEASE_VERSION: 0.1.11
2026-10-07T11:24:35.5630558Z   RELEASE_PLATFORM: windows-x86_64
2026-10-07T11:24:35.5630798Z   RELEASE_EXECUTABLE: nagic.exe
2026-10-07T11:24:35.5631010Z ##[endgroup]
2026-10-07T11:25:00.1129079Z Verified SQL engine: extracted compiler, offline schema, bad columns/binds, Nagi locations, no Cargo/runtime
2026-10-07T11:25:00.1130313Z Verified 0.1.11 windows-x86_64: PATH, external projects, version, help, function aliases, shared/borrowed JSON, early Nagi diagnostics
2026-10-07T11:25:00.1131926Z Verified local Rust dependency: manifest-relative path, package alias, features, default-features, separate cwd/output
2026-10-07T11:25:00.1133064Z Verified standard actor library: extracted runtime, typed context, task, tracked cleanup
2026-10-07T11:25:00.1134225Z Verified Task handles: extracted compiler/runtime, High/saved Low/handwritten Low, receive/discard, nested business Err, early ownership diagnostics
2026-10-07T11:25:00.1441719Z ##[group]Run python tests/route_integration.py
2026-10-07T11:25:00.1442327Z [36;1mpython tests/route_integration.py[0m
2026-10-07T11:25:00.1521595Z shell: C:\Program Files\PowerShell\7\pwsh.EXE -command ". '{0}'"
2026-10-07T11:25:00.1521933Z env:
2026-10-07T11:25:00.1522331Z   NAGI_FAILURE_DIR: D:\a\Nagi\Nagi/build/compiler-failures
2026-10-07T11:25:00.1522826Z   CARGO_HOME: C:\Users\runneradmin\.cargo
2026-10-07T11:25:00.1523085Z   CARGO_INCREMENTAL: 0
2026-10-07T11:25:00.1523287Z   CARGO_TERM_COLOR: always
2026-10-07T11:25:00.1523587Z   pythonLocation: C:\hostedtoolcache\windows\Python\3.12.10\x64
2026-10-07T11:25:00.1524065Z   PKG_CONFIG_PATH: C:\hostedtoolcache\windows\Python\3.12.10\x64/lib/pkgconfig
2026-10-07T11:25:00.1524525Z   Python_ROOT_DIR: C:\hostedtoolcache\windows\Python\3.12.10\x64
2026-10-07T11:25:00.1524926Z   Python2_ROOT_DIR: C:\hostedtoolcache\windows\Python\3.12.10\x64
2026-10-07T11:25:00.1525528Z   Python3_ROOT_DIR: C:\hostedtoolcache\windows\Python\3.12.10\x64
2026-10-07T11:25:00.1526112Z ##[endgroup]
2026-10-07T11:25:10.6682891Z HTTP route parameters: 7 passed
2026-10-07T11:25:10.8528733Z ##[group]Run python tests/http_stdlib_integration.py
2026-10-07T11:25:10.8529173Z [36;1mpython tests/http_stdlib_integration.py[0m
2026-10-07T11:25:10.8608633Z shell: C:\Program Files\PowerShell\7\pwsh.EXE -command ". '{0}'"
2026-10-07T11:25:10.8608975Z env:
2026-10-07T11:25:10.8609221Z   NAGI_FAILURE_DIR: D:\a\Nagi\Nagi/build/compiler-failures
2026-10-07T11:25:10.8609724Z   CARGO_HOME: C:\Users\runneradmin\.cargo
2026-10-07T11:25:10.8610123Z   CARGO_INCREMENTAL: 0
2026-10-07T11:25:10.8610329Z   CARGO_TERM_COLOR: always
2026-10-07T11:25:10.8610624Z   pythonLocation: C:\hostedtoolcache\windows\Python\3.12.10\x64
2026-10-07T11:25:10.8611100Z   PKG_CONFIG_PATH: C:\hostedtoolcache\windows\Python\3.12.10\x64/lib/pkgconfig
2026-10-07T11:25:10.8611550Z   Python_ROOT_DIR: C:\hostedtoolcache\windows\Python\3.12.10\x64
2026-10-07T11:25:10.8611948Z   Python2_ROOT_DIR: C:\hostedtoolcache\windows\Python\3.12.10\x64
2026-10-07T11:25:10.8612394Z   Python3_ROOT_DIR: C:\hostedtoolcache\windows\Python\3.12.10\x64
2026-10-07T11:25:10.8612930Z ##[endgroup]
2026-10-07T11:25:29.9440694Z Standard HTTP Nagi integration: 72 passed (High and independent Low)
2026-10-07T11:25:30.0655611Z ##[group]Run cargo test --locked -p nagic --test scoped_tasks
2026-10-07T11:25:30.0656106Z [36;1mcargo test --locked -p nagic --test scoped_tasks[0m
2026-10-07T11:25:30.0729729Z shell: C:\Program Files\PowerShell\7\pwsh.EXE -command ". '{0}'"
2026-10-07T11:25:30.0730077Z env:
2026-10-07T11:25:30.0730324Z   NAGI_FAILURE_DIR: D:\a\Nagi\Nagi/build/compiler-failures
2026-10-07T11:25:30.0730659Z   CARGO_HOME: C:\Users\runneradmin\.cargo
2026-10-07T11:25:30.0730920Z   CARGO_INCREMENTAL: 0
2026-10-07T11:25:30.0731116Z   CARGO_TERM_COLOR: always
2026-10-07T11:25:30.0731405Z   pythonLocation: C:\hostedtoolcache\windows\Python\3.12.10\x64
2026-10-07T11:25:30.0732190Z   PKG_CONFIG_PATH: C:\hostedtoolcache\windows\Python\3.12.10\x64/lib/pkgconfig
2026-10-07T11:25:30.0732658Z   Python_ROOT_DIR: C:\hostedtoolcache\windows\Python\3.12.10\x64
2026-10-07T11:25:30.0733051Z   Python2_ROOT_DIR: C:\hostedtoolcache\windows\Python\3.12.10\x64
2026-10-07T11:25:30.0733478Z   Python3_ROOT_DIR: C:\hostedtoolcache\windows\Python\3.12.10\x64
2026-10-07T11:25:30.0733794Z ##[endgroup]
2026-10-07T11:25:31.9404378Z [1m[92m   Compiling[0m nagic v0.1.11 (D:\a\Nagi\Nagi\compiler)
2026-10-07T11:25:32.8701111Z [1m[92m    Finished[0m `test` profile [unoptimized + debuginfo] target(s) in 2.47s
2026-10-07T11:25:32.8744500Z [1m[92m     Running[0m tests\scoped_tasks.rs (target\debug\deps\scoped_tasks-2e92580973fbed6e.exe)
2026-10-07T11:25:32.8860055Z 
2026-10-07T11:25:32.8860600Z running 5 tests
2026-10-07T11:25:32.8908684Z test moving_an_owned_argument_still_consumes_it_before_later_parent_work ... ok
2026-10-07T11:25:32.8997743Z test scope_rejects_known_foreign_error_types_and_preserves_local_error_adapters ... ok
2026-10-07T11:25:32.9032432Z test futures_that_still_hold_views_are_rejected_after_copying_containers ... ok
2026-10-07T11:25:32.9117508Z test copied_views_and_values_computed_from_views_can_enter_tasks ... ok
2026-10-07T11:25:33.6136772Z test spawn_evaluates_owned_arguments_before_parent_continues_and_keeps_sources ... ok
2026-10-07T11:25:33.6137641Z 
2026-10-07T11:25:33.6138246Z test result: ok. 5 passed; 0 failed; 0 ignored; 0 measured; 0 filtered out; finished in 0.73s
2026-10-07T11:25:33.6138796Z 
2026-10-07T11:25:33.7669355Z ##[group]Run cargo test --locked -p nagi-runtime actor::
2026-10-07T11:25:33.7669823Z [36;1mcargo test --locked -p nagi-runtime actor::[0m
2026-10-07T11:25:33.7670195Z [36;1mcargo test --locked -p nagi-runtime supervisor_drop[0m
2026-10-07T11:25:33.7745415Z shell: C:\Program Files\PowerShell\7\pwsh.EXE -command ". '{0}'"
2026-10-07T11:25:33.7745752Z env:
2026-10-07T11:25:33.7746058Z   NAGI_FAILURE_DIR: D:\a\Nagi\Nagi/build/compiler-failures
2026-10-07T11:25:33.7746403Z   CARGO_HOME: C:\Users\runneradmin\.cargo
2026-10-07T11:25:33.7746893Z   CARGO_INCREMENTAL: 0
2026-10-07T11:25:33.7747091Z   CARGO_TERM_COLOR: always
2026-10-07T11:25:33.7747378Z   pythonLocation: C:\hostedtoolcache\windows\Python\3.12.10\x64
2026-10-07T11:25:33.7747825Z   PKG_CONFIG_PATH: C:\hostedtoolcache\windows\Python\3.12.10\x64/lib/pkgconfig
2026-10-07T11:25:33.7748277Z   Python_ROOT_DIR: C:\hostedtoolcache\windows\Python\3.12.10\x64
2026-10-07T11:25:33.7748699Z   Python2_ROOT_DIR: C:\hostedtoolcache\windows\Python\3.12.10\x64
2026-10-07T11:25:33.7749096Z   Python3_ROOT_DIR: C:\hostedtoolcache\windows\Python\3.12.10\x64
2026-10-07T11:25:33.7749403Z ##[endgroup]
2026-10-07T11:25:34.2196477Z [1m[92m    Finished[0m `test` profile [unoptimized + debuginfo] target(s) in 0.12s
2026-10-07T11:25:34.2263621Z [1m[92m     Running[0m unittests src\lib.rs (target\debug\deps\nagi_runtime-a770d1c1efa4fc1d.exe)
2026-10-07T11:25:34.2331558Z 
2026-10-07T11:25:34.2331945Z running 44 tests
2026-10-07T11:25:34.2336920Z test actor::charge::tests::arithmetic_and_expired_deadlines_fail_before_acceptance ... ok
2026-10-07T11:25:34.2340580Z test actor::charge::tests::list_capacity_and_only_initialized_elements_contribute_heap ... ok
2026-10-07T11:25:34.2343621Z test actor::charge::tests::option_and_result_visit_only_the_active_payload ... ok
2026-10-07T11:25:34.2348060Z test actor::charge::tests::recursive_owned_graphs_obey_depth_limit_and_restore_walk_after_errors ... ok
2026-10-07T11:25:34.2365622Z test actor::charge::tests::root_inline_and_envelope_are_counted_once ... ok
2026-10-07T11:25:34.2367003Z test actor::charge::tests::retained_string_bytes_and_error_capacities_are_charged ... ok
2026-10-07T11:25:34.2370882Z test actor::charge::tests::inline_only_lists_skip_every_element_and_zero_sized_capacity_is_safe ... ok
2026-10-07T11:25:34.2384739Z test actor::lifecycle_adversarial_tests::a_factory_constructor_panic_does_not_lose_the_context_cleanup_obligation ... ok
2026-10-07T11:25:34.2500180Z test actor::charge::tests::work_budget_includes_root_and_initialized_non_inline_elements ... ok
2026-10-07T11:25:34.2505519Z test actor::lifecycle_adversarial_tests::a_late_buffered_outer_failure_obeys_the_same_reply_deadline ... ok
2026-10-07T11:25:34.2904204Z test actor::lifecycle_adversarial_tests::a_blocking_panic_payload_destructor_remains_a_retained_child_obligation ... ok
2026-10-07T11:25:34.2917339Z test actor::lifecycle_adversarial_tests::a_panic_payload_destructor_can_observe_and_stop_its_group_without_a_lock_cycle ... ok
2026-10-07T11:25:34.2921688Z test actor::lifecycle_adversarial_tests::a_reply_completed_after_deadline_times_out_even_when_already_buffered ... ok
2026-10-07T11:25:34.2926402Z test actor::lifecycle_adversarial_tests::a_reply_completed_before_deadline_succeeds_when_the_caller_polls_after_deadline ... ok
2026-10-07T11:25:34.2938359Z test actor::lifecycle_adversarial_tests::a_finite_follow_on_panic_payload_retains_the_guard_and_context_until_drop_finishes ... ok
2026-10-07T11:25:34.3077676Z test actor::lifecycle_adversarial_tests::a_blocking_native_poll_retains_its_child_record_until_it_returns ... ok
2026-10-07T11:25:34.3088932Z test actor::lifecycle_adversarial_tests::an_event_only_surviving_control_drains_cleanup_and_observes_stream_close ... ok
2026-10-07T11:25:34.3235201Z test actor::lifecycle_adversarial_tests::a_non_yielding_poll_cannot_be_reported_as_completed_cleanup ... ok
2026-10-07T11:25:34.3379283Z test actor::lifecycle_adversarial_tests::an_unrestarted_child_failure_is_retained_while_a_healthy_sibling_continues ... ok
2026-10-07T11:25:34.3386747Z test actor::lifecycle_adversarial_tests::context_owned_by_a_child_panic_payload_is_cleaned_before_final_context_cleanup ... ok
2026-10-07T11:25:34.3495211Z test actor::lifecycle_adversarial_tests::abort_does_not_complete_before_the_child_future_destructor_finishes ... ok
2026-10-07T11:25:34.3512040Z test actor::lifecycle_adversarial_tests::a_surviving_control_can_finish_cleanup_after_the_running_owner_is_dropped ... ok
2026-10-07T11:25:34.3517154Z test actor::lifecycle_adversarial_tests::origin_runtime_cancellation_does_not_restart_a_permanent_child_on_a_surviving_runtime ... ok
2026-10-07T11:25:34.3527836Z test actor::lifecycle_adversarial_tests::panicking_factory_destruction_during_owner_drop_cannot_strand_context_cleanup ... ok
2026-10-07T11:25:34.3536983Z test actor::lifecycle_adversarial_tests::stop_during_factory_construction_cancels_every_later_inserted_child ... ok
2026-10-07T11:25:34.3549123Z test actor::lifecycle_adversarial_tests::user_destructors_do_not_run_under_the_ledger_or_stop_lock ... ok
2026-10-07T11:25:34.3568638Z test actor::tests::a_smaller_immediate_call_cannot_bypass_a_waiting_byte_reservation ... ok
2026-10-07T11:25:34.3578871Z test actor::tests::an_expired_admission_deadline_rejects_even_immediately_ready_operations ... ok
2026-10-07T11:25:34.3715287Z test actor::tests::business_error_preserves_owned_state_and_restart_is_one_for_one ... ok
2026-10-07T11:25:34.3868364Z test actor::lifecycle_adversarial_tests::canceled_observation_keeps_unfinished_joins_available_to_another_control ... ok
2026-10-07T11:25:34.3880455Z test actor::tests::canceled_event_wait_does_not_consume_a_concurrently_published_event ... ok
2026-10-07T11:25:34.4032211Z test actor::tests::escaped_readiness_tokens_reject_old_generations_and_do_not_retain_the_group ... ok
2026-10-07T11:25:34.4033717Z test actor::tests::caller_timeout_keeps_accepted_work_and_all_reservations_until_handler_finishes ... ok
2026-10-07T11:25:34.4187149Z test actor::lifecycle_adversarial_tests::final_context_destruction_is_a_retained_phase_before_completion ... ok
2026-10-07T11:25:34.4197608Z test actor::tests::lifecycle_events_are_ordered_bounded_and_keep_utf8_truncation_metadata ... ok
2026-10-07T11:25:34.4343944Z test actor::tests::event_deadlines_include_lock_contention_and_preserve_the_cursor ... ok
2026-10-07T11:25:34.4345343Z test actor::tests::global_restart_intensity_counts_attempts_and_stops_a_pending_sibling ... ok
2026-10-07T11:25:34.4354395Z test actor::tests::normally_finished_task_tokens_are_invalid_while_the_supervisor_stays_running ... ok
2026-10-07T11:25:34.4363216Z test actor::tests::oversized_business_reply_keeps_next_state_and_retained_input_capacity_is_checked ... ok
2026-10-07T11:25:34.4365511Z test actor::tests::native_factory_construction_is_included_in_the_startup_deadline ... ok
2026-10-07T11:25:34.4371664Z test actor::tests::stopped_tasks_cannot_publish_readiness_and_legacy_tasks_never_publish_it ... ok
2026-10-07T11:25:34.4433017Z test actor::tests::startup_deadline_and_zero_restart_budget_end_the_group_without_a_ready_actor ... ok
2026-10-07T11:25:34.4498681Z test actor::tests::task_readiness_follows_initialization_once_without_changing_started ... ok
2026-10-07T11:25:34.4604853Z test actor::lifecycle_adversarial_tests::delayed_native_context_owners_then_actual_context_drop_precede_completion ... ok
2026-10-07T11:25:34.4605429Z 
2026-10-07T11:25:34.4605820Z test result: ok. 44 passed; 0 failed; 0 ignored; 0 measured; 164 filtered out; finished in 0.23s
2026-10-07T11:25:34.4606252Z 
2026-10-07T11:25:34.4633609Z [1m[92m     Running[0m tests\task_handles.rs (target\debug\deps\task_handles-1352ddeda06405d9.exe)
2026-10-07T11:25:34.4695368Z 
2026-10-07T11:25:34.4695628Z running 0 tests
2026-10-07T11:25:34.4695895Z 
2026-10-07T11:25:34.4696522Z test result: ok. 0 passed; 0 failed; 0 ignored; 0 measured; 3 filtered out; finished in 0.00s
2026-10-07T11:25:34.4696885Z 
2026-10-07T11:25:34.6365089Z [1m[92m    Finished[0m `test` profile [unoptimized + debuginfo] target(s) in 0.12s
2026-10-07T11:25:34.6438674Z [1m[92m     Running[0m unittests src\lib.rs (target\debug\deps\nagi_runtime-a770d1c1efa4fc1d.exe)
2026-10-07T11:25:34.6504956Z 
2026-10-07T11:25:34.6505409Z running 2 tests
2026-10-07T11:25:34.6522256Z test concurrent::tests::supervisor_drop_after_worker_start ... ok
2026-10-07T11:25:34.6522891Z test concurrent::tests::supervisor_drop_while_waiting_for_worker_start ... ok
2026-10-07T11:25:34.6523202Z 
2026-10-07T11:25:34.6523864Z test result: ok. 2 passed; 0 failed; 0 ignored; 0 measured; 206 filtered out; finished in 0.00s
2026-10-07T11:25:34.6524210Z 
2026-10-07T11:25:34.6545220Z [1m[92m     Running[0m tests\task_handles.rs (target\debug\deps\task_handles-1352ddeda06405d9.exe)
2026-10-07T11:25:34.6605646Z 
2026-10-07T11:25:34.6606121Z running 0 tests
2026-10-07T11:25:34.6606421Z 
2026-10-07T11:25:34.6606835Z test result: ok. 0 passed; 0 failed; 0 ignored; 0 measured; 3 filtered out; finished in 0.00s
2026-10-07T11:25:34.6607190Z 
2026-10-07T11:25:34.7918111Z ##[group]Run cargo test --locked -p nagi-runtime database::tests
2026-10-07T11:25:34.7918642Z [36;1mcargo test --locked -p nagi-runtime database::tests[0m
2026-10-07T11:25:34.7990768Z shell: C:\Program Files\PowerShell\7\pwsh.EXE -command ". '{0}'"
2026-10-07T11:25:34.7991112Z env:
2026-10-07T11:25:34.7991359Z   NAGI_FAILURE_DIR: D:\a\Nagi\Nagi/build/compiler-failures
2026-10-07T11:25:34.7991690Z   CARGO_HOME: C:\Users\runneradmin\.cargo
2026-10-07T11:25:34.7991966Z   CARGO_INCREMENTAL: 0
2026-10-07T11:25:34.7992172Z   CARGO_TERM_COLOR: always
2026-10-07T11:25:34.7992465Z   pythonLocation: C:\hostedtoolcache\windows\Python\3.12.10\x64
2026-10-07T11:25:34.7992909Z   PKG_CONFIG_PATH: C:\hostedtoolcache\windows\Python\3.12.10\x64/lib/pkgconfig
2026-10-07T11:25:34.7993350Z   Python_ROOT_DIR: C:\hostedtoolcache\windows\Python\3.12.10\x64
2026-10-07T11:25:34.7993743Z   Python2_ROOT_DIR: C:\hostedtoolcache\windows\Python\3.12.10\x64
2026-10-07T11:25:34.7994170Z   Python3_ROOT_DIR: C:\hostedtoolcache\windows\Python\3.12.10\x64
2026-10-07T11:25:34.7994475Z ##[endgroup]
2026-10-07T11:25:35.2460145Z [1m[92m    Finished[0m `test` profile [unoptimized + debuginfo] target(s) in 0.12s
2026-10-07T11:25:35.2530043Z [1m[92m     Running[0m unittests src\lib.rs (target\debug\deps\nagi_runtime-a770d1c1efa4fc1d.exe)
2026-10-07T11:25:35.2600435Z 
2026-10-07T11:25:35.2601060Z running 6 tests
2026-10-07T11:25:35.2639632Z test database::tests::column_order_independent ... ok
2026-10-07T11:25:35.2642687Z test database::tests::crud_and_parameterization ... ok
2026-10-07T11:25:35.2645076Z test database::tests::exec_counts_only_changes_in_the_current_batch ... ok
2026-10-07T11:25:35.2647185Z test database::tests::exec_counts_trigger_changes_and_preserves_sql_errors ... ok
2026-10-07T11:25:35.2655809Z test database::tests::missing_column_is_error ... ok
2026-10-07T11:25:35.2657866Z test database::tests::runtime_type_mismatch ... ok
2026-10-07T11:25:35.2658278Z 
2026-10-07T11:25:35.2659315Z test result: ok. 6 passed; 0 failed; 0 ignored; 0 measured; 202 filtered out; finished in 0.01s
2026-10-07T11:25:35.2660168Z 
2026-10-07T11:25:35.2684513Z [1m[92m     Running[0m tests\task_handles.rs (target\debug\deps\task_handles-1352ddeda06405d9.exe)
2026-10-07T11:25:35.2744540Z 
2026-10-07T11:25:35.2744920Z running 0 tests
2026-10-07T11:25:35.2745353Z 
2026-10-07T11:25:35.2746199Z test result: ok. 0 passed; 0 failed; 0 ignored; 0 measured; 3 filtered out; finished in 0.00s
2026-10-07T11:25:35.2746593Z 
2026-10-07T11:25:35.4044030Z ##[group]Run cargo test --locked -p nagi-runtime sqlite_prototype
2026-10-07T11:25:35.4044560Z [36;1mcargo test --locked -p nagi-runtime sqlite_prototype[0m
2026-10-07T11:25:35.4115777Z shell: C:\Program Files\PowerShell\7\pwsh.EXE -command ". '{0}'"
2026-10-07T11:25:35.4116115Z env:
2026-10-07T11:25:35.4116754Z   NAGI_FAILURE_DIR: D:\a\Nagi\Nagi/build/compiler-failures
2026-10-07T11:25:35.4117150Z   CARGO_HOME: C:\Users\runneradmin\.cargo
2026-10-07T11:25:35.4117406Z   CARGO_INCREMENTAL: 0
2026-10-07T11:25:35.4117609Z   CARGO_TERM_COLOR: always
2026-10-07T11:25:35.4117903Z   pythonLocation: C:\hostedtoolcache\windows\Python\3.12.10\x64
2026-10-07T11:25:35.4118349Z   PKG_CONFIG_PATH: C:\hostedtoolcache\windows\Python\3.12.10\x64/lib/pkgconfig
2026-10-07T11:25:35.4118803Z   Python_ROOT_DIR: C:\hostedtoolcache\windows\Python\3.12.10\x64
2026-10-07T11:25:35.4119204Z   Python2_ROOT_DIR: C:\hostedtoolcache\windows\Python\3.12.10\x64
2026-10-07T11:25:35.4119860Z   Python3_ROOT_DIR: C:\hostedtoolcache\windows\Python\3.12.10\x64
2026-10-07T11:25:35.4120166Z ##[endgroup]
2026-10-07T11:25:35.8560578Z [1m[92m    Finished[0m `test` profile [unoptimized + debuginfo] target(s) in 0.12s
2026-10-07T11:25:35.8630549Z [1m[92m     Running[0m unittests src\lib.rs (target\debug\deps\nagi_runtime-a770d1c1efa4fc1d.exe)
2026-10-07T11:25:35.8697239Z 
2026-10-07T11:25:35.8697556Z running 61 tests
2026-10-07T11:25:35.8704972Z test sqlite_prototype::acquire_tests::acquire_budget_arithmetic_keeps_immediate_distinct_and_checks_overflow ... ok
2026-10-07T11:25:35.8740530Z test sqlite_prototype::acquire_tests::acquire_expired_finite_budget_does_not_register_even_when_native_free ... ok
2026-10-07T11:25:35.8742814Z test sqlite_prototype::acquire_tests::acquire_expiry_does_not_replace_closed_or_recycle_failure_cause ... ok
2026-10-07T11:25:35.8744410Z test sqlite_prototype::acquire_tests::acquire_immediate_free_reserves_before_slow_startup_and_reuses ... ok
2026-10-07T11:25:35.8758229Z test sqlite_prototype::acquire_tests::acquire_immediate_logical_full_is_timeout_without_pool_failure ... ok
2026-10-07T11:25:35.8784048Z test sqlite_prototype::acquire_tests::acquire_same_task_scopes_are_isolated_and_drop_restores_legacy_begin ... ok
2026-10-07T11:25:35.8923419Z test sqlite_prototype::adapter_tests::acquired_deadpool_object_after_close_is_rejected_before_user_begin ... ok
2026-10-07T11:25:35.8947363Z test sqlite_prototype::adapter_tests::callback_panic_retires_pool_and_join_does_not_hide_native_close_failure ... ok
2026-10-07T11:25:35.8961271Z test sqlite_prototype::adapter_tests::cancelled_begin_reply_keeps_checkout_until_eof_rollback_is_observed ... ok
2026-10-07T11:25:35.8979046Z test sqlite_prototype::adapter_tests::cancelled_create_cannot_start_replacement_before_old_native_worker_joins ... ok
2026-10-07T11:25:35.9078934Z test sqlite_prototype::adapter_tests::cancelled_get_during_create_preserves_startup_close_and_join_owner ... ok
2026-10-07T11:25:35.9097578Z test sqlite_prototype::adapter_tests::cancelled_tx_keeps_deadpool_checkout_until_native_cleanup_completes ... ok
2026-10-07T11:25:35.9119210Z test sqlite_prototype::adapter_tests::close_clone_and_cancel_keep_closing_while_active_checkout_can_finish ... ok
2026-10-07T11:25:35.9130313Z test sqlite_prototype::adapter_tests::close_retires_idle_worker_while_stock_permit_is_reserved_for_unpolled_waiter ... ok
2026-10-07T11:25:35.9161219Z test sqlite_prototype::adapter_tests::close_waits_for_registered_create_and_late_create_cannot_begin ... ok
2026-10-07T11:25:35.9178019Z test sqlite_prototype::adapter_tests::deadpool_adapter_reuses_same_native_worker_and_sql_session_core ... ok
2026-10-07T11:25:35.9189321Z test sqlite_prototype::adapter_tests::deadpool_recycle_error_stops_create_instead_of_default_replacement ... ok
2026-10-07T11:25:35.9224659Z test sqlite_prototype::adapter_tests::joined_is_published_only_after_terminal_native_failure_is_in_ledger ... ok
2026-10-07T11:25:35.9240285Z test sqlite_prototype::adapter_tests::last_adapter_drop_closes_idle_worker_without_observer_owning_pool_or_tx_sender ... ok
2026-10-07T11:25:35.9251289Z test sqlite_prototype::adapter_tests::last_adapter_drop_preserves_active_tx_until_its_explicit_finish ... ok
2026-10-07T11:25:36.0842785Z test sqlite_prototype::acquire_tests::acquire_absolute_budget_survives_logical_wait_to_native_fence ... ok
2026-10-07T11:25:36.1780884Z test sqlite_prototype::adapter_tests::multi_b_terminal_failure_is_published_without_waiting_for_a ... ok
2026-10-07T11:25:36.3094609Z test sqlite_prototype::adapter_tests::multi_cancelled_b_joins_and_c_begins_before_healthy_a_finishes ... ok
2026-10-07T11:25:36.5451944Z test sqlite_prototype::adapter_tests::multi_close_during_b_startup_preserves_a_and_all_join_responsibility ... ok
2026-10-07T11:25:36.8800680Z test sqlite_prototype::acquire_tests::acquire_immediate_native_full_after_stock_detach_is_timeout ... ok
2026-10-07T11:25:36.8909657Z test sqlite_prototype::acquire_tests::acquire_registered_startup_and_begin_are_outside_finite_budget ... ok
2026-10-07T11:25:37.5589867Z test sqlite_prototype::adapter_tests::multi_native_spawn_failure_keeps_cause_without_native_b_or_fake_join ... ok
2026-10-07T11:25:37.5606039Z test sqlite_prototype::adapter_tests::native_cleanup_failure_closes_deadpool_and_never_creates_replacement ... ok
2026-10-07T11:25:37.5620140Z test sqlite_prototype::adapter_tests::native_close_failure_is_kept_after_deadpool_objects_and_workers_are_gone ... ok
2026-10-07T11:25:37.5636112Z test sqlite_prototype::adapter_tests::object_take_and_last_pool_drop_both_preserve_native_close_join_observation ... ok
2026-10-07T11:25:37.5647131Z test sqlite_prototype::adapter_tests::resize_zero_uses_worker_drop_even_when_manager_detach_is_bypassed ... ok
2026-10-07T11:25:37.5666561Z test sqlite_prototype::adapter_tests::stock_detach_permit_before_handle_drop_cannot_start_another_native_worker ... ok
2026-10-07T11:25:37.5683022Z test sqlite_prototype::adapter_tests::taken_object_cannot_start_replacement_before_old_native_worker_joins ... ok
2026-10-07T11:25:37.5694940Z test sqlite_prototype::adapter_tests::tokio_runtime_drop_cannot_return_native_owned_checkout_before_cleanup ... ok
2026-10-07T11:25:37.5758546Z test sqlite_prototype::adapter_tests::multi_observer_spawn_failure_never_starts_or_fake_joins_native_b ... ok
2026-10-07T11:25:37.5969440Z test sqlite_prototype::adapter_tests::multi_stock_detach_permit_gap_respects_native_cap_with_a_active ... ok
2026-10-07T11:25:37.5987757Z test sqlite_prototype::tests::begin_reply_cancellation_closes_only_sender_and_runs_observed_cleanup ... ok
2026-10-07T11:25:37.6013424Z test sqlite_prototype::tests::cancelled_commit_reply_preserves_committed_data_and_does_not_retry ... ok
2026-10-07T11:25:37.6034494Z test sqlite_prototype::tests::cancelled_finish_before_full_inbox_admission_uses_eof_cleanup ... ok
2026-10-07T11:25:37.6188943Z test sqlite_prototype::tests::close_timeout_and_cancel_keep_closing_until_native_close_and_join ... ok
2026-10-07T11:25:37.6219670Z test sqlite_prototype::tests::commit_after_native_auto_rollback_returns_aborted_error_instead_of_success ... ok
2026-10-07T11:25:37.6230291Z test sqlite_prototype::tests::commit_failure_and_failed_cleanup_preserve_both_causes_and_unknown_outcome ... ok
2026-10-07T11:25:37.6243398Z test sqlite_prototype::tests::committed_outcome_and_cleanup_failure_are_both_preserved ... ok
2026-10-07T11:25:37.6262464Z test sqlite_prototype::tests::eof_cleanup_blocks_next_session_and_unpolled_finish_still_owns_cleanup ... ok
2026-10-07T11:25:37.6294299Z test sqlite_prototype::tests::existing_trigger_and_or_rollback_abort_session_and_reject_later_sql ... ok
2026-10-07T11:25:37.6310442Z test sqlite_prototype::tests::failed_commit_with_successful_observed_rollback_can_reuse_connection ... ok
2026-10-07T11:25:37.6327619Z test sqlite_prototype::tests::full_inbox_and_cancelled_admitted_operation_drain_before_eof_rollback ... ok
2026-10-07T11:25:37.6344554Z test sqlite_prototype::tests::management_panic_restores_raii_flag_before_observed_rollback_and_retirement ... ok
2026-10-07T11:25:37.6353783Z test sqlite_prototype::tests::native_close_failure_is_not_reported_as_success_even_after_join ... ok
2026-10-07T11:25:37.6381556Z test sqlite_prototype::tests::one_statement_anonymous_bind_and_operation_shape_are_checked_before_step ... ok
2026-10-07T11:25:37.6405481Z test sqlite_prototype::tests::ordinary_sql_error_does_not_abort_active_session_and_exec_counts_direct_changes ... ok
2026-10-07T11:25:37.6421712Z test sqlite_prototype::tests::owned_bind_values_and_decode_errors_use_native_row_contract ... ok
2026-10-07T11:25:37.6467752Z test sqlite_prototype::tests::pragma_tvf_existing_views_and_schema_reprepare_keep_authorizer_installed ... ok
2026-10-07T11:25:37.6493870Z test sqlite_prototype::tests::raise_fail_preserves_active_prior_effects_until_explicit_rollback ... ok
2026-10-07T11:25:37.6509756Z test sqlite_prototype::tests::rollback_failure_is_observed_without_native_drop_retry_and_retires_connection ... ok
2026-10-07T11:25:37.6562650Z test sqlite_prototype::tests::sql_policy_denies_control_in_every_entry_and_keeps_tx_active ... ok
2026-10-07T11:25:37.6620421Z test sqlite_prototype::tests::trigger_pragma_is_denied_and_native_prior_effects_require_explicit_rollback ... ok
2026-10-07T11:25:37.6633458Z test sqlite_prototype::tests::user_callback_panic_restores_management_state_and_retires_worker ... ok
2026-10-07T11:25:37.8345407Z test sqlite_prototype::adapter_tests::multi_two_filesystem_connections_begin_while_first_tx_stays_active ... ok
2026-10-07T11:25:39.5394634Z test sqlite_prototype::comparison::direct_and_deadpool_warm_native_session_comparison ... ok
2026-10-07T11:25:39.6061256Z test sqlite_prototype::comparison::bounded_and_unbounded_deadpool_warm_comparison ... ok
2026-10-07T11:25:39.6061672Z 
2026-10-07T11:25:39.6062044Z test result: ok. 61 passed; 0 failed; 0 ignored; 0 measured; 147 filtered out; finished in 3.74s
2026-10-07T11:25:39.6062393Z 
2026-10-07T11:25:39.6095644Z [1m[92m     Running[0m tests\task_handles.rs (target\debug\deps\task_handles-1352ddeda06405d9.exe)
2026-10-07T11:25:39.6155740Z 
2026-10-07T11:25:39.6156129Z running 0 tests
2026-10-07T11:25:39.6156396Z 
2026-10-07T11:25:39.6157053Z test result: ok. 0 passed; 0 failed; 0 ignored; 0 measured; 3 filtered out; finished in 0.00s
2026-10-07T11:25:39.6157692Z 
2026-10-07T11:25:39.7446222Z ##[group]Run python scripts/verify_application_examples.py
2026-10-07T11:25:39.7446706Z [36;1mpython scripts/verify_application_examples.py[0m
2026-10-07T11:25:39.7518362Z shell: C:\Program Files\PowerShell\7\pwsh.EXE -command ". '{0}'"
2026-10-07T11:25:39.7518705Z env:
2026-10-07T11:25:39.7518942Z   NAGI_FAILURE_DIR: D:\a\Nagi\Nagi/build/compiler-failures
2026-10-07T11:25:39.7519280Z   CARGO_HOME: C:\Users\runneradmin\.cargo
2026-10-07T11:25:39.7519541Z   CARGO_INCREMENTAL: 0
2026-10-07T11:25:39.7519743Z   CARGO_TERM_COLOR: always
2026-10-07T11:25:39.7520042Z   pythonLocation: C:\hostedtoolcache\windows\Python\3.12.10\x64
2026-10-07T11:25:39.7520515Z   PKG_CONFIG_PATH: C:\hostedtoolcache\windows\Python\3.12.10\x64/lib/pkgconfig
2026-10-07T11:25:39.7520959Z   Python_ROOT_DIR: C:\hostedtoolcache\windows\Python\3.12.10\x64
2026-10-07T11:25:39.7521377Z   Python2_ROOT_DIR: C:\hostedtoolcache\windows\Python\3.12.10\x64
2026-10-07T11:25:39.7521811Z   Python3_ROOT_DIR: C:\hostedtoolcache\windows\Python\3.12.10\x64
2026-10-07T11:25:39.7522122Z ##[endgroup]
2026-10-07T11:25:41.9587998Z Passed: stock-report (high)
2026-10-07T11:25:43.6511459Z Passed: stock-report (low)
2026-10-07T11:25:55.3132269Z Passed: device-settings (high)
2026-10-07T11:26:06.5201255Z Passed: device-settings (low)
2026-10-07T11:26:10.9624755Z Passed: seat-reservations (high)
2026-10-07T11:26:15.2685987Z Passed: seat-reservations (low)
2026-10-07T11:26:16.6425409Z Passed: file-json (high)
2026-10-07T11:26:18.0061139Z Passed: file-json (low)
2026-10-07T11:26:28.4879697Z Passed: quote-api (high)
2026-10-07T11:26:39.0902688Z Passed: quote-api (low)
2026-10-07T11:26:44.5249034Z Passed: supervised-worker (high)
2026-10-07T11:26:50.9336842Z Passed: supervised-worker (low)
2026-10-07T11:26:57.7337860Z Passed: byte-inspector (high)
2026-10-07T11:27:04.4833618Z Passed: byte-inspector (low)
2026-10-07T11:27:20.2252967Z Passed: axum-service (high)
2026-10-07T11:27:35.1577200Z Passed: axum-service (low)
2026-10-07T11:27:52.5531534Z Passed: auth-boundary (high)
2026-10-07T11:28:09.2950934Z Passed: auth-boundary (low)
2026-10-07T11:28:11.1132850Z Passed: order-quote (low)
2026-10-07T11:28:11.1133492Z {"projects": 10, "runs": 19, "status": "passed"}
2026-10-07T11:28:11.2466946Z ##[group]Run ./scripts/releases/test_install.ps1 -Archive "build/distribution/nagi-$env:RELEASE_VERSION-windows-x86_64.zip" -Version $env:RELEASE_VERSION -TestUserPath
2026-10-07T11:28:11.2468454Z [36;1m./scripts/releases/test_install.ps1 -Archive "build/distribution/nagi-$env:RELEASE_VERSION-windows-x86_64.zip" -Version $env:RELEASE_VERSION -TestUserPath[0m
2026-10-07T11:28:11.2543451Z shell: C:\Program Files\PowerShell\7\pwsh.EXE -command ". '{0}'"
2026-10-07T11:28:11.2543802Z env:
2026-10-07T11:28:11.2544062Z   NAGI_FAILURE_DIR: D:\a\Nagi\Nagi/build/compiler-failures
2026-10-07T11:28:11.2544399Z   CARGO_HOME: C:\Users\runneradmin\.cargo
2026-10-07T11:28:11.2544660Z   CARGO_INCREMENTAL: 0
2026-10-07T11:28:11.2544866Z   CARGO_TERM_COLOR: always
2026-10-07T11:28:11.2545160Z   pythonLocation: C:\hostedtoolcache\windows\Python\3.12.10\x64
2026-10-07T11:28:11.2545627Z   PKG_CONFIG_PATH: C:\hostedtoolcache\windows\Python\3.12.10\x64/lib/pkgconfig
2026-10-07T11:28:11.2546129Z   Python_ROOT_DIR: C:\hostedtoolcache\windows\Python\3.12.10\x64
2026-10-07T11:28:11.2546606Z   Python2_ROOT_DIR: C:\hostedtoolcache\windows\Python\3.12.10\x64
2026-10-07T11:28:11.2547002Z   Python3_ROOT_DIR: C:\hostedtoolcache\windows\Python\3.12.10\x64
2026-10-07T11:28:11.2547322Z   RELEASE_VERSION: 0.1.11
2026-10-07T11:28:11.2547528Z ##[endgroup]
2026-10-07T11:28:12.9013281Z 
2026-10-07T11:28:12.9055882Z [OK] Installed Nagi 0.1.11 (prebuilt compiler).
2026-10-07T11:28:12.9069276Z      Location: C:\Users\runneradmin\AppData\Local\Temp\nagi installer space 0c197b57-adea-48e1-9d5d-490f4899033b\versions\nagi-0.1.11-windows-x86_64
2026-10-07T11:28:12.9076657Z      Command: C:\Users\runneradmin\AppData\Local\Temp\nagi installer space 0c197b57-adea-48e1-9d5d-490f4899033b\versions\current\nagic.exe
2026-10-07T11:28:12.9082288Z 
2026-10-07T11:28:12.9090022Z [NEXT] Try in this terminal: nagic --version
2026-10-07T11:28:12.9096070Z        Restart VS Code to refresh its PATH.
2026-10-07T11:28:12.9103805Z 
2026-10-07T11:28:12.9110900Z [INFO] To build your own Nagi apps with nagic build/run:
2026-10-07T11:28:12.9116297Z        Rust/Cargo and Visual Studio C++ Build Tools are required.
2026-10-07T11:28:12.9122809Z        Use your existing installation if these tools are already installed.
2026-10-07T11:28:13.2309916Z 
2026-10-07T11:28:13.2319496Z [OK] Installed Nagi 0.1.11 (prebuilt compiler).
2026-10-07T11:28:13.2325391Z      Location: C:\Users\runneradmin\AppData\Local\Temp\nagi installer space 0c197b57-adea-48e1-9d5d-490f4899033b\versions\nagi-0.1.11-windows-x86_64
2026-10-07T11:28:13.2332933Z      Command: C:\Users\runneradmin\AppData\Local\Temp\nagi installer space 0c197b57-adea-48e1-9d5d-490f4899033b\versions\current\nagic.exe
2026-10-07T11:28:13.2338495Z 
2026-10-07T11:28:13.2346240Z [NEXT] Try in this terminal: nagic --version
2026-10-07T11:28:13.2352599Z        Restart VS Code to refresh its PATH.
2026-10-07T11:28:13.2358144Z 
2026-10-07T11:28:13.2364531Z [INFO] To build your own Nagi apps with nagic build/run:
2026-10-07T11:28:13.2370375Z        Rust/Cargo and Visual Studio C++ Build Tools are required.
2026-10-07T11:28:13.2376063Z        Use your existing installation if these tools are already installed.
2026-10-07T11:28:13.3476469Z [1m[92m    Updating[0m crates.io index
2026-10-07T11:28:13.4771949Z [1m[92m     Locking[0m 107 packages to highest compatible versions
2026-10-07T11:28:13.4909760Z [1m[92m      Adding[0m generic-array v0.14.7 [1m[93m(available: v0.14.9)[0m
2026-10-07T11:28:13.5045554Z [1m[92m      Adding[0m matchit v0.8.4 [1m[93m(available: v0.8.6)[0m
2026-10-07T11:28:13.6667988Z [1m[92m   Compiling[0m nagi-runtime v0.1.11 (C:\Users\runneradmin\AppData\Local\Temp\nagi installer space 0c197b57-adea-48e1-9d5d-490f4899033b\versions\nagi-0.1.11-windows-x86_64\runtime)
2026-10-07T11:28:22.8655852Z [1m[92m   Compiling[0m nagi-main-ca405c6e28af63b1 v0.1.0 (C:\Users\runneradmin\AppData\Local\Temp\nagi installer space 0c197b57-adea-48e1-9d5d-490f4899033b\outside project\build\main\.nagi\apps\nagi-main-ca405c6e28af63b1\generations\.staging-g-884-18dc3bcaa3b4a764-0)
2026-10-07T11:28:23.0293769Z [1m[92m    Finished[0m `release` profile [optimized] target(s) in 9.69s
2026-10-07T11:28:23.0731069Z native: \\?\C:\Users\runneradmin\AppData\Local\Temp\nagi installer space 0c197b57-adea-48e1-9d5d-490f4899033b\outside project\build\main\.nagi\apps\nagi-main-ca405c6e28af63b1\generations\g-884-18dc3bcaa3b4a764-0\nagi-ca405c6e28af63b1-g-884-18dc3bcaa3b4a764-0.exe
2026-10-07T11:28:24.3599003Z Removed old version: C:\Users\runneradmin\AppData\Local\Temp\nagi installer space 0c197b57-adea-48e1-9d5d-490f4899033b\versions\nagi-0.1.11-windows-x86_64
2026-10-07T11:28:24.3602890Z 
2026-10-07T11:28:24.3611242Z [OK] Installed Nagi 0.0.1 (prebuilt compiler).
2026-10-07T11:28:24.3617321Z      Location: C:\Users\runneradmin\AppData\Local\Temp\nagi installer space 0c197b57-adea-48e1-9d5d-490f4899033b\versions\nagi-0.0.1-windows-x86_64
2026-10-07T11:28:24.3624011Z      Command: C:\Users\runneradmin\AppData\Local\Temp\nagi installer space 0c197b57-adea-48e1-9d5d-490f4899033b\versions\current\nagic.exe
2026-10-07T11:28:24.3628886Z 
2026-10-07T11:28:24.3636574Z [NEXT] Try in this terminal: nagic --version
2026-10-07T11:28:24.3642138Z        Restart VS Code to refresh its PATH.
2026-10-07T11:28:24.3647220Z 
2026-10-07T11:28:24.3653391Z [INFO] To build your own Nagi apps with nagic build/run:
2026-10-07T11:28:24.3658727Z        Rust/Cargo and Visual Studio C++ Build Tools are required.
2026-10-07T11:28:24.3664089Z        Use your existing installation if these tools are already installed.
2026-10-07T11:28:24.5996373Z Removed old version: C:\Users\runneradmin\AppData\Local\Temp\nagi installer space 0c197b57-adea-48e1-9d5d-490f4899033b\versions\nagi-0.0.1-windows-x86_64
2026-10-07T11:28:24.6002078Z 
2026-10-07T11:28:24.6012692Z [OK] Installed Nagi 0.0.2 (prebuilt compiler).
2026-10-07T11:28:24.6018592Z      Location: C:\Users\runneradmin\AppData\Local\Temp\nagi installer space 0c197b57-adea-48e1-9d5d-490f4899033b\versions\nagi-0.0.2-windows-x86_64
2026-10-07T11:28:24.6026534Z      Command: C:\Users\runneradmin\AppData\Local\Temp\nagi installer space 0c197b57-adea-48e1-9d5d-490f4899033b\versions\current\nagic.exe
2026-10-07T11:28:24.6032748Z 
2026-10-07T11:28:24.6041679Z [NEXT] Try in this terminal: nagic --version
2026-10-07T11:28:24.6049020Z        Restart VS Code to refresh its PATH.
2026-10-07T11:28:24.6055624Z 
2026-10-07T11:28:24.6062673Z [INFO] To build your own Nagi apps with nagic build/run:
2026-10-07T11:28:24.6069743Z        Rust/Cargo and Visual Studio C++ Build Tools are required.
2026-10-07T11:28:24.6077203Z        Use your existing installation if these tools are already installed.
2026-10-07T11:28:24.7664165Z 
2026-10-07T11:28:24.7674271Z [OK] Installed Nagi 0.0.2 (prebuilt compiler).
2026-10-07T11:28:24.7680000Z      Location: C:\Users\runneradmin\AppData\Local\Temp\nagi installer space 0c197b57-adea-48e1-9d5d-490f4899033b\versions\nagi-0.0.2-windows-x86_64
2026-10-07T11:28:24.7686801Z      Command: C:\Users\runneradmin\AppData\Local\Temp\nagi installer space 0c197b57-adea-48e1-9d5d-490f4899033b\versions\current\nagic.exe
2026-10-07T11:28:24.7691670Z 
2026-10-07T11:28:24.7698516Z [NEXT] Try in this terminal: nagic --version
2026-10-07T11:28:24.7705025Z        Restart VS Code to refresh its PATH.
2026-10-07T11:28:24.7709399Z 
2026-10-07T11:28:24.7714893Z [INFO] To build your own Nagi apps with nagic build/run:
2026-10-07T11:28:24.7720574Z        Rust/Cargo and Visual Studio C++ Build Tools are required.
2026-10-07T11:28:24.7726206Z        Use your existing installation if these tools are already installed.
2026-10-07T11:28:24.9927158Z Removed old version: C:\Users\runneradmin\AppData\Local\Temp\nagi installer space 0c197b57-adea-48e1-9d5d-490f4899033b\versions\nagi-0.0.2-windows-x86_64
2026-10-07T11:28:24.9932196Z 
2026-10-07T11:28:24.9940355Z [OK] Installed Nagi 0.0.1 (prebuilt compiler).
2026-10-07T11:28:24.9948261Z      Location: C:\Users\runneradmin\AppData\Local\Temp\nagi installer space 0c197b57-adea-48e1-9d5d-490f4899033b\versions\nagi-0.0.1-windows-x86_64
2026-10-07T11:28:24.9953309Z      Command: C:\Users\runneradmin\AppData\Local\Temp\nagi installer space 0c197b57-adea-48e1-9d5d-490f4899033b\versions\current\nagic.exe
2026-10-07T11:28:24.9958167Z 
2026-10-07T11:28:24.9965681Z [NEXT] Try in this terminal: nagic --version
2026-10-07T11:28:24.9971896Z        Restart VS Code to refresh its PATH.
2026-10-07T11:28:24.9976877Z 
2026-10-07T11:28:24.9982250Z [INFO] To build your own Nagi apps with nagic build/run:
2026-10-07T11:28:24.9988103Z        Rust/Cargo and Visual Studio C++ Build Tools are required.
2026-10-07T11:28:24.9993851Z        Use your existing installation if these tools are already installed.
2026-10-07T11:28:25.4669315Z Removed old version: C:\Users\runneradmin\AppData\Local\Temp\nagi installer space 0c197b57-adea-48e1-9d5d-490f4899033b\versions\nagi-0.0.1-windows-x86_64
2026-10-07T11:28:25.4675163Z 
2026-10-07T11:28:25.4684686Z [OK] Installed Nagi 0.0.2 (prebuilt compiler).
2026-10-07T11:28:25.4692406Z      Location: C:\Users\runneradmin\AppData\Local\Temp\nagi installer space 0c197b57-adea-48e1-9d5d-490f4899033b\versions\nagi-0.0.2-windows-x86_64
2026-10-07T11:28:25.4699527Z      Command: C:\Users\runneradmin\AppData\Local\Temp\nagi installer space 0c197b57-adea-48e1-9d5d-490f4899033b\versions\current\nagic.exe
2026-10-07T11:28:25.4706331Z 
2026-10-07T11:28:25.4714527Z [NEXT] Try in this terminal: nagic --version
2026-10-07T11:28:25.4721184Z        Restart VS Code to refresh its PATH.
2026-10-07T11:28:25.4727480Z 
2026-10-07T11:28:25.4733753Z [INFO] To build your own Nagi apps with nagic build/run:
2026-10-07T11:28:25.4740797Z        Rust/Cargo and Visual Studio C++ Build Tools are required.
2026-10-07T11:28:25.4748509Z        Use your existing installation if these tools are already installed.
2026-10-07T11:28:25.7728099Z Removed old version: C:\Users\runneradmin\AppData\Local\Temp\nagi installer space 0c197b57-adea-48e1-9d5d-490f4899033b\legacy\nagi-0.0.1-windows-x86_64
2026-10-07T11:28:25.7733029Z 
2026-10-07T11:28:25.7743132Z [OK] Installed Nagi 0.0.2 (prebuilt compiler).
2026-10-07T11:28:25.7752663Z      Location: C:\Users\runneradmin\AppData\Local\Temp\nagi installer space 0c197b57-adea-48e1-9d5d-490f4899033b\legacy\nagi-0.0.2-windows-x86_64
2026-10-07T11:28:25.7765502Z      Command: C:\Users\runneradmin\AppData\Local\Temp\nagi installer space 0c197b57-adea-48e1-9d5d-490f4899033b\legacy\current\nagic.exe
2026-10-07T11:28:25.7775357Z 
2026-10-07T11:28:25.7789314Z [NEXT] Try in this terminal: nagic --version
2026-10-07T11:28:25.7800461Z        Restart VS Code to refresh its PATH.
2026-10-07T11:28:25.7813572Z 
2026-10-07T11:28:25.7826221Z [INFO] To build your own Nagi apps with nagic build/run:
2026-10-07T11:28:25.7836233Z        Rust/Cargo and Visual Studio C++ Build Tools are required.
2026-10-07T11:28:25.7853283Z        Use your existing installation if these tools are already installed.
2026-10-07T11:28:25.9198415Z 
2026-10-07T11:28:25.9206821Z [OK] Installed Nagi 0.0.1 (prebuilt compiler).
2026-10-07T11:28:25.9212646Z      Location: C:\Users\runneradmin\AppData\Local\Temp\nagi installer space 0c197b57-adea-48e1-9d5d-490f4899033b\protected-changed\nagi-0.0.1-windows-x86_64
2026-10-07T11:28:25.9218468Z      Command: C:\Users\runneradmin\AppData\Local\Temp\nagi installer space 0c197b57-adea-48e1-9d5d-490f4899033b\protected-changed\current\nagic.exe
2026-10-07T11:28:25.9223205Z 
2026-10-07T11:28:25.9230528Z [NEXT] Try in this terminal: nagic --version
2026-10-07T11:28:25.9235995Z 
2026-10-07T11:28:25.9241584Z [INFO] To build your own Nagi apps with nagic build/run:
2026-10-07T11:28:25.9247589Z        Rust/Cargo and Visual Studio C++ Build Tools are required.
2026-10-07T11:28:25.9252844Z        Use your existing installation if these tools are already installed.
2026-10-07T11:28:26.0879826Z [33;1mWARNING: Kept old installation: C:\Users\runneradmin\AppData\Local\Temp\nagi installer space 0c197b57-adea-48e1-9d5d-490f4899033b\protected-changed\nagi-0.0.1-windows-x86_64 (Files were added or changed)[0m
2026-10-07T11:28:26.0882031Z 
2026-10-07T11:28:26.0889447Z [OK] Installed Nagi 0.0.2 (prebuilt compiler).
2026-10-07T11:28:26.0896804Z      Location: C:\Users\runneradmin\AppData\Local\Temp\nagi installer space 0c197b57-adea-48e1-9d5d-490f4899033b\protected-changed\nagi-0.0.2-windows-x86_64
2026-10-07T11:28:26.0903100Z      Command: C:\Users\runneradmin\AppData\Local\Temp\nagi installer space 0c197b57-adea-48e1-9d5d-490f4899033b\protected-changed\current\nagic.exe
2026-10-07T11:28:26.0907609Z 
2026-10-07T11:28:26.0915228Z [NEXT] Try in this terminal: nagic --version
2026-10-07T11:28:26.0920461Z 
2026-10-07T11:28:26.0925552Z [INFO] To build your own Nagi apps with nagic build/run:
2026-10-07T11:28:26.0930842Z        Rust/Cargo and Visual Studio C++ Build Tools are required.
2026-10-07T11:28:26.0936516Z        Use your existing installation if these tools are already installed.
2026-10-07T11:28:26.2150903Z 
2026-10-07T11:28:26.2159037Z [OK] Installed Nagi 0.0.1 (prebuilt compiler).
2026-10-07T11:28:26.2166585Z      Location: C:\Users\runneradmin\AppData\Local\Temp\nagi installer space 0c197b57-adea-48e1-9d5d-490f4899033b\protected-added\nagi-0.0.1-windows-x86_64
2026-10-07T11:28:26.2173703Z      Command: C:\Users\runneradmin\AppData\Local\Temp\nagi installer space 0c197b57-adea-48e1-9d5d-490f4899033b\protected-added\current\nagic.exe
2026-10-07T11:28:26.2178545Z 
2026-10-07T11:28:26.2187532Z [NEXT] Try in this terminal: nagic --version
2026-10-07T11:28:26.2193560Z 
2026-10-07T11:28:26.2199844Z [INFO] To build your own Nagi apps with nagic build/run:
2026-10-07T11:28:26.2206465Z        Rust/Cargo and Visual Studio C++ Build Tools are required.
2026-10-07T11:28:26.2212705Z        Use your existing installation if these tools are already installed.
2026-10-07T11:28:26.3812732Z [33;1mWARNING: Kept old installation: C:\Users\runneradmin\AppData\Local\Temp\nagi installer space 0c197b57-adea-48e1-9d5d-490f4899033b\protected-added\nagi-0.0.1-windows-x86_64 (Files were added or changed)[0m
2026-10-07T11:28:26.3814697Z 
2026-10-07T11:28:26.3822323Z [OK] Installed Nagi 0.0.2 (prebuilt compiler).
2026-10-07T11:28:26.3830234Z      Location: C:\Users\runneradmin\AppData\Local\Temp\nagi installer space 0c197b57-adea-48e1-9d5d-490f4899033b\protected-added\nagi-0.0.2-windows-x86_64
2026-10-07T11:28:26.3838187Z      Command: C:\Users\runneradmin\AppData\Local\Temp\nagi installer space 0c197b57-adea-48e1-9d5d-490f4899033b\protected-added\current\nagic.exe
2026-10-07T11:28:26.3843903Z 
2026-10-07T11:28:26.3852409Z [NEXT] Try in this terminal: nagic --version
2026-10-07T11:28:26.3858495Z 
2026-10-07T11:28:26.3865286Z [INFO] To build your own Nagi apps with nagic build/run:
2026-10-07T11:28:26.3872658Z        Rust/Cargo and Visual Studio C++ Build Tools are required.
2026-10-07T11:28:26.3879640Z        Use your existing installation if these tools are already installed.
2026-10-07T11:28:26.5149263Z 
2026-10-07T11:28:26.5157332Z [OK] Installed Nagi 0.0.1 (prebuilt compiler).
2026-10-07T11:28:26.5163003Z      Location: C:\Users\runneradmin\AppData\Local\Temp\nagi installer space 0c197b57-adea-48e1-9d5d-490f4899033b\protected-empty-directory\nagi-0.0.1-windows-x86_64
2026-10-07T11:28:26.5169132Z      Command: C:\Users\runneradmin\AppData\Local\Temp\nagi installer space 0c197b57-adea-48e1-9d5d-490f4899033b\protected-empty-directory\current\nagic.exe
2026-10-07T11:28:26.5174065Z 
2026-10-07T11:28:26.5180652Z [NEXT] Try in this terminal: nagic --version
2026-10-07T11:28:26.5186520Z 
2026-10-07T11:28:26.5191896Z [INFO] To build your own Nagi apps with nagic build/run:
2026-10-07T11:28:26.5197396Z        Rust/Cargo and Visual Studio C++ Build Tools are required.
2026-10-07T11:28:26.5202987Z        Use your existing installation if these tools are already installed.
2026-10-07T11:28:26.6751481Z [33;1mWARNING: Kept old installation: C:\Users\runneradmin\AppData\Local\Temp\nagi installer space 0c197b57-adea-48e1-9d5d-490f4899033b\protected-empty-directory\nagi-0.0.1-windows-x86_64 (Files were added or changed)[0m
2026-10-07T11:28:26.6753892Z 
2026-10-07T11:28:26.6762429Z [OK] Installed Nagi 0.0.2 (prebuilt compiler).
2026-10-07T11:28:26.6770615Z      Location: C:\Users\runneradmin\AppData\Local\Temp\nagi installer space 0c197b57-adea-48e1-9d5d-490f4899033b\protected-empty-directory\nagi-0.0.2-windows-x86_64
2026-10-07T11:28:26.6777919Z      Command: C:\Users\runneradmin\AppData\Local\Temp\nagi installer space 0c197b57-adea-48e1-9d5d-490f4899033b\protected-empty-directory\current\nagic.exe
2026-10-07T11:28:26.6783844Z 
2026-10-07T11:28:26.6792636Z [NEXT] Try in this terminal: nagic --version
2026-10-07T11:28:26.6799053Z 
2026-10-07T11:28:26.6805940Z [INFO] To build your own Nagi apps with nagic build/run:
2026-10-07T11:28:26.6812462Z        Rust/Cargo and Visual Studio C++ Build Tools are required.
2026-10-07T11:28:26.6818800Z        Use your existing installation if these tools are already installed.
2026-10-07T11:28:26.8210451Z 
2026-10-07T11:28:26.8220284Z [OK] Installed Nagi 0.0.1 (prebuilt compiler).
2026-10-07T11:28:26.8227022Z      Location: C:\Users\runneradmin\AppData\Local\Temp\nagi installer space 0c197b57-adea-48e1-9d5d-490f4899033b\protected-busy\nagi-0.0.1-windows-x86_64
2026-10-07T11:28:26.8234394Z      Command: C:\Users\runneradmin\AppData\Local\Temp\nagi installer space 0c197b57-adea-48e1-9d5d-490f4899033b\protected-busy\current\nagic.exe
2026-10-07T11:28:26.8240329Z 
2026-10-07T11:28:26.8248705Z [NEXT] Try in this terminal: nagic --version
2026-10-07T11:28:26.8254994Z 
2026-10-07T11:28:26.8262623Z [INFO] To build your own Nagi apps with nagic build/run:
2026-10-07T11:28:26.8268347Z        Rust/Cargo and Visual Studio C++ Build Tools are required.
2026-10-07T11:28:26.8275852Z        Use your existing installation if these tools are already installed.
2026-10-07T11:28:26.9481990Z [33;1mWARNING: Kept old installation: C:\Users\runneradmin\AppData\Local\Temp\nagi installer space 0c197b57-adea-48e1-9d5d-490f4899033b\protected-busy\nagi-0.0.1-windows-x86_64 (The process cannot access the file 'C:\Users\runneradmin\AppData\Local\Temp\nagi installer space 0c197b57-adea-48e1-9d5d-490f4899033b\protected-busy\nagi-0.0.1-windows-x86_64\nagic.exe' because it is being used by another process.)[0m
2026-10-07T11:28:26.9483977Z 
2026-10-07T11:28:26.9491270Z [OK] Installed Nagi 0.0.2 (prebuilt compiler).
2026-10-07T11:28:26.9497653Z      Location: C:\Users\runneradmin\AppData\Local\Temp\nagi installer space 0c197b57-adea-48e1-9d5d-490f4899033b\protected-busy\nagi-0.0.2-windows-x86_64
2026-10-07T11:28:26.9503604Z      Command: C:\Users\runneradmin\AppData\Local\Temp\nagi installer space 0c197b57-adea-48e1-9d5d-490f4899033b\protected-busy\current\nagic.exe
2026-10-07T11:28:26.9508551Z 
2026-10-07T11:28:26.9516238Z [NEXT] Try in this terminal: nagic --version
2026-10-07T11:28:26.9521081Z 
2026-10-07T11:28:26.9526930Z [INFO] To build your own Nagi apps with nagic build/run:
2026-10-07T11:28:26.9532658Z        Rust/Cargo and Visual Studio C++ Build Tools are required.
2026-10-07T11:28:26.9538248Z        Use your existing installation if these tools are already installed.
2026-10-07T11:28:27.0847229Z 
2026-10-07T11:28:27.0856596Z [OK] Installed Nagi 0.0.1 (prebuilt compiler).
2026-10-07T11:28:27.0864453Z      Location: C:\Users\runneradmin\AppData\Local\Temp\nagi installer space 0c197b57-adea-48e1-9d5d-490f4899033b\protected-junction\nagi-0.0.1-windows-x86_64
2026-10-07T11:28:27.0871005Z      Command: C:\Users\runneradmin\AppData\Local\Temp\nagi installer space 0c197b57-adea-48e1-9d5d-490f4899033b\protected-junction\current\nagic.exe
2026-10-07T11:28:27.0876352Z 
2026-10-07T11:28:27.0885298Z [NEXT] Try in this terminal: nagic --version
2026-10-07T11:28:27.0890220Z 
2026-10-07T11:28:27.0895686Z [INFO] To build your own Nagi apps with nagic build/run:
2026-10-07T11:28:27.0902656Z        Rust/Cargo and Visual Studio C++ Build Tools are required.
2026-10-07T11:28:27.0908713Z        Use your existing installation if these tools are already installed.
2026-10-07T11:28:27.1990338Z [33;1mWARNING: Kept old installation: C:\Users\runneradmin\AppData\Local\Temp\nagi installer space 0c197b57-adea-48e1-9d5d-490f4899033b\protected-junction\nagi-0.0.1-windows-x86_64 (Installation contains a link or an unrecognized file name)[0m
2026-10-07T11:28:27.1991700Z 
2026-10-07T11:28:27.1998941Z [OK] Installed Nagi 0.0.2 (prebuilt compiler).
2026-10-07T11:28:27.2004677Z      Location: C:\Users\runneradmin\AppData\Local\Temp\nagi installer space 0c197b57-adea-48e1-9d5d-490f4899033b\protected-junction\nagi-0.0.2-windows-x86_64
2026-10-07T11:28:27.2010424Z      Command: C:\Users\runneradmin\AppData\Local\Temp\nagi installer space 0c197b57-adea-48e1-9d5d-490f4899033b\protected-junction\current\nagic.exe
2026-10-07T11:28:27.2016517Z 
2026-10-07T11:28:27.2023220Z [NEXT] Try in this terminal: nagic --version
2026-10-07T11:28:27.2028094Z 
2026-10-07T11:28:27.2033874Z [INFO] To build your own Nagi apps with nagic build/run:
2026-10-07T11:28:27.2039120Z        Rust/Cargo and Visual Studio C++ Build Tools are required.
2026-10-07T11:28:27.2044177Z        Use your existing installation if these tools are already installed.
2026-10-07T11:28:27.2689462Z PowerShell installer: external project, upgrade, repeat, explicit version, rollback, legacy PATH, protected files, lock, and latest selection passed.
2026-10-07T11:28:27.3991511Z ##[group]Run ./scripts/releases/test_install.ps1 -Archive "build/distribution/nagi-$env:RELEASE_VERSION-windows-x86_64.zip" -Version $env:RELEASE_VERSION -TestUserPath
2026-10-07T11:28:27.3992751Z [36;1m./scripts/releases/test_install.ps1 -Archive "build/distribution/nagi-$env:RELEASE_VERSION-windows-x86_64.zip" -Version $env:RELEASE_VERSION -TestUserPath[0m
2026-10-07T11:28:27.4060746Z shell: C:\Windows\System32\WindowsPowerShell\v1.0\powershell.EXE -command ". '{0}'"
2026-10-07T11:28:27.4061167Z env:
2026-10-07T11:28:27.4061415Z   NAGI_FAILURE_DIR: D:\a\Nagi\Nagi/build/compiler-failures
2026-10-07T11:28:27.4061765Z   CARGO_HOME: C:\Users\runneradmin\.cargo
2026-10-07T11:28:27.4062026Z   CARGO_INCREMENTAL: 0
2026-10-07T11:28:27.4062241Z   CARGO_TERM_COLOR: always
2026-10-07T11:28:27.4062535Z   pythonLocation: C:\hostedtoolcache\windows\Python\3.12.10\x64
2026-10-07T11:28:27.4062990Z   PKG_CONFIG_PATH: C:\hostedtoolcache\windows\Python\3.12.10\x64/lib/pkgconfig
2026-10-07T11:28:27.4063489Z   Python_ROOT_DIR: C:\hostedtoolcache\windows\Python\3.12.10\x64
2026-10-07T11:28:27.4063885Z   Python2_ROOT_DIR: C:\hostedtoolcache\windows\Python\3.12.10\x64
2026-10-07T11:28:27.4064283Z   Python3_ROOT_DIR: C:\hostedtoolcache\windows\Python\3.12.10\x64
2026-10-07T11:28:27.4064595Z   RELEASE_VERSION: 0.1.11
2026-10-07T11:28:27.4064797Z ##[endgroup]
2026-10-07T11:28:30.1870692Z 
2026-10-07T11:28:30.2083095Z [OK] Installed Nagi 0.1.11 (prebuilt compiler).
2026-10-07T11:28:30.2103289Z      Location: C:\Users\runneradmin\AppData\Local\Temp\nagi installer space a7813681-d7e1-4f93-b2e7-616da77f24d4\versions\nagi-0.1.11-windows-x86_64
2026-10-07T11:28:30.2113909Z      Command: C:\Users\runneradmin\AppData\Local\Temp\nagi installer space a7813681-d7e1-4f93-b2e7-616da77f24d4\versions\current\nagic.exe
2026-10-07T11:28:30.2117818Z 
2026-10-07T11:28:30.2130457Z [NEXT] Try in this terminal: nagic --version
2026-10-07T11:28:30.2138730Z        Restart VS Code to refresh its PATH.
2026-10-07T11:28:30.2142601Z 
2026-10-07T11:28:30.2151013Z [INFO] To build your own Nagi apps with nagic build/run:
2026-10-07T11:28:30.2159201Z        Rust/Cargo and Visual Studio C++ Build Tools are required.
2026-10-07T11:28:30.2167371Z        Use your existing installation if these tools are already installed.
2026-10-07T11:28:31.0122250Z 
2026-10-07T11:28:31.0136104Z [OK] Installed Nagi 0.1.11 (prebuilt compiler).
2026-10-07T11:28:31.0145384Z      Location: C:\Users\runneradmin\AppData\Local\Temp\nagi installer space a7813681-d7e1-4f93-b2e7-616da77f24d4\versions\nagi-0.1.11-windows-x86_64
2026-10-07T11:28:31.0155425Z      Command: C:\Users\runneradmin\AppData\Local\Temp\nagi installer space a7813681-d7e1-4f93-b2e7-616da77f24d4\versions\current\nagic.exe
2026-10-07T11:28:31.0159480Z 
2026-10-07T11:28:31.0172028Z [NEXT] Try in this terminal: nagic --version
2026-10-07T11:28:31.0180878Z        Restart VS Code to refresh its PATH.
2026-10-07T11:28:31.0185384Z 
2026-10-07T11:28:31.0194248Z [INFO] To build your own Nagi apps with nagic build/run:
2026-10-07T11:28:31.0203183Z        Rust/Cargo and Visual Studio C++ Build Tools are required.
2026-10-07T11:28:31.0213561Z        Use your existing installation if these tools are already installed.
2026-10-07T11:28:31.1296333Z [1m[92m    Updating[0m crates.io index
2026-10-07T11:28:31.2614396Z [1m[92m     Locking[0m 107 packages to highest compatible versions
2026-10-07T11:28:31.2729972Z [1m[92m      Adding[0m generic-array v0.14.7 [1m[93m(available: v0.14.9)[0m
2026-10-07T11:28:31.2865936Z [1m[92m      Adding[0m matchit v0.8.4 [1m[93m(available: v0.8.6)[0m
2026-10-07T11:28:31.4222873Z [1m[92m   Compiling[0m nagi-runtime v0.1.11 (C:\Users\runneradmin\AppData\Local\Temp\nagi installer space a7813681-d7e1-4f93-b2e7-616da77f24d4\versions\nagi-0.1.11-windows-x86_64\runtime)
2026-10-07T11:28:40.4434813Z [1m[92m   Compiling[0m nagi-main-972ef7ecc2ed4138 v0.1.0 (C:\Users\runneradmin\AppData\Local\Temp\nagi installer space a7813681-d7e1-4f93-b2e7-616da77f24d4\outside project\build\main\.nagi\apps\nagi-main-972ef7ecc2ed4138\generations\.staging-g-2098-18dc3bcec74e9d48-0)
2026-10-07T11:28:40.6106657Z [1m[92m    Finished[0m `release` profile [optimized] target(s) in 9.49s
2026-10-07T11:28:40.6525684Z native: \\?\C:\Users\runneradmin\AppData\Local\Temp\nagi installer space a7813681-d7e1-4f93-b2e7-616da77f24d4\outside project\build\main\.nagi\apps\nagi-main-972ef7ecc2ed4138\generations\g-2098-18dc3bcec74e9d48-0\nagi-972ef7ecc2ed4138-g-2098-18dc3bcec74e9d48-0.exe
2026-10-07T11:28:43.7320847Z Removed old version: C:\Users\runneradmin\AppData\Local\Temp\nagi installer space a7813681-d7e1-4f93-b2e7-616da77f24d4\versions\nagi-0.1.11-windows-x86_64
2026-10-07T11:28:43.7324410Z 
2026-10-07T11:28:43.7339669Z [OK] Installed Nagi 0.0.1 (prebuilt compiler).
2026-10-07T11:28:43.7350541Z      Location: C:\Users\runneradmin\AppData\Local\Temp\nagi installer space a7813681-d7e1-4f93-b2e7-616da77f24d4\versions\nagi-0.0.1-windows-x86_64
2026-10-07T11:28:43.7361830Z      Command: C:\Users\runneradmin\AppData\Local\Temp\nagi installer space a7813681-d7e1-4f93-b2e7-616da77f24d4\versions\current\nagic.exe
2026-10-07T11:28:43.7366186Z 
2026-10-07T11:28:43.7380732Z [NEXT] Try in this terminal: nagic --version
2026-10-07T11:28:43.7391125Z        Restart VS Code to refresh its PATH.
2026-10-07T11:28:43.7395431Z 
2026-10-07T11:28:43.7405647Z [INFO] To build your own Nagi apps with nagic build/run:
2026-10-07T11:28:43.7416147Z        Rust/Cargo and Visual Studio C++ Build Tools are required.
2026-10-07T11:28:43.7427193Z        Use your existing installation if these tools are already installed.
2026-10-07T11:28:44.3561400Z Removed old version: C:\Users\runneradmin\AppData\Local\Temp\nagi installer space a7813681-d7e1-4f93-b2e7-616da77f24d4\versions\nagi-0.0.1-windows-x86_64
2026-10-07T11:28:44.3564481Z 
2026-10-07T11:28:44.3582986Z [OK] Installed Nagi 0.0.2 (prebuilt compiler).
2026-10-07T11:28:44.3594493Z      Location: C:\Users\runneradmin\AppData\Local\Temp\nagi installer space a7813681-d7e1-4f93-b2e7-616da77f24d4\versions\nagi-0.0.2-windows-x86_64
2026-10-07T11:28:44.3608678Z      Command: C:\Users\runneradmin\AppData\Local\Temp\nagi installer space a7813681-d7e1-4f93-b2e7-616da77f24d4\versions\current\nagic.exe
2026-10-07T11:28:44.3613044Z 
2026-10-07T11:28:44.3629905Z [NEXT] Try in this terminal: nagic --version
2026-10-07T11:28:44.3641194Z        Restart VS Code to refresh its PATH.
2026-10-07T11:28:44.3646712Z 
2026-10-07T11:28:44.3658482Z [INFO] To build your own Nagi apps with nagic build/run:
2026-10-07T11:28:44.3668524Z        Rust/Cargo and Visual Studio C++ Build Tools are required.
2026-10-07T11:28:44.3679592Z        Use your existing installation if these tools are already installed.
2026-10-07T11:28:44.7320432Z 
2026-10-07T11:28:44.7336634Z [OK] Installed Nagi 0.0.2 (prebuilt compiler).
2026-10-07T11:28:44.7346801Z      Location: C:\Users\runneradmin\AppData\Local\Temp\nagi installer space a7813681-d7e1-4f93-b2e7-616da77f24d4\versions\nagi-0.0.2-windows-x86_64
2026-10-07T11:28:44.7357685Z      Command: C:\Users\runneradmin\AppData\Local\Temp\nagi installer space a7813681-d7e1-4f93-b2e7-616da77f24d4\versions\current\nagic.exe
2026-10-07T11:28:44.7361384Z 
2026-10-07T11:28:44.7374985Z [NEXT] Try in this terminal: nagic --version
2026-10-07T11:28:44.7384575Z        Restart VS Code to refresh its PATH.
2026-10-07T11:28:44.7389136Z 
2026-10-07T11:28:44.7398670Z [INFO] To build your own Nagi apps with nagic build/run:
2026-10-07T11:28:44.7408372Z        Rust/Cargo and Visual Studio C++ Build Tools are required.
2026-10-07T11:28:44.7417677Z        Use your existing installation if these tools are already installed.
2026-10-07T11:28:45.3373112Z Removed old version: C:\Users\runneradmin\AppData\Local\Temp\nagi installer space a7813681-d7e1-4f93-b2e7-616da77f24d4\versions\nagi-0.0.2-windows-x86_64
2026-10-07T11:28:45.3376684Z 
2026-10-07T11:28:45.3391432Z [OK] Installed Nagi 0.0.1 (prebuilt compiler).
2026-10-07T11:28:45.3411911Z      Location: C:\Users\runneradmin\AppData\Local\Temp\nagi installer space a7813681-d7e1-4f93-b2e7-616da77f24d4\versions\nagi-0.0.1-windows-x86_64
2026-10-07T11:28:45.3422785Z      Command: C:\Users\runneradmin\AppData\Local\Temp\nagi installer space a7813681-d7e1-4f93-b2e7-616da77f24d4\versions\current\nagic.exe
2026-10-07T11:28:45.3426596Z 
2026-10-07T11:28:45.3440306Z [NEXT] Try in this terminal: nagic --version
2026-10-07T11:28:45.3450498Z        Restart VS Code to refresh its PATH.
2026-10-07T11:28:45.3454677Z 
2026-10-07T11:28:45.3464945Z [INFO] To build your own Nagi apps with nagic build/run:
2026-10-07T11:28:45.3475401Z        Rust/Cargo and Visual Studio C++ Build Tools are required.
2026-10-07T11:28:45.3484935Z        Use your existing installation if these tools are already installed.
2026-10-07T11:28:46.4357578Z Removed old version: C:\Users\runneradmin\AppData\Local\Temp\nagi installer space a7813681-d7e1-4f93-b2e7-616da77f24d4\versions\nagi-0.0.1-windows-x86_64
2026-10-07T11:28:46.4360874Z 
2026-10-07T11:28:46.4376780Z [OK] Installed Nagi 0.0.2 (prebuilt compiler).
2026-10-07T11:28:46.4387642Z      Location: C:\Users\runneradmin\AppData\Local\Temp\nagi installer space a7813681-d7e1-4f93-b2e7-616da77f24d4\versions\nagi-0.0.2-windows-x86_64
2026-10-07T11:28:46.4399346Z      Command: C:\Users\runneradmin\AppData\Local\Temp\nagi installer space a7813681-d7e1-4f93-b2e7-616da77f24d4\versions\current\nagic.exe
2026-10-07T11:28:46.4403410Z 
2026-10-07T11:28:46.4417639Z [NEXT] Try in this terminal: nagic --version
2026-10-07T11:28:46.4428495Z        Restart VS Code to refresh its PATH.
2026-10-07T11:28:46.4433880Z 
2026-10-07T11:28:46.4444546Z [INFO] To build your own Nagi apps with nagic build/run:
2026-10-07T11:28:46.4455150Z        Rust/Cargo and Visual Studio C++ Build Tools are required.
2026-10-07T11:28:46.4465161Z        Use your existing installation if these tools are already installed.
2026-10-07T11:28:47.2980061Z Removed old version: C:\Users\runneradmin\AppData\Local\Temp\nagi installer space a7813681-d7e1-4f93-b2e7-616da77f24d4\legacy\nagi-0.0.1-windows-x86_64
2026-10-07T11:28:47.2983710Z 
2026-10-07T11:28:47.2999336Z [OK] Installed Nagi 0.0.2 (prebuilt compiler).
2026-10-07T11:28:47.3011010Z      Location: C:\Users\runneradmin\AppData\Local\Temp\nagi installer space a7813681-d7e1-4f93-b2e7-616da77f24d4\legacy\nagi-0.0.2-windows-x86_64
2026-10-07T11:28:47.3025677Z      Command: C:\Users\runneradmin\AppData\Local\Temp\nagi installer space a7813681-d7e1-4f93-b2e7-616da77f24d4\legacy\current\nagic.exe
2026-10-07T11:28:47.3029732Z 
2026-10-07T11:28:47.3043324Z [NEXT] Try in this terminal: nagic --version
2026-10-07T11:28:47.3054099Z        Restart VS Code to refresh its PATH.
2026-10-07T11:28:47.3058579Z 
2026-10-07T11:28:47.3069435Z [INFO] To build your own Nagi apps with nagic build/run:
2026-10-07T11:28:47.3079167Z        Rust/Cargo and Visual Studio C++ Build Tools are required.
2026-10-07T11:28:47.3089630Z        Use your existing installation if these tools are already installed.
2026-10-07T11:28:47.6581565Z 
2026-10-07T11:28:47.6597048Z [OK] Installed Nagi 0.0.1 (prebuilt compiler).
2026-10-07T11:28:47.6607667Z      Location: C:\Users\runneradmin\AppData\Local\Temp\nagi installer space a7813681-d7e1-4f93-b2e7-616da77f24d4\protected-changed\nagi-0.0.1-windows-x86_64
2026-10-07T11:28:47.6619734Z      Command: C:\Users\runneradmin\AppData\Local\Temp\nagi installer space a7813681-d7e1-4f93-b2e7-616da77f24d4\protected-changed\current\nagic.exe
2026-10-07T11:28:47.6624207Z 
2026-10-07T11:28:47.6638071Z [NEXT] Try in this terminal: nagic --version
2026-10-07T11:28:47.6643221Z 
2026-10-07T11:28:47.6653847Z [INFO] To build your own Nagi apps with nagic build/run:
2026-10-07T11:28:47.6663700Z        Rust/Cargo and Visual Studio C++ Build Tools are required.
2026-10-07T11:28:47.6674238Z        Use your existing installation if these tools are already installed.
2026-10-07T11:28:48.2535847Z WARNING: Kept old installation: C:\Users\runneradmin\AppData\Local\Temp\nagi installer space 
2026-10-07T11:28:48.2537552Z a7813681-d7e1-4f93-b2e7-616da77f24d4\protected-changed\nagi-0.0.1-windows-x86_64 (Files were added or changed)
2026-10-07T11:28:48.2543893Z 
2026-10-07T11:28:48.2558648Z [OK] Installed Nagi 0.0.2 (prebuilt compiler).
2026-10-07T11:28:48.2569249Z      Location: C:\Users\runneradmin\AppData\Local\Temp\nagi installer space a7813681-d7e1-4f93-b2e7-616da77f24d4\protected-changed\nagi-0.0.2-windows-x86_64
2026-10-07T11:28:48.2580755Z      Command: C:\Users\runneradmin\AppData\Local\Temp\nagi installer space a7813681-d7e1-4f93-b2e7-616da77f24d4\protected-changed\current\nagic.exe
2026-10-07T11:28:48.2584608Z 
2026-10-07T11:28:48.2598231Z [NEXT] Try in this terminal: nagic --version
2026-10-07T11:28:48.2603177Z 
2026-10-07T11:28:48.2612748Z [INFO] To build your own Nagi apps with nagic build/run:
2026-10-07T11:28:48.2622566Z        Rust/Cargo and Visual Studio C++ Build Tools are required.
2026-10-07T11:28:48.2632070Z        Use your existing installation if these tools are already installed.
2026-10-07T11:28:48.5945421Z 
2026-10-07T11:28:48.5961223Z [OK] Installed Nagi 0.0.1 (prebuilt compiler).
2026-10-07T11:28:48.5972802Z      Location: C:\Users\runneradmin\AppData\Local\Temp\nagi installer space a7813681-d7e1-4f93-b2e7-616da77f24d4\protected-added\nagi-0.0.1-windows-x86_64
2026-10-07T11:28:48.5984607Z      Command: C:\Users\runneradmin\AppData\Local\Temp\nagi installer space a7813681-d7e1-4f93-b2e7-616da77f24d4\protected-added\current\nagic.exe
2026-10-07T11:28:48.5988737Z 
2026-10-07T11:28:48.6002771Z [NEXT] Try in this terminal: nagic --version
2026-10-07T11:28:48.6007873Z 
2026-10-07T11:28:48.6018447Z [INFO] To build your own Nagi apps with nagic build/run:
2026-10-07T11:28:48.6029014Z        Rust/Cargo and Visual Studio C++ Build Tools are required.
2026-10-07T11:28:48.6038809Z        Use your existing installation if these tools are already installed.
2026-10-07T11:28:49.1998261Z WARNING: Kept old installation: C:\Users\runneradmin\AppData\Local\Temp\nagi installer space 
2026-10-07T11:28:49.1999894Z a7813681-d7e1-4f93-b2e7-616da77f24d4\protected-added\nagi-0.0.1-windows-x86_64 (Files were added or changed)
2026-10-07T11:28:49.2006002Z 
2026-10-07T11:28:49.2021364Z [OK] Installed Nagi 0.0.2 (prebuilt compiler).
2026-10-07T11:28:49.2031674Z      Location: C:\Users\runneradmin\AppData\Local\Temp\nagi installer space a7813681-d7e1-4f93-b2e7-616da77f24d4\protected-added\nagi-0.0.2-windows-x86_64
2026-10-07T11:28:49.2043372Z      Command: C:\Users\runneradmin\AppData\Local\Temp\nagi installer space a7813681-d7e1-4f93-b2e7-616da77f24d4\protected-added\current\nagic.exe
2026-10-07T11:28:49.2047475Z 
2026-10-07T11:28:49.2063504Z [NEXT] Try in this terminal: nagic --version
2026-10-07T11:28:49.2068675Z 
2026-10-07T11:28:49.2079272Z [INFO] To build your own Nagi apps with nagic build/run:
2026-10-07T11:28:49.2089053Z        Rust/Cargo and Visual Studio C++ Build Tools are required.
2026-10-07T11:28:49.2098082Z        Use your existing installation if these tools are already installed.
2026-10-07T11:28:49.5541435Z 
2026-10-07T11:28:49.5557127Z [OK] Installed Nagi 0.0.1 (prebuilt compiler).
2026-10-07T11:28:49.5568030Z      Location: C:\Users\runneradmin\AppData\Local\Temp\nagi installer space a7813681-d7e1-4f93-b2e7-616da77f24d4\protected-empty-directory\nagi-0.0.1-windows-x86_64
2026-10-07T11:28:49.5579254Z      Command: C:\Users\runneradmin\AppData\Local\Temp\nagi installer space a7813681-d7e1-4f93-b2e7-616da77f24d4\protected-empty-directory\current\nagic.exe
2026-10-07T11:28:49.5583272Z 
2026-10-07T11:28:49.5597598Z [NEXT] Try in this terminal: nagic --version
2026-10-07T11:28:49.5602581Z 
2026-10-07T11:28:49.5613307Z [INFO] To build your own Nagi apps with nagic build/run:
2026-10-07T11:28:49.5623505Z        Rust/Cargo and Visual Studio C++ Build Tools are required.
2026-10-07T11:28:49.5634003Z        Use your existing installation if these tools are already installed.
2026-10-07T11:28:50.1428111Z WARNING: Kept old installation: C:\Users\runneradmin\AppData\Local\Temp\nagi installer space 
2026-10-07T11:28:50.1429648Z a7813681-d7e1-4f93-b2e7-616da77f24d4\protected-empty-directory\nagi-0.0.1-windows-x86_64 (Files were added or changed)
2026-10-07T11:28:50.1436359Z 
2026-10-07T11:28:50.1451325Z [OK] Installed Nagi 0.0.2 (prebuilt compiler).
2026-10-07T11:28:50.1462569Z      Location: C:\Users\runneradmin\AppData\Local\Temp\nagi installer space a7813681-d7e1-4f93-b2e7-616da77f24d4\protected-empty-directory\nagi-0.0.2-windows-x86_64
2026-10-07T11:28:50.1473896Z      Command: C:\Users\runneradmin\AppData\Local\Temp\nagi installer space a7813681-d7e1-4f93-b2e7-616da77f24d4\protected-empty-directory\current\nagic.exe
2026-10-07T11:28:50.1477908Z 
2026-10-07T11:28:50.1491970Z [NEXT] Try in this terminal: nagic --version
2026-10-07T11:28:50.1497246Z 
2026-10-07T11:28:50.1507125Z [INFO] To build your own Nagi apps with nagic build/run:
2026-10-07T11:28:50.1517199Z        Rust/Cargo and Visual Studio C++ Build Tools are required.
2026-10-07T11:28:50.1527358Z        Use your existing installation if these tools are already installed.
2026-10-07T11:28:50.4976806Z 
2026-10-07T11:28:50.4992408Z [OK] Installed Nagi 0.0.1 (prebuilt compiler).
2026-10-07T11:28:50.5003733Z      Location: C:\Users\runneradmin\AppData\Local\Temp\nagi installer space a7813681-d7e1-4f93-b2e7-616da77f24d4\protected-busy\nagi-0.0.1-windows-x86_64
2026-10-07T11:28:50.5015470Z      Command: C:\Users\runneradmin\AppData\Local\Temp\nagi installer space a7813681-d7e1-4f93-b2e7-616da77f24d4\protected-busy\current\nagic.exe
2026-10-07T11:28:50.5019349Z 
2026-10-07T11:28:50.5032937Z [NEXT] Try in this terminal: nagic --version
2026-10-07T11:28:50.5038474Z 
2026-10-07T11:28:50.5050119Z [INFO] To build your own Nagi apps with nagic build/run:
2026-10-07T11:28:50.5060243Z        Rust/Cargo and Visual Studio C++ Build Tools are required.
2026-10-07T11:28:50.5070273Z        Use your existing installation if these tools are already installed.
2026-10-07T11:28:50.8484792Z WARNING: Kept old installation: C:\Users\runneradmin\AppData\Local\Temp\nagi installer space 
2026-10-07T11:28:50.8487174Z a7813681-d7e1-4f93-b2e7-616da77f24d4\protected-busy\nagi-0.0.1-windows-x86_64 (The file 
2026-10-07T11:28:50.8488409Z 'C:\Users\runneradmin\AppData\Local\Temp\nagi installer space 
2026-10-07T11:28:50.8489862Z a7813681-d7e1-4f93-b2e7-616da77f24d4\protected-busy\nagi-0.0.1-windows-x86_64\nagic.exe' cannot be read: The process 
2026-10-07T11:28:50.8491352Z cannot access the file 'C:\Users\runneradmin\AppData\Local\Temp\nagi installer space 
2026-10-07T11:28:50.8492877Z a7813681-d7e1-4f93-b2e7-616da77f24d4\protected-busy\nagi-0.0.1-windows-x86_64\nagic.exe' because it is being used by 
2026-10-07T11:28:50.8493894Z another process.)
2026-10-07T11:28:50.8494171Z 
2026-10-07T11:28:50.8510986Z [OK] Installed Nagi 0.0.2 (prebuilt compiler).
2026-10-07T11:28:50.8522963Z      Location: C:\Users\runneradmin\AppData\Local\Temp\nagi installer space a7813681-d7e1-4f93-b2e7-616da77f24d4\protected-busy\nagi-0.0.2-windows-x86_64
2026-10-07T11:28:50.8536404Z      Command: C:\Users\runneradmin\AppData\Local\Temp\nagi installer space a7813681-d7e1-4f93-b2e7-616da77f24d4\protected-busy\current\nagic.exe
2026-10-07T11:28:50.8540994Z 
2026-10-07T11:28:50.8555483Z [NEXT] Try in this terminal: nagic --version
2026-10-07T11:28:50.8561999Z 
2026-10-07T11:28:50.8572753Z [INFO] To build your own Nagi apps with nagic build/run:
2026-10-07T11:28:50.8582955Z        Rust/Cargo and Visual Studio C++ Build Tools are required.
2026-10-07T11:28:50.8592407Z        Use your existing installation if these tools are already installed.
2026-10-07T11:28:51.1941094Z 
2026-10-07T11:28:51.1960649Z [OK] Installed Nagi 0.0.1 (prebuilt compiler).
2026-10-07T11:28:51.1974311Z      Location: C:\Users\runneradmin\AppData\Local\Temp\nagi installer space a7813681-d7e1-4f93-b2e7-616da77f24d4\protected-junction\nagi-0.0.1-windows-x86_64
2026-10-07T11:28:51.1992173Z      Command: C:\Users\runneradmin\AppData\Local\Temp\nagi installer space a7813681-d7e1-4f93-b2e7-616da77f24d4\protected-junction\current\nagic.exe
2026-10-07T11:28:51.1994297Z 
2026-10-07T11:28:51.2012738Z [NEXT] Try in this terminal: nagic --version
2026-10-07T11:28:51.2018181Z 
2026-10-07T11:28:51.2030176Z [INFO] To build your own Nagi apps with nagic build/run:
2026-10-07T11:28:51.2041070Z        Rust/Cargo and Visual Studio C++ Build Tools are required.
2026-10-07T11:28:51.2053017Z        Use your existing installation if these tools are already installed.
2026-10-07T11:28:51.5358884Z WARNING: Kept old installation: C:\Users\runneradmin\AppData\Local\Temp\nagi installer space 
2026-10-07T11:28:51.5360141Z a7813681-d7e1-4f93-b2e7-616da77f24d4\protected-junction\nagi-0.0.1-windows-x86_64 (Installation contains a link or an 
2026-10-07T11:28:51.5360834Z unrecognized file name)
2026-10-07T11:28:51.5366131Z 
2026-10-07T11:28:51.5381733Z [OK] Installed Nagi 0.0.2 (prebuilt compiler).
2026-10-07T11:28:51.5393750Z      Location: C:\Users\runneradmin\AppData\Local\Temp\nagi installer space a7813681-d7e1-4f93-b2e7-616da77f24d4\protected-junction\nagi-0.0.2-windows-x86_64
2026-10-07T11:28:51.5405517Z      Command: C:\Users\runneradmin\AppData\Local\Temp\nagi installer space a7813681-d7e1-4f93-b2e7-616da77f24d4\protected-junction\current\nagic.exe
2026-10-07T11:28:51.5410463Z 
2026-10-07T11:28:51.5424018Z [NEXT] Try in this terminal: nagic --version
2026-10-07T11:28:51.5429456Z 
2026-10-07T11:28:51.5440396Z [INFO] To build your own Nagi apps with nagic build/run:
2026-10-07T11:28:51.5451042Z        Rust/Cargo and Visual Studio C++ Build Tools are required.
2026-10-07T11:28:51.5461381Z        Use your existing installation if these tools are already installed.
2026-10-07T11:28:51.6175907Z PowerShell installer: external project, upgrade, repeat, explicit version, rollback, legacy PATH, protected files, lock, and latest selection passed.
2026-10-07T11:28:51.7616220Z ##[group]Run ./scripts/releases/test_uninstall.ps1
2026-10-07T11:28:51.7616653Z [36;1m./scripts/releases/test_uninstall.ps1[0m
2026-10-07T11:28:51.7688978Z shell: C:\Program Files\PowerShell\7\pwsh.EXE -command ". '{0}'"
2026-10-07T11:28:51.7689320Z env:
2026-10-07T11:28:51.7689572Z   NAGI_FAILURE_DIR: D:\a\Nagi\Nagi/build/compiler-failures
2026-10-07T11:28:51.7689903Z   CARGO_HOME: C:\Users\runneradmin\.cargo
2026-10-07T11:28:51.7690170Z   CARGO_INCREMENTAL: 0
2026-10-07T11:28:51.7690376Z   CARGO_TERM_COLOR: always
2026-10-07T11:28:51.7690668Z   pythonLocation: C:\hostedtoolcache\windows\Python\3.12.10\x64
2026-10-07T11:28:51.7691119Z   PKG_CONFIG_PATH: C:\hostedtoolcache\windows\Python\3.12.10\x64/lib/pkgconfig
2026-10-07T11:28:51.7691574Z   Python_ROOT_DIR: C:\hostedtoolcache\windows\Python\3.12.10\x64
2026-10-07T11:28:51.7691982Z   Python2_ROOT_DIR: C:\hostedtoolcache\windows\Python\3.12.10\x64
2026-10-07T11:28:51.7692414Z   Python3_ROOT_DIR: C:\hostedtoolcache\windows\Python\3.12.10\x64
2026-10-07T11:28:51.7692732Z ##[endgroup]
2026-10-07T11:28:56.6027731Z What if: Performing the operation "Remove installer current junction" on target "C:\Users\runneradmin\AppData\Local\Temp\nagi uninstaller space 6e757dfd-6a0e-4793-80d0-53a1217ac431\preview\current".
2026-10-07T11:28:56.6059524Z What if: Performing the operation "Remove installer-owned Nagi entries" on target "User PATH".
2026-10-07T11:28:56.6082574Z What if: Performing the operation "Remove unchanged verified Nagi distribution" on target "C:\Users\runneradmin\AppData\Local\Temp\nagi uninstaller space 6e757dfd-6a0e-4793-80d0-53a1217ac431\preview\nagi-0.0.1-windows-x86_64".
2026-10-07T11:28:56.6116647Z [OK] Dry run complete; no installed files or PATH entries changed.
2026-10-07T11:28:56.8279191Z Removed command junction: C:\Users\runneradmin\AppData\Local\Temp\nagi uninstaller space 6e757dfd-6a0e-4793-80d0-53a1217ac431\normal\current
2026-10-07T11:28:56.8693128Z Removed distribution: C:\Users\runneradmin\AppData\Local\Temp\nagi uninstaller space 6e757dfd-6a0e-4793-80d0-53a1217ac431\normal\nagi-0.0.1-windows-x86_64
2026-10-07T11:28:56.8697718Z [OK] Nagi uninstall complete. Any kept items are listed above.
2026-10-07T11:28:56.8704633Z Restart your terminal and VS Code to refresh PATH.
2026-10-07T11:28:56.9043969Z [OK] Nagi uninstall complete. Any kept items are listed above.
2026-10-07T11:28:56.9050417Z Restart your terminal and VS Code to refresh PATH.
2026-10-07T11:28:56.9194235Z [OK] No installation directory: C:\Users\runneradmin\AppData\Local\Temp\nagi uninstaller space 6e757dfd-6a0e-4793-80d0-53a1217ac431\not installed
2026-10-07T11:28:57.0820834Z Removed distribution: C:\Users\runneradmin\AppData\Local\Temp\nagi uninstaller space 6e757dfd-6a0e-4793-80d0-53a1217ac431\legacy\nagi-0.0.1-windows-x86_64
2026-10-07T11:28:57.0826719Z [OK] Nagi uninstall complete. Any kept items are listed above.
2026-10-07T11:28:57.0833370Z Restart your terminal and VS Code to refresh PATH.
2026-10-07T11:28:57.2398048Z [33;1mWARNING: Kept changed, busy or unverifiable installation: C:\Users\runneradmin\AppData\Local\Temp\nagi uninstaller space 6e757dfd-6a0e-4793-80d0-53a1217ac431\protected-changed\nagi-0.0.1-windows-x86_64 (Files were added or changed)[0m
2026-10-07T11:28:57.2425207Z Removed command junction: C:\Users\runneradmin\AppData\Local\Temp\nagi uninstaller space 6e757dfd-6a0e-4793-80d0-53a1217ac431\protected-changed\current
2026-10-07T11:28:57.2446599Z [OK] Nagi uninstall complete. Any kept items are listed above.
2026-10-07T11:28:57.2453896Z Restart your terminal and VS Code to refresh PATH.
2026-10-07T11:28:57.4264236Z [33;1mWARNING: Kept changed, busy or unverifiable installation: C:\Users\runneradmin\AppData\Local\Temp\nagi uninstaller space 6e757dfd-6a0e-4793-80d0-53a1217ac431\protected-added\nagi-0.0.1-windows-x86_64 (Files were added or changed)[0m
2026-10-07T11:28:57.4290365Z Removed command junction: C:\Users\runneradmin\AppData\Local\Temp\nagi uninstaller space 6e757dfd-6a0e-4793-80d0-53a1217ac431\protected-added\current
2026-10-07T11:28:57.4307866Z [OK] Nagi uninstall complete. Any kept items are listed above.
2026-10-07T11:28:57.4315454Z Restart your terminal and VS Code to refresh PATH.
2026-10-07T11:28:57.5938214Z [33;1mWARNING: Kept changed, busy or unverifiable installation: C:\Users\runneradmin\AppData\Local\Temp\nagi uninstaller space 6e757dfd-6a0e-4793-80d0-53a1217ac431\protected-empty-directory\nagi-0.0.1-windows-x86_64 (Files were added or changed)[0m
2026-10-07T11:28:57.5959562Z Removed command junction: C:\Users\runneradmin\AppData\Local\Temp\nagi uninstaller space 6e757dfd-6a0e-4793-80d0-53a1217ac431\protected-empty-directory\current
2026-10-07T11:28:57.5977251Z [OK] Nagi uninstall complete. Any kept items are listed above.
2026-10-07T11:28:57.5984652Z Restart your terminal and VS Code to refresh PATH.
2026-10-07T11:28:57.7437001Z [33;1mWARNING: Kept changed, busy or unverifiable installation: C:\Users\runneradmin\AppData\Local\Temp\nagi uninstaller space 6e757dfd-6a0e-4793-80d0-53a1217ac431\protected-hidden\nagi-0.0.1-windows-x86_64 (Files were added or changed)[0m
2026-10-07T11:28:57.7458713Z Removed command junction: C:\Users\runneradmin\AppData\Local\Temp\nagi uninstaller space 6e757dfd-6a0e-4793-80d0-53a1217ac431\protected-hidden\current
2026-10-07T11:28:57.7477342Z [OK] Nagi uninstall complete. Any kept items are listed above.
2026-10-07T11:28:57.7484347Z Restart your terminal and VS Code to refresh PATH.
2026-10-07T11:28:57.8283298Z [33;1mWARNING: Kept changed, busy or unverifiable installation: C:\Users\runneradmin\AppData\Local\Temp\nagi uninstaller space 6e757dfd-6a0e-4793-80d0-53a1217ac431\protected-busy\nagi-0.0.1-windows-x86_64 (The process cannot access the file 'C:\Users\runneradmin\AppData\Local\Temp\nagi uninstaller space 6e757dfd-6a0e-4793-80d0-53a1217ac431\protected-busy\nagi-0.0.1-windows-x86_64\nagic.exe' because it is being used by another process.)[0m
2026-10-07T11:28:57.8304360Z Removed command junction: C:\Users\runneradmin\AppData\Local\Temp\nagi uninstaller space 6e757dfd-6a0e-4793-80d0-53a1217ac431\protected-busy\current
2026-10-07T11:28:57.8321410Z [OK] Nagi uninstall complete. Any kept items are listed above.
2026-10-07T11:28:57.8328150Z Restart your terminal and VS Code to refresh PATH.
2026-10-07T11:28:57.9012226Z [33;1mWARNING: Kept changed, busy or unverifiable installation: C:\Users\runneradmin\AppData\Local\Temp\nagi uninstaller space 6e757dfd-6a0e-4793-80d0-53a1217ac431\protected-junction\nagi-0.0.1-windows-x86_64 (Installation contains a link or an unrecognized file name)[0m
2026-10-07T11:28:57.9033239Z Removed command junction: C:\Users\runneradmin\AppData\Local\Temp\nagi uninstaller space 6e757dfd-6a0e-4793-80d0-53a1217ac431\protected-junction\current
2026-10-07T11:28:57.9049896Z [OK] Nagi uninstall complete. Any kept items are listed above.
2026-10-07T11:28:57.9056391Z Restart your terminal and VS Code to refresh PATH.
2026-10-07T11:28:57.9614283Z [33;1mWARNING: Kept existing current path: C:\Users\runneradmin\AppData\Local\Temp\nagi uninstaller space 6e757dfd-6a0e-4793-80d0-53a1217ac431\foreign-file\current[0m
2026-10-07T11:28:58.0693438Z Removed distribution: C:\Users\runneradmin\AppData\Local\Temp\nagi uninstaller space 6e757dfd-6a0e-4793-80d0-53a1217ac431\foreign-file\nagi-0.0.1-windows-x86_64
2026-10-07T11:28:58.0695737Z [OK] Nagi uninstall complete. Any kept items are listed above.
2026-10-07T11:28:58.0699969Z Restart your terminal and VS Code to refresh PATH.
2026-10-07T11:28:58.1162348Z [33;1mWARNING: Kept existing current path: C:\Users\runneradmin\AppData\Local\Temp\nagi uninstaller space 6e757dfd-6a0e-4793-80d0-53a1217ac431\foreign-directory\current[0m
2026-10-07T11:28:58.2304469Z Removed distribution: C:\Users\runneradmin\AppData\Local\Temp\nagi uninstaller space 6e757dfd-6a0e-4793-80d0-53a1217ac431\foreign-directory\nagi-0.0.1-windows-x86_64
2026-10-07T11:28:58.2309223Z [OK] Nagi uninstall complete. Any kept items are listed above.
2026-10-07T11:28:58.2317473Z Restart your terminal and VS Code to refresh PATH.
2026-10-07T11:28:58.2813835Z [33;1mWARNING: Kept existing current path: C:\Users\runneradmin\AppData\Local\Temp\nagi uninstaller space 6e757dfd-6a0e-4793-80d0-53a1217ac431\foreign-foreign-junction\current[0m
2026-10-07T11:28:58.4031189Z Removed distribution: C:\Users\runneradmin\AppData\Local\Temp\nagi uninstaller space 6e757dfd-6a0e-4793-80d0-53a1217ac431\foreign-foreign-junction\nagi-0.0.1-windows-x86_64
2026-10-07T11:28:58.4036384Z [OK] Nagi uninstall complete. Any kept items are listed above.
2026-10-07T11:28:58.4041992Z Restart your terminal and VS Code to refresh PATH.
2026-10-07T11:28:58.4676044Z [33;1mWARNING: Kept changed, busy or unverifiable installation: C:\Users\runneradmin\AppData\Local\Temp\nagi uninstaller space 6e757dfd-6a0e-4793-80d0-53a1217ac431\version-junction\nagi-0.0.1-windows-x86_64 (Not a plain installation directory)[0m
2026-10-07T11:28:58.4690013Z [OK] Nagi uninstall complete. Any kept items are listed above.
2026-10-07T11:28:58.4696970Z Restart your terminal and VS Code to refresh PATH.
2026-10-07T11:28:58.5565418Z [33;1mWARNING: Kept changed, busy or unverifiable installation: C:\Users\runneradmin\AppData\Local\Temp\nagi uninstaller space 6e757dfd-6a0e-4793-80d0-53a1217ac431\unverified-checksum\nagi-0.0.1-windows-x86_64 (SHA-256 mismatch)[0m
2026-10-07T11:28:58.5586552Z Removed command junction: C:\Users\runneradmin\AppData\Local\Temp\nagi uninstaller space 6e757dfd-6a0e-4793-80d0-53a1217ac431\unverified-checksum\current
2026-10-07T11:28:58.5604086Z [OK] Nagi uninstall complete. Any kept items are listed above.
2026-10-07T11:28:58.5610936Z Restart your terminal and VS Code to refresh PATH.
2026-10-07T11:28:58.6545351Z [33;1mWARNING: Kept changed, busy or unverifiable installation: C:\Users\runneradmin\AppData\Local\Temp\nagi uninstaller space 6e757dfd-6a0e-4793-80d0-53a1217ac431\unverified-offline\nagi-0.0.1-windows-x86_64 (Fixture download unavailable)[0m
2026-10-07T11:28:58.6572959Z Removed command junction: C:\Users\runneradmin\AppData\Local\Temp\nagi uninstaller space 6e757dfd-6a0e-4793-80d0-53a1217ac431\unverified-offline\current
2026-10-07T11:28:58.6591212Z [OK] Nagi uninstall complete. Any kept items are listed above.
2026-10-07T11:28:58.6598446Z Restart your terminal and VS Code to refresh PATH.
2026-10-07T11:28:58.7470182Z [33;1mWARNING: Kept changed, busy or unverifiable installation: C:\Users\runneradmin\AppData\Local\Temp\nagi uninstaller space 6e757dfd-6a0e-4793-80d0-53a1217ac431\unverified-unsafe\nagi-0.0.90-windows-x86_64 (Unsafe archive entry)[0m
2026-10-07T11:28:58.7492304Z Removed command junction: C:\Users\runneradmin\AppData\Local\Temp\nagi uninstaller space 6e757dfd-6a0e-4793-80d0-53a1217ac431\unverified-unsafe\current
2026-10-07T11:28:58.7513376Z [OK] Nagi uninstall complete. Any kept items are listed above.
2026-10-07T11:28:58.7521169Z Restart your terminal and VS Code to refresh PATH.
2026-10-07T11:28:58.8758097Z [33;1mWARNING: Kept changed, busy or unverifiable installation: C:\Users\runneradmin\AppData\Local\Temp\nagi uninstaller space 6e757dfd-6a0e-4793-80d0-53a1217ac431\unverified-incomplete\nagi-0.0.91-windows-x86_64 (Incomplete distribution)[0m
2026-10-07T11:28:58.8778890Z Removed command junction: C:\Users\runneradmin\AppData\Local\Temp\nagi uninstaller space 6e757dfd-6a0e-4793-80d0-53a1217ac431\unverified-incomplete\current
2026-10-07T11:28:58.8795361Z [OK] Nagi uninstall complete. Any kept items are listed above.
2026-10-07T11:28:58.8802576Z Restart your terminal and VS Code to refresh PATH.
2026-10-07T11:28:59.0166578Z [33;1mWARNING: Kept changed, busy or unverifiable installation: C:\Users\runneradmin\AppData\Local\Temp\nagi uninstaller space 6e757dfd-6a0e-4793-80d0-53a1217ac431\unverified-metadata\nagi-0.0.92-windows-x86_64 (Distribution metadata mismatch)[0m
2026-10-07T11:28:59.0188187Z Removed command junction: C:\Users\runneradmin\AppData\Local\Temp\nagi uninstaller space 6e757dfd-6a0e-4793-80d0-53a1217ac431\unverified-metadata\current
2026-10-07T11:28:59.0205361Z [OK] Nagi uninstall complete. Any kept items are listed above.
2026-10-07T11:28:59.0210957Z Restart your terminal and VS Code to refresh PATH.
2026-10-07T11:28:59.3798560Z Removed command junction: C:\Users\runneradmin\AppData\Local\Temp\nagi uninstaller space 6e757dfd-6a0e-4793-80d0-53a1217ac431\path\current
2026-10-07T11:28:59.4084859Z Removed distribution: C:\Users\runneradmin\AppData\Local\Temp\nagi uninstaller space 6e757dfd-6a0e-4793-80d0-53a1217ac431\path\nagi-0.0.1-windows-x86_64
2026-10-07T11:28:59.4307480Z Removed distribution: C:\Users\runneradmin\AppData\Local\Temp\nagi uninstaller space 6e757dfd-6a0e-4793-80d0-53a1217ac431\path\nagi-0.0.2-windows-x86_64
2026-10-07T11:28:59.4312806Z [OK] Nagi uninstall complete. Any kept items are listed above.
2026-10-07T11:28:59.4320337Z Restart your terminal and VS Code to refresh PATH.
2026-10-07T11:28:59.5375840Z [33;1mWARNING: Kept changed, busy or unverifiable installation: C:\Users\runneradmin\AppData\Local\Temp\nagi uninstaller space 6e757dfd-6a0e-4793-80d0-53a1217ac431\path-unverified\nagi-0.0.1-windows-x86_64 (Files were added or changed)[0m
2026-10-07T11:28:59.5395579Z [OK] Nagi uninstall complete. Any kept items are listed above.
2026-10-07T11:28:59.5402708Z Restart your terminal and VS Code to refresh PATH.
2026-10-07T11:28:59.6498561Z [33;1mWARNING: Kept changed, busy or unverifiable installation: C:\Users\runneradmin\AppData\Local\Temp\nagi uninstaller space 6e757dfd-6a0e-4793-80d0-53a1217ac431\path-changed-current\nagi-0.0.1-windows-x86_64 (Files were added or changed)[0m
2026-10-07T11:28:59.6519555Z Removed command junction: C:\Users\runneradmin\AppData\Local\Temp\nagi uninstaller space 6e757dfd-6a0e-4793-80d0-53a1217ac431\path-changed-current\current
2026-10-07T11:28:59.6538526Z [OK] Nagi uninstall complete. Any kept items are listed above.
2026-10-07T11:28:59.6545280Z Restart your terminal and VS Code to refresh PATH.
2026-10-07T11:28:59.6923303Z [33;1mWARNING: Kept existing current path: C:\Users\runneradmin\AppData\Local\Temp\nagi uninstaller space 6e757dfd-6a0e-4793-80d0-53a1217ac431\path-foreign-current\current[0m
2026-10-07T11:28:59.8099511Z Removed distribution: C:\Users\runneradmin\AppData\Local\Temp\nagi uninstaller space 6e757dfd-6a0e-4793-80d0-53a1217ac431\path-foreign-current\nagi-0.0.1-windows-x86_64
2026-10-07T11:28:59.8105565Z [OK] Nagi uninstall complete. Any kept items are listed above.
2026-10-07T11:28:59.8112751Z Restart your terminal and VS Code to refresh PATH.
2026-10-07T11:28:59.8242941Z [OK] No installation directory: C:\Users\runneradmin\AppData\Local\Temp\nagi uninstaller space 6e757dfd-6a0e-4793-80d0-53a1217ac431\null-path-missing
2026-10-07T11:28:59.8364845Z [OK] Nagi uninstall complete. Any kept items are listed above.
2026-10-07T11:28:59.8370703Z Restart your terminal and VS Code to refresh PATH.
2026-10-07T11:28:59.8443363Z PowerShell uninstaller: preview, repeat, legacy, complete trees, protected files, foreign links, failed verification, lock, root junction, and isolated PATH tests passed.
2026-10-07T11:29:00.1041818Z ##[group]Run ./scripts/releases/test_uninstall.ps1
2026-10-07T11:29:00.1042289Z [36;1m./scripts/releases/test_uninstall.ps1[0m
2026-10-07T11:29:00.1112857Z shell: C:\Windows\System32\WindowsPowerShell\v1.0\powershell.EXE -command ". '{0}'"
2026-10-07T11:29:00.1113306Z env:
2026-10-07T11:29:00.1113564Z   NAGI_FAILURE_DIR: D:\a\Nagi\Nagi/build/compiler-failures
2026-10-07T11:29:00.1113891Z   CARGO_HOME: C:\Users\runneradmin\.cargo
2026-10-07T11:29:00.1114146Z   CARGO_INCREMENTAL: 0
2026-10-07T11:29:00.1114347Z   CARGO_TERM_COLOR: always
2026-10-07T11:29:00.1114642Z   pythonLocation: C:\hostedtoolcache\windows\Python\3.12.10\x64
2026-10-07T11:29:00.1115103Z   PKG_CONFIG_PATH: C:\hostedtoolcache\windows\Python\3.12.10\x64/lib/pkgconfig
2026-10-07T11:29:00.1115547Z   Python_ROOT_DIR: C:\hostedtoolcache\windows\Python\3.12.10\x64
2026-10-07T11:29:00.1115939Z   Python2_ROOT_DIR: C:\hostedtoolcache\windows\Python\3.12.10\x64
2026-10-07T11:29:00.1116385Z   Python3_ROOT_DIR: C:\hostedtoolcache\windows\Python\3.12.10\x64
2026-10-07T11:29:00.1116701Z ##[endgroup]
2026-10-07T11:29:02.3079286Z What if: Performing the operation "Remove installer current junction" on target "C:\Users\runneradmin\AppData\Local\Temp\nagi uninstaller space 02250df8-564a-4c75-b574-3c8670facdd1\preview\current".
2026-10-07T11:29:02.3142758Z What if: Performing the operation "Remove installer-owned Nagi entries" on target "User PATH".
2026-10-07T11:29:02.3184580Z What if: Performing the operation "Remove unchanged verified Nagi distribution" on target "C:\Users\runneradmin\AppData\Local\Temp\nagi uninstaller space 02250df8-564a-4c75-b574-3c8670facdd1\preview\nagi-0.0.1-windows-x86_64".
2026-10-07T11:29:02.3335399Z [OK] Dry run complete; no installed files or PATH entries changed.
2026-10-07T11:29:02.7171981Z Removed command junction: C:\Users\runneradmin\AppData\Local\Temp\nagi uninstaller space 02250df8-564a-4c75-b574-3c8670facdd1\normal\current
2026-10-07T11:29:02.7709853Z Removed distribution: C:\Users\runneradmin\AppData\Local\Temp\nagi uninstaller space 02250df8-564a-4c75-b574-3c8670facdd1\normal\nagi-0.0.1-windows-x86_64
2026-10-07T11:29:02.7731219Z [OK] Nagi uninstall complete. Any kept items are listed above.
2026-10-07T11:29:02.7743836Z Restart your terminal and VS Code to refresh PATH.
2026-10-07T11:29:02.7939428Z [OK] Nagi uninstall complete. Any kept items are listed above.
2026-10-07T11:29:02.7953987Z Restart your terminal and VS Code to refresh PATH.
2026-10-07T11:29:02.8094088Z [OK] No installation directory: C:\Users\runneradmin\AppData\Local\Temp\nagi uninstaller space 02250df8-564a-4c75-b574-3c8670facdd1\not installed
2026-10-07T11:29:03.1743541Z Removed distribution: C:\Users\runneradmin\AppData\Local\Temp\nagi uninstaller space 02250df8-564a-4c75-b574-3c8670facdd1\legacy\nagi-0.0.1-windows-x86_64
2026-10-07T11:29:03.1752595Z [OK] Nagi uninstall complete. Any kept items are listed above.
2026-10-07T11:29:03.1760975Z Restart your terminal and VS Code to refresh PATH.
2026-10-07T11:29:04.1803647Z WARNING: Kept changed, busy or unverifiable installation: C:\Users\runneradmin\AppData\Local\Temp\nagi uninstaller 
2026-10-07T11:29:04.1805102Z space 02250df8-564a-4c75-b574-3c8670facdd1\protected-changed\nagi-0.0.1-windows-x86_64 (Files were added or changed)
2026-10-07T11:29:04.1824838Z Removed command junction: C:\Users\runneradmin\AppData\Local\Temp\nagi uninstaller space 02250df8-564a-4c75-b574-3c8670facdd1\protected-changed\current
2026-10-07T11:29:04.1845035Z [OK] Nagi uninstall complete. Any kept items are listed above.
2026-10-07T11:29:04.1853171Z Restart your terminal and VS Code to refresh PATH.
2026-10-07T11:29:05.1201973Z WARNING: Kept changed, busy or unverifiable installation: C:\Users\runneradmin\AppData\Local\Temp\nagi uninstaller 
2026-10-07T11:29:05.1203579Z space 02250df8-564a-4c75-b574-3c8670facdd1\protected-added\nagi-0.0.1-windows-x86_64 (Files were added or changed)
2026-10-07T11:29:05.1223591Z Removed command junction: C:\Users\runneradmin\AppData\Local\Temp\nagi uninstaller space 02250df8-564a-4c75-b574-3c8670facdd1\protected-added\current
2026-10-07T11:29:05.1241200Z [OK] Nagi uninstall complete. Any kept items are listed above.
2026-10-07T11:29:05.1249330Z Restart your terminal and VS Code to refresh PATH.
2026-10-07T11:29:05.5096097Z WARNING: Kept changed, busy or unverifiable installation: C:\Users\runneradmin\AppData\Local\Temp\nagi uninstaller 
2026-10-07T11:29:05.5097306Z space 02250df8-564a-4c75-b574-3c8670facdd1\protected-empty-directory\nagi-0.0.1-windows-x86_64 (Files were added or 
2026-10-07T11:29:05.5098037Z changed)
2026-10-07T11:29:05.5114968Z Removed command junction: C:\Users\runneradmin\AppData\Local\Temp\nagi uninstaller space 02250df8-564a-4c75-b574-3c8670facdd1\protected-empty-directory\current
2026-10-07T11:29:05.5134837Z [OK] Nagi uninstall complete. Any kept items are listed above.
2026-10-07T11:29:05.5143104Z Restart your terminal and VS Code to refresh PATH.
2026-10-07T11:29:06.6103247Z WARNING: Kept changed, busy or unverifiable installation: C:\Users\runneradmin\AppData\Local\Temp\nagi uninstaller 
2026-10-07T11:29:06.6104789Z space 02250df8-564a-4c75-b574-3c8670facdd1\protected-hidden\nagi-0.0.1-windows-x86_64 (Files were added or changed)
2026-10-07T11:29:06.6123046Z Removed command junction: C:\Users\runneradmin\AppData\Local\Temp\nagi uninstaller space 02250df8-564a-4c75-b574-3c8670facdd1\protected-hidden\current
2026-10-07T11:29:06.6142141Z [OK] Nagi uninstall complete. Any kept items are listed above.
2026-10-07T11:29:06.6150443Z Restart your terminal and VS Code to refresh PATH.
2026-10-07T11:29:06.8387552Z WARNING: Kept changed, busy or unverifiable installation: C:\Users\runneradmin\AppData\Local\Temp\nagi uninstaller 
2026-10-07T11:29:06.8388558Z space 02250df8-564a-4c75-b574-3c8670facdd1\protected-busy\nagi-0.0.1-windows-x86_64 (The file 
2026-10-07T11:29:06.8389253Z 'C:\Users\runneradmin\AppData\Local\Temp\nagi uninstaller space 
2026-10-07T11:29:06.8390076Z 02250df8-564a-4c75-b574-3c8670facdd1\protected-busy\nagi-0.0.1-windows-x86_64\nagic.exe' cannot be read: The process 
2026-10-07T11:29:06.8391317Z cannot access the file 'C:\Users\runneradmin\AppData\Local\Temp\nagi uninstaller space 
2026-10-07T11:29:06.8392159Z 02250df8-564a-4c75-b574-3c8670facdd1\protected-busy\nagi-0.0.1-windows-x86_64\nagic.exe' because it is being used by 
2026-10-07T11:29:06.8393070Z another process.)
2026-10-07T11:29:06.8411454Z Removed command junction: C:\Users\runneradmin\AppData\Local\Temp\nagi uninstaller space 02250df8-564a-4c75-b574-3c8670facdd1\protected-busy\current
2026-10-07T11:29:06.8432408Z [OK] Nagi uninstall complete. Any kept items are listed above.
2026-10-07T11:29:06.8442092Z Restart your terminal and VS Code to refresh PATH.
2026-10-07T11:29:07.0358947Z WARNING: Kept changed, busy or unverifiable installation: C:\Users\runneradmin\AppData\Local\Temp\nagi uninstaller 
2026-10-07T11:29:07.0360565Z space 02250df8-564a-4c75-b574-3c8670facdd1\protected-junction\nagi-0.0.1-windows-x86_64 (Installation contains a link 
2026-10-07T11:29:07.0361944Z or an unrecognized file name)
2026-10-07T11:29:07.0378932Z Removed command junction: C:\Users\runneradmin\AppData\Local\Temp\nagi uninstaller space 02250df8-564a-4c75-b574-3c8670facdd1\protected-junction\current
2026-10-07T11:29:07.0396640Z [OK] Nagi uninstall complete. Any kept items are listed above.
2026-10-07T11:29:07.0404738Z Restart your terminal and VS Code to refresh PATH.
2026-10-07T11:29:07.1670647Z WARNING: Kept existing current path: C:\Users\runneradmin\AppData\Local\Temp\nagi uninstaller space 
2026-10-07T11:29:07.1672465Z 02250df8-564a-4c75-b574-3c8670facdd1\foreign-file\current
2026-10-07T11:29:07.4754013Z Removed distribution: C:\Users\runneradmin\AppData\Local\Temp\nagi uninstaller space 02250df8-564a-4c75-b574-3c8670facdd1\foreign-file\nagi-0.0.1-windows-x86_64
2026-10-07T11:29:07.4763185Z [OK] Nagi uninstall complete. Any kept items are listed above.
2026-10-07T11:29:07.4772638Z Restart your terminal and VS Code to refresh PATH.
2026-10-07T11:29:07.5266308Z WARNING: Kept existing current path: C:\Users\runneradmin\AppData\Local\Temp\nagi uninstaller space 
2026-10-07T11:29:07.5267724Z 02250df8-564a-4c75-b574-3c8670facdd1\foreign-directory\current
2026-10-07T11:29:08.0494834Z Removed distribution: C:\Users\runneradmin\AppData\Local\Temp\nagi uninstaller space 02250df8-564a-4c75-b574-3c8670facdd1\foreign-directory\nagi-0.0.1-windows-x86_64
2026-10-07T11:29:08.0503845Z [OK] Nagi uninstall complete. Any kept items are listed above.
2026-10-07T11:29:08.0513403Z Restart your terminal and VS Code to refresh PATH.
2026-10-07T11:29:08.1332935Z WARNING: Kept existing current path: C:\Users\runneradmin\AppData\Local\Temp\nagi uninstaller space 
2026-10-07T11:29:08.1334456Z 02250df8-564a-4c75-b574-3c8670facdd1\foreign-foreign-junction\current
2026-10-07T11:29:08.4789236Z Removed distribution: C:\Users\runneradmin\AppData\Local\Temp\nagi uninstaller space 02250df8-564a-4c75-b574-3c8670facdd1\foreign-foreign-junction\nagi-0.0.1-windows-x86_64
2026-10-07T11:29:08.4795496Z [OK] Nagi uninstall complete. Any kept items are listed above.
2026-10-07T11:29:08.4805687Z Restart your terminal and VS Code to refresh PATH.
2026-10-07T11:29:08.5518121Z WARNING: Kept changed, busy or unverifiable installation: C:\Users\runneradmin\AppData\Local\Temp\nagi uninstaller 
2026-10-07T11:29:08.5519285Z space 02250df8-564a-4c75-b574-3c8670facdd1\version-junction\nagi-0.0.1-windows-x86_64 (Not a plain installation 
2026-10-07T11:29:08.5519890Z directory)
2026-10-07T11:29:08.5538244Z [OK] Nagi uninstall complete. Any kept items are listed above.
2026-10-07T11:29:08.5546253Z Restart your terminal and VS Code to refresh PATH.
2026-10-07T11:29:08.6378612Z WARNING: Kept changed, busy or unverifiable installation: C:\Users\runneradmin\AppData\Local\Temp\nagi uninstaller 
2026-10-07T11:29:08.6380315Z space 02250df8-564a-4c75-b574-3c8670facdd1\unverified-checksum\nagi-0.0.1-windows-x86_64 (SHA-256 mismatch)
2026-10-07T11:29:08.6408537Z Removed command junction: C:\Users\runneradmin\AppData\Local\Temp\nagi uninstaller space 02250df8-564a-4c75-b574-3c8670facdd1\unverified-checksum\current
2026-10-07T11:29:08.6427253Z [OK] Nagi uninstall complete. Any kept items are listed above.
2026-10-07T11:29:08.6435836Z Restart your terminal and VS Code to refresh PATH.
2026-10-07T11:29:08.8816640Z WARNING: Kept changed, busy or unverifiable installation: C:\Users\runneradmin\AppData\Local\Temp\nagi uninstaller 
2026-10-07T11:29:08.8818579Z space 02250df8-564a-4c75-b574-3c8670facdd1\unverified-offline\nagi-0.0.1-windows-x86_64 (Fixture download unavailable)
2026-10-07T11:29:08.8855449Z Removed command junction: C:\Users\runneradmin\AppData\Local\Temp\nagi uninstaller space 02250df8-564a-4c75-b574-3c8670facdd1\unverified-offline\current
2026-10-07T11:29:08.8881938Z [OK] Nagi uninstall complete. Any kept items are listed above.
2026-10-07T11:29:08.8893189Z Restart your terminal and VS Code to refresh PATH.
2026-10-07T11:29:09.0681793Z WARNING: Kept changed, busy or unverifiable installation: C:\Users\runneradmin\AppData\Local\Temp\nagi uninstaller 
2026-10-07T11:29:09.0683187Z space 02250df8-564a-4c75-b574-3c8670facdd1\unverified-unsafe\nagi-0.0.90-windows-x86_64 (Unsafe archive entry)
2026-10-07T11:29:09.0701994Z Removed command junction: C:\Users\runneradmin\AppData\Local\Temp\nagi uninstaller space 02250df8-564a-4c75-b574-3c8670facdd1\unverified-unsafe\current
2026-10-07T11:29:09.0720949Z [OK] Nagi uninstall complete. Any kept items are listed above.
2026-10-07T11:29:09.0730910Z Restart your terminal and VS Code to refresh PATH.
2026-10-07T11:29:09.4014234Z WARNING: Kept changed, busy or unverifiable installation: C:\Users\runneradmin\AppData\Local\Temp\nagi uninstaller 
2026-10-07T11:29:09.4015646Z space 02250df8-564a-4c75-b574-3c8670facdd1\unverified-incomplete\nagi-0.0.91-windows-x86_64 (Incomplete distribution)
2026-10-07T11:29:09.4034575Z Removed command junction: C:\Users\runneradmin\AppData\Local\Temp\nagi uninstaller space 02250df8-564a-4c75-b574-3c8670facdd1\unverified-incomplete\current
2026-10-07T11:29:09.4055976Z [OK] Nagi uninstall complete. Any kept items are listed above.
2026-10-07T11:29:09.4063998Z Restart your terminal and VS Code to refresh PATH.
2026-10-07T11:29:09.9227175Z WARNING: Kept changed, busy or unverifiable installation: C:\Users\runneradmin\AppData\Local\Temp\nagi uninstaller 
2026-10-07T11:29:09.9228572Z space 02250df8-564a-4c75-b574-3c8670facdd1\unverified-metadata\nagi-0.0.92-windows-x86_64 (Distribution metadata 
2026-10-07T11:29:09.9229267Z mismatch)
2026-10-07T11:29:09.9269721Z Removed command junction: C:\Users\runneradmin\AppData\Local\Temp\nagi uninstaller space 02250df8-564a-4c75-b574-3c8670facdd1\unverified-metadata\current
2026-10-07T11:29:09.9296528Z [OK] Nagi uninstall complete. Any kept items are listed above.
2026-10-07T11:29:09.9307747Z Restart your terminal and VS Code to refresh PATH.
2026-10-07T11:29:10.9024970Z Removed command junction: C:\Users\runneradmin\AppData\Local\Temp\nagi uninstaller space 02250df8-564a-4c75-b574-3c8670facdd1\path\current
2026-10-07T11:29:10.9313946Z Removed distribution: C:\Users\runneradmin\AppData\Local\Temp\nagi uninstaller space 02250df8-564a-4c75-b574-3c8670facdd1\path\nagi-0.0.1-windows-x86_64
2026-10-07T11:29:10.9509131Z Removed distribution: C:\Users\runneradmin\AppData\Local\Temp\nagi uninstaller space 02250df8-564a-4c75-b574-3c8670facdd1\path\nagi-0.0.2-windows-x86_64
2026-10-07T11:29:10.9518062Z [OK] Nagi uninstall complete. Any kept items are listed above.
2026-10-07T11:29:10.9526413Z Restart your terminal and VS Code to refresh PATH.
2026-10-07T11:29:11.2426254Z WARNING: Kept changed, busy or unverifiable installation: C:\Users\runneradmin\AppData\Local\Temp\nagi uninstaller 
2026-10-07T11:29:11.2428379Z space 02250df8-564a-4c75-b574-3c8670facdd1\path-unverified\nagi-0.0.1-windows-x86_64 (Files were added or changed)
2026-10-07T11:29:11.2455667Z [OK] Nagi uninstall complete. Any kept items are listed above.
2026-10-07T11:29:11.2462897Z Restart your terminal and VS Code to refresh PATH.
2026-10-07T11:29:11.9368683Z WARNING: Kept changed, busy or unverifiable installation: C:\Users\runneradmin\AppData\Local\Temp\nagi uninstaller 
2026-10-07T11:29:11.9370051Z space 02250df8-564a-4c75-b574-3c8670facdd1\path-changed-current\nagi-0.0.1-windows-x86_64 (Files were added or changed)
2026-10-07T11:29:11.9388345Z Removed command junction: C:\Users\runneradmin\AppData\Local\Temp\nagi uninstaller space 02250df8-564a-4c75-b574-3c8670facdd1\path-changed-current\current
2026-10-07T11:29:11.9410857Z [OK] Nagi uninstall complete. Any kept items are listed above.
2026-10-07T11:29:11.9421053Z Restart your terminal and VS Code to refresh PATH.
2026-10-07T11:29:12.2968215Z WARNING: Kept existing current path: C:\Users\runneradmin\AppData\Local\Temp\nagi uninstaller space 
2026-10-07T11:29:12.2969568Z 02250df8-564a-4c75-b574-3c8670facdd1\path-foreign-current\current
2026-10-07T11:29:12.6218014Z Removed distribution: C:\Users\runneradmin\AppData\Local\Temp\nagi uninstaller space 02250df8-564a-4c75-b574-3c8670facdd1\path-foreign-current\nagi-0.0.1-windows-x86_64
2026-10-07T11:29:12.6226615Z [OK] Nagi uninstall complete. Any kept items are listed above.
2026-10-07T11:29:12.6234750Z Restart your terminal and VS Code to refresh PATH.
2026-10-07T11:29:12.6338840Z [OK] No installation directory: C:\Users\runneradmin\AppData\Local\Temp\nagi uninstaller space 02250df8-564a-4c75-b574-3c8670facdd1\null-path-missing
2026-10-07T11:29:12.6456847Z [OK] Nagi uninstall complete. Any kept items are listed above.
2026-10-07T11:29:12.6465181Z Restart your terminal and VS Code to refresh PATH.
2026-10-07T11:29:12.6525676Z PowerShell uninstaller: preview, repeat, legacy, complete trees, protected files, foreign links, failed verification, lock, root junction, and isolated PATH tests passed.
2026-10-07T11:29:12.8148883Z ##[group]Run actions/upload-artifact@v4
2026-10-07T11:29:12.8149209Z with:
2026-10-07T11:29:12.8149398Z   name: release-windows-x86_64
2026-10-07T11:29:12.8149874Z   path: build/distribution/nagi-*.zip
build/distribution/nagi-*.tar.gz
build/distribution/nagi-*.sha256

2026-10-07T11:29:12.8150367Z   if-no-files-found: error
2026-10-07T11:29:12.8150579Z   compression-level: 6
2026-10-07T11:29:12.8150771Z   overwrite: false
2026-10-07T11:29:12.8151184Z   include-hidden-files: false
2026-10-07T11:29:12.8151634Z env:
2026-10-07T11:29:12.8151861Z   NAGI_FAILURE_DIR: D:\a\Nagi\Nagi/build/compiler-failures
2026-10-07T11:29:12.8152176Z   CARGO_HOME: C:\Users\runneradmin\.cargo
2026-10-07T11:29:12.8152417Z   CARGO_INCREMENTAL: 0
2026-10-07T11:29:12.8152610Z   CARGO_TERM_COLOR: always
2026-10-07T11:29:12.8152896Z   pythonLocation: C:\hostedtoolcache\windows\Python\3.12.10\x64
2026-10-07T11:29:12.8153372Z   PKG_CONFIG_PATH: C:\hostedtoolcache\windows\Python\3.12.10\x64/lib/pkgconfig
2026-10-07T11:29:12.8153820Z   Python_ROOT_DIR: C:\hostedtoolcache\windows\Python\3.12.10\x64
2026-10-07T11:29:12.8154206Z   Python2_ROOT_DIR: C:\hostedtoolcache\windows\Python\3.12.10\x64
2026-10-07T11:29:12.8154585Z   Python3_ROOT_DIR: C:\hostedtoolcache\windows\Python\3.12.10\x64
2026-10-07T11:29:12.8154886Z ##[endgroup]
2026-10-07T11:29:13.0973665Z (node:9224) [DEP0040] DeprecationWarning: The `punycode` module is deprecated. Please use a userland alternative instead.
2026-10-07T11:29:13.0974470Z (Use `node --trace-deprecation ...` to show where the warning was created)
2026-10-07T11:29:13.1051248Z With the provided path, there will be 2 files uploaded
2026-10-07T11:29:13.1057655Z Artifact name is valid!
2026-10-07T11:29:13.1059739Z Root directory input is valid!
2026-10-07T11:29:13.4558371Z Beginning upload of artifact content to blob storage
2026-10-07T11:29:13.5645410Z (node:9224) [DEP0169] DeprecationWarning: `url.parse()` behavior is not standardized and prone to errors that have security implications. Use the WHATWG URL API instead. CVEs are not issued for `url.parse()` vulnerabilities.
2026-10-07T11:29:14.2551709Z Uploaded bytes 2309091
2026-10-07T11:29:14.3139502Z Finished uploading artifact content to blob storage!
2026-10-07T11:29:14.3140498Z SHA256 digest of uploaded artifact zip is d66cbe8b84448a0c3aaf29764d0e4377dc9049f170122e0f6d1b089b32f8eb68
2026-10-07T11:29:14.3142752Z Finalizing artifact upload
2026-10-07T11:29:14.5668105Z Artifact release-windows-x86_64.zip successfully finalized. Artifact ID 11479272545
2026-10-07T11:29:14.5670089Z Artifact release-windows-x86_64 has been successfully uploaded! Final size is 2309091 bytes. Artifact ID is 11479272545
2026-10-07T11:29:14.5680119Z Artifact download URL: https://github.com/disnana/Nagi/actions/runs/37611344198/artifacts/11479272545
2026-10-07T11:29:14.6071319Z Post job cleanup.
2026-10-07T11:29:14.7821138Z (node:1908) [DEP0040] DeprecationWarning: The `punycode` module is deprecated. Please use a userland alternative instead.
2026-10-07T11:29:14.7821947Z (Use `node --trace-deprecation ...` to show where the warning was created)
2026-10-07T11:29:14.8249348Z Post job cleanup.
2026-10-07T11:29:15.0145790Z (node:7160) [DEP0040] DeprecationWarning: The `punycode` module is deprecated. Please use a userland alternative instead.
2026-10-07T11:29:15.0146641Z (Use `node --trace-deprecation ...` to show where the warning was created)
2026-10-07T11:29:17.7673309Z Post job cleanup.
2026-10-07T11:29:17.9249052Z (node:5156) [DEP0040] DeprecationWarning: The `punycode` module is deprecated. Please use a userland alternative instead.
2026-10-07T11:29:17.9250451Z (Use `node --trace-deprecation ...` to show where the warning was created)
2026-10-07T11:29:18.0501432Z [command]"C:\Program Files\Git\usr\bin\tar.exe" --posix -cf cache.tzst --exclude cache.tzst -P -C D:/a/Nagi/Nagi --files-from manifest.txt --force-local --use-compress-program "zstd -T0"
2026-10-07T11:29:43.4202066Z (node:5156) [DEP0169] DeprecationWarning: `url.parse()` behavior is not standardized and prone to errors that have security implications. Use the WHATWG URL API instead. CVEs are not issued for `url.parse()` vulnerabilities.
2026-10-07T11:29:44.3996630Z Sent 0 of 1322978727 (0.0%), 0.0 MBs/sec
2026-10-07T11:29:45.4067440Z Sent 0 of 1322978727 (0.0%), 0.0 MBs/sec
2026-10-07T11:29:46.4144857Z Sent 536870912 of 1322978727 (40.6%), 169.7 MBs/sec
2026-10-07T11:29:47.4176959Z Sent 1073741824 of 1322978727 (81.2%), 254.7 MBs/sec
2026-10-07T11:29:48.4190359Z Sent 1255869863 of 1322978727 (94.9%), 238.5 MBs/sec
2026-10-07T11:29:48.7701067Z Sent 1322978727 of 1322978727 (100.0%), 234.9 MBs/sec
2026-10-07T11:29:49.5070096Z Cache saved with key: nagi-rust-v1-package-windows-x86_64-20260928b940-ec36a51f8eba44c485d62f4c9bfa24f91f29bf1b628cce42ff81e70bfa0a8824-5d1e1bbc28591ac6ca17d6a5345d8a3d02470ab3adfc93acf057027d4ec191da
2026-10-07T11:29:49.5474599Z Post job cleanup.
2026-10-07T11:29:49.8354383Z [command]"C:\Program Files\Git\bin\git.exe" version
2026-10-07T11:29:49.8741617Z git version 2.55.0.windows.5
2026-10-07T11:29:49.8829350Z Temporarily overriding HOME='D:\a\_temp\f7fc4663-0887-44dd-b0d7-ad47b0e8f5d6' before making global git config changes
2026-10-07T11:29:49.8830794Z Adding repository directory to the temporary git global config as a safe directory
2026-10-07T11:29:49.8845661Z [command]"C:\Program Files\Git\bin\git.exe" config --global --add safe.directory D:\a\Nagi\Nagi
2026-10-07T11:29:49.9218873Z [command]"C:\Program Files\Git\bin\git.exe" config --local --name-only --get-regexp core\.sshCommand
2026-10-07T11:29:49.9585263Z [command]"C:\Program Files\Git\bin\git.exe" submodule foreach --recursive "sh -c \"git config --local --name-only --get-regexp 'core\.sshCommand' && git config --local --unset-all 'core.sshCommand' || :\""
2026-10-07T11:29:50.6748138Z [command]"C:\Program Files\Git\bin\git.exe" config --local --name-only --get-regexp http\.https\:\/\/github\.com\/\.extraheader
2026-10-07T11:29:50.7100564Z http.https://github.com/.extraheader
2026-10-07T11:29:50.7160707Z [command]"C:\Program Files\Git\bin\git.exe" config --local --unset-all http.https://github.com/.extraheader
2026-10-07T11:29:50.7541389Z [command]"C:\Program Files\Git\bin\git.exe" submodule foreach --recursive "sh -c \"git config --local --name-only --get-regexp 'http\.https\:\/\/github\.com\/\.extraheader' && git config --local --unset-all 'http.https://github.com/.extraheader' || :\""
2026-10-07T11:29:51.3557062Z [command]"C:\Program Files\Git\bin\git.exe" config --local --name-only --get-regexp ^includeIf\.gitdir:
2026-10-07T11:29:51.3894892Z [command]"C:\Program Files\Git\bin\git.exe" submodule foreach --recursive "git config --local --show-origin --name-only --get-regexp remote.origin.url"
2026-10-07T11:29:51.9978013Z Cleaning up orphan processes
2026-10-07T11:29:52.0274247Z Terminate orphan process: pid (8440) (vctip)
2026-10-07T11:29:52.0495265Z ##[warning]Node.js 20 is deprecated. The following actions target Node.js 20 but are being forced to run on Node.js 24: actions/cache@v4, actions/checkout@v4, actions/setup-node@v4, actions/setup-python@v5, actions/upload-artifact@v4. For more information see: https://github.blog/changelog/2025-09-19-deprecation-of-node-20-on-github-actions-runners/

