batch,phase,index,backend,elapsed_ns
0,0,0,direct,108362
0,0,1,direct,66790
0,0,2,direct,62183
0,0,3,direct,59860
0,0,4,direct,60341
0,0,5,direct,61032
0,0,6,direct,59689
0,0,7,direct,61252
0,0,8,direct,59259
0,0,9,direct,60561
0,0,10,direct,60802
0,0,11,direct,183936
0,0,12,direct,66510
0,0,13,direct,78238
0,0,14,direct,66170
0,0,15,direct,62694
0,0,16,direct,74733
0,0,17,direct,62544
0,0,18,direct,59289
0,0,19,direct,59920
0,0,20,direct,63225
0,0,21,direct,60131
0,0,22,direct,60791
0,0,23,direct,60381
0,0,24,direct,67492
0,0,25,direct,60742
0,0,26,direct,59940
0,0,27,direct,59329
0,0,28,direct,60111
0,0,29,direct,66119
0,0,30,direct,60712
0,0,31,direct,62624
0,0,32,direct,62724
0,0,33,direct,62764
0,0,34,direct,61172
0,0,35,direct,61222
0,0,36,direct,60291
0,0,37,direct,59900
0,0,38,direct,62404
0,0,39,direct,59630
0,0,40,direct,59760
0,0,41,direct,60201
0,0,42,direct,59399
0,0,43,direct,62254
0,0,44,direct,74021
0,0,45,direct,62494
0,0,46,direct,60061
0,0,47,direct,59850
0,0,48,direct,62033
0,0,49,direct,60171
0,0,50,direct,60401
0,0,51,direct,60982
0,0,52,direct,59489
0,0,53,direct,61172
0,0,54,direct,59079
0,0,55,direct,59289
0,0,56,direct,66009
0,0,57,direct,60571
0,0,58,direct,75543
0,0,59,direct,75383
0,0,60,direct,65348
0,0,61,direct,59940
0,0,62,direct,60301
0,0,63,direct,61442
0,0,64,direct,59419
0,0,65,direct,59249
0,0,66,direct,59369
0,0,67,direct,60331
0,0,68,direct,60681
0,0,69,direct,70426
0,0,70,direct,60180
0,0,71,direct,110846
0,0,72,direct,98888
0,0,73,direct,97777
0,0,74,direct,68033
0,0,75,direct,307523
0,0,76,direct,80000
0,0,77,direct,61141
0,0,78,direct,62715
0,0,79,direct,61492
0,0,80,direct,60350
0,0,81,direct,60911
0,0,82,direct,62654
0,0,83,direct,60211
0,0,84,direct,84417
0,0,85,direct,75905
0,0,86,direct,69614
0,0,87,direct,116495
0,0,88,direct,82203
0,0,89,direct,61672
0,0,90,direct,60330
0,0,91,direct,61313
0,0,92,direct,62243
0,0,93,direct,59730
0,0,94,direct,59579
0,0,95,direct,59570
0,0,96,direct,59259
0,0,97,direct,61402
0,0,98,direct,160051
0,0,99,direct,85529
0,0,100,direct,62834
0,0,101,direct,60891
0,0,102,direct,63024
0,0,103,direct,59720
0,0,104,direct,60932
0,0,105,direct,60040
0,0,106,direct,80882
0,0,107,direct,63796
0,0,108,direct,60862
0,0,109,direct,60992
0,0,110,direct,59379
0,0,111,direct,59669
0,0,112,direct,115053
0,0,113,direct,62133
0,0,114,direct,59049
0,0,115,direct,60552
0,0,116,direct,59039
0,0,117,direct,62504
0,0,118,direct,60612
0,0,119,direct,61703
0,0,120,direct,99450
0,0,121,direct,78408
0,0,122,direct,86820
0,0,123,direct,62974
0,0,124,direct,59640
0,0,125,direct,106120
0,0,126,direct,66841
0,0,127,direct,61762
0,1,0,deadpool,75283
0,1,1,deadpool,42343
0,1,2,deadpool,52068
0,1,3,deadpool,53030
0,1,4,deadpool,47632
0,1,5,deadpool,49655
0,1,6,deadpool,50596
0,1,7,deadpool,49985
0,1,8,deadpool,53280
0,1,9,deadpool,47441
0,1,10,deadpool,46510
0,1,11,deadpool,48924
0,1,12,deadpool,155544
0,1,13,deadpool,65158
0,1,14,deadpool,54101
0,1,15,deadpool,48834
0,1,16,deadpool,46811
0,1,17,deadpool,48814
0,1,18,deadpool,51557
0,1,19,deadpool,47181
0,1,20,deadpool,47080
0,1,21,deadpool,49134
0,1,22,deadpool,49113
0,1,23,deadpool,51828
0,1,24,deadpool,50917
0,1,25,deadpool,51237
0,1,26,deadpool,48844
0,1,27,deadpool,53070
0,1,28,deadpool,46911
0,1,29,deadpool,46080
0,1,30,deadpool,82845
0,1,31,deadpool,45739
0,1,32,deadpool,53861
0,1,33,deadpool,47151
0,1,34,deadpool,46931
0,1,35,deadpool,48984
0,1,36,deadpool,49604
0,1,37,deadpool,51978
0,1,38,deadpool,46800
0,1,39,deadpool,46801
0,1,40,deadpool,48614
0,1,41,deadpool,54362
0,1,42,deadpool,48874
0,1,43,deadpool,49445
0,1,44,deadpool,46731
0,1,45,deadpool,127983
0,1,46,deadpool,73351
0,1,47,deadpool,93120
0,1,48,deadpool,54271
0,1,49,deadpool,47401
0,1,50,deadpool,49424
0,1,51,deadpool,54101
0,1,52,deadpool,49244
0,1,53,deadpool,51838
0,1,54,deadpool,52288
0,1,55,deadpool,47151
0,1,56,deadpool,52839
0,1,57,deadpool,51027
0,1,58,deadpool,50036
0,1,59,deadpool,126911
0,1,60,deadpool,52399
0,1,61,deadpool,41622
0,1,62,deadpool,52378
0,1,63,deadpool,100751
0,1,64,deadpool,53089
0,1,65,deadpool,49945
0,1,66,deadpool,52459
0,1,67,deadpool,50206
0,1,68,deadpool,46620
0,1,69,deadpool,48513
0,1,70,deadpool,49204
0,1,71,deadpool,52449
0,1,72,deadpool,49174
0,1,73,deadpool,46881
0,1,74,deadpool,47051
0,1,75,deadpool,47932
0,1,76,deadpool,51227
0,1,77,deadpool,47191
0,1,78,deadpool,48423
0,1,79,deadpool,46850
0,1,80,deadpool,58428
0,1,81,deadpool,76315
0,1,82,deadpool,51076
0,1,83,deadpool,48493
0,1,84,deadpool,49245
0,1,85,deadpool,51217
0,1,86,deadpool,39229
0,1,87,deadpool,46039
0,1,88,deadpool,50656
0,1,89,deadpool,50055
0,1,90,deadpool,52740
0,1,91,deadpool,49123
0,1,92,deadpool,47101
0,1,93,deadpool,48412
0,1,94,deadpool,50135
0,1,95,deadpool,50707
0,1,96,deadpool,49084
0,1,97,deadpool,46570
0,1,98,deadpool,48563
0,1,99,deadpool,48763
0,1,100,deadpool,63175
0,1,101,deadpool,37025
0,1,102,deadpool,49113
0,1,103,deadpool,48944
0,1,104,deadpool,48463
0,1,105,deadpool,50957
0,1,106,deadpool,49114
0,1,107,deadpool,46630
0,1,108,deadpool,48453
0,1,109,deadpool,48553
0,1,110,deadpool,51387
0,1,111,deadpool,47311
0,1,112,deadpool,48433
0,1,113,deadpool,46670
0,1,114,deadpool,47812
0,1,115,deadpool,50956
0,1,116,deadpool,49424
0,1,117,deadpool,49164
0,1,118,deadpool,78207
0,1,119,deadpool,64157
0,1,120,deadpool,52609
0,1,121,deadpool,50286
0,1,122,deadpool,48563
0,1,123,deadpool,48694
0,1,124,deadpool,58668
0,1,125,deadpool,50025
0,1,126,deadpool,49024
0,1,127,deadpool,48704
1,0,0,deadpool,51106
1,0,1,deadpool,53721
1,0,2,deadpool,47261
1,0,3,deadpool,133992
1,0,4,deadpool,56004
1,0,5,deadpool,49635
1,0,6,deadpool,99380
1,0,7,deadpool,59911
1,0,8,deadpool,50206
1,0,9,deadpool,47701
1,0,10,deadpool,46410
1,0,11,deadpool,52999
1,0,12,deadpool,46610
1,0,13,deadpool,46360
1,0,14,deadpool,49885
1,0,15,deadpool,46971
1,0,16,deadpool,50926
1,0,17,deadpool,46791
1,0,18,deadpool,47962
1,0,19,deadpool,46900
1,0,20,deadpool,48713
1,0,21,deadpool,51207
1,0,22,deadpool,48182
1,0,23,deadpool,49514
1,0,24,deadpool,85058
1,0,25,deadpool,45859
1,0,26,deadpool,53080
1,0,27,deadpool,32238
1,0,28,deadpool,31157
1,0,29,deadpool,39769
1,0,30,deadpool,51057
1,0,31,deadpool,52149
1,0,32,deadpool,47552
1,0,33,deadpool,49284
1,0,34,deadpool,48974
1,0,35,deadpool,46410
1,0,36,deadpool,50827
1,0,37,deadpool,46690
1,0,38,deadpool,48863
1,0,39,deadpool,49374
1,0,40,deadpool,47521
1,0,41,deadpool,50847
1,0,42,deadpool,78629
1,0,43,deadpool,53751
1,0,44,deadpool,48743
1,0,45,deadpool,51016
1,0,46,deadpool,49214
1,0,47,deadpool,47301
1,0,48,deadpool,48773
1,0,49,deadpool,48603
1,0,50,deadpool,52449
1,0,51,deadpool,48503
1,0,52,deadpool,48113
1,0,53,deadpool,49144
1,0,54,deadpool,47531
1,0,55,deadpool,50566
1,0,56,deadpool,47942
1,0,57,deadpool,49985
1,0,58,deadpool,48964
1,0,59,deadpool,47001
1,0,60,deadpool,77717
1,0,61,deadpool,59930
1,0,62,deadpool,36285
1,0,63,deadpool,46480
1,0,64,deadpool,46079
1,0,65,deadpool,50827
1,0,66,deadpool,48513
1,0,67,deadpool,46510
1,0,68,deadpool,48874
1,0,69,deadpool,48373
1,0,70,deadpool,51257
1,0,71,deadpool,49034
1,0,72,deadpool,46951
1,0,73,deadpool,48162
1,0,74,deadpool,119450
1,0,75,deadpool,64607
1,0,76,deadpool,52639
1,0,77,deadpool,82595
1,0,78,deadpool,70586
1,0,79,deadpool,41642
1,0,80,deadpool,52910
1,0,81,deadpool,46751
1,0,82,deadpool,48754
1,0,83,deadpool,49024
1,0,84,deadpool,47071
1,0,85,deadpool,51988
1,0,86,deadpool,46350
1,0,87,deadpool,48543
1,0,88,deadpool,50936
1,0,89,deadpool,54151
1,0,90,deadpool,49013
1,0,91,deadpool,49354
1,0,92,deadpool,46810
1,0,93,deadpool,49635
1,0,94,deadpool,51127
1,0,95,deadpool,81132
1,0,96,deadpool,57927
1,0,97,deadpool,50837
1,0,98,deadpool,49534
1,0,99,deadpool,52048
1,0,100,deadpool,48633
1,0,101,deadpool,78008
1,0,102,deadpool,61232
1,0,103,deadpool,57236
1,0,104,deadpool,84427
1,0,105,deadpool,35233
1,0,106,deadpool,37527
1,0,107,deadpool,49294
1,0,108,deadpool,46761
1,0,109,deadpool,51517
1,0,110,deadpool,49094
1,0,111,deadpool,97837
1,0,112,deadpool,60391
1,0,113,deadpool,50967
1,0,114,deadpool,53010
1,0,115,deadpool,128513
1,0,116,deadpool,358009
1,0,117,deadpool,50846
1,0,118,deadpool,59429
1,0,119,deadpool,51357
1,0,120,deadpool,49214
1,0,121,deadpool,96745
1,0,122,deadpool,61742
1,0,123,deadpool,59489
1,0,124,deadpool,46961
1,0,125,deadpool,47291
1,0,126,deadpool,48383
1,0,127,deadpool,49264
1,1,0,direct,171258
1,1,1,direct,67892
1,1,2,direct,62404
1,1,3,direct,82344
1,1,4,direct,63225
1,1,5,direct,64317
1,1,6,direct,60551
1,1,7,direct,148914
1,1,8,direct,69714
1,1,9,direct,60080
1,1,10,direct,62785
1,1,11,direct,59189
1,1,12,direct,58979
1,1,13,direct,59790
1,1,14,direct,60121
1,1,15,direct,61823
1,1,16,direct,60481
1,1,17,direct,60831
1,1,18,direct,61393
1,1,19,direct,59840
1,1,20,direct,62394
1,1,21,direct,168623
1,1,22,direct,66430
1,1,23,direct,60681
1,1,24,direct,61683
1,1,25,direct,64687
1,1,26,direct,60221
1,1,27,direct,60691
1,1,28,direct,59319
1,1,29,direct,59579
1,1,30,direct,60931
1,1,31,direct,59760
1,1,32,direct,59440
1,1,33,direct,60180
1,1,34,direct,60971
1,1,35,direct,104447
1,1,36,direct,67472
1,1,37,direct,61012
1,1,38,direct,60641
1,1,39,direct,59980
1,1,40,direct,61092
1,1,41,direct,59910
1,1,42,direct,60431
1,1,43,direct,60331
1,1,44,direct,59089
1,1,45,direct,61382
1,1,46,direct,60691
1,1,47,direct,60471
1,1,48,direct,60311
1,1,49,direct,78928
1,1,50,direct,64437
1,1,51,direct,60641
1,1,52,direct,60951
1,1,53,direct,62384
1,1,54,direct,61002
1,1,55,direct,60421
1,1,56,direct,61363
1,1,57,direct,61192
1,1,58,direct,59419
1,1,59,direct,63566
1,1,60,direct,84357
1,1,61,direct,65408
1,1,62,direct,61262
1,1,63,direct,60250
1,1,64,direct,97547
1,1,65,direct,62454
1,1,66,direct,58688
1,1,67,direct,59750
1,1,68,direct,61313
1,1,69,direct,61282
1,1,70,direct,59629
1,1,71,direct,60931
1,1,72,direct,316886
1,1,73,direct,146601
1,1,74,direct,70266
1,1,75,direct,63064
1,1,76,direct,59659
1,1,77,direct,60251
1,1,78,direct,63856
1,1,79,direct,63285
1,1,80,direct,67221
1,1,81,direct,114813
1,1,82,direct,70145
1,1,83,direct,59610
1,1,84,direct,62955
1,1,85,direct,61253
1,1,86,direct,82684
1,1,87,direct,67171
1,1,88,direct,62845
1,1,89,direct,65158
1,1,90,direct,61543
1,1,91,direct,61653
1,1,92,direct,60390
1,1,93,direct,60701
1,1,94,direct,62103
1,1,95,direct,60001
1,1,96,direct,59890
1,1,97,direct,59199
1,1,98,direct,63185
1,1,99,direct,60761
1,1,100,direct,63796
1,1,101,direct,60171
1,1,102,direct,65628
1,1,103,direct,64767
1,1,104,direct,60581
1,1,105,direct,60170
1,1,106,direct,59299
1,1,107,direct,59820
1,1,108,direct,60882
1,1,109,direct,59019
1,1,110,direct,63656
1,1,111,direct,59950
1,1,112,direct,60211
1,1,113,direct,215535
1,1,114,direct,97627
1,1,115,direct,87151
1,1,116,direct,61152
1,1,117,direct,60521
1,1,118,direct,61012
1,1,119,direct,59319
1,1,120,direct,60391
1,1,121,direct,60031
1,1,122,direct,60451
1,1,123,direct,61903
1,1,124,direct,59269
1,1,125,direct,59749
1,1,126,direct,59659
1,1,127,direct,59339
2,0,0,direct,275535
2,0,1,direct,140751
2,0,2,direct,77016
2,0,3,direct,61763
2,0,4,direct,60831
2,0,5,direct,63255
2,0,6,direct,59670
2,0,7,direct,59630
2,0,8,direct,60631
2,0,9,direct,59480
2,0,10,direct,61002
2,0,11,direct,59770
2,0,12,direct,58949
2,0,13,direct,95744
2,0,14,direct,59610
2,0,15,direct,61462
2,0,16,direct,59439
2,0,17,direct,59159
2,0,18,direct,59530
2,0,19,direct,59850
2,0,20,direct,62053
2,0,21,direct,58799
2,0,22,direct,59890
2,0,23,direct,59890
2,0,24,direct,63545
2,0,25,direct,61352
2,0,26,direct,60521
2,0,27,direct,59139
2,0,28,direct,72730
2,0,29,direct,64106
2,0,30,direct,59330
2,0,31,direct,59329
2,0,32,direct,58708
2,0,33,direct,59840
2,0,34,direct,67432
2,0,35,direct,148052
2,0,36,direct,60951
2,0,37,direct,75874
2,0,38,direct,83405
2,0,39,direct,63475
2,0,40,direct,59740
2,0,41,direct,59240
2,0,42,direct,108883
2,0,43,direct,61432
2,0,44,direct,60752
2,0,45,direct,59710
2,0,46,direct,61422
2,0,47,direct,123936
2,0,48,direct,64237
2,0,49,direct,63004
2,0,50,direct,59340
2,0,51,direct,59409
2,0,52,direct,109245
2,0,53,direct,62775
2,0,54,direct,63085
2,0,55,direct,103336
2,0,56,direct,62444
2,0,57,direct,60861
2,0,58,direct,60652
2,0,59,direct,60782
2,0,60,direct,59479
2,0,61,direct,60651
2,0,62,direct,58989
2,0,63,direct,59900
2,0,64,direct,60702
2,0,65,direct,59529
2,0,66,direct,59750
2,0,67,direct,59199
2,0,68,direct,60711
2,0,69,direct,78277
2,0,70,direct,60120
2,0,71,direct,59991
2,0,72,direct,60881
2,0,73,direct,63505
2,0,74,direct,60361
2,0,75,direct,59690
2,0,76,direct,60060
2,0,77,direct,59960
2,0,78,direct,60340
2,0,79,direct,58628
2,0,80,direct,59299
2,0,81,direct,60171
2,0,82,direct,59479
2,0,83,direct,61983
2,0,84,direct,59469
2,0,85,direct,80651
2,0,86,direct,60421
2,0,87,direct,59279
2,0,88,direct,61833
2,0,89,direct,60561
2,0,90,direct,59680
2,0,91,direct,59490
2,0,92,direct,59539
2,0,93,direct,62193
2,0,94,direct,59430
2,0,95,direct,60331
2,0,96,direct,81072
2,0,97,direct,63936
2,0,98,direct,62103
2,0,99,direct,59420
2,0,100,direct,83395
2,0,101,direct,62173
2,0,102,direct,60431
2,0,103,direct,60220
2,0,104,direct,60160
2,0,105,direct,59980
2,0,106,direct,59650
2,0,107,direct,60000
2,0,108,direct,60280
2,0,109,direct,60370
2,0,110,direct,60260
2,0,111,direct,60090
2,0,112,direct,59500
2,0,113,direct,60981
2,0,114,direct,59770
2,0,115,direct,60040
2,0,116,direct,80121
2,0,117,direct,61263
2,0,118,direct,61793
2,0,119,direct,59650
2,0,120,direct,61622
2,0,121,direct,60491
2,0,122,direct,66890
2,0,123,direct,61352
2,0,124,direct,59169
2,0,125,direct,63115
2,0,126,direct,61342
2,0,127,direct,63917
2,1,0,deadpool,93731
2,1,1,deadpool,56936
2,1,2,deadpool,49314
2,1,3,deadpool,77977
2,1,4,deadpool,45839
2,1,5,deadpool,51307
2,1,6,deadpool,47141
2,1,7,deadpool,48833
2,1,8,deadpool,48022
2,1,9,deadpool,51137
2,1,10,deadpool,48903
2,1,11,deadpool,48703
2,1,12,deadpool,49545
2,1,13,deadpool,47001
2,1,14,deadpool,51728
2,1,15,deadpool,49565
2,1,16,deadpool,50066
2,1,17,deadpool,49344
2,1,18,deadpool,48863
2,1,19,deadpool,51798
2,1,20,deadpool,47271
2,1,21,deadpool,74782
2,1,22,deadpool,61072
2,1,23,deadpool,55283
2,1,24,deadpool,49244
2,1,25,deadpool,50246
2,1,26,deadpool,48633
2,1,27,deadpool,48824
2,1,28,deadpool,62093
2,1,29,deadpool,254552
2,1,30,deadpool,108533
2,1,31,deadpool,73210
2,1,32,deadpool,47912
2,1,33,deadpool,54813
2,1,34,deadpool,109394
2,1,35,deadpool,49204
2,1,36,deadpool,48423
2,1,37,deadpool,49775
2,1,38,deadpool,52779
2,1,39,deadpool,49504
2,1,40,deadpool,49955
2,1,41,deadpool,149205
2,1,42,deadpool,56034
2,1,43,deadpool,53431
2,1,44,deadpool,50456
2,1,45,deadpool,50235
2,1,46,deadpool,49344
2,1,47,deadpool,47831
2,1,48,deadpool,102495
2,1,49,deadpool,39139
2,1,50,deadpool,51207
2,1,51,deadpool,46891
2,1,52,deadpool,49886
2,1,53,deadpool,66961
2,1,54,deadpool,53019
2,1,55,deadpool,48072
2,1,56,deadpool,47992
2,1,57,deadpool,51457
2,1,58,deadpool,52308
2,1,59,deadpool,47341
2,1,60,deadpool,48974
2,1,61,deadpool,49134
2,1,62,deadpool,47161
2,1,63,deadpool,52278
2,1,64,deadpool,49314
2,1,65,deadpool,73911
2,1,66,deadpool,59760
2,1,67,deadpool,56845
2,1,68,deadpool,47231
2,1,69,deadpool,49384
2,1,70,deadpool,49534
2,1,71,deadpool,49104
2,1,72,deadpool,47231
2,1,73,deadpool,51668
2,1,74,deadpool,46670
2,1,75,deadpool,47992
2,1,76,deadpool,47441
2,1,77,deadpool,53460
2,1,78,deadpool,48793
2,1,79,deadpool,148804
2,1,80,deadpool,53731
2,1,81,deadpool,49735
2,1,82,deadpool,94151
2,1,83,deadpool,49314
2,1,84,deadpool,48252
2,1,85,deadpool,48803
2,1,86,deadpool,50266
2,1,87,deadpool,51697
2,1,88,deadpool,50797
2,1,89,deadpool,51367
2,1,90,deadpool,49244
2,1,91,deadpool,47732
2,1,92,deadpool,51708
2,1,93,deadpool,49004
2,1,94,deadpool,78278
2,1,95,deadpool,61192
2,1,96,deadpool,36525
2,1,97,deadpool,52188
2,1,98,deadpool,47321
2,1,99,deadpool,81172
2,1,100,deadpool,330167
2,1,101,deadpool,53110
2,1,102,deadpool,35914
2,1,103,deadpool,31377
2,1,104,deadpool,30807
2,1,105,deadpool,31147
2,1,106,deadpool,30947
2,1,107,deadpool,34131
2,1,108,deadpool,31117
2,1,109,deadpool,30866
2,1,110,deadpool,37446
2,1,111,deadpool,49164
2,1,112,deadpool,53210
2,1,113,deadpool,32168
2,1,114,deadpool,73460
2,1,115,deadpool,46990
2,1,116,deadpool,59790
2,1,117,deadpool,49054
2,1,118,deadpool,49365
2,1,119,deadpool,47151
2,1,120,deadpool,53991
2,1,121,deadpool,243817
2,1,122,deadpool,55944
2,1,123,deadpool,49955
2,1,124,deadpool,50135
2,1,125,deadpool,49404
2,1,126,deadpool,52559
2,1,127,deadpool,49554
3,0,0,deadpool,96395
3,0,1,deadpool,60041
3,0,2,deadpool,48073
3,0,3,deadpool,51948
3,0,4,deadpool,48953
3,0,5,deadpool,49164
3,0,6,deadpool,49054
3,0,7,deadpool,49004
3,0,8,deadpool,51688
3,0,9,deadpool,47010
3,0,10,deadpool,48593
3,0,11,deadpool,48853
3,0,12,deadpool,47071
3,0,13,deadpool,50846
3,0,14,deadpool,49014
3,0,15,deadpool,47040
3,0,16,deadpool,49184
3,0,17,deadpool,49184
3,0,18,deadpool,81152
3,0,19,deadpool,41202
3,0,20,deadpool,50025
3,0,21,deadpool,49204
3,0,22,deadpool,46981
3,0,23,deadpool,51097
3,0,24,deadpool,49645
3,0,25,deadpool,48323
3,0,26,deadpool,47451
3,0,27,deadpool,49074
3,0,28,deadpool,50886
3,0,29,deadpool,56535
3,0,30,deadpool,46620
3,0,31,deadpool,80130
3,0,32,deadpool,59670
3,0,33,deadpool,52799
3,0,34,deadpool,49244
3,0,35,deadpool,47842
3,0,36,deadpool,83606
3,0,37,deadpool,51818
3,0,38,deadpool,51187
3,0,39,deadpool,46610
3,0,40,deadpool,48573
3,0,41,deadpool,49605
3,0,42,deadpool,55904
3,0,43,deadpool,117988
3,0,44,deadpool,71177
3,0,45,deadpool,47611
3,0,46,deadpool,50286
3,0,47,deadpool,52188
3,0,48,deadpool,47121
3,0,49,deadpool,46080
3,0,50,deadpool,48644
3,0,51,deadpool,49715
3,0,52,deadpool,97877
3,0,53,deadpool,55273
3,0,54,deadpool,45849
3,0,55,deadpool,49765
3,0,56,deadpool,48684
3,0,57,deadpool,53701
3,0,58,deadpool,46430
3,0,59,deadpool,46590
3,0,60,deadpool,48924
3,0,61,deadpool,49825
3,0,62,deadpool,52349
3,0,63,deadpool,47051
3,0,64,deadpool,49194
3,0,65,deadpool,48994
3,0,66,deadpool,48854
3,0,67,deadpool,51868
3,0,68,deadpool,48392
3,0,69,deadpool,47732
3,0,70,deadpool,83646
3,0,71,deadpool,41072
3,0,72,deadpool,51928
3,0,73,deadpool,48513
3,0,74,deadpool,47522
3,0,75,deadpool,48794
3,0,76,deadpool,49134
3,0,77,deadpool,52279
3,0,78,deadpool,49714
3,0,79,deadpool,46841
3,0,80,deadpool,49024
3,0,81,deadpool,49395
3,0,82,deadpool,51006
3,0,83,deadpool,49074
3,0,84,deadpool,46771
3,0,85,deadpool,46750
3,0,86,deadpool,48613
3,0,87,deadpool,52018
3,0,88,deadpool,78478
3,0,89,deadpool,60841
3,0,90,deadpool,48633
3,0,91,deadpool,51147
3,0,92,deadpool,48943
3,0,93,deadpool,49895
3,0,94,deadpool,49114
3,0,95,deadpool,47161
3,0,96,deadpool,51247
3,0,97,deadpool,48743
3,0,98,deadpool,49534
3,0,99,deadpool,49625
3,0,100,deadpool,48543
3,0,101,deadpool,115835
3,0,102,deadpool,65829
3,0,103,deadpool,51278
3,0,104,deadpool,47151
3,0,105,deadpool,111999
3,0,106,deadpool,45599
3,0,107,deadpool,44507
3,0,108,deadpool,47211
3,0,109,deadpool,49374
3,0,110,deadpool,47281
3,0,111,deadpool,51347
3,0,112,deadpool,49194
3,0,113,deadpool,46399
3,0,114,deadpool,46760
3,0,115,deadpool,48533
3,0,116,deadpool,51898
3,0,117,deadpool,46671
3,0,118,deadpool,46420
3,0,119,deadpool,49494
3,0,120,deadpool,50837
3,0,121,deadpool,52259
3,0,122,deadpool,49113
3,0,123,deadpool,87802
3,0,124,deadpool,55533
3,0,125,deadpool,47652
3,0,126,deadpool,52739
3,0,127,deadpool,47191
3,1,0,direct,173261
3,1,1,direct,65819
3,1,2,direct,61503
3,1,3,direct,63295
3,1,4,direct,62314
3,1,5,direct,62895
3,1,6,direct,61623
3,1,7,direct,61132
3,1,8,direct,61953
3,1,9,direct,173962
3,1,10,direct,65699
3,1,11,direct,61573
3,1,12,direct,60431
3,1,13,direct,62754
3,1,14,direct,60571
3,1,15,direct,61522
3,1,16,direct,61412
3,1,17,direct,59920
3,1,18,direct,60921
3,1,19,direct,59320
3,1,20,direct,61693
3,1,21,direct,212029
3,1,22,direct,90857
3,1,23,direct,62654
3,1,24,direct,61553
3,1,25,direct,60791
3,1,26,direct,73251
3,1,27,direct,65138
3,1,28,direct,61001
3,1,29,direct,60491
3,1,30,direct,59209
3,1,31,direct,89985
3,1,32,direct,66981
3,1,33,direct,61513
3,1,34,direct,69054
3,1,35,direct,183065
3,1,36,direct,61742
3,1,37,direct,62364
3,1,38,direct,59750
3,1,39,direct,58628
3,1,40,direct,60291
3,1,41,direct,60821
3,1,42,direct,62324
3,1,43,direct,60461
3,1,44,direct,61282
3,1,45,direct,60441
3,1,46,direct,60341
3,1,47,direct,60982
3,1,48,direct,59950
3,1,49,direct,100792
3,1,50,direct,62253
3,1,51,direct,59540
3,1,52,direct,129415
3,1,53,direct,63025
3,1,54,direct,60681
3,1,55,direct,59479
3,1,56,direct,64137
3,1,57,direct,61974
3,1,58,direct,59619
3,1,59,direct,59649
3,1,60,direct,59139
3,1,61,direct,59149
3,1,62,direct,61473
3,1,63,direct,277307
3,1,64,direct,74562
3,1,65,direct,60891
3,1,66,direct,60961
3,1,67,direct,62063
3,1,68,direct,60501
3,1,69,direct,59330
3,1,70,direct,59920
3,1,71,direct,66860
3,1,72,direct,58999
3,1,73,direct,59409
3,1,74,direct,59259
3,1,75,direct,92909
3,1,76,direct,69525
3,1,77,direct,61613
3,1,78,direct,59770
3,1,79,direct,59059
3,1,80,direct,58939
3,1,81,direct,62184
3,1,82,direct,151338
3,1,83,direct,87422
3,1,84,direct,80080
3,1,85,direct,64216
3,1,86,direct,61572
3,1,87,direct,60772
3,1,88,direct,91357
3,1,89,direct,67261
3,1,90,direct,61222
3,1,91,direct,61303
3,1,92,direct,59780
3,1,93,direct,59710
3,1,94,direct,59429
3,1,95,direct,60120
3,1,96,direct,60891
3,1,97,direct,60270
3,1,98,direct,60141
3,1,99,direct,64066
3,1,100,direct,105379
3,1,101,direct,62865
3,1,102,direct,61262
3,1,103,direct,94753
3,1,104,direct,62804
3,1,105,direct,60260
3,1,106,direct,61051
3,1,107,direct,121563
3,1,108,direct,156265
3,1,109,direct,65028
3,1,110,direct,60722
3,1,111,direct,61733
3,1,112,direct,59830
3,1,113,direct,60692
3,1,114,direct,59519
3,1,115,direct,84337
3,1,116,direct,76034
3,1,117,direct,60981
3,1,118,direct,60161
3,1,119,direct,59239
3,1,120,direct,60321
3,1,121,direct,61202
3,1,122,direct,59279
3,1,123,direct,59560
3,1,124,direct,58598
3,1,125,direct,67391
3,1,126,direct,60992
3,1,127,direct,60321
4,0,0,direct,66770
4,0,1,direct,59490
4,0,2,direct,90206
4,0,3,direct,62433
4,0,4,direct,59729
4,0,5,direct,59229
4,0,6,direct,60391
4,0,7,direct,62314
4,0,8,direct,58858
4,0,9,direct,58768
4,0,10,direct,58528
4,0,11,direct,59009
4,0,12,direct,60311
4,0,13,direct,103245
4,0,14,direct,71637
4,0,15,direct,60050
4,0,16,direct,59159
4,0,17,direct,114222
4,0,18,direct,61493
4,0,19,direct,59019
4,0,20,direct,59159
4,0,21,direct,59129
4,0,22,direct,60420
4,0,23,direct,58468
4,0,24,direct,267262
4,0,25,direct,80932
4,0,26,direct,61242
4,0,27,direct,61943
4,0,28,direct,94432
4,0,29,direct,66110
4,0,30,direct,60471
4,0,31,direct,59429
4,0,32,direct,79900
4,0,33,direct,61603
4,0,34,direct,60401
4,0,35,direct,60250
4,0,36,direct,170155
4,0,37,direct,72859
4,0,38,direct,59679
4,0,39,direct,58508
4,0,40,direct,59820
4,0,41,direct,96084
4,0,42,direct,68383
4,0,43,direct,72679
4,0,44,direct,61222
4,0,45,direct,59229
4,0,46,direct,62564
4,0,47,direct,60230
4,0,48,direct,61642
4,0,49,direct,59270
4,0,50,direct,59429
4,0,51,direct,61392
4,0,52,direct,59399
4,0,53,direct,59209
4,0,54,direct,59169
4,0,55,direct,58498
4,0,56,direct,90447
4,0,57,direct,66760
4,0,58,direct,60582
4,0,59,direct,59329
4,0,60,direct,59339
4,0,61,direct,60971
4,0,62,direct,60911
4,0,63,direct,59300
4,0,64,direct,59209
4,0,65,direct,59770
4,0,66,direct,61222
4,0,67,direct,131617
4,0,68,direct,68353
4,0,69,direct,61653
4,0,70,direct,83315
4,0,71,direct,73070
4,0,72,direct,60852
4,0,73,direct,233331
4,0,74,direct,89714
4,0,75,direct,60541
4,0,76,direct,61552
4,0,77,direct,59480
4,0,78,direct,55113
4,0,79,direct,95343
4,0,80,direct,61152
4,0,81,direct,60711
4,0,82,direct,99870
4,0,83,direct,63536
4,0,84,direct,59369
4,0,85,direct,59148
4,0,86,direct,60962
4,0,87,direct,59960
4,0,88,direct,62124
4,0,89,direct,60000
4,0,90,direct,120401
4,0,91,direct,70436
4,0,92,direct,60781
4,0,93,direct,60511
4,0,94,direct,103926
4,0,95,direct,61402
4,0,96,direct,61773
4,0,97,direct,58908
4,0,98,direct,248584
4,0,99,direct,81572
4,0,100,direct,69354
4,0,101,direct,59209
4,0,102,direct,63726
4,0,103,direct,113972
4,0,104,direct,106580
4,0,105,direct,66480
4,0,106,direct,59379
4,0,107,direct,58658
4,0,108,direct,58868
4,0,109,direct,59049
4,0,110,direct,61092
4,0,111,direct,59109
4,0,112,direct,60661
4,0,113,direct,59770
4,0,114,direct,59440
4,0,115,direct,135303
4,0,116,direct,62954
4,0,117,direct,59250
4,0,118,direct,81051
4,0,119,direct,67562
4,0,120,direct,62213
4,0,121,direct,61062
4,0,122,direct,59670
4,0,123,direct,461725
4,0,124,direct,66480
4,0,125,direct,62634
4,0,126,direct,60311
4,0,127,direct,95624
4,1,0,deadpool,99990
4,1,1,deadpool,66490
4,1,2,deadpool,54422
4,1,3,deadpool,50746
4,1,4,deadpool,50066
4,1,5,deadpool,50016
4,1,6,deadpool,66039
4,1,7,deadpool,192911
4,1,8,deadpool,49845
4,1,9,deadpool,49594
4,1,10,deadpool,47581
4,1,11,deadpool,54232
4,1,12,deadpool,51628
4,1,13,deadpool,32109
4,1,14,deadpool,39599
4,1,15,deadpool,48313
4,1,16,deadpool,51969
4,1,17,deadpool,47161
4,1,18,deadpool,49274
4,1,19,deadpool,47362
4,1,20,deadpool,47061
4,1,21,deadpool,51397
4,1,22,deadpool,48463
4,1,23,deadpool,47411
4,1,24,deadpool,48944
4,1,25,deadpool,50366
4,1,26,deadpool,51657
4,1,27,deadpool,49465
4,1,28,deadpool,49324
4,1,29,deadpool,47241
4,1,30,deadpool,78758
4,1,31,deadpool,63626
4,1,32,deadpool,49535
4,1,33,deadpool,46661
4,1,34,deadpool,49495
4,1,35,deadpool,46921
4,1,36,deadpool,51668
4,1,37,deadpool,46791
4,1,38,deadpool,48934
4,1,39,deadpool,49895
4,1,40,deadpool,49074
4,1,41,deadpool,51097
4,1,42,deadpool,48302
4,1,43,deadpool,76845
4,1,44,deadpool,64887
4,1,45,deadpool,59539
4,1,46,deadpool,47882
4,1,47,deadpool,46730
4,1,48,deadpool,285489
4,1,49,deadpool,51908
4,1,50,deadpool,56636
4,1,51,deadpool,48292
4,1,52,deadpool,46320
4,1,53,deadpool,46360
4,1,54,deadpool,46450
4,1,55,deadpool,54071
4,1,56,deadpool,49334
4,1,57,deadpool,48232
4,1,58,deadpool,49224
4,1,59,deadpool,49284
4,1,60,deadpool,55053
4,1,61,deadpool,49995
4,1,62,deadpool,114813
4,1,63,deadpool,56666
4,1,64,deadpool,47392
4,1,65,deadpool,53480
4,1,66,deadpool,47422
4,1,67,deadpool,48954
4,1,68,deadpool,46801
4,1,69,deadpool,48874
4,1,70,deadpool,51478
4,1,71,deadpool,138419
4,1,72,deadpool,48543
4,1,73,deadpool,40280
4,1,74,deadpool,50386
4,1,75,deadpool,52519
4,1,76,deadpool,49204
4,1,77,deadpool,47411
4,1,78,deadpool,102714
4,1,79,deadpool,55944
4,1,80,deadpool,55023
4,1,81,deadpool,49524
4,1,82,deadpool,49605
4,1,83,deadpool,47321
4,1,84,deadpool,46490
4,1,85,deadpool,51277
4,1,86,deadpool,48924
4,1,87,deadpool,46590
4,1,88,deadpool,49925
4,1,89,deadpool,50325
4,1,90,deadpool,51237
4,1,91,deadpool,49094
4,1,92,deadpool,49324
4,1,93,deadpool,48904
4,1,94,deadpool,48453
4,1,95,deadpool,51738
4,1,96,deadpool,93971
4,1,97,deadpool,49574
4,1,98,deadpool,47401
4,1,99,deadpool,48843
4,1,100,deadpool,51888
4,1,101,deadpool,49304
4,1,102,deadpool,51558
4,1,103,deadpool,155103
4,1,104,deadpool,67972
4,1,105,deadpool,41573
4,1,106,deadpool,76976
4,1,107,deadpool,63115
4,1,108,deadpool,50496
4,1,109,deadpool,56775
4,1,110,deadpool,48243
4,1,111,deadpool,99840
4,1,112,deadpool,48062
4,1,113,deadpool,50245
4,1,114,deadpool,52068
4,1,115,deadpool,50165
4,1,116,deadpool,46720
4,1,117,deadpool,46540
4,1,118,deadpool,48923
4,1,119,deadpool,52108
4,1,120,deadpool,48533
4,1,121,deadpool,48112
4,1,122,deadpool,48423
4,1,123,deadpool,48393
4,1,124,deadpool,51628
4,1,125,deadpool,48913
4,1,126,deadpool,49084
4,1,127,deadpool,47131
5,0,0,deadpool,50946
5,0,1,deadpool,86450
5,0,2,deadpool,37527
5,0,3,deadpool,49064
5,0,4,deadpool,47562
5,0,5,deadpool,48694
5,0,6,deadpool,52019
5,0,7,deadpool,47682
5,0,8,deadpool,46831
5,0,9,deadpool,49123
5,0,10,deadpool,48723
5,0,11,deadpool,51267
5,0,12,deadpool,49184
5,0,13,deadpool,49795
5,0,14,deadpool,47622
5,0,15,deadpool,46550
5,0,16,deadpool,50967
5,0,17,deadpool,48863
5,0,18,deadpool,49194
5,0,19,deadpool,81523
5,0,20,deadpool,57877
5,0,21,deadpool,53610
5,0,22,deadpool,46931
5,0,23,deadpool,48393
5,0,24,deadpool,49885
5,0,25,deadpool,59830
5,0,26,deadpool,40210
5,0,27,deadpool,47301
5,0,28,deadpool,46900
5,0,29,deadpool,46529
5,0,30,deadpool,53180
5,0,31,deadpool,49604
5,0,32,deadpool,47161
5,0,33,deadpool,46059
5,0,34,deadpool,48563
5,0,35,deadpool,55213
5,0,36,deadpool,49744
5,0,37,deadpool,47582
5,0,38,deadpool,78999
5,0,39,deadpool,36806
5,0,40,deadpool,51487
5,0,41,deadpool,49624
5,0,42,deadpool,49314
5,0,43,deadpool,49224
5,0,44,deadpool,48924
5,0,45,deadpool,51477
5,0,46,deadpool,48553
5,0,47,deadpool,47442
5,0,48,deadpool,48473
5,0,49,deadpool,48843
5,0,50,deadpool,50807
5,0,51,deadpool,116985
5,0,52,deadpool,54151
5,0,53,deadpool,50156
5,0,54,deadpool,47331
5,0,55,deadpool,121683
5,0,56,deadpool,50185
5,0,57,deadpool,49254
5,0,58,deadpool,46970
5,0,59,deadpool,48693
5,0,60,deadpool,52859
5,0,61,deadpool,47161
5,0,62,deadpool,46480
5,0,63,deadpool,49284
5,0,64,deadpool,49795
5,0,65,deadpool,51468
5,0,66,deadpool,46620
5,0,67,deadpool,48784
5,0,68,deadpool,48944
5,0,69,deadpool,47342
5,0,70,deadpool,51407
5,0,71,deadpool,48733
5,0,72,deadpool,80751
5,0,73,deadpool,61873
5,0,74,deadpool,57417
5,0,75,deadpool,48412
5,0,76,deadpool,46250
5,0,77,deadpool,48443
5,0,78,deadpool,49694
5,0,79,deadpool,53711
5,0,80,deadpool,47502
5,0,81,deadpool,48333
5,0,82,deadpool,46640
5,0,83,deadpool,48543
5,0,84,deadpool,54232
5,0,85,deadpool,49834
5,0,86,deadpool,47061
5,0,87,deadpool,48573
5,0,88,deadpool,50796
5,0,89,deadpool,53140
5,0,90,deadpool,49054
5,0,91,deadpool,61012
5,0,92,deadpool,36855
5,0,93,deadpool,49544
5,0,94,deadpool,50927
5,0,95,deadpool,48563
5,0,96,deadpool,46831
5,0,97,deadpool,48623
5,0,98,deadpool,48964
5,0,99,deadpool,51167
5,0,100,deadpool,46370
5,0,101,deadpool,48733
5,0,102,deadpool,49134
5,0,103,deadpool,48654
5,0,104,deadpool,51197
5,0,105,deadpool,47401
5,0,106,deadpool,48443
5,0,107,deadpool,49194
5,0,108,deadpool,166010
5,0,109,deadpool,57947
5,0,110,deadpool,46891
5,0,111,deadpool,48463
5,0,112,deadpool,49214
5,0,113,deadpool,49374
5,0,114,deadpool,52949
5,0,115,deadpool,50506
5,0,116,deadpool,47471
5,0,117,deadpool,48934
5,0,118,deadpool,52930
5,0,119,deadpool,54011
5,0,120,deadpool,104787
5,0,121,deadpool,67731
5,0,122,deadpool,51057
5,0,123,deadpool,47291
5,0,124,deadpool,109795
5,0,125,deadpool,53010
5,0,126,deadpool,47742
5,0,127,deadpool,46530
5,1,0,direct,168524
5,1,1,direct,66861
5,1,2,direct,59730
5,1,3,direct,60811
5,1,4,direct,60330
5,1,5,direct,170737
5,1,6,direct,62825
5,1,7,direct,59219
5,1,8,direct,89295
5,1,9,direct,60872
5,1,10,direct,71147
5,1,11,direct,63656
5,1,12,direct,60351
5,1,13,direct,59830
5,1,14,direct,59329
5,1,15,direct,60591
5,1,16,direct,59580
5,1,17,direct,59860
5,1,18,direct,59820
5,1,19,direct,59369
5,1,20,direct,61883
5,1,21,direct,59320
5,1,22,direct,59049
5,1,23,direct,81452
5,1,24,direct,65087
5,1,25,direct,62404
5,1,26,direct,59199
5,1,27,direct,58819
5,1,28,direct,60581
5,1,29,direct,58748
5,1,30,direct,60771
5,1,31,direct,59489
5,1,32,direct,59319
5,1,33,direct,59089
5,1,34,direct,59008
5,1,35,direct,60541
5,1,36,direct,60201
5,1,37,direct,60821
5,1,38,direct,59880
5,1,39,direct,228573
5,1,40,direct,66540
5,1,41,direct,60911
5,1,42,direct,60311
5,1,43,direct,61062
5,1,44,direct,59460
5,1,45,direct,61242
5,1,46,direct,127251
5,1,47,direct,79630
5,1,48,direct,60741
5,1,49,direct,59159
5,1,50,direct,60882
5,1,51,direct,97927
5,1,52,direct,62724
5,1,53,direct,60161
5,1,54,direct,65899
5,1,55,direct,61663
5,1,56,direct,61603
5,1,57,direct,59890
5,1,58,direct,60731
5,1,59,direct,62154
5,1,60,direct,59650
5,1,61,direct,58978
5,1,62,direct,70516
5,1,63,direct,64708
5,1,64,direct,117707
5,1,65,direct,117357
5,1,66,direct,64187
5,1,67,direct,60611
5,1,68,direct,59550
5,1,69,direct,60982
5,1,70,direct,59149
5,1,71,direct,59380
5,1,72,direct,60060
5,1,73,direct,59249
5,1,74,direct,61092
5,1,75,direct,60672
5,1,76,direct,59429
5,1,77,direct,60101
5,1,78,direct,60441
5,1,79,direct,63085
5,1,80,direct,78779
5,1,81,direct,67191
5,1,82,direct,215234
5,1,83,direct,71949
5,1,84,direct,67452
5,1,85,direct,64377
5,1,86,direct,65929
5,1,87,direct,65268
5,1,88,direct,63195
5,1,89,direct,61352
5,1,90,direct,59690
5,1,91,direct,60541
5,1,92,direct,93911
5,1,93,direct,65849
5,1,94,direct,61032
5,1,95,direct,59559
5,1,96,direct,59450
5,1,97,direct,59449
5,1,98,direct,60962
5,1,99,direct,61022
5,1,100,direct,61253
5,1,101,direct,63655
5,1,102,direct,60831
5,1,103,direct,115684
5,1,104,direct,69956
5,1,105,direct,62334
5,1,106,direct,83085
5,1,107,direct,69454
5,1,108,direct,68163
5,1,109,direct,71447
5,1,110,direct,60471
5,1,111,direct,60361
5,1,112,direct,59119
5,1,113,direct,60971
5,1,114,direct,59229
5,1,115,direct,59719
5,1,116,direct,58739
5,1,117,direct,59089
5,1,118,direct,88423
5,1,119,direct,61012
5,1,120,direct,76495
5,1,121,direct,81583
5,1,122,direct,61572
5,1,123,direct,60441
5,1,124,direct,111197
5,1,125,direct,66360
5,1,126,direct,59770
5,1,127,direct,60270
6,0,0,direct,64257
6,0,1,direct,59529
6,0,2,direct,60260
6,0,3,direct,60121
6,0,4,direct,60000
6,0,5,direct,61323
6,0,6,direct,115974
6,0,7,direct,70376
6,0,8,direct,60311
6,0,9,direct,59219
6,0,10,direct,61042
6,0,11,direct,59118
6,0,12,direct,59890
6,0,13,direct,59279
6,0,14,direct,59109
6,0,15,direct,60341
6,0,16,direct,59680
6,0,17,direct,59750
6,0,18,direct,59169
6,0,19,direct,59129
6,0,20,direct,60831
6,0,21,direct,73521
6,0,22,direct,65549
6,0,23,direct,59650
6,0,24,direct,61122
6,0,25,direct,61141
6,0,26,direct,59780
6,0,27,direct,59179
6,0,28,direct,59129
6,0,29,direct,62865
6,0,30,direct,59840
6,0,31,direct,59350
6,0,32,direct,59008
6,0,33,direct,85038
6,0,34,direct,62424
6,0,35,direct,59109
6,0,36,direct,60791
6,0,37,direct,82384
6,0,38,direct,61062
6,0,39,direct,60401
6,0,40,direct,60571
6,0,41,direct,60361
6,0,42,direct,60271
6,0,43,direct,59650
6,0,44,direct,62594
6,0,45,direct,60581
6,0,46,direct,59780
6,0,47,direct,59490
6,0,48,direct,58959
6,0,49,direct,60701
6,0,50,direct,59449
6,0,51,direct,59339
6,0,52,direct,58608
6,0,53,direct,80070
6,0,54,direct,61993
6,0,55,direct,59229
6,0,56,direct,59450
6,0,57,direct,111748
6,0,58,direct,62714
6,0,59,direct,60831
6,0,60,direct,59600
6,0,61,direct,59399
6,0,62,direct,59329
6,0,63,direct,60140
6,0,64,direct,60531
6,0,65,direct,59449
6,0,66,direct,59980
6,0,67,direct,84798
6,0,68,direct,68984
6,0,69,direct,62574
6,0,70,direct,59209
6,0,71,direct,61222
6,0,72,direct,58568
6,0,73,direct,59930
6,0,74,direct,60401
6,0,75,direct,58819
6,0,76,direct,63045
6,0,77,direct,59660
6,0,78,direct,63325
6,0,79,direct,61522
6,0,80,direct,239831
6,0,81,direct,74962
6,0,82,direct,61963
6,0,83,direct,63246
6,0,84,direct,59910
6,0,85,direct,60321
6,0,86,direct,59279
6,0,87,direct,59840
6,0,88,direct,62104
6,0,89,direct,70125
6,0,90,direct,80922
6,0,91,direct,85118
6,0,92,direct,60701
6,0,93,direct,62985
6,0,94,direct,59799
6,0,95,direct,81522
6,0,96,direct,61252
6,0,97,direct,59710
6,0,98,direct,62634
6,0,99,direct,59269
6,0,100,direct,58818
6,0,101,direct,60661
6,0,102,direct,60351
6,0,103,direct,61782
6,0,104,direct,59820
6,0,105,direct,59770
6,0,106,direct,60280
6,0,107,direct,59910
6,0,108,direct,61373
6,0,109,direct,59800
6,0,110,direct,82103
6,0,111,direct,62905
6,0,112,direct,60341
6,0,113,direct,60651
6,0,114,direct,59790
6,0,115,direct,60922
6,0,116,direct,59880
6,0,117,direct,58719
6,0,118,direct,60952
6,0,119,direct,58989
6,0,120,direct,60330
6,0,121,direct,59759
6,0,122,direct,59459
6,0,123,direct,60491
6,0,124,direct,58639
6,0,125,direct,59960
6,0,126,direct,78037
6,0,127,direct,65950
6,1,0,deadpool,85218
6,1,1,deadpool,66801
6,1,2,deadpool,328434
6,1,3,deadpool,35323
6,1,4,deadpool,35083
6,1,5,deadpool,32299
6,1,6,deadpool,31307
6,1,7,deadpool,31187
6,1,8,deadpool,31427
6,1,9,deadpool,33480
6,1,10,deadpool,31698
6,1,11,deadpool,38788
6,1,12,deadpool,51207
6,1,13,deadpool,117557
6,1,14,deadpool,53281
6,1,15,deadpool,46901
6,1,16,deadpool,51027
6,1,17,deadpool,46830
6,1,18,deadpool,47501
6,1,19,deadpool,52309
6,1,20,deadpool,47041
6,1,21,deadpool,49033
6,1,22,deadpool,48773
6,1,23,deadpool,355184
6,1,24,deadpool,115834
6,1,25,deadpool,56725
6,1,26,deadpool,46591
6,1,27,deadpool,46670
6,1,28,deadpool,54622
6,1,29,deadpool,47171
6,1,30,deadpool,46340
6,1,31,deadpool,46540
6,1,32,deadpool,46510
6,1,33,deadpool,53760
6,1,34,deadpool,47672
6,1,35,deadpool,49204
6,1,36,deadpool,47231
6,1,37,deadpool,46940
6,1,38,deadpool,55424
6,1,39,deadpool,50716
6,1,40,deadpool,47561
6,1,41,deadpool,49484
6,1,42,deadpool,81342
6,1,43,deadpool,53690
6,1,44,deadpool,49144
6,1,45,deadpool,49464
6,1,46,deadpool,49845
6,1,47,deadpool,49384
6,1,48,deadpool,51728
6,1,49,deadpool,47031
6,1,50,deadpool,47221
6,1,51,deadpool,49154
6,1,52,deadpool,141163
6,1,53,deadpool,54682
6,1,54,deadpool,38378
6,1,55,deadpool,48503
6,1,56,deadpool,49405
6,1,57,deadpool,50006
6,1,58,deadpool,51968
6,1,59,deadpool,94492
6,1,60,deadpool,43575
6,1,61,deadpool,49674
6,1,62,deadpool,48253
6,1,63,deadpool,52569
6,1,64,deadpool,49154
6,1,65,deadpool,47281
6,1,66,deadpool,48543
6,1,67,deadpool,49134
6,1,68,deadpool,51698
6,1,69,deadpool,60080
6,1,70,deadpool,82934
6,1,71,deadpool,33600
6,1,72,deadpool,31217
6,1,73,deadpool,40671
6,1,74,deadpool,48452
6,1,75,deadpool,116976
6,1,76,deadpool,57497
6,1,77,deadpool,56625
6,1,78,deadpool,49595
6,1,79,deadpool,48492
6,1,80,deadpool,48984
6,1,81,deadpool,46741
6,1,82,deadpool,58708
6,1,83,deadpool,40501
6,1,84,deadpool,156996
6,1,85,deadpool,73781
6,1,86,deadpool,61032
6,1,87,deadpool,34853
6,1,88,deadpool,40752
6,1,89,deadpool,47552
6,1,90,deadpool,87432
6,1,91,deadpool,62825
6,1,92,deadpool,53751
6,1,93,deadpool,46741
6,1,94,deadpool,49104
6,1,95,deadpool,49825
6,1,96,deadpool,48944
6,1,97,deadpool,52549
6,1,98,deadpool,47592
6,1,99,deadpool,48402
6,1,100,deadpool,50025
6,1,101,deadpool,49464
6,1,102,deadpool,51177
6,1,103,deadpool,124517
6,1,104,deadpool,74843
6,1,105,deadpool,50796
6,1,106,deadpool,91237
6,1,107,deadpool,62504
6,1,108,deadpool,47612
6,1,109,deadpool,49555
6,1,110,deadpool,49094
6,1,111,deadpool,47672
6,1,112,deadpool,51497
6,1,113,deadpool,48863
6,1,114,deadpool,47942
6,1,115,deadpool,46590
6,1,116,deadpool,49875
6,1,117,deadpool,51327
6,1,118,deadpool,47181
6,1,119,deadpool,49254
6,1,120,deadpool,47972
6,1,121,deadpool,48553
6,1,122,deadpool,51767
6,1,123,deadpool,49204
6,1,124,deadpool,83375
6,1,125,deadpool,54442
6,1,126,deadpool,47491
6,1,127,deadpool,51597
7,0,0,deadpool,49855
7,0,1,deadpool,49554
7,0,2,deadpool,48773
7,0,3,deadpool,54762
7,0,4,deadpool,47592
7,0,5,deadpool,48964
7,0,6,deadpool,47742
7,0,7,deadpool,48874
7,0,8,deadpool,52179
7,0,9,deadpool,48984
7,0,10,deadpool,46990
7,0,11,deadpool,48253
7,0,12,deadpool,49675
7,0,13,deadpool,51117
7,0,14,deadpool,70927
7,0,15,deadpool,44437
7,0,16,deadpool,50095
7,0,17,deadpool,47041
7,0,18,deadpool,52579
7,0,19,deadpool,49194
7,0,20,deadpool,49544
7,0,21,deadpool,48993
7,0,22,deadpool,48783
7,0,23,deadpool,51597
7,0,24,deadpool,49695
7,0,25,deadpool,50396
7,0,26,deadpool,48693
7,0,27,deadpool,47091
7,0,28,deadpool,93691
7,0,29,deadpool,41813
7,0,30,deadpool,48463
7,0,31,deadpool,89745
7,0,32,deadpool,63836
7,0,33,deadpool,53710
7,0,34,deadpool,48453
7,0,35,deadpool,47361
7,0,36,deadpool,48814
7,0,37,deadpool,49945
7,0,38,deadpool,52178
7,0,39,deadpool,48263
7,0,40,deadpool,48764
7,0,41,deadpool,47201
7,0,42,deadpool,46160
7,0,43,deadpool,51147
7,0,44,deadpool,48943
7,0,45,deadpool,47301
7,0,46,deadpool,48493
7,0,47,deadpool,47060
7,0,48,deadpool,51247
7,0,49,deadpool,91368
7,0,50,deadpool,58018
7,0,51,deadpool,47962
7,0,52,deadpool,52258
7,0,53,deadpool,49104
7,0,54,deadpool,47681
7,0,55,deadpool,48673
7,0,56,deadpool,50777
7,0,57,deadpool,54021
7,0,58,deadpool,49735
7,0,59,deadpool,47402
7,0,60,deadpool,56976
7,0,61,deadpool,49694
7,0,62,deadpool,52109
7,0,63,deadpool,49154
7,0,64,deadpool,46820
7,0,65,deadpool,48723
7,0,66,deadpool,47091
7,0,67,deadpool,88313
7,0,68,deadpool,49254
7,0,69,deadpool,47392
7,0,70,deadpool,48393
7,0,71,deadpool,48774
7,0,72,deadpool,362736
7,0,73,deadpool,51738
7,0,74,deadpool,46580
7,0,75,deadpool,46440
7,0,76,deadpool,47711
7,0,77,deadpool,51688
7,0,78,deadpool,46340
7,0,79,deadpool,114632
7,0,80,deadpool,54382
7,0,81,deadpool,51637
7,0,82,deadpool,52850
7,0,83,deadpool,49284
7,0,84,deadpool,50156
7,0,85,deadpool,50256
7,0,86,deadpool,49234
7,0,87,deadpool,52378
7,0,88,deadpool,48683
7,0,89,deadpool,47762
7,0,90,deadpool,49555
7,0,91,deadpool,107031
7,0,92,deadpool,79289
7,0,93,deadpool,51207
7,0,94,deadpool,49354
7,0,95,deadpool,111097
7,0,96,deadpool,52249
7,0,97,deadpool,52219
7,0,98,deadpool,48813
7,0,99,deadpool,51287
7,0,100,deadpool,47872
7,0,101,deadpool,47371
7,0,102,deadpool,51548
7,0,103,deadpool,48904
7,0,104,deadpool,49574
7,0,105,deadpool,46840
7,0,106,deadpool,53620
7,0,107,deadpool,49625
7,0,108,deadpool,47171
7,0,109,deadpool,49204
7,0,110,deadpool,48923
7,0,111,deadpool,54602
7,0,112,deadpool,76155
7,0,113,deadpool,45389
7,0,114,deadpool,48303
7,0,115,deadpool,49064
7,0,116,deadpool,51678
7,0,117,deadpool,49014
7,0,118,deadpool,49474
7,0,119,deadpool,49043
7,0,120,deadpool,48523
7,0,121,deadpool,52219
7,0,122,deadpool,157778
7,0,123,deadpool,50295
7,0,124,deadpool,32149
7,0,125,deadpool,35573
7,0,126,deadpool,53100
7,0,127,deadpool,48332
7,1,0,direct,232009
7,1,1,direct,67882
7,1,2,direct,61773
7,1,3,direct,63426
7,1,4,direct,60872
7,1,5,direct,61092
7,1,6,direct,60842
7,1,7,direct,60581
7,1,8,direct,61723
7,1,9,direct,61032
7,1,10,direct,61613
7,1,11,direct,287272
7,1,12,direct,77126
7,1,13,direct,86860
7,1,14,direct,61783
7,1,15,direct,60120
7,1,16,direct,59169
7,1,17,direct,60871
7,1,18,direct,64667
7,1,19,direct,60191
7,1,20,direct,88002
7,1,21,direct,62094
7,1,22,direct,60942
7,1,23,direct,61843
7,1,24,direct,93370
7,1,25,direct,62494
7,1,26,direct,60190
7,1,27,direct,60101
7,1,28,direct,63996
7,1,29,direct,60011
7,1,30,direct,62093
7,1,31,direct,60291
7,1,32,direct,63275
7,1,33,direct,61933
7,1,34,direct,60061
7,1,35,direct,60721
7,1,36,direct,61653
7,1,37,direct,62825
7,1,38,direct,59139
7,1,39,direct,79019
7,1,40,direct,59779
7,1,41,direct,61212
7,1,42,direct,61202
7,1,43,direct,59770
7,1,44,direct,59820
7,1,45,direct,60832
7,1,46,direct,60131
7,1,47,direct,61303
7,1,48,direct,59529
7,1,49,direct,60731
7,1,50,direct,59740
7,1,51,direct,59319
7,1,52,direct,60761
7,1,53,direct,59440
7,1,54,direct,61493
7,1,55,direct,82754
7,1,56,direct,60721
7,1,57,direct,61622
7,1,58,direct,60041
7,1,59,direct,61052
7,1,60,direct,59569
7,1,61,direct,59729
7,1,62,direct,60722
7,1,63,direct,60110
7,1,64,direct,59599
7,1,65,direct,59159
7,1,66,direct,59740
7,1,67,direct,61132
7,1,68,direct,59319
7,1,69,direct,59610
7,1,70,direct,74492
7,1,71,direct,63746
7,1,72,direct,62964
7,1,73,direct,59449
7,1,74,direct,59480
7,1,75,direct,58999
7,1,76,direct,59048
7,1,77,direct,60751
7,1,78,direct,59159
7,1,79,direct,59379
7,1,80,direct,59430
7,1,81,direct,64827
7,1,82,direct,94943
7,1,83,direct,59709
7,1,84,direct,59480
7,1,85,direct,60521
7,1,86,direct,70726
7,1,87,direct,59640
7,1,88,direct,59810
7,1,89,direct,60731
7,1,90,direct,60080
7,1,91,direct,60942
7,1,92,direct,59410
7,1,93,direct,59560
7,1,94,direct,59489
7,1,95,direct,59189
7,1,96,direct,60832
7,1,97,direct,59670
7,1,98,direct,61092
7,1,99,direct,60521
7,1,100,direct,60521
7,1,101,direct,82964
7,1,102,direct,63766
7,1,103,direct,59940
7,1,104,direct,281393
7,1,105,direct,68323
7,1,106,direct,61202
7,1,107,direct,59279
7,1,108,direct,59590
7,1,109,direct,61242
7,1,110,direct,59029
7,1,111,direct,60200
7,1,112,direct,59530
7,1,113,direct,105759
7,1,114,direct,65388
7,1,115,direct,60351
7,1,116,direct,64387
7,1,117,direct,60081
7,1,118,direct,58538
7,1,119,direct,58518
7,1,120,direct,61352
7,1,121,direct,61112
7,1,122,direct,59239
7,1,123,direct,59409
7,1,124,direct,59290
7,1,125,direct,59199
7,1,126,direct,84146
7,1,127,direct,80000
8,0,0,direct,62474
8,0,1,direct,59490
8,0,2,direct,58879
8,0,3,direct,71057
8,0,4,direct,61763
8,0,5,direct,59300
8,0,6,direct,59650
8,0,7,direct,62724
8,0,8,direct,59569
8,0,9,direct,59579
8,0,10,direct,82514
8,0,11,direct,61282
8,0,12,direct,60832
8,0,13,direct,60912
8,0,14,direct,82484
8,0,15,direct,59860
8,0,16,direct,60531
8,0,17,direct,61443
8,0,18,direct,59570
8,0,19,direct,68803
8,0,20,direct,126581
8,0,21,direct,62894
8,0,22,direct,61513
8,0,23,direct,60641
8,0,24,direct,60451
8,0,25,direct,60381
8,0,26,direct,59650
8,0,27,direct,61243
8,0,28,direct,87912
8,0,29,direct,66910
8,0,30,direct,59610
8,0,31,direct,59169
8,0,32,direct,62524
8,0,33,direct,60481
8,0,34,direct,60772
8,0,35,direct,60180
8,0,36,direct,60211
8,0,37,direct,61022
8,0,38,direct,59209
8,0,39,direct,58768
8,0,40,direct,58958
8,0,41,direct,59610
8,0,42,direct,60641
8,0,43,direct,59600
8,0,44,direct,77927
8,0,45,direct,64597
8,0,46,direct,59850
8,0,47,direct,61593
8,0,48,direct,60231
8,0,49,direct,59219
8,0,50,direct,59489
8,0,51,direct,59719
8,0,52,direct,60331
8,0,53,direct,60872
8,0,54,direct,59359
8,0,55,direct,58889
8,0,56,direct,62995
8,0,57,direct,59630
8,0,58,direct,59600
8,0,59,direct,77877
8,0,60,direct,64297
8,0,61,direct,63706
8,0,62,direct,59629
8,0,63,direct,59469
8,0,64,direct,59209
8,0,65,direct,58789
8,0,66,direct,100582
8,0,67,direct,66070
8,0,68,direct,59950
8,0,69,direct,59720
8,0,70,direct,95955
8,0,71,direct,66610
8,0,72,direct,60451
8,0,73,direct,60070
8,0,74,direct,94793
8,0,75,direct,62084
8,0,76,direct,61112
8,0,77,direct,59499
8,0,78,direct,60551
8,0,79,direct,59420
8,0,80,direct,59049
8,0,81,direct,61933
8,0,82,direct,58899
8,0,83,direct,59770
8,0,84,direct,59810
8,0,85,direct,59680
8,0,86,direct,62134
8,0,87,direct,59800
8,0,88,direct,60000
8,0,89,direct,79069
8,0,90,direct,63235
8,0,91,direct,61002
8,0,92,direct,61202
8,0,93,direct,60471
8,0,94,direct,59109
8,0,95,direct,60061
8,0,96,direct,60692
8,0,97,direct,129855
8,0,98,direct,62634
8,0,99,direct,60050
8,0,100,direct,61452
8,0,101,direct,61543
8,0,102,direct,59119
8,0,103,direct,91117
8,0,104,direct,68804
8,0,105,direct,59640
8,0,106,direct,60411
8,0,107,direct,60451
8,0,108,direct,59419
8,0,109,direct,59229
8,0,110,direct,62594
8,0,111,direct,60271
8,0,112,direct,59249
8,0,113,direct,59008
8,0,114,direct,59911
8,0,115,direct,60862
8,0,116,direct,58839
8,0,117,direct,60641
8,0,118,direct,59389
8,0,119,direct,77166
8,0,120,direct,62895
8,0,121,direct,60741
8,0,122,direct,61182
8,0,123,direct,60190
8,0,124,direct,59720
8,0,125,direct,61953
8,0,126,direct,59670
8,0,127,direct,59930
8,1,0,deadpool,331188
8,1,1,deadpool,119860
8,1,2,deadpool,60081
8,1,3,deadpool,47632
8,1,4,deadpool,45839
8,1,5,deadpool,46069
8,1,6,deadpool,46370
8,1,7,deadpool,49946
8,1,8,deadpool,140942
8,1,9,deadpool,50566
8,1,10,deadpool,37537
8,1,11,deadpool,49424
8,1,12,deadpool,52710
8,1,13,deadpool,49384
8,1,14,deadpool,47041
8,1,15,deadpool,49084
8,1,16,deadpool,47161
8,1,17,deadpool,103826
8,1,18,deadpool,58998
8,1,19,deadpool,46520
8,1,20,deadpool,49965
8,1,21,deadpool,51538
8,1,22,deadpool,32169
8,1,23,deadpool,31847
8,1,24,deadpool,32660
8,1,25,deadpool,40431
8,1,26,deadpool,52029
8,1,27,deadpool,46821
8,1,28,deadpool,48203
8,1,29,deadpool,48984
8,1,30,deadpool,46840
8,1,31,deadpool,51267
8,1,32,deadpool,48734
8,1,33,deadpool,49575
8,1,34,deadpool,47161
8,1,35,deadpool,93290
8,1,36,deadpool,54883
8,1,37,deadpool,47111
8,1,38,deadpool,48933
8,1,39,deadpool,49284
8,1,40,deadpool,49895
8,1,41,deadpool,51668
8,1,42,deadpool,46800
8,1,43,deadpool,49174
8,1,44,deadpool,48643
8,1,45,deadpool,79469
8,1,46,deadpool,59189
8,1,47,deadpool,37737
8,1,48,deadpool,49354
8,1,49,deadpool,47131
8,1,50,deadpool,48243
8,1,51,deadpool,51116
8,1,52,deadpool,176135
8,1,53,deadpool,54251
8,1,54,deadpool,48593
8,1,55,deadpool,48923
8,1,56,deadpool,52739
8,1,57,deadpool,48262
8,1,58,deadpool,46400
8,1,59,deadpool,48833
8,1,60,deadpool,47782
8,1,61,deadpool,52238
8,1,62,deadpool,46840
8,1,63,deadpool,96525
8,1,64,deadpool,89485
8,1,65,deadpool,89856
8,1,66,deadpool,93311
8,1,67,deadpool,52969
8,1,68,deadpool,49945
8,1,69,deadpool,47241
8,1,70,deadpool,56765
8,1,71,deadpool,48303
8,1,72,deadpool,46310
8,1,73,deadpool,289876
8,1,74,deadpool,52098
8,1,75,deadpool,36084
8,1,76,deadpool,31858
8,1,77,deadpool,30916
8,1,78,deadpool,31688
8,1,79,deadpool,31477
8,1,80,deadpool,33551
8,1,81,deadpool,30706
8,1,82,deadpool,90906
8,1,83,deadpool,58809
8,1,84,deadpool,46510
8,1,85,deadpool,53210
8,1,86,deadpool,49645
8,1,87,deadpool,49584
8,1,88,deadpool,50566
8,1,89,deadpool,48262
8,1,90,deadpool,134373
8,1,91,deadpool,74272
8,1,92,deadpool,138749
8,1,93,deadpool,49925
8,1,94,deadpool,32640
8,1,95,deadpool,40361
8,1,96,deadpool,90526
8,1,97,deadpool,51637
8,1,98,deadpool,50225
8,1,99,deadpool,56605
8,1,100,deadpool,50917
8,1,101,deadpool,47051
8,1,102,deadpool,48643
8,1,103,deadpool,47822
8,1,104,deadpool,55162
8,1,105,deadpool,47622
8,1,106,deadpool,46339
8,1,107,deadpool,49475
8,1,108,deadpool,49454
8,1,109,deadpool,47661
8,1,110,deadpool,51367
8,1,111,deadpool,49384
8,1,112,deadpool,48843
8,1,113,deadpool,49124
8,1,114,deadpool,82474
8,1,115,deadpool,60911
8,1,116,deadpool,49525
8,1,117,deadpool,49345
8,1,118,deadpool,49334
8,1,119,deadpool,52569
8,1,120,deadpool,47892
8,1,121,deadpool,47712
8,1,122,deadpool,49404
8,1,123,deadpool,47581
8,1,124,deadpool,51458
8,1,125,deadpool,49325
8,1,126,deadpool,50246
8,1,127,deadpool,81293
9,0,0,deadpool,68463
9,0,1,deadpool,52809
9,0,2,deadpool,49755
9,0,3,deadpool,78357
9,0,4,deadpool,59860
9,0,5,deadpool,50166
9,0,6,deadpool,52559
9,0,7,deadpool,49605
9,0,8,deadpool,47211
9,0,9,deadpool,48673
9,0,10,deadpool,50085
9,0,11,deadpool,51457
9,0,12,deadpool,47712
9,0,13,deadpool,48753
9,0,14,deadpool,57807
9,0,15,deadpool,138939
9,0,16,deadpool,53551
9,0,17,deadpool,50867
9,0,18,deadpool,46660
9,0,19,deadpool,102074
9,0,20,deadpool,67561
9,0,21,deadpool,35603
9,0,22,deadpool,36976
9,0,23,deadpool,46791
9,0,24,deadpool,47862
9,0,25,deadpool,60661
9,0,26,deadpool,40310
9,0,27,deadpool,47462
9,0,28,deadpool,124538
9,0,29,deadpool,84638
9,0,30,deadpool,43135
9,0,31,deadpool,38288
9,0,32,deadpool,47972
9,0,33,deadpool,48363
9,0,34,deadpool,49054
9,0,35,deadpool,105018
9,0,36,deadpool,36625
9,0,37,deadpool,42274
9,0,38,deadpool,48283
9,0,39,deadpool,48734
9,0,40,deadpool,51958
9,0,41,deadpool,49504
9,0,42,deadpool,46980
9,0,43,deadpool,48864
9,0,44,deadpool,49164
9,0,45,deadpool,51307
9,0,46,deadpool,48964
9,0,47,deadpool,47291
9,0,48,deadpool,48753
9,0,49,deadpool,48943
9,0,50,deadpool,51478
9,0,51,deadpool,46971
9,0,52,deadpool,48823
9,0,53,deadpool,76615
9,0,54,deadpool,62164
9,0,55,deadpool,51697
9,0,56,deadpool,50306
9,0,57,deadpool,50186
9,0,58,deadpool,48864
9,0,59,deadpool,48943
9,0,60,deadpool,52258
9,0,61,deadpool,48994
9,0,62,deadpool,46480
9,0,63,deadpool,48272
9,0,64,deadpool,46870
9,0,65,deadpool,51377
9,0,66,deadpool,77306
9,0,67,deadpool,62855
9,0,68,deadpool,46259
9,0,69,deadpool,49174
9,0,70,deadpool,51287
9,0,71,deadpool,89825
9,0,72,deadpool,48974
9,0,73,deadpool,48362
9,0,74,deadpool,55924
9,0,75,deadpool,49665
9,0,76,deadpool,46090
9,0,77,deadpool,48964
9,0,78,deadpool,48944
9,0,79,deadpool,56095
9,0,80,deadpool,49484
9,0,81,deadpool,47691
9,0,82,deadpool,48323
9,0,83,deadpool,46650
9,0,84,deadpool,50797
9,0,85,deadpool,48844
9,0,86,deadpool,48704
9,0,87,deadpool,48623
9,0,88,deadpool,48323
9,0,89,deadpool,92829
9,0,90,deadpool,50716
9,0,91,deadpool,47541
9,0,92,deadpool,48864
9,0,93,deadpool,48342
9,0,94,deadpool,51477
9,0,95,deadpool,49154
9,0,96,deadpool,48704
9,0,97,deadpool,49505
9,0,98,deadpool,49555
9,0,99,deadpool,54472
9,0,100,deadpool,32569
9,0,101,deadpool,31398
9,0,102,deadpool,31407
9,0,103,deadpool,38398
9,0,104,deadpool,53541
9,0,105,deadpool,47211
9,0,106,deadpool,46951
9,0,107,deadpool,87401
9,0,108,deadpool,51097
9,0,109,deadpool,51838
9,0,110,deadpool,46791
9,0,111,deadpool,48343
9,0,112,deadpool,46249
9,0,113,deadpool,48913
9,0,114,deadpool,50927
9,0,115,deadpool,49023
9,0,116,deadpool,49584
9,0,117,deadpool,49034
9,0,118,deadpool,47591
9,0,119,deadpool,51747
9,0,120,deadpool,50155
9,0,121,deadpool,50636
9,0,122,deadpool,46810
9,0,123,deadpool,46450
9,0,124,deadpool,50486
9,0,125,deadpool,104647
9,0,126,deadpool,52168
9,0,127,deadpool,49645
9,1,0,direct,177257
9,1,1,direct,65268
9,1,2,direct,61232
9,1,3,direct,60561
9,1,4,direct,62864
9,1,5,direct,62644
9,1,6,direct,84538
9,1,7,direct,61372
9,1,8,direct,60551
9,1,9,direct,67371
9,1,10,direct,186190
9,1,11,direct,64897
9,1,12,direct,60400
9,1,13,direct,60641
9,1,14,direct,59900
9,1,15,direct,62143
9,1,16,direct,60932
9,1,17,direct,61102
9,1,18,direct,61052
9,1,19,direct,60361
9,1,20,direct,61242
9,1,21,direct,59770
9,1,22,direct,60922
9,1,23,direct,60681
9,1,24,direct,97226
9,1,25,direct,64217
9,1,26,direct,60861
9,1,27,direct,61272
9,1,28,direct,58989
9,1,29,direct,59639
9,1,30,direct,63014
9,1,31,direct,61092
9,1,32,direct,61803
9,1,33,direct,60391
9,1,34,direct,60781
9,1,35,direct,66290
9,1,36,direct,65919
9,1,37,direct,60081
9,1,38,direct,70736
9,1,39,direct,65749
9,1,40,direct,61793
9,1,41,direct,60801
9,1,42,direct,60741
9,1,43,direct,60311
9,1,44,direct,124678
9,1,45,direct,64397
9,1,46,direct,59650
9,1,47,direct,59510
9,1,48,direct,59530
9,1,49,direct,61463
9,1,50,direct,60381
9,1,51,direct,59610
9,1,52,direct,59559
9,1,53,direct,73700
9,1,54,direct,63916
9,1,55,direct,60120
9,1,56,direct,63285
9,1,57,direct,66069
9,1,58,direct,58979
9,1,59,direct,61242
9,1,60,direct,60181
9,1,61,direct,59910
9,1,62,direct,59670
9,1,63,direct,59500
9,1,64,direct,90967
9,1,65,direct,65729
9,1,66,direct,60381
9,1,67,direct,60001
9,1,68,direct,77266
9,1,69,direct,66269
9,1,70,direct,60200
9,1,71,direct,62044
9,1,72,direct,61332
9,1,73,direct,60121
9,1,74,direct,61082
9,1,75,direct,60331
9,1,76,direct,59880
9,1,77,direct,60171
9,1,78,direct,59199
9,1,79,direct,60401
9,1,80,direct,60351
9,1,81,direct,59029
9,1,82,direct,60240
9,1,83,direct,128373
9,1,84,direct,71697
9,1,85,direct,62113
9,1,86,direct,60001
9,1,87,direct,59710
9,1,88,direct,60571
9,1,89,direct,60732
9,1,90,direct,98498
9,1,91,direct,67762
9,1,92,direct,59459
9,1,93,direct,73360
9,1,94,direct,374894
9,1,95,direct,66059
9,1,96,direct,61202
9,1,97,direct,60270
9,1,98,direct,67361
9,1,99,direct,60430
9,1,100,direct,60501
9,1,101,direct,59930
9,1,102,direct,60661
9,1,103,direct,62504
9,1,104,direct,60381
9,1,105,direct,60190
9,1,106,direct,59629
9,1,107,direct,118889
9,1,108,direct,76726
9,1,109,direct,59920
9,1,110,direct,60030
9,1,111,direct,60141
9,1,112,direct,60120
9,1,113,direct,62955
9,1,114,direct,61653
9,1,115,direct,59079
9,1,116,direct,59890
9,1,117,direct,60241
9,1,118,direct,71337
9,1,119,direct,95213
9,1,120,direct,65148
9,1,121,direct,108613
9,1,122,direct,61532
9,1,123,direct,61483
9,1,124,direct,61072
9,1,125,direct,79800
9,1,126,direct,225760
9,1,127,direct,123375
10,0,0,direct,113841
10,0,1,direct,107863
10,0,2,direct,127842
10,0,3,direct,108323
10,0,4,direct,107231
10,0,5,direct,110826
10,0,6,direct,106049
10,0,7,direct,106701
10,0,8,direct,108793
10,0,9,direct,106119
10,0,10,direct,109735
10,0,11,direct,115214
10,0,12,direct,107361
10,0,13,direct,107101
10,0,14,direct,107111
10,0,15,direct,114873
10,0,16,direct,106691
10,0,17,direct,105479
10,0,18,direct,105849
10,0,19,direct,145979
10,0,20,direct,109445
10,0,21,direct,107782
10,0,22,direct,105529
10,0,23,direct,105689
10,0,24,direct,111858
10,0,25,direct,153380
10,0,26,direct,113381
10,0,27,direct,127301
10,0,28,direct,109455
10,0,29,direct,110576
10,0,30,direct,107302
10,0,31,direct,107371
10,0,32,direct,106390
10,0,33,direct,107041
10,0,34,direct,108133
10,0,35,direct,106030
10,0,36,direct,141643
10,0,37,direct,107562
10,0,38,direct,104777
10,0,39,direct,108834
10,0,40,direct,106009
10,0,41,direct,107061
10,0,42,direct,105969
10,0,43,direct,123777
10,0,44,direct,132980
10,0,45,direct,108864
10,0,46,direct,105599
10,0,47,direct,105468
10,0,48,direct,106580
10,0,49,direct,110045
10,0,50,direct,105468
10,0,51,direct,105889
10,0,52,direct,105058
10,0,53,direct,131358
10,0,54,direct,113010
10,0,55,direct,106120
10,0,56,direct,106290
10,0,57,direct,107191
10,0,58,direct,104697
10,0,59,direct,141112
10,0,60,direct,109385
10,0,61,direct,127582
10,0,62,direct,112970
10,0,63,direct,105479
10,0,64,direct,109034
10,0,65,direct,105328
10,0,66,direct,106149
10,0,67,direct,105899
10,0,68,direct,114983
10,0,69,direct,106640
10,0,70,direct,126911
10,0,71,direct,108754
10,0,72,direct,106570
10,0,73,direct,111638
10,0,74,direct,106730
10,0,75,direct,105349
10,0,76,direct,105809
10,0,77,direct,105930
10,0,78,direct,110907
10,0,79,direct,131678
10,0,80,direct,107612
10,0,81,direct,105819
10,0,82,direct,105209
10,0,83,direct,109375
10,0,84,direct,105058
10,0,85,direct,105479
10,0,86,direct,105899
10,0,87,direct,105538
10,0,88,direct,131097
10,0,89,direct,107712
10,0,90,direct,107222
10,0,91,direct,104747
10,0,92,direct,107261
10,0,93,direct,108063
10,0,94,direct,143626
10,0,95,direct,107572
10,0,96,direct,132980
10,0,97,direct,108613
10,0,98,direct,132449
10,0,99,direct,108433
10,0,100,direct,107432
10,0,101,direct,106350
10,0,102,direct,104617
10,0,103,direct,109104
10,0,104,direct,131417
10,0,105,direct,115644
10,0,106,direct,106309
10,0,107,direct,105799
10,0,108,direct,108663
10,0,109,direct,106881
10,0,110,direct,106099
10,0,111,direct,113681
10,0,112,direct,107452
10,0,113,direct,135213
10,0,114,direct,108693
10,0,115,direct,104977
10,0,116,direct,106770
10,0,117,direct,105890
10,0,118,direct,110096
10,0,119,direct,106200
10,0,120,direct,108834
10,0,121,direct,109745
10,0,122,direct,142254
10,0,123,direct,107722
10,0,124,direct,105879
10,0,125,direct,105629
10,0,126,direct,105569
10,0,127,direct,109355
10,1,0,deadpool,127942
10,1,1,deadpool,69514
10,1,2,deadpool,50156
10,1,3,deadpool,49945
10,1,4,deadpool,73160
10,1,5,deadpool,33290
10,1,6,deadpool,35934
10,1,7,deadpool,47001
10,1,8,deadpool,49234
10,1,9,deadpool,51788
10,1,10,deadpool,49144
10,1,11,deadpool,46640
10,1,12,deadpool,46620
10,1,13,deadpool,48022
10,1,14,deadpool,51748
10,1,15,deadpool,46780
10,1,16,deadpool,48172
10,1,17,deadpool,48403
10,1,18,deadpool,47241
10,1,19,deadpool,50636
10,1,20,deadpool,48733
10,1,21,deadpool,46580
10,1,22,deadpool,99960
10,1,23,deadpool,52549
10,1,24,deadpool,54001
10,1,25,deadpool,49905
10,1,26,deadpool,49594
10,1,27,deadpool,49054
10,1,28,deadpool,47811
10,1,29,deadpool,51678
10,1,30,deadpool,112409
10,1,31,deadpool,62855
10,1,32,deadpool,32769
10,1,33,deadpool,39389
10,1,34,deadpool,54502
10,1,35,deadpool,50155
10,1,36,deadpool,50846
10,1,37,deadpool,37477
10,1,38,deadpool,53580
10,1,39,deadpool,99470
10,1,40,deadpool,52298
10,1,41,deadpool,47071
10,1,42,deadpool,48382
10,1,43,deadpool,52629
10,1,44,deadpool,47051
10,1,45,deadpool,48794
10,1,46,deadpool,49394
10,1,47,deadpool,49354
10,1,48,deadpool,51337
10,1,49,deadpool,50436
10,1,50,deadpool,46800
10,1,51,deadpool,48753
10,1,52,deadpool,48984
10,1,53,deadpool,51497
10,1,54,deadpool,48934
10,1,55,deadpool,47051
10,1,56,deadpool,50686
10,1,57,deadpool,88494
10,1,58,deadpool,53411
10,1,59,deadpool,48954
10,1,60,deadpool,48773
10,1,61,deadpool,48914
10,1,62,deadpool,47010
10,1,63,deadpool,51298
10,1,64,deadpool,46941
10,1,65,deadpool,49164
10,1,66,deadpool,46931
10,1,67,deadpool,48173
10,1,68,deadpool,51187
10,1,69,deadpool,48463
10,1,70,deadpool,104847
10,1,71,deadpool,52609
10,1,72,deadpool,48112
10,1,73,deadpool,52369
10,1,74,deadpool,85268
10,1,75,deadpool,49785
10,1,76,deadpool,46640
10,1,77,deadpool,48463
10,1,78,deadpool,51868
10,1,79,deadpool,46600
10,1,80,deadpool,45869
10,1,81,deadpool,48634
10,1,82,deadpool,48543
10,1,83,deadpool,50676
10,1,84,deadpool,49995
10,1,85,deadpool,138548
10,1,86,deadpool,64097
10,1,87,deadpool,51267
10,1,88,deadpool,50075
10,1,89,deadpool,48052
10,1,90,deadpool,110937
10,1,91,deadpool,53110
10,1,92,deadpool,52699
10,1,93,deadpool,46781
10,1,94,deadpool,48914
10,1,95,deadpool,48713
10,1,96,deadpool,46581
10,1,97,deadpool,50746
10,1,98,deadpool,49064
10,1,99,deadpool,48884
10,1,100,deadpool,46690
10,1,101,deadpool,48673
10,1,102,deadpool,51097
10,1,103,deadpool,46640
10,1,104,deadpool,47993
10,1,105,deadpool,47091
10,1,106,deadpool,48964
10,1,107,deadpool,51568
10,1,108,deadpool,95173
10,1,109,deadpool,49415
10,1,110,deadpool,48453
10,1,111,deadpool,49324
10,1,112,deadpool,52089
10,1,113,deadpool,48614
10,1,114,deadpool,48773
10,1,115,deadpool,48743
10,1,116,deadpool,46940
10,1,117,deadpool,50976
10,1,118,deadpool,48823
10,1,119,deadpool,49614
10,1,120,deadpool,48653
10,1,121,deadpool,47752
10,1,122,deadpool,51026
10,1,123,deadpool,49214
10,1,124,deadpool,142244
10,1,125,deadpool,80521
10,1,126,deadpool,33421
10,1,127,deadpool,40621
11,0,0,deadpool,50496
11,0,1,deadpool,46980
11,0,2,deadpool,49064
11,0,3,deadpool,54992
11,0,4,deadpool,48163
11,0,5,deadpool,50646
11,0,6,deadpool,47371
11,0,7,deadpool,558290
11,0,8,deadpool,70305
11,0,9,deadpool,48614
11,0,10,deadpool,49364
11,0,11,deadpool,49645
11,0,12,deadpool,48834
11,0,13,deadpool,51327
11,0,14,deadpool,46500
11,0,15,deadpool,48673
11,0,16,deadpool,48694
11,0,17,deadpool,49074
11,0,18,deadpool,51577
11,0,19,deadpool,49424
11,0,20,deadpool,46430
11,0,21,deadpool,49435
11,0,22,deadpool,58208
11,0,23,deadpool,90856
11,0,24,deadpool,35884
11,0,25,deadpool,32509
11,0,26,deadpool,31116
11,0,27,deadpool,40091
11,0,28,deadpool,54402
11,0,29,deadpool,48022
11,0,30,deadpool,49024
11,0,31,deadpool,119360
11,0,32,deadpool,73490
11,0,33,deadpool,54001
11,0,34,deadpool,47201
11,0,35,deadpool,46420
11,0,36,deadpool,48834
11,0,37,deadpool,46811
11,0,38,deadpool,51257
11,0,39,deadpool,128533
11,0,40,deadpool,53000
11,0,41,deadpool,46460
11,0,42,deadpool,45258
11,0,43,deadpool,52679
11,0,44,deadpool,46510
11,0,45,deadpool,48082
11,0,46,deadpool,48684
11,0,47,deadpool,47111
11,0,48,deadpool,51517
11,0,49,deadpool,49194
11,0,50,deadpool,46920
11,0,51,deadpool,47311
11,0,52,deadpool,58518
11,0,53,deadpool,40361
11,0,54,deadpool,47692
11,0,55,deadpool,46329
11,0,56,deadpool,49835
11,0,57,deadpool,98859
11,0,58,deadpool,48033
11,0,59,deadpool,49975
11,0,60,deadpool,48423
11,0,61,deadpool,49074
11,0,62,deadpool,51908
11,0,63,deadpool,46731
11,0,64,deadpool,48493
11,0,65,deadpool,49134
11,0,66,deadpool,47161
11,0,67,deadpool,50476
11,0,68,deadpool,48213
11,0,69,deadpool,47231
11,0,70,deadpool,106110
11,0,71,deadpool,48143
11,0,72,deadpool,52308
11,0,73,deadpool,47231
11,0,74,deadpool,86290
11,0,75,deadpool,48502
11,0,76,deadpool,48353
11,0,77,deadpool,129255
11,0,78,deadpool,77367
11,0,79,deadpool,49694
11,0,80,deadpool,49394
11,0,81,deadpool,46750
11,0,82,deadpool,52158
11,0,83,deadpool,50976
11,0,84,deadpool,49034
11,0,85,deadpool,47131
11,0,86,deadpool,48313
11,0,87,deadpool,51828
11,0,88,deadpool,48784
11,0,89,deadpool,47462
11,0,90,deadpool,103305
11,0,91,deadpool,52840
11,0,92,deadpool,121983
11,0,93,deadpool,32659
11,0,94,deadpool,31428
11,0,95,deadpool,31187
11,0,96,deadpool,36936
11,0,97,deadpool,52409
11,0,98,deadpool,47852
11,0,99,deadpool,49735
11,0,100,deadpool,49044
11,0,101,deadpool,58427
11,0,102,deadpool,40551
11,0,103,deadpool,49754
11,0,104,deadpool,48913
11,0,105,deadpool,48954
11,0,106,deadpool,86650
11,0,107,deadpool,38188
11,0,108,deadpool,47011
11,0,109,deadpool,46961
11,0,110,deadpool,48343
11,0,111,deadpool,51677
11,0,112,deadpool,46650
11,0,113,deadpool,47902
11,0,114,deadpool,48403
11,0,115,deadpool,49174
11,0,116,deadpool,51548
11,0,117,deadpool,46971
11,0,118,deadpool,48563
11,0,119,deadpool,49284
11,0,120,deadpool,49664
11,0,121,deadpool,54862
11,0,122,deadpool,32058
11,0,123,deadpool,61192
11,0,124,deadpool,40961
11,0,125,deadpool,47552
11,0,126,deadpool,51558
11,0,127,deadpool,47071
11,1,0,direct,217247
11,1,1,direct,108453
11,1,2,direct,106820
11,1,3,direct,144307
11,1,4,direct,107381
11,1,5,direct,131899
11,1,6,direct,106731
11,1,7,direct,104828
11,1,8,direct,148253
11,1,9,direct,107151
11,1,10,direct,104897
11,1,11,direct,105749
11,1,12,direct,106620
11,1,13,direct,117787
11,1,14,direct,105679
11,1,15,direct,105188
11,1,16,direct,104718
11,1,17,direct,105819
11,1,18,direct,107792
11,1,19,direct,111097
11,1,20,direct,108092
11,1,21,direct,122915
11,1,22,direct,109064
11,1,23,direct,108854
11,1,24,direct,106690
11,1,25,direct,105569
11,1,26,direct,105259
11,1,27,direct,112759
11,1,28,direct,105729
11,1,29,direct,105499
11,1,30,direct,130737
11,1,31,direct,108313
11,1,32,direct,118768
11,1,33,direct,105920
11,1,34,direct,104157
11,1,35,direct,105398
11,1,36,direct,147792
11,1,37,direct,115975
11,1,38,direct,137177
11,1,39,direct,109384
11,1,40,direct,105118
11,1,41,direct,104757
11,1,42,direct,108453
11,1,43,direct,106701
11,1,44,direct,106470
11,1,45,direct,105629
11,1,46,direct,105148
11,1,47,direct,142063
11,1,48,direct,106911
11,1,49,direct,105719
11,1,50,direct,104367
11,1,51,direct,104737
11,1,52,direct,107773
11,1,53,direct,104647
11,1,54,direct,104327
11,1,55,direct,105558
11,1,56,direct,127452
11,1,57,direct,109415
11,1,58,direct,107582
11,1,59,direct,105368
11,1,60,direct,104997
11,1,61,direct,104867
11,1,62,direct,107501
11,1,63,direct,104888
11,1,64,direct,104827
11,1,65,direct,131117
11,1,66,direct,104648
11,1,67,direct,109535
11,1,68,direct,104888
11,1,69,direct,105158
11,1,70,direct,103967
11,1,71,direct,140661
11,1,72,direct,110326
11,1,73,direct,134413
11,1,74,direct,107672
11,1,75,direct,105498
11,1,76,direct,105249
11,1,77,direct,107842
11,1,78,direct,104767
11,1,79,direct,103987
11,1,80,direct,105118
11,1,81,direct,112429
11,1,82,direct,140061
11,1,83,direct,105759
11,1,84,direct,102515
11,1,85,direct,105859
11,1,86,direct,107612
11,1,87,direct,103956
11,1,88,direct,107331
11,1,89,direct,105409
11,1,90,direct,104287
11,1,91,direct,116285
11,1,92,direct,105729
11,1,93,direct,105278
11,1,94,direct,104107
11,1,95,direct,104397
11,1,96,direct,109595
11,1,97,direct,105148
11,1,98,direct,104547
11,1,99,direct,129385
11,1,100,direct,112068
11,1,101,direct,107982
11,1,102,direct,104106
11,1,103,direct,104708
11,1,104,direct,106931
11,1,105,direct,104968
11,1,106,direct,168704
11,1,107,direct,130476
11,1,108,direct,113711
11,1,109,direct,105309
11,1,110,direct,107271
11,1,111,direct,110366
11,1,112,direct,106570
11,1,113,direct,105438
11,1,114,direct,105609
11,1,115,direct,105969
11,1,116,direct,145759
11,1,117,direct,108893
11,1,118,direct,104296
11,1,119,direct,104467
11,1,120,direct,106420
11,1,121,direct,109464
11,1,122,direct,104287
11,1,123,direct,104718
11,1,124,direct,105178
11,1,125,direct,131838
11,1,126,direct,110837
11,1,127,direct,106240
12,0,0,direct,110857
12,0,1,direct,106029
12,0,2,direct,112790
12,0,3,direct,107181
12,0,4,direct,106220
12,0,5,direct,123736
12,0,6,direct,112028
12,0,7,direct,112739
12,0,8,direct,105228
12,0,9,direct,105178
12,0,10,direct,104828
12,0,11,direct,104688
12,0,12,direct,155284
12,0,13,direct,106901
12,0,14,direct,133741
12,0,15,direct,106150
12,0,16,direct,105959
12,0,17,direct,108553
12,0,18,direct,104577
12,0,19,direct,104367
12,0,20,direct,104317
12,0,21,direct,105529
12,0,22,direct,108523
12,0,23,direct,127902
12,0,24,direct,107301
12,0,25,direct,104928
12,0,26,direct,104037
12,0,27,direct,108844
12,0,28,direct,105248
12,0,29,direct,105899
12,0,30,direct,105169
12,0,31,direct,125809
12,0,32,direct,116645
12,0,33,direct,104657
12,0,34,direct,105188
12,0,35,direct,105288
12,0,36,direct,106470
12,0,37,direct,108753
12,0,38,direct,108102
12,0,39,direct,106851
12,0,40,direct,130397
12,0,41,direct,107953
12,0,42,direct,146590
12,0,43,direct,106781
12,0,44,direct,105789
12,0,45,direct,132709
12,0,46,direct,111698
12,0,47,direct,130827
12,0,48,direct,113370
12,0,49,direct,105448
12,0,50,direct,105849
12,0,51,direct,105839
12,0,52,direct,109926
12,0,53,direct,103365
12,0,54,direct,105379
12,0,55,direct,104688
12,0,56,direct,142034
12,0,57,direct,108794
12,0,58,direct,104677
12,0,59,direct,104448
12,0,60,direct,105468
12,0,61,direct,107351
12,0,62,direct,104578
12,0,63,direct,112519
12,0,64,direct,105438
12,0,65,direct,140512
12,0,66,direct,110717
12,0,67,direct,105799
12,0,68,direct,103446
12,0,69,direct,105589
12,0,70,direct,103996
12,0,71,direct,108042
12,0,72,direct,104888
12,0,73,direct,104588
12,0,74,direct,139049
12,0,75,direct,105078
12,0,76,direct,109265
12,0,77,direct,126971
12,0,78,direct,106370
12,0,79,direct,105198
12,0,80,direct,154994
12,0,81,direct,122694
12,0,82,direct,115213
12,0,83,direct,108824
12,0,84,direct,105739
12,0,85,direct,105378
12,0,86,direct,109034
12,0,87,direct,105910
12,0,88,direct,107762
12,0,89,direct,104578
12,0,90,direct,122504
12,0,91,direct,115403
12,0,92,direct,106350
12,0,93,direct,103897
12,0,94,direct,104737
12,0,95,direct,104877
12,0,96,direct,108022
12,0,97,direct,104857
12,0,98,direct,104507
12,0,99,direct,132039
12,0,100,direct,108433
12,0,101,direct,113811
12,0,102,direct,105238
12,0,103,direct,105409
12,0,104,direct,105909
12,0,105,direct,113821
12,0,106,direct,107762
12,0,107,direct,148033
12,0,108,direct,108794
12,0,109,direct,107862
12,0,110,direct,108753
12,0,111,direct,105789
12,0,112,direct,105969
12,0,113,direct,148623
12,0,114,direct,107532
12,0,115,direct,134623
12,0,116,direct,110636
12,0,117,direct,106270
12,0,118,direct,105599
12,0,119,direct,104477
12,0,120,direct,110546
12,0,121,direct,105649
12,0,122,direct,104538
12,0,123,direct,104036
12,0,124,direct,141493
12,0,125,direct,109584
12,0,126,direct,105559
12,0,127,direct,104907
12,1,0,deadpool,108834
12,1,1,deadpool,70336
12,1,2,deadpool,56425
12,1,3,deadpool,46650
12,1,4,deadpool,49285
12,1,5,deadpool,46350
12,1,6,deadpool,48743
12,1,7,deadpool,51187
12,1,8,deadpool,93350
12,1,9,deadpool,42855
12,1,10,deadpool,50947
12,1,11,deadpool,56174
12,1,12,deadpool,49305
12,1,13,deadpool,47111
12,1,14,deadpool,46600
12,1,15,deadpool,47862
12,1,16,deadpool,53551
12,1,17,deadpool,48072
12,1,18,deadpool,48223
12,1,19,deadpool,47371
12,1,20,deadpool,48443
12,1,21,deadpool,53280
12,1,22,deadpool,32509
12,1,23,deadpool,32289
12,1,24,deadpool,32499
12,1,25,deadpool,36115
12,1,26,deadpool,90927
12,1,27,deadpool,52328
12,1,28,deadpool,48703
12,1,29,deadpool,47151
12,1,30,deadpool,48293
12,1,31,deadpool,51818
12,1,32,deadpool,47291
12,1,33,deadpool,47311
12,1,34,deadpool,47021
12,1,35,deadpool,48472
12,1,36,deadpool,52670
12,1,37,deadpool,47121
12,1,38,deadpool,48483
12,1,39,deadpool,137257
12,1,40,deadpool,59720
12,1,41,deadpool,57236
12,1,42,deadpool,104677
12,1,43,deadpool,57987
12,1,44,deadpool,46520
12,1,45,deadpool,49174
12,1,46,deadpool,52148
12,1,47,deadpool,46440
12,1,48,deadpool,48253
12,1,49,deadpool,48613
12,1,50,deadpool,49194
12,1,51,deadpool,51548
12,1,52,deadpool,46360
12,1,53,deadpool,46961
12,1,54,deadpool,48402
12,1,55,deadpool,47141
12,1,56,deadpool,52029
12,1,57,deadpool,49865
12,1,58,deadpool,49394
12,1,59,deadpool,46940
12,1,60,deadpool,92019
12,1,61,deadpool,45198
12,1,62,deadpool,49805
12,1,63,deadpool,46810
12,1,64,deadpool,48002
12,1,65,deadpool,57606
12,1,66,deadpool,47542
12,1,67,deadpool,48393
12,1,68,deadpool,46520
12,1,69,deadpool,48733
12,1,70,deadpool,50946
12,1,71,deadpool,46670
12,1,72,deadpool,48453
12,1,73,deadpool,48974
12,1,74,deadpool,46510
12,1,75,deadpool,53000
12,1,76,deadpool,31998
12,1,77,deadpool,38668
12,1,78,deadpool,64147
12,1,79,deadpool,194052
12,1,80,deadpool,50907
12,1,81,deadpool,32138
12,1,82,deadpool,31067
12,1,83,deadpool,37376
12,1,84,deadpool,49344
12,1,85,deadpool,51137
12,1,86,deadpool,47121
12,1,87,deadpool,49124
12,1,88,deadpool,50596
12,1,89,deadpool,49784
12,1,90,deadpool,51627
12,1,91,deadpool,48503
12,1,92,deadpool,47121
12,1,93,deadpool,48493
12,1,94,deadpool,48673
12,1,95,deadpool,100982
12,1,96,deadpool,53190
12,1,97,deadpool,48242
12,1,98,deadpool,48523
12,1,99,deadpool,48393
12,1,100,deadpool,53461
12,1,101,deadpool,48943
12,1,102,deadpool,48623
12,1,103,deadpool,48413
12,1,104,deadpool,47992
12,1,105,deadpool,51558
12,1,106,deadpool,46980
12,1,107,deadpool,48553
12,1,108,deadpool,105379
12,1,109,deadpool,56876
12,1,110,deadpool,48814
12,1,111,deadpool,48383
12,1,112,deadpool,92729
12,1,113,deadpool,52018
12,1,114,deadpool,52870
12,1,115,deadpool,137917
12,1,116,deadpool,62334
12,1,117,deadpool,355836
12,1,118,deadpool,42384
12,1,119,deadpool,35694
12,1,120,deadpool,33160
12,1,121,deadpool,31427
12,1,122,deadpool,31197
12,1,123,deadpool,32068
12,1,124,deadpool,53851
12,1,125,deadpool,32569
12,1,126,deadpool,30917
12,1,127,deadpool,31357
13,0,0,deadpool,41693
13,0,1,deadpool,53430
13,0,2,deadpool,49304
13,0,3,deadpool,49534
13,0,4,deadpool,47311
13,0,5,deadpool,48864
13,0,6,deadpool,51948
13,0,7,deadpool,48473
13,0,8,deadpool,46900
13,0,9,deadpool,49775
13,0,10,deadpool,49415
13,0,11,deadpool,51578
13,0,12,deadpool,48753
13,0,13,deadpool,47071
13,0,14,deadpool,46339
13,0,15,deadpool,79169
13,0,16,deadpool,56305
13,0,17,deadpool,48593
13,0,18,deadpool,46660
13,0,19,deadpool,48633
13,0,20,deadpool,48923
13,0,21,deadpool,52038
13,0,22,deadpool,48523
13,0,23,deadpool,47111
13,0,24,deadpool,50025
13,0,25,deadpool,110566
13,0,26,deadpool,39379
13,0,27,deadpool,32128
13,0,28,deadpool,39730
13,0,29,deadpool,50276
13,0,30,deadpool,46790
13,0,31,deadpool,60370
13,0,32,deadpool,37446
13,0,33,deadpool,88473
13,0,34,deadpool,52019
13,0,35,deadpool,61813
13,0,36,deadpool,141232
13,0,37,deadpool,48383
13,0,38,deadpool,51537
13,0,39,deadpool,46620
13,0,40,deadpool,51527
13,0,41,deadpool,48803
13,0,42,deadpool,47742
13,0,43,deadpool,46730
13,0,44,deadpool,89114
13,0,45,deadpool,54472
13,0,46,deadpool,48733
13,0,47,deadpool,49104
13,0,48,deadpool,100171
13,0,49,deadpool,52930
13,0,50,deadpool,52580
13,0,51,deadpool,49093
13,0,52,deadpool,49264
13,0,53,deadpool,49414
13,0,54,deadpool,46980
13,0,55,deadpool,51297
13,0,56,deadpool,48673
13,0,57,deadpool,47722
13,0,58,deadpool,49194
13,0,59,deadpool,47021
13,0,60,deadpool,50776
13,0,61,deadpool,46760
13,0,62,deadpool,48743
13,0,63,deadpool,50035
13,0,64,deadpool,49304
13,0,65,deadpool,51748
13,0,66,deadpool,90826
13,0,67,deadpool,49094
13,0,68,deadpool,49565
13,0,69,deadpool,49465
13,0,70,deadpool,51958
13,0,71,deadpool,46851
13,0,72,deadpool,46640
13,0,73,deadpool,48653
13,0,74,deadpool,49194
13,0,75,deadpool,51658
13,0,76,deadpool,46180
13,0,77,deadpool,46861
13,0,78,deadpool,48894
13,0,79,deadpool,59078
13,0,80,deadpool,46500
13,0,81,deadpool,51868
13,0,82,deadpool,47591
13,0,83,deadpool,48323
13,0,84,deadpool,90296
13,0,85,deadpool,52399
13,0,86,deadpool,46850
13,0,87,deadpool,48823
13,0,88,deadpool,48503
13,0,89,deadpool,52509
13,0,90,deadpool,48764
13,0,91,deadpool,49825
13,0,92,deadpool,46970
13,0,93,deadpool,48643
13,0,94,deadpool,51337
13,0,95,deadpool,49274
13,0,96,deadpool,50055
13,0,97,deadpool,48933
13,0,98,deadpool,46219
13,0,99,deadpool,50867
13,0,100,deadpool,48974
13,0,101,deadpool,47211
13,0,102,deadpool,80141
13,0,103,deadpool,55013
13,0,104,deadpool,51868
13,0,105,deadpool,47271
13,0,106,deadpool,48974
13,0,107,deadpool,49133
13,0,108,deadpool,48573
13,0,109,deadpool,51708
13,0,110,deadpool,49264
13,0,111,deadpool,49385
13,0,112,deadpool,47001
13,0,113,deadpool,47942
13,0,114,deadpool,51297
13,0,115,deadpool,86330
13,0,116,deadpool,55684
13,0,117,deadpool,47011
13,0,118,deadpool,49014
13,0,119,deadpool,78127
13,0,120,deadpool,62925
13,0,121,deadpool,48554
13,0,122,deadpool,50346
13,0,123,deadpool,55593
13,0,124,deadpool,49755
13,0,125,deadpool,46960
13,0,126,deadpool,46620
13,0,127,deadpool,48533
13,1,0,direct,209395
13,1,1,direct,112299
13,1,2,direct,106030
13,1,3,direct,131037
13,1,4,direct,110566
13,1,5,direct,105989
13,1,6,direct,108072
13,1,7,direct,105018
13,1,8,direct,104998
13,1,9,direct,104347
13,1,10,direct,105839
13,1,11,direct,111067
13,1,12,direct,133831
13,1,13,direct,108363
13,1,14,direct,104758
13,1,15,direct,113341
13,1,16,direct,107161
13,1,17,direct,103475
13,1,18,direct,104727
13,1,19,direct,104637
13,1,20,direct,108583
13,1,21,direct,137677
13,1,22,direct,106310
13,1,23,direct,103646
13,1,24,direct,230126
13,1,25,direct,114732
13,1,26,direct,138218
13,1,27,direct,107171
13,1,28,direct,128824
13,1,29,direct,108483
13,1,30,direct,110596
13,1,31,direct,106540
13,1,32,direct,104637
13,1,33,direct,104837
13,1,34,direct,126441
13,1,35,direct,109795
13,1,36,direct,104297
13,1,37,direct,128764
13,1,38,direct,105098
13,1,39,direct,104647
13,1,40,direct,107231
13,1,41,direct,104287
13,1,42,direct,105699
13,1,43,direct,103976
13,1,44,direct,104637
13,1,45,direct,128893
13,1,46,direct,112549
13,1,47,direct,106190
13,1,48,direct,105058
13,1,49,direct,105569
13,1,50,direct,107211
13,1,51,direct,104958
13,1,52,direct,103836
13,1,53,direct,104186
13,1,54,direct,128914
13,1,55,direct,110967
13,1,56,direct,105689
13,1,57,direct,105238
13,1,58,direct,105048
13,1,59,direct,104407
13,1,60,direct,107111
13,1,61,direct,149414
13,1,62,direct,105589
13,1,63,direct,132870
13,1,64,direct,115324
13,1,65,direct,105589
13,1,66,direct,105008
13,1,67,direct,105058
13,1,68,direct,105299
13,1,69,direct,109364
13,1,70,direct,105018
13,1,71,direct,135063
13,1,72,direct,113270
13,1,73,direct,104968
13,1,74,direct,108974
13,1,75,direct,106009
13,1,76,direct,105339
13,1,77,direct,105298
13,1,78,direct,105228
13,1,79,direct,108243
13,1,80,direct,145319
13,1,81,direct,106340
13,1,82,direct,104587
13,1,83,direct,104678
13,1,84,direct,107892
13,1,85,direct,105428
13,1,86,direct,105279
13,1,87,direct,105158
13,1,88,direct,105259
13,1,89,direct,143806
13,1,90,direct,106490
13,1,91,direct,105038
13,1,92,direct,103545
13,1,93,direct,104207
13,1,94,direct,107702
13,1,95,direct,136586
13,1,96,direct,108323
13,1,97,direct,121703
13,1,98,direct,108253
13,1,99,direct,108934
13,1,100,direct,106710
13,1,101,direct,105759
13,1,102,direct,105688
13,1,103,direct,104998
13,1,104,direct,108063
13,1,105,direct,105529
13,1,106,direct,129455
13,1,107,direct,106860
13,1,108,direct,104827
13,1,109,direct,108433
13,1,110,direct,105018
13,1,111,direct,106120
13,1,112,direct,105158
13,1,113,direct,111598
13,1,114,direct,105048
13,1,115,direct,139299
13,1,116,direct,106169
13,1,117,direct,105358
13,1,118,direct,113470
13,1,119,direct,104968
13,1,120,direct,105639
13,1,121,direct,105860
13,1,122,direct,105228
13,1,123,direct,129925
13,1,124,direct,113882
13,1,125,direct,105459
13,1,126,direct,104567
13,1,127,direct,105729
14,0,0,direct,110236
14,0,1,direct,105368
14,0,2,direct,141332
14,0,3,direct,107371
14,0,4,direct,141132
14,0,5,direct,108743
14,0,6,direct,104497
14,0,7,direct,105759
14,0,8,direct,105229
14,0,9,direct,104207
14,0,10,direct,108313
14,0,11,direct,105258
14,0,12,direct,104747
14,0,13,direct,138328
14,0,14,direct,105108
14,0,15,direct,109164
14,0,16,direct,104316
14,0,17,direct,103996
14,0,18,direct,103997
14,0,19,direct,104176
14,0,20,direct,167171
14,0,21,direct,113852
14,0,22,direct,106580
14,0,23,direct,104647
14,0,24,direct,105509
14,0,25,direct,108353
14,0,26,direct,105449
14,0,27,direct,104207
14,0,28,direct,105559
14,0,29,direct,217467
14,0,30,direct,108103
14,0,31,direct,107312
14,0,32,direct,108273
14,0,33,direct,105539
14,0,34,direct,111808
14,0,35,direct,152059
14,0,36,direct,106370
14,0,37,direct,131307
14,0,38,direct,106611
14,0,39,direct,110537
14,0,40,direct,107562
14,0,41,direct,106480
14,0,42,direct,105068
14,0,43,direct,104988
14,0,44,direct,108133
14,0,45,direct,124067
14,0,46,direct,113030
14,0,47,direct,105529
14,0,48,direct,103826
14,0,49,direct,110066
14,0,50,direct,107081
14,0,51,direct,106280
14,0,52,direct,106831
14,0,53,direct,104708
14,0,54,direct,139761
14,0,55,direct,110446
14,0,56,direct,108634
14,0,57,direct,106200
14,0,58,direct,105208
14,0,59,direct,109054
14,0,60,direct,104998
14,0,61,direct,105439
14,0,62,direct,107121
14,0,63,direct,138439
14,0,64,direct,116415
14,0,65,direct,111838
14,0,66,direct,109084
14,0,67,direct,110146
14,0,68,direct,108944
14,0,69,direct,138858
14,0,70,direct,107232
14,0,71,direct,137457
14,0,72,direct,108834
14,0,73,direct,107282
14,0,74,direct,112649
14,0,75,direct,105889
14,0,76,direct,108222
14,0,77,direct,104467
14,0,78,direct,105669
14,0,79,direct,109665
14,0,80,direct,128473
14,0,81,direct,106851
14,0,82,direct,125288
14,0,83,direct,117467
14,0,84,direct,106961
14,0,85,direct,105378
14,0,86,direct,104978
14,0,87,direct,106100
14,0,88,direct,142615
14,0,89,direct,109805
14,0,90,direct,106230
14,0,91,direct,104477
14,0,92,direct,105639
14,0,93,direct,109475
14,0,94,direct,106380
14,0,95,direct,104768
14,0,96,direct,105449
14,0,97,direct,130706
14,0,98,direct,110225
14,0,99,direct,106179
14,0,100,direct,105508
14,0,101,direct,105399
14,0,102,direct,105269
14,0,103,direct,157296
14,0,104,direct,112519
14,0,105,direct,124497
14,0,106,direct,108844
14,0,107,direct,105879
14,0,108,direct,108964
14,0,109,direct,107171
14,0,110,direct,107262
14,0,111,direct,106720
14,0,112,direct,105930
14,0,113,direct,127692
14,0,114,direct,139850
14,0,115,direct,106500
14,0,116,direct,106870
14,0,117,direct,105940
14,0,118,direct,109575
14,0,119,direct,104898
14,0,120,direct,107061
14,0,121,direct,105178
14,0,122,direct,131728
14,0,123,direct,115815
14,0,124,direct,107021
14,0,125,direct,105949
14,0,126,direct,104958
14,0,127,direct,105148
14,1,0,deadpool,104457
14,1,1,deadpool,68463
14,1,2,deadpool,54562
14,1,3,deadpool,50245
14,1,4,deadpool,53740
14,1,5,deadpool,94803
14,1,6,deadpool,57426
14,1,7,deadpool,48193
14,1,8,deadpool,49465
14,1,9,deadpool,51588
14,1,10,deadpool,49705
14,1,11,deadpool,47251
14,1,12,deadpool,46340
14,1,13,deadpool,48924
14,1,14,deadpool,54813
14,1,15,deadpool,47602
14,1,16,deadpool,48543
14,1,17,deadpool,48713
14,1,18,deadpool,131918
14,1,19,deadpool,65889
14,1,20,deadpool,49946
14,1,21,deadpool,96805
14,1,22,deadpool,54622
14,1,23,deadpool,46209
14,1,24,deadpool,54572
14,1,25,deadpool,49505
14,1,26,deadpool,48894
14,1,27,deadpool,46840
14,1,28,deadpool,48382
14,1,29,deadpool,51638
14,1,30,deadpool,49414
14,1,31,deadpool,48553
14,1,32,deadpool,47041
14,1,33,deadpool,46320
14,1,34,deadpool,130797
14,1,35,deadpool,77397
14,1,36,deadpool,50406
14,1,37,deadpool,104447
14,1,38,deadpool,64337
14,1,39,deadpool,52148
14,1,40,deadpool,50025
14,1,41,deadpool,49204
14,1,42,deadpool,49315
14,1,43,deadpool,55483
14,1,44,deadpool,47722
14,1,45,deadpool,46640
14,1,46,deadpool,49244
14,1,47,deadpool,46650
14,1,48,deadpool,51127
14,1,49,deadpool,46580
14,1,50,deadpool,48553
14,1,51,deadpool,46621
14,1,52,deadpool,46560
14,1,53,deadpool,52339
14,1,54,deadpool,48813
14,1,55,deadpool,85498
14,1,56,deadpool,48172
14,1,57,deadpool,50806
14,1,58,deadpool,51568
14,1,59,deadpool,48993
14,1,60,deadpool,46520
14,1,61,deadpool,48403
14,1,62,deadpool,49044
14,1,63,deadpool,51608
14,1,64,deadpool,49254
14,1,65,deadpool,48082
14,1,66,deadpool,49505
14,1,67,deadpool,49455
14,1,68,deadpool,52319
14,1,69,deadpool,47401
14,1,70,deadpool,46450
14,1,71,deadpool,48382
14,1,72,deadpool,46951
14,1,73,deadpool,79980
14,1,74,deadpool,44838
14,1,75,deadpool,46951
14,1,76,deadpool,48924
14,1,77,deadpool,47772
14,1,78,deadpool,60912
14,1,79,deadpool,32018
14,1,80,deadpool,31096
14,1,81,deadpool,31117
14,1,82,deadpool,30926
14,1,83,deadpool,39529
14,1,84,deadpool,48482
14,1,85,deadpool,46500
14,1,86,deadpool,112209
14,1,87,deadpool,83806
14,1,88,deadpool,70526
14,1,89,deadpool,106210
14,1,90,deadpool,52569
14,1,91,deadpool,50045
14,1,92,deadpool,52649
14,1,93,deadpool,46740
14,1,94,deadpool,48553
14,1,95,deadpool,49033
14,1,96,deadpool,49244
14,1,97,deadpool,51898
14,1,98,deadpool,49104
14,1,99,deadpool,47261
14,1,100,deadpool,48133
14,1,101,deadpool,49615
14,1,102,deadpool,52368
14,1,103,deadpool,32318
14,1,104,deadpool,35624
14,1,105,deadpool,49134
14,1,106,deadpool,70987
14,1,107,deadpool,71398
14,1,108,deadpool,364528
14,1,109,deadpool,58578
14,1,110,deadpool,47281
14,1,111,deadpool,47011
14,1,112,deadpool,51487
14,1,113,deadpool,47461
14,1,114,deadpool,51237
14,1,115,deadpool,49805
14,1,116,deadpool,47131
14,1,117,deadpool,51237
14,1,118,deadpool,101032
14,1,119,deadpool,53331
14,1,120,deadpool,49254
14,1,121,deadpool,51678
14,1,122,deadpool,54242
14,1,123,deadpool,49695
14,1,124,deadpool,47302
14,1,125,deadpool,49365
14,1,126,deadpool,49505
14,1,127,deadpool,53200
15,0,0,deadpool,34411
15,0,1,deadpool,31558
15,0,2,deadpool,36655
15,0,3,deadpool,49785
15,0,4,deadpool,52149
15,0,5,deadpool,49344
15,0,6,deadpool,48994
15,0,7,deadpool,83285
15,0,8,deadpool,62724
15,0,9,deadpool,47992
15,0,10,deadpool,48493
15,0,11,deadpool,49565
15,0,12,deadpool,47482
15,0,13,deadpool,53149
15,0,14,deadpool,49344
15,0,15,deadpool,49645
15,0,16,deadpool,49164
15,0,17,deadpool,48653
15,0,18,deadpool,55223
15,0,19,deadpool,49915
15,0,20,deadpool,121483
15,0,21,deadpool,57226
15,0,22,deadpool,46169
15,0,23,deadpool,88623
15,0,24,deadpool,69664
15,0,25,deadpool,49414
15,0,26,deadpool,48693
15,0,27,deadpool,49124
15,0,28,deadpool,52809
15,0,29,deadpool,47221
15,0,30,deadpool,46430
15,0,31,deadpool,49084
15,0,32,deadpool,47281
15,0,33,deadpool,51307
15,0,34,deadpool,48893
15,0,35,deadpool,49334
15,0,36,deadpool,56094
15,0,37,deadpool,133571
15,0,38,deadpool,52649
15,0,39,deadpool,45328
15,0,40,deadpool,71067
15,0,41,deadpool,40982
15,0,42,deadpool,49494
15,0,43,deadpool,52168
15,0,44,deadpool,48573
15,0,45,deadpool,47081
15,0,46,deadpool,48984
15,0,47,deadpool,49094
15,0,48,deadpool,89865
15,0,49,deadpool,34481
15,0,50,deadpool,31688
15,0,51,deadpool,31627
15,0,52,deadpool,31387
15,0,53,deadpool,73601
15,0,54,deadpool,43385
15,0,55,deadpool,32089
15,0,56,deadpool,32319
15,0,57,deadpool,31708
15,0,58,deadpool,33991
15,0,59,deadpool,39880
15,0,60,deadpool,48182
15,0,61,deadpool,49274
15,0,62,deadpool,54772
15,0,63,deadpool,50146
15,0,64,deadpool,46961
15,0,65,deadpool,48293
15,0,66,deadpool,49785
15,0,67,deadpool,54031
15,0,68,deadpool,47581
15,0,69,deadpool,48192
15,0,70,deadpool,49184
15,0,71,deadpool,78569
15,0,72,deadpool,75203
15,0,73,deadpool,57767
15,0,74,deadpool,36525
15,0,75,deadpool,46860
15,0,76,deadpool,46530
15,0,77,deadpool,51447
15,0,78,deadpool,48593
15,0,79,deadpool,46730
15,0,80,deadpool,48904
15,0,81,deadpool,49335
15,0,82,deadpool,51848
15,0,83,deadpool,49103
15,0,84,deadpool,49544
15,0,85,deadpool,48833
15,0,86,deadpool,84848
15,0,87,deadpool,57095
15,0,88,deadpool,46680
15,0,89,deadpool,50887
15,0,90,deadpool,74523
15,0,91,deadpool,58518
15,0,92,deadpool,52719
15,0,93,deadpool,46680
15,0,94,deadpool,48052
15,0,95,deadpool,48633
15,0,96,deadpool,46640
15,0,97,deadpool,51117
15,0,98,deadpool,48473
15,0,99,deadpool,49104
15,0,100,deadpool,46039
15,0,101,deadpool,48022
15,0,102,deadpool,51298
15,0,103,deadpool,48964
15,0,104,deadpool,48803
15,0,105,deadpool,46499
15,0,106,deadpool,58048
15,0,107,deadpool,40511
15,0,108,deadpool,48533
15,0,109,deadpool,81192
15,0,110,deadpool,53841
15,0,111,deadpool,51748
15,0,112,deadpool,167252
15,0,113,deadpool,50586
15,0,114,deadpool,50086
15,0,115,deadpool,49775
15,0,116,deadpool,52910
15,0,117,deadpool,49735
15,0,118,deadpool,49325
15,0,119,deadpool,46831
15,0,120,deadpool,50696
15,0,121,deadpool,53430
15,0,122,deadpool,49024
15,0,123,deadpool,49775
15,0,124,deadpool,78458
15,0,125,deadpool,73040
15,0,126,deadpool,41913
15,0,127,deadpool,50556
15,1,0,direct,196926
15,1,1,direct,141363
15,1,2,direct,107221
15,1,3,direct,110606
15,1,4,direct,105719
15,1,5,direct,165920
15,1,6,direct,108463
15,1,7,direct,105619
15,1,8,direct,109465
15,1,9,direct,106180
15,1,10,direct,105789
15,1,11,direct,132900
15,1,12,direct,154873
15,1,13,direct,135814
15,1,14,direct,107722
15,1,15,direct,106010
15,1,16,direct,104998
15,1,17,direct,103847
15,1,18,direct,107431
15,1,19,direct,104917
15,1,20,direct,104537
15,1,21,direct,105609
15,1,22,direct,125218
15,1,23,direct,109995
15,1,24,direct,107121
15,1,25,direct,107662
15,1,26,direct,107372
15,1,27,direct,112239
15,1,28,direct,109114
15,1,29,direct,104847
15,1,30,direct,104838
15,1,31,direct,142835
15,1,32,direct,114312
15,1,33,direct,106540
15,1,34,direct,104797
15,1,35,direct,105259
15,1,36,direct,105178
15,1,37,direct,109044
15,1,38,direct,107782
15,1,39,direct,129364
15,1,40,direct,107301
15,1,41,direct,106550
15,1,42,direct,108533
15,1,43,direct,105569
15,1,44,direct,104407
15,1,45,direct,105608
15,1,46,direct,155464
15,1,47,direct,133010
15,1,48,direct,113090
15,1,49,direct,108594
15,1,50,direct,106550
15,1,51,direct,105338
15,1,52,direct,109274
15,1,53,direct,104457
15,1,54,direct,104908
15,1,55,direct,104577
15,1,56,direct,124928
15,1,57,direct,113471
15,1,58,direct,105339
15,1,59,direct,106220
15,1,60,direct,198038
15,1,61,direct,138167
15,1,62,direct,110526
15,1,63,direct,106090
15,1,64,direct,133741
15,1,65,direct,107141
15,1,66,direct,106330
15,1,67,direct,109835
15,1,68,direct,105870
15,1,69,direct,106390
15,1,70,direct,105960
15,1,71,direct,105759
15,1,72,direct,129315
15,1,73,direct,113390
15,1,74,direct,106099
15,1,75,direct,105929
15,1,76,direct,105389
15,1,77,direct,108984
15,1,78,direct,105168
15,1,79,direct,144417
15,1,80,direct,106370
15,1,81,direct,135073
15,1,82,direct,107581
15,1,83,direct,106089
15,1,84,direct,105628
15,1,85,direct,106260
15,1,86,direct,114582
15,1,87,direct,105569
15,1,88,direct,106510
15,1,89,direct,105498
15,1,90,direct,136044
15,1,91,direct,111087
15,1,92,direct,106100
15,1,93,direct,105148
15,1,94,direct,104487
15,1,95,direct,105329
15,1,96,direct,110256
15,1,97,direct,115223
15,1,98,direct,146270
15,1,99,direct,112109
15,1,100,direct,110016
15,1,101,direct,109184
15,1,102,direct,105749
15,1,103,direct,104828
15,1,104,direct,105188
15,1,105,direct,105539
15,1,106,direct,109474
15,1,107,direct,138989
15,1,108,direct,105509
15,1,109,direct,106370
15,1,110,direct,104717
15,1,111,direct,109445
15,1,112,direct,105308
15,1,113,direct,136345
15,1,114,direct,108723
15,1,115,direct,122183
15,1,116,direct,112139
15,1,117,direct,105028
15,1,118,direct,104807
15,1,119,direct,104507
15,1,120,direct,106340
15,1,121,direct,108363
15,1,122,direct,106781
15,1,123,direct,104938
15,1,124,direct,129064
15,1,125,direct,106369
15,1,126,direct,107923
15,1,127,direct,105950
16,0,0,direct,107682
16,0,1,direct,105388
16,0,2,direct,106119
16,0,3,direct,108854
16,0,4,direct,105038
16,0,5,direct,126371
16,0,6,direct,105799
16,0,7,direct,113871
16,0,8,direct,104527
16,0,9,direct,106921
16,0,10,direct,105749
16,0,11,direct,104698
16,0,12,direct,108003
16,0,13,direct,106160
16,0,14,direct,137056
16,0,15,direct,105078
16,0,16,direct,104858
16,0,17,direct,124087
16,0,18,direct,107582
16,0,19,direct,105248
16,0,20,direct,152669
16,0,21,direct,107342
16,0,22,direct,134963
16,0,23,direct,106951
16,0,24,direct,107452
16,0,25,direct,105068
16,0,26,direct,105880
16,0,27,direct,109204
16,0,28,direct,104618
16,0,29,direct,104827
16,0,30,direct,133410
16,0,31,direct,111578
16,0,32,direct,109775
16,0,33,direct,105548
16,0,34,direct,105358
16,0,35,direct,106190
16,0,36,direct,106059
16,0,37,direct,110406
16,0,38,direct,106140
16,0,39,direct,130696
16,0,40,direct,109946
16,0,41,direct,105709
16,0,42,direct,108713
16,0,43,direct,104788
16,0,44,direct,104868
16,0,45,direct,105819
16,0,46,direct,104978
16,0,47,direct,109214
16,0,48,direct,143185
16,0,49,direct,107802
16,0,50,direct,107071
16,0,51,direct,105699
16,0,52,direct,114061
16,0,53,direct,144046
16,0,54,direct,116235
16,0,55,direct,134232
16,0,56,direct,119910
16,0,57,direct,106891
16,0,58,direct,105308
16,0,59,direct,105078
16,0,60,direct,104357
16,0,61,direct,111597
16,0,62,direct,104948
16,0,63,direct,104778
16,0,64,direct,125178
16,0,65,direct,107352
16,0,66,direct,111708
16,0,67,direct,105269
16,0,68,direct,104567
16,0,69,direct,105178
16,0,70,direct,105068
16,0,71,direct,108353
16,0,72,direct,124978
16,0,73,direct,113030
16,0,74,direct,105589
16,0,75,direct,104657
16,0,76,direct,109855
16,0,77,direct,105689
16,0,78,direct,104998
16,0,79,direct,106480
16,0,80,direct,106300
16,0,81,direct,126850
16,0,82,direct,108853
16,0,83,direct,105649
16,0,84,direct,104367
16,0,85,direct,105739
16,0,86,direct,108012
16,0,87,direct,106550
16,0,88,direct,144687
16,0,89,direct,106370
16,0,90,direct,126280
16,0,91,direct,109625
16,0,92,direct,105509
16,0,93,direct,105168
16,0,94,direct,105468
16,0,95,direct,104828
16,0,96,direct,110746
16,0,97,direct,105980
16,0,98,direct,129936
16,0,99,direct,110627
16,0,100,direct,104287
16,0,101,direct,108744
16,0,102,direct,105589
16,0,103,direct,104267
16,0,104,direct,105279
16,0,105,direct,104897
16,0,106,direct,110406
16,0,107,direct,124417
16,0,108,direct,108293
16,0,109,direct,104667
16,0,110,direct,114232
16,0,111,direct,106681
16,0,112,direct,104878
16,0,113,direct,104717
16,0,114,direct,106310
16,0,115,direct,108774
16,0,116,direct,136396
16,0,117,direct,107862
16,0,118,direct,105349
16,0,119,direct,107331
16,0,120,direct,110236
16,0,121,direct,106050
16,0,122,direct,145139
16,0,123,direct,108804
16,0,124,direct,123496
16,0,125,direct,112820
16,0,126,direct,106110
16,0,127,direct,105989
16,1,0,deadpool,107141
16,1,1,deadpool,69916
16,1,2,deadpool,57086
16,1,3,deadpool,46960
16,1,4,deadpool,48342
16,1,5,deadpool,48873
16,1,6,deadpool,48413
16,1,7,deadpool,51668
16,1,8,deadpool,49124
16,1,9,deadpool,88142
16,1,10,deadpool,65188
16,1,11,deadpool,58758
16,1,12,deadpool,47962
16,1,13,deadpool,46880
16,1,14,deadpool,48553
16,1,15,deadpool,49414
16,1,16,deadpool,46971
16,1,17,deadpool,51998
16,1,18,deadpool,49284
16,1,19,deadpool,46840
16,1,20,deadpool,46350
16,1,21,deadpool,54482
16,1,22,deadpool,51227
16,1,23,deadpool,47141
16,1,24,deadpool,57887
16,1,25,deadpool,47731
16,1,26,deadpool,52108
16,1,27,deadpool,85198
16,1,28,deadpool,53130
16,1,29,deadpool,48383
16,1,30,deadpool,48453
16,1,31,deadpool,52108
16,1,32,deadpool,46270
16,1,33,deadpool,46370
16,1,34,deadpool,48193
16,1,35,deadpool,48734
16,1,36,deadpool,51408
16,1,37,deadpool,46349
16,1,38,deadpool,46580
16,1,39,deadpool,48623
16,1,40,deadpool,46680
16,1,41,deadpool,50616
16,1,42,deadpool,48874
16,1,43,deadpool,47031
16,1,44,deadpool,46059
16,1,45,deadpool,48272
16,1,46,deadpool,63816
16,1,47,deadpool,37576
16,1,48,deadpool,48803
16,1,49,deadpool,47100
16,1,50,deadpool,48443
16,1,51,deadpool,51969
16,1,52,deadpool,49164
16,1,53,deadpool,46900
16,1,54,deadpool,48663
16,1,55,deadpool,49154
16,1,56,deadpool,68793
16,1,57,deadpool,46209
16,1,58,deadpool,49835
16,1,59,deadpool,139850
16,1,60,deadpool,47762
16,1,61,deadpool,56195
16,1,62,deadpool,104096
16,1,63,deadpool,51918
16,1,64,deadpool,48022
16,1,65,deadpool,51718
16,1,66,deadpool,48903
16,1,67,deadpool,47311
16,1,68,deadpool,49554
16,1,69,deadpool,49524
16,1,70,deadpool,53220
16,1,71,deadpool,32940
16,1,72,deadpool,31027
16,1,73,deadpool,36164
16,1,74,deadpool,49063
16,1,75,deadpool,325920
16,1,76,deadpool,61493
16,1,77,deadpool,47892
16,1,78,deadpool,46179
16,1,79,deadpool,46239
16,1,80,deadpool,50836
16,1,81,deadpool,46280
16,1,82,deadpool,46009
16,1,83,deadpool,46050
16,1,84,deadpool,137056
16,1,85,deadpool,46810
16,1,86,deadpool,51527
16,1,87,deadpool,48242
16,1,88,deadpool,48022
16,1,89,deadpool,50055
16,1,90,deadpool,52199
16,1,91,deadpool,88283
16,1,92,deadpool,50606
16,1,93,deadpool,49104
16,1,94,deadpool,48503
16,1,95,deadpool,53049
16,1,96,deadpool,47372
16,1,97,deadpool,48183
16,1,98,deadpool,48834
16,1,99,deadpool,46851
16,1,100,deadpool,50917
16,1,101,deadpool,49004
16,1,102,deadpool,48793
16,1,103,deadpool,46850
16,1,104,deadpool,49113
16,1,105,deadpool,52800
16,1,106,deadpool,46820
16,1,107,deadpool,47922
16,1,108,deadpool,49184
16,1,109,deadpool,46700
16,1,110,deadpool,63065
16,1,111,deadpool,37516
16,1,112,deadpool,48624
16,1,113,deadpool,46730
16,1,114,deadpool,59419
16,1,115,deadpool,42283
16,1,116,deadpool,49524
16,1,117,deadpool,46600
16,1,118,deadpool,48072
16,1,119,deadpool,54602
16,1,120,deadpool,51418
16,1,121,deadpool,48533
16,1,122,deadpool,49585
16,1,123,deadpool,101643
16,1,124,deadpool,46339
16,1,125,deadpool,50376
16,1,126,deadpool,46640
16,1,127,deadpool,82975
17,0,0,deadpool,46871
17,0,1,deadpool,53000
17,0,2,deadpool,47041
17,0,3,deadpool,48242
17,0,4,deadpool,49174
17,0,5,deadpool,50325
17,0,6,deadpool,51507
17,0,7,deadpool,46640
17,0,8,deadpool,47682
17,0,9,deadpool,49274
17,0,10,deadpool,48654
17,0,11,deadpool,50876
17,0,12,deadpool,46150
17,0,13,deadpool,48233
17,0,14,deadpool,48854
17,0,15,deadpool,46640
17,0,16,deadpool,51197
17,0,17,deadpool,49525
17,0,18,deadpool,79430
17,0,19,deadpool,36395
17,0,20,deadpool,46250
17,0,21,deadpool,51618
17,0,22,deadpool,49234
17,0,23,deadpool,47672
17,0,24,deadpool,48483
17,0,25,deadpool,49695
17,0,26,deadpool,51918
17,0,27,deadpool,49084
17,0,28,deadpool,48493
17,0,29,deadpool,46981
17,0,30,deadpool,48323
17,0,31,deadpool,51527
17,0,32,deadpool,46600
17,0,33,deadpool,47261
17,0,34,deadpool,48392
17,0,35,deadpool,54813
17,0,36,deadpool,75012
17,0,37,deadpool,45278
17,0,38,deadpool,50746
17,0,39,deadpool,47041
17,0,40,deadpool,51547
17,0,41,deadpool,48753
17,0,42,deadpool,47040
17,0,43,deadpool,47051
17,0,44,deadpool,48413
17,0,45,deadpool,53180
17,0,46,deadpool,46330
17,0,47,deadpool,48282
17,0,48,deadpool,49003
17,0,49,deadpool,49474
17,0,50,deadpool,50946
17,0,51,deadpool,46550
17,0,52,deadpool,48473
17,0,53,deadpool,46811
17,0,54,deadpool,47952
17,0,55,deadpool,79991
17,0,56,deadpool,45478
17,0,57,deadpool,51257
17,0,58,deadpool,48833
17,0,59,deadpool,46560
17,0,60,deadpool,51588
17,0,61,deadpool,47592
17,0,62,deadpool,46860
17,0,63,deadpool,48242
17,0,64,deadpool,48303
17,0,65,deadpool,51888
17,0,66,deadpool,48152
17,0,67,deadpool,48373
17,0,68,deadpool,76786
17,0,69,deadpool,65779
17,0,70,deadpool,57416
17,0,71,deadpool,47631
17,0,72,deadpool,45879
17,0,73,deadpool,59299
17,0,74,deadpool,36895
17,0,75,deadpool,51287
17,0,76,deadpool,46070
17,0,77,deadpool,46400
17,0,78,deadpool,48503
17,0,79,deadpool,49134
17,0,80,deadpool,50767
17,0,81,deadpool,48774
17,0,82,deadpool,47081
17,0,83,deadpool,48393
17,0,84,deadpool,54953
17,0,85,deadpool,48022
17,0,86,deadpool,48944
17,0,87,deadpool,46550
17,0,88,deadpool,50226
17,0,89,deadpool,52770
17,0,90,deadpool,46791
17,0,91,deadpool,80882
17,0,92,deadpool,45027
17,0,93,deadpool,47912
17,0,94,deadpool,51999
17,0,95,deadpool,147212
17,0,96,deadpool,171788
17,0,97,deadpool,34852
17,0,98,deadpool,31478
17,0,99,deadpool,43816
17,0,100,deadpool,49895
17,0,101,deadpool,49074
17,0,102,deadpool,49765
17,0,103,deadpool,49043
17,0,104,deadpool,86050
17,0,105,deadpool,51448
17,0,106,deadpool,32179
17,0,107,deadpool,39038
17,0,108,deadpool,48653
17,0,109,deadpool,52098
17,0,110,deadpool,49074
17,0,111,deadpool,46791
17,0,112,deadpool,48143
17,0,113,deadpool,49615
17,0,114,deadpool,51287
17,0,115,deadpool,46379
17,0,116,deadpool,48192
17,0,117,deadpool,49454
17,0,118,deadpool,47391
17,0,119,deadpool,50836
17,0,120,deadpool,48152
17,0,121,deadpool,50325
17,0,122,deadpool,48953
17,0,123,deadpool,68954
17,0,124,deadpool,62654
17,0,125,deadpool,36805
17,0,126,deadpool,46240
17,0,127,deadpool,46771
17,1,0,direct,202955
17,1,1,direct,113371
17,1,2,direct,106811
17,1,3,direct,142975
17,1,4,direct,109474
17,1,5,direct,125188
17,1,6,direct,111618
17,1,7,direct,105749
17,1,8,direct,106070
17,1,9,direct,105318
17,1,10,direct,116055
17,1,11,direct,105268
17,1,12,direct,105920
17,1,13,direct,104247
17,1,14,direct,124717
17,1,15,direct,113590
17,1,16,direct,104918
17,1,17,direct,105699
17,1,18,direct,104517
17,1,19,direct,105278
17,1,20,direct,108774
17,1,21,direct,105609
17,1,22,direct,105589
17,1,23,direct,132119
17,1,24,direct,107572
17,1,25,direct,109525
17,1,26,direct,106290
17,1,27,direct,104808
17,1,28,direct,105399
17,1,29,direct,105469
17,1,30,direct,108302
17,1,31,direct,133801
17,1,32,direct,111488
17,1,33,direct,106881
17,1,34,direct,106650
17,1,35,direct,108202
17,1,36,direct,105008
17,1,37,direct,106120
17,1,38,direct,156696
17,1,39,direct,106801
17,1,40,direct,141663
17,1,41,direct,105549
17,1,42,direct,104677
17,1,43,direct,104717
17,1,44,direct,104818
17,1,45,direct,108373
17,1,46,direct,106349
17,1,47,direct,104707
17,1,48,direct,120180
17,1,49,direct,110717
17,1,50,direct,108503
17,1,51,direct,105088
17,1,52,direct,104667
17,1,53,direct,106180
17,1,54,direct,106290
17,1,55,direct,163285
17,1,56,direct,113951
17,1,57,direct,106009
17,1,58,direct,106089
17,1,59,direct,105068
17,1,60,direct,108903
17,1,61,direct,104337
17,1,62,direct,104938
17,1,63,direct,105108
17,1,64,direct,136255
17,1,65,direct,108353
17,1,66,direct,105449
17,1,67,direct,104697
17,1,68,direct,104367
17,1,69,direct,108613
17,1,70,direct,105658
17,1,71,direct,117216
17,1,72,direct,105949
17,1,73,direct,131227
17,1,74,direct,110806
17,1,75,direct,105218
17,1,76,direct,104778
17,1,77,direct,104317
17,1,78,direct,105088
17,1,79,direct,108543
17,1,80,direct,104828
17,1,81,direct,126320
17,1,82,direct,111818
17,1,83,direct,105850
17,1,84,direct,109144
17,1,85,direct,105228
17,1,86,direct,105239
17,1,87,direct,104958
17,1,88,direct,106350
17,1,89,direct,164798
17,1,90,direct,110446
17,1,91,direct,105919
17,1,92,direct,105288
17,1,93,direct,105209
17,1,94,direct,109525
17,1,95,direct,104808
17,1,96,direct,105459
17,1,97,direct,105368
17,1,98,direct,138188
17,1,99,direct,110125
17,1,100,direct,107452
17,1,101,direct,105669
17,1,102,direct,105148
17,1,103,direct,111578
17,1,104,direct,280207
17,1,105,direct,124277
17,1,106,direct,70336
17,1,107,direct,60892
17,1,108,direct,59840
17,1,109,direct,63365
17,1,110,direct,58639
17,1,111,direct,58768
17,1,112,direct,58859
17,1,113,direct,62995
17,1,114,direct,59449
17,1,115,direct,58508
17,1,116,direct,129205
17,1,117,direct,62524
17,1,118,direct,169404
17,1,119,direct,64888
17,1,120,direct,59941
17,1,121,direct,58978
17,1,122,direct,62064
17,1,123,direct,69003
17,1,124,direct,97587
17,1,125,direct,61202
17,1,126,direct,58939
17,1,127,direct,58408
18,0,0,direct,59941
18,0,1,direct,59610
18,0,2,direct,58979
18,0,3,direct,58708
18,0,4,direct,86891
18,0,5,direct,62614
18,0,6,direct,97377
18,0,7,direct,61913
18,0,8,direct,58979
18,0,9,direct,58558
18,0,10,direct,60010
18,0,11,direct,58358
18,0,12,direct,59209
18,0,13,direct,58699
18,0,14,direct,66930
18,0,15,direct,60210
18,0,16,direct,59309
18,0,17,direct,58358
18,0,18,direct,59439
18,0,19,direct,80952
18,0,20,direct,61302
18,0,21,direct,61782
18,0,22,direct,58968
18,0,23,direct,63206
18,0,24,direct,61953
18,0,25,direct,61513
18,0,26,direct,59930
18,0,27,direct,58729
18,0,28,direct,59069
18,0,29,direct,85448
18,0,30,direct,91497
18,0,31,direct,69224
18,0,32,direct,60301
18,0,33,direct,200962
18,0,34,direct,71908
18,0,35,direct,59860
18,0,36,direct,59349
18,0,37,direct,59309
18,0,38,direct,59499
18,0,39,direct,62434
18,0,40,direct,72419
18,0,41,direct,60772
18,0,42,direct,59630
18,0,43,direct,60020
18,0,44,direct,62854
18,0,45,direct,59009
18,0,46,direct,110696
18,0,47,direct,63345
18,0,48,direct,59840
18,0,49,direct,60671
18,0,50,direct,59279
18,0,51,direct,60431
18,0,52,direct,60020
18,0,53,direct,59039
18,0,54,direct,61142
18,0,55,direct,58888
18,0,56,direct,59670
18,0,57,direct,59450
18,0,58,direct,59119
18,0,59,direct,60041
18,0,60,direct,58718
18,0,61,direct,77797
18,0,62,direct,64937
18,0,63,direct,59980
18,0,64,direct,60230
18,0,65,direct,58448
18,0,66,direct,58839
18,0,67,direct,59199
18,0,68,direct,163126
18,0,69,direct,67752
18,0,70,direct,59349
18,0,71,direct,59008
18,0,72,direct,59991
18,0,73,direct,58317
18,0,74,direct,61162
18,0,75,direct,76374
18,0,76,direct,74362
18,0,77,direct,59419
18,0,78,direct,99129
18,0,79,direct,67882
18,0,80,direct,59610
18,0,81,direct,59269
18,0,82,direct,59279
18,0,83,direct,59450
18,0,84,direct,60912
18,0,85,direct,59409
18,0,86,direct,106521
18,0,87,direct,63065
18,0,88,direct,67321
18,0,89,direct,95684
18,0,90,direct,66440
18,0,91,direct,59840
18,0,92,direct,60471
18,0,93,direct,60661
18,0,94,direct,59580
18,0,95,direct,59359
18,0,96,direct,58308
18,0,97,direct,59329
18,0,98,direct,61423
18,0,99,direct,60321
18,0,100,direct,60000
18,0,101,direct,59329
18,0,102,direct,59349
18,0,103,direct,60822
18,0,104,direct,62604
18,0,105,direct,120742
18,0,106,direct,62384
18,0,107,direct,60451
18,0,108,direct,62444
18,0,109,direct,58227
18,0,110,direct,59380
18,0,111,direct,59289
18,0,112,direct,66730
18,0,113,direct,62494
18,0,114,direct,59519
18,0,115,direct,58518
18,0,116,direct,58257
18,0,117,direct,58308
18,0,118,direct,81253
18,0,119,direct,74322
18,0,120,direct,60932
18,0,121,direct,58818
18,0,122,direct,59409
18,0,123,direct,59139
18,0,124,direct,58719
18,0,125,direct,58878
18,0,126,direct,58528
18,0,127,direct,58357
18,1,0,deadpool,177197
18,1,1,deadpool,69524
18,1,2,deadpool,63025
18,1,3,deadpool,60741
18,1,4,deadpool,133010
18,1,5,deadpool,66830
18,1,6,deadpool,61222
18,1,7,deadpool,61402
18,1,8,deadpool,60822
18,1,9,deadpool,67322
18,1,10,deadpool,61873
18,1,11,deadpool,67752
18,1,12,deadpool,64277
18,1,13,deadpool,60882
18,1,14,deadpool,123396
18,1,15,deadpool,75223
18,1,16,deadpool,62644
18,1,17,deadpool,94302
18,1,18,deadpool,63686
18,1,19,deadpool,62855
18,1,20,deadpool,61543
18,1,21,deadpool,61082
18,1,22,deadpool,60410
18,1,23,deadpool,60721
18,1,24,deadpool,62955
18,1,25,deadpool,61392
18,1,26,deadpool,61192
18,1,27,deadpool,60651
18,1,28,deadpool,61453
18,1,29,deadpool,62074
18,1,30,deadpool,60801
18,1,31,deadpool,62584
18,1,32,deadpool,111177
18,1,33,deadpool,67281
18,1,34,deadpool,87712
18,1,35,deadpool,62294
18,1,36,deadpool,60832
18,1,37,deadpool,60942
18,1,38,deadpool,61733
18,1,39,deadpool,62364
18,1,40,deadpool,60261
18,1,41,deadpool,60150
18,1,42,deadpool,60521
18,1,43,deadpool,62634
18,1,44,deadpool,94993
18,1,45,deadpool,284908
18,1,46,deadpool,95133
18,1,47,deadpool,61783
18,1,48,deadpool,61342
18,1,49,deadpool,63766
18,1,50,deadpool,60461
18,1,51,deadpool,61442
18,1,52,deadpool,60651
18,1,53,deadpool,60541
18,1,54,deadpool,62785
18,1,55,deadpool,91197
18,1,56,deadpool,66811
18,1,57,deadpool,92239
18,1,58,deadpool,72579
18,1,59,deadpool,63706
18,1,60,deadpool,61152
18,1,61,deadpool,60160
18,1,62,deadpool,60531
18,1,63,deadpool,65749
18,1,64,deadpool,60822
18,1,65,deadpool,95253
18,1,66,deadpool,65849
18,1,67,deadpool,61162
18,1,68,deadpool,67141
18,1,69,deadpool,111267
18,1,70,deadpool,63586
18,1,71,deadpool,60531
18,1,72,deadpool,62664
18,1,73,deadpool,67071
18,1,74,deadpool,60932
18,1,75,deadpool,60892
18,1,76,deadpool,61132
18,1,77,deadpool,60641
18,1,78,deadpool,120391
18,1,79,deadpool,67551
18,1,80,deadpool,61522
18,1,81,deadpool,60421
18,1,82,deadpool,60210
18,1,83,deadpool,138088
18,1,84,deadpool,66780
18,1,85,deadpool,91458
18,1,86,deadpool,68654
18,1,87,deadpool,60942
18,1,88,deadpool,64307
18,1,89,deadpool,62635
18,1,90,deadpool,61142
18,1,91,deadpool,62995
18,1,92,deadpool,62444
18,1,93,deadpool,61823
18,1,94,deadpool,61542
18,1,95,deadpool,61522
18,1,96,deadpool,92449
18,1,97,deadpool,67932
18,1,98,deadpool,63226
18,1,99,deadpool,60251
18,1,100,deadpool,60301
18,1,101,deadpool,61182
18,1,102,deadpool,60882
18,1,103,deadpool,62765
18,1,104,deadpool,60271
18,1,105,deadpool,60571
18,1,106,deadpool,61783
18,1,107,deadpool,61333
18,1,108,deadpool,63275
18,1,109,deadpool,62224
18,1,110,deadpool,61753
18,1,111,deadpool,141313
18,1,112,deadpool,78839
18,1,113,deadpool,64698
18,1,114,deadpool,62504
18,1,115,deadpool,60962
18,1,116,deadpool,61132
18,1,117,deadpool,60481
18,1,118,deadpool,61783
18,1,119,deadpool,60792
18,1,120,deadpool,61032
18,1,121,deadpool,91598
18,1,122,deadpool,65669
18,1,123,deadpool,62444
18,1,124,deadpool,60431
18,1,125,deadpool,91357
18,1,126,deadpool,64598
18,1,127,deadpool,68813
19,0,0,deadpool,63696
19,0,1,deadpool,64417
19,0,2,deadpool,66100
19,0,3,deadpool,64447
19,0,4,deadpool,68322
19,0,5,deadpool,64807
19,0,6,deadpool,61232
19,0,7,deadpool,61603
19,0,8,deadpool,61452
19,0,9,deadpool,66210
19,0,10,deadpool,61883
19,0,11,deadpool,64067
19,0,12,deadpool,87461
19,0,13,deadpool,61953
19,0,14,deadpool,62815
19,0,15,deadpool,60511
19,0,16,deadpool,66490
19,0,17,deadpool,101212
19,0,18,deadpool,64116
19,0,19,deadpool,63776
19,0,20,deadpool,60812
19,0,21,deadpool,63335
19,0,22,deadpool,61032
19,0,23,deadpool,63476
19,0,24,deadpool,63085
19,0,25,deadpool,61282
19,0,26,deadpool,90696
19,0,27,deadpool,124006
19,0,28,deadpool,64678
19,0,29,deadpool,64998
19,0,30,deadpool,62244
19,0,31,deadpool,60721
19,0,32,deadpool,60500
19,0,33,deadpool,83936
19,0,34,deadpool,128032
19,0,35,deadpool,69254
19,0,36,deadpool,61313
19,0,37,deadpool,90065
19,0,38,deadpool,2549024
19,0,39,deadpool,114492
19,0,40,deadpool,63045
19,0,41,deadpool,61122
19,0,42,deadpool,61482
19,0,43,deadpool,61272
19,0,44,deadpool,76425
19,0,45,deadpool,124517
19,0,46,deadpool,65258
19,0,47,deadpool,64858
19,0,48,deadpool,61262
19,0,49,deadpool,62955
19,0,50,deadpool,60521
19,0,51,deadpool,60381
19,0,52,deadpool,60561
19,0,53,deadpool,60752
19,0,54,deadpool,62464
19,0,55,deadpool,60571
19,0,56,deadpool,61352
19,0,57,deadpool,61683
19,0,58,deadpool,64717
19,0,59,deadpool,77557
19,0,60,deadpool,64447
19,0,61,deadpool,61492
19,0,62,deadpool,60451
19,0,63,deadpool,64867
19,0,64,deadpool,62524
19,0,65,deadpool,61473
19,0,66,deadpool,60752
19,0,67,deadpool,60371
19,0,68,deadpool,65649
19,0,69,deadpool,60831
19,0,70,deadpool,79170
19,0,71,deadpool,70596
19,0,72,deadpool,61643
19,0,73,deadpool,62153
19,0,74,deadpool,75964
19,0,75,deadpool,64767
19,0,76,deadpool,60952
19,0,77,deadpool,60141
19,0,78,deadpool,62074
19,0,79,deadpool,60551
19,0,80,deadpool,60131
19,0,81,deadpool,60300
19,0,82,deadpool,62193
19,0,83,deadpool,61873
19,0,84,deadpool,60591
19,0,85,deadpool,60792
19,0,86,deadpool,60812
19,0,87,deadpool,60761
19,0,88,deadpool,62424
19,0,89,deadpool,60601
19,0,90,deadpool,83425
19,0,91,deadpool,4067798
19,0,92,deadpool,155614
19,0,93,deadpool,75374
19,0,94,deadpool,65168
19,0,95,deadpool,62474
19,0,96,deadpool,117576
19,0,97,deadpool,72679
19,0,98,deadpool,63706
19,0,99,deadpool,62073
19,0,100,deadpool,60671
19,0,101,deadpool,60851
19,0,102,deadpool,131137
19,0,103,deadpool,67892
19,0,104,deadpool,60881
19,0,105,deadpool,60882
19,0,106,deadpool,62194
19,0,107,deadpool,67822
19,0,108,deadpool,61042
19,0,109,deadpool,60110
19,0,110,deadpool,60451
19,0,111,deadpool,60621
19,0,112,deadpool,65118
19,0,113,deadpool,61112
19,0,114,deadpool,61352
19,0,115,deadpool,61232
19,0,116,deadpool,2146879
19,0,117,deadpool,123857
19,0,118,deadpool,63225
19,0,119,deadpool,70937
19,0,120,deadpool,63225
19,0,121,deadpool,62464
19,0,122,deadpool,87421
19,0,123,deadpool,61722
19,0,124,deadpool,62494
19,0,125,deadpool,63806
19,0,126,deadpool,63856
19,0,127,deadpool,62965
19,1,0,direct,232921
19,1,1,direct,66941
19,1,2,direct,61603
19,1,3,direct,60631
19,1,4,direct,62865
19,1,5,direct,60460
19,1,6,direct,61883
19,1,7,direct,60771
19,1,8,direct,60001
19,1,9,direct,63115
19,1,10,direct,59760
19,1,11,direct,59359
19,1,12,direct,59429
19,1,13,direct,68733
19,1,14,direct,98868
19,1,15,direct,60661
19,1,16,direct,60291
19,1,17,direct,59710
19,1,18,direct,59309
19,1,19,direct,61593
19,1,20,direct,60812
19,1,21,direct,60221
19,1,22,direct,60431
19,1,23,direct,59890
19,1,24,direct,106890
19,1,25,direct,68162
19,1,26,direct,61302
19,1,27,direct,987195
19,1,28,direct,175534
19,1,29,direct,64677
19,1,30,direct,74342
19,1,31,direct,141293
19,1,32,direct,83546
19,1,33,direct,60311
19,1,34,direct,59430
19,1,35,direct,58478
19,1,36,direct,59199
19,1,37,direct,58688
19,1,38,direct,61282
19,1,39,direct,58809
19,1,40,direct,59379
19,1,41,direct,86691
19,1,42,direct,63766
19,1,43,direct,60551
19,1,44,direct,59380
19,1,45,direct,59509
19,1,46,direct,58839
19,1,47,direct,58888
19,1,48,direct,60581
19,1,49,direct,60041
19,1,50,direct,58758
19,1,51,direct,58528
19,1,52,direct,58498
19,1,53,direct,60801
19,1,54,direct,59259
19,1,55,direct,2637277
19,1,56,direct,184297
19,1,57,direct,139920
19,1,58,direct,67242
19,1,59,direct,87271
19,1,60,direct,69935
19,1,61,direct,59941
19,1,62,direct,60491
19,1,63,direct,60741
19,1,64,direct,58839
19,1,65,direct,58878
19,1,66,direct,59459
19,1,67,direct,58969
19,1,68,direct,60982
19,1,69,direct,59690
19,1,70,direct,59990
19,1,71,direct,72519
19,1,72,direct,214292
19,1,73,direct,69044
19,1,74,direct,61022
19,1,75,direct,60341
19,1,76,direct,61262
19,1,77,direct,61813
19,1,78,direct,69144
19,1,79,direct,62864
19,1,80,direct,59479
19,1,81,direct,63395
19,1,82,direct,63626
19,1,83,direct,89124
19,1,84,direct,63625
19,1,85,direct,60451
19,1,86,direct,60541
19,1,87,direct,407042
19,1,88,direct,147552
19,1,89,direct,110656
19,1,90,direct,110235
19,1,91,direct,108022
19,1,92,direct,113150
19,1,93,direct,149455
19,1,94,direct,110907
19,1,95,direct,107782
19,1,96,direct,106029
19,1,97,direct,110116
19,1,98,direct,106360
19,1,99,direct,106531
19,1,100,direct,107892
19,1,101,direct,128062
19,1,102,direct,112600
19,1,103,direct,105599
19,1,104,direct,108083
19,1,105,direct,105369
19,1,106,direct,105468
19,1,107,direct,109014
19,1,108,direct,104868
19,1,109,direct,106080
19,1,110,direct,132669
19,1,111,direct,109575
19,1,112,direct,110115
19,1,113,direct,105759
19,1,114,direct,106290
19,1,115,direct,105749
19,1,116,direct,138929
19,1,117,direct,140281
19,1,118,direct,136045
19,1,119,direct,107562
19,1,120,direct,108102
19,1,121,direct,113670
19,1,122,direct,107131
19,1,123,direct,104487
19,1,124,direct,105488
19,1,125,direct,105739
19,1,126,direct,159610
19,1,127,direct,113020
20,0,0,direct,107201
20,0,1,direct,132208
20,0,2,direct,108934
20,0,3,direct,110666
20,0,4,direct,105298
20,0,5,direct,104598
20,0,6,direct,105178
20,0,7,direct,135424
20,0,8,direct,109915
20,0,9,direct,105880
20,0,10,direct,104778
20,0,11,direct,104337
20,0,12,direct,105629
20,0,13,direct,109064
20,0,14,direct,106410
20,0,15,direct,126680
20,0,16,direct,113291
20,0,17,direct,106690
20,0,18,direct,109565
20,0,19,direct,106810
20,0,20,direct,105268
20,0,21,direct,105108
20,0,22,direct,146451
20,0,23,direct,111898
20,0,24,direct,142354
20,0,25,direct,107261
20,0,26,direct,103906
20,0,27,direct,104547
20,0,28,direct,109484
20,0,29,direct,106380
20,0,30,direct,104928
20,0,31,direct,105889
20,0,32,direct,105188
20,0,33,direct,118418
20,0,34,direct,105689
20,0,35,direct,106099
20,0,36,direct,103695
20,0,37,direct,105629
20,0,38,direct,109544
20,0,39,direct,106169
20,0,40,direct,105719
20,0,41,direct,125519
20,0,42,direct,110527
20,0,43,direct,108903
20,0,44,direct,105348
20,0,45,direct,104537
20,0,46,direct,106200
20,0,47,direct,113090
20,0,48,direct,107312
20,0,49,direct,105128
20,0,50,direct,134903
20,0,51,direct,107632
20,0,52,direct,109474
20,0,53,direct,103886
20,0,54,direct,104878
20,0,55,direct,104677
20,0,56,direct,138478
20,0,57,direct,114633
20,0,58,direct,127682
20,0,59,direct,190496
20,0,60,direct,68272
20,0,61,direct,62123
20,0,62,direct,61583
20,0,63,direct,60501
20,0,64,direct,59369
20,0,65,direct,59589
20,0,66,direct,60651
20,0,67,direct,60812
20,0,68,direct,59019
20,0,69,direct,60080
20,0,70,direct,59109
20,0,71,direct,59289
20,0,72,direct,96084
20,0,73,direct,60011
20,0,74,direct,59629
20,0,75,direct,59269
20,0,76,direct,59480
20,0,77,direct,61182
20,0,78,direct,129625
20,0,79,direct,101262
20,0,80,direct,61572
20,0,81,direct,60250
20,0,82,direct,187182
20,0,83,direct,105448
20,0,84,direct,62674
20,0,85,direct,59800
20,0,86,direct,59239
20,0,87,direct,61392
20,0,88,direct,60622
20,0,89,direct,59659
20,0,90,direct,59940
20,0,91,direct,59089
20,0,92,direct,59820
20,0,93,direct,58618
20,0,94,direct,59780
20,0,95,direct,59009
20,0,96,direct,61662
20,0,97,direct,59209
20,0,98,direct,80331
20,0,99,direct,66180
20,0,100,direct,62023
20,0,101,direct,64617
20,0,102,direct,60821
20,0,103,direct,60541
20,0,104,direct,61603
20,0,105,direct,102825
20,0,106,direct,71137
20,0,107,direct,64928
20,0,108,direct,82234
20,0,109,direct,71428
20,0,110,direct,59409
20,0,111,direct,64537
20,0,112,direct,103846
20,0,113,direct,70035
20,0,114,direct,63876
20,0,115,direct,60341
20,0,116,direct,61743
20,0,117,direct,62704
20,0,118,direct,60191
20,0,119,direct,59269
20,0,120,direct,65309
20,0,121,direct,66600
20,0,122,direct,64407
20,0,123,direct,62174
20,0,124,direct,59820
20,0,125,direct,58769
20,0,126,direct,63966
20,0,127,direct,103857
20,1,0,deadpool,188723
20,1,1,deadpool,83435
20,1,2,deadpool,64837
20,1,3,deadpool,80551
20,1,4,deadpool,66199
20,1,5,deadpool,63446
20,1,6,deadpool,65008
20,1,7,deadpool,63966
20,1,8,deadpool,69795
20,1,9,deadpool,64487
20,1,10,deadpool,60802
20,1,11,deadpool,251037
20,1,12,deadpool,82794
20,1,13,deadpool,62694
20,1,14,deadpool,62724
20,1,15,deadpool,62044
20,1,16,deadpool,61973
20,1,17,deadpool,66149
20,1,18,deadpool,60441
20,1,19,deadpool,60240
20,1,20,deadpool,61482
20,1,21,deadpool,61062
20,1,22,deadpool,147162
20,1,23,deadpool,96415
20,1,24,deadpool,64307
20,1,25,deadpool,61182
20,1,26,deadpool,61823
20,1,27,deadpool,95213
20,1,28,deadpool,62634
20,1,29,deadpool,61573
20,1,30,deadpool,61723
20,1,31,deadpool,88333
20,1,32,deadpool,66009
20,1,33,deadpool,176175
20,1,34,deadpool,74883
20,1,35,deadpool,62855
20,1,36,deadpool,61182
20,1,37,deadpool,64838
20,1,38,deadpool,61132
20,1,39,deadpool,60440
20,1,40,deadpool,60961
20,1,41,deadpool,89915
20,1,42,deadpool,70016
20,1,43,deadpool,61262
20,1,44,deadpool,60501
20,1,45,deadpool,60691
20,1,46,deadpool,60942
20,1,47,deadpool,62464
20,1,48,deadpool,103245
20,1,49,deadpool,62574
20,1,50,deadpool,60991
20,1,51,deadpool,61232
20,1,52,deadpool,62304
20,1,53,deadpool,60762
20,1,54,deadpool,60611
20,1,55,deadpool,60852
20,1,56,deadpool,62554
20,1,57,deadpool,65619
20,1,58,deadpool,62664
20,1,59,deadpool,61031
20,1,60,deadpool,60901
20,1,61,deadpool,61914
20,1,62,deadpool,77947
20,1,63,deadpool,98027
20,1,64,deadpool,73731
20,1,65,deadpool,61923
20,1,66,deadpool,66570
20,1,67,deadpool,64296
20,1,68,deadpool,60631
20,1,69,deadpool,60972
20,1,70,deadpool,60101
20,1,71,deadpool,64627
20,1,72,deadpool,61092
20,1,73,deadpool,60481
20,1,74,deadpool,61773
20,1,75,deadpool,61853
20,1,76,deadpool,64948
20,1,77,deadpool,96835
20,1,78,deadpool,66249
20,1,79,deadpool,61323
20,1,80,deadpool,61853
20,1,81,deadpool,66951
20,1,82,deadpool,60801
20,1,83,deadpool,60341
20,1,84,deadpool,61042
20,1,85,deadpool,62244
20,1,86,deadpool,63706
20,1,87,deadpool,60971
20,1,88,deadpool,89125
20,1,89,deadpool,67522
20,1,90,deadpool,67772
20,1,91,deadpool,159840
20,1,92,deadpool,79520
20,1,93,deadpool,66379
20,1,94,deadpool,63415
20,1,95,deadpool,63065
20,1,96,deadpool,63456
20,1,97,deadpool,60842
20,1,98,deadpool,62123
20,1,99,deadpool,61552
20,1,100,deadpool,62244
20,1,101,deadpool,63746
20,1,102,deadpool,60942
20,1,103,deadpool,60401
20,1,104,deadpool,60220
20,1,105,deadpool,83695
20,1,106,deadpool,66560
20,1,107,deadpool,61463
20,1,108,deadpool,61322
20,1,109,deadpool,61272
20,1,110,deadpool,60961
20,1,111,deadpool,64928
20,1,112,deadpool,131027
20,1,113,deadpool,92399
20,1,114,deadpool,70696
20,1,115,deadpool,61423
20,1,116,deadpool,62925
20,1,117,deadpool,60832
20,1,118,deadpool,88743
20,1,119,deadpool,112689
20,1,120,deadpool,67752
20,1,121,deadpool,64857
20,1,122,deadpool,351669
20,1,123,deadpool,124918
20,1,124,deadpool,66580
20,1,125,deadpool,61202
20,1,126,deadpool,64507
20,1,127,deadpool,96955
21,0,0,deadpool,65128
21,0,1,deadpool,61633
21,0,2,deadpool,61452
21,0,3,deadpool,64187
21,0,4,deadpool,60541
21,0,5,deadpool,60401
21,0,6,deadpool,60541
21,0,7,deadpool,64447
21,0,8,deadpool,62514
21,0,9,deadpool,79620
21,0,10,deadpool,66230
21,0,11,deadpool,61492
21,0,12,deadpool,66320
21,0,13,deadpool,77537
21,0,14,deadpool,66330
21,0,15,deadpool,61393
21,0,16,deadpool,61022
21,0,17,deadpool,65248
21,0,18,deadpool,61142
21,0,19,deadpool,61092
21,0,20,deadpool,61673
21,0,21,deadpool,61452
21,0,22,deadpool,62514
21,0,23,deadpool,60430
21,0,24,deadpool,62804
21,0,25,deadpool,60702
21,0,26,deadpool,61933
21,0,27,deadpool,62093
21,0,28,deadpool,60290
21,0,29,deadpool,203677
21,0,30,deadpool,68093
21,0,31,deadpool,61222
21,0,32,deadpool,73350
21,0,33,deadpool,61282
21,0,34,deadpool,60531
21,0,35,deadpool,61923
21,0,36,deadpool,61011
21,0,37,deadpool,67802
21,0,38,deadpool,73400
21,0,39,deadpool,61853
21,0,40,deadpool,60110
21,0,41,deadpool,97466
21,0,42,deadpool,66079
21,0,43,deadpool,62433
21,0,44,deadpool,61112
21,0,45,deadpool,61212
21,0,46,deadpool,60581
21,0,47,deadpool,64046
21,0,48,deadpool,60981
21,0,49,deadpool,60842
21,0,50,deadpool,60331
21,0,51,deadpool,94833
21,0,52,deadpool,69074
21,0,53,deadpool,61413
21,0,54,deadpool,61582
21,0,55,deadpool,95033
21,0,56,deadpool,126260
21,0,57,deadpool,72680
21,0,58,deadpool,60832
21,0,59,deadpool,60381
21,0,60,deadpool,60771
21,0,61,deadpool,61312
21,0,62,deadpool,63326
21,0,63,deadpool,61372
21,0,64,deadpool,61182
21,0,65,deadpool,90766
21,0,66,deadpool,121493
21,0,67,deadpool,91107
21,0,68,deadpool,72770
21,0,69,deadpool,61162
21,0,70,deadpool,59980
21,0,71,deadpool,67682
21,0,72,deadpool,61312
21,0,73,deadpool,60401
21,0,74,deadpool,60211
21,0,75,deadpool,61192
21,0,76,deadpool,65288
21,0,77,deadpool,60601
21,0,78,deadpool,61452
21,0,79,deadpool,61132
21,0,80,deadpool,60571
21,0,81,deadpool,62183
21,0,82,deadpool,309276
21,0,83,deadpool,75043
21,0,84,deadpool,74812
21,0,85,deadpool,61713
21,0,86,deadpool,133481
21,0,87,deadpool,66570
21,0,88,deadpool,61703
21,0,89,deadpool,61423
21,0,90,deadpool,60992
21,0,91,deadpool,63676
21,0,92,deadpool,60471
21,0,93,deadpool,270587
21,0,94,deadpool,101733
21,0,95,deadpool,67201
21,0,96,deadpool,62745
21,0,97,deadpool,62644
21,0,98,deadpool,111187
21,0,99,deadpool,64076
21,0,100,deadpool,60611
21,0,101,deadpool,71458
21,0,102,deadpool,64487
21,0,103,deadpool,234433
21,0,104,deadpool,78669
21,0,105,deadpool,62324
21,0,106,deadpool,63506
21,0,107,deadpool,63355
21,0,108,deadpool,61071
21,0,109,deadpool,60731
21,0,110,deadpool,66029
21,0,111,deadpool,86160
21,0,112,deadpool,98308
21,0,113,deadpool,105008
21,0,114,deadpool,125159
21,0,115,deadpool,81102
21,0,116,deadpool,62123
21,0,117,deadpool,61152
21,0,118,deadpool,300872
21,0,119,deadpool,83055
21,0,120,deadpool,76936
21,0,121,deadpool,93501
21,0,122,deadpool,62054
21,0,123,deadpool,60851
21,0,124,deadpool,118188
21,0,125,deadpool,66961
21,0,126,deadpool,61132
21,0,127,deadpool,61583
21,1,0,direct,139990
21,1,1,direct,94031
21,1,2,direct,90656
21,1,3,direct,60311
21,1,4,direct,67431
21,1,5,direct,61112
21,1,6,direct,60151
21,1,7,direct,60752
21,1,8,direct,85248
21,1,9,direct,66049
21,1,10,direct,65609
21,1,11,direct,61713
21,1,12,direct,68112
21,1,13,direct,60110
21,1,14,direct,58839
21,1,15,direct,59700
21,1,16,direct,59309
21,1,17,direct,60041
21,1,18,direct,59369
21,1,19,direct,58648
21,1,20,direct,58688
21,1,21,direct,60221
21,1,22,direct,69645
21,1,23,direct,111478
21,1,24,direct,93030
21,1,25,direct,345069
21,1,26,direct,188438
21,1,27,direct,98669
21,1,28,direct,62515
21,1,29,direct,60441
21,1,30,direct,80191
21,1,31,direct,87652
21,1,32,direct,61112
21,1,33,direct,58578
21,1,34,direct,59870
21,1,35,direct,58438
21,1,36,direct,60641
21,1,37,direct,59509
21,1,38,direct,58989
21,1,39,direct,59009
21,1,40,direct,62174
21,1,41,direct,59860
21,1,42,direct,59730
21,1,43,direct,59239
21,1,44,direct,182354
21,1,45,direct,732512
21,1,46,direct,70836
21,1,47,direct,60841
21,1,48,direct,60360
21,1,49,direct,113812
21,1,50,direct,63145
21,1,51,direct,60831
21,1,52,direct,59099
21,1,53,direct,59449
21,1,54,direct,66600
21,1,55,direct,58858
21,1,56,direct,75985
21,1,57,direct,59920
21,1,58,direct,71067
21,1,59,direct,60121
21,1,60,direct,65779
21,1,61,direct,61393
21,1,62,direct,59249
21,1,63,direct,69535
21,1,64,direct,62194
21,1,65,direct,58598
21,1,66,direct,60451
21,1,67,direct,58448
21,1,68,direct,58708
21,1,69,direct,160681
21,1,70,direct,67070
21,1,71,direct,62554
21,1,72,direct,59259
21,1,73,direct,90506
21,1,74,direct,64657
21,1,75,direct,59660
21,1,76,direct,60461
21,1,77,direct,114262
21,1,78,direct,61172
21,1,79,direct,58858
21,1,80,direct,64928
21,1,81,direct,60511
21,1,82,direct,58758
21,1,83,direct,58919
21,1,84,direct,60031
21,1,85,direct,62033
21,1,86,direct,58948
21,1,87,direct,59640
21,1,88,direct,60952
21,1,89,direct,60822
21,1,90,direct,60992
21,1,91,direct,59359
21,1,92,direct,1492114
21,1,93,direct,73671
21,1,94,direct,60961
21,1,95,direct,61102
21,1,96,direct,58377
21,1,97,direct,59880
21,1,98,direct,59549
21,1,99,direct,59148
21,1,100,direct,61302
21,1,101,direct,94562
21,1,102,direct,59970
21,1,103,direct,59128
21,1,104,direct,59389
21,1,105,direct,60451
21,1,106,direct,58828
21,1,107,direct,58879
21,1,108,direct,58488
21,1,109,direct,59399
21,1,110,direct,60150
21,1,111,direct,58558
21,1,112,direct,77447
21,1,113,direct,60471
21,1,114,direct,59659
21,1,115,direct,60751
21,1,116,direct,75915
21,1,117,direct,61563
21,1,118,direct,59479
21,1,119,direct,59279
21,1,120,direct,62093
21,1,121,direct,59019
21,1,122,direct,58839
21,1,123,direct,73761
21,1,124,direct,61813
21,1,125,direct,61432
21,1,126,direct,60051
21,1,127,direct,73911
22,0,0,direct,60000
22,0,1,direct,58408
22,0,2,direct,61202
22,0,3,direct,76155
22,0,4,direct,64317
22,0,5,direct,59620
22,0,6,direct,63305
22,0,7,direct,61051
22,0,8,direct,187201
22,0,9,direct,67872
22,0,10,direct,59310
22,0,11,direct,61673
22,0,12,direct,58749
22,0,13,direct,59169
22,0,14,direct,75954
22,0,15,direct,59840
22,0,16,direct,60170
22,0,17,direct,89575
22,0,18,direct,59920
22,0,19,direct,59780
22,0,20,direct,60121
22,0,21,direct,60871
22,0,22,direct,59209
22,0,23,direct,58858
22,0,24,direct,59840
22,0,25,direct,59230
22,0,26,direct,61052
22,0,27,direct,58929
22,0,28,direct,72639
22,0,29,direct,62755
22,0,30,direct,59289
22,0,31,direct,60030
22,0,32,direct,75984
22,0,33,direct,59981
22,0,34,direct,59489
22,0,35,direct,58909
22,0,36,direct,59980
22,0,37,direct,59430
22,0,38,direct,59930
22,0,39,direct,59009
22,0,40,direct,60020
22,0,41,direct,61162
22,0,42,direct,59429
22,0,43,direct,81803
22,0,44,direct,71287
22,0,45,direct,58949
22,0,46,direct,95313
22,0,47,direct,61622
22,0,48,direct,59390
22,0,49,direct,59349
22,0,50,direct,59179
22,0,51,direct,59760
22,0,52,direct,58478
22,0,53,direct,59169
22,0,54,direct,58778
22,0,55,direct,63165
22,0,56,direct,61042
22,0,57,direct,60491
22,0,58,direct,59360
22,0,59,direct,58418
22,0,60,direct,61222
22,0,61,direct,59229
22,0,62,direct,85548
22,0,63,direct,59559
22,0,64,direct,59539
22,0,65,direct,59589
22,0,66,direct,132730
22,0,67,direct,66119
22,0,68,direct,66540
22,0,69,direct,60831
22,0,70,direct,61393
22,0,71,direct,60391
22,0,72,direct,59269
22,0,73,direct,59209
22,0,74,direct,60882
22,0,75,direct,61583
22,0,76,direct,99660
22,0,77,direct,59990
22,0,78,direct,58167
22,0,79,direct,59790
22,0,80,direct,60851
22,0,81,direct,58659
22,0,82,direct,58999
22,0,83,direct,58618
22,0,84,direct,60030
22,0,85,direct,60491
22,0,86,direct,59460
22,0,87,direct,58668
22,0,88,direct,59349
22,0,89,direct,59490
22,0,90,direct,60391
22,0,91,direct,69835
22,0,92,direct,62705
22,0,93,direct,59479
22,0,94,direct,62854
22,0,95,direct,62033
22,0,96,direct,59079
22,0,97,direct,59309
22,0,98,direct,59620
22,0,99,direct,59069
22,0,100,direct,60772
22,0,101,direct,59640
22,0,102,direct,59880
22,0,103,direct,84767
22,0,104,direct,60431
22,0,105,direct,60691
22,0,106,direct,58988
22,0,107,direct,71438
22,0,108,direct,60111
22,0,109,direct,62734
22,0,110,direct,59199
22,0,111,direct,59470
22,0,112,direct,58818
22,0,113,direct,59250
22,0,114,direct,61031
22,0,115,direct,59920
22,0,116,direct,59559
22,0,117,direct,59930
22,0,118,direct,58998
22,0,119,direct,60671
22,0,120,direct,59440
22,0,121,direct,61071
22,0,122,direct,60160
22,0,123,direct,277808
22,0,124,direct,667083
22,0,125,direct,123095
22,0,126,direct,72589
22,0,127,direct,316036
22,1,0,deadpool,219510
22,1,1,deadpool,120861
22,1,2,deadpool,65889
22,1,3,deadpool,62103
22,1,4,deadpool,62374
22,1,5,deadpool,76425
22,1,6,deadpool,64197
22,1,7,deadpool,62754
22,1,8,deadpool,63906
22,1,9,deadpool,84607
22,1,10,deadpool,66329
22,1,11,deadpool,63776
22,1,12,deadpool,61642
22,1,13,deadpool,81643
22,1,14,deadpool,68103
22,1,15,deadpool,62484
22,1,16,deadpool,64637
22,1,17,deadpool,62203
22,1,18,deadpool,61442
22,1,19,deadpool,62354
22,1,20,deadpool,67251
22,1,21,deadpool,61984
22,1,22,deadpool,61823
22,1,23,deadpool,62634
22,1,24,deadpool,64007
22,1,25,deadpool,67342
22,1,26,deadpool,62775
22,1,27,deadpool,62073
22,1,28,deadpool,547103
22,1,29,deadpool,76224
22,1,30,deadpool,64938
22,1,31,deadpool,62554
22,1,32,deadpool,62504
22,1,33,deadpool,66480
22,1,34,deadpool,64317
22,1,35,deadpool,100020
22,1,36,deadpool,100101
22,1,37,deadpool,65688
22,1,38,deadpool,61603
22,1,39,deadpool,61152
22,1,40,deadpool,62514
22,1,41,deadpool,61492
22,1,42,deadpool,62234
22,1,43,deadpool,61322
22,1,44,deadpool,62304
22,1,45,deadpool,62464
22,1,46,deadpool,61112
22,1,47,deadpool,61141
22,1,48,deadpool,62844
22,1,49,deadpool,61693
22,1,50,deadpool,87080
22,1,51,deadpool,63746
22,1,52,deadpool,61282
22,1,53,deadpool,61412
22,1,54,deadpool,61072
22,1,55,deadpool,62875
22,1,56,deadpool,62945
22,1,57,deadpool,61583
22,1,58,deadpool,60741
22,1,59,deadpool,60891
22,1,60,deadpool,62665
22,1,61,deadpool,93991
22,1,62,deadpool,64277
22,1,63,deadpool,61373
22,1,64,deadpool,61592
22,1,65,deadpool,68012
22,1,66,deadpool,62244
22,1,67,deadpool,61403
22,1,68,deadpool,61783
22,1,69,deadpool,62254
22,1,70,deadpool,63696
22,1,71,deadpool,61763
22,1,72,deadpool,60982
22,1,73,deadpool,62394
22,1,74,deadpool,61082
22,1,75,deadpool,63887
22,1,76,deadpool,61062
22,1,77,deadpool,60601
22,1,78,deadpool,61082
22,1,79,deadpool,63916
22,1,80,deadpool,86701
22,1,81,deadpool,62845
22,1,82,deadpool,61202
22,1,83,deadpool,61383
22,1,84,deadpool,176595
22,1,85,deadpool,83796
22,1,86,deadpool,63856
22,1,87,deadpool,61482
22,1,88,deadpool,61302
22,1,89,deadpool,69685
22,1,90,deadpool,60501
22,1,91,deadpool,60271
22,1,92,deadpool,60271
22,1,93,deadpool,103446
22,1,94,deadpool,70586
22,1,95,deadpool,61182
22,1,96,deadpool,61923
22,1,97,deadpool,60982
22,1,98,deadpool,60912
22,1,99,deadpool,62184
22,1,100,deadpool,63816
22,1,101,deadpool,1657873
22,1,102,deadpool,74622
22,1,103,deadpool,62143
22,1,104,deadpool,83776
22,1,105,deadpool,63466
22,1,106,deadpool,62123
22,1,107,deadpool,61322
22,1,108,deadpool,61022
22,1,109,deadpool,63075
22,1,110,deadpool,60180
22,1,111,deadpool,60390
22,1,112,deadpool,67912
22,1,113,deadpool,131117
22,1,114,deadpool,66129
22,1,115,deadpool,61242
22,1,116,deadpool,104627
22,1,117,deadpool,67422
22,1,118,deadpool,61402
22,1,119,deadpool,62494
22,1,120,deadpool,62995
22,1,121,deadpool,62734
22,1,122,deadpool,61953
22,1,123,deadpool,61192
22,1,124,deadpool,61943
22,1,125,deadpool,60851
22,1,126,deadpool,174482
22,1,127,deadpool,70656
23,0,0,deadpool,63606
23,0,1,deadpool,64407
23,0,2,deadpool,60792
23,0,3,deadpool,67862
23,0,4,deadpool,63386
23,0,5,deadpool,130496
23,0,6,deadpool,73911
23,0,7,deadpool,61042
23,0,8,deadpool,61493
23,0,9,deadpool,60942
23,0,10,deadpool,112960
23,0,11,deadpool,67471
23,0,12,deadpool,61943
23,0,13,deadpool,60802
23,0,14,deadpool,61863
23,0,15,deadpool,65980
23,0,16,deadpool,60912
23,0,17,deadpool,61082
23,0,18,deadpool,61242
23,0,19,deadpool,60592
23,0,20,deadpool,90126
23,0,21,deadpool,70506
23,0,22,deadpool,61653
23,0,23,deadpool,60401
23,0,24,deadpool,1310071
23,0,25,deadpool,170997
23,0,26,deadpool,68834
23,0,27,deadpool,61783
23,0,28,deadpool,60381
23,0,29,deadpool,60872
23,0,30,deadpool,63325
23,0,31,deadpool,63145
23,0,32,deadpool,244838
23,0,33,deadpool,76805
23,0,34,deadpool,160602
23,0,35,deadpool,147582
23,0,36,deadpool,64096
23,0,37,deadpool,543097
23,0,38,deadpool,876028
23,0,39,deadpool,298759
23,0,40,deadpool,123706
23,0,41,deadpool,115764
23,0,42,deadpool,114803
23,0,43,deadpool,115133
23,0,44,deadpool,114522
23,0,45,deadpool,148734
23,0,46,deadpool,115103
23,0,47,deadpool,133731
23,0,48,deadpool,121593
23,0,49,deadpool,117346
23,0,50,deadpool,118128
23,0,51,deadpool,112620
23,0,52,deadpool,129465
23,0,53,deadpool,120691
23,0,54,deadpool,114942
23,0,55,deadpool,117277
23,0,56,deadpool,114793
23,0,57,deadpool,113741
23,0,58,deadpool,113390
23,0,59,deadpool,111507
23,0,60,deadpool,117977
23,0,61,deadpool,122505
23,0,62,deadpool,113310
23,0,63,deadpool,113390
23,0,64,deadpool,114933
23,0,65,deadpool,119009
23,0,66,deadpool,158488
23,0,67,deadpool,124467
23,0,68,deadpool,138838
23,0,69,deadpool,116475
23,0,70,deadpool,127142
23,0,71,deadpool,126981
23,0,72,deadpool,125038
23,0,73,deadpool,132139
23,0,74,deadpool,136625
23,0,75,deadpool,120662
23,0,76,deadpool,148664
23,0,77,deadpool,115574
23,0,78,deadpool,112969
23,0,79,deadpool,122615
23,0,80,deadpool,113400
23,0,81,deadpool,111598
23,0,82,deadpool,113480
23,0,83,deadpool,112519
23,0,84,deadpool,151037
23,0,85,deadpool,114413
23,0,86,deadpool,112710
23,0,87,deadpool,112369
23,0,88,deadpool,113290
23,0,89,deadpool,117356
23,0,90,deadpool,112980
23,0,91,deadpool,115213
23,0,92,deadpool,136575
23,0,93,deadpool,113921
23,0,94,deadpool,117346
23,0,95,deadpool,114412
23,0,96,deadpool,113330
23,0,97,deadpool,112950
23,0,98,deadpool,163306
23,0,99,deadpool,149084
23,0,100,deadpool,114853
23,0,101,deadpool,111637
23,0,102,deadpool,111778
23,0,103,deadpool,112309
23,0,104,deadpool,116765
23,0,105,deadpool,113150
23,0,106,deadpool,111759
23,0,107,deadpool,138308
23,0,108,deadpool,116194
23,0,109,deadpool,117396
23,0,110,deadpool,112639
23,0,111,deadpool,113150
23,0,112,deadpool,112138
23,0,113,deadpool,111948
23,0,114,deadpool,116094
23,0,115,deadpool,136145
23,0,116,deadpool,120472
23,0,117,deadpool,113070
23,0,118,deadpool,122845
23,0,119,deadpool,113560
23,0,120,deadpool,112940
23,0,121,deadpool,113721
23,0,122,deadpool,112159
23,0,123,deadpool,143226
23,0,124,deadpool,119800
23,0,125,deadpool,114452
23,0,126,deadpool,112309
23,0,127,deadpool,112910
23,1,0,direct,184127
23,1,1,direct,144137
23,1,2,direct,69355
23,1,3,direct,61072
23,1,4,direct,90777
23,1,5,direct,63175
23,1,6,direct,59730
23,1,7,direct,60090
23,1,8,direct,59379
23,1,9,direct,76936
23,1,10,direct,61963
23,1,11,direct,60380
23,1,12,direct,81302
23,1,13,direct,59790
23,1,14,direct,59900
23,1,15,direct,61032
23,1,16,direct,58668
23,1,17,direct,59800
23,1,18,direct,58829
23,1,19,direct,158589
23,1,20,direct,65368
23,1,21,direct,60541
23,1,22,direct,69054
23,1,23,direct,60351
23,1,24,direct,59579
23,1,25,direct,61523
23,1,26,direct,58358
23,1,27,direct,58318
23,1,28,direct,59209
23,1,29,direct,59460
23,1,30,direct,60421
23,1,31,direct,59279
23,1,32,direct,58508
23,1,33,direct,92389
23,1,34,direct,62835
23,1,35,direct,60451
23,1,36,direct,60921
23,1,37,direct,58818
23,1,38,direct,57968
23,1,39,direct,58378
23,1,40,direct,82724
23,1,41,direct,61793
23,1,42,direct,58779
23,1,43,direct,58428
23,1,44,direct,58919
23,1,45,direct,59440
23,1,46,direct,59329
23,1,47,direct,58899
23,1,48,direct,81983
23,1,49,direct,67782
23,1,50,direct,60131
23,1,51,direct,58758
23,1,52,direct,60020
23,1,53,direct,59890
23,1,54,direct,62674
23,1,55,direct,58658
23,1,56,direct,59479
23,1,57,direct,58798
23,1,58,direct,58748
23,1,59,direct,92870
23,1,60,direct,65809
23,1,61,direct,59910
23,1,62,direct,59860
23,1,63,direct,69454
23,1,64,direct,63205
23,1,65,direct,59038
23,1,66,direct,59089
23,1,67,direct,60300
23,1,68,direct,59459
23,1,69,direct,60531
23,1,70,direct,58858
23,1,71,direct,58778
23,1,72,direct,59760
23,1,73,direct,59350
23,1,74,direct,60671
23,1,75,direct,59740
23,1,76,direct,58117
23,1,77,direct,59599
23,1,78,direct,59009
23,1,79,direct,82694
23,1,80,direct,61372
23,1,81,direct,59039
23,1,82,direct,58819
23,1,83,direct,58688
23,1,84,direct,59780
23,1,85,direct,58688
23,1,86,direct,58809
23,1,87,direct,58688
23,1,88,direct,60592
23,1,89,direct,60301
23,1,90,direct,59359
23,1,91,direct,60672
23,1,92,direct,58017
23,1,93,direct,58398
23,1,94,direct,60281
23,1,95,direct,74432
23,1,96,direct,60651
23,1,97,direct,58688
23,1,98,direct,61803
23,1,99,direct,59009
23,1,100,direct,58989
23,1,101,direct,58798
23,1,102,direct,58639
23,1,103,direct,62464
23,1,104,direct,59509
23,1,105,direct,59078
23,1,106,direct,59579
23,1,107,direct,58277
23,1,108,direct,58788
23,1,109,direct,60601
23,1,110,direct,59279
23,1,111,direct,71057
23,1,112,direct,62344
23,1,113,direct,60090
23,1,114,direct,59790
23,1,115,direct,59089
23,1,116,direct,58518
23,1,117,direct,58828
23,1,118,direct,60431
23,1,119,direct,58328
23,1,120,direct,59239
23,1,121,direct,58598
23,1,122,direct,59750
23,1,123,direct,91328
23,1,124,direct,59490
23,1,125,direct,59489
23,1,126,direct,58398
23,1,127,direct,82995
24,0,0,direct,61603
24,0,1,direct,58598
24,0,2,direct,58959
24,0,3,direct,59249
24,0,4,direct,60191
24,0,5,direct,59760
24,0,6,direct,58858
24,0,7,direct,58868
24,0,8,direct,59590
24,0,9,direct,59119
24,0,10,direct,59991
24,0,11,direct,59219
24,0,12,direct,59019
24,0,13,direct,59049
24,0,14,direct,74032
24,0,15,direct,64998
24,0,16,direct,59619
24,0,17,direct,58718
24,0,18,direct,58558
24,0,19,direct,58138
24,0,20,direct,59139
24,0,21,direct,58799
24,0,22,direct,58828
24,0,23,direct,59209
24,0,24,direct,61943
24,0,25,direct,59469
24,0,26,direct,58639
24,0,27,direct,59820
24,0,28,direct,59259
24,0,29,direct,59489
24,0,30,direct,78719
24,0,31,direct,63526
24,0,32,direct,58408
24,0,33,direct,58107
24,0,34,direct,59760
24,0,35,direct,58127
24,0,36,direct,58058
24,0,37,direct,58217
24,0,38,direct,58948
24,0,39,direct,60130
24,0,40,direct,72970
24,0,41,direct,61573
24,0,42,direct,59379
24,0,43,direct,58508
24,0,44,direct,60110
24,0,45,direct,58668
24,0,46,direct,130747
24,0,47,direct,66500
24,0,48,direct,59059
24,0,49,direct,59690
24,0,50,direct,58288
24,0,51,direct,58167
24,0,52,direct,59059
24,0,53,direct,58378
24,0,54,direct,60021
24,0,55,direct,58438
24,0,56,direct,61022
24,0,57,direct,83986
24,0,58,direct,59699
24,0,59,direct,59891
24,0,60,direct,57847
24,0,61,direct,83475
24,0,62,direct,60120
24,0,63,direct,60310
24,0,64,direct,60922
24,0,65,direct,58758
24,0,66,direct,58669
24,0,67,direct,58959
24,0,68,direct,58758
24,0,69,direct,60601
24,0,70,direct,59309
24,0,71,direct,58859
24,0,72,direct,59460
24,0,73,direct,61943
24,0,74,direct,58488
24,0,75,direct,58899
24,0,76,direct,58558
24,0,77,direct,84017
24,0,78,direct,62614
24,0,79,direct,58968
24,0,80,direct,60160
24,0,81,direct,58548
24,0,82,direct,72820
24,0,83,direct,63155
24,0,84,direct,59049
24,0,85,direct,58759
24,0,86,direct,58768
24,0,87,direct,58408
24,0,88,direct,61803
24,0,89,direct,60180
24,0,90,direct,60390
24,0,91,direct,57877
24,0,92,direct,69234
24,0,93,direct,62524
24,0,94,direct,68003
24,0,95,direct,80301
24,0,96,direct,68553
24,0,97,direct,62244
24,0,98,direct,60581
24,0,99,direct,58718
24,0,100,direct,58578
24,0,101,direct,58648
24,0,102,direct,58759
24,0,103,direct,60941
24,0,104,direct,59360
24,0,105,direct,59159
24,0,106,direct,58678
24,0,107,direct,58208
24,0,108,direct,81763
24,0,109,direct,59079
24,0,110,direct,58188
24,0,111,direct,58628
24,0,112,direct,58769
24,0,113,direct,59931
24,0,114,direct,59619
24,0,115,direct,58788
24,0,116,direct,58788
24,0,117,direct,58458
24,0,118,direct,103445
24,0,119,direct,73220
24,0,120,direct,61563
24,0,121,direct,60310
24,0,122,direct,77957
24,0,123,direct,62765
24,0,124,direct,59449
24,0,125,direct,58858
24,0,126,direct,60621
24,0,127,direct,61923
24,1,0,deadpool,190787
24,1,1,deadpool,118158
24,1,2,deadpool,117546
24,1,3,deadpool,115424
24,1,4,deadpool,144107
24,1,5,deadpool,116064
24,1,6,deadpool,114742
24,1,7,deadpool,112780
24,1,8,deadpool,114422
24,1,9,deadpool,118158
24,1,10,deadpool,113971
24,1,11,deadpool,114823
24,1,12,deadpool,154503
24,1,13,deadpool,120682
24,1,14,deadpool,118618
24,1,15,deadpool,115484
24,1,16,deadpool,114592
24,1,17,deadpool,113090
24,1,18,deadpool,112780
24,1,19,deadpool,117757
24,1,20,deadpool,138709
24,1,21,deadpool,116275
24,1,22,deadpool,114743
24,1,23,deadpool,113240
24,1,24,deadpool,119359
24,1,25,deadpool,114242
24,1,26,deadpool,145709
24,1,27,deadpool,116215
24,1,28,deadpool,136855
24,1,29,deadpool,119731
24,1,30,deadpool,114693
24,1,31,deadpool,114122
24,1,32,deadpool,114822
24,1,33,deadpool,124708
24,1,34,deadpool,114742
24,1,35,deadpool,114502
24,1,36,deadpool,141563
24,1,37,deadpool,117517
24,1,38,deadpool,125368
24,1,39,deadpool,116175
24,1,40,deadpool,115263
24,1,41,deadpool,115594
24,1,42,deadpool,113591
24,1,43,deadpool,254493
24,1,44,deadpool,119599
24,1,45,deadpool,114633
24,1,46,deadpool,113611
24,1,47,deadpool,113711
24,1,48,deadpool,119550
24,1,49,deadpool,114272
24,1,50,deadpool,113351
24,1,51,deadpool,136095
24,1,52,deadpool,116856
24,1,53,deadpool,120001
24,1,54,deadpool,114833
24,1,55,deadpool,113511
24,1,56,deadpool,114722
24,1,57,deadpool,161453
24,1,58,deadpool,121773
24,1,59,deadpool,147692
24,1,60,deadpool,115584
24,1,61,deadpool,114833
24,1,62,deadpool,114982
24,1,63,deadpool,119760
24,1,64,deadpool,316120
24,1,65,deadpool,146080
24,1,66,deadpool,74692
24,1,67,deadpool,383557
24,1,68,deadpool,72279
24,1,69,deadpool,150847
24,1,70,deadpool,80311
24,1,71,deadpool,62664
24,1,72,deadpool,111478
24,1,73,deadpool,168804
24,1,74,deadpool,69154
24,1,75,deadpool,62854
24,1,76,deadpool,60932
24,1,77,deadpool,92609
24,1,78,deadpool,63275
24,1,79,deadpool,61723
24,1,80,deadpool,61222
24,1,81,deadpool,61222
24,1,82,deadpool,68734
24,1,83,deadpool,70426
24,1,84,deadpool,66440
24,1,85,deadpool,103616
24,1,86,deadpool,66850
24,1,87,deadpool,68123
24,1,88,deadpool,360382
24,1,89,deadpool,70026
24,1,90,deadpool,61523
24,1,91,deadpool,88082
24,1,92,deadpool,66090
24,1,93,deadpool,61863
24,1,94,deadpool,85368
24,1,95,deadpool,72218
24,1,96,deadpool,62864
24,1,97,deadpool,129004
24,1,98,deadpool,98127
24,1,99,deadpool,64046
24,1,100,deadpool,138087
24,1,101,deadpool,77266
24,1,102,deadpool,64748
24,1,103,deadpool,60471
24,1,104,deadpool,60421
24,1,105,deadpool,60851
24,1,106,deadpool,87462
24,1,107,deadpool,73671
24,1,108,deadpool,61182
24,1,109,deadpool,60881
24,1,110,deadpool,61582
24,1,111,deadpool,60460
24,1,112,deadpool,62314
24,1,113,deadpool,96986
24,1,114,deadpool,96075
24,1,115,deadpool,67091
24,1,116,deadpool,61152
24,1,117,deadpool,63425
24,1,118,deadpool,60972
24,1,119,deadpool,61523
24,1,120,deadpool,260382
24,1,121,deadpool,88573
24,1,122,deadpool,64256
24,1,123,deadpool,61803
24,1,124,deadpool,61392
24,1,125,deadpool,61782
24,1,126,deadpool,65869
24,1,127,deadpool,61492
25,0,0,deadpool,62424
25,0,1,deadpool,60551
25,0,2,deadpool,61803
25,0,3,deadpool,65669
25,0,4,deadpool,89435
25,0,5,deadpool,68233
25,0,6,deadpool,62223
25,0,7,deadpool,353742
25,0,8,deadpool,231087
25,0,9,deadpool,84988
25,0,10,deadpool,64076
25,0,11,deadpool,61042
25,0,12,deadpool,114563
25,0,13,deadpool,66490
25,0,14,deadpool,63325
25,0,15,deadpool,61732
25,0,16,deadpool,61723
25,0,17,deadpool,62043
25,0,18,deadpool,63235
25,0,19,deadpool,61072
25,0,20,deadpool,60471
25,0,21,deadpool,64777
25,0,22,deadpool,92469
25,0,23,deadpool,66129
25,0,24,deadpool,62153
25,0,25,deadpool,62234
25,0,26,deadpool,70977
25,0,27,deadpool,60992
25,0,28,deadpool,72098
25,0,29,deadpool,121383
25,0,30,deadpool,62474
25,0,31,deadpool,61162
25,0,32,deadpool,61392
25,0,33,deadpool,64106
25,0,34,deadpool,61583
25,0,35,deadpool,61463
25,0,36,deadpool,61833
25,0,37,deadpool,64587
25,0,38,deadpool,61492
25,0,39,deadpool,87973
25,0,40,deadpool,68874
25,0,41,deadpool,62654
25,0,42,deadpool,67081
25,0,43,deadpool,62514
25,0,44,deadpool,61733
25,0,45,deadpool,98648
25,0,46,deadpool,157046
25,0,47,deadpool,82564
25,0,48,deadpool,64016
25,0,49,deadpool,63305
25,0,50,deadpool,61903
25,0,51,deadpool,61253
25,0,52,deadpool,100591
25,0,53,deadpool,66500
25,0,54,deadpool,62314
25,0,55,deadpool,61202
25,0,56,deadpool,61602
25,0,57,deadpool,63516
25,0,58,deadpool,62715
25,0,59,deadpool,61703
25,0,60,deadpool,61613
25,0,61,deadpool,115594
25,0,62,deadpool,101653
25,0,63,deadpool,156595
25,0,64,deadpool,107912
25,0,65,deadpool,65198
25,0,66,deadpool,65138
25,0,67,deadpool,71678
25,0,68,deadpool,64507
25,0,69,deadpool,61923
25,0,70,deadpool,61553
25,0,71,deadpool,61773
25,0,72,deadpool,63245
25,0,73,deadpool,61152
25,0,74,deadpool,61463
25,0,75,deadpool,61062
25,0,76,deadpool,169805
25,0,77,deadpool,114543
25,0,78,deadpool,68183
25,0,79,deadpool,62164
25,0,80,deadpool,62554
25,0,81,deadpool,68803
25,0,82,deadpool,63115
25,0,83,deadpool,67442
25,0,84,deadpool,62624
25,0,85,deadpool,62344
25,0,86,deadpool,65338
25,0,87,deadpool,61783
25,0,88,deadpool,61923
25,0,89,deadpool,61993
25,0,90,deadpool,61963
25,0,91,deadpool,87732
25,0,92,deadpool,74312
25,0,93,deadpool,65048
25,0,94,deadpool,64397
25,0,95,deadpool,61683
25,0,96,deadpool,63395
25,0,97,deadpool,61783
25,0,98,deadpool,62114
25,0,99,deadpool,63566
25,0,100,deadpool,71788
25,0,101,deadpool,63786
25,0,102,deadpool,62173
25,0,103,deadpool,60751
25,0,104,deadpool,61192
25,0,105,deadpool,61283
25,0,106,deadpool,79350
25,0,107,deadpool,62164
25,0,108,deadpool,160141
25,0,109,deadpool,78929
25,0,110,deadpool,63876
25,0,111,deadpool,414694
25,0,112,deadpool,113792
25,0,113,deadpool,69985
25,0,114,deadpool,1086494
25,0,115,deadpool,95133
25,0,116,deadpool,159260
25,0,117,deadpool,64547
25,0,118,deadpool,61743
25,0,119,deadpool,60791
25,0,120,deadpool,68073
25,0,121,deadpool,99039
25,0,122,deadpool,63396
25,0,123,deadpool,62784
25,0,124,deadpool,94572
25,0,125,deadpool,72659
25,0,126,deadpool,62363
25,0,127,deadpool,61943
25,1,0,direct,157517
25,1,1,direct,70406
25,1,2,direct,63686
25,1,3,direct,66641
25,1,4,direct,59519
25,1,5,direct,59579
25,1,6,direct,59380
25,1,7,direct,63235
25,1,8,direct,60280
25,1,9,direct,77908
25,1,10,direct,63686
25,1,11,direct,59860
25,1,12,direct,60972
25,1,13,direct,59139
25,1,14,direct,59059
25,1,15,direct,58899
25,1,16,direct,59199
25,1,17,direct,60181
25,1,18,direct,64998
25,1,19,direct,72088
25,1,20,direct,75424
25,1,21,direct,67251
25,1,22,direct,68843
25,1,23,direct,61202
25,1,24,direct,80290
25,1,25,direct,64757
25,1,26,direct,59440
25,1,27,direct,60711
25,1,28,direct,58067
25,1,29,direct,59018
25,1,30,direct,58909
25,1,31,direct,59510
25,1,32,direct,60000
25,1,33,direct,66951
25,1,34,direct,66901
25,1,35,direct,59239
25,1,36,direct,58989
25,1,37,direct,59680
25,1,38,direct,59079
25,1,39,direct,59790
25,1,40,direct,78208
25,1,41,direct,61052
25,1,42,direct,59940
25,1,43,direct,59249
25,1,44,direct,60521
25,1,45,direct,58788
25,1,46,direct,59189
25,1,47,direct,60291
25,1,48,direct,58658
25,1,49,direct,59179
25,1,50,direct,59509
25,1,51,direct,58538
25,1,52,direct,118248
25,1,53,direct,62504
25,1,54,direct,59269
25,1,55,direct,104187
25,1,56,direct,67101
25,1,57,direct,60491
25,1,58,direct,60010
25,1,59,direct,61773
25,1,60,direct,60101
25,1,61,direct,60441
25,1,62,direct,59009
25,1,63,direct,59039
25,1,64,direct,60851
25,1,65,direct,61663
25,1,66,direct,60501
25,1,67,direct,73491
25,1,68,direct,62184
25,1,69,direct,59109
25,1,70,direct,82544
25,1,71,direct,61923
25,1,72,direct,59249
25,1,73,direct,59690
25,1,74,direct,59259
25,1,75,direct,76375
25,1,76,direct,61863
25,1,77,direct,58818
25,1,78,direct,65339
25,1,79,direct,60421
25,1,80,direct,59399
25,1,81,direct,84617
25,1,82,direct,60111
25,1,83,direct,59089
25,1,84,direct,60291
25,1,85,direct,82363
25,1,86,direct,62894
25,1,87,direct,58968
25,1,88,direct,59550
25,1,89,direct,59549
25,1,90,direct,58628
25,1,91,direct,59820
25,1,92,direct,59529
25,1,93,direct,59910
25,1,94,direct,59550
25,1,95,direct,60711
25,1,96,direct,61242
25,1,97,direct,58999
25,1,98,direct,59680
25,1,99,direct,59279
25,1,100,direct,60631
25,1,101,direct,84507
25,1,102,direct,59459
25,1,103,direct,59089
25,1,104,direct,58919
25,1,105,direct,61863
25,1,106,direct,58979
25,1,107,direct,59279
25,1,108,direct,59410
25,1,109,direct,58518
25,1,110,direct,67952
25,1,111,direct,61542
25,1,112,direct,59710
25,1,113,direct,59310
25,1,114,direct,59089
25,1,115,direct,60841
25,1,116,direct,75354
25,1,117,direct,62664
25,1,118,direct,80150
25,1,119,direct,59089
25,1,120,direct,61523
25,1,121,direct,58949
25,1,122,direct,58708
25,1,123,direct,59229
25,1,124,direct,59058
25,1,125,direct,59730
25,1,126,direct,58348
25,1,127,direct,59289
26,0,0,direct,59660
26,0,1,direct,58849
26,0,2,direct,60251
26,0,3,direct,58418
26,0,4,direct,75053
26,0,5,direct,59750
26,0,6,direct,59820
26,0,7,direct,60120
26,0,8,direct,59029
26,0,9,direct,74152
26,0,10,direct,60030
26,0,11,direct,271518
26,0,12,direct,101322
26,0,13,direct,61382
26,0,14,direct,60021
26,0,15,direct,59209
26,0,16,direct,92519
26,0,17,direct,61293
26,0,18,direct,59359
26,0,19,direct,59088
26,0,20,direct,58457
26,0,21,direct,58758
26,0,22,direct,59660
26,0,23,direct,59169
26,0,24,direct,59911
26,0,25,direct,60230
26,0,26,direct,58739
26,0,27,direct,60010
26,0,28,direct,59068
26,0,29,direct,59249
26,0,30,direct,59569
26,0,31,direct,74872
26,0,32,direct,63806
26,0,33,direct,59460
26,0,34,direct,60751
26,0,35,direct,58759
26,0,36,direct,61172
26,0,37,direct,59239
26,0,38,direct,58317
26,0,39,direct,59620
26,0,40,direct,58698
26,0,41,direct,62073
26,0,42,direct,58838
26,0,43,direct,58789
26,0,44,direct,60110
26,0,45,direct,59981
26,0,46,direct,60531
26,0,47,direct,78468
26,0,48,direct,61733
26,0,49,direct,62363
26,0,50,direct,59078
26,0,51,direct,60711
26,0,52,direct,59309
26,0,53,direct,59048
26,0,54,direct,58728
26,0,55,direct,59039
26,0,56,direct,60050
26,0,57,direct,60121
26,0,58,direct,59059
26,0,59,direct,59029
26,0,60,direct,58828
26,0,61,direct,62053
26,0,62,direct,59490
26,0,63,direct,320311
26,0,64,direct,63876
26,0,65,direct,59410
26,0,66,direct,61152
26,0,67,direct,59360
26,0,68,direct,121803
26,0,69,direct,95894
26,0,70,direct,61903
26,0,71,direct,80912
26,0,72,direct,110717
26,0,73,direct,60671
26,0,74,direct,120882
26,0,75,direct,86600
26,0,76,direct,61903
26,0,77,direct,58137
26,0,78,direct,59970
26,0,79,direct,58738
26,0,80,direct,63816
26,0,81,direct,59750
26,0,82,direct,59209
26,0,83,direct,116065
26,0,84,direct,105799
26,0,85,direct,286260
26,0,86,direct,76294
26,0,87,direct,142855
26,0,88,direct,71398
26,0,89,direct,60781
26,0,90,direct,60741
26,0,91,direct,60051
26,0,92,direct,59059
26,0,93,direct,59329
26,0,94,direct,104097
26,0,95,direct,70597
26,0,96,direct,59610
26,0,97,direct,58728
26,0,98,direct,59189
26,0,99,direct,59780
26,0,100,direct,60311
26,0,101,direct,58869
26,0,102,direct,57987
26,0,103,direct,58999
26,0,104,direct,60471
26,0,105,direct,60100
26,0,106,direct,59700
26,0,107,direct,59690
26,0,108,direct,59159
26,0,109,direct,59129
26,0,110,direct,236436
26,0,111,direct,66019
26,0,112,direct,64827
26,0,113,direct,80181
26,0,114,direct,96906
26,0,115,direct,62484
26,0,116,direct,58718
26,0,117,direct,88984
26,0,118,direct,65017
26,0,119,direct,59329
26,0,120,direct,62023
26,0,121,direct,114953
26,0,122,direct,68043
26,0,123,direct,59650
26,0,124,direct,59129
26,0,125,direct,60381
26,0,126,direct,58949
26,0,127,direct,59199
26,1,0,deadpool,227863
26,1,1,deadpool,88403
26,1,2,deadpool,65399
26,1,3,deadpool,61873
26,1,4,deadpool,63415
26,1,5,deadpool,88323
26,1,6,deadpool,68083
26,1,7,deadpool,61783
26,1,8,deadpool,61272
26,1,9,deadpool,87682
26,1,10,deadpool,63486
26,1,11,deadpool,62784
26,1,12,deadpool,61263
26,1,13,deadpool,60941
26,1,14,deadpool,60971
26,1,15,deadpool,60551
26,1,16,deadpool,62834
26,1,17,deadpool,60792
26,1,18,deadpool,60351
26,1,19,deadpool,60761
26,1,20,deadpool,1985235
26,1,21,deadpool,133911
26,1,22,deadpool,66530
26,1,23,deadpool,63415
26,1,24,deadpool,87812
26,1,25,deadpool,112639
26,1,26,deadpool,65909
26,1,27,deadpool,63526
26,1,28,deadpool,62384
26,1,29,deadpool,61983
26,1,30,deadpool,61212
26,1,31,deadpool,64427
26,1,32,deadpool,61632
26,1,33,deadpool,61182
26,1,34,deadpool,101152
26,1,35,deadpool,63976
26,1,36,deadpool,63726
26,1,37,deadpool,62154
26,1,38,deadpool,61352
26,1,39,deadpool,63746
26,1,40,deadpool,64207
26,1,41,deadpool,64317
26,1,42,deadpool,62284
26,1,43,deadpool,61633
26,1,44,deadpool,66831
26,1,45,deadpool,61873
26,1,46,deadpool,63476
26,1,47,deadpool,60150
26,1,48,deadpool,97437
26,1,49,deadpool,68022
26,1,50,deadpool,60612
26,1,51,deadpool,63165
26,1,52,deadpool,61532
26,1,53,deadpool,61412
26,1,54,deadpool,60671
26,1,55,deadpool,63906
26,1,56,deadpool,62024
26,1,57,deadpool,61342
26,1,58,deadpool,61623
26,1,59,deadpool,238900
26,1,60,deadpool,70106
26,1,61,deadpool,85739
26,1,62,deadpool,61623
26,1,63,deadpool,61422
26,1,64,deadpool,60951
26,1,65,deadpool,66480
26,1,66,deadpool,61423
26,1,67,deadpool,60841
26,1,68,deadpool,61021
26,1,69,deadpool,61202
26,1,70,deadpool,62804
26,1,71,deadpool,61472
26,1,72,deadpool,99930
26,1,73,deadpool,62383
26,1,74,deadpool,60501
26,1,75,deadpool,86090
26,1,76,deadpool,117617
26,1,77,deadpool,76275
26,1,78,deadpool,63366
26,1,79,deadpool,61522
26,1,80,deadpool,64127
26,1,81,deadpool,61422
26,1,82,deadpool,62374
26,1,83,deadpool,59690
26,1,84,deadpool,60061
26,1,85,deadpool,61903
26,1,86,deadpool,60852
26,1,87,deadpool,60791
26,1,88,deadpool,61162
26,1,89,deadpool,82314
26,1,90,deadpool,97496
26,1,91,deadpool,62193
26,1,92,deadpool,61502
26,1,93,deadpool,60862
26,1,94,deadpool,60812
26,1,95,deadpool,62755
26,1,96,deadpool,60251
26,1,97,deadpool,61252
26,1,98,deadpool,61122
26,1,99,deadpool,141943
26,1,100,deadpool,65498
26,1,101,deadpool,60901
26,1,102,deadpool,60842
26,1,103,deadpool,84137
26,1,104,deadpool,69064
26,1,105,deadpool,62154
26,1,106,deadpool,61252
26,1,107,deadpool,61102
26,1,108,deadpool,62695
26,1,109,deadpool,65919
26,1,110,deadpool,62535
26,1,111,deadpool,61552
26,1,112,deadpool,127682
26,1,113,deadpool,67442
26,1,114,deadpool,63105
26,1,115,deadpool,75223
26,1,116,deadpool,62183
26,1,117,deadpool,94071
26,1,118,deadpool,62724
26,1,119,deadpool,63255
26,1,120,deadpool,61532
26,1,121,deadpool,61953
26,1,122,deadpool,60922
26,1,123,deadpool,60962
26,1,124,deadpool,63335
26,1,125,deadpool,61142
26,1,126,deadpool,60912
26,1,127,deadpool,61613
27,0,0,deadpool,324919
27,0,1,deadpool,133902
27,0,2,deadpool,64427
27,0,3,deadpool,61682
27,0,4,deadpool,60871
27,0,5,deadpool,61833
27,0,6,deadpool,63065
27,0,7,deadpool,60341
27,0,8,deadpool,61753
27,0,9,deadpool,60851
27,0,10,deadpool,63516
27,0,11,deadpool,145499
27,0,12,deadpool,100631
27,0,13,deadpool,83826
27,0,14,deadpool,64147
27,0,15,deadpool,70686
27,0,16,deadpool,61493
27,0,17,deadpool,61573
27,0,18,deadpool,60451
27,0,19,deadpool,60982
27,0,20,deadpool,66190
27,0,21,deadpool,61242
27,0,22,deadpool,60801
27,0,23,deadpool,60441
27,0,24,deadpool,61543
27,0,25,deadpool,67572
27,0,26,deadpool,61022
27,0,27,deadpool,76865
27,0,28,deadpool,61162
27,0,29,deadpool,60962
27,0,30,deadpool,62524
27,0,31,deadpool,61333
27,0,32,deadpool,60651
27,0,33,deadpool,60521
27,0,34,deadpool,60511
27,0,35,deadpool,62934
27,0,36,deadpool,61011
27,0,37,deadpool,61001
27,0,38,deadpool,60411
27,0,39,deadpool,60832
27,0,40,deadpool,62194
27,0,41,deadpool,61122
27,0,42,deadpool,170246
27,0,43,deadpool,76945
27,0,44,deadpool,62293
27,0,45,deadpool,62434
27,0,46,deadpool,60290
27,0,47,deadpool,64727
27,0,48,deadpool,61192
27,0,49,deadpool,61031
27,0,50,deadpool,64126
27,0,51,deadpool,60511
27,0,52,deadpool,72639
27,0,53,deadpool,61543
27,0,54,deadpool,60902
27,0,55,deadpool,186541
27,0,56,deadpool,72950
27,0,57,deadpool,61653
27,0,58,deadpool,61022
27,0,59,deadpool,68313
27,0,60,deadpool,61112
27,0,61,deadpool,60481
27,0,62,deadpool,60361
27,0,63,deadpool,61813
27,0,64,deadpool,67432
27,0,65,deadpool,60762
27,0,66,deadpool,62885
27,0,67,deadpool,61563
27,0,68,deadpool,60481
27,0,69,deadpool,154482
27,0,70,deadpool,330236
27,0,71,deadpool,65228
27,0,72,deadpool,61783
27,0,73,deadpool,60842
27,0,74,deadpool,94913
27,0,75,deadpool,62013
27,0,76,deadpool,61182
27,0,77,deadpool,102224
27,0,78,deadpool,67742
27,0,79,deadpool,63035
27,0,80,deadpool,60722
27,0,81,deadpool,60631
27,0,82,deadpool,60691
27,0,83,deadpool,76475
27,0,84,deadpool,63926
27,0,85,deadpool,61051
27,0,86,deadpool,60921
27,0,87,deadpool,60361
27,0,88,deadpool,61763
27,0,89,deadpool,63706
27,0,90,deadpool,60781
27,0,91,deadpool,61913
27,0,92,deadpool,67071
27,0,93,deadpool,60782
27,0,94,deadpool,62433
27,0,95,deadpool,61682
27,0,96,deadpool,61332
27,0,97,deadpool,61202
27,0,98,deadpool,61182
27,0,99,deadpool,62825
27,0,100,deadpool,60822
27,0,101,deadpool,61502
27,0,102,deadpool,60782
27,0,103,deadpool,87021
27,0,104,deadpool,293461
27,0,105,deadpool,75334
27,0,106,deadpool,62815
27,0,107,deadpool,61022
27,0,108,deadpool,68043
27,0,109,deadpool,61553
27,0,110,deadpool,61112
27,0,111,deadpool,61052
27,0,112,deadpool,62744
27,0,113,deadpool,65188
27,0,114,deadpool,60972
27,0,115,deadpool,60892
27,0,116,deadpool,61422
27,0,117,deadpool,61713
27,0,118,deadpool,91698
27,0,119,deadpool,110737
27,0,120,deadpool,64868
27,0,121,deadpool,61813
27,0,122,deadpool,61633
27,0,123,deadpool,63555
27,0,124,deadpool,60521
27,0,125,deadpool,60781
27,0,126,deadpool,60821
27,0,127,deadpool,60812
27,1,0,direct,147742
27,1,1,direct,63556
27,1,2,direct,82154
27,1,3,direct,60561
27,1,4,direct,60051
27,1,5,direct,61492
27,1,6,direct,59620
27,1,7,direct,59750
27,1,8,direct,59890
27,1,9,direct,58658
27,1,10,direct,60120
27,1,11,direct,59290
27,1,12,direct,58428
27,1,13,direct,59159
27,1,14,direct,59059
27,1,15,direct,60300
27,1,16,direct,59590
27,1,17,direct,85789
27,1,18,direct,62684
27,1,19,direct,58929
27,1,20,direct,61152
27,1,21,direct,59900
27,1,22,direct,58748
27,1,23,direct,58869
27,1,24,direct,59840
27,1,25,direct,61823
27,1,26,direct,59279
27,1,27,direct,60251
27,1,28,direct,69134
27,1,29,direct,93601
27,1,30,direct,59850
27,1,31,direct,59429
27,1,32,direct,58538
27,1,33,direct,65148
27,1,34,direct,64547
27,1,35,direct,74362
27,1,36,direct,61363
27,1,37,direct,59089
27,1,38,direct,58968
27,1,39,direct,60751
27,1,40,direct,59329
27,1,41,direct,59499
27,1,42,direct,58769
27,1,43,direct,59309
27,1,44,direct,60161
27,1,45,direct,58658
27,1,46,direct,59019
27,1,47,direct,59319
27,1,48,direct,77757
27,1,49,direct,63556
27,1,50,direct,60361
27,1,51,direct,60852
27,1,52,direct,96605
27,1,53,direct,64587
27,1,54,direct,63676
27,1,55,direct,60531
27,1,56,direct,59850
27,1,57,direct,59270
27,1,58,direct,59299
27,1,59,direct,60922
27,1,60,direct,58808
27,1,61,direct,58448
27,1,62,direct,59450
27,1,63,direct,83766
27,1,64,direct,65378
27,1,65,direct,60902
27,1,66,direct,58989
27,1,67,direct,59599
27,1,68,direct,59009
27,1,69,direct,60140
27,1,70,direct,59139
27,1,71,direct,59098
27,1,72,direct,59720
27,1,73,direct,62324
27,1,74,direct,59159
27,1,75,direct,59139
27,1,76,direct,59800
27,1,77,direct,59400
27,1,78,direct,61483
27,1,79,direct,78558
27,1,80,direct,60120
27,1,81,direct,59991
27,1,82,direct,58828
27,1,83,direct,61192
27,1,84,direct,59339
27,1,85,direct,63326
27,1,86,direct,59549
27,1,87,direct,58809
27,1,88,direct,61923
27,1,89,direct,58388
27,1,90,direct,88423
27,1,91,direct,64777
27,1,92,direct,61061
27,1,93,direct,61022
27,1,94,direct,73952
27,1,95,direct,65128
27,1,96,direct,59640
27,1,97,direct,59790
27,1,98,direct,60952
27,1,99,direct,59159
27,1,100,direct,82894
27,1,101,direct,59439
27,1,102,direct,58839
27,1,103,direct,61132
27,1,104,direct,59820
27,1,105,direct,59119
27,1,106,direct,59269
27,1,107,direct,59118
27,1,108,direct,60741
27,1,109,direct,78048
27,1,110,direct,60411
27,1,111,direct,58939
27,1,112,direct,58878
27,1,113,direct,60892
27,1,114,direct,59059
27,1,115,direct,58939
27,1,116,direct,59599
27,1,117,direct,60011
27,1,118,direct,62203
27,1,119,direct,60070
27,1,120,direct,59610
27,1,121,direct,60140
27,1,122,direct,58879
27,1,123,direct,60611
27,1,124,direct,59259
27,1,125,direct,87933
27,1,126,direct,60311
27,1,127,direct,64057
28,0,0,direct,59880
28,0,1,direct,59209
28,0,2,direct,103967
28,0,3,direct,98478
28,0,4,direct,63216
28,0,5,direct,59369
28,0,6,direct,59489
28,0,7,direct,58889
28,0,8,direct,58978
28,0,9,direct,61633
28,0,10,direct,58538
28,0,11,direct,105529
28,0,12,direct,62384
28,0,13,direct,59699
28,0,14,direct,65449
28,0,15,direct,107171
28,0,16,direct,61172
28,0,17,direct,58949
28,0,18,direct,58929
28,0,19,direct,60571
28,0,20,direct,59069
28,0,21,direct,114502
28,0,22,direct,86941
28,0,23,direct,61322
28,0,24,direct,103867
28,0,25,direct,61272
28,0,26,direct,59369
28,0,27,direct,59038
28,0,28,direct,59901
28,0,29,direct,61783
28,0,30,direct,58538
28,0,31,direct,59229
28,0,32,direct,58999
28,0,33,direct,58898
28,0,34,direct,61162
28,0,35,direct,59199
28,0,36,direct,59650
28,0,37,direct,58108
28,0,38,direct,59169
28,0,39,direct,73951
28,0,40,direct,62775
28,0,41,direct,60060
28,0,42,direct,59470
28,0,43,direct,58818
28,0,44,direct,60370
28,0,45,direct,58958
28,0,46,direct,59719
28,0,47,direct,59449
28,0,48,direct,63325
28,0,49,direct,59199
28,0,50,direct,58848
28,0,51,direct,58938
28,0,52,direct,63366
28,0,53,direct,78708
28,0,54,direct,117948
28,0,55,direct,66830
28,0,56,direct,60310
28,0,57,direct,59400
28,0,58,direct,60471
28,0,59,direct,58748
28,0,60,direct,58918
28,0,61,direct,59119
28,0,62,direct,59830
28,0,63,direct,60441
28,0,64,direct,58878
28,0,65,direct,58969
28,0,66,direct,59109
28,0,67,direct,59019
28,0,68,direct,60792
28,0,69,direct,58247
28,0,70,direct,72328
28,0,71,direct,62684
28,0,72,direct,60101
28,0,73,direct,62084
28,0,74,direct,59990
28,0,75,direct,58899
28,0,76,direct,61853
28,0,77,direct,60160
28,0,78,direct,61362
28,0,79,direct,59910
28,0,80,direct,86941
28,0,81,direct,69634
28,0,82,direct,314232
28,0,83,direct,65679
28,0,84,direct,60150
28,0,85,direct,107612
28,0,86,direct,71167
28,0,87,direct,60060
28,0,88,direct,70345
28,0,89,direct,290717
28,0,90,direct,62544
28,0,91,direct,92419
28,0,92,direct,70916
28,0,93,direct,59920
28,0,94,direct,116666
28,0,95,direct,67912
28,0,96,direct,59459
28,0,97,direct,140321
28,0,98,direct,65729
28,0,99,direct,59149
28,0,100,direct,58658
28,0,101,direct,59590
28,0,102,direct,59850
28,0,103,direct,67071
28,0,104,direct,111157
28,0,105,direct,60912
28,0,106,direct,59780
28,0,107,direct,61092
28,0,108,direct,59549
28,0,109,direct,58779
28,0,110,direct,58177
28,0,111,direct,59069
28,0,112,direct,60361
28,0,113,direct,58628
28,0,114,direct,58709
28,0,115,direct,58137
28,0,116,direct,99179
28,0,117,direct,61773
28,0,118,direct,59069
28,0,119,direct,58878
28,0,120,direct,60180
28,0,121,direct,59500
28,0,122,direct,59710
28,0,123,direct,58288
28,0,124,direct,58648
28,0,125,direct,58087
28,0,126,direct,58258
28,0,127,direct,85759
28,1,0,deadpool,190907
28,1,1,deadpool,93340
28,1,2,deadpool,64628
28,1,3,deadpool,63235
28,1,4,deadpool,66500
28,1,5,deadpool,63135
28,1,6,deadpool,63395
28,1,7,deadpool,62314
28,1,8,deadpool,66601
28,1,9,deadpool,61252
28,1,10,deadpool,60991
28,1,11,deadpool,61082
28,1,12,deadpool,61052
28,1,13,deadpool,146060
28,1,14,deadpool,117226
28,1,15,deadpool,68473
28,1,16,deadpool,62284
28,1,17,deadpool,61633
28,1,18,deadpool,156896
28,1,19,deadpool,78308
28,1,20,deadpool,100432
28,1,21,deadpool,63305
28,1,22,deadpool,61152
28,1,23,deadpool,63075
28,1,24,deadpool,61933
28,1,25,deadpool,61723
28,1,26,deadpool,60941
28,1,27,deadpool,85528
28,1,28,deadpool,65268
28,1,29,deadpool,60260
28,1,30,deadpool,61742
28,1,31,deadpool,60220
28,1,32,deadpool,62154
28,1,33,deadpool,85048
28,1,34,deadpool,61493
28,1,35,deadpool,60691
28,1,36,deadpool,161503
28,1,37,deadpool,117517
28,1,38,deadpool,66310
28,1,39,deadpool,87171
28,1,40,deadpool,63315
28,1,41,deadpool,60872
28,1,42,deadpool,60321
28,1,43,deadpool,62584
28,1,44,deadpool,145449
28,1,45,deadpool,72199
28,1,46,deadpool,61543
28,1,47,deadpool,61072
28,1,48,deadpool,90236
28,1,49,deadpool,61292
28,1,50,deadpool,60901
28,1,51,deadpool,103876
28,1,52,deadpool,69354
28,1,53,deadpool,63906
28,1,54,deadpool,61272
28,1,55,deadpool,60772
28,1,56,deadpool,64407
28,1,57,deadpool,61052
28,1,58,deadpool,63075
28,1,59,deadpool,70596
28,1,60,deadpool,62094
28,1,61,deadpool,61112
28,1,62,deadpool,60972
28,1,63,deadpool,63966
28,1,64,deadpool,117166
28,1,65,deadpool,238068
28,1,66,deadpool,77196
28,1,67,deadpool,176555
28,1,68,deadpool,68353
28,1,69,deadpool,63786
28,1,70,deadpool,61903
28,1,71,deadpool,63085
28,1,72,deadpool,68413
28,1,73,deadpool,63445
28,1,74,deadpool,61323
28,1,75,deadpool,61362
28,1,76,deadpool,209065
28,1,77,deadpool,306241
28,1,78,deadpool,71298
28,1,79,deadpool,62294
28,1,80,deadpool,61663
28,1,81,deadpool,61232
28,1,82,deadpool,65028
28,1,83,deadpool,61152
28,1,84,deadpool,61423
28,1,85,deadpool,152389
28,1,86,deadpool,66049
28,1,87,deadpool,63756
28,1,88,deadpool,63475
28,1,89,deadpool,61663
28,1,90,deadpool,61172
28,1,91,deadpool,60862
28,1,92,deadpool,64117
28,1,93,deadpool,61833
28,1,94,deadpool,60561
28,1,95,deadpool,96456
28,1,96,deadpool,63376
28,1,97,deadpool,64016
28,1,98,deadpool,75153
28,1,99,deadpool,93370
28,1,100,deadpool,61773
28,1,101,deadpool,61001
28,1,102,deadpool,63165
28,1,103,deadpool,61112
28,1,104,deadpool,60701
28,1,105,deadpool,61582
28,1,106,deadpool,132219
28,1,107,deadpool,67411
28,1,108,deadpool,62174
28,1,109,deadpool,61332
28,1,110,deadpool,60140
28,1,111,deadpool,60231
28,1,112,deadpool,98238
28,1,113,deadpool,69134
28,1,114,deadpool,61903
28,1,115,deadpool,133351
28,1,116,deadpool,68513
28,1,117,deadpool,65118
28,1,118,deadpool,61312
28,1,119,deadpool,58518
28,1,120,deadpool,68373
28,1,121,deadpool,63725
28,1,122,deadpool,64637
28,1,123,deadpool,61282
28,1,124,deadpool,60761
28,1,125,deadpool,60721
28,1,126,deadpool,108023
28,1,127,deadpool,63465
29,0,0,deadpool,61763
29,0,1,deadpool,62123
29,0,2,deadpool,60541
29,0,3,deadpool,64657
29,0,4,deadpool,61783
29,0,5,deadpool,60591
29,0,6,deadpool,60862
29,0,7,deadpool,60371
29,0,8,deadpool,65358
29,0,9,deadpool,61052
29,0,10,deadpool,60081
29,0,11,deadpool,60451
29,0,12,deadpool,61202
29,0,13,deadpool,565831
29,0,14,deadpool,83065
29,0,15,deadpool,63135
29,0,16,deadpool,88544
29,0,17,deadpool,138518
29,0,18,deadpool,110576
29,0,19,deadpool,69444
29,0,20,deadpool,63435
29,0,21,deadpool,61673
29,0,22,deadpool,61122
29,0,23,deadpool,63104
29,0,24,deadpool,61913
29,0,25,deadpool,61002
29,0,26,deadpool,60722
29,0,27,deadpool,60851
29,0,28,deadpool,62634
29,0,29,deadpool,246871
29,0,30,deadpool,120021
29,0,31,deadpool,66110
29,0,32,deadpool,61172
29,0,33,deadpool,64967
29,0,34,deadpool,61011
29,0,35,deadpool,61422
29,0,36,deadpool,61132
29,0,37,deadpool,61573
29,0,38,deadpool,164768
29,0,39,deadpool,65819
29,0,40,deadpool,62925
29,0,41,deadpool,61923
29,0,42,deadpool,68523
29,0,43,deadpool,89205
29,0,44,deadpool,70346
29,0,45,deadpool,60752
29,0,46,deadpool,505220
29,0,47,deadpool,203155
29,0,48,deadpool,125128
29,0,49,deadpool,77667
29,0,50,deadpool,62734
29,0,51,deadpool,126380
29,0,52,deadpool,74932
29,0,53,deadpool,62253
29,0,54,deadpool,62504
29,0,55,deadpool,62664
29,0,56,deadpool,62614
29,0,57,deadpool,64186
29,0,58,deadpool,95343
29,0,59,deadpool,151898
29,0,60,deadpool,107221
29,0,61,deadpool,74021
29,0,62,deadpool,62984
29,0,63,deadpool,66209
29,0,64,deadpool,62023
29,0,65,deadpool,62604
29,0,66,deadpool,60832
29,0,67,deadpool,62855
29,0,68,deadpool,60802
29,0,69,deadpool,61472
29,0,70,deadpool,60881
29,0,71,deadpool,61292
29,0,72,deadpool,62865
29,0,73,deadpool,60531
29,0,74,deadpool,60361
29,0,75,deadpool,82264
29,0,76,deadpool,62244
29,0,77,deadpool,63556
29,0,78,deadpool,61402
29,0,79,deadpool,61062
29,0,80,deadpool,60902
29,0,81,deadpool,60952
29,0,82,deadpool,62414
29,0,83,deadpool,60732
29,0,84,deadpool,60891
29,0,85,deadpool,60981
29,0,86,deadpool,64396
29,0,87,deadpool,61492
29,0,88,deadpool,63135
29,0,89,deadpool,61512
29,0,90,deadpool,176386
29,0,91,deadpool,81943
29,0,92,deadpool,62514
29,0,93,deadpool,60751
29,0,94,deadpool,60931
29,0,95,deadpool,60561
29,0,96,deadpool,65839
29,0,97,deadpool,61602
29,0,98,deadpool,64798
29,0,99,deadpool,205670
29,0,100,deadpool,67392
29,0,101,deadpool,100351
29,0,102,deadpool,66830
29,0,103,deadpool,61272
29,0,104,deadpool,61252
29,0,105,deadpool,60912
29,0,106,deadpool,62945
29,0,107,deadpool,61893
29,0,108,deadpool,63446
29,0,109,deadpool,60771
29,0,110,deadpool,60631
29,0,111,deadpool,62725
29,0,112,deadpool,84837
29,0,113,deadpool,62053
29,0,114,deadpool,61021
29,0,115,deadpool,61101
29,0,116,deadpool,132008
29,0,117,deadpool,65058
29,0,118,deadpool,61573
29,0,119,deadpool,61022
29,0,120,deadpool,61422
29,0,121,deadpool,62815
29,0,122,deadpool,60882
29,0,123,deadpool,60862
29,0,124,deadpool,61262
29,0,125,deadpool,61042
29,0,126,deadpool,62674
29,0,127,deadpool,60521
29,1,0,direct,217467
29,1,1,direct,70886
29,1,2,direct,76124
29,1,3,direct,61953
29,1,4,direct,58819
29,1,5,direct,58367
29,1,6,direct,58988
29,1,7,direct,59710
29,1,8,direct,60501
29,1,9,direct,58798
29,1,10,direct,59129
29,1,11,direct,59259
29,1,12,direct,62424
29,1,13,direct,58859
29,1,14,direct,58638
29,1,15,direct,58397
29,1,16,direct,69434
29,1,17,direct,61482
29,1,18,direct,59109
29,1,19,direct,59008
29,1,20,direct,59049
29,1,21,direct,59330
29,1,22,direct,60671
29,1,23,direct,58388
29,1,24,direct,61212
29,1,25,direct,59079
29,1,26,direct,58759
29,1,27,direct,60862
29,1,28,direct,59329
29,1,29,direct,58879
29,1,30,direct,59049
29,1,31,direct,59680
29,1,32,direct,77717
29,1,33,direct,59320
29,1,34,direct,58327
29,1,35,direct,58418
29,1,36,direct,58328
29,1,37,direct,59920
29,1,38,direct,58709
29,1,39,direct,58768
29,1,40,direct,58278
29,1,41,direct,58728
29,1,42,direct,59730
29,1,43,direct,73971
29,1,44,direct,75153
29,1,45,direct,62124
29,1,46,direct,59530
29,1,47,direct,77777
29,1,48,direct,62985
29,1,49,direct,58988
29,1,50,direct,58548
29,1,51,direct,59509
29,1,52,direct,61132
29,1,53,direct,59830
29,1,54,direct,58658
29,1,55,direct,58598
29,1,56,direct,60691
29,1,57,direct,61432
29,1,58,direct,59629
29,1,59,direct,68793
29,1,60,direct,160812
29,1,61,direct,288895
29,1,62,direct,71177
29,1,63,direct,59670
29,1,64,direct,59179
29,1,65,direct,60732
29,1,66,direct,60752
29,1,67,direct,59179
29,1,68,direct,58398
29,1,69,direct,58488
29,1,70,direct,59079
29,1,71,direct,60050
29,1,72,direct,59239
29,1,73,direct,78137
29,1,74,direct,72439
29,1,75,direct,62534
29,1,76,direct,63025
29,1,77,direct,59971
29,1,78,direct,59379
29,1,79,direct,58478
29,1,80,direct,59520
29,1,81,direct,60241
29,1,82,direct,58969
29,1,83,direct,58548
29,1,84,direct,58248
29,1,85,direct,58358
29,1,86,direct,332961
29,1,87,direct,70506
29,1,88,direct,61472
29,1,89,direct,130787
29,1,90,direct,71588
29,1,91,direct,60541
29,1,92,direct,59290
29,1,93,direct,60340
29,1,94,direct,58858
29,1,95,direct,85448
29,1,96,direct,61422
29,1,97,direct,59048
29,1,98,direct,59890
29,1,99,direct,111207
29,1,100,direct,60601
29,1,101,direct,100070
29,1,102,direct,60461
29,1,103,direct,59860
29,1,104,direct,59089
29,1,105,direct,58658
29,1,106,direct,60521
29,1,107,direct,59339
29,1,108,direct,59759
29,1,109,direct,58528
29,1,110,direct,61973
29,1,111,direct,109094
29,1,112,direct,69965
29,1,113,direct,59069
29,1,114,direct,58829
29,1,115,direct,64337
29,1,116,direct,59480
29,1,117,direct,59139
29,1,118,direct,58638
29,1,119,direct,58808
29,1,120,direct,61793
29,1,121,direct,59380
29,1,122,direct,58508
29,1,123,direct,58788
29,1,124,direct,58748
29,1,125,direct,59490
29,1,126,direct,164076
29,1,127,direct,85098
30,0,0,direct,63105
30,0,1,direct,323286
30,0,2,direct,67232
30,0,3,direct,59529
30,0,4,direct,59008
30,0,5,direct,59820
30,0,6,direct,58738
30,0,7,direct,60150
30,0,8,direct,109295
30,0,9,direct,66170
30,0,10,direct,59249
30,0,11,direct,58478
30,0,12,direct,62323
30,0,13,direct,146280
30,0,14,direct,63746
30,0,15,direct,123446
30,0,16,direct,76776
30,0,17,direct,70025
30,0,18,direct,59519
30,0,19,direct,58248
30,0,20,direct,82344
30,0,21,direct,84287
30,0,22,direct,60822
30,0,23,direct,119109
30,0,24,direct,66039
30,0,25,direct,59059
30,0,26,direct,59159
30,0,27,direct,61072
30,0,28,direct,58919
30,0,29,direct,60762
30,0,30,direct,59469
30,0,31,direct,58879
30,0,32,direct,60411
30,0,33,direct,59990
30,0,34,direct,63004
30,0,35,direct,93922
30,0,36,direct,65518
30,0,37,direct,59069
30,0,38,direct,195975
30,0,39,direct,110116
30,0,40,direct,89024
30,0,41,direct,61974
30,0,42,direct,59529
30,0,43,direct,58988
30,0,44,direct,58989
30,0,45,direct,58578
30,0,46,direct,60641
30,0,47,direct,156295
30,0,48,direct,59980
30,0,49,direct,59530
30,0,50,direct,59599
30,0,51,direct,61202
30,0,52,direct,59029
30,0,53,direct,58348
30,0,54,direct,59019
30,0,55,direct,58317
30,0,56,direct,60711
30,0,57,direct,59340
30,0,58,direct,60220
30,0,59,direct,73721
30,0,60,direct,180201
30,0,61,direct,101662
30,0,62,direct,66521
30,0,63,direct,59479
30,0,64,direct,70977
30,0,65,direct,61593
30,0,66,direct,60441
30,0,67,direct,59119
30,0,68,direct,59530
30,0,69,direct,63515
30,0,70,direct,136946
30,0,71,direct,63025
30,0,72,direct,120041
30,0,73,direct,68954
30,0,74,direct,59259
30,0,75,direct,61983
30,0,76,direct,65709
30,0,77,direct,58498
30,0,78,direct,59560
30,0,79,direct,59189
30,0,80,direct,58819
30,0,81,direct,60030
30,0,82,direct,59480
30,0,83,direct,58197
30,0,84,direct,58038
30,0,85,direct,61733
30,0,86,direct,58618
30,0,87,direct,58818
30,0,88,direct,174322
30,0,89,direct,64297
30,0,90,direct,62023
30,0,91,direct,58769
30,0,92,direct,59369
30,0,93,direct,58348
30,0,94,direct,59360
30,0,95,direct,60611
30,0,96,direct,59449
30,0,97,direct,58197
30,0,98,direct,58859
30,0,99,direct,59399
30,0,100,direct,61432
30,0,101,direct,107341
30,0,102,direct,62944
30,0,103,direct,59309
30,0,104,direct,58638
30,0,105,direct,60561
30,0,106,direct,59029
30,0,107,direct,59510
30,0,108,direct,58237
30,0,109,direct,58579
30,0,110,direct,60501
30,0,111,direct,59229
30,0,112,direct,62855
30,0,113,direct,58969
30,0,114,direct,59359
30,0,115,direct,171297
30,0,116,direct,66740
30,0,117,direct,58848
30,0,118,direct,59399
30,0,119,direct,58838
30,0,120,direct,60811
30,0,121,direct,58769
30,0,122,direct,58027
30,0,123,direct,58769
30,0,124,direct,58929
30,0,125,direct,60721
30,0,126,direct,82725
30,0,127,direct,61743
30,1,0,deadpool,197767
30,1,1,deadpool,75935
30,1,2,deadpool,63456
30,1,3,deadpool,61703
30,1,4,deadpool,106701
30,1,5,deadpool,71327
30,1,6,deadpool,67391
30,1,7,deadpool,61642
30,1,8,deadpool,60981
30,1,9,deadpool,129104
30,1,10,deadpool,65298
30,1,11,deadpool,67031
30,1,12,deadpool,61182
30,1,13,deadpool,88933
30,1,14,deadpool,72339
30,1,15,deadpool,64137
30,1,16,deadpool,64527
30,1,17,deadpool,62254
30,1,18,deadpool,171888
30,1,19,deadpool,65889
30,1,20,deadpool,61493
30,1,21,deadpool,63616
30,1,22,deadpool,61082
30,1,23,deadpool,62634
30,1,24,deadpool,63856
30,1,25,deadpool,61031
30,1,26,deadpool,82454
30,1,27,deadpool,75514
30,1,28,deadpool,62184
30,1,29,deadpool,61342
30,1,30,deadpool,61102
30,1,31,deadpool,84977
30,1,32,deadpool,61182
30,1,33,deadpool,129565
30,1,34,deadpool,64638
30,1,35,deadpool,61793
30,1,36,deadpool,62824
30,1,37,deadpool,60941
30,1,38,deadpool,62003
30,1,39,deadpool,103546
30,1,40,deadpool,70746
30,1,41,deadpool,63856
30,1,42,deadpool,61362
30,1,43,deadpool,60221
30,1,44,deadpool,60922
30,1,45,deadpool,60801
30,1,46,deadpool,62243
30,1,47,deadpool,61031
30,1,48,deadpool,61382
30,1,49,deadpool,60952
30,1,50,deadpool,86881
30,1,51,deadpool,64758
30,1,52,deadpool,60942
30,1,53,deadpool,60741
30,1,54,deadpool,88083
30,1,55,deadpool,62614
30,1,56,deadpool,63275
30,1,57,deadpool,62064
30,1,58,deadpool,61222
30,1,59,deadpool,60441
30,1,60,deadpool,64788
30,1,61,deadpool,60982
30,1,62,deadpool,61693
30,1,63,deadpool,60842
30,1,64,deadpool,60541
30,1,65,deadpool,64978
30,1,66,deadpool,62083
30,1,67,deadpool,287482
30,1,68,deadpool,70947
30,1,69,deadpool,61793
30,1,70,deadpool,142415
30,1,71,deadpool,75013
30,1,72,deadpool,63055
30,1,73,deadpool,60581
30,1,74,deadpool,60731
30,1,75,deadpool,62444
30,1,76,deadpool,61402
30,1,77,deadpool,60731
30,1,78,deadpool,60681
30,1,79,deadpool,61642
30,1,80,deadpool,82134
30,1,81,deadpool,61663
30,1,82,deadpool,60822
30,1,83,deadpool,61593
30,1,84,deadpool,61602
30,1,85,deadpool,63075
30,1,86,deadpool,62714
30,1,87,deadpool,61803
30,1,88,deadpool,62174
30,1,89,deadpool,60981
30,1,90,deadpool,100832
30,1,91,deadpool,63386
30,1,92,deadpool,61232
30,1,93,deadpool,61733
30,1,94,deadpool,123575
30,1,95,deadpool,66270
30,1,96,deadpool,61782
30,1,97,deadpool,60691
30,1,98,deadpool,60081
30,1,99,deadpool,60781
30,1,100,deadpool,63887
30,1,101,deadpool,60631
30,1,102,deadpool,60862
30,1,103,deadpool,61853
30,1,104,deadpool,97848
30,1,105,deadpool,64056
30,1,106,deadpool,61953
30,1,107,deadpool,61322
30,1,108,deadpool,78068
30,1,109,deadpool,139329
30,1,110,deadpool,64006
30,1,111,deadpool,62223
30,1,112,deadpool,61313
30,1,113,deadpool,61522
30,1,114,deadpool,127872
30,1,115,deadpool,73170
30,1,116,deadpool,65589
30,1,117,deadpool,61182
30,1,118,deadpool,61342
30,1,119,deadpool,62935
30,1,120,deadpool,61773
30,1,121,deadpool,151228
30,1,122,deadpool,63726
30,1,123,deadpool,61713
30,1,124,deadpool,124257
30,1,125,deadpool,71497
30,1,126,deadpool,61823
30,1,127,deadpool,60741
31,0,0,deadpool,65008
31,0,1,deadpool,62945
31,0,2,deadpool,61072
31,0,3,deadpool,60591
31,0,4,deadpool,61243
31,0,5,deadpool,89334
31,0,6,deadpool,66561
31,0,7,deadpool,60911
31,0,8,deadpool,60140
31,0,9,deadpool,61913
31,0,10,deadpool,60791
31,0,11,deadpool,61553
31,0,12,deadpool,60631
31,0,13,deadpool,61011
31,0,14,deadpool,122404
31,0,15,deadpool,75794
31,0,16,deadpool,63175
31,0,17,deadpool,60431
31,0,18,deadpool,61031
31,0,19,deadpool,96935
31,0,20,deadpool,68563
31,0,21,deadpool,62014
31,0,22,deadpool,61372
31,0,23,deadpool,60250
31,0,24,deadpool,61682
31,0,25,deadpool,78628
31,0,26,deadpool,61212
31,0,27,deadpool,60962
31,0,28,deadpool,61372
31,0,29,deadpool,60521
31,0,30,deadpool,81022
31,0,31,deadpool,110536
31,0,32,deadpool,105268
31,0,33,deadpool,67832
31,0,34,deadpool,62905
31,0,35,deadpool,62794
31,0,36,deadpool,61012
31,0,37,deadpool,60872
31,0,38,deadpool,62043
31,0,39,deadpool,61202
31,0,40,deadpool,138609
31,0,41,deadpool,65078
31,0,42,deadpool,61312
31,0,43,deadpool,60641
31,0,44,deadpool,61202
31,0,45,deadpool,62254
31,0,46,deadpool,224087
31,0,47,deadpool,79169
31,0,48,deadpool,158348
31,0,49,deadpool,70436
31,0,50,deadpool,64337
31,0,51,deadpool,62184
31,0,52,deadpool,61883
31,0,53,deadpool,61673
31,0,54,deadpool,61412
31,0,55,deadpool,63105
31,0,56,deadpool,61753
31,0,57,deadpool,85158
31,0,58,deadpool,76525
31,0,59,deadpool,61843
31,0,60,deadpool,62374
31,0,61,deadpool,61873
31,0,62,deadpool,61012
31,0,63,deadpool,60842
31,0,64,deadpool,64537
31,0,65,deadpool,61613
31,0,66,deadpool,61403
31,0,67,deadpool,61242
31,0,68,deadpool,60902
31,0,69,deadpool,64357
31,0,70,deadpool,60911
31,0,71,deadpool,61522
31,0,72,deadpool,76956
31,0,73,deadpool,64857
31,0,74,deadpool,66270
31,0,75,deadpool,60601
31,0,76,deadpool,60391
31,0,77,deadpool,61963
31,0,78,deadpool,59920
31,0,79,deadpool,102534
31,0,80,deadpool,72509
31,0,81,deadpool,62484
31,0,82,deadpool,60882
31,0,83,deadpool,95063
31,0,84,deadpool,64167
31,0,85,deadpool,60861
31,0,86,deadpool,102033
31,0,87,deadpool,69624
31,0,88,deadpool,62113
31,0,89,deadpool,62644
31,0,90,deadpool,61071
31,0,91,deadpool,61061
31,0,92,deadpool,61742
31,0,93,deadpool,61492
31,0,94,deadpool,62654
31,0,95,deadpool,61433
31,0,96,deadpool,60311
31,0,97,deadpool,61402
31,0,98,deadpool,60181
31,0,99,deadpool,62594
31,0,100,deadpool,60430
31,0,101,deadpool,84156
31,0,102,deadpool,65478
31,0,103,deadpool,61642
31,0,104,deadpool,62404
31,0,105,deadpool,60862
31,0,106,deadpool,119029
31,0,107,deadpool,126631
31,0,108,deadpool,75393
31,0,109,deadpool,62504
31,0,110,deadpool,61342
31,0,111,deadpool,62373
31,0,112,deadpool,61422
31,0,113,deadpool,65518
31,0,114,deadpool,95153
31,0,115,deadpool,75704
31,0,116,deadpool,62193
31,0,117,deadpool,61242
31,0,118,deadpool,66951
31,0,119,deadpool,60661
31,0,120,deadpool,61643
31,0,121,deadpool,61743
31,0,122,deadpool,61402
31,0,123,deadpool,62314
31,0,124,deadpool,60571
31,0,125,deadpool,60701
31,0,126,deadpool,61122
31,0,127,deadpool,60010
31,1,0,direct,148934
31,1,1,direct,66269
31,1,2,direct,59309
31,1,3,direct,59089
31,1,4,direct,59409
31,1,5,direct,60862
31,1,6,direct,59449
31,1,7,direct,58558
31,1,8,direct,59629
31,1,9,direct,59579
31,1,10,direct,61723
31,1,11,direct,58679
31,1,12,direct,83395
31,1,13,direct,59239
31,1,14,direct,59209
31,1,15,direct,90216
31,1,16,direct,63406
31,1,17,direct,59049
31,1,18,direct,58708
31,1,19,direct,173351
31,1,20,direct,63596
31,1,21,direct,59480
31,1,22,direct,59119
31,1,23,direct,58458
31,1,24,direct,59700
31,1,25,direct,61102
31,1,26,direct,59219
31,1,27,direct,58698
31,1,28,direct,59139
31,1,29,direct,115504
31,1,30,direct,66039
31,1,31,direct,59370
31,1,32,direct,189244
31,1,33,direct,64027
31,1,34,direct,73180
31,1,35,direct,64136
31,1,36,direct,58328
31,1,37,direct,58208
31,1,38,direct,59610
31,1,39,direct,63465
31,1,40,direct,58588
31,1,41,direct,58598
31,1,42,direct,159109
31,1,43,direct,67171
31,1,44,direct,61472
31,1,45,direct,58919
31,1,46,direct,58688
31,1,47,direct,59239
31,1,48,direct,59018
31,1,49,direct,60772
31,1,50,direct,59089
31,1,51,direct,58879
31,1,52,direct,58147
31,1,53,direct,59029
31,1,54,direct,73000
31,1,55,direct,59510
31,1,56,direct,91818
31,1,57,direct,66330
31,1,58,direct,59440
31,1,59,direct,60261
31,1,60,direct,59650
31,1,61,direct,61122
31,1,62,direct,59039
31,1,63,direct,58719
31,1,64,direct,61413
31,1,65,direct,59009
31,1,66,direct,59289
31,1,67,direct,79950
31,1,68,direct,59489
31,1,69,direct,61002
31,1,70,direct,59410
31,1,71,direct,78768
31,1,72,direct,64517
31,1,73,direct,62554
31,1,74,direct,59149
31,1,75,direct,137046
31,1,76,direct,61893
31,1,77,direct,58498
31,1,78,direct,60260
31,1,79,direct,59360
31,1,80,direct,58578
31,1,81,direct,59490
31,1,82,direct,59269
31,1,83,direct,59660
31,1,84,direct,58759
31,1,85,direct,58828
31,1,86,direct,83336
31,1,87,direct,61443
31,1,88,direct,61733
31,1,89,direct,111778
31,1,90,direct,68333
31,1,91,direct,59250
31,1,92,direct,59319
31,1,93,direct,60210
31,1,94,direct,58939
31,1,95,direct,58378
31,1,96,direct,58848
31,1,97,direct,59779
31,1,98,direct,60671
31,1,99,direct,58238
31,1,100,direct,58799
31,1,101,direct,145308
31,1,102,direct,60851
31,1,103,direct,60881
31,1,104,direct,58808
31,1,105,direct,60281
31,1,106,direct,59409
31,1,107,direct,62134
31,1,108,direct,60832
31,1,109,direct,58658
31,1,110,direct,58978
31,1,111,direct,59300
31,1,112,direct,59299
31,1,113,direct,60311
31,1,114,direct,59189
31,1,115,direct,58408
31,1,116,direct,84567
31,1,117,direct,59790
31,1,118,direct,60782
31,1,119,direct,59590
31,1,120,direct,58878
31,1,121,direct,58427
31,1,122,direct,62003
31,1,123,direct,59379
31,1,124,direct,59419
31,1,125,direct,60361
31,1,126,direct,60280
31,1,127,direct,87071
