batch,phase,index,backend,elapsed_ns
0,0,0,unbounded_fixture,80061
0,0,1,unbounded_fixture,65940
0,0,2,unbounded_fixture,63195
0,0,3,unbounded_fixture,63125
0,0,4,unbounded_fixture,68053
0,0,5,unbounded_fixture,63886
0,0,6,unbounded_fixture,64297
0,0,7,unbounded_fixture,64287
0,0,8,unbounded_fixture,63626
0,0,9,unbounded_fixture,67562
0,0,10,unbounded_fixture,62695
0,0,11,unbounded_fixture,62894
0,0,12,unbounded_fixture,62554
0,0,13,unbounded_fixture,266661
0,0,14,unbounded_fixture,89274
0,0,15,unbounded_fixture,64757
0,0,16,unbounded_fixture,134923
0,0,17,unbounded_fixture,69284
0,0,18,unbounded_fixture,64637
0,0,19,unbounded_fixture,66159
0,0,20,unbounded_fixture,63175
0,0,21,unbounded_fixture,64166
0,0,22,unbounded_fixture,62865
0,0,23,unbounded_fixture,107562
0,0,24,unbounded_fixture,80722
0,0,25,unbounded_fixture,64787
0,0,26,unbounded_fixture,63215
0,0,27,unbounded_fixture,63686
0,0,28,unbounded_fixture,68614
0,0,29,unbounded_fixture,65819
0,0,30,unbounded_fixture,64267
0,0,31,unbounded_fixture,63676
0,0,32,unbounded_fixture,183476
0,0,33,unbounded_fixture,83826
0,0,34,unbounded_fixture,66540
0,0,35,unbounded_fixture,113891
0,0,36,unbounded_fixture,77536
0,0,37,unbounded_fixture,272319
0,0,38,unbounded_fixture,72399
0,0,39,unbounded_fixture,63987
0,0,40,unbounded_fixture,63786
0,0,41,unbounded_fixture,62844
0,0,42,unbounded_fixture,63326
0,0,43,unbounded_fixture,66099
0,0,44,unbounded_fixture,64327
0,0,45,unbounded_fixture,62884
0,0,46,unbounded_fixture,95143
0,0,47,unbounded_fixture,72519
0,0,48,unbounded_fixture,64297
0,0,49,unbounded_fixture,66650
0,0,50,unbounded_fixture,63205
0,0,51,unbounded_fixture,62645
0,0,52,unbounded_fixture,66971
0,0,53,unbounded_fixture,63987
0,0,54,unbounded_fixture,64136
0,0,55,unbounded_fixture,65279
0,0,56,unbounded_fixture,65859
0,0,57,unbounded_fixture,67632
0,0,58,unbounded_fixture,64657
0,0,59,unbounded_fixture,70997
0,0,60,unbounded_fixture,268685
0,0,61,unbounded_fixture,66480
0,0,62,unbounded_fixture,65268
0,0,63,unbounded_fixture,64307
0,0,64,unbounded_fixture,124968
0,0,65,unbounded_fixture,68103
0,0,66,unbounded_fixture,64237
0,0,67,unbounded_fixture,68773
0,0,68,unbounded_fixture,63555
0,0,69,unbounded_fixture,66210
0,0,70,unbounded_fixture,395124
0,0,71,unbounded_fixture,73140
0,0,72,unbounded_fixture,66531
0,0,73,unbounded_fixture,64967
0,0,74,unbounded_fixture,63716
0,0,75,unbounded_fixture,64337
0,0,76,unbounded_fixture,63506
0,0,77,unbounded_fixture,188403
0,0,78,unbounded_fixture,442506
0,0,79,unbounded_fixture,75964
0,0,80,unbounded_fixture,64637
0,0,81,unbounded_fixture,75744
0,0,82,unbounded_fixture,63886
0,0,83,unbounded_fixture,63656
0,0,84,unbounded_fixture,64577
0,0,85,unbounded_fixture,324288
0,0,86,unbounded_fixture,82535
0,0,87,unbounded_fixture,66631
0,0,88,unbounded_fixture,66069
0,0,89,unbounded_fixture,64207
0,0,90,unbounded_fixture,64407
0,0,91,unbounded_fixture,75904
0,0,92,unbounded_fixture,66550
0,0,93,unbounded_fixture,143997
0,0,94,unbounded_fixture,71147
0,0,95,unbounded_fixture,65118
0,0,96,unbounded_fixture,97096
0,0,97,unbounded_fixture,97316
0,0,98,unbounded_fixture,67752
0,0,99,unbounded_fixture,67241
0,0,100,unbounded_fixture,63706
0,0,101,unbounded_fixture,188524
0,0,102,unbounded_fixture,79920
0,0,103,unbounded_fixture,135364
0,0,104,unbounded_fixture,65969
0,0,105,unbounded_fixture,63656
0,0,106,unbounded_fixture,65308
0,0,107,unbounded_fixture,285380
0,0,108,unbounded_fixture,106891
0,0,109,unbounded_fixture,66510
0,0,110,unbounded_fixture,64517
0,0,111,unbounded_fixture,66330
0,0,112,unbounded_fixture,63596
0,0,113,unbounded_fixture,63806
0,0,114,unbounded_fixture,160531
0,0,115,unbounded_fixture,85589
0,0,116,unbounded_fixture,116966
0,0,117,unbounded_fixture,77977
0,0,118,unbounded_fixture,174352
0,0,119,unbounded_fixture,79470
0,0,120,unbounded_fixture,72820
0,0,121,unbounded_fixture,68874
0,0,122,unbounded_fixture,63836
0,0,123,unbounded_fixture,63175
0,0,124,unbounded_fixture,63685
0,0,125,unbounded_fixture,62795
0,0,126,unbounded_fixture,64997
0,0,127,unbounded_fixture,63996
0,1,0,bounded,116926
0,1,1,bounded,75123
0,1,2,bounded,67071
0,1,3,bounded,67271
0,1,4,bounded,64878
0,1,5,bounded,64387
0,1,6,bounded,65288
0,1,7,bounded,64297
0,1,8,bounded,68783
0,1,9,bounded,68132
0,1,10,bounded,66500
0,1,11,bounded,67902
0,1,12,bounded,72349
0,1,13,bounded,65658
0,1,14,bounded,91127
0,1,15,bounded,67181
0,1,16,bounded,63466
0,1,17,bounded,70647
0,1,18,bounded,66050
0,1,19,bounded,64888
0,1,20,bounded,63726
0,1,21,bounded,150316
0,1,22,bounded,83345
0,1,23,bounded,66661
0,1,24,bounded,67281
0,1,25,bounded,65259
0,1,26,bounded,67001
0,1,27,bounded,98428
0,1,28,bounded,66590
0,1,29,bounded,65819
0,1,30,bounded,66199
0,1,31,bounded,67191
0,1,32,bounded,65899
0,1,33,bounded,63616
0,1,34,bounded,344278
0,1,35,bounded,95463
0,1,36,bounded,108573
0,1,37,bounded,68924
0,1,38,bounded,66490
0,1,39,bounded,65138
0,1,40,bounded,70947
0,1,41,bounded,69945
0,1,42,bounded,66801
0,1,43,bounded,64698
0,1,44,bounded,106380
0,1,45,bounded,70476
0,1,46,bounded,68643
0,1,47,bounded,66860
0,1,48,bounded,64967
0,1,49,bounded,121813
0,1,50,bounded,84968
0,1,51,bounded,69594
0,1,52,bounded,68753
0,1,53,bounded,64507
0,1,54,bounded,66129
0,1,55,bounded,109725
0,1,56,bounded,72970
0,1,57,bounded,66450
0,1,58,bounded,64528
0,1,59,bounded,65428
0,1,60,bounded,65449
0,1,61,bounded,66811
0,1,62,bounded,171718
0,1,63,bounded,79149
0,1,64,bounded,67522
0,1,65,bounded,65239
0,1,66,bounded,92590
0,1,67,bounded,67802
0,1,68,bounded,66510
0,1,69,bounded,68713
0,1,70,bounded,64888
0,1,71,bounded,67712
0,1,72,bounded,64297
0,1,73,bounded,65058
0,1,74,bounded,127521
0,1,75,bounded,82113
0,1,76,bounded,67792
0,1,77,bounded,185078
0,1,78,bounded,371508
0,1,79,bounded,85208
0,1,80,bounded,74202
0,1,81,bounded,120161
0,1,82,bounded,74602
0,1,83,bounded,65989
0,1,84,bounded,64467
0,1,85,bounded,68944
0,1,86,bounded,65569
0,1,87,bounded,64137
0,1,88,bounded,66360
0,1,89,bounded,1630272
0,1,90,bounded,83176
0,1,91,bounded,66310
0,1,92,bounded,63616
0,1,93,bounded,63666
0,1,94,bounded,64377
0,1,95,bounded,66120
0,1,96,bounded,65209
0,1,97,bounded,64297
0,1,98,bounded,65068
0,1,99,bounded,70967
0,1,100,bounded,67232
0,1,101,bounded,118388
0,1,102,bounded,73901
0,1,103,bounded,64597
0,1,104,bounded,64927
0,1,105,bounded,67161
0,1,106,bounded,63526
0,1,107,bounded,64477
0,1,108,bounded,62705
0,1,109,bounded,75894
0,1,110,bounded,67081
0,1,111,bounded,103135
0,1,112,bounded,67211
0,1,113,bounded,65559
0,1,114,bounded,560634
0,1,115,bounded,89344
0,1,116,bounded,71898
0,1,117,bounded,66370
0,1,118,bounded,64497
0,1,119,bounded,65388
0,1,120,bounded,69394
0,1,121,bounded,134522
0,1,122,bounded,70687
0,1,123,bounded,65259
0,1,124,bounded,87862
0,1,125,bounded,66910
0,1,126,bounded,118678
0,1,127,bounded,75243
1,0,0,bounded,67631
1,0,1,bounded,63695
1,0,2,bounded,65358
1,0,3,bounded,64658
1,0,4,bounded,63545
1,0,5,bounded,126069
1,0,6,bounded,80491
1,0,7,bounded,66039
1,0,8,bounded,63536
1,0,9,bounded,63906
1,0,10,bounded,64296
1,0,11,bounded,71198
1,0,12,bounded,69054
1,0,13,bounded,64847
1,0,14,bounded,65498
1,0,15,bounded,63666
1,0,16,bounded,69404
1,0,17,bounded,65168
1,0,18,bounded,65969
1,0,19,bounded,80401
1,0,20,bounded,65959
1,0,21,bounded,65528
1,0,22,bounded,87551
1,0,23,bounded,67701
1,0,24,bounded,66490
1,0,25,bounded,64687
1,0,26,bounded,66660
1,0,27,bounded,64076
1,0,28,bounded,63575
1,0,29,bounded,107813
1,0,30,bounded,74983
1,0,31,bounded,68973
1,0,32,bounded,105559
1,0,33,bounded,68533
1,0,34,bounded,64857
1,0,35,bounded,63977
1,0,36,bounded,64567
1,0,37,bounded,64296
1,0,38,bounded,64837
1,0,39,bounded,63526
1,0,40,bounded,64758
1,0,41,bounded,65208
1,0,42,bounded,64497
1,0,43,bounded,63114
1,0,44,bounded,64256
1,0,45,bounded,64127
1,0,46,bounded,114002
1,0,47,bounded,76755
1,0,48,bounded,64196
1,0,49,bounded,64447
1,0,50,bounded,71467
1,0,51,bounded,64987
1,0,52,bounded,64847
1,0,53,bounded,63786
1,0,54,bounded,65058
1,0,55,bounded,93000
1,0,56,bounded,95613
1,0,57,bounded,66340
1,0,58,bounded,64397
1,0,59,bounded,64307
1,0,60,bounded,86931
1,0,61,bounded,66379
1,0,62,bounded,67601
1,0,63,bounded,65428
1,0,64,bounded,65068
1,0,65,bounded,66360
1,0,66,bounded,64177
1,0,67,bounded,63135
1,0,68,bounded,63846
1,0,69,bounded,65088
1,0,70,bounded,65168
1,0,71,bounded,65128
1,0,72,bounded,63906
1,0,73,bounded,69264
1,0,74,bounded,84677
1,0,75,bounded,68363
1,0,76,bounded,63616
1,0,77,bounded,65649
1,0,78,bounded,64047
1,0,79,bounded,157497
1,0,80,bounded,73921
1,0,81,bounded,66019
1,0,82,bounded,90006
1,0,83,bounded,87342
1,0,84,bounded,69174
1,0,85,bounded,65899
1,0,86,bounded,103136
1,0,87,bounded,68453
1,0,88,bounded,64958
1,0,89,bounded,70616
1,0,90,bounded,65108
1,0,91,bounded,62784
1,0,92,bounded,65619
1,0,93,bounded,63696
1,0,94,bounded,67391
1,0,95,bounded,64407
1,0,96,bounded,152079
1,0,97,bounded,73982
1,0,98,bounded,107261
1,0,99,bounded,78428
1,0,100,bounded,67512
1,0,101,bounded,64607
1,0,102,bounded,65108
1,0,103,bounded,62974
1,0,104,bounded,65218
1,0,105,bounded,62774
1,0,106,bounded,69895
1,0,107,bounded,157557
1,0,108,bounded,64447
1,0,109,bounded,66049
1,0,110,bounded,63716
1,0,111,bounded,126781
1,0,112,bounded,75693
1,0,113,bounded,65388
1,0,114,bounded,65729
1,0,115,bounded,64046
1,0,116,bounded,64748
1,0,117,bounded,63756
1,0,118,bounded,63916
1,0,119,bounded,65008
1,0,120,bounded,64787
1,0,121,bounded,63977
1,0,122,bounded,64056
1,0,123,bounded,63936
1,0,124,bounded,66620
1,0,125,bounded,109234
1,0,126,bounded,68724
1,0,127,bounded,66831
1,1,0,unbounded_fixture,75603
1,1,1,unbounded_fixture,64507
1,1,2,unbounded_fixture,63315
1,1,3,unbounded_fixture,62284
1,1,4,unbounded_fixture,62805
1,1,5,unbounded_fixture,75613
1,1,6,unbounded_fixture,64787
1,1,7,unbounded_fixture,121874
1,1,8,unbounded_fixture,66731
1,1,9,unbounded_fixture,64096
1,1,10,unbounded_fixture,91768
1,1,11,unbounded_fixture,67982
1,1,12,unbounded_fixture,63655
1,1,13,unbounded_fixture,127351
1,1,14,unbounded_fixture,73070
1,1,15,unbounded_fixture,62995
1,1,16,unbounded_fixture,64447
1,1,17,unbounded_fixture,62153
1,1,18,unbounded_fixture,61984
1,1,19,unbounded_fixture,62354
1,1,20,unbounded_fixture,67171
1,1,21,unbounded_fixture,62714
1,1,22,unbounded_fixture,282906
1,1,23,unbounded_fixture,108022
1,1,24,unbounded_fixture,67762
1,1,25,unbounded_fixture,72769
1,1,26,unbounded_fixture,66440
1,1,27,unbounded_fixture,61673
1,1,28,unbounded_fixture,65679
1,1,29,unbounded_fixture,62163
1,1,30,unbounded_fixture,65088
1,1,31,unbounded_fixture,63436
1,1,32,unbounded_fixture,62494
1,1,33,unbounded_fixture,62013
1,1,34,unbounded_fixture,63475
1,1,35,unbounded_fixture,79510
1,1,36,unbounded_fixture,63366
1,1,37,unbounded_fixture,62564
1,1,38,unbounded_fixture,62214
1,1,39,unbounded_fixture,62384
1,1,40,unbounded_fixture,64467
1,1,41,unbounded_fixture,62343
1,1,42,unbounded_fixture,61772
1,1,43,unbounded_fixture,175994
1,1,44,unbounded_fixture,72730
1,1,45,unbounded_fixture,70436
1,1,46,unbounded_fixture,64067
1,1,47,unbounded_fixture,118498
1,1,48,unbounded_fixture,69905
1,1,49,unbounded_fixture,81352
1,1,50,unbounded_fixture,66320
1,1,51,unbounded_fixture,66590
1,1,52,unbounded_fixture,64026
1,1,53,unbounded_fixture,62605
1,1,54,unbounded_fixture,62584
1,1,55,unbounded_fixture,64728
1,1,56,unbounded_fixture,83536
1,1,57,unbounded_fixture,68633
1,1,58,unbounded_fixture,62815
1,1,59,unbounded_fixture,62955
1,1,60,unbounded_fixture,78238
1,1,61,unbounded_fixture,84498
1,1,62,unbounded_fixture,64887
1,1,63,unbounded_fixture,63084
1,1,64,unbounded_fixture,62904
1,1,65,unbounded_fixture,64647
1,1,66,unbounded_fixture,63025
1,1,67,unbounded_fixture,144548
1,1,68,unbounded_fixture,77767
1,1,69,unbounded_fixture,121443
1,1,70,unbounded_fixture,67181
1,1,71,unbounded_fixture,182936
1,1,72,unbounded_fixture,78878
1,1,73,unbounded_fixture,64667
1,1,74,unbounded_fixture,70045
1,1,75,unbounded_fixture,64247
1,1,76,unbounded_fixture,63486
1,1,77,unbounded_fixture,62754
1,1,78,unbounded_fixture,63196
1,1,79,unbounded_fixture,67211
1,1,80,unbounded_fixture,62804
1,1,81,unbounded_fixture,63055
1,1,82,unbounded_fixture,62645
1,1,83,unbounded_fixture,163025
1,1,84,unbounded_fixture,177918
1,1,85,unbounded_fixture,68003
1,1,86,unbounded_fixture,63415
1,1,87,unbounded_fixture,64217
1,1,88,unbounded_fixture,63055
1,1,89,unbounded_fixture,152319
1,1,90,unbounded_fixture,83365
1,1,91,unbounded_fixture,64106
1,1,92,unbounded_fixture,68774
1,1,93,unbounded_fixture,63996
1,1,94,unbounded_fixture,63966
1,1,95,unbounded_fixture,83305
1,1,96,unbounded_fixture,92169
1,1,97,unbounded_fixture,64166
1,1,98,unbounded_fixture,62454
1,1,99,unbounded_fixture,64427
1,1,100,unbounded_fixture,61963
1,1,101,unbounded_fixture,61953
1,1,102,unbounded_fixture,61933
1,1,103,unbounded_fixture,62103
1,1,104,unbounded_fixture,65168
1,1,105,unbounded_fixture,62474
1,1,106,unbounded_fixture,117066
1,1,107,unbounded_fixture,70456
1,1,108,unbounded_fixture,64357
1,1,109,unbounded_fixture,150737
1,1,110,unbounded_fixture,71218
1,1,111,unbounded_fixture,71648
1,1,112,unbounded_fixture,138107
1,1,113,unbounded_fixture,72629
1,1,114,unbounded_fixture,64197
1,1,115,unbounded_fixture,125108
1,1,116,unbounded_fixture,75884
1,1,117,unbounded_fixture,63235
1,1,118,unbounded_fixture,64357
1,1,119,unbounded_fixture,62764
1,1,120,unbounded_fixture,116926
1,1,121,unbounded_fixture,74372
1,1,122,unbounded_fixture,62875
1,1,123,unbounded_fixture,65619
1,1,124,unbounded_fixture,63446
1,1,125,unbounded_fixture,63055
1,1,126,unbounded_fixture,63055
1,1,127,unbounded_fixture,62053
2,0,0,unbounded_fixture,64588
2,0,1,unbounded_fixture,63596
2,0,2,unbounded_fixture,63325
2,0,3,unbounded_fixture,63165
2,0,4,unbounded_fixture,62634
2,0,5,unbounded_fixture,64457
2,0,6,unbounded_fixture,83585
2,0,7,unbounded_fixture,68152
2,0,8,unbounded_fixture,63615
2,0,9,unbounded_fixture,127542
2,0,10,unbounded_fixture,178409
2,0,11,unbounded_fixture,69234
2,0,12,unbounded_fixture,63265
2,0,13,unbounded_fixture,63806
2,0,14,unbounded_fixture,68092
2,0,15,unbounded_fixture,180322
2,0,16,unbounded_fixture,466241
2,0,17,unbounded_fixture,76234
2,0,18,unbounded_fixture,64286
2,0,19,unbounded_fixture,64417
2,0,20,unbounded_fixture,92399
2,0,21,unbounded_fixture,69174
2,0,22,unbounded_fixture,63175
2,0,23,unbounded_fixture,63375
2,0,24,unbounded_fixture,132519
2,0,25,unbounded_fixture,72989
2,0,26,unbounded_fixture,64166
2,0,27,unbounded_fixture,62494
2,0,28,unbounded_fixture,62915
2,0,29,unbounded_fixture,66360
2,0,30,unbounded_fixture,62974
2,0,31,unbounded_fixture,62694
2,0,32,unbounded_fixture,566653
2,0,33,unbounded_fixture,80561
2,0,34,unbounded_fixture,77507
2,0,35,unbounded_fixture,65749
2,0,36,unbounded_fixture,190126
2,0,37,unbounded_fixture,116936
2,0,38,unbounded_fixture,65679
2,0,39,unbounded_fixture,68012
2,0,40,unbounded_fixture,63656
2,0,41,unbounded_fixture,63626
2,0,42,unbounded_fixture,113451
2,0,43,unbounded_fixture,73691
2,0,44,unbounded_fixture,149545
2,0,45,unbounded_fixture,78999
2,0,46,unbounded_fixture,65869
2,0,47,unbounded_fixture,64858
2,0,48,unbounded_fixture,65018
2,0,49,unbounded_fixture,65469
2,0,50,unbounded_fixture,63125
2,0,51,unbounded_fixture,63285
2,0,52,unbounded_fixture,63295
2,0,53,unbounded_fixture,63355
2,0,54,unbounded_fixture,62634
2,0,55,unbounded_fixture,308444
2,0,56,unbounded_fixture,76054
2,0,57,unbounded_fixture,65138
2,0,58,unbounded_fixture,63486
2,0,59,unbounded_fixture,66951
2,0,60,unbounded_fixture,63786
2,0,61,unbounded_fixture,64197
2,0,62,unbounded_fixture,85999
2,0,63,unbounded_fixture,67632
2,0,64,unbounded_fixture,65539
2,0,65,unbounded_fixture,78969
2,0,66,unbounded_fixture,93922
2,0,67,unbounded_fixture,63465
2,0,68,unbounded_fixture,63245
2,0,69,unbounded_fixture,63425
2,0,70,unbounded_fixture,63025
2,0,71,unbounded_fixture,63366
2,0,72,unbounded_fixture,62504
2,0,73,unbounded_fixture,63365
2,0,74,unbounded_fixture,131098
2,0,75,unbounded_fixture,67341
2,0,76,unbounded_fixture,65329
2,0,77,unbounded_fixture,255304
2,0,78,unbounded_fixture,83636
2,0,79,unbounded_fixture,66429
2,0,80,unbounded_fixture,267562
2,0,81,unbounded_fixture,91998
2,0,82,unbounded_fixture,74001
2,0,83,unbounded_fixture,188183
2,0,84,unbounded_fixture,67902
2,0,85,unbounded_fixture,95253
2,0,86,unbounded_fixture,71889
2,0,87,unbounded_fixture,64006
2,0,88,unbounded_fixture,98759
2,0,89,unbounded_fixture,323026
2,0,90,unbounded_fixture,65319
2,0,91,unbounded_fixture,64808
2,0,92,unbounded_fixture,63115
2,0,93,unbounded_fixture,71147
2,0,94,unbounded_fixture,64317
2,0,95,unbounded_fixture,87482
2,0,96,unbounded_fixture,69995
2,0,97,unbounded_fixture,64847
2,0,98,unbounded_fixture,69194
2,0,99,unbounded_fixture,64437
2,0,100,unbounded_fixture,66410
2,0,101,unbounded_fixture,63556
2,0,102,unbounded_fixture,65428
2,0,103,unbounded_fixture,73410
2,0,104,unbounded_fixture,224217
2,0,105,unbounded_fixture,69565
2,0,106,unbounded_fixture,110977
2,0,107,unbounded_fixture,141022
2,0,108,unbounded_fixture,77456
2,0,109,unbounded_fixture,138017
2,0,110,unbounded_fixture,69345
2,0,111,unbounded_fixture,63275
2,0,112,unbounded_fixture,66560
2,0,113,unbounded_fixture,67121
2,0,114,unbounded_fixture,119380
2,0,115,unbounded_fixture,72148
2,0,116,unbounded_fixture,64267
2,0,117,unbounded_fixture,64357
2,0,118,unbounded_fixture,83215
2,0,119,unbounded_fixture,64167
2,0,120,unbounded_fixture,65439
2,0,121,unbounded_fixture,63836
2,0,122,unbounded_fixture,68593
2,0,123,unbounded_fixture,63125
2,0,124,unbounded_fixture,125058
2,0,125,unbounded_fixture,101323
2,0,126,unbounded_fixture,64557
2,0,127,unbounded_fixture,70045
2,1,0,bounded,95153
2,1,1,bounded,66700
2,1,2,bounded,108594
2,1,3,bounded,71798
2,1,4,bounded,160682
2,1,5,bounded,115664
2,1,6,bounded,67712
2,1,7,bounded,64758
2,1,8,bounded,64938
2,1,9,bounded,66340
2,1,10,bounded,64447
2,1,11,bounded,64137
2,1,12,bounded,64417
2,1,13,bounded,65248
2,1,14,bounded,117437
2,1,15,bounded,67782
2,1,16,bounded,65659
2,1,17,bounded,65028
2,1,18,bounded,64377
2,1,19,bounded,66240
2,1,20,bounded,66500
2,1,21,bounded,66299
2,1,22,bounded,64957
2,1,23,bounded,94101
2,1,24,bounded,81212
2,1,25,bounded,66570
2,1,26,bounded,64617
2,1,27,bounded,155314
2,1,28,bounded,69545
2,1,29,bounded,68903
2,1,30,bounded,65007
2,1,31,bounded,65017
2,1,32,bounded,64056
2,1,33,bounded,63185
2,1,34,bounded,605101
2,1,35,bounded,124276
2,1,36,bounded,68163
2,1,37,bounded,137948
2,1,38,bounded,99951
2,1,39,bounded,68382
2,1,40,bounded,65839
2,1,41,bounded,64086
2,1,42,bounded,64296
2,1,43,bounded,65729
2,1,44,bounded,92649
2,1,45,bounded,71688
2,1,46,bounded,64968
2,1,47,bounded,64267
2,1,48,bounded,71267
2,1,49,bounded,66300
2,1,50,bounded,66080
2,1,51,bounded,67021
2,1,52,bounded,65378
2,1,53,bounded,70075
2,1,54,bounded,65999
2,1,55,bounded,64417
2,1,56,bounded,66139
2,1,57,bounded,65549
2,1,58,bounded,89334
2,1,59,bounded,322575
2,1,60,bounded,75624
2,1,61,bounded,66440
2,1,62,bounded,65609
2,1,63,bounded,67231
2,1,64,bounded,143897
2,1,65,bounded,97366
2,1,66,bounded,67892
2,1,67,bounded,111979
2,1,68,bounded,76405
2,1,69,bounded,67422
2,1,70,bounded,66941
2,1,71,bounded,123186
2,1,72,bounded,82084
2,1,73,bounded,70937
2,1,74,bounded,66720
2,1,75,bounded,114522
2,1,76,bounded,70696
2,1,77,bounded,65458
2,1,78,bounded,66890
2,1,79,bounded,117717
2,1,80,bounded,75754
2,1,81,bounded,64537
2,1,82,bounded,64987
2,1,83,bounded,65058
2,1,84,bounded,64758
2,1,85,bounded,69224
2,1,86,bounded,65799
2,1,87,bounded,64236
2,1,88,bounded,66580
2,1,89,bounded,65679
2,1,90,bounded,65449
2,1,91,bounded,64998
2,1,92,bounded,220532
2,1,93,bounded,71778
2,1,94,bounded,65148
2,1,95,bounded,64958
2,1,96,bounded,64076
2,1,97,bounded,64917
2,1,98,bounded,67291
2,1,99,bounded,65809
2,1,100,bounded,68754
2,1,101,bounded,64878
2,1,102,bounded,64246
2,1,103,bounded,217387
2,1,104,bounded,78098
2,1,105,bounded,65839
2,1,106,bounded,63415
2,1,107,bounded,71919
2,1,108,bounded,71348
2,1,109,bounded,65478
2,1,110,bounded,71287
2,1,111,bounded,119800
2,1,112,bounded,165699
2,1,113,bounded,91698
2,1,114,bounded,94302
2,1,115,bounded,76155
2,1,116,bounded,67822
2,1,117,bounded,72499
2,1,118,bounded,66369
2,1,119,bounded,66610
2,1,120,bounded,66260
2,1,121,bounded,64227
2,1,122,bounded,65659
2,1,123,bounded,64006
2,1,124,bounded,65419
2,1,125,bounded,65088
2,1,126,bounded,63546
2,1,127,bounded,69925
3,0,0,bounded,94372
3,0,1,bounded,69014
3,0,2,bounded,64397
3,0,3,bounded,64276
3,0,4,bounded,65278
3,0,5,bounded,65018
3,0,6,bounded,63486
3,0,7,bounded,65479
3,0,8,bounded,64126
3,0,9,bounded,66350
3,0,10,bounded,62284
3,0,11,bounded,65018
3,0,12,bounded,65048
3,0,13,bounded,63786
3,0,14,bounded,149806
3,0,15,bounded,69906
3,0,16,bounded,63756
3,0,17,bounded,64046
3,0,18,bounded,64577
3,0,19,bounded,67161
3,0,20,bounded,63636
3,0,21,bounded,64237
3,0,22,bounded,64848
3,0,23,bounded,67632
3,0,24,bounded,66050
3,0,25,bounded,64257
3,0,26,bounded,66030
3,0,27,bounded,67211
3,0,28,bounded,110977
3,0,29,bounded,69534
3,0,30,bounded,63114
3,0,31,bounded,63746
3,0,32,bounded,64136
3,0,33,bounded,69535
3,0,34,bounded,65899
3,0,35,bounded,64176
3,0,36,bounded,63946
3,0,37,bounded,64096
3,0,38,bounded,96966
3,0,39,bounded,68092
3,0,40,bounded,87672
3,0,41,bounded,69044
3,0,42,bounded,66069
3,0,43,bounded,66180
3,0,44,bounded,65228
3,0,45,bounded,63686
3,0,46,bounded,65479
3,0,47,bounded,63305
3,0,48,bounded,66821
3,0,49,bounded,66090
3,0,50,bounded,64257
3,0,51,bounded,65108
3,0,52,bounded,65298
3,0,53,bounded,66209
3,0,54,bounded,81092
3,0,55,bounded,69124
3,0,56,bounded,69174
3,0,57,bounded,63976
3,0,58,bounded,65058
3,0,59,bounded,63566
3,0,60,bounded,64137
3,0,61,bounded,63806
3,0,62,bounded,63706
3,0,63,bounded,66260
3,0,64,bounded,65048
3,0,65,bounded,63085
3,0,66,bounded,62844
3,0,67,bounded,67642
3,0,68,bounded,65719
3,0,69,bounded,88724
3,0,70,bounded,68263
3,0,71,bounded,63937
3,0,72,bounded,70947
3,0,73,bounded,65328
3,0,74,bounded,63686
3,0,75,bounded,77266
3,0,76,bounded,68823
3,0,77,bounded,69665
3,0,78,bounded,65118
3,0,79,bounded,63355
3,0,80,bounded,64157
3,0,81,bounded,63385
3,0,82,bounded,65058
3,0,83,bounded,78789
3,0,84,bounded,68203
3,0,85,bounded,63696
3,0,86,bounded,64257
3,0,87,bounded,66090
3,0,88,bounded,65439
3,0,89,bounded,64317
3,0,90,bounded,64807
3,0,91,bounded,63966
3,0,92,bounded,65729
3,0,93,bounded,69174
3,0,94,bounded,147632
3,0,95,bounded,66239
3,0,96,bounded,85659
3,0,97,bounded,82464
3,0,98,bounded,66089
3,0,99,bounded,64196
3,0,100,bounded,76806
3,0,101,bounded,66260
3,0,102,bounded,261683
3,0,103,bounded,128383
3,0,104,bounded,77326
3,0,105,bounded,66249
3,0,106,bounded,108053
3,0,107,bounded,75624
3,0,108,bounded,65138
3,0,109,bounded,66009
3,0,110,bounded,63706
3,0,111,bounded,66770
3,0,112,bounded,67051
3,0,113,bounded,66841
3,0,114,bounded,63135
3,0,115,bounded,65709
3,0,116,bounded,68343
3,0,117,bounded,66130
3,0,118,bounded,64016
3,0,119,bounded,65198
3,0,120,bounded,80792
3,0,121,bounded,73771
3,0,122,bounded,64958
3,0,123,bounded,122815
3,0,124,bounded,67711
3,0,125,bounded,70155
3,0,126,bounded,66821
3,0,127,bounded,66370
3,1,0,unbounded_fixture,76475
3,1,1,unbounded_fixture,63756
3,1,2,unbounded_fixture,62304
3,1,3,unbounded_fixture,65989
3,1,4,unbounded_fixture,63385
3,1,5,unbounded_fixture,63335
3,1,6,unbounded_fixture,98178
3,1,7,unbounded_fixture,79810
3,1,8,unbounded_fixture,66780
3,1,9,unbounded_fixture,62604
3,1,10,unbounded_fixture,62735
3,1,11,unbounded_fixture,62764
3,1,12,unbounded_fixture,63065
3,1,13,unbounded_fixture,64837
3,1,14,unbounded_fixture,63526
3,1,15,unbounded_fixture,74432
3,1,16,unbounded_fixture,105659
3,1,17,unbounded_fixture,66340
3,1,18,unbounded_fixture,65248
3,1,19,unbounded_fixture,85158
3,1,20,unbounded_fixture,289115
3,1,21,unbounded_fixture,85379
3,1,22,unbounded_fixture,65559
3,1,23,unbounded_fixture,65629
3,1,24,unbounded_fixture,101773
3,1,25,unbounded_fixture,69745
3,1,26,unbounded_fixture,64707
3,1,27,unbounded_fixture,62885
3,1,28,unbounded_fixture,64587
3,1,29,unbounded_fixture,105308
3,1,30,unbounded_fixture,77967
3,1,31,unbounded_fixture,63766
3,1,32,unbounded_fixture,63325
3,1,33,unbounded_fixture,64227
3,1,34,unbounded_fixture,63786
3,1,35,unbounded_fixture,63465
3,1,36,unbounded_fixture,63285
3,1,37,unbounded_fixture,62003
3,1,38,unbounded_fixture,64668
3,1,39,unbounded_fixture,63105
3,1,40,unbounded_fixture,63736
3,1,41,unbounded_fixture,61713
3,1,42,unbounded_fixture,67070
3,1,43,unbounded_fixture,62434
3,1,44,unbounded_fixture,151789
3,1,45,unbounded_fixture,80481
3,1,46,unbounded_fixture,66019
3,1,47,unbounded_fixture,148033
3,1,48,unbounded_fixture,137297
3,1,49,unbounded_fixture,73310
3,1,50,unbounded_fixture,62093
3,1,51,unbounded_fixture,62784
3,1,52,unbounded_fixture,67912
3,1,53,unbounded_fixture,63575
3,1,54,unbounded_fixture,62293
3,1,55,unbounded_fixture,104707
3,1,56,unbounded_fixture,68994
3,1,57,unbounded_fixture,65759
3,1,58,unbounded_fixture,64006
3,1,59,unbounded_fixture,63906
3,1,60,unbounded_fixture,62224
3,1,61,unbounded_fixture,62654
3,1,62,unbounded_fixture,64257
3,1,63,unbounded_fixture,62053
3,1,64,unbounded_fixture,64427
3,1,65,unbounded_fixture,94803
3,1,66,unbounded_fixture,66600
3,1,67,unbounded_fixture,65749
3,1,68,unbounded_fixture,84457
3,1,69,unbounded_fixture,64767
3,1,70,unbounded_fixture,83105
3,1,71,unbounded_fixture,64717
3,1,72,unbounded_fixture,65699
3,1,73,unbounded_fixture,62173
3,1,74,unbounded_fixture,62484
3,1,75,unbounded_fixture,62764
3,1,76,unbounded_fixture,61703
3,1,77,unbounded_fixture,65198
3,1,78,unbounded_fixture,79459
3,1,79,unbounded_fixture,66510
3,1,80,unbounded_fixture,64327
3,1,81,unbounded_fixture,63425
3,1,82,unbounded_fixture,91888
3,1,83,unbounded_fixture,67262
3,1,84,unbounded_fixture,63225
3,1,85,unbounded_fixture,64567
3,1,86,unbounded_fixture,62684
3,1,87,unbounded_fixture,65478
3,1,88,unbounded_fixture,70276
3,1,89,unbounded_fixture,63756
3,1,90,unbounded_fixture,63586
3,1,91,unbounded_fixture,66230
3,1,92,unbounded_fixture,65138
3,1,93,unbounded_fixture,62444
3,1,94,unbounded_fixture,64667
3,1,95,unbounded_fixture,62684
3,1,96,unbounded_fixture,78178
3,1,97,unbounded_fixture,68894
3,1,98,unbounded_fixture,63716
3,1,99,unbounded_fixture,63145
3,1,100,unbounded_fixture,63145
3,1,101,unbounded_fixture,378880
3,1,102,unbounded_fixture,76635
3,1,103,unbounded_fixture,63085
3,1,104,unbounded_fixture,63536
3,1,105,unbounded_fixture,62384
3,1,106,unbounded_fixture,111468
3,1,107,unbounded_fixture,73411
3,1,108,unbounded_fixture,66160
3,1,109,unbounded_fixture,63806
3,1,110,unbounded_fixture,64237
3,1,111,unbounded_fixture,73611
3,1,112,unbounded_fixture,137857
3,1,113,unbounded_fixture,136576
3,1,114,unbounded_fixture,189485
3,1,115,unbounded_fixture,92349
3,1,116,unbounded_fixture,134873
3,1,117,unbounded_fixture,67822
3,1,118,unbounded_fixture,64537
3,1,119,unbounded_fixture,64266
3,1,120,unbounded_fixture,64036
3,1,121,unbounded_fixture,67201
3,1,122,unbounded_fixture,65819
3,1,123,unbounded_fixture,65479
3,1,124,unbounded_fixture,63626
3,1,125,unbounded_fixture,63445
3,1,126,unbounded_fixture,65469
3,1,127,unbounded_fixture,64107
4,0,0,unbounded_fixture,64747
4,0,1,unbounded_fixture,148223
4,0,2,unbounded_fixture,79870
4,0,3,unbounded_fixture,67842
4,0,4,unbounded_fixture,63094
4,0,5,unbounded_fixture,61743
4,0,6,unbounded_fixture,65568
4,0,7,unbounded_fixture,64917
4,0,8,unbounded_fixture,64908
4,0,9,unbounded_fixture,65188
4,0,10,unbounded_fixture,63295
4,0,11,unbounded_fixture,63565
4,0,12,unbounded_fixture,69815
4,0,13,unbounded_fixture,133370
4,0,14,unbounded_fixture,99339
4,0,15,unbounded_fixture,66721
4,0,16,unbounded_fixture,66360
4,0,17,unbounded_fixture,64527
4,0,18,unbounded_fixture,67031
4,0,19,unbounded_fixture,64637
4,0,20,unbounded_fixture,66120
4,0,21,unbounded_fixture,66139
4,0,22,unbounded_fixture,65859
4,0,23,unbounded_fixture,69284
4,0,24,unbounded_fixture,65097
4,0,25,unbounded_fixture,64577
4,0,26,unbounded_fixture,64808
4,0,27,unbounded_fixture,63495
4,0,28,unbounded_fixture,92920
4,0,29,unbounded_fixture,64767
4,0,30,unbounded_fixture,63886
4,0,31,unbounded_fixture,62684
4,0,32,unbounded_fixture,64136
4,0,33,unbounded_fixture,154262
4,0,34,unbounded_fixture,77206
4,0,35,unbounded_fixture,64558
4,0,36,unbounded_fixture,63325
4,0,37,unbounded_fixture,120612
4,0,38,unbounded_fixture,68252
4,0,39,unbounded_fixture,63806
4,0,40,unbounded_fixture,100341
4,0,41,unbounded_fixture,106761
4,0,42,unbounded_fixture,104908
4,0,43,unbounded_fixture,65959
4,0,44,unbounded_fixture,63185
4,0,45,unbounded_fixture,63085
4,0,46,unbounded_fixture,64307
4,0,47,unbounded_fixture,80070
4,0,48,unbounded_fixture,254133
4,0,49,unbounded_fixture,69735
4,0,50,unbounded_fixture,145860
4,0,51,unbounded_fixture,87982
4,0,52,unbounded_fixture,69364
4,0,53,unbounded_fixture,64728
4,0,54,unbounded_fixture,63175
4,0,55,unbounded_fixture,64046
4,0,56,unbounded_fixture,64977
4,0,57,unbounded_fixture,66250
4,0,58,unbounded_fixture,63375
4,0,59,unbounded_fixture,62624
4,0,60,unbounded_fixture,63656
4,0,61,unbounded_fixture,63226
4,0,62,unbounded_fixture,63406
4,0,63,unbounded_fixture,99970
4,0,64,unbounded_fixture,73691
4,0,65,unbounded_fixture,64317
4,0,66,unbounded_fixture,63205
4,0,67,unbounded_fixture,65048
4,0,68,unbounded_fixture,62725
4,0,69,unbounded_fixture,63064
4,0,70,unbounded_fixture,63205
4,0,71,unbounded_fixture,293241
4,0,72,unbounded_fixture,144177
4,0,73,unbounded_fixture,353252
4,0,74,unbounded_fixture,76305
4,0,75,unbounded_fixture,65899
4,0,76,unbounded_fixture,63946
4,0,77,unbounded_fixture,66089
4,0,78,unbounded_fixture,62874
4,0,79,unbounded_fixture,86260
4,0,80,unbounded_fixture,70406
4,0,81,unbounded_fixture,134542
4,0,82,unbounded_fixture,230256
4,0,83,unbounded_fixture,367433
4,0,84,unbounded_fixture,181994
4,0,85,unbounded_fixture,100481
4,0,86,unbounded_fixture,82224
4,0,87,unbounded_fixture,120862
4,0,88,unbounded_fixture,86200
4,0,89,unbounded_fixture,104147
4,0,90,unbounded_fixture,94713
4,0,91,unbounded_fixture,104547
4,0,92,unbounded_fixture,68393
4,0,93,unbounded_fixture,63976
4,0,94,unbounded_fixture,91358
4,0,95,unbounded_fixture,67511
4,0,96,unbounded_fixture,67552
4,0,97,unbounded_fixture,66139
4,0,98,unbounded_fixture,66069
4,0,99,unbounded_fixture,95344
4,0,100,unbounded_fixture,196896
4,0,101,unbounded_fixture,84157
4,0,102,unbounded_fixture,66440
4,0,103,unbounded_fixture,63616
4,0,104,unbounded_fixture,63385
4,0,105,unbounded_fixture,119870
4,0,106,unbounded_fixture,91829
4,0,107,unbounded_fixture,69595
4,0,108,unbounded_fixture,99620
4,0,109,unbounded_fixture,198419
4,0,110,unbounded_fixture,83715
4,0,111,unbounded_fixture,80631
4,0,112,unbounded_fixture,78158
4,0,113,unbounded_fixture,78809
4,0,114,unbounded_fixture,84487
4,0,115,unbounded_fixture,69594
4,0,116,unbounded_fixture,101142
4,0,117,unbounded_fixture,144438
4,0,118,unbounded_fixture,65098
4,0,119,unbounded_fixture,188013
4,0,120,unbounded_fixture,150517
4,0,121,unbounded_fixture,77918
4,0,122,unbounded_fixture,64487
4,0,123,unbounded_fixture,63866
4,0,124,unbounded_fixture,63876
4,0,125,unbounded_fixture,65639
4,0,126,unbounded_fixture,160662
4,0,127,unbounded_fixture,77567
4,1,0,bounded,151798
4,1,1,bounded,75664
4,1,2,bounded,68123
4,1,3,bounded,66029
4,1,4,bounded,64477
4,1,5,bounded,65779
4,1,6,bounded,80752
4,1,7,bounded,84066
4,1,8,bounded,77026
4,1,9,bounded,67572
4,1,10,bounded,64086
4,1,11,bounded,65749
4,1,12,bounded,67352
4,1,13,bounded,91909
4,1,14,bounded,113200
4,1,15,bounded,93821
4,1,16,bounded,324308
4,1,17,bounded,149865
4,1,18,bounded,123556
4,1,19,bounded,166039
4,1,20,bounded,127992
4,1,21,bounded,121923
4,1,22,bounded,125278
4,1,23,bounded,120461
4,1,24,bounded,121322
4,1,25,bounded,159419
4,1,26,bounded,121934
4,1,27,bounded,134673
4,1,28,bounded,122484
4,1,29,bounded,128473
4,1,30,bounded,125940
4,1,31,bounded,120391
4,1,32,bounded,126821
4,1,33,bounded,127873
4,1,34,bounded,155935
4,1,35,bounded,121853
4,1,36,bounded,118859
4,1,37,bounded,133591
4,1,38,bounded,121633
4,1,39,bounded,120060
4,1,40,bounded,120040
4,1,41,bounded,156014
4,1,42,bounded,124588
4,1,43,bounded,122104
4,1,44,bounded,120672
4,1,45,bounded,119489
4,1,46,bounded,131308
4,1,47,bounded,121703
4,1,48,bounded,118449
4,1,49,bounded,154032
4,1,50,bounded,121112
4,1,51,bounded,126720
4,1,52,bounded,122284
4,1,53,bounded,123686
4,1,54,bounded,171328
4,1,55,bounded,126220
4,1,56,bounded,151327
4,1,57,bounded,123235
4,1,58,bounded,118678
4,1,59,bounded,119720
4,1,60,bounded,119840
4,1,61,bounded,124947
4,1,62,bounded,121273
4,1,63,bounded,120622
4,1,64,bounded,145599
4,1,65,bounded,122124
4,1,66,bounded,128623
4,1,67,bounded,124698
4,1,68,bounded,125419
4,1,69,bounded,120441
4,1,70,bounded,119159
4,1,71,bounded,147421
4,1,72,bounded,124507
4,1,73,bounded,121764
4,1,74,bounded,120942
4,1,75,bounded,122114
4,1,76,bounded,124858
4,1,77,bounded,130096
4,1,78,bounded,128674
4,1,79,bounded,148343
4,1,80,bounded,121393
4,1,81,bounded,124537
4,1,82,bounded,120151
4,1,83,bounded,120612
4,1,84,bounded,156105
4,1,85,bounded,135775
4,1,86,bounded,150666
4,1,87,bounded,123926
4,1,88,bounded,122865
4,1,89,bounded,121482
4,1,90,bounded,120982
4,1,91,bounded,125319
4,1,92,bounded,120922
4,1,93,bounded,121212
4,1,94,bounded,155474
4,1,95,bounded,122484
4,1,96,bounded,124807
4,1,97,bounded,121172
4,1,98,bounded,119990
4,1,99,bounded,119740
4,1,100,bounded,130637
4,1,101,bounded,147922
4,1,102,bounded,126019
4,1,103,bounded,125328
4,1,104,bounded,122113
4,1,105,bounded,131037
4,1,106,bounded,121112
4,1,107,bounded,120310
4,1,108,bounded,120631
4,1,109,bounded,146571
4,1,110,bounded,133020
4,1,111,bounded,122815
4,1,112,bounded,127461
4,1,113,bounded,123636
4,1,114,bounded,162113
4,1,115,bounded,134612
4,1,116,bounded,160762
4,1,117,bounded,122374
4,1,118,bounded,120661
4,1,119,bounded,120571
4,1,120,bounded,126099
4,1,121,bounded,120932
4,1,122,bounded,120300
4,1,123,bounded,120932
4,1,124,bounded,149395
4,1,125,bounded,128143
4,1,126,bounded,122644
4,1,127,bounded,120351
5,0,0,bounded,123796
5,0,1,bounded,188483
5,0,2,bounded,130547
5,0,3,bounded,130546
5,0,4,bounded,121813
5,0,5,bounded,121142
5,0,6,bounded,120161
5,0,7,bounded,125539
5,0,8,bounded,121643
5,0,9,bounded,120821
5,0,10,bounded,147261
5,0,11,bounded,124066
5,0,12,bounded,126130
5,0,13,bounded,121793
5,0,14,bounded,121422
5,0,15,bounded,120962
5,0,16,bounded,173822
5,0,17,bounded,142154
5,0,18,bounded,130817
5,0,19,bounded,124137
5,0,20,bounded,119770
5,0,21,bounded,130516
5,0,22,bounded,122224
5,0,23,bounded,119941
5,0,24,bounded,121143
5,0,25,bounded,146551
5,0,26,bounded,136926
5,0,27,bounded,122114
5,0,28,bounded,119971
5,0,29,bounded,118899
5,0,30,bounded,120692
5,0,31,bounded,126069
5,0,32,bounded,120421
5,0,33,bounded,155564
5,0,34,bounded,121783
5,0,35,bounded,123816
5,0,36,bounded,126571
5,0,37,bounded,120642
5,0,38,bounded,120511
5,0,39,bounded,122214
5,0,40,bounded,145058
5,0,41,bounded,129524
5,0,42,bounded,121974
5,0,43,bounded,120591
5,0,44,bounded,119610
5,0,45,bounded,121453
5,0,46,bounded,158428
5,0,47,bounded,124267
5,0,48,bounded,143606
5,0,49,bounded,122465
5,0,50,bounded,143696
5,0,51,bounded,128083
5,0,52,bounded,120851
5,0,53,bounded,120491
5,0,54,bounded,121212
5,0,55,bounded,141403
5,0,56,bounded,132038
5,0,57,bounded,122865
5,0,58,bounded,126420
5,0,59,bounded,124478
5,0,60,bounded,130687
5,0,61,bounded,121172
5,0,62,bounded,120301
5,0,63,bounded,144337
5,0,64,bounded,140702
5,0,65,bounded,137527
5,0,66,bounded,122544
5,0,67,bounded,119159
5,0,68,bounded,119519
5,0,69,bounded,121483
5,0,70,bounded,159770
5,0,71,bounded,124988
5,0,72,bounded,120331
5,0,73,bounded,120321
5,0,74,bounded,120692
5,0,75,bounded,125749
5,0,76,bounded,173931
5,0,77,bounded,146150
5,0,78,bounded,126020
5,0,79,bounded,121112
5,0,80,bounded,126981
5,0,81,bounded,120581
5,0,82,bounded,119330
5,0,83,bounded,119229
5,0,84,bounded,121894
5,0,85,bounded,152700
5,0,86,bounded,123686
5,0,87,bounded,121933
5,0,88,bounded,123485
5,0,89,bounded,121092
5,0,90,bounded,126250
5,0,91,bounded,121893
5,0,92,bounded,120381
5,0,93,bounded,151989
5,0,94,bounded,120341
5,0,95,bounded,125038
5,0,96,bounded,121393
5,0,97,bounded,120030
5,0,98,bounded,120391
5,0,99,bounded,120291
5,0,100,bounded,160261
5,0,101,bounded,124097
5,0,102,bounded,119830
5,0,103,bounded,121032
5,0,104,bounded,131337
5,0,105,bounded,121153
5,0,106,bounded,156415
5,0,107,bounded,163747
5,0,108,bounded,131608
5,0,109,bounded,134423
5,0,110,bounded,130236
5,0,111,bounded,126050
5,0,112,bounded,120491
5,0,113,bounded,120250
5,0,114,bounded,131238
5,0,115,bounded,148914
5,0,116,bounded,122925
5,0,117,bounded,120722
5,0,118,bounded,121393
5,0,119,bounded,127221
5,0,120,bounded,121853
5,0,121,bounded,122634
5,0,122,bounded,140922
5,0,123,bounded,129555
5,0,124,bounded,125319
5,0,125,bounded,119549
5,0,126,bounded,120942
5,0,127,bounded,120892
5,1,0,unbounded_fixture,134682
5,1,1,unbounded_fixture,121953
5,1,2,unbounded_fixture,140041
5,1,3,unbounded_fixture,115504
5,1,4,unbounded_fixture,114072
5,1,5,unbounded_fixture,122925
5,1,6,unbounded_fixture,122455
5,1,7,unbounded_fixture,116015
5,1,8,unbounded_fixture,170687
5,1,9,unbounded_fixture,149094
5,1,10,unbounded_fixture,123746
5,1,11,unbounded_fixture,118728
5,1,12,unbounded_fixture,115704
5,1,13,unbounded_fixture,115494
5,1,14,unbounded_fixture,120361
5,1,15,unbounded_fixture,117747
5,1,16,unbounded_fixture,119520
5,1,17,unbounded_fixture,134522
5,1,18,unbounded_fixture,120772
5,1,19,unbounded_fixture,115935
5,1,20,unbounded_fixture,122935
5,1,21,unbounded_fixture,116636
5,1,22,unbounded_fixture,113641
5,1,23,unbounded_fixture,114081
5,1,24,unbounded_fixture,116545
5,1,25,unbounded_fixture,151017
5,1,26,unbounded_fixture,120962
5,1,27,unbounded_fixture,114052
5,1,28,unbounded_fixture,113661
5,1,29,unbounded_fixture,147252
5,1,30,unbounded_fixture,133210
5,1,31,unbounded_fixture,116265
5,1,32,unbounded_fixture,114793
5,1,33,unbounded_fixture,141143
5,1,34,unbounded_fixture,119179
5,1,35,unbounded_fixture,121893
5,1,36,unbounded_fixture,117387
5,1,37,unbounded_fixture,115594
5,1,38,unbounded_fixture,115844
5,1,39,unbounded_fixture,153441
5,1,40,unbounded_fixture,120591
5,1,41,unbounded_fixture,139570
5,1,42,unbounded_fixture,115884
5,1,43,unbounded_fixture,114311
5,1,44,unbounded_fixture,114923
5,1,45,unbounded_fixture,119820
5,1,46,unbounded_fixture,115363
5,1,47,unbounded_fixture,114673
5,1,48,unbounded_fixture,116355
5,1,49,unbounded_fixture,141633
5,1,50,unbounded_fixture,121683
5,1,51,unbounded_fixture,115423
5,1,52,unbounded_fixture,115874
5,1,53,unbounded_fixture,115194
5,1,54,unbounded_fixture,115143
5,1,55,unbounded_fixture,118598
5,1,56,unbounded_fixture,116184
5,1,57,unbounded_fixture,145849
5,1,58,unbounded_fixture,114853
5,1,59,unbounded_fixture,115124
5,1,60,unbounded_fixture,118889
5,1,61,unbounded_fixture,115113
5,1,62,unbounded_fixture,114392
5,1,63,unbounded_fixture,113481
5,1,64,unbounded_fixture,123956
5,1,65,unbounded_fixture,145769
5,1,66,unbounded_fixture,115894
5,1,67,unbounded_fixture,116345
5,1,68,unbounded_fixture,114232
5,1,69,unbounded_fixture,130426
5,1,70,unbounded_fixture,154312
5,1,71,unbounded_fixture,123726
5,1,72,unbounded_fixture,137487
5,1,73,unbounded_fixture,119479
5,1,74,unbounded_fixture,126140
5,1,75,unbounded_fixture,115154
5,1,76,unbounded_fixture,115073
5,1,77,unbounded_fixture,114473
5,1,78,unbounded_fixture,114512
5,1,79,unbounded_fixture,118198
5,1,80,unbounded_fixture,137848
5,1,81,unbounded_fixture,120221
5,1,82,unbounded_fixture,113310
5,1,83,unbounded_fixture,120711
5,1,84,unbounded_fixture,136735
5,1,85,unbounded_fixture,117857
5,1,86,unbounded_fixture,114642
5,1,87,unbounded_fixture,114271
5,1,88,unbounded_fixture,213381
5,1,89,unbounded_fixture,130035
5,1,90,unbounded_fixture,115614
5,1,91,unbounded_fixture,115273
5,1,92,unbounded_fixture,115274
5,1,93,unbounded_fixture,113671
5,1,94,unbounded_fixture,118078
5,1,95,unbounded_fixture,135174
5,1,96,unbounded_fixture,123746
5,1,97,unbounded_fixture,115664
5,1,98,unbounded_fixture,115424
5,1,99,unbounded_fixture,120931
5,1,100,unbounded_fixture,114292
5,1,101,unbounded_fixture,169125
5,1,102,unbounded_fixture,121073
5,1,103,unbounded_fixture,141172
5,1,104,unbounded_fixture,121613
5,1,105,unbounded_fixture,117868
5,1,106,unbounded_fixture,116065
5,1,107,unbounded_fixture,116295
5,1,108,unbounded_fixture,123967
5,1,109,unbounded_fixture,114502
5,1,110,unbounded_fixture,114603
5,1,111,unbounded_fixture,140822
5,1,112,unbounded_fixture,117056
5,1,113,unbounded_fixture,123455
5,1,114,unbounded_fixture,114402
5,1,115,unbounded_fixture,125649
5,1,116,unbounded_fixture,117236
5,1,117,unbounded_fixture,114642
5,1,118,unbounded_fixture,127512
5,1,119,unbounded_fixture,140291
5,1,120,unbounded_fixture,117737
5,1,121,unbounded_fixture,115614
5,1,122,unbounded_fixture,113952
5,1,123,unbounded_fixture,119009
5,1,124,unbounded_fixture,115383
5,1,125,unbounded_fixture,115574
5,1,126,unbounded_fixture,116606
5,1,127,unbounded_fixture,144928
6,0,0,unbounded_fixture,122164
6,0,1,unbounded_fixture,114963
6,0,2,unbounded_fixture,133160
6,0,3,unbounded_fixture,121994
6,0,4,unbounded_fixture,115875
6,0,5,unbounded_fixture,149365
6,0,6,unbounded_fixture,142284
6,0,7,unbounded_fixture,118318
6,0,8,unbounded_fixture,114973
6,0,9,unbounded_fixture,114523
6,0,10,unbounded_fixture,119510
6,0,11,unbounded_fixture,116956
6,0,12,unbounded_fixture,115594
6,0,13,unbounded_fixture,113772
6,0,14,unbounded_fixture,138889
6,0,15,unbounded_fixture,122484
6,0,16,unbounded_fixture,115544
6,0,17,unbounded_fixture,116245
6,0,18,unbounded_fixture,114753
6,0,19,unbounded_fixture,115904
6,0,20,unbounded_fixture,120281
6,0,21,unbounded_fixture,117407
6,0,22,unbounded_fixture,138829
6,0,23,unbounded_fixture,118258
6,0,24,unbounded_fixture,124527
6,0,25,unbounded_fixture,117778
6,0,26,unbounded_fixture,114743
6,0,27,unbounded_fixture,114082
6,0,28,unbounded_fixture,113911
6,0,29,unbounded_fixture,126120
6,0,30,unbounded_fixture,139580
6,0,31,unbounded_fixture,118899
6,0,32,unbounded_fixture,114763
6,0,33,unbounded_fixture,125359
6,0,34,unbounded_fixture,127682
6,0,35,unbounded_fixture,114993
6,0,36,unbounded_fixture,157237
6,0,37,unbounded_fixture,117126
6,0,38,unbounded_fixture,152710
6,0,39,unbounded_fixture,121493
6,0,40,unbounded_fixture,134672
6,0,41,unbounded_fixture,115794
6,0,42,unbounded_fixture,116355
6,0,43,unbounded_fixture,114322
6,0,44,unbounded_fixture,120371
6,0,45,unbounded_fixture,115164
6,0,46,unbounded_fixture,123465
6,0,47,unbounded_fixture,118248
6,0,48,unbounded_fixture,114312
6,0,49,unbounded_fixture,119720
6,0,50,unbounded_fixture,115473
6,0,51,unbounded_fixture,116395
6,0,52,unbounded_fixture,114442
6,0,53,unbounded_fixture,115013
6,0,54,unbounded_fixture,129024
6,0,55,unbounded_fixture,116335
6,0,56,unbounded_fixture,117067
6,0,57,unbounded_fixture,116005
6,0,58,unbounded_fixture,114973
6,0,59,unbounded_fixture,119930
6,0,60,unbounded_fixture,115223
6,0,61,unbounded_fixture,116486
6,0,62,unbounded_fixture,124046
6,0,63,unbounded_fixture,115484
6,0,64,unbounded_fixture,160181
6,0,65,unbounded_fixture,116645
6,0,66,unbounded_fixture,147472
6,0,67,unbounded_fixture,123405
6,0,68,unbounded_fixture,156054
6,0,69,unbounded_fixture,119890
6,0,70,unbounded_fixture,115574
6,0,71,unbounded_fixture,116595
6,0,72,unbounded_fixture,114913
6,0,73,unbounded_fixture,125159
6,0,74,unbounded_fixture,116836
6,0,75,unbounded_fixture,113941
6,0,76,unbounded_fixture,142465
6,0,77,unbounded_fixture,118418
6,0,78,unbounded_fixture,125228
6,0,79,unbounded_fixture,114653
6,0,80,unbounded_fixture,113801
6,0,81,unbounded_fixture,116486
6,0,82,unbounded_fixture,114663
6,0,83,unbounded_fixture,118859
6,0,84,unbounded_fixture,174002
6,0,85,unbounded_fixture,119480
6,0,86,unbounded_fixture,115284
6,0,87,unbounded_fixture,117106
6,0,88,unbounded_fixture,121452
6,0,89,unbounded_fixture,115274
6,0,90,unbounded_fixture,115223
6,0,91,unbounded_fixture,115303
6,0,92,unbounded_fixture,142935
6,0,93,unbounded_fixture,120291
6,0,94,unbounded_fixture,114652
6,0,95,unbounded_fixture,117507
6,0,96,unbounded_fixture,113852
6,0,97,unbounded_fixture,115243
6,0,98,unbounded_fixture,139460
6,0,99,unbounded_fixture,140461
6,0,100,unbounded_fixture,120531
6,0,101,unbounded_fixture,115403
6,0,102,unbounded_fixture,113901
6,0,103,unbounded_fixture,119159
6,0,104,unbounded_fixture,113911
6,0,105,unbounded_fixture,114823
6,0,106,unbounded_fixture,114823
6,0,107,unbounded_fixture,130627
6,0,108,unbounded_fixture,126310
6,0,109,unbounded_fixture,116996
6,0,110,unbounded_fixture,124477
6,0,111,unbounded_fixture,116024
6,0,112,unbounded_fixture,123776
6,0,113,unbounded_fixture,115744
6,0,114,unbounded_fixture,114342
6,0,115,unbounded_fixture,142164
6,0,116,unbounded_fixture,121714
6,0,117,unbounded_fixture,125348
6,0,118,unbounded_fixture,117276
6,0,119,unbounded_fixture,115023
6,0,120,unbounded_fixture,115424
6,0,121,unbounded_fixture,149545
6,0,122,unbounded_fixture,125859
6,0,123,unbounded_fixture,143505
6,0,124,unbounded_fixture,116485
6,0,125,unbounded_fixture,114302
6,0,126,unbounded_fixture,115203
6,0,127,unbounded_fixture,118738
6,1,0,bounded,174052
6,1,1,bounded,189445
6,1,2,bounded,166881
6,1,3,bounded,123806
6,1,4,bounded,125980
6,1,5,bounded,121483
6,1,6,bounded,121373
6,1,7,bounded,120271
6,1,8,bounded,121884
6,1,9,bounded,159149
6,1,10,bounded,130376
6,1,11,bounded,119751
6,1,12,bounded,119690
6,1,13,bounded,122104
6,1,14,bounded,124598
6,1,15,bounded,120381
6,1,16,bounded,119279
6,1,17,bounded,146660
6,1,18,bounded,122824
6,1,19,bounded,125799
6,1,20,bounded,120972
6,1,21,bounded,120361
6,1,22,bounded,120471
6,1,23,bounded,119660
6,1,24,bounded,125309
6,1,25,bounded,130166
6,1,26,bounded,121893
6,1,27,bounded,120381
6,1,28,bounded,132239
6,1,29,bounded,122324
6,1,30,bounded,158228
6,1,31,bounded,124818
6,1,32,bounded,148193
6,1,33,bounded,132469
6,1,34,bounded,122494
6,1,35,bounded,120932
6,1,36,bounded,120461
6,1,37,bounded,120551
6,1,38,bounded,135444
6,1,39,bounded,149965
6,1,40,bounded,127461
6,1,41,bounded,120651
6,1,42,bounded,120171
6,1,43,bounded,125349
6,1,44,bounded,121072
6,1,45,bounded,120752
6,1,46,bounded,120902
6,1,47,bounded,147742
6,1,48,bounded,131688
6,1,49,bounded,121182
6,1,50,bounded,121663
6,1,51,bounded,120040
6,1,52,bounded,120521
6,1,53,bounded,126089
6,1,54,bounded,121723
6,1,55,bounded,146291
6,1,56,bounded,124347
6,1,57,bounded,129424
6,1,58,bounded,128474
6,1,59,bounded,122233
6,1,60,bounded,164177
6,1,61,bounded,126411
6,1,62,bounded,150367
6,1,63,bounded,127582
6,1,64,bounded,120651
6,1,65,bounded,120912
6,1,66,bounded,120131
6,1,67,bounded,120861
6,1,68,bounded,126420
6,1,69,bounded,148453
6,1,70,bounded,128022
6,1,71,bounded,120581
6,1,72,bounded,130686
6,1,73,bounded,121603
6,1,74,bounded,121894
6,1,75,bounded,120712
6,1,76,bounded,119660
6,1,77,bounded,157167
6,1,78,bounded,137697
6,1,79,bounded,125429
6,1,80,bounded,121162
6,1,81,bounded,120932
6,1,82,bounded,130777
6,1,83,bounded,121933
6,1,84,bounded,120701
6,1,85,bounded,150857
6,1,86,bounded,120982
6,1,87,bounded,124377
6,1,88,bounded,121383
6,1,89,bounded,122254
6,1,90,bounded,158568
6,1,91,bounded,126461
6,1,92,bounded,146520
6,1,93,bounded,122274
6,1,94,bounded,121352
6,1,95,bounded,119990
6,1,96,bounded,119169
6,1,97,bounded,126350
6,1,98,bounded,120541
6,1,99,bounded,120081
6,1,100,bounded,149765
6,1,101,bounded,120691
6,1,102,bounded,125679
6,1,103,bounded,120091
6,1,104,bounded,120281
6,1,105,bounded,119740
6,1,106,bounded,121133
6,1,107,bounded,151338
6,1,108,bounded,126711
6,1,109,bounded,121493
6,1,110,bounded,120892
6,1,111,bounded,120361
6,1,112,bounded,123255
6,1,113,bounded,120271
6,1,114,bounded,120822
6,1,115,bounded,164638
6,1,116,bounded,133661
6,1,117,bounded,122654
6,1,118,bounded,121412
6,1,119,bounded,121703
6,1,120,bounded,155264
6,1,121,bounded,136535
6,1,122,bounded,154132
6,1,123,bounded,122565
6,1,124,bounded,120472
6,1,125,bounded,119340
6,1,126,bounded,131858
6,1,127,bounded,120080
7,0,0,bounded,131748
7,0,1,bounded,148002
7,0,2,bounded,128894
7,0,3,bounded,130537
7,0,4,bounded,122264
7,0,5,bounded,120010
7,0,6,bounded,119660
7,0,7,bounded,119560
7,0,8,bounded,125008
7,0,9,bounded,149946
7,0,10,bounded,124657
7,0,11,bounded,120030
7,0,12,bounded,120381
7,0,13,bounded,125438
7,0,14,bounded,120121
7,0,15,bounded,119049
7,0,16,bounded,120050
7,0,17,bounded,146901
7,0,18,bounded,127522
7,0,19,bounded,121372
7,0,20,bounded,120962
7,0,21,bounded,120411
7,0,22,bounded,174021
7,0,23,bounded,130206
7,0,24,bounded,149084
7,0,25,bounded,123886
7,0,26,bounded,121323
7,0,27,bounded,122134
7,0,28,bounded,125979
7,0,29,bounded,119099
7,0,30,bounded,120471
7,0,31,bounded,119560
7,0,32,bounded,163667
7,0,33,bounded,122915
7,0,34,bounded,121003
7,0,35,bounded,120822
7,0,36,bounded,120221
7,0,37,bounded,129314
7,0,38,bounded,122434
7,0,39,bounded,156205
7,0,40,bounded,126050
7,0,41,bounded,122395
7,0,42,bounded,133120
7,0,43,bounded,120541
7,0,44,bounded,121022
7,0,45,bounded,119860
7,0,46,bounded,120231
7,0,47,bounded,162895
7,0,48,bounded,121703
7,0,49,bounded,119310
7,0,50,bounded,120732
7,0,51,bounded,120392
7,0,52,bounded,159500
7,0,53,bounded,123235
7,0,54,bounded,147251
7,0,55,bounded,123495
7,0,56,bounded,120100
7,0,57,bounded,126190
7,0,58,bounded,120791
7,0,59,bounded,119660
7,0,60,bounded,120401
7,0,61,bounded,120501
7,0,62,bounded,159550
7,0,63,bounded,123506
7,0,64,bounded,120732
7,0,65,bounded,120301
7,0,66,bounded,119500
7,0,67,bounded,123676
7,0,68,bounded,120882
7,0,69,bounded,155244
7,0,70,bounded,127251
7,0,71,bounded,123726
7,0,72,bounded,127242
7,0,73,bounded,121623
7,0,74,bounded,123706
7,0,75,bounded,120351
7,0,76,bounded,129264
7,0,77,bounded,147241
7,0,78,bounded,149305
7,0,79,bounded,124688
7,0,80,bounded,121723
7,0,81,bounded,130737
7,0,82,bounded,161723
7,0,83,bounded,124618
7,0,84,bounded,176115
7,0,85,bounded,124377
7,0,86,bounded,131888
7,0,87,bounded,122214
7,0,88,bounded,124868
7,0,89,bounded,122885
7,0,90,bounded,121213
7,0,91,bounded,147342
7,0,92,bounded,124417
7,0,93,bounded,120661
7,0,94,bounded,119409
7,0,95,bounded,165529
7,0,96,bounded,126480
7,0,97,bounded,121493
7,0,98,bounded,143847
7,0,99,bounded,128994
7,0,100,bounded,121032
7,0,101,bounded,127602
7,0,102,bounded,122925
7,0,103,bounded,120882
7,0,104,bounded,120040
7,0,105,bounded,120551
7,0,106,bounded,154773
7,0,107,bounded,125849
7,0,108,bounded,122805
7,0,109,bounded,120562
7,0,110,bounded,122244
7,0,111,bounded,158488
7,0,112,bounded,141623
7,0,113,bounded,146800
7,0,114,bounded,126020
7,0,115,bounded,124187
7,0,116,bounded,129064
7,0,117,bounded,121943
7,0,118,bounded,121433
7,0,119,bounded,120892
7,0,120,bounded,131698
7,0,121,bounded,164768
7,0,122,bounded,123336
7,0,123,bounded,125229
7,0,124,bounded,121543
7,0,125,bounded,134933
7,0,126,bounded,124267
7,0,127,bounded,124598
7,1,0,unbounded_fixture,161633
7,1,1,unbounded_fixture,119209
7,1,2,unbounded_fixture,129265
7,1,3,unbounded_fixture,116726
7,1,4,unbounded_fixture,114953
7,1,5,unbounded_fixture,115073
7,1,6,unbounded_fixture,117687
7,1,7,unbounded_fixture,120361
7,1,8,unbounded_fixture,161633
7,1,9,unbounded_fixture,117907
7,1,10,unbounded_fixture,116245
7,1,11,unbounded_fixture,115453
7,1,12,unbounded_fixture,120140
7,1,13,unbounded_fixture,152830
7,1,14,unbounded_fixture,125309
7,1,15,unbounded_fixture,147893
7,1,16,unbounded_fixture,125819
7,1,17,unbounded_fixture,120832
7,1,18,unbounded_fixture,116275
7,1,19,unbounded_fixture,116065
7,1,20,unbounded_fixture,115264
7,1,21,unbounded_fixture,116726
7,1,22,unbounded_fixture,119750
7,1,23,unbounded_fixture,150457
7,1,24,unbounded_fixture,128233
7,1,25,unbounded_fixture,119239
7,1,26,unbounded_fixture,115995
7,1,27,unbounded_fixture,120812
7,1,28,unbounded_fixture,116546
7,1,29,unbounded_fixture,115544
7,1,30,unbounded_fixture,115224
7,1,31,unbounded_fixture,136015
7,1,32,unbounded_fixture,120451
7,1,33,unbounded_fixture,117527
7,1,34,unbounded_fixture,115483
7,1,35,unbounded_fixture,115594
7,1,36,unbounded_fixture,124818
7,1,37,unbounded_fixture,115604
7,1,38,unbounded_fixture,116185
7,1,39,unbounded_fixture,140562
7,1,40,unbounded_fixture,118999
7,1,41,unbounded_fixture,126621
7,1,42,unbounded_fixture,116776
7,1,43,unbounded_fixture,116295
7,1,44,unbounded_fixture,116265
7,1,45,unbounded_fixture,133520
7,1,46,unbounded_fixture,152619
7,1,47,unbounded_fixture,124527
7,1,48,unbounded_fixture,115674
7,1,49,unbounded_fixture,115714
7,1,50,unbounded_fixture,116095
7,1,51,unbounded_fixture,121262
7,1,52,unbounded_fixture,131197
7,1,53,unbounded_fixture,118929
7,1,54,unbounded_fixture,143075
7,1,55,unbounded_fixture,120111
7,1,56,unbounded_fixture,121883
7,1,57,unbounded_fixture,116175
7,1,58,unbounded_fixture,115654
7,1,59,unbounded_fixture,115904
7,1,60,unbounded_fixture,115704
7,1,61,unbounded_fixture,119790
7,1,62,unbounded_fixture,143496
7,1,63,unbounded_fixture,118058
7,1,64,unbounded_fixture,115775
7,1,65,unbounded_fixture,115464
7,1,66,unbounded_fixture,118959
7,1,67,unbounded_fixture,115654
7,1,68,unbounded_fixture,115634
7,1,69,unbounded_fixture,115504
7,1,70,unbounded_fixture,134573
7,1,71,unbounded_fixture,121082
7,1,72,unbounded_fixture,114913
7,1,73,unbounded_fixture,115003
7,1,74,unbounded_fixture,114242
7,1,75,unbounded_fixture,116365
7,1,76,unbounded_fixture,166180
7,1,77,unbounded_fixture,118919
7,1,78,unbounded_fixture,141273
7,1,79,unbounded_fixture,116074
7,1,80,unbounded_fixture,126751
7,1,81,unbounded_fixture,117837
7,1,82,unbounded_fixture,114843
7,1,83,unbounded_fixture,114362
7,1,84,unbounded_fixture,113651
7,1,85,unbounded_fixture,124658
7,1,86,unbounded_fixture,148443
7,1,87,unbounded_fixture,116666
7,1,88,unbounded_fixture,114893
7,1,89,unbounded_fixture,115954
7,1,90,unbounded_fixture,127452
7,1,91,unbounded_fixture,116595
7,1,92,unbounded_fixture,114433
7,1,93,unbounded_fixture,114372
7,1,94,unbounded_fixture,147572
7,1,95,unbounded_fixture,120191
7,1,96,unbounded_fixture,115904
7,1,97,unbounded_fixture,113931
7,1,98,unbounded_fixture,115704
7,1,99,unbounded_fixture,115704
7,1,100,unbounded_fixture,119009
7,1,101,unbounded_fixture,368444
7,1,102,unbounded_fixture,104728
7,1,103,unbounded_fixture,67632
7,1,104,unbounded_fixture,63786
7,1,105,unbounded_fixture,66249
7,1,106,unbounded_fixture,64907
7,1,107,unbounded_fixture,76345
7,1,108,unbounded_fixture,185879
7,1,109,unbounded_fixture,82293
7,1,110,unbounded_fixture,106581
7,1,111,unbounded_fixture,68193
7,1,112,unbounded_fixture,64808
7,1,113,unbounded_fixture,136055
7,1,114,unbounded_fixture,66991
7,1,115,unbounded_fixture,66440
7,1,116,unbounded_fixture,63736
7,1,117,unbounded_fixture,145549
7,1,118,unbounded_fixture,134743
7,1,119,unbounded_fixture,65709
7,1,120,unbounded_fixture,208683
7,1,121,unbounded_fixture,87171
7,1,122,unbounded_fixture,64477
7,1,123,unbounded_fixture,63656
7,1,124,unbounded_fixture,70456
7,1,125,unbounded_fixture,63746
7,1,126,unbounded_fixture,63445
7,1,127,unbounded_fixture,135293
8,0,0,unbounded_fixture,66930
8,0,1,unbounded_fixture,66370
8,0,2,unbounded_fixture,63346
8,0,3,unbounded_fixture,62704
8,0,4,unbounded_fixture,141744
8,0,5,unbounded_fixture,109936
8,0,6,unbounded_fixture,166230
8,0,7,unbounded_fixture,64888
8,0,8,unbounded_fixture,63165
8,0,9,unbounded_fixture,63766
8,0,10,unbounded_fixture,62644
8,0,11,unbounded_fixture,64757
8,0,12,unbounded_fixture,62544
8,0,13,unbounded_fixture,63646
8,0,14,unbounded_fixture,68543
8,0,15,unbounded_fixture,214373
8,0,16,unbounded_fixture,125318
8,0,17,unbounded_fixture,118909
8,0,18,unbounded_fixture,118659
8,0,19,unbounded_fixture,117036
8,0,20,unbounded_fixture,145258
8,0,21,unbounded_fixture,125809
8,0,22,unbounded_fixture,150156
8,0,23,unbounded_fixture,119289
8,0,24,unbounded_fixture,116455
8,0,25,unbounded_fixture,116445
8,0,26,unbounded_fixture,120762
8,0,27,unbounded_fixture,115593
8,0,28,unbounded_fixture,115263
8,0,29,unbounded_fixture,140281
8,0,30,unbounded_fixture,159860
8,0,31,unbounded_fixture,121913
8,0,32,unbounded_fixture,116095
8,0,33,unbounded_fixture,114862
8,0,34,unbounded_fixture,124167
8,0,35,unbounded_fixture,116115
8,0,36,unbounded_fixture,119920
8,0,37,unbounded_fixture,116866
8,0,38,unbounded_fixture,130125
8,0,39,unbounded_fixture,115514
8,0,40,unbounded_fixture,125308
8,0,41,unbounded_fixture,116555
8,0,42,unbounded_fixture,116154
8,0,43,unbounded_fixture,134812
8,0,44,unbounded_fixture,120792
8,0,45,unbounded_fixture,159380
8,0,46,unbounded_fixture,121983
8,0,47,unbounded_fixture,116866
8,0,48,unbounded_fixture,115925
8,0,49,unbounded_fixture,114963
8,0,50,unbounded_fixture,126540
8,0,51,unbounded_fixture,166981
8,0,52,unbounded_fixture,120982
8,0,53,unbounded_fixture,141553
8,0,54,unbounded_fixture,117106
8,0,55,unbounded_fixture,119480
8,0,56,unbounded_fixture,118067
8,0,57,unbounded_fixture,117467
8,0,58,unbounded_fixture,116145
8,0,59,unbounded_fixture,167662
8,0,60,unbounded_fixture,178478
8,0,61,unbounded_fixture,129705
8,0,62,unbounded_fixture,116665
8,0,63,unbounded_fixture,114763
8,0,64,unbounded_fixture,142243
8,0,65,unbounded_fixture,128443
8,0,66,unbounded_fixture,116665
8,0,67,unbounded_fixture,217116
8,0,68,unbounded_fixture,119800
8,0,69,unbounded_fixture,115263
8,0,70,unbounded_fixture,121002
8,0,71,unbounded_fixture,116115
8,0,72,unbounded_fixture,114002
8,0,73,unbounded_fixture,115424
8,0,74,unbounded_fixture,115834
8,0,75,unbounded_fixture,149766
8,0,76,unbounded_fixture,117947
8,0,77,unbounded_fixture,116245
8,0,78,unbounded_fixture,115434
8,0,79,unbounded_fixture,115274
8,0,80,unbounded_fixture,146710
8,0,81,unbounded_fixture,126610
8,0,82,unbounded_fixture,167832
8,0,83,unbounded_fixture,119249
8,0,84,unbounded_fixture,126761
8,0,85,unbounded_fixture,116244
8,0,86,unbounded_fixture,115433
8,0,87,unbounded_fixture,116855
8,0,88,unbounded_fixture,117677
8,0,89,unbounded_fixture,125328
8,0,90,unbounded_fixture,139670
8,0,91,unbounded_fixture,118248
8,0,92,unbounded_fixture,115103
8,0,93,unbounded_fixture,115524
8,0,94,unbounded_fixture,127332
8,0,95,unbounded_fixture,117227
8,0,96,unbounded_fixture,116135
8,0,97,unbounded_fixture,115945
8,0,98,unbounded_fixture,141172
8,0,99,unbounded_fixture,124727
8,0,100,unbounded_fixture,117517
8,0,101,unbounded_fixture,117707
8,0,102,unbounded_fixture,117396
8,0,103,unbounded_fixture,116665
8,0,104,unbounded_fixture,123907
8,0,105,unbounded_fixture,118529
8,0,106,unbounded_fixture,145559
8,0,107,unbounded_fixture,118899
8,0,108,unbounded_fixture,116375
8,0,109,unbounded_fixture,120321
8,0,110,unbounded_fixture,115464
8,0,111,unbounded_fixture,116025
8,0,112,unbounded_fixture,152069
8,0,113,unbounded_fixture,120752
8,0,114,unbounded_fixture,162605
8,0,115,unbounded_fixture,117497
8,0,116,unbounded_fixture,117366
8,0,117,unbounded_fixture,116435
8,0,118,unbounded_fixture,116195
8,0,119,unbounded_fixture,121743
8,0,120,unbounded_fixture,118809
8,0,121,unbounded_fixture,137476
8,0,122,unbounded_fixture,123796
8,0,123,unbounded_fixture,118348
8,0,124,unbounded_fixture,120881
8,0,125,unbounded_fixture,115614
8,0,126,unbounded_fixture,117837
8,0,127,unbounded_fixture,116014
8,1,0,bounded,161633
8,1,1,bounded,153310
8,1,2,bounded,124317
8,1,3,bounded,122024
8,1,4,bounded,120321
8,1,5,bounded,133141
8,1,6,bounded,126310
8,1,7,bounded,124728
8,1,8,bounded,153471
8,1,9,bounded,136055
8,1,10,bounded,135634
8,1,11,bounded,123215
8,1,12,bounded,122484
8,1,13,bounded,181513
8,1,14,bounded,140982
8,1,15,bounded,148504
8,1,16,bounded,127061
8,1,17,bounded,120721
8,1,18,bounded,121803
8,1,19,bounded,120952
8,1,20,bounded,127602
8,1,21,bounded,120361
8,1,22,bounded,121443
8,1,23,bounded,153360
8,1,24,bounded,124157
8,1,25,bounded,126660
8,1,26,bounded,121883
8,1,27,bounded,123025
8,1,28,bounded,121323
8,1,29,bounded,122845
8,1,30,bounded,153050
8,1,31,bounded,126951
8,1,32,bounded,120611
8,1,33,bounded,122184
8,1,34,bounded,120671
8,1,35,bounded,126640
8,1,36,bounded,120201
8,1,37,bounded,121223
8,1,38,bounded,144227
8,1,39,bounded,121944
8,1,40,bounded,125559
8,1,41,bounded,120592
8,1,42,bounded,120612
8,1,43,bounded,144998
8,1,44,bounded,139490
8,1,45,bounded,155984
8,1,46,bounded,127932
8,1,47,bounded,121372
8,1,48,bounded,119530
8,1,49,bounded,131007
8,1,50,bounded,124468
8,1,51,bounded,120842
8,1,52,bounded,123646
8,1,53,bounded,159440
8,1,54,bounded,134232
8,1,55,bounded,121383
8,1,56,bounded,122615
8,1,57,bounded,121593
8,1,58,bounded,121973
8,1,59,bounded,126641
8,1,60,bounded,145539
8,1,61,bounded,128132
8,1,62,bounded,121393
8,1,63,bounded,120001
8,1,64,bounded,124877
8,1,65,bounded,122244
8,1,66,bounded,121542
8,1,67,bounded,122114
8,1,68,bounded,150777
8,1,69,bounded,127252
8,1,70,bounded,121353
8,1,71,bounded,121894
8,1,72,bounded,120151
8,1,73,bounded,145770
8,1,74,bounded,133431
8,1,75,bounded,141403
8,1,76,bounded,126330
8,1,77,bounded,121272
8,1,78,bounded,120751
8,1,79,bounded,126861
8,1,80,bounded,124226
8,1,81,bounded,121483
8,1,82,bounded,121093
8,1,83,bounded,160752
8,1,84,bounded,131077
8,1,85,bounded,121303
8,1,86,bounded,121834
8,1,87,bounded,122464
8,1,88,bounded,133100
8,1,89,bounded,126240
8,1,90,bounded,142564
8,1,91,bounded,127722
8,1,92,bounded,121433
8,1,93,bounded,130626
8,1,94,bounded,123826
8,1,95,bounded,121493
8,1,96,bounded,120661
8,1,97,bounded,120862
8,1,98,bounded,169054
8,1,99,bounded,124257
8,1,100,bounded,120782
8,1,101,bounded,121063
8,1,102,bounded,122014
8,1,103,bounded,153051
8,1,104,bounded,128443
8,1,105,bounded,147142
8,1,106,bounded,134082
8,1,107,bounded,124938
8,1,108,bounded,126169
8,1,109,bounded,122334
8,1,110,bounded,120090
8,1,111,bounded,124267
8,1,112,bounded,122294
8,1,113,bounded,425440
8,1,114,bounded,137567
8,1,115,bounded,125469
8,1,116,bounded,144647
8,1,117,bounded,123976
8,1,118,bounded,163005
8,1,119,bounded,124697
8,1,120,bounded,126270
8,1,121,bounded,125379
8,1,122,bounded,122655
8,1,123,bounded,128323
8,1,124,bounded,131618
8,1,125,bounded,148083
8,1,126,bounded,126880
8,1,127,bounded,121202
9,0,0,bounded,142424
9,0,1,bounded,137968
9,0,2,bounded,172299
9,0,3,bounded,138589
9,0,4,bounded,167121
9,0,5,bounded,128043
9,0,6,bounded,134352
9,0,7,bounded,133161
9,0,8,bounded,127773
9,0,9,bounded,136806
9,0,10,bounded,124457
9,0,11,bounded,145940
9,0,12,bounded,125689
9,0,13,bounded,120962
9,0,14,bounded,132820
9,0,15,bounded,123365
9,0,16,bounded,120732
9,0,17,bounded,121132
9,0,18,bounded,119520
9,0,19,bounded,165509
9,0,20,bounded,122154
9,0,21,bounded,121472
9,0,22,bounded,121503
9,0,23,bounded,120281
9,0,24,bounded,128673
9,0,25,bounded,121433
9,0,26,bounded,144678
9,0,27,bounded,130766
9,0,28,bounded,122304
9,0,29,bounded,126420
9,0,30,bounded,122704
9,0,31,bounded,121333
9,0,32,bounded,169866
9,0,33,bounded,156135
9,0,34,bounded,134022
9,0,35,bounded,121713
9,0,36,bounded,120932
9,0,37,bounded,121152
9,0,38,bounded,120742
9,0,39,bounded,126090
9,0,40,bounded,120801
9,0,41,bounded,148293
9,0,42,bounded,122294
9,0,43,bounded,120962
9,0,44,bounded,125789
9,0,45,bounded,122584
9,0,46,bounded,121092
9,0,47,bounded,121503
9,0,48,bounded,279791
9,0,49,bounded,129475
9,0,50,bounded,122044
9,0,51,bounded,121343
9,0,52,bounded,121313
9,0,53,bounded,131738
9,0,54,bounded,122614
9,0,55,bounded,161142
9,0,56,bounded,126580
9,0,57,bounded,122314
9,0,58,bounded,132480
9,0,59,bounded,122114
9,0,60,bounded,160521
9,0,61,bounded,132840
9,0,62,bounded,150267
9,0,63,bounded,129615
9,0,64,bounded,121583
9,0,65,bounded,121182
9,0,66,bounded,123285
9,0,67,bounded,122274
9,0,68,bounded,126290
9,0,69,bounded,122384
9,0,70,bounded,156686
9,0,71,bounded,121252
9,0,72,bounded,120661
9,0,73,bounded,126150
9,0,74,bounded,121963
9,0,75,bounded,121573
9,0,76,bounded,122575
9,0,77,bounded,151779
9,0,78,bounded,130576
9,0,79,bounded,122755
9,0,80,bounded,119951
9,0,81,bounded,121012
9,0,82,bounded,121493
9,0,83,bounded,127812
9,0,84,bounded,125769
9,0,85,bounded,158148
9,0,86,bounded,123706
9,0,87,bounded,121603
9,0,88,bounded,126430
9,0,89,bounded,121813
9,0,90,bounded,156886
9,0,91,bounded,125519
9,0,92,bounded,157917
9,0,93,bounded,123846
9,0,94,bounded,121362
9,0,95,bounded,121202
9,0,96,bounded,120691
9,0,97,bounded,130656
9,0,98,bounded,122524
9,0,99,bounded,120191
9,0,100,bounded,153812
9,0,101,bounded,131027
9,0,102,bounded,133842
9,0,103,bounded,122584
9,0,104,bounded,119720
9,0,105,bounded,121713
9,0,106,bounded,120942
9,0,107,bounded,152028
9,0,108,bounded,125119
9,0,109,bounded,120001
9,0,110,bounded,122233
9,0,111,bounded,120512
9,0,112,bounded,125379
9,0,113,bounded,120562
9,0,114,bounded,120391
9,0,115,bounded,149595
9,0,116,bounded,123616
9,0,117,bounded,127552
9,0,118,bounded,121803
9,0,119,bounded,120852
9,0,120,bounded,159419
9,0,121,bounded,126590
9,0,122,bounded,151137
9,0,123,bounded,162153
9,0,124,bounded,133451
9,0,125,bounded,121463
9,0,126,bounded,119840
9,0,127,bounded,126029
9,1,0,unbounded_fixture,134182
9,1,1,unbounded_fixture,141553
9,1,2,unbounded_fixture,118268
9,1,3,unbounded_fixture,114412
9,1,4,unbounded_fixture,138839
9,1,5,unbounded_fixture,115724
9,1,6,unbounded_fixture,113912
9,1,7,unbounded_fixture,114663
9,1,8,unbounded_fixture,124518
9,1,9,unbounded_fixture,139750
9,1,10,unbounded_fixture,116175
9,1,11,unbounded_fixture,114462
9,1,12,unbounded_fixture,114703
9,1,13,unbounded_fixture,125268
9,1,14,unbounded_fixture,115754
9,1,15,unbounded_fixture,114883
9,1,16,unbounded_fixture,114442
9,1,17,unbounded_fixture,145820
9,1,18,unbounded_fixture,128624
9,1,19,unbounded_fixture,115604
9,1,20,unbounded_fixture,114813
9,1,21,unbounded_fixture,113832
9,1,22,unbounded_fixture,114212
9,1,23,unbounded_fixture,169375
9,1,24,unbounded_fixture,118318
9,1,25,unbounded_fixture,147092
9,1,26,unbounded_fixture,119530
9,1,27,unbounded_fixture,114623
9,1,28,unbounded_fixture,119931
9,1,29,unbounded_fixture,114953
9,1,30,unbounded_fixture,114091
9,1,31,unbounded_fixture,116485
9,1,32,unbounded_fixture,114302
9,1,33,unbounded_fixture,135965
9,1,34,unbounded_fixture,116024
9,1,35,unbounded_fixture,115013
9,1,36,unbounded_fixture,114272
9,1,37,unbounded_fixture,115845
9,1,38,unbounded_fixture,118228
9,1,39,unbounded_fixture,115324
9,1,40,unbounded_fixture,153551
9,1,41,unbounded_fixture,123826
9,1,42,unbounded_fixture,115123
9,1,43,unbounded_fixture,118959
9,1,44,unbounded_fixture,115293
9,1,45,unbounded_fixture,114091
9,1,46,unbounded_fixture,115494
9,1,47,unbounded_fixture,115264
9,1,48,unbounded_fixture,142605
9,1,49,unbounded_fixture,119470
9,1,50,unbounded_fixture,115344
9,1,51,unbounded_fixture,115895
9,1,52,unbounded_fixture,125739
9,1,53,unbounded_fixture,115284
9,1,54,unbounded_fixture,149074
9,1,55,unbounded_fixture,116255
9,1,56,unbounded_fixture,142304
9,1,57,unbounded_fixture,126941
9,1,58,unbounded_fixture,115193
9,1,59,unbounded_fixture,115984
9,1,60,unbounded_fixture,147201
9,1,61,unbounded_fixture,116536
9,1,62,unbounded_fixture,126640
9,1,63,unbounded_fixture,116104
9,1,64,unbounded_fixture,152559
9,1,65,unbounded_fixture,115574
9,1,66,unbounded_fixture,115264
9,1,67,unbounded_fixture,119419
9,1,68,unbounded_fixture,114662
9,1,69,unbounded_fixture,114722
9,1,70,unbounded_fixture,114983
9,1,71,unbounded_fixture,115023
9,1,72,unbounded_fixture,132729
9,1,73,unbounded_fixture,116185
9,1,74,unbounded_fixture,115054
9,1,75,unbounded_fixture,116696
9,1,76,unbounded_fixture,114372
9,1,77,unbounded_fixture,124517
9,1,78,unbounded_fixture,115103
9,1,79,unbounded_fixture,139370
9,1,80,unbounded_fixture,116075
9,1,81,unbounded_fixture,114442
9,1,82,unbounded_fixture,119310
9,1,83,unbounded_fixture,116075
9,1,84,unbounded_fixture,150316
9,1,85,unbounded_fixture,125559
9,1,86,unbounded_fixture,149645
9,1,87,unbounded_fixture,123276
9,1,88,unbounded_fixture,117246
9,1,89,unbounded_fixture,115123
9,1,90,unbounded_fixture,116345
9,1,91,unbounded_fixture,115935
9,1,92,unbounded_fixture,119159
9,1,93,unbounded_fixture,114422
9,1,94,unbounded_fixture,140371
9,1,95,unbounded_fixture,117918
9,1,96,unbounded_fixture,124117
9,1,97,unbounded_fixture,115724
9,1,98,unbounded_fixture,115063
9,1,99,unbounded_fixture,114943
9,1,100,unbounded_fixture,115133
9,1,101,unbounded_fixture,124668
9,1,102,unbounded_fixture,149315
9,1,103,unbounded_fixture,121633
9,1,104,unbounded_fixture,116756
9,1,105,unbounded_fixture,115173
9,1,106,unbounded_fixture,126550
9,1,107,unbounded_fixture,115874
9,1,108,unbounded_fixture,114262
9,1,109,unbounded_fixture,114462
9,1,110,unbounded_fixture,152169
9,1,111,unbounded_fixture,122835
9,1,112,unbounded_fixture,116275
9,1,113,unbounded_fixture,116164
9,1,114,unbounded_fixture,115183
9,1,115,unbounded_fixture,113901
9,1,116,unbounded_fixture,153501
9,1,117,unbounded_fixture,117697
9,1,118,unbounded_fixture,140862
9,1,119,unbounded_fixture,116425
9,1,120,unbounded_fixture,135714
9,1,121,unbounded_fixture,120402
9,1,122,unbounded_fixture,114993
9,1,123,unbounded_fixture,113600
9,1,124,unbounded_fixture,113421
9,1,125,unbounded_fixture,114432
9,1,126,unbounded_fixture,148513
9,1,127,unbounded_fixture,115324
10,0,0,unbounded_fixture,118138
10,0,1,unbounded_fixture,115074
10,0,2,unbounded_fixture,115734
10,0,3,unbounded_fixture,132239
10,0,4,unbounded_fixture,115894
10,0,5,unbounded_fixture,133941
10,0,6,unbounded_fixture,123075
10,0,7,unbounded_fixture,114783
10,0,8,unbounded_fixture,118919
10,0,9,unbounded_fixture,114823
10,0,10,unbounded_fixture,115274
10,0,11,unbounded_fixture,114382
10,0,12,unbounded_fixture,124517
10,0,13,unbounded_fixture,140201
10,0,14,unbounded_fixture,124497
10,0,15,unbounded_fixture,114963
10,0,16,unbounded_fixture,113731
10,0,17,unbounded_fixture,123806
10,0,18,unbounded_fixture,115764
10,0,19,unbounded_fixture,143286
10,0,20,unbounded_fixture,120031
10,0,21,unbounded_fixture,155344
10,0,22,unbounded_fixture,131388
10,0,23,unbounded_fixture,117137
10,0,24,unbounded_fixture,115524
10,0,25,unbounded_fixture,115814
10,0,26,unbounded_fixture,114332
10,0,27,unbounded_fixture,117787
10,0,28,unbounded_fixture,115804
10,0,29,unbounded_fixture,141854
10,0,30,unbounded_fixture,122374
10,0,31,unbounded_fixture,118058
10,0,32,unbounded_fixture,122024
10,0,33,unbounded_fixture,116234
10,0,34,unbounded_fixture,119630
10,0,35,unbounded_fixture,115704
10,0,36,unbounded_fixture,114132
10,0,37,unbounded_fixture,145770
10,0,38,unbounded_fixture,118177
10,0,39,unbounded_fixture,118799
10,0,40,unbounded_fixture,114873
10,0,41,unbounded_fixture,114633
10,0,42,unbounded_fixture,119049
10,0,43,unbounded_fixture,116526
10,0,44,unbounded_fixture,114953
10,0,45,unbounded_fixture,141823
10,0,46,unbounded_fixture,118539
10,0,47,unbounded_fixture,120151
10,0,48,unbounded_fixture,115724
10,0,49,unbounded_fixture,116455
10,0,50,unbounded_fixture,115714
10,0,51,unbounded_fixture,171148
10,0,52,unbounded_fixture,146039
10,0,53,unbounded_fixture,122915
10,0,54,unbounded_fixture,115895
10,0,55,unbounded_fixture,114322
10,0,56,unbounded_fixture,125288
10,0,57,unbounded_fixture,116586
10,0,58,unbounded_fixture,114522
10,0,59,unbounded_fixture,115414
10,0,60,unbounded_fixture,131478
10,0,61,unbounded_fixture,137106
10,0,62,unbounded_fixture,117587
10,0,63,unbounded_fixture,114873
10,0,64,unbounded_fixture,115715
10,0,65,unbounded_fixture,115914
10,0,66,unbounded_fixture,126400
10,0,67,unbounded_fixture,114643
10,0,68,unbounded_fixture,138128
10,0,69,unbounded_fixture,121683
10,0,70,unbounded_fixture,114933
10,0,71,unbounded_fixture,121663
10,0,72,unbounded_fixture,116144
10,0,73,unbounded_fixture,113781
10,0,74,unbounded_fixture,114943
10,0,75,unbounded_fixture,114933
10,0,76,unbounded_fixture,157146
10,0,77,unbounded_fixture,120341
10,0,78,unbounded_fixture,115694
10,0,79,unbounded_fixture,114042
10,0,80,unbounded_fixture,114633
10,0,81,unbounded_fixture,120121
10,0,82,unbounded_fixture,164878
10,0,83,unbounded_fixture,120452
10,0,84,unbounded_fixture,149685
10,0,85,unbounded_fixture,116936
10,0,86,unbounded_fixture,119099
10,0,87,unbounded_fixture,117026
10,0,88,unbounded_fixture,115825
10,0,89,unbounded_fixture,115604
10,0,90,unbounded_fixture,115363
10,0,91,unbounded_fixture,118879
10,0,92,unbounded_fixture,141813
10,0,93,unbounded_fixture,115814
10,0,94,unbounded_fixture,114222
10,0,95,unbounded_fixture,115654
10,0,96,unbounded_fixture,138909
10,0,97,unbounded_fixture,116896
10,0,98,unbounded_fixture,114592
10,0,99,unbounded_fixture,114682
10,0,100,unbounded_fixture,144437
10,0,101,unbounded_fixture,116305
10,0,102,unbounded_fixture,115634
10,0,103,unbounded_fixture,115974
10,0,104,unbounded_fixture,114953
10,0,105,unbounded_fixture,124056
10,0,106,unbounded_fixture,115053
10,0,107,unbounded_fixture,114783
10,0,108,unbounded_fixture,142945
10,0,109,unbounded_fixture,115183
10,0,110,unbounded_fixture,125669
10,0,111,unbounded_fixture,114503
10,0,112,unbounded_fixture,114392
10,0,113,unbounded_fixture,115114
10,0,114,unbounded_fixture,134032
10,0,115,unbounded_fixture,138098
10,0,116,unbounded_fixture,119760
10,0,117,unbounded_fixture,115865
10,0,118,unbounded_fixture,115393
10,0,119,unbounded_fixture,115133
10,0,120,unbounded_fixture,119019
10,0,121,unbounded_fixture,116706
10,0,122,unbounded_fixture,114943
10,0,123,unbounded_fixture,138178
10,0,124,unbounded_fixture,122234
10,0,125,unbounded_fixture,117927
10,0,126,unbounded_fixture,115674
10,0,127,unbounded_fixture,115674
10,1,0,bounded,149075
10,1,1,bounded,121583
10,1,2,bounded,129124
10,1,3,bounded,150717
10,1,4,bounded,123556
10,1,5,bounded,121563
10,1,6,bounded,120531
10,1,7,bounded,125619
10,1,8,bounded,120501
10,1,9,bounded,121793
10,1,10,bounded,122004
10,1,11,bounded,137698
10,1,12,bounded,126331
10,1,13,bounded,122384
10,1,14,bounded,122544
10,1,15,bounded,122624
10,1,16,bounded,182414
10,1,17,bounded,153140
10,1,18,bounded,132539
10,1,19,bounded,122324
10,1,20,bounded,121323
10,1,21,bounded,130657
10,1,22,bounded,122594
10,1,23,bounded,122093
10,1,24,bounded,120521
10,1,25,bounded,160882
10,1,26,bounded,135103
10,1,27,bounded,122905
10,1,28,bounded,121553
10,1,29,bounded,122434
10,1,30,bounded,121092
10,1,31,bounded,124457
10,1,32,bounded,143926
10,1,33,bounded,128463
10,1,34,bounded,121372
10,1,35,bounded,121513
10,1,36,bounded,125709
10,1,37,bounded,122274
10,1,38,bounded,121643
10,1,39,bounded,121643
10,1,40,bounded,147903
10,1,41,bounded,128724
10,1,42,bounded,121373
10,1,43,bounded,120592
10,1,44,bounded,119921
10,1,45,bounded,122314
10,1,46,bounded,163946
10,1,47,bounded,145209
10,1,48,bounded,202705
10,1,49,bounded,71437
10,1,50,bounded,64837
10,1,51,bounded,66931
10,1,52,bounded,63916
10,1,53,bounded,63946
10,1,54,bounded,63946
10,1,55,bounded,65859
10,1,56,bounded,76895
10,1,57,bounded,418429
10,1,58,bounded,77166
10,1,59,bounded,249105
10,1,60,bounded,108743
10,1,61,bounded,4284135
10,1,62,bounded,180962
10,1,63,bounded,73871
10,1,64,bounded,67902
10,1,65,bounded,77016
10,1,66,bounded,67551
10,1,67,bounded,66120
10,1,68,bounded,66289
10,1,69,bounded,65138
10,1,70,bounded,72119
10,1,71,bounded,67111
10,1,72,bounded,65448
10,1,73,bounded,66681
10,1,74,bounded,65789
10,1,75,bounded,132089
10,1,76,bounded,70006
10,1,77,bounded,66019
10,1,78,bounded,64877
10,1,79,bounded,64286
10,1,80,bounded,76605
10,1,81,bounded,67842
10,1,82,bounded,65599
10,1,83,bounded,66220
10,1,84,bounded,88153
10,1,85,bounded,197057
10,1,86,bounded,399141
10,1,87,bounded,85779
10,1,88,bounded,72489
10,1,89,bounded,65819
10,1,90,bounded,67642
10,1,91,bounded,66030
10,1,92,bounded,66280
10,1,93,bounded,64647
10,1,94,bounded,64307
10,1,95,bounded,138318
10,1,96,bounded,87682
10,1,97,bounded,69124
10,1,98,bounded,64917
10,1,99,bounded,65158
10,1,100,bounded,65348
10,1,101,bounded,65098
10,1,102,bounded,63866
10,1,103,bounded,63245
10,1,104,bounded,68032
10,1,105,bounded,65258
10,1,106,bounded,66030
10,1,107,bounded,64077
10,1,108,bounded,82244
10,1,109,bounded,92419
10,1,110,bounded,67202
10,1,111,bounded,65038
10,1,112,bounded,70046
10,1,113,bounded,113080
10,1,114,bounded,72840
10,1,115,bounded,66139
10,1,116,bounded,67492
10,1,117,bounded,64337
10,1,118,bounded,69335
10,1,119,bounded,66950
10,1,120,bounded,66029
10,1,121,bounded,80692
10,1,122,bounded,101253
10,1,123,bounded,86049
10,1,124,bounded,103786
10,1,125,bounded,115163
10,1,126,bounded,91848
10,1,127,bounded,83806
11,0,0,bounded,82234
11,0,1,bounded,209466
11,0,2,bounded,156636
11,0,3,bounded,77547
11,0,4,bounded,65418
11,0,5,bounded,65028
11,0,6,bounded,68473
11,0,7,bounded,66199
11,0,8,bounded,66080
11,0,9,bounded,63616
11,0,10,bounded,174663
11,0,11,bounded,75023
11,0,12,bounded,66219
11,0,13,bounded,348324
11,0,14,bounded,78267
11,0,15,bounded,65028
11,0,16,bounded,67272
11,0,17,bounded,66490
11,0,18,bounded,66480
11,0,19,bounded,66319
11,0,20,bounded,70926
11,0,21,bounded,67561
11,0,22,bounded,66611
11,0,23,bounded,65669
11,0,24,bounded,117417
11,0,25,bounded,78628
11,0,26,bounded,67411
11,0,27,bounded,65218
11,0,28,bounded,67172
11,0,29,bounded,66380
11,0,30,bounded,68974
11,0,31,bounded,65619
11,0,32,bounded,65399
11,0,33,bounded,65398
11,0,34,bounded,65098
11,0,35,bounded,67562
11,0,36,bounded,66340
11,0,37,bounded,66069
11,0,38,bounded,98598
11,0,39,bounded,69455
11,0,40,bounded,65799
11,0,41,bounded,65529
11,0,42,bounded,137447
11,0,43,bounded,67241
11,0,44,bounded,64226
11,0,45,bounded,66810
11,0,46,bounded,64597
11,0,47,bounded,90086
11,0,48,bounded,67271
11,0,49,bounded,64998
11,0,50,bounded,85509
11,0,51,bounded,82284
11,0,52,bounded,65999
11,0,53,bounded,142845
11,0,54,bounded,65479
11,0,55,bounded,67100
11,0,56,bounded,66660
11,0,57,bounded,124216
11,0,58,bounded,72109
11,0,59,bounded,66240
11,0,60,bounded,68633
11,0,61,bounded,365640
11,0,62,bounded,87612
11,0,63,bounded,67542
11,0,64,bounded,75063
11,0,65,bounded,68033
11,0,66,bounded,65849
11,0,67,bounded,66630
11,0,68,bounded,66791
11,0,69,bounded,70125
11,0,70,bounded,68513
11,0,71,bounded,65358
11,0,72,bounded,106450
11,0,73,bounded,72720
11,0,74,bounded,73029
11,0,75,bounded,65739
11,0,76,bounded,64487
11,0,77,bounded,64296
11,0,78,bounded,64317
11,0,79,bounded,67061
11,0,80,bounded,66410
11,0,81,bounded,66279
11,0,82,bounded,139079
11,0,83,bounded,85298
11,0,84,bounded,68974
11,0,85,bounded,105789
11,0,86,bounded,65067
11,0,87,bounded,65368
11,0,88,bounded,66180
11,0,89,bounded,67471
11,0,90,bounded,65749
11,0,91,bounded,64697
11,0,92,bounded,64307
11,0,93,bounded,62855
11,0,94,bounded,67751
11,0,95,bounded,98708
11,0,96,bounded,67652
11,0,97,bounded,65088
11,0,98,bounded,103085
11,0,99,bounded,82494
11,0,100,bounded,66791
11,0,101,bounded,64136
11,0,102,bounded,64517
11,0,103,bounded,63956
11,0,104,bounded,67812
11,0,105,bounded,64828
11,0,106,bounded,64888
11,0,107,bounded,63696
11,0,108,bounded,69084
11,0,109,bounded,65999
11,0,110,bounded,64878
11,0,111,bounded,63586
11,0,112,bounded,96635
11,0,113,bounded,80581
11,0,114,bounded,66710
11,0,115,bounded,64547
11,0,116,bounded,64176
11,0,117,bounded,64167
11,0,118,bounded,69845
11,0,119,bounded,65589
11,0,120,bounded,66931
11,0,121,bounded,66130
11,0,122,bounded,66240
11,0,123,bounded,67031
11,0,124,bounded,63846
11,0,125,bounded,64938
11,0,126,bounded,97547
11,0,127,bounded,83185
11,1,0,unbounded_fixture,94062
11,1,1,unbounded_fixture,74732
11,1,2,unbounded_fixture,77357
11,1,3,unbounded_fixture,78318
11,1,4,unbounded_fixture,76194
11,1,5,unbounded_fixture,77327
11,1,6,unbounded_fixture,72459
11,1,7,unbounded_fixture,73180
11,1,8,unbounded_fixture,76255
11,1,9,unbounded_fixture,74982
11,1,10,unbounded_fixture,97016
11,1,11,unbounded_fixture,79730
11,1,12,unbounded_fixture,102214
11,1,13,unbounded_fixture,77046
11,1,14,unbounded_fixture,63996
11,1,15,unbounded_fixture,65308
11,1,16,unbounded_fixture,63606
11,1,17,unbounded_fixture,62574
11,1,18,unbounded_fixture,63756
11,1,19,unbounded_fixture,62895
11,1,20,unbounded_fixture,100882
11,1,21,unbounded_fixture,65178
11,1,22,unbounded_fixture,63075
11,1,23,unbounded_fixture,62714
11,1,24,unbounded_fixture,120051
11,1,25,unbounded_fixture,171417
11,1,26,unbounded_fixture,78458
11,1,27,unbounded_fixture,63876
11,1,28,unbounded_fixture,63115
11,1,29,unbounded_fixture,67462
11,1,30,unbounded_fixture,63376
11,1,31,unbounded_fixture,62504
11,1,32,unbounded_fixture,63285
11,1,33,unbounded_fixture,67231
11,1,34,unbounded_fixture,67461
11,1,35,unbounded_fixture,62954
11,1,36,unbounded_fixture,97326
11,1,37,unbounded_fixture,71317
11,1,38,unbounded_fixture,63516
11,1,39,unbounded_fixture,73750
11,1,40,unbounded_fixture,131778
11,1,41,unbounded_fixture,65288
11,1,42,unbounded_fixture,63766
11,1,43,unbounded_fixture,62675
11,1,44,unbounded_fixture,64697
11,1,45,unbounded_fixture,62574
11,1,46,unbounded_fixture,62684
11,1,47,unbounded_fixture,62634
11,1,48,unbounded_fixture,61843
11,1,49,unbounded_fixture,85198
11,1,50,unbounded_fixture,95253
11,1,51,unbounded_fixture,64157
11,1,52,unbounded_fixture,62894
11,1,53,unbounded_fixture,62264
11,1,54,unbounded_fixture,65278
11,1,55,unbounded_fixture,62975
11,1,56,unbounded_fixture,63556
11,1,57,unbounded_fixture,63556
11,1,58,unbounded_fixture,62424
11,1,59,unbounded_fixture,64858
11,1,60,unbounded_fixture,61833
11,1,61,unbounded_fixture,63536
11,1,62,unbounded_fixture,63625
11,1,63,unbounded_fixture,62764
11,1,64,unbounded_fixture,88483
11,1,65,unbounded_fixture,65689
11,1,66,unbounded_fixture,63465
11,1,67,unbounded_fixture,61853
11,1,68,unbounded_fixture,68012
11,1,69,unbounded_fixture,63235
11,1,70,unbounded_fixture,63586
11,1,71,unbounded_fixture,62685
11,1,72,unbounded_fixture,62874
11,1,73,unbounded_fixture,65739
11,1,74,unbounded_fixture,64076
11,1,75,unbounded_fixture,97957
11,1,76,unbounded_fixture,69384
11,1,77,unbounded_fixture,63626
11,1,78,unbounded_fixture,82494
11,1,79,unbounded_fixture,67631
11,1,80,unbounded_fixture,63415
11,1,81,unbounded_fixture,62244
11,1,82,unbounded_fixture,64807
11,1,83,unbounded_fixture,65919
11,1,84,unbounded_fixture,63776
11,1,85,unbounded_fixture,64397
11,1,86,unbounded_fixture,63225
11,1,87,unbounded_fixture,62684
11,1,88,unbounded_fixture,66050
11,1,89,unbounded_fixture,63135
11,1,90,unbounded_fixture,64066
11,1,91,unbounded_fixture,65428
11,1,92,unbounded_fixture,63055
11,1,93,unbounded_fixture,88463
11,1,94,unbounded_fixture,71327
11,1,95,unbounded_fixture,66030
11,1,96,unbounded_fixture,64386
11,1,97,unbounded_fixture,64457
11,1,98,unbounded_fixture,66139
11,1,99,unbounded_fixture,62825
11,1,100,unbounded_fixture,64046
11,1,101,unbounded_fixture,62925
11,1,102,unbounded_fixture,62024
11,1,103,unbounded_fixture,64987
11,1,104,unbounded_fixture,63285
11,1,105,unbounded_fixture,63475
11,1,106,unbounded_fixture,62814
11,1,107,unbounded_fixture,61903
11,1,108,unbounded_fixture,70065
11,1,109,unbounded_fixture,62584
11,1,110,unbounded_fixture,63205
11,1,111,unbounded_fixture,62374
11,1,112,unbounded_fixture,68063
11,1,113,unbounded_fixture,64066
11,1,114,unbounded_fixture,62704
11,1,115,unbounded_fixture,63085
11,1,116,unbounded_fixture,62404
11,1,117,unbounded_fixture,67572
11,1,118,unbounded_fixture,64016
11,1,119,unbounded_fixture,63436
11,1,120,unbounded_fixture,63576
11,1,121,unbounded_fixture,63325
11,1,122,unbounded_fixture,78578
11,1,123,unbounded_fixture,70486
11,1,124,unbounded_fixture,63025
11,1,125,unbounded_fixture,62464
11,1,126,unbounded_fixture,62173
11,1,127,unbounded_fixture,64797
12,0,0,unbounded_fixture,64377
12,0,1,unbounded_fixture,63326
12,0,2,unbounded_fixture,64357
12,0,3,unbounded_fixture,63585
12,0,4,unbounded_fixture,64717
12,0,5,unbounded_fixture,83074
12,0,6,unbounded_fixture,67171
12,0,7,unbounded_fixture,63225
12,0,8,unbounded_fixture,63896
12,0,9,unbounded_fixture,77898
12,0,10,unbounded_fixture,69835
12,0,11,unbounded_fixture,226160
12,0,12,unbounded_fixture,69805
12,0,13,unbounded_fixture,63225
12,0,14,unbounded_fixture,65269
12,0,15,unbounded_fixture,64076
12,0,16,unbounded_fixture,63736
12,0,17,unbounded_fixture,62805
12,0,18,unbounded_fixture,62845
12,0,19,unbounded_fixture,65249
12,0,20,unbounded_fixture,64507
12,0,21,unbounded_fixture,98338
12,0,22,unbounded_fixture,69594
12,0,23,unbounded_fixture,62444
12,0,24,unbounded_fixture,95163
12,0,25,unbounded_fixture,82845
12,0,26,unbounded_fixture,66841
12,0,27,unbounded_fixture,63165
12,0,28,unbounded_fixture,160972
12,0,29,unbounded_fixture,72609
12,0,30,unbounded_fixture,64718
12,0,31,unbounded_fixture,62924
12,0,32,unbounded_fixture,62655
12,0,33,unbounded_fixture,107191
12,0,34,unbounded_fixture,75153
12,0,35,unbounded_fixture,65178
12,0,36,unbounded_fixture,64637
12,0,37,unbounded_fixture,63175
12,0,38,unbounded_fixture,101052
12,0,39,unbounded_fixture,64947
12,0,40,unbounded_fixture,63676
12,0,41,unbounded_fixture,62194
12,0,42,unbounded_fixture,62474
12,0,43,unbounded_fixture,122173
12,0,44,unbounded_fixture,239480
12,0,45,unbounded_fixture,78388
12,0,46,unbounded_fixture,63866
12,0,47,unbounded_fixture,64016
12,0,48,unbounded_fixture,66069
12,0,49,unbounded_fixture,63275
12,0,50,unbounded_fixture,63425
12,0,51,unbounded_fixture,64727
12,0,52,unbounded_fixture,62995
12,0,53,unbounded_fixture,66470
12,0,54,unbounded_fixture,180011
12,0,55,unbounded_fixture,77166
12,0,56,unbounded_fixture,112749
12,0,57,unbounded_fixture,75614
12,0,58,unbounded_fixture,66460
12,0,59,unbounded_fixture,62584
12,0,60,unbounded_fixture,64247
12,0,61,unbounded_fixture,64237
12,0,62,unbounded_fixture,86099
12,0,63,unbounded_fixture,65288
12,0,64,unbounded_fixture,63165
12,0,65,unbounded_fixture,64547
12,0,66,unbounded_fixture,64677
12,0,67,unbounded_fixture,65188
12,0,68,unbounded_fixture,65558
12,0,69,unbounded_fixture,64698
12,0,70,unbounded_fixture,200712
12,0,71,unbounded_fixture,72980
12,0,72,unbounded_fixture,72899
12,0,73,unbounded_fixture,64787
12,0,74,unbounded_fixture,64797
12,0,75,unbounded_fixture,62394
12,0,76,unbounded_fixture,64537
12,0,77,unbounded_fixture,68393
12,0,78,unbounded_fixture,63996
12,0,79,unbounded_fixture,64507
12,0,80,unbounded_fixture,63506
12,0,81,unbounded_fixture,64647
12,0,82,unbounded_fixture,68163
12,0,83,unbounded_fixture,90036
12,0,84,unbounded_fixture,67551
12,0,85,unbounded_fixture,123936
12,0,86,unbounded_fixture,73651
12,0,87,unbounded_fixture,66130
12,0,88,unbounded_fixture,65438
12,0,89,unbounded_fixture,63916
12,0,90,unbounded_fixture,63646
12,0,91,unbounded_fixture,64377
12,0,92,unbounded_fixture,65859
12,0,93,unbounded_fixture,64377
12,0,94,unbounded_fixture,116145
12,0,95,unbounded_fixture,103976
12,0,96,unbounded_fixture,72269
12,0,97,unbounded_fixture,66660
12,0,98,unbounded_fixture,63786
12,0,99,unbounded_fixture,64708
12,0,100,unbounded_fixture,64096
12,0,101,unbounded_fixture,64057
12,0,102,unbounded_fixture,66310
12,0,103,unbounded_fixture,63055
12,0,104,unbounded_fixture,63476
12,0,105,unbounded_fixture,64056
12,0,106,unbounded_fixture,97337
12,0,107,unbounded_fixture,67942
12,0,108,unbounded_fixture,65158
12,0,109,unbounded_fixture,80361
12,0,110,unbounded_fixture,66890
12,0,111,unbounded_fixture,64047
12,0,112,unbounded_fixture,70256
12,0,113,unbounded_fixture,113811
12,0,114,unbounded_fixture,68142
12,0,115,unbounded_fixture,64016
12,0,116,unbounded_fixture,70897
12,0,117,unbounded_fixture,63476
12,0,118,unbounded_fixture,63646
12,0,119,unbounded_fixture,63476
12,0,120,unbounded_fixture,64296
12,0,121,unbounded_fixture,68974
12,0,122,unbounded_fixture,64477
12,0,123,unbounded_fixture,108754
12,0,124,unbounded_fixture,67362
12,0,125,unbounded_fixture,63886
12,0,126,unbounded_fixture,73200
12,0,127,unbounded_fixture,64047
12,1,0,bounded,81182
12,1,1,bounded,65969
12,1,2,bounded,183787
12,1,3,bounded,112258
12,1,4,bounded,298609
12,1,5,bounded,102564
12,1,6,bounded,89184
12,1,7,bounded,89855
12,1,8,bounded,98328
12,1,9,bounded,95624
12,1,10,bounded,69224
12,1,11,bounded,66390
12,1,12,bounded,66050
12,1,13,bounded,67732
12,1,14,bounded,66000
12,1,15,bounded,75444
12,1,16,bounded,72800
12,1,17,bounded,67341
12,1,18,bounded,69555
12,1,19,bounded,66440
12,1,20,bounded,65428
12,1,21,bounded,66280
12,1,22,bounded,64988
12,1,23,bounded,138018
12,1,24,bounded,98278
12,1,25,bounded,71748
12,1,26,bounded,67151
12,1,27,bounded,65769
12,1,28,bounded,93971
12,1,29,bounded,66570
12,1,30,bounded,64327
12,1,31,bounded,64728
12,1,32,bounded,71538
12,1,33,bounded,66761
12,1,34,bounded,66640
12,1,35,bounded,66060
12,1,36,bounded,66530
12,1,37,bounded,70096
12,1,38,bounded,67741
12,1,39,bounded,67021
12,1,40,bounded,64948
12,1,41,bounded,88684
12,1,42,bounded,90877
12,1,43,bounded,67552
12,1,44,bounded,78468
12,1,45,bounded,135554
12,1,46,bounded,178339
12,1,47,bounded,79649
12,1,48,bounded,66780
12,1,49,bounded,66830
12,1,50,bounded,66189
12,1,51,bounded,66129
12,1,52,bounded,144127
12,1,53,bounded,74312
12,1,54,bounded,66070
12,1,55,bounded,65579
12,1,56,bounded,67481
12,1,57,bounded,69114
12,1,58,bounded,66971
12,1,59,bounded,66099
12,1,60,bounded,66209
12,1,61,bounded,66279
12,1,62,bounded,66920
12,1,63,bounded,66460
12,1,64,bounded,65379
12,1,65,bounded,84377
12,1,66,bounded,75023
12,1,67,bounded,67091
12,1,68,bounded,66290
12,1,69,bounded,316276
12,1,70,bounded,84688
12,1,71,bounded,67982
12,1,72,bounded,149595
12,1,73,bounded,75854
12,1,74,bounded,129465
12,1,75,bounded,68944
12,1,76,bounded,73491
12,1,77,bounded,67582
12,1,78,bounded,152269
12,1,79,bounded,70346
12,1,80,bounded,66360
12,1,81,bounded,71678
12,1,82,bounded,67241
12,1,83,bounded,65558
12,1,84,bounded,65518
12,1,85,bounded,66670
12,1,86,bounded,115443
12,1,87,bounded,69134
12,1,88,bounded,66600
12,1,89,bounded,64918
12,1,90,bounded,66009
12,1,91,bounded,67191
12,1,92,bounded,122815
12,1,93,bounded,72579
12,1,94,bounded,66991
12,1,95,bounded,64847
12,1,96,bounded,67872
12,1,97,bounded,66089
12,1,98,bounded,65249
12,1,99,bounded,102434
12,1,100,bounded,68403
12,1,101,bounded,68773
12,1,102,bounded,66189
12,1,103,bounded,63907
12,1,104,bounded,64247
12,1,105,bounded,64757
12,1,106,bounded,66991
12,1,107,bounded,64197
12,1,108,bounded,64868
12,1,109,bounded,64607
12,1,110,bounded,64997
12,1,111,bounded,66200
12,1,112,bounded,66039
12,1,113,bounded,77486
12,1,114,bounded,68403
12,1,115,bounded,66079
12,1,116,bounded,65980
12,1,117,bounded,65348
12,1,118,bounded,65318
12,1,119,bounded,65018
12,1,120,bounded,69465
12,1,121,bounded,66220
12,1,122,bounded,64587
12,1,123,bounded,85789
12,1,124,bounded,70556
12,1,125,bounded,139920
12,1,126,bounded,144828
12,1,127,bounded,215223
13,0,0,bounded,75794
13,0,1,bounded,67792
13,0,2,bounded,72379
13,0,3,bounded,66310
13,0,4,bounded,64918
13,0,5,bounded,66520
13,0,6,bounded,66380
13,0,7,bounded,66800
13,0,8,bounded,67051
13,0,9,bounded,119270
13,0,10,bounded,72109
13,0,11,bounded,65088
13,0,12,bounded,68133
13,0,13,bounded,64937
13,0,14,bounded,65638
13,0,15,bounded,65869
13,0,16,bounded,64908
13,0,17,bounded,66400
13,0,18,bounded,66199
13,0,19,bounded,64417
13,0,20,bounded,65318
13,0,21,bounded,65329
13,0,22,bounded,67582
13,0,23,bounded,74201
13,0,24,bounded,68253
13,0,25,bounded,65959
13,0,26,bounded,64247
13,0,27,bounded,66550
13,0,28,bounded,65538
13,0,29,bounded,65298
13,0,30,bounded,64838
13,0,31,bounded,67121
13,0,32,bounded,68323
13,0,33,bounded,64097
13,0,34,bounded,67401
13,0,35,bounded,121743
13,0,36,bounded,157787
13,0,37,bounded,77787
13,0,38,bounded,67071
13,0,39,bounded,65198
13,0,40,bounded,64828
13,0,41,bounded,73590
13,0,42,bounded,65739
13,0,43,bounded,64377
13,0,44,bounded,64878
13,0,45,bounded,82034
13,0,46,bounded,81362
13,0,47,bounded,67211
13,0,48,bounded,347343
13,0,49,bounded,81903
13,0,50,bounded,66480
13,0,51,bounded,67752
13,0,52,bounded,66580
13,0,53,bounded,65549
13,0,54,bounded,65228
13,0,55,bounded,65048
13,0,56,bounded,68353
13,0,57,bounded,66580
13,0,58,bounded,68283
13,0,59,bounded,99670
13,0,60,bounded,76455
13,0,61,bounded,68473
13,0,62,bounded,66009
13,0,63,bounded,65478
13,0,64,bounded,65929
13,0,65,bounded,65238
13,0,66,bounded,67671
13,0,67,bounded,66249
13,0,68,bounded,64457
13,0,69,bounded,65889
13,0,70,bounded,65178
13,0,71,bounded,68503
13,0,72,bounded,66800
13,0,73,bounded,83826
13,0,74,bounded,67141
13,0,75,bounded,66691
13,0,76,bounded,70326
13,0,77,bounded,66981
13,0,78,bounded,65308
13,0,79,bounded,64897
13,0,80,bounded,71097
13,0,81,bounded,66430
13,0,82,bounded,65519
13,0,83,bounded,65268
13,0,84,bounded,65228
13,0,85,bounded,68833
13,0,86,bounded,79279
13,0,87,bounded,68413
13,0,88,bounded,67371
13,0,89,bounded,64817
13,0,90,bounded,69534
13,0,91,bounded,65308
13,0,92,bounded,64047
13,0,93,bounded,64427
13,0,94,bounded,65879
13,0,95,bounded,69114
13,0,96,bounded,64787
13,0,97,bounded,176516
13,0,98,bounded,69705
13,0,99,bounded,105539
13,0,100,bounded,70206
13,0,101,bounded,66931
13,0,102,bounded,64277
13,0,103,bounded,65439
13,0,104,bounded,65519
13,0,105,bounded,118558
13,0,106,bounded,69866
13,0,107,bounded,65208
13,0,108,bounded,63636
13,0,109,bounded,66100
13,0,110,bounded,66960
13,0,111,bounded,65178
13,0,112,bounded,115774
13,0,113,bounded,71327
13,0,114,bounded,66119
13,0,115,bounded,68092
13,0,116,bounded,66339
13,0,117,bounded,65028
13,0,118,bounded,309656
13,0,119,bounded,71137
13,0,120,bounded,68673
13,0,121,bounded,67692
13,0,122,bounded,112930
13,0,123,bounded,73771
13,0,124,bounded,72889
13,0,125,bounded,170076
13,0,126,bounded,69314
13,0,127,bounded,64397
13,1,0,unbounded_fixture,76696
13,1,1,unbounded_fixture,68783
13,1,2,unbounded_fixture,63435
13,1,3,unbounded_fixture,64367
13,1,4,unbounded_fixture,63496
13,1,5,unbounded_fixture,63405
13,1,6,unbounded_fixture,117557
13,1,7,unbounded_fixture,70836
13,1,8,unbounded_fixture,64728
13,1,9,unbounded_fixture,62805
13,1,10,unbounded_fixture,63355
13,1,11,unbounded_fixture,65850
13,1,12,unbounded_fixture,206881
13,1,13,unbounded_fixture,68303
13,1,14,unbounded_fixture,167462
13,1,15,unbounded_fixture,68904
13,1,16,unbounded_fixture,66310
13,1,17,unbounded_fixture,106811
13,1,18,unbounded_fixture,64007
13,1,19,unbounded_fixture,64437
13,1,20,unbounded_fixture,65198
13,1,21,unbounded_fixture,64788
13,1,22,unbounded_fixture,63355
13,1,23,unbounded_fixture,62984
13,1,24,unbounded_fixture,63887
13,1,25,unbounded_fixture,63475
13,1,26,unbounded_fixture,64978
13,1,27,unbounded_fixture,63946
13,1,28,unbounded_fixture,68313
13,1,29,unbounded_fixture,63556
13,1,30,unbounded_fixture,63676
13,1,31,unbounded_fixture,76765
13,1,32,unbounded_fixture,65398
13,1,33,unbounded_fixture,64246
13,1,34,unbounded_fixture,62975
13,1,35,unbounded_fixture,138869
13,1,36,unbounded_fixture,68383
13,1,37,unbounded_fixture,120761
13,1,38,unbounded_fixture,75474
13,1,39,unbounded_fixture,65158
13,1,40,unbounded_fixture,67922
13,1,41,unbounded_fixture,63896
13,1,42,unbounded_fixture,62815
13,1,43,unbounded_fixture,62844
13,1,44,unbounded_fixture,91417
13,1,45,unbounded_fixture,67872
13,1,46,unbounded_fixture,64017
13,1,47,unbounded_fixture,154012
13,1,48,unbounded_fixture,68793
13,1,49,unbounded_fixture,63315
13,1,50,unbounded_fixture,71036
13,1,51,unbounded_fixture,64357
13,1,52,unbounded_fixture,332034
13,1,53,unbounded_fixture,199801
13,1,54,unbounded_fixture,118368
13,1,55,unbounded_fixture,121163
13,1,56,unbounded_fixture,115294
13,1,57,unbounded_fixture,140912
13,1,58,unbounded_fixture,170637
13,1,59,unbounded_fixture,141012
13,1,60,unbounded_fixture,125919
13,1,61,unbounded_fixture,115013
13,1,62,unbounded_fixture,114302
13,1,63,unbounded_fixture,114432
13,1,64,unbounded_fixture,114021
13,1,65,unbounded_fixture,119850
13,1,66,unbounded_fixture,114712
13,1,67,unbounded_fixture,145318
13,1,68,unbounded_fixture,126130
13,1,69,unbounded_fixture,114863
13,1,70,unbounded_fixture,119219
13,1,71,unbounded_fixture,113691
13,1,72,unbounded_fixture,113912
13,1,73,unbounded_fixture,114222
13,1,74,unbounded_fixture,113361
13,1,75,unbounded_fixture,139390
13,1,76,unbounded_fixture,118358
13,1,77,unbounded_fixture,136416
13,1,78,unbounded_fixture,116685
13,1,79,unbounded_fixture,114562
13,1,80,unbounded_fixture,117587
13,1,81,unbounded_fixture,114402
13,1,82,unbounded_fixture,113681
13,1,83,unbounded_fixture,157677
13,1,84,unbounded_fixture,128513
13,1,85,unbounded_fixture,116405
13,1,86,unbounded_fixture,113421
13,1,87,unbounded_fixture,113461
13,1,88,unbounded_fixture,114913
13,1,89,unbounded_fixture,157166
13,1,90,unbounded_fixture,117887
13,1,91,unbounded_fixture,157276
13,1,92,unbounded_fixture,117497
13,1,93,unbounded_fixture,114201
13,1,94,unbounded_fixture,124748
13,1,95,unbounded_fixture,115433
13,1,96,unbounded_fixture,112919
13,1,97,unbounded_fixture,114652
13,1,98,unbounded_fixture,113611
13,1,99,unbounded_fixture,146050
13,1,100,unbounded_fixture,115774
13,1,101,unbounded_fixture,113310
13,1,102,unbounded_fixture,113010
13,1,103,unbounded_fixture,113070
13,1,104,unbounded_fixture,118178
13,1,105,unbounded_fixture,112700
13,1,106,unbounded_fixture,113491
13,1,107,unbounded_fixture,148624
13,1,108,unbounded_fixture,116385
13,1,109,unbounded_fixture,117317
13,1,110,unbounded_fixture,114082
13,1,111,unbounded_fixture,113070
13,1,112,unbounded_fixture,114121
13,1,113,unbounded_fixture,121082
13,1,114,unbounded_fixture,118858
13,1,115,unbounded_fixture,145919
13,1,116,unbounded_fixture,115393
13,1,117,unbounded_fixture,113040
13,1,118,unbounded_fixture,113291
13,1,119,unbounded_fixture,117326
13,1,120,unbounded_fixture,114632
13,1,121,unbounded_fixture,166160
13,1,122,unbounded_fixture,116766
13,1,123,unbounded_fixture,124717
13,1,124,unbounded_fixture,119940
13,1,125,unbounded_fixture,115433
13,1,126,unbounded_fixture,115033
13,1,127,unbounded_fixture,113691
14,0,0,unbounded_fixture,124438
14,0,1,unbounded_fixture,115134
14,0,2,unbounded_fixture,135674
14,0,3,unbounded_fixture,125048
14,0,4,unbounded_fixture,114232
14,0,5,unbounded_fixture,123926
14,0,6,unbounded_fixture,114282
14,0,7,unbounded_fixture,115544
14,0,8,unbounded_fixture,114532
14,0,9,unbounded_fixture,114352
14,0,10,unbounded_fixture,124007
14,0,11,unbounded_fixture,123505
14,0,12,unbounded_fixture,115754
14,0,13,unbounded_fixture,163405
14,0,14,unbounded_fixture,120631
14,0,15,unbounded_fixture,118548
14,0,16,unbounded_fixture,114562
14,0,17,unbounded_fixture,113531
14,0,18,unbounded_fixture,160282
14,0,19,unbounded_fixture,116795
14,0,20,unbounded_fixture,119680
14,0,21,unbounded_fixture,113762
14,0,22,unbounded_fixture,113340
14,0,23,unbounded_fixture,114051
14,0,24,unbounded_fixture,146421
14,0,25,unbounded_fixture,121693
14,0,26,unbounded_fixture,137387
14,0,27,unbounded_fixture,115253
14,0,28,unbounded_fixture,114583
14,0,29,unbounded_fixture,114332
14,0,30,unbounded_fixture,118508
14,0,31,unbounded_fixture,113621
14,0,32,unbounded_fixture,113110
14,0,33,unbounded_fixture,112569
14,0,34,unbounded_fixture,141002
14,0,35,unbounded_fixture,121583
14,0,36,unbounded_fixture,114782
14,0,37,unbounded_fixture,114322
14,0,38,unbounded_fixture,114803
14,0,39,unbounded_fixture,115123
14,0,40,unbounded_fixture,119220
14,0,41,unbounded_fixture,113912
14,0,42,unbounded_fixture,148373
14,0,43,unbounded_fixture,115985
14,0,44,unbounded_fixture,126030
14,0,45,unbounded_fixture,113541
14,0,46,unbounded_fixture,112679
14,0,47,unbounded_fixture,114202
14,0,48,unbounded_fixture,114062
14,0,49,unbounded_fixture,124627
14,0,50,unbounded_fixture,141193
14,0,51,unbounded_fixture,117286
14,0,52,unbounded_fixture,113491
14,0,53,unbounded_fixture,114372
14,0,54,unbounded_fixture,124397
14,0,55,unbounded_fixture,116034
14,0,56,unbounded_fixture,163856
14,0,57,unbounded_fixture,117778
14,0,58,unbounded_fixture,139259
14,0,59,unbounded_fixture,120211
14,0,60,unbounded_fixture,115063
14,0,61,unbounded_fixture,114693
14,0,62,unbounded_fixture,113761
14,0,63,unbounded_fixture,113271
14,0,64,unbounded_fixture,126300
14,0,65,unbounded_fixture,114653
14,0,66,unbounded_fixture,154863
14,0,67,unbounded_fixture,147592
14,0,68,unbounded_fixture,114593
14,0,69,unbounded_fixture,119820
14,0,70,unbounded_fixture,115053
14,0,71,unbounded_fixture,114993
14,0,72,unbounded_fixture,112829
14,0,73,unbounded_fixture,134071
14,0,74,unbounded_fixture,126009
14,0,75,unbounded_fixture,114081
14,0,76,unbounded_fixture,114702
14,0,77,unbounded_fixture,114592
14,0,78,unbounded_fixture,114342
14,0,79,unbounded_fixture,140852
14,0,80,unbounded_fixture,116035
14,0,81,unbounded_fixture,136015
14,0,82,unbounded_fixture,117417
14,0,83,unbounded_fixture,114102
14,0,84,unbounded_fixture,118388
14,0,85,unbounded_fixture,114493
14,0,86,unbounded_fixture,114011
14,0,87,unbounded_fixture,143726
14,0,88,unbounded_fixture,131909
14,0,89,unbounded_fixture,149175
14,0,90,unbounded_fixture,117076
14,0,91,unbounded_fixture,114222
14,0,92,unbounded_fixture,114142
14,0,93,unbounded_fixture,118138
14,0,94,unbounded_fixture,113822
14,0,95,unbounded_fixture,113921
14,0,96,unbounded_fixture,112909
14,0,97,unbounded_fixture,191638
14,0,98,unbounded_fixture,492361
14,0,99,unbounded_fixture,79480
14,0,100,unbounded_fixture,64977
14,0,101,unbounded_fixture,63125
14,0,102,unbounded_fixture,62053
14,0,103,unbounded_fixture,65228
14,0,104,unbounded_fixture,115794
14,0,105,unbounded_fixture,169135
14,0,106,unbounded_fixture,74121
14,0,107,unbounded_fixture,63706
14,0,108,unbounded_fixture,64207
14,0,109,unbounded_fixture,157087
14,0,110,unbounded_fixture,156055
14,0,111,unbounded_fixture,82334
14,0,112,unbounded_fixture,66991
14,0,113,unbounded_fixture,96185
14,0,114,unbounded_fixture,69144
14,0,115,unbounded_fixture,63796
14,0,116,unbounded_fixture,62494
14,0,117,unbounded_fixture,64427
14,0,118,unbounded_fixture,65909
14,0,119,unbounded_fixture,63225
14,0,120,unbounded_fixture,63816
14,0,121,unbounded_fixture,62874
14,0,122,unbounded_fixture,62514
14,0,123,unbounded_fixture,88483
14,0,124,unbounded_fixture,71027
14,0,125,unbounded_fixture,63686
14,0,126,unbounded_fixture,396607
14,0,127,unbounded_fixture,86630
14,1,0,bounded,93371
14,1,1,bounded,66059
14,1,2,bounded,65578
14,1,3,bounded,66079
14,1,4,bounded,68393
14,1,5,bounded,65518
14,1,6,bounded,82154
14,1,7,bounded,67511
14,1,8,bounded,151017
14,1,9,bounded,80421
14,1,10,bounded,119941
14,1,11,bounded,95884
14,1,12,bounded,66470
14,1,13,bounded,64287
14,1,14,bounded,67632
14,1,15,bounded,65048
14,1,16,bounded,64397
14,1,17,bounded,64306
14,1,18,bounded,66710
14,1,19,bounded,66460
14,1,20,bounded,108614
14,1,21,bounded,72519
14,1,22,bounded,58187
14,1,23,bounded,66810
14,1,24,bounded,66741
14,1,25,bounded,64367
14,1,26,bounded,111668
14,1,27,bounded,71458
14,1,28,bounded,66730
14,1,29,bounded,65989
14,1,30,bounded,64467
14,1,31,bounded,65158
14,1,32,bounded,64277
14,1,33,bounded,90476
14,1,34,bounded,73440
14,1,35,bounded,64066
14,1,36,bounded,72318
14,1,37,bounded,66229
14,1,38,bounded,64436
14,1,39,bounded,65519
14,1,40,bounded,63866
14,1,41,bounded,64708
14,1,42,bounded,63576
14,1,43,bounded,94883
14,1,44,bounded,268073
14,1,45,bounded,85779
14,1,46,bounded,65368
14,1,47,bounded,78448
14,1,48,bounded,66400
14,1,49,bounded,66200
14,1,50,bounded,64838
14,1,51,bounded,64087
14,1,52,bounded,63315
14,1,53,bounded,64347
14,1,54,bounded,65809
14,1,55,bounded,80231
14,1,56,bounded,68253
14,1,57,bounded,65199
14,1,58,bounded,88072
14,1,59,bounded,74532
14,1,60,bounded,98898
14,1,61,bounded,136946
14,1,62,bounded,383377
14,1,63,bounded,288635
14,1,64,bounded,94192
14,1,65,bounded,76205
14,1,66,bounded,86871
14,1,67,bounded,68753
14,1,68,bounded,89335
14,1,69,bounded,70646
14,1,70,bounded,64276
14,1,71,bounded,64036
14,1,72,bounded,74362
14,1,73,bounded,74312
14,1,74,bounded,78768
14,1,75,bounded,106720
14,1,76,bounded,70576
14,1,77,bounded,65509
14,1,78,bounded,67591
14,1,79,bounded,65719
14,1,80,bounded,64397
14,1,81,bounded,63996
14,1,82,bounded,62854
14,1,83,bounded,65449
14,1,84,bounded,64107
14,1,85,bounded,65769
14,1,86,bounded,114422
14,1,87,bounded,81392
14,1,88,bounded,70967
14,1,89,bounded,6079165
14,1,90,bounded,96505
14,1,91,bounded,68072
14,1,92,bounded,65579
14,1,93,bounded,68503
14,1,94,bounded,67081
14,1,95,bounded,64868
14,1,96,bounded,66330
14,1,97,bounded,221984
14,1,98,bounded,104678
14,1,99,bounded,116164
14,1,100,bounded,76605
14,1,101,bounded,66220
14,1,102,bounded,63806
14,1,103,bounded,66210
14,1,104,bounded,64267
14,1,105,bounded,63245
14,1,106,bounded,63536
14,1,107,bounded,68473
14,1,108,bounded,66190
14,1,109,bounded,88874
14,1,110,bounded,69264
14,1,111,bounded,65899
14,1,112,bounded,70866
14,1,113,bounded,114141
14,1,114,bounded,81272
14,1,115,bounded,66610
14,1,116,bounded,75053
14,1,117,bounded,71007
14,1,118,bounded,64417
14,1,119,bounded,64327
14,1,120,bounded,151909
14,1,121,bounded,98749
14,1,122,bounded,67882
14,1,123,bounded,65839
14,1,124,bounded,64297
14,1,125,bounded,3734638
14,1,126,bounded,92008
14,1,127,bounded,72940
15,0,0,bounded,66240
15,0,1,bounded,225550
15,0,2,bounded,230617
15,0,3,bounded,76445
15,0,4,bounded,146070
15,0,5,bounded,72480
15,0,6,bounded,64176
15,0,7,bounded,65899
15,0,8,bounded,68844
15,0,9,bounded,105188
15,0,10,bounded,67411
15,0,11,bounded,64156
15,0,12,bounded,63946
15,0,13,bounded,67241
15,0,14,bounded,66991
15,0,15,bounded,64928
15,0,16,bounded,63826
15,0,17,bounded,62765
15,0,18,bounded,64437
15,0,19,bounded,70446
15,0,20,bounded,65178
15,0,21,bounded,64757
15,0,22,bounded,81562
15,0,23,bounded,96895
15,0,24,bounded,82905
15,0,25,bounded,77597
15,0,26,bounded,79079
15,0,27,bounded,77096
15,0,28,bounded,82965
15,0,29,bounded,80231
15,0,30,bounded,78488
15,0,31,bounded,115573
15,0,32,bounded,70827
15,0,33,bounded,70325
15,0,34,bounded,106400
15,0,35,bounded,89265
15,0,36,bounded,82755
15,0,37,bounded,113170
15,0,38,bounded,78959
15,0,39,bounded,64888
15,0,40,bounded,80782
15,0,41,bounded,64377
15,0,42,bounded,65248
15,0,43,bounded,65709
15,0,44,bounded,63736
15,0,45,bounded,62574
15,0,46,bounded,64547
15,0,47,bounded,120060
15,0,48,bounded,85939
15,0,49,bounded,152169
15,0,50,bounded,82014
15,0,51,bounded,137687
15,0,52,bounded,107772
15,0,53,bounded,78548
15,0,54,bounded,65629
15,0,55,bounded,89435
15,0,56,bounded,140862
15,0,57,bounded,88313
15,0,58,bounded,69254
15,0,59,bounded,65739
15,0,60,bounded,63916
15,0,61,bounded,63997
15,0,62,bounded,63475
15,0,63,bounded,65739
15,0,64,bounded,64777
15,0,65,bounded,64537
15,0,66,bounded,65179
15,0,67,bounded,69154
15,0,68,bounded,65249
15,0,69,bounded,63676
15,0,70,bounded,87522
15,0,71,bounded,67612
15,0,72,bounded,70086
15,0,73,bounded,66240
15,0,74,bounded,64527
15,0,75,bounded,64768
15,0,76,bounded,63476
15,0,77,bounded,75023
15,0,78,bounded,65198
15,0,79,bounded,64647
15,0,80,bounded,87211
15,0,81,bounded,71788
15,0,82,bounded,66160
15,0,83,bounded,63816
15,0,84,bounded,278819
15,0,85,bounded,69665
15,0,86,bounded,65879
15,0,87,bounded,68623
15,0,88,bounded,66440
15,0,89,bounded,64507
15,0,90,bounded,63446
15,0,91,bounded,65539
15,0,92,bounded,65679
15,0,93,bounded,64217
15,0,94,bounded,63175
15,0,95,bounded,109564
15,0,96,bounded,74402
15,0,97,bounded,67000
15,0,98,bounded,61452
15,0,99,bounded,125399
15,0,100,bounded,66641
15,0,101,bounded,64016
15,0,102,bounded,68203
15,0,103,bounded,63906
15,0,104,bounded,66270
15,0,105,bounded,64527
15,0,106,bounded,68813
15,0,107,bounded,65568
15,0,108,bounded,104617
15,0,109,bounded,90927
15,0,110,bounded,81493
15,0,111,bounded,86380
15,0,112,bounded,79830
15,0,113,bounded,78688
15,0,114,bounded,78849
15,0,115,bounded,66099
15,0,116,bounded,65198
15,0,117,bounded,64006
15,0,118,bounded,62675
15,0,119,bounded,63616
15,0,120,bounded,64036
15,0,121,bounded,99640
15,0,122,bounded,69645
15,0,123,bounded,63896
15,0,124,bounded,64978
15,0,125,bounded,64427
15,0,126,bounded,65248
15,0,127,bounded,65408
15,1,0,unbounded_fixture,82664
15,1,1,unbounded_fixture,63505
15,1,2,unbounded_fixture,62744
15,1,3,unbounded_fixture,90657
15,1,4,unbounded_fixture,66890
15,1,5,unbounded_fixture,61603
15,1,6,unbounded_fixture,60992
15,1,7,unbounded_fixture,241864
15,1,8,unbounded_fixture,83516
15,1,9,unbounded_fixture,65048
15,1,10,unbounded_fixture,62674
15,1,11,unbounded_fixture,64798
15,1,12,unbounded_fixture,63014
15,1,13,unbounded_fixture,65037
15,1,14,unbounded_fixture,61242
15,1,15,unbounded_fixture,62384
15,1,16,unbounded_fixture,62474
15,1,17,unbounded_fixture,62324
15,1,18,unbounded_fixture,120862
15,1,19,unbounded_fixture,66019
15,1,20,unbounded_fixture,63616
15,1,21,unbounded_fixture,126981
15,1,22,unbounded_fixture,67531
15,1,23,unbounded_fixture,64988
15,1,24,unbounded_fixture,63746
15,1,25,unbounded_fixture,63766
15,1,26,unbounded_fixture,62383
15,1,27,unbounded_fixture,62734
15,1,28,unbounded_fixture,64007
15,1,29,unbounded_fixture,62304
15,1,30,unbounded_fixture,62003
15,1,31,unbounded_fixture,105840
15,1,32,unbounded_fixture,66911
15,1,33,unbounded_fixture,64036
15,1,34,unbounded_fixture,62394
15,1,35,unbounded_fixture,61293
15,1,36,unbounded_fixture,63685
15,1,37,unbounded_fixture,67051
15,1,38,unbounded_fixture,63656
15,1,39,unbounded_fixture,62574
15,1,40,unbounded_fixture,62004
15,1,41,unbounded_fixture,62404
15,1,42,unbounded_fixture,66631
15,1,43,unbounded_fixture,62464
15,1,44,unbounded_fixture,61533
15,1,45,unbounded_fixture,62694
15,1,46,unbounded_fixture,89224
15,1,47,unbounded_fixture,67712
15,1,48,unbounded_fixture,63466
15,1,49,unbounded_fixture,62794
15,1,50,unbounded_fixture,62624
15,1,51,unbounded_fixture,63325
15,1,52,unbounded_fixture,64617
15,1,53,unbounded_fixture,63265
15,1,54,unbounded_fixture,62764
15,1,55,unbounded_fixture,62104
15,1,56,unbounded_fixture,107582
15,1,57,unbounded_fixture,71268
15,1,58,unbounded_fixture,68423
15,1,59,unbounded_fixture,173121
15,1,60,unbounded_fixture,65689
15,1,61,unbounded_fixture,62294
15,1,62,unbounded_fixture,64607
15,1,63,unbounded_fixture,62625
15,1,64,unbounded_fixture,63565
15,1,65,unbounded_fixture,63625
15,1,66,unbounded_fixture,63716
15,1,67,unbounded_fixture,64387
15,1,68,unbounded_fixture,62925
15,1,69,unbounded_fixture,63576
15,1,70,unbounded_fixture,63145
15,1,71,unbounded_fixture,64697
15,1,72,unbounded_fixture,64307
15,1,73,unbounded_fixture,79530
15,1,74,unbounded_fixture,65870
15,1,75,unbounded_fixture,61512
15,1,76,unbounded_fixture,62504
15,1,77,unbounded_fixture,143566
15,1,78,unbounded_fixture,67161
15,1,79,unbounded_fixture,62995
15,1,80,unbounded_fixture,63406
15,1,81,unbounded_fixture,62714
15,1,82,unbounded_fixture,63336
15,1,83,unbounded_fixture,62955
15,1,84,unbounded_fixture,61953
15,1,85,unbounded_fixture,64487
15,1,86,unbounded_fixture,63796
15,1,87,unbounded_fixture,102133
15,1,88,unbounded_fixture,65138
15,1,89,unbounded_fixture,136856
15,1,90,unbounded_fixture,66521
15,1,91,unbounded_fixture,64086
15,1,92,unbounded_fixture,68433
15,1,93,unbounded_fixture,192339
15,1,94,unbounded_fixture,64878
15,1,95,unbounded_fixture,62734
15,1,96,unbounded_fixture,82033
15,1,97,unbounded_fixture,69064
15,1,98,unbounded_fixture,122094
15,1,99,unbounded_fixture,66119
15,1,100,unbounded_fixture,62875
15,1,101,unbounded_fixture,69635
15,1,102,unbounded_fixture,63196
15,1,103,unbounded_fixture,62674
15,1,104,unbounded_fixture,74562
15,1,105,unbounded_fixture,65689
15,1,106,unbounded_fixture,67331
15,1,107,unbounded_fixture,63505
15,1,108,unbounded_fixture,97918
15,1,109,unbounded_fixture,133682
15,1,110,unbounded_fixture,89755
15,1,111,unbounded_fixture,149254
15,1,112,unbounded_fixture,71317
15,1,113,unbounded_fixture,63576
15,1,114,unbounded_fixture,63285
15,1,115,unbounded_fixture,64838
15,1,116,unbounded_fixture,165989
15,1,117,unbounded_fixture,132369
15,1,118,unbounded_fixture,180441
15,1,119,unbounded_fixture,123726
15,1,120,unbounded_fixture,70115
15,1,121,unbounded_fixture,64477
15,1,122,unbounded_fixture,123416
15,1,123,unbounded_fixture,74933
15,1,124,unbounded_fixture,63015
15,1,125,unbounded_fixture,62814
15,1,126,unbounded_fixture,65929
15,1,127,unbounded_fixture,62765
16,0,0,unbounded_fixture,63696
16,0,1,unbounded_fixture,62644
16,0,2,unbounded_fixture,63325
16,0,3,unbounded_fixture,64186
16,0,4,unbounded_fixture,106630
16,0,5,unbounded_fixture,70806
16,0,6,unbounded_fixture,63996
16,0,7,unbounded_fixture,63445
16,0,8,unbounded_fixture,64678
16,0,9,unbounded_fixture,61733
16,0,10,unbounded_fixture,62183
16,0,11,unbounded_fixture,62954
16,0,12,unbounded_fixture,61072
16,0,13,unbounded_fixture,64307
16,0,14,unbounded_fixture,63405
16,0,15,unbounded_fixture,62955
16,0,16,unbounded_fixture,63406
16,0,17,unbounded_fixture,62153
16,0,18,unbounded_fixture,64327
16,0,19,unbounded_fixture,81362
16,0,20,unbounded_fixture,65970
16,0,21,unbounded_fixture,63665
16,0,22,unbounded_fixture,62454
16,0,23,unbounded_fixture,65388
16,0,24,unbounded_fixture,64597
16,0,25,unbounded_fixture,62504
16,0,26,unbounded_fixture,62734
16,0,27,unbounded_fixture,63576
16,0,28,unbounded_fixture,64407
16,0,29,unbounded_fixture,82915
16,0,30,unbounded_fixture,69254
16,0,31,unbounded_fixture,64197
16,0,32,unbounded_fixture,68744
16,0,33,unbounded_fixture,89114
16,0,34,unbounded_fixture,66800
16,0,35,unbounded_fixture,62944
16,0,36,unbounded_fixture,63235
16,0,37,unbounded_fixture,137467
16,0,38,unbounded_fixture,66730
16,0,39,unbounded_fixture,63185
16,0,40,unbounded_fixture,62854
16,0,41,unbounded_fixture,62684
16,0,42,unbounded_fixture,67020
16,0,43,unbounded_fixture,63115
16,0,44,unbounded_fixture,131257
16,0,45,unbounded_fixture,66811
16,0,46,unbounded_fixture,122665
16,0,47,unbounded_fixture,68974
16,0,48,unbounded_fixture,64006
16,0,49,unbounded_fixture,63716
16,0,50,unbounded_fixture,62494
16,0,51,unbounded_fixture,63716
16,0,52,unbounded_fixture,63986
16,0,53,unbounded_fixture,268474
16,0,54,unbounded_fixture,171778
16,0,55,unbounded_fixture,115554
16,0,56,unbounded_fixture,72238
16,0,57,unbounded_fixture,66149
16,0,58,unbounded_fixture,63305
16,0,59,unbounded_fixture,62634
16,0,60,unbounded_fixture,62735
16,0,61,unbounded_fixture,62925
16,0,62,unbounded_fixture,64057
16,0,63,unbounded_fixture,65088
16,0,64,unbounded_fixture,63576
16,0,65,unbounded_fixture,62684
16,0,66,unbounded_fixture,63025
16,0,67,unbounded_fixture,65288
16,0,68,unbounded_fixture,62854
16,0,69,unbounded_fixture,74482
16,0,70,unbounded_fixture,67782
16,0,71,unbounded_fixture,62625
16,0,72,unbounded_fixture,64527
16,0,73,unbounded_fixture,64227
16,0,74,unbounded_fixture,63445
16,0,75,unbounded_fixture,62684
16,0,76,unbounded_fixture,67672
16,0,77,unbounded_fixture,63686
16,0,78,unbounded_fixture,63336
16,0,79,unbounded_fixture,62744
16,0,80,unbounded_fixture,91138
16,0,81,unbounded_fixture,71918
16,0,82,unbounded_fixture,63445
16,0,83,unbounded_fixture,63776
16,0,84,unbounded_fixture,74902
16,0,85,unbounded_fixture,63585
16,0,86,unbounded_fixture,67562
16,0,87,unbounded_fixture,63195
16,0,88,unbounded_fixture,64397
16,0,89,unbounded_fixture,63005
16,0,90,unbounded_fixture,63866
16,0,91,unbounded_fixture,64858
16,0,92,unbounded_fixture,62564
16,0,93,unbounded_fixture,63516
16,0,94,unbounded_fixture,63035
16,0,95,unbounded_fixture,70396
16,0,96,unbounded_fixture,65419
16,0,97,unbounded_fixture,62924
16,0,98,unbounded_fixture,62153
16,0,99,unbounded_fixture,83215
16,0,100,unbounded_fixture,61402
16,0,101,unbounded_fixture,65198
16,0,102,unbounded_fixture,146560
16,0,103,unbounded_fixture,85589
16,0,104,unbounded_fixture,135895
16,0,105,unbounded_fixture,73420
16,0,106,unbounded_fixture,65859
16,0,107,unbounded_fixture,62985
16,0,108,unbounded_fixture,62484
16,0,109,unbounded_fixture,63556
16,0,110,unbounded_fixture,61793
16,0,111,unbounded_fixture,112639
16,0,112,unbounded_fixture,67962
16,0,113,unbounded_fixture,63596
16,0,114,unbounded_fixture,63035
16,0,115,unbounded_fixture,64026
16,0,116,unbounded_fixture,64788
16,0,117,unbounded_fixture,63806
16,0,118,unbounded_fixture,62775
16,0,119,unbounded_fixture,133440
16,0,120,unbounded_fixture,78848
16,0,121,unbounded_fixture,64466
16,0,122,unbounded_fixture,62984
16,0,123,unbounded_fixture,69475
16,0,124,unbounded_fixture,153641
16,0,125,unbounded_fixture,68243
16,0,126,unbounded_fixture,63205
16,0,127,unbounded_fixture,63045
16,1,0,bounded,90687
16,1,1,bounded,66400
16,1,2,bounded,70015
16,1,3,bounded,65809
16,1,4,bounded,64066
16,1,5,bounded,444779
16,1,6,bounded,89525
16,1,7,bounded,259701
16,1,8,bounded,77246
16,1,9,bounded,67581
16,1,10,bounded,64236
16,1,11,bounded,69083
16,1,12,bounded,71017
16,1,13,bounded,208995
16,1,14,bounded,75804
16,1,15,bounded,67752
16,1,16,bounded,64577
16,1,17,bounded,67472
16,1,18,bounded,87351
16,1,19,bounded,65318
16,1,20,bounded,65199
16,1,21,bounded,63585
16,1,22,bounded,67191
16,1,23,bounded,345650
16,1,24,bounded,82824
16,1,25,bounded,68993
16,1,26,bounded,66079
16,1,27,bounded,66690
16,1,28,bounded,63917
16,1,29,bounded,64207
16,1,30,bounded,64076
16,1,31,bounded,63396
16,1,32,bounded,64907
16,1,33,bounded,64647
16,1,34,bounded,63175
16,1,35,bounded,68213
16,1,36,bounded,70937
16,1,37,bounded,98278
16,1,38,bounded,68233
16,1,39,bounded,112980
16,1,40,bounded,78798
16,1,41,bounded,73040
16,1,42,bounded,66119
16,1,43,bounded,65098
16,1,44,bounded,76755
16,1,45,bounded,65448
16,1,46,bounded,192850
16,1,47,bounded,146931
16,1,48,bounded,78018
16,1,49,bounded,113250
16,1,50,bounded,74953
16,1,51,bounded,70185
16,1,52,bounded,66820
16,1,53,bounded,65338
16,1,54,bounded,63636
16,1,55,bounded,65409
16,1,56,bounded,67061
16,1,57,bounded,64497
16,1,58,bounded,63516
16,1,59,bounded,63606
16,1,60,bounded,83435
16,1,61,bounded,76986
16,1,62,bounded,66240
16,1,63,bounded,66320
16,1,64,bounded,62805
16,1,65,bounded,63345
16,1,66,bounded,70837
16,1,67,bounded,71848
16,1,68,bounded,64277
16,1,69,bounded,63135
16,1,70,bounded,63756
16,1,71,bounded,65549
16,1,72,bounded,63766
16,1,73,bounded,64087
16,1,74,bounded,63095
16,1,75,bounded,3935441
16,1,76,bounded,105118
16,1,77,bounded,76455
16,1,78,bounded,66299
16,1,79,bounded,64146
16,1,80,bounded,71948
16,1,81,bounded,67051
16,1,82,bounded,65278
16,1,83,bounded,63555
16,1,84,bounded,64767
16,1,85,bounded,65248
16,1,86,bounded,64607
16,1,87,bounded,63926
16,1,88,bounded,66410
16,1,89,bounded,202004
16,1,90,bounded,74101
16,1,91,bounded,65799
16,1,92,bounded,64867
16,1,93,bounded,72759
16,1,94,bounded,64908
16,1,95,bounded,66050
16,1,96,bounded,63536
16,1,97,bounded,64086
16,1,98,bounded,64597
16,1,99,bounded,254813
16,1,100,bounded,182805
16,1,101,bounded,74342
16,1,102,bounded,65569
16,1,103,bounded,63536
16,1,104,bounded,64327
16,1,105,bounded,66901
16,1,106,bounded,64137
16,1,107,bounded,64277
16,1,108,bounded,63005
16,1,109,bounded,64126
16,1,110,bounded,64938
16,1,111,bounded,64277
16,1,112,bounded,62895
16,1,113,bounded,98879
16,1,114,bounded,71217
16,1,115,bounded,67241
16,1,116,bounded,63796
16,1,117,bounded,63295
16,1,118,bounded,62755
16,1,119,bounded,63926
16,1,120,bounded,68202
16,1,121,bounded,67081
16,1,122,bounded,65699
16,1,123,bounded,65088
16,1,124,bounded,64167
16,1,125,bounded,65048
16,1,126,bounded,63886
16,1,127,bounded,83897
17,0,0,bounded,72059
17,0,1,bounded,64968
17,0,2,bounded,73130
17,0,3,bounded,64978
17,0,4,bounded,63105
17,0,5,bounded,62945
17,0,6,bounded,69074
17,0,7,bounded,66600
17,0,8,bounded,63916
17,0,9,bounded,63485
17,0,10,bounded,63715
17,0,11,bounded,68243
17,0,12,bounded,66000
17,0,13,bounded,64287
17,0,14,bounded,91047
17,0,15,bounded,65890
17,0,16,bounded,68884
17,0,17,bounded,64607
17,0,18,bounded,65318
17,0,19,bounded,63756
17,0,20,bounded,62705
17,0,21,bounded,217136
17,0,22,bounded,106951
17,0,23,bounded,68043
17,0,24,bounded,66210
17,0,25,bounded,82584
17,0,26,bounded,74993
17,0,27,bounded,66540
17,0,28,bounded,65699
17,0,29,bounded,281113
17,0,30,bounded,71387
17,0,31,bounded,66059
17,0,32,bounded,66550
17,0,33,bounded,64087
17,0,34,bounded,63606
17,0,35,bounded,62995
17,0,36,bounded,96275
17,0,37,bounded,70836
17,0,38,bounded,63336
17,0,39,bounded,66200
17,0,40,bounded,65679
17,0,41,bounded,67021
17,0,42,bounded,64276
17,0,43,bounded,62694
17,0,44,bounded,131468
17,0,45,bounded,277919
17,0,46,bounded,155584
17,0,47,bounded,170747
17,0,48,bounded,71307
17,0,49,bounded,65328
17,0,50,bounded,63746
17,0,51,bounded,66950
17,0,52,bounded,126921
17,0,53,bounded,105358
17,0,54,bounded,65578
17,0,55,bounded,64797
17,0,56,bounded,86170
17,0,57,bounded,110186
17,0,58,bounded,66270
17,0,59,bounded,76625
17,0,60,bounded,213101
17,0,61,bounded,121332
17,0,62,bounded,73000
17,0,63,bounded,147011
17,0,64,bounded,71848
17,0,65,bounded,90556
17,0,66,bounded,96696
17,0,67,bounded,63896
17,0,68,bounded,64196
17,0,69,bounded,63225
17,0,70,bounded,66620
17,0,71,bounded,65618
17,0,72,bounded,64326
17,0,73,bounded,64227
17,0,74,bounded,62844
17,0,75,bounded,65088
17,0,76,bounded,64898
17,0,77,bounded,64397
17,0,78,bounded,64678
17,0,79,bounded,65478
17,0,80,bounded,240281
17,0,81,bounded,90656
17,0,82,bounded,66440
17,0,83,bounded,63766
17,0,84,bounded,65418
17,0,85,bounded,171388
17,0,86,bounded,74382
17,0,87,bounded,65349
17,0,88,bounded,66130
17,0,89,bounded,88683
17,0,90,bounded,90016
17,0,91,bounded,65108
17,0,92,bounded,64707
17,0,93,bounded,65319
17,0,94,bounded,69314
17,0,95,bounded,64156
17,0,96,bounded,63776
17,0,97,bounded,65258
17,0,98,bounded,65188
17,0,99,bounded,68283
17,0,100,bounded,65389
17,0,101,bounded,63966
17,0,102,bounded,64326
17,0,103,bounded,160631
17,0,104,bounded,75363
17,0,105,bounded,66089
17,0,106,bounded,64307
17,0,107,bounded,114261
17,0,108,bounded,71007
17,0,109,bounded,68152
17,0,110,bounded,64587
17,0,111,bounded,64397
17,0,112,bounded,94161
17,0,113,bounded,421915
17,0,114,bounded,82354
17,0,115,bounded,65879
17,0,116,bounded,63706
17,0,117,bounded,63075
17,0,118,bounded,217267
17,0,119,bounded,143275
17,0,120,bounded,67432
17,0,121,bounded,151719
17,0,122,bounded,138899
17,0,123,bounded,86230
17,0,124,bounded,67702
17,0,125,bounded,64477
17,0,126,bounded,63195
17,0,127,bounded,64297
17,1,0,unbounded_fixture,78578
17,1,1,unbounded_fixture,65399
17,1,2,unbounded_fixture,62594
17,1,3,unbounded_fixture,61823
17,1,4,unbounded_fixture,61753
17,1,5,unbounded_fixture,110736
17,1,6,unbounded_fixture,72428
17,1,7,unbounded_fixture,63095
17,1,8,unbounded_fixture,61883
17,1,9,unbounded_fixture,62344
17,1,10,unbounded_fixture,66941
17,1,11,unbounded_fixture,62384
17,1,12,unbounded_fixture,62154
17,1,13,unbounded_fixture,62033
17,1,14,unbounded_fixture,63065
17,1,15,unbounded_fixture,65288
17,1,16,unbounded_fixture,63155
17,1,17,unbounded_fixture,63805
17,1,18,unbounded_fixture,62103
17,1,19,unbounded_fixture,62554
17,1,20,unbounded_fixture,206080
17,1,21,unbounded_fixture,65949
17,1,22,unbounded_fixture,62975
17,1,23,unbounded_fixture,62844
17,1,24,unbounded_fixture,64376
17,1,25,unbounded_fixture,65278
17,1,26,unbounded_fixture,62855
17,1,27,unbounded_fixture,62344
17,1,28,unbounded_fixture,63455
17,1,29,unbounded_fixture,90647
17,1,30,unbounded_fixture,65698
17,1,31,unbounded_fixture,63315
17,1,32,unbounded_fixture,85949
17,1,33,unbounded_fixture,70236
17,1,34,unbounded_fixture,63676
17,1,35,unbounded_fixture,64217
17,1,36,unbounded_fixture,62935
17,1,37,unbounded_fixture,61973
17,1,38,unbounded_fixture,62254
17,1,39,unbounded_fixture,61382
17,1,40,unbounded_fixture,64117
17,1,41,unbounded_fixture,122073
17,1,42,unbounded_fixture,74812
17,1,43,unbounded_fixture,63786
17,1,44,unbounded_fixture,62695
17,1,45,unbounded_fixture,64628
17,1,46,unbounded_fixture,95273
17,1,47,unbounded_fixture,89024
17,1,48,unbounded_fixture,67822
17,1,49,unbounded_fixture,63485
17,1,50,unbounded_fixture,63886
17,1,51,unbounded_fixture,62855
17,1,52,unbounded_fixture,63455
17,1,53,unbounded_fixture,153121
17,1,54,unbounded_fixture,86711
17,1,55,unbounded_fixture,65229
17,1,56,unbounded_fixture,63615
17,1,57,unbounded_fixture,61873
17,1,58,unbounded_fixture,62363
17,1,59,unbounded_fixture,119880
17,1,60,unbounded_fixture,68423
17,1,61,unbounded_fixture,62534
17,1,62,unbounded_fixture,61773
17,1,63,unbounded_fixture,63115
17,1,64,unbounded_fixture,66670
17,1,65,unbounded_fixture,62765
17,1,66,unbounded_fixture,62774
17,1,67,unbounded_fixture,62615
17,1,68,unbounded_fixture,63936
17,1,69,unbounded_fixture,64838
17,1,70,unbounded_fixture,61783
17,1,71,unbounded_fixture,62204
17,1,72,unbounded_fixture,62444
17,1,73,unbounded_fixture,89244
17,1,74,unbounded_fixture,71468
17,1,75,unbounded_fixture,63565
17,1,76,unbounded_fixture,61692
17,1,77,unbounded_fixture,70085
17,1,78,unbounded_fixture,116946
17,1,79,unbounded_fixture,67091
17,1,80,unbounded_fixture,63936
17,1,81,unbounded_fixture,62865
17,1,82,unbounded_fixture,61152
17,1,83,unbounded_fixture,97637
17,1,84,unbounded_fixture,65900
17,1,85,unbounded_fixture,63575
17,1,86,unbounded_fixture,108743
17,1,87,unbounded_fixture,72089
17,1,88,unbounded_fixture,63886
17,1,89,unbounded_fixture,65258
17,1,90,unbounded_fixture,64006
17,1,91,unbounded_fixture,63215
17,1,92,unbounded_fixture,62384
17,1,93,unbounded_fixture,63205
17,1,94,unbounded_fixture,65288
17,1,95,unbounded_fixture,63896
17,1,96,unbounded_fixture,61703
17,1,97,unbounded_fixture,61452
17,1,98,unbounded_fixture,67422
17,1,99,unbounded_fixture,63375
17,1,100,unbounded_fixture,62514
17,1,101,unbounded_fixture,99830
17,1,102,unbounded_fixture,64096
17,1,103,unbounded_fixture,67601
17,1,104,unbounded_fixture,62795
17,1,105,unbounded_fixture,62764
17,1,106,unbounded_fixture,62014
17,1,107,unbounded_fixture,61913
17,1,108,unbounded_fixture,66340
17,1,109,unbounded_fixture,62875
17,1,110,unbounded_fixture,62454
17,1,111,unbounded_fixture,62624
17,1,112,unbounded_fixture,63596
17,1,113,unbounded_fixture,66310
17,1,114,unbounded_fixture,62945
17,1,115,unbounded_fixture,85098
17,1,116,unbounded_fixture,67201
17,1,117,unbounded_fixture,62364
17,1,118,unbounded_fixture,64727
17,1,119,unbounded_fixture,61592
17,1,120,unbounded_fixture,62234
17,1,121,unbounded_fixture,62634
17,1,122,unbounded_fixture,61393
17,1,123,unbounded_fixture,62934
17,1,124,unbounded_fixture,76455
17,1,125,unbounded_fixture,65378
17,1,126,unbounded_fixture,62494
17,1,127,unbounded_fixture,62654
18,0,0,unbounded_fixture,64627
18,0,1,unbounded_fixture,61813
18,0,2,unbounded_fixture,79650
18,0,3,unbounded_fixture,65168
18,0,4,unbounded_fixture,62734
18,0,5,unbounded_fixture,63585
18,0,6,unbounded_fixture,62304
18,0,7,unbounded_fixture,62224
18,0,8,unbounded_fixture,64046
18,0,9,unbounded_fixture,63415
18,0,10,unbounded_fixture,64356
18,0,11,unbounded_fixture,293922
18,0,12,unbounded_fixture,82234
18,0,13,unbounded_fixture,84938
18,0,14,unbounded_fixture,75444
18,0,15,unbounded_fixture,63516
18,0,16,unbounded_fixture,63055
18,0,17,unbounded_fixture,62674
18,0,18,unbounded_fixture,63175
18,0,19,unbounded_fixture,69775
18,0,20,unbounded_fixture,63676
18,0,21,unbounded_fixture,62785
18,0,22,unbounded_fixture,61913
18,0,23,unbounded_fixture,62634
18,0,24,unbounded_fixture,68623
18,0,25,unbounded_fixture,62734
18,0,26,unbounded_fixture,62364
18,0,27,unbounded_fixture,62514
18,0,28,unbounded_fixture,88503
18,0,29,unbounded_fixture,66851
18,0,30,unbounded_fixture,63696
18,0,31,unbounded_fixture,63035
18,0,32,unbounded_fixture,63556
18,0,33,unbounded_fixture,62093
18,0,34,unbounded_fixture,64487
18,0,35,unbounded_fixture,62845
18,0,36,unbounded_fixture,64106
18,0,37,unbounded_fixture,62875
18,0,38,unbounded_fixture,63686
18,0,39,unbounded_fixture,69204
18,0,40,unbounded_fixture,63856
18,0,41,unbounded_fixture,64787
18,0,42,unbounded_fixture,63957
18,0,43,unbounded_fixture,81843
18,0,44,unbounded_fixture,66320
18,0,45,unbounded_fixture,62704
18,0,46,unbounded_fixture,62734
18,0,47,unbounded_fixture,62845
18,0,48,unbounded_fixture,64316
18,0,49,unbounded_fixture,66290
18,0,50,unbounded_fixture,62263
18,0,51,unbounded_fixture,62414
18,0,52,unbounded_fixture,63796
18,0,53,unbounded_fixture,63386
18,0,54,unbounded_fixture,64477
18,0,55,unbounded_fixture,63285
18,0,56,unbounded_fixture,127091
18,0,57,unbounded_fixture,109875
18,0,58,unbounded_fixture,71708
18,0,59,unbounded_fixture,63035
18,0,60,unbounded_fixture,62764
18,0,61,unbounded_fixture,63917
18,0,62,unbounded_fixture,63956
18,0,63,unbounded_fixture,66721
18,0,64,unbounded_fixture,63045
18,0,65,unbounded_fixture,63416
18,0,66,unbounded_fixture,63385
18,0,67,unbounded_fixture,109886
18,0,68,unbounded_fixture,71016
18,0,69,unbounded_fixture,64487
18,0,70,unbounded_fixture,84848
18,0,71,unbounded_fixture,67251
18,0,72,unbounded_fixture,63575
18,0,73,unbounded_fixture,107492
18,0,74,unbounded_fixture,65279
18,0,75,unbounded_fixture,63545
18,0,76,unbounded_fixture,63676
18,0,77,unbounded_fixture,64077
18,0,78,unbounded_fixture,64998
18,0,79,unbounded_fixture,63265
18,0,80,unbounded_fixture,63175
18,0,81,unbounded_fixture,63616
18,0,82,unbounded_fixture,93020
18,0,83,unbounded_fixture,68483
18,0,84,unbounded_fixture,62324
18,0,85,unbounded_fixture,61833
18,0,86,unbounded_fixture,62624
18,0,87,unbounded_fixture,62424
18,0,88,unbounded_fixture,65398
18,0,89,unbounded_fixture,64868
18,0,90,unbounded_fixture,64087
18,0,91,unbounded_fixture,62794
18,0,92,unbounded_fixture,62805
18,0,93,unbounded_fixture,66660
18,0,94,unbounded_fixture,61673
18,0,95,unbounded_fixture,78939
18,0,96,unbounded_fixture,104647
18,0,97,unbounded_fixture,65359
18,0,98,unbounded_fixture,65909
18,0,99,unbounded_fixture,62715
18,0,100,unbounded_fixture,62624
18,0,101,unbounded_fixture,62685
18,0,102,unbounded_fixture,66991
18,0,103,unbounded_fixture,63746
18,0,104,unbounded_fixture,63586
18,0,105,unbounded_fixture,63636
18,0,106,unbounded_fixture,63706
18,0,107,unbounded_fixture,68473
18,0,108,unbounded_fixture,63776
18,0,109,unbounded_fixture,62795
18,0,110,unbounded_fixture,105919
18,0,111,unbounded_fixture,65498
18,0,112,unbounded_fixture,67912
18,0,113,unbounded_fixture,63315
18,0,114,unbounded_fixture,63005
18,0,115,unbounded_fixture,62414
18,0,116,unbounded_fixture,170316
18,0,117,unbounded_fixture,76946
18,0,118,unbounded_fixture,85028
18,0,119,unbounded_fixture,72580
18,0,120,unbounded_fixture,112479
18,0,121,unbounded_fixture,91097
18,0,122,unbounded_fixture,322425
18,0,123,unbounded_fixture,88223
18,0,124,unbounded_fixture,66781
18,0,125,unbounded_fixture,63886
18,0,126,unbounded_fixture,63666
18,0,127,unbounded_fixture,64888
18,1,0,bounded,93691
18,1,1,bounded,65739
18,1,2,bounded,64216
18,1,3,bounded,80581
18,1,4,bounded,80711
18,1,5,bounded,65699
18,1,6,bounded,65268
18,1,7,bounded,135675
18,1,8,bounded,71387
18,1,9,bounded,409766
18,1,10,bounded,78969
18,1,11,bounded,109595
18,1,12,bounded,69445
18,1,13,bounded,227012
18,1,14,bounded,96736
18,1,15,bounded,73831
18,1,16,bounded,243417
18,1,17,bounded,155604
18,1,18,bounded,135884
18,1,19,bounded,110547
18,1,20,bounded,76475
18,1,21,bounded,66880
18,1,22,bounded,65108
18,1,23,bounded,72650
18,1,24,bounded,66110
18,1,25,bounded,255514
18,1,26,bounded,73521
18,1,27,bounded,66670
18,1,28,bounded,111869
18,1,29,bounded,341183
18,1,30,bounded,87562
18,1,31,bounded,66030
18,1,32,bounded,134032
18,1,33,bounded,115353
18,1,34,bounded,193721
18,1,35,bounded,84127
18,1,36,bounded,65068
18,1,37,bounded,64617
18,1,38,bounded,68413
18,1,39,bounded,65018
18,1,40,bounded,64687
18,1,41,bounded,127001
18,1,42,bounded,69495
18,1,43,bounded,68223
18,1,44,bounded,65709
18,1,45,bounded,65349
18,1,46,bounded,73661
18,1,47,bounded,361874
18,1,48,bounded,88393
18,1,49,bounded,66179
18,1,50,bounded,65879
18,1,51,bounded,64657
18,1,52,bounded,63876
18,1,53,bounded,65949
18,1,54,bounded,64567
18,1,55,bounded,273892
18,1,56,bounded,78277
18,1,57,bounded,64697
18,1,58,bounded,65929
18,1,59,bounded,63876
18,1,60,bounded,63806
18,1,61,bounded,63415
18,1,62,bounded,68323
18,1,63,bounded,65398
18,1,64,bounded,89495
18,1,65,bounded,71287
18,1,66,bounded,335835
18,1,67,bounded,81102
18,1,68,bounded,175815
18,1,69,bounded,71608
18,1,70,bounded,67792
18,1,71,bounded,65448
18,1,72,bounded,66891
18,1,73,bounded,65668
18,1,74,bounded,65839
18,1,75,bounded,67211
18,1,76,bounded,64617
18,1,77,bounded,148083
18,1,78,bounded,68052
18,1,79,bounded,72919
18,1,80,bounded,115513
18,1,81,bounded,65088
18,1,82,bounded,67943
18,1,83,bounded,66600
18,1,84,bounded,64897
18,1,85,bounded,65188
18,1,86,bounded,65388
18,1,87,bounded,66089
18,1,88,bounded,66930
18,1,89,bounded,103545
18,1,90,bounded,77447
18,1,91,bounded,101794
18,1,92,bounded,72038
18,1,93,bounded,141573
18,1,94,bounded,74892
18,1,95,bounded,73761
18,1,96,bounded,283006
18,1,97,bounded,87612
18,1,98,bounded,118909
18,1,99,bounded,66710
18,1,100,bounded,87752
18,1,101,bounded,72279
18,1,102,bounded,66220
18,1,103,bounded,283557
18,1,104,bounded,226341
18,1,105,bounded,91818
18,1,106,bounded,91658
18,1,107,bounded,66249
18,1,108,bounded,65118
18,1,109,bounded,64106
18,1,110,bounded,64247
18,1,111,bounded,67311
18,1,112,bounded,65048
18,1,113,bounded,64838
18,1,114,bounded,64216
18,1,115,bounded,64687
18,1,116,bounded,64748
18,1,117,bounded,64357
18,1,118,bounded,64427
18,1,119,bounded,64788
18,1,120,bounded,86841
18,1,121,bounded,67642
18,1,122,bounded,65038
18,1,123,bounded,73191
18,1,124,bounded,65939
18,1,125,bounded,65629
18,1,126,bounded,66630
18,1,127,bounded,65469
19,0,0,bounded,66931
19,0,1,bounded,64828
19,0,2,bounded,64277
19,0,3,bounded,67992
19,0,4,bounded,91397
19,0,5,bounded,69604
19,0,6,bounded,65248
19,0,7,bounded,66170
19,0,8,bounded,105889
19,0,9,bounded,67292
19,0,10,bounded,64988
19,0,11,bounded,64367
19,0,12,bounded,64227
19,0,13,bounded,65499
19,0,14,bounded,63766
19,0,15,bounded,65007
19,0,16,bounded,63635
19,0,17,bounded,64316
19,0,18,bounded,109355
19,0,19,bounded,83546
19,0,20,bounded,67652
19,0,21,bounded,64507
19,0,22,bounded,70617
19,0,23,bounded,65709
19,0,24,bounded,65228
19,0,25,bounded,65789
19,0,26,bounded,64937
19,0,27,bounded,68353
19,0,28,bounded,95274
19,0,29,bounded,80641
19,0,30,bounded,65629
19,0,31,bounded,256686
19,0,32,bounded,83906
19,0,33,bounded,66140
19,0,34,bounded,64557
19,0,35,bounded,64357
19,0,36,bounded,62514
19,0,37,bounded,65118
19,0,38,bounded,64547
19,0,39,bounded,62704
19,0,40,bounded,64227
19,0,41,bounded,63235
19,0,42,bounded,64948
19,0,43,bounded,143977
19,0,44,bounded,79119
19,0,45,bounded,64867
19,0,46,bounded,63886
19,0,47,bounded,65439
19,0,48,bounded,73000
19,0,49,bounded,64277
19,0,50,bounded,64497
19,0,51,bounded,64216
19,0,52,bounded,65018
19,0,53,bounded,64387
19,0,54,bounded,63836
19,0,55,bounded,63726
19,0,56,bounded,91427
19,0,57,bounded,76725
19,0,58,bounded,66890
19,0,59,bounded,65228
19,0,60,bounded,63395
19,0,61,bounded,63165
19,0,62,bounded,66180
19,0,63,bounded,64527
19,0,64,bounded,64497
19,0,65,bounded,122464
19,0,66,bounded,76334
19,0,67,bounded,66930
19,0,68,bounded,63555
19,0,69,bounded,64287
19,0,70,bounded,480342
19,0,71,bounded,83907
19,0,72,bounded,67682
19,0,73,bounded,64066
19,0,74,bounded,138609
19,0,75,bounded,75063
19,0,76,bounded,65409
19,0,77,bounded,178769
19,0,78,bounded,79670
19,0,79,bounded,65609
19,0,80,bounded,63976
19,0,81,bounded,71177
19,0,82,bounded,66000
19,0,83,bounded,200802
19,0,84,bounded,88163
19,0,85,bounded,66721
19,0,86,bounded,69054
19,0,87,bounded,116105
19,0,88,bounded,69424
19,0,89,bounded,327223
19,0,90,bounded,101052
19,0,91,bounded,74873
19,0,92,bounded,154742
19,0,93,bounded,72278
19,0,94,bounded,64477
19,0,95,bounded,91287
19,0,96,bounded,72910
19,0,97,bounded,65619
19,0,98,bounded,63806
19,0,99,bounded,63255
19,0,100,bounded,63426
19,0,101,bounded,65489
19,0,102,bounded,63856
19,0,103,bounded,63947
19,0,104,bounded,132910
19,0,105,bounded,71047
19,0,106,bounded,66640
19,0,107,bounded,64788
19,0,108,bounded,80311
19,0,109,bounded,77226
19,0,110,bounded,67091
19,0,111,bounded,66831
19,0,112,bounded,66390
19,0,113,bounded,71778
19,0,114,bounded,523252
19,0,115,bounded,172339
19,0,116,bounded,146971
19,0,117,bounded,120572
19,0,118,bounded,120602
19,0,119,bounded,118709
19,0,120,bounded,126160
19,0,121,bounded,174623
19,0,122,bounded,150427
19,0,123,bounded,121412
19,0,124,bounded,118658
19,0,125,bounded,124177
19,0,126,bounded,126440
19,0,127,bounded,119369
19,1,0,unbounded_fixture,131818
19,1,1,unbounded_fixture,116446
19,1,2,unbounded_fixture,135343
19,1,3,unbounded_fixture,113551
19,1,4,unbounded_fixture,113060
19,1,5,unbounded_fixture,113290
19,1,6,unbounded_fixture,113511
19,1,7,unbounded_fixture,124317
19,1,8,unbounded_fixture,114332
19,1,9,unbounded_fixture,112229
19,1,10,unbounded_fixture,144227
19,1,11,unbounded_fixture,114502
19,1,12,unbounded_fixture,119139
19,1,13,unbounded_fixture,113721
19,1,14,unbounded_fixture,113450
19,1,15,unbounded_fixture,143286
19,1,16,unbounded_fixture,122485
19,1,17,unbounded_fixture,136936
19,1,18,unbounded_fixture,118278
19,1,19,unbounded_fixture,114342
19,1,20,unbounded_fixture,113281
19,1,21,unbounded_fixture,115043
19,1,22,unbounded_fixture,117457
19,1,23,unbounded_fixture,113340
19,1,24,unbounded_fixture,114792
19,1,25,unbounded_fixture,136525
19,1,26,unbounded_fixture,120722
19,1,27,unbounded_fixture,117167
19,1,28,unbounded_fixture,112910
19,1,29,unbounded_fixture,112018
19,1,30,unbounded_fixture,111868
19,1,31,unbounded_fixture,112830
19,1,32,unbounded_fixture,115814
19,1,33,unbounded_fixture,120151
19,1,34,unbounded_fixture,142505
19,1,35,unbounded_fixture,113641
19,1,36,unbounded_fixture,112799
19,1,37,unbounded_fixture,117227
19,1,38,unbounded_fixture,111408
19,1,39,unbounded_fixture,112399
19,1,40,unbounded_fixture,113121
19,1,41,unbounded_fixture,120351
19,1,42,unbounded_fixture,143336
19,1,43,unbounded_fixture,115294
19,1,44,unbounded_fixture,113951
19,1,45,unbounded_fixture,113520
19,1,46,unbounded_fixture,123506
19,1,47,unbounded_fixture,113381
19,1,48,unbounded_fixture,157627
19,1,49,unbounded_fixture,115654
19,1,50,unbounded_fixture,122384
19,1,51,unbounded_fixture,125088
19,1,52,unbounded_fixture,113190
19,1,53,unbounded_fixture,113080
19,1,54,unbounded_fixture,112539
19,1,55,unbounded_fixture,112349
19,1,56,unbounded_fixture,117917
19,1,57,unbounded_fixture,114312
19,1,58,unbounded_fixture,138809
19,1,59,unbounded_fixture,114782
19,1,60,unbounded_fixture,112559
19,1,61,unbounded_fixture,117406
19,1,62,unbounded_fixture,114352
19,1,63,unbounded_fixture,112890
19,1,64,unbounded_fixture,112539
19,1,65,unbounded_fixture,112670
19,1,66,unbounded_fixture,155755
19,1,67,unbounded_fixture,125028
19,1,68,unbounded_fixture,210807
19,1,69,unbounded_fixture,117046
19,1,70,unbounded_fixture,115173
19,1,71,unbounded_fixture,121162
19,1,72,unbounded_fixture,113951
19,1,73,unbounded_fixture,163927
19,1,74,unbounded_fixture,116996
19,1,75,unbounded_fixture,114402
19,1,76,unbounded_fixture,117978
19,1,77,unbounded_fixture,112810
19,1,78,unbounded_fixture,135544
19,1,79,unbounded_fixture,131398
19,1,80,unbounded_fixture,144478
19,1,81,unbounded_fixture,126591
19,1,82,unbounded_fixture,114643
19,1,83,unbounded_fixture,114452
19,1,84,unbounded_fixture,113301
19,1,85,unbounded_fixture,124196
19,1,86,unbounded_fixture,203265
19,1,87,unbounded_fixture,177537
19,1,88,unbounded_fixture,120802
19,1,89,unbounded_fixture,113370
19,1,90,unbounded_fixture,124768
19,1,91,unbounded_fixture,114332
19,1,92,unbounded_fixture,112799
19,1,93,unbounded_fixture,112289
19,1,94,unbounded_fixture,112489
19,1,95,unbounded_fixture,143566
19,1,96,unbounded_fixture,121593
19,1,97,unbounded_fixture,114342
19,1,98,unbounded_fixture,115955
19,1,99,unbounded_fixture,113070
19,1,100,unbounded_fixture,116916
19,1,101,unbounded_fixture,114182
19,1,102,unbounded_fixture,111688
19,1,103,unbounded_fixture,111839
19,1,104,unbounded_fixture,144097
19,1,105,unbounded_fixture,116666
19,1,106,unbounded_fixture,113070
19,1,107,unbounded_fixture,113160
19,1,108,unbounded_fixture,112219
19,1,109,unbounded_fixture,144508
19,1,110,unbounded_fixture,131108
19,1,111,unbounded_fixture,148544
19,1,112,unbounded_fixture,116395
19,1,113,unbounded_fixture,114011
19,1,114,unbounded_fixture,113351
19,1,115,unbounded_fixture,118518
19,1,116,unbounded_fixture,113721
19,1,117,unbounded_fixture,112719
19,1,118,unbounded_fixture,113761
19,1,119,unbounded_fixture,128694
19,1,120,unbounded_fixture,125239
19,1,121,unbounded_fixture,114322
19,1,122,unbounded_fixture,112780
19,1,123,unbounded_fixture,113661
19,1,124,unbounded_fixture,113030
19,1,125,unbounded_fixture,119009
19,1,126,unbounded_fixture,112960
19,1,127,unbounded_fixture,112679
20,0,0,unbounded_fixture,126050
20,0,1,unbounded_fixture,123606
20,0,2,unbounded_fixture,112920
20,0,3,unbounded_fixture,113170
20,0,4,unbounded_fixture,113311
20,0,5,unbounded_fixture,112529
20,0,6,unbounded_fixture,122674
20,0,7,unbounded_fixture,113861
20,0,8,unbounded_fixture,140532
20,0,9,unbounded_fixture,113611
20,0,10,unbounded_fixture,112289
20,0,11,unbounded_fixture,123176
20,0,12,unbounded_fixture,113471
20,0,13,unbounded_fixture,113020
20,0,14,unbounded_fixture,129796
20,0,15,unbounded_fixture,133110
20,0,16,unbounded_fixture,125388
20,0,17,unbounded_fixture,114562
20,0,18,unbounded_fixture,113300
20,0,19,unbounded_fixture,112560
20,0,20,unbounded_fixture,112469
20,0,21,unbounded_fixture,116725
20,0,22,unbounded_fixture,112809
20,0,23,unbounded_fixture,113781
20,0,24,unbounded_fixture,137567
20,0,25,unbounded_fixture,116876
20,0,26,unbounded_fixture,118579
20,0,27,unbounded_fixture,114673
20,0,28,unbounded_fixture,112179
20,0,29,unbounded_fixture,112439
20,0,30,unbounded_fixture,113180
20,0,31,unbounded_fixture,117386
20,0,32,unbounded_fixture,138718
20,0,33,unbounded_fixture,114903
20,0,34,unbounded_fixture,112620
20,0,35,unbounded_fixture,115133
20,0,36,unbounded_fixture,116355
20,0,37,unbounded_fixture,117056
20,0,38,unbounded_fixture,115453
20,0,39,unbounded_fixture,112609
20,0,40,unbounded_fixture,148574
20,0,41,unbounded_fixture,120811
20,0,42,unbounded_fixture,117076
20,0,43,unbounded_fixture,113260
20,0,44,unbounded_fixture,113390
20,0,45,unbounded_fixture,131497
20,0,46,unbounded_fixture,150236
20,0,47,unbounded_fixture,115463
20,0,48,unbounded_fixture,143336
20,0,49,unbounded_fixture,113260
20,0,50,unbounded_fixture,122224
20,0,51,unbounded_fixture,115824
20,0,52,unbounded_fixture,116766
20,0,53,unbounded_fixture,113982
20,0,54,unbounded_fixture,113661
20,0,55,unbounded_fixture,124447
20,0,56,unbounded_fixture,144096
20,0,57,unbounded_fixture,114682
20,0,58,unbounded_fixture,114883
20,0,59,unbounded_fixture,112879
20,0,60,unbounded_fixture,117677
20,0,61,unbounded_fixture,113400
20,0,62,unbounded_fixture,113400
20,0,63,unbounded_fixture,120872
20,0,64,unbounded_fixture,141182
20,0,65,unbounded_fixture,119720
20,0,66,unbounded_fixture,113952
20,0,67,unbounded_fixture,116135
20,0,68,unbounded_fixture,118298
20,0,69,unbounded_fixture,115514
20,0,70,unbounded_fixture,118047
20,0,71,unbounded_fixture,113130
20,0,72,unbounded_fixture,141333
20,0,73,unbounded_fixture,114112
20,0,74,unbounded_fixture,113581
20,0,75,unbounded_fixture,116575
20,0,76,unbounded_fixture,113310
20,0,77,unbounded_fixture,114362
20,0,78,unbounded_fixture,149055
20,0,79,unbounded_fixture,115944
20,0,80,unbounded_fixture,127832
20,0,81,unbounded_fixture,116165
20,0,82,unbounded_fixture,114773
20,0,83,unbounded_fixture,113100
20,0,84,unbounded_fixture,113140
20,0,85,unbounded_fixture,119390
20,0,86,unbounded_fixture,116335
20,0,87,unbounded_fixture,114352
20,0,88,unbounded_fixture,145929
20,0,89,unbounded_fixture,125088
20,0,90,unbounded_fixture,114592
20,0,91,unbounded_fixture,114182
20,0,92,unbounded_fixture,112690
20,0,93,unbounded_fixture,115974
20,0,94,unbounded_fixture,123946
20,0,95,unbounded_fixture,114763
20,0,96,unbounded_fixture,143276
20,0,97,unbounded_fixture,114562
20,0,98,unbounded_fixture,113301
20,0,99,unbounded_fixture,123126
20,0,100,unbounded_fixture,114432
20,0,101,unbounded_fixture,112900
20,0,102,unbounded_fixture,112970
20,0,103,unbounded_fixture,112790
20,0,104,unbounded_fixture,145289
20,0,105,unbounded_fixture,115133
20,0,106,unbounded_fixture,114192
20,0,107,unbounded_fixture,112159
20,0,108,unbounded_fixture,113251
20,0,109,unbounded_fixture,117357
20,0,110,unbounded_fixture,147492
20,0,111,unbounded_fixture,114262
20,0,112,unbounded_fixture,141713
20,0,113,unbounded_fixture,114993
20,0,114,unbounded_fixture,118498
20,0,115,unbounded_fixture,114333
20,0,116,unbounded_fixture,113190
20,0,117,unbounded_fixture,113401
20,0,118,unbounded_fixture,113881
20,0,119,unbounded_fixture,118559
20,0,120,unbounded_fixture,144357
20,0,121,unbounded_fixture,115984
20,0,122,unbounded_fixture,112579
20,0,123,unbounded_fixture,113871
20,0,124,unbounded_fixture,117897
20,0,125,unbounded_fixture,113581
20,0,126,unbounded_fixture,114122
20,0,127,unbounded_fixture,113060
20,1,0,bounded,175374
20,1,1,bounded,126420
20,1,2,bounded,121172
20,1,3,bounded,118979
20,1,4,bounded,119700
20,1,5,bounded,128484
20,1,6,bounded,120821
20,1,7,bounded,143526
20,1,8,bounded,124367
20,1,9,bounded,119940
20,1,10,bounded,129835
20,1,11,bounded,120571
20,1,12,bounded,119600
20,1,13,bounded,166831
20,1,14,bounded,130706
20,1,15,bounded,142845
20,1,16,bounded,121353
20,1,17,bounded,120741
20,1,18,bounded,120100
20,1,19,bounded,119700
20,1,20,bounded,123106
20,1,21,bounded,118949
20,1,22,bounded,152639
20,1,23,bounded,123145
20,1,24,bounded,121522
20,1,25,bounded,123155
20,1,26,bounded,118669
20,1,27,bounded,119510
20,1,28,bounded,118168
20,1,29,bounded,118048
20,1,30,bounded,147292
20,1,31,bounded,121032
20,1,32,bounded,118769
20,1,33,bounded,119790
20,1,34,bounded,119230
20,1,35,bounded,123325
20,1,36,bounded,118388
20,1,37,bounded,119530
20,1,38,bounded,143546
20,1,39,bounded,120511
20,1,40,bounded,124858
20,1,41,bounded,118979
20,1,42,bounded,119981
20,1,43,bounded,150316
20,1,44,bounded,125489
20,1,45,bounded,150717
20,1,46,bounded,123466
20,1,47,bounded,119049
20,1,48,bounded,120041
20,1,49,bounded,129194
20,1,50,bounded,120612
20,1,51,bounded,119871
20,1,52,bounded,118829
20,1,53,bounded,154352
20,1,54,bounded,135113
20,1,55,bounded,122394
20,1,56,bounded,120632
20,1,57,bounded,119690
20,1,58,bounded,119049
20,1,59,bounded,128052
20,1,60,bounded,152369
20,1,61,bounded,128673
20,1,62,bounded,118468
20,1,63,bounded,118418
20,1,64,bounded,124337
20,1,65,bounded,119550
20,1,66,bounded,117577
20,1,67,bounded,118979
20,1,68,bounded,149054
20,1,69,bounded,127271
20,1,70,bounded,119650
20,1,71,bounded,138899
20,1,72,bounded,123997
20,1,73,bounded,142024
20,1,74,bounded,140201
20,1,75,bounded,176015
20,1,76,bounded,126971
20,1,77,bounded,117977
20,1,78,bounded,118709
20,1,79,bounded,132319
20,1,80,bounded,122064
20,1,81,bounded,119850
20,1,82,bounded,119439
20,1,83,bounded,150286
20,1,84,bounded,124998
20,1,85,bounded,119550
20,1,86,bounded,119440
20,1,87,bounded,121333
20,1,88,bounded,118959
20,1,89,bounded,125880
20,1,90,bounded,154813
20,1,91,bounded,125809
20,1,92,bounded,120712
20,1,93,bounded,130336
20,1,94,bounded,119800
20,1,95,bounded,119720
20,1,96,bounded,120020
20,1,97,bounded,118187
20,1,98,bounded,166491
20,1,99,bounded,122484
20,1,100,bounded,119129
20,1,101,bounded,119309
20,1,102,bounded,120151
20,1,103,bounded,165108
20,1,104,bounded,132420
20,1,105,bounded,143636
20,1,106,bounded,122774
20,1,107,bounded,119580
20,1,108,bounded,124147
20,1,109,bounded,120291
20,1,110,bounded,116916
20,1,111,bounded,120571
20,1,112,bounded,119419
20,1,113,bounded,154202
20,1,114,bounded,120661
20,1,115,bounded,119700
20,1,116,bounded,118578
20,1,117,bounded,119359
20,1,118,bounded,124687
20,1,119,bounded,119019
20,1,120,bounded,120341
20,1,121,bounded,154743
20,1,122,bounded,121052
20,1,123,bounded,122834
20,1,124,bounded,118468
20,1,125,bounded,117596
20,1,126,bounded,118869
20,1,127,bounded,117687
21,0,0,bounded,196816
21,0,1,bounded,127622
21,0,2,bounded,120071
21,0,3,bounded,119911
21,0,4,bounded,118628
21,0,5,bounded,155784
21,0,6,bounded,138719
21,0,7,bounded,140292
21,0,8,bounded,127902
21,0,9,bounded,130186
21,0,10,bounded,120721
21,0,11,bounded,118288
21,0,12,bounded,118648
21,0,13,bounded,120772
21,0,14,bounded,128303
21,0,15,bounded,156445
21,0,16,bounded,123606
21,0,17,bounded,121353
21,0,18,bounded,126170
21,0,19,bounded,142214
21,0,20,bounded,125498
21,0,21,bounded,119159
21,0,22,bounded,150326
21,0,23,bounded,127622
21,0,24,bounded,126380
21,0,25,bounded,122704
21,0,26,bounded,120732
21,0,27,bounded,118388
21,0,28,bounded,117667
21,0,29,bounded,123997
21,0,30,bounded,146291
21,0,31,bounded,120591
21,0,32,bounded,119139
21,0,33,bounded,119921
21,0,34,bounded,123175
21,0,35,bounded,118718
21,0,36,bounded,160141
21,0,37,bounded,155955
21,0,38,bounded,129194
21,0,39,bounded,124207
21,0,40,bounded,119600
21,0,41,bounded,118669
21,0,42,bounded,118739
21,0,43,bounded,118048
21,0,44,bounded,124287
21,0,45,bounded,145639
21,0,46,bounded,122575
21,0,47,bounded,119180
21,0,48,bounded,118238
21,0,49,bounded,124597
21,0,50,bounded,117757
21,0,51,bounded,125739
21,0,52,bounded,123686
21,0,53,bounded,149956
21,0,54,bounded,122644
21,0,55,bounded,119610
21,0,56,bounded,120662
21,0,57,bounded,120421
21,0,58,bounded,130366
21,0,59,bounded,119570
21,0,60,bounded,118448
21,0,61,bounded,128804
21,0,62,bounded,119160
21,0,63,bounded,129935
21,0,64,bounded,121532
21,0,65,bounded,119690
21,0,66,bounded,155063
21,0,67,bounded,122344
21,0,68,bounded,145559
21,0,69,bounded,120492
21,0,70,bounded,119189
21,0,71,bounded,119179
21,0,72,bounded,118849
21,0,73,bounded,122945
21,0,74,bounded,119360
21,0,75,bounded,118618
21,0,76,bounded,155754
21,0,77,bounded,120631
21,0,78,bounded,128343
21,0,79,bounded,119399
21,0,80,bounded,119970
21,0,81,bounded,119199
21,0,82,bounded,117987
21,0,83,bounded,145409
21,0,84,bounded,128563
21,0,85,bounded,121994
21,0,86,bounded,120962
21,0,87,bounded,119960
21,0,88,bounded,124307
21,0,89,bounded,120141
21,0,90,bounded,140121
21,0,91,bounded,124518
21,0,92,bounded,120672
21,0,93,bounded,124197
21,0,94,bounded,116074
21,0,95,bounded,120812
21,0,96,bounded,153121
21,0,97,bounded,132319
21,0,98,bounded,152289
21,0,99,bounded,120581
21,0,100,bounded,118348
21,0,101,bounded,118488
21,0,102,bounded,128714
21,0,103,bounded,118918
21,0,104,bounded,119490
21,0,105,bounded,141092
21,0,106,bounded,132839
21,0,107,bounded,129464
21,0,108,bounded,120962
21,0,109,bounded,120491
21,0,110,bounded,118459
21,0,111,bounded,119530
21,0,112,bounded,123276
21,0,113,bounded,153341
21,0,114,bounded,123236
21,0,115,bounded,118318
21,0,116,bounded,122895
21,0,117,bounded,130376
21,0,118,bounded,121112
21,0,119,bounded,119199
21,0,120,bounded,125609
21,0,121,bounded,162284
21,0,122,bounded,130416
21,0,123,bounded,121472
21,0,124,bounded,120111
21,0,125,bounded,119350
21,0,126,bounded,162385
21,0,127,bounded,129494
21,1,0,unbounded_fixture,155875
21,1,1,unbounded_fixture,116035
21,1,2,unbounded_fixture,113250
21,1,3,unbounded_fixture,114051
21,1,4,unbounded_fixture,117787
21,1,5,unbounded_fixture,114342
21,1,6,unbounded_fixture,113931
21,1,7,unbounded_fixture,116455
21,1,8,unbounded_fixture,151087
21,1,9,unbounded_fixture,117577
21,1,10,unbounded_fixture,117948
21,1,11,unbounded_fixture,113391
21,1,12,unbounded_fixture,115714
21,1,13,unbounded_fixture,123827
21,1,14,unbounded_fixture,114762
21,1,15,unbounded_fixture,113311
21,1,16,unbounded_fixture,135524
21,1,17,unbounded_fixture,116215
21,1,18,unbounded_fixture,122684
21,1,19,unbounded_fixture,115264
21,1,20,unbounded_fixture,113661
21,1,21,unbounded_fixture,113150
21,1,22,unbounded_fixture,113681
21,1,23,unbounded_fixture,123576
21,1,24,unbounded_fixture,142545
21,1,25,unbounded_fixture,115975
21,1,26,unbounded_fixture,112629
21,1,27,unbounded_fixture,114132
21,1,28,unbounded_fixture,118338
21,1,29,unbounded_fixture,114322
21,1,30,unbounded_fixture,149535
21,1,31,unbounded_fixture,114602
21,1,32,unbounded_fixture,140361
21,1,33,unbounded_fixture,118849
21,1,34,unbounded_fixture,112709
21,1,35,unbounded_fixture,113471
21,1,36,unbounded_fixture,114122
21,1,37,unbounded_fixture,114933
21,1,38,unbounded_fixture,116936
21,1,39,unbounded_fixture,114382
21,1,40,unbounded_fixture,140741
21,1,41,unbounded_fixture,115874
21,1,42,unbounded_fixture,113040
21,1,43,unbounded_fixture,118027
21,1,44,unbounded_fixture,113380
21,1,45,unbounded_fixture,112790
21,1,46,unbounded_fixture,112770
21,1,47,unbounded_fixture,113381
21,1,48,unbounded_fixture,150616
21,1,49,unbounded_fixture,116846
21,1,50,unbounded_fixture,112449
21,1,51,unbounded_fixture,113161
21,1,52,unbounded_fixture,113140
21,1,53,unbounded_fixture,116976
21,1,54,unbounded_fixture,113070
21,1,55,unbounded_fixture,114372
21,1,56,unbounded_fixture,139530
21,1,57,unbounded_fixture,127171
21,1,58,unbounded_fixture,114322
21,1,59,unbounded_fixture,113211
21,1,60,unbounded_fixture,113581
21,1,61,unbounded_fixture,112969
21,1,62,unbounded_fixture,165319
21,1,63,unbounded_fixture,124968
21,1,64,unbounded_fixture,155193
21,1,65,unbounded_fixture,127161
21,1,66,unbounded_fixture,114151
21,1,67,unbounded_fixture,124347
21,1,68,unbounded_fixture,114722
21,1,69,unbounded_fixture,113831
21,1,70,unbounded_fixture,113301
21,1,71,unbounded_fixture,113781
21,1,72,unbounded_fixture,154592
21,1,73,unbounded_fixture,113370
21,1,74,unbounded_fixture,113440
21,1,75,unbounded_fixture,112900
21,1,76,unbounded_fixture,115183
21,1,77,unbounded_fixture,119690
21,1,78,unbounded_fixture,114162
21,1,79,unbounded_fixture,114022
21,1,80,unbounded_fixture,148163
21,1,81,unbounded_fixture,115083
21,1,82,unbounded_fixture,118117
21,1,83,unbounded_fixture,112980
21,1,84,unbounded_fixture,112699
21,1,85,unbounded_fixture,114783
21,1,86,unbounded_fixture,112409
21,1,87,unbounded_fixture,116275
21,1,88,unbounded_fixture,141943
21,1,89,unbounded_fixture,114823
21,1,90,unbounded_fixture,112539
21,1,91,unbounded_fixture,113711
21,1,92,unbounded_fixture,117217
21,1,93,unbounded_fixture,113721
21,1,94,unbounded_fixture,151878
21,1,95,unbounded_fixture,114672
21,1,96,unbounded_fixture,144176
21,1,97,unbounded_fixture,120511
21,1,98,unbounded_fixture,113852
21,1,99,unbounded_fixture,113911
21,1,100,unbounded_fixture,113781
21,1,101,unbounded_fixture,121723
21,1,102,unbounded_fixture,115504
21,1,103,unbounded_fixture,113641
21,1,104,unbounded_fixture,151388
21,1,105,unbounded_fixture,114843
21,1,106,unbounded_fixture,123465
21,1,107,unbounded_fixture,114662
21,1,108,unbounded_fixture,113580
21,1,109,unbounded_fixture,113570
21,1,110,unbounded_fixture,114071
21,1,111,unbounded_fixture,124658
21,1,112,unbounded_fixture,152820
21,1,113,unbounded_fixture,116565
21,1,114,unbounded_fixture,113510
21,1,115,unbounded_fixture,114642
21,1,116,unbounded_fixture,117948
21,1,117,unbounded_fixture,114312
21,1,118,unbounded_fixture,113481
21,1,119,unbounded_fixture,114893
21,1,120,unbounded_fixture,142575
21,1,121,unbounded_fixture,119950
21,1,122,unbounded_fixture,114121
21,1,123,unbounded_fixture,114161
21,1,124,unbounded_fixture,114021
21,1,125,unbounded_fixture,112479
21,1,126,unbounded_fixture,135564
21,1,127,unbounded_fixture,132950
22,0,0,unbounded_fixture,124828
22,0,1,unbounded_fixture,112780
22,0,2,unbounded_fixture,113311
22,0,3,unbounded_fixture,118558
22,0,4,unbounded_fixture,112028
22,0,5,unbounded_fixture,112890
22,0,6,unbounded_fixture,113550
22,0,7,unbounded_fixture,113811
22,0,8,unbounded_fixture,127452
22,0,9,unbounded_fixture,113862
22,0,10,unbounded_fixture,113761
22,0,11,unbounded_fixture,115204
22,0,12,unbounded_fixture,113400
22,0,13,unbounded_fixture,120652
22,0,14,unbounded_fixture,113491
22,0,15,unbounded_fixture,119981
22,0,16,unbounded_fixture,147502
22,0,17,unbounded_fixture,123897
22,0,18,unbounded_fixture,115184
22,0,19,unbounded_fixture,114602
22,0,20,unbounded_fixture,115034
22,0,21,unbounded_fixture,113460
22,0,22,unbounded_fixture,122615
22,0,23,unbounded_fixture,113751
22,0,24,unbounded_fixture,148554
22,0,25,unbounded_fixture,115644
22,0,26,unbounded_fixture,114522
22,0,27,unbounded_fixture,124137
22,0,28,unbounded_fixture,113330
22,0,29,unbounded_fixture,156616
22,0,30,unbounded_fixture,123976
22,0,31,unbounded_fixture,136315
22,0,32,unbounded_fixture,120922
22,0,33,unbounded_fixture,114673
22,0,34,unbounded_fixture,116576
22,0,35,unbounded_fixture,118768
22,0,36,unbounded_fixture,113621
22,0,37,unbounded_fixture,116665
22,0,38,unbounded_fixture,118348
22,0,39,unbounded_fixture,140392
22,0,40,unbounded_fixture,118538
22,0,41,unbounded_fixture,113080
22,0,42,unbounded_fixture,115885
22,0,43,unbounded_fixture,112499
22,0,44,unbounded_fixture,113681
22,0,45,unbounded_fixture,113130
22,0,46,unbounded_fixture,113141
22,0,47,unbounded_fixture,139009
22,0,48,unbounded_fixture,123696
22,0,49,unbounded_fixture,112639
22,0,50,unbounded_fixture,114132
22,0,51,unbounded_fixture,112099
22,0,52,unbounded_fixture,117677
22,0,53,unbounded_fixture,112339
22,0,54,unbounded_fixture,112690
22,0,55,unbounded_fixture,112549
22,0,56,unbounded_fixture,143015
22,0,57,unbounded_fixture,120291
22,0,58,unbounded_fixture,113490
22,0,59,unbounded_fixture,116596
22,0,60,unbounded_fixture,114092
22,0,61,unbounded_fixture,155664
22,0,62,unbounded_fixture,121963
22,0,63,unbounded_fixture,133791
22,0,64,unbounded_fixture,118418
22,0,65,unbounded_fixture,112859
22,0,66,unbounded_fixture,122594
22,0,67,unbounded_fixture,115524
22,0,68,unbounded_fixture,113661
22,0,69,unbounded_fixture,113341
22,0,70,unbounded_fixture,113931
22,0,71,unbounded_fixture,139710
22,0,72,unbounded_fixture,121323
22,0,73,unbounded_fixture,112870
22,0,74,unbounded_fixture,112630
22,0,75,unbounded_fixture,112730
22,0,76,unbounded_fixture,116876
22,0,77,unbounded_fixture,113501
22,0,78,unbounded_fixture,114463
22,0,79,unbounded_fixture,115203
22,0,80,unbounded_fixture,151287
22,0,81,unbounded_fixture,118498
22,0,82,unbounded_fixture,114672
22,0,83,unbounded_fixture,112970
22,0,84,unbounded_fixture,157897
22,0,85,unbounded_fixture,141173
22,0,86,unbounded_fixture,117738
22,0,87,unbounded_fixture,139910
22,0,88,unbounded_fixture,116436
22,0,89,unbounded_fixture,113000
22,0,90,unbounded_fixture,114062
22,0,91,unbounded_fixture,117747
22,0,92,unbounded_fixture,115734
22,0,93,unbounded_fixture,147262
22,0,94,unbounded_fixture,124938
22,0,95,unbounded_fixture,142084
22,0,96,unbounded_fixture,121333
22,0,97,unbounded_fixture,114482
22,0,98,unbounded_fixture,114021
22,0,99,unbounded_fixture,113761
22,0,100,unbounded_fixture,116175
22,0,101,unbounded_fixture,117256
22,0,102,unbounded_fixture,113210
22,0,103,unbounded_fixture,146010
22,0,104,unbounded_fixture,116075
22,0,105,unbounded_fixture,124478
22,0,106,unbounded_fixture,114893
22,0,107,unbounded_fixture,116906
22,0,108,unbounded_fixture,120201
22,0,109,unbounded_fixture,115344
22,0,110,unbounded_fixture,122444
22,0,111,unbounded_fixture,135354
22,0,112,unbounded_fixture,115333
22,0,113,unbounded_fixture,113972
22,0,114,unbounded_fixture,115103
22,0,115,unbounded_fixture,123716
22,0,116,unbounded_fixture,113531
22,0,117,unbounded_fixture,112660
22,0,118,unbounded_fixture,112840
22,0,119,unbounded_fixture,142564
22,0,120,unbounded_fixture,119901
22,0,121,unbounded_fixture,114733
22,0,122,unbounded_fixture,114352
22,0,123,unbounded_fixture,113781
22,0,124,unbounded_fixture,113821
22,0,125,unbounded_fixture,158939
22,0,126,unbounded_fixture,116806
22,0,127,unbounded_fixture,152459
22,1,0,bounded,138779
22,1,1,bounded,119590
22,1,2,bounded,123576
22,1,3,bounded,120742
22,1,4,bounded,118288
22,1,5,bounded,118568
22,1,6,bounded,146030
22,1,7,bounded,190196
22,1,8,bounded,122484
22,1,9,bounded,119790
22,1,10,bounded,119289
22,1,11,bounded,121092
22,1,12,bounded,124287
22,1,13,bounded,226220
22,1,14,bounded,124968
22,1,15,bounded,71228
22,1,16,bounded,66480
22,1,17,bounded,68383
22,1,18,bounded,66319
22,1,19,bounded,64607
22,1,20,bounded,77837
22,1,21,bounded,72198
22,1,22,bounded,65489
22,1,23,bounded,64086
22,1,24,bounded,66490
22,1,25,bounded,88002
22,1,26,bounded,78198
22,1,27,bounded,67162
22,1,28,bounded,63946
22,1,29,bounded,75734
22,1,30,bounded,66309
22,1,31,bounded,69355
22,1,32,bounded,66450
22,1,33,bounded,64377
22,1,34,bounded,63846
22,1,35,bounded,90276
22,1,36,bounded,70526
22,1,37,bounded,66690
22,1,38,bounded,64798
22,1,39,bounded,85338
22,1,40,bounded,67281
22,1,41,bounded,67842
22,1,42,bounded,63556
22,1,43,bounded,65288
22,1,44,bounded,63215
22,1,45,bounded,65599
22,1,46,bounded,66219
22,1,47,bounded,65909
22,1,48,bounded,64607
22,1,49,bounded,63716
22,1,50,bounded,66981
22,1,51,bounded,66040
22,1,52,bounded,64247
22,1,53,bounded,90306
22,1,54,bounded,69935
22,1,55,bounded,65699
22,1,56,bounded,70647
22,1,57,bounded,64547
22,1,58,bounded,64727
22,1,59,bounded,64027
22,1,60,bounded,64507
22,1,61,bounded,66960
22,1,62,bounded,64827
22,1,63,bounded,63175
22,1,64,bounded,63956
22,1,65,bounded,70186
22,1,66,bounded,64917
22,1,67,bounded,98198
22,1,68,bounded,70486
22,1,69,bounded,64707
22,1,70,bounded,69354
22,1,71,bounded,65608
22,1,72,bounded,65258
22,1,73,bounded,65890
22,1,74,bounded,67531
22,1,75,bounded,69284
22,1,76,bounded,65448
22,1,77,bounded,64647
22,1,78,bounded,64588
22,1,79,bounded,64647
22,1,80,bounded,65929
22,1,81,bounded,64477
22,1,82,bounded,83085
22,1,83,bounded,64627
22,1,84,bounded,64356
22,1,85,bounded,66109
22,1,86,bounded,64127
22,1,87,bounded,63125
22,1,88,bounded,64357
22,1,89,bounded,64858
22,1,90,bounded,65248
22,1,91,bounded,64808
22,1,92,bounded,84667
22,1,93,bounded,70095
22,1,94,bounded,65929
22,1,95,bounded,65499
22,1,96,bounded,90907
22,1,97,bounded,67411
22,1,98,bounded,64226
22,1,99,bounded,64477
22,1,100,bounded,66099
22,1,101,bounded,65599
22,1,102,bounded,65208
22,1,103,bounded,64317
22,1,104,bounded,64467
22,1,105,bounded,66150
22,1,106,bounded,63386
22,1,107,bounded,63536
22,1,108,bounded,64907
22,1,109,bounded,73330
22,1,110,bounded,89004
22,1,111,bounded,68604
22,1,112,bounded,64657
22,1,113,bounded,65178
22,1,114,bounded,70837
22,1,115,bounded,65188
22,1,116,bounded,64427
22,1,117,bounded,66030
22,1,118,bounded,64227
22,1,119,bounded,68163
22,1,120,bounded,66280
22,1,121,bounded,64897
22,1,122,bounded,64467
22,1,123,bounded,63525
22,1,124,bounded,66219
22,1,125,bounded,84517
22,1,126,bounded,66219
22,1,127,bounded,65308
23,0,0,bounded,65689
23,0,1,bounded,66129
23,0,2,bounded,65007
23,0,3,bounded,66270
23,0,4,bounded,63956
23,0,5,bounded,64147
23,0,6,bounded,64988
23,0,7,bounded,63466
23,0,8,bounded,64447
23,0,9,bounded,63907
23,0,10,bounded,63796
23,0,11,bounded,89574
23,0,12,bounded,68213
23,0,13,bounded,64177
23,0,14,bounded,64657
23,0,15,bounded,64617
23,0,16,bounded,65940
23,0,17,bounded,63405
23,0,18,bounded,63585
23,0,19,bounded,63967
23,0,20,bounded,62895
23,0,21,bounded,66530
23,0,22,bounded,112589
23,0,23,bounded,70055
23,0,24,bounded,65609
23,0,25,bounded,111308
23,0,26,bounded,69385
23,0,27,bounded,64768
23,0,28,bounded,65238
23,0,29,bounded,65319
23,0,30,bounded,70106
23,0,31,bounded,65869
23,0,32,bounded,67020
23,0,33,bounded,64477
23,0,34,bounded,64447
23,0,35,bounded,70636
23,0,36,bounded,65960
23,0,37,bounded,63305
23,0,38,bounded,63265
23,0,39,bounded,85449
23,0,40,bounded,68863
23,0,41,bounded,64938
23,0,42,bounded,65008
23,0,43,bounded,64036
23,0,44,bounded,63375
23,0,45,bounded,67351
23,0,46,bounded,64537
23,0,47,bounded,64306
23,0,48,bounded,1591193
23,0,49,bounded,78978
23,0,50,bounded,67432
23,0,51,bounded,65719
23,0,52,bounded,64557
23,0,53,bounded,64326
23,0,54,bounded,64557
23,0,55,bounded,66781
23,0,56,bounded,93151
23,0,57,bounded,69555
23,0,58,bounded,66130
23,0,59,bounded,65268
23,0,60,bounded,104938
23,0,61,bounded,66781
23,0,62,bounded,64006
23,0,63,bounded,65759
23,0,64,bounded,64177
23,0,65,bounded,65649
23,0,66,bounded,63826
23,0,67,bounded,65078
23,0,68,bounded,252509
23,0,69,bounded,237647
23,0,70,bounded,81933
23,0,71,bounded,67211
23,0,72,bounded,94442
23,0,73,bounded,75604
23,0,74,bounded,74512
23,0,75,bounded,87562
23,0,76,bounded,77346
23,0,77,bounded,65308
23,0,78,bounded,65038
23,0,79,bounded,70436
23,0,80,bounded,65629
23,0,81,bounded,64587
23,0,82,bounded,119500
23,0,83,bounded,70355
23,0,84,bounded,75884
23,0,85,bounded,67151
23,0,86,bounded,106901
23,0,87,bounded,81322
23,0,88,bounded,66249
23,0,89,bounded,66139
23,0,90,bounded,63025
23,0,91,bounded,63927
23,0,92,bounded,63686
23,0,93,bounded,64056
23,0,94,bounded,66069
23,0,95,bounded,129745
23,0,96,bounded,71478
23,0,97,bounded,66851
23,0,98,bounded,64537
23,0,99,bounded,67021
23,0,100,bounded,65308
23,0,101,bounded,66370
23,0,102,bounded,76766
23,0,103,bounded,65659
23,0,104,bounded,94582
23,0,105,bounded,71117
23,0,106,bounded,67111
23,0,107,bounded,144618
23,0,108,bounded,118358
23,0,109,bounded,75704
23,0,110,bounded,147863
23,0,111,bounded,70246
23,0,112,bounded,65669
23,0,113,bounded,121302
23,0,114,bounded,73311
23,0,115,bounded,65899
23,0,116,bounded,106250
23,0,117,bounded,105098
23,0,118,bounded,99409
23,0,119,bounded,67802
23,0,120,bounded,124047
23,0,121,bounded,70185
23,0,122,bounded,64517
23,0,123,bounded,71767
23,0,124,bounded,67221
23,0,125,bounded,64918
23,0,126,bounded,58298
23,0,127,bounded,65418
23,1,0,unbounded_fixture,78398
23,1,1,unbounded_fixture,156085
23,1,2,unbounded_fixture,85508
23,1,3,unbounded_fixture,63996
23,1,4,unbounded_fixture,62915
23,1,5,unbounded_fixture,65629
23,1,6,unbounded_fixture,62474
23,1,7,unbounded_fixture,63546
23,1,8,unbounded_fixture,62454
23,1,9,unbounded_fixture,62203
23,1,10,unbounded_fixture,64046
23,1,11,unbounded_fixture,109325
23,1,12,unbounded_fixture,71417
23,1,13,unbounded_fixture,62424
23,1,14,unbounded_fixture,105228
23,1,15,unbounded_fixture,75724
23,1,16,unbounded_fixture,63656
23,1,17,unbounded_fixture,62234
23,1,18,unbounded_fixture,63606
23,1,19,unbounded_fixture,62664
23,1,20,unbounded_fixture,66740
23,1,21,unbounded_fixture,62404
23,1,22,unbounded_fixture,61543
23,1,23,unbounded_fixture,63015
23,1,24,unbounded_fixture,64357
23,1,25,unbounded_fixture,117637
23,1,26,unbounded_fixture,78468
23,1,27,unbounded_fixture,63135
23,1,28,unbounded_fixture,115084
23,1,29,unbounded_fixture,73321
23,1,30,unbounded_fixture,64217
23,1,31,unbounded_fixture,62564
23,1,32,unbounded_fixture,63365
23,1,33,unbounded_fixture,62694
23,1,34,unbounded_fixture,66971
23,1,35,unbounded_fixture,63887
23,1,36,unbounded_fixture,61692
23,1,37,unbounded_fixture,63095
23,1,38,unbounded_fixture,62974
23,1,39,unbounded_fixture,68453
23,1,40,unbounded_fixture,64617
23,1,41,unbounded_fixture,62874
23,1,42,unbounded_fixture,117487
23,1,43,unbounded_fixture,66770
23,1,44,unbounded_fixture,64467
23,1,45,unbounded_fixture,62914
23,1,46,unbounded_fixture,63896
23,1,47,unbounded_fixture,61612
23,1,48,unbounded_fixture,62453
23,1,49,unbounded_fixture,64036
23,1,50,unbounded_fixture,61853
23,1,51,unbounded_fixture,62024
23,1,52,unbounded_fixture,62724
23,1,53,unbounded_fixture,62785
23,1,54,unbounded_fixture,64657
23,1,55,unbounded_fixture,117777
23,1,56,unbounded_fixture,330557
23,1,57,unbounded_fixture,118849
23,1,58,unbounded_fixture,67141
23,1,59,unbounded_fixture,66279
23,1,60,unbounded_fixture,63195
23,1,61,unbounded_fixture,62474
23,1,62,unbounded_fixture,62665
23,1,63,unbounded_fixture,62283
23,1,64,unbounded_fixture,64968
23,1,65,unbounded_fixture,105438
23,1,66,unbounded_fixture,76025
23,1,67,unbounded_fixture,63746
23,1,68,unbounded_fixture,63015
23,1,69,unbounded_fixture,65288
23,1,70,unbounded_fixture,63215
23,1,71,unbounded_fixture,62504
23,1,72,unbounded_fixture,63366
23,1,73,unbounded_fixture,65648
23,1,74,unbounded_fixture,62704
23,1,75,unbounded_fixture,62174
23,1,76,unbounded_fixture,107431
23,1,77,unbounded_fixture,66861
23,1,78,unbounded_fixture,69465
23,1,79,unbounded_fixture,115904
23,1,80,unbounded_fixture,67581
23,1,81,unbounded_fixture,62254
23,1,82,unbounded_fixture,127952
23,1,83,unbounded_fixture,73721
23,1,84,unbounded_fixture,62344
23,1,85,unbounded_fixture,63665
23,1,86,unbounded_fixture,111347
23,1,87,unbounded_fixture,69986
23,1,88,unbounded_fixture,68042
23,1,89,unbounded_fixture,65058
23,1,90,unbounded_fixture,62664
23,1,91,unbounded_fixture,105538
23,1,92,unbounded_fixture,74493
23,1,93,unbounded_fixture,64988
23,1,94,unbounded_fixture,63636
23,1,95,unbounded_fixture,63516
23,1,96,unbounded_fixture,61953
23,1,97,unbounded_fixture,62634
23,1,98,unbounded_fixture,64678
23,1,99,unbounded_fixture,63595
23,1,100,unbounded_fixture,62014
23,1,101,unbounded_fixture,62714
23,1,102,unbounded_fixture,61513
23,1,103,unbounded_fixture,132509
23,1,104,unbounded_fixture,96856
23,1,105,unbounded_fixture,88073
23,1,106,unbounded_fixture,64607
23,1,107,unbounded_fixture,65048
23,1,108,unbounded_fixture,64908
23,1,109,unbounded_fixture,62464
23,1,110,unbounded_fixture,83576
23,1,111,unbounded_fixture,66760
23,1,112,unbounded_fixture,63135
23,1,113,unbounded_fixture,64327
23,1,114,unbounded_fixture,63105
23,1,115,unbounded_fixture,61503
23,1,116,unbounded_fixture,61593
23,1,117,unbounded_fixture,64517
23,1,118,unbounded_fixture,105799
23,1,119,unbounded_fixture,71738
23,1,120,unbounded_fixture,64196
23,1,121,unbounded_fixture,62194
23,1,122,unbounded_fixture,68103
23,1,123,unbounded_fixture,128473
23,1,124,unbounded_fixture,66580
23,1,125,unbounded_fixture,63385
23,1,126,unbounded_fixture,61613
23,1,127,unbounded_fixture,69334
24,0,0,unbounded_fixture,78818
24,0,1,unbounded_fixture,64276
24,0,2,unbounded_fixture,61243
24,0,3,unbounded_fixture,101853
24,0,4,unbounded_fixture,70025
24,0,5,unbounded_fixture,61753
24,0,6,unbounded_fixture,62143
24,0,7,unbounded_fixture,61443
24,0,8,unbounded_fixture,190667
24,0,9,unbounded_fixture,81002
24,0,10,unbounded_fixture,63826
24,0,11,unbounded_fixture,62504
24,0,12,unbounded_fixture,87422
24,0,13,unbounded_fixture,65959
24,0,14,unbounded_fixture,65018
24,0,15,unbounded_fixture,112079
24,0,16,unbounded_fixture,72569
24,0,17,unbounded_fixture,63205
24,0,18,unbounded_fixture,61503
24,0,19,unbounded_fixture,63886
24,0,20,unbounded_fixture,62003
24,0,21,unbounded_fixture,62534
24,0,22,unbounded_fixture,84827
24,0,23,unbounded_fixture,64407
24,0,24,unbounded_fixture,63986
24,0,25,unbounded_fixture,62885
24,0,26,unbounded_fixture,62765
24,0,27,unbounded_fixture,63525
24,0,28,unbounded_fixture,63716
24,0,29,unbounded_fixture,253501
24,0,30,unbounded_fixture,76595
24,0,31,unbounded_fixture,70897
24,0,32,unbounded_fixture,275865
24,0,33,unbounded_fixture,72129
24,0,34,unbounded_fixture,108333
24,0,35,unbounded_fixture,68062
24,0,36,unbounded_fixture,63816
24,0,37,unbounded_fixture,113611
24,0,38,unbounded_fixture,75784
24,0,39,unbounded_fixture,63656
24,0,40,unbounded_fixture,62164
24,0,41,unbounded_fixture,61512
24,0,42,unbounded_fixture,62344
24,0,43,unbounded_fixture,70596
24,0,44,unbounded_fixture,62765
24,0,45,unbounded_fixture,149805
24,0,46,unbounded_fixture,188043
24,0,47,unbounded_fixture,69214
24,0,48,unbounded_fixture,88864
24,0,49,unbounded_fixture,68253
24,0,50,unbounded_fixture,62985
24,0,51,unbounded_fixture,116145
24,0,52,unbounded_fixture,145599
24,0,53,unbounded_fixture,83886
24,0,54,unbounded_fixture,65588
24,0,55,unbounded_fixture,63105
24,0,56,unbounded_fixture,63786
24,0,57,unbounded_fixture,65608
24,0,58,unbounded_fixture,106461
24,0,59,unbounded_fixture,81873
24,0,60,unbounded_fixture,64447
24,0,61,unbounded_fixture,62915
24,0,62,unbounded_fixture,62644
24,0,63,unbounded_fixture,64066
24,0,64,unbounded_fixture,67162
24,0,65,unbounded_fixture,1383701
24,0,66,unbounded_fixture,141873
24,0,67,unbounded_fixture,107712
24,0,68,unbounded_fixture,69525
24,0,69,unbounded_fixture,63775
24,0,70,unbounded_fixture,63435
24,0,71,unbounded_fixture,63696
24,0,72,unbounded_fixture,62063
24,0,73,unbounded_fixture,65359
24,0,74,unbounded_fixture,63005
24,0,75,unbounded_fixture,93320
24,0,76,unbounded_fixture,178228
24,0,77,unbounded_fixture,92860
24,0,78,unbounded_fixture,108123
24,0,79,unbounded_fixture,75414
24,0,80,unbounded_fixture,62935
24,0,81,unbounded_fixture,72188
24,0,82,unbounded_fixture,66069
24,0,83,unbounded_fixture,62955
24,0,84,unbounded_fixture,62044
24,0,85,unbounded_fixture,63665
24,0,86,unbounded_fixture,63466
24,0,87,unbounded_fixture,63886
24,0,88,unbounded_fixture,65138
24,0,89,unbounded_fixture,63415
24,0,90,unbounded_fixture,278238
24,0,91,unbounded_fixture,124633
24,0,92,unbounded_fixture,142204
24,0,93,unbounded_fixture,116465
24,0,94,unbounded_fixture,115333
24,0,95,unbounded_fixture,116104
24,0,96,unbounded_fixture,113771
24,0,97,unbounded_fixture,118268
24,0,98,unbounded_fixture,143777
24,0,99,unbounded_fixture,115273
24,0,100,unbounded_fixture,113120
24,0,101,unbounded_fixture,118879
24,0,102,unbounded_fixture,123216
24,0,103,unbounded_fixture,114693
24,0,104,unbounded_fixture,112679
24,0,105,unbounded_fixture,167061
24,0,106,unbounded_fixture,123055
24,0,107,unbounded_fixture,118719
24,0,108,unbounded_fixture,115094
24,0,109,unbounded_fixture,115063
24,0,110,unbounded_fixture,113841
24,0,111,unbounded_fixture,165699
24,0,112,unbounded_fixture,125058
24,0,113,unbounded_fixture,143827
24,0,114,unbounded_fixture,116395
24,0,115,unbounded_fixture,116085
24,0,116,unbounded_fixture,114803
24,0,117,unbounded_fixture,119920
24,0,118,unbounded_fixture,114051
24,0,119,unbounded_fixture,113280
24,0,120,unbounded_fixture,113110
24,0,121,unbounded_fixture,153631
24,0,122,unbounded_fixture,118909
24,0,123,unbounded_fixture,114793
24,0,124,unbounded_fixture,114072
24,0,125,unbounded_fixture,113360
24,0,126,unbounded_fixture,129725
24,0,127,unbounded_fixture,113590
24,1,0,bounded,138849
24,1,1,bounded,161152
24,1,2,bounded,123375
24,1,3,bounded,127663
24,1,4,bounded,121373
24,1,5,bounded,121844
24,1,6,bounded,119410
24,1,7,bounded,119249
24,1,8,bounded,159230
24,1,9,bounded,126751
24,1,10,bounded,120441
24,1,11,bounded,119369
24,1,12,bounded,124147
24,1,13,bounded,125169
24,1,14,bounded,162665
24,1,15,bounded,128324
24,1,16,bounded,133551
24,1,17,bounded,121663
24,1,18,bounded,125529
24,1,19,bounded,121282
24,1,20,bounded,120992
24,1,21,bounded,119961
24,1,22,bounded,119871
24,1,23,bounded,154502
24,1,24,bounded,124988
24,1,25,bounded,121813
24,1,26,bounded,121323
24,1,27,bounded,120411
24,1,28,bounded,124137
24,1,29,bounded,120341
24,1,30,bounded,119380
24,1,31,bounded,162334
24,1,32,bounded,137808
24,1,33,bounded,133781
24,1,34,bounded,120782
24,1,35,bounded,119881
24,1,36,bounded,123245
24,1,37,bounded,119289
24,1,38,bounded,153211
24,1,39,bounded,159129
24,1,40,bounded,166020
24,1,41,bounded,128103
24,1,42,bounded,125068
24,1,43,bounded,158038
24,1,44,bounded,127963
24,1,45,bounded,156095
24,1,46,bounded,120861
24,1,47,bounded,119500
24,1,48,bounded,134141
24,1,49,bounded,121463
24,1,50,bounded,123766
24,1,51,bounded,122834
24,1,52,bounded,160812
24,1,53,bounded,125629
24,1,54,bounded,119971
24,1,55,bounded,118889
24,1,56,bounded,122193
24,1,57,bounded,131307
24,1,58,bounded,120561
24,1,59,bounded,119920
24,1,60,bounded,147091
24,1,61,bounded,121523
24,1,62,bounded,131038
24,1,63,bounded,120191
24,1,64,bounded,121953
24,1,65,bounded,125859
24,1,66,bounded,126090
24,1,67,bounded,163946
24,1,68,bounded,125979
24,1,69,bounded,122184
24,1,70,bounded,120702
24,1,71,bounded,121092
24,1,72,bounded,126790
24,1,73,bounded,173231
24,1,74,bounded,136375
24,1,75,bounded,128363
24,1,76,bounded,119981
24,1,77,bounded,125840
24,1,78,bounded,120281
24,1,79,bounded,120601
24,1,80,bounded,124457
24,1,81,bounded,120821
24,1,82,bounded,154423
24,1,83,bounded,123626
24,1,84,bounded,119990
24,1,85,bounded,120251
24,1,86,bounded,120401
24,1,87,bounded,124367
24,1,88,bounded,123035
24,1,89,bounded,121142
24,1,90,bounded,160611
24,1,91,bounded,122344
24,1,92,bounded,124498
24,1,93,bounded,121513
24,1,94,bounded,123135
24,1,95,bounded,120361
24,1,96,bounded,131077
24,1,97,bounded,300672
24,1,98,bounded,132129
24,1,99,bounded,121613
24,1,100,bounded,119299
24,1,101,bounded,159159
24,1,102,bounded,132469
24,1,103,bounded,144818
24,1,104,bounded,125729
24,1,105,bounded,121493
24,1,106,bounded,130867
24,1,107,bounded,121292
24,1,108,bounded,121242
24,1,109,bounded,119981
24,1,110,bounded,120120
24,1,111,bounded,156876
24,1,112,bounded,124688
24,1,113,bounded,119811
24,1,114,bounded,120511
24,1,115,bounded,121042
24,1,116,bounded,123305
24,1,117,bounded,121733
24,1,118,bounded,121282
24,1,119,bounded,130256
24,1,120,bounded,122844
24,1,121,bounded,126680
24,1,122,bounded,128954
24,1,123,bounded,121492
24,1,124,bounded,119159
24,1,125,bounded,119660
24,1,126,bounded,204447
24,1,127,bounded,102454
25,0,0,bounded,71377
25,0,1,bounded,64467
25,0,2,bounded,64427
25,0,3,bounded,67731
25,0,4,bounded,65548
25,0,5,bounded,64857
25,0,6,bounded,63946
25,0,7,bounded,106260
25,0,8,bounded,69966
25,0,9,bounded,65509
25,0,10,bounded,103926
25,0,11,bounded,71537
25,0,12,bounded,72439
25,0,13,bounded,70716
25,0,14,bounded,64977
25,0,15,bounded,65048
25,0,16,bounded,63766
25,0,17,bounded,68153
25,0,18,bounded,88604
25,0,19,bounded,63626
25,0,20,bounded,78428
25,0,21,bounded,66340
25,0,22,bounded,66891
25,0,23,bounded,78528
25,0,24,bounded,70226
25,0,25,bounded,64046
25,0,26,bounded,64136
25,0,27,bounded,143256
25,0,28,bounded,70486
25,0,29,bounded,65649
25,0,30,bounded,65969
25,0,31,bounded,64257
25,0,32,bounded,66540
25,0,33,bounded,64327
25,0,34,bounded,65078
25,0,35,bounded,63936
25,0,36,bounded,63886
25,0,37,bounded,79800
25,0,38,bounded,65989
25,0,39,bounded,64356
25,0,40,bounded,63776
25,0,41,bounded,63025
25,0,42,bounded,66820
25,0,43,bounded,63135
25,0,44,bounded,63616
25,0,45,bounded,64497
25,0,46,bounded,64016
25,0,47,bounded,66470
25,0,48,bounded,64467
25,0,49,bounded,64006
25,0,50,bounded,64336
25,0,51,bounded,92869
25,0,52,bounded,75464
25,0,53,bounded,66691
25,0,54,bounded,64968
25,0,55,bounded,63356
25,0,56,bounded,64988
25,0,57,bounded,69835
25,0,58,bounded,65268
25,0,59,bounded,64717
25,0,60,bounded,64857
25,0,61,bounded,109435
25,0,62,bounded,69855
25,0,63,bounded,66080
25,0,64,bounded,87612
25,0,65,bounded,70065
25,0,66,bounded,64287
25,0,67,bounded,66901
25,0,68,bounded,63996
25,0,69,bounded,64126
25,0,70,bounded,63736
25,0,71,bounded,68844
25,0,72,bounded,65879
25,0,73,bounded,64657
25,0,74,bounded,63926
25,0,75,bounded,62974
25,0,76,bounded,67812
25,0,77,bounded,66370
25,0,78,bounded,65338
25,0,79,bounded,81132
25,0,80,bounded,67031
25,0,81,bounded,67732
25,0,82,bounded,64607
25,0,83,bounded,64527
25,0,84,bounded,65829
25,0,85,bounded,64177
25,0,86,bounded,66270
25,0,87,bounded,65449
25,0,88,bounded,65959
25,0,89,bounded,64176
25,0,90,bounded,67100
25,0,91,bounded,65678
25,0,92,bounded,65528
25,0,93,bounded,77416
25,0,94,bounded,68683
25,0,95,bounded,65910
25,0,96,bounded,65349
25,0,97,bounded,65098
25,0,98,bounded,63416
25,0,99,bounded,65969
25,0,100,bounded,65578
25,0,101,bounded,67772
25,0,102,bounded,65508
25,0,103,bounded,65269
25,0,104,bounded,64397
25,0,105,bounded,65939
25,0,106,bounded,66400
25,0,107,bounded,65338
25,0,108,bounded,88994
25,0,109,bounded,65539
25,0,110,bounded,64597
25,0,111,bounded,65318
25,0,112,bounded,64817
25,0,113,bounded,64397
25,0,114,bounded,63826
25,0,115,bounded,64286
25,0,116,bounded,65579
25,0,117,bounded,65188
25,0,118,bounded,85789
25,0,119,bounded,68684
25,0,120,bounded,65669
25,0,121,bounded,67111
25,0,122,bounded,91828
25,0,123,bounded,67131
25,0,124,bounded,64166
25,0,125,bounded,65969
25,0,126,bounded,66530
25,0,127,bounded,65068
25,1,0,unbounded_fixture,74052
25,1,1,unbounded_fixture,64037
25,1,2,unbounded_fixture,67201
25,1,3,unbounded_fixture,62995
25,1,4,unbounded_fixture,62735
25,1,5,unbounded_fixture,63345
25,1,6,unbounded_fixture,62925
25,1,7,unbounded_fixture,66430
25,1,8,unbounded_fixture,77286
25,1,9,unbounded_fixture,71137
25,1,10,unbounded_fixture,63245
25,1,11,unbounded_fixture,62724
25,1,12,unbounded_fixture,67802
25,1,13,unbounded_fixture,62064
25,1,14,unbounded_fixture,62264
25,1,15,unbounded_fixture,62464
25,1,16,unbounded_fixture,62083
25,1,17,unbounded_fixture,63946
25,1,18,unbounded_fixture,62524
25,1,19,unbounded_fixture,62905
25,1,20,unbounded_fixture,61312
25,1,21,unbounded_fixture,61904
25,1,22,unbounded_fixture,64297
25,1,23,unbounded_fixture,83917
25,1,24,unbounded_fixture,69895
25,1,25,unbounded_fixture,64326
25,1,26,unbounded_fixture,62674
25,1,27,unbounded_fixture,64767
25,1,28,unbounded_fixture,62875
25,1,29,unbounded_fixture,62774
25,1,30,unbounded_fixture,61964
25,1,31,unbounded_fixture,61182
25,1,32,unbounded_fixture,64447
25,1,33,unbounded_fixture,62244
25,1,34,unbounded_fixture,62965
25,1,35,unbounded_fixture,63235
25,1,36,unbounded_fixture,62835
25,1,37,unbounded_fixture,63756
25,1,38,unbounded_fixture,81663
25,1,39,unbounded_fixture,65739
25,1,40,unbounded_fixture,63957
25,1,41,unbounded_fixture,62964
25,1,42,unbounded_fixture,63645
25,1,43,unbounded_fixture,62624
25,1,44,unbounded_fixture,63796
25,1,45,unbounded_fixture,70446
25,1,46,unbounded_fixture,111728
25,1,47,unbounded_fixture,67191
25,1,48,unbounded_fixture,533753
25,1,49,unbounded_fixture,77206
25,1,50,unbounded_fixture,72058
25,1,51,unbounded_fixture,138448
25,1,52,unbounded_fixture,65178
25,1,53,unbounded_fixture,63415
25,1,54,unbounded_fixture,62674
25,1,55,unbounded_fixture,63655
25,1,56,unbounded_fixture,69685
25,1,57,unbounded_fixture,64016
25,1,58,unbounded_fixture,67532
25,1,59,unbounded_fixture,422310
25,1,60,unbounded_fixture,107161
25,1,61,unbounded_fixture,201944
25,1,62,unbounded_fixture,69084
25,1,63,unbounded_fixture,64167
25,1,64,unbounded_fixture,63786
25,1,65,unbounded_fixture,105479
25,1,66,unbounded_fixture,74101
25,1,67,unbounded_fixture,117847
25,1,68,unbounded_fixture,78518
25,1,69,unbounded_fixture,63475
25,1,70,unbounded_fixture,62163
25,1,71,unbounded_fixture,66741
25,1,72,unbounded_fixture,62965
25,1,73,unbounded_fixture,123265
25,1,74,unbounded_fixture,70075
25,1,75,unbounded_fixture,62454
25,1,76,unbounded_fixture,64968
25,1,77,unbounded_fixture,104998
25,1,78,unbounded_fixture,85118
25,1,79,unbounded_fixture,64858
25,1,80,unbounded_fixture,62704
25,1,81,unbounded_fixture,64987
25,1,82,unbounded_fixture,62604
25,1,83,unbounded_fixture,63135
25,1,84,unbounded_fixture,63415
25,1,85,unbounded_fixture,64668
25,1,86,unbounded_fixture,64707
25,1,87,unbounded_fixture,95053
25,1,88,unbounded_fixture,68513
25,1,89,unbounded_fixture,63546
25,1,90,unbounded_fixture,67752
25,1,91,unbounded_fixture,146150
25,1,92,unbounded_fixture,67192
25,1,93,unbounded_fixture,63726
25,1,94,unbounded_fixture,63165
25,1,95,unbounded_fixture,226321
25,1,96,unbounded_fixture,101994
25,1,97,unbounded_fixture,68112
25,1,98,unbounded_fixture,62934
25,1,99,unbounded_fixture,62154
25,1,100,unbounded_fixture,70305
25,1,101,unbounded_fixture,81142
25,1,102,unbounded_fixture,70997
25,1,103,unbounded_fixture,66090
25,1,104,unbounded_fixture,156946
25,1,105,unbounded_fixture,69284
25,1,106,unbounded_fixture,63014
25,1,107,unbounded_fixture,62914
25,1,108,unbounded_fixture,142375
25,1,109,unbounded_fixture,69454
25,1,110,unbounded_fixture,65479
25,1,111,unbounded_fixture,63265
25,1,112,unbounded_fixture,64276
25,1,113,unbounded_fixture,102995
25,1,114,unbounded_fixture,71097
25,1,115,unbounded_fixture,65899
25,1,116,unbounded_fixture,63256
25,1,117,unbounded_fixture,64056
25,1,118,unbounded_fixture,65399
25,1,119,unbounded_fixture,63505
25,1,120,unbounded_fixture,63956
25,1,121,unbounded_fixture,65007
25,1,122,unbounded_fixture,63215
25,1,123,unbounded_fixture,61953
25,1,124,unbounded_fixture,62374
25,1,125,unbounded_fixture,64127
25,1,126,unbounded_fixture,62744
25,1,127,unbounded_fixture,63065
26,0,0,unbounded_fixture,147332
26,0,1,unbounded_fixture,68173
26,0,2,unbounded_fixture,65108
26,0,3,unbounded_fixture,63246
26,0,4,unbounded_fixture,63425
26,0,5,unbounded_fixture,61963
26,0,6,unbounded_fixture,67902
26,0,7,unbounded_fixture,62254
26,0,8,unbounded_fixture,62244
26,0,9,unbounded_fixture,90877
26,0,10,unbounded_fixture,68022
26,0,11,unbounded_fixture,134012
26,0,12,unbounded_fixture,118097
26,0,13,unbounded_fixture,65929
26,0,14,unbounded_fixture,64167
26,0,15,unbounded_fixture,63746
26,0,16,unbounded_fixture,70877
26,0,17,unbounded_fixture,63286
26,0,18,unbounded_fixture,370076
26,0,19,unbounded_fixture,73530
26,0,20,unbounded_fixture,64797
26,0,21,unbounded_fixture,71677
26,0,22,unbounded_fixture,79269
26,0,23,unbounded_fixture,65498
26,0,24,unbounded_fixture,63616
26,0,25,unbounded_fixture,63576
26,0,26,unbounded_fixture,64868
26,0,27,unbounded_fixture,63586
26,0,28,unbounded_fixture,63045
26,0,29,unbounded_fixture,63475
26,0,30,unbounded_fixture,62674
26,0,31,unbounded_fixture,63326
26,0,32,unbounded_fixture,63435
26,0,33,unbounded_fixture,62854
26,0,34,unbounded_fixture,62224
26,0,35,unbounded_fixture,63325
26,0,36,unbounded_fixture,91548
26,0,37,unbounded_fixture,65308
26,0,38,unbounded_fixture,136155
26,0,39,unbounded_fixture,67532
26,0,40,unbounded_fixture,63275
26,0,41,unbounded_fixture,63836
26,0,42,unbounded_fixture,63475
26,0,43,unbounded_fixture,62735
26,0,44,unbounded_fixture,63445
26,0,45,unbounded_fixture,63005
26,0,46,unbounded_fixture,64107
26,0,47,unbounded_fixture,63566
26,0,48,unbounded_fixture,63095
26,0,49,unbounded_fixture,63115
26,0,50,unbounded_fixture,98999
26,0,51,unbounded_fixture,79749
26,0,52,unbounded_fixture,65348
26,0,53,unbounded_fixture,72840
26,0,54,unbounded_fixture,271709
26,0,55,unbounded_fixture,76254
26,0,56,unbounded_fixture,88894
26,0,57,unbounded_fixture,72519
26,0,58,unbounded_fixture,63676
26,0,59,unbounded_fixture,63255
26,0,60,unbounded_fixture,127121
26,0,61,unbounded_fixture,67842
26,0,62,unbounded_fixture,64107
26,0,63,unbounded_fixture,61973
26,0,64,unbounded_fixture,62624
26,0,65,unbounded_fixture,66089
26,0,66,unbounded_fixture,63135
26,0,67,unbounded_fixture,62594
26,0,68,unbounded_fixture,125198
26,0,69,unbounded_fixture,120060
26,0,70,unbounded_fixture,69024
26,0,71,unbounded_fixture,63425
26,0,72,unbounded_fixture,80310
26,0,73,unbounded_fixture,76655
26,0,74,unbounded_fixture,65057
26,0,75,unbounded_fixture,69875
26,0,76,unbounded_fixture,62915
26,0,77,unbounded_fixture,62504
26,0,78,unbounded_fixture,63375
26,0,79,unbounded_fixture,63205
26,0,80,unbounded_fixture,64477
26,0,81,unbounded_fixture,61983
26,0,82,unbounded_fixture,62514
26,0,83,unbounded_fixture,74472
26,0,84,unbounded_fixture,63425
26,0,85,unbounded_fixture,64077
26,0,86,unbounded_fixture,62844
26,0,87,unbounded_fixture,81632
26,0,88,unbounded_fixture,65408
26,0,89,unbounded_fixture,64327
26,0,90,unbounded_fixture,162254
26,0,91,unbounded_fixture,68333
26,0,92,unbounded_fixture,64417
26,0,93,unbounded_fixture,63316
26,0,94,unbounded_fixture,62945
26,0,95,unbounded_fixture,64477
26,0,96,unbounded_fixture,62624
26,0,97,unbounded_fixture,63045
26,0,98,unbounded_fixture,62855
26,0,99,unbounded_fixture,66019
26,0,100,unbounded_fixture,146230
26,0,101,unbounded_fixture,68202
26,0,102,unbounded_fixture,63726
26,0,103,unbounded_fixture,64027
26,0,104,unbounded_fixture,240051
26,0,105,unbounded_fixture,68553
26,0,106,unbounded_fixture,63716
26,0,107,unbounded_fixture,87441
26,0,108,unbounded_fixture,67231
26,0,109,unbounded_fixture,65919
26,0,110,unbounded_fixture,63866
26,0,111,unbounded_fixture,101283
26,0,112,unbounded_fixture,65869
26,0,113,unbounded_fixture,63616
26,0,114,unbounded_fixture,64798
26,0,115,unbounded_fixture,77356
26,0,116,unbounded_fixture,63906
26,0,117,unbounded_fixture,235124
26,0,118,unbounded_fixture,80150
26,0,119,unbounded_fixture,71477
26,0,120,unbounded_fixture,69735
26,0,121,unbounded_fixture,69264
26,0,122,unbounded_fixture,118939
26,0,123,unbounded_fixture,66480
26,0,124,unbounded_fixture,65709
26,0,125,unbounded_fixture,65248
26,0,126,unbounded_fixture,62334
26,0,127,unbounded_fixture,62644
26,1,0,bounded,82234
26,1,1,bounded,136255
26,1,2,bounded,78328
26,1,3,bounded,65668
26,1,4,bounded,64246
26,1,5,bounded,63936
26,1,6,bounded,86160
26,1,7,bounded,87051
26,1,8,bounded,63956
26,1,9,bounded,64698
26,1,10,bounded,70836
26,1,11,bounded,65869
26,1,12,bounded,65529
26,1,13,bounded,64467
26,1,14,bounded,64006
26,1,15,bounded,151778
26,1,16,bounded,73982
26,1,17,bounded,65228
26,1,18,bounded,65529
26,1,19,bounded,92369
26,1,20,bounded,77436
26,1,21,bounded,66239
26,1,22,bounded,65228
26,1,23,bounded,65769
26,1,24,bounded,65158
26,1,25,bounded,66570
26,1,26,bounded,64236
26,1,27,bounded,64076
26,1,28,bounded,99911
26,1,29,bounded,107602
26,1,30,bounded,86100
26,1,31,bounded,67582
26,1,32,bounded,100211
26,1,33,bounded,149004
26,1,34,bounded,69614
26,1,35,bounded,65829
26,1,36,bounded,102324
26,1,37,bounded,68963
26,1,38,bounded,126830
26,1,39,bounded,148493
26,1,40,bounded,83596
26,1,41,bounded,67421
26,1,42,bounded,111138
26,1,43,bounded,69855
26,1,44,bounded,65238
26,1,45,bounded,66490
26,1,46,bounded,64417
26,1,47,bounded,63575
26,1,48,bounded,63676
26,1,49,bounded,116475
26,1,50,bounded,74983
26,1,51,bounded,66690
26,1,52,bounded,67482
26,1,53,bounded,64377
26,1,54,bounded,70146
26,1,55,bounded,102585
26,1,56,bounded,69925
26,1,57,bounded,65299
26,1,58,bounded,63776
26,1,59,bounded,70356
26,1,60,bounded,66470
26,1,61,bounded,63596
26,1,62,bounded,146230
26,1,63,bounded,71768
26,1,64,bounded,70256
26,1,65,bounded,65258
26,1,66,bounded,64537
26,1,67,bounded,65298
26,1,68,bounded,106660
26,1,69,bounded,69544
26,1,70,bounded,63365
26,1,71,bounded,63997
26,1,72,bounded,140821
26,1,73,bounded,67151
26,1,74,bounded,66840
26,1,75,bounded,65128
26,1,76,bounded,144687
26,1,77,bounded,88624
26,1,78,bounded,66651
26,1,79,bounded,110046
26,1,80,bounded,70375
26,1,81,bounded,65458
26,1,82,bounded,64557
26,1,83,bounded,65448
26,1,84,bounded,66790
26,1,85,bounded,65929
26,1,86,bounded,64187
26,1,87,bounded,63886
26,1,88,bounded,64828
26,1,89,bounded,68313
26,1,90,bounded,65909
26,1,91,bounded,64437
26,1,92,bounded,63105
26,1,93,bounded,75704
26,1,94,bounded,67832
26,1,95,bounded,68192
26,1,96,bounded,64858
26,1,97,bounded,64598
26,1,98,bounded,95844
26,1,99,bounded,112480
26,1,100,bounded,66891
26,1,101,bounded,266441
26,1,102,bounded,76766
26,1,103,bounded,141853
26,1,104,bounded,81883
26,1,105,bounded,67442
26,1,106,bounded,65849
26,1,107,bounded,64527
26,1,108,bounded,73000
26,1,109,bounded,67010
26,1,110,bounded,66941
26,1,111,bounded,65779
26,1,112,bounded,64347
26,1,113,bounded,82634
26,1,114,bounded,65899
26,1,115,bounded,69474
26,1,116,bounded,89214
26,1,117,bounded,73100
26,1,118,bounded,68052
26,1,119,bounded,65248
26,1,120,bounded,66370
26,1,121,bounded,64857
26,1,122,bounded,65198
26,1,123,bounded,67281
26,1,124,bounded,65960
26,1,125,bounded,64307
26,1,126,bounded,64827
26,1,127,bounded,71828
27,0,0,bounded,67682
27,0,1,bounded,63676
27,0,2,bounded,80652
27,0,3,bounded,69535
27,0,4,bounded,64056
27,0,5,bounded,112019
27,0,6,bounded,77857
27,0,7,bounded,69224
27,0,8,bounded,65068
27,0,9,bounded,65699
27,0,10,bounded,68282
27,0,11,bounded,64757
27,0,12,bounded,64477
27,0,13,bounded,63565
27,0,14,bounded,70385
27,0,15,bounded,65849
27,0,16,bounded,110276
27,0,17,bounded,278559
27,0,18,bounded,196135
27,0,19,bounded,80151
27,0,20,bounded,67051
27,0,21,bounded,65218
27,0,22,bounded,64357
27,0,23,bounded,64357
27,0,24,bounded,103285
27,0,25,bounded,80802
27,0,26,bounded,67051
27,0,27,bounded,63496
27,0,28,bounded,64257
27,0,29,bounded,65618
27,0,30,bounded,64877
27,0,31,bounded,71888
27,0,32,bounded,83325
27,0,33,bounded,65349
27,0,34,bounded,65468
27,0,35,bounded,66671
27,0,36,bounded,64998
27,0,37,bounded,64967
27,0,38,bounded,265519
27,0,39,bounded,82664
27,0,40,bounded,66550
27,0,41,bounded,66130
27,0,42,bounded,63986
27,0,43,bounded,64447
27,0,44,bounded,67542
27,0,45,bounded,84748
27,0,46,bounded,76806
27,0,47,bounded,64397
27,0,48,bounded,65288
27,0,49,bounded,106841
27,0,50,bounded,168393
27,0,51,bounded,68443
27,0,52,bounded,65058
27,0,53,bounded,64036
27,0,54,bounded,66930
27,0,55,bounded,64627
27,0,56,bounded,64557
27,0,57,bounded,64266
27,0,58,bounded,69995
27,0,59,bounded,65489
27,0,60,bounded,63936
27,0,61,bounded,65077
27,0,62,bounded,102915
27,0,63,bounded,71568
27,0,64,bounded,65629
27,0,65,bounded,63005
27,0,66,bounded,65219
27,0,67,bounded,63956
27,0,68,bounded,124908
27,0,69,bounded,70877
27,0,70,bounded,64487
27,0,71,bounded,63735
27,0,72,bounded,64887
27,0,73,bounded,66500
27,0,74,bounded,64046
27,0,75,bounded,104458
27,0,76,bounded,69434
27,0,77,bounded,65618
27,0,78,bounded,67011
27,0,79,bounded,64227
27,0,80,bounded,63756
27,0,81,bounded,64537
27,0,82,bounded,64347
27,0,83,bounded,64998
27,0,84,bounded,65729
27,0,85,bounded,64257
27,0,86,bounded,65098
27,0,87,bounded,64216
27,0,88,bounded,67421
27,0,89,bounded,92900
27,0,90,bounded,66931
27,0,91,bounded,64637
27,0,92,bounded,63395
27,0,93,bounded,66320
27,0,94,bounded,65259
27,0,95,bounded,63305
27,0,96,bounded,63425
27,0,97,bounded,63655
27,0,98,bounded,66790
27,0,99,bounded,92669
27,0,100,bounded,70606
27,0,101,bounded,64097
27,0,102,bounded,63255
27,0,103,bounded,94482
27,0,104,bounded,137086
27,0,105,bounded,67652
27,0,106,bounded,64466
27,0,107,bounded,65438
27,0,108,bounded,66430
27,0,109,bounded,63756
27,0,110,bounded,65098
27,0,111,bounded,63846
27,0,112,bounded,64076
27,0,113,bounded,66510
27,0,114,bounded,65118
27,0,115,bounded,64026
27,0,116,bounded,93000
27,0,117,bounded,87411
27,0,118,bounded,66851
27,0,119,bounded,64557
27,0,120,bounded,64878
27,0,121,bounded,65178
27,0,122,bounded,69034
27,0,123,bounded,87191
27,0,124,bounded,66611
27,0,125,bounded,64577
27,0,126,bounded,64097
27,0,127,bounded,67141
27,1,0,unbounded_fixture,72168
27,1,1,unbounded_fixture,65418
27,1,2,unbounded_fixture,179150
27,1,3,unbounded_fixture,68323
27,1,4,unbounded_fixture,65438
27,1,5,unbounded_fixture,63105
27,1,6,unbounded_fixture,63666
27,1,7,unbounded_fixture,62724
27,1,8,unbounded_fixture,63526
27,1,9,unbounded_fixture,64437
27,1,10,unbounded_fixture,64547
27,1,11,unbounded_fixture,63756
27,1,12,unbounded_fixture,62664
27,1,13,unbounded_fixture,62424
27,1,14,unbounded_fixture,63455
27,1,15,unbounded_fixture,109645
27,1,16,unbounded_fixture,71998
27,1,17,unbounded_fixture,63936
27,1,18,unbounded_fixture,63345
27,1,19,unbounded_fixture,64927
27,1,20,unbounded_fixture,64116
27,1,21,unbounded_fixture,63335
27,1,22,unbounded_fixture,63205
27,1,23,unbounded_fixture,63295
27,1,24,unbounded_fixture,65028
27,1,25,unbounded_fixture,63566
27,1,26,unbounded_fixture,86440
27,1,27,unbounded_fixture,66340
27,1,28,unbounded_fixture,63025
27,1,29,unbounded_fixture,80582
27,1,30,unbounded_fixture,150367
27,1,31,unbounded_fixture,64787
27,1,32,unbounded_fixture,62675
27,1,33,unbounded_fixture,63616
27,1,34,unbounded_fixture,64738
27,1,35,unbounded_fixture,62664
27,1,36,unbounded_fixture,64437
27,1,37,unbounded_fixture,118127
27,1,38,unbounded_fixture,73130
27,1,39,unbounded_fixture,64868
27,1,40,unbounded_fixture,62895
27,1,41,unbounded_fixture,63495
27,1,42,unbounded_fixture,121203
27,1,43,unbounded_fixture,68052
27,1,44,unbounded_fixture,65178
27,1,45,unbounded_fixture,91147
27,1,46,unbounded_fixture,66500
27,1,47,unbounded_fixture,62964
27,1,48,unbounded_fixture,69083
27,1,49,unbounded_fixture,64487
27,1,50,unbounded_fixture,62544
27,1,51,unbounded_fixture,62885
27,1,52,unbounded_fixture,62765
27,1,53,unbounded_fixture,66831
27,1,54,unbounded_fixture,64467
27,1,55,unbounded_fixture,83055
27,1,56,unbounded_fixture,90376
27,1,57,unbounded_fixture,64967
27,1,58,unbounded_fixture,68733
27,1,59,unbounded_fixture,63525
27,1,60,unbounded_fixture,62974
27,1,61,unbounded_fixture,63396
27,1,62,unbounded_fixture,62694
27,1,63,unbounded_fixture,63446
27,1,64,unbounded_fixture,62995
27,1,65,unbounded_fixture,63475
27,1,66,unbounded_fixture,63326
27,1,67,unbounded_fixture,62934
27,1,68,unbounded_fixture,64437
27,1,69,unbounded_fixture,62985
27,1,70,unbounded_fixture,197617
27,1,71,unbounded_fixture,73861
27,1,72,unbounded_fixture,62954
27,1,73,unbounded_fixture,63947
27,1,74,unbounded_fixture,63736
27,1,75,unbounded_fixture,63055
27,1,76,unbounded_fixture,62214
27,1,77,unbounded_fixture,64968
27,1,78,unbounded_fixture,64397
27,1,79,unbounded_fixture,92740
27,1,80,unbounded_fixture,65238
27,1,81,unbounded_fixture,64176
27,1,82,unbounded_fixture,115574
27,1,83,unbounded_fixture,130657
27,1,84,unbounded_fixture,74361
27,1,85,unbounded_fixture,64608
27,1,86,unbounded_fixture,107081
27,1,87,unbounded_fixture,67412
27,1,88,unbounded_fixture,65499
27,1,89,unbounded_fixture,64107
27,1,90,unbounded_fixture,67882
27,1,91,unbounded_fixture,102705
27,1,92,unbounded_fixture,73961
27,1,93,unbounded_fixture,67362
27,1,94,unbounded_fixture,98588
27,1,95,unbounded_fixture,67652
27,1,96,unbounded_fixture,62715
27,1,97,unbounded_fixture,71828
27,1,98,unbounded_fixture,65288
27,1,99,unbounded_fixture,63415
27,1,100,unbounded_fixture,62984
27,1,101,unbounded_fixture,62975
27,1,102,unbounded_fixture,68102
27,1,103,unbounded_fixture,63886
27,1,104,unbounded_fixture,62814
27,1,105,unbounded_fixture,62934
27,1,106,unbounded_fixture,65589
27,1,107,unbounded_fixture,65378
27,1,108,unbounded_fixture,82323
27,1,109,unbounded_fixture,67932
27,1,110,unbounded_fixture,63826
27,1,111,unbounded_fixture,63285
27,1,112,unbounded_fixture,64927
27,1,113,unbounded_fixture,62584
27,1,114,unbounded_fixture,64878
27,1,115,unbounded_fixture,64757
27,1,116,unbounded_fixture,62434
27,1,117,unbounded_fixture,64287
27,1,118,unbounded_fixture,63295
27,1,119,unbounded_fixture,63977
27,1,120,unbounded_fixture,63876
27,1,121,unbounded_fixture,63095
27,1,122,unbounded_fixture,65048
27,1,123,unbounded_fixture,80391
27,1,124,unbounded_fixture,65899
27,1,125,unbounded_fixture,63296
27,1,126,unbounded_fixture,64196
27,1,127,unbounded_fixture,63846
28,0,0,unbounded_fixture,64247
28,0,1,unbounded_fixture,63265
28,0,2,unbounded_fixture,62744
28,0,3,unbounded_fixture,62624
28,0,4,unbounded_fixture,64086
28,0,5,unbounded_fixture,62113
28,0,6,unbounded_fixture,92630
28,0,7,unbounded_fixture,66020
28,0,8,unbounded_fixture,68212
28,0,9,unbounded_fixture,63746
28,0,10,unbounded_fixture,82494
28,0,11,unbounded_fixture,63976
28,0,12,unbounded_fixture,66881
28,0,13,unbounded_fixture,68012
28,0,14,unbounded_fixture,62684
28,0,15,unbounded_fixture,62985
28,0,16,unbounded_fixture,62735
28,0,17,unbounded_fixture,63596
28,0,18,unbounded_fixture,67542
28,0,19,unbounded_fixture,63476
28,0,20,unbounded_fixture,116726
28,0,21,unbounded_fixture,73170
28,0,22,unbounded_fixture,64017
28,0,23,unbounded_fixture,97937
28,0,24,unbounded_fixture,70145
28,0,25,unbounded_fixture,63725
28,0,26,unbounded_fixture,63014
28,0,27,unbounded_fixture,63084
28,0,28,unbounded_fixture,64988
28,0,29,unbounded_fixture,62584
28,0,30,unbounded_fixture,294943
28,0,31,unbounded_fixture,77847
28,0,32,unbounded_fixture,64036
28,0,33,unbounded_fixture,124076
28,0,34,unbounded_fixture,85849
28,0,35,unbounded_fixture,64637
28,0,36,unbounded_fixture,63966
28,0,37,unbounded_fixture,62865
28,0,38,unbounded_fixture,67021
28,0,39,unbounded_fixture,62684
28,0,40,unbounded_fixture,64347
28,0,41,unbounded_fixture,63175
28,0,42,unbounded_fixture,64006
28,0,43,unbounded_fixture,66510
28,0,44,unbounded_fixture,63215
28,0,45,unbounded_fixture,62925
28,0,46,unbounded_fixture,64747
28,0,47,unbounded_fixture,62944
28,0,48,unbounded_fixture,82525
28,0,49,unbounded_fixture,67181
28,0,50,unbounded_fixture,62644
28,0,51,unbounded_fixture,62284
28,0,52,unbounded_fixture,68083
28,0,53,unbounded_fixture,64267
28,0,54,unbounded_fixture,63385
28,0,55,unbounded_fixture,62364
28,0,56,unbounded_fixture,63786
28,0,57,unbounded_fixture,67442
28,0,58,unbounded_fixture,63446
28,0,59,unbounded_fixture,89605
28,0,60,unbounded_fixture,63676
28,0,61,unbounded_fixture,62404
28,0,62,unbounded_fixture,98318
28,0,63,unbounded_fixture,69464
28,0,64,unbounded_fixture,63245
28,0,65,unbounded_fixture,123666
28,0,66,unbounded_fixture,71498
28,0,67,unbounded_fixture,65639
28,0,68,unbounded_fixture,64266
28,0,69,unbounded_fixture,63256
28,0,70,unbounded_fixture,63175
28,0,71,unbounded_fixture,64327
28,0,72,unbounded_fixture,66450
28,0,73,unbounded_fixture,64798
28,0,74,unbounded_fixture,63485
28,0,75,unbounded_fixture,62805
28,0,76,unbounded_fixture,100141
28,0,77,unbounded_fixture,70436
28,0,78,unbounded_fixture,64988
28,0,79,unbounded_fixture,63015
28,0,80,unbounded_fixture,62223
28,0,81,unbounded_fixture,63145
28,0,82,unbounded_fixture,63896
28,0,83,unbounded_fixture,62244
28,0,84,unbounded_fixture,64427
28,0,85,unbounded_fixture,63776
28,0,86,unbounded_fixture,63836
28,0,87,unbounded_fixture,64547
28,0,88,unbounded_fixture,63956
28,0,89,unbounded_fixture,62924
28,0,90,unbounded_fixture,86571
28,0,91,unbounded_fixture,236816
28,0,92,unbounded_fixture,69404
28,0,93,unbounded_fixture,63676
28,0,94,unbounded_fixture,63195
28,0,95,unbounded_fixture,62755
28,0,96,unbounded_fixture,67621
28,0,97,unbounded_fixture,63315
28,0,98,unbounded_fixture,66640
28,0,99,unbounded_fixture,63386
28,0,100,unbounded_fixture,63616
28,0,101,unbounded_fixture,67712
28,0,102,unbounded_fixture,78548
28,0,103,unbounded_fixture,64818
28,0,104,unbounded_fixture,63155
28,0,105,unbounded_fixture,62324
28,0,106,unbounded_fixture,68493
28,0,107,unbounded_fixture,62714
28,0,108,unbounded_fixture,65158
28,0,109,unbounded_fixture,62514
28,0,110,unbounded_fixture,64417
28,0,111,unbounded_fixture,63846
28,0,112,unbounded_fixture,65548
28,0,113,unbounded_fixture,93670
28,0,114,unbounded_fixture,66480
28,0,115,unbounded_fixture,63085
28,0,116,unbounded_fixture,89454
28,0,117,unbounded_fixture,69966
28,0,118,unbounded_fixture,62864
28,0,119,unbounded_fixture,62905
28,0,120,unbounded_fixture,63025
28,0,121,unbounded_fixture,65017
28,0,122,unbounded_fixture,62294
28,0,123,unbounded_fixture,62343
28,0,124,unbounded_fixture,63967
28,0,125,unbounded_fixture,63365
28,0,126,unbounded_fixture,64497
28,0,127,unbounded_fixture,62764
28,1,0,bounded,83035
28,1,1,bounded,67051
28,1,2,bounded,64567
28,1,3,bounded,81392
28,1,4,bounded,68183
28,1,5,bounded,66160
28,1,6,bounded,66590
28,1,7,bounded,68984
28,1,8,bounded,266491
28,1,9,bounded,71388
28,1,10,bounded,65509
28,1,11,bounded,63996
28,1,12,bounded,71677
28,1,13,bounded,65439
28,1,14,bounded,104387
28,1,15,bounded,68533
28,1,16,bounded,64076
28,1,17,bounded,75664
28,1,18,bounded,66319
28,1,19,bounded,65128
28,1,20,bounded,64607
28,1,21,bounded,63736
28,1,22,bounded,68303
28,1,23,bounded,66420
28,1,24,bounded,64177
28,1,25,bounded,64016
28,1,26,bounded,64266
28,1,27,bounded,66320
28,1,28,bounded,83395
28,1,29,bounded,66850
28,1,30,bounded,64877
28,1,31,bounded,63957
28,1,32,bounded,353432
28,1,33,bounded,135684
28,1,34,bounded,69735
28,1,35,bounded,65659
28,1,36,bounded,96975
28,1,37,bounded,76375
28,1,38,bounded,65839
28,1,39,bounded,64668
28,1,40,bounded,64137
28,1,41,bounded,63996
28,1,42,bounded,65799
28,1,43,bounded,64477
28,1,44,bounded,65669
28,1,45,bounded,123446
28,1,46,bounded,70175
28,1,47,bounded,66790
28,1,48,bounded,66390
28,1,49,bounded,64487
28,1,50,bounded,109314
28,1,51,bounded,67291
28,1,52,bounded,67832
28,1,53,bounded,64958
28,1,54,bounded,63356
28,1,55,bounded,64817
28,1,56,bounded,68903
28,1,57,bounded,66200
28,1,58,bounded,65749
28,1,59,bounded,64767
28,1,60,bounded,64647
28,1,61,bounded,70876
28,1,62,bounded,64877
28,1,63,bounded,63706
28,1,64,bounded,108183
28,1,65,bounded,66100
28,1,66,bounded,70166
28,1,67,bounded,65358
28,1,68,bounded,63265
28,1,69,bounded,63966
28,1,70,bounded,64047
28,1,71,bounded,65568
28,1,72,bounded,63886
28,1,73,bounded,63456
28,1,74,bounded,65078
28,1,75,bounded,65399
28,1,76,bounded,65919
28,1,77,bounded,64047
28,1,78,bounded,84708
28,1,79,bounded,67001
28,1,80,bounded,64707
28,1,81,bounded,66680
28,1,82,bounded,63926
28,1,83,bounded,62895
28,1,84,bounded,64747
28,1,85,bounded,65038
28,1,86,bounded,67061
28,1,87,bounded,65168
28,1,88,bounded,92680
28,1,89,bounded,69104
28,1,90,bounded,64727
28,1,91,bounded,66219
28,1,92,bounded,94122
28,1,93,bounded,66520
28,1,94,bounded,64167
28,1,95,bounded,64487
28,1,96,bounded,66139
28,1,97,bounded,64897
28,1,98,bounded,64386
28,1,99,bounded,64186
28,1,100,bounded,68143
28,1,101,bounded,65789
28,1,102,bounded,63495
28,1,103,bounded,65899
28,1,104,bounded,63776
28,1,105,bounded,69414
28,1,106,bounded,222084
28,1,107,bounded,109055
28,1,108,bounded,67862
28,1,109,bounded,63305
28,1,110,bounded,85689
28,1,111,bounded,68513
28,1,112,bounded,65038
28,1,113,bounded,64427
28,1,114,bounded,64547
28,1,115,bounded,66300
28,1,116,bounded,64627
28,1,117,bounded,65258
28,1,118,bounded,98659
28,1,119,bounded,70395
28,1,120,bounded,67562
28,1,121,bounded,66480
28,1,122,bounded,64618
28,1,123,bounded,63686
28,1,124,bounded,63846
28,1,125,bounded,65538
28,1,126,bounded,122534
28,1,127,bounded,84276
29,0,0,bounded,66801
29,0,1,bounded,112479
29,0,2,bounded,121993
29,0,3,bounded,69334
29,0,4,bounded,63596
29,0,5,bounded,64427
29,0,6,bounded,64246
29,0,7,bounded,67271
29,0,8,bounded,64027
29,0,9,bounded,64297
29,0,10,bounded,67521
29,0,11,bounded,64397
29,0,12,bounded,114973
29,0,13,bounded,66780
29,0,14,bounded,65048
29,0,15,bounded,123927
29,0,16,bounded,374253
29,0,17,bounded,105488
29,0,18,bounded,160521
29,0,19,bounded,99990
29,0,20,bounded,118989
29,0,21,bounded,113240
29,0,22,bounded,96375
29,0,23,bounded,128063
29,0,24,bounded,98598
29,0,25,bounded,95754
29,0,26,bounded,101062
29,0,27,bounded,95724
29,0,28,bounded,93181
29,0,29,bounded,95864
29,0,30,bounded,129395
29,0,31,bounded,113501
29,0,32,bounded,95184
29,0,33,bounded,94573
29,0,34,bounded,92169
29,0,35,bounded,93671
29,0,36,bounded,94873
29,0,37,bounded,95494
29,0,38,bounded,93670
29,0,39,bounded,93661
29,0,40,bounded,214763
29,0,41,bounded,101824
29,0,42,bounded,92769
29,0,43,bounded,93501
29,0,44,bounded,94142
29,0,45,bounded,93500
29,0,46,bounded,119340
29,0,47,bounded,95153
29,0,48,bounded,146731
29,0,49,bounded,104898
29,0,50,bounded,93731
29,0,51,bounded,94212
29,0,52,bounded,93791
29,0,53,bounded,92359
29,0,54,bounded,94022
29,0,55,bounded,92500
29,0,56,bounded,97437
29,0,57,bounded,94142
29,0,58,bounded,261424
29,0,59,bounded,111168
29,0,60,bounded,102844
29,0,61,bounded,93922
29,0,62,bounded,149545
29,0,63,bounded,99599
29,0,64,bounded,95254
29,0,65,bounded,101463
29,0,66,bounded,138108
29,0,67,bounded,96836
29,0,68,bounded,98808
29,0,69,bounded,96135
29,0,70,bounded,103886
29,0,71,bounded,344338
29,0,72,bounded,103596
29,0,73,bounded,138939
29,0,74,bounded,100091
29,0,75,bounded,96255
29,0,76,bounded,94863
29,0,77,bounded,165319
29,0,78,bounded,98038
29,0,79,bounded,237457
29,0,80,bounded,143816
29,0,81,bounded,98868
29,0,82,bounded,94121
29,0,83,bounded,94592
29,0,84,bounded,92820
29,0,85,bounded,95113
29,0,86,bounded,93040
29,0,87,bounded,88272
29,0,88,bounded,97247
29,0,89,bounded,95744
29,0,90,bounded,123545
29,0,91,bounded,95033
29,0,92,bounded,95073
29,0,93,bounded,96405
29,0,94,bounded,95905
29,0,95,bounded,98398
29,0,96,bounded,95524
29,0,97,bounded,95304
29,0,98,bounded,93461
29,0,99,bounded,96835
29,0,100,bounded,101443
29,0,101,bounded,95324
29,0,102,bounded,95614
29,0,103,bounded,96224
29,0,104,bounded,100772
29,0,105,bounded,95213
29,0,106,bounded,132940
29,0,107,bounded,104667
29,0,108,bounded,105900
29,0,109,bounded,150807
29,0,110,bounded,198629
29,0,111,bounded,101132
29,0,112,bounded,93120
29,0,113,bounded,94813
29,0,114,bounded,98077
29,0,115,bounded,146400
29,0,116,bounded,98468
29,0,117,bounded,129264
29,0,118,bounded,98037
29,0,119,bounded,100020
29,0,120,bounded,95654
29,0,121,bounded,95364
29,0,122,bounded,95324
29,0,123,bounded,93832
29,0,124,bounded,92649
29,0,125,bounded,93801
29,0,126,bounded,99229
29,0,127,bounded,219380
29,1,0,unbounded_fixture,118829
29,1,1,unbounded_fixture,94733
29,1,2,unbounded_fixture,90786
29,1,3,unbounded_fixture,92769
29,1,4,unbounded_fixture,92429
29,1,5,unbounded_fixture,91187
29,1,6,unbounded_fixture,91698
29,1,7,unbounded_fixture,165389
29,1,8,unbounded_fixture,101963
29,1,9,unbounded_fixture,90566
29,1,10,unbounded_fixture,92790
29,1,11,unbounded_fixture,91948
29,1,12,unbounded_fixture,91277
29,1,13,unbounded_fixture,90726
29,1,14,unbounded_fixture,91979
29,1,15,unbounded_fixture,93080
29,1,16,unbounded_fixture,92660
29,1,17,unbounded_fixture,108893
29,1,18,unbounded_fixture,94753
29,1,19,unbounded_fixture,91828
29,1,20,unbounded_fixture,96685
29,1,21,unbounded_fixture,91948
29,1,22,unbounded_fixture,91287
29,1,23,unbounded_fixture,95323
29,1,24,unbounded_fixture,94662
29,1,25,unbounded_fixture,137667
29,1,26,unbounded_fixture,93160
29,1,27,unbounded_fixture,111258
29,1,28,unbounded_fixture,94553
29,1,29,unbounded_fixture,92790
29,1,30,unbounded_fixture,100441
29,1,31,unbounded_fixture,91207
29,1,32,unbounded_fixture,91908
29,1,33,unbounded_fixture,90876
29,1,34,unbounded_fixture,91437
29,1,35,unbounded_fixture,94011
29,1,36,unbounded_fixture,92680
29,1,37,unbounded_fixture,108243
29,1,38,unbounded_fixture,93892
29,1,39,unbounded_fixture,90617
29,1,40,unbounded_fixture,95324
29,1,41,unbounded_fixture,91457
29,1,42,unbounded_fixture,92879
29,1,43,unbounded_fixture,91638
29,1,44,unbounded_fixture,91418
29,1,45,unbounded_fixture,159360
29,1,46,unbounded_fixture,98949
29,1,47,unbounded_fixture,100662
29,1,48,unbounded_fixture,94733
29,1,49,unbounded_fixture,100692
29,1,50,unbounded_fixture,129184
29,1,51,unbounded_fixture,93661
29,1,52,unbounded_fixture,93862
29,1,53,unbounded_fixture,92439
29,1,54,unbounded_fixture,170456
29,1,55,unbounded_fixture,108263
29,1,56,unbounded_fixture,121643
29,1,57,unbounded_fixture,93470
29,1,58,unbounded_fixture,91838
29,1,59,unbounded_fixture,88703
29,1,60,unbounded_fixture,94663
29,1,61,unbounded_fixture,82865
29,1,62,unbounded_fixture,117047
29,1,63,unbounded_fixture,101633
29,1,64,unbounded_fixture,92870
29,1,65,unbounded_fixture,113941
29,1,66,unbounded_fixture,93190
29,1,67,unbounded_fixture,91548
29,1,68,unbounded_fixture,91317
29,1,69,unbounded_fixture,94412
29,1,70,unbounded_fixture,91388
29,1,71,unbounded_fixture,90957
29,1,72,unbounded_fixture,98177
29,1,73,unbounded_fixture,102063
29,1,74,unbounded_fixture,98408
29,1,75,unbounded_fixture,226441
29,1,76,unbounded_fixture,94542
29,1,77,unbounded_fixture,91427
29,1,78,unbounded_fixture,91538
29,1,79,unbounded_fixture,92779
29,1,80,unbounded_fixture,92769
29,1,81,unbounded_fixture,91227
29,1,82,unbounded_fixture,92539
29,1,83,unbounded_fixture,92660
29,1,84,unbounded_fixture,195905
29,1,85,unbounded_fixture,159580
29,1,86,unbounded_fixture,95704
29,1,87,unbounded_fixture,90786
29,1,88,unbounded_fixture,92409
29,1,89,unbounded_fixture,91918
29,1,90,unbounded_fixture,92299
29,1,91,unbounded_fixture,90436
29,1,92,unbounded_fixture,137857
29,1,93,unbounded_fixture,95855
29,1,94,unbounded_fixture,93921
29,1,95,unbounded_fixture,93290
29,1,96,unbounded_fixture,92609
29,1,97,unbounded_fixture,91587
29,1,98,unbounded_fixture,98328
29,1,99,unbounded_fixture,125899
29,1,100,unbounded_fixture,94542
29,1,101,unbounded_fixture,107772
29,1,102,unbounded_fixture,96355
29,1,103,unbounded_fixture,92098
29,1,104,unbounded_fixture,95143
29,1,105,unbounded_fixture,111748
29,1,106,unbounded_fixture,292921
29,1,107,unbounded_fixture,98949
29,1,108,unbounded_fixture,110836
29,1,109,unbounded_fixture,212810
29,1,110,unbounded_fixture,96946
29,1,111,unbounded_fixture,92349
29,1,112,unbounded_fixture,91838
29,1,113,unbounded_fixture,99990
29,1,114,unbounded_fixture,123265
29,1,115,unbounded_fixture,97377
29,1,116,unbounded_fixture,91798
29,1,117,unbounded_fixture,92889
29,1,118,unbounded_fixture,128864
29,1,119,unbounded_fixture,161823
29,1,120,unbounded_fixture,97457
29,1,121,unbounded_fixture,91898
29,1,122,unbounded_fixture,93481
29,1,123,unbounded_fixture,94542
29,1,124,unbounded_fixture,93781
29,1,125,unbounded_fixture,93240
29,1,126,unbounded_fixture,146200
29,1,127,unbounded_fixture,134693
30,0,0,unbounded_fixture,94122
30,0,1,unbounded_fixture,95093
30,0,2,unbounded_fixture,104738
30,0,3,unbounded_fixture,92359
30,0,4,unbounded_fixture,92048
30,0,5,unbounded_fixture,93892
30,0,6,unbounded_fixture,98898
30,0,7,unbounded_fixture,92289
30,0,8,unbounded_fixture,110557
30,0,9,unbounded_fixture,95644
30,0,10,unbounded_fixture,92879
30,0,11,unbounded_fixture,91668
30,0,12,unbounded_fixture,94072
30,0,13,unbounded_fixture,91928
30,0,14,unbounded_fixture,92629
30,0,15,unbounded_fixture,91217
30,0,16,unbounded_fixture,91878
30,0,17,unbounded_fixture,92129
30,0,18,unbounded_fixture,100602
30,0,19,unbounded_fixture,95273
30,0,20,unbounded_fixture,93120
30,0,21,unbounded_fixture,94101
30,0,22,unbounded_fixture,150676
30,0,23,unbounded_fixture,161523
30,0,24,unbounded_fixture,110587
30,0,25,unbounded_fixture,92640
30,0,26,unbounded_fixture,92600
30,0,27,unbounded_fixture,109835
30,0,28,unbounded_fixture,97086
30,0,29,unbounded_fixture,99089
30,0,30,unbounded_fixture,92449
30,0,31,unbounded_fixture,92979
30,0,32,unbounded_fixture,91899
30,0,33,unbounded_fixture,93961
30,0,34,unbounded_fixture,96355
30,0,35,unbounded_fixture,92649
30,0,36,unbounded_fixture,92008
30,0,37,unbounded_fixture,106410
30,0,38,unbounded_fixture,96886
30,0,39,unbounded_fixture,94412
30,0,40,unbounded_fixture,92509
30,0,41,unbounded_fixture,90877
30,0,42,unbounded_fixture,91829
30,0,43,unbounded_fixture,91999
30,0,44,unbounded_fixture,93531
30,0,45,unbounded_fixture,117036
30,0,46,unbounded_fixture,93991
30,0,47,unbounded_fixture,90276
30,0,48,unbounded_fixture,97907
30,0,49,unbounded_fixture,95043
30,0,50,unbounded_fixture,93540
30,0,51,unbounded_fixture,93290
30,0,52,unbounded_fixture,93240
30,0,53,unbounded_fixture,94012
30,0,54,unbounded_fixture,91988
30,0,55,unbounded_fixture,93130
30,0,56,unbounded_fixture,93691
30,0,57,unbounded_fixture,95334
30,0,58,unbounded_fixture,111808
30,0,59,unbounded_fixture,95734
30,0,60,unbounded_fixture,108393
30,0,61,unbounded_fixture,99140
30,0,62,unbounded_fixture,93140
30,0,63,unbounded_fixture,94622
30,0,64,unbounded_fixture,94261
30,0,65,unbounded_fixture,92199
30,0,66,unbounded_fixture,93541
30,0,67,unbounded_fixture,110696
30,0,68,unbounded_fixture,99250
30,0,69,unbounded_fixture,113431
30,0,70,unbounded_fixture,92759
30,0,71,unbounded_fixture,93451
30,0,72,unbounded_fixture,92780
30,0,73,unbounded_fixture,96525
30,0,74,unbounded_fixture,93360
30,0,75,unbounded_fixture,92890
30,0,76,unbounded_fixture,99850
30,0,77,unbounded_fixture,114583
30,0,78,unbounded_fixture,166010
30,0,79,unbounded_fixture,101642
30,0,80,unbounded_fixture,92279
30,0,81,unbounded_fixture,92759
30,0,82,unbounded_fixture,92479
30,0,83,unbounded_fixture,121002
30,0,84,unbounded_fixture,94823
30,0,85,unbounded_fixture,94232
30,0,86,unbounded_fixture,133471
30,0,87,unbounded_fixture,96094
30,0,88,unbounded_fixture,94633
30,0,89,unbounded_fixture,92689
30,0,90,unbounded_fixture,92789
30,0,91,unbounded_fixture,92589
30,0,92,unbounded_fixture,188463
30,0,93,unbounded_fixture,102294
30,0,94,unbounded_fixture,91167
30,0,95,unbounded_fixture,139170
30,0,96,unbounded_fixture,93100
30,0,97,unbounded_fixture,92369
30,0,98,unbounded_fixture,93761
30,0,99,unbounded_fixture,90125
30,0,100,unbounded_fixture,90696
30,0,101,unbounded_fixture,92809
30,0,102,unbounded_fixture,98618
30,0,103,unbounded_fixture,92680
30,0,104,unbounded_fixture,94062
30,0,105,unbounded_fixture,113151
30,0,106,unbounded_fixture,93060
30,0,107,unbounded_fixture,91718
30,0,108,unbounded_fixture,102655
30,0,109,unbounded_fixture,94713
30,0,110,unbounded_fixture,91608
30,0,111,unbounded_fixture,91858
30,0,112,unbounded_fixture,101763
30,0,113,unbounded_fixture,93110
30,0,114,unbounded_fixture,91528
30,0,115,unbounded_fixture,164728
30,0,116,unbounded_fixture,96325
30,0,117,unbounded_fixture,98598
30,0,118,unbounded_fixture,92690
30,0,119,unbounded_fixture,102564
30,0,120,unbounded_fixture,93992
30,0,121,unbounded_fixture,120011
30,0,122,unbounded_fixture,101773
30,0,123,unbounded_fixture,92960
30,0,124,unbounded_fixture,142193
30,0,125,unbounded_fixture,94712
30,0,126,unbounded_fixture,92910
30,0,127,unbounded_fixture,93761
30,1,0,bounded,113551
30,1,1,bounded,94842
30,1,2,bounded,93611
30,1,3,bounded,126590
30,1,4,bounded,102494
30,1,5,bounded,124407
30,1,6,bounded,98768
30,1,7,bounded,98148
30,1,8,bounded,97998
30,1,9,bounded,98247
30,1,10,bounded,95704
30,1,11,bounded,95954
30,1,12,bounded,95263
30,1,13,bounded,94221
30,1,14,bounded,103025
30,1,15,bounded,123696
30,1,16,bounded,100532
30,1,17,bounded,95654
30,1,18,bounded,94682
30,1,19,bounded,94552
30,1,20,bounded,95765
30,1,21,bounded,93952
30,1,22,bounded,95003
30,1,23,bounded,96805
30,1,24,bounded,349376
30,1,25,bounded,151838
30,1,26,bounded,100652
30,1,27,bounded,412921
30,1,28,bounded,184337
30,1,29,bounded,102214
30,1,30,bounded,99650
30,1,31,bounded,98929
30,1,32,bounded,98989
30,1,33,bounded,164818
30,1,34,bounded,158188
30,1,35,bounded,98949
30,1,36,bounded,127251
30,1,37,bounded,98308
30,1,38,bounded,102585
30,1,39,bounded,94222
30,1,40,bounded,95684
30,1,41,bounded,94732
30,1,42,bounded,96014
30,1,43,bounded,94762
30,1,44,bounded,94362
30,1,45,bounded,93791
30,1,46,bounded,107151
30,1,47,bounded,97457
30,1,48,bounded,97467
30,1,49,bounded,94472
30,1,50,bounded,93701
30,1,51,bounded,93882
30,1,52,bounded,93351
30,1,53,bounded,93681
30,1,54,bounded,95875
30,1,55,bounded,94813
30,1,56,bounded,140321
30,1,57,bounded,98628
30,1,58,bounded,96035
30,1,59,bounded,96986
30,1,60,bounded,95613
30,1,61,bounded,95364
30,1,62,bounded,94042
30,1,63,bounded,226851
30,1,64,bounded,133571
30,1,65,bounded,100021
30,1,66,bounded,99249
30,1,67,bounded,94742
30,1,68,bounded,94883
30,1,69,bounded,94763
30,1,70,bounded,95214
30,1,71,bounded,95484
30,1,72,bounded,110977
30,1,73,bounded,97036
30,1,74,bounded,168814
30,1,75,bounded,100912
30,1,76,bounded,95553
30,1,77,bounded,100321
30,1,78,bounded,94453
30,1,79,bounded,104738
30,1,80,bounded,106420
30,1,81,bounded,97767
30,1,82,bounded,102034
30,1,83,bounded,154483
30,1,84,bounded,98398
30,1,85,bounded,92399
30,1,86,bounded,103856
30,1,87,bounded,95814
30,1,88,bounded,94963
30,1,89,bounded,94872
30,1,90,bounded,95454
30,1,91,bounded,94262
30,1,92,bounded,125379
30,1,93,bounded,100491
30,1,94,bounded,92288
30,1,95,bounded,94172
30,1,96,bounded,94532
30,1,97,bounded,95885
30,1,98,bounded,94652
30,1,99,bounded,187011
30,1,100,bounded,106210
30,1,101,bounded,144086
30,1,102,bounded,110236
30,1,103,bounded,202214
30,1,104,bounded,96055
30,1,105,bounded,94041
30,1,106,bounded,95033
30,1,107,bounded,96345
30,1,108,bounded,94182
30,1,109,bounded,93110
30,1,110,bounded,216706
30,1,111,bounded,103746
30,1,112,bounded,95774
30,1,113,bounded,92870
30,1,114,bounded,94492
30,1,115,bounded,94833
30,1,116,bounded,98298
30,1,117,bounded,96525
30,1,118,bounded,140351
30,1,119,bounded,104827
30,1,120,bounded,96325
30,1,121,bounded,99590
30,1,122,bounded,97547
30,1,123,bounded,93360
30,1,124,bounded,94331
30,1,125,bounded,95394
30,1,126,bounded,103065
30,1,127,bounded,93551
31,0,0,bounded,136456
31,0,1,bounded,98408
31,0,2,bounded,92880
31,0,3,bounded,95604
31,0,4,bounded,93490
31,0,5,bounded,95073
31,0,6,bounded,93791
31,0,7,bounded,120671
31,0,8,bounded,100061
31,0,9,bounded,119149
31,0,10,bounded,115584
31,0,11,bounded,95103
31,0,12,bounded,94332
31,0,13,bounded,95434
31,0,14,bounded,97326
31,0,15,bounded,97396
31,0,16,bounded,94883
31,0,17,bounded,96716
31,0,18,bounded,96285
31,0,19,bounded,138579
31,0,20,bounded,99821
31,0,21,bounded,98288
31,0,22,bounded,99369
31,0,23,bounded,97807
31,0,24,bounded,95824
31,0,25,bounded,157286
31,0,26,bounded,115684
31,0,27,bounded,96976
31,0,28,bounded,151358
31,0,29,bounded,98638
31,0,30,bounded,94352
31,0,31,bounded,94382
31,0,32,bounded,99881
31,0,33,bounded,93251
31,0,34,bounded,143365
31,0,35,bounded,171578
31,0,36,bounded,149826
31,0,37,bounded,107101
31,0,38,bounded,95303
31,0,39,bounded,93951
31,0,40,bounded,94532
31,0,41,bounded,93771
31,0,42,bounded,99239
31,0,43,bounded,125199
31,0,44,bounded,97136
31,0,45,bounded,117427
31,0,46,bounded,110546
31,0,47,bounded,95714
31,0,48,bounded,93931
31,0,49,bounded,94172
31,0,50,bounded,94041
31,0,51,bounded,93420
31,0,52,bounded,94161
31,0,53,bounded,92939
31,0,54,bounded,94091
31,0,55,bounded,110346
31,0,56,bounded,168964
31,0,57,bounded,105048
31,0,58,bounded,93821
31,0,59,bounded,91577
31,0,60,bounded,93571
31,0,61,bounded,92600
31,0,62,bounded,96446
31,0,63,bounded,94462
31,0,64,bounded,224077
31,0,65,bounded,102895
31,0,66,bounded,93901
31,0,67,bounded,94972
31,0,68,bounded,96516
31,0,69,bounded,92680
31,0,70,bounded,92649
31,0,71,bounded,93590
31,0,72,bounded,95133
31,0,73,bounded,152910
31,0,74,bounded,110907
31,0,75,bounded,94803
31,0,76,bounded,99479
31,0,77,bounded,93741
31,0,78,bounded,92990
31,0,79,bounded,93210
31,0,80,bounded,387312
31,0,81,bounded,125278
31,0,82,bounded,96125
31,0,83,bounded,93431
31,0,84,bounded,94963
31,0,85,bounded,94082
31,0,86,bounded,96695
31,0,87,bounded,94382
31,0,88,bounded,95173
31,0,89,bounded,95283
31,0,90,bounded,126931
31,0,91,bounded,164267
31,0,92,bounded,96234
31,0,93,bounded,93821
31,0,94,bounded,93450
31,0,95,bounded,92519
31,0,96,bounded,94852
31,0,97,bounded,94862
31,0,98,bounded,93881
31,0,99,bounded,184778
31,0,100,bounded,115324
31,0,101,bounded,97807
31,0,102,bounded,190096
31,0,103,bounded,100551
31,0,104,bounded,98167
31,0,105,bounded,100802
31,0,106,bounded,100941
31,0,107,bounded,157206
31,0,108,bounded,98898
31,0,109,bounded,94222
31,0,110,bounded,97837
31,0,111,bounded,94572
31,0,112,bounded,94172
31,0,113,bounded,93872
31,0,114,bounded,121413
31,0,115,bounded,96415
31,0,116,bounded,240082
31,0,117,bounded,111979
31,0,118,bounded,146671
31,0,119,bounded,98588
31,0,120,bounded,104016
31,0,121,bounded,97086
31,0,122,bounded,93942
31,0,123,bounded,94082
31,0,124,bounded,141734
31,0,125,bounded,105418
31,0,126,bounded,93751
31,0,127,bounded,92269
31,1,0,unbounded_fixture,103195
31,1,1,unbounded_fixture,91597
31,1,2,unbounded_fixture,94632
31,1,3,unbounded_fixture,92168
31,1,4,unbounded_fixture,90125
31,1,5,unbounded_fixture,90676
31,1,6,unbounded_fixture,131247
31,1,7,unbounded_fixture,94052
31,1,8,unbounded_fixture,90437
31,1,9,unbounded_fixture,91908
31,1,10,unbounded_fixture,91247
31,1,11,unbounded_fixture,90536
31,1,12,unbounded_fixture,92980
31,1,13,unbounded_fixture,90907
31,1,14,unbounded_fixture,90597
31,1,15,unbounded_fixture,92809
31,1,16,unbounded_fixture,142324
31,1,17,unbounded_fixture,95263
31,1,18,unbounded_fixture,91147
31,1,19,unbounded_fixture,91367
31,1,20,unbounded_fixture,92559
31,1,21,unbounded_fixture,91188
31,1,22,unbounded_fixture,90747
31,1,23,unbounded_fixture,128343
31,1,24,unbounded_fixture,100571
31,1,25,unbounded_fixture,91919
31,1,26,unbounded_fixture,128784
31,1,27,unbounded_fixture,93951
31,1,28,unbounded_fixture,91357
31,1,29,unbounded_fixture,92219
31,1,30,unbounded_fixture,93551
31,1,31,unbounded_fixture,94593
31,1,32,unbounded_fixture,92459
31,1,33,unbounded_fixture,91908
31,1,34,unbounded_fixture,92429
31,1,35,unbounded_fixture,92039
31,1,36,unbounded_fixture,127542
31,1,37,unbounded_fixture,98388
31,1,38,unbounded_fixture,91919
31,1,39,unbounded_fixture,91958
31,1,40,unbounded_fixture,94121
31,1,41,unbounded_fixture,95574
31,1,42,unbounded_fixture,92749
31,1,43,unbounded_fixture,91668
31,1,44,unbounded_fixture,93571
31,1,45,unbounded_fixture,98549
31,1,46,unbounded_fixture,146040
31,1,47,unbounded_fixture,97076
31,1,48,unbounded_fixture,93040
31,1,49,unbounded_fixture,94452
31,1,50,unbounded_fixture,92860
31,1,51,unbounded_fixture,91498
31,1,52,unbounded_fixture,93361
31,1,53,unbounded_fixture,91207
31,1,54,unbounded_fixture,91788
31,1,55,unbounded_fixture,90316
31,1,56,unbounded_fixture,132139
31,1,57,unbounded_fixture,93931
31,1,58,unbounded_fixture,94773
31,1,59,unbounded_fixture,90496
31,1,60,unbounded_fixture,91517
31,1,61,unbounded_fixture,92679
31,1,62,unbounded_fixture,90446
31,1,63,unbounded_fixture,144378
31,1,64,unbounded_fixture,96576
31,1,65,unbounded_fixture,141042
31,1,66,unbounded_fixture,99069
31,1,67,unbounded_fixture,91808
31,1,68,unbounded_fixture,96525
31,1,69,unbounded_fixture,99850
31,1,70,unbounded_fixture,92430
31,1,71,unbounded_fixture,92540
31,1,72,unbounded_fixture,93972
31,1,73,unbounded_fixture,255585
31,1,74,unbounded_fixture,106891
31,1,75,unbounded_fixture,94743
31,1,76,unbounded_fixture,93881
31,1,77,unbounded_fixture,92189
31,1,78,unbounded_fixture,91698
31,1,79,unbounded_fixture,96965
31,1,80,unbounded_fixture,94973
31,1,81,unbounded_fixture,104387
31,1,82,unbounded_fixture,215194
31,1,83,unbounded_fixture,118849
31,1,84,unbounded_fixture,189636
31,1,85,unbounded_fixture,102694
31,1,86,unbounded_fixture,90856
31,1,87,unbounded_fixture,91127
31,1,88,unbounded_fixture,93861
31,1,89,unbounded_fixture,91948
31,1,90,unbounded_fixture,97126
31,1,91,unbounded_fixture,160131
31,1,92,unbounded_fixture,92559
31,1,93,unbounded_fixture,89935
31,1,94,unbounded_fixture,89605
31,1,95,unbounded_fixture,92519
31,1,96,unbounded_fixture,92259
31,1,97,unbounded_fixture,92729
31,1,98,unbounded_fixture,127972
31,1,99,unbounded_fixture,93140
31,1,100,unbounded_fixture,135754
31,1,101,unbounded_fixture,94682
31,1,102,unbounded_fixture,92329
31,1,103,unbounded_fixture,91448
31,1,104,unbounded_fixture,91678
31,1,105,unbounded_fixture,94542
31,1,106,unbounded_fixture,91788
31,1,107,unbounded_fixture,91567
31,1,108,unbounded_fixture,92489
31,1,109,unbounded_fixture,91518
31,1,110,unbounded_fixture,143726
31,1,111,unbounded_fixture,95794
31,1,112,unbounded_fixture,92789
31,1,113,unbounded_fixture,94452
31,1,114,unbounded_fixture,92519
31,1,115,unbounded_fixture,93531
31,1,116,unbounded_fixture,93620
31,1,117,unbounded_fixture,93020
31,1,118,unbounded_fixture,324808
31,1,119,unbounded_fixture,100161
31,1,120,unbounded_fixture,103165
31,1,121,unbounded_fixture,91899
31,1,122,unbounded_fixture,287553
31,1,123,unbounded_fixture,247773
31,1,124,unbounded_fixture,162053
31,1,125,unbounded_fixture,96255
31,1,126,unbounded_fixture,89755
31,1,127,unbounded_fixture,92329
