batch,phase,index,backend,elapsed_ns
0,0,0,direct,173000
0,0,1,direct,88924
0,0,2,direct,100662
0,0,3,direct,82945
0,0,4,direct,82374
0,0,5,direct,83355
0,0,6,direct,84307
0,0,7,direct,106881
0,0,8,direct,95063
0,0,9,direct,240232
0,0,10,direct,86870
0,0,11,direct,84377
0,0,12,direct,83926
0,0,13,direct,84126
0,0,14,direct,87151
0,0,15,direct,82965
0,0,16,direct,85959
0,0,17,direct,85599
0,0,18,direct,198298
0,0,19,direct,245951
0,0,20,direct,89724
0,0,21,direct,84898
0,0,22,direct,84437
0,0,23,direct,84668
0,0,24,direct,92800
0,0,25,direct,87552
0,0,26,direct,84157
0,0,27,direct,108263
0,0,28,direct,166851
0,0,29,direct,142575
0,0,30,direct,150597
0,0,31,direct,92479
0,0,32,direct,85269
0,0,33,direct,97187
0,0,34,direct,92990
0,0,35,direct,86771
0,0,36,direct,124017
0,0,37,direct,87511
0,0,38,direct,84958
0,0,39,direct,84357
0,0,40,direct,84287
0,0,41,direct,84106
0,0,42,direct,82684
0,0,43,direct,84137
0,0,44,direct,122394
0,0,45,direct,87171
0,0,46,direct,98708
0,0,47,direct,90576
0,0,48,direct,83676
0,0,49,direct,81402
0,0,50,direct,83346
0,0,51,direct,84647
0,0,52,direct,83626
0,0,53,direct,82314
0,0,54,direct,95654
0,0,55,direct,85629
0,0,56,direct,86230
0,0,57,direct,86430
0,0,58,direct,95994
0,0,59,direct,84548
0,0,60,direct,84457
0,0,61,direct,83075
0,0,62,direct,83205
0,0,63,direct,83596
0,0,64,direct,83596
0,0,65,direct,84187
0,0,66,direct,81953
0,0,67,direct,81853
0,0,68,direct,84367
0,0,69,direct,103516
0,0,70,direct,120952
0,0,71,direct,89194
0,0,72,direct,85008
0,0,73,direct,84497
0,0,74,direct,83936
0,0,75,direct,84117
0,0,76,direct,84167
0,0,77,direct,84037
0,0,78,direct,83626
0,0,79,direct,162434
0,0,80,direct,101022
0,0,81,direct,87752
0,0,82,direct,89896
0,0,83,direct,162204
0,0,84,direct,90466
0,0,85,direct,88073
0,0,86,direct,108013
0,0,87,direct,88383
0,0,88,direct,86070
0,0,89,direct,131237
0,0,90,direct,85388
0,0,91,direct,84237
0,0,92,direct,86089
0,0,93,direct,85168
0,0,94,direct,82815
0,0,95,direct,86089
0,0,96,direct,83305
0,0,97,direct,80832
0,0,98,direct,86500
0,0,99,direct,86861
0,0,100,direct,102565
0,0,101,direct,87812
0,0,102,direct,85068
0,0,103,direct,121622
0,0,104,direct,88202
0,0,105,direct,84747
0,0,106,direct,85940
0,0,107,direct,84447
0,0,108,direct,85389
0,0,109,direct,85328
0,0,110,direct,104647
0,0,111,direct,99740
0,0,112,direct,87182
0,0,113,direct,85449
0,0,114,direct,88232
0,0,115,direct,87542
0,0,116,direct,87992
0,0,117,direct,86741
0,0,118,direct,88213
0,0,119,direct,87672
0,0,120,direct,87041
0,0,121,direct,229165
0,0,122,direct,96536
0,0,123,direct,86500
0,0,124,direct,88984
0,0,125,direct,86761
0,0,126,direct,123225
0,0,127,direct,128624
0,1,0,deadpool,102945
0,1,1,deadpool,58367
0,1,2,deadpool,106620
0,1,3,deadpool,39570
0,1,4,deadpool,40471
0,1,5,deadpool,51928
0,1,6,deadpool,52308
0,1,7,deadpool,51277
0,1,8,deadpool,54552
0,1,9,deadpool,50115
0,1,10,deadpool,52098
0,1,11,deadpool,51267
0,1,12,deadpool,49365
0,1,13,deadpool,54211
0,1,14,deadpool,51537
0,1,15,deadpool,50546
0,1,16,deadpool,48343
0,1,17,deadpool,51027
0,1,18,deadpool,54012
0,1,19,deadpool,83856
0,1,20,deadpool,65779
0,1,21,deadpool,55573
0,1,22,deadpool,51127
0,1,23,deadpool,55554
0,1,24,deadpool,51868
0,1,25,deadpool,51397
0,1,26,deadpool,51457
0,1,27,deadpool,54452
0,1,28,deadpool,52058
0,1,29,deadpool,49425
0,1,30,deadpool,49535
0,1,31,deadpool,51357
0,1,32,deadpool,54362
0,1,33,deadpool,49925
0,1,34,deadpool,50716
0,1,35,deadpool,48784
0,1,36,deadpool,51347
0,1,37,deadpool,86230
0,1,38,deadpool,35033
0,1,39,deadpool,32288
0,1,40,deadpool,40201
0,1,41,deadpool,56716
0,1,42,deadpool,53911
0,1,43,deadpool,51788
0,1,44,deadpool,48764
0,1,45,deadpool,51788
0,1,46,deadpool,53771
0,1,47,deadpool,51328
0,1,48,deadpool,48733
0,1,49,deadpool,50976
0,1,50,deadpool,51057
0,1,51,deadpool,53861
0,1,52,deadpool,49705
0,1,53,deadpool,50386
0,1,54,deadpool,99710
0,1,55,deadpool,42194
0,1,56,deadpool,58197
0,1,57,deadpool,148223
0,1,58,deadpool,39870
0,1,59,deadpool,41092
0,1,60,deadpool,53821
0,1,61,deadpool,56054
0,1,62,deadpool,132900
0,1,63,deadpool,95183
0,1,64,deadpool,35023
0,1,65,deadpool,42013
0,1,66,deadpool,140482
0,1,67,deadpool,55343
0,1,68,deadpool,49916
0,1,69,deadpool,51507
0,1,70,deadpool,49815
0,1,71,deadpool,173311
0,1,72,deadpool,60672
0,1,73,deadpool,52780
0,1,74,deadpool,48172
0,1,75,deadpool,46700
0,1,76,deadpool,56986
0,1,77,deadpool,50335
0,1,78,deadpool,51287
0,1,79,deadpool,51338
0,1,80,deadpool,291589
0,1,81,deadpool,39730
0,1,82,deadpool,32229
0,1,83,deadpool,31196
0,1,84,deadpool,31277
0,1,85,deadpool,39460
0,1,86,deadpool,32929
0,1,87,deadpool,31948
0,1,88,deadpool,41482
0,1,89,deadpool,53620
0,1,90,deadpool,57697
0,1,91,deadpool,54232
0,1,92,deadpool,49645
0,1,93,deadpool,52329
0,1,94,deadpool,49585
0,1,95,deadpool,54793
0,1,96,deadpool,326261
0,1,97,deadpool,62815
0,1,98,deadpool,60951
0,1,99,deadpool,33460
0,1,100,deadpool,44237
0,1,101,deadpool,65108
0,1,102,deadpool,138578
0,1,103,deadpool,34983
0,1,104,deadpool,37026
0,1,105,deadpool,55774
0,1,106,deadpool,49825
0,1,107,deadpool,100952
0,1,108,deadpool,60481
0,1,109,deadpool,50345
0,1,110,deadpool,275164
0,1,111,deadpool,56285
0,1,112,deadpool,34161
0,1,113,deadpool,32008
0,1,114,deadpool,31668
0,1,115,deadpool,35824
0,1,116,deadpool,32238
0,1,117,deadpool,153541
0,1,118,deadpool,49805
0,1,119,deadpool,52709
0,1,120,deadpool,199951
0,1,121,deadpool,57637
0,1,122,deadpool,48744
0,1,123,deadpool,51718
0,1,124,deadpool,51298
0,1,125,deadpool,54793
0,1,126,deadpool,52759
0,1,127,deadpool,48803
1,0,0,deadpool,85329
1,0,1,deadpool,34773
1,0,2,deadpool,35463
1,0,3,deadpool,39289
1,0,4,deadpool,50406
1,0,5,deadpool,50827
1,0,6,deadpool,117446
1,0,7,deadpool,55844
1,0,8,deadpool,51828
1,0,9,deadpool,50376
1,0,10,deadpool,50857
1,0,11,deadpool,54632
1,0,12,deadpool,49474
1,0,13,deadpool,51547
1,0,14,deadpool,49224
1,0,15,deadpool,50586
1,0,16,deadpool,54251
1,0,17,deadpool,55924
1,0,18,deadpool,49735
1,0,19,deadpool,51177
1,0,20,deadpool,48814
1,0,21,deadpool,53660
1,0,22,deadpool,50796
1,0,23,deadpool,91137
1,0,24,deadpool,53250
1,0,25,deadpool,118799
1,0,26,deadpool,65258
1,0,27,deadpool,34712
1,0,28,deadpool,40401
1,0,29,deadpool,50516
1,0,30,deadpool,51637
1,0,31,deadpool,54082
1,0,32,deadpool,51908
1,0,33,deadpool,51167
1,0,34,deadpool,48904
1,0,35,deadpool,50587
1,0,36,deadpool,54132
1,0,37,deadpool,49495
1,0,38,deadpool,51257
1,0,39,deadpool,94872
1,0,40,deadpool,71157
1,0,41,deadpool,54993
1,0,42,deadpool,51107
1,0,43,deadpool,48593
1,0,44,deadpool,50356
1,0,45,deadpool,48624
1,0,46,deadpool,53801
1,0,47,deadpool,50957
1,0,48,deadpool,51147
1,0,49,deadpool,268123
1,0,50,deadpool,74632
1,0,51,deadpool,58158
1,0,52,deadpool,119911
1,0,53,deadpool,54983
1,0,54,deadpool,50486
1,0,55,deadpool,143837
1,0,56,deadpool,41262
1,0,57,deadpool,40821
1,0,58,deadpool,53901
1,0,59,deadpool,51878
1,0,60,deadpool,54973
1,0,61,deadpool,49825
1,0,62,deadpool,51377
1,0,63,deadpool,49294
1,0,64,deadpool,52008
1,0,65,deadpool,53941
1,0,66,deadpool,49956
1,0,67,deadpool,114031
1,0,68,deadpool,46941
1,0,69,deadpool,40711
1,0,70,deadpool,56785
1,0,71,deadpool,51838
1,0,72,deadpool,48784
1,0,73,deadpool,51237
1,0,74,deadpool,51568
1,0,75,deadpool,53671
1,0,76,deadpool,49365
1,0,77,deadpool,51077
1,0,78,deadpool,51146
1,0,79,deadpool,48773
1,0,80,deadpool,53270
1,0,81,deadpool,51387
1,0,82,deadpool,49274
1,0,83,deadpool,51218
1,0,84,deadpool,50756
1,0,85,deadpool,91978
1,0,86,deadpool,37777
1,0,87,deadpool,114633
1,0,88,deadpool,169284
1,0,89,deadpool,35463
1,0,90,deadpool,35754
1,0,91,deadpool,32288
1,0,92,deadpool,31618
1,0,93,deadpool,37988
1,0,94,deadpool,50305
1,0,95,deadpool,53451
1,0,96,deadpool,81553
1,0,97,deadpool,58047
1,0,98,deadpool,49856
1,0,99,deadpool,52139
1,0,100,deadpool,117847
1,0,101,deadpool,51527
1,0,102,deadpool,49614
1,0,103,deadpool,51207
1,0,104,deadpool,55113
1,0,105,deadpool,51237
1,0,106,deadpool,48382
1,0,107,deadpool,51157
1,0,108,deadpool,52128
1,0,109,deadpool,299160
1,0,110,deadpool,56786
1,0,111,deadpool,34151
1,0,112,deadpool,32960
1,0,113,deadpool,89645
1,0,114,deadpool,46891
1,0,115,deadpool,33000
1,0,116,deadpool,45107
1,0,117,deadpool,51437
1,0,118,deadpool,51197
1,0,119,deadpool,53841
1,0,120,deadpool,52208
1,0,121,deadpool,143726
1,0,122,deadpool,78778
1,0,123,deadpool,50095
1,0,124,deadpool,57427
1,0,125,deadpool,52298
1,0,126,deadpool,49394
1,0,127,deadpool,51958
1,1,0,direct,279084
1,1,1,direct,115524
1,1,2,direct,87632
1,1,3,direct,86410
1,1,4,direct,86080
1,1,5,direct,94082
1,1,6,direct,218358
1,1,7,direct,168894
1,1,8,direct,200572
1,1,9,direct,93430
1,1,10,direct,87011
1,1,11,direct,87612
1,1,12,direct,88593
1,1,13,direct,91067
1,1,14,direct,86129
1,1,15,direct,88534
1,1,16,direct,131438
1,1,17,direct,90506
1,1,18,direct,99590
1,1,19,direct,93030
1,1,20,direct,163065
1,1,21,direct,197126
1,1,22,direct,96094
1,1,23,direct,92178
1,1,24,direct,165299
1,1,25,direct,170236
1,1,26,direct,118008
1,1,27,direct,85789
1,1,28,direct,87672
1,1,29,direct,173711
1,1,30,direct,87201
1,1,31,direct,83175
1,1,32,direct,134853
1,1,33,direct,89515
1,1,34,direct,87622
1,1,35,direct,85489
1,1,36,direct,84057
1,1,37,direct,84027
1,1,38,direct,166090
1,1,39,direct,89324
1,1,40,direct,85588
1,1,41,direct,85188
1,1,42,direct,120411
1,1,43,direct,88163
1,1,44,direct,144007
1,1,45,direct,97206
1,1,46,direct,83786
1,1,47,direct,83655
1,1,48,direct,84778
1,1,49,direct,134292
1,1,50,direct,86390
1,1,51,direct,124367
1,1,52,direct,92169
1,1,53,direct,83205
1,1,54,direct,86661
1,1,55,direct,84737
1,1,56,direct,85739
1,1,57,direct,87362
1,1,58,direct,88182
1,1,59,direct,124898
1,1,60,direct,90045
1,1,61,direct,109395
1,1,62,direct,87651
1,1,63,direct,83516
1,1,64,direct,83326
1,1,65,direct,85639
1,1,66,direct,84126
1,1,67,direct,81993
1,1,68,direct,84638
1,1,69,direct,184207
1,1,70,direct,90436
1,1,71,direct,116145
1,1,72,direct,144667
1,1,73,direct,97847
1,1,74,direct,89705
1,1,75,direct,85759
1,1,76,direct,85389
1,1,77,direct,166370
1,1,78,direct,88673
1,1,79,direct,85699
1,1,80,direct,83515
1,1,81,direct,129866
1,1,82,direct,83486
1,1,83,direct,83286
1,1,84,direct,83816
1,1,85,direct,85799
1,1,86,direct,84066
1,1,87,direct,86400
1,1,88,direct,85339
1,1,89,direct,84917
1,1,90,direct,83586
1,1,91,direct,105880
1,1,92,direct,124848
1,1,93,direct,87772
1,1,94,direct,83877
1,1,95,direct,84316
1,1,96,direct,82564
1,1,97,direct,81553
1,1,98,direct,81512
1,1,99,direct,110366
1,1,100,direct,86010
1,1,101,direct,82424
1,1,102,direct,94341
1,1,103,direct,86620
1,1,104,direct,82835
1,1,105,direct,82604
1,1,106,direct,83286
1,1,107,direct,83366
1,1,108,direct,82865
1,1,109,direct,84107
1,1,110,direct,81493
1,1,111,direct,83576
1,1,112,direct,83215
1,1,113,direct,87822
1,1,114,direct,104307
1,1,115,direct,83836
1,1,116,direct,83906
1,1,117,direct,86820
1,1,118,direct,93050
1,1,119,direct,83987
1,1,120,direct,86450
1,1,121,direct,84277
1,1,122,direct,85629
1,1,123,direct,83286
1,1,124,direct,83525
1,1,125,direct,104698
1,1,126,direct,85639
1,1,127,direct,84077
2,0,0,direct,84197
2,0,1,direct,85218
2,0,2,direct,85819
2,0,3,direct,107782
2,0,4,direct,85539
2,0,5,direct,131128
2,0,6,direct,166871
2,0,7,direct,89695
2,0,8,direct,86750
2,0,9,direct,85018
2,0,10,direct,87712
2,0,11,direct,83846
2,0,12,direct,85078
2,0,13,direct,114462
2,0,14,direct,90226
2,0,15,direct,86951
2,0,16,direct,127392
2,0,17,direct,87512
2,0,18,direct,84687
2,0,19,direct,83065
2,0,20,direct,85118
2,0,21,direct,82935
2,0,22,direct,84136
2,0,23,direct,84938
2,0,24,direct,84847
2,0,25,direct,84327
2,0,26,direct,83255
2,0,27,direct,286240
2,0,28,direct,143946
2,0,29,direct,87442
2,0,30,direct,81683
2,0,31,direct,92769
2,0,32,direct,84968
2,0,33,direct,84407
2,0,34,direct,83796
2,0,35,direct,115944
2,0,36,direct,85378
2,0,37,direct,83445
2,0,38,direct,84688
2,0,39,direct,91758
2,0,40,direct,83376
2,0,41,direct,83216
2,0,42,direct,241403
2,0,43,direct,86750
2,0,44,direct,163816
2,0,45,direct,2041732
2,0,46,direct,90857
2,0,47,direct,85428
2,0,48,direct,85589
2,0,49,direct,97246
2,0,50,direct,85298
2,0,51,direct,82574
2,0,52,direct,85639
2,0,53,direct,85889
2,0,54,direct,121643
2,0,55,direct,89895
2,0,56,direct,83566
2,0,57,direct,84457
2,0,58,direct,82243
2,0,59,direct,85028
2,0,60,direct,83326
2,0,61,direct,84337
2,0,62,direct,82574
2,0,63,direct,83375
2,0,64,direct,83075
2,0,65,direct,85128
2,0,66,direct,133071
2,0,67,direct,89074
2,0,68,direct,86290
2,0,69,direct,85369
2,0,70,direct,110987
2,0,71,direct,85088
2,0,72,direct,83095
2,0,73,direct,112720
2,0,74,direct,87141
2,0,75,direct,145389
2,0,76,direct,87822
2,0,77,direct,93641
2,0,78,direct,83856
2,0,79,direct,86320
2,0,80,direct,82914
2,0,81,direct,83025
2,0,82,direct,85589
2,0,83,direct,134693
2,0,84,direct,86901
2,0,85,direct,85319
2,0,86,direct,83857
2,0,87,direct,86400
2,0,88,direct,93441
2,0,89,direct,149916
2,0,90,direct,85358
2,0,91,direct,82755
2,0,92,direct,83716
2,0,93,direct,116325
2,0,94,direct,85278
2,0,95,direct,84256
2,0,96,direct,82164
2,0,97,direct,83706
2,0,98,direct,84998
2,0,99,direct,84677
2,0,100,direct,82474
2,0,101,direct,83676
2,0,102,direct,84767
2,0,103,direct,84758
2,0,104,direct,99559
2,0,105,direct,85950
2,0,106,direct,85769
2,0,107,direct,84487
2,0,108,direct,85018
2,0,109,direct,82234
2,0,110,direct,84067
2,0,111,direct,84117
2,0,112,direct,117827
2,0,113,direct,89605
2,0,114,direct,84828
2,0,115,direct,114823
2,0,116,direct,86129
2,0,117,direct,84647
2,0,118,direct,83586
2,0,119,direct,82314
2,0,120,direct,84046
2,0,121,direct,134823
2,0,122,direct,91077
2,0,123,direct,85219
2,0,124,direct,84587
2,0,125,direct,92138
2,0,126,direct,90086
2,0,127,direct,83976
2,1,0,deadpool,147763
2,1,1,deadpool,60351
2,1,2,deadpool,208704
2,1,3,deadpool,65949
2,1,4,deadpool,61522
2,1,5,deadpool,51227
2,1,6,deadpool,51577
2,1,7,deadpool,51377
2,1,8,deadpool,51617
2,1,9,deadpool,73791
2,1,10,deadpool,39489
2,1,11,deadpool,52078
2,1,12,deadpool,48764
2,1,13,deadpool,51468
2,1,14,deadpool,54331
2,1,15,deadpool,51418
2,1,16,deadpool,51147
2,1,17,deadpool,49094
2,1,18,deadpool,50396
2,1,19,deadpool,54532
2,1,20,deadpool,49675
2,1,21,deadpool,50877
2,1,22,deadpool,49094
2,1,23,deadpool,52348
2,1,24,deadpool,55313
2,1,25,deadpool,50747
2,1,26,deadpool,82564
2,1,27,deadpool,46911
2,1,28,deadpool,51828
2,1,29,deadpool,54442
2,1,30,deadpool,51928
2,1,31,deadpool,48553
2,1,32,deadpool,50827
2,1,33,deadpool,52229
2,1,34,deadpool,52740
2,1,35,deadpool,51037
2,1,36,deadpool,50937
2,1,37,deadpool,50056
2,1,38,deadpool,48212
2,1,39,deadpool,94883
2,1,40,deadpool,53330
2,1,41,deadpool,51086
2,1,42,deadpool,50035
2,1,43,deadpool,87481
2,1,44,deadpool,60050
2,1,45,deadpool,49886
2,1,46,deadpool,50997
2,1,47,deadpool,51067
2,1,48,deadpool,49284
2,1,49,deadpool,54222
2,1,50,deadpool,49234
2,1,51,deadpool,145879
2,1,52,deadpool,65178
2,1,53,deadpool,59610
2,1,54,deadpool,53241
2,1,55,deadpool,51688
2,1,56,deadpool,53060
2,1,57,deadpool,52398
2,1,58,deadpool,101052
2,1,59,deadpool,60371
2,1,60,deadpool,52168
2,1,61,deadpool,49484
2,1,62,deadpool,51227
2,1,63,deadpool,54022
2,1,64,deadpool,51528
2,1,65,deadpool,51718
2,1,66,deadpool,48984
2,1,67,deadpool,129455
2,1,68,deadpool,81783
2,1,69,deadpool,34902
2,1,70,deadpool,31517
2,1,71,deadpool,38077
2,1,72,deadpool,49855
2,1,73,deadpool,54162
2,1,74,deadpool,91047
2,1,75,deadpool,43035
2,1,76,deadpool,44086
2,1,77,deadpool,49505
2,1,78,deadpool,118839
2,1,79,deadpool,73851
2,1,80,deadpool,51928
2,1,81,deadpool,50956
2,1,82,deadpool,51407
2,1,83,deadpool,55583
2,1,84,deadpool,51407
2,1,85,deadpool,60781
2,1,86,deadpool,81873
2,1,87,deadpool,42254
2,1,88,deadpool,39499
2,1,89,deadpool,108463
2,1,90,deadpool,37376
2,1,91,deadpool,44156
2,1,92,deadpool,50095
2,1,93,deadpool,53971
2,1,94,deadpool,50987
2,1,95,deadpool,48733
2,1,96,deadpool,50466
2,1,97,deadpool,53981
2,1,98,deadpool,49214
2,1,99,deadpool,50767
2,1,100,deadpool,50686
2,1,101,deadpool,48262
2,1,102,deadpool,125018
2,1,103,deadpool,50766
2,1,104,deadpool,49405
2,1,105,deadpool,82504
2,1,106,deadpool,75204
2,1,107,deadpool,53280
2,1,108,deadpool,50376
2,1,109,deadpool,134402
2,1,110,deadpool,39259
2,1,111,deadpool,40942
2,1,112,deadpool,56805
2,1,113,deadpool,51597
2,1,114,deadpool,51748
2,1,115,deadpool,49785
2,1,116,deadpool,50756
2,1,117,deadpool,53070
2,1,118,deadpool,49294
2,1,119,deadpool,50526
2,1,120,deadpool,49855
2,1,121,deadpool,97407
2,1,122,deadpool,71948
2,1,123,deadpool,33551
2,1,124,deadpool,36865
2,1,125,deadpool,51348
2,1,126,deadpool,57366
2,1,127,deadpool,52309
3,0,0,deadpool,52229
3,0,1,deadpool,53069
3,0,2,deadpool,48723
3,0,3,deadpool,157126
3,0,4,deadpool,41192
3,0,5,deadpool,45839
3,0,6,deadpool,58238
3,0,7,deadpool,49174
3,0,8,deadpool,54212
3,0,9,deadpool,97466
3,0,10,deadpool,60111
3,0,11,deadpool,52329
3,0,12,deadpool,51608
3,0,13,deadpool,53741
3,0,14,deadpool,51006
3,0,15,deadpool,48393
3,0,16,deadpool,50546
3,0,17,deadpool,48744
3,0,18,deadpool,53340
3,0,19,deadpool,50706
3,0,20,deadpool,50436
3,0,21,deadpool,48473
3,0,22,deadpool,162515
3,0,23,deadpool,60942
3,0,24,deadpool,82444
3,0,25,deadpool,48974
3,0,26,deadpool,53170
3,0,27,deadpool,49765
3,0,28,deadpool,54962
3,0,29,deadpool,48874
3,0,30,deadpool,51067
3,0,31,deadpool,54813
3,0,32,deadpool,51588
3,0,33,deadpool,53400
3,0,34,deadpool,51788
3,0,35,deadpool,49585
3,0,36,deadpool,51297
3,0,37,deadpool,89044
3,0,38,deadpool,62824
3,0,39,deadpool,49645
3,0,40,deadpool,51317
3,0,41,deadpool,85769
3,0,42,deadpool,59530
3,0,43,deadpool,56144
3,0,44,deadpool,50606
3,0,45,deadpool,49194
3,0,46,deadpool,50586
3,0,47,deadpool,57086
3,0,48,deadpool,50185
3,0,49,deadpool,51027
3,0,50,deadpool,48062
3,0,51,deadpool,50365
3,0,52,deadpool,53230
3,0,53,deadpool,49414
3,0,54,deadpool,50946
3,0,55,deadpool,51658
3,0,56,deadpool,50015
3,0,57,deadpool,54562
3,0,58,deadpool,81603
3,0,59,deadpool,61963
3,0,60,deadpool,51167
3,0,61,deadpool,51087
3,0,62,deadpool,53711
3,0,63,deadpool,50907
3,0,64,deadpool,49454
3,0,65,deadpool,50245
3,0,66,deadpool,48443
3,0,67,deadpool,53791
3,0,68,deadpool,50456
3,0,69,deadpool,50526
3,0,70,deadpool,48784
3,0,71,deadpool,50276
3,0,72,deadpool,140371
3,0,73,deadpool,56105
3,0,74,deadpool,105379
3,0,75,deadpool,58368
3,0,76,deadpool,49094
3,0,77,deadpool,56074
3,0,78,deadpool,49444
3,0,79,deadpool,51046
3,0,80,deadpool,49634
3,0,81,deadpool,50896
3,0,82,deadpool,53861
3,0,83,deadpool,49595
3,0,84,deadpool,138499
3,0,85,deadpool,39890
3,0,86,deadpool,40631
3,0,87,deadpool,56135
3,0,88,deadpool,53341
3,0,89,deadpool,52499
3,0,90,deadpool,106570
3,0,91,deadpool,64156
3,0,92,deadpool,51688
3,0,93,deadpool,50926
3,0,94,deadpool,48994
3,0,95,deadpool,50496
3,0,96,deadpool,90416
3,0,97,deadpool,52869
3,0,98,deadpool,52278
3,0,99,deadpool,51147
3,0,100,deadpool,51568
3,0,101,deadpool,101502
3,0,102,deadpool,61322
3,0,103,deadpool,50096
3,0,104,deadpool,49475
3,0,105,deadpool,83886
3,0,106,deadpool,59479
3,0,107,deadpool,50836
3,0,108,deadpool,50997
3,0,109,deadpool,133971
3,0,110,deadpool,59028
3,0,111,deadpool,57837
3,0,112,deadpool,244548
3,0,113,deadpool,57947
3,0,114,deadpool,51838
3,0,115,deadpool,49054
3,0,116,deadpool,55023
3,0,117,deadpool,115454
3,0,118,deadpool,59289
3,0,119,deadpool,48814
3,0,120,deadpool,50556
3,0,121,deadpool,56465
3,0,122,deadpool,49254
3,0,123,deadpool,51017
3,0,124,deadpool,49334
3,0,125,deadpool,48924
3,0,126,deadpool,159951
3,0,127,deadpool,62614
3,1,0,direct,287092
3,1,1,direct,114392
3,1,2,direct,85839
3,1,3,direct,88553
3,1,4,direct,84467
3,1,5,direct,84708
3,1,6,direct,83867
3,1,7,direct,81873
3,1,8,direct,85388
3,1,9,direct,82825
3,1,10,direct,83916
3,1,11,direct,110376
3,1,12,direct,85919
3,1,13,direct,261033
3,1,14,direct,89865
3,1,15,direct,83656
3,1,16,direct,86039
3,1,17,direct,110867
3,1,18,direct,273572
3,1,19,direct,124027
3,1,20,direct,138158
3,1,21,direct,101012
3,1,22,direct,88263
3,1,23,direct,88543
3,1,24,direct,89034
3,1,25,direct,169204
3,1,26,direct,411249
3,1,27,direct,94582
3,1,28,direct,120582
3,1,29,direct,173260
3,1,30,direct,86340
3,1,31,direct,82494
3,1,32,direct,85298
3,1,33,direct,135113
3,1,34,direct,294674
3,1,35,direct,108273
3,1,36,direct,85198
3,1,37,direct,84487
3,1,38,direct,84317
3,1,39,direct,84827
3,1,40,direct,83225
3,1,41,direct,128553
3,1,42,direct,86500
3,1,43,direct,84457
3,1,44,direct,84316
3,1,45,direct,82865
3,1,46,direct,82434
3,1,47,direct,84427
3,1,48,direct,84367
3,1,49,direct,106100
3,1,50,direct,84006
3,1,51,direct,82204
3,1,52,direct,103506
3,1,53,direct,83736
3,1,54,direct,140371
3,1,55,direct,90186
3,1,56,direct,83806
3,1,57,direct,83886
3,1,58,direct,83255
3,1,59,direct,82234
3,1,60,direct,83836
3,1,61,direct,93080
3,1,62,direct,121503
3,1,63,direct,84327
3,1,64,direct,83656
3,1,65,direct,83807
3,1,66,direct,83185
3,1,67,direct,84677
3,1,68,direct,137177
3,1,69,direct,269555
3,1,70,direct,109705
3,1,71,direct,89194
3,1,72,direct,87051
3,1,73,direct,155484
3,1,74,direct,102744
3,1,75,direct,136756
3,1,76,direct,97948
3,1,77,direct,84598
3,1,78,direct,118438
3,1,79,direct,133140
3,1,80,direct,90707
3,1,81,direct,89395
3,1,82,direct,83976
3,1,83,direct,83245
3,1,84,direct,84046
3,1,85,direct,86049
3,1,86,direct,84207
3,1,87,direct,110847
3,1,88,direct,87351
3,1,89,direct,84297
3,1,90,direct,103445
3,1,91,direct,86320
3,1,92,direct,84227
3,1,93,direct,89975
3,1,94,direct,180031
3,1,95,direct,87091
3,1,96,direct,85309
3,1,97,direct,85007
3,1,98,direct,85088
3,1,99,direct,84648
3,1,100,direct,121714
3,1,101,direct,88162
3,1,102,direct,85589
3,1,103,direct,83876
3,1,104,direct,84898
3,1,105,direct,94312
3,1,106,direct,135685
3,1,107,direct,155444
3,1,108,direct,113271
3,1,109,direct,123345
3,1,110,direct,87432
3,1,111,direct,139810
3,1,112,direct,91738
3,1,113,direct,93370
3,1,114,direct,86159
3,1,115,direct,85158
3,1,116,direct,85980
3,1,117,direct,82565
3,1,118,direct,86150
3,1,119,direct,124358
3,1,120,direct,85739
3,1,121,direct,82745
3,1,122,direct,83936
3,1,123,direct,84277
3,1,124,direct,83636
3,1,125,direct,146601
3,1,126,direct,122835
3,1,127,direct,86820
4,0,0,direct,139570
4,0,1,direct,92440
4,0,2,direct,91608
4,0,3,direct,85248
4,0,4,direct,120291
4,0,5,direct,87812
4,0,6,direct,83526
4,0,7,direct,86700
4,0,8,direct,85148
4,0,9,direct,82053
4,0,10,direct,83575
4,0,11,direct,297257
4,0,12,direct,90777
4,0,13,direct,83786
4,0,14,direct,84227
4,0,15,direct,132429
4,0,16,direct,96455
4,0,17,direct,85949
4,0,18,direct,179440
4,0,19,direct,99720
4,0,20,direct,84046
4,0,21,direct,82754
4,0,22,direct,85769
4,0,23,direct,87231
4,0,24,direct,86320
4,0,25,direct,84648
4,0,26,direct,85689
4,0,27,direct,83175
4,0,28,direct,86440
4,0,29,direct,119219
4,0,30,direct,87862
4,0,31,direct,85298
4,0,32,direct,85739
4,0,33,direct,83235
4,0,34,direct,83065
4,0,35,direct,84898
4,0,36,direct,84817
4,0,37,direct,113441
4,0,38,direct,87942
4,0,39,direct,85118
4,0,40,direct,112159
4,0,41,direct,86219
4,0,42,direct,85739
4,0,43,direct,84287
4,0,44,direct,82684
4,0,45,direct,83676
4,0,46,direct,85408
4,0,47,direct,84947
4,0,48,direct,82304
4,0,49,direct,80782
4,0,50,direct,82324
4,0,51,direct,106560
4,0,52,direct,84788
4,0,53,direct,85899
4,0,54,direct,83055
4,0,55,direct,84126
4,0,56,direct,85108
4,0,57,direct,84157
4,0,58,direct,84507
4,0,59,direct,82685
4,0,60,direct,82674
4,0,61,direct,83746
4,0,62,direct,104897
4,0,63,direct,88583
4,0,64,direct,82904
4,0,65,direct,84427
4,0,66,direct,84848
4,0,67,direct,82344
4,0,68,direct,84807
4,0,69,direct,82444
4,0,70,direct,86200
4,0,71,direct,85689
4,0,72,direct,84497
4,0,73,direct,101002
4,0,74,direct,91657
4,0,75,direct,84327
4,0,76,direct,84928
4,0,77,direct,83445
4,0,78,direct,83205
4,0,79,direct,83716
4,0,80,direct,83085
4,0,81,direct,84046
4,0,82,direct,126010
4,0,83,direct,133661
4,0,84,direct,131948
4,0,85,direct,85148
4,0,86,direct,82634
4,0,87,direct,82294
4,0,88,direct,249025
4,0,89,direct,90787
4,0,90,direct,82725
4,0,91,direct,85679
4,0,92,direct,82064
4,0,93,direct,126981
4,0,94,direct,149174
4,0,95,direct,143716
4,0,96,direct,88232
4,0,97,direct,83126
4,0,98,direct,83366
4,0,99,direct,238119
4,0,100,direct,142614
4,0,101,direct,93140
4,0,102,direct,200812
4,0,103,direct,221894
4,0,104,direct,179980
4,0,105,direct,96145
4,0,106,direct,102614
4,0,107,direct,118989
4,0,108,direct,86921
4,0,109,direct,85489
4,0,110,direct,86681
4,0,111,direct,83816
4,0,112,direct,86079
4,0,113,direct,84317
4,0,114,direct,84668
4,0,115,direct,119049
4,0,116,direct,84287
4,0,117,direct,83967
4,0,118,direct,114022
4,0,119,direct,85309
4,0,120,direct,85789
4,0,121,direct,88854
4,0,122,direct,83335
4,0,123,direct,85999
4,0,124,direct,85208
4,0,125,direct,85118
4,0,126,direct,85699
4,0,127,direct,75895
4,1,0,deadpool,165188
4,1,1,deadpool,62935
4,1,2,deadpool,59109
4,1,3,deadpool,52399
4,1,4,deadpool,50236
4,1,5,deadpool,50767
4,1,6,deadpool,51528
4,1,7,deadpool,55203
4,1,8,deadpool,55865
4,1,9,deadpool,49384
4,1,10,deadpool,52328
4,1,11,deadpool,49525
4,1,12,deadpool,55203
4,1,13,deadpool,52249
4,1,14,deadpool,51237
4,1,15,deadpool,195664
4,1,16,deadpool,68042
4,1,17,deadpool,51658
4,1,18,deadpool,51528
4,1,19,deadpool,49415
4,1,20,deadpool,51668
4,1,21,deadpool,55113
4,1,22,deadpool,51888
4,1,23,deadpool,49995
4,1,24,deadpool,51017
4,1,25,deadpool,54632
4,1,26,deadpool,54291
4,1,27,deadpool,49835
4,1,28,deadpool,51708
4,1,29,deadpool,51818
4,1,30,deadpool,51838
4,1,31,deadpool,54823
4,1,32,deadpool,89675
4,1,33,deadpool,43215
4,1,34,deadpool,52980
4,1,35,deadpool,49595
4,1,36,deadpool,55243
4,1,37,deadpool,51918
4,1,38,deadpool,50887
4,1,39,deadpool,48734
4,1,40,deadpool,51598
4,1,41,deadpool,54191
4,1,42,deadpool,51237
4,1,43,deadpool,50847
4,1,44,deadpool,49465
4,1,45,deadpool,94122
4,1,46,deadpool,57787
4,1,47,deadpool,52680
4,1,48,deadpool,49725
4,1,49,deadpool,95183
4,1,50,deadpool,55934
4,1,51,deadpool,54422
4,1,52,deadpool,51878
4,1,53,deadpool,50776
4,1,54,deadpool,51177
4,1,55,deadpool,50516
4,1,56,deadpool,54743
4,1,57,deadpool,57176
4,1,58,deadpool,51397
4,1,59,deadpool,119920
4,1,60,deadpool,88232
4,1,61,deadpool,73361
4,1,62,deadpool,50727
4,1,63,deadpool,51027
4,1,64,deadpool,101723
4,1,65,deadpool,61502
4,1,66,deadpool,51237
4,1,67,deadpool,49694
4,1,68,deadpool,51187
4,1,69,deadpool,50576
4,1,70,deadpool,56465
4,1,71,deadpool,50566
4,1,72,deadpool,51858
4,1,73,deadpool,52358
4,1,74,deadpool,48713
4,1,75,deadpool,59209
4,1,76,deadpool,51267
4,1,77,deadpool,51698
4,1,78,deadpool,51277
4,1,79,deadpool,50927
4,1,80,deadpool,59439
4,1,81,deadpool,66650
4,1,82,deadpool,38628
4,1,83,deadpool,50436
4,1,84,deadpool,49715
4,1,85,deadpool,53911
4,1,86,deadpool,51718
4,1,87,deadpool,49505
4,1,88,deadpool,52669
4,1,89,deadpool,50235
4,1,90,deadpool,53691
4,1,91,deadpool,50075
4,1,92,deadpool,51007
4,1,93,deadpool,49314
4,1,94,deadpool,50946
4,1,95,deadpool,54342
4,1,96,deadpool,50997
4,1,97,deadpool,49334
4,1,98,deadpool,82344
4,1,99,deadpool,65729
4,1,100,deadpool,54882
4,1,101,deadpool,51497
4,1,102,deadpool,51457
4,1,103,deadpool,49174
4,1,104,deadpool,51448
4,1,105,deadpool,54222
4,1,106,deadpool,51657
4,1,107,deadpool,51037
4,1,108,deadpool,52038
4,1,109,deadpool,56765
4,1,110,deadpool,50115
4,1,111,deadpool,114883
4,1,112,deadpool,53811
4,1,113,deadpool,51798
4,1,114,deadpool,49956
4,1,115,deadpool,76816
4,1,116,deadpool,39018
4,1,117,deadpool,50015
4,1,118,deadpool,51918
4,1,119,deadpool,57457
4,1,120,deadpool,53541
4,1,121,deadpool,52319
4,1,122,deadpool,48773
4,1,123,deadpool,51277
4,1,124,deadpool,54371
4,1,125,deadpool,51187
4,1,126,deadpool,49705
4,1,127,deadpool,51427
5,0,0,deadpool,52810
5,0,1,deadpool,53751
5,0,2,deadpool,49304
5,0,3,deadpool,51427
5,0,4,deadpool,81493
5,0,5,deadpool,40621
5,0,6,deadpool,54993
5,0,7,deadpool,49936
5,0,8,deadpool,51227
5,0,9,deadpool,49454
5,0,10,deadpool,51528
5,0,11,deadpool,53861
5,0,12,deadpool,50386
5,0,13,deadpool,48954
5,0,14,deadpool,51718
5,0,15,deadpool,48813
5,0,16,deadpool,53731
5,0,17,deadpool,51667
5,0,18,deadpool,48673
5,0,19,deadpool,50847
5,0,20,deadpool,50987
5,0,21,deadpool,54572
5,0,22,deadpool,89915
5,0,23,deadpool,52979
5,0,24,deadpool,52138
5,0,25,deadpool,52299
5,0,26,deadpool,54672
5,0,27,deadpool,49093
5,0,28,deadpool,51087
5,0,29,deadpool,51267
5,0,30,deadpool,51057
5,0,31,deadpool,56435
5,0,32,deadpool,49294
5,0,33,deadpool,50856
5,0,34,deadpool,49244
5,0,35,deadpool,56645
5,0,36,deadpool,52449
5,0,37,deadpool,50847
5,0,38,deadpool,51828
5,0,39,deadpool,81642
5,0,40,deadpool,61012
5,0,41,deadpool,51848
5,0,42,deadpool,51918
5,0,43,deadpool,51207
5,0,44,deadpool,50185
5,0,45,deadpool,55293
5,0,46,deadpool,51518
5,0,47,deadpool,48914
5,0,48,deadpool,51267
5,0,49,deadpool,50576
5,0,50,deadpool,54221
5,0,51,deadpool,51568
5,0,52,deadpool,106180
5,0,53,deadpool,42775
5,0,54,deadpool,51818
5,0,55,deadpool,55493
5,0,56,deadpool,65699
5,0,57,deadpool,41513
5,0,58,deadpool,49554
5,0,59,deadpool,50155
5,0,60,deadpool,53811
5,0,61,deadpool,51197
5,0,62,deadpool,50546
5,0,63,deadpool,50816
5,0,64,deadpool,50846
5,0,65,deadpool,53421
5,0,66,deadpool,49084
5,0,67,deadpool,50215
5,0,68,deadpool,50966
5,0,69,deadpool,50546
5,0,70,deadpool,53300
5,0,71,deadpool,51968
5,0,72,deadpool,48533
5,0,73,deadpool,75153
5,0,74,deadpool,70396
5,0,75,deadpool,52329
5,0,76,deadpool,49655
5,0,77,deadpool,50766
5,0,78,deadpool,50747
5,0,79,deadpool,53751
5,0,80,deadpool,52820
5,0,81,deadpool,49004
5,0,82,deadpool,48963
5,0,83,deadpool,51707
5,0,84,deadpool,49104
5,0,85,deadpool,83296
5,0,86,deadpool,57045
5,0,87,deadpool,49635
5,0,88,deadpool,52499
5,0,89,deadpool,55834
5,0,90,deadpool,82454
5,0,91,deadpool,64066
5,0,92,deadpool,49314
5,0,93,deadpool,49725
5,0,94,deadpool,54772
5,0,95,deadpool,51307
5,0,96,deadpool,49214
5,0,97,deadpool,51347
5,0,98,deadpool,48623
5,0,99,deadpool,58578
5,0,100,deadpool,51618
5,0,101,deadpool,51458
5,0,102,deadpool,51487
5,0,103,deadpool,49494
5,0,104,deadpool,53571
5,0,105,deadpool,50966
5,0,106,deadpool,49104
5,0,107,deadpool,50426
5,0,108,deadpool,92239
5,0,109,deadpool,57006
5,0,110,deadpool,50496
5,0,111,deadpool,51508
5,0,112,deadpool,51287
5,0,113,deadpool,49674
5,0,114,deadpool,54873
5,0,115,deadpool,58298
5,0,116,deadpool,50346
5,0,117,deadpool,49605
5,0,118,deadpool,50516
5,0,119,deadpool,54212
5,0,120,deadpool,113501
5,0,121,deadpool,54552
5,0,122,deadpool,51578
5,0,123,deadpool,89946
5,0,124,deadpool,67342
5,0,125,deadpool,50697
5,0,126,deadpool,51317
5,0,127,deadpool,51086
5,1,0,direct,221483
5,1,1,direct,108383
5,1,2,direct,84907
5,1,3,direct,83766
5,1,4,direct,85469
5,1,5,direct,83796
5,1,6,direct,106370
5,1,7,direct,87381
5,1,8,direct,84006
5,1,9,direct,84457
5,1,10,direct,85508
5,1,11,direct,84107
5,1,12,direct,83025
5,1,13,direct,83075
5,1,14,direct,83666
5,1,15,direct,88042
5,1,16,direct,83656
5,1,17,direct,95313
5,1,18,direct,86460
5,1,19,direct,87662
5,1,20,direct,87883
5,1,21,direct,84487
5,1,22,direct,83966
5,1,23,direct,157527
5,1,24,direct,91868
5,1,25,direct,138007
5,1,26,direct,85418
5,1,27,direct,121893
5,1,28,direct,84177
5,1,29,direct,83195
5,1,30,direct,84467
5,1,31,direct,84397
5,1,32,direct,83145
5,1,33,direct,82975
5,1,34,direct,83887
5,1,35,direct,119320
5,1,36,direct,85509
5,1,37,direct,99259
5,1,38,direct,87391
5,1,39,direct,81923
5,1,40,direct,86260
5,1,41,direct,81954
5,1,42,direct,83616
5,1,43,direct,83596
5,1,44,direct,83937
5,1,45,direct,83937
5,1,46,direct,83045
5,1,47,direct,83235
5,1,48,direct,82625
5,1,49,direct,109054
5,1,50,direct,84608
5,1,51,direct,83576
5,1,52,direct,84457
5,1,53,direct,81493
5,1,54,direct,82965
5,1,55,direct,85509
5,1,56,direct,86961
5,1,57,direct,83306
5,1,58,direct,130386
5,1,59,direct,96746
5,1,60,direct,127933
5,1,61,direct,85128
5,1,62,direct,84998
5,1,63,direct,83345
5,1,64,direct,84036
5,1,65,direct,84808
5,1,66,direct,83887
5,1,67,direct,82374
5,1,68,direct,83496
5,1,69,direct,87021
5,1,70,direct,109214
5,1,71,direct,94853
5,1,72,direct,83265
5,1,73,direct,83986
5,1,74,direct,84517
5,1,75,direct,83035
5,1,76,direct,84567
5,1,77,direct,84467
5,1,78,direct,102444
5,1,79,direct,87541
5,1,80,direct,85479
5,1,81,direct,100241
5,1,82,direct,90306
5,1,83,direct,82805
5,1,84,direct,84507
5,1,85,direct,82684
5,1,86,direct,88613
5,1,87,direct,84988
5,1,88,direct,84657
5,1,89,direct,82775
5,1,90,direct,83315
5,1,91,direct,81242
5,1,92,direct,82564
5,1,93,direct,87251
5,1,94,direct,83215
5,1,95,direct,83946
5,1,96,direct,83335
5,1,97,direct,83395
5,1,98,direct,85809
5,1,99,direct,84017
5,1,100,direct,81252
5,1,101,direct,84346
5,1,102,direct,82895
5,1,103,direct,82154
5,1,104,direct,105669
5,1,105,direct,84798
5,1,106,direct,83506
5,1,107,direct,83195
5,1,108,direct,83095
5,1,109,direct,120821
5,1,110,direct,84327
5,1,111,direct,83395
5,1,112,direct,133611
5,1,113,direct,86981
5,1,114,direct,130877
5,1,115,direct,86941
5,1,116,direct,112509
5,1,117,direct,87762
5,1,118,direct,94632
5,1,119,direct,110867
5,1,120,direct,120030
5,1,121,direct,121633
5,1,122,direct,245119
5,1,123,direct,91698
5,1,124,direct,83255
5,1,125,direct,88152
5,1,126,direct,84247
5,1,127,direct,83425
6,0,0,direct,123255
6,0,1,direct,91327
6,0,2,direct,152620
6,0,3,direct,86780
6,0,4,direct,103275
6,0,5,direct,83646
6,0,6,direct,82404
6,0,7,direct,83376
6,0,8,direct,86951
6,0,9,direct,84226
6,0,10,direct,146040
6,0,11,direct,87912
6,0,12,direct,84487
6,0,13,direct,83426
6,0,14,direct,113560
6,0,15,direct,86199
6,0,16,direct,83145
6,0,17,direct,85198
6,0,18,direct,84808
6,0,19,direct,85108
6,0,20,direct,86450
6,0,21,direct,82324
6,0,22,direct,116235
6,0,23,direct,89525
6,0,24,direct,86140
6,0,25,direct,110927
6,0,26,direct,86881
6,0,27,direct,84177
6,0,28,direct,83596
6,0,29,direct,82794
6,0,30,direct,84106
6,0,31,direct,82605
6,0,32,direct,84878
6,0,33,direct,110296
6,0,34,direct,84828
6,0,35,direct,84597
6,0,36,direct,86380
6,0,37,direct,82965
6,0,38,direct,136756
6,0,39,direct,93431
6,0,40,direct,84717
6,0,41,direct,126871
6,0,42,direct,89154
6,0,43,direct,83576
6,0,44,direct,90766
6,0,45,direct,83566
6,0,46,direct,110757
6,0,47,direct,85960
6,0,48,direct,83486
6,0,49,direct,160381
6,0,50,direct,87221
6,0,51,direct,85528
6,0,52,direct,85028
6,0,53,direct,83896
6,0,54,direct,86650
6,0,55,direct,83896
6,0,56,direct,143205
6,0,57,direct,86930
6,0,58,direct,85529
6,0,59,direct,83245
6,0,60,direct,89234
6,0,61,direct,83325
6,0,62,direct,84367
6,0,63,direct,83586
6,0,64,direct,84988
6,0,65,direct,83336
6,0,66,direct,83205
6,0,67,direct,103216
6,0,68,direct,83876
6,0,69,direct,82454
6,0,70,direct,83206
6,0,71,direct,84998
6,0,72,direct,84287
6,0,73,direct,84927
6,0,74,direct,84537
6,0,75,direct,109104
6,0,76,direct,85118
6,0,77,direct,84056
6,0,78,direct,165750
6,0,79,direct,135804
6,0,80,direct,88653
6,0,81,direct,83316
6,0,82,direct,82445
6,0,83,direct,140201
6,0,84,direct,87262
6,0,85,direct,84507
6,0,86,direct,296867
6,0,87,direct,104988
6,0,88,direct,114963
6,0,89,direct,86510
6,0,90,direct,82344
6,0,91,direct,84617
6,0,92,direct,86179
6,0,93,direct,88443
6,0,94,direct,83505
6,0,95,direct,124267
6,0,96,direct,88373
6,0,97,direct,83746
6,0,98,direct,83606
6,0,99,direct,83496
6,0,100,direct,82554
6,0,101,direct,83195
6,0,102,direct,81402
6,0,103,direct,85228
6,0,104,direct,82765
6,0,105,direct,121182
6,0,106,direct,161773
6,0,107,direct,124678
6,0,108,direct,137366
6,0,109,direct,85459
6,0,110,direct,85108
6,0,111,direct,86380
6,0,112,direct,115313
6,0,113,direct,90136
6,0,114,direct,86000
6,0,115,direct,130346
6,0,116,direct,86019
6,0,117,direct,88783
6,0,118,direct,88343
6,0,119,direct,82684
6,0,120,direct,86471
6,0,121,direct,88293
6,0,122,direct,83666
6,0,123,direct,85148
6,0,124,direct,83485
6,0,125,direct,170456
6,0,126,direct,92339
6,0,127,direct,84837
6,1,0,deadpool,143305
6,1,1,deadpool,60411
6,1,2,deadpool,52779
6,1,3,deadpool,52709
6,1,4,deadpool,56044
6,1,5,deadpool,50146
6,1,6,deadpool,51678
6,1,7,deadpool,50385
6,1,8,deadpool,52269
6,1,9,deadpool,54402
6,1,10,deadpool,49494
6,1,11,deadpool,74181
6,1,12,deadpool,34061
6,1,13,deadpool,38067
6,1,14,deadpool,56875
6,1,15,deadpool,52579
6,1,16,deadpool,51267
6,1,17,deadpool,50496
6,1,18,deadpool,49444
6,1,19,deadpool,60992
6,1,20,deadpool,51187
6,1,21,deadpool,51227
6,1,22,deadpool,49885
6,1,23,deadpool,51438
6,1,24,deadpool,59350
6,1,25,deadpool,51688
6,1,26,deadpool,48814
6,1,27,deadpool,50747
6,1,28,deadpool,87682
6,1,29,deadpool,57026
6,1,30,deadpool,50767
6,1,31,deadpool,52139
6,1,32,deadpool,51237
6,1,33,deadpool,49023
6,1,34,deadpool,54422
6,1,35,deadpool,52609
6,1,36,deadpool,48653
6,1,37,deadpool,51107
6,1,38,deadpool,48964
6,1,39,deadpool,54402
6,1,40,deadpool,104588
6,1,41,deadpool,57947
6,1,42,deadpool,48233
6,1,43,deadpool,52759
6,1,44,deadpool,96395
6,1,45,deadpool,53410
6,1,46,deadpool,52238
6,1,47,deadpool,50175
6,1,48,deadpool,144448
6,1,49,deadpool,58889
6,1,50,deadpool,49905
6,1,51,deadpool,51087
6,1,52,deadpool,50006
6,1,53,deadpool,56515
6,1,54,deadpool,52118
6,1,55,deadpool,50826
6,1,56,deadpool,50866
6,1,57,deadpool,51708
6,1,58,deadpool,57146
6,1,59,deadpool,98018
6,1,60,deadpool,65999
6,1,61,deadpool,48433
6,1,62,deadpool,51788
6,1,63,deadpool,53951
6,1,64,deadpool,51488
6,1,65,deadpool,49274
6,1,66,deadpool,51036
6,1,67,deadpool,51177
6,1,68,deadpool,53931
6,1,69,deadpool,51358
6,1,70,deadpool,51858
6,1,71,deadpool,50707
6,1,72,deadpool,50726
6,1,73,deadpool,54262
6,1,74,deadpool,49875
6,1,75,deadpool,50806
6,1,76,deadpool,49985
6,1,77,deadpool,66029
6,1,78,deadpool,42333
6,1,79,deadpool,52258
6,1,80,deadpool,50005
6,1,81,deadpool,51518
6,1,82,deadpool,51418
6,1,83,deadpool,54051
6,1,84,deadpool,49575
6,1,85,deadpool,50766
6,1,86,deadpool,50997
6,1,87,deadpool,49625
6,1,88,deadpool,55253
6,1,89,deadpool,51297
6,1,90,deadpool,51547
6,1,91,deadpool,49595
6,1,92,deadpool,51127
6,1,93,deadpool,54923
6,1,94,deadpool,84447
6,1,95,deadpool,55774
6,1,96,deadpool,50146
6,1,97,deadpool,54332
6,1,98,deadpool,51398
6,1,99,deadpool,49064
6,1,100,deadpool,51437
6,1,101,deadpool,48934
6,1,102,deadpool,56374
6,1,103,deadpool,52209
6,1,104,deadpool,49384
6,1,105,deadpool,51377
6,1,106,deadpool,48884
6,1,107,deadpool,109344
6,1,108,deadpool,49715
6,1,109,deadpool,51357
6,1,110,deadpool,51667
6,1,111,deadpool,88663
6,1,112,deadpool,58047
6,1,113,deadpool,51618
6,1,114,deadpool,129255
6,1,115,deadpool,155534
6,1,116,deadpool,54401
6,1,117,deadpool,56956
6,1,118,deadpool,50726
6,1,119,deadpool,51517
6,1,120,deadpool,52019
6,1,121,deadpool,52269
6,1,122,deadpool,54192
6,1,123,deadpool,49174
6,1,124,deadpool,88263
6,1,125,deadpool,72449
6,1,126,deadpool,38608
6,1,127,deadpool,55614
7,0,0,deadpool,53471
7,0,1,deadpool,141002
7,0,2,deadpool,56956
7,0,3,deadpool,47671
7,0,4,deadpool,57426
7,0,5,deadpool,49855
7,0,6,deadpool,51768
7,0,7,deadpool,48954
7,0,8,deadpool,51086
7,0,9,deadpool,54532
7,0,10,deadpool,51497
7,0,11,deadpool,49544
7,0,12,deadpool,108102
7,0,13,deadpool,63526
7,0,14,deadpool,49294
7,0,15,deadpool,52289
7,0,16,deadpool,49014
7,0,17,deadpool,51056
7,0,18,deadpool,53630
7,0,19,deadpool,50396
7,0,20,deadpool,51016
7,0,21,deadpool,49414
7,0,22,deadpool,50697
7,0,23,deadpool,57827
7,0,24,deadpool,53671
7,0,25,deadpool,49695
7,0,26,deadpool,51668
7,0,27,deadpool,49524
7,0,28,deadpool,54041
7,0,29,deadpool,82194
7,0,30,deadpool,42053
7,0,31,deadpool,52559
7,0,32,deadpool,51307
7,0,33,deadpool,55714
7,0,34,deadpool,49715
7,0,35,deadpool,51407
7,0,36,deadpool,51167
7,0,37,deadpool,52008
7,0,38,deadpool,54351
7,0,39,deadpool,49685
7,0,40,deadpool,52008
7,0,41,deadpool,50646
7,0,42,deadpool,93351
7,0,43,deadpool,58969
7,0,44,deadpool,49614
7,0,45,deadpool,51367
7,0,46,deadpool,89024
7,0,47,deadpool,52409
7,0,48,deadpool,55764
7,0,49,deadpool,51828
7,0,50,deadpool,140722
7,0,51,deadpool,56254
7,0,52,deadpool,51727
7,0,53,deadpool,55423
7,0,54,deadpool,49755
7,0,55,deadpool,51207
7,0,56,deadpool,52579
7,0,57,deadpool,53681
7,0,58,deadpool,55474
7,0,59,deadpool,50326
7,0,60,deadpool,48713
7,0,61,deadpool,101453
7,0,62,deadpool,53130
7,0,63,deadpool,57015
7,0,64,deadpool,49535
7,0,65,deadpool,48483
7,0,66,deadpool,50887
7,0,67,deadpool,65349
7,0,68,deadpool,38428
7,0,69,deadpool,49895
7,0,70,deadpool,48643
7,0,71,deadpool,50767
7,0,72,deadpool,57527
7,0,73,deadpool,51207
7,0,74,deadpool,48864
7,0,75,deadpool,50947
7,0,76,deadpool,50436
7,0,77,deadpool,57687
7,0,78,deadpool,51707
7,0,79,deadpool,90696
7,0,80,deadpool,53450
7,0,81,deadpool,50436
7,0,82,deadpool,55514
7,0,83,deadpool,49595
7,0,84,deadpool,50977
7,0,85,deadpool,48704
7,0,86,deadpool,50696
7,0,87,deadpool,53471
7,0,88,deadpool,52619
7,0,89,deadpool,50466
7,0,90,deadpool,51667
7,0,91,deadpool,51297
7,0,92,deadpool,53751
7,0,93,deadpool,51608
7,0,94,deadpool,51046
7,0,95,deadpool,49114
7,0,96,deadpool,92540
7,0,97,deadpool,52579
7,0,98,deadpool,51718
7,0,99,deadpool,52198
7,0,100,deadpool,49354
7,0,101,deadpool,50776
7,0,102,deadpool,54322
7,0,103,deadpool,50196
7,0,104,deadpool,50547
7,0,105,deadpool,50586
7,0,106,deadpool,49104
7,0,107,deadpool,53952
7,0,108,deadpool,50566
7,0,109,deadpool,237547
7,0,110,deadpool,154432
7,0,111,deadpool,73040
7,0,112,deadpool,80041
7,0,113,deadpool,65719
7,0,114,deadpool,63806
7,0,115,deadpool,63305
7,0,116,deadpool,63186
7,0,117,deadpool,67332
7,0,118,deadpool,64026
7,0,119,deadpool,64957
7,0,120,deadpool,67903
7,0,121,deadpool,71338
7,0,122,deadpool,65929
7,0,123,deadpool,80971
7,0,124,deadpool,72129
7,0,125,deadpool,64287
7,0,126,deadpool,69134
7,0,127,deadpool,64117
7,1,0,direct,208994
7,1,1,direct,1557122
7,1,2,direct,123696
7,1,3,direct,110496
7,1,4,direct,86149
7,1,5,direct,85108
7,1,6,direct,83715
7,1,7,direct,83876
7,1,8,direct,111718
7,1,9,direct,88784
7,1,10,direct,85048
7,1,11,direct,148624
7,1,12,direct,120722
7,1,13,direct,112119
7,1,14,direct,89605
7,1,15,direct,135413
7,1,16,direct,87662
7,1,17,direct,86871
7,1,18,direct,88824
7,1,19,direct,89655
7,1,20,direct,199991
7,1,21,direct,88563
7,1,22,direct,88173
7,1,23,direct,87061
7,1,24,direct,87141
7,1,25,direct,84346
7,1,26,direct,84026
7,1,27,direct,88013
7,1,28,direct,91839
7,1,29,direct,113491
7,1,30,direct,177517
7,1,31,direct,186220
7,1,32,direct,88313
7,1,33,direct,90506
7,1,34,direct,86330
7,1,35,direct,109575
7,1,36,direct,94643
7,1,37,direct,86731
7,1,38,direct,132229
7,1,39,direct,86380
7,1,40,direct,85809
7,1,41,direct,84156
7,1,42,direct,85609
7,1,43,direct,90246
7,1,44,direct,85469
7,1,45,direct,110526
7,1,46,direct,89905
7,1,47,direct,85468
7,1,48,direct,108853
7,1,49,direct,86210
7,1,50,direct,83816
7,1,51,direct,90747
7,1,52,direct,88573
7,1,53,direct,84938
7,1,54,direct,83606
7,1,55,direct,87502
7,1,56,direct,84808
7,1,57,direct,87241
7,1,58,direct,84357
7,1,59,direct,177477
7,1,60,direct,100521
7,1,61,direct,84167
7,1,62,direct,86440
7,1,63,direct,82514
7,1,64,direct,84838
7,1,65,direct,83626
7,1,66,direct,83726
7,1,67,direct,84227
7,1,68,direct,84998
7,1,69,direct,171177
7,1,70,direct,94172
7,1,71,direct,85679
7,1,72,direct,87381
7,1,73,direct,84998
7,1,74,direct,85709
7,1,75,direct,85569
7,1,76,direct,98649
7,1,77,direct,83395
7,1,78,direct,82635
7,1,79,direct,339030
7,1,80,direct,137888
7,1,81,direct,244478
7,1,82,direct,108694
7,1,83,direct,89344
7,1,84,direct,85769
7,1,85,direct,130957
7,1,86,direct,91829
7,1,87,direct,154803
7,1,88,direct,86871
7,1,89,direct,87942
7,1,90,direct,83075
7,1,91,direct,84087
7,1,92,direct,84908
7,1,93,direct,86891
7,1,94,direct,83806
7,1,95,direct,123316
7,1,96,direct,89505
7,1,97,direct,86290
7,1,98,direct,84938
7,1,99,direct,84487
7,1,100,direct,83305
7,1,101,direct,88693
7,1,102,direct,82785
7,1,103,direct,84177
7,1,104,direct,84347
7,1,105,direct,83415
7,1,106,direct,98528
7,1,107,direct,87301
7,1,108,direct,91899
7,1,109,direct,175744
7,1,110,direct,84637
7,1,111,direct,85840
7,1,112,direct,85209
7,1,113,direct,86119
7,1,114,direct,82604
7,1,115,direct,83876
7,1,116,direct,123846
7,1,117,direct,90185
7,1,118,direct,83146
7,1,119,direct,83967
7,1,120,direct,84387
7,1,121,direct,84477
7,1,122,direct,82794
7,1,123,direct,85028
7,1,124,direct,114662
7,1,125,direct,88413
7,1,126,direct,85579
7,1,127,direct,107181
8,0,0,direct,85679
8,0,1,direct,155765
8,0,2,direct,85609
8,0,3,direct,83125
8,0,4,direct,83295
8,0,5,direct,84116
8,0,6,direct,83185
8,0,7,direct,83455
8,0,8,direct,83636
8,0,9,direct,95854
8,0,10,direct,86730
8,0,11,direct,84277
8,0,12,direct,82864
8,0,13,direct,82955
8,0,14,direct,82003
8,0,15,direct,81893
8,0,16,direct,84287
8,0,17,direct,82925
8,0,18,direct,84527
8,0,19,direct,81713
8,0,20,direct,84938
8,0,21,direct,108523
8,0,22,direct,83636
8,0,23,direct,83596
8,0,24,direct,83255
8,0,25,direct,83415
8,0,26,direct,84317
8,0,27,direct,88483
8,0,28,direct,83796
8,0,29,direct,84797
8,0,30,direct,81522
8,0,31,direct,81923
8,0,32,direct,102074
8,0,33,direct,83987
8,0,34,direct,83896
8,0,35,direct,83525
8,0,36,direct,82655
8,0,37,direct,82434
8,0,38,direct,82464
8,0,39,direct,83435
8,0,40,direct,109575
8,0,41,direct,89365
8,0,42,direct,84317
8,0,43,direct,98148
8,0,44,direct,89164
8,0,45,direct,321785
8,0,46,direct,91518
8,0,47,direct,86450
8,0,48,direct,81021
8,0,49,direct,83285
8,0,50,direct,84698
8,0,51,direct,109615
8,0,52,direct,103335
8,0,53,direct,82825
8,0,54,direct,81653
8,0,55,direct,83946
8,0,56,direct,128854
8,0,57,direct,91518
8,0,58,direct,83045
8,0,59,direct,81863
8,0,60,direct,82714
8,0,61,direct,83095
8,0,62,direct,159730
8,0,63,direct,194052
8,0,64,direct,137347
8,0,65,direct,92840
8,0,66,direct,83526
8,0,67,direct,84547
8,0,68,direct,86310
8,0,69,direct,82574
8,0,70,direct,85209
8,0,71,direct,109084
8,0,72,direct,85809
8,0,73,direct,82665
8,0,74,direct,84266
8,0,75,direct,83806
8,0,76,direct,88232
8,0,77,direct,84688
8,0,78,direct,120441
8,0,79,direct,95604
8,0,80,direct,90015
8,0,81,direct,113251
8,0,82,direct,89034
8,0,83,direct,84467
8,0,84,direct,84356
8,0,85,direct,82875
8,0,86,direct,83255
8,0,87,direct,83456
8,0,88,direct,85890
8,0,89,direct,84678
8,0,90,direct,83256
8,0,91,direct,84728
8,0,92,direct,109895
8,0,93,direct,147411
8,0,94,direct,96575
8,0,95,direct,85819
8,0,96,direct,85048
8,0,97,direct,82885
8,0,98,direct,83846
8,0,99,direct,84517
8,0,100,direct,85108
8,0,101,direct,275804
8,0,102,direct,89745
8,0,103,direct,82575
8,0,104,direct,83786
8,0,105,direct,84778
8,0,106,direct,83636
8,0,107,direct,82484
8,0,108,direct,83105
8,0,109,direct,82454
8,0,110,direct,141983
8,0,111,direct,121212
8,0,112,direct,85869
8,0,113,direct,363507
8,0,114,direct,154933
8,0,115,direct,110276
8,0,116,direct,84237
8,0,117,direct,109875
8,0,118,direct,91829
8,0,119,direct,84607
8,0,120,direct,86851
8,0,121,direct,84877
8,0,122,direct,81833
8,0,123,direct,81643
8,0,124,direct,82564
8,0,125,direct,94262
8,0,126,direct,83896
8,0,127,direct,83876
8,1,0,deadpool,265920
8,1,1,deadpool,80301
8,1,2,deadpool,92689
8,1,3,deadpool,65579
8,1,4,deadpool,63626
8,1,5,deadpool,142525
8,1,6,deadpool,65949
8,1,7,deadpool,72699
8,1,8,deadpool,63907
8,1,9,deadpool,63956
8,1,10,deadpool,63596
8,1,11,deadpool,95924
8,1,12,deadpool,69895
8,1,13,deadpool,69704
8,1,14,deadpool,136125
8,1,15,deadpool,70016
8,1,16,deadpool,64167
8,1,17,deadpool,66119
8,1,18,deadpool,65529
8,1,19,deadpool,62715
8,1,20,deadpool,63606
8,1,21,deadpool,63536
8,1,22,deadpool,65669
8,1,23,deadpool,63285
8,1,24,deadpool,102204
8,1,25,deadpool,69635
8,1,26,deadpool,63646
8,1,27,deadpool,64958
8,1,28,deadpool,64187
8,1,29,deadpool,63205
8,1,30,deadpool,63035
8,1,31,deadpool,64568
8,1,32,deadpool,64287
8,1,33,deadpool,62935
8,1,34,deadpool,105519
8,1,35,deadpool,71127
8,1,36,deadpool,129394
8,1,37,deadpool,110937
8,1,38,deadpool,68193
8,1,39,deadpool,63665
8,1,40,deadpool,63435
8,1,41,deadpool,70215
8,1,42,deadpool,64667
8,1,43,deadpool,63666
8,1,44,deadpool,63396
8,1,45,deadpool,330167
8,1,46,deadpool,74282
8,1,47,deadpool,124968
8,1,48,deadpool,219950
8,1,49,deadpool,116665
8,1,50,deadpool,104347
8,1,51,deadpool,82714
8,1,52,deadpool,126280
8,1,53,deadpool,72629
8,1,54,deadpool,64568
8,1,55,deadpool,158338
8,1,56,deadpool,77227
8,1,57,deadpool,65178
8,1,58,deadpool,251458
8,1,59,deadpool,70496
8,1,60,deadpool,63806
8,1,61,deadpool,67562
8,1,62,deadpool,64126
8,1,63,deadpool,63306
8,1,64,deadpool,63676
8,1,65,deadpool,62985
8,1,66,deadpool,93110
8,1,67,deadpool,70356
8,1,68,deadpool,63546
8,1,69,deadpool,63345
8,1,70,deadpool,63526
8,1,71,deadpool,64116
8,1,72,deadpool,424369
8,1,73,deadpool,84156
8,1,74,deadpool,277968
8,1,75,deadpool,87201
8,1,76,deadpool,68553
8,1,77,deadpool,67591
8,1,78,deadpool,64637
8,1,79,deadpool,64257
8,1,80,deadpool,69194
8,1,81,deadpool,64046
8,1,82,deadpool,62765
8,1,83,deadpool,63486
8,1,84,deadpool,63375
8,1,85,deadpool,67341
8,1,86,deadpool,90396
8,1,87,deadpool,69645
8,1,88,deadpool,64087
8,1,89,deadpool,62865
8,1,90,deadpool,68764
8,1,91,deadpool,62434
8,1,92,deadpool,63335
8,1,93,deadpool,71838
8,1,94,deadpool,205850
8,1,95,deadpool,67131
8,1,96,deadpool,63896
8,1,97,deadpool,63435
8,1,98,deadpool,63034
8,1,99,deadpool,87512
8,1,100,deadpool,66280
8,1,101,deadpool,71778
8,1,102,deadpool,196075
8,1,103,deadpool,68322
8,1,104,deadpool,63185
8,1,105,deadpool,66019
8,1,106,deadpool,125168
8,1,107,deadpool,67592
8,1,108,deadpool,62955
8,1,109,deadpool,62975
8,1,110,deadpool,83396
8,1,111,deadpool,65128
8,1,112,deadpool,64707
8,1,113,deadpool,64567
8,1,114,deadpool,64366
8,1,115,deadpool,65008
8,1,116,deadpool,62954
8,1,117,deadpool,63074
8,1,118,deadpool,62874
8,1,119,deadpool,63315
8,1,120,deadpool,91567
8,1,121,deadpool,66440
8,1,122,deadpool,63205
8,1,123,deadpool,63315
8,1,124,deadpool,95294
8,1,125,deadpool,65919
8,1,126,deadpool,63005
8,1,127,deadpool,62835
9,0,0,deadpool,64227
9,0,1,deadpool,66310
9,0,2,deadpool,62293
9,0,3,deadpool,63084
9,0,4,deadpool,63295
9,0,5,deadpool,66120
9,0,6,deadpool,132009
9,0,7,deadpool,76596
9,0,8,deadpool,64527
9,0,9,deadpool,78258
9,0,10,deadpool,72469
9,0,11,deadpool,65669
9,0,12,deadpool,63315
9,0,13,deadpool,62754
9,0,14,deadpool,63466
9,0,15,deadpool,62163
9,0,16,deadpool,64538
9,0,17,deadpool,63465
9,0,18,deadpool,63545
9,0,19,deadpool,62954
9,0,20,deadpool,62824
9,0,21,deadpool,65048
9,0,22,deadpool,62995
9,0,23,deadpool,62544
9,0,24,deadpool,87111
9,0,25,deadpool,66430
9,0,26,deadpool,64998
9,0,27,deadpool,62574
9,0,28,deadpool,63125
9,0,29,deadpool,63004
9,0,30,deadpool,63926
9,0,31,deadpool,64467
9,0,32,deadpool,64748
9,0,33,deadpool,62975
9,0,34,deadpool,62534
9,0,35,deadpool,63396
9,0,36,deadpool,64067
9,0,37,deadpool,62664
9,0,38,deadpool,63396
9,0,39,deadpool,77106
9,0,40,deadpool,71908
9,0,41,deadpool,64467
9,0,42,deadpool,62975
9,0,43,deadpool,61993
9,0,44,deadpool,63266
9,0,45,deadpool,68633
9,0,46,deadpool,63035
9,0,47,deadpool,62955
9,0,48,deadpool,62895
9,0,49,deadpool,63095
9,0,50,deadpool,76485
9,0,51,deadpool,65118
9,0,52,deadpool,63155
9,0,53,deadpool,72830
9,0,54,deadpool,68083
9,0,55,deadpool,65559
9,0,56,deadpool,64047
9,0,57,deadpool,63576
9,0,58,deadpool,62404
9,0,59,deadpool,63065
9,0,60,deadpool,251529
9,0,61,deadpool,88063
9,0,62,deadpool,66991
9,0,63,deadpool,64747
9,0,64,deadpool,63515
9,0,65,deadpool,104557
9,0,66,deadpool,68573
9,0,67,deadpool,64297
9,0,68,deadpool,66109
9,0,69,deadpool,63555
9,0,70,deadpool,64777
9,0,71,deadpool,62914
9,0,72,deadpool,63726
9,0,73,deadpool,64447
9,0,74,deadpool,63145
9,0,75,deadpool,67912
9,0,76,deadpool,63586
9,0,77,deadpool,62785
9,0,78,deadpool,63536
9,0,79,deadpool,105328
9,0,80,deadpool,69935
9,0,81,deadpool,65639
9,0,82,deadpool,133010
9,0,83,deadpool,68423
9,0,84,deadpool,63235
9,0,85,deadpool,65909
9,0,86,deadpool,63085
9,0,87,deadpool,62864
9,0,88,deadpool,63295
9,0,89,deadpool,63436
9,0,90,deadpool,64758
9,0,91,deadpool,65509
9,0,92,deadpool,197227
9,0,93,deadpool,86470
9,0,94,deadpool,66290
9,0,95,deadpool,66780
9,0,96,deadpool,64376
9,0,97,deadpool,63196
9,0,98,deadpool,62744
9,0,99,deadpool,71788
9,0,100,deadpool,67060
9,0,101,deadpool,184677
9,0,102,deadpool,67942
9,0,103,deadpool,104076
9,0,104,deadpool,73591
9,0,105,deadpool,63967
9,0,106,deadpool,62915
9,0,107,deadpool,62954
9,0,108,deadpool,61312
9,0,109,deadpool,69845
9,0,110,deadpool,62815
9,0,111,deadpool,63666
9,0,112,deadpool,62875
9,0,113,deadpool,131648
9,0,114,deadpool,85248
9,0,115,deadpool,64337
9,0,116,deadpool,108614
9,0,117,deadpool,69615
9,0,118,deadpool,64597
9,0,119,deadpool,64977
9,0,120,deadpool,66309
9,0,121,deadpool,63655
9,0,122,deadpool,63325
9,0,123,deadpool,62254
9,0,124,deadpool,65869
9,0,125,deadpool,63326
9,0,126,deadpool,62434
9,0,127,deadpool,62885
9,1,0,direct,258509
9,1,1,direct,108023
9,1,2,direct,86881
9,1,3,direct,83826
9,1,4,direct,83666
9,1,5,direct,84487
9,1,6,direct,83856
9,1,7,direct,83115
9,1,8,direct,82914
9,1,9,direct,83516
9,1,10,direct,83465
9,1,11,direct,109304
9,1,12,direct,84708
9,1,13,direct,94021
9,1,14,direct,83916
9,1,15,direct,156826
9,1,16,direct,91477
9,1,17,direct,88734
9,1,18,direct,172880
9,1,19,direct,87732
9,1,20,direct,133921
9,1,21,direct,87642
9,1,22,direct,84427
9,1,23,direct,85929
9,1,24,direct,86971
9,1,25,direct,85369
9,1,26,direct,87121
9,1,27,direct,84096
9,1,28,direct,84227
9,1,29,direct,83485
9,1,30,direct,83295
9,1,31,direct,126831
9,1,32,direct,84617
9,1,33,direct,110907
9,1,34,direct,91188
9,1,35,direct,92569
9,1,36,direct,85658
9,1,37,direct,86320
9,1,38,direct,84627
9,1,39,direct,83385
9,1,40,direct,88674
9,1,41,direct,134312
9,1,42,direct,88363
9,1,43,direct,84427
9,1,44,direct,84487
9,1,45,direct,87221
9,1,46,direct,83205
9,1,47,direct,86199
9,1,48,direct,82634
9,1,49,direct,83987
9,1,50,direct,84037
9,1,51,direct,85219
9,1,52,direct,147852
9,1,53,direct,88513
9,1,54,direct,82554
9,1,55,direct,86570
9,1,56,direct,86190
9,1,57,direct,86080
9,1,58,direct,84237
9,1,59,direct,127562
9,1,60,direct,100451
9,1,61,direct,85499
9,1,62,direct,129084
9,1,63,direct,86320
9,1,64,direct,84186
9,1,65,direct,83235
9,1,66,direct,84257
9,1,67,direct,86149
9,1,68,direct,83685
9,1,69,direct,83626
9,1,70,direct,83756
9,1,71,direct,83786
9,1,72,direct,81983
9,1,73,direct,104387
9,1,74,direct,85088
9,1,75,direct,87842
9,1,76,direct,84046
9,1,77,direct,83876
9,1,78,direct,83495
9,1,79,direct,85178
9,1,80,direct,84206
9,1,81,direct,84497
9,1,82,direct,83145
9,1,83,direct,84978
9,1,84,direct,98588
9,1,85,direct,85649
9,1,86,direct,248614
9,1,87,direct,89114
9,1,88,direct,83316
9,1,89,direct,85809
9,1,90,direct,82484
9,1,91,direct,82675
9,1,92,direct,82154
9,1,93,direct,81943
9,1,94,direct,133911
9,1,95,direct,84887
9,1,96,direct,82825
9,1,97,direct,81503
9,1,98,direct,81883
9,1,99,direct,84236
9,1,100,direct,83686
9,1,101,direct,168403
9,1,102,direct,90817
9,1,103,direct,84367
9,1,104,direct,106851
9,1,105,direct,83376
9,1,106,direct,85248
9,1,107,direct,85939
9,1,108,direct,83836
9,1,109,direct,87562
9,1,110,direct,83856
9,1,111,direct,84617
9,1,112,direct,83275
9,1,113,direct,83366
9,1,114,direct,106621
9,1,115,direct,127392
9,1,116,direct,180491
9,1,117,direct,112439
9,1,118,direct,83746
9,1,119,direct,84497
9,1,120,direct,83326
9,1,121,direct,83145
9,1,122,direct,81082
9,1,123,direct,81813
9,1,124,direct,116776
9,1,125,direct,85058
9,1,126,direct,81512
9,1,127,direct,82364
10,0,0,direct,193992
10,0,1,direct,86660
10,0,2,direct,83696
10,0,3,direct,137257
10,0,4,direct,86691
10,0,5,direct,120842
10,0,6,direct,86010
10,0,7,direct,83546
10,0,8,direct,83085
10,0,9,direct,83666
10,0,10,direct,82495
10,0,11,direct,82554
10,0,12,direct,82564
10,0,13,direct,107001
10,0,14,direct,87922
10,0,15,direct,88113
10,0,16,direct,107481
10,0,17,direct,84357
10,0,18,direct,84136
10,0,19,direct,83616
10,0,20,direct,82965
10,0,21,direct,82514
10,0,22,direct,84407
10,0,23,direct,83276
10,0,24,direct,83546
10,0,25,direct,82895
10,0,26,direct,82104
10,0,27,direct,99410
10,0,28,direct,86010
10,0,29,direct,83005
10,0,30,direct,84007
10,0,31,direct,82454
10,0,32,direct,82495
10,0,33,direct,83296
10,0,34,direct,82535
10,0,35,direct,83986
10,0,36,direct,83946
10,0,37,direct,156405
10,0,38,direct,114913
10,0,39,direct,88303
10,0,40,direct,83326
10,0,41,direct,82725
10,0,42,direct,83005
10,0,43,direct,83887
10,0,44,direct,84087
10,0,45,direct,86911
10,0,46,direct,95694
10,0,47,direct,82605
10,0,48,direct,115574
10,0,49,direct,93711
10,0,50,direct,83044
10,0,51,direct,80682
10,0,52,direct,82585
10,0,53,direct,82715
10,0,54,direct,87452
10,0,55,direct,81733
10,0,56,direct,105649
10,0,57,direct,92539
10,0,58,direct,81873
10,0,59,direct,102424
10,0,60,direct,84667
10,0,61,direct,82353
10,0,62,direct,83085
10,0,63,direct,84017
10,0,64,direct,86280
10,0,65,direct,83906
10,0,66,direct,83926
10,0,67,direct,83295
10,0,68,direct,83586
10,0,69,direct,85589
10,0,70,direct,121884
10,0,71,direct,93601
10,0,72,direct,82133
10,0,73,direct,82745
10,0,74,direct,84146
10,0,75,direct,82114
10,0,76,direct,83325
10,0,77,direct,82644
10,0,78,direct,82884
10,0,79,direct,84607
10,0,80,direct,82685
10,0,81,direct,99990
10,0,82,direct,89324
10,0,83,direct,84377
10,0,84,direct,83505
10,0,85,direct,85308
10,0,86,direct,81613
10,0,87,direct,86751
10,0,88,direct,84397
10,0,89,direct,112790
10,0,90,direct,87561
10,0,91,direct,83706
10,0,92,direct,99279
10,0,93,direct,87412
10,0,94,direct,85919
10,0,95,direct,84778
10,0,96,direct,84867
10,0,97,direct,83275
10,0,98,direct,83605
10,0,99,direct,83305
10,0,100,direct,102014
10,0,101,direct,87342
10,0,102,direct,82434
10,0,103,direct,98228
10,0,104,direct,85929
10,0,105,direct,83315
10,0,106,direct,84146
10,0,107,direct,82354
10,0,108,direct,85359
10,0,109,direct,83756
10,0,110,direct,83806
10,0,111,direct,84938
10,0,112,direct,82183
10,0,113,direct,86190
10,0,114,direct,83896
10,0,115,direct,146290
10,0,116,direct,84717
10,0,117,direct,86230
10,0,118,direct,84437
10,0,119,direct,82684
10,0,120,direct,85608
10,0,121,direct,86230
10,0,122,direct,84427
10,0,123,direct,84848
10,0,124,direct,86080
10,0,125,direct,103326
10,0,126,direct,93511
10,0,127,direct,84988
10,1,0,deadpool,196185
10,1,1,deadpool,68743
10,1,2,deadpool,64937
10,1,3,deadpool,64257
10,1,4,deadpool,64718
10,1,5,deadpool,373972
10,1,6,deadpool,86781
10,1,7,deadpool,64708
10,1,8,deadpool,63035
10,1,9,deadpool,62755
10,1,10,deadpool,67041
10,1,11,deadpool,62864
10,1,12,deadpool,63595
10,1,13,deadpool,63366
10,1,14,deadpool,67762
10,1,15,deadpool,87352
10,1,16,deadpool,66970
10,1,17,deadpool,73660
10,1,18,deadpool,66300
10,1,19,deadpool,112760
10,1,20,deadpool,67101
10,1,21,deadpool,63395
10,1,22,deadpool,62614
10,1,23,deadpool,62424
10,1,24,deadpool,68914
10,1,25,deadpool,64937
10,1,26,deadpool,63195
10,1,27,deadpool,159820
10,1,28,deadpool,121793
10,1,29,deadpool,67782
10,1,30,deadpool,63546
10,1,31,deadpool,99690
10,1,32,deadpool,65719
10,1,33,deadpool,63986
10,1,34,deadpool,65288
10,1,35,deadpool,64137
10,1,36,deadpool,62955
10,1,37,deadpool,63566
10,1,38,deadpool,63586
10,1,39,deadpool,65278
10,1,40,deadpool,64187
10,1,41,deadpool,64748
10,1,42,deadpool,111778
10,1,43,deadpool,104467
10,1,44,deadpool,98909
10,1,45,deadpool,67752
10,1,46,deadpool,66180
10,1,47,deadpool,62675
10,1,48,deadpool,62394
10,1,49,deadpool,65118
10,1,50,deadpool,63325
10,1,51,deadpool,64026
10,1,52,deadpool,63546
10,1,53,deadpool,63115
10,1,54,deadpool,64738
10,1,55,deadpool,63526
10,1,56,deadpool,64267
10,1,57,deadpool,85919
10,1,58,deadpool,77837
10,1,59,deadpool,63605
10,1,60,deadpool,62814
10,1,61,deadpool,63275
10,1,62,deadpool,63556
10,1,63,deadpool,68093
10,1,64,deadpool,63646
10,1,65,deadpool,64267
10,1,66,deadpool,62935
10,1,67,deadpool,62995
10,1,68,deadpool,95063
10,1,69,deadpool,68083
10,1,70,deadpool,63326
10,1,71,deadpool,191007
10,1,72,deadpool,100992
10,1,73,deadpool,68383
10,1,74,deadpool,63585
10,1,75,deadpool,64056
10,1,76,deadpool,62404
10,1,77,deadpool,66941
10,1,78,deadpool,65388
10,1,79,deadpool,63836
10,1,80,deadpool,63846
10,1,81,deadpool,63726
10,1,82,deadpool,70136
10,1,83,deadpool,66831
10,1,84,deadpool,115343
10,1,85,deadpool,67522
10,1,86,deadpool,63155
10,1,87,deadpool,63205
10,1,88,deadpool,64767
10,1,89,deadpool,65027
10,1,90,deadpool,63846
10,1,91,deadpool,62804
10,1,92,deadpool,63195
10,1,93,deadpool,64788
10,1,94,deadpool,62884
10,1,95,deadpool,115714
10,1,96,deadpool,72309
10,1,97,deadpool,103756
10,1,98,deadpool,71087
10,1,99,deadpool,63576
10,1,100,deadpool,63335
10,1,101,deadpool,63916
10,1,102,deadpool,66711
10,1,103,deadpool,63135
10,1,104,deadpool,62565
10,1,105,deadpool,63285
10,1,106,deadpool,63245
10,1,107,deadpool,67952
10,1,108,deadpool,63025
10,1,109,deadpool,62945
10,1,110,deadpool,62714
10,1,111,deadpool,63635
10,1,112,deadpool,73341
10,1,113,deadpool,66521
10,1,114,deadpool,63636
10,1,115,deadpool,61943
10,1,116,deadpool,62625
10,1,117,deadpool,64517
10,1,118,deadpool,63185
10,1,119,deadpool,64296
10,1,120,deadpool,64077
10,1,121,deadpool,63205
10,1,122,deadpool,89414
10,1,123,deadpool,68813
10,1,124,deadpool,63566
10,1,125,deadpool,62885
10,1,126,deadpool,114633
10,1,127,deadpool,74121
11,0,0,deadpool,65359
11,0,1,deadpool,64016
11,0,2,deadpool,63236
11,0,3,deadpool,63075
11,0,4,deadpool,69144
11,0,5,deadpool,63826
11,0,6,deadpool,63105
11,0,7,deadpool,62704
11,0,8,deadpool,63386
11,0,9,deadpool,65569
11,0,10,deadpool,63846
11,0,11,deadpool,63425
11,0,12,deadpool,114072
11,0,13,deadpool,66790
11,0,14,deadpool,65158
11,0,15,deadpool,62915
11,0,16,deadpool,62785
11,0,17,deadpool,62514
11,0,18,deadpool,66300
11,0,19,deadpool,65529
11,0,20,deadpool,65209
11,0,21,deadpool,63465
11,0,22,deadpool,62884
11,0,23,deadpool,62183
11,0,24,deadpool,65308
11,0,25,deadpool,62935
11,0,26,deadpool,73150
11,0,27,deadpool,66530
11,0,28,deadpool,63656
11,0,29,deadpool,64077
11,0,30,deadpool,64117
11,0,31,deadpool,63145
11,0,32,deadpool,63155
11,0,33,deadpool,68733
11,0,34,deadpool,84477
11,0,35,deadpool,117637
11,0,36,deadpool,65879
11,0,37,deadpool,65749
11,0,38,deadpool,71888
11,0,39,deadpool,65679
11,0,40,deadpool,91658
11,0,41,deadpool,66260
11,0,42,deadpool,64086
11,0,43,deadpool,67762
11,0,44,deadpool,63355
11,0,45,deadpool,63095
11,0,46,deadpool,64007
11,0,47,deadpool,62684
11,0,48,deadpool,65148
11,0,49,deadpool,62534
11,0,50,deadpool,144978
11,0,51,deadpool,148844
11,0,52,deadpool,105318
11,0,53,deadpool,70386
11,0,54,deadpool,64588
11,0,55,deadpool,63065
11,0,56,deadpool,63416
11,0,57,deadpool,62734
11,0,58,deadpool,67762
11,0,59,deadpool,63725
11,0,60,deadpool,63876
11,0,61,deadpool,64226
11,0,62,deadpool,64307
11,0,63,deadpool,65569
11,0,64,deadpool,62885
11,0,65,deadpool,62574
11,0,66,deadpool,119740
11,0,67,deadpool,76004
11,0,68,deadpool,65108
11,0,69,deadpool,63375
11,0,70,deadpool,63195
11,0,71,deadpool,63275
11,0,72,deadpool,63826
11,0,73,deadpool,64567
11,0,74,deadpool,63295
11,0,75,deadpool,63225
11,0,76,deadpool,62594
11,0,77,deadpool,62684
11,0,78,deadpool,64477
11,0,79,deadpool,62714
11,0,80,deadpool,95935
11,0,81,deadpool,72359
11,0,82,deadpool,69975
11,0,83,deadpool,63475
11,0,84,deadpool,62484
11,0,85,deadpool,63335
11,0,86,deadpool,63826
11,0,87,deadpool,67982
11,0,88,deadpool,64106
11,0,89,deadpool,63435
11,0,90,deadpool,62515
11,0,91,deadpool,67892
11,0,92,deadpool,325129
11,0,93,deadpool,69935
11,0,94,deadpool,63986
11,0,95,deadpool,63476
11,0,96,deadpool,63376
11,0,97,deadpool,64487
11,0,98,deadpool,64377
11,0,99,deadpool,63566
11,0,100,deadpool,62694
11,0,101,deadpool,63505
11,0,102,deadpool,164738
11,0,103,deadpool,81122
11,0,104,deadpool,110256
11,0,105,deadpool,75884
11,0,106,deadpool,64797
11,0,107,deadpool,65588
11,0,108,deadpool,63075
11,0,109,deadpool,63055
11,0,110,deadpool,63896
11,0,111,deadpool,62504
11,0,112,deadpool,64487
11,0,113,deadpool,267443
11,0,114,deadpool,68763
11,0,115,deadpool,127492
11,0,116,deadpool,67672
11,0,117,deadpool,67311
11,0,118,deadpool,63376
11,0,119,deadpool,63235
11,0,120,deadpool,64708
11,0,121,deadpool,156836
11,0,122,deadpool,75744
11,0,123,deadpool,66210
11,0,124,deadpool,64718
11,0,125,deadpool,62874
11,0,126,deadpool,63295
11,0,127,deadpool,93862
11,1,0,direct,195353
11,1,1,direct,164989
11,1,2,direct,87331
11,1,3,direct,86400
11,1,4,direct,84938
11,1,5,direct,134493
11,1,6,direct,108924
11,1,7,direct,101883
11,1,8,direct,97256
11,1,9,direct,82484
11,1,10,direct,83585
11,1,11,direct,82494
11,1,12,direct,304538
11,1,13,direct,113220
11,1,14,direct,86951
11,1,15,direct,84287
11,1,16,direct,130216
11,1,17,direct,84867
11,1,18,direct,87952
11,1,19,direct,85749
11,1,20,direct,208364
11,1,21,direct,92799
11,1,22,direct,83255
11,1,23,direct,84797
11,1,24,direct,84918
11,1,25,direct,114161
11,1,26,direct,86781
11,1,27,direct,82975
11,1,28,direct,132449
11,1,29,direct,85268
11,1,30,direct,82214
11,1,31,direct,82505
11,1,32,direct,82474
11,1,33,direct,85299
11,1,34,direct,82023
11,1,35,direct,82254
11,1,36,direct,122585
11,1,37,direct,85219
11,1,38,direct,85238
11,1,39,direct,82464
11,1,40,direct,171158
11,1,41,direct,84277
11,1,42,direct,86009
11,1,43,direct,89365
11,1,44,direct,83316
11,1,45,direct,85619
11,1,46,direct,117918
11,1,47,direct,85619
11,1,48,direct,82604
11,1,49,direct,82574
11,1,50,direct,83165
11,1,51,direct,85218
11,1,52,direct,82204
11,1,53,direct,82374
11,1,54,direct,110466
11,1,55,direct,84207
11,1,56,direct,108163
11,1,57,direct,91217
11,1,58,direct,86290
11,1,59,direct,84277
11,1,60,direct,86550
11,1,61,direct,83505
11,1,62,direct,84457
11,1,63,direct,84787
11,1,64,direct,85849
11,1,65,direct,82304
11,1,66,direct,84598
11,1,67,direct,102764
11,1,68,direct,88904
11,1,69,direct,84006
11,1,70,direct,82694
11,1,71,direct,83305
11,1,72,direct,87121
11,1,73,direct,82614
11,1,74,direct,83676
11,1,75,direct,85799
11,1,76,direct,83105
11,1,77,direct,85138
11,1,78,direct,84076
11,1,79,direct,101292
11,1,80,direct,84097
11,1,81,direct,84187
11,1,82,direct,85709
11,1,83,direct,82734
11,1,84,direct,82053
11,1,85,direct,82634
11,1,86,direct,85018
11,1,87,direct,85378
11,1,88,direct,84036
11,1,89,direct,85509
11,1,90,direct,102624
11,1,91,direct,86671
11,1,92,direct,83696
11,1,93,direct,82664
11,1,94,direct,83746
11,1,95,direct,84287
11,1,96,direct,84467
11,1,97,direct,84086
11,1,98,direct,116255
11,1,99,direct,92950
11,1,100,direct,83746
11,1,101,direct,107432
11,1,102,direct,94482
11,1,103,direct,84267
11,1,104,direct,84858
11,1,105,direct,84528
11,1,106,direct,82555
11,1,107,direct,85729
11,1,108,direct,83375
11,1,109,direct,85128
11,1,110,direct,84077
11,1,111,direct,110016
11,1,112,direct,96825
11,1,113,direct,83105
11,1,114,direct,83666
11,1,115,direct,82524
11,1,116,direct,83876
11,1,117,direct,86200
11,1,118,direct,157186
11,1,119,direct,87702
11,1,120,direct,85028
11,1,121,direct,91588
11,1,122,direct,131448
11,1,123,direct,85128
11,1,124,direct,82223
11,1,125,direct,84617
11,1,126,direct,83666
11,1,127,direct,83095
12,0,0,direct,84518
12,0,1,direct,82975
12,0,2,direct,132379
12,0,3,direct,87812
12,0,4,direct,88994
12,0,5,direct,86761
12,0,6,direct,83716
12,0,7,direct,84056
12,0,8,direct,84267
12,0,9,direct,82073
12,0,10,direct,84127
12,0,11,direct,81943
12,0,12,direct,111207
12,0,13,direct,88453
12,0,14,direct,83786
12,0,15,direct,100911
12,0,16,direct,84277
12,0,17,direct,83425
12,0,18,direct,156256
12,0,19,direct,84697
12,0,20,direct,83756
12,0,21,direct,174652
12,0,22,direct,92469
12,0,23,direct,86910
12,0,24,direct,110486
12,0,25,direct,92439
12,0,26,direct,85759
12,0,27,direct,84948
12,0,28,direct,86790
12,0,29,direct,85028
12,0,30,direct,82795
12,0,31,direct,83856
12,0,32,direct,85108
12,0,33,direct,90957
12,0,34,direct,88182
12,0,35,direct,102985
12,0,36,direct,85338
12,0,37,direct,84146
12,0,38,direct,84718
12,0,39,direct,83836
12,0,40,direct,83225
12,0,41,direct,87151
12,0,42,direct,88382
12,0,43,direct,83756
12,0,44,direct,83296
12,0,45,direct,84127
12,0,46,direct,98699
12,0,47,direct,91237
12,0,48,direct,82894
12,0,49,direct,84317
12,0,50,direct,85799
12,0,51,direct,82794
12,0,52,direct,81743
12,0,53,direct,244888
12,0,54,direct,101793
12,0,55,direct,84477
12,0,56,direct,138609
12,0,57,direct,140462
12,0,58,direct,213401
12,0,59,direct,85819
12,0,60,direct,83235
12,0,61,direct,83856
12,0,62,direct,89095
12,0,63,direct,85639
12,0,64,direct,105368
12,0,65,direct,93902
12,0,66,direct,84668
12,0,67,direct,83145
12,0,68,direct,84437
12,0,69,direct,83746
12,0,70,direct,84688
12,0,71,direct,83897
12,0,72,direct,82924
12,0,73,direct,83847
12,0,74,direct,84777
12,0,75,direct,82324
12,0,76,direct,113601
12,0,77,direct,84728
12,0,78,direct,147112
12,0,79,direct,94682
12,0,80,direct,84317
12,0,81,direct,154963
12,0,82,direct,88443
12,0,83,direct,83906
12,0,84,direct,85158
12,0,85,direct,137657
12,0,86,direct,93050
12,0,87,direct,83706
12,0,88,direct,84858
12,0,89,direct,84508
12,0,90,direct,82875
12,0,91,direct,82975
12,0,92,direct,81693
12,0,93,direct,125129
12,0,94,direct,83245
12,0,95,direct,100131
12,0,96,direct,88583
12,0,97,direct,82484
12,0,98,direct,110035
12,0,99,direct,89444
12,0,100,direct,82695
12,0,101,direct,84938
12,0,102,direct,82334
12,0,103,direct,88564
12,0,104,direct,127272
12,0,105,direct,86470
12,0,106,direct,118167
12,0,107,direct,85679
12,0,108,direct,83406
12,0,109,direct,83406
12,0,110,direct,82034
12,0,111,direct,84517
12,0,112,direct,159901
12,0,113,direct,86380
12,0,114,direct,84828
12,0,115,direct,81453
12,0,116,direct,108804
12,0,117,direct,85078
12,0,118,direct,85559
12,0,119,direct,82905
12,0,120,direct,84747
12,0,121,direct,84968
12,0,122,direct,83926
12,0,123,direct,82714
12,0,124,direct,84417
12,0,125,direct,83746
12,0,126,direct,83796
12,0,127,direct,99349
12,1,0,deadpool,185359
12,1,1,deadpool,68663
12,1,2,deadpool,70827
12,1,3,deadpool,66701
12,1,4,deadpool,64146
12,1,5,deadpool,64417
12,1,6,deadpool,233050
12,1,7,deadpool,109535
12,1,8,deadpool,66099
12,1,9,deadpool,81312
12,1,10,deadpool,67151
12,1,11,deadpool,114242
12,1,12,deadpool,78448
12,1,13,deadpool,67161
12,1,14,deadpool,64127
12,1,15,deadpool,63996
12,1,16,deadpool,63726
12,1,17,deadpool,161733
12,1,18,deadpool,79520
12,1,19,deadpool,66601
12,1,20,deadpool,142234
12,1,21,deadpool,69825
12,1,22,deadpool,65979
12,1,23,deadpool,159861
12,1,24,deadpool,71558
12,1,25,deadpool,71598
12,1,26,deadpool,68222
12,1,27,deadpool,139440
12,1,28,deadpool,70046
12,1,29,deadpool,64948
12,1,30,deadpool,90046
12,1,31,deadpool,89054
12,1,32,deadpool,68293
12,1,33,deadpool,63916
12,1,34,deadpool,64828
12,1,35,deadpool,64908
12,1,36,deadpool,70176
12,1,37,deadpool,64818
12,1,38,deadpool,63936
12,1,39,deadpool,64026
12,1,40,deadpool,65178
12,1,41,deadpool,68593
12,1,42,deadpool,65359
12,1,43,deadpool,65208
12,1,44,deadpool,65017
12,1,45,deadpool,107091
12,1,46,deadpool,156886
12,1,47,deadpool,70116
12,1,48,deadpool,64797
12,1,49,deadpool,63836
12,1,50,deadpool,93380
12,1,51,deadpool,71197
12,1,52,deadpool,64978
12,1,53,deadpool,64066
12,1,54,deadpool,120240
12,1,55,deadpool,89004
12,1,56,deadpool,68042
12,1,57,deadpool,63695
12,1,58,deadpool,153241
12,1,59,deadpool,70867
12,1,60,deadpool,64948
12,1,61,deadpool,66710
12,1,62,deadpool,122204
12,1,63,deadpool,67501
12,1,64,deadpool,63615
12,1,65,deadpool,164116
12,1,66,deadpool,86961
12,1,67,deadpool,69515
12,1,68,deadpool,64778
12,1,69,deadpool,64817
12,1,70,deadpool,63325
12,1,71,deadpool,65799
12,1,72,deadpool,64828
12,1,73,deadpool,63886
12,1,74,deadpool,63025
12,1,75,deadpool,62885
12,1,76,deadpool,65328
12,1,77,deadpool,63967
12,1,78,deadpool,180081
12,1,79,deadpool,82754
12,1,80,deadpool,75313
12,1,81,deadpool,66540
12,1,82,deadpool,87091
12,1,83,deadpool,64207
12,1,84,deadpool,64256
12,1,85,deadpool,208113
12,1,86,deadpool,79610
12,1,87,deadpool,67582
12,1,88,deadpool,104828
12,1,89,deadpool,70296
12,1,90,deadpool,70976
12,1,91,deadpool,64717
12,1,92,deadpool,62955
12,1,93,deadpool,64107
12,1,94,deadpool,63726
12,1,95,deadpool,69494
12,1,96,deadpool,63465
12,1,97,deadpool,63185
12,1,98,deadpool,82955
12,1,99,deadpool,69465
12,1,100,deadpool,67842
12,1,101,deadpool,64567
12,1,102,deadpool,232910
12,1,103,deadpool,73430
12,1,104,deadpool,69945
12,1,105,deadpool,120942
12,1,106,deadpool,65919
12,1,107,deadpool,64937
12,1,108,deadpool,65318
12,1,109,deadpool,64297
12,1,110,deadpool,157136
12,1,111,deadpool,70866
12,1,112,deadpool,105048
12,1,113,deadpool,68052
12,1,114,deadpool,63475
12,1,115,deadpool,67601
12,1,116,deadpool,65168
12,1,117,deadpool,65128
12,1,118,deadpool,65979
12,1,119,deadpool,64096
12,1,120,deadpool,67021
12,1,121,deadpool,64307
12,1,122,deadpool,63686
12,1,123,deadpool,63245
12,1,124,deadpool,69314
12,1,125,deadpool,107823
12,1,126,deadpool,119750
12,1,127,deadpool,69164
13,0,0,deadpool,106900
13,0,1,deadpool,76405
13,0,2,deadpool,262515
13,0,3,deadpool,168594
13,0,4,deadpool,170867
13,0,5,deadpool,90706
13,0,6,deadpool,78989
13,0,7,deadpool,66791
13,0,8,deadpool,74703
13,0,9,deadpool,67091
13,0,10,deadpool,64718
13,0,11,deadpool,65648
13,0,12,deadpool,65578
13,0,13,deadpool,64777
13,0,14,deadpool,99070
13,0,15,deadpool,70586
13,0,16,deadpool,66731
13,0,17,deadpool,198839
13,0,18,deadpool,75284
13,0,19,deadpool,63926
13,0,20,deadpool,63725
13,0,21,deadpool,71067
13,0,22,deadpool,171839
13,0,23,deadpool,68713
13,0,24,deadpool,66009
13,0,25,deadpool,65399
13,0,26,deadpool,66661
13,0,27,deadpool,65969
13,0,28,deadpool,111318
13,0,29,deadpool,81012
13,0,30,deadpool,65298
13,0,31,deadpool,66360
13,0,32,deadpool,64707
13,0,33,deadpool,64847
13,0,34,deadpool,66380
13,0,35,deadpool,65338
13,0,36,deadpool,126771
13,0,37,deadpool,69134
13,0,38,deadpool,64717
13,0,39,deadpool,64057
13,0,40,deadpool,67371
13,0,41,deadpool,92820
13,0,42,deadpool,82655
13,0,43,deadpool,113691
13,0,44,deadpool,73430
13,0,45,deadpool,70796
13,0,46,deadpool,69074
13,0,47,deadpool,67622
13,0,48,deadpool,64557
13,0,49,deadpool,64227
13,0,50,deadpool,72520
13,0,51,deadpool,66861
13,0,52,deadpool,63255
13,0,53,deadpool,175564
13,0,54,deadpool,79279
13,0,55,deadpool,68723
13,0,56,deadpool,65989
13,0,57,deadpool,63796
13,0,58,deadpool,63615
13,0,59,deadpool,190686
13,0,60,deadpool,71528
13,0,61,deadpool,88944
13,0,62,deadpool,72449
13,0,63,deadpool,64427
13,0,64,deadpool,64227
13,0,65,deadpool,105349
13,0,66,deadpool,68043
13,0,67,deadpool,64377
13,0,68,deadpool,63506
13,0,69,deadpool,65088
13,0,70,deadpool,65849
13,0,71,deadpool,64477
13,0,72,deadpool,63876
13,0,73,deadpool,70176
13,0,74,deadpool,155033
13,0,75,deadpool,69054
13,0,76,deadpool,63796
13,0,77,deadpool,62904
13,0,78,deadpool,93971
13,0,79,deadpool,66190
13,0,80,deadpool,65970
13,0,81,deadpool,65478
13,0,82,deadpool,443637
13,0,83,deadpool,88053
13,0,84,deadpool,76014
13,0,85,deadpool,64908
13,0,86,deadpool,116645
13,0,87,deadpool,69815
13,0,88,deadpool,64787
13,0,89,deadpool,163686
13,0,90,deadpool,71798
13,0,91,deadpool,65108
13,0,92,deadpool,66610
13,0,93,deadpool,64447
13,0,94,deadpool,70346
13,0,95,deadpool,63997
13,0,96,deadpool,64637
13,0,97,deadpool,63346
13,0,98,deadpool,112209
13,0,99,deadpool,217057
13,0,100,deadpool,78027
13,0,101,deadpool,66521
13,0,102,deadpool,64867
13,0,103,deadpool,63295
13,0,104,deadpool,66821
13,0,105,deadpool,63396
13,0,106,deadpool,105388
13,0,107,deadpool,68593
13,0,108,deadpool,63776
13,0,109,deadpool,139921
13,0,110,deadpool,80541
13,0,111,deadpool,65439
13,0,112,deadpool,63706
13,0,113,deadpool,65248
13,0,114,deadpool,67642
13,0,115,deadpool,64197
13,0,116,deadpool,64227
13,0,117,deadpool,64287
13,0,118,deadpool,62824
13,0,119,deadpool,65709
13,0,120,deadpool,64758
13,0,121,deadpool,63165
13,0,122,deadpool,63406
13,0,123,deadpool,102734
13,0,124,deadpool,69585
13,0,125,deadpool,63866
13,0,126,deadpool,63555
13,0,127,deadpool,63605
13,1,0,direct,350928
13,1,1,direct,112028
13,1,2,direct,88083
13,1,3,direct,85599
13,1,4,direct,121563
13,1,5,direct,84708
13,1,6,direct,176826
13,1,7,direct,98037
13,1,8,direct,85699
13,1,9,direct,137056
13,1,10,direct,96986
13,1,11,direct,86701
13,1,12,direct,84337
13,1,13,direct,155654
13,1,14,direct,85398
13,1,15,direct,85810
13,1,16,direct,83445
13,1,17,direct,82614
13,1,18,direct,85138
13,1,19,direct,83345
13,1,20,direct,114873
13,1,21,direct,133361
13,1,22,direct,113511
13,1,23,direct,90245
13,1,24,direct,85339
13,1,25,direct,88593
13,1,26,direct,84417
13,1,27,direct,83255
13,1,28,direct,83926
13,1,29,direct,84597
13,1,30,direct,99499
13,1,31,direct,83445
13,1,32,direct,84187
13,1,33,direct,93281
13,1,34,direct,98007
13,1,35,direct,87772
13,1,36,direct,86230
13,1,37,direct,83315
13,1,38,direct,82404
13,1,39,direct,85228
13,1,40,direct,84847
13,1,41,direct,83055
13,1,42,direct,85199
13,1,43,direct,82664
13,1,44,direct,196315
13,1,45,direct,140221
13,1,46,direct,98749
13,1,47,direct,96836
13,1,48,direct,85208
13,1,49,direct,83926
13,1,50,direct,87001
13,1,51,direct,83726
13,1,52,direct,82785
13,1,53,direct,91348
13,1,54,direct,113100
13,1,55,direct,85078
13,1,56,direct,83676
13,1,57,direct,84988
13,1,58,direct,87011
13,1,59,direct,86270
13,1,60,direct,82634
13,1,61,direct,83756
13,1,62,direct,133531
13,1,63,direct,86260
13,1,64,direct,155805
13,1,65,direct,443978
13,1,66,direct,93981
13,1,67,direct,85729
13,1,68,direct,85959
13,1,69,direct,145008
13,1,70,direct,125689
13,1,71,direct,85048
13,1,72,direct,82574
13,1,73,direct,86080
13,1,74,direct,84718
13,1,75,direct,85819
13,1,76,direct,83716
13,1,77,direct,84717
13,1,78,direct,83495
13,1,79,direct,98438
13,1,80,direct,99660
13,1,81,direct,88243
13,1,82,direct,84687
13,1,83,direct,118398
13,1,84,direct,86931
13,1,85,direct,83656
13,1,86,direct,86621
13,1,87,direct,82985
13,1,88,direct,84347
13,1,89,direct,84877
13,1,90,direct,85078
13,1,91,direct,115204
13,1,92,direct,86540
13,1,93,direct,82895
13,1,94,direct,101814
13,1,95,direct,83706
13,1,96,direct,83145
13,1,97,direct,84457
13,1,98,direct,83866
13,1,99,direct,107932
13,1,100,direct,87071
13,1,101,direct,84307
13,1,102,direct,95013
13,1,103,direct,84006
13,1,104,direct,83656
13,1,105,direct,83475
13,1,106,direct,82825
13,1,107,direct,82794
13,1,108,direct,88293
13,1,109,direct,84728
13,1,110,direct,83025
13,1,111,direct,82133
13,1,112,direct,84968
13,1,113,direct,104107
13,1,114,direct,85870
13,1,115,direct,82304
13,1,116,direct,83265
13,1,117,direct,82734
13,1,118,direct,83246
13,1,119,direct,82554
13,1,120,direct,85128
13,1,121,direct,84998
13,1,122,direct,82865
13,1,123,direct,82854
13,1,124,direct,82594
13,1,125,direct,107762
13,1,126,direct,84277
13,1,127,direct,83316
14,0,0,direct,84036
14,0,1,direct,81803
14,0,2,direct,83065
14,0,3,direct,87041
14,0,4,direct,90386
14,0,5,direct,85719
14,0,6,direct,81853
14,0,7,direct,83025
14,0,8,direct,101002
14,0,9,direct,87211
14,0,10,direct,83586
14,0,11,direct,83415
14,0,12,direct,81843
14,0,13,direct,82935
14,0,14,direct,86379
14,0,15,direct,83485
14,0,16,direct,109625
14,0,17,direct,87321
14,0,18,direct,82825
14,0,19,direct,100041
14,0,20,direct,85819
14,0,21,direct,83796
14,0,22,direct,81412
14,0,23,direct,83546
14,0,24,direct,90596
14,0,25,direct,83395
14,0,26,direct,83566
14,0,27,direct,300983
14,0,28,direct,126460
14,0,29,direct,89194
14,0,30,direct,83666
14,0,31,direct,83766
14,0,32,direct,82904
14,0,33,direct,83085
14,0,34,direct,85108
14,0,35,direct,83145
14,0,36,direct,83075
14,0,37,direct,82735
14,0,38,direct,82694
14,0,39,direct,102184
14,0,40,direct,105909
14,0,41,direct,83936
14,0,42,direct,84878
14,0,43,direct,84497
14,0,44,direct,86390
14,0,45,direct,85138
14,0,46,direct,84748
14,0,47,direct,89975
14,0,48,direct,82694
14,0,49,direct,84257
14,0,50,direct,100722
14,0,51,direct,83826
14,0,52,direct,82114
14,0,53,direct,83696
14,0,54,direct,84227
14,0,55,direct,84567
14,0,56,direct,85569
14,0,57,direct,84067
14,0,58,direct,163976
14,0,59,direct,97316
14,0,60,direct,132078
14,0,61,direct,91738
14,0,62,direct,77246
14,0,63,direct,83406
14,0,64,direct,83516
14,0,65,direct,83766
14,0,66,direct,84757
14,0,67,direct,83525
14,0,68,direct,86059
14,0,69,direct,82304
14,0,70,direct,84467
14,0,71,direct,105319
14,0,72,direct,86220
14,0,73,direct,83887
14,0,74,direct,97948
14,0,75,direct,85919
14,0,76,direct,83115
14,0,77,direct,85048
14,0,78,direct,85218
14,0,79,direct,83625
14,0,80,direct,82725
14,0,81,direct,83255
14,0,82,direct,97266
14,0,83,direct,88253
14,0,84,direct,82985
14,0,85,direct,88173
14,0,86,direct,85940
14,0,87,direct,86480
14,0,88,direct,84747
14,0,89,direct,83896
14,0,90,direct,84597
14,0,91,direct,83616
14,0,92,direct,84027
14,0,93,direct,96575
14,0,94,direct,86490
14,0,95,direct,83345
14,0,96,direct,83135
14,0,97,direct,122715
14,0,98,direct,90566
14,0,99,direct,83525
14,0,100,direct,83475
14,0,101,direct,104928
14,0,102,direct,90376
14,0,103,direct,82984
14,0,104,direct,117877
14,0,105,direct,87712
14,0,106,direct,89845
14,0,107,direct,85319
14,0,108,direct,83926
14,0,109,direct,84347
14,0,110,direct,83976
14,0,111,direct,440233
14,0,112,direct,101372
14,0,113,direct,85819
14,0,114,direct,83535
14,0,115,direct,83535
14,0,116,direct,83876
14,0,117,direct,88373
14,0,118,direct,82615
14,0,119,direct,83676
14,0,120,direct,84507
14,0,121,direct,87081
14,0,122,direct,100912
14,0,123,direct,86249
14,0,124,direct,84307
14,0,125,direct,84186
14,0,126,direct,83716
14,0,127,direct,84848
14,1,0,deadpool,193030
14,1,1,deadpool,70045
14,1,2,deadpool,65298
14,1,3,deadpool,64297
14,1,4,deadpool,65989
14,1,5,deadpool,81763
14,1,6,deadpool,71638
14,1,7,deadpool,64517
14,1,8,deadpool,63565
14,1,9,deadpool,66059
14,1,10,deadpool,63245
14,1,11,deadpool,63115
14,1,12,deadpool,64517
14,1,13,deadpool,63575
14,1,14,deadpool,110826
14,1,15,deadpool,106450
14,1,16,deadpool,67341
14,1,17,deadpool,64508
14,1,18,deadpool,81052
14,1,19,deadpool,140070
14,1,20,deadpool,292710
14,1,21,deadpool,69966
14,1,22,deadpool,167231
14,1,23,deadpool,77376
14,1,24,deadpool,68052
14,1,25,deadpool,64027
14,1,26,deadpool,63345
14,1,27,deadpool,94672
14,1,28,deadpool,71418
14,1,29,deadpool,64147
14,1,30,deadpool,63145
14,1,31,deadpool,63435
14,1,32,deadpool,63366
14,1,33,deadpool,68443
14,1,34,deadpool,64417
14,1,35,deadpool,64827
14,1,36,deadpool,64327
14,1,37,deadpool,64777
14,1,38,deadpool,68553
14,1,39,deadpool,64507
14,1,40,deadpool,64897
14,1,41,deadpool,83105
14,1,42,deadpool,72159
14,1,43,deadpool,125979
14,1,44,deadpool,67872
14,1,45,deadpool,64447
14,1,46,deadpool,66130
14,1,47,deadpool,65949
14,1,48,deadpool,65309
14,1,49,deadpool,63596
14,1,50,deadpool,62714
14,1,51,deadpool,64727
14,1,52,deadpool,65489
14,1,53,deadpool,65248
14,1,54,deadpool,91788
14,1,55,deadpool,71087
14,1,56,deadpool,68854
14,1,57,deadpool,65469
14,1,58,deadpool,72329
14,1,59,deadpool,105849
14,1,60,deadpool,66590
14,1,61,deadpool,64286
14,1,62,deadpool,96455
14,1,63,deadpool,91247
14,1,64,deadpool,68493
14,1,65,deadpool,68353
14,1,66,deadpool,65629
14,1,67,deadpool,123296
14,1,68,deadpool,69865
14,1,69,deadpool,65458
14,1,70,deadpool,64226
14,1,71,deadpool,63546
14,1,72,deadpool,70787
14,1,73,deadpool,68824
14,1,74,deadpool,68473
14,1,75,deadpool,63896
14,1,76,deadpool,63065
14,1,77,deadpool,72128
14,1,78,deadpool,64948
14,1,79,deadpool,63565
14,1,80,deadpool,142985
14,1,81,deadpool,326200
14,1,82,deadpool,77427
14,1,83,deadpool,64236
14,1,84,deadpool,63525
14,1,85,deadpool,65399
14,1,86,deadpool,65288
14,1,87,deadpool,131487
14,1,88,deadpool,350597
14,1,89,deadpool,78778
14,1,90,deadpool,65008
14,1,91,deadpool,282225
14,1,92,deadpool,88353
14,1,93,deadpool,66319
14,1,94,deadpool,141032
14,1,95,deadpool,127592
14,1,96,deadpool,68133
14,1,97,deadpool,142385
14,1,98,deadpool,144608
14,1,99,deadpool,67061
14,1,100,deadpool,110086
14,1,101,deadpool,108663
14,1,102,deadpool,152029
14,1,103,deadpool,91337
14,1,104,deadpool,89285
14,1,105,deadpool,64738
14,1,106,deadpool,62844
14,1,107,deadpool,65278
14,1,108,deadpool,63796
14,1,109,deadpool,68693
14,1,110,deadpool,64297
14,1,111,deadpool,63726
14,1,112,deadpool,119510
14,1,113,deadpool,71978
14,1,114,deadpool,65599
14,1,115,deadpool,67752
14,1,116,deadpool,399521
14,1,117,deadpool,68953
14,1,118,deadpool,65219
14,1,119,deadpool,63946
14,1,120,deadpool,63967
14,1,121,deadpool,82775
14,1,122,deadpool,72449
14,1,123,deadpool,63866
14,1,124,deadpool,63465
14,1,125,deadpool,62954
14,1,126,deadpool,111608
14,1,127,deadpool,83515
15,0,0,deadpool,70385
15,0,1,deadpool,64016
15,0,2,deadpool,63255
15,0,3,deadpool,65358
15,0,4,deadpool,311749
15,0,5,deadpool,83976
15,0,6,deadpool,61152
15,0,7,deadpool,194322
15,0,8,deadpool,82223
15,0,9,deadpool,131037
15,0,10,deadpool,68132
15,0,11,deadpool,62814
15,0,12,deadpool,63336
15,0,13,deadpool,65088
15,0,14,deadpool,63426
15,0,15,deadpool,63075
15,0,16,deadpool,89144
15,0,17,deadpool,66390
15,0,18,deadpool,67501
15,0,19,deadpool,84186
15,0,20,deadpool,139480
15,0,21,deadpool,75374
15,0,22,deadpool,64797
15,0,23,deadpool,67281
15,0,24,deadpool,65018
15,0,25,deadpool,64638
15,0,26,deadpool,65128
15,0,27,deadpool,66721
15,0,28,deadpool,64918
15,0,29,deadpool,62845
15,0,30,deadpool,63746
15,0,31,deadpool,63616
15,0,32,deadpool,68733
15,0,33,deadpool,117136
15,0,34,deadpool,66930
15,0,35,deadpool,63665
15,0,36,deadpool,64236
15,0,37,deadpool,71167
15,0,38,deadpool,64047
15,0,39,deadpool,63646
15,0,40,deadpool,64297
15,0,41,deadpool,64908
15,0,42,deadpool,68904
15,0,43,deadpool,63696
15,0,44,deadpool,63406
15,0,45,deadpool,63916
15,0,46,deadpool,62945
15,0,47,deadpool,87531
15,0,48,deadpool,70336
15,0,49,deadpool,64517
15,0,50,deadpool,63766
15,0,51,deadpool,64467
15,0,52,deadpool,65669
15,0,53,deadpool,66410
15,0,54,deadpool,64376
15,0,55,deadpool,67101
15,0,56,deadpool,63986
15,0,57,deadpool,65268
15,0,58,deadpool,64357
15,0,59,deadpool,67191
15,0,60,deadpool,177867
15,0,61,deadpool,74432
15,0,62,deadpool,89054
15,0,63,deadpool,65118
15,0,64,deadpool,63666
15,0,65,deadpool,63045
15,0,66,deadpool,63225
15,0,67,deadpool,64837
15,0,68,deadpool,63196
15,0,69,deadpool,92259
15,0,70,deadpool,73240
15,0,71,deadpool,64307
15,0,72,deadpool,82955
15,0,73,deadpool,70526
15,0,74,deadpool,63475
15,0,75,deadpool,65007
15,0,76,deadpool,69514
15,0,77,deadpool,63485
15,0,78,deadpool,63305
15,0,79,deadpool,64547
15,0,80,deadpool,64177
15,0,81,deadpool,66651
15,0,82,deadpool,63706
15,0,83,deadpool,63896
15,0,84,deadpool,63135
15,0,85,deadpool,63646
15,0,86,deadpool,67712
15,0,87,deadpool,76766
15,0,88,deadpool,73230
15,0,89,deadpool,212079
15,0,90,deadpool,81232
15,0,91,deadpool,67401
15,0,92,deadpool,63927
15,0,93,deadpool,63516
15,0,94,deadpool,63585
15,0,95,deadpool,63876
15,0,96,deadpool,66350
15,0,97,deadpool,63886
15,0,98,deadpool,63546
15,0,99,deadpool,94582
15,0,100,deadpool,70466
15,0,101,deadpool,66710
15,0,102,deadpool,64016
15,0,103,deadpool,63266
15,0,104,deadpool,64206
15,0,105,deadpool,131778
15,0,106,deadpool,82975
15,0,107,deadpool,65318
15,0,108,deadpool,64557
15,0,109,deadpool,63776
15,0,110,deadpool,70176
15,0,111,deadpool,131317
15,0,112,deadpool,86069
15,0,113,deadpool,64527
15,0,114,deadpool,64077
15,0,115,deadpool,64397
15,0,116,deadpool,149435
15,0,117,deadpool,64938
15,0,118,deadpool,63345
15,0,119,deadpool,64778
15,0,120,deadpool,68113
15,0,121,deadpool,99991
15,0,122,deadpool,318990
15,0,123,deadpool,130947
15,0,124,deadpool,72359
15,0,125,deadpool,67252
15,0,126,deadpool,64757
15,0,127,deadpool,63685
15,1,0,direct,245279
15,1,1,direct,94292
15,1,2,direct,138508
15,1,3,direct,89815
15,1,4,direct,88593
15,1,5,direct,85348
15,1,6,direct,83275
15,1,7,direct,84717
15,1,8,direct,85208
15,1,9,direct,84076
15,1,10,direct,84136
15,1,11,direct,83165
15,1,12,direct,85138
15,1,13,direct,99219
15,1,14,direct,87571
15,1,15,direct,84207
15,1,16,direct,84237
15,1,17,direct,85849
15,1,18,direct,83566
15,1,19,direct,84196
15,1,20,direct,83846
15,1,21,direct,83455
15,1,22,direct,87482
15,1,23,direct,83666
15,1,24,direct,86430
15,1,25,direct,111077
15,1,26,direct,84046
15,1,27,direct,84327
15,1,28,direct,81973
15,1,29,direct,84557
15,1,30,direct,82794
15,1,31,direct,83936
15,1,32,direct,83115
15,1,33,direct,110516
15,1,34,direct,85879
15,1,35,direct,173311
15,1,36,direct,116515
15,1,37,direct,85409
15,1,38,direct,83365
15,1,39,direct,83735
15,1,40,direct,84507
15,1,41,direct,84707
15,1,42,direct,87362
15,1,43,direct,83656
15,1,44,direct,88012
15,1,45,direct,83916
15,1,46,direct,101382
15,1,47,direct,82704
15,1,48,direct,82284
15,1,49,direct,83746
15,1,50,direct,81493
15,1,51,direct,85339
15,1,52,direct,84197
15,1,53,direct,85128
15,1,54,direct,84147
15,1,55,direct,85920
15,1,56,direct,86110
15,1,57,direct,101112
15,1,58,direct,84177
15,1,59,direct,83295
15,1,60,direct,83295
15,1,61,direct,85318
15,1,62,direct,83355
15,1,63,direct,85869
15,1,64,direct,83535
15,1,65,direct,82754
15,1,66,direct,84627
15,1,67,direct,85068
15,1,68,direct,103075
15,1,69,direct,84597
15,1,70,direct,83756
15,1,71,direct,84788
15,1,72,direct,84327
15,1,73,direct,82434
15,1,74,direct,81673
15,1,75,direct,83986
15,1,76,direct,114702
15,1,77,direct,86610
15,1,78,direct,82654
15,1,79,direct,111928
15,1,80,direct,86310
15,1,81,direct,143476
15,1,82,direct,88043
15,1,83,direct,84447
15,1,84,direct,84337
15,1,85,direct,85359
15,1,86,direct,84737
15,1,87,direct,93521
15,1,88,direct,87051
15,1,89,direct,83486
15,1,90,direct,123906
15,1,91,direct,85699
15,1,92,direct,83806
15,1,93,direct,85178
15,1,94,direct,85058
15,1,95,direct,90857
15,1,96,direct,83586
15,1,97,direct,83987
15,1,98,direct,84026
15,1,99,direct,83906
15,1,100,direct,98187
15,1,101,direct,88493
15,1,102,direct,83806
15,1,103,direct,82725
15,1,104,direct,85929
15,1,105,direct,85269
15,1,106,direct,82885
15,1,107,direct,163425
15,1,108,direct,84477
15,1,109,direct,91157
15,1,110,direct,83435
15,1,111,direct,114442
15,1,112,direct,85559
15,1,113,direct,154132
15,1,114,direct,89024
15,1,115,direct,84517
15,1,116,direct,84186
15,1,117,direct,83365
15,1,118,direct,109544
15,1,119,direct,87242
15,1,120,direct,85469
15,1,121,direct,117526
15,1,122,direct,85589
15,1,123,direct,85599
15,1,124,direct,94001
15,1,125,direct,86289
15,1,126,direct,85529
15,1,127,direct,84097
16,0,0,direct,83295
16,0,1,direct,85989
16,0,2,direct,86290
16,0,3,direct,84607
16,0,4,direct,104247
16,0,5,direct,84427
16,0,6,direct,84888
16,0,7,direct,171748
16,0,8,direct,86871
16,0,9,direct,84748
16,0,10,direct,83886
16,0,11,direct,83896
16,0,12,direct,84237
16,0,13,direct,84006
16,0,14,direct,113371
16,0,15,direct,83746
16,0,16,direct,89795
16,0,17,direct,85339
16,0,18,direct,83786
16,0,19,direct,83406
16,0,20,direct,83326
16,0,21,direct,88343
16,0,22,direct,80841
16,0,23,direct,83175
16,0,24,direct,88083
16,0,25,direct,97127
16,0,26,direct,87762
16,0,27,direct,81973
16,0,28,direct,85138
16,0,29,direct,83375
16,0,30,direct,84166
16,0,31,direct,84236
16,0,32,direct,83386
16,0,33,direct,118308
16,0,34,direct,88313
16,0,35,direct,83987
16,0,36,direct,106851
16,0,37,direct,86190
16,0,38,direct,83666
16,0,39,direct,84517
16,0,40,direct,84437
16,0,41,direct,83816
16,0,42,direct,83576
16,0,43,direct,85499
16,0,44,direct,85268
16,0,45,direct,82795
16,0,46,direct,84798
16,0,47,direct,99770
16,0,48,direct,85909
16,0,49,direct,84196
16,0,50,direct,83846
16,0,51,direct,82343
16,0,52,direct,85479
16,0,53,direct,82515
16,0,54,direct,83726
16,0,55,direct,84718
16,0,56,direct,86931
16,0,57,direct,85840
16,0,58,direct,98819
16,0,59,direct,89404
16,0,60,direct,85569
16,0,61,direct,86180
16,0,62,direct,84627
16,0,63,direct,84047
16,0,64,direct,84788
16,0,65,direct,84347
16,0,66,direct,85709
16,0,67,direct,85819
16,0,68,direct,84197
16,0,69,direct,82945
16,0,70,direct,102044
16,0,71,direct,84317
16,0,72,direct,85078
16,0,73,direct,86160
16,0,74,direct,85519
16,0,75,direct,88573
16,0,76,direct,83956
16,0,77,direct,83807
16,0,78,direct,250897
16,0,79,direct,113801
16,0,80,direct,87952
16,0,81,direct,84807
16,0,82,direct,83485
16,0,83,direct,83896
16,0,84,direct,83185
16,0,85,direct,238348
16,0,86,direct,124467
16,0,87,direct,88763
16,0,88,direct,216866
16,0,89,direct,90447
16,0,90,direct,89584
16,0,91,direct,89054
16,0,92,direct,101222
16,0,93,direct,88393
16,0,94,direct,85679
16,0,95,direct,148163
16,0,96,direct,92019
16,0,97,direct,116996
16,0,98,direct,87792
16,0,99,direct,84648
16,0,100,direct,84547
16,0,101,direct,161183
16,0,102,direct,87892
16,0,103,direct,85959
16,0,104,direct,185979
16,0,105,direct,146140
16,0,106,direct,93440
16,0,107,direct,84497
16,0,108,direct,85699
16,0,109,direct,101733
16,0,110,direct,87141
16,0,111,direct,84267
16,0,112,direct,118458
16,0,113,direct,82935
16,0,114,direct,90927
16,0,115,direct,101793
16,0,116,direct,89354
16,0,117,direct,82965
16,0,118,direct,85088
16,0,119,direct,86581
16,0,120,direct,87622
16,0,121,direct,95864
16,0,122,direct,87461
16,0,123,direct,86329
16,0,124,direct,339861
16,0,125,direct,91477
16,0,126,direct,85949
16,0,127,direct,83396
16,1,0,deadpool,195273
16,1,1,deadpool,70135
16,1,2,deadpool,65959
16,1,3,deadpool,65759
16,1,4,deadpool,330397
16,1,5,deadpool,132980
16,1,6,deadpool,82404
16,1,7,deadpool,71107
16,1,8,deadpool,289596
16,1,9,deadpool,74622
16,1,10,deadpool,66239
16,1,11,deadpool,65899
16,1,12,deadpool,94963
16,1,13,deadpool,85589
16,1,14,deadpool,65168
16,1,15,deadpool,65238
16,1,16,deadpool,66360
16,1,17,deadpool,63856
16,1,18,deadpool,64297
16,1,19,deadpool,63867
16,1,20,deadpool,62995
16,1,21,deadpool,180081
16,1,22,deadpool,76365
16,1,23,deadpool,65368
16,1,24,deadpool,66611
16,1,25,deadpool,121142
16,1,26,deadpool,70366
16,1,27,deadpool,64998
16,1,28,deadpool,64588
16,1,29,deadpool,64537
16,1,30,deadpool,69885
16,1,31,deadpool,64127
16,1,32,deadpool,63536
16,1,33,deadpool,63916
16,1,34,deadpool,64117
16,1,35,deadpool,64958
16,1,36,deadpool,63476
16,1,37,deadpool,64097
16,1,38,deadpool,64737
16,1,39,deadpool,80371
16,1,40,deadpool,73080
16,1,41,deadpool,115094
16,1,42,deadpool,66440
16,1,43,deadpool,66300
16,1,44,deadpool,66009
16,1,45,deadpool,65719
16,1,46,deadpool,63225
16,1,47,deadpool,64657
16,1,48,deadpool,64527
16,1,49,deadpool,63605
16,1,50,deadpool,140051
16,1,51,deadpool,96375
16,1,52,deadpool,90967
16,1,53,deadpool,66159
16,1,54,deadpool,64087
16,1,55,deadpool,67692
16,1,56,deadpool,64397
16,1,57,deadpool,65178
16,1,58,deadpool,64878
16,1,59,deadpool,63626
16,1,60,deadpool,65859
16,1,61,deadpool,67472
16,1,62,deadpool,63696
16,1,63,deadpool,63806
16,1,64,deadpool,64017
16,1,65,deadpool,391379
16,1,66,deadpool,109425
16,1,67,deadpool,69053
16,1,68,deadpool,75493
16,1,69,deadpool,69845
16,1,70,deadpool,87442
16,1,71,deadpool,75643
16,1,72,deadpool,67171
16,1,73,deadpool,64618
16,1,74,deadpool,110065
16,1,75,deadpool,74552
16,1,76,deadpool,64067
16,1,77,deadpool,64667
16,1,78,deadpool,64897
16,1,79,deadpool,66260
16,1,80,deadpool,65568
16,1,81,deadpool,64667
16,1,82,deadpool,63806
16,1,83,deadpool,64287
16,1,84,deadpool,68473
16,1,85,deadpool,74563
16,1,86,deadpool,67542
16,1,87,deadpool,65478
16,1,88,deadpool,162384
16,1,89,deadpool,72299
16,1,90,deadpool,65349
16,1,91,deadpool,64828
16,1,92,deadpool,63716
16,1,93,deadpool,63766
16,1,94,deadpool,68112
16,1,95,deadpool,63946
16,1,96,deadpool,65729
16,1,97,deadpool,64798
16,1,98,deadpool,63726
16,1,99,deadpool,66550
16,1,100,deadpool,64647
16,1,101,deadpool,104948
16,1,102,deadpool,69755
16,1,103,deadpool,65028
16,1,104,deadpool,66449
16,1,105,deadpool,64447
16,1,106,deadpool,67832
16,1,107,deadpool,68003
16,1,108,deadpool,68894
16,1,109,deadpool,65028
16,1,110,deadpool,64818
16,1,111,deadpool,62945
16,1,112,deadpool,64868
16,1,113,deadpool,63605
16,1,114,deadpool,67021
16,1,115,deadpool,85018
16,1,116,deadpool,66690
16,1,117,deadpool,65279
16,1,118,deadpool,63916
16,1,119,deadpool,66620
16,1,120,deadpool,65699
16,1,121,deadpool,65789
16,1,122,deadpool,65378
16,1,123,deadpool,63695
16,1,124,deadpool,65689
16,1,125,deadpool,63295
16,1,126,deadpool,73741
16,1,127,deadpool,65749
17,0,0,deadpool,64297
17,0,1,deadpool,82094
17,0,2,deadpool,69174
17,0,3,deadpool,64708
17,0,4,deadpool,65028
17,0,5,deadpool,65499
17,0,6,deadpool,67161
17,0,7,deadpool,63996
17,0,8,deadpool,172689
17,0,9,deadpool,77026
17,0,10,deadpool,65769
17,0,11,deadpool,67041
17,0,12,deadpool,63816
17,0,13,deadpool,63275
17,0,14,deadpool,114262
17,0,15,deadpool,73922
17,0,16,deadpool,66290
17,0,17,deadpool,63906
17,0,18,deadpool,65268
17,0,19,deadpool,63556
17,0,20,deadpool,67411
17,0,21,deadpool,64887
17,0,22,deadpool,63606
17,0,23,deadpool,64067
17,0,24,deadpool,65449
17,0,25,deadpool,72269
17,0,26,deadpool,65298
17,0,27,deadpool,63596
17,0,28,deadpool,82304
17,0,29,deadpool,65768
17,0,30,deadpool,67532
17,0,31,deadpool,63405
17,0,32,deadpool,64076
17,0,33,deadpool,64487
17,0,34,deadpool,143756
17,0,35,deadpool,75164
17,0,36,deadpool,252800
17,0,37,deadpool,214002
17,0,38,deadpool,204598
17,0,39,deadpool,73070
17,0,40,deadpool,66920
17,0,41,deadpool,64266
17,0,42,deadpool,66079
17,0,43,deadpool,63115
17,0,44,deadpool,418930
17,0,45,deadpool,222214
17,0,46,deadpool,100511
17,0,47,deadpool,92949
17,0,48,deadpool,91778
17,0,49,deadpool,91839
17,0,50,deadpool,92549
17,0,51,deadpool,90637
17,0,52,deadpool,91338
17,0,53,deadpool,180642
17,0,54,deadpool,95864
17,0,55,deadpool,94102
17,0,56,deadpool,92589
17,0,57,deadpool,93601
17,0,58,deadpool,92289
17,0,59,deadpool,93351
17,0,60,deadpool,91878
17,0,61,deadpool,90706
17,0,62,deadpool,245990
17,0,63,deadpool,94583
17,0,64,deadpool,96375
17,0,65,deadpool,155594
17,0,66,deadpool,101884
17,0,67,deadpool,92009
17,0,68,deadpool,96004
17,0,69,deadpool,211348
17,0,70,deadpool,106410
17,0,71,deadpool,92369
17,0,72,deadpool,91247
17,0,73,deadpool,92880
17,0,74,deadpool,94812
17,0,75,deadpool,93250
17,0,76,deadpool,193020
17,0,77,deadpool,103716
17,0,78,deadpool,120301
17,0,79,deadpool,99199
17,0,80,deadpool,143056
17,0,81,deadpool,154612
17,0,82,deadpool,94462
17,0,83,deadpool,90837
17,0,84,deadpool,94512
17,0,85,deadpool,90276
17,0,86,deadpool,89795
17,0,87,deadpool,112259
17,0,88,deadpool,163756
17,0,89,deadpool,128744
17,0,90,deadpool,99960
17,0,91,deadpool,92690
17,0,92,deadpool,90736
17,0,93,deadpool,168945
17,0,94,deadpool,96285
17,0,95,deadpool,232560
17,0,96,deadpool,97166
17,0,97,deadpool,91828
17,0,98,deadpool,138719
17,0,99,deadpool,99460
17,0,100,deadpool,92609
17,0,101,deadpool,302185
17,0,102,deadpool,163336
17,0,103,deadpool,101493
17,0,104,deadpool,92539
17,0,105,deadpool,87942
17,0,106,deadpool,123285
17,0,107,deadpool,90887
17,0,108,deadpool,124988
17,0,109,deadpool,101602
17,0,110,deadpool,91778
17,0,111,deadpool,123236
17,0,112,deadpool,93390
17,0,113,deadpool,92529
17,0,114,deadpool,91748
17,0,115,deadpool,91227
17,0,116,deadpool,98839
17,0,117,deadpool,97297
17,0,118,deadpool,162244
17,0,119,deadpool,94772
17,0,120,deadpool,156215
17,0,121,deadpool,95293
17,0,122,deadpool,92669
17,0,123,deadpool,91879
17,0,124,deadpool,193041
17,0,125,deadpool,100221
17,0,126,deadpool,90566
17,0,127,deadpool,93551
17,1,0,direct,238619
17,1,1,direct,114672
17,1,2,direct,86430
17,1,3,direct,85328
17,1,4,direct,85729
17,1,5,direct,87231
17,1,6,direct,83806
17,1,7,direct,95353
17,1,8,direct,88293
17,1,9,direct,193371
17,1,10,direct,98728
17,1,11,direct,86690
17,1,12,direct,84597
17,1,13,direct,84507
17,1,14,direct,83686
17,1,15,direct,84637
17,1,16,direct,108183
17,1,17,direct,96044
17,1,18,direct,84687
17,1,19,direct,113821
17,1,20,direct,91648
17,1,21,direct,86891
17,1,22,direct,92699
17,1,23,direct,89785
17,1,24,direct,85628
17,1,25,direct,82815
17,1,26,direct,85399
17,1,27,direct,84086
17,1,28,direct,93731
17,1,29,direct,90807
17,1,30,direct,151017
17,1,31,direct,87361
17,1,32,direct,84838
17,1,33,direct,84457
17,1,34,direct,92880
17,1,35,direct,117748
17,1,36,direct,85869
17,1,37,direct,85579
17,1,38,direct,85548
17,1,39,direct,113060
17,1,40,direct,97246
17,1,41,direct,85949
17,1,42,direct,84908
17,1,43,direct,85088
17,1,44,direct,83455
17,1,45,direct,84637
17,1,46,direct,84056
17,1,47,direct,84026
17,1,48,direct,85619
17,1,49,direct,86330
17,1,50,direct,98709
17,1,51,direct,87882
17,1,52,direct,85398
17,1,53,direct,83986
17,1,54,direct,83145
17,1,55,direct,86120
17,1,56,direct,85078
17,1,57,direct,83476
17,1,58,direct,84377
17,1,59,direct,134081
17,1,60,direct,87662
17,1,61,direct,136445
17,1,62,direct,88974
17,1,63,direct,148693
17,1,64,direct,98558
17,1,65,direct,85709
17,1,66,direct,86450
17,1,67,direct,85539
17,1,68,direct,85779
17,1,69,direct,80661
17,1,70,direct,121212
17,1,71,direct,302084
17,1,72,direct,88764
17,1,73,direct,83486
17,1,74,direct,85098
17,1,75,direct,84588
17,1,76,direct,84618
17,1,77,direct,84047
17,1,78,direct,84157
17,1,79,direct,98648
17,1,80,direct,104147
17,1,81,direct,84678
17,1,82,direct,84918
17,1,83,direct,84698
17,1,84,direct,83446
17,1,85,direct,83105
17,1,86,direct,80762
17,1,87,direct,84327
17,1,88,direct,88783
17,1,89,direct,84457
17,1,90,direct,83586
17,1,91,direct,105258
17,1,92,direct,84057
17,1,93,direct,85708
17,1,94,direct,85128
17,1,95,direct,83956
17,1,96,direct,83817
17,1,97,direct,83726
17,1,98,direct,83146
17,1,99,direct,135504
17,1,100,direct,86670
17,1,101,direct,93180
17,1,102,direct,90476
17,1,103,direct,86370
17,1,104,direct,86390
17,1,105,direct,84437
17,1,106,direct,84557
17,1,107,direct,83596
17,1,108,direct,85890
17,1,109,direct,84126
17,1,110,direct,85529
17,1,111,direct,152359
17,1,112,direct,123676
17,1,113,direct,84067
17,1,114,direct,84567
17,1,115,direct,85258
17,1,116,direct,85839
17,1,117,direct,85799
17,1,118,direct,83585
17,1,119,direct,83676
17,1,120,direct,83876
17,1,121,direct,84256
17,1,122,direct,84497
17,1,123,direct,123676
17,1,124,direct,87081
17,1,125,direct,86871
17,1,126,direct,84517
17,1,127,direct,86079
18,0,0,direct,85108
18,0,1,direct,84366
18,0,2,direct,84658
18,0,3,direct,82645
18,0,4,direct,275275
18,0,5,direct,105388
18,0,6,direct,86239
18,0,7,direct,83305
18,0,8,direct,84237
18,0,9,direct,88464
18,0,10,direct,86020
18,0,11,direct,84246
18,0,12,direct,114412
18,0,13,direct,86891
18,0,14,direct,140812
18,0,15,direct,155575
18,0,16,direct,86871
18,0,17,direct,83346
18,0,18,direct,119570
18,0,19,direct,90877
18,0,20,direct,85428
18,0,21,direct,85939
18,0,22,direct,137908
18,0,23,direct,126361
18,0,24,direct,96485
18,0,25,direct,85438
18,0,26,direct,85439
18,0,27,direct,85218
18,0,28,direct,83225
18,0,29,direct,84587
18,0,30,direct,85949
18,0,31,direct,86690
18,0,32,direct,85739
18,0,33,direct,84978
18,0,34,direct,1630492
18,0,35,direct,146230
18,0,36,direct,95333
18,0,37,direct,87061
18,0,38,direct,124167
18,0,39,direct,539181
18,0,40,direct,176685
18,0,41,direct,110336
18,0,42,direct,87312
18,0,43,direct,159319
18,0,44,direct,87983
18,0,45,direct,85569
18,0,46,direct,83966
18,0,47,direct,95584
18,0,48,direct,93882
18,0,49,direct,87221
18,0,50,direct,82714
18,0,51,direct,84788
18,0,52,direct,117467
18,0,53,direct,95063
18,0,54,direct,85929
18,0,55,direct,83245
18,0,56,direct,85348
18,0,57,direct,84217
18,0,58,direct,96526
18,0,59,direct,87412
18,0,60,direct,85970
18,0,61,direct,85589
18,0,62,direct,86941
18,0,63,direct,207783
18,0,64,direct,147162
18,0,65,direct,127622
18,0,66,direct,1656772
18,0,67,direct,136436
18,0,68,direct,89625
18,0,69,direct,85999
18,0,70,direct,84307
18,0,71,direct,166881
18,0,72,direct,94842
18,0,73,direct,102053
18,0,74,direct,86570
18,0,75,direct,132829
18,0,76,direct,86370
18,0,77,direct,194803
18,0,78,direct,143246
18,0,79,direct,91097
18,0,80,direct,84617
18,0,81,direct,130026
18,0,82,direct,86741
18,0,83,direct,1755952
18,0,84,direct,245219
18,0,85,direct,167392
18,0,86,direct,90045
18,0,87,direct,84998
18,0,88,direct,89214
18,0,89,direct,83946
18,0,90,direct,99990
18,0,91,direct,208634
18,0,92,direct,89705
18,0,93,direct,130917
18,0,94,direct,103335
18,0,95,direct,89805
18,0,96,direct,86931
18,0,97,direct,86249
18,0,98,direct,85949
18,0,99,direct,87121
18,0,100,direct,85869
18,0,101,direct,85208
18,0,102,direct,84247
18,0,103,direct,87572
18,0,104,direct,165119
18,0,105,direct,87752
18,0,106,direct,86089
18,0,107,direct,84557
18,0,108,direct,86249
18,0,109,direct,85669
18,0,110,direct,95874
18,0,111,direct,110486
18,0,112,direct,98659
18,0,113,direct,86490
18,0,114,direct,4209733
18,0,115,direct,106561
18,0,116,direct,87772
18,0,117,direct,83896
18,0,118,direct,82574
18,0,119,direct,82854
18,0,120,direct,83846
18,0,121,direct,84447
18,0,122,direct,85008
18,0,123,direct,115403
18,0,124,direct,116956
18,0,125,direct,86240
18,0,126,direct,84867
18,0,127,direct,85869
18,1,0,deadpool,297107
18,1,1,deadpool,108423
18,1,2,deadpool,159890
18,1,3,deadpool,223576
18,1,4,deadpool,118318
18,1,5,deadpool,96645
18,1,6,deadpool,91347
18,1,7,deadpool,93320
18,1,8,deadpool,92329
18,1,9,deadpool,94543
18,1,10,deadpool,91647
18,1,11,deadpool,134342
18,1,12,deadpool,91658
18,1,13,deadpool,93070
18,1,14,deadpool,91968
18,1,15,deadpool,90987
18,1,16,deadpool,92228
18,1,17,deadpool,91297
18,1,18,deadpool,91327
18,1,19,deadpool,92839
18,1,20,deadpool,3282958
18,1,21,deadpool,147041
18,1,22,deadpool,95033
18,1,23,deadpool,102013
18,1,24,deadpool,93811
18,1,25,deadpool,93851
18,1,26,deadpool,95724
18,1,27,deadpool,336416
18,1,28,deadpool,124837
18,1,29,deadpool,93571
18,1,30,deadpool,91017
18,1,31,deadpool,90286
18,1,32,deadpool,91178
18,1,33,deadpool,204979
18,1,34,deadpool,95754
18,1,35,deadpool,3172963
18,1,36,deadpool,136886
18,1,37,deadpool,93691
18,1,38,deadpool,94232
18,1,39,deadpool,90416
18,1,40,deadpool,93230
18,1,41,deadpool,111878
18,1,42,deadpool,114732
18,1,43,deadpool,301163
18,1,44,deadpool,98659
18,1,45,deadpool,92178
18,1,46,deadpool,92950
18,1,47,deadpool,91378
18,1,48,deadpool,90737
18,1,49,deadpool,90426
18,1,50,deadpool,90205
18,1,51,deadpool,89014
18,1,52,deadpool,5200163
18,1,53,deadpool,190156
18,1,54,deadpool,179270
18,1,55,deadpool,120942
18,1,56,deadpool,120060
18,1,57,deadpool,93250
18,1,58,deadpool,95614
18,1,59,deadpool,161893
18,1,60,deadpool,92690
18,1,61,deadpool,90937
18,1,62,deadpool,90516
18,1,63,deadpool,92208
18,1,64,deadpool,90336
18,1,65,deadpool,92179
18,1,66,deadpool,100902
18,1,67,deadpool,90667
18,1,68,deadpool,4265928
18,1,69,deadpool,137648
18,1,70,deadpool,92950
18,1,71,deadpool,91357
18,1,72,deadpool,439191
18,1,73,deadpool,219320
18,1,74,deadpool,109314
18,1,75,deadpool,130706
18,1,76,deadpool,95153
18,1,77,deadpool,92108
18,1,78,deadpool,93330
18,1,79,deadpool,91618
18,1,80,deadpool,90196
18,1,81,deadpool,337537
18,1,82,deadpool,123676
18,1,83,deadpool,211648
18,1,84,deadpool,104287
18,1,85,deadpool,92519
18,1,86,deadpool,104057
18,1,87,deadpool,154402
18,1,88,deadpool,94732
18,1,89,deadpool,90826
18,1,90,deadpool,89164
18,1,91,deadpool,89695
18,1,92,deadpool,94853
18,1,93,deadpool,91307
18,1,94,deadpool,118368
18,1,95,deadpool,91117
18,1,96,deadpool,3133544
18,1,97,deadpool,178739
18,1,98,deadpool,95994
18,1,99,deadpool,92489
18,1,100,deadpool,91759
18,1,101,deadpool,91979
18,1,102,deadpool,90807
18,1,103,deadpool,119800
18,1,104,deadpool,91778
18,1,105,deadpool,127321
18,1,106,deadpool,97947
18,1,107,deadpool,93861
18,1,108,deadpool,174072
18,1,109,deadpool,112519
18,1,110,deadpool,93831
18,1,111,deadpool,98658
18,1,112,deadpool,93571
18,1,113,deadpool,91257
18,1,114,deadpool,182594
18,1,115,deadpool,97236
18,1,116,deadpool,90806
18,1,117,deadpool,93110
18,1,118,deadpool,90967
18,1,119,deadpool,89655
18,1,120,deadpool,242094
18,1,121,deadpool,96885
18,1,122,deadpool,150787
18,1,123,deadpool,94112
18,1,124,deadpool,92750
18,1,125,deadpool,90566
18,1,126,deadpool,176205
18,1,127,deadpool,95343
19,0,0,deadpool,134402
19,0,1,deadpool,91167
19,0,2,deadpool,131227
19,0,3,deadpool,97997
19,0,4,deadpool,91868
19,0,5,deadpool,90857
19,0,6,deadpool,89986
19,0,7,deadpool,114272
19,0,8,deadpool,91287
19,0,9,deadpool,113411
19,0,10,deadpool,96765
19,0,11,deadpool,90035
19,0,12,deadpool,5214445
19,0,13,deadpool,127222
19,0,14,deadpool,93240
19,0,15,deadpool,91668
19,0,16,deadpool,90517
19,0,17,deadpool,91959
19,0,18,deadpool,95674
19,0,19,deadpool,91738
19,0,20,deadpool,88914
19,0,21,deadpool,154893
19,0,22,deadpool,95764
19,0,23,deadpool,97026
19,0,24,deadpool,92780
19,0,25,deadpool,237437
19,0,26,deadpool,110145
19,0,27,deadpool,90937
19,0,28,deadpool,93500
19,0,29,deadpool,5210969
19,0,30,deadpool,135734
19,0,31,deadpool,93150
19,0,32,deadpool,91718
19,0,33,deadpool,92709
19,0,34,deadpool,88803
19,0,35,deadpool,92599
19,0,36,deadpool,92750
19,0,37,deadpool,92960
19,0,38,deadpool,144837
19,0,39,deadpool,108814
19,0,40,deadpool,91418
19,0,41,deadpool,91367
19,0,42,deadpool,92279
19,0,43,deadpool,103857
19,0,44,deadpool,96565
19,0,45,deadpool,92399
19,0,46,deadpool,91077
19,0,47,deadpool,4163233
19,0,48,deadpool,212099
19,0,49,deadpool,94663
19,0,50,deadpool,90436
19,0,51,deadpool,173431
19,0,52,deadpool,92188
19,0,53,deadpool,157096
19,0,54,deadpool,148052
19,0,55,deadpool,102514
19,0,56,deadpool,95213
19,0,57,deadpool,97747
19,0,58,deadpool,91738
19,0,59,deadpool,93541
19,0,60,deadpool,91527
19,0,61,deadpool,115974
19,0,62,deadpool,98418
19,0,63,deadpool,92318
19,0,64,deadpool,2190225
19,0,65,deadpool,101613
19,0,66,deadpool,93311
19,0,67,deadpool,99560
19,0,68,deadpool,151498
19,0,69,deadpool,94432
19,0,70,deadpool,92630
19,0,71,deadpool,124718
19,0,72,deadpool,138038
19,0,73,deadpool,99389
19,0,74,deadpool,178198
19,0,75,deadpool,145729
19,0,76,deadpool,93772
19,0,77,deadpool,96054
19,0,78,deadpool,123957
19,0,79,deadpool,93871
19,0,80,deadpool,2208132
19,0,81,deadpool,114622
19,0,82,deadpool,101533
19,0,83,deadpool,96204
19,0,84,deadpool,99500
19,0,85,deadpool,98368
19,0,86,deadpool,90476
19,0,87,deadpool,91238
19,0,88,deadpool,98868
19,0,89,deadpool,139510
19,0,90,deadpool,93451
19,0,91,deadpool,90326
19,0,92,deadpool,92088
19,0,93,deadpool,91098
19,0,94,deadpool,89685
19,0,95,deadpool,92699
19,0,96,deadpool,110496
19,0,97,deadpool,93942
19,0,98,deadpool,93570
19,0,99,deadpool,2208933
19,0,100,deadpool,98008
19,0,101,deadpool,98408
19,0,102,deadpool,92839
19,0,103,deadpool,99499
19,0,104,deadpool,160662
19,0,105,deadpool,92229
19,0,106,deadpool,95053
19,0,107,deadpool,153290
19,0,108,deadpool,93881
19,0,109,deadpool,91528
19,0,110,deadpool,91237
19,0,111,deadpool,97487
19,0,112,deadpool,262585
19,0,113,deadpool,118448
19,0,114,deadpool,92780
19,0,115,deadpool,785091
19,0,116,deadpool,121163
19,0,117,deadpool,91688
19,0,118,deadpool,192830
19,0,119,deadpool,157997
19,0,120,deadpool,155404
19,0,121,deadpool,94572
19,0,122,deadpool,244588
19,0,123,deadpool,103896
19,0,124,deadpool,128373
19,0,125,deadpool,94302
19,0,126,deadpool,190957
19,0,127,deadpool,97447
19,1,0,direct,196285
19,1,1,direct,91568
19,1,2,direct,85839
19,1,3,direct,101833
19,1,4,direct,111528
19,1,5,direct,88403
19,1,6,direct,138398
19,1,7,direct,91178
19,1,8,direct,85038
19,1,9,direct,85148
19,1,10,direct,84427
19,1,11,direct,112820
19,1,12,direct,86430
19,1,13,direct,85608
19,1,14,direct,181153
19,1,15,direct,85639
19,1,16,direct,83646
19,1,17,direct,85619
19,1,18,direct,85989
19,1,19,direct,84377
19,1,20,direct,85389
19,1,21,direct,87852
19,1,22,direct,84327
19,1,23,direct,85168
19,1,24,direct,134712
19,1,25,direct,97016
19,1,26,direct,84467
19,1,27,direct,88734
19,1,28,direct,83055
19,1,29,direct,82725
19,1,30,direct,83897
19,1,31,direct,84868
19,1,32,direct,88814
19,1,33,direct,84137
19,1,34,direct,83917
19,1,35,direct,97036
19,1,36,direct,86190
19,1,37,direct,85518
19,1,38,direct,83055
19,1,39,direct,83526
19,1,40,direct,88724
19,1,41,direct,84137
19,1,42,direct,83957
19,1,43,direct,83826
19,1,44,direct,88063
19,1,45,direct,83425
19,1,46,direct,102114
19,1,47,direct,87571
19,1,48,direct,85770
19,1,49,direct,284639
19,1,50,direct,98188
19,1,51,direct,85078
19,1,52,direct,132309
19,1,53,direct,86270
19,1,54,direct,140601
19,1,55,direct,92289
19,1,56,direct,84777
19,1,57,direct,118819
19,1,58,direct,91728
19,1,59,direct,85068
19,1,60,direct,84177
19,1,61,direct,85178
19,1,62,direct,153731
19,1,63,direct,123556
19,1,64,direct,102174
19,1,65,direct,85128
19,1,66,direct,139159
19,1,67,direct,100691
19,1,68,direct,85218
19,1,69,direct,86470
19,1,70,direct,85258
19,1,71,direct,83776
19,1,72,direct,84717
19,1,73,direct,83746
19,1,74,direct,142154
19,1,75,direct,85829
19,1,76,direct,83616
19,1,77,direct,85548
19,1,78,direct,82695
19,1,79,direct,84217
19,1,80,direct,84397
19,1,81,direct,89124
19,1,82,direct,84938
19,1,83,direct,84177
19,1,84,direct,94603
19,1,85,direct,2553091
19,1,86,direct,168724
19,1,87,direct,67622
19,1,88,direct,70045
19,1,89,direct,243075
19,1,90,direct,72799
19,1,91,direct,143166
19,1,92,direct,67262
19,1,93,direct,69485
19,1,94,direct,61893
19,1,95,direct,61052
19,1,96,direct,61672
19,1,97,direct,63345
19,1,98,direct,60942
19,1,99,direct,59870
19,1,100,direct,61643
19,1,101,direct,178579
19,1,102,direct,66981
19,1,103,direct,62745
19,1,104,direct,59860
19,1,105,direct,60050
19,1,106,direct,61513
19,1,107,direct,61643
19,1,108,direct,61172
19,1,109,direct,60511
19,1,110,direct,83386
19,1,111,direct,66701
19,1,112,direct,59700
19,1,113,direct,60521
19,1,114,direct,89806
19,1,115,direct,77096
19,1,116,direct,62554
19,1,117,direct,61052
19,1,118,direct,60611
19,1,119,direct,59370
19,1,120,direct,61082
19,1,121,direct,65008
19,1,122,direct,113962
19,1,123,direct,63135
19,1,124,direct,62064
19,1,125,direct,60962
19,1,126,direct,62143
19,1,127,direct,60891
20,0,0,direct,95834
20,0,1,direct,66940
20,0,2,direct,65769
20,0,3,direct,61693
20,0,4,direct,61183
20,0,5,direct,60881
20,0,6,direct,60732
20,0,7,direct,66360
20,0,8,direct,64627
20,0,9,direct,61933
20,0,10,direct,65939
20,0,11,direct,64818
20,0,12,direct,67982
20,0,13,direct,63977
20,0,14,direct,63946
20,0,15,direct,80762
20,0,16,direct,65138
20,0,17,direct,64427
20,0,18,direct,60461
20,0,19,direct,59830
20,0,20,direct,60441
20,0,21,direct,60331
20,0,22,direct,61413
20,0,23,direct,60240
20,0,24,direct,62674
20,0,25,direct,61152
20,0,26,direct,60892
20,0,27,direct,62094
20,0,28,direct,60551
20,0,29,direct,60762
20,0,30,direct,71838
20,0,31,direct,65158
20,0,32,direct,62664
20,0,33,direct,60151
20,0,34,direct,60722
20,0,35,direct,60541
20,0,36,direct,60211
20,0,37,direct,61453
20,0,38,direct,60621
20,0,39,direct,60111
20,0,40,direct,60211
20,0,41,direct,60361
20,0,42,direct,72639
20,0,43,direct,60821
20,0,44,direct,61042
20,0,45,direct,71056
20,0,46,direct,65529
20,0,47,direct,61873
20,0,48,direct,60641
20,0,49,direct,60120
20,0,50,direct,60451
20,0,51,direct,64156
20,0,52,direct,60902
20,0,53,direct,60291
20,0,54,direct,60401
20,0,55,direct,60681
20,0,56,direct,63625
20,0,57,direct,131668
20,0,58,direct,74152
20,0,59,direct,68413
20,0,60,direct,116295
20,0,61,direct,64938
20,0,62,direct,67882
20,0,63,direct,76676
20,0,64,direct,314994
20,0,65,direct,71818
20,0,66,direct,68984
20,0,67,direct,63766
20,0,68,direct,60631
20,0,69,direct,60652
20,0,70,direct,96114
20,0,71,direct,63876
20,0,72,direct,60821
20,0,73,direct,59820
20,0,74,direct,59850
20,0,75,direct,59950
20,0,76,direct,61101
20,0,77,direct,64627
20,0,78,direct,62744
20,0,79,direct,70086
20,0,80,direct,248314
20,0,81,direct,94862
20,0,82,direct,91378
20,0,83,direct,70796
20,0,84,direct,71417
20,0,85,direct,68243
20,0,86,direct,71909
20,0,87,direct,133401
20,0,88,direct,99800
20,0,89,direct,64918
20,0,90,direct,102865
20,0,91,direct,77226
20,0,92,direct,64146
20,0,93,direct,100491
20,0,94,direct,62844
20,0,95,direct,60991
20,0,96,direct,62404
20,0,97,direct,60561
20,0,98,direct,73230
20,0,99,direct,81843
20,0,100,direct,61102
20,0,101,direct,62404
20,0,102,direct,61292
20,0,103,direct,60591
20,0,104,direct,61172
20,0,105,direct,64146
20,0,106,direct,60321
20,0,107,direct,60922
20,0,108,direct,86721
20,0,109,direct,69605
20,0,110,direct,71247
20,0,111,direct,70777
20,0,112,direct,69134
20,0,113,direct,60251
20,0,114,direct,60131
20,0,115,direct,63485
20,0,116,direct,61803
20,0,117,direct,60230
20,0,118,direct,60541
20,0,119,direct,60050
20,0,120,direct,61793
20,0,121,direct,171958
20,0,122,direct,70997
20,0,123,direct,61082
20,0,124,direct,59900
20,0,125,direct,62284
20,0,126,direct,60101
20,0,127,direct,189465
20,1,0,deadpool,228674
20,1,1,deadpool,123846
20,1,2,deadpool,182645
20,1,3,deadpool,120411
20,1,4,deadpool,117517
20,1,5,deadpool,117847
20,1,6,deadpool,118338
20,1,7,deadpool,168043
20,1,8,deadpool,122885
20,1,9,deadpool,143966
20,1,10,deadpool,122745
20,1,11,deadpool,117416
20,1,12,deadpool,122665
20,1,13,deadpool,116485
20,1,14,deadpool,114773
20,1,15,deadpool,116055
20,1,16,deadpool,126591
20,1,17,deadpool,150676
20,1,18,deadpool,121242
20,1,19,deadpool,117627
20,1,20,deadpool,115654
20,1,21,deadpool,128383
20,1,22,deadpool,115995
20,1,23,deadpool,116295
20,1,24,deadpool,117847
20,1,25,deadpool,144968
20,1,26,deadpool,128404
20,1,27,deadpool,118088
20,1,28,deadpool,116705
20,1,29,deadpool,115163
20,1,30,deadpool,115604
20,1,31,deadpool,121372
20,1,32,deadpool,115554
20,1,33,deadpool,144578
20,1,34,deadpool,117847
20,1,35,deadpool,117957
20,1,36,deadpool,121943
20,1,37,deadpool,117637
20,1,38,deadpool,291479
20,1,39,deadpool,186510
20,1,40,deadpool,120551
20,1,41,deadpool,121022
20,1,42,deadpool,116024
20,1,43,deadpool,115474
20,1,44,deadpool,115443
20,1,45,deadpool,115263
20,1,46,deadpool,120190
20,1,47,deadpool,146731
20,1,48,deadpool,115864
20,1,49,deadpool,115814
20,1,50,deadpool,114242
20,1,51,deadpool,119089
20,1,52,deadpool,114792
20,1,53,deadpool,114101
20,1,54,deadpool,113421
20,1,55,deadpool,139330
20,1,56,deadpool,121973
20,1,57,deadpool,131157
20,1,58,deadpool,118879
20,1,59,deadpool,115043
20,1,60,deadpool,118198
20,1,61,deadpool,120622
20,1,62,deadpool,114162
20,1,63,deadpool,144457
20,1,64,deadpool,115994
20,1,65,deadpool,116495
20,1,66,deadpool,122704
20,1,67,deadpool,114813
20,1,68,deadpool,170646
20,1,69,deadpool,124467
20,1,70,deadpool,141773
20,1,71,deadpool,120722
20,1,72,deadpool,116986
20,1,73,deadpool,115094
20,1,74,deadpool,114592
20,1,75,deadpool,125228
20,1,76,deadpool,117337
20,1,77,deadpool,116124
20,1,78,deadpool,277237
20,1,79,deadpool,125509
20,1,80,deadpool,127972
20,1,81,deadpool,116565
20,1,82,deadpool,114693
20,1,83,deadpool,115224
20,1,84,deadpool,115444
20,1,85,deadpool,151858
20,1,86,deadpool,115925
20,1,87,deadpool,114362
20,1,88,deadpool,116145
20,1,89,deadpool,114763
20,1,90,deadpool,119610
20,1,91,deadpool,114993
20,1,92,deadpool,115134
20,1,93,deadpool,138588
20,1,94,deadpool,133161
20,1,95,deadpool,118999
20,1,96,deadpool,114101
20,1,97,deadpool,113981
20,1,98,deadpool,137406
20,1,99,deadpool,130506
20,1,100,deadpool,142815
20,1,101,deadpool,120412
20,1,102,deadpool,114362
20,1,103,deadpool,114131
20,1,104,deadpool,113981
20,1,105,deadpool,118819
20,1,106,deadpool,115113
20,1,107,deadpool,114121
20,1,108,deadpool,136836
20,1,109,deadpool,121973
20,1,110,deadpool,118799
20,1,111,deadpool,115094
20,1,112,deadpool,115434
20,1,113,deadpool,114693
20,1,114,deadpool,113000
20,1,115,deadpool,118518
20,1,116,deadpool,136846
20,1,117,deadpool,132569
20,1,118,deadpool,130847
20,1,119,deadpool,126851
20,1,120,deadpool,126430
20,1,121,deadpool,116886
20,1,122,deadpool,114091
20,1,123,deadpool,120151
20,1,124,deadpool,152990
20,1,125,deadpool,118218
20,1,126,deadpool,114152
20,1,127,deadpool,114032
21,0,0,deadpool,115945
21,0,1,deadpool,124547
21,0,2,deadpool,162144
21,0,3,deadpool,117938
21,0,4,deadpool,143035
21,0,5,deadpool,124156
21,0,6,deadpool,130376
21,0,7,deadpool,117206
21,0,8,deadpool,112990
21,0,9,deadpool,117026
21,0,10,deadpool,114592
21,0,11,deadpool,119250
21,0,12,deadpool,122324
21,0,13,deadpool,117166
21,0,14,deadpool,115524
21,0,15,deadpool,114743
21,0,16,deadpool,119010
21,0,17,deadpool,115945
21,0,18,deadpool,113781
21,0,19,deadpool,115303
21,0,20,deadpool,134342
21,0,21,deadpool,119159
21,0,22,deadpool,115554
21,0,23,deadpool,116025
21,0,24,deadpool,116606
21,0,25,deadpool,117146
21,0,26,deadpool,118388
21,0,27,deadpool,118398
21,0,28,deadpool,137577
21,0,29,deadpool,117186
21,0,30,deadpool,117296
21,0,31,deadpool,119419
21,0,32,deadpool,116635
21,0,33,deadpool,153100
21,0,34,deadpool,126690
21,0,35,deadpool,149375
21,0,36,deadpool,118268
21,0,37,deadpool,114762
21,0,38,deadpool,115173
21,0,39,deadpool,112599
21,0,40,deadpool,122494
21,0,41,deadpool,115504
21,0,42,deadpool,114562
21,0,43,deadpool,135053
21,0,44,deadpool,118288
21,0,45,deadpool,125649
21,0,46,deadpool,115914
21,0,47,deadpool,116034
21,0,48,deadpool,113681
21,0,49,deadpool,113080
21,0,50,deadpool,117858
21,0,51,deadpool,129455
21,0,52,deadpool,120661
21,0,53,deadpool,115374
21,0,54,deadpool,114272
21,0,55,deadpool,119690
21,0,56,deadpool,116986
21,0,57,deadpool,114272
21,0,58,deadpool,114643
21,0,59,deadpool,114412
21,0,60,deadpool,127582
21,0,61,deadpool,115714
21,0,62,deadpool,113801
21,0,63,deadpool,113801
21,0,64,deadpool,113541
21,0,65,deadpool,146671
21,0,66,deadpool,120732
21,0,67,deadpool,137767
21,0,68,deadpool,118018
21,0,69,deadpool,117417
21,0,70,deadpool,144738
21,0,71,deadpool,116495
21,0,72,deadpool,115564
21,0,73,deadpool,115243
21,0,74,deadpool,114141
21,0,75,deadpool,144277
21,0,76,deadpool,116375
21,0,77,deadpool,113802
21,0,78,deadpool,116145
21,0,79,deadpool,125830
21,0,80,deadpool,116154
21,0,81,deadpool,114592
21,0,82,deadpool,114232
21,0,83,deadpool,132820
21,0,84,deadpool,126370
21,0,85,deadpool,123365
21,0,86,deadpool,115824
21,0,87,deadpool,115594
21,0,88,deadpool,115494
21,0,89,deadpool,125058
21,0,90,deadpool,115063
21,0,91,deadpool,132970
21,0,92,deadpool,118117
21,0,93,deadpool,113371
21,0,94,deadpool,120241
21,0,95,deadpool,114942
21,0,96,deadpool,115313
21,0,97,deadpool,184488
21,0,98,deadpool,121113
21,0,99,deadpool,145769
21,0,100,deadpool,115123
21,0,101,deadpool,113671
21,0,102,deadpool,113431
21,0,103,deadpool,114433
21,0,104,deadpool,120120
21,0,105,deadpool,115163
21,0,106,deadpool,114963
21,0,107,deadpool,138088
21,0,108,deadpool,116265
21,0,109,deadpool,127141
21,0,110,deadpool,120171
21,0,111,deadpool,114933
21,0,112,deadpool,115473
21,0,113,deadpool,122665
21,0,114,deadpool,144157
21,0,115,deadpool,123126
21,0,116,deadpool,115584
21,0,117,deadpool,117847
21,0,118,deadpool,115453
21,0,119,deadpool,120832
21,0,120,deadpool,115574
21,0,121,deadpool,113291
21,0,122,deadpool,133171
21,0,123,deadpool,137477
21,0,124,deadpool,142935
21,0,125,deadpool,122334
21,0,126,deadpool,114953
21,0,127,deadpool,121312
21,1,0,direct,199190
21,1,1,direct,87502
21,1,2,direct,88053
21,1,3,direct,64157
21,1,4,direct,61432
21,1,5,direct,67622
21,1,6,direct,60982
21,1,7,direct,60701
21,1,8,direct,60871
21,1,9,direct,60171
21,1,10,direct,63104
21,1,11,direct,62304
21,1,12,direct,61062
21,1,13,direct,61342
21,1,14,direct,61142
21,1,15,direct,61512
21,1,16,direct,61753
21,1,17,direct,90336
21,1,18,direct,101192
21,1,19,direct,61863
21,1,20,direct,64627
21,1,21,direct,73080
21,1,22,direct,62084
21,1,23,direct,60431
21,1,24,direct,77957
21,1,25,direct,129224
21,1,26,direct,63696
21,1,27,direct,60781
21,1,28,direct,64617
21,1,29,direct,343146
21,1,30,direct,82795
21,1,31,direct,62905
21,1,32,direct,60922
21,1,33,direct,61373
21,1,34,direct,63816
21,1,35,direct,131988
21,1,36,direct,199089
21,1,37,direct,94322
21,1,38,direct,69835
21,1,39,direct,60842
21,1,40,direct,305630
21,1,41,direct,81633
21,1,42,direct,61743
21,1,43,direct,60982
21,1,44,direct,95113
21,1,45,direct,64527
21,1,46,direct,61072
21,1,47,direct,60160
21,1,48,direct,98768
21,1,49,direct,60581
21,1,50,direct,61613
21,1,51,direct,272270
21,1,52,direct,150166
21,1,53,direct,66080
21,1,54,direct,67582
21,1,55,direct,61102
21,1,56,direct,62033
21,1,57,direct,62023
21,1,58,direct,90245
21,1,59,direct,129976
21,1,60,direct,76986
21,1,61,direct,62965
21,1,62,direct,64777
21,1,63,direct,59719
21,1,64,direct,62263
21,1,65,direct,60781
21,1,66,direct,61031
21,1,67,direct,60532
21,1,68,direct,60791
21,1,69,direct,62014
21,1,70,direct,61222
21,1,71,direct,60361
21,1,72,direct,101743
21,1,73,direct,64016
21,1,74,direct,61482
21,1,75,direct,60151
21,1,76,direct,61132
21,1,77,direct,60251
21,1,78,direct,61092
21,1,79,direct,61533
21,1,80,direct,61653
21,1,81,direct,60310
21,1,82,direct,60400
21,1,83,direct,60541
21,1,84,direct,61322
21,1,85,direct,68373
21,1,86,direct,144468
21,1,87,direct,181824
21,1,88,direct,63215
21,1,89,direct,62314
21,1,90,direct,60041
21,1,91,direct,60261
21,1,92,direct,60220
21,1,93,direct,61132
21,1,94,direct,62484
21,1,95,direct,102434
21,1,96,direct,64227
21,1,97,direct,60531
21,1,98,direct,344659
21,1,99,direct,69615
21,1,100,direct,61833
21,1,101,direct,59650
21,1,102,direct,61643
21,1,103,direct,64036
21,1,104,direct,60972
21,1,105,direct,61002
21,1,106,direct,61883
21,1,107,direct,60040
21,1,108,direct,64327
21,1,109,direct,61072
21,1,110,direct,108053
21,1,111,direct,63907
21,1,112,direct,61072
21,1,113,direct,62113
21,1,114,direct,61172
21,1,115,direct,1682621
21,1,116,direct,405670
21,1,117,direct,112860
21,1,118,direct,67652
21,1,119,direct,61663
21,1,120,direct,128554
21,1,121,direct,66700
21,1,122,direct,61072
21,1,123,direct,129254
21,1,124,direct,66620
21,1,125,direct,61252
21,1,126,direct,61032
21,1,127,direct,75964
22,0,0,direct,73490
22,0,1,direct,71227
22,0,2,direct,61963
22,0,3,direct,59740
22,0,4,direct,60330
22,0,5,direct,86500
22,0,6,direct,61182
22,0,7,direct,103976
22,0,8,direct,75944
22,0,9,direct,60781
22,0,10,direct,86640
22,0,11,direct,92399
22,0,12,direct,63335
22,0,13,direct,60632
22,0,14,direct,59830
22,0,15,direct,61032
22,0,16,direct,61142
22,0,17,direct,60050
22,0,18,direct,59640
22,0,19,direct,59520
22,0,20,direct,61672
22,0,21,direct,85068
22,0,22,direct,64648
22,0,23,direct,61272
22,0,24,direct,61242
22,0,25,direct,130336
22,0,26,direct,61442
22,0,27,direct,60281
22,0,28,direct,62584
22,0,29,direct,63976
22,0,30,direct,57687
22,0,31,direct,61893
22,0,32,direct,59740
22,0,33,direct,60221
22,0,34,direct,61332
22,0,35,direct,101142
22,0,36,direct,70115
22,0,37,direct,60791
22,0,38,direct,61793
22,0,39,direct,61954
22,0,40,direct,59850
22,0,41,direct,59990
22,0,42,direct,60511
22,0,43,direct,59970
22,0,44,direct,60782
22,0,45,direct,61042
22,0,46,direct,80131
22,0,47,direct,66671
22,0,48,direct,57496
22,0,49,direct,92179
22,0,50,direct,91648
22,0,51,direct,61813
22,0,52,direct,214423
22,0,53,direct,67862
22,0,54,direct,63346
22,0,55,direct,60581
22,0,56,direct,61393
22,0,57,direct,60251
22,0,58,direct,60170
22,0,59,direct,63286
22,0,60,direct,60581
22,0,61,direct,2892151
22,0,62,direct,441885
22,0,63,direct,835467
22,0,64,direct,232990
22,0,65,direct,98909
22,0,66,direct,74242
22,0,67,direct,112098
22,0,68,direct,70296
22,0,69,direct,111198
22,0,70,direct,76154
22,0,71,direct,70856
22,0,72,direct,89865
22,0,73,direct,77086
22,0,74,direct,75834
22,0,75,direct,178588
22,0,76,direct,161333
22,0,77,direct,111708
22,0,78,direct,126861
22,0,79,direct,110336
22,0,80,direct,139700
22,0,81,direct,111528
22,0,82,direct,109174
22,0,83,direct,142023
22,0,84,direct,109425
22,0,85,direct,110156
22,0,86,direct,497258
22,0,87,direct,310688
22,0,88,direct,147001
22,0,89,direct,111197
22,0,90,direct,109545
22,0,91,direct,130457
22,0,92,direct,116695
22,0,93,direct,113040
22,0,94,direct,107942
22,0,95,direct,107262
22,0,96,direct,107121
22,0,97,direct,108594
22,0,98,direct,128974
22,0,99,direct,120882
22,0,100,direct,160462
22,0,101,direct,127271
22,0,102,direct,118839
22,0,103,direct,125409
22,0,104,direct,112680
22,0,105,direct,107161
22,0,106,direct,109975
22,0,107,direct,108002
22,0,108,direct,121633
22,0,109,direct,109094
22,0,110,direct,107962
22,0,111,direct,107412
22,0,112,direct,106861
22,0,113,direct,111408
22,0,114,direct,146250
22,0,115,direct,171638
22,0,116,direct,133031
22,0,117,direct,123256
22,0,118,direct,127021
22,0,119,direct,119440
22,0,120,direct,124317
22,0,121,direct,114262
22,0,122,direct,119990
22,0,123,direct,138368
22,0,124,direct,115353
22,0,125,direct,110016
22,0,126,direct,107251
22,0,127,direct,105198
22,1,0,deadpool,190036
22,1,1,deadpool,75063
22,1,2,deadpool,68784
22,1,3,deadpool,65439
22,1,4,deadpool,100902
22,1,5,deadpool,75663
22,1,6,deadpool,72949
22,1,7,deadpool,87441
22,1,8,deadpool,79219
22,1,9,deadpool,73621
22,1,10,deadpool,95424
22,1,11,deadpool,88994
22,1,12,deadpool,70957
22,1,13,deadpool,74813
22,1,14,deadpool,82594
22,1,15,deadpool,83395
22,1,16,deadpool,156125
22,1,17,deadpool,103065
22,1,18,deadpool,67691
22,1,19,deadpool,66290
22,1,20,deadpool,65299
22,1,21,deadpool,75003
22,1,22,deadpool,67482
22,1,23,deadpool,63966
22,1,24,deadpool,112870
22,1,25,deadpool,80861
22,1,26,deadpool,66169
22,1,27,deadpool,64567
22,1,28,deadpool,95173
22,1,29,deadpool,68723
22,1,30,deadpool,164338
22,1,31,deadpool,79450
22,1,32,deadpool,69515
22,1,33,deadpool,69124
22,1,34,deadpool,66379
22,1,35,deadpool,63756
22,1,36,deadpool,64156
22,1,37,deadpool,63425
22,1,38,deadpool,68763
22,1,39,deadpool,64747
22,1,40,deadpool,83987
22,1,41,deadpool,68783
22,1,42,deadpool,79419
22,1,43,deadpool,72479
22,1,44,deadpool,63526
22,1,45,deadpool,63245
22,1,46,deadpool,63555
22,1,47,deadpool,63546
22,1,48,deadpool,66720
22,1,49,deadpool,65088
22,1,50,deadpool,63896
22,1,51,deadpool,64858
22,1,52,deadpool,63235
22,1,53,deadpool,66510
22,1,54,deadpool,74382
22,1,55,deadpool,68993
22,1,56,deadpool,66189
22,1,57,deadpool,63956
22,1,58,deadpool,65008
22,1,59,deadpool,62855
22,1,60,deadpool,71027
22,1,61,deadpool,66380
22,1,62,deadpool,63996
22,1,63,deadpool,66720
22,1,64,deadpool,64126
22,1,65,deadpool,63926
22,1,66,deadpool,63776
22,1,67,deadpool,63856
22,1,68,deadpool,65579
22,1,69,deadpool,82424
22,1,70,deadpool,68102
22,1,71,deadpool,63216
22,1,72,deadpool,63756
22,1,73,deadpool,114302
22,1,74,deadpool,72810
22,1,75,deadpool,63916
22,1,76,deadpool,63405
22,1,77,deadpool,63726
22,1,78,deadpool,66200
22,1,79,deadpool,87211
22,1,80,deadpool,68263
22,1,81,deadpool,64377
22,1,82,deadpool,81623
22,1,83,deadpool,74142
22,1,84,deadpool,66400
22,1,85,deadpool,64618
22,1,86,deadpool,63656
22,1,87,deadpool,64948
22,1,88,deadpool,68533
22,1,89,deadpool,63836
22,1,90,deadpool,63996
22,1,91,deadpool,63065
22,1,92,deadpool,92650
22,1,93,deadpool,175594
22,1,94,deadpool,70356
22,1,95,deadpool,281343
22,1,96,deadpool,74061
22,1,97,deadpool,71888
22,1,98,deadpool,64116
22,1,99,deadpool,63806
22,1,100,deadpool,64757
22,1,101,deadpool,63956
22,1,102,deadpool,68993
22,1,103,deadpool,63696
22,1,104,deadpool,63686
22,1,105,deadpool,62474
22,1,106,deadpool,94923
22,1,107,deadpool,76214
22,1,108,deadpool,65479
22,1,109,deadpool,64858
22,1,110,deadpool,62855
22,1,111,deadpool,63295
22,1,112,deadpool,65639
22,1,113,deadpool,62625
22,1,114,deadpool,74352
22,1,115,deadpool,63606
22,1,116,deadpool,63926
22,1,117,deadpool,66850
22,1,118,deadpool,64417
22,1,119,deadpool,63586
22,1,120,deadpool,80291
22,1,121,deadpool,69905
22,1,122,deadpool,66229
22,1,123,deadpool,63846
22,1,124,deadpool,63225
22,1,125,deadpool,67131
22,1,126,deadpool,121964
22,1,127,deadpool,69664
23,0,0,deadpool,65669
23,0,1,deadpool,74833
23,0,2,deadpool,99540
23,0,3,deadpool,68002
23,0,4,deadpool,65909
23,0,5,deadpool,85569
23,0,6,deadpool,69395
23,0,7,deadpool,65699
23,0,8,deadpool,64837
23,0,9,deadpool,66329
23,0,10,deadpool,64467
23,0,11,deadpool,63395
23,0,12,deadpool,63695
23,0,13,deadpool,67181
23,0,14,deadpool,64558
23,0,15,deadpool,63836
23,0,16,deadpool,63525
23,0,17,deadpool,64057
23,0,18,deadpool,66520
23,0,19,deadpool,63465
23,0,20,deadpool,148028
23,0,21,deadpool,73411
23,0,22,deadpool,66199
23,0,23,deadpool,74863
23,0,24,deadpool,65719
23,0,25,deadpool,65929
23,0,26,deadpool,65809
23,0,27,deadpool,170506
23,0,28,deadpool,76395
23,0,29,deadpool,65629
23,0,30,deadpool,63816
23,0,31,deadpool,105489
23,0,32,deadpool,73300
23,0,33,deadpool,65688
23,0,34,deadpool,63205
23,0,35,deadpool,62875
23,0,36,deadpool,63606
23,0,37,deadpool,63225
23,0,38,deadpool,64427
23,0,39,deadpool,63977
23,0,40,deadpool,63085
23,0,41,deadpool,62904
23,0,42,deadpool,62584
23,0,43,deadpool,65088
23,0,44,deadpool,62604
23,0,45,deadpool,63396
23,0,46,deadpool,80421
23,0,47,deadpool,64487
23,0,48,deadpool,64937
23,0,49,deadpool,64387
23,0,50,deadpool,62914
23,0,51,deadpool,63375
23,0,52,deadpool,62985
23,0,53,deadpool,64688
23,0,54,deadpool,62674
23,0,55,deadpool,63606
23,0,56,deadpool,86550
23,0,57,deadpool,76295
23,0,58,deadpool,65218
23,0,59,deadpool,64006
23,0,60,deadpool,134201
23,0,61,deadpool,69545
23,0,62,deadpool,70787
23,0,63,deadpool,63856
23,0,64,deadpool,64106
23,0,65,deadpool,65199
23,0,66,deadpool,260772
23,0,67,deadpool,80871
23,0,68,deadpool,66229
23,0,69,deadpool,63235
23,0,70,deadpool,63085
23,0,71,deadpool,128874
23,0,72,deadpool,68543
23,0,73,deadpool,63425
23,0,74,deadpool,64507
23,0,75,deadpool,64517
23,0,76,deadpool,63115
23,0,77,deadpool,64938
23,0,78,deadpool,62945
23,0,79,deadpool,63396
23,0,80,deadpool,62944
23,0,81,deadpool,133460
23,0,82,deadpool,69734
23,0,83,deadpool,63766
23,0,84,deadpool,95534
23,0,85,deadpool,64467
23,0,86,deadpool,63345
23,0,87,deadpool,64446
23,0,88,deadpool,64166
23,0,89,deadpool,62645
23,0,90,deadpool,63065
23,0,91,deadpool,62444
23,0,92,deadpool,64617
23,0,93,deadpool,62645
23,0,94,deadpool,62524
23,0,95,deadpool,62775
23,0,96,deadpool,62935
23,0,97,deadpool,65629
23,0,98,deadpool,89535
23,0,99,deadpool,70666
23,0,100,deadpool,63275
23,0,101,deadpool,68893
23,0,102,deadpool,63405
23,0,103,deadpool,63175
23,0,104,deadpool,62924
23,0,105,deadpool,63025
23,0,106,deadpool,82724
23,0,107,deadpool,64137
23,0,108,deadpool,62794
23,0,109,deadpool,97807
23,0,110,deadpool,64127
23,0,111,deadpool,69664
23,0,112,deadpool,84327
23,0,113,deadpool,68503
23,0,114,deadpool,63516
23,0,115,deadpool,62634
23,0,116,deadpool,64607
23,0,117,deadpool,62744
23,0,118,deadpool,63055
23,0,119,deadpool,63055
23,0,120,deadpool,63235
23,0,121,deadpool,65158
23,0,122,deadpool,63135
23,0,123,deadpool,62725
23,0,124,deadpool,62895
23,0,125,deadpool,64166
23,0,126,deadpool,64647
23,0,127,deadpool,82154
23,1,0,direct,156546
23,1,1,direct,69094
23,1,2,direct,62353
23,1,3,direct,62234
23,1,4,direct,65969
23,1,5,direct,64917
23,1,6,direct,130296
23,1,7,direct,272981
23,1,8,direct,111227
23,1,9,direct,63917
23,1,10,direct,60321
23,1,11,direct,247342
23,1,12,direct,66050
23,1,13,direct,61563
23,1,14,direct,60732
23,1,15,direct,59699
23,1,16,direct,364829
23,1,17,direct,71277
23,1,18,direct,62734
23,1,19,direct,60161
23,1,20,direct,60611
23,1,21,direct,60251
23,1,22,direct,61833
23,1,23,direct,62094
23,1,24,direct,60922
23,1,25,direct,60771
23,1,26,direct,82904
23,1,27,direct,71798
23,1,28,direct,63565
23,1,29,direct,235445
23,1,30,direct,97838
23,1,31,direct,62945
23,1,32,direct,67181
23,1,33,direct,60420
23,1,34,direct,60040
23,1,35,direct,59970
23,1,36,direct,60090
23,1,37,direct,61082
23,1,38,direct,60270
23,1,39,direct,60150
23,1,40,direct,119380
23,1,41,direct,63045
23,1,42,direct,76555
23,1,43,direct,62414
23,1,44,direct,60040
23,1,45,direct,59299
23,1,46,direct,279430
23,1,47,direct,244037
23,1,48,direct,64918
23,1,49,direct,321594
23,1,50,direct,84808
23,1,51,direct,137727
23,1,52,direct,337168
23,1,53,direct,113300
23,1,54,direct,141713
23,1,55,direct,115684
23,1,56,direct,113280
23,1,57,direct,118588
23,1,58,direct,109745
23,1,59,direct,110897
23,1,60,direct,168022
23,1,61,direct,115774
23,1,62,direct,138248
23,1,63,direct,126791
23,1,64,direct,111157
23,1,65,direct,107912
23,1,66,direct,107842
23,1,67,direct,111799
23,1,68,direct,106480
23,1,69,direct,116735
23,1,70,direct,135234
23,1,71,direct,145038
23,1,72,direct,117387
23,1,73,direct,109215
23,1,74,direct,106280
23,1,75,direct,107772
23,1,76,direct,107351
23,1,77,direct,119410
23,1,78,direct,180421
23,1,79,direct,111287
23,1,80,direct,175003
23,1,81,direct,135434
23,1,82,direct,116796
23,1,83,direct,110537
23,1,84,direct,108724
23,1,85,direct,108283
23,1,86,direct,138328
23,1,87,direct,109214
23,1,88,direct,110156
23,1,89,direct,109404
23,1,90,direct,109485
23,1,91,direct,111788
23,1,92,direct,142314
23,1,93,direct,110387
23,1,94,direct,185068
23,1,95,direct,110276
23,1,96,direct,112800
23,1,97,direct,110336
23,1,98,direct,107392
23,1,99,direct,109284
23,1,100,direct,110216
23,1,101,direct,112600
23,1,102,direct,134192
23,1,103,direct,108192
23,1,104,direct,108363
23,1,105,direct,108133
23,1,106,direct,112990
23,1,107,direct,108483
23,1,108,direct,107903
23,1,109,direct,108093
23,1,110,direct,132529
23,1,111,direct,127352
23,1,112,direct,112179
23,1,113,direct,109024
23,1,114,direct,109685
23,1,115,direct,107802
23,1,116,direct,113491
23,1,117,direct,107282
23,1,118,direct,107652
23,1,119,direct,135865
23,1,120,direct,110967
23,1,121,direct,114112
23,1,122,direct,108574
23,1,123,direct,108954
23,1,124,direct,108333
23,1,125,direct,150697
23,1,126,direct,115124
23,1,127,direct,137237
24,0,0,direct,111699
24,0,1,direct,107972
24,0,2,direct,118248
24,0,3,direct,109424
24,0,4,direct,109134
24,0,5,direct,108624
24,0,6,direct,108674
24,0,7,direct,171348
24,0,8,direct,111728
24,0,9,direct,108563
24,0,10,direct,107913
24,0,11,direct,106901
24,0,12,direct,112339
24,0,13,direct,107291
24,0,14,direct,108964
24,0,15,direct,128083
24,0,16,direct,114222
24,0,17,direct,113010
24,0,18,direct,107823
24,0,19,direct,108263
24,0,20,direct,108744
24,0,21,direct,107752
24,0,22,direct,112018
24,0,23,direct,109114
24,0,24,direct,129585
24,0,25,direct,116456
24,0,26,direct,113210
24,0,27,direct,112349
24,0,28,direct,109054
24,0,29,direct,108132
24,0,30,direct,152729
24,0,31,direct,112209
24,0,32,direct,152509
24,0,33,direct,116065
24,0,34,direct,109455
24,0,35,direct,109154
24,0,36,direct,108082
24,0,37,direct,113291
24,0,38,direct,108953
24,0,39,direct,110537
24,0,40,direct,130176
24,0,41,direct,112689
24,0,42,direct,113240
24,0,43,direct,109014
24,0,44,direct,108112
24,0,45,direct,108533
24,0,46,direct,108853
24,0,47,direct,113571
24,0,48,direct,109064
24,0,49,direct,135754
24,0,50,direct,109755
24,0,51,direct,119660
24,0,52,direct,109374
24,0,53,direct,110907
24,0,54,direct,110776
24,0,55,direct,109795
24,0,56,direct,127562
24,0,57,direct,139480
24,0,58,direct,113661
24,0,59,direct,109204
24,0,60,direct,108262
24,0,61,direct,115954
24,0,62,direct,108784
24,0,63,direct,158078
24,0,64,direct,268063
24,0,65,direct,117376
24,0,66,direct,116395
24,0,67,direct,112088
24,0,68,direct,108954
24,0,69,direct,111347
24,0,70,direct,108443
24,0,71,direct,120261
24,0,72,direct,145099
24,0,73,direct,121352
24,0,74,direct,118178
24,0,75,direct,117948
24,0,76,direct,118798
24,0,77,direct,116525
24,0,78,direct,117307
24,0,79,direct,116085
24,0,80,direct,134693
24,0,81,direct,115664
24,0,82,direct,109515
24,0,83,direct,111098
24,0,84,direct,109886
24,0,85,direct,114212
24,0,86,direct,112599
24,0,87,direct,111978
24,0,88,direct,142654
24,0,89,direct,116415
24,0,90,direct,110497
24,0,91,direct,177357
24,0,92,direct,145549
24,0,93,direct,114733
24,0,94,direct,140862
24,0,95,direct,113881
24,0,96,direct,114592
24,0,97,direct,112890
24,0,98,direct,112319
24,0,99,direct,109454
24,0,100,direct,108343
24,0,101,direct,113310
24,0,102,direct,108603
24,0,103,direct,117777
24,0,104,direct,111338
24,0,105,direct,119801
24,0,106,direct,108383
24,0,107,direct,108613
24,0,108,direct,107151
24,0,109,direct,115384
24,0,110,direct,128584
24,0,111,direct,130646
24,0,112,direct,109585
24,0,113,direct,108844
24,0,114,direct,107973
24,0,115,direct,113821
24,0,116,direct,108554
24,0,117,direct,107882
24,0,118,direct,108242
24,0,119,direct,154913
24,0,120,direct,122013
24,0,121,direct,128593
24,0,122,direct,114753
24,0,123,direct,109124
24,0,124,direct,109916
24,0,125,direct,154062
24,0,126,direct,112219
24,0,127,direct,138448
24,1,0,deadpool,183626
24,1,1,deadpool,70476
24,1,2,deadpool,67852
24,1,3,deadpool,64367
24,1,4,deadpool,106730
24,1,5,deadpool,81803
24,1,6,deadpool,67211
24,1,7,deadpool,66430
24,1,8,deadpool,65007
24,1,9,deadpool,64407
24,1,10,deadpool,100030
24,1,11,deadpool,85088
24,1,12,deadpool,67662
24,1,13,deadpool,66891
24,1,14,deadpool,64006
24,1,15,deadpool,63645
24,1,16,deadpool,69234
24,1,17,deadpool,63927
24,1,18,deadpool,63535
24,1,19,deadpool,63816
24,1,20,deadpool,65138
24,1,21,deadpool,69645
24,1,22,deadpool,64777
24,1,23,deadpool,63356
24,1,24,deadpool,424989
24,1,25,deadpool,205198
24,1,26,deadpool,86911
24,1,27,deadpool,66450
24,1,28,deadpool,62944
24,1,29,deadpool,63335
24,1,30,deadpool,64557
24,1,31,deadpool,155334
24,1,32,deadpool,71888
24,1,33,deadpool,63675
24,1,34,deadpool,62924
24,1,35,deadpool,63816
24,1,36,deadpool,65068
24,1,37,deadpool,99810
24,1,38,deadpool,70355
24,1,39,deadpool,71437
24,1,40,deadpool,92819
24,1,41,deadpool,70356
24,1,42,deadpool,63566
24,1,43,deadpool,104608
24,1,44,deadpool,76956
24,1,45,deadpool,64717
24,1,46,deadpool,67492
24,1,47,deadpool,63916
24,1,48,deadpool,63595
24,1,49,deadpool,62804
24,1,50,deadpool,63155
24,1,51,deadpool,64957
24,1,52,deadpool,63235
24,1,53,deadpool,62644
24,1,54,deadpool,62694
24,1,55,deadpool,62374
24,1,56,deadpool,65980
24,1,57,deadpool,63946
24,1,58,deadpool,155544
24,1,59,deadpool,65809
24,1,60,deadpool,64297
24,1,61,deadpool,66229
24,1,62,deadpool,69014
24,1,63,deadpool,285299
24,1,64,deadpool,70315
24,1,65,deadpool,63936
24,1,66,deadpool,66771
24,1,67,deadpool,89795
24,1,68,deadpool,82705
24,1,69,deadpool,63846
24,1,70,deadpool,63145
24,1,71,deadpool,64747
24,1,72,deadpool,63926
24,1,73,deadpool,62564
24,1,74,deadpool,62164
24,1,75,deadpool,66500
24,1,76,deadpool,63405
24,1,77,deadpool,66340
24,1,78,deadpool,64437
24,1,79,deadpool,63015
24,1,80,deadpool,68022
24,1,81,deadpool,64877
24,1,82,deadpool,76034
24,1,83,deadpool,65188
24,1,84,deadpool,63085
24,1,85,deadpool,68963
24,1,86,deadpool,63335
24,1,87,deadpool,273702
24,1,88,deadpool,78739
24,1,89,deadpool,82204
24,1,90,deadpool,72499
24,1,91,deadpool,65789
24,1,92,deadpool,63595
24,1,93,deadpool,103315
24,1,94,deadpool,67191
24,1,95,deadpool,65078
24,1,96,deadpool,63195
24,1,97,deadpool,62605
24,1,98,deadpool,62894
24,1,99,deadpool,63425
24,1,100,deadpool,65228
24,1,101,deadpool,63045
24,1,102,deadpool,62815
24,1,103,deadpool,62865
24,1,104,deadpool,62885
24,1,105,deadpool,108994
24,1,106,deadpool,68603
24,1,107,deadpool,94251
24,1,108,deadpool,68032
24,1,109,deadpool,62734
24,1,110,deadpool,65688
24,1,111,deadpool,63225
24,1,112,deadpool,62935
24,1,113,deadpool,62464
24,1,114,deadpool,64718
24,1,115,deadpool,64477
24,1,116,deadpool,63155
24,1,117,deadpool,62815
24,1,118,deadpool,62654
24,1,119,deadpool,67812
24,1,120,deadpool,63656
24,1,121,deadpool,81012
24,1,122,deadpool,67371
24,1,123,deadpool,63565
24,1,124,deadpool,68643
24,1,125,deadpool,63345
24,1,126,deadpool,63606
24,1,127,deadpool,62584
25,0,0,deadpool,64717
25,0,1,deadpool,68904
25,0,2,deadpool,63075
25,0,3,deadpool,62624
25,0,4,deadpool,63245
25,0,5,deadpool,62775
25,0,6,deadpool,64537
25,0,7,deadpool,62554
25,0,8,deadpool,80531
25,0,9,deadpool,65438
25,0,10,deadpool,118137
25,0,11,deadpool,79921
25,0,12,deadpool,65709
25,0,13,deadpool,63816
25,0,14,deadpool,62814
25,0,15,deadpool,63346
25,0,16,deadpool,65388
25,0,17,deadpool,63285
25,0,18,deadpool,93080
25,0,19,deadpool,63666
25,0,20,deadpool,62464
25,0,21,deadpool,105709
25,0,22,deadpool,69655
25,0,23,deadpool,63977
25,0,24,deadpool,63826
25,0,25,deadpool,62715
25,0,26,deadpool,64707
25,0,27,deadpool,64257
25,0,28,deadpool,62584
25,0,29,deadpool,63355
25,0,30,deadpool,62955
25,0,31,deadpool,64757
25,0,32,deadpool,64828
25,0,33,deadpool,63416
25,0,34,deadpool,63736
25,0,35,deadpool,66019
25,0,36,deadpool,131328
25,0,37,deadpool,89255
25,0,38,deadpool,65348
25,0,39,deadpool,62704
25,0,40,deadpool,70547
25,0,41,deadpool,62935
25,0,42,deadpool,63135
25,0,43,deadpool,62635
25,0,44,deadpool,62254
25,0,45,deadpool,71067
25,0,46,deadpool,64788
25,0,47,deadpool,62494
25,0,48,deadpool,62785
25,0,49,deadpool,98999
25,0,50,deadpool,72680
25,0,51,deadpool,64517
25,0,52,deadpool,63276
25,0,53,deadpool,63345
25,0,54,deadpool,63165
25,0,55,deadpool,309256
25,0,56,deadpool,71447
25,0,57,deadpool,64327
25,0,58,deadpool,131117
25,0,59,deadpool,122875
25,0,60,deadpool,70726
25,0,61,deadpool,63265
25,0,62,deadpool,62754
25,0,63,deadpool,62574
25,0,64,deadpool,63355
25,0,65,deadpool,65319
25,0,66,deadpool,120121
25,0,67,deadpool,80511
25,0,68,deadpool,102795
25,0,69,deadpool,66911
25,0,70,deadpool,64638
25,0,71,deadpool,99019
25,0,72,deadpool,77987
25,0,73,deadpool,69936
25,0,74,deadpool,63315
25,0,75,deadpool,65969
25,0,76,deadpool,63866
25,0,77,deadpool,62654
25,0,78,deadpool,63035
25,0,79,deadpool,66630
25,0,80,deadpool,234353
25,0,81,deadpool,100321
25,0,82,deadpool,101773
25,0,83,deadpool,72699
25,0,84,deadpool,72990
25,0,85,deadpool,63195
25,0,86,deadpool,62564
25,0,87,deadpool,62835
25,0,88,deadpool,63526
25,0,89,deadpool,68443
25,0,90,deadpool,63856
25,0,91,deadpool,63045
25,0,92,deadpool,62624
25,0,93,deadpool,62504
25,0,94,deadpool,64658
25,0,95,deadpool,64217
25,0,96,deadpool,62985
25,0,97,deadpool,84437
25,0,98,deadpool,64598
25,0,99,deadpool,65068
25,0,100,deadpool,63195
25,0,101,deadpool,62985
25,0,102,deadpool,62564
25,0,103,deadpool,63075
25,0,104,deadpool,64257
25,0,105,deadpool,62274
25,0,106,deadpool,63135
25,0,107,deadpool,62675
25,0,108,deadpool,62604
25,0,109,deadpool,65859
25,0,110,deadpool,62785
25,0,111,deadpool,62944
25,0,112,deadpool,78067
25,0,113,deadpool,63265
25,0,114,deadpool,64598
25,0,115,deadpool,66750
25,0,116,deadpool,63065
25,0,117,deadpool,62894
25,0,118,deadpool,62635
25,0,119,deadpool,127602
25,0,120,deadpool,73010
25,0,121,deadpool,86680
25,0,122,deadpool,68393
25,0,123,deadpool,70596
25,0,124,deadpool,64406
25,0,125,deadpool,79910
25,0,126,deadpool,67472
25,0,127,deadpool,62915
25,1,0,direct,155424
25,1,1,direct,88223
25,1,2,direct,315845
25,1,3,direct,91037
25,1,4,direct,61943
25,1,5,direct,69074
25,1,6,direct,109775
25,1,7,direct,63486
25,1,8,direct,63536
25,1,9,direct,62915
25,1,10,direct,63656
25,1,11,direct,61603
25,1,12,direct,60812
25,1,13,direct,61202
25,1,14,direct,61433
25,1,15,direct,63285
25,1,16,direct,62114
25,1,17,direct,60451
25,1,18,direct,60481
25,1,19,direct,60601
25,1,20,direct,74872
25,1,21,direct,66159
25,1,22,direct,61242
25,1,23,direct,62033
25,1,24,direct,62634
25,1,25,direct,65349
25,1,26,direct,61503
25,1,27,direct,60992
25,1,28,direct,61783
25,1,29,direct,60892
25,1,30,direct,61953
25,1,31,direct,65418
25,1,32,direct,66390
25,1,33,direct,60441
25,1,34,direct,61422
25,1,35,direct,67511
25,1,36,direct,157347
25,1,37,direct,65219
25,1,38,direct,60751
25,1,39,direct,60280
25,1,40,direct,63185
25,1,41,direct,61302
25,1,42,direct,61692
25,1,43,direct,60911
25,1,44,direct,61293
25,1,45,direct,84687
25,1,46,direct,161753
25,1,47,direct,65919
25,1,48,direct,109945
25,1,49,direct,64227
25,1,50,direct,62153
25,1,51,direct,61162
25,1,52,direct,60321
25,1,53,direct,60431
25,1,54,direct,63716
25,1,55,direct,60801
25,1,56,direct,61262
25,1,57,direct,60641
25,1,58,direct,61533
25,1,59,direct,62323
25,1,60,direct,60180
25,1,61,direct,60091
25,1,62,direct,59610
25,1,63,direct,80601
25,1,64,direct,62334
25,1,65,direct,60040
25,1,66,direct,60441
25,1,67,direct,60821
25,1,68,direct,60602
25,1,69,direct,60921
25,1,70,direct,60781
25,1,71,direct,112149
25,1,72,direct,70987
25,1,73,direct,61473
25,1,74,direct,62104
25,1,75,direct,60331
25,1,76,direct,186470
25,1,77,direct,69474
25,1,78,direct,62063
25,1,79,direct,62865
25,1,80,direct,59961
25,1,81,direct,60110
25,1,82,direct,60531
25,1,83,direct,60681
25,1,84,direct,61843
25,1,85,direct,60711
25,1,86,direct,60251
25,1,87,direct,60191
25,1,88,direct,61793
25,1,89,direct,62024
25,1,90,direct,60361
25,1,91,direct,81132
25,1,92,direct,169345
25,1,93,direct,68834
25,1,94,direct,62474
25,1,95,direct,60190
25,1,96,direct,59850
25,1,97,direct,60421
25,1,98,direct,60511
25,1,99,direct,61753
25,1,100,direct,89124
25,1,101,direct,64958
25,1,102,direct,65319
25,1,103,direct,65759
25,1,104,direct,80381
25,1,105,direct,60942
25,1,106,direct,64017
25,1,107,direct,143105
25,1,108,direct,67301
25,1,109,direct,62885
25,1,110,direct,61353
25,1,111,direct,62724
25,1,112,direct,61102
25,1,113,direct,63025
25,1,114,direct,60291
25,1,115,direct,60671
25,1,116,direct,60942
25,1,117,direct,60572
25,1,118,direct,94132
25,1,119,direct,63515
25,1,120,direct,61213
25,1,121,direct,61062
25,1,122,direct,60461
25,1,123,direct,62454
25,1,124,direct,60211
25,1,125,direct,60371
25,1,126,direct,60671
25,1,127,direct,60340
26,0,0,direct,62745
26,0,1,direct,60181
26,0,2,direct,59930
26,0,3,direct,60531
26,0,4,direct,178378
26,0,5,direct,95013
26,0,6,direct,61453
26,0,7,direct,59730
26,0,8,direct,60030
26,0,9,direct,61021
26,0,10,direct,62013
26,0,11,direct,122253
26,0,12,direct,62505
26,0,13,direct,60521
26,0,14,direct,59759
26,0,15,direct,63445
26,0,16,direct,60451
26,0,17,direct,83165
26,0,18,direct,80011
26,0,19,direct,61613
26,0,20,direct,62284
26,0,21,direct,60642
26,0,22,direct,60621
26,0,23,direct,60671
26,0,24,direct,61652
26,0,25,direct,62043
26,0,26,direct,60921
26,0,27,direct,59790
26,0,28,direct,81062
26,0,29,direct,70155
26,0,30,direct,61573
26,0,31,direct,60611
26,0,32,direct,83926
26,0,33,direct,163636
26,0,34,direct,64247
26,0,35,direct,60691
26,0,36,direct,61572
26,0,37,direct,61282
26,0,38,direct,65909
26,0,39,direct,62293
26,0,40,direct,61072
26,0,41,direct,60691
26,0,42,direct,60922
26,0,43,direct,60311
26,0,44,direct,62293
26,0,45,direct,60801
26,0,46,direct,127151
26,0,47,direct,64147
26,0,48,direct,60621
26,0,49,direct,135534
26,0,50,direct,63977
26,0,51,direct,60931
26,0,52,direct,104317
26,0,53,direct,73621
26,0,54,direct,64247
26,0,55,direct,60602
26,0,56,direct,61993
26,0,57,direct,62084
26,0,58,direct,82464
26,0,59,direct,70806
26,0,60,direct,60301
26,0,61,direct,74201
26,0,62,direct,61673
26,0,63,direct,60101
26,0,64,direct,61472
26,0,65,direct,60662
26,0,66,direct,60461
26,0,67,direct,60181
26,0,68,direct,59659
26,0,69,direct,61673
26,0,70,direct,70506
26,0,71,direct,62174
26,0,72,direct,60601
26,0,73,direct,149305
26,0,74,direct,67712
26,0,75,direct,60441
26,0,76,direct,60381
26,0,77,direct,60732
26,0,78,direct,63796
26,0,79,direct,61373
26,0,80,direct,60150
26,0,81,direct,60551
26,0,82,direct,60551
26,0,83,direct,80792
26,0,84,direct,66089
26,0,85,direct,187973
26,0,86,direct,199170
26,0,87,direct,672132
26,0,88,direct,128663
26,0,89,direct,67742
26,0,90,direct,60571
26,0,91,direct,60310
26,0,92,direct,60731
26,0,93,direct,61873
26,0,94,direct,60441
26,0,95,direct,59810
26,0,96,direct,60231
26,0,97,direct,60391
26,0,98,direct,61463
26,0,99,direct,61192
26,0,100,direct,60571
26,0,101,direct,63084
26,0,102,direct,60210
26,0,103,direct,76986
26,0,104,direct,66981
26,0,105,direct,288775
26,0,106,direct,64206
26,0,107,direct,60410
26,0,108,direct,62414
26,0,109,direct,60891
26,0,110,direct,66179
26,0,111,direct,61252
26,0,112,direct,61242
26,0,113,direct,61873
26,0,114,direct,358660
26,0,115,direct,86500
26,0,116,direct,140902
26,0,117,direct,64848
26,0,118,direct,62765
26,0,119,direct,60361
26,0,120,direct,90787
26,0,121,direct,138969
26,0,122,direct,66390
26,0,123,direct,92238
26,0,124,direct,62684
26,0,125,direct,61302
26,0,126,direct,60671
26,0,127,direct,66450
26,1,0,deadpool,167382
26,1,1,deadpool,69514
26,1,2,deadpool,235334
26,1,3,deadpool,177077
26,1,4,deadpool,70566
26,1,5,deadpool,66741
26,1,6,deadpool,64367
26,1,7,deadpool,63265
26,1,8,deadpool,117677
26,1,9,deadpool,98288
26,1,10,deadpool,67281
26,1,11,deadpool,63966
26,1,12,deadpool,64066
26,1,13,deadpool,62915
26,1,14,deadpool,112940
26,1,15,deadpool,133891
26,1,16,deadpool,74121
26,1,17,deadpool,65519
26,1,18,deadpool,63896
26,1,19,deadpool,66320
26,1,20,deadpool,63395
26,1,21,deadpool,62744
26,1,22,deadpool,271729
26,1,23,deadpool,78578
26,1,24,deadpool,177006
26,1,25,deadpool,78138
26,1,26,deadpool,65148
26,1,27,deadpool,70105
26,1,28,deadpool,106830
26,1,29,deadpool,68373
26,1,30,deadpool,64187
26,1,31,deadpool,63235
26,1,32,deadpool,87632
26,1,33,deadpool,69234
26,1,34,deadpool,65338
26,1,35,deadpool,63987
26,1,36,deadpool,93380
26,1,37,deadpool,67632
26,1,38,deadpool,70416
26,1,39,deadpool,66470
26,1,40,deadpool,62854
26,1,41,deadpool,63636
26,1,42,deadpool,63185
26,1,43,deadpool,70416
26,1,44,deadpool,64988
26,1,45,deadpool,64167
26,1,46,deadpool,62874
26,1,47,deadpool,61903
26,1,48,deadpool,65618
26,1,49,deadpool,64146
26,1,50,deadpool,79679
26,1,51,deadpool,123276
26,1,52,deadpool,68583
26,1,53,deadpool,65689
26,1,54,deadpool,67171
26,1,55,deadpool,63766
26,1,56,deadpool,64247
26,1,57,deadpool,64657
26,1,58,deadpool,65449
26,1,59,deadpool,64677
26,1,60,deadpool,158047
26,1,61,deadpool,70166
26,1,62,deadpool,80762
26,1,63,deadpool,72969
26,1,64,deadpool,63596
26,1,65,deadpool,62994
26,1,66,deadpool,63295
26,1,67,deadpool,63996
26,1,68,deadpool,64878
26,1,69,deadpool,64017
26,1,70,deadpool,65689
26,1,71,deadpool,64437
26,1,72,deadpool,62795
26,1,73,deadpool,65678
26,1,74,deadpool,62864
26,1,75,deadpool,63525
26,1,76,deadpool,62745
26,1,77,deadpool,80271
26,1,78,deadpool,68183
26,1,79,deadpool,63125
26,1,80,deadpool,63125
26,1,81,deadpool,64147
26,1,82,deadpool,63035
26,1,83,deadpool,64627
26,1,84,deadpool,62954
26,1,85,deadpool,63125
26,1,86,deadpool,62744
26,1,87,deadpool,65469
26,1,88,deadpool,109385
26,1,89,deadpool,66800
26,1,90,deadpool,63987
26,1,91,deadpool,77807
26,1,92,deadpool,67331
26,1,93,deadpool,65088
26,1,94,deadpool,62815
26,1,95,deadpool,63545
26,1,96,deadpool,64016
26,1,97,deadpool,67481
26,1,98,deadpool,63315
26,1,99,deadpool,63015
26,1,100,deadpool,64267
26,1,101,deadpool,63135
26,1,102,deadpool,159700
26,1,103,deadpool,70296
26,1,104,deadpool,81132
26,1,105,deadpool,82193
26,1,106,deadpool,63335
26,1,107,deadpool,70847
26,1,108,deadpool,63115
26,1,109,deadpool,63035
26,1,110,deadpool,63185
26,1,111,deadpool,63545
26,1,112,deadpool,64928
26,1,113,deadpool,86149
26,1,114,deadpool,64096
26,1,115,deadpool,62854
26,1,116,deadpool,64107
26,1,117,deadpool,65769
26,1,118,deadpool,63105
26,1,119,deadpool,77487
26,1,120,deadpool,66270
26,1,121,deadpool,63285
26,1,122,deadpool,65889
26,1,123,deadpool,63565
26,1,124,deadpool,64337
26,1,125,deadpool,62705
26,1,126,deadpool,62754
26,1,127,deadpool,72329
27,0,0,deadpool,75624
27,0,1,deadpool,66750
27,0,2,deadpool,63666
27,0,3,deadpool,65038
27,0,4,deadpool,114052
27,0,5,deadpool,69555
27,0,6,deadpool,62935
27,0,7,deadpool,63355
27,0,8,deadpool,63305
27,0,9,deadpool,64307
27,0,10,deadpool,63215
27,0,11,deadpool,62474
27,0,12,deadpool,63024
27,0,13,deadpool,62854
27,0,14,deadpool,87953
27,0,15,deadpool,68804
27,0,16,deadpool,69925
27,0,17,deadpool,65840
27,0,18,deadpool,82224
27,0,19,deadpool,68423
27,0,20,deadpool,149364
27,0,21,deadpool,69124
27,0,22,deadpool,63155
27,0,23,deadpool,62895
27,0,24,deadpool,66059
27,0,25,deadpool,64246
27,0,26,deadpool,63696
27,0,27,deadpool,62834
27,0,28,deadpool,62554
27,0,29,deadpool,64757
27,0,30,deadpool,63035
27,0,31,deadpool,81804
27,0,32,deadpool,79830
27,0,33,deadpool,189515
27,0,34,deadpool,69615
27,0,35,deadpool,69224
27,0,36,deadpool,63455
27,0,37,deadpool,64718
27,0,38,deadpool,68563
27,0,39,deadpool,62944
27,0,40,deadpool,62854
27,0,41,deadpool,63386
27,0,42,deadpool,62744
27,0,43,deadpool,68473
27,0,44,deadpool,114172
27,0,45,deadpool,66349
27,0,46,deadpool,62934
27,0,47,deadpool,63636
27,0,48,deadpool,64747
27,0,49,deadpool,63024
27,0,50,deadpool,64156
27,0,51,deadpool,65519
27,0,52,deadpool,63756
27,0,53,deadpool,64457
27,0,54,deadpool,63926
27,0,55,deadpool,62754
27,0,56,deadpool,64938
27,0,57,deadpool,63356
27,0,58,deadpool,136395
27,0,59,deadpool,72118
27,0,60,deadpool,63415
27,0,61,deadpool,63636
27,0,62,deadpool,62685
27,0,63,deadpool,65158
27,0,64,deadpool,63286
27,0,65,deadpool,64257
27,0,66,deadpool,64407
27,0,67,deadpool,64096
27,0,68,deadpool,91938
27,0,69,deadpool,66450
27,0,70,deadpool,64086
27,0,71,deadpool,64156
27,0,72,deadpool,110707
27,0,73,deadpool,67091
27,0,74,deadpool,64076
27,0,75,deadpool,63155
27,0,76,deadpool,63545
27,0,77,deadpool,64147
27,0,78,deadpool,64758
27,0,79,deadpool,62674
27,0,80,deadpool,63535
27,0,81,deadpool,62654
27,0,82,deadpool,62835
27,0,83,deadpool,66219
27,0,84,deadpool,63485
27,0,85,deadpool,63225
27,0,86,deadpool,81483
27,0,87,deadpool,63255
27,0,88,deadpool,65689
27,0,89,deadpool,240482
27,0,90,deadpool,76485
27,0,91,deadpool,64697
27,0,92,deadpool,78098
27,0,93,deadpool,78147
27,0,94,deadpool,63776
27,0,95,deadpool,63395
27,0,96,deadpool,104697
27,0,97,deadpool,77427
27,0,98,deadpool,65038
27,0,99,deadpool,64427
27,0,100,deadpool,63696
27,0,101,deadpool,63045
27,0,102,deadpool,68113
27,0,103,deadpool,64117
27,0,104,deadpool,294473
27,0,105,deadpool,74051
27,0,106,deadpool,215374
27,0,107,deadpool,78007
27,0,108,deadpool,65428
27,0,109,deadpool,70877
27,0,110,deadpool,129805
27,0,111,deadpool,68092
27,0,112,deadpool,132910
27,0,113,deadpool,214773
27,0,114,deadpool,127772
27,0,115,deadpool,68953
27,0,116,deadpool,63235
27,0,117,deadpool,66710
27,0,118,deadpool,63947
27,0,119,deadpool,64196
27,0,120,deadpool,63966
27,0,121,deadpool,63836
27,0,122,deadpool,64917
27,0,123,deadpool,63475
27,0,124,deadpool,112449
27,0,125,deadpool,73461
27,0,126,deadpool,64096
27,0,127,deadpool,100992
27,1,0,direct,181603
27,1,1,direct,125398
27,1,2,direct,94642
27,1,3,direct,60891
27,1,4,direct,62053
27,1,5,direct,72920
27,1,6,direct,61032
27,1,7,direct,61032
27,1,8,direct,60551
27,1,9,direct,61522
27,1,10,direct,60170
27,1,11,direct,137527
27,1,12,direct,65659
27,1,13,direct,66049
27,1,14,direct,151628
27,1,15,direct,102985
27,1,16,direct,68173
27,1,17,direct,63085
27,1,18,direct,70175
27,1,19,direct,61382
27,1,20,direct,62003
27,1,21,direct,60962
27,1,22,direct,60301
27,1,23,direct,112329
27,1,24,direct,62995
27,1,25,direct,62213
27,1,26,direct,61612
27,1,27,direct,60562
27,1,28,direct,61713
27,1,29,direct,60170
27,1,30,direct,60440
27,1,31,direct,60761
27,1,32,direct,60240
27,1,33,direct,78067
27,1,34,direct,68994
27,1,35,direct,60942
27,1,36,direct,61342
27,1,37,direct,80872
27,1,38,direct,67442
27,1,39,direct,60872
27,1,40,direct,60211
27,1,41,direct,61302
27,1,42,direct,61442
27,1,43,direct,61723
27,1,44,direct,61773
27,1,45,direct,60150
27,1,46,direct,60551
27,1,47,direct,61342
27,1,48,direct,61943
27,1,49,direct,60962
27,1,50,direct,61102
27,1,51,direct,60130
27,1,52,direct,60881
27,1,53,direct,79119
27,1,54,direct,61282
27,1,55,direct,60271
27,1,56,direct,61663
27,1,57,direct,60571
27,1,58,direct,62775
27,1,59,direct,60661
27,1,60,direct,60551
27,1,61,direct,60130
27,1,62,direct,60642
27,1,63,direct,61653
27,1,64,direct,59980
27,1,65,direct,60701
27,1,66,direct,75804
27,1,67,direct,63785
27,1,68,direct,77997
27,1,69,direct,64196
27,1,70,direct,60621
27,1,71,direct,60040
27,1,72,direct,62905
27,1,73,direct,60361
27,1,74,direct,60651
27,1,75,direct,60400
27,1,76,direct,60691
27,1,77,direct,61924
27,1,78,direct,60190
27,1,79,direct,60310
27,1,80,direct,60140
27,1,81,direct,59940
27,1,82,direct,201333
27,1,83,direct,82324
27,1,84,direct,62414
27,1,85,direct,60211
27,1,86,direct,60391
27,1,87,direct,62865
27,1,88,direct,61402
27,1,89,direct,60671
27,1,90,direct,61272
27,1,91,direct,60281
27,1,92,direct,61132
27,1,93,direct,279821
27,1,94,direct,109605
27,1,95,direct,62594
27,1,96,direct,60721
27,1,97,direct,62554
27,1,98,direct,60131
27,1,99,direct,60000
27,1,100,direct,61493
27,1,101,direct,60671
27,1,102,direct,62354
27,1,103,direct,60481
27,1,104,direct,60130
27,1,105,direct,66269
27,1,106,direct,125809
27,1,107,direct,80631
27,1,108,direct,63536
27,1,109,direct,60932
27,1,110,direct,60641
27,1,111,direct,60100
27,1,112,direct,62524
27,1,113,direct,61002
27,1,114,direct,59910
27,1,115,direct,69655
27,1,116,direct,114001
27,1,117,direct,64006
27,1,118,direct,60992
27,1,119,direct,60591
27,1,120,direct,61523
27,1,121,direct,93020
27,1,122,direct,74322
27,1,123,direct,60451
27,1,124,direct,60121
27,1,125,direct,60621
27,1,126,direct,62554
27,1,127,direct,59920
28,0,0,direct,60882
28,0,1,direct,59980
28,0,2,direct,61733
28,0,3,direct,61693
28,0,4,direct,60191
28,0,5,direct,60391
28,0,6,direct,60351
28,0,7,direct,60511
28,0,8,direct,61933
28,0,9,direct,78578
28,0,10,direct,59729
28,0,11,direct,60320
28,0,12,direct,60951
28,0,13,direct,63035
28,0,14,direct,60211
28,0,15,direct,60060
28,0,16,direct,60430
28,0,17,direct,60230
28,0,18,direct,62114
28,0,19,direct,60651
28,0,20,direct,95183
28,0,21,direct,61953
28,0,22,direct,60231
28,0,23,direct,61152
28,0,24,direct,74252
28,0,25,direct,61512
28,0,26,direct,61031
28,0,27,direct,61522
28,0,28,direct,61603
28,0,29,direct,60991
28,0,30,direct,60221
28,0,31,direct,61883
28,0,32,direct,59871
28,0,33,direct,62204
28,0,34,direct,61262
28,0,35,direct,60011
28,0,36,direct,60781
28,0,37,direct,60111
28,0,38,direct,61473
28,0,39,direct,73190
28,0,40,direct,64667
28,0,41,direct,60171
28,0,42,direct,63736
28,0,43,direct,60401
28,0,44,direct,61132
28,0,45,direct,60641
28,0,46,direct,60601
28,0,47,direct,61472
28,0,48,direct,60681
28,0,49,direct,61062
28,0,50,direct,60331
28,0,51,direct,60792
28,0,52,direct,61512
28,0,53,direct,60691
28,0,54,direct,60301
28,0,55,direct,70927
28,0,56,direct,61933
28,0,57,direct,68533
28,0,58,direct,412681
28,0,59,direct,70215
28,0,60,direct,62003
28,0,61,direct,60842
28,0,62,direct,62705
28,0,63,direct,60171
28,0,64,direct,60491
28,0,65,direct,118328
28,0,66,direct,64206
28,0,67,direct,62004
28,0,68,direct,60621
28,0,69,direct,62464
28,0,70,direct,61242
28,0,71,direct,60731
28,0,72,direct,63506
28,0,73,direct,59930
28,0,74,direct,60231
28,0,75,direct,83135
28,0,76,direct,64878
28,0,77,direct,307302
28,0,78,direct,113330
28,0,79,direct,63295
28,0,80,direct,60381
28,0,81,direct,60131
28,0,82,direct,61593
28,0,83,direct,61993
28,0,84,direct,170201
28,0,85,direct,69264
28,0,86,direct,62184
28,0,87,direct,63556
28,0,88,direct,172009
28,0,89,direct,101423
28,0,90,direct,63976
28,0,91,direct,68112
28,0,92,direct,62574
28,0,93,direct,61112
28,0,94,direct,61302
28,0,95,direct,60011
28,0,96,direct,66651
28,0,97,direct,60791
28,0,98,direct,61252
28,0,99,direct,59610
28,0,100,direct,61412
28,0,101,direct,113640
28,0,102,direct,66530
28,0,103,direct,61412
28,0,104,direct,60591
28,0,105,direct,63015
28,0,106,direct,64817
28,0,107,direct,61933
28,0,108,direct,59970
28,0,109,direct,60091
28,0,110,direct,60671
28,0,111,direct,61853
28,0,112,direct,60080
28,0,113,direct,60461
28,0,114,direct,60291
28,0,115,direct,67151
28,0,116,direct,154172
28,0,117,direct,61933
28,0,118,direct,60141
28,0,119,direct,61392
28,0,120,direct,60951
28,0,121,direct,63055
28,0,122,direct,64657
28,0,123,direct,147572
28,0,124,direct,94402
28,0,125,direct,67822
28,0,126,direct,62854
28,0,127,direct,59921
28,1,0,deadpool,229475
28,1,1,deadpool,79279
28,1,2,deadpool,67742
28,1,3,deadpool,67651
28,1,4,deadpool,65288
28,1,5,deadpool,66300
28,1,6,deadpool,77247
28,1,7,deadpool,73981
28,1,8,deadpool,145960
28,1,9,deadpool,76024
28,1,10,deadpool,125168
28,1,11,deadpool,73150
28,1,12,deadpool,73020
28,1,13,deadpool,64587
28,1,14,deadpool,65098
28,1,15,deadpool,63816
28,1,16,deadpool,63436
28,1,17,deadpool,68713
28,1,18,deadpool,64206
28,1,19,deadpool,66850
28,1,20,deadpool,77417
28,1,21,deadpool,65128
28,1,22,deadpool,65718
28,1,23,deadpool,78859
28,1,24,deadpool,107712
28,1,25,deadpool,66390
28,1,26,deadpool,63836
28,1,27,deadpool,65529
28,1,28,deadpool,63486
28,1,29,deadpool,63666
28,1,30,deadpool,64637
28,1,31,deadpool,64547
28,1,32,deadpool,65869
28,1,33,deadpool,63325
28,1,34,deadpool,64517
28,1,35,deadpool,63356
28,1,36,deadpool,63355
28,1,37,deadpool,76334
28,1,38,deadpool,78498
28,1,39,deadpool,64818
28,1,40,deadpool,64668
28,1,41,deadpool,63566
28,1,42,deadpool,65778
28,1,43,deadpool,62875
28,1,44,deadpool,63585
28,1,45,deadpool,63305
28,1,46,deadpool,63856
28,1,47,deadpool,64978
28,1,48,deadpool,63656
28,1,49,deadpool,70947
28,1,50,deadpool,65148
28,1,51,deadpool,64928
28,1,52,deadpool,81072
28,1,53,deadpool,67602
28,1,54,deadpool,65038
28,1,55,deadpool,63806
28,1,56,deadpool,64697
28,1,57,deadpool,65399
28,1,58,deadpool,64547
28,1,59,deadpool,63666
28,1,60,deadpool,62925
28,1,61,deadpool,63696
28,1,62,deadpool,280902
28,1,63,deadpool,134903
28,1,64,deadpool,70506
28,1,65,deadpool,64828
28,1,66,deadpool,72860
28,1,67,deadpool,64698
28,1,68,deadpool,64697
28,1,69,deadpool,85969
28,1,70,deadpool,63816
28,1,71,deadpool,70255
28,1,72,deadpool,302896
28,1,73,deadpool,127692
28,1,74,deadpool,68794
28,1,75,deadpool,64026
28,1,76,deadpool,71167
28,1,77,deadpool,63906
28,1,78,deadpool,63035
28,1,79,deadpool,63255
28,1,80,deadpool,64106
28,1,81,deadpool,65639
28,1,82,deadpool,63636
28,1,83,deadpool,63165
28,1,84,deadpool,63085
28,1,85,deadpool,62284
28,1,86,deadpool,64928
28,1,87,deadpool,80111
28,1,88,deadpool,70647
28,1,89,deadpool,64507
28,1,90,deadpool,73651
28,1,91,deadpool,66039
28,1,92,deadpool,63776
28,1,93,deadpool,63506
28,1,94,deadpool,63416
28,1,95,deadpool,63415
28,1,96,deadpool,64777
28,1,97,deadpool,62964
28,1,98,deadpool,108464
28,1,99,deadpool,68523
28,1,100,deadpool,65188
28,1,101,deadpool,80701
28,1,102,deadpool,68313
28,1,103,deadpool,64707
28,1,104,deadpool,67161
28,1,105,deadpool,63225
28,1,106,deadpool,66039
28,1,107,deadpool,72650
28,1,108,deadpool,99851
28,1,109,deadpool,67151
28,1,110,deadpool,78218
28,1,111,deadpool,138899
28,1,112,deadpool,67802
28,1,113,deadpool,148553
28,1,114,deadpool,68743
28,1,115,deadpool,125629
28,1,116,deadpool,74532
28,1,117,deadpool,64477
28,1,118,deadpool,63075
28,1,119,deadpool,70706
28,1,120,deadpool,70055
28,1,121,deadpool,64837
28,1,122,deadpool,63906
28,1,123,deadpool,63826
28,1,124,deadpool,64537
28,1,125,deadpool,140972
28,1,126,deadpool,84437
28,1,127,deadpool,64627
29,0,0,deadpool,64948
29,0,1,deadpool,63506
29,0,2,deadpool,65459
29,0,3,deadpool,63686
29,0,4,deadpool,64197
29,0,5,deadpool,62574
29,0,6,deadpool,62635
29,0,7,deadpool,64817
29,0,8,deadpool,63305
29,0,9,deadpool,64818
29,0,10,deadpool,64417
29,0,11,deadpool,126220
29,0,12,deadpool,68853
29,0,13,deadpool,63706
29,0,14,deadpool,64947
29,0,15,deadpool,63575
29,0,16,deadpool,63315
29,0,17,deadpool,65759
29,0,18,deadpool,74843
29,0,19,deadpool,67241
29,0,20,deadpool,63516
29,0,21,deadpool,85509
29,0,22,deadpool,66300
29,0,23,deadpool,63305
29,0,24,deadpool,77637
29,0,25,deadpool,68773
29,0,26,deadpool,71558
29,0,27,deadpool,64307
29,0,28,deadpool,63466
29,0,29,deadpool,64277
29,0,30,deadpool,62935
29,0,31,deadpool,68093
29,0,32,deadpool,142555
29,0,33,deadpool,78748
29,0,34,deadpool,127902
29,0,35,deadpool,75143
29,0,36,deadpool,118649
29,0,37,deadpool,73982
29,0,38,deadpool,65669
29,0,39,deadpool,63746
29,0,40,deadpool,63506
29,0,41,deadpool,64657
29,0,42,deadpool,63155
29,0,43,deadpool,62804
29,0,44,deadpool,63887
29,0,45,deadpool,63135
29,0,46,deadpool,64948
29,0,47,deadpool,63606
29,0,48,deadpool,63225
29,0,49,deadpool,62655
29,0,50,deadpool,64136
29,0,51,deadpool,85219
29,0,52,deadpool,64938
29,0,53,deadpool,62955
29,0,54,deadpool,64527
29,0,55,deadpool,63285
29,0,56,deadpool,65648
29,0,57,deadpool,64367
29,0,58,deadpool,62824
29,0,59,deadpool,62745
29,0,60,deadpool,62674
29,0,61,deadpool,64767
29,0,62,deadpool,63645
29,0,63,deadpool,63265
29,0,64,deadpool,62424
29,0,65,deadpool,62645
29,0,66,deadpool,82093
29,0,67,deadpool,66109
29,0,68,deadpool,64517
29,0,69,deadpool,62915
29,0,70,deadpool,68934
29,0,71,deadpool,63886
29,0,72,deadpool,63355
29,0,73,deadpool,64087
29,0,74,deadpool,63145
29,0,75,deadpool,69555
29,0,76,deadpool,96284
29,0,77,deadpool,70696
29,0,78,deadpool,64607
29,0,79,deadpool,63135
29,0,80,deadpool,85318
29,0,81,deadpool,67492
29,0,82,deadpool,63666
29,0,83,deadpool,62604
29,0,84,deadpool,62443
29,0,85,deadpool,64657
29,0,86,deadpool,63816
29,0,87,deadpool,63275
29,0,88,deadpool,64397
29,0,89,deadpool,63516
29,0,90,deadpool,64517
29,0,91,deadpool,63666
29,0,92,deadpool,63064
29,0,93,deadpool,64066
29,0,94,deadpool,62975
29,0,95,deadpool,78738
29,0,96,deadpool,64667
29,0,97,deadpool,63936
29,0,98,deadpool,62805
29,0,99,deadpool,64287
29,0,100,deadpool,69104
29,0,101,deadpool,135254
29,0,102,deadpool,66660
29,0,103,deadpool,62825
29,0,104,deadpool,63956
29,0,105,deadpool,67491
29,0,106,deadpool,64657
29,0,107,deadpool,63446
29,0,108,deadpool,77296
29,0,109,deadpool,67592
29,0,110,deadpool,65879
29,0,111,deadpool,66600
29,0,112,deadpool,64978
29,0,113,deadpool,63085
29,0,114,deadpool,67411
29,0,115,deadpool,63655
29,0,116,deadpool,63495
29,0,117,deadpool,63055
29,0,118,deadpool,63275
29,0,119,deadpool,67472
29,0,120,deadpool,149555
29,0,121,deadpool,67982
29,0,122,deadpool,157137
29,0,123,deadpool,81382
29,0,124,deadpool,71978
29,0,125,deadpool,122504
29,0,126,deadpool,75914
29,0,127,deadpool,65859
29,1,0,direct,130025
29,1,1,direct,93340
29,1,2,direct,62684
29,1,3,direct,61101
29,1,4,direct,61352
29,1,5,direct,80992
29,1,6,direct,63475
29,1,7,direct,63035
29,1,8,direct,60451
29,1,9,direct,60601
29,1,10,direct,61733
29,1,11,direct,62555
29,1,12,direct,61232
29,1,13,direct,61102
29,1,14,direct,60862
29,1,15,direct,61613
29,1,16,direct,61853
29,1,17,direct,60290
29,1,18,direct,71337
29,1,19,direct,127402
29,1,20,direct,65188
29,1,21,direct,63416
29,1,22,direct,60230
29,1,23,direct,61222
29,1,24,direct,61672
29,1,25,direct,61162
29,1,26,direct,63215
29,1,27,direct,60781
29,1,28,direct,60511
29,1,29,direct,60902
29,1,30,direct,61313
29,1,31,direct,62033
29,1,32,direct,60611
29,1,33,direct,61402
29,1,34,direct,73640
29,1,35,direct,66180
29,1,36,direct,64437
29,1,37,direct,60621
29,1,38,direct,60792
29,1,39,direct,60240
29,1,40,direct,60591
29,1,41,direct,62404
29,1,42,direct,60762
29,1,43,direct,60180
29,1,44,direct,60350
29,1,45,direct,63996
29,1,46,direct,61162
29,1,47,direct,60681
29,1,48,direct,60682
29,1,49,direct,60501
29,1,50,direct,71297
29,1,51,direct,63475
29,1,52,direct,61422
29,1,53,direct,60671
29,1,54,direct,60701
29,1,55,direct,62213
29,1,56,direct,61222
29,1,57,direct,60681
29,1,58,direct,60001
29,1,59,direct,60631
29,1,60,direct,70916
29,1,61,direct,220081
29,1,62,direct,64617
29,1,63,direct,101653
29,1,64,direct,64047
29,1,65,direct,62924
29,1,66,direct,60781
29,1,67,direct,60632
29,1,68,direct,60721
29,1,69,direct,120171
29,1,70,direct,74211
29,1,71,direct,61873
29,1,72,direct,236937
29,1,73,direct,66169
29,1,74,direct,87011
29,1,75,direct,64728
29,1,76,direct,61002
29,1,77,direct,60191
29,1,78,direct,60501
29,1,79,direct,61012
29,1,80,direct,62294
29,1,81,direct,65288
29,1,82,direct,63826
29,1,83,direct,60721
29,1,84,direct,60641
29,1,85,direct,62995
29,1,86,direct,60501
29,1,87,direct,61172
29,1,88,direct,168834
29,1,89,direct,66600
29,1,90,direct,62474
29,1,91,direct,61262
29,1,92,direct,62043
29,1,93,direct,61222
29,1,94,direct,63736
29,1,95,direct,61373
29,1,96,direct,60541
29,1,97,direct,60701
29,1,98,direct,60521
29,1,99,direct,62514
29,1,100,direct,60621
29,1,101,direct,62163
29,1,102,direct,61642
29,1,103,direct,80891
29,1,104,direct,65479
29,1,105,direct,60391
29,1,106,direct,60341
29,1,107,direct,61873
29,1,108,direct,61292
29,1,109,direct,61362
29,1,110,direct,60501
29,1,111,direct,60331
29,1,112,direct,60231
29,1,113,direct,61302
29,1,114,direct,83215
29,1,115,direct,63655
29,1,116,direct,61152
29,1,117,direct,61142
29,1,118,direct,85118
29,1,119,direct,65779
29,1,120,direct,61422
29,1,121,direct,61232
29,1,122,direct,60771
29,1,123,direct,61012
29,1,124,direct,62504
29,1,125,direct,60390
29,1,126,direct,60070
29,1,127,direct,60822
30,0,0,direct,61592
30,0,1,direct,63536
30,0,2,direct,60701
30,0,3,direct,60811
30,0,4,direct,60682
30,0,5,direct,73721
30,0,6,direct,66440
30,0,7,direct,60301
30,0,8,direct,60150
30,0,9,direct,60642
30,0,10,direct,60912
30,0,11,direct,62374
30,0,12,direct,61342
30,0,13,direct,61022
30,0,14,direct,60311
30,0,15,direct,60871
30,0,16,direct,61813
30,0,17,direct,60921
30,0,18,direct,60350
30,0,19,direct,62123
30,0,20,direct,64166
30,0,21,direct,84087
30,0,22,direct,82444
30,0,23,direct,97987
30,0,24,direct,64387
30,0,25,direct,63155
30,0,26,direct,61312
30,0,27,direct,77627
30,0,28,direct,61422
30,0,29,direct,60772
30,0,30,direct,62454
30,0,31,direct,61122
30,0,32,direct,60732
30,0,33,direct,60821
30,0,34,direct,60542
30,0,35,direct,122824
30,0,36,direct,64737
30,0,37,direct,60931
30,0,38,direct,61352
30,0,39,direct,60862
30,0,40,direct,61633
30,0,41,direct,60601
30,0,42,direct,62063
30,0,43,direct,61933
30,0,44,direct,62023
30,0,45,direct,83706
30,0,46,direct,68243
30,0,47,direct,71257
30,0,48,direct,61302
30,0,49,direct,85219
30,0,50,direct,65178
30,0,51,direct,60591
30,0,52,direct,61112
30,0,53,direct,61522
30,0,54,direct,60401
30,0,55,direct,61653
30,0,56,direct,60972
30,0,57,direct,60782
30,0,58,direct,60501
30,0,59,direct,60000
30,0,60,direct,62194
30,0,61,direct,65899
30,0,62,direct,60702
30,0,63,direct,61262
30,0,64,direct,83135
30,0,65,direct,79850
30,0,66,direct,63125
30,0,67,direct,60842
30,0,68,direct,60792
30,0,69,direct,66570
30,0,70,direct,61653
30,0,71,direct,61172
30,0,72,direct,60401
30,0,73,direct,62655
30,0,74,direct,85408
30,0,75,direct,61883
30,0,76,direct,60792
30,0,77,direct,59990
30,0,78,direct,77837
30,0,79,direct,63515
30,0,80,direct,62363
30,0,81,direct,62564
30,0,82,direct,60271
30,0,83,direct,60341
30,0,84,direct,61422
30,0,85,direct,169084
30,0,86,direct,65558
30,0,87,direct,60100
30,0,88,direct,61332
30,0,89,direct,62774
30,0,90,direct,59901
30,0,91,direct,60461
30,0,92,direct,100862
30,0,93,direct,64537
30,0,94,direct,62655
30,0,95,direct,60561
30,0,96,direct,60281
30,0,97,direct,60141
30,0,98,direct,60040
30,0,99,direct,61292
30,0,100,direct,61323
30,0,101,direct,60211
30,0,102,direct,82464
30,0,103,direct,65308
30,0,104,direct,57517
30,0,105,direct,60772
30,0,106,direct,70786
30,0,107,direct,64898
30,0,108,direct,61232
30,0,109,direct,62464
30,0,110,direct,61763
30,0,111,direct,61002
30,0,112,direct,64727
30,0,113,direct,60962
30,0,114,direct,62274
30,0,115,direct,60010
30,0,116,direct,60551
30,0,117,direct,61072
30,0,118,direct,64107
30,0,119,direct,60471
30,0,120,direct,61483
30,0,121,direct,60822
30,0,122,direct,84126
30,0,123,direct,66370
30,0,124,direct,60581
30,0,125,direct,60251
30,0,126,direct,60301
30,0,127,direct,60671
30,1,0,deadpool,197236
30,1,1,deadpool,70927
30,1,2,deadpool,65619
30,1,3,deadpool,64537
30,1,4,deadpool,65328
30,1,5,deadpool,68423
30,1,6,deadpool,64086
30,1,7,deadpool,107422
30,1,8,deadpool,66740
30,1,9,deadpool,66920
30,1,10,deadpool,66781
30,1,11,deadpool,64016
30,1,12,deadpool,64628
30,1,13,deadpool,65028
30,1,14,deadpool,63976
30,1,15,deadpool,65708
30,1,16,deadpool,63355
30,1,17,deadpool,63576
30,1,18,deadpool,64697
30,1,19,deadpool,64877
30,1,20,deadpool,66220
30,1,21,deadpool,92289
30,1,22,deadpool,67461
30,1,23,deadpool,64286
30,1,24,deadpool,64807
30,1,25,deadpool,66259
30,1,26,deadpool,64347
30,1,27,deadpool,64767
30,1,28,deadpool,63946
30,1,29,deadpool,69014
30,1,30,deadpool,63325
30,1,31,deadpool,81412
30,1,32,deadpool,71538
30,1,33,deadpool,66631
30,1,34,deadpool,70707
30,1,35,deadpool,87542
30,1,36,deadpool,318253
30,1,37,deadpool,150326
30,1,38,deadpool,95233
30,1,39,deadpool,116886
30,1,40,deadpool,94732
30,1,41,deadpool,91458
30,1,42,deadpool,101813
30,1,43,deadpool,93411
30,1,44,deadpool,93541
30,1,45,deadpool,91007
30,1,46,deadpool,90096
30,1,47,deadpool,90947
30,1,48,deadpool,100060
30,1,49,deadpool,95904
30,1,50,deadpool,91308
30,1,51,deadpool,92539
30,1,52,deadpool,102664
30,1,53,deadpool,94793
30,1,54,deadpool,94262
30,1,55,deadpool,92399
30,1,56,deadpool,92750
30,1,57,deadpool,90686
30,1,58,deadpool,92259
30,1,59,deadpool,93560
30,1,60,deadpool,92168
30,1,61,deadpool,92729
30,1,62,deadpool,108784
30,1,63,deadpool,141543
30,1,64,deadpool,98067
30,1,65,deadpool,93170
30,1,66,deadpool,91367
30,1,67,deadpool,94252
30,1,68,deadpool,126671
30,1,69,deadpool,130607
30,1,70,deadpool,107001
30,1,71,deadpool,156595
30,1,72,deadpool,106640
30,1,73,deadpool,106751
30,1,74,deadpool,90786
30,1,75,deadpool,114823
30,1,76,deadpool,91167
30,1,77,deadpool,91698
30,1,78,deadpool,95193
30,1,79,deadpool,94001
30,1,80,deadpool,106210
30,1,81,deadpool,144998
30,1,82,deadpool,91758
30,1,83,deadpool,98017
30,1,84,deadpool,90065
30,1,85,deadpool,90085
30,1,86,deadpool,90776
30,1,87,deadpool,89445
30,1,88,deadpool,93210
30,1,89,deadpool,91458
30,1,90,deadpool,129565
30,1,91,deadpool,99509
30,1,92,deadpool,92219
30,1,93,deadpool,385370
30,1,94,deadpool,103245
30,1,95,deadpool,90657
30,1,96,deadpool,93491
30,1,97,deadpool,118018
30,1,98,deadpool,99650
30,1,99,deadpool,93741
30,1,100,deadpool,91247
30,1,101,deadpool,91077
30,1,102,deadpool,90596
30,1,103,deadpool,91868
30,1,104,deadpool,109315
30,1,105,deadpool,100711
30,1,106,deadpool,90626
30,1,107,deadpool,322905
30,1,108,deadpool,110546
30,1,109,deadpool,92129
30,1,110,deadpool,91217
30,1,111,deadpool,102594
30,1,112,deadpool,95964
30,1,113,deadpool,93160
30,1,114,deadpool,90906
30,1,115,deadpool,141313
30,1,116,deadpool,94732
30,1,117,deadpool,99149
30,1,118,deadpool,91448
30,1,119,deadpool,90486
30,1,120,deadpool,92379
30,1,121,deadpool,89945
30,1,122,deadpool,98018
30,1,123,deadpool,359791
30,1,124,deadpool,95163
30,1,125,deadpool,106270
30,1,126,deadpool,93130
30,1,127,deadpool,97807
31,0,0,deadpool,91978
31,0,1,deadpool,88784
31,0,2,deadpool,90126
31,0,3,deadpool,91317
31,0,4,deadpool,109756
31,0,5,deadpool,95444
31,0,6,deadpool,89925
31,0,7,deadpool,91198
31,0,8,deadpool,99660
31,0,9,deadpool,95744
31,0,10,deadpool,92890
31,0,11,deadpool,94181
31,0,12,deadpool,132389
31,0,13,deadpool,92008
31,0,14,deadpool,171589
31,0,15,deadpool,190927
31,0,16,deadpool,153161
31,0,17,deadpool,203847
31,0,18,deadpool,131608
31,0,19,deadpool,93951
31,0,20,deadpool,105940
31,0,21,deadpool,113491
31,0,22,deadpool,93561
31,0,23,deadpool,90136
31,0,24,deadpool,93380
31,0,25,deadpool,92769
31,0,26,deadpool,91658
31,0,27,deadpool,90666
31,0,28,deadpool,132049
31,0,29,deadpool,96826
31,0,30,deadpool,148053
31,0,31,deadpool,95764
31,0,32,deadpool,95513
31,0,33,deadpool,108894
31,0,34,deadpool,162935
31,0,35,deadpool,103585
31,0,36,deadpool,103696
31,0,37,deadpool,95293
31,0,38,deadpool,162956
31,0,39,deadpool,300793
31,0,40,deadpool,116245
31,0,41,deadpool,97156
31,0,42,deadpool,91988
31,0,43,deadpool,133051
31,0,44,deadpool,92099
31,0,45,deadpool,113040
31,0,46,deadpool,97026
31,0,47,deadpool,92449
31,0,48,deadpool,92409
31,0,49,deadpool,170116
31,0,50,deadpool,97025
31,0,51,deadpool,92489
31,0,52,deadpool,90947
31,0,53,deadpool,90216
31,0,54,deadpool,115704
31,0,55,deadpool,111287
31,0,56,deadpool,182204
31,0,57,deadpool,97417
31,0,58,deadpool,92099
31,0,59,deadpool,91387
31,0,60,deadpool,90155
31,0,61,deadpool,90987
31,0,62,deadpool,91518
31,0,63,deadpool,91027
31,0,64,deadpool,268404
31,0,65,deadpool,98328
31,0,66,deadpool,92940
31,0,67,deadpool,92609
31,0,68,deadpool,92949
31,0,69,deadpool,83866
31,0,70,deadpool,127071
31,0,71,deadpool,95123
31,0,72,deadpool,118648
31,0,73,deadpool,96094
31,0,74,deadpool,91828
31,0,75,deadpool,90887
31,0,76,deadpool,90065
31,0,77,deadpool,100762
31,0,78,deadpool,93220
31,0,79,deadpool,117037
31,0,80,deadpool,95804
31,0,81,deadpool,91438
31,0,82,deadpool,194773
31,0,83,deadpool,106500
31,0,84,deadpool,92238
31,0,85,deadpool,92239
31,0,86,deadpool,89785
31,0,87,deadpool,98578
31,0,88,deadpool,91378
31,0,89,deadpool,193542
31,0,90,deadpool,142455
31,0,91,deadpool,95844
31,0,92,deadpool,93160
31,0,93,deadpool,91999
31,0,94,deadpool,92278
31,0,95,deadpool,90987
31,0,96,deadpool,149224
31,0,97,deadpool,105879
31,0,98,deadpool,93421
31,0,99,deadpool,135614
31,0,100,deadpool,95283
31,0,101,deadpool,94502
31,0,102,deadpool,93360
31,0,103,deadpool,91207
31,0,104,deadpool,89064
31,0,105,deadpool,90356
31,0,106,deadpool,91458
31,0,107,deadpool,93671
31,0,108,deadpool,89945
31,0,109,deadpool,107822
31,0,110,deadpool,97286
31,0,111,deadpool,91888
31,0,112,deadpool,92469
31,0,113,deadpool,90797
31,0,114,deadpool,91548
31,0,115,deadpool,90836
31,0,116,deadpool,90947
31,0,117,deadpool,139490
31,0,118,deadpool,128324
31,0,119,deadpool,134792
31,0,120,deadpool,93771
31,0,121,deadpool,100281
31,0,122,deadpool,90677
31,0,123,deadpool,90446
31,0,124,deadpool,91417
31,0,125,deadpool,90806
31,0,126,deadpool,157947
31,0,127,deadpool,101563
31,1,0,direct,226981
31,1,1,direct,90016
31,1,2,direct,95644
31,1,3,direct,94092
31,1,4,direct,86340
31,1,5,direct,83977
31,1,6,direct,84777
31,1,7,direct,84077
31,1,8,direct,86140
31,1,9,direct,108904
31,1,10,direct,97807
31,1,11,direct,85429
31,1,12,direct,85900
31,1,13,direct,85518
31,1,14,direct,84868
31,1,15,direct,85229
31,1,16,direct,85629
31,1,17,direct,84957
31,1,18,direct,94251
31,1,19,direct,89094
31,1,20,direct,200171
31,1,21,direct,104166
31,1,22,direct,84908
31,1,23,direct,84548
31,1,24,direct,85800
31,1,25,direct,88573
31,1,26,direct,118388
31,1,27,direct,110246
31,1,28,direct,105248
31,1,29,direct,86801
31,1,30,direct,86971
31,1,31,direct,84056
31,1,32,direct,83465
31,1,33,direct,83125
31,1,34,direct,84777
31,1,35,direct,86069
31,1,36,direct,85839
31,1,37,direct,85929
31,1,38,direct,126811
31,1,39,direct,93851
31,1,40,direct,86329
31,1,41,direct,83706
31,1,42,direct,83356
31,1,43,direct,85098
31,1,44,direct,83325
31,1,45,direct,83225
31,1,46,direct,82945
31,1,47,direct,84347
31,1,48,direct,83766
31,1,49,direct,102604
31,1,50,direct,86891
31,1,51,direct,83186
31,1,52,direct,89184
31,1,53,direct,85469
31,1,54,direct,84548
31,1,55,direct,82905
31,1,56,direct,84006
31,1,57,direct,85178
31,1,58,direct,92049
31,1,59,direct,144037
31,1,60,direct,204307
31,1,61,direct,85118
31,1,62,direct,142254
31,1,63,direct,90186
31,1,64,direct,83646
31,1,65,direct,83605
31,1,66,direct,104838
31,1,67,direct,86991
31,1,68,direct,85188
31,1,69,direct,114212
31,1,70,direct,86840
31,1,71,direct,83776
31,1,72,direct,86631
31,1,73,direct,85759
31,1,74,direct,84057
31,1,75,direct,83817
31,1,76,direct,86190
31,1,77,direct,84958
31,1,78,direct,83665
31,1,79,direct,86290
31,1,80,direct,109024
31,1,81,direct,86660
31,1,82,direct,275835
31,1,83,direct,106971
31,1,84,direct,85369
31,1,85,direct,85498
31,1,86,direct,85869
31,1,87,direct,84557
31,1,88,direct,105178
31,1,89,direct,121353
31,1,90,direct,94492
31,1,91,direct,86249
31,1,92,direct,85418
31,1,93,direct,85399
31,1,94,direct,86611
31,1,95,direct,83465
31,1,96,direct,83946
31,1,97,direct,83937
31,1,98,direct,83034
31,1,99,direct,115073
31,1,100,direct,88062
31,1,101,direct,91477
31,1,102,direct,84447
31,1,103,direct,84237
31,1,104,direct,84597
31,1,105,direct,99860
31,1,106,direct,156004
31,1,107,direct,91187
31,1,108,direct,84027
31,1,109,direct,105910
31,1,110,direct,86760
31,1,111,direct,86039
31,1,112,direct,82955
31,1,113,direct,84306
31,1,114,direct,83105
31,1,115,direct,84958
31,1,116,direct,84507
31,1,117,direct,93190
31,1,118,direct,86560
31,1,119,direct,83335
31,1,120,direct,101473
31,1,121,direct,86240
31,1,122,direct,84527
31,1,123,direct,83896
31,1,124,direct,84016
31,1,125,direct,95624
31,1,126,direct,84597
31,1,127,direct,84437
