batch,phase,index,backend,elapsed_ns
0,0,0,direct,67151
0,0,1,direct,70526
0,0,2,direct,92269
0,0,3,direct,75564
0,0,4,direct,62805
0,0,5,direct,63866
0,0,6,direct,63135
0,0,7,direct,62254
0,0,8,direct,63095
0,0,9,direct,63725
0,0,10,direct,147021
0,0,11,direct,120061
0,0,12,direct,78048
0,0,13,direct,65428
0,0,14,direct,348844
0,0,15,direct,118889
0,0,16,direct,168664
0,0,17,direct,65248
0,0,18,direct,64157
0,0,19,direct,62324
0,0,20,direct,61031
0,0,21,direct,62113
0,0,22,direct,86129
0,0,23,direct,89444
0,0,24,direct,68814
0,0,25,direct,63295
0,0,26,direct,63516
0,0,27,direct,297167
0,0,28,direct,420072
0,0,29,direct,77357
0,0,30,direct,63265
0,0,31,direct,62654
0,0,32,direct,63846
0,0,33,direct,187922
0,0,34,direct,65428
0,0,35,direct,62705
0,0,36,direct,131718
0,0,37,direct,66470
0,0,38,direct,210747
0,0,39,direct,69375
0,0,40,direct,62544
0,0,41,direct,62594
0,0,42,direct,93560
0,0,43,direct,64898
0,0,44,direct,61122
0,0,45,direct,61603
0,0,46,direct,87982
0,0,47,direct,120391
0,0,48,direct,94582
0,0,49,direct,86060
0,0,50,direct,200912
0,0,51,direct,154382
0,0,52,direct,253652
0,0,53,direct,69113
0,0,54,direct,62664
0,0,55,direct,61533
0,0,56,direct,70786
0,0,57,direct,2553401
0,0,58,direct,71167
0,0,59,direct,63826
0,0,60,direct,66490
0,0,61,direct,105649
0,0,62,direct,87091
0,0,63,direct,66690
0,0,64,direct,96255
0,0,65,direct,65468
0,0,66,direct,63736
0,0,67,direct,62414
0,0,68,direct,61723
0,0,69,direct,62274
0,0,70,direct,208734
0,0,71,direct,74533
0,0,72,direct,64287
0,0,73,direct,63746
0,0,74,direct,83766
0,0,75,direct,63345
0,0,76,direct,118599
0,0,77,direct,63415
0,0,78,direct,61923
0,0,79,direct,132209
0,0,80,direct,145319
0,0,81,direct,197247
0,0,82,direct,142714
0,0,83,direct,63465
0,0,84,direct,63065
0,0,85,direct,477999
0,0,86,direct,69434
0,0,87,direct,62774
0,0,88,direct,64176
0,0,89,direct,62514
0,0,90,direct,65148
0,0,91,direct,62955
0,0,92,direct,104667
0,0,93,direct,206029
0,0,94,direct,121413
0,0,95,direct,104387
0,0,96,direct,67451
0,0,97,direct,61753
0,0,98,direct,61532
0,0,99,direct,60501
0,0,100,direct,97406
0,0,101,direct,66460
0,0,102,direct,64748
0,0,103,direct,63706
0,0,104,direct,120261
0,0,105,direct,64747
0,0,106,direct,60862
0,0,107,direct,61593
0,0,108,direct,62804
0,0,109,direct,189235
0,0,110,direct,66480
0,0,111,direct,61683
0,0,112,direct,62404
0,0,113,direct,61893
0,0,114,direct,61422
0,0,115,direct,63726
0,0,116,direct,135043
0,0,117,direct,73240
0,0,118,direct,94983
0,0,119,direct,89995
0,0,120,direct,66329
0,0,121,direct,62975
0,0,122,direct,61592
0,0,123,direct,61372
0,0,124,direct,60681
0,0,125,direct,63595
0,0,126,direct,64226
0,0,127,direct,69284
0,1,0,deadpool,94292
0,1,1,deadpool,140271
0,1,2,deadpool,74832
0,1,3,deadpool,72318
0,1,4,deadpool,65188
0,1,5,deadpool,64337
0,1,6,deadpool,69675
0,1,7,deadpool,65128
0,1,8,deadpool,275104
0,1,9,deadpool,87192
0,1,10,deadpool,66020
0,1,11,deadpool,155634
0,1,12,deadpool,70045
0,1,13,deadpool,64457
0,1,14,deadpool,157407
0,1,15,deadpool,70907
0,1,16,deadpool,70636
0,1,17,deadpool,203376
0,1,18,deadpool,78728
0,1,19,deadpool,106981
0,1,20,deadpool,162384
0,1,21,deadpool,73540
0,1,22,deadpool,64657
0,1,23,deadpool,64347
0,1,24,deadpool,66700
0,1,25,deadpool,79370
0,1,26,deadpool,74692
0,1,27,deadpool,65048
0,1,28,deadpool,64307
0,1,29,deadpool,315505
0,1,30,deadpool,88634
0,1,31,deadpool,243837
0,1,32,deadpool,77947
0,1,33,deadpool,66490
0,1,34,deadpool,65108
0,1,35,deadpool,72589
0,1,36,deadpool,65849
0,1,37,deadpool,64678
0,1,38,deadpool,63465
0,1,39,deadpool,65148
0,1,40,deadpool,103365
0,1,41,deadpool,105398
0,1,42,deadpool,72499
0,1,43,deadpool,66280
0,1,44,deadpool,64327
0,1,45,deadpool,66170
0,1,46,deadpool,64798
0,1,47,deadpool,64347
0,1,48,deadpool,67832
0,1,49,deadpool,90616
0,1,50,deadpool,68644
0,1,51,deadpool,65959
0,1,52,deadpool,74792
0,1,53,deadpool,842748
0,1,54,deadpool,85599
0,1,55,deadpool,67211
0,1,56,deadpool,155384
0,1,57,deadpool,73791
0,1,58,deadpool,65539
0,1,59,deadpool,68783
0,1,60,deadpool,64868
0,1,61,deadpool,65038
0,1,62,deadpool,65418
0,1,63,deadpool,77286
0,1,64,deadpool,67222
0,1,65,deadpool,66350
0,1,66,deadpool,130827
0,1,67,deadpool,75994
0,1,68,deadpool,115543
0,1,69,deadpool,68573
0,1,70,deadpool,64176
0,1,71,deadpool,63065
0,1,72,deadpool,64337
0,1,73,deadpool,65479
0,1,74,deadpool,70686
0,1,75,deadpool,65539
0,1,76,deadpool,65097
0,1,77,deadpool,64928
0,1,78,deadpool,67091
0,1,79,deadpool,66841
0,1,80,deadpool,66250
0,1,81,deadpool,158198
0,1,82,deadpool,85749
0,1,83,deadpool,66429
0,1,84,deadpool,272249
0,1,85,deadpool,81142
0,1,86,deadpool,66571
0,1,87,deadpool,66320
0,1,88,deadpool,74032
0,1,89,deadpool,65308
0,1,90,deadpool,65078
0,1,91,deadpool,114603
0,1,92,deadpool,73310
0,1,93,deadpool,71318
0,1,94,deadpool,69063
0,1,95,deadpool,85899
0,1,96,deadpool,67040
0,1,97,deadpool,70947
0,1,98,deadpool,105169
0,1,99,deadpool,67602
0,1,100,deadpool,270788
0,1,101,deadpool,176856
0,1,102,deadpool,364969
0,1,103,deadpool,98638
0,1,104,deadpool,177557
0,1,105,deadpool,84377
0,1,106,deadpool,130947
0,1,107,deadpool,68273
0,1,108,deadpool,143075
0,1,109,deadpool,73801
0,1,110,deadpool,65118
0,1,111,deadpool,66039
0,1,112,deadpool,64658
0,1,113,deadpool,67061
0,1,114,deadpool,65328
0,1,115,deadpool,64427
0,1,116,deadpool,64937
0,1,117,deadpool,63465
0,1,118,deadpool,128053
0,1,119,deadpool,71457
0,1,120,deadpool,65799
0,1,121,deadpool,64627
0,1,122,deadpool,291368
0,1,123,deadpool,136846
0,1,124,deadpool,70366
0,1,125,deadpool,65158
0,1,126,deadpool,64427
0,1,127,deadpool,85969
1,0,0,deadpool,95954
1,0,1,deadpool,65739
1,0,2,deadpool,63656
1,0,3,deadpool,64046
1,0,4,deadpool,69044
1,0,5,deadpool,64517
1,0,6,deadpool,64287
1,0,7,deadpool,64688
1,0,8,deadpool,69925
1,0,9,deadpool,241744
1,0,10,deadpool,118488
1,0,11,deadpool,70486
1,0,12,deadpool,121623
1,0,13,deadpool,75504
1,0,14,deadpool,78468
1,0,15,deadpool,66279
1,0,16,deadpool,65358
1,0,17,deadpool,64808
1,0,18,deadpool,64898
1,0,19,deadpool,67822
1,0,20,deadpool,66170
1,0,21,deadpool,64237
1,0,22,deadpool,66480
1,0,23,deadpool,83125
1,0,24,deadpool,97356
1,0,25,deadpool,70095
1,0,26,deadpool,64797
1,0,27,deadpool,65889
1,0,28,deadpool,66580
1,0,29,deadpool,66249
1,0,30,deadpool,65067
1,0,31,deadpool,338970
1,0,32,deadpool,74592
1,0,33,deadpool,117406
1,0,34,deadpool,69335
1,0,35,deadpool,62073
1,0,36,deadpool,149074
1,0,37,deadpool,69164
1,0,38,deadpool,65749
1,0,39,deadpool,66730
1,0,40,deadpool,65269
1,0,41,deadpool,63766
1,0,42,deadpool,65850
1,0,43,deadpool,103666
1,0,44,deadpool,99279
1,0,45,deadpool,96855
1,0,46,deadpool,68814
1,0,47,deadpool,71158
1,0,48,deadpool,72178
1,0,49,deadpool,63966
1,0,50,deadpool,63856
1,0,51,deadpool,62845
1,0,52,deadpool,63756
1,0,53,deadpool,71057
1,0,54,deadpool,161763
1,0,55,deadpool,77927
1,0,56,deadpool,66259
1,0,57,deadpool,126801
1,0,58,deadpool,70776
1,0,59,deadpool,64397
1,0,60,deadpool,65108
1,0,61,deadpool,65359
1,0,62,deadpool,185039
1,0,63,deadpool,71989
1,0,64,deadpool,63926
1,0,65,deadpool,64296
1,0,66,deadpool,113981
1,0,67,deadpool,75744
1,0,68,deadpool,362485
1,0,69,deadpool,74372
1,0,70,deadpool,152410
1,0,71,deadpool,70706
1,0,72,deadpool,69134
1,0,73,deadpool,133280
1,0,74,deadpool,72299
1,0,75,deadpool,125669
1,0,76,deadpool,369125
1,0,77,deadpool,131628
1,0,78,deadpool,68423
1,0,79,deadpool,64888
1,0,80,deadpool,64987
1,0,81,deadpool,64637
1,0,82,deadpool,63836
1,0,83,deadpool,128653
1,0,84,deadpool,82935
1,0,85,deadpool,65699
1,0,86,deadpool,71438
1,0,87,deadpool,237588
1,0,88,deadpool,127562
1,0,89,deadpool,166441
1,0,90,deadpool,119730
1,0,91,deadpool,137647
1,0,92,deadpool,131678
1,0,93,deadpool,116225
1,0,94,deadpool,116385
1,0,95,deadpool,115714
1,0,96,deadpool,114172
1,0,97,deadpool,123456
1,0,98,deadpool,115163
1,0,99,deadpool,140852
1,0,100,deadpool,117276
1,0,101,deadpool,131408
1,0,102,deadpool,127081
1,0,103,deadpool,115003
1,0,104,deadpool,114603
1,0,105,deadpool,113471
1,0,106,deadpool,178438
1,0,107,deadpool,134142
1,0,108,deadpool,118869
1,0,109,deadpool,115453
1,0,110,deadpool,114913
1,0,111,deadpool,114262
1,0,112,deadpool,118027
1,0,113,deadpool,115784
1,0,114,deadpool,138558
1,0,115,deadpool,119219
1,0,116,deadpool,114723
1,0,117,deadpool,135154
1,0,118,deadpool,118399
1,0,119,deadpool,115023
1,0,120,deadpool,155774
1,0,121,deadpool,121182
1,0,122,deadpool,144477
1,0,123,deadpool,117196
1,0,124,deadpool,124838
1,0,125,deadpool,114142
1,0,126,deadpool,113501
1,0,127,deadpool,119139
1,1,0,direct,126500
1,1,1,direct,128092
1,1,2,direct,117737
1,1,3,direct,106290
1,1,4,direct,111368
1,1,5,direct,107692
1,1,6,direct,112609
1,1,7,direct,105919
1,1,8,direct,105518
1,1,9,direct,109675
1,1,10,direct,131979
1,1,11,direct,109405
1,1,12,direct,105709
1,1,13,direct,106079
1,1,14,direct,109975
1,1,15,direct,107552
1,1,16,direct,108243
1,1,17,direct,107973
1,1,18,direct,116295
1,1,19,direct,132880
1,1,20,direct,106930
1,1,21,direct,105679
1,1,22,direct,105459
1,1,23,direct,110807
1,1,24,direct,106591
1,1,25,direct,150226
1,1,26,direct,108273
1,1,27,direct,131378
1,1,28,direct,110216
1,1,29,direct,106490
1,1,30,direct,106691
1,1,31,direct,105759
1,1,32,direct,105669
1,1,33,direct,111598
1,1,34,direct,106461
1,1,35,direct,104927
1,1,36,direct,234142
1,1,37,direct,130596
1,1,38,direct,112520
1,1,39,direct,107322
1,1,40,direct,105970
1,1,41,direct,106199
1,1,42,direct,105168
1,1,43,direct,136376
1,1,44,direct,108964
1,1,45,direct,105298
1,1,46,direct,104998
1,1,47,direct,106190
1,1,48,direct,111919
1,1,49,direct,106380
1,1,50,direct,105979
1,1,51,direct,106239
1,1,52,direct,126740
1,1,53,direct,112069
1,1,54,direct,115353
1,1,55,direct,106771
1,1,56,direct,109134
1,1,57,direct,107071
1,1,58,direct,150627
1,1,59,direct,111097
1,1,60,direct,144207
1,1,61,direct,111568
1,1,62,direct,106230
1,1,63,direct,110947
1,1,64,direct,124077
1,1,65,direct,112349
1,1,66,direct,105859
1,1,67,direct,120511
1,1,68,direct,132930
1,1,69,direct,110676
1,1,70,direct,106500
1,1,71,direct,104387
1,1,72,direct,113471
1,1,73,direct,105479
1,1,74,direct,104588
1,1,75,direct,106070
1,1,76,direct,106570
1,1,77,direct,133661
1,1,78,direct,108082
1,1,79,direct,105899
1,1,80,direct,106019
1,1,81,direct,106360
1,1,82,direct,110766
1,1,83,direct,106760
1,1,84,direct,104958
1,1,85,direct,128363
1,1,86,direct,117016
1,1,87,direct,111007
1,1,88,direct,115083
1,1,89,direct,119690
1,1,90,direct,114922
1,1,91,direct,146080
1,1,92,direct,120341
1,1,93,direct,133551
1,1,94,direct,111468
1,1,95,direct,106590
1,1,96,direct,108944
1,1,97,direct,109405
1,1,98,direct,106611
1,1,99,direct,106110
1,1,100,direct,105769
1,1,101,direct,107061
1,1,102,direct,139500
1,1,103,direct,110436
1,1,104,direct,105749
1,1,105,direct,106099
1,1,106,direct,105689
1,1,107,direct,110917
1,1,108,direct,107041
1,1,109,direct,108193
1,1,110,direct,108393
1,1,111,direct,151889
1,1,112,direct,111027
1,1,113,direct,106551
1,1,114,direct,106260
1,1,115,direct,105599
1,1,116,direct,110206
1,1,117,direct,105468
1,1,118,direct,106320
1,1,119,direct,132580
1,1,120,direct,110947
1,1,121,direct,110246
1,1,122,direct,106421
1,1,123,direct,105879
1,1,124,direct,105960
1,1,125,direct,135945
1,1,126,direct,116465
1,1,127,direct,131668
2,0,0,direct,117417
2,0,1,direct,111087
2,0,2,direct,112289
2,0,3,direct,110075
2,0,4,direct,108393
2,0,5,direct,107102
2,0,6,direct,105168
2,0,7,direct,106249
2,0,8,direct,130527
2,0,9,direct,108693
2,0,10,direct,106179
2,0,11,direct,111297
2,0,12,direct,111087
2,0,13,direct,109895
2,0,14,direct,105439
2,0,15,direct,105579
2,0,16,direct,105859
2,0,17,direct,135464
2,0,18,direct,150606
2,0,19,direct,107592
2,0,20,direct,105298
2,0,21,direct,105859
2,0,22,direct,106089
2,0,23,direct,108403
2,0,24,direct,106470
2,0,25,direct,131678
2,0,26,direct,108253
2,0,27,direct,106600
2,0,28,direct,120691
2,0,29,direct,107331
2,0,30,direct,106020
2,0,31,direct,140782
2,0,32,direct,121553
2,0,33,direct,131678
2,0,34,direct,108634
2,0,35,direct,108834
2,0,36,direct,106891
2,0,37,direct,114853
2,0,38,direct,105639
2,0,39,direct,105308
2,0,40,direct,106129
2,0,41,direct,106230
2,0,42,direct,145249
2,0,43,direct,108483
2,0,44,direct,106330
2,0,45,direct,106080
2,0,46,direct,105169
2,0,47,direct,110637
2,0,48,direct,107111
2,0,49,direct,106371
2,0,50,direct,126290
2,0,51,direct,111127
2,0,52,direct,110076
2,0,53,direct,105939
2,0,54,direct,105779
2,0,55,direct,107051
2,0,56,direct,108623
2,0,57,direct,111187
2,0,58,direct,108373
2,0,59,direct,131648
2,0,60,direct,108684
2,0,61,direct,106631
2,0,62,direct,110537
2,0,63,direct,106661
2,0,64,direct,105228
2,0,65,direct,142905
2,0,66,direct,116516
2,0,67,direct,135604
2,0,68,direct,114051
2,0,69,direct,111568
2,0,70,direct,106310
2,0,71,direct,104808
2,0,72,direct,110537
2,0,73,direct,106390
2,0,74,direct,106500
2,0,75,direct,104177
2,0,76,direct,132148
2,0,77,direct,111367
2,0,78,direct,105358
2,0,79,direct,105519
2,0,80,direct,105659
2,0,81,direct,106130
2,0,82,direct,109024
2,0,83,direct,108724
2,0,84,direct,125248
2,0,85,direct,114042
2,0,86,direct,122053
2,0,87,direct,106430
2,0,88,direct,105538
2,0,89,direct,105599
2,0,90,direct,106080
2,0,91,direct,109434
2,0,92,direct,106931
2,0,93,direct,136876
2,0,94,direct,114292
2,0,95,direct,107542
2,0,96,direct,109575
2,0,97,direct,106920
2,0,98,direct,106280
2,0,99,direct,147312
2,0,100,direct,109655
2,0,101,direct,133511
2,0,102,direct,112779
2,0,103,direct,109925
2,0,104,direct,105919
2,0,105,direct,106160
2,0,106,direct,108884
2,0,107,direct,106721
2,0,108,direct,106430
2,0,109,direct,106260
2,0,110,direct,134482
2,0,111,direct,112910
2,0,112,direct,112359
2,0,113,direct,110266
2,0,114,direct,107943
2,0,115,direct,106250
2,0,116,direct,113561
2,0,117,direct,112139
2,0,118,direct,129896
2,0,119,direct,112068
2,0,120,direct,107111
2,0,121,direct,110526
2,0,122,direct,106921
2,0,123,direct,106300
2,0,124,direct,106740
2,0,125,direct,107632
2,0,126,direct,111427
2,0,127,direct,142324
2,1,0,deadpool,159129
2,1,1,deadpool,117026
2,1,2,deadpool,128183
2,1,3,deadpool,116606
2,1,4,deadpool,151808
2,1,5,deadpool,121322
2,1,6,deadpool,142865
2,1,7,deadpool,129505
2,1,8,deadpool,115213
2,1,9,deadpool,114332
2,1,10,deadpool,113551
2,1,11,deadpool,114322
2,1,12,deadpool,120402
2,1,13,deadpool,114923
2,1,14,deadpool,148504
2,1,15,deadpool,121413
2,1,16,deadpool,115213
2,1,17,deadpool,144868
2,1,18,deadpool,115704
2,1,19,deadpool,115403
2,1,20,deadpool,115324
2,1,21,deadpool,115574
2,1,22,deadpool,152860
2,1,23,deadpool,118368
2,1,24,deadpool,122524
2,1,25,deadpool,117406
2,1,26,deadpool,115424
2,1,27,deadpool,119640
2,1,28,deadpool,116646
2,1,29,deadpool,116625
2,1,30,deadpool,151718
2,1,31,deadpool,115764
2,1,32,deadpool,117667
2,1,33,deadpool,114262
2,1,34,deadpool,130876
2,1,35,deadpool,152820
2,1,36,deadpool,120772
2,1,37,deadpool,142575
2,1,38,deadpool,120421
2,1,39,deadpool,131918
2,1,40,deadpool,127692
2,1,41,deadpool,122535
2,1,42,deadpool,119870
2,1,43,deadpool,114683
2,1,44,deadpool,116946
2,1,45,deadpool,174943
2,1,46,deadpool,116866
2,1,47,deadpool,118358
2,1,48,deadpool,114612
2,1,49,deadpool,114452
2,1,50,deadpool,115163
2,1,51,deadpool,114052
2,1,52,deadpool,116496
2,1,53,deadpool,152289
2,1,54,deadpool,116876
2,1,55,deadpool,113370
2,1,56,deadpool,113972
2,1,57,deadpool,118398
2,1,58,deadpool,114372
2,1,59,deadpool,114662
2,1,60,deadpool,114252
2,1,61,deadpool,154102
2,1,62,deadpool,116816
2,1,63,deadpool,114903
2,1,64,deadpool,113170
2,1,65,deadpool,113291
2,1,66,deadpool,166641
2,1,67,deadpool,120972
2,1,68,deadpool,137677
2,1,69,deadpool,116976
2,1,70,deadpool,115674
2,1,71,deadpool,123836
2,1,72,deadpool,125008
2,1,73,deadpool,114983
2,1,74,deadpool,113210
2,1,75,deadpool,113070
2,1,76,deadpool,148794
2,1,77,deadpool,118479
2,1,78,deadpool,114322
2,1,79,deadpool,113441
2,1,80,deadpool,112920
2,1,81,deadpool,117066
2,1,82,deadpool,113931
2,1,83,deadpool,112900
2,1,84,deadpool,144067
2,1,85,deadpool,130937
2,1,86,deadpool,120541
2,1,87,deadpool,136666
2,1,88,deadpool,115314
2,1,89,deadpool,114752
2,1,90,deadpool,114752
2,1,91,deadpool,117767
2,1,92,deadpool,138319
2,1,93,deadpool,118328
2,1,94,deadpool,114292
2,1,95,deadpool,127131
2,1,96,deadpool,121172
2,1,97,deadpool,114021
2,1,98,deadpool,149195
2,1,99,deadpool,115564
2,1,100,deadpool,140972
2,1,101,deadpool,119811
2,1,102,deadpool,113772
2,1,103,deadpool,112890
2,1,104,deadpool,113901
2,1,105,deadpool,114132
2,1,106,deadpool,117997
2,1,107,deadpool,112560
2,1,108,deadpool,137858
2,1,109,deadpool,120642
2,1,110,deadpool,119090
2,1,111,deadpool,122394
2,1,112,deadpool,116566
2,1,113,deadpool,118037
2,1,114,deadpool,115263
2,1,115,deadpool,113691
2,1,116,deadpool,127712
2,1,117,deadpool,115293
2,1,118,deadpool,114282
2,1,119,deadpool,116855
2,1,120,deadpool,116045
2,1,121,deadpool,116856
2,1,122,deadpool,114743
2,1,123,deadpool,159900
2,1,124,deadpool,122464
2,1,125,deadpool,141753
2,1,126,deadpool,131859
2,1,127,deadpool,116164
3,0,0,deadpool,116335
3,0,1,deadpool,166561
3,0,2,deadpool,125949
3,0,3,deadpool,157417
3,0,4,deadpool,116806
3,0,5,deadpool,116926
3,0,6,deadpool,115344
3,0,7,deadpool,121804
3,0,8,deadpool,113230
3,0,9,deadpool,113751
3,0,10,deadpool,113010
3,0,11,deadpool,123225
3,0,12,deadpool,120191
3,0,13,deadpool,114111
3,0,14,deadpool,113631
3,0,15,deadpool,115003
3,0,16,deadpool,112960
3,0,17,deadpool,118328
3,0,18,deadpool,114873
3,0,19,deadpool,142705
3,0,20,deadpool,114572
3,0,21,deadpool,113381
3,0,22,deadpool,117357
3,0,23,deadpool,114272
3,0,24,deadpool,116395
3,0,25,deadpool,114182
3,0,26,deadpool,113951
3,0,27,deadpool,139841
3,0,28,deadpool,114442
3,0,29,deadpool,115935
3,0,30,deadpool,114813
3,0,31,deadpool,112780
3,0,32,deadpool,153541
3,0,33,deadpool,121552
3,0,34,deadpool,138238
3,0,35,deadpool,118869
3,0,36,deadpool,114071
3,0,37,deadpool,119129
3,0,38,deadpool,113701
3,0,39,deadpool,113050
3,0,40,deadpool,114402
3,0,41,deadpool,114101
3,0,42,deadpool,145579
3,0,43,deadpool,119009
3,0,44,deadpool,114842
3,0,45,deadpool,114472
3,0,46,deadpool,115254
3,0,47,deadpool,120111
3,0,48,deadpool,113901
3,0,49,deadpool,113982
3,0,50,deadpool,134582
3,0,51,deadpool,141332
3,0,52,deadpool,120762
3,0,53,deadpool,114392
3,0,54,deadpool,117496
3,0,55,deadpool,127773
3,0,56,deadpool,135153
3,0,57,deadpool,116235
3,0,58,deadpool,143726
3,0,59,deadpool,117307
3,0,60,deadpool,114903
3,0,61,deadpool,124056
3,0,62,deadpool,115494
3,0,63,deadpool,114182
3,0,64,deadpool,170697
3,0,65,deadpool,118468
3,0,66,deadpool,154963
3,0,67,deadpool,115414
3,0,68,deadpool,112619
3,0,69,deadpool,113080
3,0,70,deadpool,117957
3,0,71,deadpool,119700
3,0,72,deadpool,115374
3,0,73,deadpool,114692
3,0,74,deadpool,138338
3,0,75,deadpool,115935
3,0,76,deadpool,118869
3,0,77,deadpool,114241
3,0,78,deadpool,113531
3,0,79,deadpool,113450
3,0,80,deadpool,113341
3,0,81,deadpool,118508
3,0,82,deadpool,149074
3,0,83,deadpool,115984
3,0,84,deadpool,141493
3,0,85,deadpool,118177
3,0,86,deadpool,118138
3,0,87,deadpool,116625
3,0,88,deadpool,116435
3,0,89,deadpool,144457
3,0,90,deadpool,121142
3,0,91,deadpool,117577
3,0,92,deadpool,114142
3,0,93,deadpool,114052
3,0,94,deadpool,113551
3,0,95,deadpool,163186
3,0,96,deadpool,123946
3,0,97,deadpool,148754
3,0,98,deadpool,116846
3,0,99,deadpool,116426
3,0,100,deadpool,126751
3,0,101,deadpool,115184
3,0,102,deadpool,115654
3,0,103,deadpool,113771
3,0,104,deadpool,114082
3,0,105,deadpool,150176
3,0,106,deadpool,117456
3,0,107,deadpool,114903
3,0,108,deadpool,114042
3,0,109,deadpool,113872
3,0,110,deadpool,124297
3,0,111,deadpool,116635
3,0,112,deadpool,114803
3,0,113,deadpool,142184
3,0,114,deadpool,116996
3,0,115,deadpool,120752
3,0,116,deadpool,115013
3,0,117,deadpool,113150
3,0,118,deadpool,116785
3,0,119,deadpool,118228
3,0,120,deadpool,123556
3,0,121,deadpool,141853
3,0,122,deadpool,119379
3,0,123,deadpool,115794
3,0,124,deadpool,117166
3,0,125,deadpool,120962
3,0,126,deadpool,136034
3,0,127,deadpool,130095
3,1,0,direct,150897
3,1,1,direct,112960
3,1,2,direct,110396
3,1,3,direct,106731
3,1,4,direct,104948
3,1,5,direct,106431
3,1,6,direct,104277
3,1,7,direct,109695
3,1,8,direct,108052
3,1,9,direct,133410
3,1,10,direct,108102
3,1,11,direct,116204
3,1,12,direct,122274
3,1,13,direct,119540
3,1,14,direct,113771
3,1,15,direct,104277
3,1,16,direct,107312
3,1,17,direct,136535
3,1,18,direct,111237
3,1,19,direct,106751
3,1,20,direct,105398
3,1,21,direct,105279
3,1,22,direct,109474
3,1,23,direct,106440
3,1,24,direct,108794
3,1,25,direct,107933
3,1,26,direct,142735
3,1,27,direct,106671
3,1,28,direct,106280
3,1,29,direct,105719
3,1,30,direct,105168
3,1,31,direct,112339
3,1,32,direct,141012
3,1,33,direct,109414
3,1,34,direct,129855
3,1,35,direct,113812
3,1,36,direct,117046
3,1,37,direct,106951
3,1,38,direct,106510
3,1,39,direct,104837
3,1,40,direct,107672
3,1,41,direct,109204
3,1,42,direct,105839
3,1,43,direct,143176
3,1,44,direct,107552
3,1,45,direct,105569
3,1,46,direct,110286
3,1,47,direct,106930
3,1,48,direct,107442
3,1,49,direct,106871
3,1,50,direct,106460
3,1,51,direct,131058
3,1,52,direct,109986
3,1,53,direct,109765
3,1,54,direct,105479
3,1,55,direct,110186
3,1,56,direct,129665
3,1,57,direct,119710
3,1,58,direct,106300
3,1,59,direct,105118
3,1,60,direct,127953
3,1,61,direct,111368
3,1,62,direct,106481
3,1,63,direct,105419
3,1,64,direct,105989
3,1,65,direct,105919
3,1,66,direct,158379
3,1,67,direct,343477
3,1,68,direct,73049
3,1,69,direct,63716
3,1,70,direct,130757
3,1,71,direct,67121
3,1,72,direct,61533
3,1,73,direct,62253
3,1,74,direct,119309
3,1,75,direct,66000
3,1,76,direct,68102
3,1,77,direct,63666
3,1,78,direct,125749
3,1,79,direct,63856
3,1,80,direct,145408
3,1,81,direct,66681
3,1,82,direct,65258
3,1,83,direct,145529
3,1,84,direct,70837
3,1,85,direct,95934
3,1,86,direct,66490
3,1,87,direct,62414
3,1,88,direct,96305
3,1,89,direct,137126
3,1,90,direct,147852
3,1,91,direct,130747
3,1,92,direct,79239
3,1,93,direct,62664
3,1,94,direct,62705
3,1,95,direct,368624
3,1,96,direct,76756
3,1,97,direct,62344
3,1,98,direct,63115
3,1,99,direct,63285
3,1,100,direct,83435
3,1,101,direct,64387
3,1,102,direct,61873
3,1,103,direct,62304
3,1,104,direct,61182
3,1,105,direct,87101
3,1,106,direct,90116
3,1,107,direct,62214
3,1,108,direct,100121
3,1,109,direct,62985
3,1,110,direct,63445
3,1,111,direct,62204
3,1,112,direct,63526
3,1,113,direct,61943
3,1,114,direct,62164
3,1,115,direct,63496
3,1,116,direct,72119
3,1,117,direct,281213
3,1,118,direct,188053
3,1,119,direct,182775
3,1,120,direct,117296
3,1,121,direct,110286
3,1,122,direct,108484
3,1,123,direct,108363
3,1,124,direct,107983
3,1,125,direct,133641
3,1,126,direct,371288
3,1,127,direct,133962
4,0,0,direct,331910
4,0,1,direct,243526
4,0,2,direct,233972
4,0,3,direct,140411
4,0,4,direct,135303
4,0,5,direct,131147
4,0,6,direct,124948
4,0,7,direct,127743
4,0,8,direct,114943
4,0,9,direct,106850
4,0,10,direct,105939
4,0,11,direct,109795
4,0,12,direct,106309
4,0,13,direct,106189
4,0,14,direct,106500
4,0,15,direct,107652
4,0,16,direct,138058
4,0,17,direct,110907
4,0,18,direct,106791
4,0,19,direct,105870
4,0,20,direct,163506
4,0,21,direct,113711
4,0,22,direct,107031
4,0,23,direct,105379
4,0,24,direct,137206
4,0,25,direct,109985
4,0,26,direct,109736
4,0,27,direct,106230
4,0,28,direct,105809
4,0,29,direct,128944
4,0,30,direct,108373
4,0,31,direct,110076
4,0,32,direct,106199
4,0,33,direct,133702
4,0,34,direct,106450
4,0,35,direct,267773
4,0,36,direct,201733
4,0,37,direct,293211
4,0,38,direct,111117
4,0,39,direct,106380
4,0,40,direct,105258
4,0,41,direct,109765
4,0,42,direct,105438
4,0,43,direct,106920
4,0,44,direct,106921
4,0,45,direct,141302
4,0,46,direct,108123
4,0,47,direct,105489
4,0,48,direct,106310
4,0,49,direct,106060
4,0,50,direct,109455
4,0,51,direct,103876
4,0,52,direct,104548
4,0,53,direct,103966
4,0,54,direct,138308
4,0,55,direct,117297
4,0,56,direct,127212
4,0,57,direct,110075
4,0,58,direct,106009
4,0,59,direct,106340
4,0,60,direct,108853
4,0,61,direct,104617
4,0,62,direct,146751
4,0,63,direct,106771
4,0,64,direct,106581
4,0,65,direct,109125
4,0,66,direct,106250
4,0,67,direct,269075
4,0,68,direct,91448
4,0,69,direct,65769
4,0,70,direct,91027
4,0,71,direct,66550
4,0,72,direct,64247
4,0,73,direct,62033
4,0,74,direct,62764
4,0,75,direct,63726
4,0,76,direct,61692
4,0,77,direct,61933
4,0,78,direct,60952
4,0,79,direct,61853
4,0,80,direct,62835
4,0,81,direct,65258
4,0,82,direct,62333
4,0,83,direct,63185
4,0,84,direct,82174
4,0,85,direct,67582
4,0,86,direct,62134
4,0,87,direct,62604
4,0,88,direct,63075
4,0,89,direct,62514
4,0,90,direct,63406
4,0,91,direct,62003
4,0,92,direct,62124
4,0,93,direct,61372
4,0,94,direct,66550
4,0,95,direct,61953
4,0,96,direct,62334
4,0,97,direct,61883
4,0,98,direct,638110
4,0,99,direct,138168
4,0,100,direct,109926
4,0,101,direct,108183
4,0,102,direct,137267
4,0,103,direct,113440
4,0,104,direct,110927
4,0,105,direct,106239
4,0,106,direct,105608
4,0,107,direct,106049
4,0,108,direct,157988
4,0,109,direct,120652
4,0,110,direct,131608
4,0,111,direct,122283
4,0,112,direct,110336
4,0,113,direct,105509
4,0,114,direct,109715
4,0,115,direct,109595
4,0,116,direct,106390
4,0,117,direct,106831
4,0,118,direct,106701
4,0,119,direct,132990
4,0,120,direct,110717
4,0,121,direct,107982
4,0,122,direct,106951
4,0,123,direct,106520
4,0,124,direct,136265
4,0,125,direct,110276
4,0,126,direct,111918
4,0,127,direct,135253
4,1,0,deadpool,193391
4,1,1,deadpool,124057
4,1,2,deadpool,137567
4,1,3,deadpool,116165
4,1,4,deadpool,114482
4,1,5,deadpool,114022
4,1,6,deadpool,143335
4,1,7,deadpool,118548
4,1,8,deadpool,133180
4,1,9,deadpool,123596
4,1,10,deadpool,124648
4,1,11,deadpool,115854
4,1,12,deadpool,169405
4,1,13,deadpool,117717
4,1,14,deadpool,142194
4,1,15,deadpool,126440
4,1,16,deadpool,121523
4,1,17,deadpool,113881
4,1,18,deadpool,115193
4,1,19,deadpool,114041
4,1,20,deadpool,120751
4,1,21,deadpool,137617
4,1,22,deadpool,122063
4,1,23,deadpool,115854
4,1,24,deadpool,119360
4,1,25,deadpool,118709
4,1,26,deadpool,116725
4,1,27,deadpool,113711
4,1,28,deadpool,113400
4,1,29,deadpool,134732
4,1,30,deadpool,128053
4,1,31,deadpool,115774
4,1,32,deadpool,115814
4,1,33,deadpool,113380
4,1,34,deadpool,114382
4,1,35,deadpool,117256
4,1,36,deadpool,115193
4,1,37,deadpool,136335
4,1,38,deadpool,122094
4,1,39,deadpool,114673
4,1,40,deadpool,118148
4,1,41,deadpool,113621
4,1,42,deadpool,134773
4,1,43,deadpool,160632
4,1,44,deadpool,119059
4,1,45,deadpool,139019
4,1,46,deadpool,116315
4,1,47,deadpool,115163
4,1,48,deadpool,114352
4,1,49,deadpool,113580
4,1,50,deadpool,118218
4,1,51,deadpool,124277
4,1,52,deadpool,121142
4,1,53,deadpool,146280
4,1,54,deadpool,115453
4,1,55,deadpool,118919
4,1,56,deadpool,115003
4,1,57,deadpool,114132
4,1,58,deadpool,113130
4,1,59,deadpool,113000
4,1,60,deadpool,117807
4,1,61,deadpool,150277
4,1,62,deadpool,138499
4,1,63,deadpool,150476
4,1,64,deadpool,115674
4,1,65,deadpool,118568
4,1,66,deadpool,114582
4,1,67,deadpool,114302
4,1,68,deadpool,135403
4,1,69,deadpool,131117
4,1,70,deadpool,144467
4,1,71,deadpool,119040
4,1,72,deadpool,113972
4,1,73,deadpool,114783
4,1,74,deadpool,162875
4,1,75,deadpool,117136
4,1,76,deadpool,138118
4,1,77,deadpool,116375
4,1,78,deadpool,112559
4,1,79,deadpool,124888
4,1,80,deadpool,365159
4,1,81,deadpool,120492
4,1,82,deadpool,141833
4,1,83,deadpool,123406
4,1,84,deadpool,121893
4,1,85,deadpool,115503
4,1,86,deadpool,114432
4,1,87,deadpool,115053
4,1,88,deadpool,115764
4,1,89,deadpool,119380
4,1,90,deadpool,158598
4,1,91,deadpool,118108
4,1,92,deadpool,130676
4,1,93,deadpool,119890
4,1,94,deadpool,120181
4,1,95,deadpool,113510
4,1,96,deadpool,115344
4,1,97,deadpool,148814
4,1,98,deadpool,122925
4,1,99,deadpool,119650
4,1,100,deadpool,113671
4,1,101,deadpool,114563
4,1,102,deadpool,113490
4,1,103,deadpool,149826
4,1,104,deadpool,121242
4,1,105,deadpool,139841
4,1,106,deadpool,117006
4,1,107,deadpool,114212
4,1,108,deadpool,113921
4,1,109,deadpool,118007
4,1,110,deadpool,113641
4,1,111,deadpool,113951
4,1,112,deadpool,114342
4,1,113,deadpool,138329
4,1,114,deadpool,121643
4,1,115,deadpool,127111
4,1,116,deadpool,116005
4,1,117,deadpool,128233
4,1,118,deadpool,114562
4,1,119,deadpool,119089
4,1,120,deadpool,115764
4,1,121,deadpool,143015
4,1,122,deadpool,117547
4,1,123,deadpool,114803
4,1,124,deadpool,118809
4,1,125,deadpool,114362
4,1,126,deadpool,113210
4,1,127,deadpool,114291
5,0,0,deadpool,116416
5,0,1,deadpool,149865
5,0,2,deadpool,115604
5,0,3,deadpool,113561
5,0,4,deadpool,113641
5,0,5,deadpool,123095
5,0,6,deadpool,114151
5,0,7,deadpool,162895
5,0,8,deadpool,117467
5,0,9,deadpool,140802
5,0,10,deadpool,125389
5,0,11,deadpool,115284
5,0,12,deadpool,114262
5,0,13,deadpool,113501
5,0,14,deadpool,112510
5,0,15,deadpool,123626
5,0,16,deadpool,115685
5,0,17,deadpool,137647
5,0,18,deadpool,115353
5,0,19,deadpool,146771
5,0,20,deadpool,119961
5,0,21,deadpool,115153
5,0,22,deadpool,116956
5,0,23,deadpool,115764
5,0,24,deadpool,140411
5,0,25,deadpool,164798
5,0,26,deadpool,129274
5,0,27,deadpool,116165
5,0,28,deadpool,115934
5,0,29,deadpool,113791
5,0,30,deadpool,118288
5,0,31,deadpool,114993
5,0,32,deadpool,137597
5,0,33,deadpool,117236
5,0,34,deadpool,114312
5,0,35,deadpool,119039
5,0,36,deadpool,113601
5,0,37,deadpool,113941
5,0,38,deadpool,161132
5,0,39,deadpool,115193
5,0,40,deadpool,145810
5,0,41,deadpool,115013
5,0,42,deadpool,112809
5,0,43,deadpool,112619
5,0,44,deadpool,113090
5,0,45,deadpool,118418
5,0,46,deadpool,113040
5,0,47,deadpool,120451
5,0,48,deadpool,183777
5,0,49,deadpool,116155
5,0,50,deadpool,118518
5,0,51,deadpool,114522
5,0,52,deadpool,112569
5,0,53,deadpool,114993
5,0,54,deadpool,112579
5,0,55,deadpool,141874
5,0,56,deadpool,122475
5,0,57,deadpool,114742
5,0,58,deadpool,113361
5,0,59,deadpool,112960
5,0,60,deadpool,124858
5,0,61,deadpool,114993
5,0,62,deadpool,114993
5,0,63,deadpool,127652
5,0,64,deadpool,128834
5,0,65,deadpool,115514
5,0,66,deadpool,112980
5,0,67,deadpool,113431
5,0,68,deadpool,112440
5,0,69,deadpool,156525
5,0,70,deadpool,118979
5,0,71,deadpool,137487
5,0,72,deadpool,117577
5,0,73,deadpool,112890
5,0,74,deadpool,123035
5,0,75,deadpool,113912
5,0,76,deadpool,114843
5,0,77,deadpool,113631
5,0,78,deadpool,113911
5,0,79,deadpool,142415
5,0,80,deadpool,120331
5,0,81,deadpool,115414
5,0,82,deadpool,114291
5,0,83,deadpool,114342
5,0,84,deadpool,116565
5,0,85,deadpool,114553
5,0,86,deadpool,114693
5,0,87,deadpool,143626
5,0,88,deadpool,119270
5,0,89,deadpool,117868
5,0,90,deadpool,112860
5,0,91,deadpool,113030
5,0,92,deadpool,112409
5,0,93,deadpool,111658
5,0,94,deadpool,118268
5,0,95,deadpool,181783
5,0,96,deadpool,126971
5,0,97,deadpool,116335
5,0,98,deadpool,113671
5,0,99,deadpool,117877
5,0,100,deadpool,114062
5,0,101,deadpool,145720
5,0,102,deadpool,117086
5,0,103,deadpool,138969
5,0,104,deadpool,121002
5,0,105,deadpool,114943
5,0,106,deadpool,112439
5,0,107,deadpool,114292
5,0,108,deadpool,127162
5,0,109,deadpool,115904
5,0,110,deadpool,113951
5,0,111,deadpool,133841
5,0,112,deadpool,115785
5,0,113,deadpool,123285
5,0,114,deadpool,115033
5,0,115,deadpool,113801
5,0,116,deadpool,112950
5,0,117,deadpool,113030
5,0,118,deadpool,122384
5,0,119,deadpool,140742
5,0,120,deadpool,118528
5,0,121,deadpool,113751
5,0,122,deadpool,112780
5,0,123,deadpool,116776
5,0,124,deadpool,113291
5,0,125,deadpool,113030
5,0,126,deadpool,121022
5,0,127,deadpool,146190
5,1,0,direct,135424
5,1,1,direct,108073
5,1,2,direct,107562
5,1,3,direct,105900
5,1,4,direct,106120
5,1,5,direct,156225
5,1,6,direct,109324
5,1,7,direct,132199
5,1,8,direct,108693
5,1,9,direct,106741
5,1,10,direct,111017
5,1,11,direct,106290
5,1,12,direct,107011
5,1,13,direct,106490
5,1,14,direct,129695
5,1,15,direct,134242
5,1,16,direct,112930
5,1,17,direct,107892
5,1,18,direct,107581
5,1,19,direct,106270
5,1,20,direct,109815
5,1,21,direct,106411
5,1,22,direct,106150
5,1,23,direct,105239
5,1,24,direct,126621
5,1,25,direct,114583
5,1,26,direct,105359
5,1,27,direct,106030
5,1,28,direct,107422
5,1,29,direct,106660
5,1,30,direct,108984
5,1,31,direct,105759
5,1,32,direct,126190
5,1,33,direct,140932
5,1,34,direct,106981
5,1,35,direct,111337
5,1,36,direct,106420
5,1,37,direct,106781
5,1,38,direct,106040
5,1,39,direct,155083
5,1,40,direct,109605
5,1,41,direct,141443
5,1,42,direct,107902
5,1,43,direct,106750
5,1,44,direct,111308
5,1,45,direct,106801
5,1,46,direct,105749
5,1,47,direct,104998
5,1,48,direct,106070
5,1,49,direct,135624
5,1,50,direct,113411
5,1,51,direct,108473
5,1,52,direct,106860
5,1,53,direct,105008
5,1,54,direct,110777
5,1,55,direct,105508
5,1,56,direct,113511
5,1,57,direct,107722
5,1,58,direct,139740
5,1,59,direct,112279
5,1,60,direct,106250
5,1,61,direct,106611
5,1,62,direct,106581
5,1,63,direct,106370
5,1,64,direct,109515
5,1,65,direct,105659
5,1,66,direct,105849
5,1,67,direct,112499
5,1,68,direct,106139
5,1,69,direct,109335
5,1,70,direct,106240
5,1,71,direct,108463
5,1,72,direct,108463
5,1,73,direct,144688
5,1,74,direct,110005
5,1,75,direct,134262
5,1,76,direct,106490
5,1,77,direct,105208
5,1,78,direct,105399
5,1,79,direct,109525
5,1,80,direct,106771
5,1,81,direct,105499
5,1,82,direct,111398
5,1,83,direct,127081
5,1,84,direct,117537
5,1,85,direct,107903
5,1,86,direct,105499
5,1,87,direct,104678
5,1,88,direct,118238
5,1,89,direct,107061
5,1,90,direct,104877
5,1,91,direct,104738
5,1,92,direct,129025
5,1,93,direct,112890
5,1,94,direct,106770
5,1,95,direct,105849
5,1,96,direct,105349
5,1,97,direct,104617
5,1,98,direct,109575
5,1,99,direct,106159
5,1,100,direct,106360
5,1,101,direct,128734
5,1,102,direct,109274
5,1,103,direct,109705
5,1,104,direct,107362
5,1,105,direct,106320
5,1,106,direct,106650
5,1,107,direct,145199
5,1,108,direct,114462
5,1,109,direct,138768
5,1,110,direct,109144
5,1,111,direct,105919
5,1,112,direct,105358
5,1,113,direct,109455
5,1,114,direct,106180
5,1,115,direct,106590
5,1,116,direct,107983
5,1,117,direct,107021
5,1,118,direct,130627
5,1,119,direct,106560
5,1,120,direct,106630
5,1,121,direct,106880
5,1,122,direct,117366
5,1,123,direct,110557
5,1,124,direct,106230
5,1,125,direct,105920
5,1,126,direct,121223
5,1,127,direct,112158
6,0,0,direct,109905
6,0,1,direct,107592
6,0,2,direct,106681
6,0,3,direct,106360
6,0,4,direct,106229
6,0,5,direct,112299
6,0,6,direct,107312
6,0,7,direct,129535
6,0,8,direct,108844
6,0,9,direct,115584
6,0,10,direct,106450
6,0,11,direct,107011
6,0,12,direct,105188
6,0,13,direct,133290
6,0,14,direct,123626
6,0,15,direct,123796
6,0,16,direct,114032
6,0,17,direct,106891
6,0,18,direct,106170
6,0,19,direct,108283
6,0,20,direct,105058
6,0,21,direct,107271
6,0,22,direct,106781
6,0,23,direct,105438
6,0,24,direct,129505
6,0,25,direct,108203
6,0,26,direct,106610
6,0,27,direct,105348
6,0,28,direct,105288
6,0,29,direct,108533
6,0,30,direct,106550
6,0,31,direct,105118
6,0,32,direct,107352
6,0,33,direct,139841
6,0,34,direct,112620
6,0,35,direct,107462
6,0,36,direct,106490
6,0,37,direct,106381
6,0,38,direct,106240
6,0,39,direct,108964
6,0,40,direct,114752
6,0,41,direct,134182
6,0,42,direct,113170
6,0,43,direct,106471
6,0,44,direct,109565
6,0,45,direct,105158
6,0,46,direct,105619
6,0,47,direct,104667
6,0,48,direct,156185
6,0,49,direct,111378
6,0,50,direct,128544
6,0,51,direct,106330
6,0,52,direct,106200
6,0,53,direct,106209
6,0,54,direct,109344
6,0,55,direct,106350
6,0,56,direct,107021
6,0,57,direct,107192
6,0,58,direct,121413
6,0,59,direct,195594
6,0,60,direct,129424
6,0,61,direct,68062
6,0,62,direct,61222
6,0,63,direct,73771
6,0,64,direct,62134
6,0,65,direct,61683
6,0,66,direct,118328
6,0,67,direct,64307
6,0,68,direct,63085
6,0,69,direct,106280
6,0,70,direct,66870
6,0,71,direct,62484
6,0,72,direct,61532
6,0,73,direct,62424
6,0,74,direct,62695
6,0,75,direct,62885
6,0,76,direct,102434
6,0,77,direct,66390
6,0,78,direct,63656
6,0,79,direct,76225
6,0,80,direct,62063
6,0,81,direct,62855
6,0,82,direct,60972
6,0,83,direct,99670
6,0,84,direct,61843
6,0,85,direct,70005
6,0,86,direct,60712
6,0,87,direct,61602
6,0,88,direct,64036
6,0,89,direct,62024
6,0,90,direct,61623
6,0,91,direct,60861
6,0,92,direct,60891
6,0,93,direct,152329
6,0,94,direct,72569
6,0,95,direct,61292
6,0,96,direct,93631
6,0,97,direct,64117
6,0,98,direct,103787
6,0,99,direct,68383
6,0,100,direct,62243
6,0,101,direct,61232
6,0,102,direct,60441
6,0,103,direct,63005
6,0,104,direct,62524
6,0,105,direct,61333
6,0,106,direct,61843
6,0,107,direct,174432
6,0,108,direct,118738
6,0,109,direct,66831
6,0,110,direct,60932
6,0,111,direct,61322
6,0,112,direct,65688
6,0,113,direct,61062
6,0,114,direct,176285
6,0,115,direct,139240
6,0,116,direct,107181
6,0,117,direct,68703
6,0,118,direct,60982
6,0,119,direct,102424
6,0,120,direct,71448
6,0,121,direct,61512
6,0,122,direct,62314
6,0,123,direct,60311
6,0,124,direct,60671
6,0,125,direct,61152
6,0,126,direct,61062
6,0,127,direct,62043
6,1,0,deadpool,250838
6,1,1,deadpool,82344
6,1,2,deadpool,73681
6,1,3,deadpool,106780
6,1,4,deadpool,345530
6,1,5,deadpool,83136
6,1,6,deadpool,78498
6,1,7,deadpool,66510
6,1,8,deadpool,96025
6,1,9,deadpool,70967
6,1,10,deadpool,64106
6,1,11,deadpool,63305
6,1,12,deadpool,117146
6,1,13,deadpool,67291
6,1,14,deadpool,65719
6,1,15,deadpool,65799
6,1,16,deadpool,64487
6,1,17,deadpool,63336
6,1,18,deadpool,64978
6,1,19,deadpool,75183
6,1,20,deadpool,65048
6,1,21,deadpool,64466
6,1,22,deadpool,64297
6,1,23,deadpool,68954
6,1,24,deadpool,65198
6,1,25,deadpool,2163585
6,1,26,deadpool,235254
6,1,27,deadpool,73862
6,1,28,deadpool,73470
6,1,29,deadpool,64597
6,1,30,deadpool,124358
6,1,31,deadpool,94322
6,1,32,deadpool,66981
6,1,33,deadpool,71177
6,1,34,deadpool,63425
6,1,35,deadpool,109084
6,1,36,deadpool,67040
6,1,37,deadpool,63525
6,1,38,deadpool,65098
6,1,39,deadpool,62584
6,1,40,deadpool,62654
6,1,41,deadpool,64106
6,1,42,deadpool,122134
6,1,43,deadpool,72789
6,1,44,deadpool,64457
6,1,45,deadpool,63736
6,1,46,deadpool,63686
6,1,47,deadpool,63896
6,1,48,deadpool,2245749
6,1,49,deadpool,97557
6,1,50,deadpool,67602
6,1,51,deadpool,64277
6,1,52,deadpool,64987
6,1,53,deadpool,65839
6,1,54,deadpool,63375
6,1,55,deadpool,84076
6,1,56,deadpool,96465
6,1,57,deadpool,64217
6,1,58,deadpool,65539
6,1,59,deadpool,104988
6,1,60,deadpool,65969
6,1,61,deadpool,81213
6,1,62,deadpool,91267
6,1,63,deadpool,73611
6,1,64,deadpool,66020
6,1,65,deadpool,64918
6,1,66,deadpool,61863
6,1,67,deadpool,72069
6,1,68,deadpool,63585
6,1,69,deadpool,63495
6,1,70,deadpool,63545
6,1,71,deadpool,63425
6,1,72,deadpool,2155282
6,1,73,deadpool,71688
6,1,74,deadpool,64748
6,1,75,deadpool,63275
6,1,76,deadpool,63535
6,1,77,deadpool,65068
6,1,78,deadpool,62975
6,1,79,deadpool,63155
6,1,80,deadpool,64557
6,1,81,deadpool,113250
6,1,82,deadpool,74622
6,1,83,deadpool,65208
6,1,84,deadpool,91628
6,1,85,deadpool,77296
6,1,86,deadpool,65017
6,1,87,deadpool,65929
6,1,88,deadpool,67302
6,1,89,deadpool,64507
6,1,90,deadpool,128323
6,1,91,deadpool,72860
6,1,92,deadpool,66029
6,1,93,deadpool,63856
6,1,94,deadpool,63075
6,1,95,deadpool,63756
6,1,96,deadpool,65478
6,1,97,deadpool,3206714
6,1,98,deadpool,160872
6,1,99,deadpool,130276
6,1,100,deadpool,68724
6,1,101,deadpool,63826
6,1,102,deadpool,66059
6,1,103,deadpool,62504
6,1,104,deadpool,62814
6,1,105,deadpool,63856
6,1,106,deadpool,64177
6,1,107,deadpool,66510
6,1,108,deadpool,82033
6,1,109,deadpool,65188
6,1,110,deadpool,64688
6,1,111,deadpool,101032
6,1,112,deadpool,72980
6,1,113,deadpool,63736
6,1,114,deadpool,63836
6,1,115,deadpool,64176
6,1,116,deadpool,62665
6,1,117,deadpool,65189
6,1,118,deadpool,63596
6,1,119,deadpool,64106
6,1,120,deadpool,64607
6,1,121,deadpool,2143735
6,1,122,deadpool,85378
6,1,123,deadpool,64547
6,1,124,deadpool,63997
6,1,125,deadpool,63806
6,1,126,deadpool,73811
6,1,127,deadpool,63576
7,0,0,deadpool,65729
7,0,1,deadpool,64237
7,0,2,deadpool,64818
7,0,3,deadpool,67872
7,0,4,deadpool,63786
7,0,5,deadpool,64487
7,0,6,deadpool,64046
7,0,7,deadpool,77286
7,0,8,deadpool,66750
7,0,9,deadpool,63325
7,0,10,deadpool,118098
7,0,11,deadpool,69614
7,0,12,deadpool,63505
7,0,13,deadpool,65268
7,0,14,deadpool,63586
7,0,15,deadpool,64176
7,0,16,deadpool,64747
7,0,17,deadpool,65919
7,0,18,deadpool,66740
7,0,19,deadpool,64998
7,0,20,deadpool,2215924
7,0,21,deadpool,92339
7,0,22,deadpool,67812
7,0,23,deadpool,67782
7,0,24,deadpool,67121
7,0,25,deadpool,64437
7,0,26,deadpool,64026
7,0,27,deadpool,64857
7,0,28,deadpool,65298
7,0,29,deadpool,63435
7,0,30,deadpool,65338
7,0,31,deadpool,65769
7,0,32,deadpool,130917
7,0,33,deadpool,71658
7,0,34,deadpool,65178
7,0,35,deadpool,63887
7,0,36,deadpool,64707
7,0,37,deadpool,65128
7,0,38,deadpool,66921
7,0,39,deadpool,64538
7,0,40,deadpool,64738
7,0,41,deadpool,64517
7,0,42,deadpool,144748
7,0,43,deadpool,72229
7,0,44,deadpool,2174161
7,0,45,deadpool,115984
7,0,46,deadpool,72739
7,0,47,deadpool,264558
7,0,48,deadpool,87312
7,0,49,deadpool,66840
7,0,50,deadpool,64728
7,0,51,deadpool,65569
7,0,52,deadpool,70036
7,0,53,deadpool,103216
7,0,54,deadpool,70747
7,0,55,deadpool,68193
7,0,56,deadpool,88734
7,0,57,deadpool,73090
7,0,58,deadpool,64998
7,0,59,deadpool,63746
7,0,60,deadpool,63726
7,0,61,deadpool,62554
7,0,62,deadpool,68173
7,0,63,deadpool,73220
7,0,64,deadpool,67121
7,0,65,deadpool,65899
7,0,66,deadpool,64747
7,0,67,deadpool,2292589
7,0,68,deadpool,82635
7,0,69,deadpool,67071
7,0,70,deadpool,65108
7,0,71,deadpool,64407
7,0,72,deadpool,66109
7,0,73,deadpool,63025
7,0,74,deadpool,63065
7,0,75,deadpool,63736
7,0,76,deadpool,63867
7,0,77,deadpool,65679
7,0,78,deadpool,124768
7,0,79,deadpool,69614
7,0,80,deadpool,64367
7,0,81,deadpool,78718
7,0,82,deadpool,67612
7,0,83,deadpool,63495
7,0,84,deadpool,64376
7,0,85,deadpool,64767
7,0,86,deadpool,63826
7,0,87,deadpool,122234
7,0,88,deadpool,76896
7,0,89,deadpool,66200
7,0,90,deadpool,85438
7,0,91,deadpool,2148562
7,0,92,deadpool,73580
7,0,93,deadpool,64317
7,0,94,deadpool,63716
7,0,95,deadpool,62874
7,0,96,deadpool,68272
7,0,97,deadpool,64627
7,0,98,deadpool,63997
7,0,99,deadpool,65338
7,0,100,deadpool,64827
7,0,101,deadpool,72068
7,0,102,deadpool,64907
7,0,103,deadpool,63856
7,0,104,deadpool,94242
7,0,105,deadpool,64888
7,0,106,deadpool,69134
7,0,107,deadpool,63996
7,0,108,deadpool,66670
7,0,109,deadpool,63926
7,0,110,deadpool,63565
7,0,111,deadpool,65488
7,0,112,deadpool,65017
7,0,113,deadpool,63375
7,0,114,deadpool,62975
7,0,115,deadpool,76585
7,0,116,deadpool,70807
7,0,117,deadpool,2178477
7,0,118,deadpool,124757
7,0,119,deadpool,72039
7,0,120,deadpool,100772
7,0,121,deadpool,88823
7,0,122,deadpool,65369
7,0,123,deadpool,62614
7,0,124,deadpool,63064
7,0,125,deadpool,64577
7,0,126,deadpool,67001
7,0,127,deadpool,62524
7,1,0,direct,103306
7,1,1,direct,110076
7,1,2,direct,67652
7,1,3,direct,62454
7,1,4,direct,81723
7,1,5,direct,61222
7,1,6,direct,62574
7,1,7,direct,61392
7,1,8,direct,69936
7,1,9,direct,60611
7,1,10,direct,74171
7,1,11,direct,61382
7,1,12,direct,61753
7,1,13,direct,62724
7,1,14,direct,2156504
7,1,15,direct,102985
7,1,16,direct,65128
7,1,17,direct,65359
7,1,18,direct,67362
7,1,19,direct,62634
7,1,20,direct,61362
7,1,21,direct,62374
7,1,22,direct,67421
7,1,23,direct,60992
7,1,24,direct,61552
7,1,25,direct,61182
7,1,26,direct,2118357
7,1,27,direct,108464
7,1,28,direct,64307
7,1,29,direct,60851
7,1,30,direct,60081
7,1,31,direct,59970
7,1,32,direct,61222
7,1,33,direct,60161
7,1,34,direct,60371
7,1,35,direct,60541
7,1,36,direct,89765
7,1,37,direct,66220
7,1,38,direct,61112
7,1,39,direct,60210
7,1,40,direct,124958
7,1,41,direct,66280
7,1,42,direct,63346
7,1,43,direct,61332
7,1,44,direct,66370
7,1,45,direct,71157
7,1,46,direct,60381
7,1,47,direct,61953
7,1,48,direct,60531
7,1,49,direct,59880
7,1,50,direct,61503
7,1,51,direct,61453
7,1,52,direct,62694
7,1,53,direct,82714
7,1,54,direct,81613
7,1,55,direct,61212
7,1,56,direct,62725
7,1,57,direct,62584
7,1,58,direct,61072
7,1,59,direct,59990
7,1,60,direct,60080
7,1,61,direct,60531
7,1,62,direct,60882
7,1,63,direct,60161
7,1,64,direct,60942
7,1,65,direct,59960
7,1,66,direct,63285
7,1,67,direct,62594
7,1,68,direct,61132
7,1,69,direct,2195913
7,1,70,direct,68193
7,1,71,direct,69144
7,1,72,direct,61733
7,1,73,direct,61612
7,1,74,direct,59629
7,1,75,direct,61061
7,1,76,direct,63465
7,1,77,direct,60511
7,1,78,direct,206210
7,1,79,direct,68082
7,1,80,direct,100852
7,1,81,direct,64457
7,1,82,direct,62194
7,1,83,direct,63055
7,1,84,direct,60922
7,1,85,direct,62925
7,1,86,direct,63265
7,1,87,direct,61623
7,1,88,direct,62515
7,1,89,direct,60741
7,1,90,direct,131288
7,1,91,direct,66620
7,1,92,direct,61973
7,1,93,direct,2152739
7,1,94,direct,105268
7,1,95,direct,65108
7,1,96,direct,63075
7,1,97,direct,61212
7,1,98,direct,60591
7,1,99,direct,64286
7,1,100,direct,61993
7,1,101,direct,63676
7,1,102,direct,61512
7,1,103,direct,60842
7,1,104,direct,60071
7,1,105,direct,61232
7,1,106,direct,62364
7,1,107,direct,88063
7,1,108,direct,62374
7,1,109,direct,62144
7,1,110,direct,60491
7,1,111,direct,62004
7,1,112,direct,62204
7,1,113,direct,75433
7,1,114,direct,61673
7,1,115,direct,61122
7,1,116,direct,62634
7,1,117,direct,60922
7,1,118,direct,60251
7,1,119,direct,61272
7,1,120,direct,61823
7,1,121,direct,62334
7,1,122,direct,2192438
7,1,123,direct,67883
7,1,124,direct,69174
7,1,125,direct,70476
7,1,126,direct,62153
7,1,127,direct,61863
8,0,0,direct,63816
8,0,1,direct,62434
8,0,2,direct,63696
8,0,3,direct,62554
8,0,4,direct,62614
8,0,5,direct,62824
8,0,6,direct,62274
8,0,7,direct,113901
8,0,8,direct,64106
8,0,9,direct,62775
8,0,10,direct,61713
8,0,11,direct,62785
8,0,12,direct,63085
8,0,13,direct,61753
8,0,14,direct,63285
8,0,15,direct,64798
8,0,16,direct,61643
8,0,17,direct,62894
8,0,18,direct,62594
8,0,19,direct,61863
8,0,20,direct,61653
8,0,21,direct,77387
8,0,22,direct,66430
8,0,23,direct,60912
8,0,24,direct,63135
8,0,25,direct,61132
8,0,26,direct,60912
8,0,27,direct,62915
8,0,28,direct,62414
8,0,29,direct,60802
8,0,30,direct,62444
8,0,31,direct,95013
8,0,32,direct,65609
8,0,33,direct,62544
8,0,34,direct,62103
8,0,35,direct,64868
8,0,36,direct,2196840
8,0,37,direct,76766
8,0,38,direct,63916
8,0,39,direct,61983
8,0,40,direct,62614
8,0,41,direct,73140
8,0,42,direct,64537
8,0,43,direct,62253
8,0,44,direct,76455
8,0,45,direct,76225
8,0,46,direct,67832
8,0,47,direct,62454
8,0,48,direct,89474
8,0,49,direct,153170
8,0,50,direct,78628
8,0,51,direct,66720
8,0,52,direct,61322
8,0,53,direct,61913
8,0,54,direct,61643
8,0,55,direct,60411
8,0,56,direct,63025
8,0,57,direct,61302
8,0,58,direct,60351
8,0,59,direct,62104
8,0,60,direct,61693
8,0,61,direct,64296
8,0,62,direct,85599
8,0,63,direct,64336
8,0,64,direct,61993
8,0,65,direct,61473
8,0,66,direct,62665
8,0,67,direct,60892
8,0,68,direct,60331
8,0,69,direct,61012
8,0,70,direct,60401
8,0,71,direct,62344
8,0,72,direct,98748
8,0,73,direct,64938
8,0,74,direct,60071
8,0,75,direct,60601
8,0,76,direct,2174461
8,0,77,direct,75504
8,0,78,direct,62554
8,0,79,direct,150707
8,0,80,direct,67852
8,0,81,direct,68613
8,0,82,direct,62304
8,0,83,direct,66250
8,0,84,direct,64296
8,0,85,direct,61452
8,0,86,direct,61142
8,0,87,direct,182054
8,0,88,direct,77386
8,0,89,direct,62594
8,0,90,direct,67051
8,0,91,direct,63786
8,0,92,direct,60762
8,0,93,direct,60831
8,0,94,direct,61222
8,0,95,direct,61542
8,0,96,direct,61943
8,0,97,direct,103256
8,0,98,direct,64096
8,0,99,direct,64778
8,0,100,direct,2149424
8,0,101,direct,140982
8,0,102,direct,85889
8,0,103,direct,62895
8,0,104,direct,61843
8,0,105,direct,62715
8,0,106,direct,61473
8,0,107,direct,62133
8,0,108,direct,61222
8,0,109,direct,60731
8,0,110,direct,61182
8,0,111,direct,60881
8,0,112,direct,61383
8,0,113,direct,125519
8,0,114,direct,65429
8,0,115,direct,62884
8,0,116,direct,60350
8,0,117,direct,62023
8,0,118,direct,61403
8,0,119,direct,60691
8,0,120,direct,63535
8,0,121,direct,61472
8,0,122,direct,60271
8,0,123,direct,103456
8,0,124,direct,66450
8,0,125,direct,63335
8,0,126,direct,62144
8,0,127,direct,2195553
8,1,0,deadpool,96906
8,1,1,deadpool,69955
8,1,2,deadpool,69875
8,1,3,deadpool,65809
8,1,4,deadpool,66661
8,1,5,deadpool,66340
8,1,6,deadpool,64737
8,1,7,deadpool,65429
8,1,8,deadpool,65418
8,1,9,deadpool,64317
8,1,10,deadpool,64607
8,1,11,deadpool,154953
8,1,12,deadpool,68253
8,1,13,deadpool,62615
8,1,14,deadpool,63395
8,1,15,deadpool,63896
8,1,16,deadpool,70245
8,1,17,deadpool,64297
8,1,18,deadpool,64668
8,1,19,deadpool,80621
8,1,20,deadpool,160972
8,1,21,deadpool,73640
8,1,22,deadpool,106761
8,1,23,deadpool,131498
8,1,24,deadpool,69575
8,1,25,deadpool,65379
8,1,26,deadpool,136436
8,1,27,deadpool,69214
8,1,28,deadpool,65769
8,1,29,deadpool,64016
8,1,30,deadpool,64477
8,1,31,deadpool,66610
8,1,32,deadpool,63415
8,1,33,deadpool,63655
8,1,34,deadpool,97487
8,1,35,deadpool,73511
8,1,36,deadpool,67592
8,1,37,deadpool,65068
8,1,38,deadpool,64146
8,1,39,deadpool,63745
8,1,40,deadpool,65018
8,1,41,deadpool,66901
8,1,42,deadpool,65389
8,1,43,deadpool,64407
8,1,44,deadpool,63946
8,1,45,deadpool,63946
8,1,46,deadpool,70045
8,1,47,deadpool,64447
8,1,48,deadpool,81303
8,1,49,deadpool,68423
8,1,50,deadpool,64276
8,1,51,deadpool,65488
8,1,52,deadpool,64557
8,1,53,deadpool,63786
8,1,54,deadpool,64306
8,1,55,deadpool,65238
8,1,56,deadpool,67701
8,1,57,deadpool,67391
8,1,58,deadpool,65068
8,1,59,deadpool,63796
8,1,60,deadpool,64397
8,1,61,deadpool,67411
8,1,62,deadpool,63706
8,1,63,deadpool,2203034
8,1,64,deadpool,80250
8,1,65,deadpool,66380
8,1,66,deadpool,67502
8,1,67,deadpool,64527
8,1,68,deadpool,67631
8,1,69,deadpool,61192
8,1,70,deadpool,71918
8,1,71,deadpool,64877
8,1,72,deadpool,65959
8,1,73,deadpool,63286
8,1,74,deadpool,64287
8,1,75,deadpool,126841
8,1,76,deadpool,77737
8,1,77,deadpool,65248
8,1,78,deadpool,63947
8,1,79,deadpool,62624
8,1,80,deadpool,69735
8,1,81,deadpool,64707
8,1,82,deadpool,65639
8,1,83,deadpool,66349
8,1,84,deadpool,64287
8,1,85,deadpool,66270
8,1,86,deadpool,64387
8,1,87,deadpool,64617
8,1,88,deadpool,63766
8,1,89,deadpool,88924
8,1,90,deadpool,69215
8,1,91,deadpool,64157
8,1,92,deadpool,62104
8,1,93,deadpool,64257
8,1,94,deadpool,63305
8,1,95,deadpool,98929
8,1,96,deadpool,78177
8,1,97,deadpool,65498
8,1,98,deadpool,63856
8,1,99,deadpool,84107
8,1,100,deadpool,73731
8,1,101,deadpool,65849
8,1,102,deadpool,131468
8,1,103,deadpool,106930
8,1,104,deadpool,76375
8,1,105,deadpool,67972
8,1,106,deadpool,63545
8,1,107,deadpool,63225
8,1,108,deadpool,64838
8,1,109,deadpool,64617
8,1,110,deadpool,67071
8,1,111,deadpool,64937
8,1,112,deadpool,62915
8,1,113,deadpool,63476
8,1,114,deadpool,68813
8,1,115,deadpool,102795
8,1,116,deadpool,71217
8,1,117,deadpool,64047
8,1,118,deadpool,63586
8,1,119,deadpool,68754
8,1,120,deadpool,64808
8,1,121,deadpool,64007
8,1,122,deadpool,63716
8,1,123,deadpool,63666
8,1,124,deadpool,67161
8,1,125,deadpool,79270
8,1,126,deadpool,68022
8,1,127,deadpool,65899
9,0,0,deadpool,66941
9,0,1,deadpool,405290
9,0,2,deadpool,187937
9,0,3,deadpool,78629
9,0,4,deadpool,80581
9,0,5,deadpool,66510
9,0,6,deadpool,67922
9,0,7,deadpool,65198
9,0,8,deadpool,65799
9,0,9,deadpool,139119
9,0,10,deadpool,66560
9,0,11,deadpool,67141
9,0,12,deadpool,64437
9,0,13,deadpool,63686
9,0,14,deadpool,64046
9,0,15,deadpool,63736
9,0,16,deadpool,65348
9,0,17,deadpool,64206
9,0,18,deadpool,102464
9,0,19,deadpool,79650
9,0,20,deadpool,65318
9,0,21,deadpool,121442
9,0,22,deadpool,75023
9,0,23,deadpool,65189
9,0,24,deadpool,67501
9,0,25,deadpool,64477
9,0,26,deadpool,65999
9,0,27,deadpool,63987
9,0,28,deadpool,63796
9,0,29,deadpool,63886
9,0,30,deadpool,68173
9,0,31,deadpool,66010
9,0,32,deadpool,63906
9,0,33,deadpool,64497
9,0,34,deadpool,64837
9,0,35,deadpool,84046
9,0,36,deadpool,67421
9,0,37,deadpool,63837
9,0,38,deadpool,63706
9,0,39,deadpool,64277
9,0,40,deadpool,69715
9,0,41,deadpool,64547
9,0,42,deadpool,63616
9,0,43,deadpool,86320
9,0,44,deadpool,264758
9,0,45,deadpool,91768
9,0,46,deadpool,121312
9,0,47,deadpool,76134
9,0,48,deadpool,263156
9,0,49,deadpool,89465
9,0,50,deadpool,70155
9,0,51,deadpool,109855
9,0,52,deadpool,68764
9,0,53,deadpool,64577
9,0,54,deadpool,84547
9,0,55,deadpool,114903
9,0,56,deadpool,77968
9,0,57,deadpool,66570
9,0,58,deadpool,64467
9,0,59,deadpool,68854
9,0,60,deadpool,277117
9,0,61,deadpool,87361
9,0,62,deadpool,98668
9,0,63,deadpool,65398
9,0,64,deadpool,65378
9,0,65,deadpool,195725
9,0,66,deadpool,66720
9,0,67,deadpool,65388
9,0,68,deadpool,64447
9,0,69,deadpool,64607
9,0,70,deadpool,66140
9,0,71,deadpool,150627
9,0,72,deadpool,71468
9,0,73,deadpool,64187
9,0,74,deadpool,71287
9,0,75,deadpool,65629
9,0,76,deadpool,64206
9,0,77,deadpool,159440
9,0,78,deadpool,69024
9,0,79,deadpool,159380
9,0,80,deadpool,70706
9,0,81,deadpool,65078
9,0,82,deadpool,120722
9,0,83,deadpool,72309
9,0,84,deadpool,137296
9,0,85,deadpool,67071
9,0,86,deadpool,64016
9,0,87,deadpool,219219
9,0,88,deadpool,80181
9,0,89,deadpool,68293
9,0,90,deadpool,64658
9,0,91,deadpool,64657
9,0,92,deadpool,65398
9,0,93,deadpool,64698
9,0,94,deadpool,65539
9,0,95,deadpool,64477
9,0,96,deadpool,70987
9,0,97,deadpool,202685
9,0,98,deadpool,288514
9,0,99,deadpool,82675
9,0,100,deadpool,64667
9,0,101,deadpool,182665
9,0,102,deadpool,100211
9,0,103,deadpool,69274
9,0,104,deadpool,66470
9,0,105,deadpool,110807
9,0,106,deadpool,73771
9,0,107,deadpool,65028
9,0,108,deadpool,69024
9,0,109,deadpool,67201
9,0,110,deadpool,64026
9,0,111,deadpool,155253
9,0,112,deadpool,66590
9,0,113,deadpool,64297
9,0,114,deadpool,83746
9,0,115,deadpool,65849
9,0,116,deadpool,65148
9,0,117,deadpool,159800
9,0,118,deadpool,111418
9,0,119,deadpool,79079
9,0,120,deadpool,106581
9,0,121,deadpool,342526
9,0,122,deadpool,72238
9,0,123,deadpool,67251
9,0,124,deadpool,64417
9,0,125,deadpool,209856
9,0,126,deadpool,127722
9,0,127,deadpool,67782
9,1,0,direct,85719
9,1,1,direct,239290
9,1,2,direct,63746
9,1,3,direct,65679
9,1,4,direct,62494
9,1,5,direct,63826
9,1,6,direct,109284
9,1,7,direct,65268
9,1,8,direct,62104
9,1,9,direct,64467
9,1,10,direct,68113
9,1,11,direct,62254
9,1,12,direct,61673
9,1,13,direct,67502
9,1,14,direct,100461
9,1,15,direct,95524
9,1,16,direct,62163
9,1,17,direct,62604
9,1,18,direct,62865
9,1,19,direct,164307
9,1,20,direct,82124
9,1,21,direct,62845
9,1,22,direct,65769
9,1,23,direct,61343
9,1,24,direct,62844
9,1,25,direct,63486
9,1,26,direct,61843
9,1,27,direct,63335
9,1,28,direct,60711
9,1,29,direct,60951
9,1,30,direct,62684
9,1,31,direct,60971
9,1,32,direct,60951
9,1,33,direct,119961
9,1,34,direct,65819
9,1,35,direct,63576
9,1,36,direct,62794
9,1,37,direct,60712
9,1,38,direct,71197
9,1,39,direct,67662
9,1,40,direct,61312
9,1,41,direct,60862
9,1,42,direct,61663
9,1,43,direct,62594
9,1,44,direct,64578
9,1,45,direct,60741
9,1,46,direct,60191
9,1,47,direct,80281
9,1,48,direct,238909
9,1,49,direct,120261
9,1,50,direct,108894
9,1,51,direct,129485
9,1,52,direct,113350
9,1,53,direct,106851
9,1,54,direct,111347
9,1,55,direct,108253
9,1,56,direct,137256
9,1,57,direct,160852
9,1,58,direct,121583
9,1,59,direct,139460
9,1,60,direct,110206
9,1,61,direct,109445
9,1,62,direct,109535
9,1,63,direct,108974
9,1,64,direct,111558
9,1,65,direct,106050
9,1,66,direct,108153
9,1,67,direct,107031
9,1,68,direct,129435
9,1,69,direct,111778
9,1,70,direct,108233
9,1,71,direct,107833
9,1,72,direct,108313
9,1,73,direct,109786
9,1,74,direct,110937
9,1,75,direct,107462
9,1,76,direct,160302
9,1,77,direct,113731
9,1,78,direct,108283
9,1,79,direct,112099
9,1,80,direct,108383
9,1,81,direct,107722
9,1,82,direct,107202
9,1,83,direct,107091
9,1,84,direct,159310
9,1,85,direct,112980
9,1,86,direct,107862
9,1,87,direct,107692
9,1,88,direct,109184
9,1,89,direct,111688
9,1,90,direct,151618
9,1,91,direct,113912
9,1,92,direct,130176
9,1,93,direct,121623
9,1,94,direct,108423
9,1,95,direct,108854
9,1,96,direct,107071
9,1,97,direct,107602
9,1,98,direct,110887
9,1,99,direct,105769
9,1,100,direct,106780
9,1,101,direct,128383
9,1,102,direct,109044
9,1,103,direct,110537
9,1,104,direct,108183
9,1,105,direct,106050
9,1,106,direct,107492
9,1,107,direct,130456
9,1,108,direct,112159
9,1,109,direct,129585
9,1,110,direct,108904
9,1,111,direct,106470
9,1,112,direct,105599
9,1,113,direct,109705
9,1,114,direct,106420
9,1,115,direct,106601
9,1,116,direct,106661
9,1,117,direct,106601
9,1,118,direct,136415
9,1,119,direct,108454
9,1,120,direct,109885
9,1,121,direct,107151
9,1,122,direct,107332
9,1,123,direct,125930
9,1,124,direct,152799
9,1,125,direct,112549
9,1,126,direct,130086
9,1,127,direct,109305
10,0,0,direct,111868
10,0,1,direct,106941
10,0,2,direct,106731
10,0,3,direct,106961
10,0,4,direct,116466
10,0,5,direct,111507
10,0,6,direct,107742
10,0,7,direct,135694
10,0,8,direct,107402
10,0,9,direct,116926
10,0,10,direct,107281
10,0,11,direct,108083
10,0,12,direct,107162
10,0,13,direct,107502
10,0,14,direct,110496
10,0,15,direct,142234
10,0,16,direct,109565
10,0,17,direct,107451
10,0,18,direct,106650
10,0,19,direct,110897
10,0,20,direct,108283
10,0,21,direct,107542
10,0,22,direct,105688
10,0,23,direct,106300
10,0,24,direct,137427
10,0,25,direct,107732
10,0,26,direct,105519
10,0,27,direct,105278
10,0,28,direct,106451
10,0,29,direct,111498
10,0,30,direct,143576
10,0,31,direct,108814
10,0,32,direct,131438
10,0,33,direct,109084
10,0,34,direct,110757
10,0,35,direct,139921
10,0,36,direct,136074
10,0,37,direct,107953
10,0,38,direct,107772
10,0,39,direct,112929
10,0,40,direct,133070
10,0,41,direct,109554
10,0,42,direct,107522
10,0,43,direct,106470
10,0,44,direct,109715
10,0,45,direct,106921
10,0,46,direct,106209
10,0,47,direct,109434
10,0,48,direct,107221
10,0,49,direct,134682
10,0,50,direct,118197
10,0,51,direct,110537
10,0,52,direct,107953
10,0,53,direct,105609
10,0,54,direct,109776
10,0,55,direct,106891
10,0,56,direct,108694
10,0,57,direct,137688
10,0,58,direct,119720
10,0,59,direct,108343
10,0,60,direct,107141
10,0,61,direct,106390
10,0,62,direct,105899
10,0,63,direct,157898
10,0,64,direct,113992
10,0,65,direct,145740
10,0,66,direct,114031
10,0,67,direct,107251
10,0,68,direct,106270
10,0,69,direct,107372
10,0,70,direct,105529
10,0,71,direct,106701
10,0,72,direct,107071
10,0,73,direct,112439
10,0,74,direct,142394
10,0,75,direct,107552
10,0,76,direct,107432
10,0,77,direct,106550
10,0,78,direct,116134
10,0,79,direct,108473
10,0,80,direct,106520
10,0,81,direct,108673
10,0,82,direct,130947
10,0,83,direct,115164
10,0,84,direct,107502
10,0,85,direct,107301
10,0,86,direct,107182
10,0,87,direct,106370
10,0,88,direct,111998
10,0,89,direct,109214
10,0,90,direct,108724
10,0,91,direct,133431
10,0,92,direct,108834
10,0,93,direct,110396
10,0,94,direct,108503
10,0,95,direct,105679
10,0,96,direct,105709
10,0,97,direct,156946
10,0,98,direct,113410
10,0,99,direct,137106
10,0,100,direct,108714
10,0,101,direct,106430
10,0,102,direct,118208
10,0,103,direct,136716
10,0,104,direct,110946
10,0,105,direct,107301
10,0,106,direct,107271
10,0,107,direct,134292
10,0,108,direct,109965
10,0,109,direct,107632
10,0,110,direct,105909
10,0,111,direct,107853
10,0,112,direct,110926
10,0,113,direct,106050
10,0,114,direct,106811
10,0,115,direct,105559
10,0,116,direct,134953
10,0,117,direct,111518
10,0,118,direct,107943
10,0,119,direct,106670
10,0,120,direct,108433
10,0,121,direct,106079
10,0,122,direct,110035
10,0,123,direct,105929
10,0,124,direct,122544
10,0,125,direct,115484
10,0,126,direct,107532
10,0,127,direct,110376
10,1,0,deadpool,145509
10,1,1,deadpool,115784
10,1,2,deadpool,153832
10,1,3,deadpool,117557
10,1,4,deadpool,144888
10,1,5,deadpool,116135
10,1,6,deadpool,115704
10,1,7,deadpool,115033
10,1,8,deadpool,114692
10,1,9,deadpool,121813
10,1,10,deadpool,115213
10,1,11,deadpool,114663
10,1,12,deadpool,143896
10,1,13,deadpool,341513
10,1,14,deadpool,202324
10,1,15,deadpool,126020
10,1,16,deadpool,115594
10,1,17,deadpool,142114
10,1,18,deadpool,132019
10,1,19,deadpool,115684
10,1,20,deadpool,114202
10,1,21,deadpool,115594
10,1,22,deadpool,113882
10,1,23,deadpool,120711
10,1,24,deadpool,115533
10,1,25,deadpool,132770
10,1,26,deadpool,121723
10,1,27,deadpool,115744
10,1,28,deadpool,118768
10,1,29,deadpool,115023
10,1,30,deadpool,126801
10,1,31,deadpool,153621
10,1,32,deadpool,119790
10,1,33,deadpool,143416
10,1,34,deadpool,117978
10,1,35,deadpool,115904
10,1,36,deadpool,114062
10,1,37,deadpool,116285
10,1,38,deadpool,120382
10,1,39,deadpool,114972
10,1,40,deadpool,113291
10,1,41,deadpool,141873
10,1,42,deadpool,115394
10,1,43,deadpool,118588
10,1,44,deadpool,115444
10,1,45,deadpool,116996
10,1,46,deadpool,114883
10,1,47,deadpool,113841
10,1,48,deadpool,118498
10,1,49,deadpool,142905
10,1,50,deadpool,116035
10,1,51,deadpool,112680
10,1,52,deadpool,114272
10,1,53,deadpool,117848
10,1,54,deadpool,114201
10,1,55,deadpool,114262
10,1,56,deadpool,115784
10,1,57,deadpool,148734
10,1,58,deadpool,119790
10,1,59,deadpool,115053
10,1,60,deadpool,116445
10,1,61,deadpool,119890
10,1,62,deadpool,119019
10,1,63,deadpool,140691
10,1,64,deadpool,141944
10,1,65,deadpool,120972
10,1,66,deadpool,115023
10,1,67,deadpool,114482
10,1,68,deadpool,119480
10,1,69,deadpool,115594
10,1,70,deadpool,115533
10,1,71,deadpool,114853
10,1,72,deadpool,140692
10,1,73,deadpool,123556
10,1,74,deadpool,116365
10,1,75,deadpool,114022
10,1,76,deadpool,115784
10,1,77,deadpool,125589
10,1,78,deadpool,115534
10,1,79,deadpool,114052
10,1,80,deadpool,136696
10,1,81,deadpool,121333
10,1,82,deadpool,124097
10,1,83,deadpool,115003
10,1,84,deadpool,114423
10,1,85,deadpool,114893
10,1,86,deadpool,114562
10,1,87,deadpool,118639
10,1,88,deadpool,137276
10,1,89,deadpool,119259
10,1,90,deadpool,115794
10,1,91,deadpool,114793
10,1,92,deadpool,119319
10,1,93,deadpool,116345
10,1,94,deadpool,149866
10,1,95,deadpool,127282
10,1,96,deadpool,140802
10,1,97,deadpool,120451
10,1,98,deadpool,115594
10,1,99,deadpool,114812
10,1,100,deadpool,114963
10,1,101,deadpool,113180
10,1,102,deadpool,117997
10,1,103,deadpool,120141
10,1,104,deadpool,139169
10,1,105,deadpool,115364
10,1,106,deadpool,115714
10,1,107,deadpool,118478
10,1,108,deadpool,120341
10,1,109,deadpool,116235
10,1,110,deadpool,113491
10,1,111,deadpool,113290
10,1,112,deadpool,146250
10,1,113,deadpool,117106
10,1,114,deadpool,115414
10,1,115,deadpool,113761
10,1,116,deadpool,124508
10,1,117,deadpool,114733
10,1,118,deadpool,113521
10,1,119,deadpool,119840
10,1,120,deadpool,141432
10,1,121,deadpool,125198
10,1,122,deadpool,115033
10,1,123,deadpool,113240
10,1,124,deadpool,114262
10,1,125,deadpool,114973
10,1,126,deadpool,153290
10,1,127,deadpool,116615
11,0,0,deadpool,159941
11,0,1,deadpool,117557
11,0,2,deadpool,114703
11,0,3,deadpool,118749
11,0,4,deadpool,113481
11,0,5,deadpool,113201
11,0,6,deadpool,112720
11,0,7,deadpool,112960
11,0,8,deadpool,147422
11,0,9,deadpool,115734
11,0,10,deadpool,113992
11,0,11,deadpool,113321
11,0,12,deadpool,116044
11,0,13,deadpool,117667
11,0,14,deadpool,114602
11,0,15,deadpool,112550
11,0,16,deadpool,132028
11,0,17,deadpool,114272
11,0,18,deadpool,138828
11,0,19,deadpool,114773
11,0,20,deadpool,113471
11,0,21,deadpool,113461
11,0,22,deadpool,114161
11,0,23,deadpool,117276
11,0,24,deadpool,142705
11,0,25,deadpool,117276
11,0,26,deadpool,114212
11,0,27,deadpool,123396
11,0,28,deadpool,116375
11,0,29,deadpool,152780
11,0,30,deadpool,121282
11,0,31,deadpool,164618
11,0,32,deadpool,132239
11,0,33,deadpool,116395
11,0,34,deadpool,113701
11,0,35,deadpool,113201
11,0,36,deadpool,115424
11,0,37,deadpool,117997
11,0,38,deadpool,113150
11,0,39,deadpool,143346
11,0,40,deadpool,118659
11,0,41,deadpool,113681
11,0,42,deadpool,120471
11,0,43,deadpool,113621
11,0,44,deadpool,114372
11,0,45,deadpool,113671
11,0,46,deadpool,112800
11,0,47,deadpool,139310
11,0,48,deadpool,120251
11,0,49,deadpool,114542
11,0,50,deadpool,113991
11,0,51,deadpool,113771
11,0,52,deadpool,117657
11,0,53,deadpool,116585
11,0,54,deadpool,113681
11,0,55,deadpool,136996
11,0,56,deadpool,118007
11,0,57,deadpool,117727
11,0,58,deadpool,113030
11,0,59,deadpool,113851
11,0,60,deadpool,122164
11,0,61,deadpool,150757
11,0,62,deadpool,121553
11,0,63,deadpool,144969
11,0,64,deadpool,115684
11,0,65,deadpool,114172
11,0,66,deadpool,114262
11,0,67,deadpool,118078
11,0,68,deadpool,114191
11,0,69,deadpool,113882
11,0,70,deadpool,113902
11,0,71,deadpool,140191
11,0,72,deadpool,120020
11,0,73,deadpool,116215
11,0,74,deadpool,114212
11,0,75,deadpool,113080
11,0,76,deadpool,136836
11,0,77,deadpool,119210
11,0,78,deadpool,113721
11,0,79,deadpool,151027
11,0,80,deadpool,116445
11,0,81,deadpool,114242
11,0,82,deadpool,120301
11,0,83,deadpool,133762
11,0,84,deadpool,118799
11,0,85,deadpool,115103
11,0,86,deadpool,142754
11,0,87,deadpool,123246
11,0,88,deadpool,114782
11,0,89,deadpool,114182
11,0,90,deadpool,113110
11,0,91,deadpool,122003
11,0,92,deadpool,152529
11,0,93,deadpool,123456
11,0,94,deadpool,135584
11,0,95,deadpool,126159
11,0,96,deadpool,121653
11,0,97,deadpool,113451
11,0,98,deadpool,112980
11,0,99,deadpool,114383
11,0,100,deadpool,113391
11,0,101,deadpool,118879
11,0,102,deadpool,135854
11,0,103,deadpool,119420
11,0,104,deadpool,135704
11,0,105,deadpool,115925
11,0,106,deadpool,121893
11,0,107,deadpool,113711
11,0,108,deadpool,112749
11,0,109,deadpool,113721
11,0,110,deadpool,137817
11,0,111,deadpool,120632
11,0,112,deadpool,115584
11,0,113,deadpool,113130
11,0,114,deadpool,113050
11,0,115,deadpool,115624
11,0,116,deadpool,118879
11,0,117,deadpool,114953
11,0,118,deadpool,135735
11,0,119,deadpool,119039
11,0,120,deadpool,114402
11,0,121,deadpool,121433
11,0,122,deadpool,122355
11,0,123,deadpool,115303
11,0,124,deadpool,149014
11,0,125,deadpool,115163
11,0,126,deadpool,143245
11,0,127,deadpool,115354
11,1,0,direct,125770
11,1,1,direct,101994
11,1,2,direct,110256
11,1,3,direct,112470
11,1,4,direct,106139
11,1,5,direct,106170
11,1,6,direct,124107
11,1,7,direct,109996
11,1,8,direct,109866
11,1,9,direct,105138
11,1,10,direct,105879
11,1,11,direct,112839
11,1,12,direct,106711
11,1,13,direct,109775
11,1,14,direct,105468
11,1,15,direct,126120
11,1,16,direct,106690
11,1,17,direct,105508
11,1,18,direct,109484
11,1,19,direct,110065
11,1,20,direct,106650
11,1,21,direct,105298
11,1,22,direct,115714
11,1,23,direct,107392
11,1,24,direct,157807
11,1,25,direct,110176
11,1,26,direct,107201
11,1,27,direct,114423
11,1,28,direct,106671
11,1,29,direct,104537
11,1,30,direct,151057
11,1,31,direct,106340
11,1,32,direct,178719
11,1,33,direct,109625
11,1,34,direct,105940
11,1,35,direct,107051
11,1,36,direct,107332
11,1,37,direct,115564
11,1,38,direct,107752
11,1,39,direct,106891
11,1,40,direct,128994
11,1,41,direct,107401
11,1,42,direct,108844
11,1,43,direct,105960
11,1,44,direct,106290
11,1,45,direct,105289
11,1,46,direct,104788
11,1,47,direct,109785
11,1,48,direct,125408
11,1,49,direct,113771
11,1,50,direct,107091
11,1,51,direct,107242
11,1,52,direct,109915
11,1,53,direct,105699
11,1,54,direct,106941
11,1,55,direct,105930
11,1,56,direct,107322
11,1,57,direct,140581
11,1,58,direct,108744
11,1,59,direct,107782
11,1,60,direct,107872
11,1,61,direct,109054
11,1,62,direct,109735
11,1,63,direct,154202
11,1,64,direct,114813
11,1,65,direct,131859
11,1,66,direct,113921
11,1,67,direct,110426
11,1,68,direct,108653
11,1,69,direct,107082
11,1,70,direct,105599
11,1,71,direct,106661
11,1,72,direct,109144
11,1,73,direct,105719
11,1,74,direct,172770
11,1,75,direct,113891
11,1,76,direct,111317
11,1,77,direct,107191
11,1,78,direct,107242
11,1,79,direct,105349
11,1,80,direct,106180
11,1,81,direct,111168
11,1,82,direct,133852
11,1,83,direct,107752
11,1,84,direct,106140
11,1,85,direct,105889
11,1,86,direct,116165
11,1,87,direct,101152
11,1,88,direct,111808
11,1,89,direct,106811
11,1,90,direct,105429
11,1,91,direct,130547
11,1,92,direct,106259
11,1,93,direct,105168
11,1,94,direct,105339
11,1,95,direct,104918
11,1,96,direct,113300
11,1,97,direct,143065
11,1,98,direct,108103
11,1,99,direct,132700
11,1,100,direct,112289
11,1,101,direct,113821
11,1,102,direct,108894
11,1,103,direct,105689
11,1,104,direct,105950
11,1,105,direct,105258
11,1,106,direct,108173
11,1,107,direct,105779
11,1,108,direct,113170
11,1,109,direct,107962
11,1,110,direct,105508
11,1,111,direct,107952
11,1,112,direct,105259
11,1,113,direct,106220
11,1,114,direct,106160
11,1,115,direct,105829
11,1,116,direct,128853
11,1,117,direct,110356
11,1,118,direct,105669
11,1,119,direct,105869
11,1,120,direct,115984
11,1,121,direct,107792
11,1,122,direct,105578
11,1,123,direct,106570
11,1,124,direct,107031
11,1,125,direct,138438
11,1,126,direct,108413
11,1,127,direct,105569
12,0,0,direct,109235
12,0,1,direct,105889
12,0,2,direct,117487
12,0,3,direct,136736
12,0,4,direct,108263
12,0,5,direct,123816
12,0,6,direct,109926
12,0,7,direct,110456
12,0,8,direct,106470
12,0,9,direct,105929
12,0,10,direct,105068
12,0,11,direct,105889
12,0,12,direct,111057
12,0,13,direct,107632
12,0,14,direct,146190
12,0,15,direct,107151
12,0,16,direct,105048
12,0,17,direct,110756
12,0,18,direct,105899
12,0,19,direct,106019
12,0,20,direct,105669
12,0,21,direct,107051
12,0,22,direct,142204
12,0,23,direct,114372
12,0,24,direct,108493
12,0,25,direct,111939
12,0,26,direct,110176
12,0,27,direct,127312
12,0,28,direct,113170
12,0,29,direct,108924
12,0,30,direct,106680
12,0,31,direct,128994
12,0,32,direct,111127
12,0,33,direct,105789
12,0,34,direct,105719
12,0,35,direct,105309
12,0,36,direct,109866
12,0,37,direct,156215
12,0,38,direct,109545
12,0,39,direct,133671
12,0,40,direct,107832
12,0,41,direct,115874
12,0,42,direct,106991
12,0,43,direct,105829
12,0,44,direct,105118
12,0,45,direct,105278
12,0,46,direct,151438
12,0,47,direct,128483
12,0,48,direct,110446
12,0,49,direct,106650
12,0,50,direct,106229
12,0,51,direct,108463
12,0,52,direct,113131
12,0,53,direct,108313
12,0,54,direct,106650
12,0,55,direct,105299
12,0,56,direct,129835
12,0,57,direct,107642
12,0,58,direct,105408
12,0,59,direct,105920
12,0,60,direct,105980
12,0,61,direct,111538
12,0,62,direct,106310
12,0,63,direct,109454
12,0,64,direct,109895
12,0,65,direct,137927
12,0,66,direct,110456
12,0,67,direct,106330
12,0,68,direct,105448
12,0,69,direct,108063
12,0,70,direct,107302
12,0,71,direct,144607
12,0,72,direct,106300
12,0,73,direct,129836
12,0,74,direct,108944
12,0,75,direct,106240
12,0,76,direct,110597
12,0,77,direct,105459
12,0,78,direct,105479
12,0,79,direct,105578
12,0,80,direct,109675
12,0,81,direct,108423
12,0,82,direct,131297
12,0,83,direct,107903
12,0,84,direct,107582
12,0,85,direct,106039
12,0,86,direct,112429
12,0,87,direct,106370
12,0,88,direct,106661
12,0,89,direct,108403
12,0,90,direct,138288
12,0,91,direct,109435
12,0,92,direct,107232
12,0,93,direct,105519
12,0,94,direct,107171
12,0,95,direct,115313
12,0,96,direct,105789
12,0,97,direct,105760
12,0,98,direct,105669
12,0,99,direct,131198
12,0,100,direct,112599
12,0,101,direct,106140
12,0,102,direct,105459
12,0,103,direct,107622
12,0,104,direct,105478
12,0,105,direct,150116
12,0,106,direct,114282
12,0,107,direct,129455
12,0,108,direct,109675
12,0,109,direct,107892
12,0,110,direct,112679
12,0,111,direct,109955
12,0,112,direct,107221
12,0,113,direct,109024
12,0,114,direct,105018
12,0,115,direct,110336
12,0,116,direct,132148
12,0,117,direct,106761
12,0,118,direct,106240
12,0,119,direct,106179
12,0,120,direct,111517
12,0,121,direct,107612
12,0,122,direct,106841
12,0,123,direct,107322
12,0,124,direct,136546
12,0,125,direct,120271
12,0,126,direct,106350
12,0,127,direct,106730
12,1,0,deadpool,141673
12,1,1,deadpool,115023
12,1,2,deadpool,117777
12,1,3,deadpool,113501
12,1,4,deadpool,148233
12,1,5,deadpool,125099
12,1,6,deadpool,122924
12,1,7,deadpool,114832
12,1,8,deadpool,113581
12,1,9,deadpool,122534
12,1,10,deadpool,153331
12,1,11,deadpool,126680
12,1,12,deadpool,137176
12,1,13,deadpool,116516
12,1,14,deadpool,114172
12,1,15,deadpool,113451
12,1,16,deadpool,122464
12,1,17,deadpool,113842
12,1,18,deadpool,120712
12,1,19,deadpool,115734
12,1,20,deadpool,138298
12,1,21,deadpool,122334
12,1,22,deadpool,115184
12,1,23,deadpool,114252
12,1,24,deadpool,117076
12,1,25,deadpool,115093
12,1,26,deadpool,117517
12,1,27,deadpool,114051
12,1,28,deadpool,133511
12,1,29,deadpool,115754
12,1,30,deadpool,114152
12,1,31,deadpool,117547
12,1,32,deadpool,113110
12,1,33,deadpool,114312
12,1,34,deadpool,114543
12,1,35,deadpool,113610
12,1,36,deadpool,349666
12,1,37,deadpool,125238
12,1,38,deadpool,116425
12,1,39,deadpool,114512
12,1,40,deadpool,152810
12,1,41,deadpool,122535
12,1,42,deadpool,136005
12,1,43,deadpool,116696
12,1,44,deadpool,114041
12,1,45,deadpool,114833
12,1,46,deadpool,118488
12,1,47,deadpool,118518
12,1,48,deadpool,114853
12,1,49,deadpool,115073
12,1,50,deadpool,141924
12,1,51,deadpool,120121
12,1,52,deadpool,114773
12,1,53,deadpool,114582
12,1,54,deadpool,114712
12,1,55,deadpool,114763
12,1,56,deadpool,120421
12,1,57,deadpool,117807
12,1,58,deadpool,141072
12,1,59,deadpool,116185
12,1,60,deadpool,114492
12,1,61,deadpool,116805
12,1,62,deadpool,114202
12,1,63,deadpool,113150
12,1,64,deadpool,114703
12,1,65,deadpool,121773
12,1,66,deadpool,160542
12,1,67,deadpool,116305
12,1,68,deadpool,115053
12,1,69,deadpool,115964
12,1,70,deadpool,123877
12,1,71,deadpool,113801
12,1,72,deadpool,167001
12,1,73,deadpool,118479
12,1,74,deadpool,125670
12,1,75,deadpool,124788
12,1,76,deadpool,114102
12,1,77,deadpool,115825
12,1,78,deadpool,112930
12,1,79,deadpool,113110
12,1,80,deadpool,121152
12,1,81,deadpool,113841
12,1,82,deadpool,124097
12,1,83,deadpool,114292
12,1,84,deadpool,114071
12,1,85,deadpool,119901
12,1,86,deadpool,120151
12,1,87,deadpool,114071
12,1,88,deadpool,116115
12,1,89,deadpool,113851
12,1,90,deadpool,125879
12,1,91,deadpool,114392
12,1,92,deadpool,247012
12,1,93,deadpool,157607
12,1,94,deadpool,116625
12,1,95,deadpool,118398
12,1,96,deadpool,139590
12,1,97,deadpool,116615
12,1,98,deadpool,113812
12,1,99,deadpool,113180
12,1,100,deadpool,116706
12,1,101,deadpool,113200
12,1,102,deadpool,151287
12,1,103,deadpool,115824
12,1,104,deadpool,140451
12,1,105,deadpool,118328
12,1,106,deadpool,114722
12,1,107,deadpool,112910
12,1,108,deadpool,112890
12,1,109,deadpool,122755
12,1,110,deadpool,115714
12,1,111,deadpool,146580
12,1,112,deadpool,120712
12,1,113,deadpool,115284
12,1,114,deadpool,123596
12,1,115,deadpool,115003
12,1,116,deadpool,112850
12,1,117,deadpool,114192
12,1,118,deadpool,119950
12,1,119,deadpool,147872
12,1,120,deadpool,122504
12,1,121,deadpool,115003
12,1,122,deadpool,114583
12,1,123,deadpool,116526
12,1,124,deadpool,118869
12,1,125,deadpool,113271
12,1,126,deadpool,114943
12,1,127,deadpool,144607
13,0,0,deadpool,120151
13,0,1,deadpool,117787
13,0,2,deadpool,114022
13,0,3,deadpool,113411
13,0,4,deadpool,116696
13,0,5,deadpool,155113
13,0,6,deadpool,118878
13,0,7,deadpool,141243
13,0,8,deadpool,115093
13,0,9,deadpool,113071
13,0,10,deadpool,113090
13,0,11,deadpool,116525
13,0,12,deadpool,114292
13,0,13,deadpool,114191
13,0,14,deadpool,113281
13,0,15,deadpool,144097
13,0,16,deadpool,119469
13,0,17,deadpool,113941
13,0,18,deadpool,114302
13,0,19,deadpool,113531
13,0,20,deadpool,113791
13,0,21,deadpool,119300
13,0,22,deadpool,112820
13,0,23,deadpool,138479
13,0,24,deadpool,117486
13,0,25,deadpool,122765
13,0,26,deadpool,113902
13,0,27,deadpool,114021
13,0,28,deadpool,113871
13,0,29,deadpool,112840
13,0,30,deadpool,122374
13,0,31,deadpool,167572
13,0,32,deadpool,118518
13,0,33,deadpool,113201
13,0,34,deadpool,113221
13,0,35,deadpool,131608
13,0,36,deadpool,145680
13,0,37,deadpool,120110
13,0,38,deadpool,134402
13,0,39,deadpool,120041
13,0,40,deadpool,119690
13,0,41,deadpool,113501
13,0,42,deadpool,114382
13,0,43,deadpool,114873
13,0,44,deadpool,112599
13,0,45,deadpool,116145
13,0,46,deadpool,142684
13,0,47,deadpool,118959
13,0,48,deadpool,114452
13,0,49,deadpool,114462
13,0,50,deadpool,116966
13,0,51,deadpool,113181
13,0,52,deadpool,113251
13,0,53,deadpool,112690
13,0,54,deadpool,113521
13,0,55,deadpool,125008
13,0,56,deadpool,114852
13,0,57,deadpool,113761
13,0,58,deadpool,112560
13,0,59,deadpool,114603
13,0,60,deadpool,117887
13,0,61,deadpool,112930
13,0,62,deadpool,112249
13,0,63,deadpool,152269
13,0,64,deadpool,114232
13,0,65,deadpool,116916
13,0,66,deadpool,113631
13,0,67,deadpool,114122
13,0,68,deadpool,143526
13,0,69,deadpool,130537
13,0,70,deadpool,136015
13,0,71,deadpool,117968
13,0,72,deadpool,115123
13,0,73,deadpool,116966
13,0,74,deadpool,122454
13,0,75,deadpool,116024
13,0,76,deadpool,114001
13,0,77,deadpool,114012
13,0,78,deadpool,135464
13,0,79,deadpool,130246
13,0,80,deadpool,114773
13,0,81,deadpool,113481
13,0,82,deadpool,114402
13,0,83,deadpool,113801
13,0,84,deadpool,118658
13,0,85,deadpool,112680
13,0,86,deadpool,112490
13,0,87,deadpool,122724
13,0,88,deadpool,114622
13,0,89,deadpool,117476
13,0,90,deadpool,114082
13,0,91,deadpool,112539
13,0,92,deadpool,113971
13,0,93,deadpool,113030
13,0,94,deadpool,118228
13,0,95,deadpool,135153
13,0,96,deadpool,114712
13,0,97,deadpool,112850
13,0,98,deadpool,112880
13,0,99,deadpool,115674
13,0,100,deadpool,114001
13,0,101,deadpool,144838
13,0,102,deadpool,115444
13,0,103,deadpool,140131
13,0,104,deadpool,129284
13,0,105,deadpool,114792
13,0,106,deadpool,113441
13,0,107,deadpool,114352
13,0,108,deadpool,112359
13,0,109,deadpool,117897
13,0,110,deadpool,114282
13,0,111,deadpool,138789
13,0,112,deadpool,115113
13,0,113,deadpool,123145
13,0,114,deadpool,115574
13,0,115,deadpool,120562
13,0,116,deadpool,115213
13,0,117,deadpool,113110
13,0,118,deadpool,122404
13,0,119,deadpool,141143
13,0,120,deadpool,117377
13,0,121,deadpool,114031
13,0,122,deadpool,114282
13,0,123,deadpool,123015
13,0,124,deadpool,113771
13,0,125,deadpool,115204
13,0,126,deadpool,113851
13,0,127,deadpool,140030
13,1,0,direct,129064
13,1,1,direct,107672
13,1,2,direct,105298
13,1,3,direct,106169
13,1,4,direct,108863
13,1,5,direct,163056
13,1,6,direct,107511
13,1,7,direct,127382
13,1,8,direct,106680
13,1,9,direct,106370
13,1,10,direct,108954
13,1,11,direct,105459
13,1,12,direct,106871
13,1,13,direct,105509
13,1,14,direct,105479
13,1,15,direct,134742
13,1,16,direct,111848
13,1,17,direct,108233
13,1,18,direct,104617
13,1,19,direct,105618
13,1,20,direct,110266
13,1,21,direct,106510
13,1,22,direct,105319
13,1,23,direct,106180
13,1,24,direct,131999
13,1,25,direct,111848
13,1,26,direct,107031
13,1,27,direct,104447
13,1,28,direct,104978
13,1,29,direct,105559
13,1,30,direct,108624
13,1,31,direct,106360
13,1,32,direct,105468
13,1,33,direct,163165
13,1,34,direct,106581
13,1,35,direct,109534
13,1,36,direct,105048
13,1,37,direct,105889
13,1,38,direct,105318
13,1,39,direct,141072
13,1,40,direct,110396
13,1,41,direct,140851
13,1,42,direct,107451
13,1,43,direct,106411
13,1,44,direct,115955
13,1,45,direct,105929
13,1,46,direct,105068
13,1,47,direct,105870
13,1,48,direct,104647
13,1,49,direct,139680
13,1,50,direct,112970
13,1,51,direct,106520
13,1,52,direct,107612
13,1,53,direct,105309
13,1,54,direct,110567
13,1,55,direct,108834
13,1,56,direct,107202
13,1,57,direct,105489
13,1,58,direct,129414
13,1,59,direct,111247
13,1,60,direct,107973
13,1,61,direct,106020
13,1,62,direct,105850
13,1,63,direct,105458
13,1,64,direct,109475
13,1,65,direct,106109
13,1,66,direct,104988
13,1,67,direct,128594
13,1,68,direct,111127
13,1,69,direct,110577
13,1,70,direct,106360
13,1,71,direct,112009
13,1,72,direct,108754
13,1,73,direct,147852
13,1,74,direct,112029
13,1,75,direct,136645
13,1,76,direct,107382
13,1,77,direct,106471
13,1,78,direct,105619
13,1,79,direct,110346
13,1,80,direct,104758
13,1,81,direct,106450
13,1,82,direct,106029
13,1,83,direct,105539
13,1,84,direct,129144
13,1,85,direct,105228
13,1,86,direct,105188
13,1,87,direct,106520
13,1,88,direct,106490
13,1,89,direct,110246
13,1,90,direct,106590
13,1,91,direct,105358
13,1,92,direct,132279
13,1,93,direct,126160
13,1,94,direct,108273
13,1,95,direct,107131
13,1,96,direct,105980
13,1,97,direct,106100
13,1,98,direct,112860
13,1,99,direct,107311
13,1,100,direct,107962
13,1,101,direct,139500
13,1,102,direct,107191
13,1,103,direct,109645
13,1,104,direct,105829
13,1,105,direct,105559
13,1,106,direct,105018
13,1,107,direct,146701
13,1,108,direct,112890
13,1,109,direct,140702
13,1,110,direct,110296
13,1,111,direct,106881
13,1,112,direct,106841
13,1,113,direct,109495
13,1,114,direct,106230
13,1,115,direct,106421
13,1,116,direct,104327
13,1,117,direct,106760
13,1,118,direct,134803
13,1,119,direct,107041
13,1,120,direct,105969
13,1,121,direct,105429
13,1,122,direct,104937
13,1,123,direct,108873
13,1,124,direct,107181
13,1,125,direct,104537
13,1,126,direct,105028
13,1,127,direct,112029
14,0,0,direct,109876
14,0,1,direct,106060
14,0,2,direct,105239
14,0,3,direct,105188
14,0,4,direct,105158
14,0,5,direct,108553
14,0,6,direct,105138
14,0,7,direct,124037
14,0,8,direct,108934
14,0,9,direct,105549
14,0,10,direct,108243
14,0,11,direct,105839
14,0,12,direct,105088
14,0,13,direct,104357
14,0,14,direct,141893
14,0,15,direct,109435
14,0,16,direct,139560
14,0,17,direct,105939
14,0,18,direct,105759
14,0,19,direct,114633
14,0,20,direct,106751
14,0,21,direct,106721
14,0,22,direct,104528
14,0,23,direct,113280
14,0,24,direct,142004
14,0,25,direct,111378
14,0,26,direct,105059
14,0,27,direct,105819
14,0,28,direct,105770
14,0,29,direct,110917
14,0,30,direct,105078
14,0,31,direct,104988
14,0,32,direct,105639
14,0,33,direct,134382
14,0,34,direct,110627
14,0,35,direct,108013
14,0,36,direct,105950
14,0,37,direct,105459
14,0,38,direct,107342
14,0,39,direct,110186
14,0,40,direct,107121
14,0,41,direct,106631
14,0,42,direct,114322
14,0,43,direct,106410
14,0,44,direct,108974
14,0,45,direct,106049
14,0,46,direct,105740
14,0,47,direct,105879
14,0,48,direct,135834
14,0,49,direct,111938
14,0,50,direct,141092
14,0,51,direct,107662
14,0,52,direct,105519
14,0,53,direct,105859
14,0,54,direct,108343
14,0,55,direct,106540
14,0,56,direct,106991
14,0,57,direct,105679
14,0,58,direct,105048
14,0,59,direct,134903
14,0,60,direct,105519
14,0,61,direct,104968
14,0,62,direct,104257
14,0,63,direct,105398
14,0,64,direct,107772
14,0,65,direct,104317
14,0,66,direct,104677
14,0,67,direct,121904
14,0,68,direct,119991
14,0,69,direct,105578
14,0,70,direct,105018
14,0,71,direct,105349
14,0,72,direct,106240
14,0,73,direct,110045
14,0,74,direct,105138
14,0,75,direct,104427
14,0,76,direct,211413
14,0,77,direct,96395
14,0,78,direct,66229
14,0,79,direct,62003
14,0,80,direct,317538
14,0,81,direct,141372
14,0,82,direct,64447
14,0,83,direct,257187
14,0,84,direct,109735
14,0,85,direct,67902
14,0,86,direct,61453
14,0,87,direct,61212
14,0,88,direct,65999
14,0,89,direct,60662
14,0,90,direct,60751
14,0,91,direct,61613
14,0,92,direct,62534
14,0,93,direct,63826
14,0,94,direct,61142
14,0,95,direct,101463
14,0,96,direct,80962
14,0,97,direct,63296
14,0,98,direct,62254
14,0,99,direct,60441
14,0,100,direct,60642
14,0,101,direct,60681
14,0,102,direct,60281
14,0,103,direct,61432
14,0,104,direct,60992
14,0,105,direct,71758
14,0,106,direct,74442
14,0,107,direct,62704
14,0,108,direct,61753
14,0,109,direct,59850
14,0,110,direct,167832
14,0,111,direct,64177
14,0,112,direct,59980
14,0,113,direct,62795
14,0,114,direct,60311
14,0,115,direct,59950
14,0,116,direct,59961
14,0,117,direct,63856
14,0,118,direct,62254
14,0,119,direct,60812
14,0,120,direct,60942
14,0,121,direct,60962
14,0,122,direct,64577
14,0,123,direct,60130
14,0,124,direct,109505
14,0,125,direct,66040
14,0,126,direct,261493
14,0,127,direct,68213
14,1,0,deadpool,94602
14,1,1,deadpool,67932
14,1,2,deadpool,106300
14,1,3,deadpool,68473
14,1,4,deadpool,65969
14,1,5,deadpool,85618
14,1,6,deadpool,96966
14,1,7,deadpool,64908
14,1,8,deadpool,64047
14,1,9,deadpool,65258
14,1,10,deadpool,106991
14,1,11,deadpool,67401
14,1,12,deadpool,63616
14,1,13,deadpool,64107
14,1,14,deadpool,69124
14,1,15,deadpool,216276
14,1,16,deadpool,93160
14,1,17,deadpool,324438
14,1,18,deadpool,150076
14,1,19,deadpool,76265
14,1,20,deadpool,64036
14,1,21,deadpool,64527
14,1,22,deadpool,64898
14,1,23,deadpool,64287
14,1,24,deadpool,69264
14,1,25,deadpool,65749
14,1,26,deadpool,95674
14,1,27,deadpool,65248
14,1,28,deadpool,71848
14,1,29,deadpool,64417
14,1,30,deadpool,65228
14,1,31,deadpool,64687
14,1,32,deadpool,67351
14,1,33,deadpool,68894
14,1,34,deadpool,64177
14,1,35,deadpool,117006
14,1,36,deadpool,69154
14,1,37,deadpool,64286
14,1,38,deadpool,158669
14,1,39,deadpool,77637
14,1,40,deadpool,65058
14,1,41,deadpool,64797
14,1,42,deadpool,64807
14,1,43,deadpool,66490
14,1,44,deadpool,63856
14,1,45,deadpool,63275
14,1,46,deadpool,64617
14,1,47,deadpool,63586
14,1,48,deadpool,99960
14,1,49,deadpool,66810
14,1,50,deadpool,246300
14,1,51,deadpool,96625
14,1,52,deadpool,67151
14,1,53,deadpool,66801
14,1,54,deadpool,64557
14,1,55,deadpool,64767
14,1,56,deadpool,64557
14,1,57,deadpool,64587
14,1,58,deadpool,66190
14,1,59,deadpool,64597
14,1,60,deadpool,129394
14,1,61,deadpool,71558
14,1,62,deadpool,115073
14,1,63,deadpool,69865
14,1,64,deadpool,63526
14,1,65,deadpool,64177
14,1,66,deadpool,64437
14,1,67,deadpool,81122
14,1,68,deadpool,66530
14,1,69,deadpool,63916
14,1,70,deadpool,64937
14,1,71,deadpool,64216
14,1,72,deadpool,76785
14,1,73,deadpool,64878
14,1,74,deadpool,64207
14,1,75,deadpool,77908
14,1,76,deadpool,65549
14,1,77,deadpool,82464
14,1,78,deadpool,241003
14,1,79,deadpool,78568
14,1,80,deadpool,70195
14,1,81,deadpool,63726
14,1,82,deadpool,73260
14,1,83,deadpool,64577
14,1,84,deadpool,64006
14,1,85,deadpool,165018
14,1,86,deadpool,70326
14,1,87,deadpool,73260
14,1,88,deadpool,72008
14,1,89,deadpool,64376
14,1,90,deadpool,63746
14,1,91,deadpool,152950
14,1,92,deadpool,89935
14,1,93,deadpool,68864
14,1,94,deadpool,122745
14,1,95,deadpool,124387
14,1,96,deadpool,70015
14,1,97,deadpool,67362
14,1,98,deadpool,64287
14,1,99,deadpool,64147
14,1,100,deadpool,63926
14,1,101,deadpool,63726
14,1,102,deadpool,64907
14,1,103,deadpool,64597
14,1,104,deadpool,63185
14,1,105,deadpool,63726
14,1,106,deadpool,63325
14,1,107,deadpool,65458
14,1,108,deadpool,65429
14,1,109,deadpool,87181
14,1,110,deadpool,69385
14,1,111,deadpool,64857
14,1,112,deadpool,67542
14,1,113,deadpool,63486
14,1,114,deadpool,121643
14,1,115,deadpool,87051
14,1,116,deadpool,71638
14,1,117,deadpool,130587
14,1,118,deadpool,75503
14,1,119,deadpool,65128
14,1,120,deadpool,65279
14,1,121,deadpool,123465
14,1,122,deadpool,69044
14,1,123,deadpool,63165
14,1,124,deadpool,62925
14,1,125,deadpool,63055
14,1,126,deadpool,69444
14,1,127,deadpool,243296
15,0,0,deadpool,75303
15,0,1,deadpool,65659
15,0,2,deadpool,66249
15,0,3,deadpool,66029
15,0,4,deadpool,113711
15,0,5,deadpool,192830
15,0,6,deadpool,68503
15,0,7,deadpool,69074
15,0,8,deadpool,75333
15,0,9,deadpool,171207
15,0,10,deadpool,129094
15,0,11,deadpool,71117
15,0,12,deadpool,112549
15,0,13,deadpool,73311
15,0,14,deadpool,64357
15,0,15,deadpool,64668
15,0,16,deadpool,64978
15,0,17,deadpool,66420
15,0,18,deadpool,65728
15,0,19,deadpool,110937
15,0,20,deadpool,87081
15,0,21,deadpool,65799
15,0,22,deadpool,64236
15,0,23,deadpool,66049
15,0,24,deadpool,187452
15,0,25,deadpool,69014
15,0,26,deadpool,76996
15,0,27,deadpool,65819
15,0,28,deadpool,66620
15,0,29,deadpool,140943
15,0,30,deadpool,185780
15,0,31,deadpool,72489
15,0,32,deadpool,72599
15,0,33,deadpool,65629
15,0,34,deadpool,138058
15,0,35,deadpool,79900
15,0,36,deadpool,64897
15,0,37,deadpool,70616
15,0,38,deadpool,64647
15,0,39,deadpool,66229
15,0,40,deadpool,64116
15,0,41,deadpool,68373
15,0,42,deadpool,325640
15,0,43,deadpool,218368
15,0,44,deadpool,101953
15,0,45,deadpool,357898
15,0,46,deadpool,72649
15,0,47,deadpool,98869
15,0,48,deadpool,68623
15,0,49,deadpool,64156
15,0,50,deadpool,64668
15,0,51,deadpool,110727
15,0,52,deadpool,70656
15,0,53,deadpool,64136
15,0,54,deadpool,63395
15,0,55,deadpool,64186
15,0,56,deadpool,64527
15,0,57,deadpool,80131
15,0,58,deadpool,64848
15,0,59,deadpool,63355
15,0,60,deadpool,134542
15,0,61,deadpool,72929
15,0,62,deadpool,162645
15,0,63,deadpool,91928
15,0,64,deadpool,66660
15,0,65,deadpool,217377
15,0,66,deadpool,83726
15,0,67,deadpool,66630
15,0,68,deadpool,63887
15,0,69,deadpool,64317
15,0,70,deadpool,65288
15,0,71,deadpool,64907
15,0,72,deadpool,65438
15,0,73,deadpool,63836
15,0,74,deadpool,106680
15,0,75,deadpool,143266
15,0,76,deadpool,141123
15,0,77,deadpool,82594
15,0,78,deadpool,65198
15,0,79,deadpool,63916
15,0,80,deadpool,63846
15,0,81,deadpool,64266
15,0,82,deadpool,66099
15,0,83,deadpool,64157
15,0,84,deadpool,63406
15,0,85,deadpool,63205
15,0,86,deadpool,108213
15,0,87,deadpool,67802
15,0,88,deadpool,65188
15,0,89,deadpool,64607
15,0,90,deadpool,64217
15,0,91,deadpool,66070
15,0,92,deadpool,63335
15,0,93,deadpool,64447
15,0,94,deadpool,67051
15,0,95,deadpool,63645
15,0,96,deadpool,94532
15,0,97,deadpool,65579
15,0,98,deadpool,63376
15,0,99,deadpool,64657
15,0,100,deadpool,85599
15,0,101,deadpool,66841
15,0,102,deadpool,63886
15,0,103,deadpool,64397
15,0,104,deadpool,64888
15,0,105,deadpool,64827
15,0,106,deadpool,65549
15,0,107,deadpool,64758
15,0,108,deadpool,63275
15,0,109,deadpool,296837
15,0,110,deadpool,186661
15,0,111,deadpool,71137
15,0,112,deadpool,165479
15,0,113,deadpool,99179
15,0,114,deadpool,67251
15,0,115,deadpool,63806
15,0,116,deadpool,196286
15,0,117,deadpool,68984
15,0,118,deadpool,64637
15,0,119,deadpool,97016
15,0,120,deadpool,82214
15,0,121,deadpool,66851
15,0,122,deadpool,64367
15,0,123,deadpool,64066
15,0,124,deadpool,74291
15,0,125,deadpool,72790
15,0,126,deadpool,383196
15,0,127,deadpool,77466
15,1,0,direct,121482
15,1,1,direct,66009
15,1,2,direct,68022
15,1,3,direct,61012
15,1,4,direct,60330
15,1,5,direct,61482
15,1,6,direct,61312
15,1,7,direct,63435
15,1,8,direct,61702
15,1,9,direct,60501
15,1,10,direct,182675
15,1,11,direct,76195
15,1,12,direct,64216
15,1,13,direct,92439
15,1,14,direct,64096
15,1,15,direct,62705
15,1,16,direct,61572
15,1,17,direct,66810
15,1,18,direct,61002
15,1,19,direct,62204
15,1,20,direct,62354
15,1,21,direct,62003
15,1,22,direct,62844
15,1,23,direct,61873
15,1,24,direct,63125
15,1,25,direct,61072
15,1,26,direct,61102
15,1,27,direct,62904
15,1,28,direct,74813
15,1,29,direct,61973
15,1,30,direct,61362
15,1,31,direct,63776
15,1,32,direct,124718
15,1,33,direct,62955
15,1,34,direct,59991
15,1,35,direct,65839
15,1,36,direct,175794
15,1,37,direct,64287
15,1,38,direct,61643
15,1,39,direct,62484
15,1,40,direct,118808
15,1,41,direct,67932
15,1,42,direct,62705
15,1,43,direct,60581
15,1,44,direct,61213
15,1,45,direct,60982
15,1,46,direct,61052
15,1,47,direct,61793
15,1,48,direct,60671
15,1,49,direct,61412
15,1,50,direct,60221
15,1,51,direct,64167
15,1,52,direct,60141
15,1,53,direct,60591
15,1,54,direct,63906
15,1,55,direct,94211
15,1,56,direct,65288
15,1,57,direct,62133
15,1,58,direct,60391
15,1,59,direct,60812
15,1,60,direct,62043
15,1,61,direct,64086
15,1,62,direct,61803
15,1,63,direct,80001
15,1,64,direct,62174
15,1,65,direct,82023
15,1,66,direct,66390
15,1,67,direct,61492
15,1,68,direct,61523
15,1,69,direct,125849
15,1,70,direct,70856
15,1,71,direct,63896
15,1,72,direct,61893
15,1,73,direct,60811
15,1,74,direct,60841
15,1,75,direct,61283
15,1,76,direct,61723
15,1,77,direct,61042
15,1,78,direct,61202
15,1,79,direct,61553
15,1,80,direct,61272
15,1,81,direct,62514
15,1,82,direct,60511
15,1,83,direct,60641
15,1,84,direct,87923
15,1,85,direct,63826
15,1,86,direct,63656
15,1,87,direct,61953
15,1,88,direct,63286
15,1,89,direct,60942
15,1,90,direct,61322
15,1,91,direct,63125
15,1,92,direct,141403
15,1,93,direct,77326
15,1,94,direct,66310
15,1,95,direct,61803
15,1,96,direct,65108
15,1,97,direct,121132
15,1,98,direct,68553
15,1,99,direct,63025
15,1,100,direct,67341
15,1,101,direct,61402
15,1,102,direct,61252
15,1,103,direct,61112
15,1,104,direct,61112
15,1,105,direct,64978
15,1,106,direct,60311
15,1,107,direct,61983
15,1,108,direct,61202
15,1,109,direct,61923
15,1,110,direct,62544
15,1,111,direct,61443
15,1,112,direct,141402
15,1,113,direct,65178
15,1,114,direct,62805
15,1,115,direct,62434
15,1,116,direct,61382
15,1,117,direct,60972
15,1,118,direct,63065
15,1,119,direct,60972
15,1,120,direct,62364
15,1,121,direct,60871
15,1,122,direct,93932
15,1,123,direct,63565
15,1,124,direct,61652
15,1,125,direct,63075
15,1,126,direct,74622
15,1,127,direct,62384
16,0,0,direct,62053
16,0,1,direct,61493
16,0,2,direct,63316
16,0,3,direct,61693
16,0,4,direct,61432
16,0,5,direct,60811
16,0,6,direct,60552
16,0,7,direct,62784
16,0,8,direct,61022
16,0,9,direct,62013
16,0,10,direct,62034
16,0,11,direct,62234
16,0,12,direct,62464
16,0,13,direct,79339
16,0,14,direct,62354
16,0,15,direct,60221
16,0,16,direct,61963
16,0,17,direct,63366
16,0,18,direct,60411
16,0,19,direct,61773
16,0,20,direct,61563
16,0,21,direct,60431
16,0,22,direct,61994
16,0,23,direct,61302
16,0,24,direct,125408
16,0,25,direct,66159
16,0,26,direct,92018
16,0,27,direct,237958
16,0,28,direct,97727
16,0,29,direct,63376
16,0,30,direct,61763
16,0,31,direct,64206
16,0,32,direct,60931
16,0,33,direct,62093
16,0,34,direct,61393
16,0,35,direct,61943
16,0,36,direct,160582
16,0,37,direct,117427
16,0,38,direct,66731
16,0,39,direct,61583
16,0,40,direct,60721
16,0,41,direct,63375
16,0,42,direct,61202
16,0,43,direct,201694
16,0,44,direct,63515
16,0,45,direct,157326
16,0,46,direct,77567
16,0,47,direct,63055
16,0,48,direct,153091
16,0,49,direct,168574
16,0,50,direct,66280
16,0,51,direct,63796
16,0,52,direct,62354
16,0,53,direct,61893
16,0,54,direct,61443
16,0,55,direct,60411
16,0,56,direct,64627
16,0,57,direct,62214
16,0,58,direct,61913
16,0,59,direct,61572
16,0,60,direct,81543
16,0,61,direct,73681
16,0,62,direct,62764
16,0,63,direct,61462
16,0,64,direct,61453
16,0,65,direct,62013
16,0,66,direct,63405
16,0,67,direct,61382
16,0,68,direct,61202
16,0,69,direct,61543
16,0,70,direct,62254
16,0,71,direct,64517
16,0,72,direct,61773
16,0,73,direct,62174
16,0,74,direct,62544
16,0,75,direct,90877
16,0,76,direct,69975
16,0,77,direct,122334
16,0,78,direct,63315
16,0,79,direct,62384
16,0,80,direct,66630
16,0,81,direct,61652
16,0,82,direct,62394
16,0,83,direct,61823
16,0,84,direct,61713
16,0,85,direct,62394
16,0,86,direct,62434
16,0,87,direct,62284
16,0,88,direct,62995
16,0,89,direct,159199
16,0,90,direct,71998
16,0,91,direct,68133
16,0,92,direct,103566
16,0,93,direct,62895
16,0,94,direct,61102
16,0,95,direct,96225
16,0,96,direct,164617
16,0,97,direct,73671
16,0,98,direct,61773
16,0,99,direct,60781
16,0,100,direct,134873
16,0,101,direct,64917
16,0,102,direct,62333
16,0,103,direct,62023
16,0,104,direct,61863
16,0,105,direct,63636
16,0,106,direct,61782
16,0,107,direct,61272
16,0,108,direct,61643
16,0,109,direct,62214
16,0,110,direct,63336
16,0,111,direct,70065
16,0,112,direct,61933
16,0,113,direct,60481
16,0,114,direct,242575
16,0,115,direct,80631
16,0,116,direct,62725
16,0,117,direct,61232
16,0,118,direct,60401
16,0,119,direct,61532
16,0,120,direct,63085
16,0,121,direct,60431
16,0,122,direct,60792
16,0,123,direct,61272
16,0,124,direct,62585
16,0,125,direct,65008
16,0,126,direct,142134
16,0,127,direct,81893
16,1,0,deadpool,85198
16,1,1,deadpool,69885
16,1,2,deadpool,132219
16,1,3,deadpool,68333
16,1,4,deadpool,63756
16,1,5,deadpool,63376
16,1,6,deadpool,65298
16,1,7,deadpool,63045
16,1,8,deadpool,62694
16,1,9,deadpool,112559
16,1,10,deadpool,125098
16,1,11,deadpool,68593
16,1,12,deadpool,63305
16,1,13,deadpool,63385
16,1,14,deadpool,62965
16,1,15,deadpool,63025
16,1,16,deadpool,66299
16,1,17,deadpool,132599
16,1,18,deadpool,68313
16,1,19,deadpool,101653
16,1,20,deadpool,64397
16,1,21,deadpool,263516
16,1,22,deadpool,70766
16,1,23,deadpool,64287
16,1,24,deadpool,76015
16,1,25,deadpool,66761
16,1,26,deadpool,197858
16,1,27,deadpool,69935
16,1,28,deadpool,139480
16,1,29,deadpool,68093
16,1,30,deadpool,86170
16,1,31,deadpool,85900
16,1,32,deadpool,63896
16,1,33,deadpool,63105
16,1,34,deadpool,63145
16,1,35,deadpool,67401
16,1,36,deadpool,63125
16,1,37,deadpool,63686
16,1,38,deadpool,63686
16,1,39,deadpool,62784
16,1,40,deadpool,67652
16,1,41,deadpool,63165
16,1,42,deadpool,63635
16,1,43,deadpool,63906
16,1,44,deadpool,62925
16,1,45,deadpool,364704
16,1,46,deadpool,172880
16,1,47,deadpool,69064
16,1,48,deadpool,63636
16,1,49,deadpool,62464
16,1,50,deadpool,66000
16,1,51,deadpool,62815
16,1,52,deadpool,62634
16,1,53,deadpool,63055
16,1,54,deadpool,138067
16,1,55,deadpool,68523
16,1,56,deadpool,64967
16,1,57,deadpool,62964
16,1,58,deadpool,63185
16,1,59,deadpool,63075
16,1,60,deadpool,65328
16,1,61,deadpool,128413
16,1,62,deadpool,98839
16,1,63,deadpool,68673
16,1,64,deadpool,63135
16,1,65,deadpool,65850
16,1,66,deadpool,156295
16,1,67,deadpool,68873
16,1,68,deadpool,63836
16,1,69,deadpool,63386
16,1,70,deadpool,65909
16,1,71,deadpool,72029
16,1,72,deadpool,326511
16,1,73,deadpool,66330
16,1,74,deadpool,63806
16,1,75,deadpool,129184
16,1,76,deadpool,72709
16,1,77,deadpool,64537
16,1,78,deadpool,63085
16,1,79,deadpool,62934
16,1,80,deadpool,64728
16,1,81,deadpool,63906
16,1,82,deadpool,62284
16,1,83,deadpool,63235
16,1,84,deadpool,63445
16,1,85,deadpool,69425
16,1,86,deadpool,63435
16,1,87,deadpool,62634
16,1,88,deadpool,67181
16,1,89,deadpool,669117
16,1,90,deadpool,83526
16,1,91,deadpool,65649
16,1,92,deadpool,65539
16,1,93,deadpool,64327
16,1,94,deadpool,69715
16,1,95,deadpool,115874
16,1,96,deadpool,67171
16,1,97,deadpool,142975
16,1,98,deadpool,65979
16,1,99,deadpool,69945
16,1,100,deadpool,64287
16,1,101,deadpool,63736
16,1,102,deadpool,63576
16,1,103,deadpool,81373
16,1,104,deadpool,75293
16,1,105,deadpool,64277
16,1,106,deadpool,63115
16,1,107,deadpool,97286
16,1,108,deadpool,70896
16,1,109,deadpool,65819
16,1,110,deadpool,63275
16,1,111,deadpool,63566
16,1,112,deadpool,64207
16,1,113,deadpool,63656
16,1,114,deadpool,65208
16,1,115,deadpool,62114
16,1,116,deadpool,63305
16,1,117,deadpool,209205
16,1,118,deadpool,70987
16,1,119,deadpool,106791
16,1,120,deadpool,70916
16,1,121,deadpool,65238
16,1,122,deadpool,64196
16,1,123,deadpool,64017
16,1,124,deadpool,65439
16,1,125,deadpool,63275
16,1,126,deadpool,59670
16,1,127,deadpool,64307
17,0,0,deadpool,64277
17,0,1,deadpool,65148
17,0,2,deadpool,63856
17,0,3,deadpool,63426
17,0,4,deadpool,62905
17,0,5,deadpool,62955
17,0,6,deadpool,88303
17,0,7,deadpool,65238
17,0,8,deadpool,63786
17,0,9,deadpool,68133
17,0,10,deadpool,142224
17,0,11,deadpool,69965
17,0,12,deadpool,64256
17,0,13,deadpool,63015
17,0,14,deadpool,62604
17,0,15,deadpool,67642
17,0,16,deadpool,64447
17,0,17,deadpool,63836
17,0,18,deadpool,62895
17,0,19,deadpool,88433
17,0,20,deadpool,72870
17,0,21,deadpool,63606
17,0,22,deadpool,63776
17,0,23,deadpool,63115
17,0,24,deadpool,65659
17,0,25,deadpool,65318
17,0,26,deadpool,63595
17,0,27,deadpool,68953
17,0,28,deadpool,172890
17,0,29,deadpool,69265
17,0,30,deadpool,66220
17,0,31,deadpool,63927
17,0,32,deadpool,90406
17,0,33,deadpool,66590
17,0,34,deadpool,64197
17,0,35,deadpool,66691
17,0,36,deadpool,63385
17,0,37,deadpool,63515
17,0,38,deadpool,63826
17,0,39,deadpool,63275
17,0,40,deadpool,64718
17,0,41,deadpool,63556
17,0,42,deadpool,71788
17,0,43,deadpool,132850
17,0,44,deadpool,65438
17,0,45,deadpool,118008
17,0,46,deadpool,67242
17,0,47,deadpool,63766
17,0,48,deadpool,64657
17,0,49,deadpool,63445
17,0,50,deadpool,65108
17,0,51,deadpool,65438
17,0,52,deadpool,63396
17,0,53,deadpool,63065
17,0,54,deadpool,66941
17,0,55,deadpool,63326
17,0,56,deadpool,63786
17,0,57,deadpool,62234
17,0,58,deadpool,62755
17,0,59,deadpool,93071
17,0,60,deadpool,69214
17,0,61,deadpool,64347
17,0,62,deadpool,64196
17,0,63,deadpool,62784
17,0,64,deadpool,68283
17,0,65,deadpool,63636
17,0,66,deadpool,62184
17,0,67,deadpool,63886
17,0,68,deadpool,63275
17,0,69,deadpool,64777
17,0,70,deadpool,158789
17,0,71,deadpool,97277
17,0,72,deadpool,90496
17,0,73,deadpool,67071
17,0,74,deadpool,65859
17,0,75,deadpool,63535
17,0,76,deadpool,63205
17,0,77,deadpool,63466
17,0,78,deadpool,63956
17,0,79,deadpool,64607
17,0,80,deadpool,63416
17,0,81,deadpool,63826
17,0,82,deadpool,92068
17,0,83,deadpool,70005
17,0,84,deadpool,65288
17,0,85,deadpool,63746
17,0,86,deadpool,84187
17,0,87,deadpool,124147
17,0,88,deadpool,66220
17,0,89,deadpool,66871
17,0,90,deadpool,64116
17,0,91,deadpool,63355
17,0,92,deadpool,63846
17,0,93,deadpool,63105
17,0,94,deadpool,64397
17,0,95,deadpool,64017
17,0,96,deadpool,62174
17,0,97,deadpool,65128
17,0,98,deadpool,252901
17,0,99,deadpool,71067
17,0,100,deadpool,64948
17,0,101,deadpool,64447
17,0,102,deadpool,63866
17,0,103,deadpool,67992
17,0,104,deadpool,65609
17,0,105,deadpool,63886
17,0,106,deadpool,64127
17,0,107,deadpool,64277
17,0,108,deadpool,70786
17,0,109,deadpool,63685
17,0,110,deadpool,63846
17,0,111,deadpool,62134
17,0,112,deadpool,88843
17,0,113,deadpool,120882
17,0,114,deadpool,75954
17,0,115,deadpool,377838
17,0,116,deadpool,84537
17,0,117,deadpool,134232
17,0,118,deadpool,70085
17,0,119,deadpool,100952
17,0,120,deadpool,73160
17,0,121,deadpool,64457
17,0,122,deadpool,64167
17,0,123,deadpool,65298
17,0,124,deadpool,62935
17,0,125,deadpool,63816
17,0,126,deadpool,67471
17,0,127,deadpool,115073
17,1,0,direct,100631
17,1,1,direct,67161
17,1,2,direct,62373
17,1,3,direct,62043
17,1,4,direct,290077
17,1,5,direct,68423
17,1,6,direct,62403
17,1,7,direct,61612
17,1,8,direct,61612
17,1,9,direct,62254
17,1,10,direct,63596
17,1,11,direct,60732
17,1,12,direct,60541
17,1,13,direct,62144
17,1,14,direct,60301
17,1,15,direct,62564
17,1,16,direct,85619
17,1,17,direct,63736
17,1,18,direct,60851
17,1,19,direct,60090
17,1,20,direct,63896
17,1,21,direct,61262
17,1,22,direct,61783
17,1,23,direct,60902
17,1,24,direct,66650
17,1,25,direct,66911
17,1,26,direct,272921
17,1,27,direct,114692
17,1,28,direct,97146
17,1,29,direct,70796
17,1,30,direct,61412
17,1,31,direct,60301
17,1,32,direct,60341
17,1,33,direct,60551
17,1,34,direct,61062
17,1,35,direct,60161
17,1,36,direct,101282
17,1,37,direct,64427
17,1,38,direct,62324
17,1,39,direct,62835
17,1,40,direct,114252
17,1,41,direct,68523
17,1,42,direct,60951
17,1,43,direct,61993
17,1,44,direct,63766
17,1,45,direct,62494
17,1,46,direct,61944
17,1,47,direct,61322
17,1,48,direct,61523
17,1,49,direct,69514
17,1,50,direct,62935
17,1,51,direct,108273
17,1,52,direct,64998
17,1,53,direct,60431
17,1,54,direct,62264
17,1,55,direct,197397
17,1,56,direct,66731
17,1,57,direct,60141
17,1,58,direct,62434
17,1,59,direct,63235
17,1,60,direct,61833
17,1,61,direct,60771
17,1,62,direct,61082
17,1,63,direct,61272
17,1,64,direct,63104
17,1,65,direct,72108
17,1,66,direct,91248
17,1,67,direct,283256
17,1,68,direct,78318
17,1,69,direct,63716
17,1,70,direct,62343
17,1,71,direct,61472
17,1,72,direct,60501
17,1,73,direct,61432
17,1,74,direct,61733
17,1,75,direct,61002
17,1,76,direct,60551
17,1,77,direct,59640
17,1,78,direct,64497
17,1,79,direct,89735
17,1,80,direct,67922
17,1,81,direct,61292
17,1,82,direct,59991
17,1,83,direct,61593
17,1,84,direct,59610
17,1,85,direct,60051
17,1,86,direct,60030
17,1,87,direct,60241
17,1,88,direct,63175
17,1,89,direct,352820
17,1,90,direct,157067
17,1,91,direct,63385
17,1,92,direct,96395
17,1,93,direct,83275
17,1,94,direct,60721
17,1,95,direct,60972
17,1,96,direct,127803
17,1,97,direct,68483
17,1,98,direct,120962
17,1,99,direct,302265
17,1,100,direct,85038
17,1,101,direct,63035
17,1,102,direct,58058
17,1,103,direct,74082
17,1,104,direct,61973
17,1,105,direct,302155
17,1,106,direct,134232
17,1,107,direct,66229
17,1,108,direct,63486
17,1,109,direct,61192
17,1,110,direct,61042
17,1,111,direct,61633
17,1,112,direct,60631
17,1,113,direct,269556
17,1,114,direct,139630
17,1,115,direct,65178
17,1,116,direct,84578
17,1,117,direct,65108
17,1,118,direct,63555
17,1,119,direct,61202
17,1,120,direct,62744
17,1,121,direct,61763
17,1,122,direct,61723
17,1,123,direct,62303
17,1,124,direct,61132
17,1,125,direct,60661
17,1,126,direct,61593
17,1,127,direct,64357
18,0,0,direct,75603
18,0,1,direct,62243
18,0,2,direct,62124
18,0,3,direct,172540
18,0,4,direct,66981
18,0,5,direct,62174
18,0,6,direct,62024
18,0,7,direct,59870
18,0,8,direct,61312
18,0,9,direct,70045
18,0,10,direct,107271
18,0,11,direct,91178
18,0,12,direct,66571
18,0,13,direct,61292
18,0,14,direct,63205
18,0,15,direct,96986
18,0,16,direct,68863
18,0,17,direct,60551
18,0,18,direct,60942
18,0,19,direct,63175
18,0,20,direct,61763
18,0,21,direct,61363
18,0,22,direct,60911
18,0,23,direct,61432
18,0,24,direct,64246
18,0,25,direct,60971
18,0,26,direct,84447
18,0,27,direct,62895
18,0,28,direct,76545
18,0,29,direct,83866
18,0,30,direct,65548
18,0,31,direct,60741
18,0,32,direct,60612
18,0,33,direct,60851
18,0,34,direct,62634
18,0,35,direct,59680
18,0,36,direct,60592
18,0,37,direct,60280
18,0,38,direct,61322
18,0,39,direct,62144
18,0,40,direct,59400
18,0,41,direct,61452
18,0,42,direct,60281
18,0,43,direct,60852
18,0,44,direct,61713
18,0,45,direct,129044
18,0,46,direct,65268
18,0,47,direct,61853
18,0,48,direct,175063
18,0,49,direct,112259
18,0,50,direct,161112
18,0,51,direct,78378
18,0,52,direct,62404
18,0,53,direct,68443
18,0,54,direct,61833
18,0,55,direct,117086
18,0,56,direct,222555
18,0,57,direct,95313
18,0,58,direct,64587
18,0,59,direct,61994
18,0,60,direct,61292
18,0,61,direct,59860
18,0,62,direct,356026
18,0,63,direct,82354
18,0,64,direct,62514
18,0,65,direct,61683
18,0,66,direct,62814
18,0,67,direct,61462
18,0,68,direct,64247
18,0,69,direct,61763
18,0,70,direct,61983
18,0,71,direct,61202
18,0,72,direct,61613
18,0,73,direct,61863
18,0,74,direct,61853
18,0,75,direct,60821
18,0,76,direct,61522
18,0,77,direct,74842
18,0,78,direct,65568
18,0,79,direct,61372
18,0,80,direct,60791
18,0,81,direct,60521
18,0,82,direct,60681
18,0,83,direct,61863
18,0,84,direct,60562
18,0,85,direct,61442
18,0,86,direct,60460
18,0,87,direct,61903
18,0,88,direct,62143
18,0,89,direct,60692
18,0,90,direct,61513
18,0,91,direct,60401
18,0,92,direct,125329
18,0,93,direct,147021
18,0,94,direct,64557
18,0,95,direct,61252
18,0,96,direct,60031
18,0,97,direct,60721
18,0,98,direct,62694
18,0,99,direct,60872
18,0,100,direct,61192
18,0,101,direct,61092
18,0,102,direct,66289
18,0,103,direct,274733
18,0,104,direct,69585
18,0,105,direct,61163
18,0,106,direct,61382
18,0,107,direct,65769
18,0,108,direct,63696
18,0,109,direct,62634
18,0,110,direct,62254
18,0,111,direct,115043
18,0,112,direct,65999
18,0,113,direct,86180
18,0,114,direct,62845
18,0,115,direct,61633
18,0,116,direct,61182
18,0,117,direct,70576
18,0,118,direct,62544
18,0,119,direct,65208
18,0,120,direct,62213
18,0,121,direct,62383
18,0,122,direct,63947
18,0,123,direct,61493
18,0,124,direct,62033
18,0,125,direct,60201
18,0,126,direct,59670
18,0,127,direct,64366
18,1,0,deadpool,93961
18,1,1,deadpool,64838
18,1,2,deadpool,64327
18,1,3,deadpool,92439
18,1,4,deadpool,77807
18,1,5,deadpool,128734
18,1,6,deadpool,143406
18,1,7,deadpool,66770
18,1,8,deadpool,63946
18,1,9,deadpool,134052
18,1,10,deadpool,69525
18,1,11,deadpool,63616
18,1,12,deadpool,63065
18,1,13,deadpool,72149
18,1,14,deadpool,225279
18,1,15,deadpool,74352
18,1,16,deadpool,64117
18,1,17,deadpool,64147
18,1,18,deadpool,72198
18,1,19,deadpool,63906
18,1,20,deadpool,64236
18,1,21,deadpool,64106
18,1,22,deadpool,62404
18,1,23,deadpool,72389
18,1,24,deadpool,65259
18,1,25,deadpool,64167
18,1,26,deadpool,95964
18,1,27,deadpool,68173
18,1,28,deadpool,66060
18,1,29,deadpool,64147
18,1,30,deadpool,63376
18,1,31,deadpool,63636
18,1,32,deadpool,63025
18,1,33,deadpool,65198
18,1,34,deadpool,63516
18,1,35,deadpool,62765
18,1,36,deadpool,255024
18,1,37,deadpool,70355
18,1,38,deadpool,76836
18,1,39,deadpool,280161
18,1,40,deadpool,128493
18,1,41,deadpool,118518
18,1,42,deadpool,115404
18,1,43,deadpool,128683
18,1,44,deadpool,140161
18,1,45,deadpool,118929
18,1,46,deadpool,114983
18,1,47,deadpool,114923
18,1,48,deadpool,120150
18,1,49,deadpool,124968
18,1,50,deadpool,118108
18,1,51,deadpool,115674
18,1,52,deadpool,154862
18,1,53,deadpool,125649
18,1,54,deadpool,113741
18,1,55,deadpool,115103
18,1,56,deadpool,115484
18,1,57,deadpool,129284
18,1,58,deadpool,130206
18,1,59,deadpool,116275
18,1,60,deadpool,140832
18,1,61,deadpool,115063
18,1,62,deadpool,119510
18,1,63,deadpool,115794
18,1,64,deadpool,115354
18,1,65,deadpool,141743
18,1,66,deadpool,132440
18,1,67,deadpool,152519
18,1,68,deadpool,121623
18,1,69,deadpool,116175
18,1,70,deadpool,116235
18,1,71,deadpool,114643
18,1,72,deadpool,119470
18,1,73,deadpool,115724
18,1,74,deadpool,114502
18,1,75,deadpool,138638
18,1,76,deadpool,118388
18,1,77,deadpool,121102
18,1,78,deadpool,114112
18,1,79,deadpool,113501
18,1,80,deadpool,128774
18,1,81,deadpool,119039
18,1,82,deadpool,119379
18,1,83,deadpool,146260
18,1,84,deadpool,121883
18,1,85,deadpool,115704
18,1,86,deadpool,114722
18,1,87,deadpool,119340
18,1,88,deadpool,114752
18,1,89,deadpool,115985
18,1,90,deadpool,115524
18,1,91,deadpool,135003
18,1,92,deadpool,121824
18,1,93,deadpool,114472
18,1,94,deadpool,114272
18,1,95,deadpool,113861
18,1,96,deadpool,117036
18,1,97,deadpool,151908
18,1,98,deadpool,117947
18,1,99,deadpool,141874
18,1,100,deadpool,114653
18,1,101,deadpool,114021
18,1,102,deadpool,118819
18,1,103,deadpool,121924
18,1,104,deadpool,114221
18,1,105,deadpool,115624
18,1,106,deadpool,115654
18,1,107,deadpool,152219
18,1,108,deadpool,117417
18,1,109,deadpool,114912
18,1,110,deadpool,115835
18,1,111,deadpool,123516
18,1,112,deadpool,115393
18,1,113,deadpool,118138
18,1,114,deadpool,386081
18,1,115,deadpool,120211
18,1,116,deadpool,128082
18,1,117,deadpool,115164
18,1,118,deadpool,114522
18,1,119,deadpool,113010
18,1,120,deadpool,116665
18,1,121,deadpool,152810
18,1,122,deadpool,116645
18,1,123,deadpool,128844
18,1,124,deadpool,115955
18,1,125,deadpool,114011
18,1,126,deadpool,159440
18,1,127,deadpool,119509
19,0,0,deadpool,150957
19,0,1,deadpool,118418
19,0,2,deadpool,118808
19,0,3,deadpool,119329
19,0,4,deadpool,113581
19,0,5,deadpool,115003
19,0,6,deadpool,114141
19,0,7,deadpool,136516
19,0,8,deadpool,143476
19,0,9,deadpool,117266
19,0,10,deadpool,114122
19,0,11,deadpool,112990
19,0,12,deadpool,113350
19,0,13,deadpool,117387
19,0,14,deadpool,114272
19,0,15,deadpool,113460
19,0,16,deadpool,144578
19,0,17,deadpool,116986
19,0,18,deadpool,117587
19,0,19,deadpool,114442
19,0,20,deadpool,113932
19,0,21,deadpool,127822
19,0,22,deadpool,118718
19,0,23,deadpool,117708
19,0,24,deadpool,142014
19,0,25,deadpool,116435
19,0,26,deadpool,113882
19,0,27,deadpool,113200
19,0,28,deadpool,117487
19,0,29,deadpool,114383
19,0,30,deadpool,166611
19,0,31,deadpool,133330
19,0,32,deadpool,126560
19,0,33,deadpool,119440
19,0,34,deadpool,114162
19,0,35,deadpool,113370
19,0,36,deadpool,114072
19,0,37,deadpool,114192
19,0,38,deadpool,118769
19,0,39,deadpool,134272
19,0,40,deadpool,121123
19,0,41,deadpool,115774
19,0,42,deadpool,124177
19,0,43,deadpool,116255
19,0,44,deadpool,114402
19,0,45,deadpool,114773
19,0,46,deadpool,113561
19,0,47,deadpool,142915
19,0,48,deadpool,122204
19,0,49,deadpool,116466
19,0,50,deadpool,143386
19,0,51,deadpool,120931
19,0,52,deadpool,129405
19,0,53,deadpool,114302
19,0,54,deadpool,112670
19,0,55,deadpool,136005
19,0,56,deadpool,117697
19,0,57,deadpool,118218
19,0,58,deadpool,114271
19,0,59,deadpool,112610
19,0,60,deadpool,114352
19,0,61,deadpool,162795
19,0,62,deadpool,121774
19,0,63,deadpool,149665
19,0,64,deadpool,116265
19,0,65,deadpool,116305
19,0,66,deadpool,114412
19,0,67,deadpool,348594
19,0,68,deadpool,119399
19,0,69,deadpool,191308
19,0,70,deadpool,117517
19,0,71,deadpool,115163
19,0,72,deadpool,119540
19,0,73,deadpool,117297
19,0,74,deadpool,113350
19,0,75,deadpool,113361
19,0,76,deadpool,137016
19,0,77,deadpool,124196
19,0,78,deadpool,114161
19,0,79,deadpool,112629
19,0,80,deadpool,113541
19,0,81,deadpool,114492
19,0,82,deadpool,117708
19,0,83,deadpool,113791
19,0,84,deadpool,113481
19,0,85,deadpool,143085
19,0,86,deadpool,124488
19,0,87,deadpool,114372
19,0,88,deadpool,115724
19,0,89,deadpool,114673
19,0,90,deadpool,138027
19,0,91,deadpool,130557
19,0,92,deadpool,139710
19,0,93,deadpool,118338
19,0,94,deadpool,116084
19,0,95,deadpool,113431
19,0,96,deadpool,123866
19,0,97,deadpool,114473
19,0,98,deadpool,113842
19,0,99,deadpool,113711
19,0,100,deadpool,179210
19,0,101,deadpool,128804
19,0,102,deadpool,116124
19,0,103,deadpool,113150
19,0,104,deadpool,114332
19,0,105,deadpool,114473
19,0,106,deadpool,118589
19,0,107,deadpool,114522
19,0,108,deadpool,334083
19,0,109,deadpool,119971
19,0,110,deadpool,114963
19,0,111,deadpool,119059
19,0,112,deadpool,115404
19,0,113,deadpool,114171
19,0,114,deadpool,134953
19,0,115,deadpool,120241
19,0,116,deadpool,118729
19,0,117,deadpool,114262
19,0,118,deadpool,113470
19,0,119,deadpool,644620
19,0,120,deadpool,147281
19,0,121,deadpool,123966
19,0,122,deadpool,114863
19,0,123,deadpool,113420
19,0,124,deadpool,113571
19,0,125,deadpool,113230
19,0,126,deadpool,159991
19,0,127,deadpool,115935
19,1,0,direct,151277
19,1,1,direct,116355
19,1,2,direct,105990
19,1,3,direct,109645
19,1,4,direct,107232
19,1,5,direct,105108
19,1,6,direct,134472
19,1,7,direct,111949
19,1,8,direct,116235
19,1,9,direct,107792
19,1,10,direct,105780
19,1,11,direct,106310
19,1,12,direct,114743
19,1,13,direct,127042
19,1,14,direct,177557
19,1,15,direct,113540
19,1,16,direct,105809
19,1,17,direct,110506
19,1,18,direct,105970
19,1,19,direct,104768
19,1,20,direct,145008
19,1,21,direct,125339
19,1,22,direct,133982
19,1,23,direct,107431
19,1,24,direct,107212
19,1,25,direct,107992
19,1,26,direct,104537
19,1,27,direct,109905
19,1,28,direct,113972
19,1,29,direct,107521
19,1,30,direct,127181
19,1,31,direct,115203
19,1,32,direct,108964
19,1,33,direct,106410
19,1,34,direct,105569
19,1,35,direct,106240
19,1,36,direct,103866
19,1,37,direct,108984
19,1,38,direct,105569
19,1,39,direct,131608
19,1,40,direct,110186
19,1,41,direct,105799
19,1,42,direct,108874
19,1,43,direct,105228
19,1,44,direct,105108
19,1,45,direct,104007
19,1,46,direct,125559
19,1,47,direct,110386
19,1,48,direct,130997
19,1,49,direct,108233
19,1,50,direct,104737
19,1,51,direct,105108
19,1,52,direct,109525
19,1,53,direct,105629
19,1,54,direct,153431
19,1,55,direct,115304
19,1,56,direct,135364
19,1,57,direct,113000
19,1,58,direct,107061
19,1,59,direct,105198
19,1,60,direct,105779
19,1,61,direct,115414
19,1,62,direct,106280
19,1,63,direct,105128
19,1,64,direct,105549
19,1,65,direct,138599
19,1,66,direct,110667
19,1,67,direct,105639
19,1,68,direct,106500
19,1,69,direct,107942
19,1,70,direct,106380
19,1,71,direct,109975
19,1,72,direct,106239
19,1,73,direct,132219
19,1,74,direct,108122
19,1,75,direct,108343
19,1,76,direct,107772
19,1,77,direct,106710
19,1,78,direct,105208
19,1,79,direct,109485
19,1,80,direct,104818
19,1,81,direct,109766
19,1,82,direct,126971
19,1,83,direct,119339
19,1,84,direct,125279
19,1,85,direct,115895
19,1,86,direct,111147
19,1,87,direct,119420
19,1,88,direct,145619
19,1,89,direct,106931
19,1,90,direct,142394
19,1,91,direct,111287
19,1,92,direct,107762
19,1,93,direct,105789
19,1,94,direct,107011
19,1,95,direct,106400
19,1,96,direct,112259
19,1,97,direct,105528
19,1,98,direct,125168
19,1,99,direct,110596
19,1,100,direct,106120
19,1,101,direct,107992
19,1,102,direct,106400
19,1,103,direct,105529
19,1,104,direct,105028
19,1,105,direct,105719
19,1,106,direct,108524
19,1,107,direct,139360
19,1,108,direct,109384
19,1,109,direct,105088
19,1,110,direct,115764
19,1,111,direct,105759
19,1,112,direct,105849
19,1,113,direct,104447
19,1,114,direct,104407
19,1,115,direct,113370
19,1,116,direct,137697
19,1,117,direct,105649
19,1,118,direct,105379
19,1,119,direct,105198
19,1,120,direct,110186
19,1,121,direct,104848
19,1,122,direct,137177
19,1,123,direct,110065
19,1,124,direct,123105
19,1,125,direct,113090
19,1,126,direct,105689
19,1,127,direct,105269
20,0,0,direct,135905
20,0,1,direct,108253
20,0,2,direct,111227
20,0,3,direct,106000
20,0,4,direct,104727
20,0,5,direct,131928
20,0,6,direct,106520
20,0,7,direct,108854
20,0,8,direct,105439
20,0,9,direct,106821
20,0,10,direct,104217
20,0,11,direct,105348
20,0,12,direct,108023
20,0,13,direct,131738
20,0,14,direct,113581
20,0,15,direct,105248
20,0,16,direct,104988
20,0,17,direct,109084
20,0,18,direct,104728
20,0,19,direct,105629
20,0,20,direct,104847
20,0,21,direct,104387
20,0,22,direct,138538
20,0,23,direct,108103
20,0,24,direct,104307
20,0,25,direct,104347
20,0,26,direct,104658
20,0,27,direct,135164
20,0,28,direct,133982
20,0,29,direct,111168
20,0,30,direct,125509
20,0,31,direct,109094
20,0,32,direct,109575
20,0,33,direct,105118
20,0,34,direct,104808
20,0,35,direct,105158
20,0,36,direct,114513
20,0,37,direct,106540
20,0,38,direct,103906
20,0,39,direct,129455
20,0,40,direct,107632
20,0,41,direct,109525
20,0,42,direct,104097
20,0,43,direct,112990
20,0,44,direct,104467
20,0,45,direct,103977
20,0,46,direct,109274
20,0,47,direct,104407
20,0,48,direct,129786
20,0,49,direct,107452
20,0,50,direct,105478
20,0,51,direct,108453
20,0,52,direct,103886
20,0,53,direct,103856
20,0,54,direct,105008
20,0,55,direct,104857
20,0,56,direct,109805
20,0,57,direct,133782
20,0,58,direct,105058
20,0,59,direct,105219
20,0,60,direct,105048
20,0,61,direct,115073
20,0,62,direct,106059
20,0,63,direct,149935
20,0,64,direct,106670
20,0,65,direct,129886
20,0,66,direct,109645
20,0,67,direct,112680
20,0,68,direct,106370
20,0,69,direct,114142
20,0,70,direct,111568
20,0,71,direct,109395
20,0,72,direct,105219
20,0,73,direct,123776
20,0,74,direct,110676
20,0,75,direct,104297
20,0,76,direct,108964
20,0,77,direct,103606
20,0,78,direct,102985
20,0,79,direct,106120
20,0,80,direct,104347
20,0,81,direct,108403
20,0,82,direct,124838
20,0,83,direct,109385
20,0,84,direct,105018
20,0,85,direct,113491
20,0,86,direct,105098
20,0,87,direct,122915
20,0,88,direct,108964
20,0,89,direct,105109
20,0,90,direct,111588
20,0,91,direct,139280
20,0,92,direct,107121
20,0,93,direct,104087
20,0,94,direct,104247
20,0,95,direct,107301
20,0,96,direct,104837
20,0,97,direct,134011
20,0,98,direct,114523
20,0,99,direct,126931
20,0,100,direct,115003
20,0,101,direct,105289
20,0,102,direct,104747
20,0,103,direct,103986
20,0,104,direct,103736
20,0,105,direct,108614
20,0,106,direct,104367
20,0,107,direct,104127
20,0,108,direct,127311
20,0,109,direct,108433
20,0,110,direct,109555
20,0,111,direct,104107
20,0,112,direct,105208
20,0,113,direct,105409
20,0,114,direct,105608
20,0,115,direct,109255
20,0,116,direct,105288
20,0,117,direct,128824
20,0,118,direct,106680
20,0,119,direct,105659
20,0,120,direct,108464
20,0,121,direct,104027
20,0,122,direct,103575
20,0,123,direct,103165
20,0,124,direct,103896
20,0,125,direct,107582
20,0,126,direct,130406
20,0,127,direct,106269
20,1,0,deadpool,137456
20,1,1,deadpool,129144
20,1,2,deadpool,124948
20,1,3,deadpool,145079
20,1,4,deadpool,120882
20,1,5,deadpool,128923
20,1,6,deadpool,130256
20,1,7,deadpool,113651
20,1,8,deadpool,112389
20,1,9,deadpool,111508
20,1,10,deadpool,111518
20,1,11,deadpool,119961
20,1,12,deadpool,114051
20,1,13,deadpool,112659
20,1,14,deadpool,145900
20,1,15,deadpool,114212
20,1,16,deadpool,117677
20,1,17,deadpool,113431
20,1,18,deadpool,115483
20,1,19,deadpool,111778
20,1,20,deadpool,112078
20,1,21,deadpool,115253
20,1,22,deadpool,144307
20,1,23,deadpool,113832
20,1,24,deadpool,114272
20,1,25,deadpool,113251
20,1,26,deadpool,115654
20,1,27,deadpool,112910
20,1,28,deadpool,113311
20,1,29,deadpool,112719
20,1,30,deadpool,136725
20,1,31,deadpool,117597
20,1,32,deadpool,113771
20,1,33,deadpool,112860
20,1,34,deadpool,113852
20,1,35,deadpool,112349
20,1,36,deadpool,390057
20,1,37,deadpool,122454
20,1,38,deadpool,115975
20,1,39,deadpool,115354
20,1,40,deadpool,114251
20,1,41,deadpool,120211
20,1,42,deadpool,113871
20,1,43,deadpool,112729
20,1,44,deadpool,139930
20,1,45,deadpool,119650
20,1,46,deadpool,117828
20,1,47,deadpool,113581
20,1,48,deadpool,114112
20,1,49,deadpool,113060
20,1,50,deadpool,114653
20,1,51,deadpool,117056
20,1,52,deadpool,136635
20,1,53,deadpool,114743
20,1,54,deadpool,113701
20,1,55,deadpool,124247
20,1,56,deadpool,121063
20,1,57,deadpool,113100
20,1,58,deadpool,112499
20,1,59,deadpool,112269
20,1,60,deadpool,151668
20,1,61,deadpool,116065
20,1,62,deadpool,113500
20,1,63,deadpool,112990
20,1,64,deadpool,112390
20,1,65,deadpool,122745
20,1,66,deadpool,157046
20,1,67,deadpool,115945
20,1,68,deadpool,138919
20,1,69,deadpool,119880
20,1,70,deadpool,123616
20,1,71,deadpool,114392
20,1,72,deadpool,113240
20,1,73,deadpool,112920
20,1,74,deadpool,113161
20,1,75,deadpool,117367
20,1,76,deadpool,150126
20,1,77,deadpool,115204
20,1,78,deadpool,114062
20,1,79,deadpool,119650
20,1,80,deadpool,117787
20,1,81,deadpool,113151
20,1,82,deadpool,113020
20,1,83,deadpool,111858
20,1,84,deadpool,139239
20,1,85,deadpool,118168
20,1,86,deadpool,113701
20,1,87,deadpool,112970
20,1,88,deadpool,116305
20,1,89,deadpool,119950
20,1,90,deadpool,135614
20,1,91,deadpool,115935
20,1,92,deadpool,140591
20,1,93,deadpool,113020
20,1,94,deadpool,113671
20,1,95,deadpool,115714
20,1,96,deadpool,112650
20,1,97,deadpool,112499
20,1,98,deadpool,150216
20,1,99,deadpool,114513
20,1,100,deadpool,144197
20,1,101,deadpool,114202
20,1,102,deadpool,113851
20,1,103,deadpool,112650
20,1,104,deadpool,120951
20,1,105,deadpool,112509
20,1,106,deadpool,114392
20,1,107,deadpool,111468
20,1,108,deadpool,133310
20,1,109,deadpool,125068
20,1,110,deadpool,115093
20,1,111,deadpool,112199
20,1,112,deadpool,112799
20,1,113,deadpool,112469
20,1,114,deadpool,122635
20,1,115,deadpool,113140
20,1,116,deadpool,146040
20,1,117,deadpool,114402
20,1,118,deadpool,112740
20,1,119,deadpool,116075
20,1,120,deadpool,114362
20,1,121,deadpool,114412
20,1,122,deadpool,112329
20,1,123,deadpool,111968
20,1,124,deadpool,141233
20,1,125,deadpool,116355
20,1,126,deadpool,112720
20,1,127,deadpool,112800
21,0,0,deadpool,114492
21,0,1,deadpool,133421
21,0,2,deadpool,147592
21,0,3,deadpool,115975
21,0,4,deadpool,131819
21,0,5,deadpool,114051
21,0,6,deadpool,116626
21,0,7,deadpool,112299
21,0,8,deadpool,112419
21,0,9,deadpool,112409
21,0,10,deadpool,112459
21,0,11,deadpool,119239
21,0,12,deadpool,141653
21,0,13,deadpool,115053
21,0,14,deadpool,113311
21,0,15,deadpool,112038
21,0,16,deadpool,116355
21,0,17,deadpool,114672
21,0,18,deadpool,111407
21,0,19,deadpool,111448
21,0,20,deadpool,140080
21,0,21,deadpool,117758
21,0,22,deadpool,112980
21,0,23,deadpool,111998
21,0,24,deadpool,116035
21,0,25,deadpool,122715
21,0,26,deadpool,115143
21,0,27,deadpool,112459
21,0,28,deadpool,137557
21,0,29,deadpool,118699
21,0,30,deadpool,121543
21,0,31,deadpool,115273
21,0,32,deadpool,122003
21,0,33,deadpool,112429
21,0,34,deadpool,147642
21,0,35,deadpool,122855
21,0,36,deadpool,140391
21,0,37,deadpool,115193
21,0,38,deadpool,286962
21,0,39,deadpool,82043
21,0,40,deadpool,66510
21,0,41,deadpool,64076
21,0,42,deadpool,66780
21,0,43,deadpool,62855
21,0,44,deadpool,62554
21,0,45,deadpool,64136
21,0,46,deadpool,143656
21,0,47,deadpool,66640
21,0,48,deadpool,64527
21,0,49,deadpool,75704
21,0,50,deadpool,66320
21,0,51,deadpool,63626
21,0,52,deadpool,1977996
21,0,53,deadpool,182314
21,0,54,deadpool,170797
21,0,55,deadpool,123235
21,0,56,deadpool,136595
21,0,57,deadpool,115724
21,0,58,deadpool,115895
21,0,59,deadpool,123075
21,0,60,deadpool,116916
21,0,61,deadpool,115023
21,0,62,deadpool,115164
21,0,63,deadpool,318469
21,0,64,deadpool,131197
21,0,65,deadpool,115614
21,0,66,deadpool,117427
21,0,67,deadpool,114792
21,0,68,deadpool,115364
21,0,69,deadpool,118188
21,0,70,deadpool,137306
21,0,71,deadpool,120741
21,0,72,deadpool,114853
21,0,73,deadpool,112960
21,0,74,deadpool,118749
21,0,75,deadpool,114412
21,0,76,deadpool,115624
21,0,77,deadpool,114272
21,0,78,deadpool,138188
21,0,79,deadpool,128964
21,0,80,deadpool,113881
21,0,81,deadpool,115173
21,0,82,deadpool,355565
21,0,83,deadpool,132950
21,0,84,deadpool,172099
21,0,85,deadpool,119459
21,0,86,deadpool,149936
21,0,87,deadpool,115283
21,0,88,deadpool,114853
21,0,89,deadpool,119660
21,0,90,deadpool,113961
21,0,91,deadpool,114462
21,0,92,deadpool,140462
21,0,93,deadpool,116045
21,0,94,deadpool,285249
21,0,95,deadpool,118217
21,0,96,deadpool,116405
21,0,97,deadpool,115624
21,0,98,deadpool,135153
21,0,99,deadpool,124027
21,0,100,deadpool,114222
21,0,101,deadpool,113370
21,0,102,deadpool,114733
21,0,103,deadpool,113691
21,0,104,deadpool,118308
21,0,105,deadpool,115774
21,0,106,deadpool,129395
21,0,107,deadpool,118558
21,0,108,deadpool,123485
21,0,109,deadpool,114111
21,0,110,deadpool,114442
21,0,111,deadpool,113050
21,0,112,deadpool,153311
21,0,113,deadpool,129395
21,0,114,deadpool,147372
21,0,115,deadpool,115764
21,0,116,deadpool,114112
21,0,117,deadpool,113481
21,0,118,deadpool,117397
21,0,119,deadpool,114803
21,0,120,deadpool,113932
21,0,121,deadpool,115083
21,0,122,deadpool,144197
21,0,123,deadpool,121914
21,0,124,deadpool,249345
21,0,125,deadpool,126941
21,0,126,deadpool,114562
21,0,127,deadpool,114502
21,1,0,direct,130086
21,1,1,direct,132860
21,1,2,direct,107642
21,1,3,direct,105499
21,1,4,direct,105549
21,1,5,direct,163586
21,1,6,direct,110947
21,1,7,direct,107491
21,1,8,direct,106230
21,1,9,direct,130256
21,1,10,direct,112259
21,1,11,direct,105098
21,1,12,direct,105488
21,1,13,direct,107382
21,1,14,direct,105569
21,1,15,direct,150477
21,1,16,direct,112369
21,1,17,direct,130015
21,1,18,direct,109445
21,1,19,direct,107041
21,1,20,direct,109064
21,1,21,direct,106711
21,1,22,direct,105429
21,1,23,direct,106470
21,1,24,direct,107521
21,1,25,direct,110246
21,1,26,direct,131879
21,1,27,direct,107161
21,1,28,direct,106881
21,1,29,direct,106921
21,1,30,direct,109525
21,1,31,direct,106060
21,1,32,direct,107982
21,1,33,direct,107182
21,1,34,direct,104958
21,1,35,direct,139470
21,1,36,direct,106210
21,1,37,direct,105709
21,1,38,direct,106230
21,1,39,direct,115594
21,1,40,direct,106370
21,1,41,direct,106590
21,1,42,direct,106670
21,1,43,direct,127312
21,1,44,direct,115163
21,1,45,direct,105799
21,1,46,direct,106320
21,1,47,direct,111658
21,1,48,direct,106179
21,1,49,direct,109294
21,1,50,direct,131739
21,1,51,direct,109454
21,1,52,direct,114422
21,1,53,direct,106860
21,1,54,direct,110837
21,1,55,direct,107452
21,1,56,direct,106490
21,1,57,direct,105128
21,1,58,direct,106551
21,1,59,direct,110275
21,1,60,direct,132028
21,1,61,direct,109104
21,1,62,direct,106650
21,1,63,direct,105980
21,1,64,direct,109705
21,1,65,direct,105428
21,1,66,direct,106840
21,1,67,direct,105509
21,1,68,direct,105579
21,1,69,direct,134112
21,1,70,direct,108393
21,1,71,direct,105979
21,1,72,direct,106210
21,1,73,direct,106430
21,1,74,direct,109925
21,1,75,direct,105859
21,1,76,direct,105018
21,1,77,direct,105859
21,1,78,direct,141553
21,1,79,direct,109175
21,1,80,direct,105960
21,1,81,direct,105138
21,1,82,direct,106671
21,1,83,direct,104998
21,1,84,direct,153040
21,1,85,direct,107122
21,1,86,direct,131428
21,1,87,direct,108704
21,1,88,direct,117868
21,1,89,direct,107932
21,1,90,direct,105098
21,1,91,direct,105659
21,1,92,direct,106009
21,1,93,direct,112539
21,1,94,direct,127332
21,1,95,direct,113751
21,1,96,direct,107111
21,1,97,direct,106300
21,1,98,direct,333111
21,1,99,direct,113361
21,1,100,direct,106910
21,1,101,direct,136795
21,1,102,direct,109825
21,1,103,direct,110326
21,1,104,direct,107502
21,1,105,direct,108022
21,1,106,direct,106731
21,1,107,direct,108003
21,1,108,direct,110517
21,1,109,direct,106971
21,1,110,direct,135293
21,1,111,direct,107162
21,1,112,direct,106670
21,1,113,direct,110957
21,1,114,direct,107532
21,1,115,direct,106420
21,1,116,direct,137757
21,1,117,direct,107942
21,1,118,direct,142114
21,1,119,direct,107702
21,1,120,direct,108744
21,1,121,direct,107021
21,1,122,direct,106850
21,1,123,direct,108693
21,1,124,direct,105509
21,1,125,direct,112128
21,1,126,direct,107642
21,1,127,direct,115204
22,0,0,direct,110075
22,0,1,direct,111508
22,0,2,direct,115013
22,0,3,direct,126040
22,0,4,direct,111228
22,0,5,direct,109965
22,0,6,direct,107702
22,0,7,direct,135544
22,0,8,direct,106971
22,0,9,direct,106330
22,0,10,direct,110206
22,0,11,direct,107833
22,0,12,direct,107532
22,0,13,direct,106791
22,0,14,direct,116486
22,0,15,direct,136024
22,0,16,direct,110866
22,0,17,direct,107021
22,0,18,direct,105539
22,0,19,direct,109695
22,0,20,direct,105889
22,0,21,direct,168473
22,0,22,direct,112619
22,0,23,direct,132649
22,0,24,direct,114643
22,0,25,direct,107622
22,0,26,direct,105069
22,0,27,direct,106340
22,0,28,direct,105208
22,0,29,direct,109745
22,0,30,direct,105619
22,0,31,direct,106120
22,0,32,direct,131508
22,0,33,direct,107322
22,0,34,direct,110116
22,0,35,direct,105308
22,0,36,direct,105819
22,0,37,direct,105238
22,0,38,direct,106070
22,0,39,direct,108403
22,0,40,direct,106120
22,0,41,direct,134062
22,0,42,direct,106059
22,0,43,direct,106119
22,0,44,direct,108873
22,0,45,direct,105959
22,0,46,direct,106530
22,0,47,direct,106500
22,0,48,direct,106660
22,0,49,direct,130116
22,0,50,direct,111388
22,0,51,direct,106380
22,0,52,direct,105969
22,0,53,direct,105258
22,0,54,direct,109535
22,0,55,direct,109074
22,0,56,direct,151227
22,0,57,direct,107291
22,0,58,direct,131018
22,0,59,direct,116786
22,0,60,direct,108914
22,0,61,direct,105869
22,0,62,direct,105939
22,0,63,direct,114021
22,0,64,direct,106430
22,0,65,direct,106220
22,0,66,direct,127782
22,0,67,direct,111288
22,0,68,direct,110326
22,0,69,direct,105750
22,0,70,direct,105989
22,0,71,direct,106690
22,0,72,direct,105158
22,0,73,direct,109575
22,0,74,direct,106590
22,0,75,direct,131077
22,0,76,direct,107632
22,0,77,direct,105829
22,0,78,direct,118358
22,0,79,direct,109785
22,0,80,direct,114121
22,0,81,direct,106290
22,0,82,direct,106871
22,0,83,direct,128443
22,0,84,direct,114132
22,0,85,direct,105949
22,0,86,direct,105529
22,0,87,direct,111508
22,0,88,direct,112219
22,0,89,direct,107041
22,0,90,direct,156084
22,0,91,direct,107131
22,0,92,direct,126431
22,0,93,direct,110647
22,0,94,direct,106240
22,0,95,direct,104848
22,0,96,direct,105579
22,0,97,direct,105428
22,0,98,direct,110686
22,0,99,direct,106550
22,0,100,direct,126380
22,0,101,direct,113611
22,0,102,direct,104998
22,0,103,direct,108623
22,0,104,direct,105488
22,0,105,direct,106360
22,0,106,direct,105138
22,0,107,direct,105268
22,0,108,direct,110527
22,0,109,direct,129385
22,0,110,direct,108723
22,0,111,direct,106520
22,0,112,direct,112780
22,0,113,direct,105409
22,0,114,direct,105178
22,0,115,direct,104327
22,0,116,direct,105259
22,0,117,direct,112970
22,0,118,direct,131588
22,0,119,direct,106891
22,0,120,direct,105789
22,0,121,direct,105669
22,0,122,direct,108594
22,0,123,direct,105379
22,0,124,direct,147702
22,0,125,direct,110747
22,0,126,direct,135524
22,0,127,direct,114762
22,1,0,deadpool,143495
22,1,1,deadpool,115824
22,1,2,deadpool,115284
22,1,3,deadpool,116756
22,1,4,deadpool,119660
22,1,5,deadpool,113811
22,1,6,deadpool,139530
22,1,7,deadpool,116605
22,1,8,deadpool,114242
22,1,9,deadpool,118479
22,1,10,deadpool,114292
22,1,11,deadpool,113531
22,1,12,deadpool,113180
22,1,13,deadpool,113560
22,1,14,deadpool,138428
22,1,15,deadpool,115984
22,1,16,deadpool,114082
22,1,17,deadpool,115013
22,1,18,deadpool,113661
22,1,19,deadpool,118448
22,1,20,deadpool,114803
22,1,21,deadpool,113991
22,1,22,deadpool,137226
22,1,23,deadpool,116395
22,1,24,deadpool,118938
22,1,25,deadpool,114662
22,1,26,deadpool,112790
22,1,27,deadpool,113140
22,1,28,deadpool,151447
22,1,29,deadpool,117497
22,1,30,deadpool,133371
22,1,31,deadpool,115964
22,1,32,deadpool,112750
22,1,33,deadpool,123065
22,1,34,deadpool,113981
22,1,35,deadpool,112970
22,1,36,deadpool,113921
22,1,37,deadpool,114001
22,1,38,deadpool,144317
22,1,39,deadpool,118739
22,1,40,deadpool,113150
22,1,41,deadpool,113681
22,1,42,deadpool,121423
22,1,43,deadpool,118588
22,1,44,deadpool,113651
22,1,45,deadpool,113451
22,1,46,deadpool,135053
22,1,47,deadpool,116966
22,1,48,deadpool,117016
22,1,49,deadpool,112519
22,1,50,deadpool,114242
22,1,51,deadpool,113902
22,1,52,deadpool,114002
22,1,53,deadpool,116986
22,1,54,deadpool,136265
22,1,55,deadpool,121102
22,1,56,deadpool,115383
22,1,57,deadpool,114031
22,1,58,deadpool,116845
22,1,59,deadpool,113461
22,1,60,deadpool,157196
22,1,61,deadpool,120942
22,1,62,deadpool,139279
22,1,63,deadpool,121012
22,1,64,deadpool,115424
22,1,65,deadpool,112960
22,1,66,deadpool,113911
22,1,67,deadpool,123255
22,1,68,deadpool,114502
22,1,69,deadpool,113231
22,1,70,deadpool,135664
22,1,71,deadpool,117477
22,1,72,deadpool,124968
22,1,73,deadpool,114873
22,1,74,deadpool,113380
22,1,75,deadpool,113841
22,1,76,deadpool,113861
22,1,77,deadpool,122414
22,1,78,deadpool,137326
22,1,79,deadpool,118388
22,1,80,deadpool,115584
22,1,81,deadpool,111698
22,1,82,deadpool,117747
22,1,83,deadpool,114793
22,1,84,deadpool,113761
22,1,85,deadpool,113351
22,1,86,deadpool,133160
22,1,87,deadpool,125048
22,1,88,deadpool,114923
22,1,89,deadpool,114202
22,1,90,deadpool,113942
22,1,91,deadpool,113270
22,1,92,deadpool,149475
22,1,93,deadpool,117747
22,1,94,deadpool,132309
22,1,95,deadpool,117376
22,1,96,deadpool,113701
22,1,97,deadpool,117437
22,1,98,deadpool,113620
22,1,99,deadpool,114783
22,1,100,deadpool,112700
22,1,101,deadpool,112749
22,1,102,deadpool,133471
22,1,103,deadpool,119159
22,1,104,deadpool,114452
22,1,105,deadpool,114131
22,1,106,deadpool,112609
22,1,107,deadpool,118098
22,1,108,deadpool,116155
22,1,109,deadpool,113090
22,1,110,deadpool,113141
22,1,111,deadpool,144708
22,1,112,deadpool,115193
22,1,113,deadpool,115073
22,1,114,deadpool,114653
22,1,115,deadpool,113140
22,1,116,deadpool,122604
22,1,117,deadpool,113331
22,1,118,deadpool,112400
22,1,119,deadpool,133391
22,1,120,deadpool,114542
22,1,121,deadpool,124587
22,1,122,deadpool,120662
22,1,123,deadpool,114763
22,1,124,deadpool,114383
22,1,125,deadpool,149385
22,1,126,deadpool,118749
22,1,127,deadpool,123175
23,0,0,deadpool,115534
23,0,1,deadpool,113731
23,0,2,deadpool,113551
23,0,3,deadpool,117026
23,0,4,deadpool,113952
23,0,5,deadpool,114763
23,0,6,deadpool,113731
23,0,7,deadpool,148994
23,0,8,deadpool,120411
23,0,9,deadpool,113801
23,0,10,deadpool,113651
23,0,11,deadpool,113360
23,0,12,deadpool,114612
23,0,13,deadpool,117136
23,0,14,deadpool,113091
23,0,15,deadpool,151158
23,0,16,deadpool,119039
23,0,17,deadpool,114663
23,0,18,deadpool,118578
23,0,19,deadpool,115163
23,0,20,deadpool,114532
23,0,21,deadpool,114833
23,0,22,deadpool,113541
23,0,23,deadpool,154092
23,0,24,deadpool,117156
23,0,25,deadpool,113972
23,0,26,deadpool,114823
23,0,27,deadpool,122654
23,0,28,deadpool,145999
23,0,29,deadpool,120772
23,0,30,deadpool,139730
23,0,31,deadpool,118489
23,0,32,deadpool,125148
23,0,33,deadpool,113361
23,0,34,deadpool,113400
23,0,35,deadpool,113120
23,0,36,deadpool,114232
23,0,37,deadpool,123275
23,0,38,deadpool,144388
23,0,39,deadpool,118829
23,0,40,deadpool,113691
23,0,41,deadpool,112800
23,0,42,deadpool,117687
23,0,43,deadpool,113120
23,0,44,deadpool,114382
23,0,45,deadpool,112890
23,0,46,deadpool,133301
23,0,47,deadpool,124027
23,0,48,deadpool,115314
23,0,49,deadpool,112740
23,0,50,deadpool,113611
23,0,51,deadpool,113881
23,0,52,deadpool,116716
23,0,53,deadpool,114933
23,0,54,deadpool,134513
23,0,55,deadpool,121122
23,0,56,deadpool,114863
23,0,57,deadpool,118438
23,0,58,deadpool,114121
23,0,59,deadpool,113441
23,0,60,deadpool,149455
23,0,61,deadpool,119319
23,0,62,deadpool,142014
23,0,63,deadpool,116766
23,0,64,deadpool,113591
23,0,65,deadpool,114953
23,0,66,deadpool,112660
23,0,67,deadpool,116245
23,0,68,deadpool,114532
23,0,69,deadpool,113340
23,0,70,deadpool,135414
23,0,71,deadpool,127612
23,0,72,deadpool,115153
23,0,73,deadpool,114352
23,0,74,deadpool,120762
23,0,75,deadpool,114192
23,0,76,deadpool,121964
23,0,77,deadpool,114492
23,0,78,deadpool,154442
23,0,79,deadpool,124137
23,0,80,deadpool,115303
23,0,81,deadpool,125129
23,0,82,deadpool,114652
23,0,83,deadpool,114442
23,0,84,deadpool,114352
23,0,85,deadpool,113331
23,0,86,deadpool,131538
23,0,87,deadpool,121973
23,0,88,deadpool,114472
23,0,89,deadpool,114222
23,0,90,deadpool,112118
23,0,91,deadpool,117727
23,0,92,deadpool,151908
23,0,93,deadpool,117787
23,0,94,deadpool,140391
23,0,95,deadpool,115184
23,0,96,deadpool,117096
23,0,97,deadpool,113841
23,0,98,deadpool,113140
23,0,99,deadpool,113120
23,0,100,deadpool,113791
23,0,101,deadpool,116935
23,0,102,deadpool,135134
23,0,103,deadpool,117387
23,0,104,deadpool,114573
23,0,105,deadpool,113732
23,0,106,deadpool,116776
23,0,107,deadpool,113621
23,0,108,deadpool,112649
23,0,109,deadpool,112960
23,0,110,deadpool,131408
23,0,111,deadpool,123626
23,0,112,deadpool,114922
23,0,113,deadpool,113601
23,0,114,deadpool,113651
23,0,115,deadpool,122374
23,0,116,deadpool,114463
23,0,117,deadpool,113311
23,0,118,deadpool,112829
23,0,119,deadpool,141663
23,0,120,deadpool,123465
23,0,121,deadpool,116265
23,0,122,deadpool,112600
23,0,123,deadpool,113110
23,0,124,deadpool,145479
23,0,125,deadpool,134953
23,0,126,deadpool,132639
23,0,127,deadpool,117236
23,1,0,direct,122274
23,1,1,direct,106440
23,1,2,direct,109935
23,1,3,direct,105569
23,1,4,direct,107321
23,1,5,direct,106520
23,1,6,direct,105829
23,1,7,direct,137446
23,1,8,direct,106770
23,1,9,direct,104247
23,1,10,direct,105058
23,1,11,direct,105328
23,1,12,direct,109354
23,1,13,direct,106240
23,1,14,direct,105619
23,1,15,direct,125098
23,1,16,direct,112770
23,1,17,direct,109876
23,1,18,direct,104547
23,1,19,direct,105699
23,1,20,direct,107792
23,1,21,direct,105599
23,1,22,direct,109264
23,1,23,direct,104588
23,1,24,direct,126981
23,1,25,direct,112219
23,1,26,direct,106320
23,1,27,direct,109965
23,1,28,direct,113010
23,1,29,direct,107472
23,1,30,direct,139390
23,1,31,direct,113030
23,1,32,direct,127492
23,1,33,direct,113601
23,1,34,direct,105559
23,1,35,direct,105589
23,1,36,direct,104628
23,1,37,direct,109364
23,1,38,direct,104908
23,1,39,direct,106390
23,1,40,direct,106610
23,1,41,direct,124447
23,1,42,direct,113962
23,1,43,direct,105239
23,1,44,direct,104227
23,1,45,direct,104988
23,1,46,direct,114563
23,1,47,direct,107181
23,1,48,direct,104528
23,1,49,direct,106560
23,1,50,direct,129625
23,1,51,direct,112198
23,1,52,direct,106450
23,1,53,direct,104387
23,1,54,direct,104608
23,1,55,direct,105579
23,1,56,direct,110256
23,1,57,direct,105930
23,1,58,direct,107121
23,1,59,direct,126170
23,1,60,direct,106010
23,1,61,direct,108413
23,1,62,direct,107182
23,1,63,direct,105288
23,1,64,direct,104498
23,1,65,direct,145278
23,1,66,direct,112639
23,1,67,direct,125859
23,1,68,direct,109475
23,1,69,direct,105539
23,1,70,direct,104577
23,1,71,direct,108323
23,1,72,direct,105088
23,1,73,direct,104697
23,1,74,direct,105699
23,1,75,direct,104737
23,1,76,direct,142805
23,1,77,direct,107702
23,1,78,direct,105509
23,1,79,direct,104367
23,1,80,direct,104938
23,1,81,direct,109204
23,1,82,direct,105399
23,1,83,direct,105739
23,1,84,direct,105860
23,1,85,direct,133200
23,1,86,direct,112689
23,1,87,direct,105799
23,1,88,direct,106851
23,1,89,direct,106670
23,1,90,direct,117036
23,1,91,direct,109275
23,1,92,direct,118318
23,1,93,direct,125960
23,1,94,direct,107742
23,1,95,direct,115944
23,1,96,direct,105940
23,1,97,direct,104468
23,1,98,direct,103976
23,1,99,direct,127252
23,1,100,direct,131267
23,1,101,direct,107792
23,1,102,direct,113080
23,1,103,direct,105979
23,1,104,direct,104938
23,1,105,direct,108864
23,1,106,direct,106930
23,1,107,direct,104217
23,1,108,direct,103726
23,1,109,direct,105308
23,1,110,direct,137747
23,1,111,direct,108594
23,1,112,direct,105929
23,1,113,direct,105468
23,1,114,direct,113410
23,1,115,direct,110246
23,1,116,direct,105719
23,1,117,direct,105819
23,1,118,direct,105399
23,1,119,direct,130537
23,1,120,direct,111979
23,1,121,direct,105639
23,1,122,direct,105359
23,1,123,direct,105789
23,1,124,direct,106230
23,1,125,direct,108834
23,1,126,direct,105279
23,1,127,direct,105689
24,0,0,direct,134262
24,0,1,direct,106661
24,0,2,direct,108082
24,0,3,direct,106580
24,0,4,direct,106580
24,0,5,direct,105108
24,0,6,direct,149816
24,0,7,direct,111728
24,0,8,direct,126590
24,0,9,direct,107322
24,0,10,direct,106701
24,0,11,direct,105769
24,0,12,direct,111127
24,0,13,direct,105889
24,0,14,direct,106921
24,0,15,direct,106911
24,0,16,direct,106530
24,0,17,direct,143115
24,0,18,direct,106510
24,0,19,direct,105078
24,0,20,direct,105368
24,0,21,direct,114692
24,0,22,direct,105569
24,0,23,direct,106560
24,0,24,direct,107301
24,0,25,direct,127171
24,0,26,direct,114382
24,0,27,direct,105909
24,0,28,direct,105418
24,0,29,direct,128824
24,0,30,direct,107792
24,0,31,direct,109265
24,0,32,direct,106160
24,0,33,direct,106090
24,0,34,direct,136225
24,0,35,direct,106190
24,0,36,direct,108273
24,0,37,direct,105178
24,0,38,direct,104547
24,0,39,direct,106049
24,0,40,direct,142304
24,0,41,direct,112309
24,0,42,direct,131488
24,0,43,direct,108153
24,0,44,direct,105749
24,0,45,direct,104097
24,0,46,direct,108724
24,0,47,direct,105819
24,0,48,direct,105940
24,0,49,direct,105008
24,0,50,direct,105559
24,0,51,direct,128644
24,0,52,direct,107131
24,0,53,direct,104688
24,0,54,direct,105098
24,0,55,direct,105829
24,0,56,direct,110396
24,0,57,direct,105499
24,0,58,direct,105739
24,0,59,direct,104768
24,0,60,direct,134903
24,0,61,direct,110457
24,0,62,direct,105429
24,0,63,direct,104938
24,0,64,direct,104527
24,0,65,direct,104688
24,0,66,direct,108944
24,0,67,direct,105789
24,0,68,direct,128303
24,0,69,direct,111387
24,0,70,direct,114782
24,0,71,direct,105439
24,0,72,direct,110286
24,0,73,direct,106039
24,0,74,direct,104978
24,0,75,direct,145088
24,0,76,direct,106800
24,0,77,direct,131928
24,0,78,direct,107141
24,0,79,direct,105259
24,0,80,direct,108854
24,0,81,direct,104888
24,0,82,direct,103916
24,0,83,direct,104998
24,0,84,direct,106200
24,0,85,direct,109194
24,0,86,direct,128994
24,0,87,direct,105218
24,0,88,direct,106520
24,0,89,direct,104537
24,0,90,direct,108353
24,0,91,direct,104818
24,0,92,direct,104547
24,0,93,direct,105488
24,0,94,direct,134432
24,0,95,direct,114903
24,0,96,direct,105920
24,0,97,direct,104647
24,0,98,direct,104587
24,0,99,direct,105890
24,0,100,direct,108634
24,0,101,direct,106200
24,0,102,direct,106390
24,0,103,direct,131458
24,0,104,direct,111137
24,0,105,direct,109555
24,0,106,direct,105128
24,0,107,direct,104547
24,0,108,direct,104687
24,0,109,direct,133912
24,0,110,direct,118909
24,0,111,direct,131698
24,0,112,direct,113721
24,0,113,direct,105328
24,0,114,direct,105088
24,0,115,direct,108574
24,0,116,direct,105248
24,0,117,direct,103866
24,0,118,direct,105789
24,0,119,direct,104127
24,0,120,direct,141793
24,0,121,direct,109906
24,0,122,direct,127462
24,0,123,direct,107782
24,0,124,direct,115554
24,0,125,direct,106661
24,0,126,direct,102374
24,0,127,direct,109775
24,1,0,deadpool,160231
24,1,1,deadpool,121192
24,1,2,deadpool,114582
24,1,3,deadpool,112109
24,1,4,deadpool,112049
24,1,5,deadpool,111878
24,1,6,deadpool,116675
24,1,7,deadpool,113020
24,1,8,deadpool,139750
24,1,9,deadpool,119449
24,1,10,deadpool,111868
24,1,11,deadpool,116085
24,1,12,deadpool,112799
24,1,13,deadpool,111708
24,1,14,deadpool,146230
24,1,15,deadpool,117277
24,1,16,deadpool,140772
24,1,17,deadpool,121363
24,1,18,deadpool,113531
24,1,19,deadpool,113000
24,1,20,deadpool,112379
24,1,21,deadpool,115564
24,1,22,deadpool,112679
24,1,23,deadpool,113220
24,1,24,deadpool,128443
24,1,25,deadpool,118569
24,1,26,deadpool,116094
24,1,27,deadpool,113511
24,1,28,deadpool,119369
24,1,29,deadpool,115023
24,1,30,deadpool,130876
24,1,31,deadpool,113731
24,1,32,deadpool,134062
24,1,33,deadpool,118739
24,1,34,deadpool,112188
24,1,35,deadpool,122854
24,1,36,deadpool,112519
24,1,37,deadpool,111218
24,1,38,deadpool,112810
24,1,39,deadpool,111527
24,1,40,deadpool,122334
24,1,41,deadpool,146841
24,1,42,deadpool,114683
24,1,43,deadpool,112849
24,1,44,deadpool,112409
24,1,45,deadpool,116545
24,1,46,deadpool,137186
24,1,47,deadpool,121492
24,1,48,deadpool,114122
24,1,49,deadpool,120542
24,1,50,deadpool,118468
24,1,51,deadpool,113301
24,1,52,deadpool,112379
24,1,53,deadpool,113060
24,1,54,deadpool,112869
24,1,55,deadpool,115914
24,1,56,deadpool,112840
24,1,57,deadpool,145829
24,1,58,deadpool,113671
24,1,59,deadpool,112889
24,1,60,deadpool,117376
24,1,61,deadpool,113501
24,1,62,deadpool,112319
24,1,63,deadpool,112720
24,1,64,deadpool,111708
24,1,65,deadpool,150887
24,1,66,deadpool,114442
24,1,67,deadpool,112449
24,1,68,deadpool,113661
24,1,69,deadpool,113812
24,1,70,deadpool,117907
24,1,71,deadpool,112719
24,1,72,deadpool,112159
24,1,73,deadpool,134543
24,1,74,deadpool,124287
24,1,75,deadpool,113481
24,1,76,deadpool,111828
24,1,77,deadpool,113591
24,1,78,deadpool,111838
24,1,79,deadpool,159229
24,1,80,deadpool,117106
24,1,81,deadpool,139820
24,1,82,deadpool,113721
24,1,83,deadpool,118389
24,1,84,deadpool,122374
24,1,85,deadpool,114663
24,1,86,deadpool,112440
24,1,87,deadpool,112059
24,1,88,deadpool,112279
24,1,89,deadpool,140722
24,1,90,deadpool,114953
24,1,91,deadpool,113501
24,1,92,deadpool,111849
24,1,93,deadpool,113171
24,1,94,deadpool,117286
24,1,95,deadpool,112860
24,1,96,deadpool,115303
24,1,97,deadpool,145168
24,1,98,deadpool,116976
24,1,99,deadpool,116315
24,1,100,deadpool,113811
24,1,101,deadpool,113741
24,1,102,deadpool,112519
24,1,103,deadpool,113210
24,1,104,deadpool,114963
24,1,105,deadpool,147272
24,1,106,deadpool,117076
24,1,107,deadpool,113431
24,1,108,deadpool,112689
24,1,109,deadpool,124648
24,1,110,deadpool,113470
24,1,111,deadpool,160021
24,1,112,deadpool,114653
24,1,113,deadpool,152089
24,1,114,deadpool,125418
24,1,115,deadpool,114152
24,1,116,deadpool,113270
24,1,117,deadpool,113450
24,1,118,deadpool,120852
24,1,119,deadpool,113621
24,1,120,deadpool,113601
24,1,121,deadpool,138609
24,1,122,deadpool,115513
24,1,123,deadpool,121143
24,1,124,deadpool,114192
24,1,125,deadpool,117747
24,1,126,deadpool,112018
24,1,127,deadpool,113050
25,0,0,deadpool,121954
25,0,1,deadpool,147993
25,0,2,deadpool,114062
25,0,3,deadpool,113141
25,0,4,deadpool,113371
25,0,5,deadpool,117587
25,0,6,deadpool,114512
25,0,7,deadpool,111067
25,0,8,deadpool,113070
25,0,9,deadpool,140221
25,0,10,deadpool,119860
25,0,11,deadpool,114422
25,0,12,deadpool,113420
25,0,13,deadpool,112730
25,0,14,deadpool,113221
25,0,15,deadpool,168383
25,0,16,deadpool,116005
25,0,17,deadpool,141673
25,0,18,deadpool,113781
25,0,19,deadpool,113110
25,0,20,deadpool,117056
25,0,21,deadpool,113611
25,0,22,deadpool,111828
25,0,23,deadpool,112559
25,0,24,deadpool,114623
25,0,25,deadpool,141963
25,0,26,deadpool,114121
25,0,27,deadpool,112910
25,0,28,deadpool,112138
25,0,29,deadpool,114332
25,0,30,deadpool,115694
25,0,31,deadpool,113520
25,0,32,deadpool,113561
25,0,33,deadpool,138909
25,0,34,deadpool,125339
25,0,35,deadpool,113581
25,0,36,deadpool,112639
25,0,37,deadpool,112329
25,0,38,deadpool,111668
25,0,39,deadpool,124287
25,0,40,deadpool,113942
25,0,41,deadpool,138739
25,0,42,deadpool,116235
25,0,43,deadpool,112479
25,0,44,deadpool,121513
25,0,45,deadpool,117247
25,0,46,deadpool,111288
25,0,47,deadpool,151277
25,0,48,deadpool,115934
25,0,49,deadpool,149214
25,0,50,deadpool,115403
25,0,51,deadpool,113721
25,0,52,deadpool,112619
25,0,53,deadpool,112750
25,0,54,deadpool,119440
25,0,55,deadpool,113300
25,0,56,deadpool,113731
25,0,57,deadpool,142234
25,0,58,deadpool,115574
25,0,59,deadpool,118839
25,0,60,deadpool,119089
25,0,61,deadpool,114242
25,0,62,deadpool,112970
25,0,63,deadpool,112119
25,0,64,deadpool,116766
25,0,65,deadpool,133621
25,0,66,deadpool,115123
25,0,67,deadpool,112219
25,0,68,deadpool,112819
25,0,69,deadpool,122284
25,0,70,deadpool,113520
25,0,71,deadpool,112149
25,0,72,deadpool,112870
25,0,73,deadpool,143676
25,0,74,deadpool,120060
25,0,75,deadpool,113501
25,0,76,deadpool,113331
25,0,77,deadpool,112890
25,0,78,deadpool,120772
25,0,79,deadpool,149956
25,0,80,deadpool,114423
25,0,81,deadpool,135133
25,0,82,deadpool,115514
25,0,83,deadpool,125629
25,0,84,deadpool,114562
25,0,85,deadpool,112889
25,0,86,deadpool,119500
25,0,87,deadpool,115164
25,0,88,deadpool,122724
25,0,89,deadpool,165128
25,0,90,deadpool,116455
25,0,91,deadpool,113981
25,0,92,deadpool,113961
25,0,93,deadpool,118198
25,0,94,deadpool,113440
25,0,95,deadpool,112689
25,0,96,deadpool,112439
25,0,97,deadpool,205309
25,0,98,deadpool,121452
25,0,99,deadpool,113231
25,0,100,deadpool,111738
25,0,101,deadpool,112179
25,0,102,deadpool,112479
25,0,103,deadpool,116395
25,0,104,deadpool,111577
25,0,105,deadpool,122163
25,0,106,deadpool,113952
25,0,107,deadpool,111978
25,0,108,deadpool,115454
25,0,109,deadpool,112499
25,0,110,deadpool,142524
25,0,111,deadpool,121032
25,0,112,deadpool,129404
25,0,113,deadpool,123095
25,0,114,deadpool,114462
25,0,115,deadpool,112990
25,0,116,deadpool,114622
25,0,117,deadpool,113531
25,0,118,deadpool,116135
25,0,119,deadpool,112299
25,0,120,deadpool,113450
25,0,121,deadpool,227167
25,0,122,deadpool,96715
25,0,123,deadpool,67201
25,0,124,deadpool,64647
25,0,125,deadpool,64217
25,0,126,deadpool,64558
25,0,127,deadpool,68764
25,1,0,direct,73691
25,1,1,direct,60521
25,1,2,direct,61733
25,1,3,direct,59820
25,1,4,direct,80511
25,1,5,direct,73911
25,1,6,direct,61032
25,1,7,direct,62353
25,1,8,direct,61082
25,1,9,direct,62253
25,1,10,direct,59760
25,1,11,direct,60160
25,1,12,direct,60882
25,1,13,direct,61783
25,1,14,direct,61032
25,1,15,direct,60271
25,1,16,direct,74232
25,1,17,direct,98769
25,1,18,direct,65378
25,1,19,direct,95013
25,1,20,direct,63785
25,1,21,direct,61042
25,1,22,direct,60361
25,1,23,direct,59299
25,1,24,direct,63616
25,1,25,direct,60381
25,1,26,direct,60882
25,1,27,direct,59720
25,1,28,direct,61082
25,1,29,direct,62574
25,1,30,direct,98048
25,1,31,direct,61623
25,1,32,direct,59760
25,1,33,direct,80411
25,1,34,direct,65459
25,1,35,direct,61002
25,1,36,direct,59980
25,1,37,direct,59179
25,1,38,direct,60991
25,1,39,direct,61964
25,1,40,direct,60000
25,1,41,direct,60812
25,1,42,direct,60080
25,1,43,direct,59449
25,1,44,direct,60761
25,1,45,direct,69665
25,1,46,direct,61232
25,1,47,direct,78198
25,1,48,direct,62093
25,1,49,direct,86501
25,1,50,direct,62383
25,1,51,direct,133140
25,1,52,direct,66920
25,1,53,direct,67922
25,1,54,direct,60140
25,1,55,direct,61573
25,1,56,direct,61082
25,1,57,direct,66289
25,1,58,direct,98999
25,1,59,direct,61953
25,1,60,direct,77968
25,1,61,direct,59470
25,1,62,direct,62404
25,1,63,direct,62414
25,1,64,direct,59900
25,1,65,direct,59951
25,1,66,direct,74001
25,1,67,direct,61512
25,1,68,direct,62414
25,1,69,direct,61032
25,1,70,direct,60130
25,1,71,direct,63275
25,1,72,direct,61282
25,1,73,direct,61623
25,1,74,direct,73120
25,1,75,direct,60531
25,1,76,direct,59529
25,1,77,direct,59520
25,1,78,direct,76836
25,1,79,direct,60611
25,1,80,direct,59840
25,1,81,direct,59840
25,1,82,direct,59850
25,1,83,direct,61433
25,1,84,direct,60521
25,1,85,direct,94392
25,1,86,direct,62434
25,1,87,direct,60230
25,1,88,direct,86760
25,1,89,direct,182675
25,1,90,direct,63976
25,1,91,direct,86490
25,1,92,direct,89214
25,1,93,direct,62854
25,1,94,direct,60320
25,1,95,direct,60641
25,1,96,direct,60521
25,1,97,direct,59920
25,1,98,direct,70125
25,1,99,direct,61412
25,1,100,direct,60631
25,1,101,direct,108513
25,1,102,direct,70135
25,1,103,direct,60391
25,1,104,direct,62203
25,1,105,direct,141112
25,1,106,direct,62284
25,1,107,direct,63396
25,1,108,direct,62504
25,1,109,direct,62044
25,1,110,direct,60952
25,1,111,direct,60661
25,1,112,direct,62324
25,1,113,direct,60892
25,1,114,direct,60341
25,1,115,direct,171458
25,1,116,direct,63966
25,1,117,direct,142845
25,1,118,direct,64046
25,1,119,direct,60511
25,1,120,direct,61212
25,1,121,direct,60631
25,1,122,direct,62394
25,1,123,direct,59931
25,1,124,direct,61232
25,1,125,direct,62114
25,1,126,direct,61382
25,1,127,direct,103516
26,0,0,direct,65980
26,0,1,direct,62184
26,0,2,direct,61052
26,0,3,direct,59980
26,0,4,direct,61572
26,0,5,direct,59339
26,0,6,direct,62224
26,0,7,direct,60752
26,0,8,direct,60892
26,0,9,direct,62424
26,0,10,direct,96696
26,0,11,direct,70646
26,0,12,direct,61372
26,0,13,direct,132129
26,0,14,direct,77206
26,0,15,direct,61793
26,0,16,direct,59770
26,0,17,direct,60331
26,0,18,direct,59980
26,0,19,direct,62373
26,0,20,direct,59970
26,0,21,direct,60061
26,0,22,direct,60291
26,0,23,direct,61392
26,0,24,direct,64397
26,0,25,direct,61883
26,0,26,direct,61242
26,0,27,direct,60691
26,0,28,direct,99240
26,0,29,direct,63245
26,0,30,direct,60551
26,0,31,direct,59950
26,0,32,direct,59820
26,0,33,direct,61993
26,0,34,direct,64798
26,0,35,direct,63586
26,0,36,direct,59990
26,0,37,direct,60311
26,0,38,direct,61442
26,0,39,direct,243166
26,0,40,direct,162374
26,0,41,direct,343277
26,0,42,direct,109424
26,0,43,direct,64997
26,0,44,direct,297197
26,0,45,direct,218013
26,0,46,direct,112329
26,0,47,direct,107471
26,0,48,direct,111899
26,0,49,direct,106780
26,0,50,direct,142103
26,0,51,direct,110186
26,0,52,direct,122855
26,0,53,direct,114833
26,0,54,direct,107401
26,0,55,direct,106430
26,0,56,direct,106310
26,0,57,direct,106611
26,0,58,direct,109625
26,0,59,direct,107682
26,0,60,direct,106350
26,0,61,direct,138959
26,0,62,direct,107742
26,0,63,direct,108743
26,0,64,direct,106160
26,0,65,direct,103856
26,0,66,direct,104938
26,0,67,direct,105559
26,0,68,direct,110186
26,0,69,direct,105930
26,0,70,direct,132359
26,0,71,direct,142485
26,0,72,direct,111738
26,0,73,direct,110286
26,0,74,direct,107582
26,0,75,direct,107492
26,0,76,direct,106561
26,0,77,direct,115594
26,0,78,direct,132539
26,0,79,direct,108213
26,0,80,direct,108143
26,0,81,direct,107021
26,0,82,direct,112960
26,0,83,direct,107001
26,0,84,direct,153751
26,0,85,direct,110957
26,0,86,direct,138749
26,0,87,direct,113100
26,0,88,direct,123506
26,0,89,direct,108633
26,0,90,direct,106871
26,0,91,direct,106921
26,0,92,direct,109735
26,0,93,direct,105609
26,0,94,direct,125859
26,0,95,direct,114462
26,0,96,direct,106420
26,0,97,direct,109404
26,0,98,direct,105719
26,0,99,direct,105449
26,0,100,direct,108063
26,0,101,direct,104567
26,0,102,direct,107561
26,0,103,direct,133340
26,0,104,direct,110576
26,0,105,direct,104928
26,0,106,direct,105318
26,0,107,direct,109595
26,0,108,direct,106830
26,0,109,direct,105749
26,0,110,direct,105018
26,0,111,direct,105419
26,0,112,direct,135784
26,0,113,direct,133111
26,0,114,direct,108543
26,0,115,direct,107071
26,0,116,direct,105498
26,0,117,direct,118989
26,0,118,direct,137366
26,0,119,direct,107232
26,0,120,direct,139650
26,0,121,direct,108453
26,0,122,direct,109985
26,0,123,direct,106560
26,0,124,direct,106641
26,0,125,direct,108433
26,0,126,direct,116746
26,0,127,direct,105970
26,1,0,deadpool,160782
26,1,1,deadpool,117707
26,1,2,deadpool,114633
26,1,3,deadpool,117496
26,1,4,deadpool,112970
26,1,5,deadpool,113931
26,1,6,deadpool,112670
26,1,7,deadpool,113932
26,1,8,deadpool,136836
26,1,9,deadpool,117056
26,1,10,deadpool,114152
26,1,11,deadpool,112439
26,1,12,deadpool,113210
26,1,13,deadpool,119340
26,1,14,deadpool,115794
26,1,15,deadpool,113811
26,1,16,deadpool,153922
26,1,17,deadpool,119160
26,1,18,deadpool,118248
26,1,19,deadpool,113511
26,1,20,deadpool,114642
26,1,21,deadpool,114212
26,1,22,deadpool,152830
26,1,23,deadpool,120351
26,1,24,deadpool,142915
26,1,25,deadpool,116555
26,1,26,deadpool,114623
26,1,27,deadpool,115765
26,1,28,deadpool,118679
26,1,29,deadpool,113491
26,1,30,deadpool,113941
26,1,31,deadpool,115714
26,1,32,deadpool,134051
26,1,33,deadpool,122244
26,1,34,deadpool,115073
26,1,35,deadpool,113220
26,1,36,deadpool,113090
26,1,37,deadpool,124488
26,1,38,deadpool,113721
26,1,39,deadpool,114091
26,1,40,deadpool,136766
26,1,41,deadpool,116875
26,1,42,deadpool,125879
26,1,43,deadpool,113651
26,1,44,deadpool,113641
26,1,45,deadpool,116756
26,1,46,deadpool,114592
26,1,47,deadpool,118559
26,1,48,deadpool,139940
26,1,49,deadpool,118228
26,1,50,deadpool,113901
26,1,51,deadpool,116114
26,1,52,deadpool,117887
26,1,53,deadpool,113972
26,1,54,deadpool,148954
26,1,55,deadpool,117597
26,1,56,deadpool,142234
26,1,57,deadpool,120591
26,1,58,deadpool,113711
26,1,59,deadpool,113401
26,1,60,deadpool,113841
26,1,61,deadpool,112859
26,1,62,deadpool,112710
26,1,63,deadpool,114021
26,1,64,deadpool,165329
26,1,65,deadpool,117507
26,1,66,deadpool,115273
26,1,67,deadpool,117366
26,1,68,deadpool,114773
26,1,69,deadpool,121232
26,1,70,deadpool,114082
26,1,71,deadpool,114322
26,1,72,deadpool,156105
26,1,73,deadpool,117186
26,1,74,deadpool,113921
26,1,75,deadpool,113341
26,1,76,deadpool,113220
26,1,77,deadpool,117346
26,1,78,deadpool,123546
26,1,79,deadpool,113871
26,1,80,deadpool,146460
26,1,81,deadpool,115213
26,1,82,deadpool,117647
26,1,83,deadpool,113371
26,1,84,deadpool,114272
26,1,85,deadpool,114081
26,1,86,deadpool,210467
26,1,87,deadpool,146851
26,1,88,deadpool,118949
26,1,89,deadpool,116295
26,1,90,deadpool,115544
26,1,91,deadpool,126901
26,1,92,deadpool,121563
26,1,93,deadpool,116645
26,1,94,deadpool,114342
26,1,95,deadpool,131748
26,1,96,deadpool,126030
26,1,97,deadpool,115373
26,1,98,deadpool,114552
26,1,99,deadpool,114923
26,1,100,deadpool,114081
26,1,101,deadpool,123566
26,1,102,deadpool,113871
26,1,103,deadpool,141363
26,1,104,deadpool,116135
26,1,105,deadpool,113691
26,1,106,deadpool,124017
26,1,107,deadpool,114562
26,1,108,deadpool,115684
26,1,109,deadpool,117807
26,1,110,deadpool,115694
26,1,111,deadpool,143375
26,1,112,deadpool,116695
26,1,113,deadpool,114372
26,1,114,deadpool,115905
26,1,115,deadpool,114251
26,1,116,deadpool,119270
26,1,117,deadpool,158057
26,1,118,deadpool,115373
26,1,119,deadpool,140572
26,1,120,deadpool,114903
26,1,121,deadpool,119700
26,1,122,deadpool,113451
26,1,123,deadpool,112970
26,1,124,deadpool,113591
26,1,125,deadpool,115223
26,1,126,deadpool,117918
26,1,127,deadpool,145899
27,0,0,deadpool,118448
27,0,1,deadpool,113370
27,0,2,deadpool,114322
27,0,3,deadpool,117306
27,0,4,deadpool,113601
27,0,5,deadpool,149415
27,0,6,deadpool,172820
27,0,7,deadpool,118929
27,0,8,deadpool,120311
27,0,9,deadpool,114141
27,0,10,deadpool,113802
27,0,11,deadpool,113531
27,0,12,deadpool,113591
27,0,13,deadpool,119710
27,0,14,deadpool,137267
27,0,15,deadpool,116536
27,0,16,deadpool,113431
27,0,17,deadpool,114091
27,0,18,deadpool,118318
27,0,19,deadpool,120261
27,0,20,deadpool,165990
27,0,21,deadpool,118698
27,0,22,deadpool,138939
27,0,23,deadpool,129315
27,0,24,deadpool,117306
27,0,25,deadpool,115674
27,0,26,deadpool,115143
27,0,27,deadpool,115104
27,0,28,deadpool,118378
27,0,29,deadpool,114272
27,0,30,deadpool,149264
27,0,31,deadpool,116195
27,0,32,deadpool,124077
27,0,33,deadpool,115804
27,0,34,deadpool,114272
27,0,35,deadpool,119439
27,0,36,deadpool,113621
27,0,37,deadpool,119099
27,0,38,deadpool,141182
27,0,39,deadpool,116335
27,0,40,deadpool,113451
27,0,41,deadpool,114261
27,0,42,deadpool,120271
27,0,43,deadpool,116926
27,0,44,deadpool,112530
27,0,45,deadpool,113171
27,0,46,deadpool,140462
27,0,47,deadpool,123025
27,0,48,deadpool,114001
27,0,49,deadpool,113210
27,0,50,deadpool,113641
27,0,51,deadpool,113080
27,0,52,deadpool,175675
27,0,53,deadpool,130867
27,0,54,deadpool,124478
27,0,55,deadpool,115704
27,0,56,deadpool,213511
27,0,57,deadpool,123716
27,0,58,deadpool,114592
27,0,59,deadpool,113951
27,0,60,deadpool,113451
27,0,61,deadpool,147762
27,0,62,deadpool,120110
27,0,63,deadpool,115464
27,0,64,deadpool,114342
27,0,65,deadpool,113170
27,0,66,deadpool,113481
27,0,67,deadpool,118889
27,0,68,deadpool,114212
27,0,69,deadpool,136114
27,0,70,deadpool,114612
27,0,71,deadpool,113260
27,0,72,deadpool,119009
27,0,73,deadpool,114362
27,0,74,deadpool,113030
27,0,75,deadpool,113711
27,0,76,deadpool,114983
27,0,77,deadpool,146200
27,0,78,deadpool,116275
27,0,79,deadpool,114983
27,0,80,deadpool,114022
27,0,81,deadpool,113841
27,0,82,deadpool,117236
27,0,83,deadpool,128043
27,0,84,deadpool,115895
27,0,85,deadpool,122355
27,0,86,deadpool,115103
27,0,87,deadpool,119550
27,0,88,deadpool,115113
27,0,89,deadpool,114041
27,0,90,deadpool,113912
27,0,91,deadpool,123035
27,0,92,deadpool,115534
27,0,93,deadpool,139740
27,0,94,deadpool,114182
27,0,95,deadpool,114001
27,0,96,deadpool,123346
27,0,97,deadpool,114742
27,0,98,deadpool,122865
27,0,99,deadpool,113761
27,0,100,deadpool,114292
27,0,101,deadpool,157196
27,0,102,deadpool,115354
27,0,103,deadpool,114452
27,0,104,deadpool,114792
27,0,105,deadpool,113511
27,0,106,deadpool,116635
27,0,107,deadpool,113521
27,0,108,deadpool,112559
27,0,109,deadpool,145509
27,0,110,deadpool,115023
27,0,111,deadpool,117717
27,0,112,deadpool,114032
27,0,113,deadpool,114322
27,0,114,deadpool,145379
27,0,115,deadpool,126530
27,0,116,deadpool,147142
27,0,117,deadpool,125018
27,0,118,deadpool,115564
27,0,119,deadpool,113250
27,0,120,deadpool,114482
27,0,121,deadpool,119390
27,0,122,deadpool,114402
27,0,123,deadpool,114933
27,0,124,deadpool,139109
27,0,125,deadpool,117767
27,0,126,deadpool,118178
27,0,127,deadpool,115344
27,1,0,direct,126090
27,1,1,direct,106320
27,1,2,direct,106209
27,1,3,direct,110897
27,1,4,direct,126510
27,1,5,direct,117637
27,1,6,direct,107111
27,1,7,direct,109285
27,1,8,direct,112019
27,1,9,direct,105429
27,1,10,direct,105048
27,1,11,direct,105298
27,1,12,direct,105169
27,1,13,direct,136466
27,1,14,direct,110246
27,1,15,direct,106360
27,1,16,direct,104908
27,1,17,direct,119790
27,1,18,direct,106180
27,1,19,direct,129405
27,1,20,direct,113681
27,1,21,direct,126741
27,1,22,direct,118348
27,1,23,direct,106981
27,1,24,direct,107531
27,1,25,direct,107551
27,1,26,direct,106440
27,1,27,direct,108383
27,1,28,direct,105419
27,1,29,direct,104938
27,1,30,direct,225149
27,1,31,direct,122755
27,1,32,direct,113040
27,1,33,direct,107272
27,1,34,direct,111918
27,1,35,direct,106690
27,1,36,direct,107241
27,1,37,direct,109565
27,1,38,direct,208884
27,1,39,direct,75553
27,1,40,direct,62894
27,1,41,direct,61312
27,1,42,direct,63907
27,1,43,direct,88353
27,1,44,direct,65549
27,1,45,direct,61592
27,1,46,direct,58027
27,1,47,direct,66691
27,1,48,direct,71708
27,1,49,direct,71057
27,1,50,direct,85178
27,1,51,direct,62273
27,1,52,direct,73420
27,1,53,direct,62484
27,1,54,direct,146621
27,1,55,direct,178328
27,1,56,direct,118809
27,1,57,direct,124537
27,1,58,direct,109915
27,1,59,direct,115884
27,1,60,direct,108653
27,1,61,direct,109054
27,1,62,direct,112179
27,1,63,direct,109114
27,1,64,direct,107422
27,1,65,direct,108102
27,1,66,direct,117146
27,1,67,direct,135564
27,1,68,direct,111748
27,1,69,direct,108433
27,1,70,direct,108263
27,1,71,direct,114953
27,1,72,direct,108263
27,1,73,direct,107172
27,1,74,direct,108043
27,1,75,direct,109305
27,1,76,direct,118959
27,1,77,direct,108042
27,1,78,direct,109094
27,1,79,direct,108003
27,1,80,direct,108553
27,1,81,direct,112819
27,1,82,direct,107893
27,1,83,direct,107382
27,1,84,direct,135364
27,1,85,direct,111338
27,1,86,direct,110977
27,1,87,direct,106740
27,1,88,direct,108713
27,1,89,direct,107161
27,1,90,direct,138668
27,1,91,direct,114823
27,1,92,direct,134272
27,1,93,direct,112530
27,1,94,direct,106330
27,1,95,direct,107703
27,1,96,direct,110746
27,1,97,direct,109164
27,1,98,direct,107652
27,1,99,direct,106780
27,1,100,direct,106420
27,1,101,direct,140942
27,1,102,direct,108954
27,1,103,direct,106570
27,1,104,direct,107422
27,1,105,direct,108203
27,1,106,direct,110125
27,1,107,direct,106690
27,1,108,direct,106891
27,1,109,direct,129575
27,1,110,direct,114272
27,1,111,direct,110416
27,1,112,direct,106390
27,1,113,direct,106711
27,1,114,direct,106451
27,1,115,direct,107021
27,1,116,direct,110226
27,1,117,direct,111878
27,1,118,direct,134983
27,1,119,direct,107452
27,1,120,direct,117177
27,1,121,direct,107572
27,1,122,direct,105959
27,1,123,direct,106150
27,1,124,direct,139180
27,1,125,direct,115364
27,1,126,direct,139570
27,1,127,direct,113200
28,0,0,direct,109945
28,0,1,direct,106941
28,0,2,direct,109915
28,0,3,direct,106680
28,0,4,direct,106139
28,0,5,direct,105819
28,0,6,direct,105399
28,0,7,direct,142134
28,0,8,direct,108173
28,0,9,direct,106761
28,0,10,direct,106971
28,0,11,direct,107372
28,0,12,direct,118338
28,0,13,direct,114482
28,0,14,direct,113221
28,0,15,direct,129665
28,0,16,direct,109535
28,0,17,direct,110977
28,0,18,direct,107322
28,0,19,direct,107682
28,0,20,direct,106580
28,0,21,direct,106090
28,0,22,direct,111047
28,0,23,direct,107352
28,0,24,direct,133450
28,0,25,direct,106991
28,0,26,direct,107081
28,0,27,direct,108904
28,0,28,direct,105829
28,0,29,direct,105499
28,0,30,direct,143146
28,0,31,direct,111187
28,0,32,direct,135644
28,0,33,direct,110286
28,0,34,direct,106400
28,0,35,direct,107411
28,0,36,direct,107041
28,0,37,direct,112118
28,0,38,direct,107862
28,0,39,direct,106590
28,0,40,direct,107531
28,0,41,direct,144768
28,0,42,direct,109775
28,0,43,direct,107141
28,0,44,direct,107722
28,0,45,direct,107241
28,0,46,direct,111718
28,0,47,direct,106590
28,0,48,direct,106120
28,0,49,direct,130477
28,0,50,direct,111488
28,0,51,direct,110556
28,0,52,direct,106260
28,0,53,direct,109565
28,0,54,direct,105799
28,0,55,direct,106391
28,0,56,direct,110136
28,0,57,direct,107591
28,0,58,direct,128213
28,0,59,direct,108413
28,0,60,direct,106310
28,0,61,direct,111328
28,0,62,direct,107211
28,0,63,direct,106621
28,0,64,direct,151187
28,0,65,direct,116675
28,0,66,direct,135313
28,0,67,direct,109404
28,0,68,direct,107521
28,0,69,direct,106761
28,0,70,direct,106731
28,0,71,direct,110286
28,0,72,direct,108363
28,0,73,direct,109084
28,0,74,direct,106390
28,0,75,direct,143135
28,0,76,direct,111828
28,0,77,direct,110676
28,0,78,direct,106039
28,0,79,direct,107121
28,0,80,direct,106591
28,0,81,direct,109324
28,0,82,direct,106580
28,0,83,direct,129565
28,0,84,direct,113421
28,0,85,direct,108394
28,0,86,direct,110557
28,0,87,direct,107973
28,0,88,direct,106450
28,0,89,direct,106560
28,0,90,direct,119781
28,0,91,direct,107531
28,0,92,direct,129124
28,0,93,direct,106821
28,0,94,direct,106050
28,0,95,direct,118068
28,0,96,direct,109655
28,0,97,direct,113631
28,0,98,direct,150897
28,0,99,direct,110266
28,0,100,direct,132029
28,0,101,direct,108673
28,0,102,direct,107281
28,0,103,direct,106720
28,0,104,direct,106740
28,0,105,direct,110336
28,0,106,direct,107101
28,0,107,direct,107522
28,0,108,direct,106801
28,0,109,direct,144868
28,0,110,direct,112769
28,0,111,direct,108543
28,0,112,direct,108563
28,0,113,direct,109104
28,0,114,direct,107351
28,0,115,direct,109355
28,0,116,direct,106871
28,0,117,direct,131889
28,0,118,direct,114893
28,0,119,direct,108263
28,0,120,direct,111408
28,0,121,direct,110947
28,0,122,direct,106820
28,0,123,direct,106129
28,0,124,direct,105949
28,0,125,direct,110696
28,0,126,direct,128523
28,0,127,direct,106991
28,1,0,deadpool,146640
28,1,1,deadpool,116616
28,1,2,deadpool,126230
28,1,3,deadpool,154632
28,1,4,deadpool,120712
28,1,5,deadpool,142344
28,1,6,deadpool,127962
28,1,7,deadpool,118037
28,1,8,deadpool,115704
28,1,9,deadpool,116075
28,1,10,deadpool,116746
28,1,11,deadpool,124287
28,1,12,deadpool,116145
28,1,13,deadpool,141723
28,1,14,deadpool,116395
28,1,15,deadpool,115194
28,1,16,deadpool,120471
28,1,17,deadpool,114662
28,1,18,deadpool,116255
28,1,19,deadpool,115314
28,1,20,deadpool,114121
28,1,21,deadpool,145299
28,1,22,deadpool,116465
28,1,23,deadpool,114653
28,1,24,deadpool,113621
28,1,25,deadpool,115614
28,1,26,deadpool,119209
28,1,27,deadpool,113692
28,1,28,deadpool,113591
28,1,29,deadpool,138428
28,1,30,deadpool,117016
28,1,31,deadpool,121122
28,1,32,deadpool,114232
28,1,33,deadpool,113961
28,1,34,deadpool,114322
28,1,35,deadpool,167822
28,1,36,deadpool,121113
28,1,37,deadpool,156485
28,1,38,deadpool,116275
28,1,39,deadpool,113942
28,1,40,deadpool,114122
28,1,41,deadpool,117838
28,1,42,deadpool,115524
28,1,43,deadpool,114462
28,1,44,deadpool,114713
28,1,45,deadpool,148974
28,1,46,deadpool,120271
28,1,47,deadpool,113842
28,1,48,deadpool,113581
28,1,49,deadpool,114933
28,1,50,deadpool,123215
28,1,51,deadpool,121002
28,1,52,deadpool,138077
28,1,53,deadpool,122254
28,1,54,deadpool,115053
28,1,55,deadpool,114102
28,1,56,deadpool,119599
28,1,57,deadpool,113971
28,1,58,deadpool,112820
28,1,59,deadpool,113431
28,1,60,deadpool,113751
28,1,61,deadpool,124748
28,1,62,deadpool,115764
28,1,63,deadpool,114372
28,1,64,deadpool,113441
28,1,65,deadpool,124357
28,1,66,deadpool,154533
28,1,67,deadpool,121493
28,1,68,deadpool,140161
28,1,69,deadpool,117757
28,1,70,deadpool,126310
28,1,71,deadpool,121143
28,1,72,deadpool,113721
28,1,73,deadpool,113842
28,1,74,deadpool,114503
28,1,75,deadpool,122384
28,1,76,deadpool,150857
28,1,77,deadpool,118668
28,1,78,deadpool,114463
28,1,79,deadpool,113761
28,1,80,deadpool,119419
28,1,81,deadpool,113861
28,1,82,deadpool,120882
28,1,83,deadpool,113301
28,1,84,deadpool,134813
28,1,85,deadpool,120361
28,1,86,deadpool,114403
28,1,87,deadpool,113531
28,1,88,deadpool,118068
28,1,89,deadpool,114102
28,1,90,deadpool,117928
28,1,91,deadpool,115503
28,1,92,deadpool,141303
28,1,93,deadpool,117677
28,1,94,deadpool,122014
28,1,95,deadpool,117847
28,1,96,deadpool,113641
28,1,97,deadpool,114232
28,1,98,deadpool,149084
28,1,99,deadpool,115563
28,1,100,deadpool,150487
28,1,101,deadpool,116906
28,1,102,deadpool,113180
28,1,103,deadpool,114202
28,1,104,deadpool,113791
28,1,105,deadpool,118157
28,1,106,deadpool,119911
28,1,107,deadpool,113631
28,1,108,deadpool,138388
28,1,109,deadpool,125899
28,1,110,deadpool,115344
28,1,111,deadpool,114913
28,1,112,deadpool,113070
28,1,113,deadpool,113641
28,1,114,deadpool,122554
28,1,115,deadpool,116245
28,1,116,deadpool,157857
28,1,117,deadpool,116635
28,1,118,deadpool,115073
28,1,119,deadpool,125710
28,1,120,deadpool,115244
28,1,121,deadpool,114382
28,1,122,deadpool,113701
28,1,123,deadpool,115233
28,1,124,deadpool,144738
28,1,125,deadpool,115304
28,1,126,deadpool,115563
28,1,127,deadpool,113761
29,0,0,deadpool,115363
29,0,1,deadpool,148624
29,0,2,deadpool,131047
29,0,3,deadpool,137306
29,0,4,deadpool,120171
29,0,5,deadpool,115023
29,0,6,deadpool,117306
29,0,7,deadpool,115314
29,0,8,deadpool,114051
29,0,9,deadpool,113150
29,0,10,deadpool,112449
29,0,11,deadpool,117216
29,0,12,deadpool,122634
29,0,13,deadpool,116315
29,0,14,deadpool,114592
29,0,15,deadpool,113100
29,0,16,deadpool,117066
29,0,17,deadpool,112570
29,0,18,deadpool,112329
29,0,19,deadpool,113981
29,0,20,deadpool,157547
29,0,21,deadpool,118599
29,0,22,deadpool,115834
29,0,23,deadpool,114302
29,0,24,deadpool,116705
29,0,25,deadpool,123306
29,0,26,deadpool,115043
29,0,27,deadpool,135403
29,0,28,deadpool,124387
29,0,29,deadpool,112629
29,0,30,deadpool,124998
29,0,31,deadpool,115123
29,0,32,deadpool,112740
29,0,33,deadpool,150056
29,0,34,deadpool,119359
29,0,35,deadpool,145979
29,0,36,deadpool,118188
29,0,37,deadpool,115083
29,0,38,deadpool,113971
29,0,39,deadpool,115033
29,0,40,deadpool,117948
29,0,41,deadpool,113711
29,0,42,deadpool,113852
29,0,43,deadpool,143957
29,0,44,deadpool,117217
29,0,45,deadpool,118318
29,0,46,deadpool,114352
29,0,47,deadpool,113922
29,0,48,deadpool,113982
29,0,49,deadpool,115133
29,0,50,deadpool,117416
29,0,51,deadpool,146651
29,0,52,deadpool,119119
29,0,53,deadpool,113490
29,0,54,deadpool,114352
29,0,55,deadpool,117376
29,0,56,deadpool,118068
29,0,57,deadpool,117206
29,0,58,deadpool,127231
29,0,59,deadpool,147271
29,0,60,deadpool,120592
29,0,61,deadpool,114622
29,0,62,deadpool,113771
29,0,63,deadpool,113841
29,0,64,deadpool,116705
29,0,65,deadpool,159039
29,0,66,deadpool,115744
29,0,67,deadpool,139840
29,0,68,deadpool,116355
29,0,69,deadpool,124438
29,0,70,deadpool,114753
29,0,71,deadpool,114492
29,0,72,deadpool,113771
29,0,73,deadpool,113351
29,0,74,deadpool,126660
29,0,75,deadpool,136014
29,0,76,deadpool,114643
29,0,77,deadpool,113320
29,0,78,deadpool,113010
29,0,79,deadpool,123987
29,0,80,deadpool,125028
29,0,81,deadpool,114732
29,0,82,deadpool,113150
29,0,83,deadpool,141653
29,0,84,deadpool,120011
29,0,85,deadpool,113911
29,0,86,deadpool,113080
29,0,87,deadpool,113550
29,0,88,deadpool,114262
29,0,89,deadpool,118098
29,0,90,deadpool,114272
29,0,91,deadpool,146941
29,0,92,deadpool,115774
29,0,93,deadpool,113451
29,0,94,deadpool,119590
29,0,95,deadpool,113160
29,0,96,deadpool,113801
29,0,97,deadpool,167752
29,0,98,deadpool,116325
29,0,99,deadpool,125859
29,0,100,deadpool,114862
29,0,101,deadpool,114132
29,0,102,deadpool,113060
29,0,103,deadpool,113771
29,0,104,deadpool,124607
29,0,105,deadpool,115955
29,0,106,deadpool,113651
29,0,107,deadpool,121743
29,0,108,deadpool,114102
29,0,109,deadpool,117226
29,0,110,deadpool,113000
29,0,111,deadpool,114322
29,0,112,deadpool,114151
29,0,113,deadpool,122935
29,0,114,deadpool,115244
29,0,115,deadpool,151427
29,0,116,deadpool,115654
29,0,117,deadpool,112799
29,0,118,deadpool,124518
29,0,119,deadpool,115534
29,0,120,deadpool,115253
29,0,121,deadpool,122214
29,0,122,deadpool,113480
29,0,123,deadpool,150376
29,0,124,deadpool,114502
29,0,125,deadpool,114022
29,0,126,deadpool,113050
29,0,127,deadpool,113140
29,1,0,direct,163596
29,1,1,direct,114152
29,1,2,direct,130426
29,1,3,direct,111859
29,1,4,direct,107031
29,1,5,direct,110536
29,1,6,direct,106510
29,1,7,direct,106340
29,1,8,direct,105869
29,1,9,direct,106711
29,1,10,direct,108864
29,1,11,direct,131888
29,1,12,direct,107422
29,1,13,direct,105098
29,1,14,direct,105629
29,1,15,direct,110617
29,1,16,direct,105469
29,1,17,direct,110546
29,1,18,direct,106240
29,1,19,direct,105629
29,1,20,direct,149185
29,1,21,direct,106991
29,1,22,direct,105408
29,1,23,direct,105969
29,1,24,direct,107532
29,1,25,direct,110537
29,1,26,direct,106370
29,1,27,direct,105639
29,1,28,direct,124877
29,1,29,direct,110876
29,1,30,direct,109264
29,1,31,direct,106951
29,1,32,direct,106140
29,1,33,direct,105159
29,1,34,direct,141623
29,1,35,direct,119049
29,1,36,direct,127511
29,1,37,direct,117427
29,1,38,direct,106590
29,1,39,direct,108413
29,1,40,direct,111057
29,1,41,direct,105159
29,1,42,direct,105569
29,1,43,direct,105359
29,1,44,direct,114993
29,1,45,direct,127171
29,1,46,direct,114762
29,1,47,direct,108393
29,1,48,direct,107101
29,1,49,direct,109415
29,1,50,direct,105418
29,1,51,direct,105409
29,1,52,direct,106640
29,1,53,direct,107182
29,1,54,direct,179781
29,1,55,direct,125078
29,1,56,direct,109074
29,1,57,direct,106630
29,1,58,direct,105829
29,1,59,direct,109444
29,1,60,direct,107151
29,1,61,direct,106440
29,1,62,direct,134903
29,1,63,direct,107131
29,1,64,direct,109495
29,1,65,direct,107191
29,1,66,direct,106250
29,1,67,direct,105318
29,1,68,direct,145229
29,1,69,direct,111778
29,1,70,direct,134823
29,1,71,direct,108343
29,1,72,direct,105739
29,1,73,direct,106300
29,1,74,direct,109705
29,1,75,direct,104748
29,1,76,direct,105258
29,1,77,direct,105498
29,1,78,direct,105228
29,1,79,direct,135534
29,1,80,direct,105979
29,1,81,direct,105348
29,1,82,direct,105399
29,1,83,direct,105249
29,1,84,direct,109004
29,1,85,direct,106501
29,1,86,direct,105238
29,1,87,direct,124587
29,1,88,direct,113851
29,1,89,direct,110486
29,1,90,direct,106160
29,1,91,direct,104988
29,1,92,direct,105628
29,1,93,direct,115343
29,1,94,direct,107101
29,1,95,direct,106129
29,1,96,direct,145349
29,1,97,direct,110456
29,1,98,direct,111948
29,1,99,direct,105038
29,1,100,direct,111017
29,1,101,direct,105969
29,1,102,direct,147772
29,1,103,direct,114952
29,1,104,direct,131007
29,1,105,direct,110165
29,1,106,direct,105899
29,1,107,direct,104427
29,1,108,direct,112720
29,1,109,direct,104967
29,1,110,direct,105779
29,1,111,direct,105249
29,1,112,direct,105198
29,1,113,direct,140862
29,1,114,direct,108323
29,1,115,direct,106751
29,1,116,direct,105078
29,1,117,direct,105338
29,1,118,direct,115173
29,1,119,direct,108503
29,1,120,direct,107052
29,1,121,direct,106410
29,1,122,direct,114332
29,1,123,direct,109896
29,1,124,direct,105309
29,1,125,direct,105479
29,1,126,direct,106180
29,1,127,direct,105198
30,0,0,direct,109595
30,0,1,direct,104737
30,0,2,direct,124387
30,0,3,direct,115674
30,0,4,direct,106040
30,0,5,direct,109244
30,0,6,direct,105679
30,0,7,direct,106000
30,0,8,direct,105459
30,0,9,direct,112359
30,0,10,direct,110166
30,0,11,direct,134592
30,0,12,direct,106651
30,0,13,direct,106260
30,0,14,direct,105519
30,0,15,direct,109705
30,0,16,direct,106260
30,0,17,direct,105479
30,0,18,direct,105809
30,0,19,direct,138658
30,0,20,direct,112329
30,0,21,direct,105729
30,0,22,direct,104948
30,0,23,direct,105980
30,0,24,direct,110636
30,0,25,direct,105629
30,0,26,direct,104818
30,0,27,direct,106931
30,0,28,direct,124828
30,0,29,direct,112900
30,0,30,direct,106090
30,0,31,direct,105569
30,0,32,direct,104507
30,0,33,direct,105879
30,0,34,direct,109575
30,0,35,direct,105158
30,0,36,direct,106561
30,0,37,direct,130396
30,0,38,direct,105279
30,0,39,direct,108804
30,0,40,direct,104597
30,0,41,direct,103575
30,0,42,direct,104417
30,0,43,direct,297989
30,0,44,direct,151738
30,0,45,direct,110937
30,0,46,direct,107803
30,0,47,direct,107812
30,0,48,direct,105979
30,0,49,direct,109795
30,0,50,direct,106330
30,0,51,direct,109515
30,0,52,direct,128934
30,0,53,direct,112299
30,0,54,direct,108934
30,0,55,direct,106179
30,0,56,direct,106670
30,0,57,direct,108123
30,0,58,direct,106901
30,0,59,direct,110066
30,0,60,direct,106810
30,0,61,direct,138618
30,0,62,direct,109645
30,0,63,direct,105969
30,0,64,direct,110346
30,0,65,direct,107212
30,0,66,direct,105589
30,0,67,direct,108043
30,0,68,direct,114933
30,0,69,direct,106821
30,0,70,direct,138678
30,0,71,direct,108303
30,0,72,direct,112699
30,0,73,direct,113781
30,0,74,direct,106140
30,0,75,direct,112800
30,0,76,direct,149905
30,0,77,direct,106881
30,0,78,direct,152059
30,0,79,direct,106450
30,0,80,direct,106179
30,0,81,direct,104918
30,0,82,direct,105609
30,0,83,direct,108914
30,0,84,direct,106010
30,0,85,direct,105238
30,0,86,direct,136876
30,0,87,direct,111869
30,0,88,direct,110957
30,0,89,direct,106290
30,0,90,direct,104798
30,0,91,direct,105909
30,0,92,direct,105448
30,0,93,direct,109424
30,0,94,direct,105098
30,0,95,direct,130266
30,0,96,direct,106810
30,0,97,direct,107031
30,0,98,direct,109334
30,0,99,direct,105007
30,0,100,direct,104948
30,0,101,direct,104437
30,0,102,direct,105169
30,0,103,direct,109104
30,0,104,direct,132249
30,0,105,direct,106410
30,0,106,direct,106941
30,0,107,direct,104788
30,0,108,direct,109495
30,0,109,direct,105028
30,0,110,direct,140992
30,0,111,direct,107431
30,0,112,direct,147872
30,0,113,direct,111638
30,0,114,direct,106320
30,0,115,direct,105408
30,0,116,direct,107461
30,0,117,direct,113811
30,0,118,direct,106009
30,0,119,direct,105498
30,0,120,direct,106910
30,0,121,direct,127622
30,0,122,direct,116996
30,0,123,direct,105559
30,0,124,direct,106250
30,0,125,direct,105319
30,0,126,direct,104918
30,0,127,direct,109785
30,1,0,deadpool,139210
30,1,1,deadpool,149205
30,1,2,deadpool,116195
30,1,3,deadpool,113941
30,1,4,deadpool,118879
30,1,5,deadpool,115473
30,1,6,deadpool,113952
30,1,7,deadpool,113781
30,1,8,deadpool,112799
30,1,9,deadpool,143135
30,1,10,deadpool,115564
30,1,11,deadpool,113480
30,1,12,deadpool,114352
30,1,13,deadpool,119710
30,1,14,deadpool,117537
30,1,15,deadpool,159340
30,1,16,deadpool,116215
30,1,17,deadpool,145148
30,1,18,deadpool,114462
30,1,19,deadpool,118358
30,1,20,deadpool,114102
30,1,21,deadpool,115173
30,1,22,deadpool,114061
30,1,23,deadpool,112610
30,1,24,deadpool,118328
30,1,25,deadpool,145770
30,1,26,deadpool,114803
30,1,27,deadpool,113530
30,1,28,deadpool,124778
30,1,29,deadpool,115023
30,1,30,deadpool,120501
30,1,31,deadpool,114342
30,1,32,deadpool,112549
30,1,33,deadpool,157127
30,1,34,deadpool,114853
30,1,35,deadpool,113500
30,1,36,deadpool,112920
30,1,37,deadpool,117587
30,1,38,deadpool,123526
30,1,39,deadpool,113461
30,1,40,deadpool,114062
30,1,41,deadpool,169064
30,1,42,deadpool,115143
30,1,43,deadpool,118489
30,1,44,deadpool,113922
30,1,45,deadpool,113410
30,1,46,deadpool,174873
30,1,47,deadpool,122124
30,1,48,deadpool,143706
30,1,49,deadpool,116325
30,1,50,deadpool,114953
30,1,51,deadpool,114352
30,1,52,deadpool,114853
30,1,53,deadpool,121833
30,1,54,deadpool,115854
30,1,55,deadpool,113942
30,1,56,deadpool,146060
30,1,57,deadpool,116595
30,1,58,deadpool,118328
30,1,59,deadpool,114403
30,1,60,deadpool,114192
30,1,61,deadpool,114111
30,1,62,deadpool,113651
30,1,63,deadpool,118458
30,1,64,deadpool,157377
30,1,65,deadpool,116134
30,1,66,deadpool,114042
30,1,67,deadpool,112249
30,1,68,deadpool,118058
30,1,69,deadpool,114733
30,1,70,deadpool,114101
30,1,71,deadpool,114433
30,1,72,deadpool,151759
30,1,73,deadpool,117236
30,1,74,deadpool,114322
30,1,75,deadpool,113851
30,1,76,deadpool,114001
30,1,77,deadpool,122975
30,1,78,deadpool,150766
30,1,79,deadpool,115063
30,1,80,deadpool,149815
30,1,81,deadpool,114772
30,1,82,deadpool,125098
30,1,83,deadpool,114132
30,1,84,deadpool,112730
30,1,85,deadpool,112890
30,1,86,deadpool,114062
30,1,87,deadpool,117777
30,1,88,deadpool,159090
30,1,89,deadpool,114342
30,1,90,deadpool,112740
30,1,91,deadpool,113751
30,1,92,deadpool,118048
30,1,93,deadpool,113480
30,1,94,deadpool,112930
30,1,95,deadpool,113921
30,1,96,deadpool,140802
30,1,97,deadpool,118999
30,1,98,deadpool,114131
30,1,99,deadpool,113040
30,1,100,deadpool,117637
30,1,101,deadpool,113211
30,1,102,deadpool,116976
30,1,103,deadpool,114252
30,1,104,deadpool,151488
30,1,105,deadpool,115294
30,1,106,deadpool,114452
30,1,107,deadpool,118218
30,1,108,deadpool,112970
30,1,109,deadpool,153581
30,1,110,deadpool,121122
30,1,111,deadpool,129625
30,1,112,deadpool,127893
30,1,113,deadpool,114031
30,1,114,deadpool,113391
30,1,115,deadpool,113891
30,1,116,deadpool,126320
30,1,117,deadpool,116115
30,1,118,deadpool,115894
30,1,119,deadpool,125659
30,1,120,deadpool,123796
30,1,121,deadpool,123796
30,1,122,deadpool,114192
30,1,123,deadpool,113451
30,1,124,deadpool,113611
30,1,125,deadpool,113882
30,1,126,deadpool,123846
30,1,127,deadpool,113721
31,0,0,deadpool,123475
31,0,1,deadpool,115504
31,0,2,deadpool,113952
31,0,3,deadpool,117557
31,0,4,deadpool,113120
31,0,5,deadpool,112229
31,0,6,deadpool,112499
31,0,7,deadpool,113381
31,0,8,deadpool,136275
31,0,9,deadpool,114933
31,0,10,deadpool,113440
31,0,11,deadpool,114522
31,0,12,deadpool,113791
31,0,13,deadpool,139771
31,0,14,deadpool,131157
31,0,15,deadpool,145850
31,0,16,deadpool,121653
31,0,17,deadpool,113451
31,0,18,deadpool,117417
31,0,19,deadpool,112620
31,0,20,deadpool,112940
31,0,21,deadpool,114212
31,0,22,deadpool,117557
31,0,23,deadpool,144317
31,0,24,deadpool,119630
31,0,25,deadpool,115905
31,0,26,deadpool,114022
31,0,27,deadpool,113330
31,0,28,deadpool,115844
31,0,29,deadpool,113661
31,0,30,deadpool,113722
31,0,31,deadpool,114623
31,0,32,deadpool,130637
31,0,33,deadpool,115925
31,0,34,deadpool,114993
31,0,35,deadpool,113330
31,0,36,deadpool,113971
31,0,37,deadpool,122234
31,0,38,deadpool,114292
31,0,39,deadpool,113120
31,0,40,deadpool,136064
31,0,41,deadpool,114853
31,0,42,deadpool,122765
31,0,43,deadpool,114712
31,0,44,deadpool,114452
31,0,45,deadpool,146640
31,0,46,deadpool,130987
31,0,47,deadpool,158849
31,0,48,deadpool,119540
31,0,49,deadpool,113550
31,0,50,deadpool,114172
31,0,51,deadpool,116285
31,0,52,deadpool,117617
31,0,53,deadpool,111909
31,0,54,deadpool,113081
31,0,55,deadpool,144648
31,0,56,deadpool,118188
31,0,57,deadpool,117967
31,0,58,deadpool,115264
31,0,59,deadpool,113091
31,0,60,deadpool,112680
31,0,61,deadpool,122534
31,0,62,deadpool,118188
31,0,63,deadpool,139400
31,0,64,deadpool,115664
31,0,65,deadpool,114222
31,0,66,deadpool,114362
31,0,67,deadpool,117918
31,0,68,deadpool,117416
31,0,69,deadpool,114603
31,0,70,deadpool,113531
31,0,71,deadpool,135604
31,0,72,deadpool,120802
31,0,73,deadpool,113070
31,0,74,deadpool,113891
31,0,75,deadpool,119680
31,0,76,deadpool,121402
31,0,77,deadpool,163205
31,0,78,deadpool,119199
31,0,79,deadpool,147542
31,0,80,deadpool,114722
31,0,81,deadpool,122374
31,0,82,deadpool,113831
31,0,83,deadpool,113781
31,0,84,deadpool,112830
31,0,85,deadpool,114422
31,0,86,deadpool,124447
31,0,87,deadpool,139260
31,0,88,deadpool,117026
31,0,89,deadpool,115094
31,0,90,deadpool,113221
31,0,91,deadpool,117437
31,0,92,deadpool,114813
31,0,93,deadpool,114282
31,0,94,deadpool,114072
31,0,95,deadpool,131848
31,0,96,deadpool,119600
31,0,97,deadpool,114092
31,0,98,deadpool,113501
31,0,99,deadpool,113211
31,0,100,deadpool,113791
31,0,101,deadpool,117476
31,0,102,deadpool,112860
31,0,103,deadpool,143386
31,0,104,deadpool,118078
31,0,105,deadpool,113841
31,0,106,deadpool,116986
31,0,107,deadpool,113451
31,0,108,deadpool,113611
31,0,109,deadpool,160923
31,0,110,deadpool,120422
31,0,111,deadpool,145939
31,0,112,deadpool,115544
31,0,113,deadpool,113451
31,0,114,deadpool,113290
31,0,115,deadpool,113000
31,0,116,deadpool,116255
31,0,117,deadpool,113621
31,0,118,deadpool,113150
31,0,119,deadpool,138168
31,0,120,deadpool,126871
31,0,121,deadpool,114101
31,0,122,deadpool,116255
31,0,123,deadpool,114452
31,0,124,deadpool,113100
31,0,125,deadpool,125609
31,0,126,deadpool,113721
31,0,127,deadpool,137557
31,1,0,direct,128794
31,1,1,direct,107111
31,1,2,direct,120761
31,1,3,direct,107612
31,1,4,direct,105088
31,1,5,direct,106030
31,1,6,direct,106751
31,1,7,direct,129034
31,1,8,direct,112429
31,1,9,direct,106430
31,1,10,direct,104357
31,1,11,direct,103926
31,1,12,direct,109655
31,1,13,direct,113971
31,1,14,direct,159640
31,1,15,direct,107161
31,1,16,direct,139580
31,1,17,direct,110186
31,1,18,direct,105769
31,1,19,direct,106801
31,1,20,direct,105359
31,1,21,direct,105349
31,1,22,direct,110116
31,1,23,direct,105779
31,1,24,direct,143776
31,1,25,direct,111688
31,1,26,direct,106330
31,1,27,direct,110636
31,1,28,direct,106340
31,1,29,direct,105278
31,1,30,direct,105518
31,1,31,direct,106179
31,1,32,direct,115633
31,1,33,direct,126350
31,1,34,direct,107993
31,1,35,direct,106100
31,1,36,direct,106490
31,1,37,direct,108664
31,1,38,direct,105689
31,1,39,direct,105608
31,1,40,direct,106239
31,1,41,direct,105458
31,1,42,direct,117267
31,1,43,direct,106461
31,1,44,direct,104788
31,1,45,direct,104908
31,1,46,direct,105258
31,1,47,direct,110115
31,1,48,direct,153941
31,1,49,direct,107231
31,1,50,direct,131929
31,1,51,direct,116485
31,1,52,direct,106330
31,1,53,direct,104878
31,1,54,direct,106430
31,1,55,direct,105299
31,1,56,direct,109134
31,1,57,direct,106119
31,1,58,direct,105218
31,1,59,direct,154131
31,1,60,direct,105448
31,1,61,direct,109945
31,1,62,direct,105109
31,1,63,direct,105168
31,1,64,direct,104928
31,1,65,direct,105389
31,1,66,direct,110076
31,1,67,direct,129925
31,1,68,direct,108744
31,1,69,direct,105389
31,1,70,direct,106671
31,1,71,direct,109084
31,1,72,direct,106200
31,1,73,direct,104928
31,1,74,direct,105339
31,1,75,direct,105609
31,1,76,direct,137417
31,1,77,direct,106210
31,1,78,direct,106590
31,1,79,direct,106420
31,1,80,direct,104878
31,1,81,direct,109976
31,1,82,direct,138228
31,1,83,direct,109454
31,1,84,direct,129815
31,1,85,direct,109956
31,1,86,direct,111087
31,1,87,direct,107121
31,1,88,direct,110797
31,1,89,direct,112930
31,1,90,direct,106420
31,1,91,direct,112419
31,1,92,direct,107071
31,1,93,direct,135964
31,1,94,direct,110096
31,1,95,direct,119250
31,1,96,direct,118228
31,1,97,direct,114432
31,1,98,direct,118949
31,1,99,direct,122444
31,1,100,direct,124207
31,1,101,direct,137857
31,1,102,direct,107392
31,1,103,direct,106450
31,1,104,direct,106360
31,1,105,direct,116986
31,1,106,direct,107512
31,1,107,direct,108504
31,1,108,direct,106220
31,1,109,direct,122465
31,1,110,direct,115243
31,1,111,direct,106260
31,1,112,direct,105108
31,1,113,direct,105679
31,1,114,direct,105679
31,1,115,direct,109445
31,1,116,direct,149004
31,1,117,direct,106390
31,1,118,direct,124748
31,1,119,direct,106420
31,1,120,direct,111208
31,1,121,direct,106741
31,1,122,direct,106761
31,1,123,direct,106060
31,1,124,direct,105058
31,1,125,direct,109324
31,1,126,direct,135093
31,1,127,direct,116034
